actor_direct_dq.dtarget0_dinput0,actor_direct_dq.dtarget0_dinput1,actor_direct_dq.dtarget1_dinput0,actor_direct_dq.dtarget1_dinput1,actor_direct_dq.spectral_norm,actor_direct_q.dtarget0_dinput0,actor_direct_q.dtarget0_dinput1,actor_direct_q.dtarget1_dinput0,actor_direct_q.dtarget1_dinput1,actor_direct_q.spectral_norm,all_history_coherent_bias_dq.dtarget0_dinput0,all_history_coherent_bias_dq.dtarget0_dinput1,all_history_coherent_bias_dq.dtarget1_dinput0,all_history_coherent_bias_dq.dtarget1_dinput1,all_history_coherent_bias_dq.spectral_norm,all_history_coherent_bias_q.dtarget0_dinput0,all_history_coherent_bias_q.dtarget0_dinput1,all_history_coherent_bias_q.dtarget1_dinput0,all_history_coherent_bias_q.dtarget1_dinput1,all_history_coherent_bias_q.spectral_norm,baseline.left_hip_target_rad,baseline.right_hip_target_rad,freeze_all_history_hip.left_hip_target_rad,freeze_all_history_hip.right_hip_target_rad,freeze_current_hip_actor_path.left_hip_target_rad,freeze_current_hip_actor_path.right_hip_target_rad,full_current_dq.dtarget0_dinput0,full_current_dq.dtarget0_dinput1,full_current_dq.dtarget1_dinput0,full_current_dq.dtarget1_dinput1,full_current_dq.spectral_norm,full_current_q.dtarget0_dinput0,full_current_q.dtarget0_dinput1,full_current_q.dtarget1_dinput0,full_current_q.dtarget1_dinput1,full_current_q.spectral_norm,header_time_s,history_filled,history_only_coherent_bias_dq.dtarget0_dinput0,history_only_coherent_bias_dq.dtarget0_dinput1,history_only_coherent_bias_dq.dtarget1_dinput0,history_only_coherent_bias_dq.dtarget1_dinput1,history_only_coherent_bias_dq.spectral_norm,history_only_coherent_bias_q.dtarget0_dinput0,history_only_coherent_bias_q.dtarget0_dinput1,history_only_coherent_bias_q.dtarget1_dinput0,history_only_coherent_bias_q.dtarget1_dinput1,history_only_coherent_bias_q.spectral_norm,model,row_index,run
-0.0007405877113342285,0.00018980354070663452,-0.00010244548320770264,-0.00011455267667770386,0.0007679005948340529,-0.6677843332290649,0.7883384227752686,0.9266640543937683,-0.8122482895851135,1.6037794107421264,-0.0007864087820053101,0.00012014061212539673,-0.0002400018274784088,-0.00019427388906478882,0.0008244324814403759,-0.7433090209960938,0.7006860971450806,0.7876818776130676,-0.9317910075187683,1.588806215195991,-0.027238106355071068,0.03304155543446541,0.006081998348236084,-0.00011531077325344086,0.006741379387676716,-0.00010255957022309303,-0.0007426366209983826,0.00020433217287063599,-8.521601557731628e-05,-0.00011194497346878052,0.0007720715004496656,-0.6846989989280701,0.7830839157104492,0.912950336933136,-0.8350694179534912,1.6139970439995046,48.446163203000005,False,-4.2282044887542725e-05,-8.437782526016235e-05,-0.0001541338860988617,-8.475035429000854e-05,0.00019359383152509548,-0.058570872992277145,-0.08236802369356155,-0.1253196895122528,-0.09677744656801224,0.18617474972927003,ROA_0928_final_no_velocity_scale0125,2422,2026-09-28_17-06-19
-0.0006105750799179077,0.0006938353180885315,-0.0003956258296966553,-0.0008184462785720825,0.0010802296402338501,-0.8935145735740662,1.0225567817687988,1.1741406917572021,-1.0774060487747192,2.0905611320248605,-0.0006534159183502197,0.0006180256605148315,-0.0005230307579040527,-0.0008922070264816284,0.0010890898990103424,-0.9688715934753418,0.9327791333198547,1.041345238685608,-1.1885873079299927,2.0732512231563622,-0.04498472809791565,0.046313200145959854,-0.009191514924168587,0.008436650037765503,-0.008569898083806038,0.008467968553304672,-0.0006128102540969849,0.0007076188921928406,-0.00037364661693573,-0.0008150935173034668,0.001090778779138872,-0.9115896821022034,1.0188910961151123,1.1626518964767456,-1.099727988243103,2.1030447096400207,48.466167388,False,-3.8370490074157715e-05,-9.10833477973938e-05,-0.00015087425708770752,-7.897615432739258e-05,0.00018852116334897132,-0.05727819725871086,-0.08607282489538193,-0.12131407111883163,-0.08887051790952682,0.18005850056634246,ROA_0928_final_no_velocity_scale0125,2423,2026-09-28_17-06-19
-0.0003729015588760376,0.000463239848613739,-0.0007811933755874634,-0.0005152076482772827,0.0009385934260710061,-0.8098725080490112,0.9411200284957886,1.0439343452453613,-0.9588598608970642,1.8811778485212567,-0.00042226165533065796,0.00038389116525650024,-0.0009123235940933228,-0.0005967915058135986,0.0011026694101825781,-0.8848942518234253,0.8539482355117798,0.9084566831588745,-1.0752230882644653,1.8667636981130595,-0.04371015727519989,0.04647262021899223,-0.016880933195352554,0.014811012893915176,-0.016259051859378815,0.014814315363764763,-0.0003766268491744995,0.00047478824853897095,-0.0007595866918563843,-0.0005133450031280518,0.0009188336464957805,-0.8272044062614441,0.9368880987167358,1.0307058095932007,-0.9812414050102234,1.8922459680837107,48.486163766000004,False,-4.861503839492798e-05,-9.08970832824707e-05,-0.00015385448932647705,-8.754432201385498e-05,0.0001989191152474347,-0.05770846828818321,-0.08292867988348007,-0.12224539369344711,-0.09402259439229965,0.18255257510786205,ROA_0928_final_no_velocity_scale0125,2424,2026-09-28_17-06-19
-0.00015664845705032349,0.0002294778823852539,-0.0015204772353172302,9.98377799987793e-05,0.0015335541039484181,-0.6312932372093201,0.7553659081459045,0.7093948721885681,-0.6394385695457458,1.3681732527509298,-0.00020936131477355957,0.00015292316675186157,-0.001648440957069397,6.705522537231445e-06,0.0016618866228871705,-0.7014255523681641,0.6753615736961365,0.5768890976905823,-0.757666289806366,1.3579619675375334,-0.03177368640899658,0.037109147757291794,-0.015760499984025955,0.014241313561797142,-0.015058841556310654,0.014150526374578476,-0.0001598149538040161,0.00024195760488510132,-0.0014998018741607666,0.00010449439287185669,0.0015139758061635863,-0.6460938453674316,0.7511823773384094,0.6956346035003662,-0.6593297719955444,1.376741213518997,48.506163503,False,-4.936009645462036e-05,-8.940696716308594e-05,-0.0001519918441772461,-9.927898645401001e-05,0.00020389184298322559,-0.05532428249716759,-0.07580406963825226,-0.11873803287744522,-0.09834951907396317,0.17940085914016604,ROA_0928_final_no_velocity_scale0125,2425,2026-09-28_17-06-19
-0.00029187649488449097,0.0005548819899559021,-0.0013214536011219025,-7.59027898311615e-05,0.001354227430531948,-0.6058467030525208,0.734538733959198,0.7081376314163208,-0.6384411454200745,1.3438062131527755,-0.00036135315895080566,0.00046510249376296997,-0.0014699995517730713,-0.00018868595361709595,0.0015156898379209002,-0.6816433668136597,0.6480318903923035,0.5685882568359375,-0.7618013620376587,1.3324435955787202,-0.02452322468161583,0.0308538731187582,-0.008833760395646095,0.007269717287272215,-0.007999157533049583,0.007132236380130053,-0.0002948567271232605,0.0005679205060005188,-0.0012995675206184387,-6.92903995513916e-05,0.0013341443658051971,-0.6194235682487488,0.7313517332077026,0.697066068649292,-0.6564985513687134,1.352640776507699,48.526162185000004,False,-6.742775440216064e-05,-0.00010114163160324097,-0.0001708976924419403,-0.00012107193470001221,0.00023913532171943947,-0.062230970710515976,-0.08328071981668472,-0.12844707071781158,-0.10530463606119156,0.19479094265770108,ROA_0928_final_no_velocity_scale0125,2426,2026-09-28_17-06-19
-0.0005789101123809814,0.0008305534720420837,-0.0005360692739486694,-0.000557582825422287,0.0010363450619369037,-0.7021743655204773,0.8300132751464844,0.9515899419784546,-0.8623161911964417,1.678996666305384,-0.0006722286343574524,0.0007243826985359192,-0.0006981194019317627,-0.0006864778697490692,0.0009985042757453969,-0.7842164039611816,0.7334127426147461,0.7998570203781128,-0.9922729134559631,1.6625264552569419,-0.028379715979099274,0.03350899741053581,-0.005259443074464798,0.0026005147956311703,-0.004274101462215185,0.002602201886475086,-0.0005852431058883667,0.0008458271622657776,-0.0005142763257026672,-0.0005515292286872864,0.0010529333802871406,-0.7173045873641968,0.8272826075553894,0.9414218068122864,-0.8819801211357117,1.6898532373763546,48.546161571000006,False,-8.735805749893188e-05,-0.00011958181858062744,-0.00018319115042686462,-0.00013764947652816772,0.00027037359573322845,-0.06693601608276367,-0.09384378045797348,-0.14155544340610504,-0.11030025035142899,0.21145299300605944,ROA_0928_final_no_velocity_scale0125,2427,2026-09-28_17-06-19
-0.0010674819350242615,0.001381896436214447,0.00029765069484710693,-0.0012636184692382812,0.002130939212392444,-0.9399447441101074,1.0681077241897583,1.2540779113769531,-1.1562145948410034,2.218313737991638,-0.0011807307600975037,0.0012589618563652039,0.0001296401023864746,-0.0014048069715499878,0.0021139892277390925,-1.0208487510681152,0.9653884172439575,1.1023916006088257,-1.2792832851409912,2.194037910661289,-0.040025316178798676,0.04031410813331604,-0.00783238373696804,0.002378858160227537,-0.006701288279145956,0.0026263445615768433,-0.0010749325156211853,0.0014007091522216797,0.00032223761081695557,-0.0012617558240890503,0.0021533032211120263,-0.9567551016807556,1.0668299198150635,1.2465156316757202,-1.1768600940704346,2.2324805350736647,48.566160796000005,False,-0.00010635703802108765,-0.00014044344425201416,-0.00019222497940063477,-0.00014156103134155273,0.00029389698399975747,-0.06408803164958954,-0.10136886686086655,-0.14406070113182068,-0.10243429988622665,0.21015745436397756,ROA_0928_final_no_velocity_scale0125,2428,2026-09-28_17-06-19
-0.0011807307600975037,0.001432374119758606,0.00041462481021881104,-0.0012598931789398193,0.002246510195201053,-1.013932704925537,1.1411439180374146,1.2877545356750488,-1.190211534500122,2.3221508259193278,-0.0013029202818870544,0.0013006851077079773,0.0002522021532058716,-0.0014115124940872192,0.002233284928587197,-1.0934323072433472,1.0384358167648315,1.1390260457992554,-1.309324026107788,2.2964996663357713,-0.04465298354625702,0.04435259476304054,-0.014130889438092709,0.005927376914769411,-0.01284065842628479,0.0063444520346820354,-0.0011878088116645813,0.001447834074497223,0.00044405460357666016,-0.001259148120880127,0.002269035937839777,-1.03074312210083,1.1398885250091553,1.2805572748184204,-1.2103058099746704,2.336278291181338,48.586160182,False,-0.00011306256055831909,-0.0001469627022743225,-0.0001911073923110962,-0.00014938414096832275,0.0003030745636915254,-0.06275996565818787,-0.10143405944108963,-0.1414567232131958,-0.09905918687582016,0.2061416448806841,ROA_0928_final_no_velocity_scale0125,2429,2026-09-28_17-06-19
-0.0010283663868904114,0.0009279698133468628,-0.0001780688762664795,-0.0005628913640975952,0.0014102557643240667,-0.849433183670044,0.9630750417709351,0.9616016745567322,-0.8733793497085571,1.8238194194720763,-0.0011511147022247314,0.0007985159754753113,-0.0003375113010406494,-0.0007115304470062256,0.001409368097319095,-0.926202118396759,0.8666496276855469,0.8263177871704102,-0.9855813980102539,1.8031086650209653,-0.03833342343568802,0.03805036470293999,-0.017333853989839554,0.007091520819813013,-0.016010085120797157,0.007534232456237078,-0.0010339543223381042,0.0009424984455108643,-0.00015348196029663086,-0.0005595386028289795,0.001427335416992463,-0.8643399477005005,0.9608044624328613,0.9533427357673645,-0.8910595774650574,1.8348745315476889,48.606159535,False,-0.00011641532182693481,-0.00014416873455047607,-0.00018365681171417236,-0.00015497207641601562,0.00030216517801448544,-0.061858441680669785,-0.09413249045610428,-0.1270100474357605,-0.09452550858259201,0.1916724535714463,ROA_0928_final_no_velocity_scale0125,2430,2026-09-28_17-06-19
-0.0008516013622283936,0.0003257766366004944,-0.0006436370313167572,0.00013075768947601318,0.0011202756940008089,-0.7014591097831726,0.8115507364273071,0.7578786015510559,-0.6725890040397644,1.4723954095058693,-0.0009734183549880981,0.00018998980522155762,-0.0008178874850273132,-3.632158041000366e-05,0.0012773405601378266,-0.7825214266777039,0.7135923504829407,0.6156256198883057,-0.7951184511184692,1.4549781661083492,-0.030442815274000168,0.03238726034760475,-0.014993247576057911,0.004815205466002226,-0.0135220130905509,0.005281433928757906,-0.0008540228009223938,0.00033956021070480347,-0.000621844083070755,0.00013541430234909058,0.0011146035086331573,-0.7162224054336548,0.8081327676773071,0.7473835349082947,-0.6902897357940674,1.4817779535320497,48.626159945000005,False,-0.00012032687664031982,-0.00014994293451309204,-0.00019660219550132751,-0.00017257407307624817,0.0003235278179855434,-0.06627477705478668,-0.0945310965180397,-0.13174861669540405,-0.10481755435466766,0.20231613721012087,ROA_0928_final_no_velocity_scale0125,2431,2026-09-28_17-06-19
-0.0007515773177146912,6.277114152908325e-05,-0.000692903995513916,0.00027175992727279663,0.0010484606938590984,-0.6642229557037354,0.7791556119918823,0.7883570790290833,-0.7021222114562988,1.4671734686071138,-0.0008802860975265503,-7.897615432739258e-05,-0.000885501503944397,9.12696123123169e-05,0.0012486389256455177,-0.7504149675369263,0.6755776405334473,0.6342297196388245,-0.8355499505996704,1.4495375351539503,-0.027253901585936546,0.02991633303463459,-0.010712716728448868,0.00131685147061944,-0.00915096327662468,0.0018897992558777332,-0.0007526949048042297,7.711350917816162e-05,-0.000673346221446991,0.0002739951014518738,0.001038698236493407,-0.6801317930221558,0.7749404311180115,0.7761977314949036,-0.7217311859130859,1.476779712183514,48.646159458,True,-0.0001251697540283203,-0.0001559033989906311,-0.00021141022443771362,-0.00018598511815071106,0.00034419057249780683,-0.07029063999652863,-0.09932927042245865,-0.14194659888744354,-0.11381133645772934,0.2170699128280682,ROA_0928_final_no_velocity_scale0125,2432,2026-09-28_17-06-19
-0.000893324613571167,0.00020712614059448242,-0.0005159527063369751,-1.993030309677124e-05,0.0010456185586281365,-0.7609296441078186,0.8834693431854248,0.9494535326957703,-0.8584251403808594,1.728106280903671,-0.001021847128868103,5.885958671569824e-05,-0.000715348869562149,-0.0002055428922176361,0.0012493511741093486,-0.8488166928291321,0.7763858437538147,0.7874090075492859,-0.9953574538230896,1.7074264934957235,-0.030942440032958984,0.03303827345371246,-0.008950170129537582,0.0009979386813938618,-0.007298538461327553,0.0016822963953018188,-0.0008983537554740906,0.00022351741790771484,-0.0004926696419715881,-1.6298145055770874e-05,0.0010419457941574467,-0.7776505947113037,0.8795875906944275,0.9374701976776123,-0.8793593645095825,1.7389613673874602,48.666164924,True,-0.00012777745723724365,-0.0001646578311920166,-0.00022007152438163757,-0.0001885928213596344,0.0003553464667255038,-0.07118284702301025,-0.10317377001047134,-0.15002208948135376,-0.11600460112094879,0.22504670598119697,ROA_0928_final_no_velocity_scale0125,2433,2026-09-28_17-06-19
-0.0010229647159576416,0.000509992241859436,-9.834766387939453e-05,-0.0004377216100692749,0.0011489085369253598,-0.8735656142234802,1.001913070678711,1.0582059621810913,-0.9694769382476807,1.9531262499151638,-0.0011509284377098083,0.0003643333911895752,-0.0002905726432800293,-0.0006087124347686768,0.0012123858732582874,-0.9594484567642212,0.8943043351173401,0.8991732597351074,-1.1007636785507202,1.92962713137457,-0.035748958587646484,0.03583529219031334,-0.012823906727135181,0.0023379791527986526,-0.011143251322209835,0.003051061648875475,-0.001029670238494873,0.0005260109901428223,-7.227063179016113e-05,-0.0004343688488006592,0.0011650369967551508,-0.8906106948852539,0.9985994100570679,1.0474063158035278,-0.9905509352684021,1.9651199055142932,48.686158965000004,True,-0.00012293457984924316,-0.00016205012798309326,-0.00021755695343017578,-0.00017471611499786377,0.0003429522624397136,-0.06884336471557617,-0.10427086800336838,-0.14822185039520264,-0.11024623364210129,0.22013429088342715,ROA_0928_final_no_velocity_scale0125,2434,2026-09-28_17-06-19
-0.0012697651982307434,0.0008625909686088562,0.00028014183044433594,-0.0007715076208114624,0.0016846894645896461,-0.9751282334327698,1.0986346006393433,1.1494457721710205,-1.057181477546692,2.1412610547750943,-0.0013940036296844482,0.0007232651114463806,8.866190910339355e-05,-0.000934302806854248,0.001673136930261446,-1.0548847913742065,0.9946804046630859,0.9933300018310547,-1.1834427118301392,2.115245341919441,-0.037888407707214355,0.03875662758946419,-0.01604619063436985,0.004185425583273172,-0.014422547072172165,0.004840060602873564,-0.0012751668691635132,0.0008806586265563965,0.0003073364496231079,-0.0007696449756622314,0.001707372032519096,-0.9917858242988586,1.09641432762146,1.1397898197174072,-1.0781958103179932,2.154154532935101,48.706158415000004,True,-0.00011548399925231934,-0.0001564621925354004,-0.0002171844244003296,-0.00016577541828155518,0.00033237774709350904,-0.06318092346191406,-0.10172649472951889,-0.1464560627937317,-0.1053251251578331,0.21303854581235665,ROA_0928_final_no_velocity_scale0125,2435,2026-09-28_17-06-19
-0.0013621523976325989,0.0007288530468940735,0.00027120113372802734,-0.0005416572093963623,0.0016258064907392574,-0.9406208395957947,1.0550878047943115,1.0937563180923462,-0.9925476908683777,2.0415133331273037,-0.001487135887145996,0.000591576099395752,7.860362529754639e-05,-0.0007055699825286865,0.0016407332650711633,-1.0211206674575806,0.9519475698471069,0.9388588070869446,-1.1193565130233765,2.0169368755592663,-0.03619064390659332,0.03777249529957771,-0.016643105074763298,0.004580782260745764,-0.015124045312404633,0.005134101491421461,-0.001368112862110138,0.00074729323387146,0.00029765069484710693,-0.0005409121513366699,0.0016469967214713366,-0.9567066431045532,1.0526608228683472,1.0839327573776245,-1.0129213333129883,2.0536045913990115,48.726162120000005,True,-0.0001169741153717041,-0.00015310943126678467,-0.0002168118953704834,-0.0001646578311920166,0.00033086423189849866,-0.06442330777645111,-0.10068713873624802,-0.14505907893180847,-0.10646133869886398,0.21293368054339298,ROA_0928_final_no_velocity_scale0125,2436,2026-09-28_17-06-19
-0.0014172866940498352,0.0008163973689079285,0.00036284327507019043,-0.0005837529897689819,0.001747941967439604,-0.9519233703613281,1.0606757402420044,1.102745532989502,-0.9984485507011414,2.0573735399998956,-0.0015458092093467712,0.0006785616278648376,0.0001691281795501709,-0.0007413327693939209,0.0017559239092417498,-1.0310988426208496,0.9584836363792419,0.9500495791435242,-1.122616171836853,2.0322288439573,-0.03589034825563431,0.03648700565099716,-0.016935084015130997,0.0036004437133669853,-0.015479857102036476,0.004087410401552916,-0.0014258548617362976,0.0008322298526763916,0.00038929283618927,-0.000581890344619751,0.0017703719697235289,-0.9679514169692993,1.0583269596099854,1.0931528806686401,-1.0188519954681396,2.0695952417099406,48.746159298,True,-0.00012014061212539673,-0.00015422701835632324,-0.00021755695343017578,-0.00015906989574432373,0.00033005958188838454,-0.06316974759101868,-0.09981728345155716,-0.14307349920272827,-0.10375677794218063,0.2093492570773047,ROA_0928_final_no_velocity_scale0125,2437,2026-09-28_17-06-19
-0.00132732093334198,0.0006237998604774475,0.00021159648895263672,-0.00047013163566589355,0.0015205247631806538,-0.929223358631134,1.0348204374313354,1.0808892250061035,-0.9767859578132629,2.0114050988916685,-0.0014601275324821472,0.00047925859689712524,1.4156103134155273e-05,-0.000630691647529602,0.00155351380952337,-1.0126028060913086,0.9295399785041809,0.9247958064079285,-1.1048669815063477,1.9870524062779966,-0.035394564270973206,0.035279031842947006,-0.016805976629257202,0.0034839799627661705,-0.01531828474253416,0.003968788776546717,-0.001333095133304596,0.0006392598152160645,0.0002343207597732544,-0.00046528875827789307,0.001537381622370316,-0.945769190788269,1.0316520929336548,1.0704174041748047,-0.9975507259368896,2.023206853143194,48.766160443000004,True,-0.00012721866369247437,-0.00015944242477416992,-0.00021979212760925293,-0.0001650303602218628,0.00033976500765823983,-0.06684660911560059,-0.10205618292093277,-0.14558807015419006,-0.10737030953168869,0.21525560256333642,ROA_0928_final_no_velocity_scale0125,2438,2026-09-28_17-06-19
-0.0012626871466636658,0.0006303191184997559,0.00017136335372924805,-0.000459328293800354,0.0014585317420982595,-0.9305476546287537,1.0333023071289062,1.0651088953018188,-0.9625293016433716,1.9959995198436364,-0.0013962388038635254,0.0004898756742477417,-2.086162567138672e-05,-0.0006221234798431396,0.0014935460518605988,-1.0147205591201782,0.9277965426445007,0.9102597236633301,-1.0895541906356812,1.9719634135795792,-0.036412209272384644,0.03440505638718605,-0.018379854038357735,0.003337820526212454,-0.016787059605121613,0.003853897098451853,-0.0012679025530815125,0.0006485730409622192,0.0001952052116394043,-0.00045821070671081543,0.0014770438944754645,-0.9474176168441772,1.0295454263687134,1.0542235374450684,-0.9833275675773621,2.0074906267599903,48.786161941,True,-0.00012926757335662842,-0.0001598149538040161,-0.00021904706954956055,-0.00016354024410247803,0.0003395739195838736,-0.06732344627380371,-0.10170414298772812,-0.1439303159713745,-0.10624154657125473,0.21366306356393727,ROA_0928_final_no_velocity_scale0125,2439,2026-09-28_17-06-19
-0.0012636184692382812,0.0006893649697303772,0.0001866370439529419,-0.00046193599700927734,0.0014923808435550266,-0.9550787210464478,1.0543558597564697,1.0896921157836914,-0.9856782555580139,2.0426724810604653,-0.0013928860425949097,0.000550784170627594,-1.1548399925231934e-05,-0.0006288290023803711,0.0015168209491218715,-1.0374970436096191,0.950762927532196,0.932075023651123,-1.1147446632385254,2.018372375765271,-0.03677351027727127,0.03406927362084389,-0.01896495930850506,0.0032155937515199184,-0.017268739640712738,0.003767212387174368,-0.001268833875656128,0.0007037073373794556,0.00021047890186309814,-0.0004589557647705078,0.001509069093121692,-0.9716562628746033,1.050647258758545,1.0784119367599487,-1.0068676471710205,2.0540345292639404,48.806161838,True,-0.0001253560185432434,-0.00015348196029663086,-0.0002205371856689453,-0.00016763806343078613,0.00033848542840178667,-0.06587058305740356,-0.09986012428998947,-0.14631077647209167,-0.10789930075407028,0.21480203611257392,ROA_0928_final_no_velocity_scale0125,2440,2026-09-28_17-06-19
-0.0013070181012153625,0.0010164454579353333,0.0003945082426071167,-0.0007316470146179199,0.0018275908108892735,-1.0399799346923828,1.138877034187317,1.1849850416183472,-1.0781735181808472,2.2214155756629888,-0.0014353543519973755,0.0008821487426757812,0.00019669532775878906,-0.0008996576070785522,0.001819032531980873,-1.1203140020370483,1.036036729812622,1.0265520811080933,-1.2062302827835083,2.195470528362258,-0.039027996361255646,0.03530086204409599,-0.020099762827157974,0.002922967541962862,-0.018352333456277847,0.003483110573142767,-0.00131167471408844,0.0010330229997634888,0.00041872262954711914,-0.0007294118404388428,0.0018478423793631801,-1.0565500259399414,1.135701298713684,1.1741816997528076,-1.0994895696640015,2.2333325190675883,48.826156392,True,-0.00011976808309555054,-0.00014826655387878418,-0.00022314488887786865,-0.00017061829566955566,0.00033738062641034826,-0.06377510726451874,-0.09960680454969406,-0.14761090278625488,-0.10677798837423325,0.21405497705234058,ROA_0928_final_no_velocity_scale0125,2441,2026-09-28_17-06-19
-0.0014023855328559875,0.001399405300617218,0.000642240047454834,-0.0010512769222259521,0.002319723770998387,-1.1378600597381592,1.2350938320159912,1.3054944276809692,-1.1926367282867432,2.4363692955705667,-0.0015228986740112305,0.0012701377272605896,0.00044070184230804443,-0.0012245029211044312,0.0023032706993094845,-1.2146252393722534,1.1346395015716553,1.1442824602127075,-1.3214870691299438,2.4087783385674406,-0.04106214642524719,0.0377054326236248,-0.021129708737134933,0.003485562279820442,-0.019394991919398308,0.004000538494437933,-0.0014074146747589111,0.0014143064618110657,0.0006664544343948364,-0.0010497868061065674,0.0023398784464864195,-1.1541060209274292,1.232633352279663,1.294981598854065,-1.2143291234970093,2.4487939696938303,48.846156033,True,-0.00011473894119262695,-0.0001471489667892456,-0.0002250075340270996,-0.000173225998878479,0.00033751455716891774,-0.060537826269865036,-0.09798257797956467,-0.15068426728248596,-0.10718031972646713,0.21440341463746154,ROA_0928_final_no_velocity_scale0125,2442,2026-09-28_17-06-19
-0.0014996156096458435,0.0014312565326690674,0.0008676201105117798,-0.0010482966899871826,0.002476134868247725,-1.1571905612945557,1.249551773071289,1.3339593410491943,-1.2147724628448486,2.4788085635154253,-0.0016199424862861633,0.0013051554560661316,0.0006642192602157593,-0.0012233853340148926,0.0024617878352729073,-1.2335572242736816,1.149810791015625,1.1707059144973755,-1.3455077409744263,2.4511826013430946,-0.04260910302400589,0.03836491331458092,-0.02220206893980503,0.004074506927281618,-0.020434560254216194,0.004622418899089098,-0.0015096738934516907,0.001447834074497223,0.0008940696716308594,-0.001044943928718567,0.002500758938090253,-1.1730492115020752,1.2470054626464844,1.3232676982879639,-1.2363083362579346,2.4908078480094287,48.866154939000005,True,-0.00011119991540908813,-0.00014211982488632202,-0.0002298504114151001,-0.00017695128917694092,0.0003394736624491773,-0.06050988659262657,-0.09713693708181381,-0.15251338481903076,-0.10924040526151657,0.21645817531918368,ROA_0928_final_no_velocity_scale0125,2443,2026-09-28_17-06-19
-0.0014971941709518433,0.0014351680874824524,0.0009462237358093262,-0.0010170042514801025,0.0024953116645603595,-1.1487528085708618,1.2401565313339233,1.3335793018341064,-1.211512804031372,2.46830735400745,-0.0016221776604652405,0.001311860978603363,0.0007353723049163818,-0.0011991709470748901,0.0024850608538947478,-1.2278462648391724,1.1385008096694946,1.1672190427780151,-1.3457833528518677,2.4412619759680196,-0.04337756335735321,0.039000846445560455,-0.022553864866495132,0.004422052297741175,-0.020747926086187363,0.005017492454499006,-0.0015061348676681519,0.0014508143067359924,0.0009719282388687134,-0.0010143965482711792,0.00251888163560741,-1.1647417545318604,1.2370924949645996,1.3222991228103638,-1.2330635786056519,2.479811070488346,48.886155029,True,-0.000116787850856781,-0.00014062970876693726,-0.00023581087589263916,-0.00018812716007232666,0.0003512830849510714,-0.0630505383014679,-0.09852833300828934,-0.15505775809288025,-0.11274217814207077,0.22153356062955354,ROA_0928_final_no_velocity_scale0125,2444,2026-09-28_17-06-19
-0.0014379620552062988,0.002051703631877899,0.0011119991540908813,-0.0015884637832641602,0.003168119516503681,-1.2332013845443726,1.3342536687850952,1.4405473470687866,-1.3227312564849854,2.667193450824594,-0.0015620142221450806,0.0019263476133346558,0.0009048730134963989,-0.001771003007888794,0.0031624773914354443,-1.31179940700531,1.2316051721572876,1.2729241847991943,-1.4559365510940552,2.638358940038155,-0.045722879469394684,0.041084203869104385,-0.023057976737618446,0.004214113112539053,-0.021226830780506134,0.00478707579895854,-0.001448020339012146,0.00206921249628067,0.0011391937732696533,-0.0015888363122940063,0.003193783467933665,-1.249588966369629,1.3316608667373657,1.4296956062316895,-1.344852089881897,2.6796458991072396,48.906155667,True,-0.00011362135410308838,-0.00014379620552062988,-0.00023283064365386963,-0.00018328428268432617,0.00034649158295189415,-0.062173228710889816,-0.09995698183774948,-0.1568049192428589,-0.11120735853910446,0.22193219790631938,ROA_0928_final_no_velocity_scale0125,2445,2026-09-28_17-06-19
-0.0011904165148735046,0.0015597790479660034,0.0007819384336471558,-0.0010263174772262573,0.002348351898727043,-1.0847411155700684,1.1883786916732788,1.276299238204956,-1.1629722118377686,2.357675690273243,-0.0013170763850212097,0.0014299526810646057,0.0005681067705154419,-0.0012155622243881226,0.0023379502144709706,-1.1687278747558594,1.0837558507919312,1.1075398921966553,-1.3007818460464478,2.3324476849114855,-0.04365008324384689,0.039912618696689606,-0.022669030353426933,0.005193630699068308,-0.020835094153881073,0.005783972796052694,-0.0011973083019256592,0.0015754252672195435,0.0008091330528259277,-0.0010229647159576416,0.002369856800254264,-1.100914478302002,1.1845099925994873,1.2641212940216064,-1.184612512588501,2.3684872232266474,48.926156061,True,-0.00011753290891647339,-0.00014435499906539917,-0.00023730099201202393,-0.0001911073923110962,0.0003555074194838376,-0.06781332194805145,-0.10071507841348648,-0.15652552247047424,-0.11617689579725266,0.2270080466388421,ROA_0928_final_no_velocity_scale0125,2446,2026-09-28_17-06-19
-0.0008981674909591675,0.0015478581190109253,0.0005125999450683594,-0.000992417335510254,0.002109043534899429,-1.01189124584198,1.122210144996643,1.194000244140625,-1.088753342628479,2.2096781519083595,-0.00102948397397995,0.0014165416359901428,0.00030063092708587646,-0.0011861324310302734,0.00210253572133497,-1.0993144512176514,1.0156053304672241,1.025982141494751,-1.227196216583252,2.1860612573174736,-0.0426524356007576,0.038975734263658524,-0.02233763225376606,0.005131388548761606,-0.02048841118812561,0.005734147038310766,-0.0009058043360710144,0.001562759280204773,0.0005375593900680542,-0.0009879469871520996,0.0021276850788422143,-1.0280590057373047,1.1177994012832642,1.181501865386963,-1.1098346710205078,2.2197987665115666,48.946155655000005,True,-0.0001216307282447815,-0.00014659017324447632,-0.00023730099201202393,-0.00019818544387817383,0.0003619408183415393,-0.07128342986106873,-0.10217539221048355,-0.15549734234809875,-0.11738388985395432,0.2289109012645755,ROA_0928_final_no_velocity_scale0125,2447,2026-09-28_17-06-19
-0.0007117167115211487,0.0014260411262512207,0.00034533441066741943,-0.0008955597877502441,0.0018588541543132023,-0.9324475526809692,1.0448898077011108,1.116357684135437,-1.0151675939559937,2.0558779497868653,-0.0008463859558105469,0.001290254294872284,0.00012703239917755127,-0.0010911375284194946,0.001849075018492571,-1.024395227432251,0.935211718082428,0.9498484134674072,-1.153409481048584,2.033661880069204,-0.04196404665708542,0.0374956913292408,-0.021809348836541176,0.005038388539105654,-0.01991882175207138,0.005708203185349703,-0.0007174909114837646,0.0014387071132659912,0.0003680586814880371,-0.0008907169103622437,0.001873525008004893,-0.9488034248352051,1.0397508144378662,1.103646993637085,-1.0356417894363403,2.0653149076743604,48.966158513,True,-0.00012759119272232056,-0.0001512467861175537,-0.0002380460500717163,-0.0002037733793258667,0.0003696106430764257,-0.07560476660728455,-0.1044887974858284,-0.15375763177871704,-0.1178160235285759,0.23063531062513767,ROA_0928_final_no_velocity_scale0125,2448,2026-09-28_17-06-19
-0.00042710453271865845,0.001124851405620575,8.083879947662354e-05,-0.0006217509508132935,0.0013505930832619583,-0.8250362873077393,0.9406264424324036,1.0071470737457275,-0.909186840057373,1.8425444552025534,-0.0005675479769706726,0.0009840354323387146,-0.00013187527656555176,-0.0008244067430496216,0.0013370344174504737,-0.9226407408714294,0.8275750875473022,0.841196596622467,-1.0489970445632935,1.822616709224322,-0.04056539386510849,0.03629729896783829,-0.0207016970962286,0.0050869411788880825,-0.018792666494846344,0.005799452308565378,-0.0004334375262260437,0.0011397525668144226,0.00010356307029724121,-0.0006124377250671387,0.001364196457774994,-0.841503918170929,0.9345654249191284,0.9938179850578308,-0.929042637348175,1.8509535169390416,48.986156475,True,-0.00013355165719985962,-0.00015255063772201538,-0.0002380460500717163,-0.00020600855350494385,0.00037370915162720033,-0.08112750202417374,-0.10700150579214096,-0.15264376997947693,-0.1200064942240715,0.2343938281754631,ROA_0928_final_no_velocity_scale0125,2449,2026-09-28_17-06-19
-0.0002382323145866394,0.0009933486580848694,-0.0001516193151473999,-0.0004984438419342041,0.0011212591367649187,-0.7408894300460815,0.8577107787132263,0.9086429476737976,-0.8164271116256714,1.6630586766383297,-0.00037550926208496094,0.0008532777428627014,-0.00036582350730895996,-0.0006958842277526855,0.0011031497922181581,-0.8394028544425964,0.7452442646026611,0.746812641620636,-0.9538605213165283,1.644852314027308,-0.03864971548318863,0.03409668058156967,-0.020139725878834724,0.004717982839792967,-0.018214356154203415,0.005483438726514578,-0.00024382025003433228,0.001006200909614563,-0.0001341104507446289,-0.0004909932613372803,0.0011315018503518601,-0.7569044232368469,0.8514243960380554,0.8954330682754517,-0.8354521989822388,1.6707935900898299,49.006156773,True,-0.0001301988959312439,-0.00015478581190109253,-0.00023245811462402344,-0.00020936131477355957,0.00037179149533798667,-0.0825393870472908,-0.10617821663618088,-0.1486465334892273,-0.1184903010725975,0.2314073878904798,ROA_0928_final_no_velocity_scale0125,2450,2026-09-28_17-06-19
-1.7695128917694092e-05,0.0006580725312232971,-0.00043138861656188965,-0.00021494925022125244,0.0007072573476655757,-0.6537520885467529,0.7710298299789429,0.8146762251853943,-0.7234513163566589,1.4825659866670138,-0.00014994293451309204,0.0005230307579040527,-0.0006370246410369873,-0.0004127621650695801,0.0007879018279349897,-0.7495107054710388,0.662936806678772,0.657413125038147,-0.8583031296730042,1.4663238698399643,-0.03635024279356003,0.031785473227500916,-0.018150314688682556,0.004029474686831236,-0.01627238467335701,0.004762823227792978,-2.253800630569458e-05,0.000669434666633606,-0.0004127621650695801,-0.0002078711986541748,0.0007115214826919677,-0.6688786149024963,0.7649520039558411,0.8016116619110107,-0.7414072155952454,1.4895019762271449,49.026156527000005,True,-0.00012796372175216675,-0.0001473352313041687,-0.00022649765014648438,-0.00020638108253479004,0.0003627788004034009,-0.08064880222082138,-0.10200589150190353,-0.14421343803405762,-0.11693685501813889,0.22546126586795107,ROA_0928_final_no_velocity_scale0125,2451,2026-09-28_17-06-19
0.00011082738637924194,0.00040978193283081055,-0.0007268041372299194,-7.264316082000732e-05,0.000751756025685135,-0.5942732095718384,0.7121376395225525,0.7401443719863892,-0.6534252166748047,1.3507494353016432,-1.7695128917694092e-05,0.00027548521757125854,-0.000926479697227478,-0.00027082860469818115,0.0009672931179230452,-0.6883721351623535,0.606453001499176,0.5859304070472717,-0.7864497303962708,1.3356874324253756,-0.03392980992794037,0.029083238914608955,-0.016236746683716774,0.002919592894613743,-0.01441853865981102,0.003630644641816616,0.00010672956705093384,0.0004205852746963501,-0.0007074326276779175,-6.668269634246826e-05,0.0007319599320963955,-0.609001100063324,0.7061343193054199,0.7270928025245667,-0.6707608103752136,1.3572453378803517,49.046163161,True,-0.00012479722499847412,-0.00014808028936386108,-0.00022035092115402222,-0.00020433217287063599,0.00035694443789512185,-0.0793803408741951,-0.09967013448476791,-0.14121271669864655,-0.11573172360658646,0.22154794160670271,ROA_0928_final_no_velocity_scale0125,2452,2026-09-28_17-06-19
0.00023096799850463867,0.0003123655915260315,-0.000895373523235321,-2.6263296604156494e-05,0.0009310988149149056,-0.5678907036781311,0.6900969743728638,0.7112705707550049,-0.6274375915527344,1.299073959188052,0.00010468065738677979,0.00017080456018447876,-0.0010974705219268799,-0.00021867454051971436,0.0011274250470138568,-0.6605311632156372,0.5869632363319397,0.5589490532875061,-0.7588956356048584,1.2849147682581694,-0.03177645057439804,0.027509426698088646,-0.014001861214637756,0.0019231014885008335,-0.012197175063192844,0.0026015453040599823,0.00022873282432556152,0.00032354146242141724,-0.000875815749168396,-1.5087425708770752e-05,0.0009109692676199144,-0.5821706652641296,0.6843823790550232,0.6985794305801392,-0.6444705128669739,1.3055438387654532,49.066158628000004,True,-0.00012256205081939697,-0.0001519918441772461,-0.00021904706954956055,-0.00020042061805725098,0.0003544948990783977,-0.07836893200874329,-0.09756534546613693,-0.13966485857963562,-0.11452100425958633,0.21869989122662986,ROA_0928_final_no_velocity_scale0125,2453,2026-09-28_17-06-19
0.00032139942049980164,0.00029960647225379944,-0.0010633841156959534,-5.941838026046753e-05,0.0011206954574906054,-0.5600638389587402,0.6860038042068481,0.69124436378479,-0.6113703846931458,1.2748247211429615,0.0002018176019191742,0.00016223639249801636,-0.0012592412531375885,-0.00024391338229179382,0.0013031010375820406,-0.6493916511535645,0.5864314436912537,0.5402601957321167,-0.7415748834609985,1.261094537762833,-0.030030766502022743,0.026004284620285034,-0.012297011911869049,0.0007034260779619217,-0.01048736460506916,0.001348226796835661,0.0003189779818058014,0.00031134113669395447,-0.0010448507964611053,-4.842877388000488e-05,0.0011016476601637085,-0.5738688111305237,0.6807306408882141,0.6788167953491211,-0.6283847093582153,1.2814475228053661,49.086158158,True,-0.00011585652828216553,-0.00014891847968101501,-0.00021578744053840637,-0.00019604340195655823,0.0003462023077029697,-0.07553305476903915,-0.09427591413259506,-0.13856031000614166,-0.1132069081068039,0.2148650254510017,ROA_0928_final_no_velocity_scale0125,2454,2026-09-28_17-06-19
0.00029532238841056824,0.00026514753699302673,-0.001065526157617569,-9.359791874885559e-05,0.0011178725313910633,-0.5598524212837219,0.6831874847412109,0.6986576914787292,-0.6210300922393799,1.2820912996057638,0.0001803971827030182,0.00012973323464393616,-0.0012553296983242035,-0.00027138739824295044,0.0013004639888314986,-0.6455536484718323,0.5863215327262878,0.5534477233886719,-0.7457528114318848,1.2679299502330204,-0.029357222840189934,0.02491198666393757,-0.010932764038443565,-0.00048129609785974026,-0.009168151766061783,0.00010393746197223663,0.00029420480132102966,0.00027725473046302795,-0.0010456889867782593,-8.605420589447021e-05,0.001098295754476014,-0.5733696222305298,0.6784163117408752,0.6870356798171997,-0.6376485824584961,1.2890065029116728,49.106157912,True,-0.00011641532182693481,-0.00014882534742355347,-0.0002107582986354828,-0.00018281862139701843,0.00033561971128581887,-0.07218029350042343,-0.09207147359848022,-0.13361498713493347,-0.10811443626880646,0.20677418096127262,ROA_0928_final_no_velocity_scale0125,2455,2026-09-28_17-06-19
2.1979212760925293e-05,6.919726729393005e-05,-0.0009115785360336304,-9.872019290924072e-06,0.0009119168727063066,-0.5536311864852905,0.6551471948623657,0.7130577564239502,-0.6328727602958679,1.279207036570387,-9.443610906600952e-05,-6.454065442085266e-05,-0.0010882504284381866,-0.00017294660210609436,0.001106757007456963,-0.6369538307189941,0.559216320514679,0.576273500919342,-0.7492396831512451,1.2636633040975689,-0.028902195394039154,0.02393774315714836,-0.009683238342404366,-0.0010477094911038876,-0.007987827062606812,-0.0004945422988384962,2.1141022443771362e-05,8.00006091594696e-05,-0.0008912757039070129,-2.514570951461792e-06,0.0008915374009080141,-0.5671176910400391,0.650518536567688,0.7024164795875549,-0.6487909555435181,1.2862068432015805,49.126157378,True,-0.00011455267667770386,-0.00014593824744224548,-0.00019902363419532776,-0.00017173588275909424,0.00032041898734146433,-0.06983708590269089,-0.091323621571064,-0.12617558240890503,-0.10046641528606415,0.1967391948391896,ROA_0928_final_no_velocity_scale0125,2456,2026-09-28_17-06-19
-1.7136335372924805e-05,-0.00010710209608078003,-0.0010718591511249542,8.586794137954712e-05,0.001075327312449007,-0.540614128112793,0.6284359693527222,0.6997445225715637,-0.6233704686164856,1.248461503645513,-0.00013159587979316711,-0.0002405606210231781,-0.0012373551726341248,-6.873160600662231e-05,0.001247988775081015,-0.6221336722373962,0.53415447473526,0.5696536898612976,-0.7342686653137207,1.2331780950428008,-0.02767118625342846,0.022955650463700294,-0.00902220793068409,-0.0009498375002294779,-0.0073417485691607,-0.0004156001377850771,-1.778826117515564e-05,-9.741634130477905e-05,-0.0010528601706027985,9.462237358093262e-05,0.0010571421803542477,-0.5539124608039856,0.6238473057746887,0.6895344257354736,-0.6386292576789856,1.255230277648966,49.146155532,True,-0.00011650845408439636,-0.00014398247003555298,-0.00018347054719924927,-0.0001598149538040161,0.00030471748834949434,-0.0681774690747261,-0.08963979035615921,-0.11989007890224457,-0.09566265344619751,0.18896709622659377,ROA_0928_final_no_velocity_scale0125,2457,2026-09-28_17-06-19
-0.00010356307029724121,-0.00027706846594810486,-0.0011486001312732697,0.00020712614059448242,0.0011683963393393235,-0.5329213738441467,0.6095170974731445,0.6886757612228394,-0.6147399544715881,1.2255783201158308,-0.00022221356630325317,-0.0004110857844352722,-0.0013092532753944397,5.951151251792908e-05,0.001328019736494096,-0.614319920539856,0.5153603553771973,0.5623353123664856,-0.7223858833312988,1.2103156142007128,-0.02672184817492962,0.021754976361989975,-0.007983626797795296,-0.0008782029617577791,-0.006297974847257137,-0.00031468458473682404,-0.00010542571544647217,-0.00026691704988479614,-0.0011282041668891907,0.00021439045667648315,0.0011497307886990703,-0.5463957786560059,0.6048269271850586,0.6788102388381958,-0.629831075668335,1.2324486044104053,49.166156502,True,-0.00011762604117393494,-0.00014314427971839905,-0.0001803971827030182,-0.0001580454409122467,0.0003021168140563555,-0.06790366023778915,-0.0894647017121315,-0.11644977331161499,-0.09254365414381027,0.18504210713866417,ROA_0928_final_no_velocity_scale0125,2458,2026-09-28_17-06-19
2.812594175338745e-05,-0.0003569759428501129,-0.0013120472431182861,0.0002796761691570282,0.0013456594597499993,-0.5235857963562012,0.5997670292854309,0.6753969788551331,-0.6042001247406006,1.204014303531156,-8.437782526016235e-05,-0.00048801302909851074,-0.0014711171388626099,0.00013615936040878296,0.0014779853897352526,-0.603360116481781,0.5075801014900208,0.5508782267570496,-0.7106307744979858,1.1892921220230073,-0.026227200403809547,0.02123883180320263,-0.00783570110797882,-0.0007202485576272011,-0.006108684465289116,-0.000123501755297184,2.8032809495925903e-05,-0.0003457069396972656,-0.0012939795851707458,0.0002866610884666443,0.0013295421126987728,-0.5370117425918579,0.5951346755027771,0.665524959564209,-0.619547426700592,1.2110288953849797,49.186157856,True,-0.00011492520570755005,-0.00014258548617362976,-0.00017844140529632568,-0.00015022233128547668,0.00029526124300663934,-0.06632134318351746,-0.08753220736980438,-0.11461693048477173,-0.09107775241136551,0.18168591375371926,ROA_0928_final_no_velocity_scale0125,2459,2026-09-28_17-06-19
0.00013047829270362854,-0.0003891065716743469,-0.0014982186257839203,0.00029709190130233765,0.0015416696239558805,-0.5257604122161865,0.6048232316970825,0.6736078858375549,-0.6071813106536865,1.208024570490781,1.94646418094635e-05,-0.0005173496901988983,-0.0016595236957073212,0.00015366822481155396,0.0016681138263746405,-0.604875385761261,0.5136290192604065,0.5471417307853699,-0.7157111167907715,1.1937785437298598,-0.027310019358992577,0.02164243534207344,-0.008884750306606293,-0.0006036150734871626,-0.007068396080285311,4.48618084192276e-05,0.00013085082173347473,-0.0003777444362640381,-0.0014816410839557648,0.00030295923352241516,0.0015267055079013492,-0.5391528606414795,0.6000921130180359,0.6634294390678406,-0.6230109930038452,1.2150948833475104,49.206155818000006,True,-0.00011092051863670349,-0.0001385807991027832,-0.00017890706658363342,-0.00014891847968101501,0.00029135163942719383,-0.06572902202606201,-0.08642672747373581,-0.11629610508680344,-0.0927075669169426,0.1828688492592023,ROA_0928_final_no_velocity_scale0125,2460,2026-09-28_17-06-19
0.00018551945686340332,-0.00043446198105812073,-0.0015523284673690796,0.00026170164346694946,0.001596128607557068,-0.5268808007240295,0.610457718372345,0.6729773879051208,-0.6108367443084717,1.2128061003424913,7.068738341331482e-05,-0.0005618669092655182,-0.0017154030501842499,0.00011790543794631958,0.0017233052612704517,-0.6064772605895996,0.5189124345779419,0.5448068976402283,-0.7214648127555847,1.1990554235909372,-0.028509270399808884,0.02134200930595398,-0.010196845978498459,-0.0009324338752776384,-0.008302908390760422,-0.0002184577751904726,0.00018598511815071106,-0.00042477622628211975,-0.0015340745449066162,0.00026831403374671936,0.0015796502337031989,-0.5405060648918152,0.6055105328559875,0.6624376177787781,-0.6272094249725342,1.2200057024999416,49.22615522,True,-0.00011557713150978088,-0.00013923272490501404,-0.00017890706658363342,-0.0001473352313041687,0.0002928049924178193,-0.06597023457288742,-0.08658039569854736,-0.11762230843305588,-0.09423493593931198,0.18466720357176863,ROA_0928_final_no_velocity_scale0125,2461,2026-09-28_17-06-19
0.00019390136003494263,-0.00042831525206565857,-0.0014494173228740692,0.00025136396288871765,0.0014962866490050156,-0.5264654755592346,0.6085298657417297,0.68260258436203,-0.6191441416740417,1.2212281345592642,7.618218660354614e-05,-0.0005550682544708252,-0.0016061589121818542,0.0001126900315284729,0.001614730358969918,-0.6057451963424683,0.5164211392402649,0.5550682544708252,-0.7286555767059326,1.2067380888929429,-0.02905413880944252,0.021748917177319527,-0.010984046384692192,-0.0007149307057261467,-0.00907064601778984,3.235228359699249e-05,0.000194646418094635,-0.0004161149263381958,-0.0014320947229862213,0.0002562999725341797,0.0014803992906717634,-0.5401968955993652,0.603574275970459,0.6722062230110168,-0.6355810761451721,1.228560294919978,49.246156126,True,-0.00011837109923362732,-0.0001389533281326294,-0.00017406418919563293,-0.0001451931893825531,0.0002900286259941497,-0.06554089486598969,-0.08718203008174896,-0.11714453995227814,-0.09308568388223648,0.18380318967576645,ROA_0928_final_no_velocity_scale0125,2462,2026-09-28_17-06-19
7.534399628639221e-05,-0.0005708076059818268,-0.0013112090528011322,0.0002785585820674896,0.0013567954180380179,-0.5148732662200928,0.5867564678192139,0.6793075799942017,-0.6121973991394043,1.200331763962827,-4.7497451305389404e-05,-0.0006943941116333008,-0.0014633871614933014,0.00014388933777809143,0.0014706315274384063,-0.5937367677688599,0.49474552273750305,0.5542663335800171,-0.7194019556045532,1.1854994943915844,-0.027393285185098648,0.021049058064818382,-0.010277064517140388,-0.0005301523488014936,-0.008322373032569885,0.00028091762214899063,7.692724466323853e-05,-0.0005587935447692871,-0.0012938864529132843,0.00028098002076148987,0.0013407383861661992,-0.528535783290863,0.5815746188163757,0.6690974831581116,-0.6286724805831909,1.2075939139698122,49.266155337,True,-0.00012405216693878174,-0.00013550743460655212,-0.00017005950212478638,-0.000141095370054245,0.0002867156053070075,-0.06521772593259811,-0.08678621798753738,-0.11484231054782867,-0.09074154496192932,0.18085017606446668,ROA_0928_final_no_velocity_scale0125,2463,2026-09-28_17-06-19
-5.4016709327697754e-05,-0.0006902962923049927,-0.0012855976819992065,0.00037355348467826843,0.0013486324876563077,-0.5177966952323914,0.5853436589241028,0.6911875605583191,-0.6157112717628479,1.2093599319453714,-0.00017853453755378723,-0.0008130446076393127,-0.0014375895261764526,0.00023776665329933167,0.0014580797496974794,-0.597653865814209,0.49232780933380127,0.5646487474441528,-0.724754273891449,1.1944876084243,-0.02744428813457489,0.02133980393409729,-0.010368086397647858,-0.0007255910895764828,-0.008285397663712502,0.0001796516589820385,-5.3923577070236206e-05,-0.0006778165698051453,-0.0012664124369621277,0.0003802590072154999,0.0013325639079474578,-0.531674325466156,0.5801189541816711,0.6807082891464233,-0.632362425327301,1.2166080545713485,49.286154899,True,-0.0001257285475730896,-0.0001346692442893982,-0.0001735985279083252,-0.00014211982488632202,0.0002896829193624776,-0.06597954779863358,-0.08781160414218903,-0.1160893514752388,-0.09241047501564026,0.18325068024487762,ROA_0928_final_no_velocity_scale0125,2464,2026-09-28_17-06-19
2.3096799850463867e-05,-0.0005431473255157471,-0.001345667988061905,0.0002658925950527191,0.0013786621356767974,-0.5266181826591492,0.5993703007698059,0.691506028175354,-0.6175562739372253,1.2209768166694308,-0.00010486692190170288,-0.0006671994924545288,-0.0014965422451496124,0.00013047829270362854,0.0015031206010677927,-0.606595516204834,0.5056429505348206,0.5656871795654297,-0.7258932590484619,1.2058963954741444,-0.027277348563075066,0.021291667595505714,-0.010409651324152946,-0.0013167017605155706,-0.008184985257685184,-0.0003316262736916542,2.468004822731018e-05,-0.0005329027771949768,-0.0013256445527076721,0.00027120113372802734,0.0013604923146613786,-0.5405712723731995,0.5943281054496765,0.6812102794647217,-0.6341580152511597,1.2284524018002694,49.306154205000006,True,-0.0001284293830394745,-0.00013755634427070618,-0.00016866251826286316,-0.00014044344425201416,0.00028856032413538123,-0.06601959466934204,-0.0886944979429245,-0.11552590131759644,-0.09171943366527557,0.18291794712713957,ROA_0928_final_no_velocity_scale0125,2465,2026-09-28_17-06-19
8.25151801109314e-05,-0.0004005618393421173,-0.0014338642358779907,0.00018207356333732605,0.0014518828947204267,-0.5375938415527344,0.6181830167770386,0.7032546997070312,-0.6326566934585571,1.249095640178171,-4.284083843231201e-05,-0.0005277805030345917,-0.0015884637832641602,4.330649971961975e-05,0.0015893401854578334,-0.6184940934181213,0.5230950117111206,0.5753887295722961,-0.7428219318389893,1.2339086047370633,-0.027612658217549324,0.021853186190128326,-0.010501505807042122,-0.0018146168440580368,-0.008068397641181946,-0.0007331345696002245,8.44709575176239e-05,-0.0003878958523273468,-0.0014170072972774506,0.00018794089555740356,0.0014362110575982408,-0.5516754388809204,0.6133866906166077,0.6929449439048767,-0.6493804454803467,1.2568341821936808,49.326153511,True,-0.000130385160446167,-0.00013923272490501404,-0.0001737847924232483,-0.0001446343958377838,0.0002952616047779899,-0.06680935621261597,-0.09026750177145004,-0.11755990982055664,-0.09343865513801575,0.1860410135839593,ROA_0928_final_no_velocity_scale0125,2466,2026-09-28_17-06-19
0.00014919787645339966,-0.0003041699528694153,-0.0015049241483211517,0.00012833625078201294,0.0015208124785925938,-0.5430206656455994,0.6302837133407593,0.699018120765686,-0.6330283284187317,1.2552007299278165,2.0489096641540527e-05,-0.0004289671778678894,-0.001656077802181244,-1.1175870895385742e-05,0.0016562156874569405,-0.6235595345497131,0.5353018641471863,0.5732234120368958,-0.7412033081054688,1.2400199698301135,-0.02801360934972763,0.02197927236557007,-0.01078755222260952,-0.002041194587945938,-0.008168867789208889,-0.0008585290051996708,0.00014826655387878418,-0.0002902001142501831,-0.0014841556549072266,0.00013364478945732117,0.0015006009966727046,-0.5569513440132141,0.625619649887085,0.6891227960586548,-0.6493515968322754,1.2629793361670052,49.346157105,True,-0.00012908130884170532,-0.00013848766684532166,-0.00017201527953147888,-0.00014239922165870667,0.0002921657194763753,-0.06662867963314056,-0.09033269435167313,-0.1158965677022934,-0.09183584898710251,0.1841386847641434,ROA_0928_final_no_velocity_scale0125,2467,2026-09-28_17-06-19
0.0002323649823665619,-0.0002898275852203369,-0.001599825918674469,0.00015189871191978455,0.0016282798987172793,-0.5405274629592896,0.6323707699775696,0.6863483786582947,-0.6228498816490173,1.2429575307952805,0.00010132789611816406,-0.0004157423973083496,-0.001753680408000946,1.5273690223693848e-05,0.001757069105540396,-0.6223544478416443,0.5364221930503845,0.560376763343811,-0.731648862361908,1.2282231054831096,-0.02812321111559868,0.022001592442393303,-0.011344452388584614,-0.002070074900984764,-0.00853285938501358,-0.0007512567099183798,0.00023311004042625427,-0.0002767890691757202,-0.0015799887478351593,0.00015730038285255432,0.0016093736963104456,-0.5544880032539368,0.6275250911712646,0.676427960395813,-0.639076292514801,1.2506297615211317,49.366156731000004,True,-0.00013168901205062866,-0.00014025717973709106,-0.00017201527953147888,-0.00014416873455047607,0.00029510076719679407,-0.06785336881875992,-0.09109637886285782,-0.11609773337841034,-0.09257718175649643,0.1855154819713369,ROA_0928_final_no_velocity_scale0125,2468,2026-09-28_17-06-19
0.0002035871148109436,-0.00025443732738494873,-0.001552049070596695,0.00014184042811393738,0.001575171532149648,-0.5499505996704102,0.6415619850158691,0.6970911622047424,-0.6328616142272949,1.2626666186183377,7.348135113716125e-05,-0.000380445271730423,-0.0017013400793075562,5.3085386753082275e-06,0.001703071937177839,-0.6308611035346985,0.5459384918212891,0.5726534724235535,-0.7399758100509644,1.2474992213365925,-0.028023405000567436,0.022236263379454613,-0.011189939454197884,-0.0020935165230184793,-0.008243506774306297,-0.0006653552409261465,0.00020451843738555908,-0.0002401880919933319,-0.0015330500900745392,0.00014724209904670715,0.001557012005625945,-0.5638524889945984,0.636883020401001,0.6875190734863281,-0.648818850517273,1.2704264180417888,49.386154853,True,-0.00012936070561408997,-0.00013997778296470642,-0.00016978010535240173,-0.00014211982488632202,0.0002915659958350628,-0.06703287363052368,-0.09091570228338242,-0.1148562803864479,-0.09116250276565552,0.18358928545081585,ROA_0928_final_no_velocity_scale0125,2469,2026-09-28_17-06-19
0.0001695007085800171,-0.00021522864699363708,-0.0014389865100383759,0.0001193024218082428,0.0014561755507321846,-0.5588959455490112,0.6489408612251282,0.7063177824020386,-0.6377165913581848,1.2777680607465414,4.153698682785034e-05,-0.00033909454941749573,-0.0015846453607082367,-2.0582228899002075e-05,0.0015852348286176422,-0.6387736201286316,0.5538510084152222,0.582482635974884,-0.7439935207366943,1.2621291242223955,-0.027967099100351334,0.022709378972649574,-0.011137441731989384,-0.002267449628561735,-0.008075578138232231,-0.000747353071346879,0.00017117708921432495,-0.00020060688257217407,-0.0014184042811393738,0.00012293457984924316,0.0014362697355123017,-0.5727223753929138,0.644396960735321,0.696837842464447,-0.6535658240318298,1.2855390026386342,49.406155855,True,-0.00012954697012901306,-0.0001368112862110138,-0.00016633421182632446,-0.00014444813132286072,0.00028954628402687646,-0.06608199328184128,-0.09052268415689468,-0.11436919867992401,-0.09046680480241776,0.1823462230323307,ROA_0928_final_no_velocity_scale0125,2470,2026-09-28_17-06-19
0.00017676502466201782,-0.00023534521460533142,-0.0013844110071659088,0.0001300126314163208,0.0014048717598968597,-0.5553858280181885,0.6416923999786377,0.708568811416626,-0.636815071105957,1.2733947350240684,4.8335641622543335e-05,-0.00035855919122695923,-0.001529790461063385,-5.401670932769775e-06,0.0015305660151501033,-0.6340090036392212,0.5477089285850525,0.5871104001998901,-0.7406808137893677,1.2575380933968,-0.027316810563206673,0.022550329566001892,-0.010616825893521309,-0.002173490822315216,-0.007494253572076559,-0.0005720697809010744,0.00017695128917694092,-0.0002209097146987915,-0.0013656914234161377,0.0001346692442893982,0.0013868006673116884,-0.5690306425094604,0.6371745467185974,0.6993049383163452,-0.6524566411972046,1.2810735754698814,49.426143929000006,True,-0.000127498060464859,-0.00013476237654685974,-0.00016260892152786255,-0.0001414678990840912,0.0002840514363341457,-0.06496254354715347,-0.08943955600261688,-0.11220107972621918,-0.08819810301065445,0.1789088477913107,ROA_0928_final_no_velocity_scale0125,2471,2026-09-28_17-06-19
0.00022631138563156128,-0.0003620050847530365,-0.0014835968613624573,0.0002481043338775635,0.0015317656216787677,-0.546680748462677,0.6325579881668091,0.7006125450134277,-0.6269104480743408,1.2555725862323417,0.00010281801223754883,-0.0004822388291358948,-0.0016334466636180878,0.00010915100574493408,0.0016431274063857288,-0.6250002980232239,0.5396623015403748,0.5785012245178223,-0.732230007648468,1.2405396123889976,-0.027404943481087685,0.0224666316062212,-0.010508351027965546,-0.0021194438450038433,-0.00728276651352644,-0.0004676089156419039,0.00022798776626586914,-0.0003514811396598816,-0.0014643184840679169,0.0002532266080379486,0.0015141999786826316,-0.5602464079856873,0.627959132194519,0.6910208463668823,-0.6425231099128723,1.2629826086586138,49.446157635000006,True,-0.00012544915080070496,-0.00013308599591255188,-0.00016707926988601685,-0.00014435499906539917,0.0002863486162224241,-0.06474088877439499,-0.088279128074646,-0.11250748485326767,-0.08970032632350922,0.17933105229008273,ROA_0928_final_no_velocity_scale0125,2472,2026-09-28_17-06-19
0.00030389055609703064,-0.000225752592086792,-0.0014590099453926086,0.0001730397343635559,0.0015060509317785895,-0.5553206205368042,0.6439163684844971,0.712383508682251,-0.6382772326469421,1.277197215241145,0.00018170103430747986,-0.00034496188163757324,-0.001601874828338623,3.715977072715759e-05,0.0016140101566176628,-0.6317188739776611,0.552504301071167,0.5915015935897827,-0.7418906092643738,1.2617307785630623,-0.027573073282837868,0.022426780313253403,-0.01046096719801426,-0.0025015585124492645,-0.007251584902405739,-0.0008618407882750034,0.00030258670449256897,-0.000212155282497406,-0.001437496393918991,0.00017881393432617188,0.0014854009141311352,-0.5688639283180237,0.6395540833473206,0.7029436230659485,-0.6538880467414856,1.2847907011706066,49.466155949000004,True,-0.00012042000889778137,-0.00013280659914016724,-0.00016195699572563171,-0.00014137476682662964,0.0002794600964816612,-0.06288662552833557,-0.08706934005022049,-0.11146440356969833,-0.08803512156009674,0.17650042424916818,ROA_0928_final_no_velocity_scale0125,2473,2026-09-28_17-06-19
0.0004163011908531189,-0.00028954818844795227,-0.001600012183189392,0.00024065375328063965,0.0016818106218266158,-0.5445796847343445,0.6328830122947693,0.7008211612701416,-0.6265453696250916,1.2546572344739901,0.0002975575625896454,-0.0004071742296218872,-0.001749768853187561,0.0001019798219203949,0.0017832869409697522,-0.6207134127616882,0.5425512790679932,0.5775233507156372,-0.7330700159072876,1.2399654666166842,-0.027143104001879692,0.021967140957713127,-0.010350223630666733,-0.002707814099267125,-0.007049923297017813,-0.001053232466802001,0.0004168599843978882,-0.0002769753336906433,-0.0015786848962306976,0.0002464279532432556,0.0016622142723319857,-0.5577737092971802,0.6283679604530334,0.690966784954071,-0.6423266530036926,1.2618866185423776,49.486173719,True,-0.00011902302503585815,-0.00013150274753570557,-0.0001710839569568634,-0.00014444813132286072,0.00028504035726715317,-0.06290897727012634,-0.08582043647766113,-0.11347419768571854,-0.09074992686510086,0.17867868521372385,ROA_0928_final_no_velocity_scale0125,2474,2026-09-28_17-06-19
0.0004927627742290497,-0.00013792887330055237,-0.0015732832252979279,0.00016828998923301697,0.001660983286082872,-0.5564000010490417,0.6505287885665894,0.7118852734565735,-0.637356162071228,1.280074556833611,0.00037904828786849976,-0.0002532266080379486,-0.0017178244888782501,3.3155083656311035e-05,0.0017613347912493684,-0.6302250027656555,0.5618622303009033,0.5900403261184692,-0.7419446110725403,1.2648832301109827,-0.027262600138783455,0.02209208346903324,-0.010085053741931915,-0.0029258576687425375,-0.0068222759291529655,-0.0013280685525387526,0.0004949048161506653,-0.0001237727701663971,-0.0015513971447944641,0.00017657876014709473,0.0016414019067488774,-0.5693603157997131,0.646502673625946,0.7024388313293457,-0.6528477668762207,1.2875050067652631,49.506163810000004,True,-0.00011334195733070374,-0.0001282431185245514,-0.0001648440957069397,-0.00014454126358032227,0.0002776053801445457,-0.06086099520325661,-0.08465442061424255,-0.11240410804748535,-0.08906888961791992,0.1757717378971286,ROA_0928_final_no_velocity_scale0125,2475,2026-09-28_17-06-19
0.00045262277126312256,-0.0002962537109851837,-0.001597125083208084,0.0002590008080005646,0.0016930229902288331,-0.5458769798278809,0.6346823573112488,0.7079019546508789,-0.6314738988876343,1.2624678122966242,0.00033564865589141846,-0.0004104338586330414,-0.0017384067177772522,0.00012172386050224304,0.0017819958747548078,-0.6191338896751404,0.5469191670417786,0.5867350697517395,-0.7355268597602844,1.2474296975033932,-0.027054091915488243,0.021483857184648514,-0.009684592485427856,-0.002716423012316227,-0.006420304998755455,-0.001091365935280919,0.0004502013325691223,-0.0002829357981681824,-0.0015754252672195435,0.000264681875705719,0.0016723089597470665,-0.5587366819381714,0.6305370330810547,0.698495626449585,-0.6469040513038635,1.2697542354710363,49.526154764000005,True,-0.00011390075087547302,-0.00012759119272232056,-0.00016409903764724731,-0.00014333054423332214,0.00027649010170506397,-0.06041116639971733,-0.08358805626630783,-0.11177080869674683,-0.0886460691690445,0.17454341835045162,ROA_0928_final_no_velocity_scale0125,2476,2026-09-28_17-06-19
0.000391155481338501,-0.00043781474232673645,-0.0015624798834323883,0.00036926940083503723,0.001679014528694836,-0.5474016070365906,0.6294026374816895,0.7156394124031067,-0.6351358890533447,1.266789059026026,0.0002829357981681824,-0.0005515292286872864,-0.0016997568309307098,0.00023748725652694702,0.001756203007146751,-0.6187697649002075,0.5434145927429199,0.5966675877571106,-0.7367674112319946,1.251377528604239,-0.02748819626867771,0.02071164920926094,-0.009571488946676254,-0.0027395389042794704,-0.006351342890411615,-0.0010871104896068573,0.00039367005228996277,-0.0004241243004798889,-0.0015432946383953094,0.0003752298653125763,0.001662676334525186,-0.5601858496665955,0.6253793835639954,0.706463098526001,-0.6503564715385437,1.2740731310819369,49.546173846,True,-0.00010747462511062622,-0.00012498348951339722,-0.0001587904989719391,-0.0001409091055393219,0.0002682053568109042,-0.058572735637426376,-0.08193868398666382,-0.10981689393520355,-0.0864444226026535,0.1707215394074408,ROA_0928_final_no_velocity_scale0125,2477,2026-09-28_17-06-19
0.0003252178430557251,-0.0004459172487258911,-0.0015158206224441528,0.0003460794687271118,0.0016124569188877259,-0.5511678457260132,0.6296196579933167,0.725257158279419,-0.6426963806152344,1.2778268191558693,0.00022007152438163757,-0.0005559995770454407,-0.001653376966714859,0.00021345913410186768,0.0016946478717109678,-0.6220834255218506,0.5438104271888733,0.6073312759399414,-0.74294114112854,1.261985216338948,-0.02688240073621273,0.021166186779737473,-0.008843486197292805,-0.0019932917784899473,-0.005655225366353989,-0.0003424445167183876,0.00032568350434303284,-0.0004352070391178131,-0.0014963559806346893,0.000353250652551651,0.001595758555816859,-0.5640275478363037,0.6255749464035034,0.7161833047866821,-0.6579439640045166,1.2851836289277438,49.566158272,True,-0.00010738149285316467,-0.0001255422830581665,-0.00015702098608016968,-0.00013802200555801392,0.0002658169531178001,-0.058062370866537094,-0.08176173269748688,-0.10885297507047653,-0.0849999412894249,0.16905675471457987,ROA_0928_final_no_velocity_scale0125,2478,2026-09-28_17-06-19
0.0003783963620662689,-0.0004711560904979706,-0.0015920959413051605,0.00040438026189804077,0.001715309567435772,-0.5490788817405701,0.629145622253418,0.7202624678611755,-0.6371205449104309,1.2709854865065102,0.00027744099497795105,-0.0005851499736309052,-0.0017307698726654053,0.00027138739824295044,0.0017931129871616427,-0.619989812374115,0.5438159704208374,0.6019519567489624,-0.7382156252861023,1.255650205351702,-0.027605656534433365,0.021301476284861565,-0.00951013807207346,-0.0017519290558993816,-0.006288125179708004,-0.00011724652722477913,0.00037960708141326904,-0.0004584901034832001,-0.0015723519027233124,0.0004098750650882721,0.001698170240431963,-0.561937689781189,0.6251316070556641,0.7110023498535156,-0.6524258852005005,1.278295208361829,49.586179594,True,-0.00010300427675247192,-0.0001255422830581665,-0.00015664845705032349,-0.0001405365765094757,0.0002650975439805529,-0.05803070589900017,-0.0812997967004776,-0.10907556116580963,-0.08580367267131805,0.16944111886363017,ROA_0928_final_no_velocity_scale0125,2479,2026-09-28_17-06-19
0.00047339126467704773,-0.0004934147000312805,-0.0017552636563777924,0.00043921172618865967,0.0019031068054946832,-0.5382513403892517,0.6224578022956848,0.7043880820274353,-0.626489520072937,1.2486977708641995,0.0003713183104991913,-0.000603310763835907,-0.0018913298845291138,0.0003077089786529541,0.0019757489758646853,-0.6093401312828064,0.5375984907150269,0.5851648449897766,-0.7289265990257263,1.234112898889479,-0.02799750119447708,0.020829210057854652,-0.010278746485710144,-0.0016784525942057371,-0.007007821463048458,-4.132045432925224e-05,0.00047441571950912476,-0.00048195943236351013,-0.001734960824251175,0.0004489906132221222,0.0018867829425215684,-0.5510095357894897,0.6184093356132507,0.6949267983436584,-0.6419475674629211,1.2559446365517677,49.606155572000006,True,-0.00010272487998008728,-0.00012433156371116638,-0.00015795230865478516,-0.00014118850231170654,0.0002655559618869505,-0.05833711102604866,-0.08086114376783371,-0.10976939648389816,-0.08702277392148972,0.17049164622172427,ROA_0928_final_no_velocity_scale0125,2480,2026-09-28_17-06-19
0.0004957430064678192,-0.00043213367462158203,-0.0018288381397724152,0.0003931112587451935,0.0019594249116424997,-0.5484809875488281,0.6365281939506531,0.7142433524131775,-0.6405319571495056,1.2727272104680458,0.00039711594581604004,-0.0005422160029411316,-0.00196630135178566,0.0002619810402393341,0.0020406835603174384,-0.6195846796035767,0.5514798164367676,0.5936203002929688,-0.7439693212509155,1.258020432517359,-0.028846606612205505,0.020830798894166946,-0.010843315161764622,-0.0020549411419779062,-0.0075129554606974125,-0.00040112389251589775,0.0004964880645275116,-0.00041872262954711914,-0.0018106773495674133,0.00040121376514434814,0.001943879017734823,-0.5613090395927429,0.632611095905304,0.7047634124755859,-0.6563160419464111,1.2802529328666281,49.626155262000005,True,-0.00010104849934577942,-0.00012526288628578186,-0.00015795230865478516,-0.00013867393136024475,0.00026382227059362393,-0.058259811252355576,-0.08108838647603989,-0.11116079241037369,-0.08773244172334671,0.1717762647133529,ROA_0928_final_no_velocity_scale0125,2481,2026-09-28_17-06-19
0.0004848465323448181,-0.00041015446186065674,-0.0018087215721607208,0.00035585835576057434,0.0019272115536570992,-0.5540316700935364,0.6424719095230103,0.7178391814231873,-0.6456579566001892,1.28272404843799,0.00038407742977142334,-0.0005178153514862061,-0.001941341906785965,0.00022631138563156128,0.0020065420409147877,-0.625330924987793,0.5568842887878418,0.5977842807769775,-0.7483251094818115,1.2677327465150194,-0.029065856710076332,0.020542286336421967,-0.011018583551049232,-0.0023052296601235867,-0.0076805297285318375,-0.0006360667757689953,0.0004892237484455109,-0.00039748847484588623,-0.0017902813851833344,0.00036349520087242126,0.0019122376790109857,-0.5669435262680054,0.6385603547096252,0.7084943056106567,-0.6614019870758057,1.290348555441703,49.646152392000005,True,-0.00010188668966293335,-0.00012088567018508911,-0.00015581026673316956,-0.00013709068298339844,0.00026022115483610974,-0.058406028896570206,-0.08167977631092072,-0.11074542254209518,-0.08692312240600586,0.1713670073210871,ROA_0928_final_no_velocity_scale0125,2482,2026-09-28_17-06-19
0.0003195367753505707,-0.0004410743713378906,-0.0016050413250923157,0.000286102294921875,0.0016792465840344902,-0.5767782926559448,0.6574894785881042,0.7470026016235352,-0.6722695827484131,1.3299929049471997,0.00021960586309432983,-0.0005495734512805939,-0.0017348676919937134,0.00015990808606147766,0.0017648952725232,-0.6473585367202759,0.5716206431388855,0.628893256187439,-0.7721623182296753,1.313829719615464,-0.029602130874991417,0.020789876580238342,-0.010673576965928078,-0.0022722547873854637,-0.007382291369140148,-0.0005616857670247555,0.0003225170075893402,-0.0004270114004611969,-0.0015844590961933136,0.0002921558916568756,0.0016611184454223217,-0.5899527668952942,0.6537278890609741,0.7381113171577454,-0.6880573630332947,1.3380426515980515,49.666155858,True,-0.00010225921869277954,-0.00012097880244255066,-0.00015031546354293823,-0.00013187527656555176,0.00025443563188768173,-0.05740578845143318,-0.08208676427602768,-0.10921432822942734,-0.08411239087581635,0.16862552262990702,ROA_0928_final_no_velocity_scale0125,2483,2026-09-28_17-06-19
0.00024335458874702454,-0.0004093162715435028,-0.0014784745872020721,0.00019762665033340454,0.0015224378063009572,-0.5918880701065063,0.6716167330741882,0.7581701278686523,-0.6814384460449219,1.3544266504564815,0.00014333054423332214,-0.0005181878805160522,-0.0016070902347564697,7.115304470062256e-05,0.001618164197630439,-0.662686288356781,0.5849431753158569,0.6404574513435364,-0.7808897495269775,1.3378657585388556,-0.030344558879733086,0.02100985124707222,-0.01133491937071085,-0.0025360926520079374,-0.008059391751885414,-0.0008350939024239779,0.00024260953068733215,-0.0003954395651817322,-0.001458730548620224,0.00020191073417663574,0.001503543120487945,-0.6053829193115234,0.6678653359413147,0.7493122816085815,-0.6973016858100891,1.3626918426072225,49.68615254,True,-0.00010402873158454895,-0.00012237578630447388,-0.00014835968613624573,-0.0001282431185245514,0.00025276844759191877,-0.05728285387158394,-0.0829426497220993,-0.10883993655443192,-0.08359178155660629,0.16840697621361414,ROA_0928_final_no_velocity_scale0125,2484,2026-09-28_17-06-19
0.00015748664736747742,-0.00039795413613319397,-0.0013842247426509857,6.938353180885315e-05,0.001398191414256012,-0.6078053116798401,0.6839911937713623,0.7827626466751099,-0.7055336236953735,1.3935269117323523,5.4389238357543945e-05,-0.0005053356289863586,-0.0015140511095523834,-5.280598998069763e-05,0.0015154732927842181,-0.6782933473587036,0.597006618976593,0.6642406582832336,-0.8051497340202332,1.3762883804973354,-0.030650019645690918,0.02144331857562065,-0.011311558075249195,-0.002357914112508297,-0.008030328899621964,-0.000641767168417573,0.00015906989574432373,-0.0003841705620288849,-0.0013630837202072144,7.441267371177673e-05,0.0013778381029583532,-0.6215143799781799,0.6803860664367676,0.7739933133125305,-0.7217647433280945,1.402183563492485,49.706153703000005,True,-0.00010542571544647217,-0.00012228265404701233,-0.00015031546354293823,-0.00012954697012901306,0.0002551511039484026,-0.05676783248782158,-0.0833515003323555,-0.10977219045162201,-0.0834176242351532,0.16880362322234352,ROA_0928_final_no_velocity_scale0125,2485,2026-09-28_17-06-19
0.00014137476682662964,-0.0003900378942489624,-0.0013906508684158325,-1.9650906324386597e-05,0.0013979721090849565,-0.6100413799285889,0.6857141256332397,0.789412260055542,-0.7126861810684204,1.4027397167461844,4.0512531995773315e-05,-0.0004989095032215118,-0.0015235505998134613,-0.00014314427971839905,0.0015302750226679506,-0.680988609790802,0.598339319229126,0.6689345240592957,-0.8140066266059875,1.385448431454934,-0.030620094388723373,0.021805040538311005,-0.011379895731806755,-0.0020764453802257776,-0.008041909895837307,-0.0003443574532866478,0.00014621764421463013,-0.00037569552659988403,-0.0013710930943489075,-1.648440957069397e-05,0.0013790829059963509,-0.6238054037094116,0.6821210980415344,0.7805041670799255,-0.7293670773506165,1.411586958379864,49.726154065,True,-0.00010691583156585693,-0.00012237578630447388,-0.00015050172805786133,-0.00012544915080070496,0.00025378358405738367,-0.057083550840616226,-0.08370167762041092,-0.11163856089115143,-0.08469819277524948,0.17089518885591407,ROA_0928_final_no_velocity_scale0125,2486,2026-09-28_17-06-19
0.00015748664736747742,-0.00038081780076026917,-0.0014394521713256836,-7.57165253162384e-05,0.0014484676110673102,-0.6041666269302368,0.6820773482322693,0.7767546772956848,-0.7014926075935364,1.385581188637821,5.476176738739014e-05,-0.00048819929361343384,-0.001575704663991928,-0.00020349398255348206,0.0015888139186529474,-0.675841212272644,0.5941735506057739,0.6536552309989929,-0.80558842420578,1.368589697882397,-0.030588191002607346,0.02160961925983429,-0.011793950572609901,-0.002398356329649687,-0.008374540135264397,-0.000647830544039607,0.00015599653124809265,-0.00036815181374549866,-0.0014204531908035278,-7.413327693939209e-05,0.0014294149110920151,-0.6179744005203247,0.678400456905365,0.7674656510353088,-0.7184734344482422,1.394383488951317,49.746151739000005,True,-0.00010440126061439514,-0.00012200325727462769,-0.00015692785382270813,-0.00012991949915885925,0.0002585025541784727,-0.057839784771203995,-0.08423253148794174,-0.11380574852228165,-0.08712521940469742,0.17407133062310154,ROA_0928_final_no_velocity_scale0125,2487,2026-09-28_17-06-19
0.00018058344721794128,-0.000388268381357193,-0.00157942995429039,-8.149072527885437e-05,0.0015901752179150058,-0.5803629755973816,0.659665048122406,0.7477160096168518,-0.674382746219635,1.3341747166753608,7.478520274162292e-05,-0.0004984438419342041,-0.0017227604985237122,-0.000205356627702713,0.0017350300984559797,-0.6535313725471497,0.5711857080459595,0.6223013401031494,-0.7811793684959412,1.317957439790903,-0.029363833367824554,0.02080972120165825,-0.011724881827831268,-0.0022631296887993813,-0.008188644424080849,-0.0004580144304782152,0.00018225982785224915,-0.00037364661693573,-0.0015608035027980804,-7.711350917816162e-05,0.0015717826949854811,-0.5941763520240784,0.6557311415672302,0.7380200028419495,-0.691652238368988,1.3428073104522626,49.766152773,True,-0.00010868534445762634,-0.00012274831533432007,-0.00016083940863609314,-0.00013168901205062866,0.00026394644679896635,-0.05935225263237953,-0.08450540900230408,-0.11577363312244415,-0.08952803164720535,0.17733396363313925,ROA_0928_final_no_velocity_scale0125,2488,2026-09-28_17-06-19
0.00020433217287063599,-0.0003511086106300354,-0.0016723759472370148,-0.00012414529919624329,0.0016868354171680915,-0.5811024308204651,0.6643468141555786,0.7510343194007874,-0.6782709956169128,1.3405330161396032,0.00010002404451370239,-0.0004630535840988159,-0.0018191523849964142,-0.0002569518983364105,0.0018375521404338238,-0.6563197374343872,0.5739861726760864,0.6229849457740784,-0.7875524163246155,1.3244234723420027,-0.028717340901494026,0.020304936915636063,-0.011052127927541733,-0.003066721837967634,-0.007366284728050232,-0.001179844606667757,0.00020731240510940552,-0.00033816322684288025,-0.0016521662473678589,-0.00012181699275970459,0.0016670702580537252,-0.595149576663971,0.6603458523750305,0.7412470579147339,-0.6958869695663452,1.3493886356856415,49.786151407000006,True,-0.00010766088962554932,-0.00012367963790893555,-0.00016707926988601685,-0.00013420358300209045,0.000268847648053921,-0.061131078749895096,-0.08633825182914734,-0.11827516555786133,-0.09164772182703018,0.18147886581615516,ROA_0928_final_no_velocity_scale0125,2489,2026-09-28_17-06-19
0.0001707114279270172,-0.0003162771463394165,-0.001701805740594864,-0.00018170103430747986,0.0017170972083505375,-0.5840696096420288,0.6693685054779053,0.7594069242477417,-0.6875507235527039,1.3536609464711338,6.0908496379852295e-05,-0.0004302710294723511,-0.0018555670976638794,-0.0003102235496044159,0.001881353992222049,-0.6601921916007996,0.577893078327179,0.6308788061141968,-0.7967976331710815,1.3372096832220253,-0.02841779962182045,0.020209679380059242,-0.01052484568208456,-0.0032951233442872763,-0.006753250956535339,-0.001334022730588913,0.0001737847924232483,-0.00030193477869033813,-0.0016838312149047852,-0.00017853453755378723,0.0016993415461762716,-0.5983160734176636,0.6653321385383606,0.7497602701187134,-0.7053436636924744,1.3627624015034057,49.806156153,True,-0.00011259689927101135,-0.0001259148120880127,-0.00016996636986732483,-0.00013224780559539795,0.00027265448092920764,-0.06189196929335594,-0.08743348717689514,-0.11886841803789139,-0.09148567169904709,0.1824897509957443,ROA_0928_final_no_velocity_scale0125,2490,2026-09-28_17-06-19
0.00012060627341270447,-0.00031171366572380066,-0.0016524456441402435,-0.00020302832126617432,0.001666953226869379,-0.596725344657898,0.6833308935165405,0.7743713855743408,-0.7001254558563232,1.3807036997152586,8.288770914077759e-06,-0.00042403116822242737,-0.0018049031496047974,-0.0003296881914138794,0.0018360972117366457,-0.6731002926826477,0.5911206603050232,0.6441929936408997,-0.8107181191444397,1.363861392226621,-0.02814042754471302,0.02036861889064312,-0.01011642161756754,-0.0037496404256671667,-0.006244838237762451,-0.0017174826934933662,0.00012218952178955078,-0.0002969987690448761,-0.001634005457162857,-0.00019902363419532776,0.001648375320178955,-0.6110360622406006,0.679425835609436,0.7647173404693604,-0.7180934548377991,1.3899846294153866,49.826152227,True,-0.00011418014764785767,-0.00012451782822608948,-0.00017099082469940186,-0.00013159587979316711,0.00027307627990956517,-0.06205308809876442,-0.08831451833248138,-0.12052058428525925,-0.09265168756246567,0.18454318517500137,ROA_0928_final_no_velocity_scale0125,2491,2026-09-28_17-06-19
8.484348654747009e-05,-0.00029513612389564514,-0.0015903264284133911,-0.0001603737473487854,0.001599366257712401,-0.5984883308410645,0.6835264563560486,0.7694428563117981,-0.6932355165481567,1.3753166044450458,-2.859160304069519e-05,-0.0004071742296218872,-0.0017396174371242523,-0.000288989394903183,0.0017661469948959607,-0.6740968227386475,0.5916105508804321,0.6401035785675049,-0.8030356168746948,1.3581863852451446,-0.026882508769631386,0.019941112026572227,-0.009772678837180138,-0.004272680729627609,-0.0058846003375947475,-0.0021952749229967594,8.754432201385498e-05,-0.0002829357981681824,-0.0015700235962867737,-0.0001580454409122467,0.0015790904509853077,-0.6126025319099426,0.6798049211502075,0.7599806189537048,-0.7109837532043457,1.3845776050084886,49.846151853,True,-0.00011725351214408875,-0.00012507662177085876,-0.00016996636986732483,-0.00013150274753570557,0.000274080509297646,-0.061510127037763596,-0.08819065243005753,-0.11989566683769226,-0.0920882374048233,0.18357873126965044,ROA_0928_final_no_velocity_scale0125,2492,2026-09-28_17-06-19
3.7532299757003784e-05,-0.00022640451788902283,-0.0015323981642723083,-0.00016940757632255554,0.0015417850014313261,-0.6116963624954224,0.6980169415473938,0.7832478284835815,-0.7045594453811646,1.4015925845691946,-8.167698979377747e-05,-0.000339653342962265,-0.0016835518181324005,-0.0002987682819366455,0.0017157649427736491,-0.6870161294937134,0.6055365800857544,0.653144896030426,-0.8148122429847717,1.3838676514301818,-0.025798503309488297,0.020057979971170425,-0.00881177932024002,-0.005111376289278269,-0.004868390504270792,-0.002999832620844245,3.781169652938843e-05,-0.00021159648895263672,-0.0015119090676307678,-0.0001627020537853241,0.001520713374156935,-0.6257798075675964,0.6946315765380859,0.7739439010620117,-0.7223048806190491,1.4110799941952914,49.866154999,True,-0.00011771917343139648,-0.00012563541531562805,-0.00017005950212478638,-0.00013131648302078247,0.0002744871468177747,-0.06119813397526741,-0.08908937871456146,-0.12082419544458389,-0.09252223372459412,0.18459989747147307,ROA_0928_final_no_velocity_scale0125,2493,2026-09-28_17-06-19
1.955777406692505e-06,-0.0001305714249610901,-0.0014766119420528412,-0.00021085143089294434,0.0014916823341512423,-0.6255320906639099,0.7165018320083618,0.7969326972961426,-0.7180263996124268,1.4311110546274692,-0.00011082738637924194,-0.00024223700165748596,-0.0016320496797561646,-0.00034365803003311157,0.001675464792135394,-0.7001217007637024,0.6239479184150696,0.6656860709190369,-0.8291043043136597,1.4129317611186085,-0.025442536920309067,0.020477009937167168,-0.008486897684633732,-0.005988821852952242,-0.004466313868761063,-0.0038710355293005705,2.0489096641540527e-06,-0.00011436641216278076,-0.0014592893421649933,-0.00021010637283325195,0.0014744066351788405,-0.6396341919898987,0.7134787440299988,0.7876660227775574,-0.7358677387237549,1.4408636636190384,49.886151137000006,True,-0.00011837109923362732,-0.00013066455721855164,-0.0001735985279083252,-0.00013401731848716736,0.0002803396242890243,-0.06049032881855965,-0.08953920751810074,-0.12198182940483093,-0.0932551845908165,0.18558741407031318,ROA_0928_final_no_velocity_scale0125,2494,2026-09-28_17-06-19
0.0,-8.335337042808533e-05,-0.0015079975128173828,-0.00021765008568763733,0.0015236699948833693,-0.6206733584403992,0.7156897187232971,0.7836622595787048,-0.707004189491272,1.4156258613867105,-0.00011939555406570435,-0.00019799917936325073,-0.0016625039279460907,-0.00034747645258903503,0.001705776584075913,-0.6963750123977661,0.6218394041061401,0.6542820334434509,-0.8164671659469604,1.3974748742119156,-0.0248621366918087,0.020133892074227333,-0.008234718814492226,-0.006486966274678707,-0.004209728911519051,-0.004344562068581581,-2.7939677238464355e-07,-6.668269634246826e-05,-0.0014873221516609192,-0.00021373853087425232,0.0015026332954815086,-0.6349589228630066,0.7125045657157898,0.7746247053146362,-0.7245633602142334,1.4253835328957687,49.906150028000006,True,-0.00011790543794631958,-0.00013047829270362854,-0.00017248094081878662,-0.0001317821443080902,0.0002782363332977392,-0.061438415199518204,-0.09065120667219162,-0.12037436664104462,-0.09191594272851944,0.1847116800202379,ROA_0928_final_no_velocity_scale0125,2495,2026-09-28_17-06-19
-2.3748725652694702e-05,-2.216547727584839e-05,-0.0015323050320148468,-0.00027008354663848877,0.0015561637819947293,-0.6241621375083923,0.7240576148033142,0.7835849523544312,-0.7093958258628845,1.422467927868859,-0.00014295801520347595,-0.00014118850231170654,-0.001688208431005478,-0.00039963051676750183,0.0017433638563900357,-0.6999382376670837,0.6298981308937073,0.654718816280365,-0.8181594014167786,1.4041729297212608,-0.024500137194991112,0.02036357671022415,-0.008066290989518166,-0.006715438328683376,-0.003992865327745676,-0.004617650061845779,-2.0582228899002075e-05,-7.450580596923828e-06,-0.0015117228031158447,-0.0002693384885787964,0.0015356804102296421,-0.6385650038719177,0.7209535241127014,0.7745763063430786,-0.7269447445869446,1.4323506035556006,49.926155552000004,True,-0.00011669471859931946,-0.00013345852494239807,-0.00017508864402770996,-0.00012936070561408997,0.0002791796538955482,-0.061421651393175125,-0.09101628512144089,-0.11990591138601303,-0.09125470370054245,0.18420357109930716,ROA_0928_final_no_velocity_scale0125,2496,2026-09-28_17-06-19
-9.12696123123169e-06,7.115304470062256e-05,-0.0015524215996265411,-0.0003100372850894928,0.0015830858597918795,-0.6319060325622559,0.7344251275062561,0.7823351621627808,-0.7124366164207458,1.4320463581074039,-0.00012647360563278198,-4.041939973831177e-05,-0.0017035752534866333,-0.0004371628165245056,0.0017637602152467005,-0.7063848376274109,0.6413776278495789,0.6548231244087219,-0.8193877935409546,1.413474553598335,-0.024316901341080666,0.020727651193737984,-0.008207426406443119,-0.006788790225982666,-0.0041567133739590645,-0.004730840213596821,-1.0151416063308716e-05,8.884817361831665e-05,-0.0015339814126491547,-0.0003089196979999542,0.0015647965146201202,-0.6460602879524231,0.7314513921737671,0.7736039757728577,-0.7298802733421326,1.44198685822608,49.946152596000005,True,-0.00011669471859931946,-0.00013075768947601318,-0.00017061829566955566,-0.00012954697012901306,0.00027554848362738296,-0.0603068582713604,-0.09006913006305695,-0.11879577487707138,-0.08954758942127228,0.18174240566785654,ROA_0928_final_no_velocity_scale0125,2497,2026-09-28_17-06-19
-2.9802322387695312e-05,9.685754776000977e-06,-0.001620408147573471,-0.0002462416887283325,0.0016392504658514137,-0.6181308627128601,0.7192538976669312,0.7591284513473511,-0.6894888281822205,1.3941655014376064,-0.00014649704098701477,-0.00010486692190170288,-0.001771003007888794,-0.0003680586814880371,0.001816345744064029,-0.6938371658325195,0.6256327033042908,0.6338003873825073,-0.7948129773139954,1.3760735271979274,-0.023610951378941536,0.020391017198562622,-0.008069323375821114,-0.0064101265743374825,-0.0040494343265891075,-0.0043080048635602,-3.091990947723389e-05,2.7008354663848877e-05,-0.0016001053154468536,-0.00024260953068733215,0.0016186105375231839,-0.6322115063667297,0.7159802913665771,0.7504783272743225,-0.7066158056259155,1.403808322800919,49.966162857,True,-0.00011585652828216553,-0.00013150274753570557,-0.00017173588275909424,-0.00012721866369247437,0.00027491687720706734,-0.06163213029503822,-0.0903373509645462,-0.11669191718101501,-0.08818599581718445,0.18042186327183796,ROA_0928_final_no_velocity_scale0125,2498,2026-09-28_17-06-19
-8.381903171539307e-07,5.252659320831299e-05,-0.0016703270375728607,-0.00022845342755317688,0.0016858893648711054,-0.6131101250648499,0.7141194939613342,0.7410458922386169,-0.6742458343505859,1.3720432947878693,-0.00011157244443893433,-6.239861249923706e-05,-0.0018173828721046448,-0.00034729018807411194,0.0018542416251703748,-0.6883963346481323,0.6212014555931091,0.6185117959976196,-0.7767555713653564,1.3540062462747569,-0.023176686838269234,0.020342109724879265,-0.008231506682932377,-0.006261708214879036,-0.004280419554561377,-0.0041768853552639484,-1.1175870895385742e-06,6.668269634246826e-05,-0.0016514211893081665,-0.000225752592086792,0.0016667990497527415,-0.6270063519477844,0.7107462286949158,0.7326928377151489,-0.6910003423690796,1.381523169716877,49.986158973,True,-0.00011548399925231934,-0.00012954697012901306,-0.00016605481505393982,-0.00012032687664031982,0.0002671308183169715,-0.06142072007060051,-0.08952896296977997,-0.1141577884554863,-0.08577387034893036,0.17718913613557485,ROA_0928_final_no_velocity_scale0125,2499,2026-09-28_17-06-19
4.637986421585083e-05,-3.5297125577926636e-05,-0.001826416701078415,-0.00012647360563278198,0.0018313152415473705,-0.5912277698516846,0.6917333006858826,0.7182648181915283,-0.6511322855949402,1.3269567029553704,-6.165355443954468e-05,-0.00014975666999816895,-0.001973658800125122,-0.0002473592758178711,0.001990707290471952,-0.6671594381332397,0.5993414521217346,0.5946019291877747,-0.7552708983421326,1.3098142271409314,-0.022212110459804535,0.02001667022705078,-0.007779411971569061,-0.005773811601102352,-0.0037813913077116013,-0.0036590928211808205,4.814937710762024e-05,-1.8067657947540283e-05,-0.0018069520592689514,-0.00012209638953208923,0.0018116776350968003,-0.6048995852470398,0.6881234645843506,0.7095420360565186,-0.6677982807159424,1.3359790861950775,50.006153841,True,-0.0001125037670135498,-0.00013206154108047485,-0.00016726553440093994,-0.00012386590242385864,0.00026925975481303965,-0.06228964403271675,-0.08871964365243912,-0.11498294025659561,-0.08746328949928284,0.17864533125337081,ROA_0928_final_no_velocity_scale0125,2500,2026-09-28_17-06-19
4.377216100692749e-05,-0.00020582228899002075,-0.0019832514226436615,-2.9802322387695312e-06,0.0019837350312288797,-0.5625597834587097,0.6577669978141785,0.6877984404563904,-0.6198873519897461,1.2648072693402541,-6.826594471931458e-05,-0.00031869858503341675,-0.0021286308765411377,-0.0001216307282447815,0.0021338890706186168,-0.6401398777961731,0.5650827288627625,0.5655353665351868,-0.7230238914489746,1.248407961948368,-0.020854199305176735,0.01892438903450966,-0.0069886851124465466,-0.0052098473533988,-0.002989594591781497,-0.002987912390381098,4.3585896492004395e-05,-0.0001928769052028656,-0.0019633211195468903,-9.313225746154785e-07,0.001963807749965515,-0.5761039853096008,0.6535611748695374,0.6790337562561035,-0.6364061832427979,1.2733681634587055,50.026158757000005,True,-0.00011296942830085754,-0.00012582167983055115,-0.00016577541828155518,-0.00012153759598731995,0.0002648045779268842,-0.06400793790817261,-0.08847004920244217,-0.11348351091146469,-0.08664372563362122,0.17796612956633437,ROA_0928_final_no_velocity_scale0125,2501,2026-09-28_17-06-19
7.562339305877686e-05,-0.0002557411789894104,-0.0020322389900684357,3.986060619354248e-05,0.002034253556683695,-0.5590710639953613,0.6534503698348999,0.6855111122131348,-0.6156731247901917,1.2576694618056907,-3.194436430931091e-05,-0.0003698281943798065,-0.0021765008568763733,-7.729977369308472e-05,0.0021783527198833094,-0.6366018056869507,0.5610706210136414,0.5630329251289368,-0.7190052270889282,1.2413641404389226,-0.020693853497505188,0.018559498712420464,-0.006664079613983631,-0.005490156821906567,-0.0026691164821386337,-0.0032515600323677063,7.57165253162384e-05,-0.00024391338229179382,-0.0020131468772888184,4.423782229423523e-05,0.002015287528811288,-0.5727056264877319,0.6491355299949646,0.676526665687561,-0.632092297077179,1.2660504879992984,50.046152985000006,True,-0.00010766088962554932,-0.00012852251529693604,-0.00016167759895324707,-0.00012274831533432007,0.00026168723929604406,-0.06389059126377106,-0.08804536610841751,-0.11350027471780777,-0.0869315043091774,0.1779067388580885,ROA_0928_final_no_velocity_scale0125,2502,2026-09-28_17-06-19
7.897615432739258e-05,-0.00028349459171295166,-0.0020031817257404327,5.457550287246704e-05,0.0020058358397152354,-0.5600796937942505,0.6523197293281555,0.6888657212257385,-0.6170654296875,1.2600539180088655,-2.514570951461792e-05,-0.0003941357135772705,-0.0021461397409439087,-6.370246410369873e-05,0.00214741173861781,-0.6366465091705322,0.5608983039855957,0.5668569207191467,-0.7198163866996765,1.2436469310780316,-0.020698342472314835,0.018512632697820663,-0.006583899259567261,-0.005510151851922274,-0.0026324759237468243,-0.0032741548493504524,8.083879947662354e-05,-0.00027101486921310425,-0.0019834376871585846,5.718320608139038e-05,0.001986276394760052,-0.5736937522888184,0.6479601860046387,0.6797807216644287,-0.6334865093231201,1.268343068325689,50.066156813000006,True,-0.00010356307029724121,-0.0001255422830581665,-0.00016121193766593933,-0.00012042000889778137,0.0002570273919733457,-0.06295833736658096,-0.08702370524406433,-0.11296383291482925,-0.08637643605470657,0.1764624815152968,ROA_0928_final_no_velocity_scale0125,2503,2026-09-28_17-06-19
9.890645742416382e-05,-0.00038640573620796204,-0.002056453377008438,0.00015255063772201538,0.00206616019398019,-0.5445927381515503,0.6322441101074219,0.6716651320457458,-0.5982676148414612,1.224276778913941,-5.867332220077515e-06,-0.0004963018000125885,-0.002199877053499222,3.3993273973464966e-05,0.0022001404529129855,-0.6206603646278381,0.5419356226921082,0.5500009059906006,-0.7011275291442871,1.2083549569669128,-0.01977921649813652,0.01800035685300827,-0.006102505140006542,-0.005195928271859884,-0.002160015981644392,-0.0029479905497282743,9.937211871147156e-05,-0.0003732740879058838,-0.0020390376448631287,0.00015664845705032349,0.0020491574717583084,-0.55793297290802,0.6277281641960144,0.6624348163604736,-0.6145219802856445,1.2321859818193448,50.086152577,True,-0.00010589137673377991,-0.0001232139766216278,-0.00015897676348686218,-0.00012088567018508911,0.0002560842256541841,-0.06271339952945709,-0.0857943594455719,-0.11247861385345459,-0.08659715950489044,0.17569128721195829,ROA_0928_final_no_velocity_scale0125,2504,2026-09-28_17-06-19
0.00018514692783355713,-0.0004234723746776581,-0.0022017396986484528,0.00020116567611694336,0.002222503005343364,-0.5250619649887085,0.6140628457069397,0.6431750655174255,-0.5711754560470581,1.1773536119667662,8.102506399154663e-05,-0.000531412661075592,-0.002344045788049698,7.692724466323853e-05,0.002347481719799387,-0.6008986234664917,0.5248216390609741,0.5196732878684998,-0.6764894127845764,1.1623125217978574,-0.019092045724391937,0.017474500462412834,-0.006081050261855125,-0.005091327708214521,-0.002107657492160797,-0.002892964519560337,0.00018654391169548035,-0.0004110857844352722,-0.0021828338503837585,0.00020600855350494385,0.00220435357275912,-0.5382224917411804,0.6095142960548401,0.6334716081619263,-0.5873981714248657,1.1849169325272695,50.106153526,True,-0.0001039355993270874,-0.00012060627341270447,-0.00016065314412117004,-0.00012479722499847412,0.00025712206345990403,-0.06264913827180862,-0.08470284938812256,-0.11381133645772934,-0.0890912413597107,0.1773872987194617,ROA_0928_final_no_velocity_scale0125,2505,2026-09-28_17-06-19
0.00022249296307563782,-0.00047050416469573975,-0.002282671630382538,0.0002507120370864868,0.002313126153688563,-0.5096411108970642,0.597496509552002,0.6244294047355652,-0.5533536672592163,1.1430217299502727,0.00012153759598731995,-0.000579003244638443,-0.0024240463972091675,0.00012833625078201294,0.0024324718966968794,-0.5852477550506592,0.508873701095581,0.500230073928833,-0.6596809029579163,1.1284019354898724,-0.01819293387234211,0.016718631610274315,-0.005736920051276684,-0.005174335092306137,-0.001791650545783341,-0.0030032694339752197,0.00022444874048233032,-0.00045672059059143066,-0.0022619031369686127,0.00025527551770210266,0.0022933183277261742,-0.5227438807487488,0.5927793383598328,0.6144530773162842,-0.569665789604187,1.1503842961721555,50.126155370000006,True,-0.0001017935574054718,-0.00011967495083808899,-0.00016260892152786255,-0.0001253560185432434,0.0002572185198126463,-0.06249826028943062,-0.08388328552246094,-0.11420994251966476,-0.09004025906324387,0.1777613470956339,ROA_0928_final_no_velocity_scale0125,2506,2026-09-28_17-06-19
0.00021532177925109863,-0.0004680827260017395,-0.0022780150175094604,0.0002557411789894104,0.0023083119214284747,-0.509507954120636,0.5963472127914429,0.6307148933410645,-0.5596307516098022,1.1488881619064562,0.0001150183379650116,-0.000576116144657135,-0.002418365329504013,0.00013345852494239807,0.002426734403531145,-0.5837231874465942,0.5089063048362732,0.5060601830482483,-0.6661945581436157,1.1341162890088912,-0.017521753907203674,0.016419630497694016,-0.005093577317893505,-0.005459797568619251,-0.0012041527079418302,-0.0033505107276141644,0.0002162531018257141,-0.00045746564865112305,-0.00225994735956192,0.00026104971766471863,0.0022911944805202706,-0.5224244594573975,0.5918219685554504,0.6207711696624756,-0.5759596824645996,1.156269953422122,50.146155646000004,True,-0.00010123476386070251,-0.00011865049600601196,-0.0001642853021621704,-0.0001278705894947052,0.00025889643400910795,-0.061273571103811264,-0.08291098475456238,-0.11472403258085251,-0.09022093564271927,0.17727123455790214,ROA_0928_final_no_velocity_scale0125,2507,2026-09-28_17-06-19
0.00021997839212417603,-0.0004803761839866638,-0.002263486385345459,0.0002475455403327942,0.002293691987379352,-0.5108062028884888,0.5973092913627625,0.6376327872276306,-0.5657393336296082,1.1567318550802514,0.0001214444637298584,-0.0005844980478286743,-0.002403929829597473,0.0001251697540283203,0.002412249764175427,-0.5847383141517639,0.5100629925727844,0.5124332308769226,-0.6727352142333984,1.141875772283584,-0.017826002091169357,0.016621943563222885,-0.0048638032749295235,-0.005264235660433769,-0.0010249996557831764,-0.0031827441416680813,0.00022351741790771484,-0.00046761706471443176,-0.002243276685476303,0.00025099143385887146,0.0022745003976680856,-0.5236667990684509,0.5928482413291931,0.627668559551239,-0.582093358039856,1.1641113582281202,50.166152114000006,True,-9.955838322639465e-05,-0.00011799857020378113,-0.00016130506992340088,-0.00012833625078201294,0.0002563775803337584,-0.061090100556612015,-0.08274148404598236,-0.1152772381901741,-0.090650275349617,0.17770111319619097,ROA_0928_final_no_velocity_scale0125,2508,2026-09-28_17-06-19
0.00023106113076210022,-0.0005115754902362823,-0.00226655974984169,0.0002697110176086426,0.002301718134681031,-0.5086501836776733,0.592948853969574,0.6377687454223633,-0.5652689933776855,1.1534366618392877,0.00013122335076332092,-0.0006182119250297546,-0.0024082139134407043,0.00014631077647209167,0.0024189265264550988,-0.5822218656539917,0.5060573816299438,0.5132313370704651,-0.6718588471412659,1.138661864973805,-0.017765376716852188,0.016458608210086823,-0.004719102289527655,-0.00506406556814909,-0.0009510635863989592,-0.0030053528025746346,0.00022957101464271545,-0.0005003996193408966,-0.0022475607693195343,0.00027567148208618164,0.002283547223388506,-0.5214232802391052,0.5884785056114197,0.6279050707817078,-0.5815438628196716,1.160770003863563,50.186152806,True,-0.00010039657354354858,-0.00011809170246124268,-0.00016530975699424744,-0.00012675300240516663,0.0002583148660368288,-0.060787420719861984,-0.08243973553180695,-0.11471192538738251,-0.09033641964197159,0.17694250734694322,ROA_0928_final_no_velocity_scale0125,2509,2026-09-28_17-06-19
0.00021802261471748352,-0.00047534704208374023,-0.0022275373339653015,0.00024363398551940918,0.002257496460358768,-0.5155969262123108,0.6005595922470093,0.6458423733711243,-0.5728192329406738,1.1685362714671141,0.00012274831533432007,-0.0005778856575489044,-0.002373475581407547,0.00011622905731201172,0.002381395729833104,-0.5881394743919373,0.5143982768058777,0.5204090476036072,-0.6801988482475281,1.1536233750183063,-0.018066808581352234,0.016893813386559486,-0.00496447179466486,-0.004895674996078014,-0.0012395087396726012,-0.0028950306586921215,0.000218953937292099,-0.00046230852603912354,-0.0022100284695625305,0.00024763867259025574,0.0022407112888415126,-0.5282675623893738,0.59627366065979,0.6359238028526306,-0.5891751050949097,1.1759238867247208,50.206154522000006,True,-0.00010067597031593323,-0.00011762604117393494,-0.0001646578311920166,-0.00013103708624839783,0.0002601749653316775,-0.05983840301632881,-0.08187535405158997,-0.11558271199464798,-0.09108147770166397,0.17727640077422127,ROA_0928_final_no_velocity_scale0125,2510,2026-09-28_17-06-19
0.00023795291781425476,-0.0004647299647331238,-0.0022698193788528442,0.00022584572434425354,0.0022991487080097164,-0.5091093182563782,0.5952836871147156,0.631737470626831,-0.5604196190834045,1.1491217556898732,0.00013783574104309082,-0.0005668029189109802,-0.002415291965007782,0.00010225921869277954,0.0024231617728792594,-0.5817869305610657,0.509372889995575,0.5058646202087402,-0.6686607003211975,1.1347000865622316,-0.018143512308597565,0.016810128465294838,-0.005249745212495327,-0.0047856708988547325,-0.0015600512269884348,-0.002827816642820835,0.00023888424038887024,-0.00045048072934150696,-0.0022523105144500732,0.0002300366759300232,0.0022823267852968756,-0.5217799544334412,0.5909641981124878,0.6216140389442444,-0.5767270922660828,1.1563785469468582,50.226154446,True,-9.723007678985596e-05,-0.00011743977665901184,-0.00016456469893455505,-0.0001300126314163208,0.00025799056397522783,-0.060020942240953445,-0.08157360553741455,-0.11577270179986954,-0.09192804992198944,0.17782954444391202,ROA_0928_final_no_velocity_scale0125,2511,2026-09-28_17-06-19
0.00027492642402648926,-0.0004732981324195862,-0.0023303553462028503,0.00023134052753448486,0.0023644107621994407,-0.5040392279624939,0.5907220244407654,0.62909996509552,-0.5588484406471252,1.1423165099916854,0.00017909333109855652,-0.0005795620381832123,-0.002472568303346634,0.0001085922122001648,0.0024838430813568443,-0.5766506791114807,0.505172610282898,0.5027902722358704,-0.6675803661346436,1.1281446712379297,-0.01821409910917282,0.016863565891981125,-0.0053038885816931725,-0.0044295452535152435,-0.0016133735189214349,-0.0024953773245215416,0.0002771615982055664,-0.00045960769057273865,-0.0023076310753822327,0.00023990869522094727,0.0023432435961047134,-0.5166195034980774,0.586344838142395,0.6189010739326477,-0.5752760767936707,1.1495266168831793,50.246166211,True,-9.797513484954834e-05,-0.00011576339602470398,-0.00016419216990470886,-0.00013010576367378235,0.000257479527301073,-0.060010697692632675,-0.08118151873350143,-0.1161135658621788,-0.09232665598392487,0.1781076471487959,ROA_0928_final_no_velocity_scale0125,2512,2026-09-28_17-06-19
0.00031655654311180115,-0.0004784204065799713,-0.002399180084466934,0.00023748725652694702,0.0024388784757348155,-0.49816441535949707,0.5858819484710693,0.6245449185371399,-0.5551055073738098,1.1328723691549554,0.00022174790501594543,-0.0005820766091346741,-0.002541951835155487,0.00011399388313293457,0.002557155542437261,-0.5710991024971008,0.5002692341804504,0.49767547845840454,-0.6644837260246277,1.1189450321264047,-0.018008101731538773,0.016675878316164017,-0.00503196194767952,-0.0043540410697460175,-0.0013235077494755387,-0.0024314280599355698,0.000318232923746109,-0.0004650093615055084,-0.002377200871706009,0.00024419277906417847,0.002418181305183722,-0.5107772946357727,0.5814209580421448,0.6142435073852539,-0.5716206431388855,1.1400534995024254,50.266154615000005,True,-9.75094735622406e-05,-0.00011427327990531921,-0.00016326084733009338,-0.0001301988959312439,0.00025618542590721436,-0.06032921001315117,-0.08115823566913605,-0.11655966937541962,-0.09287147969007492,0.17880791241246727,ROA_0928_final_no_velocity_scale0125,2513,2026-09-28_17-06-19
0.00032549723982810974,-0.0004500150680541992,-0.0024051405489444733,0.00022370368242263794,0.002443883424028832,-0.5010608434677124,0.5903877019882202,0.6278268694877625,-0.5590198040008545,1.140167057157752,0.00023171305656433105,-0.0005493871867656708,-0.002549774944782257,0.00010021030902862549,0.002564844768373725,-0.5734162330627441,0.505368173122406,0.4999730587005615,-0.6692371964454651,1.126281243587218,-0.018062885850667953,0.016833651810884476,-0.005132813006639481,-0.004344775341451168,-0.0014003440737724304,-0.0024421862326562405,0.0003271736204624176,-0.0004345551133155823,-0.0023827888071537018,0.00022854655981063843,0.0024225056675871693,-0.5136113166809082,0.5860244631767273,0.6174184083938599,-0.5756569504737854,1.147380912145959,50.286153931,True,-9.685754776000977e-05,-0.00011408701539039612,-0.00016652047634124756,-0.00012973323464393616,0.00025755251823540254,-0.05975179001688957,-0.08066090941429138,-0.1174732968211174,-0.09358301013708115,0.1793468037641533,ROA_0928_final_no_velocity_scale0125,2514,2026-09-28_17-06-19
0.0003334134817123413,-0.00043623149394989014,-0.0024085864424705505,0.0002162531018257141,0.0024473722001319936,-0.5025127530097961,0.5922363996505737,0.6306478381156921,-0.5623753666877747,1.1449646097335495,0.00024046748876571655,-0.000535324215888977,-0.002555735409259796,9.462237358093262e-05,0.0025712544054762965,-0.5745952725410461,0.5074953436851501,0.5027549266815186,-0.6724838018417358,1.131034872704121,-0.018004760146141052,0.01687936671078205,-0.004951154813170433,-0.004234048537909985,-0.0012023834278807044,-0.0023241457529366016,0.00033387914299964905,-0.0004237517714500427,-0.002389121800661087,0.00022137537598609924,0.002428710973881787,-0.515053927898407,0.5879066586494446,0.6202673316001892,-0.5790730714797974,1.152237195739589,50.306156767000004,True,-9.443610906600952e-05,-0.00011278316378593445,-0.00016316771507263184,-0.0001259148120880127,0.0002518892089964442,-0.059524547308683395,-0.08040852099657059,-0.11752824485301971,-0.09342654794454575,0.17910502297769915,ROA_0928_final_no_velocity_scale0125,2515,2026-09-28_17-06-19
0.00031404197216033936,-0.00044172629714012146,-0.0024182721972465515,0.00020703300833702087,0.002453038602599877,-0.5013635158538818,0.5907797813415527,0.631445050239563,-0.563215434551239,1.1445721063282783,0.00022156164050102234,-0.0005428679287433624,-0.0025653280317783356,8.512288331985474e-05,0.0025783848873558645,-0.5738455653190613,0.5056717991828918,0.5034096240997314,-0.6733471155166626,1.1305850083911904,-0.018089622259140015,0.017032019793987274,-0.004972381051629782,-0.004013423807919025,-0.001207004301249981,-0.0020889106672257185,0.00031618401408195496,-0.0004312954843044281,-0.0024005770683288574,0.00021206215023994446,0.0024363431301819183,-0.5139829516410828,0.5863690376281738,0.6210524439811707,-0.579991340637207,1.1518741971774917,50.326159539,True,-9.248033165931702e-05,-0.00011222437024116516,-0.0001627020537853241,-0.00012740492820739746,0.00025137031108884614,-0.059866342693567276,-0.08068978041410446,-0.1176716685295105,-0.09335204213857651,0.17939314833132305,ROA_0928_final_no_velocity_scale0125,2516,2026-09-28_17-06-19
0.0002868473529815674,-0.00044247135519981384,-0.002412032335996628,0.00020237639546394348,0.0024425822919470178,-0.5013933181762695,0.5900282263755798,0.631192684173584,-0.5625616312026978,1.1437514119969219,0.0001932494342327118,-0.0005434267222881317,-0.002553313970565796,8.009374141693115e-05,0.002563598347173131,-0.5740765333175659,0.5047786831855774,0.5026655197143555,-0.673068642616272,1.1297214999070082,-0.017778487876057625,0.016944261267781258,-0.004884378984570503,-0.003987584728747606,-0.0011117826215922832,-0.0020640797447413206,0.00028675422072410583,-0.0004295259714126587,-0.0023917295038700104,0.00020582228899002075,0.0024227507050849145,-0.5140555500984192,0.5856062769889832,0.6208140254020691,-0.5794269442558289,1.1511196367375327,50.346160359,True,-9.508803486824036e-05,-0.0001125037670135498,-0.00016298145055770874,-0.00012619420886039734,0.0002521011987781687,-0.06000138446688652,-0.0808127149939537,-0.11814664304256439,-0.0936407521367073,0.17994807899541043,ROA_0928_final_no_velocity_scale0125,2517,2026-09-28_17-06-19
0.0002766028046607971,-0.00044284388422966003,-0.0024174340069293976,0.00020349398255348206,0.002446664483283704,-0.4980452060699463,0.5862665772438049,0.6243148446083069,-0.5553308725357056,1.1329995387648493,0.00018049031496047974,-0.000542961061000824,-0.0025618821382522583,8.121132850646973e-05,0.0025711209680917987,-0.5711577534675598,0.5006873607635498,0.4958864152431488,-0.665874183177948,1.1190529663310282,-0.017453212291002274,0.01672976277768612,-0.004647555761039257,-0.004037992563098669,-0.0008826130069792271,-0.0021195425651967525,0.00027725473046302795,-0.00043371692299842834,-0.0023956410586833954,0.00020582228899002075,0.0024253908507931607,-0.5107502937316895,0.5817664265632629,0.6138905882835388,-0.5722324848175049,1.1403479175972207,50.366154811,True,-9.601935744285583e-05,-0.00011278316378593445,-0.00016652047634124756,-0.0001259148120880127,0.0002546231454437165,-0.06038695201277733,-0.08108372986316681,-0.11802836507558823,-0.09364820271730423,0.18013739961575928,ROA_0928_final_no_velocity_scale0125,2518,2026-09-28_17-06-19
0.0002590008080005646,-0.0004887580871582031,-0.002483837306499481,0.0002273358404636383,0.0025131322856384577,-0.4844609498977661,0.57138592004776,0.6030983924865723,-0.5340203642845154,1.0972521904894832,0.00016186386346817017,-0.0005910173058509827,-0.002629682421684265,0.00010505318641662598,0.002638632489348589,-0.5587795376777649,0.48503369092941284,0.47446227073669434,-0.6451960206031799,1.0837007984355436,-0.016412632539868355,0.016033990308642387,-0.004141334444284439,-0.004194584675133228,-0.00039469776675105095,-0.0022781877778470516,0.0002614222466945648,-0.0004745088517665863,-0.0024627894163131714,0.00023348256945610046,0.0024931898751435373,-0.49724891781806946,0.5666157007217407,0.5924803614616394,-0.5509052276611328,1.1044052667909816,50.386155280000004,True,-0.00010235235095024109,-0.00011278316378593445,-0.00016624107956886292,-0.0001251697540283203,0.0002568367719419276,-0.06152595952153206,-0.08158571273088455,-0.11806561797857285,-0.09426846355199814,0.1811633845646707,ROA_0928_final_no_velocity_scale0125,2519,2026-09-28_17-06-19
0.00022212043404579163,-0.00047385692596435547,-0.0024854671210050583,0.0002207234501838684,0.002509551294345694,-0.4869252145290375,0.574708878993988,0.6097685098648071,-0.539807140827179,1.1064940235065681,0.00012209638953208923,-0.000577978789806366,-0.002633454278111458,9.974464774131775e-05,0.0026394614924513185,-0.5615707039833069,0.48798227310180664,0.4799286723136902,-0.6518540382385254,1.092781975335317,-0.015626823529601097,0.01589360646903515,-0.0035542910918593407,-0.004396792035549879,0.00019275397062301636,-0.0024967873468995094,0.0002236105501651764,-0.0004614703357219696,-0.0024664215743541718,0.0002250075340270996,0.00249121040786746,-0.4998035430908203,0.5700290203094482,0.5991439819335938,-0.5569359660148621,1.1138542966312923,50.406154436,True,-9.993091225624084e-05,-0.00011436641216278076,-0.00016381964087486267,-0.00012796372175216675,0.0002563967582310441,-0.0617690347135067,-0.08204206079244614,-0.11922185868024826,-0.09493901580572128,0.18251858645442728,ROA_0928_final_no_velocity_scale0125,2520,2026-09-28_17-06-19
0.0001714564859867096,-0.0004890374839305878,-0.0024887267500162125,0.00021741725504398346,0.0025076344320937127,-0.48860347270965576,0.5769897103309631,0.614709198474884,-0.5434681177139282,1.1128609158019587,7.16187059879303e-05,-0.000596512109041214,-0.0026402994990348816,9.164214134216309e-05,0.0026435856623835616,-0.5640228986740112,0.48948729038238525,0.4833843410015106,-0.6567085981369019,1.0990117521689131,-0.014887386001646519,0.015762727707624435,-0.0028725245501846075,-0.0045852623879909515,0.0008660643361508846,-0.0026872330345213413,0.00017238780856132507,-0.0004779547452926636,-0.0024687964469194412,0.00022309832274913788,0.002488465657015017,-0.5015525817871094,0.5723237991333008,0.6039957404136658,-0.5607287883758545,1.1202802400776535,50.426154136,True,-0.00010170042514801025,-0.00011436641216278076,-0.00016773119568824768,-0.00012922100722789764,0.0002602221208805117,-0.06244983151555061,-0.08281133323907852,-0.12062070518732071,-0.095992811024189,0.18453515162710105,ROA_0928_final_no_velocity_scale0125,2521,2026-09-28_17-06-19
0.0001434236764907837,-0.00045709311962127686,-0.0024522654712200165,0.0001952052116394043,0.0024667622207740544,-0.4954105019569397,0.5862302780151367,0.6159785985946655,-0.5444273948669434,1.1217355338776813,4.163011908531189e-05,-0.0005629844963550568,-0.002606678754091263,7.110647857189178e-05,0.002608300826938401,-0.5715852379798889,0.49769967794418335,0.48371773958206177,-0.6584399342536926,1.107678923155438,-0.014837415888905525,0.015838947147130966,-0.0027655595913529396,-0.004915773402899504,0.0009475923143327236,-0.0030454318039119244,0.0001446343958377838,-0.00044517219066619873,-0.0024341512471437454,0.00019934959709644318,0.0024491741605805572,-0.5085039734840393,0.5816025137901306,0.6052809357643127,-0.5618347525596619,1.1293408094544115,50.446151660000005,True,-0.00010486692190170288,-0.00011799857020378113,-0.0001734122633934021,-0.00012936070561408997,0.00026656584535015356,-0.06304960697889328,-0.08384975790977478,-0.12162233889102936,-0.0966186597943306,0.18613578669900607,ROA_0928_final_no_velocity_scale0125,2522,2026-09-28_17-06-19
7.813796401023865e-05,-0.0004433095455169678,-0.0024257227778434753,0.0001857522875070572,0.002435474966257367,-0.5012657046318054,0.5930252075195312,0.6187613606452942,-0.5465191602706909,1.1303660720975666,-2.253800630569458e-05,-0.0005502253770828247,-0.002575572580099106,5.85801899433136e-05,0.0025762591050787938,-0.5778809785842896,0.5038520097732544,0.4859165847301483,-0.6608092188835144,1.1160283237070523,-0.014418094418942928,0.016025668010115623,-0.002516371663659811,-0.004997238516807556,0.0011654454283416271,-0.003149909432977438,8.158385753631592e-05,-0.00043082982301712036,-0.0024060718715190887,0.00018961727619171143,0.002416365546665381,-0.5144318342208862,0.5884580016136169,0.6081783175468445,-0.5640042424201965,1.1381395242273251,50.466164032,True,-0.0001043081283569336,-0.00011986121535301208,-0.00017094425857067108,-0.00012814998626708984,0.0002648929566283527,-0.0634416937828064,-0.08463020622730255,-0.12226495146751404,-0.09679654240608215,0.18708254117573703,ROA_0928_final_no_velocity_scale0125,2523,2026-09-28_17-06-19
2.6542693376541138e-05,-0.0004787929356098175,-0.0024415086954832077,0.00022132880985736847,0.0024525481518707045,-0.49747711420059204,0.5917111039161682,0.6176889538764954,-0.5438727736473083,1.1259817608338922,-7.906928658485413e-05,-0.0005904585123062134,-0.002600299194455147,9.406358003616333e-05,0.0026026740131811494,-0.5757706165313721,0.500904381275177,0.481913298368454,-0.6609996557235718,1.111711160485531,-0.013572046533226967,0.015987755730748177,-0.0019069327972829342,-0.004996445029973984,0.0017660586163401604,-0.0031627737917006016,2.9336661100387573e-05,-0.0004666857421398163,-0.0024228356778621674,0.00022617168724536896,0.002434492121763775,-0.510785698890686,0.5870610475540161,0.6068781614303589,-0.56172114610672,1.1338575621782025,50.486150708000004,True,-0.00010682269930839539,-0.00012246891856193542,-0.00017546117305755615,-0.00013131648302078247,0.0002714496423316839,-0.0649765133857727,-0.08612218499183655,-0.12498115748167038,-0.09931111335754395,0.19134900687431783,ROA_0928_final_no_velocity_scale0125,2524,2026-09-28_17-06-19
9.033828973770142e-06,-0.0004852190613746643,-0.002459157258272171,0.0002773478627204895,0.0024755903980149415,-0.488389253616333,0.5862684845924377,0.6000850796699524,-0.5264258980751038,1.100936186268903,-9.816139936447144e-05,-0.0005997717380523682,-0.0026190653443336487,0.00014882534742355347,0.0026241140560950113,-0.5681328177452087,0.4943050146102905,0.46283796429634094,-0.6450721621513367,1.0869216769908452,-0.012743066065013409,0.015627777203917503,-0.001650713151320815,-0.005056152585893869,0.002011103555560112,-0.003248207038268447,1.1082738637924194e-05,-0.0004718080163002014,-0.0024416483938694,0.0002814922481775284,0.0024587139622304303,-0.5018049478530884,0.5814926624298096,0.5891690850257874,-0.5443761944770813,1.1088224254454935,50.506154184,True,-0.00010663643479347229,-0.0001257285475730896,-0.00018132850527763367,-0.00013113021850585938,0.00027610669136940734,-0.06631668657064438,-0.08720996975898743,-0.1263548582792282,-0.10076583921909332,0.1939660998158676,ROA_0928_final_no_velocity_scale0125,2525,2026-09-28_17-06-19
-4.5355409383773804e-05,-0.00047748908400535583,-0.0024022534489631653,0.0002801883965730667,0.0024185609151805582,-0.4889890253543854,0.5913357734680176,0.5963099598884583,-0.5215592384338379,1.0993263804964684,-0.00015208497643470764,-0.0005921348929405212,-0.0025618355721235275,0.0001512467861175537,0.002569112074819826,-0.5694534182548523,0.4985453188419342,0.45857343077659607,-0.6404942274093628,1.0851796516602537,-0.01237429492175579,0.015547629445791245,-0.0014523460995405912,-0.0052136266604065895,0.0021865880116820335,-0.003441667417064309,-4.377216100692749e-05,-0.00046333298087120056,-0.002381717786192894,0.0002835877239704132,0.002398569297627504,-0.5025435090065002,0.5865730047225952,0.5854335427284241,-0.5394653081893921,1.1072987091846955,50.526150044000005,True,-0.00011222437024116516,-0.00013075768947601318,-0.00018086284399032593,-0.00013471581041812897,0.0002822016634549563,-0.06690993905067444,-0.0881049707531929,-0.12697604298591614,-0.1011914536356926,0.19516649426967628,ROA_0928_final_no_velocity_scale0125,2526,2026-09-28_17-06-19
-0.00010039657354354858,-0.00042123720049858093,-0.0023045577108860016,0.00024959444999694824,0.0023186967286035988,-0.4941467046737671,0.5988404154777527,0.5881054997444153,-0.5152891278266907,1.0983135555161752,-0.00020936131477355957,-0.0005370937287807465,-0.002462649717926979,0.00012167729437351227,0.002472752773761969,-0.5742944478988647,0.5057938098907471,0.4534865617752075,-0.6309663653373718,1.0836741277042983,-0.012174866162240505,0.015466460958123207,-0.0015095038106665015,-0.005529816262423992,0.002084396779537201,-0.003772963536903262,-9.955838322639465e-05,-0.0004081055521965027,-0.0022846274077892303,0.0002539250999689102,0.0022993478586179755,-0.5076900124549866,0.5942219495773315,0.5776723623275757,-0.5327961444854736,1.1063904883316513,50.546154641,True,-0.00010943040251731873,-0.0001278705894947052,-0.00017546117305755615,-0.00013075768947601318,0.00027446903765589663,-0.06657466292381287,-0.08843279629945755,-0.12419791519641876,-0.09818653762340546,0.1917830360755491,ROA_0928_final_no_velocity_scale0125,2527,2026-09-28_17-06-19
-0.0001273117959499359,-0.0003730878233909607,-0.0022138934582471848,0.000318232923746109,0.0022378739962309415,-0.4983590543270111,0.6038704514503479,0.5753151774406433,-0.5026836395263672,1.0903217235684122,-0.00023953616619110107,-0.0004857778549194336,-0.002366025000810623,0.00019404105842113495,0.0023826858731065504,-0.5776155591011047,0.5112029314041138,0.4443833529949188,-0.6149890422821045,1.075395940466257,-0.011680232360959053,0.015165217220783234,-0.0014110379852354527,-0.006008428521454334,0.002125825732946396,-0.00425419257953763,-0.00012414529919624329,-0.00035921111702919006,-0.0021931715309619904,0.00032298266887664795,0.0022179793211375416,-0.5117626786231995,0.5994038581848145,0.5653481483459473,-0.5196583867073059,1.0983809551178252,50.56615149300001,True,-0.00011157244443893433,-0.00012600794434547424,-0.00016936101019382477,-0.0001287553459405899,0.0002700375406557968,-0.06583612412214279,-0.08816830068826675,-0.12098671495914459,-0.09532737731933594,0.18784749133937184,ROA_0928_final_no_velocity_scale0125,2528,2026-09-28_17-06-19
-0.0001521781086921692,-0.00040531158447265625,-0.0022621825337409973,0.0003926921635866165,0.002297478253248262,-0.4860609471797943,0.592022180557251,0.5524349212646484,-0.47952958941459656,1.0554387167001678,-0.00026421621441841125,-0.0005170702934265137,-0.0024145934730768204,0.00026496127247810364,0.002438281824999125,-0.5657607316970825,0.49925312399864197,0.42300623655319214,-0.5908454656600952,1.0408585612726848,-0.010945146903395653,0.014743782579898834,-0.001257148222066462,-0.006012901663780212,0.002231745980679989,-0.004279049579054117,-0.00015096738934516907,-0.0003929249942302704,-0.0022419728338718414,0.00039641745388507843,0.0022782114964220623,-0.49930062890052795,0.5874298214912415,0.542526125907898,-0.4960647523403168,1.0631691561606642,50.586155545000004,True,-0.00011194497346878052,-0.00012638047337532043,-0.00016945414245128632,-0.00013280659914016724,0.0002725410930212522,-0.06645172834396362,-0.08817202597856522,-0.11954735219478607,-0.09479140490293503,0.18695551587927964,ROA_0928_final_no_velocity_scale0125,2529,2026-09-28_17-06-19
-0.00012675300240516663,-0.00039227306842803955,-0.002269912511110306,0.00043353065848350525,0.0023115206109006877,-0.47785601019859314,0.5839131474494934,0.5359784364700317,-0.4646098017692566,1.0318269736288017,-0.0002389773726463318,-0.000507105141878128,-0.0024137087166309357,0.0003088265657424927,0.0024398116581056456,-0.5577634572982788,0.4910137355327606,0.40984755754470825,-0.5729766488075256,1.017319608062112,-0.01062325481325388,0.014142543077468872,-0.0010366057977080345,-0.006255680695176125,0.0023645334877073765,-0.004510669969022274,-0.00012563541531562805,-0.00037802383303642273,-0.002249283716082573,0.00043851323425769806,0.002292214942820267,-0.49103328585624695,0.5791522264480591,0.5263504385948181,-0.48067837953567505,1.0393481821593709,50.606150957000004,True,-0.00011473894119262695,-0.0001257285475730896,-0.00016517005860805511,-0.00013061799108982086,0.00026991926369597193,-0.06669294089078903,-0.08811335265636444,-0.11646188050508499,-0.09234761446714401,0.1838624435411256,ROA_0928_final_no_velocity_scale0125,2530,2026-09-28_17-06-19
-5.6996941566467285e-05,-0.00033574178814888,-0.002245791256427765,0.00043748877942562103,0.002288021947537117,-0.4745796024799347,0.5812691450119019,0.5357134938240051,-0.46377626061439514,1.0282479603411434,-0.00017033889889717102,-0.0004505738615989685,-0.002386420965194702,0.0003160908818244934,0.002409860265619163,-0.55475252866745,0.4879021644592285,0.41408973932266235,-0.5678412914276123,1.0135523561551685,-0.010591990314424038,0.013687361031770706,-0.0006971720140427351,-0.006495369598269463,0.002555479295551777,-0.004780184477567673,-5.42961061000824e-05,-0.0003223307430744171,-0.002224370837211609,0.0004452187567949295,0.00226851226903103,-0.4878602623939514,0.5763061046600342,0.5264174938201904,-0.479268342256546,1.0355857767079832,50.626152545000004,True,-0.00011418014764785767,-0.00012721866369247437,-0.00015916302800178528,-0.00012773089110851288,0.00026535657718082534,-0.06692111492156982,-0.08839181810617447,-0.11234729737043381,-0.08862930536270142,0.17964685866505917,ROA_0928_final_no_velocity_scale0125,2531,2026-09-28_17-06-19
5.671754479408264e-05,-0.00038873404264450073,-0.0023575033992528915,0.0005377456545829773,0.002422303713648627,-0.45905259251594543,0.5645742416381836,0.525562047958374,-0.4518860876560211,1.0009667591043068,-5.774199962615967e-05,-0.0005007721483707428,-0.0024955254048109055,0.0004145316779613495,0.0025298496814023324,-0.5401633381843567,0.4711439609527588,0.40410783886909485,-0.5564442276954651,0.9870289199228129,-0.010712345130741596,0.013432580977678299,-0.0008619613945484161,-0.005876935087144375,0.002380640711635351,-0.004127958323806524,5.7835131883621216e-05,-0.0003760680556297302,-0.0023374799638986588,0.0005467794835567474,0.002404865957551024,-0.4723043739795685,0.5591828227043152,0.5158008933067322,-0.46721750497817993,1.007759333079293,50.646152021000006,True,-0.00011334195733070374,-0.00012433156371116638,-0.00015664845705032349,-0.00012866221368312836,0.00026277489330243584,-0.0678403303027153,-0.0880388468503952,-0.11171213537454605,-0.08924397826194763,0.17987627742092388,ROA_0928_final_no_velocity_scale0125,2532,2026-09-28_17-06-19
0.00011743977665901184,-0.00041816383600234985,-0.002352893352508545,0.0005273148417472839,0.0024202704889846618,-0.45230889320373535,0.5529243350028992,0.5250698924064636,-0.45024508237838745,0.9904899477105552,4.656612873077393e-06,-0.0005295500159263611,-0.0024870503693819046,0.00040670856833457947,0.002521766186709752,-0.5334764719009399,0.4596831202507019,0.40655162930488586,-0.5520330667495728,0.976621269447333,-0.01009379979223013,0.012679537758231163,6.946665234863758e-05,-0.006135237403213978,0.0032277703285217285,-0.004401782061904669,0.00011827796697616577,-0.00040670856833457947,-0.0023331958800554276,0.0005322042852640152,0.0024021684304809557,-0.4655373990535736,0.5473531484603882,0.5155051946640015,-0.4652184247970581,0.9970794654909612,50.666150985,True,-0.00011473894119262695,-0.00012442469596862793,-0.00015664845705032349,-0.00012828968465328217,0.00026327762039997333,-0.06793439388275146,-0.08764396607875824,-0.10896659642457962,-0.08679087460041046,0.17685016208020135,ROA_0928_final_no_velocity_scale0125,2533,2026-09-28_17-06-19
0.00020368024706840515,-0.0004377216100692749,-0.0024145934730768204,0.0005304813385009766,0.002489885157407625,-0.45766958594322205,0.5549341440200806,0.5326992869377136,-0.4563014805316925,1.0009378899349874,9.648501873016357e-05,-0.000549759715795517,-0.002549774944782257,0.00040624290704727173,0.0025886026136239903,-0.5381460785865784,0.4628477394580841,0.41304853558540344,-0.5593672394752502,0.9873979279425477,-0.010224446654319763,0.012940915301442146,0.00022322125732898712,-0.006064259447157383,0.003364237491041422,-0.004317136947065592,0.00020489096641540527,-0.00042300671339035034,-0.0023957807570695877,0.0005373731255531311,0.002473060865836617,-0.47082170844078064,0.5492679476737976,0.5227313041687012,-0.4713893532752991,1.0072920408798378,50.686152542,True,-0.00011119991540908813,-0.00012423843145370483,-0.00015795230865478516,-0.00012889504432678223,0.00026259771611639355,-0.06731413304805756,-0.08642207086086273,-0.109735406935215,-0.0880151018500328,0.17715790162162567,ROA_0928_final_no_velocity_scale0125,2534,2026-09-28_17-06-19
0.00030621886253356934,-0.00043744221329689026,-0.0024726614356040955,0.0005084089934825897,0.0025546589999400427,-0.45686864852905273,0.5527064204216003,0.5294796824455261,-0.4542432427406311,0.9967985936402415,0.0001996755599975586,-0.0005479902029037476,-0.002609100192785263,0.0003807246685028076,0.0026517739022786087,-0.5364296436309814,0.46202632784843445,0.4089721143245697,-0.558447539806366,0.9837192698563616,-0.010494414716959,0.013329073786735535,0.00032168603502213955,-0.005775697063654661,0.0034333113580942154,-0.004025155678391457,0.0003066845238208771,-0.0004277564585208893,-0.002450542524456978,0.0005155336111783981,0.002534686914329965,-0.46988388895988464,0.5470672249794006,0.5192281603813171,-0.4692966938018799,1.002944320058106,50.706152402,True,-0.00010682269930839539,-0.0001191161572933197,-0.0001577194780111313,-0.00013168901205062866,0.0002597828430188551,-0.06656255573034286,-0.08502974361181259,-0.1102592721581459,-0.08913780748844147,0.17716036413341366,ROA_0928_final_no_velocity_scale0125,2535,2026-09-28_17-06-19
0.0004153698682785034,-0.00044582411646842957,-0.0025568529963493347,0.0005080364644527435,0.002654129963403219,-0.44925135374069214,0.5441251993179321,0.5138236880302429,-0.44034141302108765,0.9740475458236101,0.0003129243850708008,-0.0005541369318962097,-0.002690870314836502,0.0003800727427005768,0.002746002169197003,-0.5275392532348633,0.45537200570106506,0.39352288842201233,-0.5450308918952942,0.9617134978250556,-0.010855430737137794,0.013749290257692337,-3.834720700979233e-07,-0.005195410922169685,0.0030170585960149765,-0.0035080169327557087,0.0004186294972896576,-0.00043492764234542847,-0.0025344546884298325,0.0005155336111783981,0.0026344674726355923,-0.46190524101257324,0.5384785532951355,0.5033197402954102,-0.4551559388637543,0.9797775288800125,50.72615363800001,True,-0.00010309740900993347,-0.0001214444637298584,-0.0001564621925354004,-0.00013811513781547546,0.0002619226498624432,-0.06560888141393661,-0.08307769149541855,-0.10979687422513962,-0.08988892287015915,0.17608674518752512,ROA_0928_final_no_velocity_scale0125,2536,2026-09-28_17-06-19
0.0005156733095645905,-0.000541098415851593,-0.002612033858895302,0.0005890615284442902,0.0027505787049549374,-0.4209270477294922,0.5124266743659973,0.499051034450531,-0.42572709918022156,0.9291244471665818,0.0004184432327747345,-0.0006445683538913727,-0.002745445817708969,0.0004581175744533539,0.002833328434183524,-0.497921347618103,0.425983190536499,0.37819936871528625,-0.5315192937850952,0.917716569766414,-0.010450473055243492,0.013372056186199188,3.448990173637867e-05,-0.004282849375158548,0.003023057710379362,-0.0026493212208151817,0.0005177222192287445,-0.0005318783223628998,-0.002591824159026146,0.0005959998816251755,0.0027332123637306767,-0.43313297629356384,0.5067586898803711,0.4883342981338501,-0.440506249666214,0.9344768934409247,50.746154074,True,-0.00010235235095024109,-0.00011520460247993469,-0.00015599653124809265,-0.00014174729585647583,0.0002607660274385448,-0.06468500941991806,-0.08072330802679062,-0.11018010973930359,-0.09104841947555542,0.17560499861283002,ROA_0928_final_no_velocity_scale0125,2537,2026-09-28_17-06-19
0.0005256384611129761,-0.000548921525478363,-0.002598017454147339,0.0005984678864479065,0.0027424806825144823,-0.4206206500530243,0.5128346085548401,0.5012633800506592,-0.4274979829788208,0.9311594366397539,0.00042729079723358154,-0.0006523914635181427,-0.002733105793595314,0.00046803615987300873,0.0028254548238103986,-0.49748921394348145,0.42658576369285583,0.37995585799217224,-0.5338969230651855,0.9199013120663162,-0.010592853650450706,0.013624222949147224,-0.00011530774645507336,-0.003868169616907835,0.002791792619973421,-0.0022959336638450623,0.0005256384611129761,-0.0005394220352172852,-0.0025760382413864136,0.0006075948476791382,0.002723604108623782,-0.43275484442710876,0.5072932243347168,0.49055224657058716,-0.44221988320350647,0.9365126132289908,50.766150958000004,True,-0.00010086223483085632,-0.00011511147022247314,-0.00015888363122940063,-0.00014081597328186035,0.0002612514825102325,-0.06467476487159729,-0.08065159618854523,-0.11068488657474518,-0.09176553785800934,0.1762709601397289,ROA_0928_final_no_velocity_scale0125,2538,2026-09-28_17-06-19
0.0005597248673439026,-0.0005998648703098297,-0.0026213936507701874,0.0006407499313354492,0.002786693703342241,-0.40659773349761963,0.49853137135505676,0.4936665892601013,-0.42037758231163025,0.9096416346021637,0.00046351924538612366,-0.0007043592631816864,-0.0027572736144065857,0.0005075708031654358,0.002866460125825099,-0.483743816614151,0.4126895070075989,0.37226545810699463,-0.5273613929748535,0.8990394222566761,-0.011051204055547714,0.013667674735188484,-0.0002745420206338167,-0.003231979673728347,0.002583630383014679,-0.0017182952724397182,0.0005597248673439026,-0.0005879439413547516,-0.0026009976863861084,0.0006495974957942963,0.0027692893569257675,-0.41864532232284546,0.4929238557815552,0.4828548729419708,-0.4350077211856842,0.9148141650480687,50.786154690000004,True,-9.909272193908691e-05,-0.00011529773473739624,-0.00015711411833763123,-0.00014062970876693726,0.00025945133263613506,-0.06507616490125656,-0.08027441054582596,-0.1106080561876297,-0.09241420030593872,0.17660759300712886,ROA_0928_final_no_velocity_scale0125,2539,2026-09-28_17-06-19
0.0005798414349555969,-0.0006175599992275238,-0.002539530396461487,0.0006557907909154892,0.0027214507234048914,-0.4021720886230469,0.49242281913757324,0.4964396059513092,-0.42211541533470154,0.9066804017608421,0.0004820525646209717,-0.0007202848792076111,-0.0026771798729896545,0.0005273614078760147,0.0027998324051771465,-0.4790145754814148,0.40703824162483215,0.37606245279312134,-0.5283709168434143,0.8962580758185782,-0.011545157991349697,0.013721296563744545,-0.0004674941301345825,-0.0026790068950504065,0.00231938436627388,-0.0012183594517409801,0.000581890344619751,-0.0006084330379962921,-0.0025179702788591385,0.000665104016661644,0.0027040762158663367,-0.4140762388706207,0.4868116080760956,0.4857605993747711,-0.43666407465934753,0.9117877171440136,50.806150710000004,True,-9.741634130477905e-05,-0.0001148320734500885,-0.00015618279576301575,-0.00013737007975578308,0.0002561720265021983,-0.06491411477327347,-0.07975007593631744,-0.10974565148353577,-0.09171570837497711,0.17542891637105856,ROA_0928_final_no_velocity_scale0125,2540,2026-09-28_17-06-19
0.0006116926670074463,-0.0006488524377346039,-0.002477038651704788,0.0006631482392549515,0.0026775499627544105,-0.39501020312309265,0.48435941338539124,0.49949389696121216,-0.42314499616622925,0.9012753376767703,0.0005153007805347443,-0.0007507391273975372,-0.002608681097626686,0.0005379784852266312,0.0027476137279904707,-0.4714038074016571,0.3995308578014374,0.3805900812149048,-0.5282847881317139,0.8910299421768135,-0.011965729296207428,0.013682400807738304,-0.0004131849855184555,-0.0024133215192705393,0.0022804872132837772,-0.0010255093220621347,0.0006144866347312927,-0.0006355345249176025,-0.002455245703458786,0.0006728805601596832,0.0026601908041957575,-0.40689948201179504,0.478760302066803,0.4888777434825897,-0.43754976987838745,0.9063166060935258,50.826151211,True,-9.778887033462524e-05,-0.00011241063475608826,-0.00015459954738616943,-0.0001351814717054367,0.00025318764209441067,-0.06447732448577881,-0.07924343645572662,-0.10831746459007263,-0.09076250344514847,0.1736663491225982,ROA_0928_final_no_velocity_scale0125,2541,2026-09-28_17-06-19
0.0006448477506637573,-0.0006663613021373749,-0.002423906698822975,0.000659329816699028,0.0026394366874542283,-0.38783717155456543,0.47571954131126404,0.5023637413978577,-0.42431893944740295,0.8956782328324656,0.0005514360964298248,-0.0007671304047107697,-0.0025514978915452957,0.0005346257239580154,0.0027037847653357777,-0.4635639190673828,0.39164718985557556,0.38554471731185913,-0.5276081562042236,0.8855085377777724,-0.012169751338660717,0.013657566159963608,-0.00022390740923583508,-0.0021375110372900963,0.0023725079372525215,-0.0008115170057862997,0.0006470829248428345,-0.000654999166727066,-0.0024016480892896652,0.0006673391908407211,0.0026213448306573097,-0.3996342122554779,0.470049649477005,0.49186450242996216,-0.4385802745819092,0.9006002817713666,50.846152127,True,-9.434297680854797e-05,-0.00011129304766654968,-0.00014831312000751495,-0.00013462267816066742,0.00024732577260815406,-0.06391853094100952,-0.07840525358915329,-0.10636122524738312,-0.0890498012304306,0.17098484908827363,ROA_0928_final_no_velocity_scale0125,2542,2026-09-28_17-06-19
0.0007056631147861481,-0.0006940215826034546,-0.0024553388357162476,0.0006766058504581451,0.0026942232200755155,-0.3804582953453064,0.4691285789012909,0.4958137571811676,-0.4176716208457947,0.8821177688957815,0.000606197863817215,-0.0007933937013149261,-0.002580927684903145,0.0005515757948160172,0.002752242938393783,-0.45651382207870483,0.3851046562194824,0.3791651427745819,-0.521109402179718,0.8723179979698735,-0.012925869785249233,0.013581791892647743,-0.0005952476058155298,-0.002354256808757782,0.001977710984647274,-0.0010672181379050016,0.0007062219083309174,-0.0006835907697677612,-0.002433406189084053,0.000685080885887146,0.0026762974347417996,-0.39222556352615356,0.4633646309375763,0.4851873815059662,-0.43189477920532227,0.8868951876879142,50.866151603000006,True,-9.75094735622406e-05,-0.00011147931218147278,-0.00014817342162132263,-0.00013308599591255188,0.00024778770742283815,-0.06429478526115417,-0.07829628884792328,-0.10606040805578232,-0.08926773071289062,0.1710463180627121,ROA_0928_final_no_velocity_scale0125,2543,2026-09-28_17-06-19
0.0007078051567077637,-0.0007141381502151489,-0.0024308450520038605,0.0006508082151412964,0.002667385933809741,-0.3773038983345032,0.46403610706329346,0.5004084706306458,-0.4217927157878876,0.8826970536333393,0.0006115995347499847,-0.0008156523108482361,-0.0025548506528139114,0.0005277805030345917,0.00272536350716555,-0.45329052209854126,0.3799954354763031,0.3844248056411743,-0.5244156122207642,0.872719088426054,-0.013178491964936256,0.01322850026190281,-0.0006229293067008257,-0.0026838560588657856,0.001919095404446125,-0.0014015620108693838,0.0007091090083122253,-0.0007040798664093018,-0.002409564331173897,0.0006608199328184128,0.0026507851787477576,-0.38909444212913513,0.4581855535507202,0.48992919921875,-0.4360056221485138,0.8874925273880813,50.886152839000005,True,-9.899958968162537e-05,-0.00011064112186431885,-0.0001432374119758606,-0.0001316424459218979,0.0002444512628845085,-0.06417743861675262,-0.07815565913915634,-0.10552582889795303,-0.08841696381568909,0.17015178611899842,ROA_0928_final_no_velocity_scale0125,2544,2026-09-28_17-06-19
0.0006964430212974548,-0.0007507391273975372,-0.0023958738893270493,0.000647595152258873,0.0026356762617296653,-0.37666407227516174,0.46129244565963745,0.5021034479141235,-0.4232618808746338,0.8827442487268687,0.0005953013896942139,-0.0008505769073963165,-0.002518901601433754,0.0005259178578853607,0.0026901386724933626,-0.45278480648994446,0.377028226852417,0.3868667185306549,-0.5253152847290039,0.8727400558623719,-0.013704981654882431,0.012657897546887398,-0.0009327589068561792,-0.0033717516344040632,0.001609839964658022,-0.0020794649608433247,0.0006983987987041473,-0.000740494579076767,-0.0023760832846164703,0.0006603077054023743,0.0026215649671498284,-0.3884425163269043,0.45546793937683105,0.4916921854019165,-0.43740352988243103,0.8875324287948593,50.906151384000005,True,-9.909272193908691e-05,-0.00011101365089416504,-0.00014156103134155273,-0.000130385160446167,0.00024300395499569658,-0.06432551890611649,-0.07844343036413193,-0.10489019751548767,-0.08797039836645126,0.1697136272366141,ROA_0928_final_no_velocity_scale0125,2545,2026-09-28_17-06-19
0.0006492249667644501,-0.0007753260433673859,-0.0024157576262950897,0.0006454531103372574,0.0026404361379250268,-0.3851521611213684,0.4687094986438751,0.509131669998169,-0.4317452907562256,0.8984237666364883,0.0005506910383701324,-0.0008749775588512421,-0.0025377608835697174,0.0005240552127361298,0.002696361580666569,-0.4611331820487976,0.38448813557624817,0.3937492072582245,-0.5339779853820801,0.8883966946865408,-0.015126070007681847,0.012702902778983116,-0.0021592562552541494,-0.0037337590474635363,0.0003921240568161011,-0.002443731762468815,0.0006486661732196808,-0.0007643364369869232,-0.002391589805483818,0.0006534159183502197,0.002620002731381148,-0.3969557285308838,0.46291014552116394,0.4987241327762604,-0.4460229277610779,0.9033121897010142,50.926158768,True,-0.00010095536708831787,-0.00010784715414047241,-0.0001398380845785141,-0.00013094395399093628,0.00024179479927930616,-0.064103864133358,-0.07842015475034714,-0.1049940437078476,-0.08799321204423904,0.16968225106165535,ROA_0928_final_no_velocity_scale0125,2546,2026-09-28_17-06-19
0.0006018206477165222,-0.0008977949619293213,-0.0024963170289993286,0.0006730668246746063,0.0027197569467524415,-0.376091331243515,0.4550609588623047,0.5039395689964294,-0.42850521206855774,0.8832558184177424,0.0005023553967475891,-0.0009977258741855621,-0.0026186928153038025,0.0005494803190231323,0.0027745269476444267,-0.45232099294662476,0.37127265334129333,0.38742271065711975,-0.5321753621101379,0.8737575130508961,-0.016500316560268402,0.012925982475280762,-0.003570255823433399,-0.003242932725697756,-0.0009779087267816067,-0.0019218421075493097,0.0006017275154590607,-0.0008887611329555511,-0.002475269138813019,0.0006825663149356842,0.0027030910183711305,-0.38787534832954407,0.44909024238586426,0.4933476150035858,-0.44303572177886963,0.888069810451554,50.946157352,True,-9.76957380771637e-05,-0.00010989606380462646,-0.00014379620552062988,-0.00013029202818870544,0.00024313607304859872,-0.06439909338951111,-0.07780920714139938,-0.10594259202480316,-0.08913501352071762,0.17074981843261158,ROA_0928_final_no_velocity_scale0125,2547,2026-09-28_17-06-19
0.0005327165126800537,-0.0009871087968349457,-0.002541951835155487,0.0006686896085739136,0.00274829994910479,-0.3734007179737091,0.4469435513019562,0.5042077898979187,-0.42978113889694214,0.8790207618861119,0.0004361383616924286,-0.0010883435606956482,-0.0026698224246501923,0.0005491077899932861,0.0028115681381955713,-0.44977477192878723,0.3634188175201416,0.38582083582878113,-0.5351565480232239,0.8696374877708103,-0.017437614500522614,0.012927880510687828,-0.00469871424138546,-0.002980918390676379,-0.002056519500911236,-0.0016263483557850122,0.0005342997610569,-0.0009778887033462524,-0.0025231391191482544,0.0006798654794692993,0.0027346244373099766,-0.3852778971195221,0.44085362553596497,0.49329546093940735,-0.44464877247810364,0.8838078778484831,50.966157887,True,-9.806826710700989e-05,-0.00010738149285316467,-0.00014854595065116882,-0.00013224780559539795,0.00024608277279657934,-0.06445031613111496,-0.07746927440166473,-0.10750162601470947,-0.09051243960857391,0.17232202751363945,ROA_0928_final_no_velocity_scale0125,2548,2026-09-28_17-06-19
0.00044777989387512207,-0.0010220333933830261,-0.0024330802261829376,0.0006145797669887543,0.0026126968909213435,-0.3932974934577942,0.4600919485092163,0.5359873175621033,-0.4613837003707886,0.9282239303549039,0.00035194680094718933,-0.0011193566024303436,-0.0025607645511627197,0.0004956498742103577,0.0026775365990929704,-0.4694005250930786,0.3762524425983429,0.41600221395492554,-0.5674408674240112,0.9179504230454085,-0.01791829615831375,0.012826124206185341,-0.004870942328125238,-0.0029985278379172087,-0.002187888603657484,-0.0015874316450208426,0.0004521571099758148,-0.0010163523256778717,-0.0024129636585712433,0.0006223097443580627,0.002597818140394235,-0.40553879737854004,0.45397689938545227,0.5249902606010437,-0.4768799841403961,0.9334173865256202,50.986158487000004,True,-0.00010039657354354858,-0.00011026859283447266,-0.0001446343958377838,-0.00012647360563278198,0.00024284581315970957,-0.06385520100593567,-0.07775798439979553,-0.10901036858558655,-0.0905599370598793,0.17310693571816277,ROA_0928_final_no_velocity_scale0125,2549,2026-09-28_17-06-19
0.000331830233335495,-0.00102287158370018,-0.0023574568331241608,0.0005178153514862061,0.0024837665422003845,-0.40535998344421387,0.46854835748672485,0.5541322231292725,-0.4784241020679474,0.9566027727652117,0.00023189932107925415,-0.0011235475540161133,-0.0024856068193912506,0.00040140002965927124,0.0025576110600511056,-0.4826858341693878,0.38318148255348206,0.43347662687301636,-0.5846386551856995,0.9457531640446336,-0.018513159826397896,0.01289152167737484,-0.005148347467184067,-0.00304231746122241,-0.0024375985376536846,-0.0015714236069470644,0.00033229589462280273,-0.0010168179869651794,-0.0023400411009788513,0.0005245208740234375,0.002469381916412569,-0.4181247055530548,0.4622535705566406,0.5428809523582458,-0.49427521228790283,0.9619852415751317,51.006154511000005,True,-0.00010356307029724121,-0.00010794028639793396,-0.0001475214958190918,-0.0001257285475730896,0.000244552228956139,-0.06457138806581497,-0.07907207310199738,-0.10941735655069351,-0.0903969556093216,0.17408093497654445,ROA_0928_final_no_velocity_scale0125,2550,2026-09-28_17-06-19
0.00020684674382209778,-0.001016724854707718,-0.002259761095046997,0.00035120174288749695,0.0023211098957763424,-0.4027085304260254,0.461686372756958,0.5572596192359924,-0.48127955198287964,0.9555551909613805,0.00010533258318901062,-0.0011208467185497284,-0.0023914501070976257,0.00023320317268371582,0.002414776578393179,-0.4815784990787506,0.3747427761554718,0.43459606170654297,-0.5891090035438538,0.9444050525059196,-0.01801697537302971,0.0126767847687006,-0.0051425062119960785,-0.0030533219687640667,-0.0023544044233858585,-0.0015214825980365276,0.00020815059542655945,-0.0010089948773384094,-0.0022435560822486877,0.0003580935299396515,0.0023071149061890846,-0.41576939821243286,0.45525747537612915,0.5457242727279663,-0.49761122465133667,0.9610859067619558,51.026161511000005,True,-0.00010570511221885681,-0.00010896474123001099,-0.00014547258615493774,-0.0001234002411365509,0.00024352388660506266,-0.0658184289932251,-0.08046719431877136,-0.11118128150701523,-0.09151919931173325,0.1768357747898922,ROA_0928_final_no_velocity_scale0125,2551,2026-09-28_17-06-19
0.00013122335076332092,-0.0009124167263507843,-0.0021840445697307587,0.00022314488887786865,0.002208953264389745,-0.427353173494339,0.4866448938846588,0.582182765007019,-0.5062706470489502,1.0051182246531098,2.7567148208618164e-05,-0.0010176561772823334,-0.0023210421204566956,0.00010281801223754883,0.0023247187624397857,-0.5079805850982666,0.39745306968688965,0.45472007989883423,-0.6177732348442078,0.9932131296043025,-0.01815538853406906,0.012717969715595245,-0.005205442663282156,-0.003524821251630783,-0.002284478861838579,-0.0019132252782583237,0.00013122335076332092,-0.0009042210876941681,-0.0021656975150108337,0.0002278946340084076,0.002191518999507841,-0.44076794385910034,0.48038360476493835,0.5705282092094421,-0.5232635736465454,1.0111908602143553,51.046158335,True,-0.00010747462511062622,-0.00010952353477478027,-0.0001535750925540924,-0.00012442469596862793,0.0002498451599972546,-0.06719771772623062,-0.08290819078683853,-0.11582206189632416,-0.09455158561468124,0.18283403276397,ROA_0928_final_no_velocity_scale0125,2552,2026-09-28_17-06-19
0.00011688098311424255,-0.0008170492947101593,-0.002231542021036148,0.0001348555088043213,0.0022426815563020078,-0.4352666139602661,0.49919724464416504,0.5855187773704529,-0.5107428431510925,1.018639178860138,7.729977369308472e-06,-0.000923406332731247,-0.002378411591053009,9.872019290924072e-06,0.0023784651717677777,-0.5183973908424377,0.4074023962020874,0.45330914855003357,-0.626509964466095,1.0066511146488795,-0.018129657953977585,0.012708738446235657,-0.005400411318987608,-0.003899726551026106,-0.0023152378853410482,-0.0021969827357679605,0.00011473894119262695,-0.0008083879947662354,-0.002214033156633377,0.00013941898941993713,0.0022254798616532573,-0.4489961862564087,0.4929434359073639,0.573537290096283,-0.528197705745697,1.0249646737459668,51.066157495000006,True,-0.00010970979928970337,-0.00011818483471870422,-0.00016335397958755493,-0.00012498348951339722,0.00026047660749208056,-0.06939563900232315,-0.08552520722150803,-0.12022814899682999,-0.09832623600959778,0.1895258721123822,ROA_0928_final_no_velocity_scale0125,2553,2026-09-28_17-06-19
8.204951882362366e-05,-0.0007033348083496094,-0.0022273510694503784,1.8440186977386475e-05,0.002229350893868463,-0.45667028427124023,0.5267802476882935,0.6049871444702148,-0.5308752655982971,1.0624174333238283,-2.9243528842926025e-05,-0.0008142553269863129,-0.00237906351685524,-0.00010589137673377991,0.002382435488436657,-0.5422327518463135,0.4320489168167114,0.46762916445732117,-0.6508081555366516,1.049888660817306,-0.018489599227905273,0.012966504320502281,-0.0058856382966041565,-0.004378689453005791,-0.0026389930862933397,-0.0025727194733917713,8.270144462585449e-05,-0.0006920658051967621,-0.0022098422050476074,2.5425106287002563e-05,0.0022120480996627194,-0.4707369804382324,0.5205711126327515,0.5928752422332764,-0.5488516688346863,1.0691661237670627,51.086154671,True,-0.00011213123798370361,-0.00012274831533432007,-0.00016968697309494019,-0.00012880191206932068,0.00026918646999376855,-0.07146131247282028,-0.08850543946027756,-0.1252898871898651,-0.1019621193408966,0.19662084576845426,ROA_0928_final_no_velocity_scale0125,2554,2026-09-28_17-06-19
2.8964132070541382e-05,-0.0006719492375850677,-0.0023031607270240784,-6.835907697677612e-05,0.0023041942544349734,-0.45561882853507996,0.5292426347732544,0.6049759387969971,-0.5311034321784973,1.063175988258152,-9.043142199516296e-05,-0.0007908791303634644,-0.0024611130356788635,-0.00019529834389686584,0.0024740901742024155,-0.5450164675712585,0.43069103360176086,0.4657953679561615,-0.6524528861045837,1.0504424617467136,-0.017587918788194656,0.012605365365743637,-0.005616258829832077,-0.004784948192536831,-0.002237148117274046,-0.0028388453647494316,3.1385570764541626e-05,-0.0006612390279769897,-0.002285279333591461,-6.444752216339111e-05,0.0022862266008582977,-0.4699285924434662,0.5228835940361023,0.593055009841919,-0.5492493510246277,1.0701724397902141,51.106156071,True,-0.0001194886863231659,-0.0001255422830581665,-0.00017490237951278687,-0.0001305714249610901,0.0002777671139118162,-0.07508695125579834,-0.09216274321079254,-0.12723542749881744,-0.10319612175226212,0.20144583235352276,ROA_0928_final_no_velocity_scale0125,2555,2026-09-28_17-06-19
-2.7101486921310425e-05,-0.0006971880793571472,-0.0024897046387195587,-6.016343832015991e-05,0.002490851834622214,-0.42940396070480347,0.5045095086097717,0.5510006546974182,-0.4810071289539337,0.9841841049044837,-0.00014901161193847656,-0.0008185394108295441,-0.002648076042532921,-0.00018738210201263428,0.0026635167193358364,-0.5222418904304504,0.40314343571662903,0.41404178738594055,-0.6011598706245422,0.9722208367507772,-0.015328068286180496,0.011149443686008453,-0.005217681638896465,-0.005466572940349579,-0.0017276379512622952,-0.0033901813440024853,-2.3562461137771606e-05,-0.0006864778697490692,-0.0024734530597925186,-5.5087730288505554e-05,0.0024743966759372916,-0.4436494708061218,0.49801912903785706,0.5394103527069092,-0.49850621819496155,0.9909716375168957,51.126160702,True,-0.0001251697540283203,-0.00013243407011032104,-0.00017685815691947937,-0.00012563541531562805,0.0002820008454955734,-0.07854773849248886,-0.09483377635478973,-0.1253909319639206,-0.10264245420694351,0.20264384809903338,ROA_0928_final_no_velocity_scale0125,2556,2026-09-28_17-06-19
-0.0001475214958190918,-0.0007216818630695343,-0.0026042573153972626,-2.0489096641540527e-05,0.002609210951525218,-0.4166308641433716,0.4935227036476135,0.5026668906211853,-0.4344303011894226,0.9237294430171442,-0.0002759508788585663,-0.0008482486009597778,-0.0027704983949661255,-0.0001458916813135147,0.002794538084489996,-0.5132620930671692,0.38843226432800293,0.36597388982772827,-0.5551315546035767,0.9120984015250388,-0.012793714180588722,0.00859116017818451,-0.003916948568075895,-0.0073951552622020245,-0.0002885779831558466,-0.005142129957675934,-0.00014472752809524536,-0.0007082708179950714,-0.002588331699371338,-1.6391277313232422e-05,0.002593025858270635,-0.4312097728252411,0.4868497848510742,0.49109381437301636,-0.4516383409500122,0.9305076299905327,51.146154998,True,-0.00012889504432678223,-0.0001385807991027832,-0.00018151476979255676,-0.00013052485883235931,0.00029152420254465746,-0.08203181624412537,-0.09843240678310394,-0.12512923777103424,-0.1035202220082283,0.20602736442077493,ROA_0928_final_no_velocity_scale0125,2557,2026-09-28_17-06-19
-0.00018165446817874908,-0.0007002614438533783,-0.0026963651180267334,0.00010458752512931824,0.002703128612694591,-0.41963762044906616,0.5062636733055115,0.4847137928009033,-0.4155430793762207,0.9132223003348839,-0.00030938535928726196,-0.000835023820400238,-0.0028687063604593277,-2.1560117602348328e-05,0.0028876657201244212,-0.5202642679214478,0.39683327078819275,0.34368547797203064,-0.5406476259231567,0.9015207719626775,-0.010922012850642204,0.006746669765561819,-0.0025631978642195463,-0.009625528007745743,0.0013213003985583782,-0.007231204770505428,-0.00017886050045490265,-0.0006888527423143387,-0.002680206671357155,0.00010728836059570312,0.0026869146135926974,-0.4350025951862335,0.4994948208332062,0.47271883487701416,-0.4332279562950134,0.9204293053392962,51.166154862000006,True,-0.00013131648302078247,-0.00014561228454113007,-0.00018794089555740356,-0.00013206154108047485,0.0003001558789571342,-0.08524627983570099,-0.10266201198101044,-0.12902449071407318,-0.10744435340166092,0.21361655578339803,ROA_0928_final_no_velocity_scale0125,2558,2026-09-28_17-06-19
-0.00031371600925922394,-0.0007320661097764969,-0.002512475475668907,0.00022756867110729218,0.0025359375604405397,-0.4263319671154022,0.5202898383140564,0.4995613992214203,-0.4293653070926666,0.9379020245683738,-0.00044456683099269867,-0.0008716713637113571,-0.002687191590666771,9.979121387004852e-05,0.002724110918159416,-0.5276584625244141,0.408932089805603,0.3585764169692993,-0.5536907911300659,0.9252354739790178,-0.008448831737041473,0.0055188327096402645,-0.0005871779285371304,-0.01090918481349945,0.003375584725290537,-0.008463667705655098,-0.0003082212060689926,-0.0007183756679296494,-0.0024967826902866364,0.00023222528398036957,0.0025201473481767313,-0.442023366689682,0.5138497352600098,0.4879254698753357,-0.4473733603954315,0.9457819799450841,51.186154758,True,-0.00013364478945732117,-0.0001516193151473999,-0.0001909211277961731,-0.00013080425560474396,0.0003049528938040531,-0.08562485873699188,-0.10492326319217682,-0.1293867826461792,-0.10632257163524628,0.21436125492307614,ROA_0928_final_no_velocity_scale0125,2559,2026-09-28_17-06-19
-0.0005061738193035126,-0.0007850117981433868,-0.002236664295196533,0.0003525055944919586,0.0023005388974802884,-0.44106224179267883,0.5447641015052795,0.5231608748435974,-0.441950261592865,0.9756010374339786,-0.0006396789103746414,-0.0009248498827219009,-0.0024112872779369354,0.0002146698534488678,0.0024948994991574472,-0.5417563915252686,0.432779997587204,0.3769683837890625,-0.5707437992095947,0.962083171788458,-0.00783558376133442,0.0062096682377159595,-0.00018944358453154564,-0.01130811870098114,0.003920304588973522,-0.00880001112818718,-0.000502588227391243,-0.0007692258805036545,-0.0022201333194971085,0.00035692937672138214,0.002284336515259801,-0.4569096267223358,0.538855791091919,0.5111382007598877,-0.46018508076667786,0.9837562852773282,51.20615651000001,True,-0.00013755634427070618,-0.0001543201506137848,-0.00019073486328125,-0.00014277175068855286,0.0003138888844065072,-0.0848197340965271,-0.10607204586267471,-0.13417378067970276,-0.11055333912372589,0.21950192857627832,ROA_0928_final_no_velocity_scale0125,2560,2026-09-28_17-06-19
-0.0006364192813634872,-0.0006850343197584152,-0.0019900500774383545,0.00039748847484588623,0.0020973206708620497,-0.45865771174430847,0.5727167725563049,0.5043437480926514,-0.4219733774662018,0.9804832209669703,-0.0007719267159700394,-0.0008244067430496216,-0.002158805727958679,0.00026011839509010315,0.0022929358374469437,-0.5576908588409424,0.4607411026954651,0.36200040578842163,-0.547679603099823,0.9662871382467307,-0.008782463148236275,0.007217587437480688,-0.0012295636115595698,-0.011871380731463432,0.0028444514609873295,-0.009358484297990799,-0.0006331130862236023,-0.0006668735295534134,-0.001973100006580353,0.0004020519554615021,0.0020810879806190505,-0.47446227073669434,0.567411482334137,0.49281537532806396,-0.4393444061279297,0.9888273240403724,51.226158870000006,True,-0.00013797543942928314,-0.00015632249414920807,-0.0001862645149230957,-0.00014239922165870667,0.00031229224783774386,-0.08323276042938232,-0.10668299347162247,-0.1308307945728302,-0.10833190381526947,0.21595846209362948,ROA_0928_final_no_velocity_scale0125,2561,2026-09-28_17-06-19
-0.0007673166692256927,-0.0006851740181446075,-0.0018586870282888412,0.00046156346797943115,0.002018911565383438,-0.4650971293449402,0.581882655620575,0.490348756313324,-0.40512529015541077,0.9744652097693881,-0.0009016133844852448,-0.0008260831236839294,-0.0020242761820554733,0.0003198161721229553,0.002216506108131743,-0.5618894696235657,0.4716182351112366,0.34962499141693115,-0.529906690120697,0.9602281595224992,-0.008791004307568073,0.008224459365010262,-0.0017937588272616267,-0.012337977066636086,0.0022484194487333298,-0.00989789329469204,-0.0007641501724720001,-0.0006668269634246826,-0.0018386170268058777,0.0004655681550502777,0.0020000961497598623,-0.480550080537796,0.5770062208175659,0.47899872064590454,-0.4219021499156952,0.9826953855431249,51.246179022,True,-0.00013737007975578308,-0.00015795230865478516,-0.00018700957298278809,-0.0001468230038881302,0.00031538303711536615,-0.08134356886148453,-0.10537169128656387,-0.12936395406723022,-0.1079845204949379,0.21354240881744488,ROA_0928_final_no_velocity_scale0125,2562,2026-09-28_17-06-19
-0.0008060596883296967,-0.0006426125764846802,-0.001704040914773941,0.0005564652383327484,0.0019019558421418219,-0.4767169952392578,0.5885921120643616,0.4873834252357483,-0.3992025554180145,0.9802556556267022,-0.0009411945939064026,-0.0007752329111099243,-0.001863483339548111,0.00042035244405269623,0.002087874952471714,-0.5680089592933655,0.4833172857761383,0.35284224152565,-0.5182111263275146,0.965834665057869,-0.009177591651678085,0.008655723184347153,-0.002484215423464775,-0.013444729149341583,0.0014701704494655132,-0.011092147789895535,-0.000805780291557312,-0.0006253831088542938,-0.0016854610294103622,0.0005623325705528259,0.0018865699099960271,-0.49134060740470886,0.5840221047401428,0.47673141956329346,-0.415117472410202,0.9881370980425224,51.266156742,True,-0.00013560056686401367,-0.00015022233128547668,-0.00017890706658363342,-0.00014291144907474518,0.0003045979327406669,-0.07664132863283157,-0.10070017725229263,-0.12387148290872574,-0.10311789065599442,0.20368676047680953,ROA_0928_final_no_velocity_scale0125,2563,2026-09-28_17-06-19
-0.0007524155080318451,-0.0006628222763538361,-0.0016997568309307098,0.0006650574505329132,0.0018978932719138965,-0.4651415944099426,0.571617841720581,0.48129165172576904,-0.391083300113678,0.9582434593821201,-0.0008869916200637817,-0.0007929280400276184,-0.001858314499258995,0.0005248002707958221,0.0020644870923340417,-0.5547506213188171,0.4687327742576599,0.34844034910202026,-0.5089975595474243,0.9444905435529534,-0.009175781160593033,0.008546700701117516,-0.0025674989446997643,-0.01394687034189701,0.0013742735609412193,-0.011661382392048836,-0.0007510185241699219,-0.0006479211151599884,-0.001679733395576477,0.0006720423698425293,0.0018815154030274801,-0.4792492687702179,0.566692054271698,0.47057679295539856,-0.4066861867904663,0.9654689200846296,51.286157597000006,True,-0.00013690441846847534,-0.0001448206603527069,-0.00017941929399967194,-0.0001457519829273224,0.0003045633500590948,-0.07555726915597916,-0.09803473204374313,-0.12215784937143326,-0.10231928527355194,0.2006588959279655,ROA_0928_final_no_velocity_scale0125,2564,2026-09-28_17-06-19
-0.0006804242730140686,-0.00058002769947052,-0.0017235521227121353,0.000736769288778305,0.0019247610805206506,-0.4667835235595703,0.5685528516769409,0.4875454902648926,-0.39830243587493896,0.9635933840739074,-0.0008113682270050049,-0.0007039867341518402,-0.0018798746168613434,0.0006000977009534836,0.002069480495871743,-0.5534086227416992,0.4688463807106018,0.3575039803981781,-0.513236939907074,0.9498836565642538,-0.00953470729291439,0.00896555557847023,-0.0027213268913328648,-0.013545460999011993,0.0011685891076922417,-0.01131611317396164,-0.0006819143891334534,-0.0005642883479595184,-0.0017036683857440948,0.0007436145097017288,0.0019099051991762377,-0.4804646372795105,0.5633718967437744,0.476968914270401,-0.4138634204864502,0.9704813224856879,51.306157557000006,True,-0.00013131648302078247,-0.000138208270072937,-0.0001750420778989792,-0.00014435499906539917,0.0002958214759042613,-0.07292814552783966,-0.09451153874397278,-0.1194830909371376,-0.09938794374465942,0.19487017645614182,ROA_0928_final_no_velocity_scale0125,2565,2026-09-28_17-06-19
-0.0005634501576423645,-0.0005012378096580505,-0.0017716549336910248,0.0007693655788898468,0.0019609238577138234,-0.46930086612701416,0.5708522796630859,0.5065644979476929,-0.41814517974853516,0.9842010369903109,-0.0006898306310176849,-0.000621844083070755,-0.0019254162907600403,0.0006339512765407562,0.002087736011131416,-0.5549471378326416,0.4723537564277649,0.37679073214530945,-0.5319011211395264,0.9702493056606257,-0.010272008366882801,0.009853014722466469,-0.002838079584762454,-0.011798299849033356,0.001014668494462967,-0.009526433423161507,-0.0005610287189483643,-0.000486522912979126,-0.0017515849322080612,0.000776117667555809,0.0019451695612710466,-0.4830686151981354,0.5653938055038452,0.4957848787307739,-0.4340260922908783,0.9910219801724591,51.326159597,True,-0.00012898817658424377,-0.0001362524926662445,-0.00017709098756313324,-0.00014193356037139893,0.0002937966020132433,-0.07189624011516571,-0.09304004907608032,-0.11899321526288986,-0.09787315130233765,0.19268015093449412,ROA_0928_final_no_velocity_scale0125,2566,2026-09-28_17-06-19
-0.00043446198105812073,-0.0005462206900119781,-0.0018713995814323425,0.0008075032383203506,0.002047327417335879,-0.4557249844074249,0.5577728152275085,0.49285075068473816,-0.40790483355522156,0.9588889411633035,-0.0005560927093029022,-0.0006663613021373749,-0.0020264647901058197,0.0006730202585458755,0.0021625965771653066,-0.5415249466896057,0.45991501212120056,0.3638891279697418,-0.5205850601196289,0.9452561367056002,-0.010682121850550175,0.010320240631699562,-0.0032954190392047167,-0.010092893615365028,0.0005553355440497398,-0.007777463644742966,-0.0004330649971961975,-0.0005341134965419769,-0.0018504448235034943,0.0008133240044116974,0.002030403168200605,-0.4695625901222229,0.5519362092018127,0.4818350672721863,-0.4239412844181061,0.9655135208305294,51.346157573000006,True,-0.00012274831533432007,-0.00013345852494239807,-0.0001739710569381714,-0.00014100223779678345,0.0002874074190767073,-0.07196702063083649,-0.0920155942440033,-0.11798366159200668,-0.09665637463331223,0.19102842398659348,ROA_0928_final_no_velocity_scale0125,2567,2026-09-28_17-06-19
-0.0002703629434108734,-0.0005253590643405914,-0.002028048038482666,0.0007657799869775772,0.002168938033375676,-0.44448113441467285,0.54780113697052,0.4752534329891205,-0.3943573534488678,0.9331257712086849,-0.00038938596844673157,-0.0006427057087421417,-0.0021820422261953354,0.0006298068910837173,0.0022804947220865773,-0.5316715240478516,0.44954192638397217,0.3448794484138489,-0.5082180500030518,0.9199554125217847,-0.010408539324998856,0.010815316811203957,-0.0032202096190303564,-0.008596764877438545,0.0006172473076730967,-0.006293243262916803,-0.000272504985332489,-0.0005115754902362823,-0.002009887248277664,0.0007729977369308472,0.0021546589652770504,-0.4584127962589264,0.541506290435791,0.4637795388698578,-0.4104748070240021,0.9393926908157251,51.36615839700001,True,-0.00011762604117393494,-0.00013140961527824402,-0.0001739710569381714,-0.00014281831681728363,0.0002851585669155846,-0.073249451816082,-0.09198486059904099,-0.11890986561775208,-0.0977683737874031,0.1927198146274998,ROA_0928_final_no_velocity_scale0125,2568,2026-09-28_17-06-19
-0.00017052516341209412,-0.00040763989090919495,-0.002185627818107605,0.0006089918315410614,0.0022695738608972324,-0.4324149191379547,0.5333078503608704,0.4388568699359894,-0.363791823387146,0.8881865218510359,-0.00028656795620918274,-0.0005224719643592834,-0.0023338012397289276,0.0004748813807964325,0.0023885599620361085,-0.5187634229660034,0.43624264001846313,0.3122771084308624,-0.47374701499938965,0.8750471847705185,-0.009660959243774414,0.010250497609376907,-0.003022516379132867,-0.00842580758035183,0.0006015037652105093,-0.006319302134215832,-0.00016996636986732483,-0.0003948807716369629,-0.0021659769117832184,0.0006172806024551392,0.0022529214413562156,-0.44612210988998413,0.5269516110420227,0.42759019136428833,-0.37920287251472473,0.8940846054867996,51.386160149000006,True,-0.00011455267667770386,-0.0001251697540283203,-0.00016712583601474762,-0.00014514662325382233,0.0002784794679167033,-0.07263850420713425,-0.09066331386566162,-0.11533404886722565,-0.09451712667942047,0.18806118348681414,ROA_0928_final_no_velocity_scale0125,2569,2026-09-28_17-06-19
-0.0001214444637298584,-0.0004511326551437378,-0.0023940112441778183,0.0005662441253662109,0.0024601088796739135,-0.41082221269607544,0.5094287395477295,0.4128471314907074,-0.3413117825984955,0.8416006372543653,-0.00023227185010910034,-0.0005600973963737488,-0.0025425106287002563,0.00042673200368881226,0.002581875594835039,-0.4967115521430969,0.41427648067474365,0.28366920351982117,-0.454031378030777,0.8294607270488548,-0.007840877398848534,0.01004810817539692,-0.0016042180359363556,-0.00764854159206152,0.0019313558004796505,-0.0057598138228058815,-0.00012218952178955078,-0.00043744221329689026,-0.0023748259991407394,0.0005760230123996735,0.002443737743718074,-0.4241298735141754,0.5029355883598328,0.4010407626628876,-0.3566865026950836,0.8469627917571101,51.406167341,True,-0.00010980293154716492,-0.00012218952178955078,-0.00017043203115463257,-0.00014938414096832275,0.0002794624578734835,-0.07258914411067963,-0.08864234387874603,-0.11738831549882889,-0.09732087701559067,0.18991713748213573,ROA_0928_final_no_velocity_scale0125,2570,2026-09-28_17-06-19
-3.4458935260772705e-06,-0.00030659139156341553,-0.002369983121752739,0.0004942063242197037,0.002421697965388492,-0.4090880751609802,0.5038939118385315,0.41437333822250366,-0.3438414931297302,0.8394075372508393,-0.00011101365089416504,-0.000416487455368042,-0.00251594465225935,0.0003500375896692276,0.002540737537463603,-0.49445590376853943,0.40975210070610046,0.28551018238067627,-0.45507654547691345,0.8270013992943374,-0.006735237315297127,0.009383441880345345,-0.0004836786538362503,-0.0077906944788992405,0.002876941580325365,-0.006026376970112324,-4.563480615615845e-06,-0.0002932734787464142,-0.0023488420993089676,0.0005035661160945892,0.002402901600222543,-0.4221508204936981,0.49739235639572144,0.4028356373310089,-0.3591650128364563,0.8447227636881955,51.426164101000005,True,-0.0001082196831703186,-0.00012097880244255066,-0.00016826670616865158,-0.0001501757651567459,0.0002774797024519214,-0.07226504385471344,-0.08764396607875824,-0.11735991388559341,-0.09593180567026138,0.18858357967937955,ROA_0928_final_no_velocity_scale0125,2571,2026-09-28_17-06-19
5.159527063369751e-05,-0.0004811212420463562,-0.0025138724595308304,0.000577862374484539,0.002584428916118603,-0.3959759771823883,0.4870285987854004,0.41676637530326843,-0.3461984395980835,0.8253288003498395,-5.4389238357543945e-05,-0.0005880370736122131,-0.002664932981133461,0.00043655745685100555,0.0027007867007094646,-0.4818364679813385,0.3939727246761322,0.28310224413871765,-0.4625706672668457,0.8141209018075269,-0.006019946187734604,0.009634330868721008,0.0006235644686967134,-0.006526116281747818,0.003966578748077154,-0.004855073522776365,5.112960934638977e-05,-0.00046957284212112427,-0.002493569627404213,0.0005857087671756744,0.0025663996773155236,-0.40877050161361694,0.48037803173065186,0.4045911729335785,-0.3619086742401123,0.8303028199038469,51.446161372000006,True,-0.00010905787348747253,-0.00011790543794631958,-0.00017620623111724854,-0.0001526903361082077,0.00028274651573553263,-0.07303431630134583,-0.08640158176422119,-0.12149754166603088,-0.10064616054296494,0.19345783889868984,ROA_0928_final_no_velocity_scale0125,2572,2026-09-28_17-06-19
0.00016437843441963196,-0.0003651715815067291,-0.0024972017854452133,0.0005122274160385132,0.0025601242830701645,-0.41449907422065735,0.5038855075836182,0.44316935539245605,-0.3741055130958557,0.8694271795557895,5.9604644775390625e-05,-0.00047245994210243225,-0.002651382237672806,0.0003711087629199028,0.0026802097988355496,-0.49874743819236755,0.4121968448162079,0.3095252811908722,-0.48978206515312195,0.8578124469833449,-0.006764614954590797,0.010418172925710678,0.0005722872447222471,-0.005906511098146439,0.0037129572592675686,-0.004364123567938805,0.00016419216990470886,-0.00035585835576057434,-0.0024755019694566727,0.0005203066393733025,0.0025405469247016445,-0.427257239818573,0.4974212348461151,0.4311739206314087,-0.39008256793022156,0.8746795659951464,51.46616162,True,-0.00010477378964424133,-0.00011753290891647339,-0.00017369166016578674,-0.00015259720385074615,0.0002792759103184389,-0.07147714495658875,-0.08520203828811646,-0.12166238576173782,-0.099699005484581,0.19189837374528437,ROA_0928_final_no_velocity_scale0125,2573,2026-09-28_17-06-19
0.00020507723093032837,-0.0005145557224750519,-0.002617458812892437,0.0005337875336408615,0.0026890726078509014,-0.3996528387069702,0.4839654862880707,0.43992510437965393,-0.37297627329826355,0.8490794510245593,9.94652509689331e-05,-0.0006205402314662933,-0.002770707942545414,0.0003938097506761551,0.002805010981230092,-0.4828898012638092,0.3939410448074341,0.30576202273368835,-0.4897785484790802,0.838197081595861,-0.006901625078171492,0.011218201369047165,0.0006797078531235456,-0.004443841986358166,0.0036757183261215687,-0.002992645837366581,0.00020433217287063599,-0.0005058012902736664,-0.0025951070711016655,0.000542541965842247,0.0026690428175800513,-0.41207391023635864,0.47742944955825806,0.427787184715271,-0.38900667428970337,0.8540638736304782,51.486159660000006,True,-0.00010402873158454895,-0.00011865049600601196,-0.00017478596419095993,-0.00015203841030597687,0.00027974299744157213,-0.07082149386405945,-0.08347443491220474,-0.1220342144370079,-0.10078399628400803,0.19178286079500115,ROA_0928_final_no_velocity_scale0125,2574,2026-09-28_17-06-19
0.0002446584403514862,-0.0006427057087421417,-0.0026702648028731346,0.0005999114364385605,0.0027641953600490957,-0.3911498785018921,0.4718666672706604,0.43066567182540894,-0.36386212706565857,0.8295400507496924,0.00013997778296470642,-0.0007482245564460754,-0.002827821299433708,0.0004578847438097,0.0028769896521353548,-0.47466808557510376,0.3822324573993683,0.2957361042499542,-0.4822651147842407,0.8194227688931472,-0.007795213721692562,0.011677125468850136,-2.7454923838377e-05,-0.0035722109023481607,0.0028416160494089127,-0.0021752058528363705,0.0002444721758365631,-0.0006332993507385254,-0.0026502180844545364,0.0006070127710700035,0.002746380302501436,-0.4034908413887024,0.46515461802482605,0.4181971251964569,-0.38004153966903687,0.8343005709984175,51.506159748,True,-0.00010170042514801025,-0.00011492520570755005,-0.00017494894564151764,-0.00014884863048791885,0.0002756610614045645,-0.07112603634595871,-0.082911916077137,-0.12246262282133102,-0.10221241414546967,0.1927536269658076,ROA_0928_final_no_velocity_scale0125,2575,2026-09-28_17-06-19
0.00026496127247810364,-0.0007141381502151489,-0.00272383913397789,0.0006039626896381378,0.0028220771282585267,-0.37527361512184143,0.45279690623283386,0.41454842686653137,-0.34921732544898987,0.7966182521129571,0.0001628883183002472,-0.0008192844688892365,-0.002879137173295021,0.00046798959374427795,0.0029326415107290994,-0.45920905470848083,0.36332568526268005,0.28041934967041016,-0.4676321744918823,0.7871709918091809,-0.007937422022223473,0.01168816164135933,-9.546312503516674e-05,-0.002940400969237089,0.0026211622171103954,-0.0015901813749223948,0.0002658925950527191,-0.0007062219083309174,-0.0027041416615247726,0.0006164424121379852,0.0028062055258616463,-0.38759130239486694,0.4459265470504761,0.4019553065299988,-0.36525073647499084,0.801150592140348,51.526163260000004,True,-0.0001037493348121643,-0.00011529773473739624,-0.0001737847924232483,-0.00014686957001686096,0.00027481690133199395,-0.07162056863307953,-0.08257291465997696,-0.12159300595521927,-0.10239192843437195,0.19240275594858294,ROA_0928_final_no_velocity_scale0125,2576,2026-09-28_17-06-19
0.00028228387236595154,-0.0007607974112033844,-0.0028125010430812836,0.0006367452442646027,0.002919484642523379,-0.3577452003955841,0.433611661195755,0.3886846601963043,-0.324074387550354,0.7531417823710054,0.00018347054719924927,-0.000866129994392395,-0.002963980659842491,0.0004983972758054733,0.003024459701201997,-0.4415847063064575,0.3446712791919708,0.25391554832458496,-0.4440080225467682,0.7444113244627404,-0.00796995498239994,0.011630110442638397,-0.0002659829333424568,-0.0027379123494029045,0.0023504518903791904,-0.0014528636820614338,0.0002853572368621826,-0.0007534399628639221,-0.0027914997190237045,0.0006472691893577576,0.0029023390407592995,-0.3699893057346344,0.4266313910484314,0.375729501247406,-0.34013134241104126,0.7574294485733966,51.546165812000005,True,-0.00010440126061439514,-0.00011427327990531921,-0.00017369166016578674,-0.00015026889741420746,0.0002765524576554481,-0.07156562060117722,-0.08196848630905151,-0.1218356117606163,-0.10384339094161987,0.19311338693667446,ROA_0928_final_no_velocity_scale0125,2577,2026-09-28_17-06-19
0.00029280781745910645,-0.0008010305464267731,-0.002780882641673088,0.000639772042632103,0.002893587747540729,-0.3405315577983856,0.41612422466278076,0.3889365792274475,-0.32517242431640625,0.735733115815791,0.00018971040844917297,-0.0009027309715747833,-0.0029345043003559113,0.0005023553967475891,0.0029981783260991665,-0.42476969957351685,0.32718849182128906,0.2545032203197479,-0.44502943754196167,0.7274376327268238,-0.007325844839215279,0.011101176962256432,0.00045156292617321014,-0.002710097935050726,0.002998592797666788,-0.0014542245771735907,0.00029243528842926025,-0.0007924623787403107,-0.0027609290555119514,0.0006492249667644501,0.0028766822379908403,-0.352768212556839,0.40906479954719543,0.3759502172470093,-0.3412573039531708,0.7399572422821259,51.566162860000006,True,-0.00010812655091285706,-0.00011315569281578064,-0.00017292331904172897,-0.00014989636838436127,0.0002769834819341474,-0.07200893014669418,-0.08188094198703766,-0.12147146463394165,-0.10374932736158371,0.1929883447917366,ROA_0928_final_no_velocity_scale0125,2578,2026-09-28_17-06-19
0.00030975788831710815,-0.0008060596883296967,-0.002742419019341469,0.0006879214197397232,0.002873420185262224,-0.3451034128665924,0.42206886410713196,0.3988693654537201,-0.33299505710601807,0.7497613657681131,0.00020917505025863647,-0.0009142793715000153,-0.0028968555852770805,0.0005451729521155357,0.002973577566145913,-0.4292744994163513,0.3332001864910126,0.2615002393722534,-0.45600321888923645,0.7417386482251394,-0.007482299115508795,0.011111011728644371,0.0006707226857542992,-0.0029376428574323654,0.00319879874587059,-0.0017163290176540613,0.0003112480044364929,-0.0007988885045051575,-0.002722442150115967,0.000696093775331974,0.002856828111625293,-0.3573791980743408,0.41517800092697144,0.3855610191822052,-0.34937936067581177,0.7540789112376259,51.586165764,True,-0.00010458752512931824,-0.00011352822184562683,-0.00017511192709207535,-0.00015075784176588058,0.00027748810457442,-0.07187481969594955,-0.08198152482509613,-0.12413761019706726,-0.10665971040725708,0.1962388659497861,ROA_0928_final_no_velocity_scale0125,2579,2026-09-28_17-06-19
0.00032791867852211,-0.0007699243724346161,-0.0027077272534370422,0.000613904558122158,0.0028219733799853134,-0.3440929353237152,0.417764276266098,0.39748311042785645,-0.33402931690216064,0.7468674827611563,0.00022333115339279175,-0.000875815749168396,-0.0028599752113223076,0.0004759291186928749,0.002924046157423486,-0.4265960156917572,0.3299750089645386,0.2643207311630249,-0.45298805832862854,0.7384562200896105,-0.007149165961891413,0.010628579184412956,0.0010077990591526031,-0.0032815614249557257,0.0034143426455557346,-0.0021116924472153187,0.0003304332494735718,-0.0007623806595802307,-0.0026888446882367134,0.0006239395588636398,0.0028067941291490465,-0.3561088740825653,0.411109983921051,0.38485461473464966,-0.3499407172203064,0.7512630451621717,51.606166651,True,-0.00010458752512931824,-0.00011278316378593445,-0.00016933772712945938,-0.0001455657184123993,0.00027077395251113483,-0.07044896483421326,-0.08112470805644989,-0.12054852396249771,-0.10304897278547287,0.19110589394128868,ROA_0928_final_no_velocity_scale0125,2580,2026-09-28_17-06-19
0.0003337860107421875,-0.0008171424269676208,-0.002727983519434929,0.0006540678441524506,0.0028553249402710015,-0.3455597758293152,0.4207249581813812,0.4043935239315033,-0.3378875255584717,0.75439827494084,0.00022873282432556152,-0.0009248964488506317,-0.002887379378080368,0.0005086883902549744,0.0029594988402300744,-0.42840462923049927,0.33269262313842773,0.26735779643058777,-0.4613501727581024,0.7465522602425049,-0.007846925407648087,0.010874934494495392,0.0008756369352340698,-0.0033517570700496435,0.00327945314347744,-0.0022048605605959892,0.0003351829946041107,-0.0008106231689453125,-0.0027088914066553116,0.0006635673344135284,0.0028398888608522238,-0.3575458824634552,0.41414889693260193,0.3912546634674072,-0.35393911600112915,0.7586324429443859,51.626163155,True,-0.000106077641248703,-0.0001150183379650116,-0.00017648562788963318,-0.00015310943126678467,0.00028082483782035595,-0.07084757089614868,-0.08143576979637146,-0.12395041435956955,-0.10739149898290634,0.19592564941568968,ROA_0928_final_no_velocity_scale0125,2581,2026-09-28_17-06-19
0.0003579072654247284,-0.0007281079888343811,-0.0026279594749212265,0.0005558598786592484,0.0027350381839428444,-0.3539230525493622,0.4290165305137634,0.41845834255218506,-0.35290396213531494,0.7771906761223637,0.0002503395080566406,-0.0008334405720233917,-0.002774689346551895,0.0004166737198829651,0.0028323036750944434,-0.43535417318344116,0.34152713418006897,0.28667691349983215,-0.47099030017852783,0.7686083361596371,-0.00809524953365326,0.010511839762330055,0.0008875243365764618,-0.003831239650025964,0.0031776409596204758,-0.00271160202100873,0.00035902485251426697,-0.0007186084985733032,-0.0026096589863300323,0.0005649402737617493,0.002719668171201863,-0.36589986085891724,0.4226621091365814,0.4061262309551239,-0.3684481978416443,0.7816632342459573,51.646166507000004,True,-0.00010617077350616455,-0.00011315569281578064,-0.0001689419150352478,-0.00014901161193847656,0.0002732705519669529,-0.06947200745344162,-0.08113308995962143,-0.11950823664665222,-0.1025814488530159,0.1898179777209329,ROA_0928_final_no_velocity_scale0125,2582,2026-09-28_17-06-19
0.0003059394657611847,-0.0006699934601783752,-0.0025626737624406815,0.0003854278475046158,0.0026243224831762157,-0.36158037185668945,0.442853182554245,0.444611519575119,-0.3809565603733063,0.8151076065366661,0.00019427388906478882,-0.0007827766239643097,-0.0027151312679052353,0.00024600885808467865,0.0027400846023399447,-0.44504737854003906,0.35195237398147583,0.3137988746166229,-0.49888667464256287,0.8063147534154359,-0.008427765220403671,0.012370599433779716,0.0012179529294371605,-0.0021063066087663174,0.0034776772372424603,-0.0009565877262502909,0.0003089196979999542,-0.0006585381925106049,-0.0025446992367506027,0.0003931112587451935,0.002608458434456876,-0.3741541802883148,0.43665429949760437,0.4323185086250305,-0.39635270833969116,0.8198876940828428,51.666169955,True,-0.00011147931218147278,-0.00012256205081939697,-0.0001708976924419403,-0.00014919787645339966,0.0002804972031033695,-0.0708848237991333,-0.08473078906536102,-0.11853547394275665,-0.10254373401403427,0.19120469534712434,ROA_0928_final_no_velocity_scale0125,2583,2026-09-28_17-06-19
0.00028368085622787476,-0.0006916932761669159,-0.0024926848709583282,0.0003470107913017273,0.002546619037931486,-0.3638686537742615,0.44711583852767944,0.45856738090515137,-0.3955242931842804,0.8328577769589729,0.00017369166016578674,-0.0008054077625274658,-0.0026430003345012665,0.0002100132405757904,0.002662912482765476,-0.44755634665489197,0.3548133969306946,0.3309347629547119,-0.510382890701294,0.8234284776465407,-0.00838334672152996,0.012040235102176666,0.0017878254875540733,-0.0024641493801027536,0.003979885950684547,-0.0013064052909612656,0.00028526410460472107,-0.0006812624633312225,-0.0024750828742980957,0.00035534612834453583,0.0025309498384862095,-0.37667712569236755,0.44111812114715576,0.44678428769111633,-0.41056421399116516,0.8379052800038539,51.686161467000005,True,-0.00011147931218147278,-0.00012544915080070496,-0.00016801059246063232,-0.0001475214958190918,0.00027906966832995275,-0.07084757089614868,-0.08629634231328964,-0.11585652083158493,-0.09982845932245255,0.18871830752350402,ROA_0928_final_no_velocity_scale0125,2584,2026-09-28_17-06-19
0.00035259872674942017,-0.0007958151400089264,-0.0025097280740737915,0.000439351424574852,0.0025973590577294753,-0.3490093946456909,0.4344070255756378,0.45763930678367615,-0.3939019441604614,0.8182248720689612,0.0002386048436164856,-0.0009177252650260925,-0.002655619755387306,0.0002995133399963379,0.00269658148457831,-0.4352703392505646,0.3396086096763611,0.3313366174697876,-0.5078012943267822,0.80898107257943,-0.008790791966021061,0.01095668412744999,0.0017960197292268276,-0.003378213383257389,0.003972390200942755,-0.0021860531996935606,0.0003539957106113434,-0.0007871538400650024,-0.0024909619241952896,0.0004485715180635452,0.0025814240326459195,-0.36209169030189514,0.42822861671447754,0.44591817259788513,-0.40866944193840027,0.8231754632660727,51.706163027,True,-0.0001169741153717041,-0.00013029202818870544,-0.00016624107956886292,-0.00014710240066051483,0.0002822859493595254,-0.073176808655262,-0.08860136568546295,-0.11460854858160019,-0.09913648664951324,0.1895631122778938,ROA_0928_final_no_velocity_scale0125,2585,2026-09-28_17-06-19
0.0003814697265625,-0.0008553266525268555,-0.0024523120373487473,0.0004905276000499725,0.0025644902288106133,-0.3366730809211731,0.42164790630340576,0.4618889391422272,-0.3959499001502991,0.8096251900910045,0.0002705492079257965,-0.0009762123227119446,-0.002593686804175377,0.0003573484718799591,0.002653013725966283,-0.42307841777801514,0.3266362249851227,0.3395983874797821,-0.5061677694320679,0.8003662234787519,-0.009210281074047089,0.010249199345707893,0.001826683059334755,-0.003834514645859599,0.003953211009502411,-0.0026404201053082943,0.0003857538104057312,-0.0008467584848403931,-0.0024310778826475143,0.000496814027428627,0.0025466378366773364,-0.3497553765773773,0.41547882556915283,0.45070841908454895,-0.41027551889419556,0.8145729412383332,51.726163499,True,-0.00011632218956947327,-0.00013289973139762878,-0.00016111880540847778,-0.00014328397810459137,0.00027819376213224467,-0.07328484207391739,-0.08884723484516144,-0.11110956966876984,-0.09591224789619446,0.18594420541522236,ROA_0928_final_no_velocity_scale0125,2586,2026-09-28_17-06-19
0.0004498288035392761,-0.0009624287486076355,-0.0025090761482715607,0.0005999580025672913,0.0026720098421094403,-0.3109220266342163,0.39678624272346497,0.44969189167022705,-0.38112977147102356,0.7717278998620903,0.0003376975655555725,-0.0010868534445762634,-0.0026526395231485367,0.00046798959374427795,0.0027513380149513044,-0.39807331562042236,0.3017829656600952,0.32928305864334106,-0.4902905523777008,0.7632788324826237,-0.009760737419128418,0.010162541642785072,0.001666900236159563,-0.0036405043210834265,0.0037698079831898212,-0.0024521539453417063,0.0004548579454421997,-0.0009529292583465576,-0.0024934299290180206,0.0006097368896007538,0.002661201916855834,-0.3237984776496887,0.3905352056026459,0.4387022852897644,-0.3950437307357788,0.7763732960479316,51.746166851000005,True,-0.00011725351214408875,-0.00013345852494239807,-0.00016102567315101624,-0.00014258548617362976,0.00027843449345903826,-0.07426366209983826,-0.08872802555561066,-0.10945554077625275,-0.09529245644807816,0.1850572236986713,ROA_0928_final_no_velocity_scale0125,2587,2026-09-28_17-06-19
0.0004852190613746643,-0.001071300357580185,-0.0025941990315914154,0.000627618283033371,0.002777215855063091,-0.2869991362094879,0.373309463262558,0.4435456097126007,-0.3738403022289276,0.7430098168234517,0.0003695487976074219,-0.0011970289051532745,-0.0027359463274478912,0.0004949979484081268,0.0028500561152362616,-0.3757234513759613,0.2776104807853699,0.32426321506500244,-0.48244601488113403,0.7353494831632432,-0.01042682584375143,0.010735087096691132,0.0013513490557670593,-0.002875289414077997,0.0034468388184905052,-0.0016703230794519186,0.0004905276000499725,-0.0010622665286064148,-0.0025774817913770676,0.0006366521120071411,0.002765587419360905,-0.299845814704895,0.3667287230491638,0.43257883191108704,-0.3876965343952179,0.7474047087000176,51.766164890000006,True,-0.00011688098311424255,-0.00013355165719985962,-0.00015669502317905426,-0.00013993121683597565,0.0002745067135813737,-0.07587205618619919,-0.08913687616586685,-0.10838358849287033,-0.09474436938762665,0.18505928965624324,ROA_0928_final_no_velocity_scale0125,2588,2026-09-28_17-06-19
0.00042282044887542725,-0.0011348165571689606,-0.002664094790816307,0.0005572568625211716,0.002808835649378241,-0.28885528445243835,0.376149982213974,0.44398146867752075,-0.37555813789367676,0.7462843678043435,0.0003014691174030304,-0.001257099211215973,-0.0028036534786224365,0.00042729079723358154,0.0028861783825892898,-0.37908923625946045,0.2786060571670532,0.3248462378978729,-0.484333336353302,0.73861044153777,-0.011563398875296116,0.011676643043756485,0.00012767501175403595,-0.0019915022421628237,0.0022177714854478836,-0.0007552208844572306,0.00042514875531196594,-0.0011239200830459595,-0.002644723281264305,0.0005621463060379028,0.0027921524693281094,-0.3021070659160614,0.3692246675491333,0.43280652165412903,-0.3896206319332123,0.7507176362020317,51.786167122,True,-0.00012218952178955078,-0.00013541430234909058,-0.00016121193766593933,-0.0001383945345878601,0.00027946323770809467,-0.07697194814682007,-0.09058135747909546,-0.10799988359212875,-0.09469641000032425,0.1859602325604394,ROA_0928_final_no_velocity_scale0125,2589,2026-09-28_17-06-19
0.00033015385270118713,-0.0011449679732322693,-0.002663908526301384,0.0004596542567014694,0.0027615435293231135,-0.30134057998657227,0.38660314679145813,0.4506325125694275,-0.3837975561618805,0.764704945814087,0.0002057291567325592,-0.0012692995369434357,-0.0028111040592193604,0.0003295019268989563,0.0028571722880031958,-0.39278340339660645,0.28742754459381104,0.3309803903102875,-0.4931320250034332,0.7567410627022003,-0.01229221373796463,0.012021919712424278,-0.0008785687386989594,-0.00167664117179811,0.0011719944886863232,-0.000435051042586565,0.00033332034945487976,-0.0011352822184562683,-0.002648681402206421,0.00046873465180397034,0.0027495907989499753,-0.3150021433830261,0.37940311431884766,0.43920379877090454,-0.39819347858428955,0.7692607887171117,51.806165130000004,True,-0.00012544915080070496,-0.00013690441846847534,-0.0001609325408935547,-0.0001409091055393219,0.00028283888955032803,-0.0777198001742363,-0.0919736847281456,-0.10832025855779648,-0.09492970257997513,0.18722678874008822,ROA_0928_final_no_velocity_scale0125,2590,2026-09-28_17-06-19
0.00024922192096710205,-0.0011330470442771912,-0.002705911174416542,0.0003848224878311157,0.0027686021467611616,-0.31355953216552734,0.39368119835853577,0.4552108943462372,-0.39050960540771484,0.7795626203357118,0.00012246891856193542,-0.0012598931789398193,-0.0028487294912338257,0.00025937333703041077,0.002872489469213463,-0.4042265713214874,0.2947402894496918,0.33581581711769104,-0.4994608163833618,0.7711638431460663,-0.013453971594572067,0.01180952601134777,-0.0018509308574721217,-0.0022899629548192024,0.00017220061272382736,-0.0010714784730225801,0.00025229528546333313,-0.0011249445378780365,-0.0026879366487264633,0.0003939494490623474,0.002753417763928373,-0.3273580074310303,0.38638243079185486,0.4437183737754822,-0.4052007496356964,0.7842708932373769,51.826165154,True,-0.00012777745723724365,-0.00013420358300209045,-0.00016060657799243927,-0.00013471581041812897,0.0002793548003594744,-0.07679499685764313,-0.09164958447217941,-0.10797939449548721,-0.09426893293857574,0.18611693538474156,ROA_0928_final_no_velocity_scale0125,2591,2026-09-28_17-06-19
0.0001687556505203247,-0.0011154450476169586,-0.0026250723749399185,0.0002990011125802994,0.0026616090697800534,-0.312468945980072,0.38926953077316284,0.4463419020175934,-0.3818659782409668,0.7675823708061164,3.688037395477295e-05,-0.0012402422726154327,-0.0027607660740613937,0.00017220154404640198,0.002769063820313508,-0.404261976480484,0.2892007827758789,0.3288159966468811,-0.48941510915756226,0.759205140833358,-0.01438796054571867,0.011701781302690506,-0.0030164066702127457,-0.002345348009839654,-0.0010170757304877043,-0.0011066964361816645,0.00016959384083747864,-0.0011057592928409576,-0.002606259658932686,0.00030761584639549255,0.0026445706414913567,-0.32659152150154114,0.38170161843299866,0.43484193086624146,-0.3965180218219757,0.7722958761732566,51.846163674,True,-0.00012926757335662842,-0.00013364478945732117,-0.00015543773770332336,-0.00013266690075397491,0.0002759710050560485,-0.07761921733617783,-0.09249336272478104,-0.10607344657182693,-0.0928943008184433,0.1851034555053152,ROA_0928_final_no_velocity_scale0125,2592,2026-09-28_17-06-19
7.385388016700745e-05,-0.0011589378118515015,-0.002657948061823845,0.00020316801965236664,0.0026717342073605795,-0.28102004528045654,0.35166364908218384,0.4170234203338623,-0.3544408679008484,0.7054994095075096,-5.62518835067749e-05,-0.0012890435755252838,-0.0028005801141262054,8.069910109043121e-05,0.0028018251713270476,-0.3755185604095459,0.24969595670700073,0.29984673857688904,-0.46228474378585815,0.6978265853585987,-0.013799715787172318,0.011236073449254036,-0.0031046622898429632,-0.0022647015284746885,-0.001042254501953721,-0.0009641628712415695,7.841736078262329e-05,-0.0011499971151351929,-0.002641836181282997,0.00021159648895263672,0.0026569692039649265,-0.2953437864780426,0.34360772371292114,0.4052910804748535,-0.36906588077545166,0.7098927632834506,51.866165426,True,-0.00013401731848716736,-0.0001369975507259369,-0.00015781261026859283,-0.0001308973878622055,0.0002802789325299578,-0.08014775067567825,-0.09392014890909195,-0.10548485070466995,-0.0932370275259018,0.18680208486279815,ROA_0928_final_no_velocity_scale0125,2593,2026-09-28_17-06-19
6.332993507385254e-06,-0.001044943928718567,-0.002716667950153351,4.968605935573578e-05,0.002717262022870199,-0.2918131649494171,0.3648679554462433,0.4163537919521332,-0.3547831177711487,0.716199157954928,-0.00012246891856193542,-0.0011784955859184265,-0.002863537520170212,-7.385388016700745e-05,0.0028693827679792294,-0.3883596360683441,0.26059800386428833,0.2966024875640869,-0.4649287760257721,0.7082422689368466,-0.01372747216373682,0.010866537690162659,-0.003131851786747575,-0.0029792622663080692,-0.0009762635454535484,-0.0016247783787548542,1.0617077350616455e-05,-0.0010368414223194122,-0.0027006492018699646,5.6158751249313354e-05,0.002701457660493546,-0.3066547214984894,0.3568120002746582,0.4043215811252594,-0.3697783648967743,0.7209230488044132,51.886166954000004,True,-0.00013401731848716736,-0.00014165416359901428,-0.000162515789270401,-0.0001317821443080902,0.0002853975237147305,-0.08169002085924149,-0.09625031799077988,-0.10775262117385864,-0.09514810144901276,0.19082908953372535,ROA_0928_final_no_velocity_scale0125,2594,2026-09-28_17-06-19
-8.800998330116272e-05,-0.0008765608072280884,-0.0027473084628582,-0.00011613592505455017,0.0027529159241528314,-0.32258498668670654,0.39670056104660034,0.4462841749191284,-0.38844624161720276,0.7791558150253663,-0.00022025778889656067,-0.0010113231837749481,-0.0028983689844608307,-0.0002428889274597168,0.00292640427537107,-0.4201391637325287,0.2905288636684418,0.3231405019760132,-0.5006552338600159,0.7701502863231927,-0.012774300761520863,0.01063733734190464,-0.00237473426386714,-0.0034873434342443943,-7.031555287539959e-05,-0.002045638393610716,-8.381903171539307e-05,-0.000867992639541626,-0.0027325935661792755,-0.00011138617992401123,0.0027377414205225306,-0.33792200684547424,0.3887787163257599,0.4341709315776825,-0.40424007177352905,0.7845831981838712,51.906169338000005,True,-0.00013522803783416748,-0.00014510005712509155,-0.0001676846295595169,-0.00013029202818870544,0.00028965123218238154,-0.08219293504953384,-0.09826849400997162,-0.11108069866895676,-0.09642215073108673,0.19445310900929208,ROA_0928_final_no_velocity_scale0125,2595,2026-09-28_17-06-19
-0.00014295801520347595,-0.0006799586117267609,-0.0028586480766534805,-0.00035688281059265137,0.0028901793871035646,-0.3595016598701477,0.4430887997150421,0.4796399474143982,-0.4239915609359741,0.8546624778275724,-0.00027064234018325806,-0.0008224509656429291,-0.0030254945158958435,-0.0004918314516544342,0.00309277809361615,-0.4596523642539978,0.3337683081626892,0.34776467084884644,-0.5436362624168396,0.8450371567499507,-0.01247216947376728,0.010957511141896248,-0.0018203908111900091,-0.00413909275084734,0.0007419190369546413,-0.0025921757332980633,-0.00013690441846847534,-0.0006679445505142212,-0.002843327820301056,-0.0003512948751449585,0.0028736512816499335,-0.3754049241542816,0.4354696571826935,0.46697860956192017,-0.4408568739891052,0.8608441960495433,51.926166096,True,-0.0001319684088230133,-0.00015115365386009216,-0.00018239952623844147,-0.00014025717973709106,0.0003038345316265428,-0.08423160016536713,-0.10170973092317581,-0.11923303455114365,-0.10279658436775208,0.20478433294438603,ROA_0928_final_no_velocity_scale0125,2596,2026-09-28_17-06-19
-0.0002452172338962555,-0.000499282032251358,-0.002854038029909134,-0.0005004927515983582,0.0029165172925441738,-0.3979429304599762,0.49026867747306824,0.5058855414390564,-0.45298781991004944,0.9243739612158707,-0.0003762543201446533,-0.0006450340151786804,-0.0030283816158771515,-0.0006402842700481415,0.0031369861387238744,-0.5002692341804504,0.37724801898002625,0.36918649077415466,-0.5762642025947571,0.913428352417397,-0.011185532435774803,0.01031295396387577,-0.000724999001249671,-0.005593107081949711,0.002024188172072172,-0.0038972876500338316,-0.000243261456489563,-0.00048512592911720276,-0.0028389040380716324,-0.0004990026354789734,0.002900947321406584,-0.41438543796539307,0.48300620913505554,0.4932042062282562,-0.4706028699874878,0.9314374235675158,51.946182278,True,-0.0001344829797744751,-0.0001603737473487854,-0.00018835999071598053,-0.0001423526555299759,0.0003135345865043489,-0.08588190376758575,-0.10574328899383545,-0.12408522516489029,-0.1056739091873169,0.21155555001684562,ROA_0928_final_no_velocity_scale0125,2597,2026-09-28_17-06-19
-0.0005043111741542816,-0.00023441389203071594,-0.0026298221200704575,-0.0006671063601970673,0.002767677225140048,-0.45521461963653564,0.5569736957550049,0.528518557548523,-0.4782862663269043,1.0098359434283373,-0.000644288957118988,-0.0003845430910587311,-0.002803187817335129,-0.0007941387593746185,0.0030026540113700117,-0.5590896606445312,0.4397425651550293,0.39688727259635925,-0.5953800678253174,0.9963407124620841,-0.009829021990299225,0.010031256824731827,0.0003928346559405327,-0.007227272726595402,0.003137214109301567,-0.005437097512185574,-0.0005019828677177429,-0.00021709129214286804,-0.0026168301701545715,-0.0006632879376411438,0.0027531022948941645,-0.47222429513931274,0.550555944442749,0.5173231363296509,-0.49542027711868286,1.0181730277910843,51.966168251000006,True,-0.00013988465070724487,-0.0001642853021621704,-0.00018617138266563416,-0.00012759119272232056,0.0003095209972699229,-0.08684209734201431,-0.11080782115459442,-0.12043583393096924,-0.09996210783720016,0.20933385351964315,ROA_0928_final_no_velocity_scale0125,2598,2026-09-28_17-06-19
-0.0007877126336097717,-0.0002785585820674896,-0.0024062348529696465,-0.0006087822839617729,0.00261789227546963,-0.4663867652416229,0.5793775916099548,0.523712694644928,-0.4696952998638153,1.0204154660558835,-0.0009337440133094788,-0.00044070184230804443,-0.0025807414203882217,-0.0007369788363575935,0.002871408760520116,-0.5746902823448181,0.45597922801971436,0.3918618857860565,-0.586919903755188,1.0056538465657225,-0.007586043328046799,0.009288929402828217,0.0019060317426919937,-0.008174982853233814,0.004763525910675526,-0.006221703719347715,-0.0007830560207366943,-0.00025974586606025696,-0.002393219619989395,-0.0006066868081688881,0.0026025069346182327,-0.484236478805542,0.5732122659683228,0.5129570960998535,-0.4867028594017029,1.0294896902932595,51.986167184,True,-0.00015115365386009216,-0.00017927959561347961,-0.00018775463104248047,-0.00012775417417287827,0.0003234079618983416,-0.09046214818954468,-0.11723022162914276,-0.1211257129907608,-0.10021333396434784,0.21463529150274932,ROA_0928_final_no_velocity_scale0125,2599,2026-09-28_17-06-19
-0.0011844560503959656,-0.00035259872674942017,-0.0020210864022374153,-0.00044729094952344894,0.0024096398343016992,-0.4587927758693695,0.5816069841384888,0.5005989074707031,-0.43880680203437805,0.9918190328265014,-0.001337192952632904,-0.0005154870450496674,-0.0021915417164564133,-0.0005717622116208076,0.0026767460240513298,-0.5677269697189331,0.4564467668533325,0.3714030385017395,-0.5542179346084595,0.9765617381626336,-0.0061136651784181595,0.008314816281199455,0.0027906238101422787,-0.009053369984030724,0.005580500699579716,-0.0069661252200603485,-0.0011818483471870422,-0.00033350661396980286,-0.0020060688257217407,-0.0004455680027604103,0.0023931762257901655,-0.47679707407951355,0.5760045647621155,0.4903073310852051,-0.45505884289741516,1.001160803450553,52.006170054,True,-0.00015599653124809265,-0.0001817941665649414,-0.0001878710463643074,-0.00012605451047420502,0.00032649617289208873,-0.0909147709608078,-0.11957529187202454,-0.11893454194068909,-0.0991278737783432,0.21434746310935984,ROA_0928_final_no_velocity_scale0125,2600,2026-09-28_17-06-19
-0.0014704186469316483,-0.00041099265217781067,-0.0016813632100820541,-0.00020263250917196274,0.0022735870938592625,-0.44203269481658936,0.5653472542762756,0.4550800323486328,-0.38490092754364014,0.9281391945429742,-0.001615891233086586,-0.0005742069333791733,-0.001854938454926014,-0.00032994430512189865,0.0025390117972586964,-0.5479556918144226,0.4433165192604065,0.3264334499835968,-0.5017856359481812,0.913680907370681,-0.005384655203670263,0.006604128982871771,0.003090889658778906,-0.011380905285477638,0.005884859710931778,-0.009304998442530632,-0.0014669261872768402,-0.0003922265022993088,-0.0016663456335663795,-0.00019951257854700089,0.0022575804204178723,-0.4595792591571808,0.5604168176651001,0.444467157125473,-0.4005732238292694,0.9372736300285989,52.026172475,True,-0.00014933757483959198,-0.00018347054719924927,-0.00018810387700796127,-0.00013206154108047485,0.0003267065412825996,-0.08837971091270447,-0.11710728704929352,-0.11803162842988968,-0.10123872011899948,0.212555473196745,ROA_0928_final_no_velocity_scale0125,2601,2026-09-28_17-06-19
-0.001507531851530075,-0.0003914348781108856,-0.0015288125723600388,-3.173481673002243e-05,0.0021678662180706363,-0.43714556097984314,0.5492302179336548,0.4120800793170929,-0.33889198303222656,0.8771910618736494,-0.0016443897038698196,-0.0005427747964859009,-0.001703621819615364,-0.00016239937394857407,0.00241938780902777,-0.5360832214355469,0.4351464807987213,0.2841877043247223,-0.4569115936756134,0.8640409543451055,-0.0041231876239180565,0.004573241341859102,0.0037045516073703766,-0.014405718073248863,0.006535239517688751,-0.01250007189810276,-0.0015041325241327286,-0.0003739260137081146,-0.0015134457498788834,-2.87545844912529e-05,0.0021528207308344994,-0.45333659648895264,0.544730544090271,0.4010896384716034,-0.3540990650653839,0.8855624373884923,52.046169265,True,-0.0001392792910337448,-0.0001696404069662094,-0.00018889550119638443,-0.0001339241862297058,0.00031622853704308247,-0.08275731652975082,-0.10962411016225815,-0.11690216511487961,-0.10279425978660583,0.2065524857476103,ROA_0928_final_no_velocity_scale0125,2602,2026-09-28_17-06-19
-0.0015347730368375778,-0.0003093387931585312,-0.001237879041582346,5.2852556109428406e-06,0.0019861594510388607,-0.4857885539531708,0.5870952606201172,0.4657500982284546,-0.3829343318939209,0.9675071286090517,-0.0016643665730953217,-0.0004485715180635452,-0.0014051911421120167,-0.00012576347216963768,0.0022193977320601375,-0.5771093964576721,0.4805861711502075,0.3399958312511444,-0.49846047163009644,0.9545309272157504,-0.003790912451222539,0.004060676787048578,0.004366151988506317,-0.01750953681766987,0.007221702486276627,-0.015771152451634407,-0.0015315599739551544,-0.0002923887223005295,-0.001222151331603527,9.883660823106766e-06,0.0019721170034417757,-0.5006345510482788,0.582955539226532,0.45505374670028687,-0.3978257179260254,0.9753033070697736,52.066171654,True,-0.0001316424459218979,-0.00015809200704097748,-0.00018315622583031654,-0.00013509998098015785,0.0003045915780401592,-0.07647927850484848,-0.10238493978977203,-0.11506396532058716,-0.10064150393009186,0.1981806059967817,ROA_0928_final_no_velocity_scale0125,2603,2026-09-28_17-06-19
-0.0014613848179578781,-5.5925920605659485e-05,-0.00115975271910429,5.5227428674697876e-05,0.0018656800125738113,-0.5447179675102234,0.6411715745925903,0.5083773136138916,-0.4181435704231262,1.0642359801619499,-0.0015866942703723907,-0.00018654391169548035,-0.0013191252946853638,-7.604248821735382e-05,0.002072343757639471,-0.6309025883674622,0.5402871966362,0.3835584223270416,-0.5327516198158264,1.0516031336248866,-0.005272899754345417,0.003895270172506571,0.00425857724621892,-0.020563216879963875,0.007156741805374622,-0.018934547901153564,-0.0014595221728086472,-3.8743019104003906e-05,-0.0011431984603404999,6.102491170167923e-05,0.001853957549661306,-0.5585893392562866,0.6370276212692261,0.497613787651062,-0.43256834149360657,1.071266398820471,52.086170396,True,-0.0001259148120880127,-0.00014728866517543793,-0.00017725396901369095,-0.00013685785233974457,0.0002946013830838517,-0.07234886288642883,-0.09683752059936523,-0.11401762813329697,-0.10011018812656403,0.19299375014595754,ROA_0928_final_no_velocity_scale0125,2604,2026-09-28_17-06-19
-0.001390744000673294,0.00021173618733882904,-0.0009853625670075417,9.373761713504791e-05,0.0017194926916997168,-0.5993251204490662,0.696186900138855,0.5828346610069275,-0.4815731346607208,1.1856280182089725,-0.0015056692063808441,8.996576070785522e-05,-0.0011432450264692307,-4.055909812450409e-05,0.001891104003184047,-0.6807576417922974,0.6007919907569885,0.4574013650417328,-0.5949046015739441,1.172683096911985,-0.007790787611156702,0.00482136057689786,0.0033081634901463985,-0.022354191169142723,0.006285841576755047,-0.020767008885741234,-0.0013893470168113708,0.000228220596909523,-0.0009675044566392899,0.00010044313967227936,0.0017106335899179322,-0.6122542023658752,0.6919367909431458,0.5722434520721436,-0.4963862895965576,1.192281056466229,52.106171153000005,True,-0.000118231400847435,-0.00013737007975578308,-0.00017618294805288315,-0.000140373595058918,0.0002879176323958248,-0.068531833589077,-0.09115877747535706,-0.11482951045036316,-0.09849341213703156,0.18842504542436847,ROA_0928_final_no_velocity_scale0125,2605,2026-09-28_17-06-19
-0.0013450626283884048,0.0003424938768148422,-0.001015886664390564,9.736977517604828e-05,0.0017181547611800636,-0.6137038469314575,0.7092519402503967,0.5756458044052124,-0.47194257378578186,1.1932654899426671,-0.0014611054211854935,0.0002259388566017151,-0.0011710450053215027,-3.655441105365753e-05,0.0018788063564588078,-0.6963661313056946,0.6142551898956299,0.4504089951515198,-0.584967851638794,1.181121696856744,-0.010311199352145195,0.004844572860747576,0.0017866715788841248,-0.023172477260231972,0.004850718192756176,-0.021521709859371185,-0.0013430602848529816,0.0003570225089788437,-0.0009977258741855621,0.00010407529771327972,0.0017092486817255695,-0.6264200806617737,0.7042484283447266,0.5648550391197205,-0.48665839433670044,1.199274395826457,52.126171239,True,-0.00011869706213474274,-0.00013262033462524414,-0.00017508864402770996,-0.00014156103134155273,0.00028612876020307467,-0.06996467709541321,-0.08995132148265839,-0.11446000635623932,-0.09830714762210846,0.18820708451276907,ROA_0928_final_no_velocity_scale0125,2606,2026-09-28_17-06-19
-0.00121360644698143,0.0003111083060503006,-0.0010986346751451492,0.0001537613570690155,0.0016708209631030812,-0.622832179069519,0.7189888954162598,0.5869916081428528,-0.4806942045688629,1.2125426627862381,-0.001329602673649788,0.00019283033907413483,-0.0012568198144435883,1.7415732145309448e-05,0.0018359388985893146,-0.7080584168434143,0.6225346326828003,0.45809102058410645,-0.5954536199569702,1.2001602174285035,-0.012127753347158432,0.006313012447208166,2.313661389052868e-05,-0.021698052063584328,0.0032961019314825535,-0.019969601184129715,-0.0012100208550691605,0.0003276858478784561,-0.0010786112397909164,0.00016209669411182404,0.0016589801415425691,-0.63577800989151,0.713201642036438,0.5756672024726868,-0.4961802363395691,1.2183448424304208,52.1461751,True,-0.00011706724762916565,-0.0001319684088230133,-0.0001773238182067871,-0.0001439359039068222,0.0002876858585849181,-0.07230695337057114,-0.09067914634943008,-0.11759483814239502,-0.09924498945474625,0.19182970650424178,ROA_0928_final_no_velocity_scale0125,2607,2026-09-28_17-06-19
-0.0010464340448379517,0.00026747584342956543,-0.0011461786925792694,0.00018756836652755737,0.0015844965884861835,-0.6297959089279175,0.7236531972885132,0.6083151698112488,-0.49877628684043884,1.2364236547045908,-0.0011620577424764633,0.00014868564903736115,-0.0013087410479784012,4.544854164123535e-05,0.0017552292880805259,-0.7161593437194824,0.6268022060394287,0.4738350212574005,-0.6168591380119324,1.2234370364760734,-0.013653356581926346,0.007780942600220442,-0.0013147939462214708,-0.01976943016052246,0.002205925527960062,-0.017843667417764664,-0.0010457821190357208,0.0002842862159013748,-0.001126900315284729,0.00019459985196590424,0.0015737659144055018,-0.6429904103279114,0.7174752950668335,0.5963346362113953,-0.5150935649871826,1.2422115831148042,52.166175602,True,-0.00011506490409374237,-0.00013331882655620575,-0.0001830514520406723,-0.00014943070709705353,0.00029368093478091147,-0.0731709823012352,-0.09065237641334534,-0.12249825149774551,-0.1017209067940712,0.19641089439965642,ROA_0928_final_no_velocity_scale0125,2608,2026-09-28_17-06-19
-0.0008973293006420135,0.00016838312149047852,-0.0013128388673067093,0.00025299377739429474,0.0016189783647220983,-0.615539014339447,0.706320583820343,0.5936422348022461,-0.48445814847946167,1.206154021495258,-0.0010095536708831787,4.9266964197158813e-05,-0.0014780554920434952,0.00010794028639793396,0.0017937443472013596,-0.7038330435752869,0.6091166138648987,0.4545785188674927,-0.6059510111808777,1.193529276030131,-0.014203835278749466,0.008652862161397934,-0.0022851289249956608,-0.01800241880118847,0.001413237303495407,-0.0160080436617136,-0.0008952803909778595,0.00018300488591194153,-0.0012930016964673996,0.0002600718289613724,0.0016045257664833385,-0.6290115118026733,0.6996290683746338,0.580748975276947,-0.5014151930809021,1.2116903093685552,52.186171143,True,-0.00011418014764785767,-0.00013168901205062866,-0.00018496066331863403,-0.00015362165868282318,0.00029607273416292184,-0.07483642548322678,-0.09048449993133545,-0.12621143460273743,-0.10452046245336533,0.20080009840367574,ROA_0928_final_no_velocity_scale0125,2609,2026-09-28_17-06-19
-0.0007295049726963043,0.00012833625078201294,-0.001339241862297058,0.00023050233721733093,0.0015476892492763004,-0.6254594326019287,0.7128538489341736,0.6053251624107361,-0.49839866161346436,1.2266395339170928,-0.0008406117558479309,1.0896474123001099e-05,-0.001505296677350998,8.540228009223938e-05,0.0017259573169143515,-0.7138829231262207,0.6162607669830322,0.463540643453598,-0.6210384368896484,1.2137072128565267,-0.015871677547693253,0.01016196608543396,-0.0041455598548054695,-0.016613367944955826,-0.00036631454713642597,-0.014612806960940361,-0.0007286667823791504,0.00014193356037139893,-0.0013189390301704407,0.0002387911081314087,0.0015322034871771675,-0.6390520930290222,0.7060672640800476,0.5922713279724121,-0.5159918069839478,1.2323967788565036,52.206172349000006,True,-0.00011138617992401123,-0.0001323409378528595,-0.00018738210201263428,-0.00015255063772201538,0.0002959884894312235,-0.07480103522539139,-0.08979159593582153,-0.12872087955474854,-0.10504293441772461,0.20230217781665988,ROA_0928_final_no_velocity_scale0125,2610,2026-09-28_17-06-19
-0.0005572102963924408,-0.0001216307282447815,-0.0016985461115837097,0.0004332512617111206,0.0018269954273633286,-0.5663856863975525,0.6506489515304565,0.5332040190696716,-0.4337131679058075,1.0991175946273413,-0.0006671994924545288,-0.00024121254682540894,-0.0018687918782234192,0.0002835877239704132,0.0019932520827741227,-0.6584320068359375,0.5531460046768188,0.3855600655078888,-0.562265932559967,1.0878835103783058,-0.015882473438978195,0.011077363044023514,-0.005207674577832222,-0.014063593000173569,-0.001351029146462679,-0.011998442932963371,-0.0005552545189857483,-0.00010952353477478027,-0.0016783364117145538,0.0004400499165058136,0.001809635649927332,-0.5801151990890503,0.6432486176490784,0.5190651416778564,-0.45177245140075684,1.1043556870645026,52.226174962,True,-0.0001107342541217804,-0.00013131648302078247,-0.00019259750843048096,-0.00015525147318840027,0.0002999562945669174,-0.07832329720258713,-0.09013432264328003,-0.13353489339351654,-0.11062062531709671,0.20992672093226092,ROA_0928_final_no_velocity_scale0125,2611,2026-09-28_17-06-19
-0.0004085712134838104,-0.0003335997462272644,-0.002095382660627365,0.0007024034857749939,0.002228556914429016,-0.4870053231716156,0.5660103559494019,0.39344465732574463,-0.3060726225376129,0.8940005535978091,-0.0005200505256652832,-0.0004478730261325836,-0.0022668391466140747,0.0005576759576797485,0.0023700847929688526,-0.5807904005050659,0.46929529309272766,0.2467036098241806,-0.435320645570755,0.8854165687757259,-0.017494454979896545,0.009653303772211075,-0.0078101023100316525,-0.013094611465930939,-0.0038683353923261166,-0.010960966348648071,-0.0004061497747898102,-0.00032139942049980164,-0.0020771287381649017,0.0007119961082935333,0.002214261466214287,-0.5003232359886169,0.5581182837486267,0.379085510969162,-0.32366064190864563,0.8984591607631115,52.24617197600001,True,-0.00011231750249862671,-0.00012479722499847412,-0.00018998980522155762,-0.0001539476215839386,0.00029582886738694486,-0.080637626349926,-0.08890683948993683,-0.1318175345659256,-0.11160223931074142,0.20992827089948812,ROA_0928_final_no_velocity_scale0125,2612,2026-09-28_17-06-19
-0.0003175809979438782,-0.0005876645445823669,-0.0023431144654750824,0.0008316710591316223,0.002488616269198283,-0.41056516766548157,0.48502159118652344,0.3394652009010315,-0.2580825090408325,0.7613878643413658,-0.0004334375262260437,-0.0007048249244689941,-0.002518109977245331,0.0006807968020439148,0.002620092856513306,-0.5089342594146729,0.38604995608329773,0.19020213186740875,-0.390577107667923,0.7544332373785465,-0.017475159838795662,0.009067965671420097,-0.00891825370490551,-0.011498158797621727,-0.004992181900888681,-0.00926351360976696,-0.00031581148505210876,-0.0005775131285190582,-0.002328585833311081,0.000837910920381546,0.0024769938034661337,-0.4239529073238373,0.47663968801498413,0.32471489906311035,-0.27553829550743103,0.7653909319771963,52.266173917,True,-0.00011650845408439636,-0.0001298263669013977,-0.0001932494342327118,-0.00015720725059509277,0.0003032983742692939,-0.0849822461605072,-0.09057949483394623,-0.13450346887111664,-0.115006223320961,0.21591591126704793,ROA_0928_final_no_velocity_scale0125,2613,2026-09-28_17-06-19
-0.000332854688167572,-0.0007068738341331482,-0.002362765371799469,0.0008452683687210083,0.0025106594212602473,-0.3736167848110199,0.4466664791107178,0.31757447123527527,-0.23718084394931793,0.7003072084011106,-0.0004477333277463913,-0.000830506905913353,-0.002533942461013794,0.0006975606083869934,0.002637850238743839,-0.47230204939842224,0.3476603627204895,0.1708427369594574,-0.36719533801078796,0.693482657148362,-0.01854429394006729,0.007051489781588316,-0.01006285846233368,-0.012056713923811913,-0.006237423047423363,-0.009813595563173294,-0.0003300607204437256,-0.0006954651325941086,-0.002345070242881775,0.0008535571396350861,0.002496734496529715,-0.38698408007621765,0.438435435295105,0.3032665550708771,-0.2542482614517212,0.7044048289429814,52.286176467000004,True,-0.00011478550732135773,-0.0001330394297838211,-0.00018747523427009583,-0.00015478581190109253,0.00029900684258187904,-0.0852891206741333,-0.09077554196119308,-0.1324005424976349,-0.1129908412694931,0.213745391884967,ROA_0928_final_no_velocity_scale0125,2614,2026-09-28_17-06-19
-0.0002651941031217575,-0.0008166301995515823,-0.0025175511837005615,0.0008122995495796204,0.0026453539389518837,-0.3208261728286743,0.39473825693130493,0.2870289385318756,-0.20881927013397217,0.6156965656026825,-0.0003805384039878845,-0.0009436160326004028,-0.00269133597612381,0.0006581656634807587,0.0027750403132592856,-0.42207396030426025,0.29407814145088196,0.1411736011505127,-0.33928731083869934,0.609809208661136,-0.018768122419714928,0.006180475931614637,-0.010355327278375626,-0.011988716199994087,-0.0066785914823412895,-0.009784763678908348,-0.0002614222466945648,-0.0008063856512308121,-0.0025014393031597137,0.0008198432624340057,0.002632365829087261,-0.334187388420105,0.38639408349990845,0.27270054817199707,-0.22513139247894287,0.61940661916492,52.306176616,True,-0.00012158416211605072,-0.00013671815395355225,-0.00018980354070663452,-0.000162515789270401,0.0003090471212666644,-0.08789496123790741,-0.09235552698373795,-0.1315288245677948,-0.11431331932544708,0.21570272493073162,ROA_0928_final_no_velocity_scale0125,2615,2026-09-28_17-06-19
-0.00017224811017513275,-0.0009004492312669754,-0.002604350447654724,0.0008331611752510071,0.0027368740625246437,-0.27355271577835083,0.3503388464450836,0.2579362988471985,-0.18359626829624176,0.5406424811502698,-0.0002915970981121063,-0.0010284129530191422,-0.002772826701402664,0.0006728805601596832,0.002853642676063646,-0.3747674524784088,0.2501048147678375,0.11358223110437393,-0.3135576844215393,0.5352677435064057,-0.018336938694119453,0.005626819562166929,-0.01021838840097189,-0.011703023687005043,-0.006663900800049305,-0.009567741304636002,-0.0001689419150352478,-0.0008910428732633591,-0.0025872141122817993,0.0008422881364822388,0.0027236043193663265,-0.28662383556365967,0.3419206440448761,0.24360044300556183,-0.1993924230337143,0.5439224342252593,52.326177278,True,-0.00012167729437351227,-0.00013695098459720612,-0.00018561258912086487,-0.00016763806343078613,0.0003096003281785228,-0.08814594894647598,-0.09183212369680405,-0.13002659380435944,-0.11416337639093399,0.2146311079207479,ROA_0928_final_no_velocity_scale0125,2616,2026-09-28_17-06-19
-4.5960769057273865e-05,-0.0009421724826097488,-0.0027426518499851227,0.0009203329682350159,0.002905489523695309,-0.23251445591449738,0.3137364685535431,0.23014096915721893,-0.1596398502588272,0.4748516643188556,-0.00016489066183567047,-0.0010672956705093384,-0.0029169023036956787,0.0007555820047855377,0.0030153916572262045,-0.33284956216812134,0.21470943093299866,0.08641741424798965,-0.2903807759284973,0.47020232594153516,-0.017573587596416473,0.00525550777092576,-0.009567968547344208,-0.011541209183633327,-0.006129284854978323,-0.009532591328024864,-4.1583552956581116e-05,-0.0009320676326751709,-0.0027266331017017365,0.0009309500455856323,0.0028943043610306376,-0.24514365196228027,0.3054239749908447,0.21577438712120056,-0.17492471635341644,0.4777177277874497,52.346177683,True,-0.00012312084436416626,-0.00013560056686401367,-0.00019064173102378845,-0.0001730397343635559,0.00031563556194476463,-0.08765607327222824,-0.0906982421875,-0.12929923832416534,-0.11542811244726181,0.21423182611787273,ROA_0928_final_no_velocity_scale0125,2617,2026-09-28_17-06-19
8.824281394481659e-05,-0.0009587965905666351,-0.0029033049941062927,0.0009875744581222534,0.003093850756188746,-0.18825241923332214,0.2771615982055664,0.2050073742866516,-0.13987253606319427,0.4102773368809948,-3.1152740120887756e-05,-0.0010848511010408401,-0.0030815601348876953,0.000821426510810852,0.0032000806460812845,-0.288112074136734,0.17890426516532898,0.060630958527326584,-0.27251988649368286,0.40650701902438907,-0.016769446432590485,0.005452207755297422,-0.008782481774687767,-0.010761488229036331,-0.005460810847580433,-0.00888820830732584,9.220093488693237e-05,-0.0009507406502962112,-0.0028881244361400604,0.0009976327419281006,0.0030835383844383243,-0.20070233941078186,0.2687442898750305,0.19024032354354858,-0.15504471957683563,0.4127779496689364,52.366178825000006,True,-0.00012279488146305084,-0.00013541430234909058,-0.00019297003746032715,-0.00017993152141571045,0.0003207335924884185,-0.08771707862615585,-0.0897413045167923,-0.12947525084018707,-0.11755432188510895,0.2151597170377819,ROA_0928_final_no_velocity_scale0125,2618,2026-09-28_17-06-19
0.0001630745828151703,-0.000905897468328476,-0.002973061054944992,0.0009722542017698288,0.003160439238509887,-0.18018530309200287,0.27517321705818176,0.1985747218132019,-0.1380210667848587,0.4014582511468634,4.2980536818504333e-05,-0.001032557338476181,-0.0031513627618551254,0.0008032657206058502,0.0032669933938173946,-0.2799876928329468,0.17667794227600098,0.05343323200941086,-0.27233967185020447,0.39807440378250436,-0.015080616809427738,0.00554649205878377,-0.007346282247453928,-0.01011163741350174,-0.004168079234659672,-0.008358469232916832,0.0001673586666584015,-0.0008970033377408981,-0.00295848585665226,0.0009823590517044067,0.003150551756335832,-0.1926724761724472,0.2667568624019623,0.18352967500686646,-0.15319325029850006,0.4038761946377166,52.386176382,True,-0.0001251697540283203,-0.00013560056686401367,-0.00019427388906478882,-0.00018291175365447998,0.00032425440523696064,-0.08731800317764282,-0.09007564932107925,-0.13010714948177338,-0.11912639439105988,0.2163791680402874,ROA_0928_final_no_velocity_scale0125,2619,2026-09-28_17-06-19
0.00018854625523090363,-0.0008880626410245895,-0.0028687529265880585,0.0008492264896631241,0.0030252795731888107,-0.17429934442043304,0.2707163691520691,0.19500403106212616,-0.13724015653133392,0.3939000615390427,6.62636011838913e-05,-0.001008063554763794,-0.003043701872229576,0.0006845220923423767,0.003134170990917843,-0.2719615399837494,0.1733284294605255,0.055590640753507614,-0.2667396068572998,0.39019799439683867,-0.013505936600267887,0.004726423416286707,-0.005928286351263523,-0.01040225476026535,-0.0029697129502892494,-0.008761070668697357,0.00019157305359840393,-0.0008772127330303192,-0.002852967008948326,0.0008613336831331253,0.0030143146986574615,-0.18667800724506378,0.2624485492706299,0.18046748638153076,-0.15188054740428925,0.39631188712149396,52.40618242,True,-0.0001261010766029358,-0.00013294629752635956,-0.00019115395843982697,-0.00017569400370121002,0.00031761485678213013,-0.08525838702917099,-0.0891280323266983,-0.12486613541841507,-0.11487025022506714,0.20966391291071265,ROA_0928_final_no_velocity_scale0125,2620,2026-09-28_17-06-19
0.00022910535335540771,-0.0009237322956323624,-0.002767099067568779,0.000800425186753273,0.00292308510183925,-0.15724869072437286,0.25703245401382446,0.19268737733364105,-0.134321391582489,0.374444776441129,0.0001043081283569336,-0.0010483898222446442,-0.0029431190341711044,0.0006326008588075638,0.003029652162904372,-0.255489706993103,0.1584538221359253,0.053569670766592026,-0.2640807032585144,0.3711242515210632,-0.0118130873888731,0.005225735250860453,-0.00407511368393898,-0.009812152944505215,-0.0012481105513870716,-0.008242647163569927,0.00023082830011844635,-0.0009149778634309769,-0.002751033753156662,0.0008109491318464279,0.0029113234559249566,-0.16979685425758362,0.24872365593910217,0.178026020526886,-0.14881742000579834,0.3768143342448332,52.426182601,True,-0.00012945383787155151,-0.00013406388461589813,-0.0001925043761730194,-0.0001802109181880951,0.0003228101031194396,-0.08569563925266266,-0.09027029573917389,-0.12445355951786041,-0.11524836719036102,0.21028939549472744,ROA_0928_final_no_velocity_scale0125,2621,2026-09-28_17-06-19
0.0002575106918811798,-0.0009106006473302841,-0.002663256600499153,0.000645732507109642,0.002783297041780145,-0.1522027850151062,0.2530617415904999,0.19606667757034302,-0.1377388834953308,0.37242585668939016,0.00013047829270362854,-0.0010346528142690659,-0.0028380658477544785,0.00048158690333366394,0.002896525126190974,-0.24806147813796997,0.15621306002140045,0.0606621578335762,-0.26439034938812256,0.36938645519997765,-0.010226412676274776,0.004958400968462229,-0.0024198235478252172,-0.009732167236506939,0.0002524356823414564,-0.0082723842933774,0.00026025809347629547,-0.0009026844054460526,-0.0026471447199583054,0.000656861811876297,0.002771382944507399,-0.16455258429050446,0.24492478370666504,0.18173035979270935,-0.15183351933956146,0.3747401209072156,52.446184031,True,-0.0001291278749704361,-0.00012996606528759003,-0.00018845312297344208,-0.0001759268343448639,0.0003162253848557526,-0.0835922509431839,-0.08877831697463989,-0.12105470150709152,-0.1125098168849945,0.2052783716288663,ROA_0928_final_no_velocity_scale0125,2622,2026-09-28_17-06-19
0.00028670765459537506,-0.0007893424481153488,-0.0025904737412929535,0.00047264620661735535,0.002669793040145111,-0.15414366126060486,0.25749531388282776,0.2004331797361374,-0.1419195830821991,0.3798018484275581,0.0001607462763786316,-0.0009136740118265152,-0.0027589965611696243,0.000306079164147377,0.0027895000303191073,-0.24842749536037445,0.161588653922081,0.06680656224489212,-0.2670949101448059,0.37665997801401213,-0.008607136085629463,0.004905407782644033,-0.0008452523034065962,-0.00951395370066166,0.0017175301909446716,-0.008157575502991676,0.0002893153578042984,-0.0007808208465576172,-0.0025745946913957596,0.0004854053258895874,0.00265753190566195,-0.16634537279605865,0.24954508244991302,0.18631991744041443,-0.1558251678943634,0.3821538814787518,52.466183124000004,True,-0.00012773089110851288,-0.00012945383787155151,-0.00018598511815071106,-0.00017527490854263306,0.0003136179981416921,-0.08206208795309067,-0.08794385194778442,-0.11951848119497299,-0.11126044392585754,0.20269549867802555,ROA_0928_final_no_velocity_scale0125,2623,2026-09-28_17-06-19
0.0003745313733816147,-0.0007642433047294617,-0.0025910325348377228,0.0004475470632314682,0.0026796552731344434,-0.14951545000076294,0.25768810510635376,0.20377150177955627,-0.14519411325454712,0.3805403929601354,0.0002460554242134094,-0.0008859671652317047,-0.002764328382909298,0.0002782559022307396,0.0028003012475260234,-0.2449885755777359,0.1609269380569458,0.0675097107887268,-0.27323582768440247,0.37837672510261805,-0.007115205284208059,0.004755919333547354,0.0007519517093896866,-0.009315183386206627,0.0032726051285862923,-0.007994534447789192,0.0003783963620662689,-0.00075572170317173,-0.0025729648768901825,0.0004594679921865463,0.002665385378805136,-0.1618056446313858,0.24949245154857635,0.18924473226070404,-0.1593267023563385,0.38273960247162,52.486177994,True,-0.0001310836523771286,-0.000132853165268898,-0.00019210856407880783,-0.0001809094101190567,0.000323164823916851,-0.08318433165550232,-0.08856038749217987,-0.1217273473739624,-0.11394964158535004,0.20621546078412237,ROA_0928_final_no_velocity_scale0125,2624,2026-09-28_17-06-19
0.00041280873119831085,-0.000727921724319458,-0.0025921035557985306,0.00040903687477111816,0.0026786652833920032,-0.14621391892433167,0.25884199142456055,0.20845769345760345,-0.1512286216020584,0.3845031463741308,0.00028135254979133606,-0.0008540693670511246,-0.0027725007385015488,0.00023490283638238907,0.002806773922577108,-0.24376575648784637,0.16020144522190094,0.07045338302850723,-0.28122028708457947,0.38313909988163547,-0.005884024314582348,0.004284066613763571,0.0016668569296598434,-0.009174074977636337,0.004107329063117504,-0.007887840270996094,0.00041765160858631134,-0.0007214955985546112,-0.0025778310373425484,0.00042282044887542725,0.002668534144113356,-0.15878675878047943,0.2503148019313812,0.19353115558624268,-0.16559472680091858,0.38660609861600126,52.506178527,True,-0.0001360662281513214,-0.00013611279428005219,-0.00019497238099575043,-0.00018668361008167267,0.00033150256273203275,-0.08496036380529404,-0.0900961384177208,-0.12310361117124557,-0.11560646444559097,0.20932789859409254,ROA_0928_final_no_velocity_scale0125,2625,2026-09-28_17-06-19
0.00044247135519981384,-0.0007730443030595779,-0.002551754005253315,0.0004241941496729851,0.0026517317704528114,-0.12660351395606995,0.2412949502468109,0.2009577453136444,-0.14486093819141388,0.35853717946982955,0.00030514784157276154,-0.000906921923160553,-0.0027328496798872948,0.0002444954589009285,0.0027735690972058333,-0.22700637578964233,0.1397719532251358,0.06163306161761284,-0.27620652318000793,0.35828541356472926,-0.004555318504571915,0.003948040772229433,0.0027609970420598984,-0.00917745754122734,0.005144491791725159,-0.007919303141534328,0.0004448462277650833,-0.0007642898708581924,-0.002537923865020275,0.00043548643589019775,0.002641159350719047,-0.1395610123872757,0.23243482410907745,0.18583492934703827,-0.15947827696800232,0.36069604269256006,52.526183029,True,-0.00013918615877628326,-0.00014300458133220673,-0.00019567087292671204,-0.00019008293747901917,0.0003379664957229467,-0.08772778511047363,-0.09256088733673096,-0.12409640103578568,-0.11674197763204575,0.21273937563369183,ROA_0928_final_no_velocity_scale0125,2626,2026-09-28_17-06-19
0.00045495107769966125,-0.000760890543460846,-0.0025199144147336483,0.0004505389370024204,0.002629605300247577,-0.13863714039325714,0.25252529978752136,0.19833794236183167,-0.1430237889289856,0.3688552859717315,0.0003166496753692627,-0.0008965842425823212,-0.0027031172066926956,0.00027383212000131607,0.0027502714352318817,-0.23911799490451813,0.1504463106393814,0.05838239938020706,-0.27485713362693787,0.36701009553167824,-0.0037342605646699667,0.004020203370600939,0.0035781674087047577,-0.008896897546947002,0.0058893440291285515,-0.007668416481465101,0.00045727938413619995,-0.0007509253919124603,-0.002504698932170868,0.00046463683247566223,0.0026184791198237984,-0.151685893535614,0.24368426203727722,0.18317320942878723,-0.1578064262866974,0.37112683279836645,52.546183914000004,True,-0.00013774260878562927,-0.0001437496393918991,-0.00019710278138518333,-0.0001902109943330288,0.0003385661112142649,-0.08742603659629822,-0.09325099736452103,-0.12477952241897583,-0.11705024540424347,0.21346329224384153,ROA_0928_final_no_velocity_scale0125,2627,2026-09-28_17-06-19
0.0003645196557044983,-0.0007962808012962341,-0.0025355140678584576,0.0004434841684997082,0.002625245124408243,-0.1393980234861374,0.24589940905570984,0.1883702278137207,-0.13565213978290558,0.357643962740238,0.00022957101464271545,-0.0009286217391490936,-0.0027129310183227062,0.00026710331439971924,0.0027469461097854816,-0.23826350271701813,0.14514335989952087,0.05010189116001129,-0.2657550871372223,0.3550362063294539,-0.0031414979603141546,0.004189117345958948,0.003686966374516487,-0.00816778652369976,0.005904628895223141,-0.006991787813603878,0.00036801211535930634,-0.0007878988981246948,-0.0025185057893395424,0.00045446213334798813,0.002611820580404591,-0.15228193998336792,0.23719526827335358,0.17344170808792114,-0.1502494513988495,0.35990897100990615,52.566184928000006,True,-0.00013904646039009094,-0.00013969838619232178,-0.0001968001015484333,-0.00018830178305506706,0.0003361877688223015,-0.08594570308923721,-0.09206169843673706,-0.12330850213766098,-0.11548352986574173,0.2106123600599128,ROA_0928_final_no_velocity_scale0125,2628,2026-09-28_17-06-19
0.00028903596103191376,-0.00075511634349823,-0.0024925568141043186,0.00039712758734822273,0.002558748549260057,-0.15551643073558807,0.25861382484436035,0.19030365347862244,-0.13797461986541748,0.3752979487822742,0.00015748664736747742,-0.0008849892765283585,-0.002669752575457096,0.00022612512111663818,0.002690464250216434,-0.2527623176574707,0.15857069194316864,0.054039523005485535,-0.265839159488678,0.37102171093665753,-0.0027308575809001923,0.004181175027042627,0.004012205637991428,-0.007985164411365986,0.006130277179181576,-0.006886661984026432,0.0002926681190729141,-0.000745849683880806,-0.0024761189706623554,0.0004082219675183296,0.002545438337426373,-0.168388232588768,0.2503148019313812,0.17575731873512268,-0.15236762166023254,0.3778401310930295,52.586185045,True,-0.00013546086847782135,-0.00014281831681728363,-0.00019404105842113495,-0.00018408754840493202,0.00033198939772826925,-0.08439132571220398,-0.09172921627759933,-0.12175074964761734,-0.11345347762107849,0.20777934652401792,ROA_0928_final_no_velocity_scale0125,2629,2026-09-28_17-06-19
0.00026193447411060333,-0.0008171424269676208,-0.0025239423848688602,0.00042602187022566795,0.002592671343756352,-0.1463657170534134,0.24542443454265594,0.185993954539299,-0.13436132669448853,0.359267121047336,0.00012987293303012848,-0.000949762761592865,-0.002695654984563589,0.0002546352334320545,0.0027176421071422895,-0.24464212357997894,0.14461204409599304,0.050734493881464005,-0.2612304985523224,0.35527958621438915,-0.0022534593008458614,0.004374952521175146,0.004520191811025143,-0.007442196365445852,0.006568404845893383,-0.006371111609041691,0.00026472844183444977,-0.0008077360689640045,-0.002507469616830349,0.00043676700443029404,0.0025792338944946973,-0.15931202471256256,0.23691773414611816,0.17158080637454987,-0.14869774878025055,0.3617498873740417,52.606184075,True,-0.0001359265297651291,-0.00013993121683597565,-0.00019044382497668266,-0.00018043210729956627,0.0003268625945779046,-0.08533009886741638,-0.09231454879045486,-0.12086202949285507,-0.11253438144922256,0.207409324473653,ROA_0928_final_no_velocity_scale0125,2630,2026-09-28_17-06-19
0.00017383135855197906,-0.0009239185601472855,-0.0025574234314262867,0.0004982692189514637,0.002631397719533771,-0.13036605715751648,0.22182239592075348,0.17935514450073242,-0.1291332244873047,0.33206532783538417,3.6694109439849854e-05,-0.0010590534657239914,-0.002731510903686285,0.00032975804060697556,0.002757004976854603,-0.2323537915945053,0.11792266368865967,0.044267039746046066,-0.25586411356925964,0.32881377154888064,-0.0025961161591112614,0.004382697399705648,0.004207883030176163,-0.007057461887598038,0.006201062351465225,-0.005956273525953293,0.00017816200852394104,-0.0009149778634309769,-0.0025410205125808716,0.0005112146027386189,0.0026190752762929132,-0.1437366008758545,0.21278484165668488,0.16481545567512512,-0.1435563862323761,0.33443526418161984,52.626179296000004,True,-0.00014151446521282196,-0.00014416873455047607,-0.00019023427739739418,-0.00018004793673753738,0.0003307305111055264,-0.08863489329814911,-0.09488267451524734,-0.120562843978405,-0.11231621354818344,0.20966422383668715,ROA_0928_final_no_velocity_scale0125,2631,2026-09-28_17-06-19
9.117648005485535e-05,-0.0009980518370866776,-0.0026280642487108707,0.0005373498424887657,0.002700227950441983,-0.12071709334850311,0.20658689737319946,0.17937026917934418,-0.1315281242132187,0.3199089112061825,-4.66126948595047e-05,-0.0011343974620103836,-0.002801208756864071,0.0003712833859026432,0.0028279341699398797,-0.22414977848529816,0.10146665573120117,0.044321171939373016,-0.25838005542755127,0.3178271805937717,-0.0026900535449385643,0.004600608255714178,0.004094581585377455,-0.006496189162135124,0.0060402825474739075,-0.005412526428699493,9.476207196712494e-05,-0.0009900890290737152,-0.0026130233891308308,0.000547443050891161,0.002688407664455195,-0.13435538113117218,0.19728252291679382,0.1646808683872223,-0.14614033699035645,0.3222695883165524,52.646185814000006,True,-0.00014225952327251434,-0.00014486722648143768,-0.00018874416127800941,-0.0001773471012711525,0.00032902792579537593,-0.08999741822481155,-0.09570363163948059,-0.12029439210891724,-0.11225509643554688,0.21044186623789404,ROA_0928_final_no_velocity_scale0125,2632,2026-09-28_17-06-19
6.114132702350616e-05,-0.0010244548320770264,-0.0027178553864359856,0.0005596433766186237,0.002789483957112232,-0.1206020787358284,0.20297196507453918,0.18033035099506378,-0.13362953066825867,0.31938073737775713,-7.506459951400757e-05,-0.001159636303782463,-0.002893991768360138,0.0003932276740670204,0.0029219425300700866,-0.2226424366235733,0.09948992729187012,0.043643519282341,-0.26198533177375793,0.31813848578185716,-0.002514018677175045,0.004898864310234785,0.004031037911772728,-0.006048737093806267,0.005980988964438438,-0.004994039423763752,6.50063157081604e-05,-0.001017935574054718,-0.0027018249966204166,0.0005721230991184711,0.002777281434056531,-0.13401451706886292,0.19363918900489807,0.16541080176830292,-0.148601233959198,0.3216840909324077,52.666184395,True,-0.00014114193618297577,-0.0001432374119758606,-0.0001889537088572979,-0.0001789419911801815,0.0003288335111011104,-0.08887703716754913,-0.09402352571487427,-0.12171011418104172,-0.11344917118549347,0.21067013738359316,ROA_0928_final_no_velocity_scale0125,2633,2026-09-28_17-06-19
-2.346932888031006e-05,-0.0009763985872268677,-0.002848496660590172,0.0005290436092764139,0.00290187941937641,-0.13687507808208466,0.2164510041475296,0.18326233327388763,-0.1376079022884369,0.33809809326641566,-0.00015869736671447754,-0.001107528805732727,-0.0030244351364672184,0.00036583514884114265,0.003046594814924352,-0.23680970072746277,0.11510121822357178,0.04615803435444832,-0.26625120639801025,0.33584399935395404,-0.0016552545130252838,0.004626185167580843,0.00438082916662097,-0.00589348841458559,0.006370630115270615,-0.004836536943912506,-1.792795956134796e-05,-0.0009692739695310593,-0.0028320879209786654,0.000539637403562665,0.0028882630432679173,-0.14998577535152435,0.207293301820755,0.1683850884437561,-0.15274067223072052,0.3404525277245693,52.686181728,True,-0.0001383945345878601,-0.00013834796845912933,-0.0001898384653031826,-0.00017586862668395042,0.000324386230545242,-0.08680950105190277,-0.09215855598449707,-0.12222892045974731,-0.11349166184663773,0.20929362499531598,ROA_0928_final_no_velocity_scale0125,2634,2026-09-28_17-06-19
-7.497146725654602e-05,-0.0010477378964424133,-0.0029165297746658325,0.0006317161023616791,0.0029883622954497238,-0.12994371354579926,0.2116667926311493,0.17925944924354553,-0.13259640336036682,0.32773397049123376,-0.0002093147486448288,-0.0011814292520284653,-0.003091932740062475,0.00046427594497799873,0.0031267823978206226,-0.2317577451467514,0.10845763236284256,0.04014698415994644,-0.26318109035491943,0.3257606366564527,-0.0017911418108269572,0.004428364802151918,0.004318494815379381,-0.006194239482283592,0.006353875622153282,-0.005081715993583202,-7.059425115585327e-05,-0.001039355993270874,-0.0029004469979554415,0.0006406276952475309,0.0029749580496979643,-0.14337943494319916,0.20230095088481903,0.16412878036499023,-0.1480090320110321,0.33016855129976885,52.706186134000006,True,-0.0001424923539161682,-0.00014123506844043732,-0.00019186409190297127,-0.00017753918655216694,0.0003294746762100053,-0.08838111162185669,-0.09381631016731262,-0.12400180846452713,-0.11518131196498871,0.21262448279623408,ROA_0928_final_no_velocity_scale0125,2635,2026-09-28_17-06-19
-0.00015147961676120758,-0.001070275902748108,-0.0029544695280492306,0.0006770249456167221,0.0030326250084370503,-0.1308130919933319,0.21425819396972656,0.17539474368095398,-0.12658466398715973,0.32499551040191876,-0.00029010698199272156,-0.0012044794857501984,-0.003132387064397335,0.0005105976015329361,0.003175319158607794,-0.23419734835624695,0.10921525955200195,0.03674975410103798,-0.2568391263484955,0.3220327143184142,-0.002119299490004778,0.004091488663107157,0.003819188568741083,-0.0066855414770543575,0.00588334072381258,-0.005509810522198677,-0.00014565885066986084,-0.0010605435818433762,-0.0029386021196842194,0.0006865710020065308,0.003019612467308803,-0.14452868700027466,0.2048071324825287,0.1603250801563263,-0.14201503992080688,0.32755832879321556,52.726186604000006,True,-0.00014402903616428375,-0.0001423526555299759,-0.0001927139237523079,-0.0001757405698299408,0.0003301374676232204,-0.08964258432388306,-0.09556765854358673,-0.12356950342655182,-0.11481809616088867,0.21347391322642664,ROA_0928_final_no_velocity_scale0125,2636,2026-09-28_17-06-19
-0.00022023450583219528,-0.0011029653251171112,-0.0029514776542782784,0.0007346272468566895,0.0030420571952121983,-0.13925740122795105,0.21768896281719208,0.15937583148479462,-0.10855390876531601,0.3164462848906339,-0.00035783741623163223,-0.0012370292097330093,-0.0031258794479072094,0.0005730078555643559,0.0031810849854175525,-0.24208424985408783,0.11304812133312225,0.023381667211651802,-0.23618991672992706,0.31158196732286086,-0.0027398616075515747,0.003096131607890129,0.0028288550674915314,-0.0077730752527713776,0.004896538332104683,-0.006563984323292971,-0.0002159271389245987,-0.0010954448953270912,-0.0029351329430937767,0.0007453490979969501,0.0030289868847563598,-0.1528221070766449,0.20829516649246216,0.1448047012090683,-0.1237005889415741,0.3190083020064891,52.746189217,True,-0.00014363322407007217,-0.00014272518455982208,-0.00018880236893892288,-0.00017329584807157516,0.00032655647976106544,-0.08926284313201904,-0.09525031596422195,-0.121405228972435,-0.1124766394495964,0.21066174992336095,ROA_0928_final_no_velocity_scale0125,2637,2026-09-28_17-06-19
-0.00026389025151729584,-0.0011807307600975037,-0.002963980659842491,0.0009289942681789398,0.003108101738674681,-0.1533212959766388,0.2283831089735031,0.15048262476921082,-0.09647966176271439,0.32238591790380333,-0.0004003522917628288,-0.0013105105608701706,-0.003144168294966221,0.0007655937224626541,0.0032372078344702817,-0.2542980909347534,0.12565962970256805,0.012787523679435253,-0.22659845650196075,0.31757806572452246,-0.004194696433842182,0.0029306127689778805,0.0012238919734954834,-0.008243827149271965,0.0033331960439682007,-0.007019140757620335,-0.0002571847289800644,-0.0011726748198270798,-0.002947729080915451,0.0009389128535985947,0.003095981996688347,-0.1666243076324463,0.21919862926006317,0.1355952024459839,-0.11173495650291443,0.32482886567527636,52.766183574,True,-0.00014225952327251434,-0.00013776589184999466,-0.00019688159227371216,-0.00017329584807157516,0.00032856427821968584,-0.08765514194965363,-0.0935324877500534,-0.12279953062534332,-0.1148858517408371,0.2113418572482549,ROA_0928_final_no_velocity_scale0125,2638,2026-09-28_17-06-19
-0.0003402354195713997,-0.0011525116860866547,-0.0028484268113970757,0.0009573530405759811,0.0030054008615863358,-0.1668000966310501,0.24002672731876373,0.14482811093330383,-0.09085842967033386,0.3334793984488032,-0.00047322828322649,-0.0012770062312483788,-0.003026239573955536,0.0007976312190294266,0.0031330210578706017,-0.26482877135276794,0.13985925912857056,0.010403337888419628,-0.21833506226539612,0.32874862800506965,-0.005780170205980539,0.0031593921594321728,-0.000498434528708458,-0.008196147158741951,0.0016066175885498524,-0.0069641536101698875,-0.00033546239137649536,-0.00114350114017725,-0.002834177576005459,0.0009662238880991936,0.0029948785441395406,-0.1798747032880783,0.23118288815021515,0.13024266064167023,-0.10588625073432922,0.3359928926014319,52.786184492000004,True,-0.0001371372491121292,-0.00013548415154218674,-0.00019262079149484634,-0.00016866251826286316,0.0003203538796998112,-0.08493801206350327,-0.09128520637750626,-0.11985096335411072,-0.11246906965970993,0.20619336646336997,ROA_0928_final_no_velocity_scale0125,2639,2026-09-28_17-06-19
-0.0003679422661662102,-0.001186341978609562,-0.002763606607913971,0.0010958639904856682,0.002974797085146074,-0.17102178931236267,0.2442912608385086,0.13655562698841095,-0.08059106022119522,0.33257188335008775,-0.0004985136911273003,-0.0013111624866724014,-0.002947240136563778,0.0009367242455482483,0.003093754669062767,-0.2677498757839203,0.14534009993076324,0.0013802199391648173,-0.20943371951580048,0.32815550260718107,-0.006793771870434284,0.003146776929497719,-0.001588710700161755,-0.008743857964873314,0.0005580887664109468,-0.007493515964597464,-0.0003648456186056137,-0.0011780066415667534,-0.002749520353972912,0.0011047348380088806,0.0029652205160287572,-0.1841650754213333,0.23558199405670166,0.12168148159980774,-0.09591737389564514,0.33517886903891414,52.806188418000005,True,-0.00013494864106178284,-0.00013259705156087875,-0.00019755680114030838,-0.00016922131180763245,0.00032147856157983736,-0.08358852565288544,-0.09022419899702072,-0.12031523138284683,-0.1134958565235138,0.20601065821040165,ROA_0928_final_no_velocity_scale0125,2640,2026-09-28_17-06-19
-0.00034943222999572754,-0.001154816709458828,-0.002711266279220581,0.0010660849511623383,0.002915292725567858,-0.1804151087999344,0.2561984360218048,0.14177778363227844,-0.08553638309240341,0.3493251985274753,-0.0004783971235156059,-0.0012811971828341484,-0.0028945505619049072,0.0009090173989534378,0.0030350182094718357,-0.27694785594940186,0.15706615149974823,0.008247792720794678,-0.21284212172031403,0.34460393070432266,-0.007844924926757812,0.0033909794874489307,-0.0021997943986207247,-0.009099431335926056,-4.624947905540466e-05,-0.007821224629878998,-0.00034372787922620773,-0.001145550049841404,-0.0026973430067300797,0.0010757241398096085,0.0029062198498364003,-0.19375932216644287,0.24759255349636078,0.12700770795345306,-0.1008426696062088,0.3521386271422089,52.826184279,True,-0.00013408716768026352,-0.00013487879186868668,-0.0001952052116394043,-0.00016582198441028595,0.0003187611515338559,-0.0831470787525177,-0.09049241989850998,-0.1187671348452568,-0.11203018575906754,0.2042290574411124,ROA_0928_final_no_velocity_scale0125,2641,2026-09-28_17-06-19
-0.00030512455850839615,-0.0011429423466324806,-0.0027272384613752365,0.0011320225894451141,0.002957754227914977,-0.19399192929267883,0.26915058493614197,0.14237593114376068,-0.08338316529989243,0.36555262048682485,-0.00043243635445833206,-0.0012675067409873009,-0.002911034971475601,0.0009731855243444443,0.003069413414084912,-0.29146087169647217,0.16956472396850586,0.006520188879221678,-0.21329568326473236,0.36154533305317504,-0.009053364396095276,0.003215134609490633,-0.0033668384421616793,-0.009753286838531494,-0.0011776317842304707,-0.008475390262901783,-0.00030156224966049194,-0.0011335359886288643,-0.002712337300181389,0.0011402647942304611,0.0029475043003190193,-0.20753544569015503,0.2604026794433594,0.12708920240402222,-0.09903404116630554,0.3683486136367282,52.846184332,True,-0.0001328764483332634,-0.00013387762010097504,-0.0001986045390367508,-0.0001685693860054016,0.00032135460266750183,-0.08392566442489624,-0.09081954509019852,-0.1205420047044754,-0.11425930261611938,0.20696424478050823,ROA_0928_final_no_velocity_scale0125,2642,2026-09-28_17-06-19
-0.00024095643311738968,-0.0011594267562031746,-0.002690870314836502,0.0011621974408626556,0.0029425903672671496,-0.20475754141807556,0.27570638060569763,0.14558526873588562,-0.08322251588106155,0.37724218374281043,-0.00036319252103567123,-0.0012839678674936295,-0.0028769485652446747,0.0010023359209299088,0.0030478377433712386,-0.30188238620758057,0.17683812975883484,0.009294133633375168,-0.21395505964756012,0.37410994081971205,-0.010118575766682625,0.0029689939692616463,-0.004248152486979961,-0.010409512557089329,-0.0020488568115979433,-0.009159550070762634,-0.00023599714040756226,-0.0011499971151351929,-0.0026757363229990005,0.0011708587408065796,0.0029327896878800653,-0.21814320981502533,0.2671203017234802,0.13022403419017792,-0.09876815229654312,0.38005202847456865,52.866189986,True,-0.00013103708624839783,-0.0001346459612250328,-0.00020302832126617432,-0.00016810372471809387,0.0003232799252777168,-0.08373613655567169,-0.09031406790018082,-0.12094853073358536,-0.11523952335119247,0.20745933592864738,ROA_0928_final_no_velocity_scale0125,2643,2026-09-28_17-06-19
-0.0001801876351237297,-0.0010732794180512428,-0.0026702415198087692,0.0011760275810956955,0.002931816296181843,-0.21827267110347748,0.2901288568973541,0.16115930676460266,-0.09489990025758743,0.40326852597848684,-0.0003012362867593765,-0.0011970987543463707,-0.0028562266379594803,0.0010136514902114868,0.0030334391751224246,-0.3152729272842407,0.19153904914855957,0.02287607453763485,-0.2276352494955063,0.40006875319504137,-0.011239788495004177,0.003217011224478483,-0.005218383856117725,-0.010803168639540672,-0.002984852995723486,-0.009586857631802559,-0.00017578713595867157,-0.001061917282640934,-0.0026562251150608063,0.001185620203614235,0.0029233810023907166,-0.23147788643836975,0.28171178698539734,0.14571425318717957,-0.11046602576971054,0.4061110254781225,52.886189752,True,-0.00012721866369247437,-0.0001337612047791481,-0.00020326115190982819,-0.00016996636986732483,0.0003224630514195305,-0.08377967774868011,-0.09015132486820221,-0.12283305823802948,-0.11715199053287506,0.2095776216320658,ROA_0928_final_no_velocity_scale0125,2644,2026-09-28_17-06-19
-0.00016242265701293945,-0.0009876210242509842,-0.002618180587887764,0.0011161435395479202,0.0028573846333040313,-0.2317819595336914,0.30542582273483276,0.17997854948043823,-0.11122319102287292,0.4326885709401711,-0.0002862419933080673,-0.0011103693395853043,-0.002809101715683937,0.0009528361260890961,0.002967752353298556,-0.32908838987350464,0.20667117834091187,0.040047332644462585,-0.24530522525310516,0.42931479557358254,-0.011996638961136341,0.003771733958274126,-0.005682359449565411,-0.010915137827396393,-0.0034344210289418697,-0.009717006236314774,-0.0001562759280204773,-0.0009759794920682907,-0.0026026275008916855,0.0011250842362642288,0.0028471952229081063,-0.24488171935081482,0.29709747433662415,0.1645306944847107,-0.12680049240589142,0.4355534288002088,52.90619101,True,-0.0001295004040002823,-0.0001344829797744751,-0.0002061016857624054,-0.00017327256500720978,0.00032725704145083773,-0.08421321213245392,-0.0904216393828392,-0.12447265535593033,-0.1185140535235405,0.21159081995587362,ROA_0928_final_no_velocity_scale0125,2645,2026-09-28_17-06-19
-0.00012470409274101257,-0.0008821487426757812,-0.0025618355721235275,0.0010428018867969513,0.0027753593807066713,-0.23945605754852295,0.31757214665412903,0.20052118599414825,-0.13108737766742706,0.4589485824814936,-0.00025210902094841003,-0.0010094605386257172,-0.00275452621281147,0.0008732080459594727,0.0028904527357629145,-0.33767473697662354,0.21789361536502838,0.05860253795981407,-0.26678526401519775,0.4552677276284098,-0.012507913634181023,0.004219362046569586,-0.005839452613145113,-0.010907754302024841,-0.0035955021157860756,-0.009710744023323059,-0.00012139789760112762,-0.0008735340088605881,-0.0025488436222076416,0.0010520219802856445,0.0027671939762625693,-0.2525569796562195,0.30915671586990356,0.18503376841545105,-0.14677922427654266,0.4617829248921575,52.926190351,True,-0.00013099052011966705,-0.00013667158782482147,-0.00020773150026798248,-0.0001787673681974411,0.0003327526541286454,-0.08510052412748337,-0.09124725311994553,-0.1264088749885559,-0.1200302466750145,0.21428179398456715,ROA_0928_final_no_velocity_scale0125,2646,2026-09-28_17-06-19
-3.5157427191734314e-05,-0.0007402617484331131,-0.002460973337292671,0.0009109731763601303,0.002634450531614632,-0.24810431897640228,0.3333897292613983,0.22458656132221222,-0.15313689410686493,0.49086588190878344,-0.00016316771507263184,-0.0008693430572748184,-0.002658134326338768,0.0007411930710077286,0.0027607122524517017,-0.3475393056869507,0.2320590317249298,0.08146790415048599,-0.28955191373825073,0.4867457238601654,-0.012852558866143227,0.004494573455303907,-0.0057745142839848995,-0.011252123862504959,-0.0035472402814775705,-0.010058218613266945,-2.9010698199272156e-05,-0.000729784369468689,-0.0024471431970596313,0.0009214971214532852,0.0026257463871724824,-0.2614282965660095,0.3250366747379303,0.20904278755187988,-0.1688334047794342,0.493834797020827,52.946190685000005,True,-0.00013220123946666718,-0.00013909302651882172,-0.00020777806639671326,-0.0001807231456041336,0.0003353110402878703,-0.08612451702356339,-0.09296274930238724,-0.1275632530450821,-0.12070964276790619,0.21646490400421467,ROA_0928_final_no_velocity_scale0125,2647,2026-09-28_17-06-19
6.952323019504547e-05,-0.0006278511136770248,-0.0024959444999694824,0.000792602077126503,0.0026319121983365127,-0.24789850413799286,0.3401832580566406,0.24084000289440155,-0.17144343256950378,0.5084902854057614,-6.100162863731384e-05,-0.0007615890353918076,-0.002694176509976387,0.0006160233169794083,0.002766083437440971,-0.3487802743911743,0.23731447756290436,0.09429966658353806,-0.3108628988265991,0.5043716422128244,-0.012244646437466145,0.004965166095644236,-0.005086349323391914,-0.010715102776885033,-0.0028453045524656773,-0.009507895447313786,7.105991244316101e-05,-0.0006163027137517929,-0.002482859417796135,0.0008055008947849274,0.0026235653138813792,-0.26136961579322815,0.33173754811286926,0.2250005453824997,-0.18745148181915283,0.5114810816037582,52.966193258000004,True,-0.00013299286365509033,-0.00014319084584712982,-0.00021201558411121368,-0.00018710270524024963,0.00034335762431998983,-0.08741439878940582,-0.09440257400274277,-0.13069528341293335,-0.12343096733093262,0.2209535678431147,ROA_0928_final_no_velocity_scale0125,2648,2026-09-28_17-06-19
0.000225752592086792,-0.0005541834980249405,-0.0024759210646152496,0.0006488058716058731,0.0025854376129356596,-0.24296388030052185,0.34165334701538086,0.2461140900850296,-0.17928937077522278,0.5120665656304978,9.820796549320221e-05,-0.0006828457117080688,-0.002673128619790077,0.00046906061470508575,0.0027229742507013563,-0.3414023518562317,0.24113337695598602,0.10012788325548172,-0.3177579343318939,0.5080763497211619,-0.011709601618349552,0.004815715830773115,-0.004369978792965412,-0.010930848307907581,-0.0021465816535055637,-0.009749989956617355,0.00022854655981063843,-0.0005444977432489395,-0.002462277188897133,0.0006578397005796432,0.0025749900569457685,-0.2561332583427429,0.33352336287498474,0.23042549192905426,-0.19510088860988617,0.5150520060818112,52.986189335000006,True,-0.0001293141394853592,-0.00013974495232105255,-0.00021173618733882904,-0.00018849968910217285,0.00034114748590018535,-0.08529843389987946,-0.09236158430576324,-0.13026641309261322,-0.12264074385166168,0.21855190372217162,ROA_0928_final_no_velocity_scale0125,2649,2026-09-28_17-06-19
0.0003491062670946121,-0.0005342997610569,-0.002480391412973404,0.0005363486707210541,0.002579280498009064,-0.23289303481578827,0.3373171091079712,0.24566379189491272,-0.18224212527275085,0.5051547378886108,0.00021993182599544525,-0.0006634276360273361,-0.0026747584342956543,0.0003563240170478821,0.0027166121096169793,-0.33034569025039673,0.23796780407428741,0.0999998226761818,-0.32013559341430664,0.5015368714111003,-0.010884150862693787,0.004425323102623224,-0.0034407712519168854,-0.010654338635504246,-0.0012273570755496621,-0.00947609357535839,0.0003497116267681122,-0.0005256850272417068,-0.0024641864001750946,0.0005471054464578629,0.0025661401537717464,-0.24588312208652496,0.32918107509613037,0.2299700826406479,-0.1979437619447708,0.5079913807690113,53.006196068,True,-0.0001278705894947052,-0.00013918615877628326,-0.00020903535187244415,-0.00019278377294540405,0.0003411970604119369,-0.08450029045343399,-0.09121186286211014,-0.12999539077281952,-0.12224073708057404,0.21737549949623064,ROA_0928_final_no_velocity_scale0125,2650,2026-09-28_17-06-19
0.00046691857278347015,-0.0005317851901054382,-0.0025125686079263687,0.0004908069968223572,0.0026223079859454975,-0.21155549585819244,0.32133257389068604,0.23595009744167328,-0.17631100118160248,0.4777745769196875,0.00033783726394176483,-0.0006611458957195282,-0.0027091242372989655,0.0003091059625148773,0.0027590620751896965,-0.30998045206069946,0.22144708037376404,0.09024655073881149,-0.3139711618423462,0.4746577988686266,-0.009533758275210857,0.004023359622806311,-0.0022819829173386097,-0.010394616983830929,-4.77498397231102e-05,-0.00921698473393917,0.0004695262759923935,-0.0005232635885477066,-0.002499343827366829,0.000501750037074089,0.0026123290501475142,-0.22448831796646118,0.31305429339408875,0.2203076034784317,-0.19186361134052277,0.480457881982179,53.02619944200001,True,-0.00012959353625774384,-0.0001380685716867447,-0.00020922161638736725,-0.00018975697457790375,0.00033982203759960137,-0.0854940116405487,-0.09158625453710556,-0.13008154928684235,-0.12208148092031479,0.2178909136024736,ROA_0928_final_no_velocity_scale0125,2651,2026-09-28_17-06-19
0.0005740439519286156,-0.0005628447979688644,-0.002625817432999611,0.000469014048576355,0.002751031618117839,-0.19276537001132965,0.30821093916893005,0.2337191104888916,-0.17761623859405518,0.4599700326267011,0.00044335611164569855,-0.0006942311301827431,-0.002821860834956169,0.0002857297658920288,0.002884353196561548,-0.2932082712650299,0.20700040459632874,0.08745677024126053,-0.315944641828537,0.4580528603191159,-0.008486775681376457,0.002805090509355068,-0.0010676630772650242,-0.0106773367151618,0.0011663101613521576,-0.009465555660426617,0.0005760928615927696,-0.0005549052730202675,-0.0026121269911527634,0.0004806090146303177,0.002740607147519798,-0.2056925892829895,0.29958176612854004,0.21795554459095,-0.19304220378398895,0.4623479603210425,53.04619395100001,True,-0.00013192184269428253,-0.00013976823538541794,-0.00020633451640605927,-0.00019543804228305817,0.0003429709525599455,-0.08751916885375977,-0.09256647527217865,-0.13051368296146393,-0.12291967123746872,0.21985220462977392,ROA_0928_final_no_velocity_scale0125,2652,2026-09-28_17-06-19
0.0006312737241387367,-0.0004775822162628174,-0.002624024637043476,0.0004093628376722336,0.002747468294961181,-0.1847962737083435,0.3065592348575592,0.22387643158435822,-0.16720150411128998,0.4461528595845162,0.0005009816959500313,-0.0006066169589757919,-0.0028150854632258415,0.0002243323251605034,0.0028786961602237883,-0.2857842445373535,0.2047724425792694,0.07854704558849335,-0.30445095896720886,0.44375755380734566,-0.007136961445212364,0.0014213011600077152,0.00012044818140566349,-0.011732576414942741,0.002317843958735466,-0.010549923405051231,0.0006356975063681602,-0.00046927016228437424,-0.0026099849492311478,0.0004213070496916771,0.0027370798287430858,-0.19773630797863007,0.29780760407447815,0.20820017158985138,-0.18238019943237305,0.4483881638095717,53.066193708,True,-0.00013264361768960953,-0.00013667158782482147,-0.0002057524397969246,-0.0001935986801981926,0.0003406414868953493,-0.08809635788202286,-0.09304913133382797,-0.12963753938674927,-0.12207682430744171,0.21929926956737983,ROA_0928_final_no_velocity_scale0125,2653,2026-09-28_17-06-19
0.0006123329512774944,-0.00046553323045372963,-0.002663722261786461,0.00020512379705905914,0.0027504524179023456,-0.19081541895866394,0.3129957318305969,0.2350786179304123,-0.17871195077896118,0.4629303334232698,0.0004870118573307991,-0.0005874433554708958,-0.0028533628210425377,2.2025778889656067e-05,0.0028972380340441663,-0.2894722819328308,0.21355493366718292,0.088045135140419,-0.3172461688518524,0.4612202748797996,-0.004503528121858835,-0.00040420866571366787,0.002337271347641945,-0.012592572718858719,0.0045137251727283,-0.011463692411780357,0.0006157439202070236,-0.0004561617970466614,-0.002649775706231594,0.0002171844244003296,0.00273891515534646,-0.2034270316362381,0.3044654130935669,0.21926848590373993,-0.19406479597091675,0.4651686376483339,53.086193145,True,-0.00012754462659358978,-0.00013309763744473457,-0.0002048211172223091,-0.00019655562937259674,0.00033841761152263736,-0.08603452891111374,-0.09090208262205124,-0.13121984899044037,-0.12320442497730255,0.21914919318466952,ROA_0928_final_no_velocity_scale0125,2654,2026-09-28_17-06-19
0.0005310634151101112,-0.0005776644684374332,-0.0024601700715720654,0.0001476844772696495,0.002531530822737341,-0.1626872569322586,0.2775009274482727,0.2204902619123459,-0.16010499000549316,0.4128930014371724,0.00040511367842555046,-0.0006997259333729744,-0.002643698826432228,-3.0780211091041565e-05,0.002675702702607642,-0.2597217559814453,0.17942452430725098,0.07763481140136719,-0.2939088046550751,0.41111646609817437,-0.0021070721559226513,-0.0020718788728117943,0.004284694790840149,-0.013910962268710136,0.006392826326191425,-0.012857513502240181,0.0005326000973582268,-0.0005680136382579803,-0.002444454003125429,0.00016045523807406425,0.0025178527748637275,-0.175069659948349,0.26906654238700867,0.20537611842155457,-0.17513823509216309,0.41519748286698577,53.106195046,True,-0.00012612435966730118,-0.00013138633221387863,-0.00019972212612628937,-0.0001909211277961731,0.0003308577766650265,-0.08471647650003433,-0.08964689821004868,-0.12773343920707703,-0.1187848299741745,0.21353423859009232,ROA_0928_final_no_velocity_scale0125,2655,2026-09-28_17-06-19
0.0004697241820394993,-0.0006119837053120136,-0.0023155356757342815,5.105976015329361e-05,0.0023693408966396785,-0.1626952886581421,0.2696637511253357,0.21649791300296783,-0.15617720782756805,0.40473983022570315,0.0003474997356534004,-0.0007304595783352852,-0.0024863053113222122,-0.00011692754924297333,0.002510519174870345,-0.25758251547813416,0.17264717817306519,0.07962167263031006,-0.2833178639411926,0.4012098157534577,-0.0005522959399968386,-0.00301360827870667,0.005872589536011219,-0.01473689079284668,0.007859434932470322,-0.013702329248189926,0.000472355168312788,-0.0006034853868186474,-0.0022987835109233856,6.314367055892944e-05,0.002354419074574969,-0.1749109923839569,0.2616637945175171,0.20244134962558746,-0.1706506460905075,0.4073621949941785,53.126197811000004,True,-0.00012299278751015663,-0.00012670643627643585,-0.00018936116248369217,-0.0001807231456041336,0.00031570393376138535,-0.08307524770498276,-0.08888868242502213,-0.12268952280282974,-0.11270562559366226,0.20616008062178684,ROA_0928_final_no_velocity_scale0125,2656,2026-09-28_17-06-19
0.0005689682438969612,-0.0007186084985733032,-0.0024385983124375343,4.7497451305389404e-06,0.002510188504610148,-0.1708429753780365,0.27479636669158936,0.24498392641544342,-0.18805089592933655,0.4400975125509367,0.0004517030902206898,-0.0008388771675527096,-0.0026064575649797916,-0.00015527475625276566,0.002645328492129462,-0.2633608877658844,0.18068134784698486,0.11277570575475693,-0.31123635172843933,0.4379662686019185,0.00015963451005518436,-0.0033672114368528128,0.007387411780655384,-0.01510481908917427,0.009239456616342068,-0.014122776687145233,0.0005724839866161346,-0.0007102731615304947,-0.0024232780560851097,1.637963578104973e-05,0.0024969537056213137,-0.1827288568019867,0.2669276297092438,0.23142142593860626,-0.20230549573898315,0.4427007115125444,53.146199041,True,-0.00012023374438285828,-0.00012690434232354164,-0.00018511200323700905,-0.00017272541299462318,0.0003075433798412153,-0.08064810931682587,-0.08637678623199463,-0.1186404749751091,-0.10893353819847107,0.19963335292508835,ROA_0928_final_no_velocity_scale0125,2657,2026-09-28_17-06-19
0.0005848822183907032,-0.0009393319487571716,-0.002594594843685627,8.987262845039368e-05,0.0026779682571079697,-0.16405723989009857,0.26012328267097473,0.25514885783195496,-0.20486348867416382,0.4429198377582401,0.0004673609510064125,-0.0010543502867221832,-0.002749590203166008,-5.895271897315979e-05,0.002791960074710444,-0.25499704480171204,0.16740453243255615,0.13208551704883575,-0.3194097578525543,0.4409150701236752,0.0002479094546288252,-0.0029126210138201714,0.008083262480795383,-0.014391336590051651,0.00979936495423317,-0.01343843899667263,0.0005898298695683479,-0.0009292969480156898,-0.0025775982066988945,9.979121387004852e-05,0.002663858617886911,-0.17578747868537903,0.2522960901260376,0.24262814223766327,-0.2183796465396881,0.4455196109811474,53.166195310000006,True,-0.00011910451576113701,-0.00012275995686650276,-0.00017272541299462318,-0.00015578698366880417,0.00028857458465291646,-0.07917405664920807,-0.08498644083738327,-0.11058872938156128,-0.10107340663671494,0.1894270422669397,ROA_0928_final_no_velocity_scale0125,2658,2026-09-28_17-06-19
0.0005595502443611622,-0.001153862103819847,-0.0027680303901433945,0.00025011831894516945,0.002869966353812276,-0.15964055061340332,0.24386273324489594,0.2625759243965149,-0.21768023073673248,0.44376906093919705,0.00044142361730337143,-0.0012655509635806084,-0.0029202550649642944,0.00010809162631630898,0.002971310261748148,-0.2493630051612854,0.1522655338048935,0.14358805119991302,-0.3283897936344147,0.44202215483095364,-4.2437342926859856e-05,-0.0018214508891105652,0.008155870251357555,-0.013032807037234306,0.009806440211832523,-0.012093434110283852,0.0005628564395010471,-0.0011434662155807018,-0.002753885928541422,0.000258034560829401,0.002858412815515792,-0.17124564945697784,0.23595987260341644,0.25048279762268066,-0.23105460405349731,0.44633399494819487,53.18619909900001,True,-0.000118953175842762,-0.0001194770447909832,-0.00016849953681230545,-0.000148045364767313,0.0002804519921339469,-0.07821060717105865,-0.08386815339326859,-0.10699475556612015,-0.09740877151489258,0.18448078583421895,ROA_0928_final_no_velocity_scale0125,2659,2026-09-28_17-06-19
0.0005071866326034069,-0.0012907199561595917,-0.0029442657250910997,0.00041048042476177216,0.003063603729403116,-0.1641106754541397,0.2398480325937271,0.2621571719646454,-0.22109177708625793,0.44553833218878414,0.0003930879756808281,-0.0014000572264194489,-0.0030976312700659037,0.0002712826244533062,0.0031611436669026676,-0.25242310762405396,0.14987774193286896,0.14348484575748444,-0.33194878697395325,0.44417870984016267,-0.0012533740373328328,-0.0007726226467639208,0.007035763002932072,-0.011823691427707672,0.008665848523378372,-0.010893408209085464,0.0005121459253132343,-0.0012819073162972927,-0.0029287126380950212,0.0004173489287495613,0.00305134974275593,-0.17555801570415497,0.2317756712436676,0.24993263185024261,-0.23475381731987,0.4480226261766818,53.206198376,True,-0.00012046657502651215,-0.00011660158634185791,-0.00016660778783261776,-0.00014579272828996181,0.00027762698366053134,-0.07699546217918396,-0.08212308585643768,-0.10641762614250183,-0.09723484516143799,0.18276994177469813,ROA_0928_final_no_velocity_scale0125,2660,2026-09-28_17-06-19
0.0003728549927473068,-0.0013488112017512321,-0.003107421798631549,0.0005254813004285097,0.00321680833392364,-0.17566396296024323,0.2393515259027481,0.253927081823349,-0.21751073002815247,0.44424760366047256,0.0002545304596424103,-0.001465342938899994,-0.003262603422626853,0.00038710422813892365,0.0033190826736094006,-0.26449257135391235,0.14838436245918274,0.13316673040390015,-0.3310494124889374,0.44252366798200093,-0.0019132355228066444,0.00021096505224704742,0.006030944176018238,-0.010586893185973167,0.007666698656976223,-0.009655721485614777,0.00037581194192171097,-0.0013392185792326927,-0.003091676626354456,0.0005343987140804529,0.003204235462355936,-0.18748058378696442,0.23123550415039062,0.24122226238250732,-0.2315368503332138,0.4468219262788793,53.226197205000005,True,-0.0001205597072839737,-0.00012153759598731995,-0.0001739594154059887,-0.00014840043149888515,0.0002854134080978969,-0.07708556950092316,-0.08293892443180084,-0.10804884135723114,-0.0995052382349968,0.18533313019544556,ROA_0928_final_no_velocity_scale0125,2661,2026-09-28_17-06-19
0.00024854671210050583,-0.0013605691492557526,-0.003169185947626829,0.00047585926949977875,0.003241875695427554,-0.19418610632419586,0.24822771549224854,0.262026309967041,-0.22768059372901917,0.466722242036276,0.00013192184269428253,-0.0014732824638485909,-0.0033245945814996958,0.00033779069781303406,0.003356131013335555,-0.2819432318210602,0.15818139910697937,0.14043278992176056,-0.3421342074871063,0.4644749209934467,-0.001974416198208928,0.0002221674658358097,0.005611934699118137,-0.010239975526928902,0.0072709945961833,-0.009303243830800056,0.00025406479835510254,-0.0013555632904171944,-0.003156054299324751,0.0004849163815379143,0.0032318813351138688,-0.2060539424419403,0.2399834245443344,0.24906526505947113,-0.24214385449886322,0.46933416505985,53.246198178,True,-0.00012174714356660843,-0.0001221662387251854,-0.00017050188034772873,-0.00014742836356163025,0.0002836367885424169,-0.07591024041175842,-0.08177383989095688,-0.10862427949905396,-0.09999994188547134,0.18493179445120145,ROA_0928_final_no_velocity_scale0125,2662,2026-09-28_17-06-19
0.00020873267203569412,-0.001175818033516407,-0.003265321720391512,0.00030145165510475636,0.003296497117271406,-0.24033382534980774,0.2945157289505005,0.29423412680625916,-0.2576444447040558,0.5434913183766883,9.397044777870178e-05,-0.0012826640158891678,-0.0034259981475770473,0.0001577951479703188,0.0034335824683612817,-0.32621586322784424,0.2057764083147049,0.1701362133026123,-0.3750090003013611,0.540598022892112,-0.0016363650793209672,0.00010338053107261658,0.005364325828850269,-0.009937083348631859,0.007114076986908913,-0.008968982845544815,0.00021297018975019455,-0.00116787850856781,-0.003249611472710967,0.000308395829051733,0.0032822740946629346,-0.2522301971912384,0.286539763212204,0.2808028757572174,-0.27250969409942627,0.5462381080772722,53.266204272,True,-0.00011802185326814651,-0.00011944212019443512,-0.0001762527972459793,-0.00015011755749583244,0.00028576164409748215,-0.07399892807006836,-0.08074938505887985,-0.11068413406610489,-0.10250420868396759,0.18628387779036323,ROA_0928_final_no_velocity_scale0125,2663,2026-09-28_17-06-19
0.00010174699127674103,-0.0009964453056454659,-0.0032831216230988503,0.00013276003301143646,0.003289174470975994,-0.2724155783653259,0.32547733187675476,0.3182871639728546,-0.2789823114871979,0.5976213771934554,-1.4971010386943817e-05,-0.0011133728548884392,-0.0034458935260772705,-8.09086486697197e-06,0.003445953124089582,-0.35863110423088074,0.23552308976650238,0.19266024231910706,-0.397697776556015,0.5937521492842822,0.00013110553845763206,-0.0011334037408232689,0.006332664750516415,-0.010702273808419704,0.00821270328015089,-0.00967042800039053,0.00010556541383266449,-0.0009881681762635708,-0.003267638385295868,0.00014263205230236053,0.0032744553595049635,-0.2846159040927887,0.3175603747367859,0.3046492338180542,-0.2942221462726593,0.6006328924225783,53.286199485000004,True,-0.00011993106454610825,-0.00011782394722104073,-0.00017939601093530655,-0.00015344703570008278,0.00028966493396092354,-0.07401173561811447,-0.08207990229129791,-0.11199630796909332,-0.10344478487968445,0.1881279812690231,ROA_0928_final_no_velocity_scale0125,2664,2026-09-28_17-06-19
1.8847640603780746e-05,-0.0008680392056703568,-0.0033606309443712234,-8.917413651943207e-06,0.0033606864097792373,-0.28748762607574463,0.3398352861404419,0.3351759910583496,-0.29263177514076233,0.6275844950061995,-9.64500941336155e-05,-0.0009807990863919258,-0.0035282690078020096,-0.00015317928045988083,0.003534548183968671,-0.37474241852760315,0.2487286627292633,0.20832474529743195,-0.41280102729797363,0.6236072160010264,0.0021367832086980343,-0.002235518768429756,0.008074860088527203,-0.011728454381227493,0.010126445442438126,-0.010590560734272003,2.6007182896137238e-05,-0.0008598668500781059,-0.0033457065001130104,-8.149072527885437e-07,0.003345813090775331,-0.2999105453491211,0.33191099762916565,0.3213772773742676,-0.3081052303314209,0.6307233424417112,53.306202698,True,-0.00012095551937818527,-0.00012099044397473335,-0.00018349383026361465,-0.00015229452401399612,0.00029320012222213077,-0.07481767982244492,-0.08317793160676956,-0.11308467388153076,-0.10468600690364838,0.19025017198459263,ROA_0928_final_no_velocity_scale0125,2665,2026-09-28_17-06-19
8.650822564959526e-05,-0.0009150244295597076,-0.0033498508855700493,0.00011406373232603073,0.003354019003843399,-0.23713263869285583,0.29794567823410034,0.30083975195884705,-0.25790461897850037,0.5470956655307814,-3.3224932849407196e-05,-0.0010287389159202576,-0.003513135015964508,-3.029126673936844e-05,0.00351354138798768,-0.32714101672172546,0.20423880219459534,0.1760658323764801,-0.37619584798812866,0.5436781104231512,0.0026942621916532516,-0.0021783560514450073,0.009076079353690147,-0.012684009969234467,0.01130389142781496,-0.011403530836105347,9.189825505018234e-05,-0.0009042443707585335,-0.003333878703415394,0.00012347009032964706,0.003338700848146997,-0.24966685473918915,0.2899477183818817,0.28748762607574463,-0.2728653848171234,0.5502195944800451,53.326199831000004,True,-0.0001251697540283203,-0.00012365635484457016,-0.00017890706658363342,-0.00015140976756811142,0.0002928716143362547,-0.07744831591844559,-0.08568807691335678,-0.11143180727958679,-0.10333675146102905,0.19071072124064747,ROA_0928_final_no_velocity_scale0125,2666,2026-09-28_17-06-19
8.629867807030678e-05,-0.0008725794032216072,-0.003330525942146778,0.00013813842087984085,0.0033357985282949794,-0.2152445912361145,0.28288352489471436,0.28251203894615173,-0.23908260464668274,0.5101126067688152,-3.360910341143608e-05,-0.0009880750440061092,-0.003492250107228756,-3.9581209421157837e-07,0.0034924270954209795,-0.306293249130249,0.18835031986236572,0.16019143164157867,-0.35540059208869934,0.5071384705663503,0.001717936247587204,-0.0016040811315178871,0.008503560908138752,-0.012891339138150215,0.01089914608746767,-0.011439498513936996,9.104842320084572e-05,-0.0008624629117548466,-0.003316625952720642,0.0001471489667892456,0.003322580441560556,-0.22772733867168427,0.27492210268974304,0.2695554792881012,-0.25357839465141296,0.5132132873549916,53.346206884000004,True,-0.0001228880137205124,-0.00012619420886039734,-0.00017795246094465256,-0.00014763791114091873,0.0002902923776339523,-0.07853761315345764,-0.08654791861772537,-0.10936939716339111,-0.10182521492242813,0.18954870089273848,ROA_0928_final_no_velocity_scale0125,2667,2026-09-28_17-06-19
5.731126293540001e-05,-0.0007993774488568306,-0.0033937045373022556,0.0001466367393732071,0.0033981822805004103,-0.21778301894664764,0.2897584140300751,0.2740045189857483,-0.22927682101726532,0.5056087077173087,-5.709007382392883e-05,-0.0009168987162411213,-0.0035569537431001663,6.7870132625103e-06,0.0035574213329541042,-0.30835413932800293,0.1957893818616867,0.15167029201984406,-0.34615767002105713,0.5027536185101777,0.0006482929456979036,-0.0008163454476743937,0.007403119467198849,-0.012417450547218323,0.009970461018383503,-0.010826525278389454,6.187474355101585e-05,-0.000790588092058897,-0.0033776857890188694,0.00015624100342392921,0.0033828089563707935,-0.23014132678508759,0.2819993495941162,0.26109302043914795,-0.24356679618358612,0.5087137590314762,53.366201329000006,True,-0.00012210803106427193,-0.00012526288628578186,-0.00017851125448942184,-0.00014954712241888046,0.0002909177831754534,-0.0782250389456749,-0.08619482815265656,-0.10944297164678574,-0.10262114554643631,0.1897436965934701,ROA_0928_final_no_velocity_scale0125,2668,2026-09-28_17-06-19
-1.3562384992837906e-05,-0.000740797258913517,-0.0033368589356541634,0.00010814983397722244,0.0033386282546146134,-0.22775353491306305,0.2989135682582855,0.26146960258483887,-0.21564576029777527,0.5027457343166303,-0.00012926757335662842,-0.0008568982593715191,-0.0034984666854143143,-3.1583476811647415e-05,0.0035014607223887197,-0.3178841173648834,0.20500387251377106,0.1403486728668213,-0.331231027841568,0.498968776211815,0.0006146091036498547,-0.0007432198617607355,0.006581287831068039,-0.012567708268761635,0.009312938898801804,-0.010834111832082272,-7.741618901491165e-06,-0.0007294816896319389,-0.003322015982121229,0.00011938391253352165,0.003324214310701446,-0.23997609317302704,0.2913944125175476,0.2489507794380188,-0.2297094166278839,0.5060210302384045,53.386205503000006,True,-0.00012218952178955078,-0.00012773089110851288,-0.00017827842384576797,-0.0001498614437878132,0.0002919824808930743,-0.0778941884636879,-0.08637864887714386,-0.10858696699142456,-0.10151473432779312,0.1885847415638338,ROA_0928_final_no_velocity_scale0125,2669,2026-09-28_17-06-19
-5.229376256465912e-05,-0.000748620368540287,-0.0032850774005055428,0.00014052493497729301,0.00328814741688703,-0.22202275693416595,0.2922932505607605,0.24264654517173767,-0.19579869508743286,0.4781714436847237,-0.0001693028025329113,-0.0008620903827250004,-0.003446603659540415,1.1641532182693481e-07,0.0034510342638994695,-0.3111201524734497,0.19921943545341492,0.12220499664545059,-0.310548335313797,0.4739228359724537,0.0005985493771731853,-0.0008025248534977436,0.006113777868449688,-0.012845508754253387,0.008980886079370975,-0.011017793789505959,-4.881294444203377e-05,-0.0007372000254690647,-0.0032704323530197144,0.0001491163857281208,0.0032738671936560905,-0.23405182361602783,0.2847706079483032,0.2302256077528,-0.2097235918045044,0.48134273572443803,53.406201452000005,True,-0.00012355158105492592,-0.0001246342435479164,-0.0001753796823322773,-0.00014933757483959198,0.000289343652035698,-0.0770554170012474,-0.0855298638343811,-0.10804936289787292,-0.10085617750883102,0.187184028807047,ROA_0928_final_no_velocity_scale0125,2670,2026-09-28_17-06-19
-6.944173946976662e-05,-0.0008145230822265148,-0.003305543214082718,0.0002101995050907135,0.003312269616603689,-0.2146310806274414,0.28430354595184326,0.22951792180538177,-0.1803702861070633,0.45687250313780803,-0.00019076978787779808,-0.0009307987056672573,-0.003465590998530388,6.761401891708374e-05,0.0034708791812658292,-0.30490219593048096,0.19015882909297943,0.10762432962656021,-0.296256959438324,0.4523535031225222,0.0009206682443618774,-0.0007445402443408966,0.0059529440477490425,-0.012743469327688217,0.008979356847703457,-0.010774841532111168,-6.41215592622757e-05,-0.0008055707439780235,-0.0032901065424084663,0.00021974556148052216,0.0032974538547517343,-0.22679565846920013,0.27643561363220215,0.2168170064687729,-0.1944345384836197,0.45987068494085115,53.426203513000004,True,-0.0001273583620786667,-0.00012567033991217613,-0.00017581041902303696,-0.00015185214579105377,0.00029307546753293696,-0.07807963341474533,-0.08622358739376068,-0.10923202335834503,-0.10186177492141724,0.1891517957811155,ROA_0928_final_no_velocity_scale0125,2671,2026-09-28_17-06-19
-5.096662789583206e-05,-0.0008200411684811115,-0.0032919226214289665,0.0002613058313727379,0.0033023092940048446,-0.2136882245540619,0.284172922372818,0.2229725867509842,-0.1725463569164276,0.4499324061613102,-0.00017049023881554604,-0.0009341631084680557,-0.003449362702667713,0.00011760275810956955,0.0034543690839410578,-0.30353617668151855,0.19061575829982758,0.10095512866973877,-0.28820452094078064,0.4452342736948057,0.0011260663159191608,-0.0008013956248760223,0.005923081189393997,-0.013006864115595818,0.0090382881462574,-0.011008284986019135,-4.498288035392761e-05,-0.0008094473741948605,-0.003277021460235119,0.0002705259248614311,0.003288245470037655,-0.22583895921707153,0.276264488697052,0.21017993986606598,-0.18664123117923737,0.4528807954832836,53.446202534,True,-0.0001264619641005993,-0.00012427335605025291,-0.00017238780856132507,-0.0001512467861175537,0.0002897703343685797,-0.0776745080947876,-0.08560250699520111,-0.10922527313232422,-0.10158424079418182,0.1885489918866802,ROA_0928_final_no_velocity_scale0125,2672,2026-09-28_17-06-19
3.32132913172245e-05,-0.0009196344763040543,-0.0033379998058080673,0.00041550956666469574,0.003367203020087458,-0.19756831228733063,0.26626884937286377,0.2075340449810028,-0.15404284000396729,0.41614048942050635,-8.847564458847046e-05,-0.0010352116078138351,-0.0034940196201205254,0.0002727145329117775,0.0035046555495467334,-0.2889823913574219,0.1717570573091507,0.08371657878160477,-0.2712039053440094,0.4115769678904553,0.0015173004940152168,-0.0006383205763995647,0.00607006810605526,-0.01258179172873497,0.009306586347520351,-0.010495239868760109,4.009343683719635e-05,-0.0009106122888624668,-0.003322702832520008,0.0004255678504705429,0.0033537285245532795,-0.20974478125572205,0.25789764523506165,0.1944412887096405,-0.16827833652496338,0.41877386182601967,53.466208243000004,True,-0.0001287786290049553,-0.00012400560081005096,-0.0001735985279083252,-0.000153249129652977,0.00029248167680259805,-0.07923482358455658,-0.08612637966871262,-0.1106921061873436,-0.10294792801141739,0.19103668364626603,ROA_0928_final_no_velocity_scale0125,2673,2026-09-28_17-06-19
7.622875273227692e-05,-0.0009212875738739967,-0.003395392559468746,0.0004550209268927574,0.003431883116543203,-0.20516453683376312,0.27619150280952454,0.21965357661247253,-0.16547761857509613,0.4361801563876209,-4.079192876815796e-05,-0.0010308809578418732,-0.003556022420525551,0.0003081047907471657,0.0035697022052269597,-0.2950059473514557,0.1838366687297821,0.09269104152917862,-0.2856100797653198,0.43220691983941706,0.001981835812330246,-0.0005057374946773052,0.006531545892357826,-0.012437187135219574,0.009865190833806992,-0.010372083634138107,8.194474503397942e-05,-0.0009109033271670341,-0.00337786041200161,0.00046857167035341263,0.003416895908103098,-0.21704412996768951,0.26805198192596436,0.20617128908634186,-0.17985445261001587,0.43868641592697794,53.486207745,True,-0.00012178206816315651,-0.00011998927220702171,-0.00017408747225999832,-0.0001569977030158043,0.0002900790053897301,-0.07789313793182373,-0.08414173126220703,-0.1135026067495346,-0.10579102486371994,0.1928097477653569,ROA_0928_final_no_velocity_scale0125,2674,2026-09-28_17-06-19
7.043126970529556e-05,-0.0008753500878810883,-0.003358558751642704,0.0002975109964609146,0.003375157036018343,-0.19617505371570587,0.26793938875198364,0.22458051145076752,-0.17299501597881317,0.4323863316077015,-4.416797310113907e-05,-0.0009874813258647919,-0.003509712405502796,0.0001568114385008812,0.003513213770763672,-0.28731754422187805,0.17403437197208405,0.10191159695386887,-0.2884846031665802,0.4281249583857091,0.003156621940433979,-0.0006380018312484026,0.007853485643863678,-0.01235002838075161,0.011106272228062153,-0.010252347216010094,7.644994184374809e-05,-0.0008659088052809238,-0.0033447984606027603,0.0003075459972023964,0.003362749589013265,-0.20836398005485535,0.25976017117500305,0.2116861194372177,-0.1870642751455307,0.4351335146971968,53.506209422000005,True,-0.00012030359357595444,-0.00012103701010346413,-0.00016777776181697845,-0.00014973338693380356,0.00028218131794602406,-0.07894041389226913,-0.08573603630065918,-0.1098022311925888,-0.10141497105360031,0.18938978795644912,ROA_0928_final_no_velocity_scale0125,2675,2026-09-28_17-06-19
7.60890543460846e-05,-0.0008812639862298965,-0.0033004209399223328,0.000136462040245533,0.0033052986331360504,-0.17847050726413727,0.2545078694820404,0.23191258311271667,-0.18223421275615692,0.42392337403116703,-4.33996319770813e-05,-0.0010004732757806778,-0.0034466851502656937,2.8870999813079834e-06,0.0034469733108143095,-0.2726775109767914,0.15677860379219055,0.1130811795592308,-0.29432305693626404,0.41970419736961234,0.0035781138576567173,0.0005640909075737,0.008798846043646336,-0.0110946549102664,0.011975457891821861,-0.008934668265283108,8.165370672941208e-05,-0.000873347744345665,-0.003284611739218235,0.000145728699862957,0.003290207257455803,-0.19122380018234253,0.24612340331077576,0.21937954425811768,-0.19580847024917603,0.4267403459295806,53.52620549900001,True,-0.00012547243386507034,-0.0001255422830581665,-0.00016349367797374725,-0.00014279503375291824,0.00028024661006034626,-0.08147837966680527,-0.08933501690626144,-0.10628951340913773,-0.09855511039495468,0.1885992619981575,ROA_0928_final_no_velocity_scale0125,2676,2026-09-28_17-06-19
0.00011945376172661781,-0.0008509727194905281,-0.0033252406865358353,-5.6996941566467285e-05,0.0033274977555937313,-0.18419243395328522,0.25895366072654724,0.24946777522563934,-0.2017402946949005,0.44738673057540174,-4.237517714500427e-06,-0.0009751413017511368,-0.0034656841307878494,-0.00018933787941932678,0.003471367818594567,-0.2795048952102661,0.15964975953102112,0.13532721996307373,-0.3091057240962982,0.44278570377426124,0.004970161244273186,-0.00030171475373208523,0.010763944126665592,-0.011828728020191193,0.013824032619595528,-0.009625280275940895,0.0001239473931491375,-0.000838784035295248,-0.0033073127269744873,-4.684552550315857e-05,0.003309672779916632,-0.19717703759670258,0.2506626546382904,0.2376050502061844,-0.21474015712738037,0.4503537904331387,53.54621796,True,-0.000128219835460186,-0.00013263197615742683,-0.00016023404896259308,-0.00014114193618297577,0.00028196163341653906,-0.08233601599931717,-0.09098648279905319,-0.10223965346813202,-0.0943746343255043,0.18533469595385857,ROA_0928_final_no_velocity_scale0125,2677,2026-09-28_17-06-19
0.0002025277353823185,-0.0009357696399092674,-0.0033810269087553024,-1.3271346688270569e-05,0.0033873787222992143,-0.1869313269853592,0.2588123083114624,0.25801733136177063,-0.20841693878173828,0.4563125556169984,7.706694304943085e-05,-0.0010593677870929241,-0.0035204924643039703,-0.00014244578778743744,0.0035235553815251763,-0.282705157995224,0.15906547009944916,0.14497898519039154,-0.3150249719619751,0.4518267572520261,0.005422243848443031,-0.0005980320274829865,0.011502251960337162,-0.012128116562962532,0.014531364664435387,-0.009915581904351711,0.00020670704543590546,-0.000925874337553978,-0.0033659394830465317,-3.864988684654236e-06,0.0033727290839908144,-0.1998887062072754,0.2504916489124298,0.2462891787290573,-0.22126221656799316,0.4592061458918844,53.566207861,True,-0.00012955861166119576,-0.00013272510841488838,-0.00015706755220890045,-0.00013797543942928314,0.00027927703572464,-0.08279387652873993,-0.09137018769979477,-0.10130739957094193,-0.09377160668373108,0.18491747905016828,ROA_0928_final_no_velocity_scale0125,2678,2026-09-28_17-06-19
0.0002923654392361641,-0.0009852694347500801,-0.0034549273550510406,0.00010761432349681854,0.003472938447884257,-0.18667800724506378,0.2634422779083252,0.26826000213623047,-0.21648313105106354,0.467863463141046,0.00016801059246063232,-0.0011091120541095734,-0.003600073978304863,-2.3981556296348572e-05,0.0036041102577605115,-0.2815648913383484,0.16474932432174683,0.15329894423484802,-0.32552748918533325,0.4641363185955942,0.004954821430146694,0.0003246236592531204,0.011347298510372639,-0.011404482647776604,0.014409245923161507,-0.00926128588616848,0.0002987682819366455,-0.0009778188541531563,-0.003436906263232231,0.00011748634278774261,0.003456257132574494,-0.19943922758102417,0.25522148609161377,0.25620588660240173,-0.22938521206378937,0.47056445835183436,53.586209698000005,True,-0.00013050157576799393,-0.00013210810720920563,-0.0001618172973394394,-0.0001426786184310913,0.00028448423328825346,-0.08214660733938217,-0.09045842289924622,-0.10291020572185516,-0.09615020453929901,0.18630305650297568,ROA_0928_final_no_velocity_scale0125,2679,2026-09-28_17-06-19
0.0004350440576672554,-0.001119077205657959,-0.0034509459510445595,0.00030188821256160736,0.0035087528525302586,-0.16432231664657593,0.24587775766849518,0.26173654198646545,-0.20825140178203583,0.44121132795869294,0.00031243544071912766,-0.001240079291164875,-0.003598211333155632,0.00017201527953147888,0.0036238540193380105,-0.25910812616348267,0.14758621156215668,0.14768843352794647,-0.3169143795967102,0.43845117812201867,0.004020749591290951,0.0010378127917647362,0.010939602740108967,-0.010879123583436012,0.013964302837848663,-0.008810685947537422,0.0004413072019815445,-0.0011100899428129196,-0.0034365803003311157,0.00031222589313983917,0.0034969908024959995,-0.1768784075975418,0.23759551346302032,0.24979397654533386,-0.2209572046995163,0.44370061275089073,53.606209552,True,-0.00012884847819805145,-0.0001301988959312439,-0.00016137491911649704,-0.00014351680874824524,0.00028304314590851267,-0.08228351175785065,-0.09000883251428604,-0.10212347656488419,-0.09598209708929062,0.18564840458014553,ROA_0928_final_no_velocity_scale0125,2680,2026-09-28_17-06-19
0.0004563247784972191,-0.0011650845408439636,-0.003484799526631832,0.00033655669540166855,0.0035514515439473955,-0.17215031385421753,0.2569253444671631,0.2717403471469879,-0.2184789478778839,0.46080093431911506,0.00033495016396045685,-0.0012874370440840721,-0.003630388528108597,0.00020260922610759735,0.0036617172446539387,-0.26665860414505005,0.159097820520401,0.1569746434688568,-0.32824742794036865,0.458463439454463,0.0029237368144094944,0.001696073915809393,0.010152622126042843,-0.010413344018161297,0.013157011941075325,-0.008395038545131683,0.00046032946556806564,-0.001156679354608059,-0.0034687574952840805,0.0003463355824351311,0.0035377994676585385,-0.18467962741851807,0.2486104965209961,0.25964248180389404,-0.2313719540834427,0.4632955305907144,53.626209021,True,-0.0001287786290049553,-0.0001330394297838211,-0.0001601874828338623,-0.00014491379261016846,0.00028435303198418504,-0.08201994746923447,-0.0894947424530983,-0.10268831998109818,-0.09689619392156601,0.18607995145101283,ROA_0928_final_no_velocity_scale0125,2681,2026-09-28_17-06-19
0.0003912951797246933,-0.0010982155799865723,-0.0033061252906918526,0.0001682434231042862,0.0033438461156887127,-0.18222559988498688,0.2631356418132782,0.2812449634075165,-0.22601544857025146,0.47739074910673135,0.0002658925950527191,-0.001217215321958065,-0.0034425174817442894,4.316680133342743e-05,0.003455857040243658,-0.2743573784828186,0.16639544069766998,0.17238198220729828,-0.32952356338500977,0.47357512720920203,0.003240770660340786,0.0017893263138830662,0.01025481428951025,-0.009893937036395073,0.013025786727666855,-0.007985339500010014,0.00039532314985990524,-0.0010882969945669174,-0.00328973401337862,0.00017741695046424866,0.003329085828572674,-0.19469250738620758,0.25493115186691284,0.2699156701564789,-0.23837688565254211,0.47999511007768375,53.646210442000005,True,-0.00013024546205997467,-0.00012775417417287827,-0.0001527136191725731,-0.00013532117009162903,0.00027362534285243264,-0.07967999577522278,-0.08855177462100983,-0.09748176485300064,-0.0911191999912262,0.17870869417126303,ROA_0928_final_no_velocity_scale0125,2682,2026-09-28_17-06-19
0.0003555323928594589,-0.001173350028693676,-0.0033563468605279922,0.00014184042811393738,0.003386837601630561,-0.17083388566970825,0.2462696135044098,0.2865767776966095,-0.23029766976833344,0.4696528370617993,0.00022852327674627304,-0.0012917211279273033,-0.0034930184483528137,1.685693860054016e-05,0.0035021752837733323,-0.26498499512672424,0.14783650636672974,0.17690494656562805,-0.33487728238105774,0.466371874491903,0.0033736233599483967,0.0014216406270861626,0.01038849726319313,-0.009903713129460812,0.013103149831295013,-0.008009407669305801,0.0003625405952334404,-0.001164083369076252,-0.0033392803743481636,0.0001516193151473999,0.003371719277463727,-0.1836412101984024,0.23756571114063263,0.274975061416626,-0.24295596778392792,0.4720979047312086,53.666212951000006,True,-0.00013068784028291702,-0.0001296401023864746,-0.0001543201506137848,-0.00013671815395355225,0.0002762833850248947,-0.08133402466773987,-0.08975154906511307,-0.09805848449468613,-0.09192363172769547,0.1807825124135016,ROA_0928_final_no_velocity_scale0125,2683,2026-09-28_17-06-19
0.0003345077857375145,-0.0011265743523836136,-0.003235810436308384,4.561152309179306e-05,0.0032575773074770115,-0.17469538748264313,0.24806684255599976,0.29367393255233765,-0.23449955880641937,0.4783802169072239,0.00020710285753011703,-0.0012439675629138947,-0.0033665914088487625,-7.767230272293091e-05,0.0033729557995619834,-0.26865676045417786,0.14930543303489685,0.187509685754776,-0.33539554476737976,0.4743113693791299,0.0032524452544748783,0.000803816132247448,0.010753525421023369,-0.010815637186169624,0.013304481282830238,-0.009011794812977314,0.0003414228558540344,-0.0011161435395479202,-0.003218674100935459,5.504116415977478e-05,0.003241925512704353,-0.18756160140037537,0.2393205463886261,0.2824684977531433,-0.24680326879024506,0.4808219864693911,53.686212868000005,True,-0.0001332489773631096,-0.00012808013707399368,-0.00015043187886476517,-0.0001305481418967247,0.00027163373869708746,-0.08110841363668442,-0.08998950570821762,-0.09502307325601578,-0.08864420652389526,0.17749660942423975,ROA_0928_final_no_velocity_scale0125,2684,2026-09-28_17-06-19
0.0003660796210169792,-0.0011690426617860794,-0.0033817021176218987,0.00013743992894887924,0.0034128562126685587,-0.1736520677804947,0.2460544854402542,0.29333189129829407,-0.2352837324142456,0.4772778364433213,0.0002443324774503708,-0.001283036544919014,-0.0035181641578674316,1.3248063623905182e-05,0.0035283396504952073,-0.26772332191467285,0.14785653352737427,0.1828335076570511,-0.34081119298934937,0.4741047134235617,0.002659569028764963,0.001352610532194376,0.010240975767374039,-0.010428277775645256,0.012823732569813728,-0.008717307820916176,0.00037134159356355667,-0.0011625932529568672,-0.003366568125784397,0.00014908146113157272,0.003399598319080444,-0.1865536868572235,0.2372083067893982,0.28136372566223145,-0.24826264381408691,0.4796416524297039,53.706215122,True,-0.00012880191206932068,-0.00012603122740983963,-0.00015406403690576553,-0.00013450626283884048,0.00027247477801610513,-0.08118827641010284,-0.08936388790607452,-0.09856744855642319,-0.09257252514362335,0.1811401015430541,ROA_0928_final_no_velocity_scale0125,2685,2026-09-28_17-06-19
0.0003759749233722687,-0.001159333623945713,-0.003460911102592945,0.0002129003405570984,0.003499419550778325,-0.18731248378753662,0.25812092423439026,0.29235169291496277,-0.2360062152147293,0.4886612699247371,0.0002556014806032181,-0.0012783333659172058,-0.003604777157306671,8.58912244439125e-05,0.003618716185689475,-0.2798912823200226,0.16172625124454498,0.17865140736103058,-0.3444943428039551,0.48553458370747477,0.002002210821956396,0.0017529474571347237,0.009370624087750912,-0.010362176224589348,0.011956233531236649,-0.008760957978665829,0.0003809109330177307,-0.00115192960947752,-0.003447546623647213,0.00022207386791706085,0.003487853318211152,-0.20000547170639038,0.2495078295469284,0.28008827567100525,-0.2494531124830246,0.49119861480710963,53.726217599,True,-0.00012605451047420502,-0.0001244945451617241,-0.0001591397449374199,-0.00013543758541345596,0.00027378332071153187,-0.07990071922540665,-0.08778949081897736,-0.10145688056945801,-0.09507452696561813,0.18268096668549402,ROA_0928_final_no_velocity_scale0125,2686,2026-09-28_17-06-19
0.00031474046409130096,-0.001213722862303257,-0.0035769306123256683,0.00023222528398036957,0.0036085219159205837,-0.18802563846111298,0.2544836401939392,0.2873954176902771,-0.23438337445259094,0.4837738095996914,0.00019515864551067352,-0.001324131153523922,-0.003724335692822933,0.00010540243238210678,0.0037341073013639095,-0.28046613931655884,0.15847501158714294,0.17013026773929596,-0.3461667597293854,0.4809251108333083,0.002256038598716259,0.0023018214851617813,0.009052647277712822,-0.009376728907227516,0.011664196848869324,-0.007799691520631313,0.0003212364390492439,-0.001203920692205429,-0.003559468314051628,0.00024137552827596664,0.0035929314360952152,-0.20060686767101288,0.2458970844745636,0.27482837438583374,-0.248262420296669,0.48635112962465565,53.746212588000006,True,-0.00012521632015705109,-0.00012558884918689728,-0.00016419216990470886,-0.00013636890798807144,0.00027720693519319155,-0.07987161725759506,-0.08741533011198044,-0.10468554496765137,-0.09791994839906693,0.18578762118973277,ROA_0928_final_no_velocity_scale0125,2687,2026-09-28_17-06-19
0.00029262155294418335,-0.0012279720976948738,-0.0036217505112290382,0.00021525193005800247,0.0036487006717649912,-0.18581607937812805,0.2517932951450348,0.29206252098083496,-0.24052289128303528,0.4874184605778735,0.00017688143998384476,-0.0013452954590320587,-0.0037698308005928993,9.085051715373993e-05,0.003777561264762243,-0.2792135179042816,0.15526451170444489,0.17273308336734772,-0.3537565767765045,0.4847863211412605,0.0022609569132328033,0.0022289417684078217,0.009226389229297638,-0.009377580136060715,0.011834138073027134,-0.00779442023485899,0.0002977438271045685,-0.0012200791388750076,-0.003603752702474594,0.00022510066628456116,0.003632360079608507,-0.19848206639289856,0.24312779307365417,0.27937114238739014,-0.2547236979007721,0.490084899411146,53.766214297000005,True,-0.00012200325727462769,-0.00012477394193410873,-0.00016423873603343964,-0.00013760291039943695,0.0002760110428942642,-0.08077313750982285,-0.08785514533519745,-0.10661640763282776,-0.099073626101017,0.18807670576256572,ROA_0928_final_no_velocity_scale0125,2688,2026-09-28_17-06-19
0.00023096799850463867,-0.0013027573004364967,-0.0037299003452062607,0.0002089422196149826,0.003749696381893283,-0.17629283666610718,0.23588024079799652,0.2876615524291992,-0.23607373237609863,0.47127438353295703,0.00010842923074960709,-0.0014175660908222198,-0.0038804253563284874,7.7858567237854e-05,0.003883987079699903,-0.27164676785469055,0.13769976794719696,0.16633839905261993,-0.3510478138923645,0.4687939778956491,0.003096838016062975,0.0018305177800357342,0.009788429364562035,-0.00907285138964653,0.012436219491064548,-0.007411889731884003,0.00023595057427883148,-0.0012953300029039383,-0.0037152552977204323,0.0002159271389245987,0.003736189567815915,-0.1892063170671463,0.22682267427444458,0.2747285068035126,-0.25062844157218933,0.47386707970442443,53.786214406000006,True,-0.00012633390724658966,-0.00012421514838933945,-0.0001701759174466133,-0.00013317912817001343,0.00027901108297775196,-0.0824911966919899,-0.08911359310150146,-0.10840500891208649,-0.10041845589876175,0.19112733110928626,ROA_0928_final_no_velocity_scale0125,2689,2026-09-28_17-06-19
0.00015755649656057358,-0.0013041310012340546,-0.00378522090613842,0.00015667174011468887,0.0037951305595803897,-0.17395614087581635,0.23370468616485596,0.28444358706474304,-0.23197218775749207,0.4652366072053068,3.406312316656113e-05,-0.0014190329238772392,-0.003942893818020821,2.7660280466079712e-05,0.003943273049112325,-0.2706514000892639,0.13424478471279144,0.16181030869483948,-0.3481009006500244,0.46269203260116176,0.0031555830501019955,0.0018819612450897694,0.009848218411207199,-0.009155022911727428,0.01253187470138073,-0.0074602160602808,0.00016314443200826645,-0.0012949341908097267,-0.003772042691707611,0.000163959339261055,0.0037827946216909573,-0.1870589256286621,0.22463150322437286,0.2714029848575592,-0.2465895265340805,0.46787869342373184,53.806213587,True,-0.0001300359144806862,-0.00012605451047420502,-0.00017280690371990204,-0.0001375330612063408,0.0002852891152292351,-0.08358339965343475,-0.09038322418928146,-0.10961363464593887,-0.10150880366563797,0.19344353590480098,ROA_0928_final_no_velocity_scale0125,2690,2026-09-28_17-06-19
6.449408829212189e-05,-0.0012913020327687263,-0.003901170566678047,2.76835635304451e-05,0.0039020494545912634,-0.17786280810832977,0.2394837737083435,0.2890757620334625,-0.23829865455627441,0.4755546605007432,-5.5087730288505554e-05,-0.0014132587239146233,-0.00405989121645689,-9.923242032527924e-05,0.00406222784976481,-0.2762400507926941,0.1385146677494049,0.16425642371177673,-0.35673773288726807,0.4733951683474846,0.0036585526540875435,0.0022314703091979027,0.010130581445991993,-0.008846349082887173,0.012877121567726135,-0.007104775402694941,7.145572453737259e-05,-0.0012837117537856102,-0.003885687328875065,4.016328603029251e-05,0.0038869311869590187,-0.1912212371826172,0.23041711747646332,0.27573224902153015,-0.25321030616760254,0.4783334890148167,53.826214753,True,-0.0001273117959499359,-0.00013078097254037857,-0.00017331913113594055,-0.00013755634427070618,0.0002862674245802577,-0.08511100709438324,-0.09196018427610397,-0.1114984005689621,-0.10355142503976822,0.19698199355841087,ROA_0928_final_no_velocity_scale0125,2691,2026-09-28_17-06-19
-6.849877536296844e-05,-0.001283641904592514,-0.0039283884689211845,-1.816079020500183e-05,0.003929219703757246,-0.17668817937374115,0.23758409917354584,0.27352359890937805,-0.22619658708572388,0.4589922513683553,-0.00019548460841178894,-0.001408183015882969,-0.004088529385626316,-0.00014370307326316833,0.0040993394437110016,-0.27718859910964966,0.13423757255077362,0.15057367086410522,-0.34274742007255554,0.4562051788185888,0.004628162831068039,0.0020212200470268726,0.010678390972316265,-0.008901052176952362,0.01339961402118206,-0.007077373098582029,-6.223563104867935e-05,-0.0012763775885105133,-0.003915419802069664,-1.1152587831020355e-05,0.003916055561223254,-0.19032786786556244,0.22836308181285858,0.2604694962501526,-0.24091380834579468,0.4619391039954671,53.846214702000005,True,-0.0001295004040002823,-0.00013201497495174408,-0.0001711072400212288,-0.0001317821443080902,0.0002836607979784872,-0.08687096834182739,-0.09412410855293274,-0.10989582538604736,-0.10185781121253967,0.19697814141428346,ROA_0928_final_no_velocity_scale0125,2692,2026-09-28_17-06-19
-0.00017159618437290192,-0.0012716511264443398,-0.004075281322002411,-9.08970832824707e-05,0.00408171645102663,-0.1757643073797226,0.23940670490264893,0.280385822057724,-0.22972699999809265,0.46507142058025297,-0.00029942020773887634,-0.001398497261106968,-0.0042418017983436584,-0.0002219807356595993,0.004265773377466753,-0.27884820103645325,0.13382266461849213,0.15244492888450623,-0.35117843747138977,0.4627828712924932,0.005394884385168552,0.0018089096993207932,0.011646127328276634,-0.009283742867410183,0.014480264857411385,-0.00738008227199316,-0.00016437843441963196,-0.0012612901628017426,-0.004059821367263794,-8.14441591501236e-05,0.004065532381433368,-0.1897362470626831,0.22998428344726562,0.26672470569610596,-0.24497787654399872,0.4680176740928936,53.866216059,True,-0.00013408716768026352,-0.00013692770153284073,-0.00018118880689144135,-0.00013988465070724487,0.00029784669488849787,-0.08913664519786835,-0.09615392982959747,-0.11430773138999939,-0.1062215268611908,0.20367690921863235,ROA_0928_final_no_velocity_scale0125,2693,2026-09-28_17-06-19
-0.00033245887607336044,-0.0012105563655495644,-0.004031043499708176,-0.0001882202923297882,0.00405586442507091,-0.17729564011096954,0.24499393999576569,0.27807754278182983,-0.2274857759475708,0.4658025332419722,-0.00046086497604846954,-0.0013403594493865967,-0.004199938848614693,-0.0003207474946975708,0.004253272452405083,-0.28247594833374023,0.13679614663124084,0.15053758025169373,-0.34837377071380615,0.46289641916018837,0.005913417786359787,0.0011570588685572147,0.012176070362329483,-0.010096229612827301,0.014989176765084267,-0.00813975278288126,-0.00032759271562099457,-0.0011990079656243324,-0.0040209852159023285,-0.00018151476979255676,0.00404478490957765,-0.19163334369659424,0.23561784625053406,0.2645547389984131,-0.24267330765724182,0.4690198022118606,53.88621604,True,-0.00013941898941993713,-0.00014046672731637955,-0.00018281862139701843,-0.00013653188943862915,0.00030124010334051874,-0.09088613837957382,-0.09874743223190308,-0.1140315979719162,-0.10569672286510468,0.20523499415140267,ROA_0928_final_no_velocity_scale0125,2694,2026-09-28_17-06-19
-0.0005074543878436089,-0.0011832453310489655,-0.003906572237610817,-0.0002814922481775284,0.003965067219901364,-0.16100284457206726,0.23626744747161865,0.264900267124176,-0.21413014829158783,0.44009995898108484,-0.0006415415555238724,-0.0013157492503523827,-0.004073837772011757,-0.0004141591489315033,0.004173804770925323,-0.2684234380722046,0.1256554275751114,0.13792933523654938,-0.3348430395126343,0.437607850104784,0.00663627777248621,0.0014859363436698914,0.012680374085903168,-0.009717656299471855,0.015461668372154236,-0.0077379681169986725,-0.0005017034709453583,-0.001170346513390541,-0.003890087828040123,-0.00027497299015522003,0.003946988468707856,-0.1755540668964386,0.2268357127904892,0.2515096962451935,-0.22906436026096344,0.44334956403084397,53.906217479000006,True,-0.00014137476682662964,-0.000147172249853611,-0.00018212012946605682,-0.00014384277164936066,0.00030832614110591107,-0.09286752343177795,-0.10120006650686264,-0.1136041209101677,-0.10579218715429306,0.2071196259550273,ROA_0928_final_no_velocity_scale0125,2695,2026-09-28_17-06-19
-0.0007470836862921715,-0.0012050848454236984,-0.003733998164534569,-0.00027241185307502747,0.003844258981126756,-0.16127130389213562,0.23994244635105133,0.24732713401317596,-0.19375327229499817,0.4217261970181981,-0.0008831266313791275,-0.001344527117908001,-0.003905780613422394,-0.0004103872925043106,0.0040704512509391515,-0.26945000886917114,0.12795929610729218,0.1198435127735138,-0.31540215015411377,0.41846795396690234,0.0066659413278102875,0.0023306841030716896,0.012288343161344528,-0.009566115215420723,0.015059361234307289,-0.007626292295753956,-0.0007378635928034782,-0.0011944910511374474,-0.0037196557968854904,-0.000265706330537796,0.003827028638446345,-0.1758609414100647,0.2308734655380249,0.23398035764694214,-0.20837223529815674,0.4251175367420228,53.926217862,True,-0.00014507677406072617,-0.00015187542885541916,-0.00018551945686340332,-0.00014798715710639954,0.0003161981158343051,-0.09355670213699341,-0.10286340862512589,-0.11412053555250168,-0.10705599188804626,0.20916587094585676,ROA_0928_final_no_velocity_scale0125,2696,2026-09-28_17-06-19
-0.0009467359632253647,-0.001235329546034336,-0.0036170240491628647,-0.00015548430383205414,0.0037704104853875306,-0.16694165766239166,0.24588242173194885,0.22911931574344635,-0.17400969564914703,0.40820875510691684,-0.0010797521099448204,-0.0013738172128796577,-0.003785407170653343,-0.000295368954539299,0.003997304670669054,-0.2733159363269806,0.13456515967845917,0.10331673175096512,-0.2940865159034729,0.40352461372945897,0.0069549232721328735,0.002405864652246237,0.01234899926930666,-0.010287207551300526,0.01508413627743721,-0.008447127416729927,-0.0009379815310239792,-0.0012221280485391617,-0.0036016106605529785,-0.0001466367393732071,0.0037516197809498606,-0.18130172789096832,0.23749423027038574,0.21625681221485138,-0.18818069994449615,0.41194772921510125,53.946237350000004,True,-0.00014093238860368729,-0.00015154946595430374,-0.00018333084881305695,-0.00014826655387878418,0.0003129503095770633,-0.09245169162750244,-0.10280264168977737,-0.11283484846353531,-0.10594072937965393,0.20735244362901856,ROA_0928_final_no_velocity_scale0125,2697,2026-09-28_17-06-19
-0.0010642455890774727,-0.0011868076398968697,-0.003512157127261162,-5.2945688366889954e-05,0.003693178732707315,-0.16945576667785645,0.2442244291305542,0.21792946755886078,-0.162057563662529,0.3973838175569606,-0.0011974712833762169,-0.0013241544365882874,-0.003680633381009102,-0.00018980354070663452,0.003919864308640326,-0.27278342843055725,0.1354883313179016,0.09585031867027283,-0.27878209948539734,0.39220219415111296,0.006628622300922871,0.0016656173393130302,0.011856701225042343,-0.011100629344582558,0.014508148655295372,-0.009324712678790092,-0.001058727502822876,-0.0011743046343326569,-0.0035000499337911606,-4.563480615615845e-05,0.0036787541345063967,-0.18331919610500336,0.23628583550453186,0.20569655299186707,-0.1757955104112625,0.40123078251383043,53.966221957,True,-0.00014028046280145645,-0.0001491280272603035,-0.00018132850527763367,-0.00014221295714378357,0.00030739244624331235,-0.0897231474518776,-0.10075373202562332,-0.10976008325815201,-0.10303454101085663,0.20195111651075878,ROA_0928_final_no_velocity_scale0125,2698,2026-09-28_17-06-19
-0.0010602176189422607,-0.0011255033314228058,-0.003354344516992569,2.584420144557953e-05,0.0035333910576339383,-0.18514412641525269,0.2591162919998169,0.21762120723724365,-0.1595192551612854,0.41228896644238416,-0.001192418858408928,-0.0012611271813511848,-0.0035155098885297775,-0.00010272487998008728,0.0037496435365869667,-0.2869020402431488,0.15091289579868317,0.10059866309165955,-0.27165839076042175,0.4063975228582139,0.005984234623610973,0.0010410556569695473,0.011498129926621914,-0.012623060494661331,0.014003759250044823,-0.01093625370413065,-0.0010513467714190483,-0.0011105788871645927,-0.0033373944461345673,3.534369170665741e-05,0.0035132203435015164,-0.19887158274650574,0.2516489326953888,0.20611518621444702,-0.1725512444972992,0.4163618224867112,53.986220484,True,-0.00014023389667272568,-0.00015024561434984207,-0.00017452985048294067,-0.00013764947652816772,0.0003018641012764781,-0.08820788562297821,-0.10074232518672943,-0.10544247180223465,-0.0991094782948494,0.19692455889974309,ROA_0928_final_no_velocity_scale0125,2699,2026-09-28_17-06-19
-0.0009761657565832138,-0.0009857350960373878,-0.00322926789522171,4.260800778865814e-05,0.003383194767980975,-0.20505858957767487,0.2787478566169739,0.21141813695430756,-0.1530623883008957,0.4286557064779069,-0.001109926961362362,-0.0011204741895198822,-0.0033843331038951874,-8.009374141693115e-05,0.0035893001683432956,-0.3034288287162781,0.17285043001174927,0.1004519835114479,-0.2595842778682709,0.42222293573918906,0.005417509004473686,0.0003857472911477089,0.011065473780035973,-0.013616157695651054,0.013410409912467003,-0.011998580768704414,-0.0009713228791952133,-0.0009709736332297325,-0.0032156240195035934,5.1409006118774414e-05,0.003367773557310212,-0.2185385525226593,0.27161720395088196,0.20058591663837433,-0.16556772589683533,0.43289187622814157,54.006230659,True,-0.00013709068298339844,-0.0001480570062994957,-0.00016577541828155518,-0.00013024546205997467,0.00029091486884586095,-0.08485954999923706,-0.09874137490987778,-0.10014185309410095,-0.09403423964977264,0.18899700296666586,ROA_0928_final_no_velocity_scale0125,2700,2026-09-28_17-06-19
-0.0008657807484269142,-0.0009539537131786346,-0.003220420330762863,0.00013881362974643707,0.0033368771582176025,-0.19848451018333435,0.27006420493125916,0.208881676197052,-0.14866654574871063,0.4170155634918048,-0.0009954208508133888,-0.0010835472494363785,-0.0033709686249494553,2.0116567611694336e-05,0.0035277388937292923,-0.29512178897857666,0.16668635606765747,0.09938608109951019,-0.25383660197257996,0.41116239366886637,0.004996400326490402,-0.0001033581793308258,0.01064832042902708,-0.014067957177758217,0.012965336441993713,-0.012480713427066803,-0.0008623115718364716,-0.0009420560672879219,-0.003206217661499977,0.00014677643775939941,0.003321889056166418,-0.21156330406665802,0.26286253333091736,0.1981356143951416,-0.1610713005065918,0.42098471217256184,54.02622301,True,-0.00013497192412614822,-0.00014523975551128387,-0.0001650303602218628,-0.0001285690814256668,0.0002873096113482906,-0.08353753387928009,-0.09616941213607788,-0.09876163303852081,-0.09276484698057175,0.18573537662905434,ROA_0928_final_no_velocity_scale0125,2701,2026-09-28_17-06-19
-0.0007531605660915375,-0.0008718110620975494,-0.0032275449484586716,0.00020281877368688583,0.00331425672333935,-0.20166008174419403,0.27477821707725525,0.20385369658470154,-0.14311888813972473,0.41709851277253795,-0.0008818344213068485,-0.000998680479824543,-0.0033727847039699554,8.910428732633591e-05,0.003490475294787014,-0.296609103679657,0.1732999086380005,0.09639560431241989,-0.24585191905498505,0.4111577430678241,0.004625160247087479,-0.00017104018479585648,0.010617162100970745,-0.014320511370897293,0.012873997911810875,-0.012780219316482544,-0.0007518567144870758,-0.0008595292456448078,-0.0032151583582162857,0.00021010637283325195,0.0033019110405175826,-0.2145916074514389,0.26750773191452026,0.19327154755592346,-0.15535157918930054,0.4209449485544971,54.046246306,True,-0.00013309763744473457,-0.00013691606000065804,-0.00016028061509132385,-0.0001214444637298584,0.0002765186120149853,-0.081992007791996,-0.09423994272947311,-0.09687361121177673,-0.09050895273685455,0.18191215107693776,ROA_0928_final_no_velocity_scale0125,2702,2026-09-28_17-06-19
-0.0006017507985234261,-0.0010020099580287933,-0.003291713073849678,0.00041979365050792694,0.0033552463804988743,-0.17818690836429596,0.25611627101898193,0.2020522803068161,-0.14012515544891357,0.39130874611501487,-0.0007277820259332657,-0.0011298805475234985,-0.003434182144701481,0.00030051451176404953,0.003511023547995645,-0.27513664960861206,0.15369382500648499,0.09143421798944473,-0.24527449905872345,0.38553121589144,0.004468877799808979,0.0006159157492220402,0.011230344884097576,-0.013161230832338333,0.013539997860789299,-0.011552291922271252,-0.0005977228283882141,-0.0009891577064990997,-0.003275414928793907,0.0004284782335162163,0.003339408815314897,-0.19146524369716644,0.2482803463935852,0.19087199866771698,-0.1527918428182602,0.3949314463089878,54.066227296,True,-0.00013331882655620575,-0.00013888347893953323,-0.00015962868928909302,-0.00012512318789958954,0.00027894897093637476,-0.08367956429719925,-0.09457161277532578,-0.09943078458309174,-0.09249080717563629,0.18521988093682865,ROA_0928_final_no_velocity_scale0125,2703,2026-09-28_17-06-19
-0.0004137633368372917,-0.0010427320376038551,-0.0033390475437045097,0.0006375368684530258,0.003406662429922957,-0.17363087832927704,0.25550320744514465,0.1946631669998169,-0.13266898691654205,0.38215493247581883,-0.0005375593900680542,-0.001167808659374714,-0.003479677252471447,0.000519375316798687,0.003539047699257611,-0.2700551152229309,0.15387333929538727,0.08219456672668457,-0.2386956363916397,0.3759585599493095,0.003254589159041643,0.0012082532048225403,0.010226878337562084,-0.012019237503409386,0.012500178068876266,-0.010409438982605934,-0.0004080822691321373,-0.0010301591828465462,-0.00332491472363472,0.0006456393748521805,0.0033938776315356896,-0.18709105253219604,0.2473650872707367,0.18305329978466034,-0.14579272270202637,0.3857171856714207,54.086226591000006,True,-0.00013115350157022476,-0.00013727694749832153,-0.0001559266820549965,-0.0001260777935385704,0.00027557701916240267,-0.08316314220428467,-0.09356997162103653,-0.10010669380426407,-0.09272805601358414,0.18496266390386287,ROA_0928_final_no_velocity_scale0125,2704,2026-09-28_17-06-19
-0.0003624008968472481,-0.0010647112503647804,-0.003422517329454422,0.0006329035386443138,0.0034847794665043247,-0.1625579297542572,0.24481326341629028,0.17865723371505737,-0.11910147964954376,0.3575094316622108,-0.00048656947910785675,-0.0011872267350554466,-0.003564218059182167,0.000512460246682167,0.00361623418027238,-0.25958311557769775,0.14353007078170776,0.0651506707072258,-0.2261802852153778,0.3516916608726228,0.0025914586149156094,0.002116078045219183,0.00929122231900692,-0.010602297261357307,0.011469809338450432,-0.009088680148124695,-0.000357162207365036,-0.0010529765859246254,-0.0034064287319779396,0.0006401445716619492,0.0034699841741897665,-0.17596128582954407,0.2363778054714203,0.16668018698692322,-0.13229157030582428,0.3607254776174974,54.106229471000006,True,-0.00012640375643968582,-0.00013562384992837906,-0.00015494879335165024,-0.00013022217899560928,0.00027397513008951206,-0.0836225152015686,-0.09284750372171402,-0.10138563066720963,-0.09383121132850647,0.1860801205346472,ROA_0928_final_no_velocity_scale0125,2705,2026-09-28_17-06-19
-0.000388571061193943,-0.0011912314221262932,-0.0035605626180768013,0.0005384674295783043,0.0036077233499494793,-0.13457493484020233,0.21303001046180725,0.17938272655010223,-0.1201142966747284,0.32479064793836754,-0.0005099456757307053,-0.0013130949810147285,-0.0037038931623101234,0.0004152301698923111,0.003747126893613379,-0.23341970145702362,0.11173495650291443,0.06310152262449265,-0.2299533188343048,0.3203945181545889,0.001970586832612753,0.0028594709001481533,0.008740493096411228,-0.009455345571041107,0.010784979909658432,-0.00809011235833168,-0.00038295984268188477,-0.0011804047971963882,-0.0035444041714072227,0.0005480134859681129,0.0035927045808155176,-0.1479121744632721,0.20412912964820862,0.16687460243701935,-0.1334480345249176,0.32755074077019103,54.126229406,True,-0.00012705568224191666,-0.00013373792171478271,-0.00015669502317905426,-0.00013296958059072495,0.00027576493132237383,-0.08573685586452484,-0.09232083708047867,-0.10367249697446823,-0.09653134644031525,0.18945585868154222,ROA_0928_final_no_velocity_scale0125,2706,2026-09-28_17-06-19
-0.0005259178578853607,-0.0011835480108857155,-0.0035819830372929573,0.00032745301723480225,0.003623983811139469,-0.15395064651966095,0.2242419719696045,0.18767406046390533,-0.12978002429008484,0.3493510091224962,-0.0006485264748334885,-0.0013037817552685738,-0.0037272926419973373,0.0002032378688454628,0.0037833732438121736,-0.25336071848869324,0.12274062633514404,0.0696931928396225,-0.2408614307641983,0.34495012711503714,0.0028246543370187283,0.0024164696224033833,0.008861847221851349,-0.00922299362719059,0.010688453912734985,-0.008065836504101753,-0.0005209352821111679,-0.0011756783351302147,-0.003565545193850994,0.0003355788066983223,0.003607506138482941,-0.1672094166278839,0.215205118060112,0.17506302893161774,-0.143249049782753,0.3520229286084697,54.146227549,True,-0.00012794043868780136,-0.0001298496499657631,-0.000159326009452343,-0.00013473909348249435,0.00027679187941751757,-0.08615827560424805,-0.09245610982179642,-0.10536284744739532,-0.09762844443321228,0.19119528905156807,ROA_0928_final_no_velocity_scale0125,2707,2026-09-28_17-06-19
-0.0005437061190605164,-0.0012191478163003922,-0.0035614240914583206,0.00027348287403583527,0.0036038631304998224,-0.15188729763031006,0.21996581554412842,0.19123125076293945,-0.1336650401353836,0.34929753831131516,-0.0006678979843854904,-0.0013419659808278084,-0.0037093879655003548,0.0001480570062994957,0.0037703273553052327,-0.2525746822357178,0.11746049672365189,0.0711071714758873,-0.24628381431102753,0.3448399951630858,0.00416895467787981,0.0013488391414284706,0.009975150227546692,-0.00991363450884819,0.011592251248657703,-0.008937785401940346,-0.0005387235432863235,-0.0012086471542716026,-0.0035463133826851845,0.0002836110070347786,0.003588545165915458,-0.16519565880298615,0.21083559095859528,0.1784968078136444,-0.1472807377576828,0.35194484730319026,54.1662279,True,-0.00012924429029226303,-0.00013099052011966705,-0.00016237609088420868,-0.00013760291039943695,0.00028108612600547954,-0.08736620098352432,-0.09336414933204651,-0.10735680907964706,-0.09900936484336853,0.19397923108040674,ROA_0928_final_no_velocity_scale0125,2708,2026-09-28_17-06-19
-0.000504753552377224,-0.0013149576261639595,-0.003598025068640709,0.0003980472683906555,0.0036404011363142586,-0.13347621262073517,0.20124296844005585,0.17999367415905,-0.12231198698282242,0.31903469359735853,-0.0006355345249176025,-0.0014372635632753372,-0.003751087933778763,0.0002669636160135269,0.0038046277195159786,-0.23533380031585693,0.09798933565616608,0.05723535642027855,-0.23756477236747742,0.31494605935383596,0.004828155972063541,0.0008025285787880421,0.011085049249231815,-0.01022802758961916,0.012506915256381035,-0.009425446391105652,-0.0005005626007914543,-0.0013070879504084587,-0.0035818666219711304,0.00040479935705661774,0.0036244356174605858,-0.14675943553447723,0.19199004769325256,0.1669863611459732,-0.13610906898975372,0.3215528995804682,54.186228475,True,-0.0001308973878622055,-0.00013238750398159027,-0.00016656704246997833,-0.0001412816345691681,0.0002867257791586734,-0.08861417323350906,-0.09399651736021042,-0.10977964103221893,-0.10144570469856262,0.19744692084670076,ROA_0928_final_no_velocity_scale0125,2709,2026-09-28_17-06-19
-0.0004988163709640503,-0.0013849930837750435,-0.0035403063520789146,0.000546756200492382,0.0035954515560715585,-0.12064887583255768,0.19199097156524658,0.15770339965820312,-0.10054861009120941,0.28705536118289265,-0.000629061833024025,-0.0015078810974955559,-0.0036910874769091606,0.00041457824409008026,0.0037482004480028897,-0.2234901636838913,0.0874788910150528,0.03403634577989578,-0.21658417582511902,0.2825094046268196,0.004239461850374937,0.0015213852748274803,0.010971718467772007,-0.009518831968307495,0.012133796699345112,-0.008905472233891487,-0.000494346022605896,-0.0013740966096520424,-0.00352438073605299,0.0005573034286499023,0.0035806500401633808,-0.134079709649086,0.18274015188217163,0.14465348422527313,-0.11432426422834396,0.2896479865635706,54.206229178,True,-0.00013369135558605194,-0.00013401731848716736,-0.0001700129359960556,-0.00014165416359901428,0.00029091144918905746,-0.08964189141988754,-0.09520700573921204,-0.11052866280078888,-0.1022869199514389,0.19933165151706808,ROA_0928_final_no_velocity_scale0125,2710,2026-09-28_17-06-19
-0.0005041249096393585,-0.001378520391881466,-0.003532739356160164,0.0006530433893203735,0.003602550975519376,-0.13602058589458466,0.2094891220331192,0.16059935092926025,-0.10350090265274048,0.30798730216139664,-0.0006378861144185066,-0.0015050172805786133,-0.0036923913285136223,0.0005153240635991096,0.003757307376673287,-0.23841367661952972,0.10541988909244537,0.03447383642196655,-0.22216001152992249,0.303420323073624,0.0027269921265542507,0.003001308534294367,0.009387053549289703,-0.00819430872797966,0.010297994129359722,-0.007776584476232529,-0.0005009816959500313,-0.0013688113540410995,-0.0035169068723917007,0.0006624730303883553,0.0035882471927580675,-0.14946702122688293,0.2002594918012619,0.14716967940330505,-0.11757201701402664,0.3105776971674777,54.226229881,True,-0.00013494864106178284,-0.00013620592653751373,-0.00017259735614061356,-0.0001501757651567459,0.00029830794386403184,-0.08890660852193832,-0.09483424574136734,-0.11267675459384918,-0.10458635538816452,0.20120821082541085,ROA_0928_final_no_velocity_scale0125,2711,2026-09-28_17-06-19
-0.00048493966460227966,-0.0014981487765908241,-0.00361073762178421,0.0006893184036016464,0.003682275492179986,-0.11511915177106857,0.1862880289554596,0.16029341518878937,-0.10410276800394058,0.28375710023395223,-0.0006171176210045815,-0.0016232486814260483,-0.0037732766941189766,0.0005523907020688057,0.003836399265902932,-0.21808849275112152,0.0825936421751976,0.031321775168180466,-0.2256985604763031,0.28045417450525156,0.00222119502723217,0.003730843309313059,0.009069910272955894,-0.006928534246981144,0.009760803543031216,-0.006661931052803993,-0.0004805857315659523,-0.001489953137934208,-0.0035960692912340164,0.000699702650308609,0.003669331124684855,-0.12840446829795837,0.17683951556682587,0.1465519815683365,-0.11853127926588058,0.2861642134382531,54.246230648,True,-0.00013723038136959076,-0.00013327226042747498,-0.00017923302948474884,-0.00014808028936386108,0.0003008412299857463,-0.0900125578045845,-0.09414832293987274,-0.11507770419120789,-0.10721036046743393,0.20413098498731996,ROA_0928_final_no_velocity_scale0125,2712,2026-09-28_17-06-19
-0.0005661509931087494,-0.001550605520606041,-0.003664684481918812,0.0007021939381957054,0.0037428776765126635,-0.12477067857980728,0.19335699081420898,0.1732611507177353,-0.11705047637224197,0.30467706969395153,-0.0006967689841985703,-0.0016780570149421692,-0.0038388650864362717,0.000555720180273056,0.0039113584574907686,-0.22804783284664154,0.08986889570951462,0.03866501897573471,-0.24406982958316803,0.302207437006827,0.0018400219269096851,0.004082254599779844,0.00888153351843357,-0.0062835984863340855,0.009386196732521057,-0.006148374639451504,-0.0005616340786218643,-0.00154091976583004,-0.0036489684134721756,0.0007091788575053215,0.0037282084261995975,-0.13810348510742188,0.1838449239730835,0.15883822739124298,-0.13221636414527893,0.3071038795181617,54.266236376,True,-0.00013564713299274445,-0.00013438984751701355,-0.00018919818103313446,-0.0001501757651567459,0.0003074722011714958,-0.08996808528900146,-0.09398860484361649,-0.12015154957771301,-0.11187046021223068,0.20939223864223774,ROA_0928_final_no_velocity_scale0125,2713,2026-09-28_17-06-19
-0.0006409361958503723,-0.0015320256352424622,-0.00366878230124712,0.0006605172529816628,0.003749010080559474,-0.15022581815719604,0.21403653919696808,0.1872384399175644,-0.13059377670288086,0.3419251382190079,-0.0007714144885540009,-0.0016612466424703598,-0.0038420548662543297,0.0005138805136084557,0.003923680407025629,-0.2534307837486267,0.1107284277677536,0.050729136914014816,-0.2594653069972992,0.3389819310796162,0.0016981307417154312,0.003830340225249529,0.00934445671737194,-0.006306744180619717,0.009672891348600388,-0.006300725508481264,-0.0006345100700855255,-0.0015242025256156921,-0.0036530429497361183,0.0006681540980935097,0.003733860374454862,-0.16361591219902039,0.2046220302581787,0.17262156307697296,-0.1460597813129425,0.34448828959849415,54.286237239,True,-0.00013508833944797516,-0.0001375097781419754,-0.0001928769052028656,-0.00015594996511936188,0.000313651340002747,-0.08983723074197769,-0.09390711039304733,-0.12187054008245468,-0.11340691149234772,0.21110995551270298,ROA_0928_final_no_velocity_scale0125,2714,2026-09-28_17-06-19
-0.0007596798241138458,-0.0015679746866226196,-0.0035870354622602463,0.0006006099283695221,0.0036783910297413605,-0.17002806067466736,0.23018194735050201,0.204332634806633,-0.14617107808589935,0.37621149666472226,-0.0008883187547326088,-0.0016985926777124405,-0.003768736496567726,0.0004504108801484108,0.0038723987184900678,-0.27315062284469604,0.1269136518239975,0.06387079507112503,-0.278434693813324,0.373016971746025,0.002667081542313099,0.0034154532477259636,0.009930488653481007,-0.0070676179602742195,0.01011702511459589,-0.007180164568126202,-0.0007563969120383263,-0.0015601515769958496,-0.003571552224457264,0.0006081769242882729,0.003663443481252333,-0.1835087239742279,0.2209024876356125,0.18934020400047302,-0.1621725857257843,0.37895817878361665,54.30623663,True,-0.00013210810720920563,-0.00013834796845912933,-0.00019727740436792374,-0.00015744008123874664,0.00031603203432774805,-0.08964677900075912,-0.09399861842393875,-0.12547336518764496,-0.11625955253839493,0.2146888263025195,ROA_0928_final_no_velocity_scale0125,2715,2026-09-28_17-06-19
-0.0008154427632689476,-0.0016274163499474525,-0.0034031225368380547,0.0007346272468566895,0.0035207409067911227,-0.1758846789598465,0.23472727835178375,0.19913654029369354,-0.13807718455791473,0.3757403551160636,-0.0009406590834259987,-0.0017541460692882538,-0.0035888515412807465,0.0005809590220451355,0.003712538019038914,-0.2780829071998596,0.13241799175739288,0.055745240300893784,-0.27309170365333557,0.37235568508387196,0.0031050308607518673,0.0032669263891875744,0.010466231033205986,-0.008003419265151024,0.010547538287937641,-0.008202413097023964,-0.0008099479600787163,-0.0016181962564587593,-0.0033880118280649185,0.0007407274097204208,0.0035060191287885865,-0.1891471892595291,0.22575049102306366,0.18399254977703094,-0.1543329507112503,0.37861427265510866,54.32625864600001,True,-0.00013096723705530167,-0.00013797543942928314,-0.00020239967852830887,-0.00015883706510066986,0.0003191964947401571,-0.08893245458602905,-0.09331944584846497,-0.12824636697769165,-0.11875084042549133,0.21708150457410183,ROA_0928_final_no_velocity_scale0125,2716,2026-09-28_17-06-19
-0.0008239876478910446,-0.0016398960724473,-0.00337245874106884,0.0007916009053587914,0.003499578469050228,-0.19202543795108795,0.24861934781074524,0.2004397064447403,-0.13765272498130798,0.39275946241045273,-0.0009460840374231339,-0.001767394132912159,-0.0035632867366075516,0.0006370246410369873,0.003691541254050294,-0.29298731684684753,0.1476299911737442,0.05391170084476471,-0.2757646143436432,0.3893489243622684,0.0030768397264182568,0.0030678818002343178,0.010712594725191593,-0.008512977510690689,0.010703730396926403,-0.008785856887698174,-0.000817934051156044,-0.0016310252249240875,-0.003355671651661396,0.0008002622053027153,0.00348370901941778,-0.2050057351589203,0.23990635573863983,0.18512828648090363,-0.1540977954864502,0.39566498032829983,54.34623902800001,True,-0.00012884847819805145,-0.0001375097781419754,-0.00020726583898067474,-0.00016356352716684341,0.0003235680491792956,-0.08801952749490738,-0.09230361133813858,-0.1312096118927002,-0.12167844921350479,0.21965499654083886,ROA_0928_final_no_velocity_scale0125,2717,2026-09-28_17-06-19
-0.0008374685421586037,-0.0015614088624715805,-0.0033144373446702957,0.0007147900760173798,0.003437142958733485,-0.21352455019950867,0.26967236399650574,0.22662779688835144,-0.1612394005060196,0.4381372656577014,-0.000958610326051712,-0.0016923528164625168,-0.003508618101477623,0.0005515525117516518,0.0036385512686368153,-0.31599166989326477,0.1673465520143509,0.07503479719161987,-0.3036481738090515,0.4345868481594819,0.002707438077777624,0.0032024183310568333,0.010964692570269108,-0.008781351149082184,0.010887770913541317,-0.009110894054174423,-0.000830087810754776,-0.0015531666576862335,-0.00329695176333189,0.0007227528840303421,0.003419861738817337,-0.226624995470047,0.2609994113445282,0.21097272634506226,-0.1780879646539688,0.44112723153412114,54.366240275,True,-0.00012866221368312836,-0.00014014076441526413,-0.00021415762603282928,-0.00017210841178894043,0.0003333482303631587,-0.08938926458358765,-0.0936461091041565,-0.13596168160438538,-0.12568244338035583,0.22582672561842584,ROA_0928_final_no_velocity_scale0125,2718,2026-09-28_17-06-19
-0.0007949536666274071,-0.0014262273907661438,-0.003177137114107609,0.0006272923201322556,0.003288491777177815,-0.2315645068883896,0.2865651547908783,0.245794415473938,-0.17846770584583282,0.4735275620229561,-0.0009174458682537079,-0.0015568220987915993,-0.0033734599128365517,0.0004652189090847969,0.003496286027763407,-0.3342239558696747,0.18390034139156342,0.09546731412410736,-0.31948694586753845,0.46971070528245645,0.0017403913661837578,0.002555543091148138,0.010684322565793991,-0.009758814238011837,0.0105784572660923,-0.010112675838172436,-0.0007897382602095604,-0.001414748840034008,-0.003159395419061184,0.000636768527328968,0.0032713805576265343,-0.24476459622383118,0.277919203042984,0.23035937547683716,-0.19527342915534973,0.47664154997530034,54.386236178000004,True,-0.00013096723705530167,-0.00014097895473241806,-0.00021660234779119492,-0.0001687556505203247,0.00033434423310479375,-0.08940742909908295,-0.09398161619901657,-0.13487599790096283,-0.12419185787439346,0.22448236950802156,ROA_0928_final_no_velocity_scale0125,2719,2026-09-28_17-06-19
-0.0007653608918190002,-0.0012426171451807022,-0.002977775875478983,0.000484357587993145,0.003079650305412029,-0.25783571600914,0.31345173716545105,0.27508217096328735,-0.20423611998558044,0.527315887621916,-0.0008906004950404167,-0.001378823071718216,-0.003172876313328743,0.0003257067874073982,0.0032961472561777506,-0.3619098365306854,0.2089901715517044,0.12814055383205414,-0.3419943153858185,0.523125269462477,-1.2501608580350876e-05,0.002415718510746956,0.009686168283224106,-0.01062516774982214,0.009565852582454681,-0.010994601994752884,-0.0007589580491185188,-0.0012314645573496819,-0.002961407881230116,0.0004891888238489628,0.003062778362988287,-0.27141740918159485,0.30487191677093506,0.2600792646408081,-0.2207944542169571,0.5307302468332499,54.406238706,True,-0.0001292908564209938,-0.00014740508049726486,-0.00020830193534493446,-0.00016561243683099747,0.00032934090564667393,-0.09051640331745148,-0.09585940092802048,-0.13195094466209412,-0.12114957720041275,0.22229082934762265,ROA_0928_final_no_velocity_scale0125,2720,2026-09-28_17-06-19
-0.000751088373363018,-0.0010549789294600487,-0.002847763244062662,0.0004409870598465204,0.002950073115225934,-0.2882005572319031,0.34552299976348877,0.2999437749385834,-0.22385792434215546,0.5813744158347977,-0.0008721137419342995,-0.0011930009350180626,-0.003046198980882764,0.0002796878106892109,0.003169237720487171,-0.3936940133571625,0.23954430222511292,0.15102314949035645,-0.36333319544792175,0.5769654334124442,-0.0016333911335095763,0.0024832431226968765,0.00846401322633028,-0.011601561680436134,0.008327742107212543,-0.011989278718829155,-0.0007425900548696518,-0.001043500378727913,-0.002831884194165468,0.00044864718802273273,0.0029333583989474867,-0.30213847756385803,0.33692291378974915,0.28469225764274597,-0.2408219575881958,0.5850494215576667,54.426241969,True,-0.00012903474271297455,-0.00015068799257278442,-0.00021255109459161758,-0.00016570556908845901,0.00033312400974814654,-0.09154807031154633,-0.09737163037061691,-0.13366375863552094,-0.12251222133636475,0.225108061680086,ROA_0928_final_no_velocity_scale0125,2721,2026-09-28_17-06-19
-0.0006905756890773773,-0.0008709728717803955,-0.0027042580768465996,0.00038510188460350037,0.002796053007086916,-0.3137660622596741,0.3752286732196808,0.32279661297798157,-0.24402490258216858,0.6308752326321054,-0.0008143717423081398,-0.0010176096111536026,-0.002904783468693495,0.0002250424586236477,0.0030174141472348896,-0.4211861789226532,0.26693636178970337,0.17304112017154694,-0.38399288058280945,0.6260910351710395,-0.0037963290233165026,0.0024665766395628452,0.0064880140125751495,-0.012649241834878922,0.006347592920064926,-0.013059677556157112,-0.0006838236004114151,-0.0008590053766965866,-0.002688320819288492,0.00039034057408571243,0.002779550731235009,-0.3280830383300781,0.3666963577270508,0.30763062834739685,-0.26117169857025146,0.6349231045696736,54.446240336,True,-0.00012987293303012848,-0.00015881378203630447,-0.00021635787561535835,-0.00016705598682165146,0.0003397316142286842,-0.09313365072011948,-0.09973439574241638,-0.13453908264636993,-0.12284167110919952,0.2274556732908556,ROA_0928_final_no_velocity_scale0125,2722,2026-09-28_17-06-19
-0.0006678979843854904,-0.0007146736606955528,-0.002666981890797615,0.0002718297764658928,0.0027509383758496076,-0.35030579566955566,0.4125113785266876,0.33817368745803833,-0.26240524649620056,0.68650897970676,-0.0007945112884044647,-0.0008623581379652023,-0.0028664246201515198,0.0001125037670135498,0.0029772237690093056,-0.4588533043861389,0.3025445342063904,0.18780328333377838,-0.4020095467567444,0.6810537735642118,-0.005300262942910194,0.001745480578392744,0.004952911287546158,-0.014081114903092384,0.004829660058021545,-0.014496739953756332,-0.0006620772182941437,-0.0007000984624028206,-0.0026526860892772675,0.00027990899980068207,0.0027361179125493036,-0.3649454712867737,0.4041101634502411,0.32319405674934387,-0.27981120347976685,0.6910421076605552,54.466244527,True,-0.000133574940264225,-0.00015923287719488144,-0.0002187909558415413,-0.00016563571989536285,0.0003422307887551327,-0.09416206181049347,-0.10145827382802963,-0.1352832168340683,-0.12225005030632019,0.22872073292314143,ROA_0928_final_no_velocity_scale0125,2723,2026-09-28_17-06-19
-0.0006452202796936035,-0.000526895746588707,-0.0026064924895763397,4.309695214033127e-05,0.002686555540701436,-0.3836774230003357,0.4416918158531189,0.35665974020957947,-0.28241610527038574,0.7381234627740758,-0.000771600753068924,-0.0006752787157893181,-0.002794479951262474,-0.0001064501702785492,0.0029134200709377504,-0.49098485708236694,0.33205920457839966,0.21325819194316864,-0.4143458604812622,0.7318843522735939,-0.00772001501172781,-0.0010056162718683481,0.0023184791207313538,-0.016616296023130417,0.0022339248098433018,-0.017026251181960106,-0.0006411224603652954,-0.0005117850378155708,-0.0025912653654813766,4.859175533056259e-05,0.0026705145318532924,-0.39828673005104065,0.43362119793891907,0.34280911087989807,-0.2993468642234802,0.743114089726278,54.486249934,True,-0.00013207318261265755,-0.00016319099813699722,-0.00020847655832767487,-0.00015459954738616943,0.0003312885695130873,-0.0929969772696495,-0.10145233571529388,-0.12946128845214844,-0.11500971764326096,0.2209222299378733,ROA_0928_final_no_velocity_scale0125,2724,2026-09-28_17-06-19
-0.000656861811876297,-0.00040224986150860786,-0.0027714762836694717,-0.0001180451363325119,0.002855936080118549,-0.4109841287136078,0.4695758521556854,0.35488882660865784,-0.2839425504207611,0.7692609677651326,-0.0007860013283789158,-0.0005545327439904213,-0.002960953861474991,-0.00026887282729148865,0.0030903961741508106,-0.518663763999939,0.35951587557792664,0.2116737812757492,-0.41559523344039917,0.7631493074182691,-0.008433789946138859,-0.0024593870621174574,0.0009933486580848694,-0.01782376505434513,0.0009573544375598431,-0.01822640746831894,-0.0006526359356939793,-0.0003864639438688755,-0.0027569476515054703,-0.00010970979928970337,0.0028400034086438547,-0.4256639778614044,0.46172234416007996,0.34109872579574585,-0.3005349934101105,0.7743313615109098,54.506242989,True,-0.00013423850759863853,-0.00016745179891586304,-0.0002055428922176361,-0.00015441328287124634,0.000332347069481132,-0.09304983168840408,-0.10218983143568039,-0.12945197522640228,-0.1150723472237587,0.22129322034950918,ROA_0928_final_no_velocity_scale0125,2725,2026-09-28_17-06-19
-0.0006277579814195633,-0.0003275461494922638,-0.0029504764825105667,-0.00027283094823360443,0.003035207471170223,-0.42224207520484924,0.4827699065208435,0.3589950203895569,-0.29273563623428345,0.7886407055139568,-0.0007567927241325378,-0.00048191286623477936,-0.0031364616006612778,-0.00042300671339035034,0.0032693282699852036,-0.5306358933448792,0.37177231907844543,0.21646776795387268,-0.42337921261787415,0.7822559760596912,-0.008447379805147648,-0.004684762563556433,0.0006247477140277624,-0.018795982003211975,0.0006807281170040369,-0.01916075497865677,-0.0006222166121006012,-0.0003118067979812622,-0.002937205135822296,-0.00026654452085494995,0.0030200872369583014,-0.4370768666267395,0.4748615622520447,0.34529247879981995,-0.3090193271636963,0.793677236064477,54.526243468000004,True,-0.00013541430234909058,-0.000168592669069767,-0.00020205043256282806,-0.00015953555703163147,0.0003341343065710125,-0.09355367720127106,-0.10308599472045898,-0.12876372039318085,-0.11438829451799393,0.2211526702391717,ROA_0928_final_no_velocity_scale0125,2726,2026-09-28_17-06-19
-0.0004966044798493385,-0.0003375113010406494,-0.003044167533516884,-0.00028437934815883636,0.003102704393650543,-0.40357697010040283,0.4692929685115814,0.3444880545139313,-0.28131622076034546,0.7595427560345304,-0.0006284797564148903,-0.000492902472615242,-0.0032242387533187866,-0.00043623149394989014,0.003326814558236005,-0.5125624537467957,0.3576297163963318,0.20453938841819763,-0.40934860706329346,0.7530505487470636,-0.008051879703998566,-0.0056703584268689156,0.0010278993286192417,-0.019557621330022812,0.0011709113605320454,-0.01987002231180668,-0.0004914356395602226,-0.00032437965273857117,-0.0030308961868286133,-0.0002780463546514511,0.003087915189306704,-0.4184255301952362,0.46129244565963745,0.33100762963294983,-0.29706186056137085,0.7643969777444628,54.546250188,True,-0.0001368112862110138,-0.00017087440937757492,-0.00019595026969909668,-0.00016139820218086243,0.00033345483141996907,-0.09411712735891342,-0.10359542816877365,-0.1264438033103943,-0.11229048669338226,0.2192121708106611,ROA_0928_final_no_velocity_scale0125,2727,2026-09-28_17-06-19
-0.00034919939935207367,-0.00046957284212112427,-0.0031925737857818604,-8.009374141693115e-05,0.003214326946281515,-0.37050968408584595,0.44100961089134216,0.32525554299354553,-0.2642352879047394,0.7094065048369032,-0.000482914038002491,-0.0006239395588636398,-0.003369990736246109,-0.00023534521460533142,0.0034200136898558655,-0.48021456599235535,0.32916173338890076,0.18413317203521729,-0.3938085734844208,0.7032453043329591,-0.00807346124202013,-0.005711343139410019,0.0011861673556268215,-0.019175823777914047,0.0014082440175116062,-0.019405752420425415,-0.000345008447766304,-0.0004566274583339691,-0.0031768344342708588,-7.026828825473785e-05,0.0031977787037574057,-0.3853493630886078,0.4327259659767151,0.31144705414772034,-0.2799052596092224,0.713912676957462,54.566246091000004,True,-0.00013746321201324463,-0.00016489066183567047,-0.00019613653421401978,-0.00016437843441963196,0.0003327418389995101,-0.0948375016450882,-0.10351696610450745,-0.12729176878929138,-0.11390633136034012,0.22084424306834277,ROA_0928_final_no_velocity_scale0125,2728,2026-09-28_17-06-19
-0.00029406510293483734,-0.0005217734724283218,-0.003299582749605179,-5.6088902056217194e-05,0.003314275266009945,-0.3639249801635742,0.4351234436035156,0.32366833090782166,-0.26470816135406494,0.7018439738841702,-0.0004260800778865814,-0.0006726011633872986,-0.0034769298508763313,-0.00021292362362146378,0.0035156062021228698,-0.4724864661693573,0.3243938386440277,0.18292152881622314,-0.3943459391593933,0.6957995469386546,-0.007497429382055998,-0.005979049950838089,0.0013617710210382938,-0.018596064299345016,0.00164707750082016,-0.01874617300927639,-0.00028978101909160614,-0.0005095498636364937,-0.0032847048714756966,-4.873145371675491e-05,0.0032988142885318848,-0.378574937582016,0.4269340932369232,0.3097373843193054,-0.280144602060318,0.706141084306906,54.586246282000005,True,-0.00013504177331924438,-0.00016211997717618942,-0.00019241124391555786,-0.0001648440957069397,0.0003285967311567516,-0.0939168930053711,-0.1024850606918335,-0.12684030830860138,-0.11422787606716156,0.21989395482049465,ROA_0928_final_no_velocity_scale0125,2729,2026-09-28_17-06-19
-0.0002563232555985451,-0.0005570473149418831,-0.003354577347636223,-4.0140002965927124e-05,0.00336539437595334,-0.3549172282218933,0.4318663775920868,0.3183842599391937,-0.2619211971759796,0.6915913390567489,-0.0003866385668516159,-0.0007070368155837059,-0.0035336241126060486,-0.000201445072889328,0.0035659093337067327,-0.4614197909832001,0.3229803144931793,0.17685441672801971,-0.3927738666534424,0.685564426479924,-0.006731424946337938,-0.004581453278660774,0.0019076839089393616,-0.017107300460338593,0.002242620103061199,-0.01719188690185547,-0.00025383196771144867,-0.000545126385986805,-0.0033401884138584137,-3.068707883358002e-05,0.0033506116254529406,-0.3693874180316925,0.4238928556442261,0.3041655123233795,-0.27730104327201843,0.6957685462689596,54.606249353,True,-0.0001344596967101097,-0.0001614447683095932,-0.00019420403987169266,-0.00017040874809026718,0.0003320422534583817,-0.09205657243728638,-0.10088970512151718,-0.12729525566101074,-0.11550448089838028,0.21931023841024916,ROA_0928_final_no_velocity_scale0125,2730,2026-09-28_17-06-19
-0.00019657891243696213,-0.0006193527951836586,-0.003374251537024975,1.4901161193847656e-05,0.00338004132579513,-0.3359711170196533,0.41802075505256653,0.3110642731189728,-0.2570878565311432,0.6679832208113883,-0.0003235996700823307,-0.0007655122317373753,-0.0035517150536179543,-0.00014593824744224548,0.0035731854866276427,-0.4413840174674988,0.31042715907096863,0.16937869787216187,-0.3884378671646118,0.662221070703419,-0.006326484493911266,-0.003907228820025921,0.0021766084246337414,-0.01601141318678856,0.002559210639446974,-0.016021983698010445,-0.00019522849470376968,-0.0006089336238801479,-0.003358977846801281,2.3655593395233154e-05,0.0033646676322992165,-0.3503764569759369,0.4099365174770355,0.2965491712093353,-0.27251988649368286,0.6719475345578956,54.626252904000005,True,-0.00013050157576799393,-0.00015668338164687157,-0.0001923413947224617,-0.00017103739082813263,0.000327505399466447,-0.0910109356045723,-0.0994620993733406,-0.1271665096282959,-0.11592963337898254,0.2183906302460922,ROA_0928_final_no_velocity_scale0125,2731,2026-09-28_17-06-19
-0.00012791715562343597,-0.0006194110028445721,-0.003350619226694107,-5.75091689825058e-06,0.0033531933170559253,-0.32345402240753174,0.4102931022644043,0.31024354696273804,-0.25781336426734924,0.6566676769746881,-0.00025745248422026634,-0.0007643364369869232,-0.003528059460222721,-0.00016926787793636322,0.0035448867868532337,-0.42776423692703247,0.30369728803634644,0.1698376089334488,-0.38827767968177795,0.6510631350575479,-0.005941253155469894,-0.0031272645574063063,0.00245682243257761,-0.015018254518508911,0.0028690299950540066,-0.01497115008533001,-0.0001244945451617241,-0.000608968548476696,-0.0033362768590450287,3.050081431865692e-06,0.003338658709915059,-0.3377428352832794,0.40216124057769775,0.2956981658935547,-0.27310848236083984,0.660452807641641,54.646252423,True,-0.00013138633221387863,-0.00015570549294352531,-0.0001934356987476349,-0.0001728534698486328,0.00032908274900069184,-0.08998077362775803,-0.0984235629439354,-0.1258433312177658,-0.11521297693252563,0.21634977112717352,ROA_0928_final_no_velocity_scale0125,2732,2026-09-28_17-06-19
-9.78703610599041e-05,-0.0006449408829212189,-0.003365171141922474,-3.364402800798416e-05,0.0033670169358913254,-0.31318002939224243,0.4029988646507263,0.3088468015193939,-0.2587379217147827,0.6467702713272634,-0.00022907042875885963,-0.0007895287126302719,-0.0035457778722047806,-0.00020009465515613556,0.003562432156799359,-0.41810888051986694,0.2958264648914337,0.16698379814624786,-0.39098015427589417,0.6414441082603531,-0.005082413554191589,-0.0026337457820773125,0.003091749269515276,-0.014017589390277863,0.003515095915645361,-0.013940343633294106,-9.511131793260574e-05,-0.0006341724656522274,-0.0033504795283079147,-2.5262124836444855e-05,0.003352118547644422,-0.3276013135910034,0.3946669101715088,0.2939375042915344,-0.2742253541946411,0.6504340564220934,54.666258343,True,-0.00013492535799741745,-0.00015440164133906364,-0.0001948326826095581,-0.00017601996660232544,0.00033260334011858315,-0.09053176641464233,-0.09882612526416779,-0.12696300446987152,-0.11678621917963028,0.21826452059121715,ROA_0928_final_no_velocity_scale0125,2733,2026-09-28_17-06-19
-6.145564839243889e-05,-0.0006288872100412846,-0.003307848237454891,-4.5727938413619995e-05,0.003308935604584838,-0.30148574709892273,0.3930377960205078,0.3032572567462921,-0.25370553135871887,0.630168081758003,-0.00019366852939128876,-0.0007722526788711548,-0.0034881755709648132,-0.00021099112927913666,0.003503183534296432,-0.406171053647995,0.2858242690563202,0.16270017623901367,-0.3850198984146118,0.6248683649903017,-0.004656684584915638,-0.0020959987305104733,0.003359469585120678,-0.013203971087932587,0.00376113411039114,-0.01313219778239727,-5.8731529861688614e-05,-0.0006177113391458988,-0.0032933196052908897,-3.5762786865234375e-05,0.0032941873804795785,-0.31586596369743347,0.3846874237060547,0.2883989214897156,-0.26895081996917725,0.6337049958074892,54.686254214,True,-0.00013398239389061928,-0.0001544714905321598,-0.00019527506083250046,-0.00017541460692882538,0.00033213405680521205,-0.09030313044786453,-0.09885453432798386,-0.12570060789585114,-0.11606816947460175,0.21706927641680474,ROA_0928_final_no_velocity_scale0125,2734,2026-09-28_17-06-19
-0.00011941883713006973,-0.0005540554411709309,-0.0033159740269184113,-0.0002225278876721859,0.0033272043446279215,-0.33029061555862427,0.4214818775653839,0.330670028924942,-0.28205254673957825,0.6863687466670441,-0.00025402987375855446,-0.0006948714144527912,-0.0034977449104189873,-0.00038940925151109695,0.003535290998547946,-0.43427279591560364,0.31445232033729553,0.18879467248916626,-0.41485366225242615,0.6809976632732989,-0.0038243846502155066,-0.002293264027684927,0.003905041143298149,-0.012811670079827309,0.004275243263691664,-0.012770595028996468,-0.00011684605851769447,-0.0005445093847811222,-0.0033004325814545155,-0.00021264422684907913,0.0033108424862984356,-0.3447176218032837,0.4132438600063324,0.3156436085700989,-0.2974909543991089,0.6899992626326839,54.706253733000004,True,-0.00013423850759863853,-0.00015170080587267876,-0.0001975218765437603,-0.00017760321497917175,0.00033354746880144624,-0.0896238461136818,-0.09886757284402847,-0.12683576345443726,-0.11735967546701431,0.218132835335535,ROA_0928_final_no_velocity_scale0125,2735,2026-09-28_17-06-19
-0.00016685808077454567,-0.0004854169674217701,-0.003221677616238594,-0.00036978162825107574,0.003250515905017114,-0.34409597516059875,0.4360549747943878,0.3463466167449951,-0.2969547510147095,0.7155588239305353,-0.0003010733053088188,-0.0006282702088356018,-0.003404624294489622,-0.0005381181836128235,0.0034701330296144847,-0.4480471611022949,0.32850295305252075,0.20455417037010193,-0.42958834767341614,0.7098607924303739,-0.002725092926993966,-0.0020700846798717976,0.004661920014768839,-0.012397926300764084,0.004976173862814903,-0.012401819229125977,-0.00016369158402085304,-0.00047582434490323067,-0.0032073003239929676,-0.0003600376658141613,0.0032347934350828132,-0.3587068021297455,0.4278546869754791,0.33132660388946533,-0.312422513961792,0.7193132171136681,54.726259012,True,-0.00013689277693629265,-0.00015136320143938065,-0.00019832514226436615,-0.00017866259440779686,0.0003356024641551816,-0.08948798477649689,-0.09941111505031586,-0.12676498293876648,-0.11718738079071045,0.2181718042768714,ROA_0928_final_no_velocity_scale0125,2736,2026-09-28_17-06-19
-0.00018480932340025902,-0.0004630535840988159,-0.0031935982406139374,-0.00037153949961066246,0.003224031443661036,-0.3273600935935974,0.416832834482193,0.33425718545913696,-0.2861410975456238,0.6856268381316043,-0.00032332027330994606,-0.0006062211468815804,-0.0033763120882213116,-0.0005379901267588139,0.003444610676171326,-0.43215087056159973,0.30824318528175354,0.19509658217430115,-0.4166150987148285,0.6799269276360635,-0.0022358724381774664,-0.00292621785774827,0.005063529126346111,-0.013173473998904228,0.005328658036887646,-0.013203926384449005,-0.00018293503671884537,-0.0004525878466665745,-0.0031796633265912533,-0.00036188866943120956,0.0032088115695303667,-0.3420514762401581,0.40849795937538147,0.31948238611221313,-0.3013682961463928,0.6893321904997187,54.746275684000004,True,-0.00014023389667272568,-0.00015648547559976578,-0.0001961132511496544,-0.00017588026821613312,0.0003364921672044585,-0.09014969319105148,-0.10025990009307861,-0.12438277900218964,-0.1152559369802475,0.21642927476542556,ROA_0928_final_no_velocity_scale0125,2737,2026-09-28_17-06-19
-0.00014710240066051483,-0.00047606881707906723,-0.0032244890462607145,-0.00028882059268653393,0.0032430232912019153,-0.3275320529937744,0.4171028137207031,0.3331746459007263,-0.28496432304382324,0.684851936092786,-0.00028833746910095215,-0.0006216345354914665,-0.003412039950489998,-0.00046084169298410416,0.0034632941559955984,-0.4331420361995697,0.30787426233291626,0.18969374895095825,-0.419839084148407,0.6794374851233553,-0.001910191960632801,-0.0024577160365879536,0.005512597970664501,-0.012660875916481018,0.005732444114983082,-0.0127128716558218,-0.00014669494703412056,-0.0004661502316594124,-0.0032100710086524487,-0.0002792803570628166,0.003227700090865294,-0.34221598505973816,0.40871915221214294,0.3179103136062622,-0.3005794584751129,0.6884997552116296,54.76625395400001,True,-0.000142538920044899,-0.0001550070010125637,-0.00020408770069479942,-0.00018431455828249454,0.00034601724208815725,-0.0909448117017746,-0.10082311183214188,-0.1282258778810501,-0.11929665505886078,0.22140840106877055,ROA_0928_final_no_velocity_scale0125,2738,2026-09-28_17-06-19
-0.00011329539120197296,-0.0005036476068198681,-0.003196846228092909,-0.00022978056222200394,0.003208644494822538,-0.31608307361602783,0.4059379994869232,0.33333662152290344,-0.2853196859359741,0.6728417759722417,-0.00025600893422961235,-0.0006501679308712482,-0.0033880758564919233,-0.000407086918130517,0.003429065212175384,-0.4229866564273834,0.29562610387802124,0.18832238018512726,-0.4218827486038208,0.6678030060901361,-0.001639908878132701,-0.0019580768421292305,0.005727098323404789,-0.011949697509407997,0.005896793678402901,-0.012025859206914902,-0.00011154916137456894,-0.0004917499609291553,-0.0031805364415049553,-0.00022066524252295494,0.0031915696777895,-0.3309706151485443,0.39725422859191895,0.3177543878555298,-0.3011873662471771,0.6763829742180748,54.786254177,True,-0.00014508841559290886,-0.00015685800462961197,-0.00020810402929782867,-0.00018340651877224445,0.00034971811385951893,-0.09202735871076584,-0.10159052163362503,-0.12944462895393372,-0.12070365250110626,0.2236774120622664,ROA_0928_final_no_velocity_scale0125,2739,2026-09-28_17-06-19
-0.00011964002624154091,-0.00036619603633880615,-0.003214477328583598,-0.00018301070667803288,0.00322277483759063,-0.3567916452884674,0.4411010146141052,0.3469151258468628,-0.29841291904449463,0.7260575990909228,-0.0002622022293508053,-0.0005110981874167919,-0.0034134252928197384,-0.00036025303415954113,0.0034470365626645336,-0.46428418159484863,0.3307497799396515,0.196465864777565,-0.43969470262527466,0.7208435015524384,-0.0012775164796039462,-0.003235015319660306,0.005981434136629105,-0.013153202831745148,0.006121572107076645,-0.013253066688776016,-0.00011874362826347351,-0.0003555323928594589,-0.0031984527595341206,-0.000173225998878479,0.0032061382508190264,-0.37167277932167053,0.4322693943977356,0.33087265491485596,-0.3150849938392639,0.7297200012827341,54.80625984,True,-0.00014281831681728363,-0.00015852274373173714,-0.00021415762603282928,-0.0001878943294286728,0.000355378056577073,-0.09259150177240372,-0.10149715840816498,-0.13442936539649963,-0.12463319301605225,0.2288996269764231,ROA_0928_final_no_velocity_scale0125,2740,2026-09-28_17-06-19
-0.0001275097019970417,-0.0003895140253007412,-0.0031714094802737236,-5.132751539349556e-05,0.0031746881164765417,-0.3479592204093933,0.43182387948036194,0.333229660987854,-0.2842288017272949,0.703766725819926,-0.00026623019948601723,-0.0005339737981557846,-0.0033744494430720806,-0.00023354077711701393,0.003396333448364078,-0.4554438292980194,0.32186833024024963,0.18090474605560303,-0.4276522397994995,0.6989082553272593,-0.0024271472357213497,-0.0021317480131983757,0.004842130467295647,-0.012239860370755196,0.004934392869472504,-0.01236002892255783,-0.00012473901733756065,-0.00037671998143196106,-0.003157195169478655,-4.33996319770813e-05,0.0031602027170188176,-0.3629211485385895,0.4227718710899353,0.31670495867729187,-0.30127912759780884,0.7073287625015366,54.826257823000006,True,-0.00014296965673565865,-0.00015617115423083305,-0.00021564774215221405,-0.00018855789676308632,0.00035571181563302757,-0.09251001477241516,-0.1008940115571022,-0.13582046329975128,-0.12639467418193817,0.2304004259153231,ROA_0928_final_no_velocity_scale0125,2741,2026-09-28_17-06-19
-0.00021256273612380028,-0.000328070018440485,-0.0031740055419504642,-7.506459951400757e-05,0.0031826035046316945,-0.38417333364486694,0.4675733745098114,0.340354859828949,-0.29159602522850037,0.7504274883941114,-0.0003477325662970543,-0.00046945642679929733,-0.003381643909960985,-0.00025976914912462234,0.003413490991427997,-0.48941686749458313,0.3597995936870575,0.1836351454257965,-0.4391373097896576,0.7454365464705247,-0.0026726708747446537,-0.001270664855837822,0.004213511943817139,-0.011326488107442856,0.004267905373126268,-0.011468440294265747,-0.00021150335669517517,-0.0003159744665026665,-0.00315916258841753,-6.417976692318916e-05,0.003167390391292642,-0.3990311920642853,0.4586404860019684,0.32313573360443115,-0.30941084027290344,0.7540905361114593,54.846269375000006,True,-0.00013743992894887924,-0.00015152618288993835,-0.000221270602196455,-0.00019334256649017334,0.00035751007651052785,-0.09038683027029037,-0.09880644828081131,-0.13950815796852112,-0.1297377645969391,0.2326987559214036,ROA_0928_final_no_velocity_scale0125,2742,2026-09-28_17-06-19
-0.00019012950360774994,-0.0003666151314973831,-0.003157532773911953,4.9173831939697266e-05,0.003163369121183833,-0.3752196133136749,0.4599498212337494,0.32202258706092834,-0.2736736536026001,0.7259641181555919,-0.00032265670597553253,-0.0005060574039816856,-0.0033666612580418587,-0.00013420358300209045,0.0033870786788534083,-0.4809297025203705,0.35218682885169983,0.16169272363185883,-0.42447084188461304,0.7210975271045496,-0.003524585161358118,-8.547119796276093e-05,0.0032270029187202454,-0.010388514958322048,0.003257475793361664,-0.01054004393517971,-0.00018700957298278809,-0.0003534369170665741,-0.003142526838928461,5.9767626225948334e-05,0.0031483268590313702,-0.3900987505912781,0.4508654475212097,0.3042193055152893,-0.29200443625450134,0.7295594123999356,54.86625814200001,True,-0.00013667158782482147,-0.0001503853127360344,-0.00022434396669268608,-0.0001935753971338272,0.00035872617102731814,-0.09080836921930313,-0.09865301847457886,-0.14253495633602142,-0.1324888914823532,0.2361655845041051,ROA_0928_final_no_velocity_scale0125,2743,2026-09-28_17-06-19
-0.0002818414941430092,-0.0003218068741261959,-0.003166869282722473,2.7962960302829742e-05,0.0031793861264300892,-0.3871249258518219,0.46705928444862366,0.3320480287075043,-0.2870710790157318,0.7464640787039856,-0.0004203873686492443,-0.000462215393781662,-0.0033776741474866867,-0.00015664845705032349,0.0034104753436402005,-0.49566057324409485,0.35659176111221313,0.16928300261497498,-0.43965500593185425,0.7413676645602175,-0.004230904392898083,-0.0007549116853624582,0.0022728494368493557,-0.010238246992230415,0.0023060101084411144,-0.01038871519267559,-0.00028081703931093216,-0.00031187664717435837,-0.0031523872166872025,3.487803041934967e-05,0.0031648781688360444,-0.4024890661239624,0.4575939178466797,0.3139478862285614,-0.3059259355068207,0.7501964915762066,54.886260669,True,-0.00013849930837750435,-0.0001507345587015152,-0.0002257293090224266,-0.00019154977053403854,0.00035932274555993435,-0.093138188123703,-0.10095641016960144,-0.14473660290241241,-0.13381615281105042,0.24008804704980216,ROA_0928_final_no_velocity_scale0125,2744,2026-09-28_17-06-19
-0.0004220521077513695,-0.00022138701751828194,-0.0030972296372056007,-0.00012281816452741623,0.003129542192893063,-0.4261927604675293,0.5039532780647278,0.3714527487754822,-0.32815197110176086,0.8233860607324163,-0.0005600042641162872,-0.00036868732422590256,-0.003313971683382988,-0.00030708033591508865,0.0033808002712144023,-0.5373184084892273,0.39062657952308655,0.2051447480916977,-0.4832441806793213,0.8177505493786587,-0.004200525116175413,-0.0013704986777156591,0.0021820790134370327,-0.010097651742398739,0.0022508185356855392,-0.010229920968413353,-0.0004191766493022442,-0.00021231826394796371,-0.0030823517590761185,-0.00011173542588949203,0.0031138545297784074,-0.44203758239746094,0.49442341923713684,0.3531199097633362,-0.3474920392036438,0.8274375222347309,54.906262507,True,-0.00014030374586582184,-0.00015640398487448692,-0.00022847671061754227,-0.00019243452697992325,0.00036442478682860354,-0.09529641270637512,-0.10374176502227783,-0.1479959934949875,-0.13580568134784698,0.24513869400100452,ROA_0928_final_no_velocity_scale0125,2745,2026-09-28_17-06-19
-0.0007127411663532257,0.00013653188943862915,-0.002982176374644041,-0.0005914480425417423,0.0031143249991688327,-0.5222877860069275,0.5951801538467407,0.4440087080001831,-0.40310850739479065,0.9918315725180133,-0.0008531846106052399,-1.1664815247058868e-05,-0.003193691372871399,-0.0007685506716370583,0.003388966089996321,-0.634904682636261,0.47909536957740784,0.27929002046585083,-0.5553457736968994,0.9847257501650721,-0.0038330156821757555,-0.0037930067628622055,0.0015705558471381664,-0.011128218844532967,0.0017048129811882973,-0.011239398270845413,-0.0007100286893546581,0.00014926772564649582,-0.0029696617275476456,-0.0005845911800861359,0.0031000638223100435,-0.5386832356452942,0.5860193371772766,0.4264109134674072,-0.4223856031894684,0.9966599950907913,54.926264182000004,True,-0.00014115357771515846,-0.00016012927517294884,-0.00022498425096273422,-0.00018599675968289375,0.0003606162107945552,-0.09621749073266983,-0.10689405351877213,-0.14712800085544586,-0.13301217555999756,0.24470341131774878,ROA_0928_final_no_velocity_scale0125,2746,2026-09-28_17-06-19
-0.0009587733075022697,0.0004564877599477768,-0.002864515408873558,-0.0009708339348435402,0.0031244745874334638,-0.6242372989654541,0.6956564784049988,0.5218758583068848,-0.4821738600730896,1.1728840034737869,-0.001098564825952053,0.0003018183633685112,-0.003079487942159176,-0.0011474592611193657,0.0034186962483669894,-0.738041877746582,0.5769273042678833,0.3543950021266937,-0.6359483003616333,1.1643978583676364,-0.0018706528935581446,-0.006002969108521938,0.0028737341053783894,-0.012316325679421425,0.0030934340320527554,-0.012384165078401566,-0.0009569339454174042,0.0004664761945605278,-0.0028493523132056,-0.0009628827683627605,0.0031071932504734175,-0.6411557197570801,0.6870461702346802,0.5045957565307617,-0.5018297433853149,1.1786075134517677,54.94626205,True,-0.00014123506844043732,-0.00016638077795505524,-0.00023071188479661942,-0.00018656719475984573,0.00036686347691628797,-0.09690271317958832,-0.11003878712654114,-0.15023286640644073,-0.1341869831085205,0.24874389463732666,ROA_0928_final_no_velocity_scale0125,2747,2026-09-28_17-06-19
-0.0009597046300768852,0.000502588227391243,-0.002838124055415392,-0.0010606949217617512,0.003120933211069441,-0.6311423778533936,0.7065054774284363,0.5294397473335266,-0.49055132269859314,1.1897494469158105,-0.001096515916287899,0.0003496883437037468,-0.0030512921512126923,-0.0012357253581285477,0.003414511682948942,-0.7432759404182434,0.5887369513511658,0.3643656075000763,-0.6422156095504761,1.1809935799397022,-0.0008187482599169016,-0.007227394729852676,0.004166013095527887,-0.014271305873990059,0.004462881479412317,-0.014287598431110382,-0.0009589130058884621,0.0005133915692567825,-0.0028226058930158615,-0.00105234794318676,0.003103246040037439,-0.6478638052940369,0.6984530091285706,0.5126975178718567,-0.5096166133880615,1.1956530290695644,54.966289358000004,True,-0.00013844110071659088,-0.00016479752957820892,-0.00022781314328312874,-0.00018491409718990326,0.00036239491326829827,-0.09538186341524124,-0.1096392497420311,-0.14838843047618866,-0.13264407217502594,0.24599961812270824,ROA_0928_final_no_velocity_scale0125,2748,2026-09-28_17-06-19
-0.0009587500244379044,0.0005665700882673264,-0.0027998583391308784,-0.0011347467079758644,0.0031022495033877495,-0.6502344608306885,0.7277140021324158,0.5445678234100342,-0.5064122080802917,1.2257209287841169,-0.0010922551155090332,0.00041583552956581116,-0.0030129449442029,-0.0013107317499816418,0.0033966361048604608,-0.7593393921852112,0.6124637722969055,0.38124701380729675,-0.6568003296852112,1.2169392153263037,-0.00016602105461061,-0.008117374032735825,0.00488942489027977,-0.015368159860372543,0.005261099897325039,-0.015312736853957176,-0.0009598210453987122,0.0005797483026981354,-0.002786575350910425,-0.0011260388419032097,0.003086623969738717,-0.6666485667228699,0.7201824188232422,0.5281598567962646,-0.5252686142921448,1.231804297482211,54.98626757700001,True,-0.000134296715259552,-0.00016316771507263184,-0.00022632302716374397,-0.00018220162019133568,0.00035758182166952164,-0.0926894098520279,-0.10763201117515564,-0.14694802463054657,-0.13160134851932526,0.24262360577750888,ROA_0928_final_no_velocity_scale0125,2749,2026-09-28_17-06-19
-0.0009733717888593674,0.0006969086825847626,-0.002733757719397545,-0.0013226410374045372,0.0030973350034454736,-0.6880471110343933,0.7694060802459717,0.5692394375801086,-0.5310445427894592,1.2916182203200348,-0.0011001713573932648,0.0005534850060939789,-0.002938578836619854,-0.0014925608411431313,0.003383248564812114,-0.790918231010437,0.6591835618019104,0.4126007854938507,-0.6752980351448059,1.28240451462693,0.00015990366227924824,-0.00898667611181736,0.0053099049255251884,-0.01663358323276043,0.005734419450163841,-0.016522519290447235,-0.0009719282388687134,0.0007090158760547638,-0.002718786709010601,-0.0013155746273696423,0.0030799608675910893,-0.7039764523506165,0.7627559304237366,0.5537158250808716,-0.549228847026825,1.2980278574448236,55.006271557000005,True,-0.00012791715562343597,-0.00015809200704097748,-0.00022206222638487816,-0.00017548445612192154,0.00034659538395483185,-0.08696550130844116,-0.10349321365356445,-0.141117125749588,-0.12615717947483063,0.2320741516719678,ROA_0928_final_no_velocity_scale0125,2750,2026-09-28_17-06-19
-0.0009650830179452896,0.000793207436800003,-0.00264651607722044,-0.0014783116057515144,0.0030711429964768986,-0.7192193865776062,0.8049476742744446,0.5867494940757751,-0.5477758646011353,1.3439320902281808,-0.001083221286535263,0.0006565358489751816,-0.00284749548882246,-0.0016436679288744926,0.003350784023109635,-0.8157724142074585,0.7000062465667725,0.4357747733592987,-0.6871781945228577,1.334519268848642,0.0009995624423027039,-0.00927762221544981,0.006249899975955486,-0.017318392172455788,0.00671552587300539,-0.017157871276140213,-0.0009638722985982895,0.0008067116141319275,-0.00263117253780365,-0.001471792347729206,0.0030535484113950696,-0.7347473502159119,0.798987627029419,0.5716373920440674,-0.565555989742279,1.3505286236241885,55.026271856,True,-0.0001194886863231659,-0.00015087425708770752,-0.00021469313651323318,-0.0001730397343635559,0.0003344389077507317,-0.08097430318593979,-0.09891669452190399,-0.13592977821826935,-0.12167984992265701,0.22217728531720582,ROA_0928_final_no_velocity_scale0125,2751,2026-09-28_17-06-19
-0.0009913928806781769,0.0009036622941493988,-0.0026245834305882454,-0.0016770325601100922,0.0031380823532840664,-0.7396810054779053,0.8256267309188843,0.6043041348457336,-0.5660325884819031,1.38238713430218,-0.0011092983186244965,0.0007706694304943085,-0.0028128037229180336,-0.001831771805882454,0.0034010122802941183,-0.8318926692008972,0.7239309549331665,0.4616272449493408,-0.6977971196174622,1.3725669212651397,0.0011207200586795807,-0.010439363308250904,0.006492717191576958,-0.018710659816861153,0.006972505711019039,-0.018503958359360695,-0.0009936746209859848,0.0009180046617984772,-0.0026091234758496284,-0.0016691163182258606,0.0031202082488433957,-0.7550637125968933,0.8200099468231201,0.5898873209953308,-0.5832846164703369,1.3891558981633068,55.04626729100001,True,-0.0001169741153717041,-0.00014798715710639954,-0.00020542647689580917,-0.00016454141587018967,0.0003219580133809252,-0.07679685950279236,-0.09599234163761139,-0.12832321226596832,-0.1145855039358139,0.21078514781097674,ROA_0928_final_no_velocity_scale0125,2752,2026-09-28_17-06-19
-0.0010211020708084106,0.0010251067578792572,-0.002558738924562931,-0.0018281396478414536,0.0031557278054465494,-0.7685496807098389,0.8566402196884155,0.6238428950309753,-0.5853827595710754,1.432785662291324,-0.0011370517313480377,0.0008935108780860901,-0.0027489149942994118,-0.001982622779905796,0.0034173959936844686,-0.8579463958740234,0.7568113207817078,0.4853931963443756,-0.7133713960647583,1.4225881822130204,0.002111593261361122,-0.01125950738787651,0.007217584177851677,-0.019353408366441727,0.007704619318246841,-0.01911349967122078,-0.0010214745998382568,0.0010372139513492584,-0.002543930895626545,-0.0018210150301456451,0.0031389206102297967,-0.7839347124099731,0.8513219356536865,0.6097501516342163,-0.6024157404899597,1.439772306413912,55.066271847,True,-0.00011585652828216553,-0.00014901161193847656,-0.00020563602447509766,-0.0001603737473487854,0.00031970250173103394,-0.07387762516736984,-0.09447848051786423,-0.12459535151720047,-0.11100246757268906,0.20475712389951287,ROA_0928_final_no_velocity_scale0125,2753,2026-09-28_17-06-19
-0.0010193325579166412,0.0010930001735687256,-0.0025158049538731575,-0.001955893822014332,0.003190252228837283,-0.7734489440917969,0.8631319999694824,0.6330981254577637,-0.5945637822151184,1.44705195842078,-0.0011342577636241913,0.0009619630873203278,-0.0026974594220519066,-0.0021051382645964622,0.0034379205154297693,-0.8613131642341614,0.7641128897666931,0.4992543160915375,-0.7180261611938477,1.4364304115903133,0.0028421669267117977,-0.012243863195180893,0.008063621819019318,-0.020368782803416252,0.008536315523087978,-0.02012244239449501,-0.0010225921869277954,0.001108366996049881,-0.0025002285838127136,-0.0019484898075461388,0.003173008856342391,-0.7888599634170532,0.8579016923904419,0.6194649934768677,-0.6112623810768127,1.4541414374670463,55.086268594,True,-0.00011362135410308838,-0.00014426186680793762,-0.00019704457372426987,-0.00015690457075834274,0.0003098335438260787,-0.07233209908008575,-0.09373295307159424,-0.12038344889879227,-0.10679592192173004,0.19898598706193346,ROA_0928_final_no_velocity_scale0125,2754,2026-09-28_17-06-19
-0.000951625406742096,0.0011187046766281128,-0.0025019515305757523,-0.001966021955013275,0.0031826305224355806,-0.7672141790390015,0.8578840494155884,0.6364618539810181,-0.5974822640419006,1.4432484843147344,-0.0010685063898563385,0.0009880401194095612,-0.0026807887479662895,-0.0021125422790646553,0.003422340462807815,-0.8549550175666809,0.7587317228317261,0.5047968626022339,-0.7187498211860657,1.4324547347281966,0.003042936325073242,-0.012891935184597969,0.008323739282786846,-0.020850984379649162,0.008779237978160381,-0.020615406334400177,-0.0009545125067234039,0.001132674515247345,-0.002488447353243828,-0.0019592000171542168,0.0031676400938936995,-0.7826974391937256,0.8525279760360718,0.6229434609413147,-0.6140502691268921,1.4502844201525633,55.106271134,True,-0.00011343508958816528,-0.00014631077647209167,-0.0001934124156832695,-0.00015546102076768875,0.0003076515108621598,-0.07214117795228958,-0.09373109042644501,-0.11839088052511215,-0.10476074367761612,0.19661390413370042,ROA_0928_final_no_velocity_scale0125,2755,2026-09-28_17-06-19
-0.0009049661457538605,0.0011150725185871124,-0.0024871202185750008,-0.00199971254914999,0.0031913431687254465,-0.7446668744087219,0.8368165493011475,0.6310734748840332,-0.5919413566589355,1.4140821037136833,-0.0010220333933830261,0.0009822659194469452,-0.002660718746483326,-0.0021440209820866585,0.00342271974352845,-0.8324514627456665,0.7373960614204407,0.5023099780082703,-0.7104325890541077,1.4031937725331856,0.0035704742185771465,-0.013344036415219307,0.00876015704125166,-0.021129485219717026,0.00919349305331707,-0.020904436707496643,-0.0009064562618732452,0.0011288560926914215,-0.0024734530597925186,-0.001994241029024124,0.0031772594718038646,-0.7601016759872437,0.8314307332038879,0.6179238557815552,-0.6081072688102722,1.4210350541426182,55.126276970000006,True,-0.00011352822184562683,-0.0001469627022743225,-0.00018721912056207657,-0.00015120021998882294,0.0003020351327654856,-0.07225107401609421,-0.0939834788441658,-0.11583440750837326,-0.10236771404743195,0.19397446471272564,ROA_0928_final_no_velocity_scale0125,2756,2026-09-28_17-06-19
-0.0008539296686649323,0.001113303005695343,-0.0024887965992093086,-0.001973425969481468,0.003176342672171471,-0.7269558906555176,0.8187973499298096,0.6216210126876831,-0.5817643404006958,1.385603954729107,-0.0009715557098388672,0.0009795650839805603,-0.0026605091989040375,-0.0021177344024181366,0.0034044088084794638,-0.8150655627250671,0.7190331220626831,0.4939608871936798,-0.6990504860877991,1.3746412417892402,0.0039682756178081036,-0.013632023707032204,0.009001447819173336,-0.021181486546993256,0.009427770972251892,-0.020960407331585884,-0.0008581206202507019,0.0011275522410869598,-0.0024741748347878456,-0.0019636470824480057,0.003158874690987172,-0.7422919869422913,0.8133863806724548,0.6086248755455017,-0.5977246761322021,1.392455856113507,55.146276693000004,True,-0.00011567026376724243,-0.00014640390872955322,-0.00018356367945671082,-0.0001489650458097458,0.0002994373241994727,-0.07268600165843964,-0.09427963942289352,-0.11481320858001709,-0.1013602539896965,0.19315157685633455,ROA_0928_final_no_velocity_scale0125,2757,2026-09-28_17-06-19
-0.0007752329111099243,0.0011220574378967285,-0.0024755019694566727,-0.0019677449017763138,0.0031639161837181858,-0.7124664187431335,0.809809148311615,0.6250187158584595,-0.5847764611244202,1.3754183900409018,-0.0008924864232540131,0.0009885989129543304,-0.0026460736989974976,-0.0021156389266252518,0.0033889739624052948,-0.8014253973960876,0.709594190120697,0.4968060851097107,-0.7027661800384521,1.3647978051856535,0.005002915859222412,-0.013757044449448586,0.009964334778487682,-0.021100357174873352,0.0103869354352355,-0.020879821851849556,-0.0007783994078636169,0.0011375173926353455,-0.0024617183953523636,-0.001961272209882736,0.003149444784901783,-0.7277894616127014,0.804287314414978,0.6119101047515869,-0.6006401777267456,1.3820903988682995,55.166273888000006,True,-0.00011231750249862671,-0.00014994293451309204,-0.00018631108105182648,-0.000153249129652977,0.000303390707200697,-0.07350090891122818,-0.09466520696878433,-0.11532007902860641,-0.10212696343660355,0.1943828915304472,ROA_0928_final_no_velocity_scale0125,2758,2026-09-28_17-06-19
-0.0007377006113529205,0.0011168420314788818,-0.0024542678147554398,-0.0019200146198272705,0.0031183226837727842,-0.6925081610679626,0.7918784022331238,0.6067375540733337,-0.5662655234336853,1.3383090073404944,-0.0008558854460716248,0.0009802170097827911,-0.0026242807507514954,-0.002065533772110939,0.0033404279089843747,-0.7824254631996155,0.6907153725624084,0.4785158336162567,-0.6842347383499146,1.3276391876514986,0.005551278591156006,-0.013736758381128311,0.010278440080583096,-0.02085137367248535,0.010695763863623142,-0.020631909370422363,-0.0007398426532745361,0.0011292286217212677,-0.0024390406906604767,-0.0019123777747154236,0.0031019778077649683,-0.7078489065170288,0.7862085103988647,0.5936086773872375,-0.5820291042327881,1.3448598494984358,55.18627540400001,True,-0.00011548399925231934,-0.00014873221516609192,-0.00018444843590259552,-0.00015194527804851532,0.00030248676032447057,-0.07455702871084213,-0.09563285112380981,-0.11521158367395401,-0.1020403504371643,0.19515373831582583,ROA_0928_final_no_velocity_scale0125,2759,2026-09-28_17-06-19
-0.0007570721209049225,0.0010776333510875702,-0.0024040695279836655,-0.001969374716281891,0.003109581462302705,-0.6735315322875977,0.7721390128135681,0.6016278266906738,-0.5598189234733582,1.3117731671839037,-0.0008757226169109344,0.0009434297680854797,-0.0025715213268995285,-0.002112751826643944,0.003329195433960346,-0.764855146408081,0.6696106791496277,0.474526047706604,-0.6767981648445129,1.3011565923839123,0.0062594544142484665,-0.013803169131278992,0.010843576863408089,-0.020618975162506104,0.011252972297370434,-0.020397357642650604,-0.0007601454854011536,0.0010912306606769562,-0.002388516440987587,-0.001959875226020813,0.003091846931078141,-0.688897430896759,0.766185998916626,0.5885990858078003,-0.5753929615020752,1.3181166134457483,55.206274935,True,-0.0001169741153717041,-0.00014994293451309204,-0.00018291175365447998,-0.0001526903361082077,0.00030321888323360974,-0.07613003253936768,-0.09695626050233841,-0.11392868310213089,-0.1009385958313942,0.19510968174092613,ROA_0928_final_no_velocity_scale0125,2760,2026-09-28_17-06-19
-0.0007312744855880737,0.0009659677743911743,-0.0023980624973773956,-0.0019354745745658875,0.0030819539465623434,-0.6341933608055115,0.7298756241798401,0.5833031535148621,-0.5391132831573486,1.2495213491072508,-0.000850483775138855,0.0008284114301204681,-0.002563558518886566,-0.0020778272300958633,0.0033032360021099214,-0.7258821129798889,0.6272010207176208,0.4577156901359558,-0.6549916863441467,1.2392331707014117,0.0070497505366802216,-0.013621892780065536,0.011522280983626842,-0.020110569894313812,0.011923645623028278,-0.019886352121829987,-0.0007320195436477661,0.0009767711162567139,-0.002381671220064163,-0.0019280705600976944,0.003064684156557827,-0.6495499610900879,0.7236003279685974,0.5702003836631775,-0.554474949836731,1.2555234557774708,55.226274179,True,-0.00011920928955078125,-0.00014919787645339966,-0.00018035061657428741,-0.00015050172805786133,0.00030126752271256765,-0.07649790495634079,-0.09672529250383377,-0.11232773959636688,-0.10018794983625412,0.19388222500775137,ROA_0928_final_no_velocity_scale0125,2761,2026-09-28_17-06-19
-0.00070938840508461,0.0008099712431430817,-0.0024086330085992813,-0.0018772203475236893,0.003054472532358197,-0.5996301770210266,0.6939684748649597,0.5755228400230408,-0.530012845993042,1.2036172209058258,-0.000831112265586853,0.0006760470569133759,-0.002575293183326721,-0.002022087574005127,0.0032837541305470617,-0.6923032402992249,0.5911383628845215,0.4492867588996887,-0.6468672752380371,1.1940395648792124,0.00792232621461153,-0.013607345521450043,0.012309351935982704,-0.019780516624450684,0.012713542208075523,-0.019549375399947166,-0.0007097609341144562,0.0008231028914451599,-0.0023949891328811646,-0.0018704216927289963,0.003039348711868905,-0.6150416731834412,0.6873095035552979,0.5621327757835388,-0.5455533862113953,1.2093495737895505,55.246281135000004,True,-0.00011958181858062744,-0.0001457519829273224,-0.000181468203663826,-0.00015241093933582306,0.00030159531582280496,-0.07733143866062164,-0.09623634815216064,-0.112804114818573,-0.10125431418418884,0.19487875625580803,ROA_0928_final_no_velocity_scale0125,2762,2026-09-28_17-06-19
-0.0007520429790019989,0.0006790272891521454,-0.0024398788809776306,-0.001810723915696144,0.0030456776932053556,-0.5773016810417175,0.6667235493659973,0.5534435510635376,-0.5072131752967834,1.1562967132317115,-0.0008733011782169342,0.0005477108061313629,-0.0026065856218338013,-0.001955730840563774,0.0032815864277351676,-0.6697913408279419,0.564383327960968,0.42641255259513855,-0.6250836849212646,1.1470044052083572,0.008712828159332275,-0.013156993314623833,0.012947823852300644,-0.019090047106146812,0.013354010879993439,-0.01885913871228695,-0.0007515773177146912,0.0006905756890773773,-0.002425350248813629,-0.0018024351447820663,0.003028564661448971,-0.5926172733306885,0.6599006652832031,0.5397722125053406,-0.5228849649429321,1.1618248563410767,55.266279482,True,-0.0001214444637298584,-0.00014416873455047607,-0.00018398277461528778,-0.00015283003449440002,0.0003033990840452218,-0.0772327184677124,-0.09552761167287827,-0.11334986984729767,-0.10218656808137894,0.19533252877554233,ROA_0928_final_no_velocity_scale0125,2763,2026-09-28_17-06-19
-0.0007526949048042297,0.0005588866770267487,-0.0024911947548389435,-0.0017003156244754791,0.0030331358175968584,-0.5586649775505066,0.6475131511688232,0.5378038287162781,-0.49109941720962524,1.1213613566788283,-0.0008712522685527802,0.00042729079723358154,-0.002661440521478653,-0.001846393570303917,0.00327589679030636,-0.6509851217269897,0.5459393858909607,0.4088696837425232,-0.6112534999847412,1.112647276797018,0.009269865229725838,-0.012609841302037239,0.013401154428720474,-0.01834397204220295,0.013813450932502747,-0.01811208389699459,-0.000752229243516922,0.0005709007382392883,-0.0024778302758932114,-0.0016910489648580551,0.003016233564136716,-0.5739051699638367,0.6405627131462097,0.5237292051315308,-0.5070697069168091,1.1267394934361827,55.286277445,True,-0.00011688098311424255,-0.00014230608940124512,-0.00018524006009101868,-0.00015650875866413116,0.0003033375253512802,-0.0771060585975647,-0.09462609142065048,-0.11488841474056244,-0.10423315316438675,0.19686554392215294,ROA_0928_final_no_velocity_scale0125,2764,2026-09-28_17-06-19
-0.0008736737072467804,0.0005023553967475891,-0.0025494489818811417,-0.0016993377357721329,0.0030995301898397026,-0.564487636089325,0.6478763818740845,0.5348505973815918,-0.48901137709617615,1.122338760588042,-0.0009919516742229462,0.0003721565008163452,-0.0027254223823547363,-0.001849047839641571,0.0033538086954722655,-0.6574480533599854,0.545824408531189,0.40272343158721924,-0.6121652722358704,1.1136402970115824,0.010703734122216702,-0.012327933683991432,0.014298556372523308,-0.017420876771211624,0.014722311869263649,-0.01718703843653202,-0.0008720904588699341,0.0005161389708518982,-0.0025342684239149094,-0.0016907230019569397,0.0030809687100678586,-0.5797808766365051,0.6408113837242126,0.5204067230224609,-0.5054999589920044,1.12776547072763,55.306282225000004,True,-0.00012042000889778137,-0.00014314427971839905,-0.00019082799553871155,-0.00016046687960624695,0.000310635148103107,-0.07766019552946091,-0.09495857357978821,-0.11769681423902512,-0.10668578743934631,0.20018506742615633,ROA_0928_final_no_velocity_scale0125,2765,2026-09-28_17-06-19
-0.0009561888873577118,0.00039692968130111694,-0.002596527338027954,-0.001651095226407051,0.0031382405792426756,-0.5500651597976685,0.628534197807312,0.5220822095870972,-0.4780585765838623,1.0932436951681768,-0.0010792165994644165,0.00026263296604156494,-0.0027727801352739334,-0.0018007121980190277,0.003398001521917164,-0.6449813842773438,0.5246824622154236,0.38834986090660095,-0.6029177308082581,1.084662462381149,0.011150266975164413,-0.01208409108221531,0.01464005745947361,-0.01708388142287731,0.015068409964442253,-0.01684502698481083,-0.0009549781680107117,0.0004063360393047333,-0.0025814399123191833,-0.0016411300748586655,0.0031194333965538427,-0.5655791163444519,0.6211786270141602,0.5074418187141418,-0.49475669860839844,1.0986293573595927,55.326278717,True,-0.00012312084436416626,-0.00014510005712509155,-0.00019245781004428864,-0.00015990808606147766,0.00031326006997536523,-0.07938872277736664,-0.09649525582790375,-0.11911289393901825,-0.10819918662309647,0.20323551222378888,ROA_0928_final_no_velocity_scale0125,2766,2026-09-28_17-06-19
-0.0011710450053215027,0.0004516914486885071,-0.0026646070182323456,-0.0017859973013401031,0.003296374325376596,-0.5773505568504333,0.648137629032135,0.5378792881965637,-0.4963790774345398,1.1340767944510213,-0.0012972392141819,0.00031422823667526245,-0.0028417445719242096,-0.0019365455955266953,0.003562845745516203,-0.6726956367492676,0.5432385802268982,0.40387359261512756,-0.6213765144348145,1.1250282400486884,0.012161383405327797,-0.012156834825873375,0.015114372596144676,-0.0166523065418005,0.015556657686829567,-0.016405832022428513,-0.0011694617569446564,0.00046370550990104675,-0.002648867666721344,-0.0017776153981685638,0.0032773146528963884,-0.593095064163208,0.6409114599227905,0.523350179195404,-0.5131344795227051,1.1397314843381763,55.346283304,True,-0.00012498348951339722,-0.000147894024848938,-0.00019390136003494263,-0.0001591164618730545,0.0003156482763037618,-0.07958895713090897,-0.09764264523983002,-0.1194705218076706,-0.10824249684810638,0.20404564532850347,ROA_0928_final_no_velocity_scale0125,2767,2026-09-28_17-06-19
-0.0014552846550941467,0.0005794689059257507,-0.0027443282306194305,-0.001964624971151352,0.0034964876300137343,-0.6146840453147888,0.6754127740859985,0.5633588433265686,-0.5255900025367737,1.1938689570232013,-0.0015824101865291595,0.0004380941390991211,-0.002924446016550064,-0.002115778625011444,0.0037706222662575247,-0.7110759019851685,0.5686906576156616,0.42892712354660034,-0.6508482098579407,1.1842554451666392,0.013174721971154213,-0.01263708621263504,0.015495387837290764,-0.016398318111896515,0.015982285141944885,-0.016120368614792824,-0.0014532357454299927,0.0005896203219890594,-0.002727378159761429,-0.0019543804228305817,0.0034755825499239584,-0.6307986974716187,0.668279767036438,0.5489447712898254,-0.5425046682357788,1.1998895419003945,55.366284372,True,-0.00012675300240516663,-0.0001516193151473999,-0.00019613653421401978,-0.0001603737473487854,0.00031996729848494444,-0.08029862493276596,-0.09958352148532867,-0.12005306035280228,-0.10833236575126648,0.2055784020140673,ROA_0928_final_no_velocity_scale0125,2768,2026-09-28_17-06-19
-0.001613423228263855,0.0005552545189857483,-0.0028260983526706696,-0.001890026032924652,0.0035783417652649665,-0.6296038031578064,0.6877164840698242,0.5647363066673279,-0.5295146107673645,1.2110349253894255,-0.0017408281564712524,0.00041406601667404175,-0.0030122697353363037,-0.00204574316740036,0.0038613433924214852,-0.7265368103981018,0.5803890228271484,0.42754316329956055,-0.6580045223236084,1.201605908521406,0.013680079951882362,-0.012943202629685402,0.0161767415702343,-0.016846144571900368,0.016704091802239418,-0.01654345914721489,-0.0016111880540847778,0.0005668029189109802,-0.002811010926961899,-0.0018826685845851898,0.0035601331868547505,-0.6458991765975952,0.6806561350822449,0.549974799156189,-0.5466965436935425,1.2171785432811135,55.386283199000005,True,-0.000130385160446167,-0.00015171244740486145,-0.00020135194063186646,-0.0001642853021621704,0.00032675521841056944,-0.08058826625347137,-0.10028667002916336,-0.12253876030445099,-0.11129676550626755,0.2090512366396991,ROA_0928_final_no_velocity_scale0125,2769,2026-09-28_17-06-19
-0.0017182901501655579,0.0006482936441898346,-0.0028745271265506744,-0.0020104460418224335,0.0036875069546963013,-0.6701582670211792,0.725777804851532,0.5708885788917542,-0.5379952192306519,1.2607130152800279,-0.0018415972590446472,0.0005094334483146667,-0.0030584633350372314,-0.0021671876311302185,0.003968162810031846,-0.7638912200927734,0.6209453344345093,0.4340763986110687,-0.6661517024040222,1.2508700634732828,0.014504542574286461,-0.013483313843607903,0.01666373759508133,-0.017312949523329735,0.017233701422810555,-0.01699199713766575,-0.0017154030501842499,0.0006602145731449127,-0.0028592534363269806,-0.002002902328968048,0.0036687812125659964,-0.6861230134963989,0.7193228006362915,0.556366503238678,-0.5550896525382996,1.2671326527531106,55.40628353100001,True,-0.00012349337339401245,-0.00015031546354293823,-0.00020116567611694336,-0.00016372650861740112,0.0003227314103830773,-0.07781106978654861,-0.09837093949317932,-0.12225377559661865,-0.11108256131410599,0.2067584204996972,ROA_0928_final_no_velocity_scale0125,2770,2026-09-28_17-06-19
-0.0018427148461341858,0.0006307847797870636,-0.002907775342464447,-0.002012774348258972,0.0037582576521482973,-0.6985123753547668,0.7498645782470703,0.5744118094444275,-0.5417754650115967,1.2930779089517939,-0.0019694678485393524,0.0004952773451805115,-0.0030932947993278503,-0.0021709129214286804,0.004042460805492985,-0.7917042374610901,0.6453366875648499,0.43748968839645386,-0.6702560782432556,1.2831385123639885,0.014170410111546516,-0.013454027473926544,0.01627875491976738,-0.017430251464247704,0.01688689924776554,-0.017075760290026665,-0.0018416903913021088,0.0006458722054958344,-0.002891290932893753,-0.0020051375031471252,0.003738609588307666,-0.7144100666046143,0.743577241897583,0.5600042343139648,-0.5589303970336914,1.29966290145404,55.426287222000006,True,-0.00012721866369247437,-0.00014835968613624573,-0.0002020038664340973,-0.00016530975699424744,0.0003249172460556815,-0.07730629295110703,-0.09822472184896469,-0.12250057607889175,-0.11138617247343063,0.20679419907918445,ROA_0928_final_no_velocity_scale0125,2771,2026-09-28_17-06-19
-0.0020499341189861298,0.0006590969860553741,-0.002848636358976364,-0.0022091902792453766,0.0038564809566373737,-0.7470194101333618,0.7942420840263367,0.5659582018852234,-0.5365451574325562,1.3400474759232306,-0.0021753832697868347,0.0005248002707958221,-0.003032572567462921,-0.002362113445997238,0.004140228229040833,-0.8397697806358337,0.6893472671508789,0.43089592456817627,-0.663525402545929,1.329686363410485,0.01384424977004528,-0.013382455334067345,0.01589713618159294,-0.017743168398737907,0.016530530527234077,-0.017359331250190735,-0.002049654722213745,0.0006742775440216064,-0.0028320588171482086,-0.002200901508331299,0.003836606847685281,-0.7631080150604248,0.7881894111633301,0.5518635511398315,-0.5534877777099609,1.3469933039133934,55.446288002,True,-0.0001253560185432434,-0.00015012919902801514,-0.0002016313374042511,-0.0001628883183002472,0.00032328322879332055,-0.0767214223742485,-0.09883846342563629,-0.12092943489551544,-0.1100422739982605,0.20517261196517964,ROA_0928_final_no_velocity_scale0125,2772,2026-09-28_17-06-19
-0.002029724419116974,0.0005990266799926758,-0.002842070534825325,-0.002120295539498329,0.003817979185304366,-0.7429643869400024,0.7872897982597351,0.5667567849159241,-0.5365549325942993,1.3340369991355383,-0.002160295844078064,0.0004609115421772003,-0.003023352473974228,-0.002270704135298729,0.004100824391189049,-0.8366526365280151,0.6812829375267029,0.4342137575149536,-0.6609493494033813,1.3235475074230774,0.012491265311837196,-0.013451570644974709,0.014893902465701103,-0.018219219520688057,0.01553538627922535,-0.017799964174628258,-0.002029072493314743,0.0006115995347499847,-0.0028247013688087463,-0.00211433507502079,0.003798839369781406,-0.7592476606369019,0.7810257077217102,0.5530393123626709,-0.5534179210662842,1.3410835881913055,55.466288269,True,-0.00013113021850585938,-0.00015106052160263062,-0.0001982320100069046,-0.0001589301973581314,0.00032213406354337614,-0.07742084562778473,-0.09972042590379715,-0.11883722245693207,-0.1075873076915741,0.20331144377116633,ROA_0928_final_no_velocity_scale0125,2773,2026-09-28_17-06-19
-0.0020857900381088257,0.0006498768925666809,-0.002857064828276634,-0.0022437889128923416,0.0038922702830683094,-0.7781935334205627,0.8175773024559021,0.5670492053031921,-0.5390434265136719,1.3729885373985713,-0.0022125430405139923,0.0005148351192474365,-0.003038346767425537,-0.0023909378796815872,0.00417252995365758,-0.870217502117157,0.7125874757766724,0.43663567304611206,-0.6614015102386475,1.3621599123578467,0.012100614607334137,-0.013544347137212753,0.014482857659459114,-0.018601352348923683,0.01513378694653511,-0.018161404877901077,-0.0020829029381275177,0.0006624497473239899,-0.0028409529477357864,-0.0022390391677618027,0.0038738172878380727,-0.7943938970565796,0.811664342880249,0.5537024140357971,-0.5558412075042725,1.38035286304596,55.486293017,True,-0.00012852251529693604,-0.00014901161193847656,-0.0001971609890460968,-0.00015404075384140015,0.00031687408064069505,-0.07584597915410995,-0.09902379661798477,-0.11719296872615814,-0.1057581901550293,0.20039342177687286,ROA_0928_final_no_velocity_scale0125,2774,2026-09-28_17-06-19
-0.002118106931447983,0.0006674788892269135,-0.0029132701456546783,-0.0022081658244132996,0.003931751106284031,-0.7940483689308167,0.8328463435173035,0.5764741897583008,-0.5482243895530701,1.398567954142416,-0.0022458843886852264,0.0005326233804225922,-0.0030980445444583893,-0.0023571308702230453,0.004215191313311898,-0.8866562843322754,0.7275277376174927,0.44301894307136536,-0.6735422611236572,1.3878578915082904,0.011990618892014027,-0.013556534424424171,0.014430325478315353,-0.018740026280283928,0.015103068202733994,-0.01827847585082054,-0.002114567905664444,0.000682193785905838,-0.0028955284506082535,-0.00220397487282753,0.00391158073915884,-0.8104219436645508,0.8268067240715027,0.5626715421676636,-0.5655656456947327,1.4059989147364025,55.506292164,True,-0.0001300126314163208,-0.00014882534742355347,-0.00020386651158332825,-0.00015515834093093872,0.00032201065216590945,-0.0763116404414177,-0.09938980638980865,-0.11976062506437302,-0.10805483162403107,0.2034629488184488,ROA_0928_final_no_velocity_scale0125,2775,2026-09-28_17-06-19
-0.002140924334526062,0.0006577000021934509,-0.0028999056667089462,-0.0021330080926418304,0.0039015349886872917,-0.8057727813720703,0.844788670539856,0.5623069405555725,-0.534235954284668,1.401257894126558,-0.002266373485326767,0.0005224719643592834,-0.003087986260652542,-0.002280622720718384,0.004185817714042198,-0.8985604643821716,0.7394402623176575,0.4263566732406616,-0.6618233919143677,1.390537192668207,0.01171745453029871,-0.013302173465490341,0.01440347544848919,-0.019077559933066368,0.015092447400093079,-0.018611876294016838,-0.0021383166313171387,0.0006730668246746063,-0.0028840266168117523,-0.0021262094378471375,0.003882144465368824,-0.8221966624259949,0.8388049602508545,0.5481871366500854,-0.5518062710762024,1.408751746594506,55.5262924,True,-0.0001251697540283203,-0.00014891847968101501,-0.00020558945834636688,-0.0001573469489812851,0.00032205489839827917,-0.07654912769794464,-0.09970925003290176,-0.1217755451798439,-0.10980525612831116,0.20581193636656614,ROA_0928_final_no_velocity_scale0125,2776,2026-09-28_17-06-19
-0.0022077932953834534,0.000745430588722229,-0.0028895214200019836,-0.0022049061954021454,0.003930577168449934,-0.8549038171768188,0.8902903199195862,0.5714837312698364,-0.5439356565475464,1.464596789439286,-0.0023291446268558502,0.0006099231541156769,-0.0030809082090854645,-0.0023562461137771606,0.004217811064861331,-0.9475778341293335,0.784912109375,0.432997465133667,-0.6735320091247559,1.4536141303073815,0.011951575987040997,-0.013837885111570358,0.014408828690648079,-0.019460244104266167,0.015096191316843033,-0.019007757306098938,-0.0022042542695999146,0.0007609836757183075,-0.0028738752007484436,-0.0021993182599544525,0.003911428946246655,-0.8714393973350525,0.8845468759536743,0.5572233200073242,-0.5618375539779663,1.4724075840715625,55.546291707,True,-0.00012405216693878174,-0.00015078112483024597,-0.0002078711986541748,-0.00015976838767528534,0.0003249658699061859,-0.07636845111846924,-0.09998957812786102,-0.12423237413167953,-0.1115468293428421,0.20821867939891414,ROA_0928_final_no_velocity_scale0125,2777,2026-09-28_17-06-19
-0.0022091902792453766,0.000818353146314621,-0.002849102020263672,-0.0022609252482652664,0.003906731389936996,-0.8774697184562683,0.913673996925354,0.5967965722084045,-0.5682376027107239,1.5109134489360645,-0.002332031726837158,0.0006778165698051453,-0.0030422117561101913,-0.002414453774690628,0.004198199052993252,-0.972335159778595,0.8063269257545471,0.45619484782218933,-0.6991992592811584,1.4997703249494083,0.011690136976540089,-0.014105278998613358,0.01437477208673954,-0.01985732465982437,0.015069495886564255,-0.01939678005874157,-0.002207048237323761,0.0008347444236278534,-0.002830708399415016,-0.0022543594241142273,0.003885289443127559,-0.8942968845367432,0.9078066349029541,0.5825804471969604,-0.5863229632377625,1.5188961547750959,55.566294311,True,-0.00012470409274101257,-0.00015506520867347717,-0.00020945444703102112,-0.00015818513929843903,0.00032706217768363086,-0.07824599742889404,-0.1018112450838089,-0.12625055015087128,-0.11262203752994537,0.21153216527322224,ROA_0928_final_no_velocity_scale0125,2778,2026-09-28_17-06-19
-0.0021819956600666046,0.0008688308298587799,-0.002805842086672783,-0.002326490357518196,0.0038793604177710475,-0.8981776833534241,0.9336275458335876,0.6053349375724792,-0.5769035220146179,1.5416557152456853,-0.0023041851818561554,0.00072503462433815,-0.0029966235160827637,-0.0024789944291114807,0.004169397883973645,-0.9936689734458923,0.8255466222763062,0.46446219086647034,-0.7075974345207214,1.5302555383661263,0.010947938077151775,-0.01414623111486435,0.013763345777988434,-0.01996290311217308,0.014454690739512444,-0.019504476338624954,-0.002181064337491989,0.000883638858795166,-0.0027894508093595505,-0.0023179221898317337,0.0038593427156182578,-0.9150663018226624,0.9278356432914734,0.5912920236587524,-0.5949539542198181,1.5497788357946787,55.586291794000005,True,-0.00012284144759178162,-0.00015813857316970825,-0.00020936131477355957,-0.00015846453607082367,0.00032757694681463196,-0.07884855568408966,-0.1027081087231636,-0.1266854703426361,-0.11234404146671295,0.21225818553664308,ROA_0928_final_no_velocity_scale0125,2779,2026-09-28_17-06-19
-0.0021020881831645966,0.0009043142199516296,-0.0027939677238464355,-0.002405606210231781,0.003872267070635152,-0.8919676542282104,0.9284326434135437,0.6122220754623413,-0.5851760506629944,1.5407568015023496,-0.002225209027528763,0.0007615424692630768,-0.0029861927032470703,-0.002558063715696335,0.0041630128798292735,-0.9878575205802917,0.8202008605003357,0.4707523286342621,-0.7163206934928894,1.5294193203621442,0.011229904368519783,-0.014360100030899048,0.014052098616957664,-0.020233862102031708,0.014741923660039902,-0.01977691240608692,-0.0020994804799556732,0.0009192153811454773,-0.00277799554169178,-0.002397783100605011,0.003852241943920978,-0.9087659120559692,0.9226370453834534,0.5982270836830139,-0.6032823324203491,1.548849281721912,55.606292734,True,-0.00012489035725593567,-0.00015748664736747742,-0.00020973384380340576,-0.00015655532479286194,0.00032741866683199365,-0.07926765084266663,-0.10267830640077591,-0.12743611633777618,-0.1128939837217331,0.21315414081092862,ROA_0928_final_no_velocity_scale0125,2780,2026-09-28_17-06-19
-0.002067629247903824,0.000988505780696869,-0.0027597416192293167,-0.0024730339646339417,0.0038524529492497766,-0.907774031162262,0.946558952331543,0.6272946000099182,-0.6004171371459961,1.5725987014016656,-0.0021911226212978363,0.0008466653525829315,-0.002955785021185875,-0.0026242341846227646,0.004144393932613242,-1.003828763961792,0.8378773331642151,0.48481112718582153,-0.7322039008140564,1.56093101377884,0.011081294156610966,-0.01489122025668621,0.013952380046248436,-0.020843397825956345,0.014643413946032524,-0.0203901007771492,-0.0020653940737247467,0.0010034069418907166,-0.0027420464903116226,-0.0024672597646713257,0.0038321955514658643,-0.9247166514396667,0.9409142136573792,0.6132558584213257,-0.6186310052871704,1.5808850865060038,55.626296938,True,-0.00012442469596862793,-0.00015618279576301575,-0.00021350570023059845,-0.00015813857316970825,0.0003297708551157374,-0.07927417010068893,-0.10323244333267212,-0.1283697783946991,-0.11345604062080383,0.21423683033805013,ROA_0928_final_no_velocity_scale0125,2781,2026-09-28_17-06-19
-0.0020820647478103638,0.0010564923286437988,-0.0027262140065431595,-0.0026191119104623795,0.003894014094902297,-0.9301090240478516,0.9698457717895508,0.6349365711212158,-0.6097792387008667,1.6061637858596258,-0.0022064894437789917,0.0009110197424888611,-0.002920301631093025,-0.002771429717540741,0.004184404215234166,-1.0261609554290771,0.8606882095336914,0.4932158291339874,-0.7405704259872437,1.594120167595176,0.011055541224777699,-0.015188924968242645,0.014015194028615952,-0.02125684730708599,0.014702577143907547,-0.020805271342396736,-0.0020808540284633636,0.0010729767382144928,-0.0027090776711702347,-0.002613198012113571,0.0038743168921937295,-0.9472304582595825,0.9644217491149902,0.6210272908210754,-0.6278156638145447,1.6146749950334072,55.646296053,True,-0.00012470409274101257,-0.00016279518604278564,-0.00021085143089294434,-0.00015757977962493896,0.0003307176766394287,-0.07907486706972122,-0.10384711623191833,-0.12783333659172058,-0.11277198046445847,0.21372934937334673,ROA_0928_final_no_velocity_scale0125,2782,2026-09-28_17-06-19
-0.002061016857624054,0.0011295080184936523,-0.0026776455342769623,-0.0026916619390249252,0.003880594306607569,-0.9444653391838074,0.9865657687187195,0.6412490606307983,-0.6165499687194824,1.6296341291586287,-0.0021863728761672974,0.000983942300081253,-0.0028717797249555588,-0.002841651439666748,0.004167272181398795,-1.0408014059066772,0.8767200112342834,0.5006114840507507,-0.7462324500083923,1.6173314174055542,0.01085427962243557,-0.015578269958496094,0.013820977881550789,-0.02176942117512226,0.014499610289931297,-0.021319150924682617,-0.0020602717995643616,0.0011477619409561157,-0.0026631634682416916,-0.0026860274374485016,0.0038632143380144,-0.9617367386817932,0.9812079071998596,0.6274743676185608,-0.6343796253204346,1.6382480018026961,55.666298689,True,-0.00012470409274101257,-0.00016260892152786255,-0.00020959414541721344,-0.00015832483768463135,0.00033031042308499293,-0.07920711487531662,-0.10470858961343765,-0.12685264647006989,-0.11182110011577606,0.21307705162564824,ROA_0928_final_no_velocity_scale0125,2783,2026-09-28_17-06-19
-0.0020024366676807404,0.0012147240340709686,-0.002623721957206726,-0.0026919879019260406,0.0038163066153307887,-0.9528490900993347,0.9987325668334961,0.6398241519927979,-0.614944338798523,1.6406930177563623,-0.002130214124917984,0.001064501702785492,-0.0028133857995271683,-0.00284537672996521,0.004098873938943353,-1.0493601560592651,0.8883261680603027,0.49968573451042175,-0.7441709637641907,1.6281615135882874,0.010628240182995796,-0.016055328771471977,0.013574644923210144,-0.02228778973221779,0.014248590916395187,-0.021838568150997162,-0.0020021572709083557,0.0012305565178394318,-0.0026076100766658783,-0.0026864930987358093,0.0037985052543572043,-0.9701838493347168,0.9935162663459778,0.6261425614356995,-0.6325691342353821,1.6493949529823402,55.686299628,True,-0.0001255422830581665,-0.000166427344083786,-0.00020791776478290558,-0.00015757977962493896,0.0003309297894202789,-0.07939524203538895,-0.10555888712406158,-0.12631574273109436,-0.11131259799003601,0.21294756754210512,ROA_0928_final_no_velocity_scale0125,2784,2026-09-28_17-06-19
-0.001888815313577652,0.0013086013495922089,-0.002594711259007454,-0.0026549678295850754,0.0037435814748471045,-0.9487326741218567,1.0003167390823364,0.6479350328445435,-0.6218152046203613,1.64497698459912,-0.0020158477127552032,0.001158192753791809,-0.002782931551337242,-0.0028079841285943985,0.004018332785297468,-1.045655369758606,0.8893627524375916,0.5080583095550537,-0.7505947351455688,1.6322536809629542,0.010602204129099846,-0.016646040603518486,0.013602863997220993,-0.022785864770412445,0.014271896332502365,-0.02233695052564144,-0.001889001578092575,0.0013238750398159027,-0.002577388659119606,-0.0026485417038202286,0.003724874205252823,-0.9660617709159851,0.9951209425926208,0.634373128414154,-0.6392835378646851,1.6536581272978947,55.706298072,True,-0.00012833625078201294,-0.00016624107956886292,-0.00020759180188179016,-0.0001576729118824005,0.0003319825643591109,-0.07980595529079437,-0.10611768066883087,-0.12616859376430511,-0.11107185482978821,0.21315454418860688,ROA_0928_final_no_velocity_scale0125,2785,2026-09-28_17-06-19
-0.0018376857042312622,0.0013777054846286774,-0.0025490764528512955,-0.002697855234146118,0.003726250829007651,-0.9488230347633362,1.0039377212524414,0.6516230702400208,-0.6249150633811951,1.6498209130567796,-0.0019655562937259674,0.001227203756570816,-0.0027359463274478912,-0.0028483103960752487,0.003991694144360226,-1.0453062057495117,0.8928710222244263,0.5134050250053406,-0.7518780827522278,1.6366856456911523,0.01080199982970953,-0.01730026863515377,0.013792211189866066,-0.02346864901483059,0.014454718679189682,-0.023021908476948738,-0.0018385238945484161,0.0013947486877441406,-0.002532079815864563,-0.002692127600312233,0.003708795495235053,-0.9661921858787537,0.9988778829574585,0.6382800340652466,-0.6421096324920654,1.658578750599445,55.72630361900001,True,-0.00012647360563278198,-0.00016586855053901672,-0.00020228326320648193,-0.0001580454409122467,0.0003281714906173654,-0.07928720861673355,-0.10619963705539703,-0.1247902363538742,-0.10964041203260422,0.21140784932420204,ROA_0928_final_no_velocity_scale0125,2786,2026-09-28_17-06-19
-0.001745019108057022,0.0014408491551876068,-0.0024985522031784058,-0.0027793459594249725,0.003739222164521586,-0.9350711107254028,0.9953006505966187,0.656019389629364,-0.6288084983825684,1.6398701024329456,-0.0018739141523838043,0.0012896955013275146,-0.002682209014892578,-0.0029299408197402954,0.0039904364754617125,-1.030107021331787,0.8853664398193359,0.5200160145759583,-0.7533290982246399,1.6264258120680193,0.0112809669226408,-0.01816258765757084,0.014301607385277748,-0.02423306554555893,0.014954544603824615,-0.02379336580634117,-0.0017465092241764069,0.0014573335647583008,-0.00248136930167675,-0.002772035077214241,0.0037217375332305363,-0.9522130489349365,0.9904168248176575,0.6430344581604004,-0.6456640362739563,1.6485846791535672,55.746306575000006,True,-0.00012693926692008972,-0.00016782432794570923,-0.0001991167664527893,-0.00015581026673316956,0.00032627549554101605,-0.07799267768859863,-0.10514724254608154,-0.12295040488243103,-0.1075877770781517,0.20822101391125375,ROA_0928_final_no_velocity_scale0125,2787,2026-09-28_17-06-19
-0.001700129359960556,0.0014489516615867615,-0.002469867467880249,-0.0028127338737249374,0.0037434488896777164,-0.9237369298934937,0.9875501990318298,0.654092013835907,-0.6258445382118225,1.626752686541528,-0.0018251128494739532,0.0013013370335102081,-0.0026484020054340363,-0.0029593240469694138,0.003982552377653788,-1.0162731409072876,0.8798679113388062,0.520750880241394,-0.7476158738136292,1.6131134644896916,0.011869426816701889,-0.019074706360697746,0.014888996258378029,-0.025065649300813675,0.015531333163380623,-0.02463832125067711,-0.0017016194760799408,0.0014652498066425323,-0.002453988417983055,-0.0028053298592567444,0.003727253116036476,-0.9404913783073425,0.9829131364822388,0.6414768099784851,-0.6423429250717163,1.6353833313817059,55.76630249,True,-0.00012200325727462769,-0.00016335397958755493,-0.00019567087292671204,-0.0001555308699607849,0.00031999813765499536,-0.0757947564125061,-0.10302755236625671,-0.12076179683208466,-0.10534375160932541,0.20386815086430443,ROA_0928_final_no_velocity_scale0125,2788,2026-09-28_17-06-19
-0.0016116537153720856,0.0014405697584152222,-0.0024733133614063263,-0.002831406891345978,0.003759661208735336,-0.9005134701728821,0.9681507349014282,0.6481688022613525,-0.6195623278617859,1.596972495179058,-0.001735147088766098,0.001294352114200592,-0.002650078386068344,-0.0029793940484523773,0.003993566664416179,-0.9917783737182617,0.8617033958435059,0.5167573690414429,-0.7393783330917358,1.5832832942782034,0.012725915759801865,-0.019589953124523163,0.015710720792412758,-0.025432832539081573,0.01634868048131466,-0.02501343935728073,-0.0016153790056705475,0.0014547258615493774,-0.0024561770260334015,-0.0028240494430065155,0.0037430186792715577,-0.9169754981994629,0.9635956287384033,0.6357719898223877,-0.6357728838920593,1.6054385545818313,55.786302086000006,True,-0.0001214444637298584,-0.0001627020537853241,-0.00019390136003494263,-0.0001541338860988617,0.0003177187023361957,-0.07484853267669678,-0.10188575088977814,-0.11901184171438217,-0.10365805774927139,0.20104729968431442,ROA_0928_final_no_velocity_scale0125,2789,2026-09-28_17-06-19
-0.001491047441959381,0.0013836659491062164,-0.002495013177394867,-0.002787448465824127,0.0037412371619884384,-0.8608055710792542,0.9322938919067383,0.6320783495903015,-0.6031011939048767,1.5399149980408962,-0.0016133300960063934,0.0012400560081005096,-0.002669915556907654,-0.0029338523745536804,0.0039717056097791645,-0.9516374468803406,0.8267331719398499,0.5016624927520752,-0.7221577167510986,1.5265702374174501,0.013699239119887352,-0.019776204600930214,0.016621951013803482,-0.025390947237610817,0.01725710742175579,-0.024974079802632332,-0.0014941208064556122,0.0013991259038448334,-0.0024777837097644806,-0.0027817673981189728,0.0037257703033772268,-0.8769826292991638,0.9276093244552612,0.6197420358657837,-0.6191012859344482,1.5480628423244502,55.806302833000004,True,-0.0001191161572933197,-0.00015944242477416992,-0.00019213184714317322,-0.00015171244740486145,0.00031293821359726994,-0.07468834519386292,-0.10088085383176804,-0.11807586252689362,-0.10313931107521057,0.19972723847440094,ROA_0928_final_no_velocity_scale0125,2790,2026-09-28_17-06-19
-0.0014064833521842957,0.0012701377272605896,-0.002550240606069565,-0.002740975469350815,0.00374402727970749,-0.8182432055473328,0.8901655077934265,0.6226561665534973,-0.592795193195343,1.4828501564943062,-0.0015312805771827698,0.0011282972991466522,-0.0027252361178398132,-0.00288570299744606,0.0039778279257408995,-0.9091020822525024,0.7852892875671387,0.49289965629577637,-0.7113925814628601,1.4700255117791523,0.014426043257117271,-0.019656211137771606,0.017304765060544014,-0.024960121139883995,0.01793629489839077,-0.024541182443499565,-0.0014079734683036804,0.0012847594916820526,-0.0025348737835884094,-0.002734176814556122,0.003728487140891955,-0.8341380953788757,0.8851624727249146,0.6103031039237976,-0.6086472272872925,1.4905516580545384,55.826307805000006,True,-0.00012200325727462769,-0.0001587904989719391,-0.0001903623342514038,-0.0001533888280391693,0.000313878277822798,-0.07499568164348602,-0.09982287138700485,-0.11744442582130432,-0.10281241685152054,0.19885994949319408,ROA_0928_final_no_velocity_scale0125,2791,2026-09-28_17-06-19
-0.0013306736946105957,0.0011078082025051117,-0.0025996938347816467,-0.0025904737412929535,0.0036745144235552077,-0.7675923109054565,0.8378019332885742,0.6058206558227539,-0.5726264715194702,1.4084380764585966,-0.0014494173228740692,0.000967271625995636,-0.0027713365852832794,-0.0027369707822799683,0.003914580032223306,-0.8574966192245483,0.7354030013084412,0.4757549464702606,-0.6920089721679688,1.3967604124516624,0.015383541584014893,-0.0194143895059824,0.01807272434234619,-0.024388384073972702,0.018706845119595528,-0.023972371593117714,-0.0013333745300769806,0.0011212192475795746,-0.0025814399123191833,-0.0025828368961811066,0.0036556465629635233,-0.783000111579895,0.8325390219688416,0.5931826233863831,-0.58845055103302,1.4155577032220252,55.846308552,True,-0.00011790543794631958,-0.00015320256352424622,-0.00018728896975517273,-0.0001537613570690155,0.00030808556718328974,-0.07453188300132751,-0.09711644798517227,-0.11742952466011047,-0.10359752178192139,0.19789486290902955,ROA_0928_final_no_velocity_scale0125,2792,2026-09-28_17-06-19
-0.001263897866010666,0.0008783303201198578,-0.00267932191491127,-0.002369377762079239,0.003599122515459693,-0.7191486358642578,0.7885973453521729,0.5864472985267639,-0.5495007634162903,1.3350621976831767,-0.0013832002878189087,0.0007440336048603058,-0.002854038029909134,-0.0025174580514431,0.0038511339072112645,-0.8084494471549988,0.6881747245788574,0.45485514402389526,-0.6709731817245483,1.3244877967643034,0.01571793109178543,-0.018333682790398598,0.01831132546067238,-0.02301371470093727,0.01895308494567871,-0.022598417475819588,-0.0012645497918128967,0.000890437513589859,-0.0026613473892211914,-0.002361088991165161,0.003579192527945101,-0.7342081069946289,0.7829749584197998,0.5732876658439636,-0.5655400156974792,1.3416320907935582,55.866306324,True,-0.00011865049600601196,-0.00014724209904670715,-0.0001912936568260193,-0.00015702098608016968,0.0003099361379930413,-0.0742841511964798,-0.0947955921292305,-0.11842790246009827,-0.10547693073749542,0.19840043726553858,ROA_0928_final_no_velocity_scale0125,2793,2026-09-28_17-06-19
-0.0012094154953956604,0.0006462447345256805,-0.0027808360755443573,-0.00214260071516037,0.0035617495735534976,-0.678546667098999,0.7487190365791321,0.5713421702384949,-0.531365156173706,1.2755428210873938,-0.0013228505849838257,0.0005161389708518982,-0.0029559247195720673,-0.002293754369020462,0.0038196802536890435,-0.7677441239356995,0.6497967839241028,0.4361616373062134,-0.656883180141449,1.2660794425170183,0.016383863985538483,-0.01698550395667553,0.018802043050527573,-0.021341633051633835,0.019461655989289284,-0.020925283432006836,-0.001209508627653122,0.0006605871021747589,-0.0027650967240333557,-0.0021331943571567535,0.003542313026148722,-0.6933537721633911,0.7426580190658569,0.5574356317520142,-0.5479445457458496,1.281620706153155,55.886311551000006,True,-0.000116787850856781,-0.0001434236764907837,-0.00019548460841178894,-0.00016065314412117004,0.0003120092677701226,-0.07439497858285904,-0.09282584488391876,-0.12129823863506317,-0.10899453610181808,0.20124404758140094,ROA_0928_final_no_velocity_scale0125,2794,2026-09-28_17-06-19
-0.0013084150850772858,0.0005029141902923584,-0.0028670765459537506,-0.002029072493314743,0.003607259736595938,-0.6690099239349365,0.7331259250640869,0.5566868782043457,-0.5158772468566895,1.2484115202797832,-0.0014234334230422974,0.00037122517824172974,-0.0030499882996082306,-0.0021848827600479126,0.003878636072970561,-0.7588425278663635,0.6340555548667908,0.41735076904296875,-0.6452072262763977,1.2391020174395702,0.01716405712068081,-0.016410036012530327,0.019226348027586937,-0.020344285294413567,0.019900377839803696,-0.019925720989704132,-0.001306924968957901,0.0005155801773071289,-0.0028477050364017487,-0.00201985239982605,0.003584660479067148,-0.683867335319519,0.7268236875534058,0.542178750038147,-0.5330694317817688,1.2543979532551854,55.906308790000004,True,-0.00011762604117393494,-0.00014165416359901428,-0.00020014122128486633,-0.00016605481505393982,0.000317428283535964,-0.07499940693378448,-0.09274109452962875,-0.1248139813542366,-0.11216941475868225,0.20530222953461602,ROA_0928_final_no_velocity_scale0125,2795,2026-09-28_17-06-19
-0.0014198943972587585,0.0003783963620662689,-0.0030025839805603027,-0.0018698163330554962,0.0036899053116231434,-0.6534512639045715,0.7115816473960876,0.5323858857154846,-0.49150359630584717,1.2066789168071885,-0.0015358440577983856,0.0002459622919559479,-0.003186054527759552,-0.0020254403352737427,0.003963216856146916,-0.7444852590560913,0.6114840507507324,0.38951075077056885,-0.6242878437042236,1.1974202276417514,0.018049098551273346,-0.015505457296967506,0.019965680316090584,-0.01942610554397106,0.02064848691225052,-0.019006535410881042,-0.0014181248843669891,0.000392179936170578,-0.002985633909702301,-0.001860782504081726,0.0036692460153370373,-0.6685126423835754,0.7050949931144714,0.5173347592353821,-0.5092080235481262,1.2126799704712647,55.926317833000006,True,-0.00011613592505455017,-0.00014211982488632202,-0.00020265579223632812,-0.00016633421182632446,0.0003186474201184321,-0.07598474621772766,-0.0935802161693573,-0.12785010039806366,-0.11513381451368332,0.2095156184191115,ROA_0928_final_no_velocity_scale0125,2796,2026-09-28_17-06-19
-0.0015535391867160797,0.0003437511622905731,-0.0030965544283390045,-0.0018285587430000305,0.0037954252395289738,-0.6472253799438477,0.6967763900756836,0.5350038409233093,-0.4961387813091278,1.1978817338232362,-0.001671910285949707,0.00020936131477355957,-0.0032811425626277924,-0.001988746225833893,0.004073071536899816,-0.740565299987793,0.5939434766769409,0.39140784740448,-0.6294408440589905,1.1882469248335639,0.017891548573970795,-0.014730827882885933,0.01982364058494568,-0.018577516078948975,0.02050248719751835,-0.018151476979255676,-0.0015506520867347717,0.0003541819751262665,-0.0030796974897384644,-0.0018211081624031067,0.00377570796560085,-0.6627086400985718,0.6899805665016174,0.5198847055435181,-0.5140025019645691,1.2039556372011446,55.9463135,True,-0.0001212581992149353,-0.00014742836356163025,-0.00020423904061317444,-0.00016828998923301697,0.00032493364191458476,-0.07782597094774246,-0.09596533328294754,-0.12853088974952698,-0.11552031338214874,0.21185421047411573,ROA_0928_final_no_velocity_scale0125,2797,2026-09-28_17-06-19
-0.001677870750427246,0.0003002583980560303,-0.00318353995680809,-0.0017931684851646423,0.0039017035101462354,-0.6555765271186829,0.7002353072166443,0.5239518284797668,-0.4859650135040283,1.1954769258487943,-0.0017951242625713348,0.00016586855053901672,-0.0033705495297908783,-0.001950189471244812,0.0041797553097650455,-0.7479656338691711,0.598090648651123,0.3797681927680969,-0.619933009147644,1.1857083299534235,0.01767756976187229,-0.013981150463223457,0.019638434052467346,-0.017820343375205994,0.02031378261744976,-0.017405889928340912,-0.0016787089407444,0.00031050294637680054,-0.003164447844028473,-0.0017822720110416412,0.003880138814250463,-0.670906126499176,0.6936527490615845,0.5088727474212646,-0.503746747970581,1.2015928157159956,55.966310702,True,-0.0001193024218082428,-0.00014668330550193787,-0.00020498409867286682,-0.00016847625374794006,0.0003243568026439418,-0.077076256275177,-0.09556393325328827,-0.1291213482618332,-0.11622532457113266,0.21213160242715223,ROA_0928_final_no_velocity_scale0125,2798,2026-09-28_17-06-19
-0.0018049031496047974,0.00031655654311180115,-0.0032405368983745575,-0.0018555670976638794,0.004014265472218091,-0.6795580983161926,0.7221372723579407,0.527810275554657,-0.4914579689502716,1.2255260782211639,-0.001925881952047348,0.0001817941665649414,-0.003429967910051346,-0.0020167790353298187,0.0042981755330708206,-0.7728486657142639,0.6188535690307617,0.381036639213562,-0.6278967261314392,1.2155661891640905,0.017680810764431953,-0.013750210404396057,0.01947767101228237,-0.017392728477716446,0.020154040306806564,-0.016986027359962463,-0.001804344356060028,0.00032959505915641785,-0.003222096711397171,-0.0018479302525520325,0.003993649994956331,-0.6950283050537109,0.7156766653060913,0.5126473903656006,-0.509414792060852,1.2318521419358162,55.986314817,True,-0.0001230277121067047,-0.0001469627022743225,-0.00020954757928848267,-0.00017033889889717102,0.00032980194288170946,-0.07785763591527939,-0.0967932790517807,-0.1316368579864502,-0.11852755397558212,0.21573732102838616,ROA_0928_final_no_velocity_scale0125,2799,2026-09-28_17-06-19
-0.001979433000087738,0.0004042871296405792,-0.0032745301723480225,-0.001972261816263199,0.004134643951198423,-0.7356200218200684,0.7747979760169983,0.5540093183517456,-0.5186200141906738,1.3099670732142141,-0.0021006911993026733,0.00026691704988479614,-0.00346573069691658,-0.0021328218281269073,0.004421512122839718,-0.8296332955360413,0.6702784299850464,0.4060501158237457,-0.6562228798866272,1.299687713309627,0.01738932728767395,-0.014297738671302795,0.01897897571325302,-0.01739393174648285,0.019638516008853912,-0.017000412568449974,-0.0019769184291362762,0.0004166737198829651,-0.0032563693821430206,-0.0019638799130916595,0.004113426292562656,-0.7513965964317322,0.7685739398002625,0.5389423966407776,-0.5367947220802307,1.3167543666912005,56.006316371000004,True,-0.0001214444637298584,-0.0001512467861175537,-0.00021122395992279053,-0.000169314444065094,0.0003312492643828367,-0.07827766239643097,-0.09825918078422546,-0.1328829675912857,-0.11948961019515991,0.21778131845951365,ROA_0928_final_no_velocity_scale0125,2800,2026-09-28_17-06-19
-0.0022658146917819977,0.0006222166121006012,-0.003210734575986862,-0.0024821609258651733,0.004349787328494254,-0.8442392349243164,0.8729556202888489,0.5968948602676392,-0.5666576027870178,1.4667411019578365,-0.002385210245847702,0.00048335641622543335,-0.0034040771424770355,-0.002639368176460266,0.004642297180272635,-0.9369505047798157,0.7682228088378906,0.45142507553100586,-0.7014991641044617,1.4554810923785044,0.01771879568696022,-0.0158621184527874,0.018531745299696922,-0.017792224884033203,0.01913183182477951,-0.017440354451537132,-0.002265162765979767,0.0006360001862049103,-0.0031951814889907837,-0.0024747103452682495,0.004331181205968863,-0.8602784276008606,0.8673537373542786,0.582541286945343,-0.5846703052520752,1.4743041689687701,56.026319558000004,True,-0.00012209638953208923,-0.0001514330506324768,-0.00021159648895263672,-0.0001630745828151703,0.0003283916573626901,-0.0767512246966362,-0.0991336926817894,-0.1311134546995163,-0.11686793714761734,0.21497913296866455,ROA_0928_final_no_velocity_scale0125,2801,2026-09-28_17-06-19
-0.0023198314011096954,0.0007474794983863831,-0.0031768344342708588,-0.0027317553758621216,0.0044304042977452,-0.8701663017272949,0.8970107436180115,0.6458544731140137,-0.6159534454345703,1.5354305477686343,-0.0024415552616119385,0.0006076879799365997,-0.003369990736246109,-0.002886168658733368,0.004723329024986912,-0.9639989137649536,0.7907617688179016,0.5009341835975647,-0.7500582933425903,1.5238405640372434,0.01871039904654026,-0.016930703073740005,0.019451139494776726,-0.019027361646294594,0.019995229318737984,-0.018710371106863022,-0.0023181550204753876,0.000761076807975769,-0.003159046173095703,-0.002724677324295044,0.004409738746779441,-0.8864458203315735,0.8914796113967896,0.6318604350090027,-0.6341570615768433,1.543348414249291,56.046319992,True,-0.00012349337339401245,-0.00015208497643470764,-0.00021103769540786743,-0.00016223639249801636,0.0003284658465730318,-0.07760431617498398,-0.10069738328456879,-0.13092346489429474,-0.11592637002468109,0.21532326185364148,ROA_0928_final_no_velocity_scale0125,2802,2026-09-28_17-06-19
-0.0022989697754383087,0.0007973983883857727,-0.00316547229886055,-0.002794899046421051,0.004436635075288562,-0.874552845954895,0.9001716375350952,0.6604175567626953,-0.6315130591392517,1.552215418069487,-0.0024209730327129364,0.0006577931344509125,-0.0033574178814888,-0.0029459595680236816,0.004726437326500192,-0.9684357047080994,0.7935612797737122,0.518470048904419,-0.7627429366111755,1.5404780286536681,0.01846230961382389,-0.01751958206295967,0.019955188035964966,-0.02042696624994278,0.02043057233095169,-0.02014332450926304,-0.0022967346012592316,0.0008123926818370819,-0.003147963434457779,-0.0027905218303203583,0.004417129855973043,-0.890979528427124,0.8948109745979309,0.6470149159431458,-0.6496049165725708,1.5604954461215292,56.066317227000006,True,-0.00012349337339401245,-0.00015450641512870789,-0.00021150335669517517,-0.00015441328287124634,0.00032550239726110197,-0.07748045027256012,-0.10121054202318192,-0.1286463737487793,-0.11329352110624313,0.21268341216166314,ROA_0928_final_no_velocity_scale0125,2803,2026-09-28_17-06-19
-0.002520997077226639,0.0008736737072467804,-0.003071501851081848,-0.003044120967388153,0.004540440034612808,-0.9542945027351379,0.9683752059936523,0.6643561124801636,-0.6400271654129028,1.6428753103820959,-0.002636946737766266,0.0007377937436103821,-0.0032644718885421753,-0.003189314156770706,0.0048274168671482275,-1.0441243648529053,0.864671528339386,0.5254018902778625,-0.7685413360595703,1.6306348593789772,0.018689313903450966,-0.0182137880474329,0.020113497972488403,-0.021267900243401527,0.0205296091735363,-0.021027443930506706,-0.0025190412998199463,0.0008900649845600128,-0.0030553899705410004,-0.0030397437512874603,0.004521850896286574,-0.9705414772033691,0.9638806581497192,0.6512933969497681,-0.6581423282623291,1.6517587183780797,56.086319197,True,-0.00011781230568885803,-0.0001533888280391693,-0.00020796433091163635,-0.00014901161193847656,0.00031752281858571515,-0.07364433258771896,-0.09922775626182556,-0.12594833970069885,-0.11045857518911362,0.20709877694107906,ROA_0928_final_no_velocity_scale0125,2804,2026-09-28_17-06-19
-0.0027973204851150513,0.000878702849149704,-0.003039184957742691,-0.003194715827703476,0.0046779700633536375,-1.0549732446670532,1.0586483478546143,0.6605852246284485,-0.6385389566421509,1.7543076502975823,-0.0029074959456920624,0.0007405877113342285,-0.003234855830669403,-0.0033398158848285675,0.004968195745623067,-1.1424877643585205,0.9562289118766785,0.5197124481201172,-0.7693385481834412,1.741703835570693,0.01908615604043007,-0.018574170768260956,0.020512837916612625,-0.02193940058350563,0.02088235691189766,-0.02173571102321148,-0.0027937814593315125,0.0008963979780673981,-0.003022514283657074,-0.003189593553543091,0.004657586762078328,-1.0712239742279053,1.0549230575561523,0.6474125981330872,-0.6568468809127808,1.7637565458240136,56.106325648,True,-0.00011334195733070374,-0.00015348196029663086,-0.00021262094378471375,-0.00015012919902801514,0.0003189866543610978,-0.07138121873140335,-0.09868479520082474,-0.12770573794841766,-0.11250375956296921,0.2081280066646238,ROA_0928_final_no_velocity_scale0125,2805,2026-09-28_17-06-19
-0.003077276051044464,0.0008373521268367767,-0.00299941748380661,-0.003392621874809265,0.0048534673278803715,-1.1588027477264404,1.1528245210647583,0.6635729074478149,-0.6421980857849121,1.877352601261529,-0.0031853094696998596,0.0006999820470809937,-0.0031935982406139374,-0.0035383738577365875,0.005144082078861269,-1.2463619709014893,1.049285650253296,0.5217054486274719,-0.773912250995636,1.864259731786541,0.018294595181941986,-0.018870102241635323,0.020159278064966202,-0.023077286779880524,0.02049151249229908,-0.022891465574502945,-0.0030741095542907715,0.0008570030331611633,-0.0029812566936016083,-0.00338749960064888,0.004831436061753877,-1.1757341623306274,1.1495686769485474,0.6504412293434143,-0.6604669094085693,1.8875689098025181,56.126328291,True,-0.0001105479896068573,-0.00015450641512870789,-0.00021327286958694458,-0.0001535750925540924,0.00032043470742921626,-0.07083360105752945,-0.1004757285118103,-0.1286594122648239,-0.11331494152545929,0.2096663286249771,ROA_0928_final_no_velocity_scale0125,2806,2026-09-28_17-06-19
-0.003128405660390854,0.0010382384061813354,-0.0029352493584156036,-0.003616977483034134,0.0048938162838712725,-1.2030619382858276,1.197013020515442,0.7251947522163391,-0.6995154023170471,1.9736380224076875,-0.0032351352274417877,0.0008956529200077057,-0.0031311996281147003,-0.0037608668208122253,0.00518434078360859,-1.2931618690490723,1.090641975402832,0.5820756554603577,-0.8317176103591919,1.9600453662641246,0.018099499866366386,-0.019581416621804237,0.02011515572667122,-0.02396545372903347,0.02041620947420597,-0.023785322904586792,-0.0031242147088050842,0.0010594725608825684,-0.0029158778488636017,-0.0036111101508140564,0.004870096348773967,-1.2206928730010986,1.193468451499939,0.7120957374572754,-0.7182694673538208,1.9842543455374542,56.146337878000004,True,-0.00010868534445762634,-0.00016363337635993958,-0.0002146698534488678,-0.00014919787645339966,0.0003216756023581271,-0.07264502346515656,-0.10298005491495132,-0.1299818903207779,-0.11342576891183853,0.21226209786691377,ROA_0928_final_no_velocity_scale0125,2807,2026-09-28_17-06-19
-0.00315224751830101,0.0010414980351924896,-0.0028876587748527527,-0.003450550138950348,0.004776771358446461,-1.229486346244812,1.219160795211792,0.7003368735313416,-0.6728367805480957,1.9851930702677332,-0.0032586976885795593,0.0008960254490375519,-0.003086123615503311,-0.003596115857362747,0.005071741796627952,-1.3183754682540894,1.1136280298233032,0.5567846298217773,-0.8057401776313782,1.9715983239819264,0.017110899090766907,-0.020181413739919662,0.019639376550912857,-0.025307001546025276,0.019918836653232574,-0.025136828422546387,-0.0031497329473495483,0.0010594725608825684,-0.0028706155717372894,-0.0034452416002750397,0.004756142397608647,-1.2470828294754028,1.21596360206604,0.6871493458747864,-0.6916531920433044,1.9960356833003199,56.166321671000006,True,-0.00010952353477478027,-0.00016372650861740112,-0.00021550804376602173,-0.0001498498022556305,0.00032293214196129564,-0.07149390876293182,-0.10262522101402283,-0.13028644025325775,-0.11391657590866089,0.21210304470798128,ROA_0928_final_no_velocity_scale0125,2808,2026-09-28_17-06-19
-0.0030331313610076904,0.0010550953447818756,-0.002837739884853363,-0.0032988376915454865,0.004617618739932662,-1.221319556236267,1.2082512378692627,0.6838254332542419,-0.6558196544647217,1.9618978776597387,-0.00313417986035347,0.0009136274456977844,-0.0030324794352054596,-0.0034394674003124237,0.004903921806047784,-1.3084802627563477,1.1044535636901855,0.5413181781768799,-0.7879332900047302,1.9484315930332896,0.016749106347560883,-0.020999697968363762,0.019685283303260803,-0.026806635782122612,0.019950643181800842,-0.026644399389624596,-0.0030319206416606903,0.0010757707059383392,-0.0028199516236782074,-0.00329483300447464,0.004596927791599465,-1.2385956048965454,1.2052403688430786,0.6708046197891235,-0.6748064756393433,1.9727833370876071,56.186323642000005,True,-0.00010542571544647217,-0.00016130506992340088,-0.00021494925022125244,-0.00014472752809524536,0.0003170709301021251,-0.06993208080530167,-0.10067875683307648,-0.12953951954841614,-0.11327861994504929,0.20986671700408138,ROA_0928_final_no_velocity_scale0125,2809,2026-09-28_17-06-19
-0.002523045986890793,0.0007314607501029968,-0.002911034971475601,-0.0026594847440719604,0.004259190361405705,-1.066022515296936,1.0655484199523926,0.5975067615509033,-0.566401481628418,1.7173397854370696,-0.00262577086687088,0.0005938112735748291,-0.003105681389570236,-0.0028034672141075134,0.004543996647633066,-1.1543388366699219,0.9628897309303284,0.4546632766723633,-0.7000658512115479,1.7056752461201419,0.014869753271341324,-0.01918085291981697,0.018932228907942772,-0.026788314804434776,0.019169697538018227,-0.026626715436577797,-0.002519506961107254,0.0007508322596549988,-0.0028925947844982147,-0.0026533380150794983,0.004236547198639497,-1.0827192068099976,1.0617375373840332,0.583997905254364,-0.5850903391838074,1.7271048655109802,56.206348046,True,-0.00010589137673377991,-0.00015869736671447754,-0.00021364539861679077,-0.00014882534742355347,0.00031769299194391157,-0.07162708789110184,-0.09873322397470474,-0.12940727174282074,-0.11508724838495255,0.21073015406493414,ROA_0928_final_no_velocity_scale0125,2810,2026-09-28_17-06-19
-0.00258665531873703,0.0009680166840553284,-0.002955179661512375,-0.0031089410185813904,0.004485334869818653,-1.146419882774353,1.1454205513000488,0.6498368382453918,-0.6243260502815247,1.8542113863422687,-0.002691894769668579,0.0008252449333667755,-0.003148335963487625,-0.0032505951821804047,0.00476896677372315,-1.2352168560028076,1.0414923429489136,0.5071395635604858,-0.7571335434913635,1.8417557746555475,0.013745734468102455,-0.018926750868558884,0.017359048128128052,-0.026159904897212982,0.017572646960616112,-0.026019291952252388,-0.002583954483270645,0.0009871087968349457,-0.002934969961643219,-0.0031023286283016205,0.0044616858849127515,-1.1636148691177368,1.1418498754501343,0.6364546418190002,-0.6430819034576416,1.8644880753569,56.226326751,True,-0.00010775402188301086,-0.00016083940863609314,-0.000212155282497406,-0.00014603137969970703,0.00031693755132536773,-0.07163919508457184,-0.10025593638420105,-0.12938492000102997,-0.1141941100358963,0.2108264609783951,ROA_0928_final_no_velocity_scale0125,2811,2026-09-28_17-06-19
-0.0025721266865730286,0.0011320225894451141,-0.0029387883841991425,-0.0031311064958572388,0.0044491410390714884,-1.1680861711502075,1.1718589067459106,0.6724297404289246,-0.6480616927146912,1.8998836967691173,-0.0026768073439598083,0.0009871087968349457,-0.0031327828764915466,-0.003271736204624176,0.004731277175497335,-1.258976697921753,1.0660691261291504,0.5272132754325867,-0.7827262878417969,1.8872764291440456,0.013388564810156822,-0.018937986344099045,0.016842838376760483,-0.025592701509594917,0.01702306978404522,-0.02548239380121231,-0.0025695189833641052,0.0011502765119075775,-0.002919696271419525,-0.003125332295894623,0.004427188964870532,-1.1856666803359985,1.1679474115371704,0.6586825251579285,-0.6673717498779297,1.910241354055841,56.246326865,True,-0.00010849907994270325,-0.00016354024410247803,-0.00021317973732948303,-0.0001471489667892456,0.0003195600942811763,-0.07333792746067047,-0.10174977779388428,-0.1315707266330719,-0.11551565676927567,0.214147827661268,ROA_0928_final_no_velocity_scale0125,2812,2026-09-28_17-06-19
-0.0026054680347442627,0.0010481104254722595,-0.0029675662517547607,-0.0031573697924613953,0.004510590354030775,-1.2214834690093994,1.2227277755737305,0.6386553645133972,-0.6205317974090576,1.944192977964285,-0.002711080014705658,0.0009010545909404755,-0.003162398934364319,-0.00330144539475441,0.004797001938248299,-1.311073899269104,1.1174445152282715,0.49292853474617004,-0.7555596232414246,1.9312146353619566,0.013181917369365692,-0.01864015683531761,0.01645028404891491,-0.025624766945838928,0.01660023257136345,-0.025557678192853928,-0.0026023946702480316,0.0010685063898563385,-0.002949591726064682,-0.0031524337828159332,0.004489312756823316,-1.239058494567871,1.2192511558532715,0.6246678233146667,-0.6396574378013611,1.9547276610725473,56.26633034,True,-0.0001085922122001648,-0.00016707926988601685,-0.00021597370505332947,-0.00015059486031532288,0.0003245537740268254,-0.07206760346889496,-0.1016911044716835,-0.131852924823761,-0.11602974683046341,0.21407298458857976,ROA_0928_final_no_velocity_scale0125,2813,2026-09-28_17-06-19
-0.0028148293495178223,0.0011224299669265747,-0.002876296639442444,-0.0033928081393241882,0.004615361833936889,-1.3526920080184937,1.3449610471725464,0.6250990033149719,-0.6140851974487305,2.0991718100155423,-0.0029183924198150635,0.0009719282388687134,-0.003065168857574463,-0.0035344623029232025,0.004896842434168894,-1.4407391548156738,1.2389671802520752,0.4813317060470581,-0.7464470863342285,2.0849055152347327,0.013117162510752678,-0.019302209839224815,0.015985827893018723,-0.02621709369122982,0.01610649935901165,-0.026191748678684235,-0.002815946936607361,0.001142546534538269,-0.0028578564524650574,-0.0033870339393615723,0.004594474826141904,-1.3707671165466309,1.3422024250030518,0.6113629341125488,-0.6328439116477966,2.110514602012926,56.286330742000004,True,-0.00010095536708831787,-0.00017229467630386353,-0.00020777806639671326,-0.00014817342162132263,0.00031731880565719577,-0.07001496851444244,-0.10311044007539749,-0.13009364902973175,-0.11377222090959549,0.21151560488120844,ROA_0928_final_no_velocity_scale0125,2814,2026-09-28_17-06-19
-0.00280207023024559,0.0011689960956573486,-0.0027742236852645874,-0.003522448241710663,0.004606273931508719,-1.3719358444213867,1.3665425777435303,0.6174193620681763,-0.6095524430274963,2.121884788828448,-0.0029117800295352936,0.0010143034160137177,-0.0029627233743667603,-0.0036644749343395233,0.00488702775275516,-1.4612255096435547,1.2586274147033691,0.4754215180873871,-0.7398267984390259,2.1071836589926387,0.013360453769564629,-0.01922927238047123,0.016221031546592712,-0.026137176901102066,0.016317833214998245,-0.026147659868001938,-0.0028065405786037445,0.0011889263987541199,-0.002757459878921509,-0.0035173259675502777,0.00458813846897286,-1.3902391195297241,1.3638352155685425,0.6040409207344055,-0.6277430653572083,2.133357138251275,56.306334185000004,True,-0.000106077641248703,-0.0001749955117702484,-0.00020274892449378967,-0.00014845281839370728,0.0003180764454900143,-0.07106270641088486,-0.10506808012723923,-0.1286771148443222,-0.11230352520942688,0.21111766564149925,ROA_0928_final_no_velocity_scale0125,2815,2026-09-28_17-06-19
-0.0025379471480846405,0.0012590549886226654,-0.0026858411729335785,-0.0034909695386886597,0.004460331322115983,-1.3121877908706665,1.3205287456512451,0.6217336654663086,-0.6110556125640869,2.0555990513886067,-0.002649892121553421,0.0011049211025238037,-0.0028718262910842896,-0.0036335550248622894,0.004729203051209688,-1.402807354927063,1.2120184898376465,0.4820655882358551,-0.738740861415863,2.041061632214202,0.013065606355667114,-0.01925479806959629,0.015901008620858192,-0.025750700384378433,0.015979362651705742,-0.025785159319639206,-0.002542417496442795,0.0012789852917194366,-0.0026701949536800385,-0.0034878961741924286,0.004445228965892704,-1.3301465511322021,1.3175075054168701,0.608710527420044,-0.6286836862564087,2.066546080531735,56.326335900000004,True,-0.00010868534445762634,-0.00017490237951278687,-0.00019883736968040466,-0.00014761462807655334,0.00031658844788207206,-0.07288064807653427,-0.10564270615577698,-0.12663379311561584,-0.11004041135311127,0.20967583902798811,ROA_0928_final_no_velocity_scale0125,2816,2026-09-28_17-06-19
-0.002339109778404236,0.0013756565749645233,-0.0026207417249679565,-0.0034024007618427277,0.004316379853019041,-1.2405569553375244,1.2618191242218018,0.6277700662612915,-0.6142719388008118,1.9754397666620855,-0.0024567358195781708,0.0012231990694999695,-0.0028011389076709747,-0.0035427510738372803,0.004569876429302169,-1.3322699069976807,1.1530592441558838,0.49004608392715454,-0.7397350668907166,1.9610891780053923,0.01279483176767826,-0.019763125106692314,0.015388961881399155,-0.02533838152885437,0.015465294942259789,-0.025380076840519905,-0.0023446977138519287,0.001395493745803833,-0.002604816108942032,-0.003398861736059189,0.0043018181705491276,-1.2581701278686523,1.258435606956482,0.6150626540184021,-0.6314506530761719,1.9858444396681443,56.346332686000004,True,-0.00011138617992401123,-0.00017182901501655579,-0.00019632279872894287,-0.0001469627022743225,0.0003146870978125813,-0.0744042918086052,-0.10575446486473083,-0.12497510015964508,-0.10813306272029877,0.2083641623599787,ROA_0928_final_no_velocity_scale0125,2817,2026-09-28_17-06-19
-0.001978781074285507,0.0014107674360275269,-0.002590566873550415,-0.0032236799597740173,0.004139195241203092,-1.1353492736816406,1.179458498954773,0.6484686732292175,-0.6297658681869507,1.8699055154881885,-0.002093520015478134,0.0012598931789398193,-0.0027708709239959717,-0.0033709220588207245,0.004384407542728556,-1.228047490119934,1.0714548826217651,0.5092024803161621,-0.7561826705932617,1.8559691808747507,0.013705329969525337,-0.019811948761343956,0.01636279560625553,-0.02493445761501789,0.01644253358244896,-0.024963976815342903,-0.0019817613065242767,0.001428648829460144,-0.0025764107704162598,-0.0032187439501285553,0.004125711512953283,-1.1525284051895142,1.1755423545837402,0.6357011795043945,-0.6469115018844604,1.8795827211385812,56.366334849000005,True,-0.00011278316378593445,-0.00016847625374794006,-0.000197533518075943,-0.00015031546354293823,0.0003163137237486829,-0.07560104131698608,-0.10405945777893066,-0.12650899589061737,-0.1093503013253212,0.20966710244493794,ROA_0928_final_no_velocity_scale0125,2818,2026-09-28_17-06-19
-0.0017708167433738708,0.001423899084329605,-0.0025676563382148743,-0.0030785799026489258,0.004009109187397317,-1.049745798110962,1.1060097217559814,0.6335042119026184,-0.6124125719070435,1.760830362981415,-0.0018864870071411133,0.0012747012078762054,-0.002744421362876892,-0.003223121166229248,0.004243751200052592,-1.1423304080963135,0.9987959265708923,0.49660724401474,-0.7364628314971924,1.7471270691059726,0.014232907444238663,-0.020606374368071556,0.016896670684218407,-0.02537362650036812,0.016979234293103218,-0.02539105713367462,-0.0017755664885044098,0.0014404766261577606,-0.0025517307221889496,-0.0030722469091415405,0.003993878330454208,-1.0665301084518433,1.1018681526184082,0.6209956407546997,-0.6290664672851562,1.770000939990331,56.386335315000004,True,-0.00011259689927101135,-0.00016540288925170898,-0.00018933787941932678,-0.00015115365386009216,0.00031083217096566576,-0.07586553692817688,-0.10301917046308517,-0.1244163066148758,-0.10745226591825485,0.20709037462020485,ROA_0928_final_no_velocity_scale0125,2819,2026-09-28_17-06-19
-0.001529976725578308,0.001305900514125824,-0.002580508589744568,-0.0028605572879314423,0.0038530500099848543,-0.9491191506385803,1.019957423210144,0.6085028648376465,-0.5841208100318909,1.6281761803990549,-0.0016461126506328583,0.0011594966053962708,-0.0027536414563655853,-0.00300481915473938,0.004086375066370302,-1.0422970056533813,0.9134597778320312,0.47263872623443604,-0.7076272368431091,1.6152611945315936,0.015138529241085052,-0.020300449803471565,0.017961088567972183,-0.02517259120941162,0.018032828345894814,-0.02518308535218239,-0.0015327706933021545,0.0013199634850025177,-0.002563837915658951,-0.0028532929718494415,0.003836282386299559,-0.965467631816864,1.0153417587280273,0.5959374308586121,-0.6004003286361694,1.6365902023684311,56.406336678,True,-0.00011362135410308838,-0.00016205012798309326,-0.00018933787941932678,-0.0001535750925540924,0.00031111918233420416,-0.0769197940826416,-0.10185408592224121,-0.12331082671880722,-0.10730418562889099,0.20633752791765947,ROA_0928_final_no_velocity_scale0125,2820,2026-09-28_17-06-19
-0.0015194527804851532,0.0013217329978942871,-0.0025914981961250305,-0.0028813257813453674,0.003875490475306001,-0.9248349666595459,1.0002915859222412,0.5860430598258972,-0.5618929862976074,1.5853424519605628,-0.0016328878700733185,0.001179613173007965,-0.0027636997401714325,-0.003025773912668228,0.004106442860583103,-1.015782356262207,0.8964408040046692,0.4510674476623535,-0.6847279071807861,1.5727224685341736,0.016714099794626236,-0.02153855375945568,0.019129350781440735,-0.02582622319459915,0.01918509230017662,-0.025841424241662025,-0.0015228986740112305,0.001334957778453827,-0.0025775283575057983,-0.0028740614652633667,0.003860648620912845,-0.9405388832092285,0.9958054423332214,0.5735475420951843,-0.5780187845230103,1.5934260808762994,56.426340344,True,-0.0001105479896068573,-0.0001562759280204773,-0.00018756836652755737,-0.00014994293451309204,0.0003042287341312167,-0.07530208677053452,-0.0993562787771225,-0.12246052920818329,-0.10676774382591248,0.2037836878071094,ROA_0928_final_no_velocity_scale0125,2821,2026-09-28_17-06-19
-0.001627858728170395,0.0012411735951900482,-0.00262334942817688,-0.0029183924198150635,0.003928910690649696,-0.9235068559646606,0.9959506988525391,0.5394639372825623,-0.5169752836227417,1.549701906071562,-0.00173887237906456,0.0011028721928596497,-0.0027934089303016663,-0.003065541386604309,0.00416734332137549,-1.0128859281539917,0.8933087587356567,0.4053609371185303,-0.6394274234771729,1.5370784258790904,0.01787322200834751,-0.022084834054112434,0.019858043640851974,-0.02582733705639839,0.019887607544660568,-0.025860659778118134,-0.001632794737815857,0.0012547709047794342,-0.0026057474315166473,-0.0029117800295352936,0.003911654754290335,-0.9389016628265381,0.9915670156478882,0.5269264578819275,-0.5327872633934021,1.5575786380824208,56.446339307,True,-0.0001084059476852417,-0.00015478581190109253,-0.00018868595361709595,-0.0001519918441772461,0.00030441069282117345,-0.07405970245599747,-0.09824055433273315,-0.12158787995576859,-0.10665877908468246,0.2022263912047694,ROA_0928_final_no_velocity_scale0125,2822,2026-09-28_17-06-19
-0.0015041790902614594,0.0010750256478786469,-0.0026386231184005737,-0.0028884969651699066,0.003920226983001898,-0.8352817296981812,0.9092659950256348,0.5210777521133423,-0.4946114122867584,1.427871841886433,-0.0016138888895511627,0.0009379349648952484,-0.0028082169592380524,-0.0030343420803546906,0.004159220173452845,-0.9252959489822388,0.8070710897445679,0.388761967420578,-0.6158817410469055,1.4160760800823187,0.019025567919015884,-0.02228853665292263,0.020927300676703453,-0.025692088529467583,0.020926114171743393,-0.025742996484041214,-0.0015070661902427673,0.0010878778994083405,-0.002623535692691803,-0.002881232649087906,0.0039040244436592876,-0.850301206111908,0.9043756723403931,0.5085086226463318,-0.5101235508918762,1.435055106329914,56.466340317000004,True,-0.00010803341865539551,-0.00014994293451309204,-0.00018486753106117249,-0.00015310943126678467,0.00030064951369822507,-0.0750487670302391,-0.09729153662919998,-0.11974665522575378,-0.10578612983226776,0.20071383533827372,ROA_0928_final_no_velocity_scale0125,2823,2026-09-28_17-06-19
-0.0014112330973148346,0.0009352341294288635,-0.0026275403797626495,-0.0028271228075027466,0.0038716894368728697,-0.749691367149353,0.8196439146995544,0.5260845422744751,-0.49251222610473633,1.323251050297735,-0.0015257857739925385,0.0008001923561096191,-0.0027970410883426666,-0.002973247319459915,0.004113305663695449,-0.84214186668396,0.7166135907173157,0.39425304532051086,-0.612565279006958,1.3121688177538058,0.020164785906672478,-0.022821102291345596,0.022090720012784004,-0.025840556249022484,0.022062089294195175,-0.02590721845626831,-0.001412816345691681,0.0009493902325630188,-0.002609938383102417,-0.002821441739797592,0.003854528185014993,-0.7645543217658997,0.8140448331832886,0.5136085152626038,-0.5081332921981812,1.3299285401055125,56.486345488000005,True,-0.00011362135410308838,-0.0001491047441959381,-0.00018579885363578796,-0.00015385448932647705,0.00030364634791210546,-0.07762107998132706,-0.09737908095121384,-0.11942069232463837,-0.10451580584049225,0.2009636669817385,ROA_0928_final_no_velocity_scale0125,2824,2026-09-28_17-06-19
-0.0014145858585834503,0.0008388422429561615,-0.0026728957891464233,-0.0028335489332675934,0.003915295725147851,-0.7358369827270508,0.8013983964920044,0.5469815731048584,-0.5079041719436646,1.3185026682939138,-0.001523829996585846,0.0007038936018943787,-0.0028407201170921326,-0.0029779039323329926,0.004157188360625025,-0.8276793956756592,0.7000071406364441,0.4151081442832947,-0.6276415586471558,1.307930293618685,0.021062200888991356,-0.02231445163488388,0.022824399173259735,-0.024835854768753052,0.022762438282370567,-0.02492673322558403,-0.0014139339327812195,0.0008514150977134705,-0.0026552006602287292,-0.0028267502784729004,0.0038969626020830994,-0.7505695819854736,0.7955347895622253,0.5343649387359619,-0.5237646102905273,1.3249614449186504,56.506341378,True,-0.00011064112186431885,-0.0001469627022743225,-0.0001858919858932495,-0.0001512467861175537,0.0003000439095450738,-0.0771787017583847,-0.09549594670534134,-0.11924374103546143,-0.10391324013471603,0.19951994357081865,ROA_0928_final_no_velocity_scale0125,2825,2026-09-28_17-06-19
-0.0013316981494426727,0.000901147723197937,-0.002732500433921814,-0.0028842128813266754,0.0039832956557831175,-0.7586590647697449,0.8150208592414856,0.5863736867904663,-0.5439091324806213,1.3701185194489063,-0.001437310129404068,0.0007769092917442322,-0.002898555248975754,-0.0030246563255786896,0.004215286317259988,-0.8464250564575195,0.7189064621925354,0.45482534170150757,-0.6627588868141174,1.3600647715213716,0.021016696467995644,-0.022174259647727013,0.022465987130999565,-0.02399865724146366,0.02236378751695156,-0.02411886677145958,-0.0013304874300956726,0.0009127892553806305,-0.0027147121727466583,-0.0028748996555805206,0.003963476875865679,-0.7727164626121521,0.8091498017311096,0.5737664103507996,-0.5600815415382385,1.3762958359197046,56.52634830900001,True,-0.00010719522833824158,-0.00013615936040878296,-0.00018300488591194153,-0.0001496635377407074,0.00029153645949429294,-0.0737309455871582,-0.09022838622331619,-0.11892429739236832,-0.10268203169107437,0.19493925916426927,ROA_0928_final_no_velocity_scale0125,2826,2026-09-28_17-06-19
-0.0013841316103935242,0.0006981194019317627,-0.0028712674975395203,-0.0025768764317035675,0.0039054715318677727,-0.7413057088851929,0.7854662537574768,0.5468642115592957,-0.5070017576217651,1.311841061895222,-0.0014865770936012268,0.0005789101123809814,-0.0030370429158210754,-0.002718064934015274,0.004147500243148545,-0.8259033560752869,0.6931247115135193,0.4131113886833191,-0.628606379032135,1.3024550310497651,0.020108290016651154,-0.019462579861283302,0.02151675708591938,-0.021222446113824844,0.021369710564613342,-0.021364429965615273,-0.0013852491974830627,0.0007079914212226868,-0.0028522685170173645,-0.002569146454334259,0.0038851813946737847,-0.7549030184745789,0.7794117331504822,0.5335639715194702,-0.523638904094696,1.3175756939985899,56.546348007000006,True,-0.00010281801223754883,-0.00013029202818870544,-0.00018533319234848022,-0.0001500360667705536,0.00028895652027197057,-0.07105432450771332,-0.08626002073287964,-0.12046563625335693,-0.10499078035354614,0.19441503685537354,ROA_0928_final_no_velocity_scale0125,2827,2026-09-28_17-06-19
-0.0014227814972400665,0.0006117857992649078,-0.0029692426323890686,-0.002412218600511551,0.003901836754104264,-0.7243621945381165,0.7597291469573975,0.5360441207885742,-0.49863380193710327,1.279285655373602,-0.0015234574675559998,0.0004928559064865112,-0.0031371600925922394,-0.0025546178221702576,0.00414894471715845,-0.8102617859840393,0.6666155457496643,0.3984896242618561,-0.623669445514679,1.2700548743212106,0.019613325595855713,-0.018098441883921623,0.021037055179476738,-0.01977343112230301,0.02085181139409542,-0.019933979958295822,-0.001421850174665451,0.0006231479346752167,-0.002950243651866913,-0.0024046748876571655,0.0038808595253993264,-0.7380526065826416,0.7532583475112915,0.522237241268158,-0.5158222913742065,1.2848450620684169,56.566349146,True,-0.00010188668966293335,-0.00012908130884170532,-0.000186823308467865,-0.00015283003449440002,0.00029058269694114217,-0.07223524153232574,-0.0866185799241066,-0.1237485483288765,-0.10789836943149567,0.1986445854231558,ROA_0928_final_no_velocity_scale0125,2828,2026-09-28_17-06-19
-0.0015839003026485443,0.0006502494215965271,-0.0030782073736190796,-0.0025277025997638702,0.004077660661261653,-0.7357680797576904,0.7581095695495605,0.5389917492866516,-0.5080792903900146,1.2899667628691944,-0.0016868114471435547,0.0005294568836688995,-0.003247428685426712,-0.0026687979698181152,0.0043275048443011405,-0.8239541053771973,0.6623891592025757,0.4004221260547638,-0.6333338022232056,1.2802085268945915,0.019666437059640884,-0.017512056976556778,0.020814690738916397,-0.01883714646100998,0.020606284961104393,-0.019017145037651062,-0.0015847384929656982,0.0006605871021747589,-0.0030609779059886932,-0.0025197863578796387,0.004058291587163803,-0.7499316334724426,0.7512392401695251,0.5249995589256287,-0.5256608128547668,1.2956471959048668,56.586351149,True,-0.00010319054126739502,-0.00012945383787155151,-0.00018458813428878784,-0.00014873221516609192,0.00028760617051491874,-0.07407274097204208,-0.08882302045822144,-0.1245671808719635,-0.10771583020687103,0.20064767495646801,ROA_0928_final_no_velocity_scale0125,2829,2026-09-28_17-06-19
-0.0015743076801300049,0.0006611458957195282,-0.003104656934738159,-0.002505537122488022,0.004083548798234751,-0.7082083821296692,0.7287021279335022,0.566536545753479,-0.5337735414505005,1.279727981703069,-0.0016819685697555542,0.0005403533577919006,-0.0032709911465644836,-0.0026440247893333435,0.00433031015432504,-0.7997722625732422,0.63011234998703,0.42644792795181274,-0.659460186958313,1.2696064576743618,0.01941567286849022,-0.017247674986720085,0.02040651999413967,-0.01819380559027195,0.020189018920063972,-0.018385205417871475,-0.001575332134962082,0.0006703659892082214,-0.0030864961445331573,-0.002499949187040329,0.00406487153932068,-0.7228469252586365,0.7211286425590515,0.5523115396499634,-0.5519734621047974,1.2854013519741427,56.606350367000005,True,-0.00010877847671508789,-0.00012945383787155151,-0.0001860782504081726,-0.0001446343958377838,0.00028861246262981753,-0.07684621959924698,-0.09088962525129318,-0.1259324997663498,-0.10759848356246948,0.20336810115924292,ROA_0928_final_no_velocity_scale0125,2830,2026-09-28_17-06-19
-0.001844111829996109,0.0010198913514614105,-0.003110431134700775,-0.0030224211513996124,0.004391372518913905,-0.7783956527709961,0.7969503998756409,0.6517478823661804,-0.6201015710830688,1.4316678818025343,-0.0019514933228492737,0.0008948147296905518,-0.0032798387110233307,-0.0031555071473121643,0.004633925362523312,-0.8724508285522461,0.6953021287918091,0.5096783638000488,-0.7466496825218201,1.420617941986468,0.020655112341046333,-0.018551195040345192,0.020472299307584763,-0.017985699698328972,0.02027072012424469,-0.018179278820753098,-0.0018429942429065704,0.0010287389159202576,-0.003093387931585312,-0.0030154362320899963,0.004372920398576314,-0.7935501337051392,0.7895435690879822,0.6377724409103394,-0.6386525630950928,1.437959152767137,56.626348529000005,True,-0.00010933727025985718,-0.00013336539268493652,-0.00018654391169548035,-0.00013886019587516785,0.00028754960523594487,-0.07888394594192505,-0.09416322410106659,-0.12812763452529907,-0.10806228220462799,0.2071020959914149,ROA_0928_final_no_velocity_scale0125,2831,2026-09-28_17-06-19
-0.0019029714167118073,0.0008688308298587799,-0.003145262598991394,-0.002806819975376129,0.0043188023347577095,-0.7688402533531189,0.7849968671798706,0.619944155216217,-0.5848379731178284,1.390321229649289,-0.002009887248277664,0.0007452443242073059,-0.0033182092010974884,-0.002947542816400528,0.004574233738978073,-0.8638109564781189,0.6829723119735718,0.4720175266265869,-0.7174583077430725,1.3797520596700446,0.02020270749926567,-0.018803179264068604,0.020230334252119064,-0.018351390957832336,0.020034700632095337,-0.018533632159233093,-0.0019001774489879608,0.0008763745427131653,-0.0031270086765289307,-0.0027997419238090515,0.004298796406047018,-0.7838783264160156,0.7775751352310181,0.6052777171134949,-0.6037260890007019,1.3963993565916422,56.646353508000004,True,-0.00011092051863670349,-0.00013187527656555176,-0.00018998980522155762,-0.00014603137969970703,0.0002936081267150797,-0.07995589822530746,-0.09457393735647202,-0.1332610845565796,-0.11377967149019241,0.21394628507092955,ROA_0928_final_no_velocity_scale0125,2832,2026-09-28_17-06-19
-0.002029724419116974,0.0008518807590007782,-0.0031606294214725494,-0.0026734545826911926,0.004289527706961286,-0.7850722670555115,0.8040097951889038,0.603466272354126,-0.5653015971183777,1.3948573909349233,-0.002135150134563446,0.0007284805178642273,-0.0033428892493247986,-0.0028177164494991302,0.004556755564025901,-0.8801761865615845,0.7018632888793945,0.4486525356769562,-0.705150842666626,1.3845870283949808,0.020281517878174782,-0.01930108293890953,0.020196324214339256,-0.018867602571845055,0.020014433190226555,-0.019029526039958,-0.002028048038482666,0.0008614733815193176,-0.003144610673189163,-0.002666562795639038,0.004271147995498071,-0.8001839518547058,0.7968898415565491,0.5879439115524292,-0.5847336649894714,1.4010421389015193,56.666351158000005,True,-0.0001084059476852417,-0.0001317821443080902,-0.00019939616322517395,-0.00015068799257278442,0.00030081876801909765,-0.08002574741840363,-0.0949939638376236,-0.13928674161434174,-0.12045073509216309,0.22152696638844413,ROA_0928_final_no_velocity_scale0125,2833,2026-09-28_17-06-19
-0.0021519139409065247,0.0008773058652877808,-0.0031186267733573914,-0.0027094967663288116,0.004301275950578831,-0.8207941055297852,0.8385721445083618,0.5884346961975098,-0.5506556034088135,1.4232126147746655,-0.0022591091692447662,0.0007545575499534607,-0.003297906368970871,-0.0028512440621852875,0.004566749172696053,-0.9158132076263428,0.7358537912368774,0.4349294900894165,-0.6896852850914001,1.4129387509637874,0.01976555772125721,-0.0198516845703125,0.01966402307152748,-0.01939661055803299,0.019511142745614052,-0.01953282579779625,-0.002151820808649063,0.0008869916200637817,-0.003099720925092697,-0.00270279124379158,0.004281051783540541,-0.8360687494277954,0.8318703174591064,0.5731945633888245,-0.5697942972183228,1.4297680351528754,56.686350121000004,True,-0.0001064501702785492,-0.0001317821443080902,-0.00019874423742294312,-0.0001498498022556305,0.0002991332439730644,-0.07973051816225052,-0.09591783583164215,-0.1383209526538849,-0.12000463157892227,0.22093121356977355,ROA_0928_final_no_velocity_scale0125,2834,2026-09-28_17-06-19
-0.0021816231310367584,0.0008771196007728577,-0.0030744820833206177,-0.00270158052444458,0.004269914370192307,-0.818027138710022,0.8395854234695435,0.5906168222427368,-0.5516679883003235,1.4234663536199756,-0.002289190888404846,0.0007537193596363068,-0.0032558105885982513,-0.002841651439666748,0.0045370145236130165,-0.9146388173103333,0.7351561784744263,0.44050344824790955,-0.6883451342582703,1.4135400620924394,0.01888391375541687,-0.019962385296821594,0.018922587856650352,-0.019877634942531586,0.01881350763142109,-0.019978376105427742,-0.0021801330149173737,0.0008890405297279358,-0.003057904541492462,-0.002694781869649887,0.004250750864901935,-0.8336836099624634,0.8327513337135315,0.575527548789978,-0.5704815983772278,1.4300971199566948,56.706354491000006,True,-0.0001107342541217804,-0.0001362524926662445,-0.0001953914761543274,-0.00014724209904670715,0.00029915773215513083,-0.08099432289600372,-0.09754299372434616,-0.1350426971912384,-0.11791194975376129,0.21895384307050858,ROA_0928_final_no_velocity_scale0125,2835,2026-09-28_17-06-19
-0.002225209027528763,0.0009651295840740204,-0.0030362047255039215,-0.002913177013397217,0.004347464658400157,-0.8316067457199097,0.8474476337432861,0.6010708808898926,-0.5657607316970825,1.4458164904950594,-0.002332683652639389,0.0008422881364822388,-0.003210734575986862,-0.0030452385544776917,0.004603740884782516,-0.9258565902709961,0.7441890835762024,0.4594307243824005,-0.6945514678955078,1.4354411265545488,0.01840708591043949,-0.02040296606719494,0.018443046137690544,-0.020323581993579865,0.01837162673473358,-0.020391233265399933,-0.002222508192062378,0.0009738840162754059,-0.0030203722417354584,-0.002907402813434601,0.004329798556345619,-0.8472380638122559,0.8410224318504333,0.5870591402053833,-0.5837641358375549,1.4527731136731126,56.726353806000006,True,-0.00011082738637924194,-0.00013355165719985962,-0.0001909211277961731,-0.00013755634427070618,0.00029024741975685974,-0.07866508513689041,-0.09683146327733994,-0.1276172697544098,-0.11082831025123596,0.20935969717430977,ROA_0928_final_no_velocity_scale0125,2836,2026-09-28_17-06-19
-0.0024257227778434753,0.0010193325579166412,-0.0031000934541225433,-0.0032044947147369385,0.004599020581934295,-0.8939895629882812,0.9085889458656311,0.6140972971916199,-0.5860151648521423,1.5312692178190144,-0.002531055361032486,0.0008960254490375519,-0.0032735057175159454,-0.0033396296203136444,0.004855952751553936,-0.9848363399505615,0.8071828484535217,0.4724124073982239,-0.7153814435005188,1.520260249710652,0.0184403695166111,-0.02071073278784752,0.01848354935646057,-0.02067461609840393,0.0184403695166111,-0.02071073278784752,-0.0024259090423583984,0.0010303221642971039,-0.0030823983252048492,-0.003199838101863861,0.00458095951261213,-0.9097782373428345,0.9029470086097717,0.5998750925064087,-0.6040492653846741,1.5387361874684398,56.746354144,True,-0.00010486692190170288,-0.00013532117009162903,-0.00019213184714317322,-0.00014156103134155273,0.0002911971068283048,-0.07514283061027527,-0.09573715925216675,-0.12747757136821747,-0.11138896644115448,0.20767573227075756,ROA_0928_final_no_velocity_scale0125,2837,2026-09-28_17-06-19
-0.0025657936930656433,0.001048203557729721,-0.0031280331313610077,-0.003359280526638031,0.004737507802989693,-0.9563937187194824,0.9681451320648193,0.6148088574409485,-0.5923062562942505,1.6063904713460697,-0.002670660614967346,0.0009266659617424011,-0.0033056363463401794,-0.003493949770927429,0.004997510340942641,-1.0440349578857422,0.8685364723205566,0.473275750875473,-0.7217563390731812,1.5947305813942139,0.018547888845205307,-0.02094026654958725,0.018610628321766853,-0.020895294845104218,0.01858607493340969,-0.020908914506435394,-0.002565234899520874,0.001059751957654953,-0.0031101517379283905,-0.003353506326675415,0.004718421171589652,-0.9722253084182739,0.9631457924842834,0.6004636883735657,-0.610554575920105,1.6143469314769665,56.766355635000004,True,-0.00010384246706962585,-0.00013522803783416748,-0.0001953914761543274,-0.00014118850231170654,0.00029251552908736905,-0.07188413292169571,-0.09460467100143433,-0.12721772491931915,-0.11126230657100677,0.20565900564040324,ROA_0928_final_no_velocity_scale0125,2838,2026-09-28_17-06-19
-0.0025861896574497223,0.0010756775736808777,-0.0030511990189552307,-0.0031859613955020905,0.004580126139876062,-0.9688408374786377,0.9833359718322754,0.6192373037338257,-0.5924291610717773,1.6246743113152695,-0.0026932917535305023,0.0009503215551376343,-0.0032341107726097107,-0.0033258460462093353,0.004850247169718959,-1.0584713220596313,0.8816830515861511,0.4744352400302887,-0.7250029444694519,1.6129481939523804,0.01838473044335842,-0.021441005170345306,0.018397970125079155,-0.02143690176308155,0.01838473044335842,-0.021441005170345306,-0.0025882385671138763,0.001091044396162033,-0.003033597022294998,-0.003180280327796936,0.004561103116570294,-0.9849620461463928,0.9781997203826904,0.6046108603477478,-0.6110733151435852,1.632773352948245,56.786356037000004,True,-0.00010654330253601074,-0.0001389533281326294,-0.0001998618245124817,-0.0001451931893825531,0.00030000634985842095,-0.07356889545917511,-0.09650084376335144,-0.13018864393234253,-0.11402181535959244,0.21043109437676966,ROA_0928_final_no_velocity_scale0125,2839,2026-09-28_17-06-19
-0.00263899564743042,0.0011278316378593445,-0.003012828528881073,-0.003245566040277481,0.004587771021735398,-0.9972713589668274,1.0112719535827637,0.6228480339050293,-0.5962001085281372,1.6613741395134591,-0.002745632082223892,0.0010007992386817932,-0.0031978823244571686,-0.0033834949135780334,0.004858572624657759,-1.087868571281433,0.9079993963241577,0.4788534343242645,-0.727934718132019,1.6493126892219636,0.018549079075455666,-0.02203446999192238,0.018559640273451805,-0.022030983120203018,0.018549079075455666,-0.02203446999192238,-0.002637505531311035,0.0011417083442211151,-0.00299699604511261,-0.0032391399145126343,0.004569077495237407,-1.0137594938278198,1.0062111616134644,0.6084432601928711,-0.614767849445343,1.66981091512653,56.80636165600001,True,-0.00010924413800239563,-0.0001409091055393219,-0.00020023435354232788,-0.00014370307326316833,0.0003013452165403305,-0.07416773587465286,-0.09818840026855469,-0.12961867451667786,-0.11321808397769928,0.2105666297985259,ROA_0928_final_no_velocity_scale0125,2840,2026-09-28_17-06-19
-0.002662651240825653,0.0012132339179515839,-0.0029501505196094513,-0.003441236913204193,0.004646012422509429,-1.0175033807754517,1.0285292863845825,0.6444770693778992,-0.6190705895423889,1.7004143776594232,-0.0027710571885108948,0.001084059476852417,-0.003128591924905777,-0.0035750679671764374,0.004907004476801465,-1.1086305379867554,0.924288272857666,0.5048913359642029,-0.7462939023971558,1.6880708489103442,0.018315821886062622,-0.02273211069405079,0.018284780904650688,-0.022763162851333618,0.018279824405908585,-0.022764628753066063,-0.002661440521478653,0.0012263655662536621,-0.0029346905648708344,-0.0034348107874393463,0.004628096749050217,-1.0341880321502686,1.0234647989273071,0.6307539939880371,-0.637261152267456,1.7090684960695723,56.826361771,True,-0.00010672956705093384,-0.00014379620552062988,-0.00019390136003494263,-0.00013904646039009094,0.00029503587504873846,-0.07449742406606674,-0.09915418177843094,-0.12588687241077423,-0.10907276719808578,0.2065940583147885,ROA_0928_final_no_velocity_scale0125,2841,2026-09-28_17-06-19
-0.0026407651603221893,0.0012143515050411224,-0.00294344499707222,-0.003470946103334427,0.00465498477981972,-1.0116853713989258,1.0240356922149658,0.6586108207702637,-0.6339158415794373,1.705108987931356,-0.002748332917690277,0.0010818243026733398,-0.0031194649636745453,-0.00360291451215744,0.004912326337347203,-1.1030536890029907,0.9194723963737488,0.5197795033454895,-0.7603289484977722,1.6926313233672439,0.01802261359989643,-0.0227799229323864,0.01830926351249218,-0.02314123325049877,0.01830282248556614,-0.02314172126352787,-0.0026407651603221893,0.0012291595339775085,-0.002924911677837372,-0.003466568887233734,0.004636166555184619,-1.0285283327102661,1.0189357995986938,0.6450591087341309,-0.6520701050758362,1.7138658791428218,56.846364637,True,-0.00010896474123001099,-0.00014565885066986084,-0.0001930631697177887,-0.00013792887330055237,0.00029568072051738836,-0.07460266351699829,-0.09945313632488251,-0.1252945512533188,-0.10832957178354263,0.20600632560749862,ROA_0928_final_no_velocity_scale0125,2842,2026-09-28_17-06-19
-0.0026961788535118103,0.0012223608791828156,-0.0029503367841243744,-0.003521796315908432,0.004701691233801021,-1.0311779975891113,1.0417736768722534,0.6619868278503418,-0.639906108379364,1.7309046102849455,-0.002800673246383667,0.0010911375284194946,-0.003131851553916931,-0.00365404412150383,0.004962694052654072,-1.1209323406219482,0.9384899735450745,0.5224579572677612,-0.7667904496192932,1.7181408853924889,0.01818106696009636,-0.02289148047566414,0.018367087468504906,-0.023358454927802086,0.018356159329414368,-0.023361079394817352,-0.002695620059967041,0.0012371689081192017,-0.002935342490673065,-0.00351686030626297,0.004684979961316124,-1.0478607416152954,1.0370815992355347,0.6484593749046326,-0.658206582069397,1.7398816266777721,56.866364432000005,True,-0.00010458752512931824,-0.00014351680874824524,-0.0001969747245311737,-0.00013811513781547546,0.0002953292689438414,-0.07312744855880737,-0.0985804870724678,-0.1260293573141098,-0.10862945765256882,0.20560807738820325,ROA_0928_final_no_velocity_scale0125,2843,2026-09-28_17-06-19
-0.0027885660529136658,0.0012609176337718964,-0.0029467977583408356,-0.0035764649510383606,0.004745505763236475,-1.0698353052139282,1.0789027214050293,0.6728004217147827,-0.6519611477851868,1.7849479936945092,-0.002891290932893753,0.0011293217539787292,-0.003129243850708008,-0.003709271550178528,0.005007924758403189,-1.1592581272125244,0.9755985140800476,0.5310671329498291,-0.7806177735328674,1.7718363893245628,0.01841907575726509,-0.023289483040571213,0.01865575462579727,-0.02373155578970909,0.018634766340255737,-0.023740720003843307,-0.0027875415980815887,0.0012763775885105133,-0.0029307790100574493,-0.0035703182220458984,0.004727027932250242,-1.0866279602050781,1.0745022296905518,0.6592031121253967,-0.6706025004386902,1.7942805823421855,56.886369218000006,True,-0.00010300427675247192,-0.00014593824744224548,-0.00020060688257217407,-0.00013951212167739868,0.0002985323275519999,-0.07266737520694733,-0.09889434278011322,-0.12815557420253754,-0.11007766425609589,0.20759207034032387,ROA_0928_final_no_velocity_scale0125,2844,2026-09-28_17-06-19
-0.0028211623430252075,0.0013092532753944397,-0.002931896597146988,-0.0036895275115966797,0.004805307918573494,-1.0892263650894165,1.0967496633529663,0.6787031292915344,-0.6599342226982117,1.812519327071429,-0.0029221177101135254,0.001173466444015503,-0.0031123869121074677,-0.0038209371268749237,0.005063474073274208,-1.1784545183181763,0.9931893348693848,0.5379756689071655,-0.7873438000679016,1.799071705274606,0.018811160698533058,-0.023774461820721626,0.019105274230241776,-0.024234451353549957,0.01907719485461712,-0.024250008165836334,-0.0028194859623908997,0.0013232231140136719,-0.0029151327908039093,-0.0036831945180892944,0.004786557646350464,-1.1061736345291138,1.0924394130706787,0.6652958393096924,-0.6785764694213867,1.8220750646553778,56.906367934,True,-0.00010300427675247192,-0.0001473352313041687,-0.00019622966647148132,-0.00013597309589385986,0.0002945355471040601,-0.07236655801534653,-0.09926314651966095,-0.12733601033687592,-0.10881572216749191,0.20642806966829477,ROA_0928_final_no_velocity_scale0125,2845,2026-09-28_17-06-19
-0.0030003488063812256,0.00132070854306221,-0.0029061920940876007,-0.0038570724427700043,0.004928818331480171,-1.163784384727478,1.1656954288482666,0.686994731426239,-0.6705177426338196,1.9064837366556935,-0.003101211041212082,0.0011844560503959656,-0.003083515912294388,-0.003988947719335556,0.005185965202930755,-1.2527414560317993,1.0614376068115234,0.5462048053741455,-0.7977932095527649,1.8925252588189845,0.018653368577361107,-0.024459894746541977,0.019031193107366562,-0.02486717887222767,0.01899651810526848,-0.024889079853892326,-0.0029993243515491486,0.0013363547623157501,-0.002890639007091522,-0.0038518570363521576,0.004911484366313069,-1.1811330318450928,1.1618108749389648,0.6736907958984375,-0.6891171932220459,1.9166000887115011,56.926366994000006,True,-0.00010095536708831787,-0.00015310943126678467,-0.00019548460841178894,-0.00013587996363639832,0.0002954677854024885,-0.07168389856815338,-0.10036676377058029,-0.12752413749694824,-0.10873283445835114,0.20666603438163506,ROA_0928_final_no_velocity_scale0125,2846,2026-09-28_17-06-19
-0.0030360184609889984,0.0013378448784351349,-0.0028759241104125977,-0.003885757178068161,0.00493035237214066,-1.187182903289795,1.1873421669006348,0.6886878609657288,-0.6729140281677246,1.9355087747514366,-0.0031371600925922394,0.0012025237083435059,-0.003057345747947693,-0.004017725586891174,0.005190114281834905,-1.2754145860671997,1.0833953619003296,0.5480488538742065,-0.8000302910804749,1.9213358277544414,0.018741292878985405,-0.024859005585312843,0.018956804648041725,-0.025310760363936424,0.01891695335507393,-0.025338374078273773,-0.0030362047255039215,0.0013551674783229828,-0.0028584152460098267,-0.003879796713590622,0.00491112694029966,-1.2045557498931885,1.1836373805999756,0.6754286289215088,-0.6915907859802246,1.9458045950247982,56.946367846,True,-0.00010263174772262573,-0.00015245750546455383,-0.0001969747245311737,-0.00013737007975578308,0.0002976251563580426,-0.07092021405696869,-0.10025407373905182,-0.12742727994918823,-0.10852887481451035,0.20613068015430447,ROA_0928_final_no_velocity_scale0125,2847,2026-09-28_17-06-19
-0.002948939800262451,0.0012792646884918213,-0.0028706155717372894,-0.0036818906664848328,0.004787199070780527,-1.1588008403778076,1.163356900215149,0.6718467473983765,-0.6543769836425781,1.8909399936419624,-0.0030499882996082306,0.0011431053280830383,-0.003048218786716461,-0.003816559910774231,0.005049111611306673,-1.2476332187652588,1.059137225151062,0.5292109847068787,-0.7835524082183838,1.8769661879795203,0.01873183622956276,-0.024690860882401466,0.019254250451922417,-0.025613445788621902,0.019214974716305733,-0.025639817118644714,-0.0029474496841430664,0.0012949109077453613,-0.0028531067073345184,-0.003676116466522217,0.004767687429610009,-1.1760610342025757,1.1595356464385986,0.6583863496780396,-0.6731701493263245,1.9010660228003364,56.966372411,True,-0.00010104849934577942,-0.00015236437320709229,-0.00019883736968040466,-0.0001424923539161682,0.0003007869219035362,-0.0715823844075203,-0.10036396980285645,-0.12925732135772705,-0.11045671254396439,0.20860326420683,ROA_0928_final_no_velocity_scale0125,2848,2026-09-28_17-06-19
-0.002987124025821686,0.0012804754078388214,-0.0028454698622226715,-0.0037695281207561493,0.004833239262421539,-1.1783074140548706,1.1821751594543457,0.6760339736938477,-0.6607463359832764,1.9181862459715306,-0.003087986260652542,0.0011449679732322693,-0.0030295923352241516,-0.0039031729102134705,0.0050980269037836125,-1.2663183212280273,1.0784127712249756,0.5343304872512817,-0.788765013217926,1.9039244758441474,0.019220763817429543,-0.024861326441168785,0.019709588959813118,-0.02583923377096653,0.01967434026300907,-0.0258649755269289,-0.002987310290336609,0.0012972392141819,-0.0028289854526519775,-0.0037639401853084564,0.004814860584906825,-1.1955918073654175,1.178484320640564,0.6627793908119202,-0.6794826984405518,1.9284643485066768,56.986375535,True,-0.0001017935574054718,-0.00015283003449440002,-0.0002012588083744049,-0.00013867393136024475,0.0003006499847750593,-0.07080193608999252,-0.10006408393383026,-0.12846197187900543,-0.10934191942214966,0.20706075939709398,ROA_0928_final_no_velocity_scale0125,2849,2026-09-28_17-06-19
-0.0031198374927043915,0.0012142583727836609,-0.002839788794517517,-0.003840029239654541,0.004916215894169772,-1.224300742149353,1.2248446941375732,0.6634294390678406,-0.6520254015922546,1.9658025056120636,-0.0032195821404457092,0.0010765157639980316,-0.0030172057449817657,-0.003973022103309631,0.00517890503653352,-1.310658574104309,1.12210214138031,0.5226749777793884,-0.7791677117347717,1.951306218196267,0.01936989463865757,-0.024862593039870262,0.01994742825627327,-0.025760140269994736,0.01991809532046318,-0.02578338421881199,-0.003120582550764084,0.0012285076081752777,-0.0028194859623908997,-0.003835465759038925,0.00489618462839988,-1.2416383028030396,1.2215720415115356,0.6502456665039062,-0.6706071496009827,1.9763757691460155,57.006372099000004,True,-9.797513484954834e-05,-0.00015059486031532288,-0.00019725412130355835,-0.00014314427971839905,0.00029818092784940207,-0.06909854710102081,-0.09943823516368866,-0.12758933007717133,-0.10864715278148651,0.20520384819538204,ROA_0928_final_no_velocity_scale0125,2850,2026-09-28_17-06-19
-0.0032089650630950928,0.0011762604117393494,-0.0028215348720550537,-0.0038965605199337006,0.004968071042454254,-1.255103349685669,1.2533003091812134,0.6522927284240723,-0.6443820595741272,1.9966824759982968,-0.003307592123746872,0.0010396353900432587,-0.0029999762773513794,-0.004028435796499252,0.005231691166684265,-1.3398983478546143,1.151646375656128,0.512492835521698,-0.7707634568214417,1.9820423488537107,0.019934263080358505,-0.0248696431517601,0.02046099863946438,-0.02583678998053074,0.02044079452753067,-0.02585452049970627,-0.0032108277082443237,0.0011904165148735046,-0.0028030015528202057,-0.0038895756006240845,0.004947982117632714,-1.2723253965377808,1.2502827644348145,0.6392411589622498,-0.6628659963607788,2.0073753470325237,57.02637570300001,True,-9.797513484954834e-05,-0.00015189871191978455,-0.0001971609890460968,-0.00013951212167739868,0.0002966422051773663,-0.06767548620700836,-0.09863170981407166,-0.12672598659992218,-0.10792724043130875,0.203380054350014,ROA_0928_final_no_velocity_scale0125,2851,2026-09-28_17-06-19
-0.0032284297049045563,0.001110229641199112,-0.0027842819690704346,-0.003725104033946991,0.004858024616631995,-1.261054515838623,1.2594916820526123,0.6254138350486755,-0.6181392669677734,1.9874102242873426,-0.003322586417198181,0.0009796582162380219,-0.0029644928872585297,-0.003858376294374466,0.005124357367533297,-1.3449293375015259,1.158869743347168,0.48551705479621887,-0.7449807524681091,1.9730599453531374,0.020218631252646446,-0.02488074079155922,0.020716672763228416,-0.025857428088784218,0.020704198628664017,-0.02587050572037697,-0.003229081630706787,0.0011290423572063446,-0.002766307443380356,-0.0037170015275478363,0.004836101493110068,-1.2780362367630005,1.2566139698028564,0.6122691035270691,-0.6365841031074524,1.9980187368945566,57.046375436000005,True,-9.546056389808655e-05,-0.0001512467861175537,-0.00019613653421401978,-0.00013979151844978333,0.00029484857117960584,-0.06694626063108444,-0.09772460162639618,-0.12677907943725586,-0.10845809429883957,0.20305185099727774,ROA_0928_final_no_velocity_scale0125,2852,2026-09-28_17-06-19
-0.003313180059194565,0.001043267548084259,-0.0027715228497982025,-0.0036866404116153717,0.004869989041105005,-1.289497971534729,1.2836148738861084,0.5941632986068726,-0.5899434685707092,2.002881559310069,-0.0034091994166374207,0.0009110197424888611,-0.0029496848583221436,-0.003823358565568924,0.0051393899773170704,-1.3718986511230469,1.1840620040893555,0.45467817783355713,-0.7166303396224976,1.9885604644672028,0.02058263309299946,-0.025012126192450523,0.021018028259277344,-0.026055369526147842,0.02101133204996586,-0.026066025719046593,-0.0033130869269371033,0.0010612420737743378,-0.00275392085313797,-0.003681052476167679,0.004849617700990649,-1.3063679933547974,1.2810770273208618,0.5810465216636658,-0.6082504987716675,2.0136328047315626,57.06637318400001,True,-9.546056389808655e-05,-0.00015115365386009216,-0.00019622966647148132,-0.0001409091055393219,0.00029548653140298186,-0.06566941738128662,-0.09700468927621841,-0.12639537453651428,-0.10845530033111572,0.20202405509633875,ROA_0928_final_no_velocity_scale0125,2853,2026-09-28_17-06-19
-0.0035892240703105927,0.0010470859706401825,-0.0027488917112350464,-0.003963150084018707,0.00509754089653208,-1.3847405910491943,1.3679879903793335,0.5953041315078735,-0.5970466732978821,2.1212532362357086,-0.0036815181374549866,0.0009156763553619385,-0.0029253773391246796,-0.004095863550901413,0.0053630737812946664,-1.464712381362915,1.2697008848190308,0.4573073089122772,-0.7222294211387634,2.106404803825309,0.021104374900460243,-0.025751197710633278,0.02127687633037567,-0.02626614272594452,0.021283600479364395,-0.026274416595697403,-0.0035898759961128235,0.0010674819350242615,-0.00273166224360466,-0.00395849347114563,0.005077520679365043,-1.4017354249954224,1.3660303354263306,0.5824062824249268,-0.6151776313781738,2.13250145246831,57.08637506,True,-9.052455425262451e-05,-0.00015152618288993835,-0.0001953914761543274,-0.000141095370054245,0.0002931606129784948,-0.06310082972049713,-0.0963481068611145,-0.12514367699623108,-0.10710674524307251,0.1992236054517268,ROA_0928_final_no_velocity_scale0125,2854,2026-09-28_17-06-19
-0.0036265701055526733,0.0010893680155277252,-0.0026922672986984253,-0.004153884947299957,0.005169101470830744,-1.377794861793518,1.3612656593322754,0.6102267503738403,-0.6145489811897278,2.121639188205586,-0.0037206336855888367,0.0009559094905853271,-0.0028670765459537506,-0.004286039620637894,0.0054327964574400495,-1.4595062732696533,1.2610293626785278,0.473129540681839,-0.7383217811584473,2.1064644973142257,0.021302564069628716,-0.02599329873919487,0.021572571247816086,-0.026538629084825516,0.021590452641248703,-0.026541201397776604,-0.0036281533539295197,0.0011066906154155731,-0.002672523260116577,-0.00414680689573288,0.005147144473051849,-1.3950811624526978,1.3589690923690796,0.5976380705833435,-0.6325467824935913,2.132896933577541,57.106383081000004,True,-9.350478649139404e-05,-0.00015255063772201538,-0.00019399449229240417,-0.00013737007975578308,0.0002919377153869748,-0.06453972309827805,-0.09792017936706543,-0.12452434003353119,-0.10584200918674469,0.19934634557079345,ROA_0928_final_no_velocity_scale0125,2855,2026-09-28_17-06-19
-0.0034083612263202667,0.0011560507118701935,-0.0026788562536239624,-0.003974325954914093,0.0049719337237852735,-1.283036470413208,1.2776422500610352,0.61578768491745,-0.6183385848999023,2.0099946810169844,-0.003506802022457123,0.001023896038532257,-0.0028558075428009033,-0.0041116029024124146,0.00523928194118535,-1.3666757345199585,1.176658034324646,0.4772757887840271,-0.7434151768684387,1.9952227361829402,0.021055830642580986,-0.025335557758808136,0.021515773609280586,-0.026345087215304375,0.02153788134455681,-0.02634183131158352,-0.003409944474697113,0.0011731870472431183,-0.002660974860191345,-0.003967713564634323,0.004951694218207765,-1.3000386953353882,1.2748026847839355,0.6030462384223938,-0.6363903880119324,2.0206533344700097,57.12638041300001,True,-9.806826710700989e-05,-0.00014975666999816895,-0.00019576400518417358,-0.00014444813132286072,0.00029773070657584396,-0.06674323230981827,-0.09813997149467468,-0.12578442692756653,-0.1070517972111702,0.2017516752086002,ROA_0928_final_no_velocity_scale0125,2856,2026-09-28_17-06-19
-0.0033097341656684875,0.0012335367500782013,-0.0026404857635498047,-0.003878772258758545,0.004841805995319445,-1.2319413423538208,1.2343329191207886,0.6251046061515808,-0.6259167194366455,1.9554499918371027,-0.0034119002521038055,0.0010989606380462646,-0.0028209760785102844,-0.004019588232040405,0.005114027145649023,-1.316725254058838,1.1328011751174927,0.48441436886787415,-0.7528541088104248,1.940734443363384,0.021376822143793106,-0.025130808353424072,0.02186366729438305,-0.02616438828408718,0.021884609013795853,-0.026159092783927917,-0.003311503678560257,0.0012490898370742798,-0.0026229768991470337,-0.003872159868478775,0.004822317715101398,-1.2487647533416748,1.2311041355133057,0.6121443510055542,-0.6441836953163147,1.9657201595696152,57.146400786,True,-9.918585419654846e-05,-0.00015152618288993835,-0.0001971609890460968,-0.00014649704098701477,0.00030088371415739696,-0.06808433681726456,-0.09831599146127701,-0.12776906788349152,-0.10869930684566498,0.2044622953659563,ROA_0928_final_no_velocity_scale0125,2857,2026-09-28_17-06-19
-0.003203749656677246,0.0013039447367191315,-0.0026501715183258057,-0.00388147309422493,0.004810548649845581,-1.2031439542770386,1.2080100774765015,0.6265900731086731,-0.6269840002059937,1.9216050536996083,-0.00330507755279541,0.0011718831956386566,-0.002829916775226593,-0.004024803638458252,0.005079324079914305,-1.2879184484481812,1.1064586639404297,0.48478782176971436,-0.7544569373130798,1.9065903337833423,0.021595457568764687,-0.025322280824184418,0.022097395732998848,-0.026233332231640816,0.022117234766483307,-0.02622772753238678,-0.0032046809792518616,0.0013211742043495178,-0.002632196992635727,-0.003877561539411545,0.004792277448701401,-1.2198090553283691,1.2046759128570557,0.6134518980979919,-0.6453757882118225,1.9316801162905055,57.166385542,True,-0.00010086223483085632,-0.00015115365386009216,-0.00019827857613563538,-0.00015115365386009216,0.00030470837695206564,-0.06818119436502457,-0.09820516407489777,-0.1286948025226593,-0.10915286093950272,0.20525275547148472,ROA_0928_final_no_velocity_scale0125,2858,2026-09-28_17-06-19
-0.003166869282722473,0.0013780780136585236,-0.002627447247505188,-0.003980658948421478,0.004842203569107416,-1.1991010904312134,1.2041255235671997,0.634486734867096,-0.6335470676422119,1.9213828255760825,-0.0032701529562473297,0.0012425705790519714,-0.002806447446346283,-0.004124920815229416,0.005106611419011197,-1.2840665578842163,1.102344036102295,0.4928484261035919,-0.7606167197227478,1.9062360742320876,0.022111287340521812,-0.026009859517216682,0.022393865510821342,-0.026491409167647362,0.022406529635190964,-0.026492681354284286,-0.003169756382703781,0.00139651820063591,-0.00260891392827034,-0.003974512219429016,0.0048228306691483515,-1.2157503366470337,1.2007112503051758,0.6214240193367004,-0.6518102884292603,1.9313742442166117,57.186385562000005,True,-0.00010058283805847168,-0.00015106052160263062,-0.00019827857613563538,-0.00015022233128547668,0.00030402974346052734,-0.06840657442808151,-0.09834858775138855,-0.12860353291034698,-0.10886973887681961,0.20518525002746482,ROA_0928_final_no_velocity_scale0125,2859,2026-09-28_17-06-19
-0.002956576645374298,0.0014307908713817596,-0.0026329420506954193,-0.004001054912805557,0.004824984143689341,-1.1388994455337524,1.148377537727356,0.6410581469535828,-0.6373738646507263,1.852844616308298,-0.003059208393096924,0.0012967735528945923,-0.0028085894882678986,-0.004141964018344879,0.0050743794216756314,-1.2239291667938232,1.0472387075424194,0.5023004412651062,-0.7617296576499939,1.838040266023758,0.022714264690876007,-0.026396967470645905,0.022937200963497162,-0.026778606697916985,0.02294197306036949,-0.02678522653877735,-0.0029607675969600677,0.001446995884180069,-0.0026145949959754944,-0.003994256258010864,0.004806706070736393,-1.1551835536956787,1.1447080373764038,0.6283623576164246,-0.655214250087738,1.8624024476220236,57.206385774000005,True,-0.00010011717677116394,-0.00014780089259147644,-0.0001948326826095581,-0.00014686957001686096,0.000298616687146915,-0.06882287561893463,-0.09747407585382462,-0.12606847286224365,-0.10654608905315399,0.2021940034496829,ROA_0928_final_no_velocity_scale0125,2860,2026-09-28_17-06-19
-0.0027924776077270508,0.0014075078070163727,-0.00268714502453804,-0.003985501825809479,0.004834147476030236,-1.055512547492981,1.07082998752594,0.6378991007804871,-0.6314254999160767,1.7510874093000852,-0.0028952956199645996,0.0012733042240142822,-0.0028617680072784424,-0.004127435386180878,0.005080008753666838,-1.1418657302856445,0.9692776203155518,0.4997960925102234,-0.7551228404045105,1.7366739804833309,0.023583924397826195,-0.02625228278338909,0.02388245239853859,-0.026672745123505592,0.023878201842308044,-0.02668381668627262,-0.0027943402528762817,0.0014241784811019897,-0.0026687048375606537,-0.0039800070226192474,0.004816836541226925,-1.0715731382369995,1.0667554140090942,0.6252750754356384,-0.6489772200584412,1.7601465608664755,57.22638576200001,True,-0.00010235235095024109,-0.00015050172805786133,-0.0001912936568260193,-0.00014798715710639954,0.00029923478904855214,-0.07037725299596786,-0.09746569395065308,-0.12548919022083282,-0.1061977744102478,0.20229950310652664,ROA_0928_final_no_velocity_scale0125,2861,2026-09-28_17-06-19
-0.0026605091989040375,0.001396331936120987,-0.002740975469350815,-0.003958586603403091,0.0048373632654950885,-1.0098627805709839,1.028340220451355,0.6434488892555237,-0.6339605450630188,1.7009055059248357,-0.002765282988548279,0.0012624077498912811,-0.002912338823080063,-0.004101824015378952,0.0050799353411213576,-1.096076250076294,0.9276847839355469,0.5069496035575867,-0.756259024143219,1.6869238431760398,0.024182302877306938,-0.02615462988615036,0.024441834539175034,-0.02653222531080246,0.02442697063088417,-0.02655155397951603,-0.002662092447280884,0.0014105811715126038,-0.002724677324295044,-0.003952626138925552,0.004821389799641879,-1.025711178779602,1.0241138935089111,0.6309207081794739,-0.6513576507568359,1.7096945010862556,57.246400056000006,True,-0.0001016072928905487,-0.00014835968613624573,-0.00018849968910217285,-0.00014668330550193787,0.0002956880792583516,-0.07042847573757172,-0.09642354398965836,-0.12396647781133652,-0.10494793951511383,0.20030153556141198,ROA_0928_final_no_velocity_scale0125,2862,2026-09-28_17-06-19
-0.0025900080800056458,0.0013303011655807495,-0.002861209213733673,-0.0038366764783859253,0.004823523215109262,-0.9900191426277161,1.00801420211792,0.6286333799362183,-0.6177061796188354,1.6651710891440334,-0.0026931054890155792,0.0011978670954704285,-0.0030319206416606903,-0.00397777184844017,0.005069032667708026,-1.0761878490447998,0.908152163028717,0.491711288690567,-0.7405299544334412,1.6516897359413476,0.024980900809168816,-0.025876285508275032,0.025232309475541115,-0.026186486706137657,0.0252058245241642,-0.02621585875749588,-0.002592802047729492,0.0013464130461215973,-0.002844352275133133,-0.0038316473364830017,0.004807159365272992,-1.0056886672973633,1.003638744354248,0.615973949432373,-0.6350948810577393,1.6737144116071052,57.266388491,True,-0.00010104849934577942,-0.00014808028936386108,-0.0001891516149044037,-0.00014565885066986084,0.000295136221470054,-0.07056631147861481,-0.09549315273761749,-0.12425705045461655,-0.10546761751174927,0.2004364783210245,ROA_0928_final_no_velocity_scale0125,2863,2026-09-28_17-06-19
-0.002431124448776245,0.0012843869626522064,-0.0029289163649082184,-0.003700610250234604,0.004758640044766919,-0.9589828252792358,0.9764888882637024,0.6213234663009644,-0.6075556874275208,1.6211492035323187,-0.002531707286834717,0.0011538155376911163,-0.0030992552638053894,-0.003839842975139618,0.005002488022118895,-1.04399573802948,0.8784895539283752,0.48563069105148315,-0.7294704914093018,1.6081845088324378,0.02536616660654545,-0.025498371571302414,0.02562473900616169,-0.025794142857193947,0.025589613243937492,-0.025828277692198753,-0.002431962639093399,0.0012965872883796692,-0.0029101036489009857,-0.0036942772567272186,0.004740059262189936,-0.9742490649223328,0.9720231890678406,0.6087189316749573,-0.6248345375061035,1.6293672659073941,57.286390239000006,True,-0.0001017935574054718,-0.00014156103134155273,-0.00018710270524024963,-0.00014817342162132263,0.0002930009170425107,-0.06982311606407166,-0.09351129829883575,-0.12308917194604874,-0.10468996316194534,0.19819535715677639,ROA_0928_final_no_velocity_scale0125,2864,2026-09-28_17-06-19
-0.0023698434233665466,0.0012713484466075897,-0.003054458647966385,-0.003702007234096527,0.004840494151232687,-0.9626187086105347,0.9778206944465637,0.6443485021591187,-0.6294613480567932,1.64132830548531,-0.0024674460291862488,0.0011416152119636536,-0.003223121166229248,-0.00383816659450531,0.005080586748714873,-1.0459785461425781,0.882056474685669,0.5086566805839539,-0.7516769170761108,1.62876917816845,0.025561708956956863,-0.024991070851683617,0.02555098757147789,-0.024941829964518547,0.02551661618053913,-0.02497563697397709,-0.002369936555624008,0.0012818723917007446,-0.003037508577108383,-0.0036935321986675262,0.004821657962158115,-0.9775906205177307,0.9733484387397766,0.6317114233970642,-0.6468947529792786,1.6493968238695083,57.30639234,True,-9.667128324508667e-05,-0.00014239922165870667,-0.00018868595361709595,-0.00014444813132286072,0.0002900182829664579,-0.06845220923423767,-0.0912696048617363,-0.12304539978504181,-0.1048436313867569,0.19678386467227874,ROA_0928_final_no_velocity_scale0125,2865,2026-09-28_17-06-19
-0.002202484756708145,0.0012937933206558228,-0.0031213276088237762,-0.003721378743648529,0.004882260889026767,-0.9443200826644897,0.9593497514724731,0.6768786907196045,-0.6588454842567444,1.6444028846437768,-0.002297013998031616,0.0011684373021125793,-0.003290269523859024,-0.003853999078273773,0.0051144206951297955,-1.0273017883300781,0.8642933964729309,0.5436623096466064,-0.7785195112228394,1.631915747691939,0.025644171983003616,-0.024641891941428185,0.025541827082633972,-0.024562329053878784,0.02550896629691124,-0.024595031514763832,-0.0022015534341335297,0.0013055279850959778,-0.0031038187444210052,-0.0037153251469135284,0.004864876457812539,-0.9590694308280945,0.9547471404075623,0.6645833849906921,-0.676129937171936,1.6523037852504066,57.32639204,True,-9.695068001747131e-05,-0.000138208270072937,-0.00018561258912086487,-0.000141095370054245,0.0002847680993672274,-0.06828177720308304,-0.09045097231864929,-0.12094806134700775,-0.10242684930562973,0.19377510496398787,ROA_0928_final_no_velocity_scale0125,2866,2026-09-28_17-06-19
-0.0021803192794322968,0.0011233612895011902,-0.003263726830482483,-0.0035888515412807465,0.00490500006071688,-0.9374832510948181,0.947273313999176,0.6572697162628174,-0.6375182271003723,1.616909525888472,-0.0022769905626773834,0.0009987503290176392,-0.0034356489777565002,-0.0037229619920253754,0.00514719471946854,-1.0199490785598755,0.8531733751296997,0.5229142904281616,-0.7592178583145142,1.6050651194981889,0.025056272745132446,-0.023978224024176598,0.025045296177268028,-0.023976609110832214,0.02501642145216465,-0.0240048598498106,-0.002178177237510681,0.001134723424911499,-0.0032459385693073273,-0.0035816803574562073,0.0048858046842741,-0.9521403908729553,0.9425402879714966,0.6445562243461609,-0.6548436284065247,1.6245398205149881,57.346393468,True,-9.73232090473175e-05,-0.00013597309589385986,-0.0001887790858745575,-0.0001434236764907837,0.0002872390639030267,-0.06783660501241684,-0.08937622606754303,-0.12163351476192474,-0.10441708564758301,0.19470253255925027,ROA_0928_final_no_velocity_scale0125,2867,2026-09-28_17-06-19
-0.00208364799618721,0.0010827556252479553,-0.003303494304418564,-0.0034775584936141968,0.0048523845888088,-0.9111137390136719,0.9208358526229858,0.6640050411224365,-0.6397272944450378,1.5899363521033356,-0.002180226147174835,0.0009610317647457123,-0.003470759838819504,-0.0036104582250118256,0.005090309169762859,-0.9947977662086487,0.8261631727218628,0.5293506979942322,-0.7621645331382751,1.5785941016812346,0.024907704442739487,-0.023706434294581413,0.024846388027071953,-0.023697420954704285,0.024825064465403557,-0.023718712851405144,-0.002081412822008133,0.0010959804058074951,-0.0032842159271240234,-0.0034706667065620422,0.00483194171555565,-0.9257420301437378,0.9156996011734009,0.6510698795318604,-0.6572343111038208,1.597277127971924,57.366396177000006,True,-9.741634130477905e-05,-0.00013504177331924438,-0.00018738210201263428,-0.00013848766684532166,0.00028333495436770183,-0.06909947842359543,-0.08953361958265305,-0.12171640247106552,-0.1049460768699646,0.1956329077644154,ROA_0928_final_no_velocity_scale0125,2868,2026-09-28_17-06-19
-0.002089422196149826,0.0010491348803043365,-0.0033272430300712585,-0.00336403027176857,0.004801390839391695,-0.9470013380050659,0.9563387632369995,0.6602275967597961,-0.6357235312461853,1.628224455029333,-0.0021818093955516815,0.0009286217391490936,-0.0034986063838005066,-0.003499723970890045,0.005045496318582212,-1.0283011198043823,0.8638445138931274,0.5234125852584839,-0.7606483697891235,1.6169471195061897,0.024345722049474716,-0.023768704384565353,0.024360284209251404,-0.023753894492983818,0.024345722049474716,-0.023768704384565353,-0.0020891427993774414,0.0010604038834571838,-0.003309641033411026,-0.003355741500854492,0.0047815195411377975,-0.9615262746810913,0.9516430497169495,0.6469646096229553,-0.6533963084220886,1.6357224948758413,57.386398789000005,True,-9.462237358093262e-05,-0.0001339241862297058,-0.00019203871488571167,-0.00014239922165870667,0.00028674386608982703,-0.06687082350254059,-0.08779297769069672,-0.12355483323335648,-0.1072864904999733,0.19648426860639456,ROA_0928_final_no_velocity_scale0125,2869,2026-09-28_17-06-19
-0.0020740553736686707,0.0009914860129356384,-0.0034168362617492676,-0.0032959505915641785,0.0048317203729177464,-0.9788814187049866,0.9894603490829468,0.6473604440689087,-0.6268899440765381,1.6580241859306597,-0.002162158489227295,0.0008731149137020111,-0.0035904347896575928,-0.0034295953810214996,0.00507657893656732,-1.0580224990844727,0.8987430334091187,0.5085263252258301,-0.7540117502212524,1.6466533191560349,0.02455640770494938,-0.02359515056014061,0.024525560438632965,-0.023573527112603188,0.02451627515256405,-0.023583119735121727,-0.0020721927285194397,0.0010040588676929474,-0.0033986754715442657,-0.0032887794077396393,0.004811546333085538,-0.9932703971862793,0.9851324558258057,0.6337416768074036,-0.6448514461517334,1.6656648627861919,57.406400601,True,-8.959323167800903e-05,-0.00012973323464393616,-0.00019026920199394226,-0.0001430511474609375,0.0002824141394316136,-0.064825639128685,-0.0863838866353035,-0.12520141899585724,-0.10919663310050964,0.19724338197010008,ROA_0928_final_no_velocity_scale0125,2870,2026-09-28_17-06-19
-0.0020971521735191345,0.0010018236935138702,-0.0034405849874019623,-0.003230758011341095,0.0048131639218894585,-1.0255863666534424,1.0377271175384521,0.6588305830955505,-0.6383582353591919,1.7233632447630338,-0.002183392643928528,0.0008843839168548584,-0.0036170706152915955,-0.0033707357943058014,0.005064358086260294,-1.1036227941513062,0.9479568600654602,0.5172556042671204,-0.7682647109031677,1.711949687178857,0.02462111972272396,-0.02419303171336651,0.024296775460243225,-0.023813100531697273,0.02430015616118908,-0.023815523833036423,-0.002094358205795288,0.0010165385901927948,-0.003420282155275345,-0.003223586827516556,0.004790759016072614,-1.0398914813995361,1.0336767435073853,0.6449799537658691,-0.6566568613052368,1.7311765470085585,57.426401294,True,-8.950009942054749e-05,-0.00013029202818870544,-0.00019604340195655823,-0.00014863908290863037,0.0002893501928709881,-0.06378348916769028,-0.08570495247840881,-0.1277383416891098,-0.11165159940719604,0.19957268465549993,ROA_0928_final_no_velocity_scale0125,2871,2026-09-28_17-06-19
-0.0020473264157772064,0.0010493211448192596,-0.003424752503633499,-0.0033282674849033356,0.004846336094435637,-1.0304068326950073,1.0415724515914917,0.6752284169197083,-0.65721195936203,1.7419092450324158,-0.0021335668861865997,0.000934302806854248,-0.0035948120057582855,-0.003460422158241272,0.0050853156838666595,-1.1080354452133179,0.951676607131958,0.5379458665847778,-0.7823761105537415,1.729980337823544,0.02521955408155918,-0.024604950100183487,0.02496064268052578,-0.024181555956602097,0.024974223226308823,-0.0241764597594738,-0.0020468607544898987,0.001063663512468338,-0.0034061260521411896,-0.003320537507534027,0.004825591084307599,-1.0446877479553223,1.0375584363937378,0.6621702909469604,-0.6750421524047852,1.7498410222285745,57.44640573,True,-8.726492524147034e-05,-0.00012926757335662842,-0.00019138678908348083,-0.00013774260878562927,0.00027901403764169993,-0.06342492997646332,-0.08587538450956345,-0.12422817945480347,-0.10736565291881561,0.1948465584711087,ROA_0928_final_no_velocity_scale0125,2872,2026-09-28_17-06-19
-0.0019457191228866577,0.0010796822607517242,-0.003393925726413727,-0.003373902291059494,0.004835052172247514,-0.997272253036499,1.0084490776062012,0.7002297639846802,-0.6815641522407532,1.7222477177706015,-0.002038571983575821,0.0009658746421337128,-0.003560725599527359,-0.003503076732158661,0.005067508869711239,-1.0760183334350586,0.9176228046417236,0.5668960213661194,-0.8025262355804443,1.71025298447155,0.025616778060793877,-0.024420686066150665,0.025377433747053146,-0.024029774591326714,0.02540111169219017,-0.024017853662371635,-0.0019445084035396576,0.001093745231628418,-0.0033752992749214172,-0.0033671967685222626,0.004815216736756825,-1.0115019083023071,1.0040839910507202,0.6879073977470398,-0.6990236639976501,1.730052647173995,57.46640175,True,-9.220093488693237e-05,-0.00012973323464393616,-0.00018719583749771118,-0.00013308599591255188,0.0002760275720913027,-0.06456393748521805,-0.0864379033446312,-0.12100114673376083,-0.10354723036289215,0.19134885871845853,ROA_0928_final_no_velocity_scale0125,2873,2026-09-28_17-06-19
-0.0019863247871398926,0.000954698771238327,-0.003596395254135132,-0.003468245267868042,0.00506641286927614,-1.0661109685897827,1.084617257118225,0.6951503157615662,-0.6811376214027405,1.805528309498785,-0.00206921249628067,0.0008454546332359314,-0.003769807517528534,-0.0035987235605716705,0.0053047537182628005,-1.1408114433288574,0.9980089664459229,0.5567865371704102,-0.807665228843689,1.7939475312690618,0.025701768696308136,-0.024687254801392555,0.0254580806940794,-0.02427149936556816,0.025488760322332382,-0.02425558492541313,-0.0019849278032779694,0.0009688548743724823,-0.0035773031413555145,-0.0034599564969539642,0.005044937686557041,-1.0798991918563843,1.080798864364624,0.6822254061698914,-0.6989594101905823,1.8133371252462274,57.486405003,True,-8.540228009223938e-05,-0.00012042000889778137,-0.00019194558262825012,-0.00013979151844978333,0.0002766725988289583,-0.06098392978310585,-0.08277314901351929,-0.1254584640264511,-0.10871420800685883,0.19430807870974232,ROA_0928_final_no_velocity_scale0125,2874,2026-09-28_17-06-19
-0.0020903535187244415,0.0010162591934204102,-0.003671552985906601,-0.00367630273103714,0.00526227433051192,-1.1318475008010864,1.1491681337356567,0.7303496599197388,-0.7202354669570923,1.9114541532499885,-0.0021729618310928345,0.0009066425263881683,-0.0038430094718933105,-0.0038088299334049225,0.005499713232985764,-1.20414137840271,1.0646589994430542,0.591144859790802,-0.8472902178764343,1.8995959618385467,0.026347743347287178,-0.025886399671435356,0.02590213157236576,-0.025054356083273888,0.025934722274541855,-0.025038817897439003,-0.0020893290638923645,0.0010271556675434113,-0.003649294376373291,-0.0036667101085186005,0.005238150381708416,-1.1455695629119873,1.145703673362732,0.7174108028411865,-0.7384316921234131,1.919575483016066,57.506406751,True,-8.177012205123901e-05,-0.00012088567018508911,-0.00019548460841178894,-0.00014044344425201416,0.00027808304204687655,-0.058634202927351,-0.08106789737939835,-0.12625660002231598,-0.10891164839267731,0.19343324918316143,ROA_0928_final_no_velocity_scale0125,2875,2026-09-28_17-06-19
-0.002044718712568283,0.0008059665560722351,-0.0037801451981067657,-0.0034998171031475067,0.005253242807611868,-1.1143758296966553,1.1308397054672241,0.6887921690940857,-0.6801708936691284,1.8594547901201903,-0.0021268613636493683,0.0006994232535362244,-0.003954209387302399,-0.003629736602306366,0.005493675594422346,-1.1859526634216309,1.0472787618637085,0.5490518808364868,-0.8080824613571167,1.8478901398988723,0.02622065506875515,-0.025710439309477806,0.02614658884704113,-0.025753643363714218,0.026174506172537804,-0.02573539689183235,-0.002042017877101898,0.0008170492947101593,-0.0037608668208122253,-0.0034911558032035828,0.00523131249694448,-1.1277328729629517,1.1272364854812622,0.6756502985954285,-0.6985151767730713,1.867263938882743,57.526404435,True,-8.167698979377747e-05,-0.00011771917343139648,-0.00019529834389686584,-0.00014044344425201416,0.00027688239714401195,-0.05827098712325096,-0.07995496690273285,-0.12659840285778046,-0.10961665958166122,0.19354306534752458,ROA_0928_final_no_velocity_scale0125,2876,2026-09-28_17-06-19
-0.002174731343984604,0.0007458031177520752,-0.0038261525332927704,-0.003589596599340439,0.005373537661382979,-1.1704339981079102,1.1792489290237427,0.6649503111839294,-0.6617381572723389,1.9080289986136456,-0.0022555701434612274,0.0006392598152160645,-0.004000123590230942,-0.0037216581404209137,0.0056165829266302345,-1.2410972118377686,1.0956729650497437,0.526477575302124,-0.7885600924491882,1.8960250798214875,0.026249920949339867,-0.026685867458581924,0.02627120353281498,-0.02667967416346073,0.026296623051166534,-0.026659376919269562,-0.0021729618310928345,0.0007612630724906921,-0.003804638981819153,-0.0035814009606838226,0.005349619447065432,-1.183921456336975,1.1759791374206543,0.6519210934638977,-0.679820716381073,1.9160784475474764,57.546405223,True,-8.186325430870056e-05,-0.00011743977665901184,-0.00019213184714317322,-0.00014211982488632202,0.0002757450709030231,-0.0572623647749424,-0.0802948996424675,-0.1254277229309082,-0.10878312587738037,0.1920729367979168,ROA_0928_final_no_velocity_scale0125,2877,2026-09-28_17-06-19
-0.0023196451365947723,0.0007323920726776123,-0.003905314952135086,-0.003802124410867691,0.005591149004284516,-1.1663007736206055,1.1650341749191284,0.6656860709190369,-0.6647118926048279,1.8980363391223023,-0.002404581755399704,0.0006251968443393707,-0.004075188189744949,-0.003932882100343704,0.0058318305435951226,-1.238753080368042,1.0795564651489258,0.5283355712890625,-0.7904599905014038,1.8859823357600223,0.027053527534008026,-0.026507895439863205,0.02668549306690693,-0.02611035853624344,0.026710426434874535,-0.02608906477689743,-0.0023164786398410797,0.0007461756467819214,-0.0038850121200084686,-0.003796536475419998,0.005569748952222217,-1.1799688339233398,1.161332130432129,0.6527881622314453,-0.6828708052635193,1.9060006198042407,57.56640646,True,-8.763745427131653e-05,-0.00011976808309555054,-0.00019203871488571167,-0.0001383945345878601,0.00027660783311978085,-0.05884188786149025,-0.08181854337453842,-0.12445076555013657,-0.10763387382030487,0.19190468766602645,ROA_0928_final_no_velocity_scale0125,2878,2026-09-28_17-06-19
-0.002252589911222458,0.0006648711860179901,-0.003943033516407013,-0.0037768855690956116,0.005601927495589423,-1.08707594871521,1.082937240600586,0.6541385650634766,-0.6554331183433533,1.7921974638640512,-0.002348516136407852,0.0005551613867282867,-0.004110857844352722,-0.0039052218198776245,0.005842080282390402,-1.1638718843460083,0.9933905005455017,0.5195960402488708,-0.7784738540649414,1.7802988141480423,0.02709950879216194,-0.025611594319343567,0.027361594140529633,-0.026076145470142365,0.027398038655519485,-0.026043681427836418,-0.0022504478693008423,0.0006754882633686066,-0.003923103213310242,-0.003768317401409149,0.005579644189852626,-1.1010830402374268,1.0784435272216797,0.6416029930114746,-0.6731012463569641,1.7998323546929187,57.586408208,True,-9.927898645401001e-05,-0.00012051314115524292,-0.0001880340278148651,-0.00013811513781547546,0.0002788956999754164,-0.06285402923822403,-0.0850781723856926,-0.12202560156583786,-0.10542663931846619,0.19186157041755636,ROA_0928_final_no_velocity_scale0125,2879,2026-09-28_17-06-19
-0.002330448478460312,0.0006143935024738312,-0.004144199192523956,-0.003975071012973785,0.005896872221982446,-1.095240831375122,1.095079779624939,0.6767566800117493,-0.679173469543457,1.8215449813334954,-0.002425629645586014,0.0005120411515235901,-0.0043130479753017426,-0.004105083644390106,0.006137669214407463,-1.1702561378479004,1.008288860321045,0.5404995679855347,-0.8039231896400452,1.8101838472716396,0.02681918255984783,-0.02513532154262066,0.027129044756293297,-0.025540504604578018,0.027179421856999397,-0.025501040741801262,-0.002330448478460312,0.0006243586540222168,-0.004125293344259262,-0.003967247903347015,0.005876322093816521,-1.1088587045669556,1.0903561115264893,0.6639724373817444,-0.6971051692962646,1.8288084864546186,57.606411076,True,-9.248033165931702e-05,-0.00011511147022247314,-0.00019120052456855774,-0.00013532117009162903,0.0002747331727819916,-0.06147380545735359,-0.08208490163087845,-0.12347660213708878,-0.10685901343822479,0.19192959649605373,ROA_0928_final_no_velocity_scale0125,2880,2026-09-28_17-06-19
-0.0027348287403583527,0.0003945082426071167,-0.004318542778491974,-0.00432012602686882,0.006358287838699444,-1.2839854955673218,1.2759928703308105,0.658379852771759,-0.6724717020988464,2.040178355551114,-0.002812780439853668,0.0003005377948284149,-0.004487019032239914,-0.0044463202357292175,0.006594797952981043,-1.3488558530807495,1.1984854936599731,0.5233734846115112,-0.7961289286613464,2.0285586521725865,0.026516931131482124,-0.02679319493472576,0.02655790187418461,-0.026805268600583076,0.02661716192960739,-0.02676745131611824,-0.002736225724220276,0.00040549784898757935,-0.004298612475395203,-0.004311837255954742,0.0063367916121638,-1.2967511415481567,1.2728599309921265,0.645619809627533,-0.6903642416000366,2.0478958420342503,57.626409112000005,True,-7.3947012424469e-05,-0.0001041218638420105,-0.00019082799553871155,-0.00013355165719985962,0.0002628990155824895,-0.05224160477519035,-0.07439404726028442,-0.12222956120967865,-0.10578985512256622,0.18444872910791849,ROA_0928_final_no_velocity_scale0125,2881,2026-09-28_17-06-19
-0.0027026981115341187,0.00039637088775634766,-0.004297215491533279,-0.004083756357431412,0.006194755845940566,-1.2648580074310303,1.2552430629730225,0.6339866518974304,-0.6469022035598755,1.99894885625109,-0.002778414636850357,0.00030370429158210754,-0.004471000283956528,-0.004214327782392502,0.00643755365012611,-1.330850601196289,1.1768312454223633,0.49476510286331177,-0.7744216918945312,1.987388860542756,0.026690278202295303,-0.02660251595079899,0.026797490194439888,-0.027177752926945686,0.02687636949121952,-0.027131615206599236,-0.0027037225663661957,0.00040959566831588745,-0.004276540130376816,-0.004076771438121796,0.00617287202235831,-1.2777196168899536,1.2519629001617432,0.6205718517303467,-0.6655072569847107,2.0066514209300705,57.646424174,True,-7.478520274162292e-05,-0.00010300427675247192,-0.00019120052456855774,-0.0001362524926662445,0.00026464154688712264,-0.05324743315577507,-0.07515866309404373,-0.1258254051208496,-0.10895262658596039,0.1892451346445219,ROA_0928_final_no_velocity_scale0125,2882,2026-09-28_17-06-19
-0.002903211861848831,0.0004355795681476593,-0.00430447980761528,-0.004317145794630051,0.006378201810151357,-1.3422881364822388,1.3236579895019531,0.6346544027328491,-0.6527351140975952,2.093408701099054,-0.002978835254907608,0.00033853575587272644,-0.004477705806493759,-0.004445202648639679,0.006620336594902587,-1.4083729982376099,1.243924617767334,0.4951813817024231,-0.7802518010139465,2.0811088709268306,0.027076324447989464,-0.02772376872599125,0.027108514681458473,-0.028295602649450302,0.02720480225980282,-0.028240852057933807,-0.00290554016828537,0.00044833868741989136,-0.004285853356122971,-0.0043089501559734344,0.006357594017168492,-1.3555716276168823,1.3207541704177856,0.6213253140449524,-0.671312153339386,2.1016331537860453,57.666412353000005,True,-7.646158337593079e-05,-0.00011045485734939575,-0.00019278377294540405,-0.0001341104507446289,0.0002673820601781773,-0.05292053893208504,-0.07685460150241852,-0.12617464363574982,-0.10896659642457962,0.18992813629905975,ROA_0928_final_no_velocity_scale0125,2883,2026-09-28_17-06-19
-0.0028876587748527527,0.000574067234992981,-0.004274025559425354,-0.004422198981046677,0.006388495783822783,-1.3222516775131226,1.3034175634384155,0.6556827425956726,-0.6744786500930786,2.0812901412856917,-0.0029676593840122223,0.00046975910663604736,-0.004448089748620987,-0.0045493245124816895,0.0066319947256510406,-1.3926177024841309,1.2189438343048096,0.5163875818252563,-0.8014663457870483,2.0685394017378966,0.027360614389181137,-0.027784768491983414,0.0274188332259655,-0.028426725417375565,0.02754550613462925,-0.02835107408463955,-0.002890266478061676,0.0005869194865226746,-0.004253629595041275,-0.004413910210132599,0.00636660152103637,-1.336134910583496,1.3000545501708984,0.6426740288734436,-0.692865788936615,2.0896473163102436,57.686415605,True,-8.093193173408508e-05,-0.00011399388313293457,-0.00019259750843048096,-0.0001369975507259369,0.00027167362786371496,-0.05661137029528618,-0.08109956234693527,-0.12627895176410675,-0.10867229849100113,0.1925803293922325,ROA_0928_final_no_velocity_scale0125,2884,2026-09-28_17-06-19
-0.002550985664129257,0.0006787478923797607,-0.004233885556459427,-0.004236120730638504,0.006156383564513862,-1.148587942123413,1.1334539651870728,0.6632227301597595,-0.6785001158714294,1.871892569802704,-0.0026474706828594208,0.0005686655640602112,-0.0044092535972595215,-0.004367157816886902,0.00640472820848975,-1.227150559425354,1.0418696403503418,0.5241529941558838,-0.8054086565971375,1.859637616563159,0.027912314981222153,-0.025706971064209938,0.02838626317679882,-0.027347056195139885,0.028539417311549187,-0.027244102209806442,-0.002551823854446411,0.0006898306310176849,-0.0042137689888477325,-0.004229042679071426,0.0061354190259893734,-1.1629265546798706,1.1287405490875244,0.6502158641815186,-0.6967335343360901,1.8796336923205164,57.706418698,True,-9.927898645401001e-05,-0.00011855736374855042,-0.00019278377294540405,-0.00013951212167739868,0.00028199572042941773,-0.0643627718091011,-0.08687283098697662,-0.12605078518390656,-0.10873842239379883,0.19748902455653203,ROA_0928_final_no_velocity_scale0125,2885,2026-09-28_17-06-19
-0.0024275854229927063,0.0007607974112033844,-0.004225410521030426,-0.0044424086809158325,0.006248318414891015,-1.0906634330749512,1.072163701057434,0.7011452317237854,-0.7223635315895081,1.830875850473835,-0.002533290535211563,0.0006477348506450653,-0.004396308213472366,-0.004568044096231461,0.006487812809323114,-1.1720926761627197,0.9776977300643921,0.5660932064056396,-0.8450550436973572,1.8183823436786466,0.02814704366028309,-0.024257369339466095,0.029211590066552162,-0.02668745629489422,0.029408609494566917,-0.02654704451560974,-0.002428237348794937,0.0007705762982368469,-0.004207435995340347,-0.0044335611164569855,0.006228213670000688,-1.105198621749878,1.067154049873352,0.6886990666389465,-0.7402356266975403,1.8386112266826802,57.726421854,True,-0.00010496005415916443,-0.00012191012501716614,-0.00018756836652755737,-0.00013373792171478271,0.00027918859903657396,-0.06691552698612213,-0.08943862468004227,-0.1227017417550087,-0.1049041673541069,0.19526236716842235,ROA_0928_final_no_velocity_scale0125,2886,2026-09-28_17-06-19
-0.0023980624973773956,0.0008635222911834717,-0.004316307604312897,-0.0044928863644599915,0.006329613902083656,-1.0823849439620972,1.0674371719360352,0.7614148259162903,-0.782720685005188,1.8716422854584454,-0.0024967826902866364,0.0007531605660915375,-0.0044928863644599915,-0.004621222615242004,0.0065716821042924,-1.1622523069381714,0.9750416278839111,0.6224149465560913,-0.9084790349006653,1.8590148104401703,0.02829531766474247,-0.023142118006944656,0.02971752919256687,-0.02549590915441513,0.029965253546833992,-0.025329090654850006,-0.002398807555437088,0.0008733011782169342,-0.004296004772186279,-0.004484690725803375,0.006308300737755497,-1.0967859029769897,1.0624042749404907,0.7484052181243896,-0.8014868497848511,1.8793984129689707,57.746435123000005,True,-0.00010104849934577942,-0.00012004747986793518,-0.00019352883100509644,-0.00013653188943862915,0.00028213098144555374,-0.06550177931785583,-0.0873105525970459,-0.12609735131263733,-0.10714679211378098,0.1971925583798956,ROA_0928_final_no_velocity_scale0125,2887,2026-09-28_17-06-19
-0.002590194344520569,0.0009496696293354034,-0.004370883107185364,-0.004952959716320038,0.006694297872503507,-1.1567566394805908,1.134186029434204,0.8190199136734009,-0.8468944430351257,2.0029593630290594,-0.002686958760023117,0.0008374452590942383,-0.004545971751213074,-0.0050807371735572815,0.0069324144562804045,-1.2338374853134155,1.0436334609985352,0.6784312129020691,-0.9729740619659424,1.9892683191162304,0.03029991127550602,-0.023845700547099113,0.0312805250287056,-0.025920819491147995,0.03156990557909012,-0.025742506608366966,-0.0025919638574123383,0.0009582377970218658,-0.004352070391178131,-0.004946067929267883,0.006675531601257994,-1.1711324453353882,1.129723072052002,0.8060987591743469,-0.8662436008453369,2.0113016385891203,57.766424743,True,-9.406358003616333e-05,-0.00012014061212539673,-0.00019632279872894287,-0.0001348555088043213,0.0002801721372645237,-0.06270967423915863,-0.08608400076627731,-0.12777186930179596,-0.10683945566415787,0.19648024411991816,ROA_0928_final_no_velocity_scale0125,2888,2026-09-28_17-06-19
-0.0023249536752700806,0.0010154210031032562,-0.004174001514911652,-0.004476681351661682,0.006188552906151615,-1.0745571851730347,1.059259295463562,0.8004409670829773,-0.8127437233924866,1.8915021151710338,-0.0024267472326755524,0.000906083732843399,-0.004348531365394592,-0.004602409899234772,0.006424222849807137,-1.154571771621704,0.966560959815979,0.6613516807556152,-0.9366617798805237,1.8779104146055303,0.03059130720794201,-0.02367236651480198,0.03182397782802582,-0.026170887053012848,0.032141394913196564,-0.0259688887745142,-0.002324674278497696,0.0010263174772262573,-0.004156120121479034,-0.004471279680728912,0.006170852023814327,-1.0890289545059204,1.0542775392532349,0.7878811359405518,-0.8319960236549377,1.899706030468629,57.786421179,True,-0.00010002404451370239,-0.00012069940567016602,-0.00019446015357971191,-0.00013150274753570557,0.0002798600630688154,-0.06555858999490738,-0.08768494427204132,-0.12658163905143738,-0.10475701838731766,0.19626168592031332,ROA_0928_final_no_velocity_scale0125,2889,2026-09-28_17-06-19
-0.0020856037735939026,0.0013836659491062164,-0.0038854777812957764,-0.004383362829685211,0.005870109916096473,-1.0126148462295532,1.008575677871704,0.8827717304229736,-0.8775023221969604,1.8952332589603318,-0.00218953937292099,0.0012705102562904358,-0.00404994934797287,-0.004498660564422607,0.006079897759917235,-1.0953032970428467,0.9131664037704468,0.7501998543739319,-0.993552565574646,1.8808393942897723,0.031076161190867424,-0.02402273565530777,0.03242454677820206,-0.02631358802318573,0.032768845558166504,-0.02607523649930954,-0.0020860694348812103,0.0013954006135463715,-0.003867223858833313,-0.004379265010356903,0.005854077912675085,-1.0275607109069824,1.0032615661621094,0.8715921640396118,-0.8963802456855774,1.9039393070789195,57.806424591,True,-0.00010300427675247192,-0.00012414529919624329,-0.0001825392246246338,-0.00012014061212539673,0.00026891086403499505,-0.0678040087223053,-0.09008496254682541,-0.12142769247293472,-0.09725800901651382,0.19078251027790227,ROA_0928_final_no_velocity_scale0125,2890,2026-09-28_17-06-19
-0.00205235555768013,0.0014719553291797638,-0.0035565346479415894,-0.004778802394866943,0.005957206150004313,-0.9880689382553101,0.9871236681938171,1.002777338027954,-0.9929425716400146,1.9854901649428804,-0.002159085124731064,0.001352466642856598,-0.003713369369506836,-0.004879385232925415,0.0061369408581941915,-1.0718693733215332,0.8897110223770142,0.881012499332428,-1.0967375040054321,1.969761230185011,0.032282754778862,-0.024941258132457733,0.0333966389298439,-0.02675367146730423,0.033743053674697876,-0.02649095095694065,-0.002053193747997284,0.0014829449355602264,-0.0035393983125686646,-0.004776939749717712,0.005945389215740191,-1.0034655332565308,0.9820255637168884,0.9936242699623108,-1.0109468698501587,1.9950548966932773,57.826427492,True,-0.0001043081283569336,-0.00012889504432678223,-0.0001735985279083252,-0.00010207295417785645,0.00025683447520002424,-0.0684717670083046,-0.0922987163066864,-0.11260061711072922,-0.08584930747747421,0.1806428378390964,ROA_0928_final_no_velocity_scale0125,2891,2026-09-28_17-06-19
-0.002541579306125641,0.001645740121603012,-0.0038135796785354614,-0.006257742643356323,0.007328777544972054,-1.1050113439559937,1.091367483139038,1.2439749240875244,-1.2509710788726807,2.3504095046546167,-0.002640672028064728,0.0015191733837127686,-0.0039711594581604,-0.006353110074996948,0.007493129786250973,-1.1887773275375366,0.9929388165473938,1.123703956604004,-1.3518705368041992,2.333463847428957,0.03568601608276367,-0.026400920003652573,0.03444409370422363,-0.02620026282966137,0.03484682738780975,-0.025910980999469757,-0.0025412999093532562,0.0016567297279834747,-0.0037938356399536133,-0.006258487701416016,0.007319411194047024,-1.120947241783142,1.0868123769760132,1.2355408668518066,-1.269563913345337,2.3611185095674663,57.846429304000004,True,-9.96515154838562e-05,-0.00013764947652816772,-0.00017695128917694092,-9.5367431640625e-05,0.0002567848394248067,-0.06786920130252838,-0.09385402500629425,-0.11186673492193222,-0.08239223808050156,0.17878499417478205,ROA_0928_final_no_velocity_scale0125,2892,2026-09-28_17-06-19
-0.002466794103384018,0.001395493745803833,-0.00394769012928009,-0.006652623414993286,0.00773599647827556,-1.040509819984436,1.0281614065170288,1.2549235820770264,-1.2673101425170898,2.3066281294312727,-0.002571661025285721,0.0012660399079322815,-0.00410713255405426,-0.0067505985498428345,0.007906575884539314,-1.1270232200622559,0.9278514981269836,1.1348649263381958,-1.3687647581100464,2.2905961454796584,0.037029899656772614,-0.02551298774778843,0.037495531141757965,-0.02626451477408409,0.03791692107915878,-0.02595210261642933,-0.002464745193719864,0.0014067627489566803,-0.003931298851966858,-0.00665225088596344,0.007727203896250727,-1.0564838647842407,1.0230615139007568,1.2459009885787964,-1.2860335111618042,2.3168186547852194,57.86643105300001,True,-0.0001037493348121643,-0.00014025717973709106,-0.0001773238182067871,-9.797513484954834e-05,0.00026136758098348195,-0.07062125951051712,-0.09520351141691208,-0.11104344576597214,-0.08282437175512314,0.180434342565928,ROA_0928_final_no_velocity_scale0125,2893,2026-09-28_17-06-19
-0.0018093734979629517,0.0008111819624900818,-0.0037379562854766846,-0.004551559686660767,0.005915461665682186,-0.843454122543335,0.8584511876106262,0.9473450183868408,-0.9287334680557251,1.7911122137699476,-0.0019095838069915771,0.0006859190762042999,-0.003902241587638855,-0.0046662986278533936,0.006127189928576994,-0.9335446953773499,0.7574874758720398,0.8214898109436035,-1.0392180681228638,1.7781550731009148,0.03390977531671524,-0.021907469257712364,0.039114296436309814,-0.026251424103975296,0.03951054811477661,-0.025943119078874588,-0.0018059276044368744,0.0008223578333854675,-0.0037223100662231445,-0.004549697041511536,0.005902780891951697,-0.8589392304420471,0.8520865440368652,0.9360834360122681,-0.9468160271644592,1.7990178859041852,57.886429345,True,-0.00010663643479347229,-0.00013727694749832153,-0.00017844140529632568,-0.00011660158634185791,0.00027143859068325945,-0.0747479498386383,-0.0947117730975151,-0.11449306458234787,-0.09236856549978256,0.18911438511212897,ROA_0928_final_no_velocity_scale0125,2894,2026-09-28_17-06-19
-0.0009571202099323273,-6.426125764846802e-05,-0.0037007033824920654,-0.001950189471244812,0.004274748977017066,-0.6167804598808289,0.6535174250602722,0.6438027620315552,-0.5845790505409241,1.2495592784824314,-0.001070462167263031,-0.00018905848264694214,-0.003856513649225235,-0.0020759180188179016,0.004500410710300618,-0.7160780429840088,0.5460744500160217,0.5137985348701477,-0.7022050619125366,1.2393070420496963,0.02512708678841591,-0.016929930076003075,0.0319114625453949,-0.024885330349206924,0.032206907868385315,-0.024600800126791,-0.0009533949196338654,-5.327165126800537e-05,-0.003687199205160141,-0.0019467435777187347,0.004259725286738725,-0.6325225830078125,0.6454372406005859,0.631048321723938,-0.6018829941749573,1.2556713343152441,57.906429467,True,-0.000116787850856781,-0.0001369975507259369,-0.00017276033759117126,-0.00013047829270362854,0.00027994963702581354,-0.08348933607339859,-0.0993385836482048,-0.11738761514425278,-0.10033975541591644,0.2010466487010041,ROA_0928_final_no_velocity_scale0125,2895,2026-09-28_17-06-19
-0.0014147721230983734,0.0007271766662597656,-0.0036135315895080566,-0.003308802843093872,0.004933717192265274,-0.8595250248908997,0.8838381171226501,0.8663012981414795,-0.7991706728935242,1.704984090112026,-0.0015319325029850006,0.0005908310413360596,-0.0037739984691143036,-0.003425218164920807,0.005154293403801327,-0.963817298412323,0.7686959505081177,0.7397746443748474,-0.9124614000320435,1.692923066082473,0.0231863372027874,-0.01683950051665306,0.025849366560578346,-0.02134261652827263,0.026090439409017563,-0.02109944447875023,-0.001413002610206604,0.0007403083145618439,-0.0036005862057209015,-0.0033043324947357178,0.004919852330046108,-0.8766352534294128,0.8760411143302917,0.8547808527946472,-0.816270649433136,1.7124568443214472,57.926431084,True,-0.00011743977665901184,-0.00015133991837501526,-0.00017452985048294067,-0.00011902302503585815,0.00028173540757631165,-0.0872146263718605,-0.107340507209301,-0.1150360256433487,-0.09620282053947449,0.20306845922851433,ROA_0928_final_no_velocity_scale0125,2896,2026-09-28_17-06-19
-0.0028030015528202057,0.0027013011276721954,-0.0034634023904800415,-0.006794743239879608,0.007735433986192857,-1.3936692476272583,1.3770395517349243,1.3285250663757324,-1.283217191696167,2.69257212871151,-0.002914760261774063,0.0025529414415359497,-0.0036265701055526733,-0.0068947672843933105,0.007857971689504382,-1.4916908740997314,1.2622466087341309,1.206228494644165,-1.389469861984253,2.6761479874479464,0.02903394214808941,-0.024688946083188057,0.023230982944369316,-0.020032553002238274,0.023522114381194115,-0.01979346014559269,-0.002805795520544052,0.00271722674369812,-0.0034440308809280396,-0.0067930668592453,0.007729538697675425,-1.4120739698410034,1.3714832067489624,1.3191001415252686,-1.3010715246200562,2.7032616293109912,57.946432765000004,True,-0.00010915100574493408,-0.0001623295247554779,-0.0001816079020500183,-0.00010114163160324097,0.00027760256223007294,-0.07947440445423126,-0.10979174822568893,-0.11317989975214005,-0.08798203617334366,0.19531230476668296,ROA_0928_final_no_velocity_scale0125,2897,2026-09-28_17-06-19
-0.003351271152496338,0.0023643486201763153,-0.0037811696529388428,-0.007263943552970886,0.008213554859764705,-1.4472696781158447,1.399497389793396,1.292952299118042,-1.2734037637710571,2.7104082202134916,-0.0034508295357227325,0.002217758446931839,-0.003952160477638245,-0.007361173629760742,0.008363156467177458,-1.5378621816635132,1.2914584875106812,1.1684885025024414,-1.3823778629302979,2.693841947382197,0.032088570296764374,-0.030948838219046593,0.02554694376885891,-0.024050729349255562,0.025950636714696884,-0.023783009499311447,-0.0033505260944366455,0.0023758970201015472,-0.00375993549823761,-0.0072605907917022705,0.008202603298965381,-1.4648194313049316,1.395187258720398,1.2833689451217651,-1.2914118766784668,2.7213310182485273,57.966433806000005,True,-0.00010039657354354858,-0.00015720725059509277,-0.00018998980522155762,-0.00010319054126739502,0.00027670896094054124,-0.07302965968847275,-0.10373442620038986,-0.11510028690099716,-0.09112804383039474,0.19206627087519948,ROA_0928_final_no_velocity_scale0125,2898,2026-09-28_17-06-19
-0.003223773092031479,0.0015167519450187683,-0.0040084123611450195,-0.006241723895072937,0.0074368421600384685,-1.312223196029663,1.2707840204238892,1.1329426765441895,-1.126818299293518,2.4268999275039294,-0.0033183954656124115,0.0013845041394233704,-0.004180148243904114,-0.006353482604026794,0.007642427776152102,-1.3968124389648438,1.1701843738555908,1.0018385648727417,-1.2427977323532104,2.4112247805234523,0.033520475029945374,-0.03018210642039776,0.03272470086812973,-0.02802973799407482,0.03318795561790466,-0.027766264975070953,-0.0032220035791397095,0.0015294179320335388,-0.003987178206443787,-0.006237253546714783,0.0074201938735039405,-1.3284337520599365,1.2667700052261353,1.1219978332519531,-1.1454075574874878,2.436921537683856,57.986439135000005,True,-9.723007678985596e-05,-0.00014565885066986084,-0.0001911073923110962,-0.00011511147022247314,0.0002771957555674531,-0.06846431642770767,-0.09659025073051453,-0.12018530815839767,-0.09749456495046616,0.19316927855275337,ROA_0928_final_no_velocity_scale0125,2899,2026-09-28_17-06-19
-0.001729186624288559,4.237517714500427e-05,-0.003945827484130859,-0.002296827733516693,0.004805739959216249,-0.6850957274436951,0.7144771218299866,0.5726720690727234,-0.5456153154373169,1.26676904552929,-0.001836474984884262,-8.21426510810852e-05,-0.0041250139474868774,-0.0024354085326194763,0.005065612112378842,-0.7780920267105103,0.612360417842865,0.4241783022880554,-0.6821210980415344,1.256630552283134,0.029965410009026527,-0.022066904231905937,0.038221560418605804,-0.03000127710402012,0.038537099957466125,-0.029796628281474113,-0.0017259269952774048,5.075708031654358e-05,-0.0039227306842803955,-0.002287141978740692,0.004779926021603919,-0.7003573179244995,0.707285463809967,0.5576293468475342,-0.5649477243423462,1.2731333539676533,58.006435536000005,True,-0.00010794028639793396,-0.0001344829797744751,-0.0001996755599975586,-0.000147894024848938,0.0003002742891150888,-0.077773816883564,-0.09487009793519974,-0.13350322842597961,-0.11726468056440353,0.21529525243945585,ROA_0928_final_no_velocity_scale0125,2900,2026-09-28_17-06-19
-0.0003186054527759552,-0.0009910203516483307,-0.004307273775339127,-0.00025741755962371826,0.004332277910606504,-0.3522624969482422,0.41552165150642395,0.3152414858341217,-0.26308372616767883,0.6798241397097065,-0.0004341825842857361,-0.0011126510798931122,-0.004480686038732529,-0.0003939494490623474,0.004530916659601047,-0.45375803112983704,0.30764004588127136,0.1668296605348587,-0.4018833637237549,0.672223714108889,0.020884936675429344,-0.015227222815155983,0.028584225103259087,-0.02941095270216465,0.02852506749331951,-0.029315078631043434,-0.0003129243850708008,-0.0009802170097827911,-0.0042887404561042786,-0.0002468004822731018,0.004312453995627221,-0.3675287365913391,0.4065716564655304,0.29951611161231995,-0.28192996978759766,0.6847401922493088,58.026441825000006,True,-0.00012135133147239685,-0.00013355165719985962,-0.00019064173102378845,-0.00014528632164001465,0.0002988783579103468,-0.0862274244427681,-0.09891762584447861,-0.13269297778606415,-0.12001767009496689,0.22152743663907892,ROA_0928_final_no_velocity_scale0125,2901,2026-09-28_17-06-19
-0.0012337230145931244,0.0001426786184310913,-0.003824010491371155,-0.003035273402929306,0.004962970776683592,-0.7895622253417969,0.8099898099899292,0.6813499927520752,-0.6378926038742065,1.4661359456655338,-0.0013498589396476746,1.6391277313232422e-05,-0.003971066325902939,-0.003140512853860855,0.005173227567669045,-0.8854306936264038,0.7025403380393982,0.5596093535423279,-0.7466422319412231,1.4540385733702776,0.02019592747092247,-0.013713829219341278,0.022367626428604126,-0.020861966535449028,0.02215258963406086,-0.020947257056832314,-0.0012353062629699707,0.0001537613570690155,-0.003808550536632538,-0.0030308961868286133,0.004947229658066033,-0.8055250644683838,0.8026882410049438,0.6702607274055481,-0.654682457447052,1.4734264102910322,58.046532729000006,True,-0.0001193024218082428,-0.0001369975507259369,-0.0001621432602405548,-0.0001084059476852417,0.0002642158889206548,-0.08005368709564209,-0.10025779902935028,-0.1106019988656044,-0.09195040166378021,0.1917549960085608,ROA_0928_final_no_velocity_scale0125,2902,2026-09-28_17-06-19
-0.0045921653509140015,0.0021459534764289856,-0.004135072231292725,-0.007933750748634338,0.008950646027069853,-1.7277206182479858,1.6296374797821045,1.210138201713562,-1.2234262228012085,2.9325091229944884,-0.004671141505241394,0.0020213425159454346,-0.004296749830245972,-0.008020922541618347,0.009113596783649435,-1.8037798404693604,1.5337653160095215,1.0925158262252808,-1.3258233070373535,2.9149874630937065,0.03726988285779953,-0.03490724414587021,0.021616607904434204,-0.018335863947868347,0.02154824323952198,-0.018446985632181168,-0.004589557647705078,0.0021612271666526794,-0.004120543599128723,-0.007934123277664185,0.008943520023730736,-1.7445626258850098,1.6273053884506226,1.2009105682373047,-1.2419483661651611,2.944663019280183,58.066443459000006,True,-8.102506399154663e-05,-0.00014007091522216797,-0.00017583370208740234,-8.717179298400879e-05,0.00024396063286827855,-0.059308480471372604,-0.09359046071767807,-0.10842829197645187,-0.08391960710287094,0.17375348664525272,ROA_0928_final_no_velocity_scale0125,2903,2026-09-28_17-06-19
-0.006397813558578491,0.00020656734704971313,-0.006020441651344299,-0.011296570301055908,0.013180338373319746,-1.7085875272750854,1.5065333843231201,1.2718400955200195,-1.4104506969451904,2.9610896125188195,-0.00646393746137619,9.55536961555481e-05,-0.006165355443954468,-0.011366233229637146,0.013349851217545734,-1.7679165601730347,1.42486572265625,1.1706948280334473,-1.4969482421875,2.9422049219048403,0.053167879581451416,-0.048703450709581375,0.03442060202360153,-0.02849193476140499,0.03458556532859802,-0.028543779626488686,-0.006399862468242645,0.00022239983081817627,-0.006002560257911682,-0.011297687888145447,0.013168315459487032,-1.723296880722046,1.5070158243179321,1.2658312320709229,-1.4263577461242676,2.9737882723435787,58.08644546,True,-6.891787052154541e-05,-0.0001257285475730896,-0.0001601874828338623,-6.742775440216064e-05,0.0002132762913253548,-0.0447835735976696,-0.08218175917863846,-0.09520351141691208,-0.07067620754241943,0.14772841567079792,ROA_0928_final_no_velocity_scale0125,2904,2026-09-28_17-06-19
-0.006998982280492783,-0.00401325523853302,-0.008530914783477783,-0.01774728298187256,0.020837200650561747,-0.7109529972076416,0.49821749329566956,2.04351544380188,-2.3899710178375244,3.2554302743783925,-0.007057655602693558,-0.004087388515472412,-0.008655712008476257,-0.017780065536499023,0.020954187349815637,-0.7493672370910645,0.44400522112846375,1.9668488502502441,-2.4463980197906494,3.244147004344598,0.06438319385051727,-0.027519404888153076,0.08091852068901062,-0.022408893331885338,0.0811675414443016,-0.022407492622733116,-0.007003359496593475,-0.004007667303085327,-0.008510798215866089,-0.017750263214111328,0.02082930698391511,-0.7206797003746033,0.4975571930408478,2.0417494773864746,-2.405505418777466,3.267090555125179,58.106448742000005,True,-5.243346095085144e-05,-7.953494787216187e-05,-0.00014491379261016846,-2.905726432800293e-05,0.00016506913638126232,-0.028817912563681602,-0.05362648144364357,-0.07507577538490295,-0.041075047105550766,0.1011973895348509,ROA_0928_final_no_velocity_scale0125,2905,2026-09-28_17-06-19
-0.0002710847184062004,0.005888217128813267,-0.0037163496017456055,-0.004850327968597412,0.007976438569716452,-0.6528100371360779,0.9034713506698608,0.7442086338996887,-0.7930211424827576,1.5541056500304222,-0.0003968365490436554,0.005713966675102711,-0.0038959085941314697,-0.004976987838745117,0.00796906771065426,-0.7707113027572632,0.7761856317520142,0.5814917087554932,-0.9363442063331604,1.542932851654381,0.03814617544412613,-0.007143064402043819,0.06997866183519363,-0.03882484510540962,0.06921851634979248,-0.038939591497182846,-0.00026938505470752716,0.00589294359087944,-0.0036910176277160645,-0.004839152097702026,0.007966525994515248,-0.6726216077804565,0.8937162160873413,0.729605495929718,-0.8159912824630737,1.5636361058120198,58.126446134000005,True,-0.00012442469596862793,-0.0001823529601097107,-0.00020563602447509766,-0.00013709068298339844,0.00032537273293594706,-0.09809806197881699,-0.11746980994939804,-0.1481287181377411,-0.12035667151212692,0.24356261961201117,ROA_0928_final_no_velocity_scale0125,2906,2026-09-28_17-06-19
0.005119852721691132,0.008887890726327896,-0.006667186971753836,-0.006141001358628273,0.013533146349266008,-0.7342193126678467,1.2283213138580322,0.8487741947174072,-1.0186455249786377,1.9449823567619864,0.004926975816488266,0.008638203144073486,-0.0067930202931165695,-0.006203982047736645,0.013383416050212678,-0.9215072989463806,1.032655119895935,0.7361252307891846,-1.1143648624420166,1.91830865505159,-0.0035342294722795486,0.013856960460543633,0.033449798822402954,-0.03406887128949165,0.03175447881221771,-0.034621722996234894,0.005120038986206055,0.008902698755264282,-0.006656639743596315,-0.0061354017816483974,0.013534895241342633,-0.7635661959648132,1.2120873928070068,0.8404619097709656,-1.0354852676391602,1.9537580451746175,58.146450344,True,-0.0001903623342514038,-0.0002635642886161804,-0.000138208270072937,-7.034977898001671e-05,0.00035429872796581774,-0.15790759027004242,-0.1802295297384262,-0.1043531745672226,-0.0784326046705246,0.27184664959163046,ROA_0928_final_no_velocity_scale0125,2907,2026-09-28_17-06-19
-0.0014236196875572205,0.0019288621842861176,-0.003569317050278187,-0.004891841672360897,0.006105046000964872,-0.7975706458091736,0.882242739200592,1.0039091110229492,-0.9703686833381653,1.833085744823087,-0.0015290454030036926,0.0018102116882801056,-0.003679306246340275,-0.004941620863974094,0.006188223561026199,-0.8920430541038513,0.778651773929596,0.9143407940864563,-1.0434191226959229,1.8199796601107228,-0.005265445448458195,0.010663777589797974,-0.005095751024782658,0.0065132915042340755,-0.006427515298128128,0.005242631305009127,-0.0014273449778556824,0.0019420869648456573,-0.003560539335012436,-0.004895334132015705,0.006104444421635242,-0.8121700286865234,0.875084638595581,0.9982641339302063,-0.9838064908981323,1.8406953994791753,58.16644856800001,True,-0.00010123476386070251,-0.00012656673789024353,-0.00011760275810956955,-4.9942173063755035e-05,0.0002004706523153567,-0.07986835390329361,-0.09641516208648682,-0.08393032103776932,-0.05964375659823418,0.1607727980934579,ROA_0928_final_no_velocity_scale0125,2908,2026-09-28_17-06-19
-0.027149170637130737,0.005260854959487915,0.0011943280696868896,-0.022350624203681946,0.028854949362170323,-2.6451869010925293,1.859433889389038,0.2966262400150299,-0.4433765709400177,3.27154659984523,-0.027126073837280273,0.00516548752784729,0.0010542571544647217,-0.022386759519577026,0.028751418433504556,-2.662196636199951,1.7985998392105103,0.20657850801944733,-0.5202255845069885,3.2462454563733796,0.09595494717359543,-0.1979777216911316,0.01477918028831482,-0.023251719772815704,0.014486456289887428,-0.024695493280887604,-0.027155131101608276,0.0052928924560546875,0.0012081116437911987,-0.0223550945520401,0.028879748520309535,-2.662837266921997,1.869507074356079,0.2919137477874756,-0.45944374799728394,3.2923688448363335,58.186455146,True,2.7567148208618164e-05,-0.00012367963790893555,-0.00014975666999816895,-3.091990947723389e-05,0.00015295656226736612,0.00045448538730852306,-0.07094442844390869,-0.08529796451330185,-0.06081536039710045,0.11493517366583315,ROA_0928_final_no_velocity_scale0125,2909,2026-09-28_17-06-19
-0.037056952714920044,0.002958253026008606,0.000992417335510254,-0.037048012018203735,0.039040857597120976,-2.5897696018218994,1.611709475517273,-0.777237057685852,0.23884324729442596,3.1504193398008717,-0.037019699811935425,0.0029377639293670654,0.0007808208465576172,-0.0371687114238739,0.03897066456100023,-2.5611517429351807,1.5950872898101807,-0.9255110621452332,0.09073316305875778,3.132235065694062,0.16816557943820953,-0.12229406088590622,0.1735803335905075,-0.08730000257492065,0.17337729036808014,-0.08871567249298096,-0.037068501114845276,0.0029783695936203003,0.0010006129741668701,-0.037038326263427734,0.03905615538115836,-2.59954833984375,1.6263834238052368,-0.7911919951438904,0.22073088586330414,3.1665096105735464,58.20645033,True,4.32133674621582e-05,-4.246830940246582e-05,-0.00021830201148986816,-0.00012740492820739746,0.0002532890672960236,0.0383816659450531,-0.031206754967570305,-0.1342669129371643,-0.12997537851333618,0.18697121938979303,ROA_0928_final_no_velocity_scale0125,2910,2026-09-28_17-06-19
-0.023151934146881104,0.03282912075519562,0.026189163327217102,-0.030564144253730774,0.05680341567895896,-0.9055025577545166,1.0684430599212646,1.4372057914733887,-0.9690038561820984,2.208443978757499,-0.023318827152252197,0.03265775740146637,0.026031583547592163,-0.03076978027820587,0.056826694960911424,-1.034878134727478,0.9361132383346558,1.249551773071289,-1.1363587379455566,2.190881870647316,-0.055024027824401855,0.08967997133731842,0.12740842998027802,-0.05773530900478363,0.12383722513914108,-0.059022173285484314,-0.023152679204940796,0.032825395464897156,0.02622641623020172,-0.030552223324775696,0.05681120866335001,-0.9211077690124512,1.0572969913482666,1.4212279319763184,-0.9896270632743835,2.2122781291942766,58.226459180000006,True,-0.00016987323760986328,-0.00016987323760986328,-0.00019632279872894287,-0.0002216547727584839,0.0003811296802689801,-0.11373310536146164,-0.12114643305540085,-0.17166881263256073,-0.1467391848564148,0.27999821000063435,ROA_0928_final_no_velocity_scale0125,2911,2026-09-28_17-06-19
0.007373839616775513,0.022051483392715454,-0.007654726505279541,-0.019025802612304688,0.03098985928564678,-1.404322624206543,2.2080912590026855,1.3127251863479614,-1.6789435148239136,3.3710752549650054,0.007170438766479492,0.02184361219406128,-0.007639825344085693,-0.019013136625289917,0.030780511321681536,-1.563169002532959,2.014845609664917,1.2853293418884277,-1.6800835132598877,3.3132658866375633,-0.19696421921253204,0.20984616875648499,0.0004884100053459406,-0.019171947613358498,-0.0029707748908549547,-0.021466504782438278,0.007383525371551514,0.02206936478614807,-0.007641315460205078,-0.01902058720588684,0.03099868006375307,-1.4349892139434814,2.198770523071289,1.3171284198760986,-1.6868411302566528,3.384421630951697,58.246455485000006,True,-0.00021904706954956055,-0.00022649765014648438,1.4901161193847656e-06,5.21540641784668e-06,0.0003151280707664923,-0.12822449207305908,-0.18380580842494965,-0.031813979148864746,0.0067278738133609295,0.2244769526291074,ROA_0928_final_no_velocity_scale0125,2912,2026-09-28_17-06-19
-0.034584105014801025,0.03539174795150757,0.026479363441467285,-0.03547966480255127,0.0662529663423111,-1.736678123474121,1.7216949462890625,1.9454954862594604,-1.7387120723724365,3.5748898225784873,-0.03456920385360718,0.03527924418449402,0.026272237300872803,-0.03552660346031189,0.0661155228753463,-1.7986743450164795,1.6617624759674072,1.8500908613204956,-1.8298028707504272,3.5726763072030887,0.2130582481622696,-0.2346077263355255,-0.036795444786548615,0.027388574555516243,-0.04109454154968262,0.025347957387566566,-0.034587085247039795,0.03540441393852234,0.02649053931236267,-0.035484880208969116,0.06626906129267529,-1.7465873956680298,1.7172619104385376,1.937307357788086,-1.7545669078826904,3.5813201651272277,58.26645687800001,True,5.9604644775390625e-06,-0.0001214444637298584,-0.00021457672119140625,-4.470348358154297e-05,0.0002203442955452982,-0.052109356969594955,-0.05543976649641991,-0.08717178553342819,-0.07528811693191528,0.1378864013746039,ROA_0928_final_no_velocity_scale0125,2913,2026-09-28_17-06-19
-0.027219951152801514,0.0167161226272583,0.016698241233825684,-0.020519644021987915,0.04090956032152389,-0.12165307253599167,-0.13592839241027832,0.5003437399864197,-0.43585148453712463,0.6635637514241651,-0.027233362197875977,0.016629695892333984,0.016564130783081055,-0.020556896924972534,0.04082445591774584,-0.13723969459533691,-0.1872032731771469,0.39987263083457947,-0.509306788444519,0.6509370233326094,0.16891223192214966,-0.340599000453949,0.11969533562660217,-0.15950174629688263,0.1182478666305542,-0.1670568287372589,-0.027236342430114746,0.01674443483352661,0.016735494136810303,-0.020533055067062378,0.04095689663335722,-0.13525784015655518,-0.13005733489990234,0.49513575434684753,-0.4634186327457428,0.6782491537881128,58.286460159,True,1.341104507446289e-05,-0.00010728836059570312,-0.00018030405044555664,-2.682209014892578e-05,0.00018231505509126665,-0.0020712614059448242,-0.057265158742666245,-0.09521841257810593,-0.045880671590566635,0.10990317862071874,ROA_0928_final_no_velocity_scale0125,2914,2026-09-28_17-06-19
-0.028429925441741943,0.02653747797012329,0.03090798854827881,-0.02713799476623535,0.056599760736494496,-0.46968457102775574,0.6311982274055481,0.5839020013809204,-0.1814141720533371,0.9508205509574134,-0.028443336486816406,0.02658069133758545,0.030707567930221558,-0.027415156364440918,0.05665410962229422,-0.4634856879711151,0.6235241889953613,0.3909766376018524,-0.380940705537796,0.9468577297027526,-0.18289592862129211,0.25777173042297363,0.15280714631080627,-0.18753190338611603,0.14452454447746277,-0.18908119201660156,-0.028435885906219482,0.026550889015197754,0.030941516160964966,-0.02712830901145935,0.056622334563957155,-0.470831960439682,0.631600558757782,0.5607306957244873,-0.2029612511396408,0.9497804884757362,58.306475057,True,-1.043081283569336e-05,4.172325134277344e-05,-0.00023245811462402344,-0.0002868473529815674,0.00037012446443065924,0.007435678970068693,-0.00813603401184082,-0.16979871690273285,-0.17789749801158905,0.24592618798363422,ROA_0928_final_no_velocity_scale0125,2915,2026-09-28_17-06-19
-0.02375096082687378,0.0023230910301208496,0.025597214698791504,-0.0010594725608825684,0.03499834593732217,-1.4258919954299927,1.1769533157348633,1.5973447561264038,-0.7628499865531921,2.5405891007275128,-0.02376735210418701,0.0023573637008666992,0.025469064712524414,-0.0011682510375976562,0.03492317623077339,-1.429974913597107,1.1617988348007202,1.454919457435608,-0.8917152285575867,2.50581276192645,-0.3711674213409424,0.38947606086730957,0.03238987922668457,-0.031316421926021576,0.026950189843773842,-0.034635063260793686,-0.023733079433441162,0.0023096799850463867,0.025616586208343506,-0.0010281801223754883,0.03499819494558313,-1.4294086694717407,1.1766552925109863,1.5879868268966675,-0.7804333567619324,2.543794634648751,58.326460129000004,True,-3.725290298461914e-05,3.8743019104003906e-05,-0.00015497207641601562,-0.0001475214958190918,0.00021396030918366006,-0.0005066394805908203,-0.01503527071326971,-0.1332014799118042,-0.1113116666674614,0.17387910094010153,ROA_0928_final_no_velocity_scale0125,2916,2026-09-28_17-06-19
-0.04850924015045166,0.02752542495727539,0.03165155649185181,-0.03572404384613037,0.07243831689054868,-2.8968749046325684,2.407968044281006,1.4477519989013672,-1.2335032224655151,4.21986773618847,-0.04852116107940674,0.027325749397277832,0.031597912311553955,-0.03568530082702637,0.07231014863229546,-2.958416700363159,2.3086965084075928,1.4040617942810059,-1.2667326927185059,4.200452413563486,0.43607470393180847,-0.5405580401420593,-0.048720523715019226,0.032476894557476044,-0.05565671622753143,0.03034132905304432,-0.04853010177612305,0.027546286582946777,0.03167837858200073,-0.0357210636138916,0.07247321509302401,-2.920090913772583,2.411395311355591,1.4462618827819824,-1.2459903955459595,4.240832198143645,58.346478451,True,8.940696716308594e-06,-0.0002205371856689453,-0.0001043081283569336,1.4901161193847656e-05,0.00022177458637138439,-0.03835558891296387,-0.10281800478696823,-0.04236399754881859,-0.020772216841578484,0.11540261047622108,ROA_0928_final_no_velocity_scale0125,2917,2026-09-28_17-06-19
-0.026254355907440186,0.0212058424949646,0.008752942085266113,-0.019200146198272705,0.03895377617255133,-0.04285573586821556,-0.010177492164075375,-0.18824635446071625,-0.06961822509765625,0.20541803342508647,-0.02628117799758911,0.021113455295562744,0.00867992639541626,-0.01920461654663086,0.03888840150784456,-0.07157027721405029,-0.07238984107971191,-0.2705305814743042,-0.12999773025512695,0.31525473053017217,0.3071635961532593,-0.48458999395370483,0.24118250608444214,-0.2991192936897278,0.2349885255098343,-0.3088996708393097,-0.026243925094604492,0.02124011516571045,0.008752942085266113,-0.0192105770111084,0.03897260576677596,-0.060573216527700424,-0.005796551238745451,-0.19490717351436615,-0.09600817412137985,0.22466440033985832,58.366466019,True,-2.086162567138672e-05,-0.00015348196029663086,-7.301568984985352e-05,1.043081283569336e-05,0.0001548943030442122,-0.010788439773023129,-0.06656348705291748,-0.0756680965423584,-0.03395974636077881,0.09488584597186626,ROA_0928_final_no_velocity_scale0125,2918,2026-09-28_17-06-19
-0.03304928541183472,0.03879517316818237,0.03458857536315918,-0.03467649221420288,0.07062903976034854,-2.1128504276275635,2.221658706665039,2.402395009994507,-1.786097764968872,4.269359543609591,-0.03300756216049194,0.03880709409713745,0.03450661897659302,-0.034806132316589355,0.07064284433283373,-2.10927414894104,2.2079198360443115,2.2832303047180176,-1.8894522190093994,4.2479810336705865,-0.35499298572540283,0.5001670718193054,0.22542023658752441,-0.20671243965625763,0.21394027769565582,-0.20760028064250946,-0.03307908773422241,0.038792192935943604,0.034640729427337646,-0.03466606140136719,0.07066115029734872,-2.119824171066284,2.227708578109741,2.3847222328186035,-1.8177180290222168,4.281492716759926,58.386469332000004,True,6.854534149169922e-05,5.9604644775390625e-06,-0.00014454126358032227,-0.00011622905731201172,0.0001944214854404967,0.010490416549146175,-0.019818542525172234,-0.1014023944735527,-0.07165968418121338,0.12420172838368618,ROA_0928_final_no_velocity_scale0125,2919,2026-09-28_17-06-19
-0.024299323558807373,0.039364397525787354,0.02375096082687378,-0.03337264060974121,0.061756148837600826,-0.8164047598838806,1.3899503946304321,0.8047371506690979,-0.8582770228385925,1.9845375006390304,-0.024327635765075684,0.039233267307281494,0.023706257343292236,-0.03329366445541382,0.061625795557889745,-0.919848620891571,1.2761353254318237,0.7808952927589417,-0.8740275502204895,1.9592615016389985,-0.3067013919353485,0.340644508600235,-0.008315986953675747,0.012583255767822266,-0.019424917176365852,0.010235078632831573,-0.024299323558807373,0.0393792986869812,0.02376735210418701,-0.033374130725860596,0.06177226638188553,-0.8309035897254944,1.384779691696167,0.8053033947944641,-0.865667998790741,1.9915817374652764,58.406468933000006,True,-2.9802322387695312e-05,-0.0001430511474609375,-5.513429641723633e-05,7.152557373046875e-05,0.00015995080290538127,-0.08885561674833298,-0.1087188646197319,-0.024691222235560417,-0.008195638656616211,0.14213558481694596,ROA_0928_final_no_velocity_scale0125,2920,2026-09-28_17-06-19
-0.0407487154006958,0.03122091293334961,0.028201937675476074,-0.03311634063720703,0.06691886431593641,0.2561211585998535,-0.5044043064117432,0.40912625193595886,-0.20429490506649017,0.6925852860504982,-0.04080235958099365,0.03101527690887451,0.028190016746520996,-0.033092498779296875,0.06682701519461327,0.176727756857872,-0.6093382835388184,0.3829300105571747,-0.20760296285152435,0.719404985464574,0.8272671699523926,-0.8531336784362793,0.035554781556129456,-0.062294069677591324,0.022458799183368683,-0.06082003191113472,-0.040790438652038574,0.031238794326782227,0.028258562088012695,-0.03310739994049072,0.06697463972251043,0.23794172704219818,-0.5075037479400635,0.41362640261650085,-0.2117752879858017,0.6904563007079645,58.426467766,True,-1.7881393432617188e-05,-0.00022351741790771484,-7.152557373046875e-05,5.066394805908203e-05,0.0002291938624101246,-0.0610351525247097,-0.10222195833921432,-0.030696390196681023,0.004291534423828125,0.11970226663626804,ROA_0928_final_no_velocity_scale0125,2921,2026-09-28_17-06-19
-0.045458972454071045,0.030148029327392578,0.03761798143386841,-0.031606853008270264,0.07329714713845784,-0.7822512984275818,0.4617273509502411,1.0407865047454834,-0.72628253698349,1.5597049089325437,-0.04556775093078613,0.029921531677246094,0.037598609924316406,-0.03156810998916626,0.07323658540095766,-0.8028447031974792,0.38832423090934753,0.9599327445030212,-0.7736831307411194,1.5127633902654138,0.24904757738113403,-0.2712930738925934,0.1967158019542694,-0.30961403250694275,0.187422513961792,-0.3122559189796448,-0.04546940326690674,0.03017634153366089,0.037629902362823486,-0.03163069486618042,0.07333178181612483,-0.7947980761528015,0.46993789076805115,1.0328739881515503,-0.754252016544342,1.5757626890719503,58.446470215000005,True,-0.00010728836059570312,-0.00027120113372802734,-2.5331974029541016e-05,6.854534149169922e-05,0.00029682415001464204,-0.008180737495422363,-0.08179246634244919,-0.07301568984985352,-0.01920759677886963,0.09198031913325104,ROA_0928_final_no_velocity_scale0125,2922,2026-09-28_17-06-19
-0.036588311195373535,0.031688809394836426,0.03755837678909302,-0.02755671739578247,0.06712334618497204,-1.4197527170181274,1.5109776258468628,1.437783122062683,-0.8634626269340515,2.6425814665542577,-0.036531686782836914,0.03179013729095459,0.037482380867004395,-0.02777576446533203,0.06719128956438696,-1.4101265668869019,1.5234946012496948,1.2993066310882568,-1.0022222995758057,2.63743224483744,-0.39349833130836487,0.5818027853965759,0.1906285583972931,-0.1412469893693924,0.17870521545410156,-0.14078356325626373,-0.036594271659851074,0.03167986869812012,0.0376090407371521,-0.02752542495727539,0.06713656230331813,-1.4168916940689087,1.5111862421035767,1.4194844961166382,-0.8808373808860779,2.639425489053011,58.466474424000005,True,5.364418029785156e-05,0.00011026859283447266,-0.00013709068298339844,-0.0002294778823852539,0.00029393816061241344,0.006854533683508635,0.012397765181958675,-0.12011825293302536,-0.12135504931211472,0.17129332811720316,ROA_0928_final_no_velocity_scale0125,2923,2026-09-28_17-06-19
-0.03108680248260498,0.032451748847961426,0.021770596504211426,-0.03909766674041748,0.06290174989879042,-0.8869170546531677,0.7014274001121521,1.8727480173110962,-1.755297064781189,2.8034530871841286,-0.031116604804992676,0.03223419189453125,0.021833181381225586,-0.03885030746459961,0.06267672757325463,-0.9626745581626892,0.6006062030792236,1.8618701696395874,-1.734942078590393,2.779319752237575,0.5652260184288025,-0.5234686136245728,-0.006606417708098888,0.005984937306493521,-0.012248098850250244,0.0013742283917963505,-0.031071901321411133,0.032463669776916504,0.02180635929107666,-0.03909766674041748,0.06291726722375938,-0.9081065058708191,0.6948410868644714,1.8848477602005005,-1.7623900175094604,2.8205502723504745,58.486475689,True,-8.64267349243164e-05,-0.00020563602447509766,2.086162567138672e-05,0.0002086162567138672,0.0003027405401612815,-0.05480646714568138,-0.09426473826169968,-0.022679565474390984,0.02726912312209606,0.10978545605614128,ROA_0928_final_no_velocity_scale0125,2924,2026-09-28_17-06-19
-0.02504289150238037,0.014251470565795898,0.01437366008758545,-0.01792311668395996,0.03623172902467322,-0.13467669486999512,-0.08949636667966843,0.623360276222229,-0.5119442939758301,0.8080748799664298,-0.025078654289245605,0.014150142669677734,0.014314055442810059,-0.017927587032318115,0.036177645118502494,-0.2168714851140976,-0.19174812734127045,0.6036609411239624,-0.514790415763855,0.7945503356952593,0.42436495423316956,-0.5531832575798035,0.2331497073173523,-0.27577972412109375,0.22595515847206116,-0.2808976471424103,-0.02504289150238037,0.014290213584899902,0.014391541481018066,-0.017958879470825195,0.03627276209497318,-0.15747545659542084,-0.09509920328855515,0.6311386227607727,-0.5258172750473022,0.8237731699408217,58.506476474,True,-2.9802322387695312e-06,-0.00011622905731201172,-9.238719940185547e-05,2.682209014892578e-05,0.00012222586068159268,-0.05951523408293724,-0.09649991244077682,-0.02759694866836071,0.010892747901380062,0.11350517061495578,ROA_0928_final_no_velocity_scale0125,2925,2026-09-28_17-06-19
-0.0276908278465271,0.036594271659851074,0.029389560222625732,-0.03278106451034546,0.06353972525996712,0.2167820781469345,0.10292231291532516,0.2774745225906372,-0.04628300294280052,0.35325178631711307,-0.02765357494354248,0.03661513328552246,0.029399991035461426,-0.032787024974823,0.06354207473736267,0.2349167913198471,0.12730062007904053,0.16327200829982758,-0.17341969907283783,0.2862073273885638,-0.276023805141449,0.34171587228775024,0.32332295179367065,-0.26718512177467346,0.31132611632347107,-0.27095216512680054,-0.027711689472198486,0.03658682107925415,0.02942681312561035,-0.03276467323303223,0.06355273893587109,0.2238452285528183,0.11152028292417526,0.2425759881734848,-0.08596479147672653,0.3303618596526318,58.526473579000005,True,4.9173831939697266e-05,3.129243850708008e-05,-1.9371509552001953e-05,-1.7881393432617188e-05,6.382768000176693e-05,0.011309980414807796,0.01563131809234619,-0.07939337939023972,-0.08736550062894821,0.1195985827138143,ROA_0928_final_no_velocity_scale0125,2926,2026-09-28_17-06-19
