thread '<unnamed>' panicked at hub-client/src/client.rs:353:66:
called `Result::unwrap()` on an `Err` value: Error("EOF while parsing a value", line: 1, column: 0)
note: run with `RUST_BACKTRACE=1` environment variable to display a backtrace
[INFO][AppLauncher]: Using device: cuda:0
[INFO][AppLauncher]: Loading experience file: /home/young/liufengrong/IsaacLab-2.3.2/apps/isaaclab.python.headless.kit
[INFO]: Parsing configuration from: robot_lab.tasks.manager_based.locomotion.velocity.config.LW.LW_Leg.flat_env_cfg:LWLegFlatAmpRoaEnvCfg
[INFO]: Parsing configuration from: robot_lab.tasks.manager_based.locomotion.velocity.config.LW.LW_Leg.agents.rsl_rl_amp_roa_cfg:LWFlatAmpRoaRunnerCfg
[INFO] Logging experiment in directory: /home/young/liufengrong/robot_lab/logs/rsl_rl/LW_leg_flat_amp_roa
Exact experiment name requested from command line: 2026-06-09_11-22-35

[36m======================================================================================[0m
[36m[1m[INFO][IsaacLab]: Logging to file: /tmp/isaaclab/logs/isaaclab_2026-06-09_11-22-35.log[0m
[36m======================================================================================[0m

[33m11:22:35 [simulation_context.py] WARNING: The `enable_external_forces_every_iteration` parameter in the PhysxCfg is set to False. If you are experiencing noisy velocities, consider enabling this flag. You may need to slightly increase the number of velocity iterations (setting it to 1 or 2 rather than 0), together with this flag, to improve the accuracy of velocity updates.[0m
Loading user config located at: '/home/young/miniconda3/envs/isaacsim-5.1/lib/python3.11/site-packages/isaacsim/kit/data/Kit/Isaac-Sim/5.1/user.config.json'
[Info] [carb] Logging to file: /home/young/miniconda3/envs/isaacsim-5.1/lib/python3.11/site-packages/isaacsim/kit/logs/Kit/Isaac-Sim/5.1/kit_20260609_112228.log
2026-06-09T03:22:30Z [1,864ms] [Warning] [omni.usd_config.extension] Enable omni.materialx.libs extension to use MaterialX
2026-06-09T03:22:31Z [2,161ms] [Warning] [carb] Acquiring non optional plugin interface which is not listed as dependency: [omni::physx::IPhysxBenchmarks v1.0] (plugin: <default plugin>), by client: omni.physics.physx.plugin. Add it to CARB_PLUGIN_IMPL_DEPS() macro of a client.
2026-06-09T03:22:31Z [2,167ms] [Warning] [omni.isaac.dynamic_control] omni.isaac.dynamic_control is deprecated as of Isaac Sim 4.5. No action is needed from end-users.

|---------------------------------------------------------------------------------------------|
| Driver Version: 570.211.01    | Graphics API: Vulkan
|=============================================================================================|
| GPU | Name                             | Active | LDA | GPU Memory | Vendor-ID | LUID       |
|     |                                  |        |     |            | Device-ID | UUID       |
|     |                                  |        |     |            | Bus-ID    |            |
|---------------------------------------------------------------------------------------------|
| 0   | NVIDIA GeForce RTX 4080 SUPER    | Yes: 0 |     | 16376   MB | 10de      | 0          |
|     |                                  |        |     |            | 2702      | eb541e47.. |
|     |                                  |        |     |            | 1         |            |
|=============================================================================================|
| OS: 22.04.5 LTS (Jammy Jellyfish) ubuntu, Version: 22.04.5, Kernel: 6.8.0-111-generic
| XServer Vendor: The X.Org Foundation, XServer Version: 12101004 (1.21.1.4)
| Processor: Intel(R) Core(TM) i7-14700KF
| Cores: 20 | Logical Cores: 28
|---------------------------------------------------------------------------------------------|
| Total Memory (MB): 64085 | Free Memory: 48613
| Total Page/Swap (MB): 2047 | Free Page/Swap: 2047
|---------------------------------------------------------------------------------------------|
2026-06-09T03:22:34Z [5,213ms] [Warning] [gpu.foundation.plugin] CPU performance profile is set to powersave. This profile sets the CPU to the lowest frequency reducing performance.
2026-06-09T03:22:34Z [5,222ms] [Warning] [gpu.foundation.plugin] IOMMU is enabled.
2026-06-09T03:22:38Z [9,283ms] [Error] [omni.physx.plugin] Replication of this type is not supported: 589824, prim path: /World/envs/env_0/Robot/GroupBase
2026-06-09T03:22:38Z [9,283ms] [Error] [omni.physx.plugin] Replication of this type is not supported: 589824, prim path: /World/envs/env_0/Robot/GroupFoot
2026-06-09T03:22:38Z [9,283ms] [Error] [omni.physx.plugin] Replication of this type is not supported: 589824, prim path: /World/envs/env_0/Robot/GroupWheel
2026-06-09T03:22:38Z [9,284ms] [Error] [omni.physx.plugin] Replication of this type is not supported: 589824, prim path: /World/envs/env_0/Robot/GroupOthers
[INFO]: Base environment:
	Environment device    : cuda:0
	Environment seed      : 42
	Physics step-size     : 0.005
	Rendering step-size   : 0.02
	Environment step-size : 0.02
[INFO] Generating terrains based on curriculum took : 0.077241 seconds
[INFO]: Time taken for scene creation : 1.881495 seconds
[INFO]: Scene manager:  <class InteractiveScene>
	Number of environments: 4096
	Environment spacing   : 2.5
	Source prim name      : /World/envs/env_0
	Global prim paths     : ['/World/ground']
	Replicate physics     : True
[INFO]: Starting the simulation. This may take a few seconds. Please wait...
[INFO]: Time taken for simulation start : 2.399929 seconds
[INFO] Command Manager:  <CommandManager> contains 1 active terms.
+------------------------------------------------+
|              Active Command Terms              |
+-------+---------------+------------------------+
| Index | Name          |          Type          |
+-------+---------------+------------------------+
|   0   | base_velocity | UniformVelocityCommand |
+-------+---------------+------------------------+

[INFO] Event Manager:  <EventManager> contains 3 active terms.
+------------------------------------------+
|  Active Event Terms in Mode: 'startup'   |
+-------+----------------------------------+
| Index | Name                             |
+-------+----------------------------------+
|   0   | randomize_rigid_body_material    |
|   1   | randomize_rigid_body_mass_base   |
|   2   | randomize_rigid_body_mass_others |
|   3   | randomize_com_positions          |
|   4   | add_joint_default_pos            |
+-------+----------------------------------+
+--------------------------------------+
| Active Event Terms in Mode: 'reset'  |
+--------+-----------------------------+
| Index  | Name                        |
+--------+-----------------------------+
|   0    | randomize_reset_joints      |
|   1    | randomize_actuator_gains    |
|   2    | randomize_reset_base        |
+--------+-----------------------------+
+--------------------------------------------------------+
|         Active Event Terms in Mode: 'interval'         |
+-------+----------------------+-------------------------+
| Index | Name                 | Interval time range (s) |
+-------+----------------------+-------------------------+
|   0   | randomize_push_robot |       (5.0, 10.0)       |
+-------+----------------------+-------------------------+

[INFO] Recorder Manager:  <RecorderManager> contains 0 active terms.
+---------------------+
| Active Recorder Terms |
+-----------+---------+
|   Index   | Name    |
+-----------+---------+
+-----------+---------+

[INFO] Action Manager:  <ActionManager> contains 2 active terms.
+------------------------------------+
|  Active Action Terms (shape: 10)   |
+--------+-------------+-------------+
| Index  | Name        |   Dimension |
+--------+-------------+-------------+
|   0    | joint_pos   |           8 |
|   1    | joint_vel   |           2 |
+--------+-------------+-------------+

[INFO] Observation Manager: <ObservationManager> contains 4 groups.
+-------------------------------------------------------------+
| Active Observation Terms in Group: 'policy' (shape: (10, 41)) |
+-----------+--------------------------------+----------------+
|   Index   | Name                           |     Shape      |
+-----------+--------------------------------+----------------+
|     0     | base_ang_vel                   |    (10, 3)     |
|     1     | projected_gravity              |    (10, 3)     |
|     2     | velocity_commands              |    (10, 3)     |
|     3     | joint_pos                      |    (10, 10)    |
|     4     | joint_vel                      |    (10, 10)    |
|     5     | actions                        |    (10, 10)    |
|     6     | gait_phase                     |    (10, 2)     |
+-----------+--------------------------------+----------------+
+---------------------------------------------------------+
| Active Observation Terms in Group: 'critic' (shape: (74,)) |
+-----------+---------------------------------+-----------+
|   Index   | Name                            |   Shape   |
+-----------+---------------------------------+-----------+
|     0     | base_ang_vel                    |    (3,)   |
|     1     | projected_gravity               |    (3,)   |
|     2     | velocity_commands               |    (3,)   |
|     3     | joint_pos                       |   (10,)   |
|     4     | joint_vel                       |   (10,)   |
|     5     | actions                         |   (10,)   |
|     6     | gait_phase                      |    (2,)   |
|     7     | base_lin_vel                    |    (3,)   |
|     8     | base_mass                       |    (1,)   |
|     9     | feet_material                   |    (6,)   |
|     10    | actuator_gains                  |   (20,)   |
|     11    | base_com                        |    (3,)   |
+-----------+---------------------------------+-----------+
+------------------------------------------------------+
| Active Observation Terms in Group: 'amp' (shape: (22,)) |
+------------+----------------------------+------------+
|   Index    | Name                       |   Shape    |
+------------+----------------------------+------------+
|     0      | joint_pos                  |    (8,)    |
|     1      | joint_vel                  |    (8,)    |
|     2      | end_effort_pos             |    (6,)    |
+------------+----------------------------+------------+
+-----------------------------------------------------------+
| Active Observation Terms in Group: 'privileged' (shape: (33,)) |
+-------------+-------------------------------+-------------+
|    Index    | Name                          |    Shape    |
+-------------+-------------------------------+-------------+
|      0      | base_lin_vel                  |     (3,)    |
|      1      | base_mass                     |     (1,)    |
|      2      | feet_material                 |     (6,)    |
|      3      | actuator_gains                |    (20,)    |
|      4      | base_com                      |     (3,)    |
+-------------+-------------------------------+-------------+

[INFO] Termination Manager:  <TerminationManager> contains 3 active terms.
+------------------------------------------+
|         Active Termination Terms         |
+-------+-----------------------+----------+
| Index | Name                  | Time Out |
+-------+-----------------------+----------+
|   0   | time_out              |   True   |
|   1   | terrain_out_of_bounds |   True   |
|   2   | illegal_contact       |  False   |
+-------+-----------------------+----------+

[INFO] Reward Manager:  <RewardManager> contains 37 active terms.
+----------------------------------------------+
|             Active Reward Terms              |
+-------+--------------------------+-----------+
| Index | Name                     |    Weight |
+-------+--------------------------+-----------+
|   0   | is_terminated            |    -200.0 |
|   1   | lin_vel_z_l2             |      -2.0 |
|   2   | ang_vel_xy_l2            |      -0.1 |
|   3   | flat_orientation_l2      |      -5.0 |
|   4   | base_height_l2           |     -10.0 |
|   5   | joint_torques_l2         | -1.25e-05 |
|   6   | joint_vel_l2             |    -5e-05 |
|   7   | joint_acc_l2             |  -2.5e-07 |
|   8   | joint_pos_limits         |      -2.0 |
|   9   | joint_power              |    -2e-05 |
|   10  | stand_still              |      -1.0 |
|   11  | action_rate_l2           |     -0.15 |
|   12  | undesired_contacts       |      -5.0 |
|   13  | track_lin_vel_xy_exp     |       5.0 |
|   14  | track_ang_vel_z_exp      |       3.0 |
|   15  | feet_air_time            |       2.0 |
|   16  | feet_air_time_variance   |     -10.0 |
|   17  | feet_slide               |     -0.25 |
|   18  | feet_clearance           |       2.0 |
|   19  | feet_distance_y_exp      |       2.0 |
|   20  | feet_landing_vel         |     -0.25 |
|   21  | joint_vel_wheel_l2       |    -0.005 |
|   22  | joint_acc_wheel_l2       |  -1.5e-07 |
|   23  | joint_torques_wheel_l2   |  -0.00016 |
|   24  | bipedal_gait_reward      |       2.0 |
|   25  | feet_distance_penalize   |    -100.0 |
|   26  | stop_motion              |      -3.0 |
|   27  | action_smoothness        |    -0.075 |
|   28  | lazy_penalty             |      -1.0 |
|   29  | keep_alive               |      0.15 |
|   30  | joint_deviation_hip      |      -0.3 |
|   31  | joint_deviation_ankle    |      -0.2 |
|   32  | joint_deviation_legs     |     -0.02 |
|   33  | body_orientation_l2      |      -3.0 |
|   34  | ankle_torque_limit       |      -0.2 |
|   35  | penalize_hip_roll_action |      -1.0 |
|   36  | feet_impact_reduction    |   -0.0025 |
+-------+--------------------------+-----------+
wandb: Currently logged in as: jiandangbahuang (jiandangbahuang-harbin-institute-of-technology) to https://api.wandb.ai. Use `wandb login --relogin` to force relogin
wandb: setting up run sfocb49m
wandb: Tracking run with wandb version 0.23.1
wandb: Run data is saved locally in /home/young/liufengrong/robot_lab/wandb/run-20260609_112247-sfocb49m
wandb: Run `wandb offline` to turn off syncing.
wandb: Syncing run 2026-06-09_11-22-35
wandb: ⭐️ View project at https://wandb.ai/jiandangbahuang-harbin-institute-of-technology/LW_leg_locomotion_amp_roa
wandb: 🚀 View run at https://wandb.ai/jiandangbahuang-harbin-institute-of-technology/LW_leg_locomotion_amp_roa/runs/sfocb49m
/home/young/miniconda3/envs/isaacsim-5.1/lib/python3.11/site-packages/torch/autograd/graph.py:824: UserWarning: Attempting to run cuBLAS, but there was no current CUDA context! Attempting to set the primary context... (Triggered internally at /pytorch/aten/src/ATen/cuda/CublasHandlePool.cpp:181.)
  return Variable._execution_engine.run_backward(  # Calls into the C++ engine to run the backward pass
wandb: WARNING Symlinked 1 file into the W&B run directory; call wandb.save again to sync new files.
wandb: WARNING Symlinked 1 file into the W&B run directory; call wandb.save again to sync new files.

[INFO] Curriculum Manager:  <CurriculumManager> contains 0 active terms.
+----------------------+
| Active Curriculum Terms |
+-----------+----------+
|   Index   | Name     |
+-----------+----------+
+-----------+----------+

[INFO]: Completed setting up the environment...
--------------------------------------------------------------------------------
Resolved observation sets: 
	 policy :  ['policy']
	 critic :  ['critic']
	 amp :  ['amp']
	 privileged :  ['privileged']
--------------------------------------------------------------------------------
ActorCriticROA.__init__ 收到未知参数，将被忽略: ['state_dependent_std']
[AMP] Time between frames (step_dt) set to: 0.02s
traj_len:9.966000000000001
Loaded 9.966000000000001s. motion from source/robot_lab/robot_lab/datasets/LW/motion_amp_expert/motion_vx-0.35_vy0.00_wz-0.15.txt.
traj_len:9.966000000000001
Loaded 9.966000000000001s. motion from source/robot_lab/robot_lab/datasets/LW/motion_amp_expert/motion_vx-0.35_vy0.00_wz0.00.txt.
traj_len:9.966000000000001
Loaded 9.966000000000001s. motion from source/robot_lab/robot_lab/datasets/LW/motion_amp_expert/motion_vx-0.35_vy0.00_wz0.15.txt.
traj_len:9.966000000000001
Loaded 9.966000000000001s. motion from source/robot_lab/robot_lab/datasets/LW/motion_amp_expert/motion_vx-0.70_vy0.00_wz-0.15.txt.
traj_len:9.966000000000001
Loaded 9.966000000000001s. motion from source/robot_lab/robot_lab/datasets/LW/motion_amp_expert/motion_vx-0.70_vy0.00_wz0.00.txt.
traj_len:9.966000000000001
Loaded 9.966000000000001s. motion from source/robot_lab/robot_lab/datasets/LW/motion_amp_expert/motion_vx-0.70_vy0.00_wz0.15.txt.
traj_len:9.966000000000001
Loaded 9.966000000000001s. motion from source/robot_lab/robot_lab/datasets/LW/motion_amp_expert/motion_vx0.00_vy0.00_wz-0.15.txt.
traj_len:9.966000000000001
Loaded 9.966000000000001s. motion from source/robot_lab/robot_lab/datasets/LW/motion_amp_expert/motion_vx0.00_vy0.00_wz0.00.txt.
traj_len:9.966000000000001
Loaded 9.966000000000001s. motion from source/robot_lab/robot_lab/datasets/LW/motion_amp_expert/motion_vx0.00_vy0.00_wz0.15.txt.
traj_len:9.966000000000001
Loaded 9.966000000000001s. motion from source/robot_lab/robot_lab/datasets/LW/motion_amp_expert/motion_vx0.35_vy0.00_wz-0.15.txt.
traj_len:9.966000000000001
Loaded 9.966000000000001s. motion from source/robot_lab/robot_lab/datasets/LW/motion_amp_expert/motion_vx0.35_vy0.00_wz0.00.txt.
traj_len:9.966000000000001
Loaded 9.966000000000001s. motion from source/robot_lab/robot_lab/datasets/LW/motion_amp_expert/motion_vx0.35_vy0.00_wz0.15.txt.
traj_len:9.966000000000001
Loaded 9.966000000000001s. motion from source/robot_lab/robot_lab/datasets/LW/motion_amp_expert/motion_vx0.70_vy0.00_wz-0.15.txt.
traj_len:9.966000000000001
Loaded 9.966000000000001s. motion from source/robot_lab/robot_lab/datasets/LW/motion_amp_expert/motion_vx0.70_vy0.00_wz0.00.txt.
traj_len:9.966000000000001
Loaded 9.966000000000001s. motion from source/robot_lab/robot_lab/datasets/LW/motion_amp_expert/motion_vx0.70_vy0.00_wz0.15.txt.
Preloading 200000 transitions
Finished preloading
AMP Observation Dim: 22
[AMP_ROA_PPO] 忽略了多余的配置参数: ['rnd_cfg', 'symmetry_cfg']
################################################################################
                      [1m Learning iteration 0/25000 [0m                      

                       Computation: 30877 steps/s (collection: 2.424s, learning 0.759s)
             Mean action noise std: 0.98
          Mean value_function loss: 0.6033
               Mean surrogate loss: -0.0055
                 Mean entropy loss: 14.1054
                Mean priv_reg loss: 0.8729
                Mean amp/loss loss: 0.5902
            Mean amp/grad_pen loss: 0.0881
         Mean amp/policy_pred loss: -0.5486
         Mean amp/expert_pred loss: 0.1265
             Mean hist_latent loss: 0.5786
                       Mean reward: -3.97
               Mean episode length: 15.99
      Episode_Reward/is_terminated: -0.0124
       Episode_Reward/lin_vel_z_l2: -0.0095
      Episode_Reward/ang_vel_xy_l2: -0.0160
Episode_Reward/flat_orientation_l2: -0.0076
     Episode_Reward/base_height_l2: -0.0012
   Episode_Reward/joint_torques_l2: -0.0010
       Episode_Reward/joint_vel_l2: -0.0001
       Episode_Reward/joint_acc_l2: -0.0025
   Episode_Reward/joint_pos_limits: 0.0000
        Episode_Reward/joint_power: -0.0001
        Episode_Reward/stand_still: -0.0007
     Episode_Reward/action_rate_l2: -0.0358
 Episode_Reward/undesired_contacts: -0.0003
Episode_Reward/track_lin_vel_xy_exp: 0.0200
Episode_Reward/track_ang_vel_z_exp: 0.0117
      Episode_Reward/feet_air_time: 0.0002
Episode_Reward/feet_air_time_variance: -0.0004
         Episode_Reward/feet_slide: -0.0024
     Episode_Reward/feet_clearance: 0.0195
Episode_Reward/feet_distance_y_exp: 0.0243
   Episode_Reward/feet_landing_vel: -0.0012
 Episode_Reward/joint_vel_wheel_l2: -0.0001
 Episode_Reward/joint_acc_wheel_l2: -0.0000
Episode_Reward/joint_torques_wheel_l2: -0.0000
Episode_Reward/bipedal_gait_reward: -0.0258
Episode_Reward/feet_distance_penalize: -0.0202
        Episode_Reward/stop_motion: -0.0073
  Episode_Reward/action_smoothness: -0.0472
       Episode_Reward/lazy_penalty: -0.0000
         Episode_Reward/keep_alive: 0.0019
Episode_Reward/joint_deviation_hip: -0.0007
Episode_Reward/joint_deviation_ankle: -0.0007
Episode_Reward/joint_deviation_legs: -0.0002
Episode_Reward/body_orientation_l2: -0.0046
 Episode_Reward/ankle_torque_limit: -0.0008
Episode_Reward/penalize_hip_roll_action: -0.0199
Episode_Reward/feet_impact_reduction: -0.0000
Metrics/base_velocity/error_vel_xy: 0.0161
Metrics/base_velocity/error_vel_yaw: 0.0215
      Episode_Termination/time_out: 0.0117
Episode_Termination/terrain_out_of_bounds: 0.0000
Episode_Termination/illegal_contact: 0.0002
--------------------------------------------------------------------------------
                   Total timesteps: 98304
                    Iteration time: 3.18s
                      Time elapsed: 00:00:03
                               ETA: 22:06:31

Storing git diff for 'robot_lab' in: /home/young/liufengrong/robot_lab/logs/rsl_rl/LW_leg_flat_amp_roa/2026-06-09_11-22-35/git/robot_lab.diff
################################################################################
                      [1m Learning iteration 1/25000 [0m                      

                       Computation: 54752 steps/s (collection: 1.257s, learning 0.538s)
             Mean action noise std: 0.97
          Mean value_function loss: 5.6923
               Mean surrogate loss: -0.0035
                 Mean entropy loss: 13.9369
                Mean priv_reg loss: 0.5219
                Mean amp/loss loss: 0.4402
            Mean amp/grad_pen loss: 0.1205
         Mean amp/policy_pred loss: -0.6845
         Mean amp/expert_pred loss: 0.3898
                       Mean reward: -18.75
               Mean episode length: 47.24
      Episode_Reward/is_terminated: -0.1873
       Episode_Reward/lin_vel_z_l2: -0.0289
      Episode_Reward/ang_vel_xy_l2: -0.0549
Episode_Reward/flat_orientation_l2: -0.0670
     Episode_Reward/base_height_l2: -0.0146
   Episode_Reward/joint_torques_l2: -0.0022
       Episode_Reward/joint_vel_l2: -0.0002
       Episode_Reward/joint_acc_l2: -0.0083
   Episode_Reward/joint_pos_limits: -0.0000
        Episode_Reward/joint_power: -0.0003
        Episode_Reward/stand_still: -0.0014
     Episode_Reward/action_rate_l2: -0.1059
 Episode_Reward/undesired_contacts: -0.0140
Episode_Reward/track_lin_vel_xy_exp: 0.0458
Episode_Reward/track_ang_vel_z_exp: 0.0291
      Episode_Reward/feet_air_time: 0.0010
Episode_Reward/feet_air_time_variance: -0.0025
         Episode_Reward/feet_slide: -0.0104
     Episode_Reward/feet_clearance: 0.0572
Episode_Reward/feet_distance_y_exp: 0.0707
   Episode_Reward/feet_landing_vel: -0.0017
 Episode_Reward/joint_vel_wheel_l2: -0.0003
 Episode_Reward/joint_acc_wheel_l2: -0.0001
Episode_Reward/joint_torques_wheel_l2: -0.0000
Episode_Reward/bipedal_gait_reward: -0.0782
Episode_Reward/feet_distance_penalize: -0.0904
        Episode_Reward/stop_motion: -0.0228
  Episode_Reward/action_smoothness: -0.1517
       Episode_Reward/lazy_penalty: -0.0000
         Episode_Reward/keep_alive: 0.0055
Episode_Reward/joint_deviation_hip: -0.0023
Episode_Reward/joint_deviation_ankle: -0.0020
Episode_Reward/joint_deviation_legs: -0.0005
Episode_Reward/body_orientation_l2: -0.0402
 Episode_Reward/ankle_torque_limit: -0.0018
Episode_Reward/penalize_hip_roll_action: -0.0581
Episode_Reward/feet_impact_reduction: -0.0000
Metrics/base_velocity/error_vel_xy: 0.0758
Metrics/base_velocity/error_vel_yaw: 0.0754
      Episode_Termination/time_out: 0.0347
Episode_Termination/terrain_out_of_bounds: 0.0000
Episode_Termination/illegal_contact: 0.1938
--------------------------------------------------------------------------------
                   Total timesteps: 196608
                    Iteration time: 1.80s
                      Time elapsed: 00:00:04
                               ETA: 17:17:16

################################################################################
                      [1m Learning iteration 2/25000 [0m                      

                       Computation: 57648 steps/s (collection: 1.182s, learning 0.523s)
             Mean action noise std: 0.96
          Mean value_function loss: 3.8811
               Mean surrogate loss: -0.0021
                 Mean entropy loss: 13.8474
                Mean priv_reg loss: 0.5109
                Mean amp/loss loss: 0.2439
            Mean amp/grad_pen loss: 0.1383
         Mean amp/policy_pred loss: -0.6697
         Mean amp/expert_pred loss: 0.5916
                       Mean reward: -17.99
               Mean episode length: 47.65
      Episode_Reward/is_terminated: -0.1974
       Episode_Reward/lin_vel_z_l2: -0.0405
      Episode_Reward/ang_vel_xy_l2: -0.0700
Episode_Reward/flat_orientation_l2: -0.0794
     Episode_Reward/base_height_l2: -0.0189
   Episode_Reward/joint_torques_l2: -0.0031
       Episode_Reward/joint_vel_l2: -0.0002
       Episode_Reward/joint_acc_l2: -0.0099
   Episode_Reward/joint_pos_limits: -0.0000
        Episode_Reward/joint_power: -0.0004
        Episode_Reward/stand_still: -0.0022
     Episode_Reward/action_rate_l2: -0.1490
 Episode_Reward/undesired_contacts: -0.0275
Episode_Reward/track_lin_vel_xy_exp: 0.0671
Episode_Reward/track_ang_vel_z_exp: 0.0423
      Episode_Reward/feet_air_time: 0.0018
Episode_Reward/feet_air_time_variance: -0.0050
         Episode_Reward/feet_slide: -0.0127
     Episode_Reward/feet_clearance: 0.0811
Episode_Reward/feet_distance_y_exp: 0.1010
   Episode_Reward/feet_landing_vel: -0.0018
 Episode_Reward/joint_vel_wheel_l2: -0.0005
 Episode_Reward/joint_acc_wheel_l2: -0.0001
Episode_Reward/joint_torques_wheel_l2: -0.0000
Episode_Reward/bipedal_gait_reward: -0.1114
Episode_Reward/feet_distance_penalize: -0.1481
        Episode_Reward/stop_motion: -0.0313
  Episode_Reward/action_smoothness: -0.2159
       Episode_Reward/lazy_penalty: -0.0001
         Episode_Reward/keep_alive: 0.0078
Episode_Reward/joint_deviation_hip: -0.0034
Episode_Reward/joint_deviation_ankle: -0.0031
Episode_Reward/joint_deviation_legs: -0.0007
Episode_Reward/body_orientation_l2: -0.0476
 Episode_Reward/ankle_torque_limit: -0.0024
Episode_Reward/penalize_hip_roll_action: -0.0821
Episode_Reward/feet_impact_reduction: -0.0000
Metrics/base_velocity/error_vel_xy: 0.0980
Metrics/base_velocity/error_vel_yaw: 0.1088
      Episode_Termination/time_out: 0.0342
Episode_Termination/terrain_out_of_bounds: 0.0000
Episode_Termination/illegal_contact: 0.7352
--------------------------------------------------------------------------------
                   Total timesteps: 294912
                    Iteration time: 1.71s
                      Time elapsed: 00:00:06
                               ETA: 15:28:18

################################################################################
                      [1m Learning iteration 3/25000 [0m                      

                       Computation: 58770 steps/s (collection: 1.149s, learning 0.523s)
             Mean action noise std: 0.96
          Mean value_function loss: 2.9726
               Mean surrogate loss: -0.0006
                 Mean entropy loss: 13.7702
                Mean priv_reg loss: 0.5368
                Mean amp/loss loss: 0.2523
            Mean amp/grad_pen loss: 0.1530
         Mean amp/policy_pred loss: -0.6299
         Mean amp/expert_pred loss: 0.5671
                       Mean reward: -15.65
               Mean episode length: 47.21
      Episode_Reward/is_terminated: -0.1998
       Episode_Reward/lin_vel_z_l2: -0.0273
      Episode_Reward/ang_vel_xy_l2: -0.0591
Episode_Reward/flat_orientation_l2: -0.0761
     Episode_Reward/base_height_l2: -0.0165
   Episode_Reward/joint_torques_l2: -0.0025
       Episode_Reward/joint_vel_l2: -0.0002
       Episode_Reward/joint_acc_l2: -0.0091
   Episode_Reward/joint_pos_limits: -0.0000
        Episode_Reward/joint_power: -0.0003
        Episode_Reward/stand_still: -0.0018
     Episode_Reward/action_rate_l2: -0.1288
 Episode_Reward/undesired_contacts: -0.0155
Episode_Reward/track_lin_vel_xy_exp: 0.0656
Episode_Reward/track_ang_vel_z_exp: 0.0389
      Episode_Reward/feet_air_time: 0.0017
Episode_Reward/feet_air_time_variance: -0.0043
         Episode_Reward/feet_slide: -0.0122
     Episode_Reward/feet_clearance: 0.0727
Episode_Reward/feet_distance_y_exp: 0.0908
   Episode_Reward/feet_landing_vel: -0.0011
 Episode_Reward/joint_vel_wheel_l2: -0.0003
 Episode_Reward/joint_acc_wheel_l2: -0.0001
Episode_Reward/joint_torques_wheel_l2: -0.0000
Episode_Reward/bipedal_gait_reward: -0.0998
Episode_Reward/feet_distance_penalize: -0.1093
        Episode_Reward/stop_motion: -0.0251
  Episode_Reward/action_smoothness: -0.1852
       Episode_Reward/lazy_penalty: -0.0001
         Episode_Reward/keep_alive: 0.0070
Episode_Reward/joint_deviation_hip: -0.0029
Episode_Reward/joint_deviation_ankle: -0.0026
Episode_Reward/joint_deviation_legs: -0.0006
Episode_Reward/body_orientation_l2: -0.0456
 Episode_Reward/ankle_torque_limit: -0.0018
Episode_Reward/penalize_hip_roll_action: -0.0718
Episode_Reward/feet_impact_reduction: -0.0000
Metrics/base_velocity/error_vel_xy: 0.0874
Metrics/base_velocity/error_vel_yaw: 0.0959
      Episode_Termination/time_out: 0.0183
Episode_Termination/terrain_out_of_bounds: 0.0000
Episode_Termination/illegal_contact: 0.9408
--------------------------------------------------------------------------------
                   Total timesteps: 393216
                    Iteration time: 1.67s
                      Time elapsed: 00:00:08
                               ETA: 14:30:24

################################################################################
                      [1m Learning iteration 4/25000 [0m                      

                       Computation: 57588 steps/s (collection: 1.177s, learning 0.530s)
             Mean action noise std: 0.95
          Mean value_function loss: 2.1511
               Mean surrogate loss: -0.0005
                 Mean entropy loss: 13.6667
                Mean priv_reg loss: 0.5074
                Mean amp/loss loss: 0.3037
            Mean amp/grad_pen loss: 0.1472
         Mean amp/policy_pred loss: -0.6073
         Mean amp/expert_pred loss: 0.5162
                       Mean reward: -15.32
               Mean episode length: 44.07
      Episode_Reward/is_terminated: -0.2000
       Episode_Reward/lin_vel_z_l2: -0.0291
      Episode_Reward/ang_vel_xy_l2: -0.0592
Episode_Reward/flat_orientation_l2: -0.0755
     Episode_Reward/base_height_l2: -0.0167
   Episode_Reward/joint_torques_l2: -0.0024
       Episode_Reward/joint_vel_l2: -0.0002
       Episode_Reward/joint_acc_l2: -0.0086
   Episode_Reward/joint_pos_limits: -0.0000
        Episode_Reward/joint_power: -0.0003
        Episode_Reward/stand_still: -0.0023
     Episode_Reward/action_rate_l2: -0.1280
 Episode_Reward/undesired_contacts: -0.0176
Episode_Reward/track_lin_vel_xy_exp: 0.0664
Episode_Reward/track_ang_vel_z_exp: 0.0401
      Episode_Reward/feet_air_time: 0.0017
Episode_Reward/feet_air_time_variance: -0.0044
         Episode_Reward/feet_slide: -0.0124
     Episode_Reward/feet_clearance: 0.0737
Episode_Reward/feet_distance_y_exp: 0.0927
   Episode_Reward/feet_landing_vel: -0.0009
 Episode_Reward/joint_vel_wheel_l2: -0.0003
 Episode_Reward/joint_acc_wheel_l2: -0.0001
Episode_Reward/joint_torques_wheel_l2: -0.0000
Episode_Reward/bipedal_gait_reward: -0.1005
Episode_Reward/feet_distance_penalize: -0.0994
        Episode_Reward/stop_motion: -0.0285
  Episode_Reward/action_smoothness: -0.1836
       Episode_Reward/lazy_penalty: -0.0001
         Episode_Reward/keep_alive: 0.0071
Episode_Reward/joint_deviation_hip: -0.0029
Episode_Reward/joint_deviation_ankle: -0.0026
Episode_Reward/joint_deviation_legs: -0.0006
Episode_Reward/body_orientation_l2: -0.0453
 Episode_Reward/ankle_torque_limit: -0.0018
Episode_Reward/penalize_hip_roll_action: -0.0712
Episode_Reward/feet_impact_reduction: -0.0000
Metrics/base_velocity/error_vel_xy: 0.0903
Metrics/base_velocity/error_vel_yaw: 0.0968
      Episode_Termination/time_out: 0.0052
Episode_Termination/terrain_out_of_bounds: 0.0000
Episode_Termination/illegal_contact: 0.9903
--------------------------------------------------------------------------------
                   Total timesteps: 491520
                    Iteration time: 1.71s
                      Time elapsed: 00:00:10
                               ETA: 13:58:31

################################################################################
                      [1m Learning iteration 5/25000 [0m                      

                       Computation: 51959 steps/s (collection: 1.362s, learning 0.530s)
             Mean action noise std: 0.94
          Mean value_function loss: 2.1040
               Mean surrogate loss: -0.0016
                 Mean entropy loss: 13.5403
                Mean priv_reg loss: 0.5861
                Mean amp/loss loss: 0.3123
            Mean amp/grad_pen loss: 0.1729
         Mean amp/policy_pred loss: -0.5502
         Mean amp/expert_pred loss: 0.5173
                       Mean reward: -15.25
               Mean episode length: 46.53
      Episode_Reward/is_terminated: -0.2000
       Episode_Reward/lin_vel_z_l2: -0.0272
      Episode_Reward/ang_vel_xy_l2: -0.0568
Episode_Reward/flat_orientation_l2: -0.0741
     Episode_Reward/base_height_l2: -0.0162
   Episode_Reward/joint_torques_l2: -0.0024
       Episode_Reward/joint_vel_l2: -0.0002
       Episode_Reward/joint_acc_l2: -0.0086
   Episode_Reward/joint_pos_limits: -0.0000
        Episode_Reward/joint_power: -0.0003
        Episode_Reward/stand_still: -0.0015
     Episode_Reward/action_rate_l2: -0.1243
 Episode_Reward/undesired_contacts: -0.0157
Episode_Reward/track_lin_vel_xy_exp: 0.0661
Episode_Reward/track_ang_vel_z_exp: 0.0401
      Episode_Reward/feet_air_time: 0.0016
Episode_Reward/feet_air_time_variance: -0.0042
         Episode_Reward/feet_slide: -0.0124
     Episode_Reward/feet_clearance: 0.0740
Episode_Reward/feet_distance_y_exp: 0.0918
   Episode_Reward/feet_landing_vel: -0.0009
 Episode_Reward/joint_vel_wheel_l2: -0.0003
 Episode_Reward/joint_acc_wheel_l2: -0.0001
Episode_Reward/joint_torques_wheel_l2: -0.0000
Episode_Reward/bipedal_gait_reward: -0.1011
Episode_Reward/feet_distance_penalize: -0.0770
        Episode_Reward/stop_motion: -0.0251
  Episode_Reward/action_smoothness: -0.1781
       Episode_Reward/lazy_penalty: -0.0001
         Episode_Reward/keep_alive: 0.0071
Episode_Reward/joint_deviation_hip: -0.0027
Episode_Reward/joint_deviation_ankle: -0.0026
Episode_Reward/joint_deviation_legs: -0.0006
Episode_Reward/body_orientation_l2: -0.0444
 Episode_Reward/ankle_torque_limit: -0.0017
Episode_Reward/penalize_hip_roll_action: -0.0693
Episode_Reward/feet_impact_reduction: -0.0000
Metrics/base_velocity/error_vel_xy: 0.0887
Metrics/base_velocity/error_vel_yaw: 0.0949
      Episode_Termination/time_out: 0.0013
Episode_Termination/terrain_out_of_bounds: 0.0000
Episode_Termination/illegal_contact: 0.9981
--------------------------------------------------------------------------------
                   Total timesteps: 589824
                    Iteration time: 1.89s
                      Time elapsed: 00:00:11
                               ETA: 13:50:06

################################################################################
                      [1m Learning iteration 6/25000 [0m                      

                       Computation: 56300 steps/s (collection: 1.223s, learning 0.523s)
             Mean action noise std: 0.93
          Mean value_function loss: 1.6348
               Mean surrogate loss: -0.0016
                 Mean entropy loss: 13.4437
                Mean priv_reg loss: 0.5344
                Mean amp/loss loss: 0.2926
            Mean amp/grad_pen loss: 0.1739
         Mean amp/policy_pred loss: -0.5514
         Mean amp/expert_pred loss: 0.5125
                       Mean reward: -15.34
               Mean episode length: 48.84
      Episode_Reward/is_terminated: -0.2000
       Episode_Reward/lin_vel_z_l2: -0.0271
      Episode_Reward/ang_vel_xy_l2: -0.0563
Episode_Reward/flat_orientation_l2: -0.0746
     Episode_Reward/base_height_l2: -0.0166
   Episode_Reward/joint_torques_l2: -0.0023
       Episode_Reward/joint_vel_l2: -0.0002
       Episode_Reward/joint_acc_l2: -0.0082
   Episode_Reward/joint_pos_limits: -0.0000
        Episode_Reward/joint_power: -0.0003
        Episode_Reward/stand_still: -0.0015
     Episode_Reward/action_rate_l2: -0.1225
 Episode_Reward/undesired_contacts: -0.0159
Episode_Reward/track_lin_vel_xy_exp: 0.0659
Episode_Reward/track_ang_vel_z_exp: 0.0407
      Episode_Reward/feet_air_time: 0.0017
Episode_Reward/feet_air_time_variance: -0.0045
         Episode_Reward/feet_slide: -0.0124
     Episode_Reward/feet_clearance: 0.0751
Episode_Reward/feet_distance_y_exp: 0.0930
   Episode_Reward/feet_landing_vel: -0.0009
 Episode_Reward/joint_vel_wheel_l2: -0.0003
 Episode_Reward/joint_acc_wheel_l2: -0.0000
Episode_Reward/joint_torques_wheel_l2: -0.0000
Episode_Reward/bipedal_gait_reward: -0.1014
Episode_Reward/feet_distance_penalize: -0.0728
        Episode_Reward/stop_motion: -0.0245
  Episode_Reward/action_smoothness: -0.1752
       Episode_Reward/lazy_penalty: -0.0001
         Episode_Reward/keep_alive: 0.0072
Episode_Reward/joint_deviation_hip: -0.0027
Episode_Reward/joint_deviation_ankle: -0.0026
Episode_Reward/joint_deviation_legs: -0.0006
Episode_Reward/body_orientation_l2: -0.0448
 Episode_Reward/ankle_torque_limit: -0.0016
Episode_Reward/penalize_hip_roll_action: -0.0686
Episode_Reward/feet_impact_reduction: -0.0000
Metrics/base_velocity/error_vel_xy: 0.0901
Metrics/base_velocity/error_vel_yaw: 0.0948
      Episode_Termination/time_out: 0.0006
Episode_Termination/terrain_out_of_bounds: 0.0000
Episode_Termination/illegal_contact: 0.9994
--------------------------------------------------------------------------------
                   Total timesteps: 688128
                    Iteration time: 1.75s
                      Time elapsed: 00:00:13
                               ETA: 13:35:23

################################################################################
                      [1m Learning iteration 7/25000 [0m                      

                       Computation: 56243 steps/s (collection: 1.218s, learning 0.530s)
             Mean action noise std: 0.92
          Mean value_function loss: 1.3495
               Mean surrogate loss: -0.0002
                 Mean entropy loss: 13.3508
                Mean priv_reg loss: 0.5174
                Mean amp/loss loss: 0.3051
            Mean amp/grad_pen loss: 0.1782
         Mean amp/policy_pred loss: -0.5326
         Mean amp/expert_pred loss: 0.5099
                       Mean reward: -14.26
               Mean episode length: 45.54
      Episode_Reward/is_terminated: -0.2000
       Episode_Reward/lin_vel_z_l2: -0.0272
      Episode_Reward/ang_vel_xy_l2: -0.0555
Episode_Reward/flat_orientation_l2: -0.0744
     Episode_Reward/base_height_l2: -0.0166
   Episode_Reward/joint_torques_l2: -0.0023
       Episode_Reward/joint_vel_l2: -0.0002
       Episode_Reward/joint_acc_l2: -0.0084
   Episode_Reward/joint_pos_limits: -0.0000
        Episode_Reward/joint_power: -0.0003
        Episode_Reward/stand_still: -0.0017
     Episode_Reward/action_rate_l2: -0.1199
 Episode_Reward/undesired_contacts: -0.0160
Episode_Reward/track_lin_vel_xy_exp: 0.0654
Episode_Reward/track_ang_vel_z_exp: 0.0413
      Episode_Reward/feet_air_time: 0.0017
Episode_Reward/feet_air_time_variance: -0.0044
         Episode_Reward/feet_slide: -0.0126
     Episode_Reward/feet_clearance: 0.0748
Episode_Reward/feet_distance_y_exp: 0.0932
   Episode_Reward/feet_landing_vel: -0.0008
 Episode_Reward/joint_vel_wheel_l2: -0.0003
 Episode_Reward/joint_acc_wheel_l2: -0.0000
Episode_Reward/joint_torques_wheel_l2: -0.0000
Episode_Reward/bipedal_gait_reward: -0.1013
Episode_Reward/feet_distance_penalize: -0.0671
        Episode_Reward/stop_motion: -0.0257
  Episode_Reward/action_smoothness: -0.1711
       Episode_Reward/lazy_penalty: -0.0001
         Episode_Reward/keep_alive: 0.0072
Episode_Reward/joint_deviation_hip: -0.0027
Episode_Reward/joint_deviation_ankle: -0.0027
Episode_Reward/joint_deviation_legs: -0.0006
Episode_Reward/body_orientation_l2: -0.0446
 Episode_Reward/ankle_torque_limit: -0.0016
Episode_Reward/penalize_hip_roll_action: -0.0678
Episode_Reward/feet_impact_reduction: -0.0000
Metrics/base_velocity/error_vel_xy: 0.0908
Metrics/base_velocity/error_vel_yaw: 0.0942
      Episode_Termination/time_out: 0.0001
Episode_Termination/terrain_out_of_bounds: 0.0000
Episode_Termination/illegal_contact: 0.9999
--------------------------------------------------------------------------------
                   Total timesteps: 786432
                    Iteration time: 1.75s
                      Time elapsed: 00:00:15
                               ETA: 13:24:27

################################################################################
                      [1m Learning iteration 8/25000 [0m                      

                       Computation: 55873 steps/s (collection: 1.226s, learning 0.534s)
             Mean action noise std: 0.91
          Mean value_function loss: 1.1335
               Mean surrogate loss: -0.0006
                 Mean entropy loss: 13.2732
                Mean priv_reg loss: 0.5021
                Mean amp/loss loss: 0.2958
            Mean amp/grad_pen loss: 0.1799
         Mean amp/policy_pred loss: -0.5385
         Mean amp/expert_pred loss: 0.5173
                       Mean reward: -14.96
               Mean episode length: 50.97
      Episode_Reward/is_terminated: -0.2000
       Episode_Reward/lin_vel_z_l2: -0.0284
      Episode_Reward/ang_vel_xy_l2: -0.0549
Episode_Reward/flat_orientation_l2: -0.0734
     Episode_Reward/base_height_l2: -0.0166
   Episode_Reward/joint_torques_l2: -0.0023
       Episode_Reward/joint_vel_l2: -0.0002
       Episode_Reward/joint_acc_l2: -0.0081
   Episode_Reward/joint_pos_limits: -0.0000
        Episode_Reward/joint_power: -0.0003
        Episode_Reward/stand_still: -0.0020
     Episode_Reward/action_rate_l2: -0.1165
 Episode_Reward/undesired_contacts: -0.0169
Episode_Reward/track_lin_vel_xy_exp: 0.0664
Episode_Reward/track_ang_vel_z_exp: 0.0414
      Episode_Reward/feet_air_time: 0.0015
Episode_Reward/feet_air_time_variance: -0.0043
         Episode_Reward/feet_slide: -0.0126
     Episode_Reward/feet_clearance: 0.0745
Episode_Reward/feet_distance_y_exp: 0.0929
   Episode_Reward/feet_landing_vel: -0.0008
 Episode_Reward/joint_vel_wheel_l2: -0.0003
 Episode_Reward/joint_acc_wheel_l2: -0.0001
Episode_Reward/joint_torques_wheel_l2: -0.0000
Episode_Reward/bipedal_gait_reward: -0.1001
Episode_Reward/feet_distance_penalize: -0.0580
        Episode_Reward/stop_motion: -0.0265
  Episode_Reward/action_smoothness: -0.1660
       Episode_Reward/lazy_penalty: -0.0001
         Episode_Reward/keep_alive: 0.0071
Episode_Reward/joint_deviation_hip: -0.0026
Episode_Reward/joint_deviation_ankle: -0.0027
Episode_Reward/joint_deviation_legs: -0.0006
Episode_Reward/body_orientation_l2: -0.0441
 Episode_Reward/ankle_torque_limit: -0.0015
Episode_Reward/penalize_hip_roll_action: -0.0666
Episode_Reward/feet_impact_reduction: -0.0000
Metrics/base_velocity/error_vel_xy: 0.0900
Metrics/base_velocity/error_vel_yaw: 0.0936
      Episode_Termination/time_out: 0.0000
Episode_Termination/terrain_out_of_bounds: 0.0000
Episode_Termination/illegal_contact: 1.0000
--------------------------------------------------------------------------------
                   Total timesteps: 884736
                    Iteration time: 1.76s
                      Time elapsed: 00:00:17
                               ETA: 13:16:28

################################################################################
                      [1m Learning iteration 9/25000 [0m                      

                       Computation: 55055 steps/s (collection: 1.256s, learning 0.529s)
             Mean action noise std: 0.90
          Mean value_function loss: 0.9369
               Mean surrogate loss: 0.0002
                 Mean entropy loss: 13.1586
                Mean priv_reg loss: 0.5604
                Mean amp/loss loss: 0.3090
            Mean amp/grad_pen loss: 0.1846
         Mean amp/policy_pred loss: -0.5116
         Mean amp/expert_pred loss: 0.5054
                       Mean reward: -14.32
               Mean episode length: 48.54
      Episode_Reward/is_terminated: -0.2000
       Episode_Reward/lin_vel_z_l2: -0.0274
      Episode_Reward/ang_vel_xy_l2: -0.0537
Episode_Reward/flat_orientation_l2: -0.0736
     Episode_Reward/base_height_l2: -0.0164
   Episode_Reward/joint_torques_l2: -0.0023
       Episode_Reward/joint_vel_l2: -0.0002
       Episode_Reward/joint_acc_l2: -0.0083
   Episode_Reward/joint_pos_limits: -0.0000
        Episode_Reward/joint_power: -0.0003
        Episode_Reward/stand_still: -0.0015
     Episode_Reward/action_rate_l2: -0.1149
 Episode_Reward/undesired_contacts: -0.0162
Episode_Reward/track_lin_vel_xy_exp: 0.0654
Episode_Reward/track_ang_vel_z_exp: 0.0424
      Episode_Reward/feet_air_time: 0.0016
Episode_Reward/feet_air_time_variance: -0.0046
         Episode_Reward/feet_slide: -0.0126
     Episode_Reward/feet_clearance: 0.0757
Episode_Reward/feet_distance_y_exp: 0.0937
   Episode_Reward/feet_landing_vel: -0.0008
 Episode_Reward/joint_vel_wheel_l2: -0.0003
 Episode_Reward/joint_acc_wheel_l2: -0.0000
Episode_Reward/joint_torques_wheel_l2: -0.0000
Episode_Reward/bipedal_gait_reward: -0.1015
Episode_Reward/feet_distance_penalize: -0.0520
        Episode_Reward/stop_motion: -0.0241
  Episode_Reward/action_smoothness: -0.1633
       Episode_Reward/lazy_penalty: -0.0001
         Episode_Reward/keep_alive: 0.0072
Episode_Reward/joint_deviation_hip: -0.0026
Episode_Reward/joint_deviation_ankle: -0.0027
Episode_Reward/joint_deviation_legs: -0.0006
Episode_Reward/body_orientation_l2: -0.0441
 Episode_Reward/ankle_torque_limit: -0.0015
Episode_Reward/penalize_hip_roll_action: -0.0662
Episode_Reward/feet_impact_reduction: -0.0000
Metrics/base_velocity/error_vel_xy: 0.0916
Metrics/base_velocity/error_vel_yaw: 0.0931
      Episode_Termination/time_out: 0.0000
Episode_Termination/terrain_out_of_bounds: 0.0000
Episode_Termination/illegal_contact: 1.0000
--------------------------------------------------------------------------------
                   Total timesteps: 983040
                    Iteration time: 1.79s
                      Time elapsed: 00:00:18
                               ETA: 13:11:09

################################################################################
                     [1m Learning iteration 10/25000 [0m                      

                       Computation: 51883 steps/s (collection: 1.367s, learning 0.528s)
             Mean action noise std: 0.89
          Mean value_function loss: 0.7031
               Mean surrogate loss: 0.0005
                 Mean entropy loss: 13.0329
                Mean priv_reg loss: 0.5341
                Mean amp/loss loss: 0.3124
            Mean amp/grad_pen loss: 0.1901
         Mean amp/policy_pred loss: -0.5055
         Mean amp/expert_pred loss: 0.4935
                       Mean reward: -13.53
               Mean episode length: 47.04
      Episode_Reward/is_terminated: -0.2000
       Episode_Reward/lin_vel_z_l2: -0.0269
      Episode_Reward/ang_vel_xy_l2: -0.0527
Episode_Reward/flat_orientation_l2: -0.0731
     Episode_Reward/base_height_l2: -0.0163
   Episode_Reward/joint_torques_l2: -0.0022
       Episode_Reward/joint_vel_l2: -0.0002
       Episode_Reward/joint_acc_l2: -0.0079
   Episode_Reward/joint_pos_limits: -0.0000
        Episode_Reward/joint_power: -0.0003
        Episode_Reward/stand_still: -0.0020
     Episode_Reward/action_rate_l2: -0.1132
 Episode_Reward/undesired_contacts: -0.0157
Episode_Reward/track_lin_vel_xy_exp: 0.0690
Episode_Reward/track_ang_vel_z_exp: 0.0438
      Episode_Reward/feet_air_time: 0.0016
Episode_Reward/feet_air_time_variance: -0.0047
         Episode_Reward/feet_slide: -0.0128
     Episode_Reward/feet_clearance: 0.0760
Episode_Reward/feet_distance_y_exp: 0.0945
   Episode_Reward/feet_landing_vel: -0.0008
 Episode_Reward/joint_vel_wheel_l2: -0.0003
 Episode_Reward/joint_acc_wheel_l2: -0.0000
Episode_Reward/joint_torques_wheel_l2: -0.0000
Episode_Reward/bipedal_gait_reward: -0.1013
Episode_Reward/feet_distance_penalize: -0.0496
        Episode_Reward/stop_motion: -0.0275
  Episode_Reward/action_smoothness: -0.1607
       Episode_Reward/lazy_penalty: -0.0001
         Episode_Reward/keep_alive: 0.0072
Episode_Reward/joint_deviation_hip: -0.0026
Episode_Reward/joint_deviation_ankle: -0.0027
Episode_Reward/joint_deviation_legs: -0.0006
Episode_Reward/body_orientation_l2: -0.0438
 Episode_Reward/ankle_torque_limit: -0.0015
Episode_Reward/penalize_hip_roll_action: -0.0657
Episode_Reward/feet_impact_reduction: -0.0000
Metrics/base_velocity/error_vel_xy: 0.0902
Metrics/base_velocity/error_vel_yaw: 0.0924
      Episode_Termination/time_out: 0.0000
Episode_Termination/terrain_out_of_bounds: 0.0000
Episode_Termination/illegal_contact: 1.0000
--------------------------------------------------------------------------------
                   Total timesteps: 1081344
                    Iteration time: 1.89s
                      Time elapsed: 00:00:20
                               ETA: 13:10:57

################################################################################
                     [1m Learning iteration 11/25000 [0m                      

                       Computation: 51689 steps/s (collection: 1.373s, learning 0.529s)
             Mean action noise std: 0.87
          Mean value_function loss: 0.5061
               Mean surrogate loss: -0.0023
                 Mean entropy loss: 12.8959
                Mean priv_reg loss: 0.5052
                Mean amp/loss loss: 0.3238
            Mean amp/grad_pen loss: 0.1933
         Mean amp/policy_pred loss: -0.4814
         Mean amp/expert_pred loss: 0.4861
                       Mean reward: -13.65
               Mean episode length: 50.14
      Episode_Reward/is_terminated: -0.2000
       Episode_Reward/lin_vel_z_l2: -0.0266
      Episode_Reward/ang_vel_xy_l2: -0.0513
Episode_Reward/flat_orientation_l2: -0.0729
     Episode_Reward/base_height_l2: -0.0165
   Episode_Reward/joint_torques_l2: -0.0022
       Episode_Reward/joint_vel_l2: -0.0002
       Episode_Reward/joint_acc_l2: -0.0078
   Episode_Reward/joint_pos_limits: -0.0000
        Episode_Reward/joint_power: -0.0003
        Episode_Reward/stand_still: -0.0017
     Episode_Reward/action_rate_l2: -0.1089
 Episode_Reward/undesired_contacts: -0.0157
Episode_Reward/track_lin_vel_xy_exp: 0.0691
Episode_Reward/track_ang_vel_z_exp: 0.0436
      Episode_Reward/feet_air_time: 0.0016
Episode_Reward/feet_air_time_variance: -0.0047
         Episode_Reward/feet_slide: -0.0128
     Episode_Reward/feet_clearance: 0.0758
Episode_Reward/feet_distance_y_exp: 0.0938
   Episode_Reward/feet_landing_vel: -0.0008
 Episode_Reward/joint_vel_wheel_l2: -0.0003
 Episode_Reward/joint_acc_wheel_l2: -0.0000
Episode_Reward/joint_torques_wheel_l2: -0.0000
Episode_Reward/bipedal_gait_reward: -0.1011
Episode_Reward/feet_distance_penalize: -0.0435
        Episode_Reward/stop_motion: -0.0239
  Episode_Reward/action_smoothness: -0.1542
       Episode_Reward/lazy_penalty: -0.0001
         Episode_Reward/keep_alive: 0.0072
Episode_Reward/joint_deviation_hip: -0.0026
Episode_Reward/joint_deviation_ankle: -0.0027
Episode_Reward/joint_deviation_legs: -0.0006
Episode_Reward/body_orientation_l2: -0.0438
 Episode_Reward/ankle_torque_limit: -0.0014
Episode_Reward/penalize_hip_roll_action: -0.0638
Episode_Reward/feet_impact_reduction: -0.0000
Metrics/base_velocity/error_vel_xy: 0.0892
Metrics/base_velocity/error_vel_yaw: 0.0912
      Episode_Termination/time_out: 0.0000
Episode_Termination/terrain_out_of_bounds: 0.0000
Episode_Termination/illegal_contact: 1.0000
--------------------------------------------------------------------------------
                   Total timesteps: 1179648
                    Iteration time: 1.90s
                      Time elapsed: 00:00:22
                               ETA: 13:11:00

################################################################################
                     [1m Learning iteration 12/25000 [0m                      

                       Computation: 53447 steps/s (collection: 1.309s, learning 0.530s)
             Mean action noise std: 0.86
          Mean value_function loss: 0.4656
               Mean surrogate loss: -0.0016
                 Mean entropy loss: 12.7085
                Mean priv_reg loss: 0.4933
                Mean amp/loss loss: 0.3345
            Mean amp/grad_pen loss: 0.1878
         Mean amp/policy_pred loss: -0.5010
         Mean amp/expert_pred loss: 0.4616
                       Mean reward: -13.29
               Mean episode length: 49.31
      Episode_Reward/is_terminated: -0.2000
       Episode_Reward/lin_vel_z_l2: -0.0263
      Episode_Reward/ang_vel_xy_l2: -0.0503
Episode_Reward/flat_orientation_l2: -0.0726
     Episode_Reward/base_height_l2: -0.0163
   Episode_Reward/joint_torques_l2: -0.0021
       Episode_Reward/joint_vel_l2: -0.0002
       Episode_Reward/joint_acc_l2: -0.0075
   Episode_Reward/joint_pos_limits: -0.0000
        Episode_Reward/joint_power: -0.0003
        Episode_Reward/stand_still: -0.0017
     Episode_Reward/action_rate_l2: -0.1049
 Episode_Reward/undesired_contacts: -0.0156
Episode_Reward/track_lin_vel_xy_exp: 0.0656
Episode_Reward/track_ang_vel_z_exp: 0.0439
      Episode_Reward/feet_air_time: 0.0016
Episode_Reward/feet_air_time_variance: -0.0048
         Episode_Reward/feet_slide: -0.0128
     Episode_Reward/feet_clearance: 0.0762
Episode_Reward/feet_distance_y_exp: 0.0940
   Episode_Reward/feet_landing_vel: -0.0008
 Episode_Reward/joint_vel_wheel_l2: -0.0003
 Episode_Reward/joint_acc_wheel_l2: -0.0000
Episode_Reward/joint_torques_wheel_l2: -0.0000
Episode_Reward/bipedal_gait_reward: -0.1010
Episode_Reward/feet_distance_penalize: -0.0382
        Episode_Reward/stop_motion: -0.0234
  Episode_Reward/action_smoothness: -0.1481
       Episode_Reward/lazy_penalty: -0.0001
         Episode_Reward/keep_alive: 0.0072
Episode_Reward/joint_deviation_hip: -0.0025
Episode_Reward/joint_deviation_ankle: -0.0027
Episode_Reward/joint_deviation_legs: -0.0006
Episode_Reward/body_orientation_l2: -0.0435
 Episode_Reward/ankle_torque_limit: -0.0013
Episode_Reward/penalize_hip_roll_action: -0.0626
Episode_Reward/feet_impact_reduction: -0.0000
Metrics/base_velocity/error_vel_xy: 0.0917
Metrics/base_velocity/error_vel_yaw: 0.0903
      Episode_Termination/time_out: 0.0000
Episode_Termination/terrain_out_of_bounds: 0.0000
Episode_Termination/illegal_contact: 1.0000
--------------------------------------------------------------------------------
                   Total timesteps: 1277952
                    Iteration time: 1.84s
                      Time elapsed: 00:00:24
                               ETA: 13:09:03

################################################################################
                     [1m Learning iteration 13/25000 [0m                      

                       Computation: 52481 steps/s (collection: 1.339s, learning 0.534s)
             Mean action noise std: 0.85
          Mean value_function loss: 0.5038
               Mean surrogate loss: -0.0027
                 Mean entropy loss: 12.5564
                Mean priv_reg loss: 0.4841
                Mean amp/loss loss: 0.3392
            Mean amp/grad_pen loss: 0.1652
         Mean amp/policy_pred loss: -0.5288
         Mean amp/expert_pred loss: 0.4591
                       Mean reward: -12.11
               Mean episode length: 47.39
      Episode_Reward/is_terminated: -0.2000
       Episode_Reward/lin_vel_z_l2: -0.0263
      Episode_Reward/ang_vel_xy_l2: -0.0487
Episode_Reward/flat_orientation_l2: -0.0722
     Episode_Reward/base_height_l2: -0.0163
   Episode_Reward/joint_torques_l2: -0.0020
       Episode_Reward/joint_vel_l2: -0.0002
       Episode_Reward/joint_acc_l2: -0.0072
   Episode_Reward/joint_pos_limits: -0.0000
        Episode_Reward/joint_power: -0.0003
        Episode_Reward/stand_still: -0.0018
     Episode_Reward/action_rate_l2: -0.1007
 Episode_Reward/undesired_contacts: -0.0156
Episode_Reward/track_lin_vel_xy_exp: 0.0666
Episode_Reward/track_ang_vel_z_exp: 0.0439
      Episode_Reward/feet_air_time: 0.0015
Episode_Reward/feet_air_time_variance: -0.0049
         Episode_Reward/feet_slide: -0.0129
     Episode_Reward/feet_clearance: 0.0755
Episode_Reward/feet_distance_y_exp: 0.0933
   Episode_Reward/feet_landing_vel: -0.0007
 Episode_Reward/joint_vel_wheel_l2: -0.0003
 Episode_Reward/joint_acc_wheel_l2: -0.0000
Episode_Reward/joint_torques_wheel_l2: -0.0000
Episode_Reward/bipedal_gait_reward: -0.0996
Episode_Reward/feet_distance_penalize: -0.0332
        Episode_Reward/stop_motion: -0.0247
  Episode_Reward/action_smoothness: -0.1418
       Episode_Reward/lazy_penalty: -0.0001
         Episode_Reward/keep_alive: 0.0071
Episode_Reward/joint_deviation_hip: -0.0025
Episode_Reward/joint_deviation_ankle: -0.0027
Episode_Reward/joint_deviation_legs: -0.0006
Episode_Reward/body_orientation_l2: -0.0433
 Episode_Reward/ankle_torque_limit: -0.0012
Episode_Reward/penalize_hip_roll_action: -0.0606
Episode_Reward/feet_impact_reduction: -0.0000
Metrics/base_velocity/error_vel_xy: 0.0900
Metrics/base_velocity/error_vel_yaw: 0.0887
      Episode_Termination/time_out: 0.0000
Episode_Termination/terrain_out_of_bounds: 0.0000
Episode_Termination/illegal_contact: 1.0000
--------------------------------------------------------------------------------
                   Total timesteps: 1376256
                    Iteration time: 1.87s
                      Time elapsed: 00:00:26
                               ETA: 13:08:23

################################################################################
                     [1m Learning iteration 14/25000 [0m                      

                       Computation: 53629 steps/s (collection: 1.303s, learning 0.530s)
             Mean action noise std: 0.84
          Mean value_function loss: 0.3605
               Mean surrogate loss: -0.0020
                 Mean entropy loss: 12.4417
                Mean priv_reg loss: 0.4826
                Mean amp/loss loss: 0.3660
            Mean amp/grad_pen loss: 0.1820
         Mean amp/policy_pred loss: -0.4981
         Mean amp/expert_pred loss: 0.4281
                       Mean reward: -12.61
               Mean episode length: 48.61
      Episode_Reward/is_terminated: -0.2000
       Episode_Reward/lin_vel_z_l2: -0.0268
      Episode_Reward/ang_vel_xy_l2: -0.0483
Episode_Reward/flat_orientation_l2: -0.0717
     Episode_Reward/base_height_l2: -0.0162
   Episode_Reward/joint_torques_l2: -0.0021
       Episode_Reward/joint_vel_l2: -0.0002
       Episode_Reward/joint_acc_l2: -0.0073
   Episode_Reward/joint_pos_limits: -0.0000
        Episode_Reward/joint_power: -0.0003
        Episode_Reward/stand_still: -0.0016
     Episode_Reward/action_rate_l2: -0.1001
 Episode_Reward/undesired_contacts: -0.0158
Episode_Reward/track_lin_vel_xy_exp: 0.0704
Episode_Reward/track_ang_vel_z_exp: 0.0454
      Episode_Reward/feet_air_time: 0.0015
Episode_Reward/feet_air_time_variance: -0.0052
         Episode_Reward/feet_slide: -0.0132
     Episode_Reward/feet_clearance: 0.0778
Episode_Reward/feet_distance_y_exp: 0.0955
   Episode_Reward/feet_landing_vel: -0.0007
 Episode_Reward/joint_vel_wheel_l2: -0.0003
 Episode_Reward/joint_acc_wheel_l2: -0.0000
Episode_Reward/joint_torques_wheel_l2: -0.0000
Episode_Reward/bipedal_gait_reward: -0.1026
Episode_Reward/feet_distance_penalize: -0.0304
        Episode_Reward/stop_motion: -0.0250
  Episode_Reward/action_smoothness: -0.1407
       Episode_Reward/lazy_penalty: -0.0001
         Episode_Reward/keep_alive: 0.0073
Episode_Reward/joint_deviation_hip: -0.0025
Episode_Reward/joint_deviation_ankle: -0.0027
Episode_Reward/joint_deviation_legs: -0.0006
Episode_Reward/body_orientation_l2: -0.0430
 Episode_Reward/ankle_torque_limit: -0.0011
Episode_Reward/penalize_hip_roll_action: -0.0607
Episode_Reward/feet_impact_reduction: -0.0000
Metrics/base_velocity/error_vel_xy: 0.0905
Metrics/base_velocity/error_vel_yaw: 0.0889
      Episode_Termination/time_out: 0.0000
Episode_Termination/terrain_out_of_bounds: 0.0000
Episode_Termination/illegal_contact: 1.0000
--------------------------------------------------------------------------------
                   Total timesteps: 1474560
                    Iteration time: 1.83s
                      Time elapsed: 00:00:28
                               ETA: 13:06:41

################################################################################
                     [1m Learning iteration 15/25000 [0m                      

                       Computation: 58180 steps/s (collection: 1.166s, learning 0.523s)
             Mean action noise std: 0.83
          Mean value_function loss: 0.3074
               Mean surrogate loss: -0.0034
                 Mean entropy loss: 12.3057
                Mean priv_reg loss: 0.4868
                Mean amp/loss loss: 0.3445
            Mean amp/grad_pen loss: 0.1946
         Mean amp/policy_pred loss: -0.4686
         Mean amp/expert_pred loss: 0.4625
                       Mean reward: -11.59
               Mean episode length: 47.56
      Episode_Reward/is_terminated: -0.2000
       Episode_Reward/lin_vel_z_l2: -0.0266
      Episode_Reward/ang_vel_xy_l2: -0.0468
Episode_Reward/flat_orientation_l2: -0.0718
     Episode_Reward/base_height_l2: -0.0163
   Episode_Reward/joint_torques_l2: -0.0020
       Episode_Reward/joint_vel_l2: -0.0002
       Episode_Reward/joint_acc_l2: -0.0071
   Episode_Reward/joint_pos_limits: 0.0000
        Episode_Reward/joint_power: -0.0002
        Episode_Reward/stand_still: -0.0017
     Episode_Reward/action_rate_l2: -0.0964
 Episode_Reward/undesired_contacts: -0.0158
Episode_Reward/track_lin_vel_xy_exp: 0.0678
Episode_Reward/track_ang_vel_z_exp: 0.0462
      Episode_Reward/feet_air_time: 0.0015
Episode_Reward/feet_air_time_variance: -0.0052
         Episode_Reward/feet_slide: -0.0131
     Episode_Reward/feet_clearance: 0.0773
Episode_Reward/feet_distance_y_exp: 0.0948
   Episode_Reward/feet_landing_vel: -0.0007
 Episode_Reward/joint_vel_wheel_l2: -0.0003
 Episode_Reward/joint_acc_wheel_l2: -0.0000
Episode_Reward/joint_torques_wheel_l2: -0.0000
Episode_Reward/bipedal_gait_reward: -0.1011
Episode_Reward/feet_distance_penalize: -0.0254
        Episode_Reward/stop_motion: -0.0245
  Episode_Reward/action_smoothness: -0.1354
       Episode_Reward/lazy_penalty: -0.0001
         Episode_Reward/keep_alive: 0.0072
Episode_Reward/joint_deviation_hip: -0.0024
Episode_Reward/joint_deviation_ankle: -0.0027
Episode_Reward/joint_deviation_legs: -0.0006
Episode_Reward/body_orientation_l2: -0.0431
 Episode_Reward/ankle_torque_limit: -0.0010
Episode_Reward/penalize_hip_roll_action: -0.0591
Episode_Reward/feet_impact_reduction: -0.0000
Metrics/base_velocity/error_vel_xy: 0.0910
Metrics/base_velocity/error_vel_yaw: 0.0865
      Episode_Termination/time_out: 0.0000
Episode_Termination/terrain_out_of_bounds: 0.0000
Episode_Termination/illegal_contact: 1.0000
--------------------------------------------------------------------------------
                   Total timesteps: 1572864
                    Iteration time: 1.69s
                      Time elapsed: 00:00:30
                               ETA: 13:01:28

################################################################################
                     [1m Learning iteration 16/25000 [0m                      

                       Computation: 55990 steps/s (collection: 1.228s, learning 0.528s)
             Mean action noise std: 0.81
          Mean value_function loss: 0.2748
               Mean surrogate loss: -0.0032
                 Mean entropy loss: 12.1436
                Mean priv_reg loss: 0.4549
                Mean amp/loss loss: 0.3694
            Mean amp/grad_pen loss: 0.1996
         Mean amp/policy_pred loss: -0.4282
         Mean amp/expert_pred loss: 0.4437
                       Mean reward: -11.86
               Mean episode length: 51.85
      Episode_Reward/is_terminated: -0.2000
       Episode_Reward/lin_vel_z_l2: -0.0261
      Episode_Reward/ang_vel_xy_l2: -0.0457
Episode_Reward/flat_orientation_l2: -0.0714
     Episode_Reward/base_height_l2: -0.0162
   Episode_Reward/joint_torques_l2: -0.0020
       Episode_Reward/joint_vel_l2: -0.0002
       Episode_Reward/joint_acc_l2: -0.0068
   Episode_Reward/joint_pos_limits: -0.0000
        Episode_Reward/joint_power: -0.0002
        Episode_Reward/stand_still: -0.0016
     Episode_Reward/action_rate_l2: -0.0939
 Episode_Reward/undesired_contacts: -0.0152
Episode_Reward/track_lin_vel_xy_exp: 0.0694
Episode_Reward/track_ang_vel_z_exp: 0.0473
      Episode_Reward/feet_air_time: 0.0014
Episode_Reward/feet_air_time_variance: -0.0053
         Episode_Reward/feet_slide: -0.0133
     Episode_Reward/feet_clearance: 0.0779
Episode_Reward/feet_distance_y_exp: 0.0951
   Episode_Reward/feet_landing_vel: -0.0008
 Episode_Reward/joint_vel_wheel_l2: -0.0003
 Episode_Reward/joint_acc_wheel_l2: -0.0000
Episode_Reward/joint_torques_wheel_l2: -0.0000
Episode_Reward/bipedal_gait_reward: -0.1011
Episode_Reward/feet_distance_penalize: -0.0216
        Episode_Reward/stop_motion: -0.0233
  Episode_Reward/action_smoothness: -0.1316
       Episode_Reward/lazy_penalty: -0.0001
         Episode_Reward/keep_alive: 0.0073
Episode_Reward/joint_deviation_hip: -0.0024
Episode_Reward/joint_deviation_ankle: -0.0027
Episode_Reward/joint_deviation_legs: -0.0006
Episode_Reward/body_orientation_l2: -0.0428
 Episode_Reward/ankle_torque_limit: -0.0010
Episode_Reward/penalize_hip_roll_action: -0.0583
Episode_Reward/feet_impact_reduction: -0.0000
Metrics/base_velocity/error_vel_xy: 0.0906
Metrics/base_velocity/error_vel_yaw: 0.0852
      Episode_Termination/time_out: 0.0000
Episode_Termination/terrain_out_of_bounds: 0.0000
Episode_Termination/illegal_contact: 1.0000
--------------------------------------------------------------------------------
                   Total timesteps: 1671168
                    Iteration time: 1.76s
                      Time elapsed: 00:00:31
                               ETA: 12:58:28

################################################################################
                     [1m Learning iteration 17/25000 [0m                      

                       Computation: 55397 steps/s (collection: 1.249s, learning 0.526s)
             Mean action noise std: 0.80
          Mean value_function loss: 0.2045
               Mean surrogate loss: -0.0073
                 Mean entropy loss: 11.8979
                Mean priv_reg loss: 0.4829
                Mean amp/loss loss: 0.3878
            Mean amp/grad_pen loss: 0.1945
         Mean amp/policy_pred loss: -0.4110
         Mean amp/expert_pred loss: 0.4175
                       Mean reward: -11.58
               Mean episode length: 51.51
      Episode_Reward/is_terminated: -0.2000
       Episode_Reward/lin_vel_z_l2: -0.0265
      Episode_Reward/ang_vel_xy_l2: -0.0450
Episode_Reward/flat_orientation_l2: -0.0708
     Episode_Reward/base_height_l2: -0.0162
   Episode_Reward/joint_torques_l2: -0.0019
       Episode_Reward/joint_vel_l2: -0.0001
       Episode_Reward/joint_acc_l2: -0.0066
   Episode_Reward/joint_pos_limits: -0.0000
        Episode_Reward/joint_power: -0.0002
        Episode_Reward/stand_still: -0.0016
     Episode_Reward/action_rate_l2: -0.0911
 Episode_Reward/undesired_contacts: -0.0156
Episode_Reward/track_lin_vel_xy_exp: 0.0726
Episode_Reward/track_ang_vel_z_exp: 0.0475
      Episode_Reward/feet_air_time: 0.0014
Episode_Reward/feet_air_time_variance: -0.0055
         Episode_Reward/feet_slide: -0.0133
     Episode_Reward/feet_clearance: 0.0784
Episode_Reward/feet_distance_y_exp: 0.0956
   Episode_Reward/feet_landing_vel: -0.0007
 Episode_Reward/joint_vel_wheel_l2: -0.0003
 Episode_Reward/joint_acc_wheel_l2: -0.0000
Episode_Reward/joint_torques_wheel_l2: -0.0000
Episode_Reward/bipedal_gait_reward: -0.1019
Episode_Reward/feet_distance_penalize: -0.0199
        Episode_Reward/stop_motion: -0.0240
  Episode_Reward/action_smoothness: -0.1275
       Episode_Reward/lazy_penalty: -0.0001
         Episode_Reward/keep_alive: 0.0073
Episode_Reward/joint_deviation_hip: -0.0024
Episode_Reward/joint_deviation_ankle: -0.0027
Episode_Reward/joint_deviation_legs: -0.0006
Episode_Reward/body_orientation_l2: -0.0425
 Episode_Reward/ankle_torque_limit: -0.0009
Episode_Reward/penalize_hip_roll_action: -0.0573
Episode_Reward/feet_impact_reduction: -0.0000
Metrics/base_velocity/error_vel_xy: 0.0891
Metrics/base_velocity/error_vel_yaw: 0.0853
      Episode_Termination/time_out: 0.0000
Episode_Termination/terrain_out_of_bounds: 0.0000
Episode_Termination/illegal_contact: 1.0000
--------------------------------------------------------------------------------
                   Total timesteps: 1769472
                    Iteration time: 1.77s
                      Time elapsed: 00:00:33
                               ETA: 12:56:14

################################################################################
                     [1m Learning iteration 18/25000 [0m                      

                       Computation: 54516 steps/s (collection: 1.272s, learning 0.531s)
             Mean action noise std: 0.79
          Mean value_function loss: 0.2095
               Mean surrogate loss: -0.0054
                 Mean entropy loss: 11.7435
                Mean priv_reg loss: 0.5008
                Mean amp/loss loss: 0.3948
            Mean amp/grad_pen loss: 0.2000
         Mean amp/policy_pred loss: -0.4122
         Mean amp/expert_pred loss: 0.4054
                       Mean reward: -10.79
               Mean episode length: 48.28
      Episode_Reward/is_terminated: -0.2000
       Episode_Reward/lin_vel_z_l2: -0.0260
      Episode_Reward/ang_vel_xy_l2: -0.0440
Episode_Reward/flat_orientation_l2: -0.0701
     Episode_Reward/base_height_l2: -0.0161
   Episode_Reward/joint_torques_l2: -0.0019
       Episode_Reward/joint_vel_l2: -0.0001
       Episode_Reward/joint_acc_l2: -0.0067
   Episode_Reward/joint_pos_limits: -0.0000
        Episode_Reward/joint_power: -0.0002
        Episode_Reward/stand_still: -0.0011
     Episode_Reward/action_rate_l2: -0.0891
 Episode_Reward/undesired_contacts: -0.0155
Episode_Reward/track_lin_vel_xy_exp: 0.0742
Episode_Reward/track_ang_vel_z_exp: 0.0496
      Episode_Reward/feet_air_time: 0.0014
Episode_Reward/feet_air_time_variance: -0.0057
         Episode_Reward/feet_slide: -0.0134
     Episode_Reward/feet_clearance: 0.0808
Episode_Reward/feet_distance_y_exp: 0.0974
   Episode_Reward/feet_landing_vel: -0.0007
 Episode_Reward/joint_vel_wheel_l2: -0.0003
 Episode_Reward/joint_acc_wheel_l2: -0.0000
Episode_Reward/joint_torques_wheel_l2: -0.0000
Episode_Reward/bipedal_gait_reward: -0.1036
Episode_Reward/feet_distance_penalize: -0.0191
        Episode_Reward/stop_motion: -0.0206
  Episode_Reward/action_smoothness: -0.1245
       Episode_Reward/lazy_penalty: -0.0001
         Episode_Reward/keep_alive: 0.0074
Episode_Reward/joint_deviation_hip: -0.0024
Episode_Reward/joint_deviation_ankle: -0.0028
Episode_Reward/joint_deviation_legs: -0.0006
Episode_Reward/body_orientation_l2: -0.0421
 Episode_Reward/ankle_torque_limit: -0.0009
Episode_Reward/penalize_hip_roll_action: -0.0572
Episode_Reward/feet_impact_reduction: -0.0000
Metrics/base_velocity/error_vel_xy: 0.0914
Metrics/base_velocity/error_vel_yaw: 0.0845
      Episode_Termination/time_out: 0.0000
Episode_Termination/terrain_out_of_bounds: 0.0000
Episode_Termination/illegal_contact: 1.0000
--------------------------------------------------------------------------------
                   Total timesteps: 1867776
                    Iteration time: 1.80s
                      Time elapsed: 00:00:35
                               ETA: 12:54:52

################################################################################
                     [1m Learning iteration 19/25000 [0m                      

                       Computation: 52072 steps/s (collection: 1.345s, learning 0.543s)
             Mean action noise std: 0.78
          Mean value_function loss: 0.1898
               Mean surrogate loss: -0.0068
                 Mean entropy loss: 11.5770
                Mean priv_reg loss: 0.5085
                Mean amp/loss loss: 0.3542
            Mean amp/grad_pen loss: 0.1825
         Mean amp/policy_pred loss: -0.4688
         Mean amp/expert_pred loss: 0.4547
                       Mean reward: -10.83
               Mean episode length: 52.71
      Episode_Reward/is_terminated: -0.2000
       Episode_Reward/lin_vel_z_l2: -0.0251
      Episode_Reward/ang_vel_xy_l2: -0.0421
Episode_Reward/flat_orientation_l2: -0.0691
     Episode_Reward/base_height_l2: -0.0157
   Episode_Reward/joint_torques_l2: -0.0019
       Episode_Reward/joint_vel_l2: -0.0001
       Episode_Reward/joint_acc_l2: -0.0064
   Episode_Reward/joint_pos_limits: 0.0000
        Episode_Reward/joint_power: -0.0002
        Episode_Reward/stand_still: -0.0019
     Episode_Reward/action_rate_l2: -0.0846
 Episode_Reward/undesired_contacts: -0.0150
Episode_Reward/track_lin_vel_xy_exp: 0.0717
Episode_Reward/track_ang_vel_z_exp: 0.0507
      Episode_Reward/feet_air_time: 0.0014
Episode_Reward/feet_air_time_variance: -0.0059
         Episode_Reward/feet_slide: -0.0136
     Episode_Reward/feet_clearance: 0.0790
Episode_Reward/feet_distance_y_exp: 0.0962
   Episode_Reward/feet_landing_vel: -0.0007
 Episode_Reward/joint_vel_wheel_l2: -0.0003
 Episode_Reward/joint_acc_wheel_l2: -0.0000
Episode_Reward/joint_torques_wheel_l2: -0.0000
Episode_Reward/bipedal_gait_reward: -0.1005
Episode_Reward/feet_distance_penalize: -0.0189
        Episode_Reward/stop_motion: -0.0232
  Episode_Reward/action_smoothness: -0.1176
       Episode_Reward/lazy_penalty: -0.0001
         Episode_Reward/keep_alive: 0.0073
Episode_Reward/joint_deviation_hip: -0.0024
Episode_Reward/joint_deviation_ankle: -0.0027
Episode_Reward/joint_deviation_legs: -0.0006
Episode_Reward/body_orientation_l2: -0.0415
 Episode_Reward/ankle_torque_limit: -0.0008
Episode_Reward/penalize_hip_roll_action: -0.0552
Episode_Reward/feet_impact_reduction: -0.0000
Metrics/base_velocity/error_vel_xy: 0.0911
Metrics/base_velocity/error_vel_yaw: 0.0816
      Episode_Termination/time_out: 0.0000
Episode_Termination/terrain_out_of_bounds: 0.0000
Episode_Termination/illegal_contact: 1.0000
--------------------------------------------------------------------------------
                   Total timesteps: 1966080
                    Iteration time: 1.89s
                      Time elapsed: 00:00:37
                               ETA: 12:55:24

################################################################################
                     [1m Learning iteration 20/25000 [0m                      

                       Computation: 50144 steps/s (collection: 1.358s, learning 0.603s)
             Mean action noise std: 0.77
          Mean value_function loss: 0.1881
               Mean surrogate loss: -0.0072
                 Mean entropy loss: 11.4338
                Mean priv_reg loss: 0.4580
                Mean amp/loss loss: 0.3392
            Mean amp/grad_pen loss: 0.1908
         Mean amp/policy_pred loss: -0.4756
         Mean amp/expert_pred loss: 0.4771
             Mean hist_latent loss: 0.3577
                       Mean reward: -10.89
               Mean episode length: 50.80
      Episode_Reward/is_terminated: -0.2000
       Episode_Reward/lin_vel_z_l2: -0.0267
      Episode_Reward/ang_vel_xy_l2: -0.0420
Episode_Reward/flat_orientation_l2: -0.0683
     Episode_Reward/base_height_l2: -0.0159
   Episode_Reward/joint_torques_l2: -0.0018
       Episode_Reward/joint_vel_l2: -0.0001
       Episode_Reward/joint_acc_l2: -0.0064
   Episode_Reward/joint_pos_limits: -0.0000
        Episode_Reward/joint_power: -0.0002
        Episode_Reward/stand_still: -0.0013
     Episode_Reward/action_rate_l2: -0.0834
 Episode_Reward/undesired_contacts: -0.0159
Episode_Reward/track_lin_vel_xy_exp: 0.0732
Episode_Reward/track_ang_vel_z_exp: 0.0521
      Episode_Reward/feet_air_time: 0.0012
Episode_Reward/feet_air_time_variance: -0.0059
         Episode_Reward/feet_slide: -0.0138
     Episode_Reward/feet_clearance: 0.0817
Episode_Reward/feet_distance_y_exp: 0.0983
   Episode_Reward/feet_landing_vel: -0.0007
 Episode_Reward/joint_vel_wheel_l2: -0.0003
 Episode_Reward/joint_acc_wheel_l2: -0.0000
Episode_Reward/joint_torques_wheel_l2: -0.0000
Episode_Reward/bipedal_gait_reward: -0.1038
Episode_Reward/feet_distance_penalize: -0.0155
        Episode_Reward/stop_motion: -0.0250
  Episode_Reward/action_smoothness: -0.1156
       Episode_Reward/lazy_penalty: -0.0001
         Episode_Reward/keep_alive: 0.0075
Episode_Reward/joint_deviation_hip: -0.0024
Episode_Reward/joint_deviation_ankle: -0.0028
Episode_Reward/joint_deviation_legs: -0.0006
Episode_Reward/body_orientation_l2: -0.0410
 Episode_Reward/ankle_torque_limit: -0.0008
Episode_Reward/penalize_hip_roll_action: -0.0553
Episode_Reward/feet_impact_reduction: -0.0000
Metrics/base_velocity/error_vel_xy: 0.0934
Metrics/base_velocity/error_vel_yaw: 0.0819
      Episode_Termination/time_out: 0.0000
Episode_Termination/terrain_out_of_bounds: 0.0000
Episode_Termination/illegal_contact: 1.0000
--------------------------------------------------------------------------------
                   Total timesteps: 2064384
                    Iteration time: 1.96s
                      Time elapsed: 00:00:39
                               ETA: 12:57:18

################################################################################
                     [1m Learning iteration 21/25000 [0m                      

                       Computation: 51424 steps/s (collection: 1.365s, learning 0.546s)
             Mean action noise std: 0.75
          Mean value_function loss: 0.1797
               Mean surrogate loss: -0.0051
                 Mean entropy loss: 11.3280
                Mean priv_reg loss: 0.2947
                Mean amp/loss loss: 0.3587
            Mean amp/grad_pen loss: 0.1906
         Mean amp/policy_pred loss: -0.4557
         Mean amp/expert_pred loss: 0.4466
                       Mean reward: -10.27
               Mean episode length: 51.79
      Episode_Reward/is_terminated: -0.2000
       Episode_Reward/lin_vel_z_l2: -0.0252
      Episode_Reward/ang_vel_xy_l2: -0.0406
Episode_Reward/flat_orientation_l2: -0.0686
     Episode_Reward/base_height_l2: -0.0160
   Episode_Reward/joint_torques_l2: -0.0018
       Episode_Reward/joint_vel_l2: -0.0001
       Episode_Reward/joint_acc_l2: -0.0060
   Episode_Reward/joint_pos_limits: 0.0000
        Episode_Reward/joint_power: -0.0002
        Episode_Reward/stand_still: -0.0016
     Episode_Reward/action_rate_l2: -0.0806
 Episode_Reward/undesired_contacts: -0.0152
Episode_Reward/track_lin_vel_xy_exp: 0.0730
Episode_Reward/track_ang_vel_z_exp: 0.0528
      Episode_Reward/feet_air_time: 0.0014
Episode_Reward/feet_air_time_variance: -0.0062
         Episode_Reward/feet_slide: -0.0137
     Episode_Reward/feet_clearance: 0.0814
Episode_Reward/feet_distance_y_exp: 0.0981
   Episode_Reward/feet_landing_vel: -0.0007
 Episode_Reward/joint_vel_wheel_l2: -0.0003
 Episode_Reward/joint_acc_wheel_l2: -0.0000
Episode_Reward/joint_torques_wheel_l2: -0.0000
Episode_Reward/bipedal_gait_reward: -0.1031
Episode_Reward/feet_distance_penalize: -0.0148
        Episode_Reward/stop_motion: -0.0219
  Episode_Reward/action_smoothness: -0.1113
       Episode_Reward/lazy_penalty: -0.0001
         Episode_Reward/keep_alive: 0.0075
Episode_Reward/joint_deviation_hip: -0.0024
Episode_Reward/joint_deviation_ankle: -0.0027
Episode_Reward/joint_deviation_legs: -0.0006
Episode_Reward/body_orientation_l2: -0.0412
 Episode_Reward/ankle_torque_limit: -0.0007
Episode_Reward/penalize_hip_roll_action: -0.0547
Episode_Reward/feet_impact_reduction: -0.0000
Metrics/base_velocity/error_vel_xy: 0.0922
Metrics/base_velocity/error_vel_yaw: 0.0814
      Episode_Termination/time_out: 0.0000
Episode_Termination/terrain_out_of_bounds: 0.0000
Episode_Termination/illegal_contact: 1.0000
--------------------------------------------------------------------------------
                   Total timesteps: 2162688
                    Iteration time: 1.91s
                      Time elapsed: 00:00:41
                               ETA: 12:58:07

################################################################################
                     [1m Learning iteration 22/25000 [0m                      

                       Computation: 53558 steps/s (collection: 1.298s, learning 0.537s)
             Mean action noise std: 0.74
          Mean value_function loss: 0.3471
               Mean surrogate loss: -0.0054
                 Mean entropy loss: 11.1089
                Mean priv_reg loss: 0.3511
                Mean amp/loss loss: 0.3684
            Mean amp/grad_pen loss: 0.1996
         Mean amp/policy_pred loss: -0.4357
         Mean amp/expert_pred loss: 0.4402
                       Mean reward: -9.84
               Mean episode length: 49.67
      Episode_Reward/is_terminated: -0.2000
       Episode_Reward/lin_vel_z_l2: -0.0247
      Episode_Reward/ang_vel_xy_l2: -0.0393
Episode_Reward/flat_orientation_l2: -0.0676
     Episode_Reward/base_height_l2: -0.0156
   Episode_Reward/joint_torques_l2: -0.0018
       Episode_Reward/joint_vel_l2: -0.0001
       Episode_Reward/joint_acc_l2: -0.0061
   Episode_Reward/joint_pos_limits: -0.0000
        Episode_Reward/joint_power: -0.0002
        Episode_Reward/stand_still: -0.0019
     Episode_Reward/action_rate_l2: -0.0772
 Episode_Reward/undesired_contacts: -0.0146
Episode_Reward/track_lin_vel_xy_exp: 0.0708
Episode_Reward/track_ang_vel_z_exp: 0.0533
      Episode_Reward/feet_air_time: 0.0013
Episode_Reward/feet_air_time_variance: -0.0060
         Episode_Reward/feet_slide: -0.0137
     Episode_Reward/feet_clearance: 0.0805
Episode_Reward/feet_distance_y_exp: 0.0973
   Episode_Reward/feet_landing_vel: -0.0007
 Episode_Reward/joint_vel_wheel_l2: -0.0003
 Episode_Reward/joint_acc_wheel_l2: -0.0000
Episode_Reward/joint_torques_wheel_l2: -0.0000
Episode_Reward/bipedal_gait_reward: -0.1014
Episode_Reward/feet_distance_penalize: -0.0118
        Episode_Reward/stop_motion: -0.0252
  Episode_Reward/action_smoothness: -0.1062
       Episode_Reward/lazy_penalty: -0.0002
         Episode_Reward/keep_alive: 0.0074
Episode_Reward/joint_deviation_hip: -0.0024
Episode_Reward/joint_deviation_ankle: -0.0027
Episode_Reward/joint_deviation_legs: -0.0006
Episode_Reward/body_orientation_l2: -0.0406
 Episode_Reward/ankle_torque_limit: -0.0006
Episode_Reward/penalize_hip_roll_action: -0.0534
Episode_Reward/feet_impact_reduction: -0.0000
Metrics/base_velocity/error_vel_xy: 0.0929
Metrics/base_velocity/error_vel_yaw: 0.0787
      Episode_Termination/time_out: 0.0000
Episode_Termination/terrain_out_of_bounds: 0.0000
Episode_Termination/illegal_contact: 1.0000
--------------------------------------------------------------------------------
                   Total timesteps: 2260992
                    Iteration time: 1.84s
                      Time elapsed: 00:00:42
                               ETA: 12:57:29

################################################################################
                     [1m Learning iteration 23/25000 [0m                      

                       Computation: 55697 steps/s (collection: 1.230s, learning 0.535s)
             Mean action noise std: 0.72
          Mean value_function loss: 0.2312
               Mean surrogate loss: -0.0061
                 Mean entropy loss: 10.9412
                Mean priv_reg loss: 0.3685
                Mean amp/loss loss: 0.3947
            Mean amp/grad_pen loss: 0.1925
         Mean amp/policy_pred loss: -0.4203
         Mean amp/expert_pred loss: 0.4022
                       Mean reward: -9.60
               Mean episode length: 47.40
      Episode_Reward/is_terminated: -0.2000
       Episode_Reward/lin_vel_z_l2: -0.0252
      Episode_Reward/ang_vel_xy_l2: -0.0389
Episode_Reward/flat_orientation_l2: -0.0669
     Episode_Reward/base_height_l2: -0.0157
   Episode_Reward/joint_torques_l2: -0.0017
       Episode_Reward/joint_vel_l2: -0.0001
       Episode_Reward/joint_acc_l2: -0.0060
   Episode_Reward/joint_pos_limits: -0.0000
        Episode_Reward/joint_power: -0.0002
        Episode_Reward/stand_still: -0.0016
     Episode_Reward/action_rate_l2: -0.0752
 Episode_Reward/undesired_contacts: -0.0155
Episode_Reward/track_lin_vel_xy_exp: 0.0747
Episode_Reward/track_ang_vel_z_exp: 0.0542
      Episode_Reward/feet_air_time: 0.0013
Episode_Reward/feet_air_time_variance: -0.0067
         Episode_Reward/feet_slide: -0.0139
     Episode_Reward/feet_clearance: 0.0823
Episode_Reward/feet_distance_y_exp: 0.0987
   Episode_Reward/feet_landing_vel: -0.0007
 Episode_Reward/joint_vel_wheel_l2: -0.0003
 Episode_Reward/joint_acc_wheel_l2: -0.0000
Episode_Reward/joint_torques_wheel_l2: -0.0000
Episode_Reward/bipedal_gait_reward: -0.1033
Episode_Reward/feet_distance_penalize: -0.0122
        Episode_Reward/stop_motion: -0.0230
  Episode_Reward/action_smoothness: -0.1032
       Episode_Reward/lazy_penalty: -0.0001
         Episode_Reward/keep_alive: 0.0075
Episode_Reward/joint_deviation_hip: -0.0024
Episode_Reward/joint_deviation_ankle: -0.0027
Episode_Reward/joint_deviation_legs: -0.0006
Episode_Reward/body_orientation_l2: -0.0401
 Episode_Reward/ankle_torque_limit: -0.0006
Episode_Reward/penalize_hip_roll_action: -0.0529
Episode_Reward/feet_impact_reduction: -0.0000
Metrics/base_velocity/error_vel_xy: 0.0926
Metrics/base_velocity/error_vel_yaw: 0.0792
      Episode_Termination/time_out: 0.0000
Episode_Termination/terrain_out_of_bounds: 0.0000
Episode_Termination/illegal_contact: 1.0000
--------------------------------------------------------------------------------
                   Total timesteps: 2359296
                    Iteration time: 1.76s
                      Time elapsed: 00:00:44
                               ETA: 12:55:40

################################################################################
                     [1m Learning iteration 24/25000 [0m                      

                       Computation: 50953 steps/s (collection: 1.382s, learning 0.547s)
             Mean action noise std: 0.70
          Mean value_function loss: 0.1707
               Mean surrogate loss: -0.0065
                 Mean entropy loss: 10.6831
                Mean priv_reg loss: 0.3808
                Mean amp/loss loss: 0.4099
            Mean amp/grad_pen loss: 0.1958
         Mean amp/policy_pred loss: -0.3961
         Mean amp/expert_pred loss: 0.3963
                       Mean reward: -9.28
               Mean episode length: 50.67
      Episode_Reward/is_terminated: -0.2000
       Episode_Reward/lin_vel_z_l2: -0.0245
      Episode_Reward/ang_vel_xy_l2: -0.0372
Episode_Reward/flat_orientation_l2: -0.0657
     Episode_Reward/base_height_l2: -0.0153
   Episode_Reward/joint_torques_l2: -0.0017
       Episode_Reward/joint_vel_l2: -0.0001
       Episode_Reward/joint_acc_l2: -0.0056
   Episode_Reward/joint_pos_limits: 0.0000
        Episode_Reward/joint_power: -0.0002
        Episode_Reward/stand_still: -0.0016
     Episode_Reward/action_rate_l2: -0.0715
 Episode_Reward/undesired_contacts: -0.0146
Episode_Reward/track_lin_vel_xy_exp: 0.0738
Episode_Reward/track_ang_vel_z_exp: 0.0558
      Episode_Reward/feet_air_time: 0.0013
Episode_Reward/feet_air_time_variance: -0.0067
         Episode_Reward/feet_slide: -0.0140
     Episode_Reward/feet_clearance: 0.0819
Episode_Reward/feet_distance_y_exp: 0.0982
   Episode_Reward/feet_landing_vel: -0.0007
 Episode_Reward/joint_vel_wheel_l2: -0.0003
 Episode_Reward/joint_acc_wheel_l2: -0.0000
Episode_Reward/joint_torques_wheel_l2: -0.0000
Episode_Reward/bipedal_gait_reward: -0.1026
Episode_Reward/feet_distance_penalize: -0.0122
        Episode_Reward/stop_motion: -0.0228
  Episode_Reward/action_smoothness: -0.0977
       Episode_Reward/lazy_penalty: -0.0001
         Episode_Reward/keep_alive: 0.0075
Episode_Reward/joint_deviation_hip: -0.0024
Episode_Reward/joint_deviation_ankle: -0.0027
Episode_Reward/joint_deviation_legs: -0.0005
Episode_Reward/body_orientation_l2: -0.0394
 Episode_Reward/ankle_torque_limit: -0.0005
Episode_Reward/penalize_hip_roll_action: -0.0514
Episode_Reward/feet_impact_reduction: -0.0000
Metrics/base_velocity/error_vel_xy: 0.0928
Metrics/base_velocity/error_vel_yaw: 0.0763
      Episode_Termination/time_out: 0.0000
Episode_Termination/terrain_out_of_bounds: 0.0000
Episode_Termination/illegal_contact: 1.0000
--------------------------------------------------------------------------------
                   Total timesteps: 2457600
                    Iteration time: 1.93s
                      Time elapsed: 00:00:46
                               ETA: 12:56:44

################################################################################
                     [1m Learning iteration 25/25000 [0m                      

                       Computation: 54448 steps/s (collection: 1.272s, learning 0.534s)
             Mean action noise std: 0.69
          Mean value_function loss: 0.1486
               Mean surrogate loss: -0.0070
                 Mean entropy loss: 10.4304
                Mean priv_reg loss: 0.3901
                Mean amp/loss loss: 0.4110
            Mean amp/grad_pen loss: 0.1927
         Mean amp/policy_pred loss: -0.4014
         Mean amp/expert_pred loss: 0.3911
                       Mean reward: -9.25
               Mean episode length: 51.85
      Episode_Reward/is_terminated: -0.2000
       Episode_Reward/lin_vel_z_l2: -0.0223
      Episode_Reward/ang_vel_xy_l2: -0.0356
Episode_Reward/flat_orientation_l2: -0.0647
     Episode_Reward/base_height_l2: -0.0150
   Episode_Reward/joint_torques_l2: -0.0016
       Episode_Reward/joint_vel_l2: -0.0001
       Episode_Reward/joint_acc_l2: -0.0056
   Episode_Reward/joint_pos_limits: -0.0000
        Episode_Reward/joint_power: -0.0002
        Episode_Reward/stand_still: -0.0022
     Episode_Reward/action_rate_l2: -0.0688
 Episode_Reward/undesired_contacts: -0.0131
Episode_Reward/track_lin_vel_xy_exp: 0.0732
Episode_Reward/track_ang_vel_z_exp: 0.0581
      Episode_Reward/feet_air_time: 0.0013
Episode_Reward/feet_air_time_variance: -0.0069
         Episode_Reward/feet_slide: -0.0142
     Episode_Reward/feet_clearance: 0.0827
Episode_Reward/feet_distance_y_exp: 0.0994
   Episode_Reward/feet_landing_vel: -0.0007
 Episode_Reward/joint_vel_wheel_l2: -0.0002
 Episode_Reward/joint_acc_wheel_l2: -0.0000
Episode_Reward/joint_torques_wheel_l2: -0.0000
Episode_Reward/bipedal_gait_reward: -0.1021
Episode_Reward/feet_distance_penalize: -0.0100
        Episode_Reward/stop_motion: -0.0247
  Episode_Reward/action_smoothness: -0.0938
       Episode_Reward/lazy_penalty: -0.0002
         Episode_Reward/keep_alive: 0.0076
Episode_Reward/joint_deviation_hip: -0.0024
Episode_Reward/joint_deviation_ankle: -0.0027
Episode_Reward/joint_deviation_legs: -0.0005
Episode_Reward/body_orientation_l2: -0.0388
 Episode_Reward/ankle_torque_limit: -0.0005
Episode_Reward/penalize_hip_roll_action: -0.0511
Episode_Reward/feet_impact_reduction: -0.0000
Metrics/base_velocity/error_vel_xy: 0.0942
Metrics/base_velocity/error_vel_yaw: 0.0753
      Episode_Termination/time_out: 0.0000
Episode_Termination/terrain_out_of_bounds: 0.0000
Episode_Termination/illegal_contact: 1.0000
--------------------------------------------------------------------------------
                   Total timesteps: 2555904
                    Iteration time: 1.81s
                      Time elapsed: 00:00:48
                               ETA: 12:55:44

################################################################################
                     [1m Learning iteration 26/25000 [0m                      

                       Computation: 53867 steps/s (collection: 1.288s, learning 0.537s)
             Mean action noise std: 0.69
          Mean value_function loss: 0.1564
               Mean surrogate loss: 0.0021
                 Mean entropy loss: 10.3845
                Mean priv_reg loss: 0.4220
                Mean amp/loss loss: 0.4221
            Mean amp/grad_pen loss: 0.2064
         Mean amp/policy_pred loss: -0.3808
         Mean amp/expert_pred loss: 0.3877
                       Mean reward: -8.95
               Mean episode length: 50.17
      Episode_Reward/is_terminated: -0.2000
       Episode_Reward/lin_vel_z_l2: -0.0226
      Episode_Reward/ang_vel_xy_l2: -0.0351
Episode_Reward/flat_orientation_l2: -0.0642
     Episode_Reward/base_height_l2: -0.0151
   Episode_Reward/joint_torques_l2: -0.0016
       Episode_Reward/joint_vel_l2: -0.0001
       Episode_Reward/joint_acc_l2: -0.0055
   Episode_Reward/joint_pos_limits: -0.0000
        Episode_Reward/joint_power: -0.0002
        Episode_Reward/stand_still: -0.0017
     Episode_Reward/action_rate_l2: -0.0669
 Episode_Reward/undesired_contacts: -0.0136
Episode_Reward/track_lin_vel_xy_exp: 0.0746
Episode_Reward/track_ang_vel_z_exp: 0.0600
      Episode_Reward/feet_air_time: 0.0012
Episode_Reward/feet_air_time_variance: -0.0074
         Episode_Reward/feet_slide: -0.0144
     Episode_Reward/feet_clearance: 0.0848
Episode_Reward/feet_distance_y_exp: 0.1009
   Episode_Reward/feet_landing_vel: -0.0007
 Episode_Reward/joint_vel_wheel_l2: -0.0003
 Episode_Reward/joint_acc_wheel_l2: -0.0000
Episode_Reward/joint_torques_wheel_l2: -0.0000
Episode_Reward/bipedal_gait_reward: -0.1043
Episode_Reward/feet_distance_penalize: -0.0100
        Episode_Reward/stop_motion: -0.0227
  Episode_Reward/action_smoothness: -0.0909
       Episode_Reward/lazy_penalty: -0.0002
         Episode_Reward/keep_alive: 0.0077
Episode_Reward/joint_deviation_hip: -0.0024
Episode_Reward/joint_deviation_ankle: -0.0028
Episode_Reward/joint_deviation_legs: -0.0005
Episode_Reward/body_orientation_l2: -0.0385
 Episode_Reward/ankle_torque_limit: -0.0004
Episode_Reward/penalize_hip_roll_action: -0.0506
Episode_Reward/feet_impact_reduction: -0.0000
Metrics/base_velocity/error_vel_xy: 0.0962
Metrics/base_velocity/error_vel_yaw: 0.0746
      Episode_Termination/time_out: 0.0000
Episode_Termination/terrain_out_of_bounds: 0.0000
Episode_Termination/illegal_contact: 1.0000
--------------------------------------------------------------------------------
                   Total timesteps: 2654208
                    Iteration time: 1.82s
                      Time elapsed: 00:00:50
                               ETA: 12:55:06

################################################################################
                     [1m Learning iteration 27/25000 [0m                      

                       Computation: 53766 steps/s (collection: 1.303s, learning 0.525s)
             Mean action noise std: 0.67
          Mean value_function loss: 0.1296
               Mean surrogate loss: -0.0088
                 Mean entropy loss: 10.1591
                Mean priv_reg loss: 0.4295
                Mean amp/loss loss: 0.4369
            Mean amp/grad_pen loss: 0.1889
         Mean amp/policy_pred loss: -0.3736
         Mean amp/expert_pred loss: 0.3668
                       Mean reward: -8.34
               Mean episode length: 50.07
      Episode_Reward/is_terminated: -0.2000
       Episode_Reward/lin_vel_z_l2: -0.0231
      Episode_Reward/ang_vel_xy_l2: -0.0346
Episode_Reward/flat_orientation_l2: -0.0639
     Episode_Reward/base_height_l2: -0.0152
   Episode_Reward/joint_torques_l2: -0.0016
       Episode_Reward/joint_vel_l2: -0.0001
       Episode_Reward/joint_acc_l2: -0.0052
   Episode_Reward/joint_pos_limits: -0.0000
        Episode_Reward/joint_power: -0.0002
        Episode_Reward/stand_still: -0.0013
     Episode_Reward/action_rate_l2: -0.0630
 Episode_Reward/undesired_contacts: -0.0146
Episode_Reward/track_lin_vel_xy_exp: 0.0763
Episode_Reward/track_ang_vel_z_exp: 0.0597
      Episode_Reward/feet_air_time: 0.0012
Episode_Reward/feet_air_time_variance: -0.0073
         Episode_Reward/feet_slide: -0.0144
     Episode_Reward/feet_clearance: 0.0842
Episode_Reward/feet_distance_y_exp: 0.0994
   Episode_Reward/feet_landing_vel: -0.0007
 Episode_Reward/joint_vel_wheel_l2: -0.0002
 Episode_Reward/joint_acc_wheel_l2: -0.0000
Episode_Reward/joint_torques_wheel_l2: -0.0000
Episode_Reward/bipedal_gait_reward: -0.1033
Episode_Reward/feet_distance_penalize: -0.0079
        Episode_Reward/stop_motion: -0.0219
  Episode_Reward/action_smoothness: -0.0852
       Episode_Reward/lazy_penalty: -0.0002
         Episode_Reward/keep_alive: 0.0076
Episode_Reward/joint_deviation_hip: -0.0023
Episode_Reward/joint_deviation_ankle: -0.0027
Episode_Reward/joint_deviation_legs: -0.0005
Episode_Reward/body_orientation_l2: -0.0383
 Episode_Reward/ankle_torque_limit: -0.0004
Episode_Reward/penalize_hip_roll_action: -0.0486
Episode_Reward/feet_impact_reduction: -0.0000
Metrics/base_velocity/error_vel_xy: 0.0932
Metrics/base_velocity/error_vel_yaw: 0.0725
      Episode_Termination/time_out: 0.0000
Episode_Termination/terrain_out_of_bounds: 0.0000
Episode_Termination/illegal_contact: 1.0000
--------------------------------------------------------------------------------
                   Total timesteps: 2752512
                    Iteration time: 1.83s
                      Time elapsed: 00:00:52
                               ETA: 12:54:34

################################################################################
                     [1m Learning iteration 28/25000 [0m                      

                       Computation: 52714 steps/s (collection: 1.338s, learning 0.526s)
             Mean action noise std: 0.66
          Mean value_function loss: 0.1274
               Mean surrogate loss: -0.0055
                 Mean entropy loss: 9.9630
                Mean priv_reg loss: 0.4587
                Mean amp/loss loss: 0.4359
            Mean amp/grad_pen loss: 0.1910
         Mean amp/policy_pred loss: -0.3582
         Mean amp/expert_pred loss: 0.3859
                       Mean reward: -8.51
               Mean episode length: 49.72
      Episode_Reward/is_terminated: -0.2000
       Episode_Reward/lin_vel_z_l2: -0.0217
      Episode_Reward/ang_vel_xy_l2: -0.0331
Episode_Reward/flat_orientation_l2: -0.0630
     Episode_Reward/base_height_l2: -0.0149
   Episode_Reward/joint_torques_l2: -0.0015
       Episode_Reward/joint_vel_l2: -0.0001
       Episode_Reward/joint_acc_l2: -0.0051
   Episode_Reward/joint_pos_limits: -0.0000
        Episode_Reward/joint_power: -0.0002
        Episode_Reward/stand_still: -0.0015
     Episode_Reward/action_rate_l2: -0.0611
 Episode_Reward/undesired_contacts: -0.0139
Episode_Reward/track_lin_vel_xy_exp: 0.0739
Episode_Reward/track_ang_vel_z_exp: 0.0606
      Episode_Reward/feet_air_time: 0.0012
Episode_Reward/feet_air_time_variance: -0.0074
         Episode_Reward/feet_slide: -0.0144
     Episode_Reward/feet_clearance: 0.0843
Episode_Reward/feet_distance_y_exp: 0.0996
   Episode_Reward/feet_landing_vel: -0.0007
 Episode_Reward/joint_vel_wheel_l2: -0.0002
 Episode_Reward/joint_acc_wheel_l2: -0.0000
Episode_Reward/joint_torques_wheel_l2: -0.0000
Episode_Reward/bipedal_gait_reward: -0.1030
Episode_Reward/feet_distance_penalize: -0.0094
        Episode_Reward/stop_motion: -0.0221
  Episode_Reward/action_smoothness: -0.0823
       Episode_Reward/lazy_penalty: -0.0002
         Episode_Reward/keep_alive: 0.0076
Episode_Reward/joint_deviation_hip: -0.0023
Episode_Reward/joint_deviation_ankle: -0.0027
Episode_Reward/joint_deviation_legs: -0.0005
Episode_Reward/body_orientation_l2: -0.0378
 Episode_Reward/ankle_torque_limit: -0.0004
Episode_Reward/penalize_hip_roll_action: -0.0481
Episode_Reward/feet_impact_reduction: -0.0000
Metrics/base_velocity/error_vel_xy: 0.0955
Metrics/base_velocity/error_vel_yaw: 0.0712
      Episode_Termination/time_out: 0.0000
Episode_Termination/terrain_out_of_bounds: 0.0000
Episode_Termination/illegal_contact: 1.0000
--------------------------------------------------------------------------------
                   Total timesteps: 2850816
                    Iteration time: 1.86s
                      Time elapsed: 00:00:53
                               ETA: 12:54:36

################################################################################
                     [1m Learning iteration 29/25000 [0m                      

                       Computation: 54618 steps/s (collection: 1.271s, learning 0.529s)
             Mean action noise std: 0.65
          Mean value_function loss: 0.1211
               Mean surrogate loss: -0.0065
                 Mean entropy loss: 9.7330
                Mean priv_reg loss: 0.4818
                Mean amp/loss loss: 0.4401
            Mean amp/grad_pen loss: 0.1941
         Mean amp/policy_pred loss: -0.3687
         Mean amp/expert_pred loss: 0.3673
                       Mean reward: -7.88
               Mean episode length: 51.03
      Episode_Reward/is_terminated: -0.2000
       Episode_Reward/lin_vel_z_l2: -0.0210
      Episode_Reward/ang_vel_xy_l2: -0.0322
Episode_Reward/flat_orientation_l2: -0.0625
     Episode_Reward/base_height_l2: -0.0149
   Episode_Reward/joint_torques_l2: -0.0015
       Episode_Reward/joint_vel_l2: -0.0001
       Episode_Reward/joint_acc_l2: -0.0051
   Episode_Reward/joint_pos_limits: -0.0000
        Episode_Reward/joint_power: -0.0002
        Episode_Reward/stand_still: -0.0014
     Episode_Reward/action_rate_l2: -0.0592
 Episode_Reward/undesired_contacts: -0.0130
Episode_Reward/track_lin_vel_xy_exp: 0.0775
Episode_Reward/track_ang_vel_z_exp: 0.0629
      Episode_Reward/feet_air_time: 0.0012
Episode_Reward/feet_air_time_variance: -0.0078
         Episode_Reward/feet_slide: -0.0146
     Episode_Reward/feet_clearance: 0.0855
Episode_Reward/feet_distance_y_exp: 0.1006
   Episode_Reward/feet_landing_vel: -0.0007
 Episode_Reward/joint_vel_wheel_l2: -0.0002
 Episode_Reward/joint_acc_wheel_l2: -0.0000
Episode_Reward/joint_torques_wheel_l2: -0.0000
Episode_Reward/bipedal_gait_reward: -0.1033
Episode_Reward/feet_distance_penalize: -0.0093
        Episode_Reward/stop_motion: -0.0207
  Episode_Reward/action_smoothness: -0.0796
       Episode_Reward/lazy_penalty: -0.0002
         Episode_Reward/keep_alive: 0.0077
Episode_Reward/joint_deviation_hip: -0.0024
Episode_Reward/joint_deviation_ankle: -0.0027
Episode_Reward/joint_deviation_legs: -0.0005
Episode_Reward/body_orientation_l2: -0.0375
 Episode_Reward/ankle_torque_limit: -0.0004
Episode_Reward/penalize_hip_roll_action: -0.0477
Episode_Reward/feet_impact_reduction: -0.0000
Metrics/base_velocity/error_vel_xy: 0.0945
Metrics/base_velocity/error_vel_yaw: 0.0703
      Episode_Termination/time_out: 0.0000
Episode_Termination/terrain_out_of_bounds: 0.0000
Episode_Termination/illegal_contact: 1.0000
--------------------------------------------------------------------------------
                   Total timesteps: 2949120
                    Iteration time: 1.80s
                      Time elapsed: 00:00:55
                               ETA: 12:53:43

################################################################################
                     [1m Learning iteration 30/25000 [0m                      

                       Computation: 57055 steps/s (collection: 1.195s, learning 0.528s)
             Mean action noise std: 0.64
          Mean value_function loss: 0.1246
               Mean surrogate loss: -0.0062
                 Mean entropy loss: 9.5876
                Mean priv_reg loss: 0.5076
                Mean amp/loss loss: 0.4352
            Mean amp/grad_pen loss: 0.1867
         Mean amp/policy_pred loss: -0.3746
         Mean amp/expert_pred loss: 0.3709
                       Mean reward: -7.90
               Mean episode length: 54.32
      Episode_Reward/is_terminated: -0.2000
       Episode_Reward/lin_vel_z_l2: -0.0212
      Episode_Reward/ang_vel_xy_l2: -0.0318
Episode_Reward/flat_orientation_l2: -0.0619
     Episode_Reward/base_height_l2: -0.0148
   Episode_Reward/joint_torques_l2: -0.0015
       Episode_Reward/joint_vel_l2: -0.0001
       Episode_Reward/joint_acc_l2: -0.0050
   Episode_Reward/joint_pos_limits: -0.0000
        Episode_Reward/joint_power: -0.0002
        Episode_Reward/stand_still: -0.0017
     Episode_Reward/action_rate_l2: -0.0579
 Episode_Reward/undesired_contacts: -0.0131
Episode_Reward/track_lin_vel_xy_exp: 0.0785
Episode_Reward/track_ang_vel_z_exp: 0.0643
      Episode_Reward/feet_air_time: 0.0011
Episode_Reward/feet_air_time_variance: -0.0082
         Episode_Reward/feet_slide: -0.0147
     Episode_Reward/feet_clearance: 0.0867
Episode_Reward/feet_distance_y_exp: 0.1022
   Episode_Reward/feet_landing_vel: -0.0006
 Episode_Reward/joint_vel_wheel_l2: -0.0002
 Episode_Reward/joint_acc_wheel_l2: -0.0000
Episode_Reward/joint_torques_wheel_l2: -0.0000
Episode_Reward/bipedal_gait_reward: -0.1048
Episode_Reward/feet_distance_penalize: -0.0087
        Episode_Reward/stop_motion: -0.0229
  Episode_Reward/action_smoothness: -0.0776
       Episode_Reward/lazy_penalty: -0.0002
         Episode_Reward/keep_alive: 0.0078
Episode_Reward/joint_deviation_hip: -0.0024
Episode_Reward/joint_deviation_ankle: -0.0027
Episode_Reward/joint_deviation_legs: -0.0005
Episode_Reward/body_orientation_l2: -0.0371
 Episode_Reward/ankle_torque_limit: -0.0003
Episode_Reward/penalize_hip_roll_action: -0.0476
Episode_Reward/feet_impact_reduction: -0.0000
Metrics/base_velocity/error_vel_xy: 0.0951
Metrics/base_velocity/error_vel_yaw: 0.0692
      Episode_Termination/time_out: 0.0000
Episode_Termination/terrain_out_of_bounds: 0.0000
Episode_Termination/illegal_contact: 1.0000
--------------------------------------------------------------------------------
                   Total timesteps: 3047424
                    Iteration time: 1.72s
                      Time elapsed: 00:00:57
                               ETA: 12:51:51

################################################################################
                     [1m Learning iteration 31/25000 [0m                      

                       Computation: 51730 steps/s (collection: 1.350s, learning 0.550s)
             Mean action noise std: 0.63
          Mean value_function loss: 0.1094
               Mean surrogate loss: -0.0048
                 Mean entropy loss: 9.3716
                Mean priv_reg loss: 0.5270
                Mean amp/loss loss: 0.4362
            Mean amp/grad_pen loss: 0.1949
         Mean amp/policy_pred loss: -0.3778
         Mean amp/expert_pred loss: 0.3709
                       Mean reward: -7.64
               Mean episode length: 53.04
      Episode_Reward/is_terminated: -0.2000
       Episode_Reward/lin_vel_z_l2: -0.0210
      Episode_Reward/ang_vel_xy_l2: -0.0313
Episode_Reward/flat_orientation_l2: -0.0608
     Episode_Reward/base_height_l2: -0.0147
   Episode_Reward/joint_torques_l2: -0.0015
       Episode_Reward/joint_vel_l2: -0.0001
       Episode_Reward/joint_acc_l2: -0.0047
   Episode_Reward/joint_pos_limits: 0.0000
        Episode_Reward/joint_power: -0.0002
        Episode_Reward/stand_still: -0.0016
     Episode_Reward/action_rate_l2: -0.0557
 Episode_Reward/undesired_contacts: -0.0134
Episode_Reward/track_lin_vel_xy_exp: 0.0785
Episode_Reward/track_ang_vel_z_exp: 0.0651
      Episode_Reward/feet_air_time: 0.0012
Episode_Reward/feet_air_time_variance: -0.0084
         Episode_Reward/feet_slide: -0.0148
     Episode_Reward/feet_clearance: 0.0874
Episode_Reward/feet_distance_y_exp: 0.1023
   Episode_Reward/feet_landing_vel: -0.0006
 Episode_Reward/joint_vel_wheel_l2: -0.0002
 Episode_Reward/joint_acc_wheel_l2: -0.0000
Episode_Reward/joint_torques_wheel_l2: -0.0000
Episode_Reward/bipedal_gait_reward: -0.1054
Episode_Reward/feet_distance_penalize: -0.0098
        Episode_Reward/stop_motion: -0.0214
  Episode_Reward/action_smoothness: -0.0745
       Episode_Reward/lazy_penalty: -0.0003
         Episode_Reward/keep_alive: 0.0078
Episode_Reward/joint_deviation_hip: -0.0024
Episode_Reward/joint_deviation_ankle: -0.0027
Episode_Reward/joint_deviation_legs: -0.0005
Episode_Reward/body_orientation_l2: -0.0365
 Episode_Reward/ankle_torque_limit: -0.0003
Episode_Reward/penalize_hip_roll_action: -0.0469
Episode_Reward/feet_impact_reduction: -0.0000
Metrics/base_velocity/error_vel_xy: 0.0964
Metrics/base_velocity/error_vel_yaw: 0.0691
      Episode_Termination/time_out: 0.0000
Episode_Termination/terrain_out_of_bounds: 0.0000
Episode_Termination/illegal_contact: 1.0000
--------------------------------------------------------------------------------
                   Total timesteps: 3145728
                    Iteration time: 1.90s
                      Time elapsed: 00:00:59
                               ETA: 12:52:25

################################################################################
                     [1m Learning iteration 32/25000 [0m                      

                       Computation: 51066 steps/s (collection: 1.374s, learning 0.551s)
             Mean action noise std: 0.62
          Mean value_function loss: 0.1127
               Mean surrogate loss: -0.0066
                 Mean entropy loss: 9.2168
                Mean priv_reg loss: 0.5717
                Mean amp/loss loss: 0.4360
            Mean amp/grad_pen loss: 0.1888
         Mean amp/policy_pred loss: -0.3728
         Mean amp/expert_pred loss: 0.3755
                       Mean reward: -7.79
               Mean episode length: 53.76
      Episode_Reward/is_terminated: -0.2000
       Episode_Reward/lin_vel_z_l2: -0.0203
      Episode_Reward/ang_vel_xy_l2: -0.0303
Episode_Reward/flat_orientation_l2: -0.0602
     Episode_Reward/base_height_l2: -0.0145
   Episode_Reward/joint_torques_l2: -0.0015
       Episode_Reward/joint_vel_l2: -0.0001
       Episode_Reward/joint_acc_l2: -0.0048
   Episode_Reward/joint_pos_limits: -0.0000
        Episode_Reward/joint_power: -0.0002
        Episode_Reward/stand_still: -0.0016
     Episode_Reward/action_rate_l2: -0.0541
 Episode_Reward/undesired_contacts: -0.0132
Episode_Reward/track_lin_vel_xy_exp: 0.0791
Episode_Reward/track_ang_vel_z_exp: 0.0676
      Episode_Reward/feet_air_time: 0.0011
Episode_Reward/feet_air_time_variance: -0.0084
         Episode_Reward/feet_slide: -0.0149
     Episode_Reward/feet_clearance: 0.0882
Episode_Reward/feet_distance_y_exp: 0.1032
   Episode_Reward/feet_landing_vel: -0.0006
 Episode_Reward/joint_vel_wheel_l2: -0.0002
 Episode_Reward/joint_acc_wheel_l2: -0.0000
Episode_Reward/joint_torques_wheel_l2: -0.0000
Episode_Reward/bipedal_gait_reward: -0.1052
Episode_Reward/feet_distance_penalize: -0.0098
        Episode_Reward/stop_motion: -0.0227
  Episode_Reward/action_smoothness: -0.0721
       Episode_Reward/lazy_penalty: -0.0003
         Episode_Reward/keep_alive: 0.0079
Episode_Reward/joint_deviation_hip: -0.0024
Episode_Reward/joint_deviation_ankle: -0.0027
Episode_Reward/joint_deviation_legs: -0.0005
Episode_Reward/body_orientation_l2: -0.0361
 Episode_Reward/ankle_torque_limit: -0.0003
Episode_Reward/penalize_hip_roll_action: -0.0463
Episode_Reward/feet_impact_reduction: -0.0000
Metrics/base_velocity/error_vel_xy: 0.0973
Metrics/base_velocity/error_vel_yaw: 0.0676
      Episode_Termination/time_out: 0.0000
Episode_Termination/terrain_out_of_bounds: 0.0000
Episode_Termination/illegal_contact: 1.0000
--------------------------------------------------------------------------------
                   Total timesteps: 3244032
                    Iteration time: 1.93s
                      Time elapsed: 00:01:01
                               ETA: 12:53:15

################################################################################
                     [1m Learning iteration 33/25000 [0m                      

                       Computation: 54219 steps/s (collection: 1.279s, learning 0.534s)
             Mean action noise std: 0.61
          Mean value_function loss: 0.1276
               Mean surrogate loss: -0.0023
                 Mean entropy loss: 9.1182
                Mean priv_reg loss: 0.5961
                Mean amp/loss loss: 0.4328
            Mean amp/grad_pen loss: 0.1906
         Mean amp/policy_pred loss: -0.3724
         Mean amp/expert_pred loss: 0.3830
                       Mean reward: -7.15
               Mean episode length: 52.76
      Episode_Reward/is_terminated: -0.2000
       Episode_Reward/lin_vel_z_l2: -0.0207
      Episode_Reward/ang_vel_xy_l2: -0.0302
Episode_Reward/flat_orientation_l2: -0.0600
     Episode_Reward/base_height_l2: -0.0147
   Episode_Reward/joint_torques_l2: -0.0014
       Episode_Reward/joint_vel_l2: -0.0001
       Episode_Reward/joint_acc_l2: -0.0048
   Episode_Reward/joint_pos_limits: 0.0000
        Episode_Reward/joint_power: -0.0002
        Episode_Reward/stand_still: -0.0014
     Episode_Reward/action_rate_l2: -0.0526
 Episode_Reward/undesired_contacts: -0.0135
Episode_Reward/track_lin_vel_xy_exp: 0.0820
Episode_Reward/track_ang_vel_z_exp: 0.0687
      Episode_Reward/feet_air_time: 0.0011
Episode_Reward/feet_air_time_variance: -0.0088
         Episode_Reward/feet_slide: -0.0150
     Episode_Reward/feet_clearance: 0.0891
Episode_Reward/feet_distance_y_exp: 0.1037
   Episode_Reward/feet_landing_vel: -0.0006
 Episode_Reward/joint_vel_wheel_l2: -0.0002
 Episode_Reward/joint_acc_wheel_l2: -0.0000
Episode_Reward/joint_torques_wheel_l2: -0.0000
Episode_Reward/bipedal_gait_reward: -0.1062
Episode_Reward/feet_distance_penalize: -0.0076
        Episode_Reward/stop_motion: -0.0217
  Episode_Reward/action_smoothness: -0.0700
       Episode_Reward/lazy_penalty: -0.0003
         Episode_Reward/keep_alive: 0.0079
Episode_Reward/joint_deviation_hip: -0.0023
Episode_Reward/joint_deviation_ankle: -0.0027
Episode_Reward/joint_deviation_legs: -0.0005
Episode_Reward/body_orientation_l2: -0.0360
 Episode_Reward/ankle_torque_limit: -0.0003
Episode_Reward/penalize_hip_roll_action: -0.0455
Episode_Reward/feet_impact_reduction: -0.0000
Metrics/base_velocity/error_vel_xy: 0.0961
Metrics/base_velocity/error_vel_yaw: 0.0667
      Episode_Termination/time_out: 0.0000
Episode_Termination/terrain_out_of_bounds: 0.0000
Episode_Termination/illegal_contact: 1.0000
--------------------------------------------------------------------------------
                   Total timesteps: 3342336
                    Iteration time: 1.81s
                      Time elapsed: 00:01:03
                               ETA: 12:52:40

################################################################################
                     [1m Learning iteration 34/25000 [0m                      

                       Computation: 50262 steps/s (collection: 1.399s, learning 0.557s)
             Mean action noise std: 0.60
          Mean value_function loss: 0.1136
               Mean surrogate loss: -0.0068
                 Mean entropy loss: 8.8961
                Mean priv_reg loss: 0.6215
                Mean amp/loss loss: 0.4555
            Mean amp/grad_pen loss: 0.1880
         Mean amp/policy_pred loss: -0.3595
         Mean amp/expert_pred loss: 0.3504
                       Mean reward: -7.11
               Mean episode length: 57.52
      Episode_Reward/is_terminated: -0.2000
       Episode_Reward/lin_vel_z_l2: -0.0205
      Episode_Reward/ang_vel_xy_l2: -0.0296
Episode_Reward/flat_orientation_l2: -0.0603
     Episode_Reward/base_height_l2: -0.0147
   Episode_Reward/joint_torques_l2: -0.0014
       Episode_Reward/joint_vel_l2: -0.0001
       Episode_Reward/joint_acc_l2: -0.0046
   Episode_Reward/joint_pos_limits: -0.0000
        Episode_Reward/joint_power: -0.0002
        Episode_Reward/stand_still: -0.0018
     Episode_Reward/action_rate_l2: -0.0520
 Episode_Reward/undesired_contacts: -0.0136
Episode_Reward/track_lin_vel_xy_exp: 0.0799
Episode_Reward/track_ang_vel_z_exp: 0.0713
      Episode_Reward/feet_air_time: 0.0011
Episode_Reward/feet_air_time_variance: -0.0092
         Episode_Reward/feet_slide: -0.0152
     Episode_Reward/feet_clearance: 0.0905
Episode_Reward/feet_distance_y_exp: 0.1058
   Episode_Reward/feet_landing_vel: -0.0006
 Episode_Reward/joint_vel_wheel_l2: -0.0002
 Episode_Reward/joint_acc_wheel_l2: -0.0000
Episode_Reward/joint_torques_wheel_l2: -0.0000
Episode_Reward/bipedal_gait_reward: -0.1075
Episode_Reward/feet_distance_penalize: -0.0075
        Episode_Reward/stop_motion: -0.0236
  Episode_Reward/action_smoothness: -0.0690
       Episode_Reward/lazy_penalty: -0.0003
         Episode_Reward/keep_alive: 0.0081
Episode_Reward/joint_deviation_hip: -0.0024
Episode_Reward/joint_deviation_ankle: -0.0027
Episode_Reward/joint_deviation_legs: -0.0005
Episode_Reward/body_orientation_l2: -0.0362
 Episode_Reward/ankle_torque_limit: -0.0002
Episode_Reward/penalize_hip_roll_action: -0.0456
Episode_Reward/feet_impact_reduction: -0.0000
Metrics/base_velocity/error_vel_xy: 0.1002
Metrics/base_velocity/error_vel_yaw: 0.0664
      Episode_Termination/time_out: 0.0000
Episode_Termination/terrain_out_of_bounds: 0.0000
Episode_Termination/illegal_contact: 1.0000
--------------------------------------------------------------------------------
                   Total timesteps: 3440640
                    Iteration time: 1.96s
                      Time elapsed: 00:01:05
                               ETA: 12:53:49

################################################################################
                     [1m Learning iteration 35/25000 [0m                      

                       Computation: 51612 steps/s (collection: 1.379s, learning 0.525s)
             Mean action noise std: 0.59
          Mean value_function loss: 0.1140
               Mean surrogate loss: -0.0063
                 Mean entropy loss: 8.7718
                Mean priv_reg loss: 0.6700
                Mean amp/loss loss: 0.4569
            Mean amp/grad_pen loss: 0.1879
         Mean amp/policy_pred loss: -0.3569
         Mean amp/expert_pred loss: 0.3518
                       Mean reward: -6.85
               Mean episode length: 51.30
      Episode_Reward/is_terminated: -0.2000
       Episode_Reward/lin_vel_z_l2: -0.0190
      Episode_Reward/ang_vel_xy_l2: -0.0283
Episode_Reward/flat_orientation_l2: -0.0588
     Episode_Reward/base_height_l2: -0.0144
   Episode_Reward/joint_torques_l2: -0.0014
       Episode_Reward/joint_vel_l2: -0.0001
       Episode_Reward/joint_acc_l2: -0.0045
   Episode_Reward/joint_pos_limits: -0.0000
        Episode_Reward/joint_power: -0.0002
        Episode_Reward/stand_still: -0.0020
     Episode_Reward/action_rate_l2: -0.0498
 Episode_Reward/undesired_contacts: -0.0125
Episode_Reward/track_lin_vel_xy_exp: 0.0812
Episode_Reward/track_ang_vel_z_exp: 0.0719
      Episode_Reward/feet_air_time: 0.0011
Episode_Reward/feet_air_time_variance: -0.0094
         Episode_Reward/feet_slide: -0.0152
     Episode_Reward/feet_clearance: 0.0893
Episode_Reward/feet_distance_y_exp: 0.1045
   Episode_Reward/feet_landing_vel: -0.0006
 Episode_Reward/joint_vel_wheel_l2: -0.0002
 Episode_Reward/joint_acc_wheel_l2: -0.0000
Episode_Reward/joint_torques_wheel_l2: -0.0000
Episode_Reward/bipedal_gait_reward: -0.1059
Episode_Reward/feet_distance_penalize: -0.0085
        Episode_Reward/stop_motion: -0.0241
  Episode_Reward/action_smoothness: -0.0660
       Episode_Reward/lazy_penalty: -0.0003
         Episode_Reward/keep_alive: 0.0080
Episode_Reward/joint_deviation_hip: -0.0024
Episode_Reward/joint_deviation_ankle: -0.0027
Episode_Reward/joint_deviation_legs: -0.0005
Episode_Reward/body_orientation_l2: -0.0353
 Episode_Reward/ankle_torque_limit: -0.0002
Episode_Reward/penalize_hip_roll_action: -0.0445
Episode_Reward/feet_impact_reduction: -0.0000
Metrics/base_velocity/error_vel_xy: 0.0972
Metrics/base_velocity/error_vel_yaw: 0.0647
      Episode_Termination/time_out: 0.0000
Episode_Termination/terrain_out_of_bounds: 0.0000
Episode_Termination/illegal_contact: 1.0000
--------------------------------------------------------------------------------
                   Total timesteps: 3538944
                    Iteration time: 1.90s
                      Time elapsed: 00:01:06
                               ETA: 12:54:18

################################################################################
                     [1m Learning iteration 36/25000 [0m                      

                       Computation: 52835 steps/s (collection: 1.326s, learning 0.535s)
             Mean action noise std: 0.58
          Mean value_function loss: 0.1281
               Mean surrogate loss: -0.0051
                 Mean entropy loss: 8.6778
                Mean priv_reg loss: 0.7032
                Mean amp/loss loss: 0.4622
            Mean amp/grad_pen loss: 0.1887
         Mean amp/policy_pred loss: -0.3499
         Mean amp/expert_pred loss: 0.3515
                       Mean reward: -6.87
               Mean episode length: 53.76
      Episode_Reward/is_terminated: -0.2000
       Episode_Reward/lin_vel_z_l2: -0.0197
      Episode_Reward/ang_vel_xy_l2: -0.0283
Episode_Reward/flat_orientation_l2: -0.0578
     Episode_Reward/base_height_l2: -0.0142
   Episode_Reward/joint_torques_l2: -0.0014
       Episode_Reward/joint_vel_l2: -0.0001
       Episode_Reward/joint_acc_l2: -0.0044
   Episode_Reward/joint_pos_limits: -0.0000
        Episode_Reward/joint_power: -0.0002
        Episode_Reward/stand_still: -0.0013
     Episode_Reward/action_rate_l2: -0.0487
 Episode_Reward/undesired_contacts: -0.0126
Episode_Reward/track_lin_vel_xy_exp: 0.0839
Episode_Reward/track_ang_vel_z_exp: 0.0726
      Episode_Reward/feet_air_time: 0.0010
Episode_Reward/feet_air_time_variance: -0.0097
         Episode_Reward/feet_slide: -0.0155
     Episode_Reward/feet_clearance: 0.0912
Episode_Reward/feet_distance_y_exp: 0.1054
   Episode_Reward/feet_landing_vel: -0.0006
 Episode_Reward/joint_vel_wheel_l2: -0.0002
 Episode_Reward/joint_acc_wheel_l2: -0.0000
Episode_Reward/joint_torques_wheel_l2: -0.0000
Episode_Reward/bipedal_gait_reward: -0.1076
Episode_Reward/feet_distance_penalize: -0.0072
        Episode_Reward/stop_motion: -0.0218
  Episode_Reward/action_smoothness: -0.0644
       Episode_Reward/lazy_penalty: -0.0003
         Episode_Reward/keep_alive: 0.0080
Episode_Reward/joint_deviation_hip: -0.0023
Episode_Reward/joint_deviation_ankle: -0.0027
Episode_Reward/joint_deviation_legs: -0.0005
Episode_Reward/body_orientation_l2: -0.0347
 Episode_Reward/ankle_torque_limit: -0.0002
Episode_Reward/penalize_hip_roll_action: -0.0439
Episode_Reward/feet_impact_reduction: -0.0000
Metrics/base_velocity/error_vel_xy: 0.0974
Metrics/base_velocity/error_vel_yaw: 0.0649
      Episode_Termination/time_out: 0.0000
Episode_Termination/terrain_out_of_bounds: 0.0000
Episode_Termination/illegal_contact: 1.0000
--------------------------------------------------------------------------------
                   Total timesteps: 3637248
                    Iteration time: 1.86s
                      Time elapsed: 00:01:08
                               ETA: 12:54:16

################################################################################
                     [1m Learning iteration 37/25000 [0m                      

                       Computation: 52615 steps/s (collection: 1.324s, learning 0.544s)
             Mean action noise std: 0.57
          Mean value_function loss: 0.1188
               Mean surrogate loss: -0.0056
                 Mean entropy loss: 8.4003
                Mean priv_reg loss: 0.7415
                Mean amp/loss loss: 0.4524
            Mean amp/grad_pen loss: 0.1905
         Mean amp/policy_pred loss: -0.3607
         Mean amp/expert_pred loss: 0.3595
                       Mean reward: -6.25
               Mean episode length: 55.60
      Episode_Reward/is_terminated: -0.2000
       Episode_Reward/lin_vel_z_l2: -0.0202
      Episode_Reward/ang_vel_xy_l2: -0.0286
Episode_Reward/flat_orientation_l2: -0.0581
     Episode_Reward/base_height_l2: -0.0144
   Episode_Reward/joint_torques_l2: -0.0014
       Episode_Reward/joint_vel_l2: -0.0001
       Episode_Reward/joint_acc_l2: -0.0045
   Episode_Reward/joint_pos_limits: -0.0000
        Episode_Reward/joint_power: -0.0002
        Episode_Reward/stand_still: -0.0013
     Episode_Reward/action_rate_l2: -0.0483
 Episode_Reward/undesired_contacts: -0.0127
Episode_Reward/track_lin_vel_xy_exp: 0.0847
Episode_Reward/track_ang_vel_z_exp: 0.0753
      Episode_Reward/feet_air_time: 0.0010
Episode_Reward/feet_air_time_variance: -0.0101
         Episode_Reward/feet_slide: -0.0156
     Episode_Reward/feet_clearance: 0.0936
Episode_Reward/feet_distance_y_exp: 0.1079
   Episode_Reward/feet_landing_vel: -0.0006
 Episode_Reward/joint_vel_wheel_l2: -0.0002
 Episode_Reward/joint_acc_wheel_l2: -0.0000
Episode_Reward/joint_torques_wheel_l2: -0.0000
Episode_Reward/bipedal_gait_reward: -0.1105
Episode_Reward/feet_distance_penalize: -0.0066
        Episode_Reward/stop_motion: -0.0221
  Episode_Reward/action_smoothness: -0.0638
       Episode_Reward/lazy_penalty: -0.0004
         Episode_Reward/keep_alive: 0.0082
Episode_Reward/joint_deviation_hip: -0.0024
Episode_Reward/joint_deviation_ankle: -0.0028
Episode_Reward/joint_deviation_legs: -0.0005
Episode_Reward/body_orientation_l2: -0.0349
 Episode_Reward/ankle_torque_limit: -0.0002
Episode_Reward/penalize_hip_roll_action: -0.0440
Episode_Reward/feet_impact_reduction: -0.0000
Metrics/base_velocity/error_vel_xy: 0.0998
Metrics/base_velocity/error_vel_yaw: 0.0656
      Episode_Termination/time_out: 0.0000
Episode_Termination/terrain_out_of_bounds: 0.0000
Episode_Termination/illegal_contact: 1.0000
--------------------------------------------------------------------------------
                   Total timesteps: 3735552
                    Iteration time: 1.87s
                      Time elapsed: 00:01:10
                               ETA: 12:54:19

################################################################################
                     [1m Learning iteration 38/25000 [0m                      

                       Computation: 52398 steps/s (collection: 1.334s, learning 0.542s)
             Mean action noise std: 0.57
          Mean value_function loss: 0.1214
               Mean surrogate loss: -0.0031
                 Mean entropy loss: 8.3866
                Mean priv_reg loss: 0.7452
                Mean amp/loss loss: 0.4741
            Mean amp/grad_pen loss: 0.1842
         Mean amp/policy_pred loss: -0.3412
         Mean amp/expert_pred loss: 0.3369
                       Mean reward: -6.28
               Mean episode length: 51.44
      Episode_Reward/is_terminated: -0.2000
       Episode_Reward/lin_vel_z_l2: -0.0191
      Episode_Reward/ang_vel_xy_l2: -0.0277
Episode_Reward/flat_orientation_l2: -0.0575
     Episode_Reward/base_height_l2: -0.0142
   Episode_Reward/joint_torques_l2: -0.0014
       Episode_Reward/joint_vel_l2: -0.0001
       Episode_Reward/joint_acc_l2: -0.0044
   Episode_Reward/joint_pos_limits: -0.0000
        Episode_Reward/joint_power: -0.0002
        Episode_Reward/stand_still: -0.0020
     Episode_Reward/action_rate_l2: -0.0473
 Episode_Reward/undesired_contacts: -0.0124
Episode_Reward/track_lin_vel_xy_exp: 0.0877
Episode_Reward/track_ang_vel_z_exp: 0.0775
      Episode_Reward/feet_air_time: 0.0011
Episode_Reward/feet_air_time_variance: -0.0101
         Episode_Reward/feet_slide: -0.0157
     Episode_Reward/feet_clearance: 0.0941
Episode_Reward/feet_distance_y_exp: 0.1093
   Episode_Reward/feet_landing_vel: -0.0006
 Episode_Reward/joint_vel_wheel_l2: -0.0002
 Episode_Reward/joint_acc_wheel_l2: -0.0000
Episode_Reward/joint_torques_wheel_l2: -0.0000
Episode_Reward/bipedal_gait_reward: -0.1103
Episode_Reward/feet_distance_penalize: -0.0072
        Episode_Reward/stop_motion: -0.0213
  Episode_Reward/action_smoothness: -0.0623
       Episode_Reward/lazy_penalty: -0.0004
         Episode_Reward/keep_alive: 0.0083
Episode_Reward/joint_deviation_hip: -0.0024
Episode_Reward/joint_deviation_ankle: -0.0028
Episode_Reward/joint_deviation_legs: -0.0006
Episode_Reward/body_orientation_l2: -0.0345
 Episode_Reward/ankle_torque_limit: -0.0002
Episode_Reward/penalize_hip_roll_action: -0.0443
Episode_Reward/feet_impact_reduction: -0.0000
Metrics/base_velocity/error_vel_xy: 0.0999
Metrics/base_velocity/error_vel_yaw: 0.0645
      Episode_Termination/time_out: 0.0000
Episode_Termination/terrain_out_of_bounds: 0.0000
Episode_Termination/illegal_contact: 1.0000
--------------------------------------------------------------------------------
                   Total timesteps: 3833856
                    Iteration time: 1.88s
                      Time elapsed: 00:01:12
                               ETA: 12:54:27

################################################################################
                     [1m Learning iteration 39/25000 [0m                      

                       Computation: 52134 steps/s (collection: 1.342s, learning 0.544s)
             Mean action noise std: 0.56
          Mean value_function loss: 0.1162
               Mean surrogate loss: -0.0064
                 Mean entropy loss: 8.1771
                Mean priv_reg loss: 0.7738
                Mean amp/loss loss: 0.4908
            Mean amp/grad_pen loss: 0.1835
         Mean amp/policy_pred loss: -0.3178
         Mean amp/expert_pred loss: 0.3296
                       Mean reward: -6.48
               Mean episode length: 55.98
      Episode_Reward/is_terminated: -0.2000
       Episode_Reward/lin_vel_z_l2: -0.0193
      Episode_Reward/ang_vel_xy_l2: -0.0276
Episode_Reward/flat_orientation_l2: -0.0564
     Episode_Reward/base_height_l2: -0.0140
   Episode_Reward/joint_torques_l2: -0.0014
       Episode_Reward/joint_vel_l2: -0.0001
       Episode_Reward/joint_acc_l2: -0.0044
   Episode_Reward/joint_pos_limits: -0.0000
        Episode_Reward/joint_power: -0.0002
        Episode_Reward/stand_still: -0.0019
     Episode_Reward/action_rate_l2: -0.0461
 Episode_Reward/undesired_contacts: -0.0127
Episode_Reward/track_lin_vel_xy_exp: 0.0888
Episode_Reward/track_ang_vel_z_exp: 0.0778
      Episode_Reward/feet_air_time: 0.0010
Episode_Reward/feet_air_time_variance: -0.0106
         Episode_Reward/feet_slide: -0.0157
     Episode_Reward/feet_clearance: 0.0941
Episode_Reward/feet_distance_y_exp: 0.1091
   Episode_Reward/feet_landing_vel: -0.0006
 Episode_Reward/joint_vel_wheel_l2: -0.0002
 Episode_Reward/joint_acc_wheel_l2: -0.0000
Episode_Reward/joint_torques_wheel_l2: -0.0000
Episode_Reward/bipedal_gait_reward: -0.1106
Episode_Reward/feet_distance_penalize: -0.0079
        Episode_Reward/stop_motion: -0.0227
  Episode_Reward/action_smoothness: -0.0606
       Episode_Reward/lazy_penalty: -0.0004
         Episode_Reward/keep_alive: 0.0083
Episode_Reward/joint_deviation_hip: -0.0024
Episode_Reward/joint_deviation_ankle: -0.0027
Episode_Reward/joint_deviation_legs: -0.0006
Episode_Reward/body_orientation_l2: -0.0339
 Episode_Reward/ankle_torque_limit: -0.0002
Episode_Reward/penalize_hip_roll_action: -0.0437
Episode_Reward/feet_impact_reduction: -0.0000
Metrics/base_velocity/error_vel_xy: 0.0987
Metrics/base_velocity/error_vel_yaw: 0.0640
      Episode_Termination/time_out: 0.0000
Episode_Termination/terrain_out_of_bounds: 0.0000
Episode_Termination/illegal_contact: 1.0000
--------------------------------------------------------------------------------
                   Total timesteps: 3932160
                    Iteration time: 1.89s
                      Time elapsed: 00:01:14
                               ETA: 12:54:40

################################################################################
                     [1m Learning iteration 40/25000 [0m                      

                       Computation: 48007 steps/s (collection: 1.437s, learning 0.610s)
             Mean action noise std: 0.56
          Mean value_function loss: 0.1139
               Mean surrogate loss: 0.0428
                 Mean entropy loss: 8.1151
                Mean priv_reg loss: 0.7987
                Mean amp/loss loss: 0.4980
            Mean amp/grad_pen loss: 0.1861
         Mean amp/policy_pred loss: -0.3061
         Mean amp/expert_pred loss: 0.3284
             Mean hist_latent loss: 0.7380
                       Mean reward: -5.84
               Mean episode length: 51.88
      Episode_Reward/is_terminated: -0.2000
       Episode_Reward/lin_vel_z_l2: -0.0196
      Episode_Reward/ang_vel_xy_l2: -0.0275
Episode_Reward/flat_orientation_l2: -0.0566
     Episode_Reward/base_height_l2: -0.0142
   Episode_Reward/joint_torques_l2: -0.0014
       Episode_Reward/joint_vel_l2: -0.0001
       Episode_Reward/joint_acc_l2: -0.0044
   Episode_Reward/joint_pos_limits: -0.0000
        Episode_Reward/joint_power: -0.0002
        Episode_Reward/stand_still: -0.0022
     Episode_Reward/action_rate_l2: -0.0459
 Episode_Reward/undesired_contacts: -0.0130
Episode_Reward/track_lin_vel_xy_exp: 0.0920
Episode_Reward/track_ang_vel_z_exp: 0.0819
      Episode_Reward/feet_air_time: 0.0009
Episode_Reward/feet_air_time_variance: -0.0111
         Episode_Reward/feet_slide: -0.0160
     Episode_Reward/feet_clearance: 0.0962
Episode_Reward/feet_distance_y_exp: 0.1116
   Episode_Reward/feet_landing_vel: -0.0006
 Episode_Reward/joint_vel_wheel_l2: -0.0002
 Episode_Reward/joint_acc_wheel_l2: -0.0000
Episode_Reward/joint_torques_wheel_l2: -0.0000
Episode_Reward/bipedal_gait_reward: -0.1131
Episode_Reward/feet_distance_penalize: -0.0071
        Episode_Reward/stop_motion: -0.0254
  Episode_Reward/action_smoothness: -0.0603
       Episode_Reward/lazy_penalty: -0.0005
         Episode_Reward/keep_alive: 0.0085
Episode_Reward/joint_deviation_hip: -0.0024
Episode_Reward/joint_deviation_ankle: -0.0028
Episode_Reward/joint_deviation_legs: -0.0006
Episode_Reward/body_orientation_l2: -0.0340
 Episode_Reward/ankle_torque_limit: -0.0001
Episode_Reward/penalize_hip_roll_action: -0.0437
Episode_Reward/feet_impact_reduction: -0.0000
Metrics/base_velocity/error_vel_xy: 0.0996
Metrics/base_velocity/error_vel_yaw: 0.0633
      Episode_Termination/time_out: 0.0000
Episode_Termination/terrain_out_of_bounds: 0.0000
Episode_Termination/illegal_contact: 1.0000
--------------------------------------------------------------------------------
                   Total timesteps: 4030464
                    Iteration time: 2.05s
                      Time elapsed: 00:01:16
                               ETA: 12:56:31

################################################################################
                     [1m Learning iteration 41/25000 [0m                      

                       Computation: 52485 steps/s (collection: 1.339s, learning 0.534s)
             Mean action noise std: 0.55
          Mean value_function loss: 0.1229
               Mean surrogate loss: -0.0015
                 Mean entropy loss: 8.0835
                Mean priv_reg loss: 0.6630
                Mean amp/loss loss: 0.5015
            Mean amp/grad_pen loss: 0.1850
         Mean amp/policy_pred loss: -0.3041
         Mean amp/expert_pred loss: 0.3243
                       Mean reward: -6.21
               Mean episode length: 58.91
      Episode_Reward/is_terminated: -0.2000
       Episode_Reward/lin_vel_z_l2: -0.0202
      Episode_Reward/ang_vel_xy_l2: -0.0275
Episode_Reward/flat_orientation_l2: -0.0560
     Episode_Reward/base_height_l2: -0.0141
   Episode_Reward/joint_torques_l2: -0.0014
       Episode_Reward/joint_vel_l2: -0.0001
       Episode_Reward/joint_acc_l2: -0.0043
   Episode_Reward/joint_pos_limits: -0.0000
        Episode_Reward/joint_power: -0.0001
        Episode_Reward/stand_still: -0.0017
     Episode_Reward/action_rate_l2: -0.0446
 Episode_Reward/undesired_contacts: -0.0130
Episode_Reward/track_lin_vel_xy_exp: 0.0928
Episode_Reward/track_ang_vel_z_exp: 0.0817
      Episode_Reward/feet_air_time: 0.0009
Episode_Reward/feet_air_time_variance: -0.0112
         Episode_Reward/feet_slide: -0.0161
     Episode_Reward/feet_clearance: 0.0969
Episode_Reward/feet_distance_y_exp: 0.1114
   Episode_Reward/feet_landing_vel: -0.0006
 Episode_Reward/joint_vel_wheel_l2: -0.0002
 Episode_Reward/joint_acc_wheel_l2: -0.0000
Episode_Reward/joint_torques_wheel_l2: -0.0000
Episode_Reward/bipedal_gait_reward: -0.1130
Episode_Reward/feet_distance_penalize: -0.0069
        Episode_Reward/stop_motion: -0.0225
  Episode_Reward/action_smoothness: -0.0586
       Episode_Reward/lazy_penalty: -0.0006
         Episode_Reward/keep_alive: 0.0085
Episode_Reward/joint_deviation_hip: -0.0024
Episode_Reward/joint_deviation_ankle: -0.0030
Episode_Reward/joint_deviation_legs: -0.0006
Episode_Reward/body_orientation_l2: -0.0336
 Episode_Reward/ankle_torque_limit: -0.0001
Episode_Reward/penalize_hip_roll_action: -0.0429
Episode_Reward/feet_impact_reduction: -0.0000
Metrics/base_velocity/error_vel_xy: 0.0987
Metrics/base_velocity/error_vel_yaw: 0.0623
      Episode_Termination/time_out: 0.0000
Episode_Termination/terrain_out_of_bounds: 0.0000
Episode_Termination/illegal_contact: 1.0000
--------------------------------------------------------------------------------
                   Total timesteps: 4128768
                    Iteration time: 1.87s
                      Time elapsed: 00:01:18
                               ETA: 12:56:33

################################################################################
                     [1m Learning iteration 42/25000 [0m                      

                       Computation: 53893 steps/s (collection: 1.283s, learning 0.541s)
             Mean action noise std: 0.55
          Mean value_function loss: 0.1242
               Mean surrogate loss: -0.0051
                 Mean entropy loss: 7.9602
                Mean priv_reg loss: 0.6665
                Mean amp/loss loss: 0.5093
            Mean amp/grad_pen loss: 0.1838
         Mean amp/policy_pred loss: -0.3000
         Mean amp/expert_pred loss: 0.3150
                       Mean reward: -6.18
               Mean episode length: 56.56
      Episode_Reward/is_terminated: -0.2000
       Episode_Reward/lin_vel_z_l2: -0.0221
      Episode_Reward/ang_vel_xy_l2: -0.0282
Episode_Reward/flat_orientation_l2: -0.0561
     Episode_Reward/base_height_l2: -0.0145
   Episode_Reward/joint_torques_l2: -0.0014
       Episode_Reward/joint_vel_l2: -0.0001
       Episode_Reward/joint_acc_l2: -0.0041
   Episode_Reward/joint_pos_limits: 0.0000
        Episode_Reward/joint_power: -0.0001
        Episode_Reward/stand_still: -0.0020
     Episode_Reward/action_rate_l2: -0.0445
 Episode_Reward/undesired_contacts: -0.0138
Episode_Reward/track_lin_vel_xy_exp: 0.0885
Episode_Reward/track_ang_vel_z_exp: 0.0825
      Episode_Reward/feet_air_time: 0.0010
Episode_Reward/feet_air_time_variance: -0.0116
         Episode_Reward/feet_slide: -0.0164
     Episode_Reward/feet_clearance: 0.0978
Episode_Reward/feet_distance_y_exp: 0.1126
   Episode_Reward/feet_landing_vel: -0.0006
 Episode_Reward/joint_vel_wheel_l2: -0.0002
 Episode_Reward/joint_acc_wheel_l2: -0.0000
Episode_Reward/joint_torques_wheel_l2: -0.0000
Episode_Reward/bipedal_gait_reward: -0.1141
Episode_Reward/feet_distance_penalize: -0.0070
        Episode_Reward/stop_motion: -0.0223
  Episode_Reward/action_smoothness: -0.0584
       Episode_Reward/lazy_penalty: -0.0005
         Episode_Reward/keep_alive: 0.0086
Episode_Reward/joint_deviation_hip: -0.0024
Episode_Reward/joint_deviation_ankle: -0.0030
Episode_Reward/joint_deviation_legs: -0.0006
Episode_Reward/body_orientation_l2: -0.0337
 Episode_Reward/ankle_torque_limit: -0.0001
Episode_Reward/penalize_hip_roll_action: -0.0428
Episode_Reward/feet_impact_reduction: -0.0000
Metrics/base_velocity/error_vel_xy: 0.1029
Metrics/base_velocity/error_vel_yaw: 0.0639
      Episode_Termination/time_out: 0.0000
Episode_Termination/terrain_out_of_bounds: 0.0000
Episode_Termination/illegal_contact: 1.0000
--------------------------------------------------------------------------------
                   Total timesteps: 4227072
                    Iteration time: 1.82s
                      Time elapsed: 00:01:20
                               ETA: 12:56:06

################################################################################
                     [1m Learning iteration 43/25000 [0m                      

                       Computation: 54712 steps/s (collection: 1.270s, learning 0.526s)
             Mean action noise std: 0.54
          Mean value_function loss: 0.1249
               Mean surrogate loss: -0.0073
                 Mean entropy loss: 7.8540
                Mean priv_reg loss: 0.6702
                Mean amp/loss loss: 0.5104
            Mean amp/grad_pen loss: 0.1832
         Mean amp/policy_pred loss: -0.2984
         Mean amp/expert_pred loss: 0.3139
                       Mean reward: -5.88
               Mean episode length: 57.26
      Episode_Reward/is_terminated: -0.2000
       Episode_Reward/lin_vel_z_l2: -0.0218
      Episode_Reward/ang_vel_xy_l2: -0.0279
Episode_Reward/flat_orientation_l2: -0.0559
     Episode_Reward/base_height_l2: -0.0143
   Episode_Reward/joint_torques_l2: -0.0014
       Episode_Reward/joint_vel_l2: -0.0001
       Episode_Reward/joint_acc_l2: -0.0042
   Episode_Reward/joint_pos_limits: 0.0000
        Episode_Reward/joint_power: -0.0001
        Episode_Reward/stand_still: -0.0015
     Episode_Reward/action_rate_l2: -0.0441
 Episode_Reward/undesired_contacts: -0.0136
Episode_Reward/track_lin_vel_xy_exp: 0.0931
Episode_Reward/track_ang_vel_z_exp: 0.0845
      Episode_Reward/feet_air_time: 0.0010
Episode_Reward/feet_air_time_variance: -0.0118
         Episode_Reward/feet_slide: -0.0164
     Episode_Reward/feet_clearance: 0.0994
Episode_Reward/feet_distance_y_exp: 0.1136
   Episode_Reward/feet_landing_vel: -0.0006
 Episode_Reward/joint_vel_wheel_l2: -0.0002
 Episode_Reward/joint_acc_wheel_l2: -0.0000
Episode_Reward/joint_torques_wheel_l2: -0.0000
Episode_Reward/bipedal_gait_reward: -0.1157
Episode_Reward/feet_distance_penalize: -0.0066
        Episode_Reward/stop_motion: -0.0233
  Episode_Reward/action_smoothness: -0.0578
       Episode_Reward/lazy_penalty: -0.0005
         Episode_Reward/keep_alive: 0.0086
Episode_Reward/joint_deviation_hip: -0.0024
Episode_Reward/joint_deviation_ankle: -0.0030
Episode_Reward/joint_deviation_legs: -0.0006
Episode_Reward/body_orientation_l2: -0.0335
 Episode_Reward/ankle_torque_limit: -0.0001
Episode_Reward/penalize_hip_roll_action: -0.0429
Episode_Reward/feet_impact_reduction: -0.0000
Metrics/base_velocity/error_vel_xy: 0.1014
Metrics/base_velocity/error_vel_yaw: 0.0635
      Episode_Termination/time_out: 0.0000
Episode_Termination/terrain_out_of_bounds: 0.0000
Episode_Termination/illegal_contact: 1.0000
--------------------------------------------------------------------------------
                   Total timesteps: 4325376
                    Iteration time: 1.80s
                      Time elapsed: 00:01:22
                               ETA: 12:55:25

################################################################################
                     [1m Learning iteration 44/25000 [0m                      

                       Computation: 52916 steps/s (collection: 1.325s, learning 0.533s)
             Mean action noise std: 0.53
          Mean value_function loss: 0.1320
               Mean surrogate loss: -0.0066
                 Mean entropy loss: 7.6751
                Mean priv_reg loss: 0.6947
                Mean amp/loss loss: 0.5089
            Mean amp/grad_pen loss: 0.1838
         Mean amp/policy_pred loss: -0.3043
         Mean amp/expert_pred loss: 0.3103
                       Mean reward: -5.71
               Mean episode length: 60.28
      Episode_Reward/is_terminated: -0.2000
       Episode_Reward/lin_vel_z_l2: -0.0219
      Episode_Reward/ang_vel_xy_l2: -0.0277
Episode_Reward/flat_orientation_l2: -0.0557
     Episode_Reward/base_height_l2: -0.0144
   Episode_Reward/joint_torques_l2: -0.0014
       Episode_Reward/joint_vel_l2: -0.0001
       Episode_Reward/joint_acc_l2: -0.0043
   Episode_Reward/joint_pos_limits: -0.0000
        Episode_Reward/joint_power: -0.0001
        Episode_Reward/stand_still: -0.0018
     Episode_Reward/action_rate_l2: -0.0440
 Episode_Reward/undesired_contacts: -0.0139
Episode_Reward/track_lin_vel_xy_exp: 0.0952
Episode_Reward/track_ang_vel_z_exp: 0.0859
      Episode_Reward/feet_air_time: 0.0009
Episode_Reward/feet_air_time_variance: -0.0123
         Episode_Reward/feet_slide: -0.0165
     Episode_Reward/feet_clearance: 0.1003
Episode_Reward/feet_distance_y_exp: 0.1151
   Episode_Reward/feet_landing_vel: -0.0006
 Episode_Reward/joint_vel_wheel_l2: -0.0003
 Episode_Reward/joint_acc_wheel_l2: -0.0000
Episode_Reward/joint_torques_wheel_l2: -0.0000
Episode_Reward/bipedal_gait_reward: -0.1166
Episode_Reward/feet_distance_penalize: -0.0071
        Episode_Reward/stop_motion: -0.0222
  Episode_Reward/action_smoothness: -0.0576
       Episode_Reward/lazy_penalty: -0.0005
         Episode_Reward/keep_alive: 0.0088
Episode_Reward/joint_deviation_hip: -0.0024
Episode_Reward/joint_deviation_ankle: -0.0030
Episode_Reward/joint_deviation_legs: -0.0006
Episode_Reward/body_orientation_l2: -0.0334
 Episode_Reward/ankle_torque_limit: -0.0001
Episode_Reward/penalize_hip_roll_action: -0.0428
Episode_Reward/feet_impact_reduction: -0.0000
Metrics/base_velocity/error_vel_xy: 0.1021
Metrics/base_velocity/error_vel_yaw: 0.0637
      Episode_Termination/time_out: 0.0000
Episode_Termination/terrain_out_of_bounds: 0.0000
Episode_Termination/illegal_contact: 1.0000
--------------------------------------------------------------------------------
                   Total timesteps: 4423680
                    Iteration time: 1.86s
                      Time elapsed: 00:01:23
                               ETA: 12:55:20

################################################################################
                     [1m Learning iteration 45/25000 [0m                      

                       Computation: 55565 steps/s (collection: 1.243s, learning 0.526s)
             Mean action noise std: 0.52
          Mean value_function loss: 0.1376
               Mean surrogate loss: -0.0040
                 Mean entropy loss: 7.5623
                Mean priv_reg loss: 0.6964
                Mean amp/loss loss: 0.5169
            Mean amp/grad_pen loss: 0.1822
         Mean amp/policy_pred loss: -0.2975
         Mean amp/expert_pred loss: 0.3033
                       Mean reward: -5.57
               Mean episode length: 59.28
      Episode_Reward/is_terminated: -0.2000
       Episode_Reward/lin_vel_z_l2: -0.0217
      Episode_Reward/ang_vel_xy_l2: -0.0275
Episode_Reward/flat_orientation_l2: -0.0560
     Episode_Reward/base_height_l2: -0.0144
   Episode_Reward/joint_torques_l2: -0.0014
       Episode_Reward/joint_vel_l2: -0.0001
       Episode_Reward/joint_acc_l2: -0.0041
   Episode_Reward/joint_pos_limits: 0.0000
        Episode_Reward/joint_power: -0.0002
        Episode_Reward/stand_still: -0.0016
     Episode_Reward/action_rate_l2: -0.0441
 Episode_Reward/undesired_contacts: -0.0133
Episode_Reward/track_lin_vel_xy_exp: 0.0968
Episode_Reward/track_ang_vel_z_exp: 0.0899
      Episode_Reward/feet_air_time: 0.0010
Episode_Reward/feet_air_time_variance: -0.0131
         Episode_Reward/feet_slide: -0.0168
     Episode_Reward/feet_clearance: 0.1037
Episode_Reward/feet_distance_y_exp: 0.1182
   Episode_Reward/feet_landing_vel: -0.0006
 Episode_Reward/joint_vel_wheel_l2: -0.0003
 Episode_Reward/joint_acc_wheel_l2: -0.0000
Episode_Reward/joint_torques_wheel_l2: -0.0000
Episode_Reward/bipedal_gait_reward: -0.1209
Episode_Reward/feet_distance_penalize: -0.0067
        Episode_Reward/stop_motion: -0.0201
  Episode_Reward/action_smoothness: -0.0576
       Episode_Reward/lazy_penalty: -0.0006
         Episode_Reward/keep_alive: 0.0090
Episode_Reward/joint_deviation_hip: -0.0024
Episode_Reward/joint_deviation_ankle: -0.0029
Episode_Reward/joint_deviation_legs: -0.0006
Episode_Reward/body_orientation_l2: -0.0336
 Episode_Reward/ankle_torque_limit: -0.0001
Episode_Reward/penalize_hip_roll_action: -0.0436
Episode_Reward/feet_impact_reduction: -0.0000
Metrics/base_velocity/error_vel_xy: 0.1042
Metrics/base_velocity/error_vel_yaw: 0.0637
      Episode_Termination/time_out: 0.0000
Episode_Termination/terrain_out_of_bounds: 0.0000
Episode_Termination/illegal_contact: 1.0000
--------------------------------------------------------------------------------
                   Total timesteps: 4521984
                    Iteration time: 1.77s
                      Time elapsed: 00:01:25
                               ETA: 12:54:27

################################################################################
                     [1m Learning iteration 46/25000 [0m                      

                       Computation: 59324 steps/s (collection: 1.133s, learning 0.524s)
             Mean action noise std: 0.52
          Mean value_function loss: 0.1618
               Mean surrogate loss: -0.0048
                 Mean entropy loss: 7.4062
                Mean priv_reg loss: 0.7039
                Mean amp/loss loss: 0.5143
            Mean amp/grad_pen loss: 0.1808
         Mean amp/policy_pred loss: -0.3029
         Mean amp/expert_pred loss: 0.3035
                       Mean reward: -5.45
               Mean episode length: 62.29
      Episode_Reward/is_terminated: -0.2000
       Episode_Reward/lin_vel_z_l2: -0.0212
      Episode_Reward/ang_vel_xy_l2: -0.0270
Episode_Reward/flat_orientation_l2: -0.0554
     Episode_Reward/base_height_l2: -0.0142
   Episode_Reward/joint_torques_l2: -0.0014
       Episode_Reward/joint_vel_l2: -0.0001
       Episode_Reward/joint_acc_l2: -0.0042
   Episode_Reward/joint_pos_limits: -0.0000
        Episode_Reward/joint_power: -0.0002
        Episode_Reward/stand_still: -0.0020
     Episode_Reward/action_rate_l2: -0.0438
 Episode_Reward/undesired_contacts: -0.0130
Episode_Reward/track_lin_vel_xy_exp: 0.0995
Episode_Reward/track_ang_vel_z_exp: 0.0937
      Episode_Reward/feet_air_time: 0.0009
Episode_Reward/feet_air_time_variance: -0.0134
         Episode_Reward/feet_slide: -0.0169
     Episode_Reward/feet_clearance: 0.1053
Episode_Reward/feet_distance_y_exp: 0.1207
   Episode_Reward/feet_landing_vel: -0.0006
 Episode_Reward/joint_vel_wheel_l2: -0.0003
 Episode_Reward/joint_acc_wheel_l2: -0.0000
Episode_Reward/joint_torques_wheel_l2: -0.0000
Episode_Reward/bipedal_gait_reward: -0.1222
Episode_Reward/feet_distance_penalize: -0.0063
        Episode_Reward/stop_motion: -0.0241
  Episode_Reward/action_smoothness: -0.0572
       Episode_Reward/lazy_penalty: -0.0007
         Episode_Reward/keep_alive: 0.0092
Episode_Reward/joint_deviation_hip: -0.0024
Episode_Reward/joint_deviation_ankle: -0.0030
Episode_Reward/joint_deviation_legs: -0.0006
Episode_Reward/body_orientation_l2: -0.0332
 Episode_Reward/ankle_torque_limit: -0.0001
Episode_Reward/penalize_hip_roll_action: -0.0437
Episode_Reward/feet_impact_reduction: -0.0000
Metrics/base_velocity/error_vel_xy: 0.1058
Metrics/base_velocity/error_vel_yaw: 0.0641
      Episode_Termination/time_out: 0.0000
Episode_Termination/terrain_out_of_bounds: 0.0000
Episode_Termination/illegal_contact: 1.0000
--------------------------------------------------------------------------------
                   Total timesteps: 4620288
                    Iteration time: 1.66s
                      Time elapsed: 00:01:27
                               ETA: 12:52:36

################################################################################
                     [1m Learning iteration 47/25000 [0m                      

                       Computation: 52476 steps/s (collection: 1.340s, learning 0.533s)
             Mean action noise std: 0.51
          Mean value_function loss: 0.1831
               Mean surrogate loss: -0.0037
                 Mean entropy loss: 7.3100
                Mean priv_reg loss: 0.7133
                Mean amp/loss loss: 0.5204
            Mean amp/grad_pen loss: 0.1827
         Mean amp/policy_pred loss: -0.2940
         Mean amp/expert_pred loss: 0.3029
                       Mean reward: -5.34
               Mean episode length: 60.61
      Episode_Reward/is_terminated: -0.2000
       Episode_Reward/lin_vel_z_l2: -0.0203
      Episode_Reward/ang_vel_xy_l2: -0.0262
Episode_Reward/flat_orientation_l2: -0.0550
     Episode_Reward/base_height_l2: -0.0141
   Episode_Reward/joint_torques_l2: -0.0015
       Episode_Reward/joint_vel_l2: -0.0001
       Episode_Reward/joint_acc_l2: -0.0042
   Episode_Reward/joint_pos_limits: 0.0000
        Episode_Reward/joint_power: -0.0002
        Episode_Reward/stand_still: -0.0013
     Episode_Reward/action_rate_l2: -0.0438
 Episode_Reward/undesired_contacts: -0.0122
Episode_Reward/track_lin_vel_xy_exp: 0.1067
Episode_Reward/track_ang_vel_z_exp: 0.0956
      Episode_Reward/feet_air_time: 0.0009
Episode_Reward/feet_air_time_variance: -0.0140
         Episode_Reward/feet_slide: -0.0170
     Episode_Reward/feet_clearance: 0.1088
Episode_Reward/feet_distance_y_exp: 0.1230
   Episode_Reward/feet_landing_vel: -0.0006
 Episode_Reward/joint_vel_wheel_l2: -0.0003
 Episode_Reward/joint_acc_wheel_l2: -0.0000
Episode_Reward/joint_torques_wheel_l2: -0.0000
Episode_Reward/bipedal_gait_reward: -0.1258
Episode_Reward/feet_distance_penalize: -0.0070
        Episode_Reward/stop_motion: -0.0231
  Episode_Reward/action_smoothness: -0.0571
       Episode_Reward/lazy_penalty: -0.0009
         Episode_Reward/keep_alive: 0.0093
Episode_Reward/joint_deviation_hip: -0.0026
Episode_Reward/joint_deviation_ankle: -0.0030
Episode_Reward/joint_deviation_legs: -0.0006
Episode_Reward/body_orientation_l2: -0.0330
 Episode_Reward/ankle_torque_limit: -0.0001
Episode_Reward/penalize_hip_roll_action: -0.0441
Episode_Reward/feet_impact_reduction: -0.0000
Metrics/base_velocity/error_vel_xy: 0.1047
Metrics/base_velocity/error_vel_yaw: 0.0647
      Episode_Termination/time_out: 0.0000
Episode_Termination/terrain_out_of_bounds: 0.0000
Episode_Termination/illegal_contact: 1.0000
--------------------------------------------------------------------------------
                   Total timesteps: 4718592
                    Iteration time: 1.87s
                      Time elapsed: 00:01:29
                               ETA: 12:52:42

################################################################################
                     [1m Learning iteration 48/25000 [0m                      

                       Computation: 52204 steps/s (collection: 1.347s, learning 0.536s)
             Mean action noise std: 0.51
          Mean value_function loss: 0.1862
               Mean surrogate loss: -0.0046
                 Mean entropy loss: 7.2249
                Mean priv_reg loss: 0.7090
                Mean amp/loss loss: 0.5228
            Mean amp/grad_pen loss: 0.1823
         Mean amp/policy_pred loss: -0.2951
         Mean amp/expert_pred loss: 0.2971
                       Mean reward: -5.75
               Mean episode length: 59.03
      Episode_Reward/is_terminated: -0.2000
       Episode_Reward/lin_vel_z_l2: -0.0208
      Episode_Reward/ang_vel_xy_l2: -0.0262
Episode_Reward/flat_orientation_l2: -0.0553
     Episode_Reward/base_height_l2: -0.0142
   Episode_Reward/joint_torques_l2: -0.0015
       Episode_Reward/joint_vel_l2: -0.0001
       Episode_Reward/joint_acc_l2: -0.0042
   Episode_Reward/joint_pos_limits: -0.0000
        Episode_Reward/joint_power: -0.0001
        Episode_Reward/stand_still: -0.0016
     Episode_Reward/action_rate_l2: -0.0425
 Episode_Reward/undesired_contacts: -0.0126
Episode_Reward/track_lin_vel_xy_exp: 0.1031
Episode_Reward/track_ang_vel_z_exp: 0.0964
      Episode_Reward/feet_air_time: 0.0009
Episode_Reward/feet_air_time_variance: -0.0143
         Episode_Reward/feet_slide: -0.0170
     Episode_Reward/feet_clearance: 0.1080
Episode_Reward/feet_distance_y_exp: 0.1224
   Episode_Reward/feet_landing_vel: -0.0006
 Episode_Reward/joint_vel_wheel_l2: -0.0003
 Episode_Reward/joint_acc_wheel_l2: -0.0000
Episode_Reward/joint_torques_wheel_l2: -0.0000
Episode_Reward/bipedal_gait_reward: -0.1244
Episode_Reward/feet_distance_penalize: -0.0064
        Episode_Reward/stop_motion: -0.0216
  Episode_Reward/action_smoothness: -0.0554
       Episode_Reward/lazy_penalty: -0.0008
         Episode_Reward/keep_alive: 0.0093
Episode_Reward/joint_deviation_hip: -0.0025
Episode_Reward/joint_deviation_ankle: -0.0029
Episode_Reward/joint_deviation_legs: -0.0006
Episode_Reward/body_orientation_l2: -0.0332
 Episode_Reward/ankle_torque_limit: -0.0001
Episode_Reward/penalize_hip_roll_action: -0.0435
Episode_Reward/feet_impact_reduction: -0.0000
Metrics/base_velocity/error_vel_xy: 0.1053
Metrics/base_velocity/error_vel_yaw: 0.0637
      Episode_Termination/time_out: 0.0000
Episode_Termination/terrain_out_of_bounds: 0.0000
Episode_Termination/illegal_contact: 1.0000
--------------------------------------------------------------------------------
                   Total timesteps: 4816896
                    Iteration time: 1.88s
                      Time elapsed: 00:01:31
                               ETA: 12:52:53

################################################################################
                     [1m Learning iteration 49/25000 [0m                      

                       Computation: 49641 steps/s (collection: 1.450s, learning 0.530s)
             Mean action noise std: 0.51
          Mean value_function loss: 0.2273
               Mean surrogate loss: -0.0030
                 Mean entropy loss: 7.1504
                Mean priv_reg loss: 0.7171
                Mean amp/loss loss: 0.5234
            Mean amp/grad_pen loss: 0.1810
         Mean amp/policy_pred loss: -0.2931
         Mean amp/expert_pred loss: 0.2985
                       Mean reward: -5.32
               Mean episode length: 62.86
      Episode_Reward/is_terminated: -0.2000
       Episode_Reward/lin_vel_z_l2: -0.0231
      Episode_Reward/ang_vel_xy_l2: -0.0275
Episode_Reward/flat_orientation_l2: -0.0557
     Episode_Reward/base_height_l2: -0.0143
   Episode_Reward/joint_torques_l2: -0.0015
       Episode_Reward/joint_vel_l2: -0.0001
       Episode_Reward/joint_acc_l2: -0.0043
   Episode_Reward/joint_pos_limits: 0.0000
        Episode_Reward/joint_power: -0.0002
        Episode_Reward/stand_still: -0.0022
     Episode_Reward/action_rate_l2: -0.0435
 Episode_Reward/undesired_contacts: -0.0138
Episode_Reward/track_lin_vel_xy_exp: 0.1141
Episode_Reward/track_ang_vel_z_exp: 0.0997
      Episode_Reward/feet_air_time: 0.0008
Episode_Reward/feet_air_time_variance: -0.0148
         Episode_Reward/feet_slide: -0.0172
     Episode_Reward/feet_clearance: 0.1118
Episode_Reward/feet_distance_y_exp: 0.1276
   Episode_Reward/feet_landing_vel: -0.0006
 Episode_Reward/joint_vel_wheel_l2: -0.0003
 Episode_Reward/joint_acc_wheel_l2: -0.0000
Episode_Reward/joint_torques_wheel_l2: -0.0000
Episode_Reward/bipedal_gait_reward: -0.1291
Episode_Reward/feet_distance_penalize: -0.0069
        Episode_Reward/stop_motion: -0.0238
  Episode_Reward/action_smoothness: -0.0567
       Episode_Reward/lazy_penalty: -0.0010
         Episode_Reward/keep_alive: 0.0097
Episode_Reward/joint_deviation_hip: -0.0025
Episode_Reward/joint_deviation_ankle: -0.0029
Episode_Reward/joint_deviation_legs: -0.0007
Episode_Reward/body_orientation_l2: -0.0334
 Episode_Reward/ankle_torque_limit: -0.0001
Episode_Reward/penalize_hip_roll_action: -0.0444
Episode_Reward/feet_impact_reduction: -0.0000
Metrics/base_velocity/error_vel_xy: 0.1061
Metrics/base_velocity/error_vel_yaw: 0.0670
      Episode_Termination/time_out: 0.0000
Episode_Termination/terrain_out_of_bounds: 0.0000
Episode_Termination/illegal_contact: 1.0000
--------------------------------------------------------------------------------
                   Total timesteps: 4915200
                    Iteration time: 1.98s
                      Time elapsed: 00:01:33
                               ETA: 12:53:52

################################################################################
                     [1m Learning iteration 50/25000 [0m                      

                       Computation: 48867 steps/s (collection: 1.476s, learning 0.536s)
             Mean action noise std: 0.50
          Mean value_function loss: 0.2352
               Mean surrogate loss: -0.0049
                 Mean entropy loss: 7.0730
                Mean priv_reg loss: 0.7154
                Mean amp/loss loss: 0.5252
            Mean amp/grad_pen loss: 0.1762
         Mean amp/policy_pred loss: -0.2917
         Mean amp/expert_pred loss: 0.2985
                       Mean reward: -4.68
               Mean episode length: 68.00
      Episode_Reward/is_terminated: -0.2000
       Episode_Reward/lin_vel_z_l2: -0.0242
      Episode_Reward/ang_vel_xy_l2: -0.0282
Episode_Reward/flat_orientation_l2: -0.0563
     Episode_Reward/base_height_l2: -0.0145
   Episode_Reward/joint_torques_l2: -0.0016
       Episode_Reward/joint_vel_l2: -0.0001
       Episode_Reward/joint_acc_l2: -0.0043
   Episode_Reward/joint_pos_limits: -0.0000
        Episode_Reward/joint_power: -0.0002
        Episode_Reward/stand_still: -0.0023
     Episode_Reward/action_rate_l2: -0.0448
 Episode_Reward/undesired_contacts: -0.0149
Episode_Reward/track_lin_vel_xy_exp: 0.1184
Episode_Reward/track_ang_vel_z_exp: 0.1038
      Episode_Reward/feet_air_time: 0.0009
Episode_Reward/feet_air_time_variance: -0.0161
         Episode_Reward/feet_slide: -0.0175
     Episode_Reward/feet_clearance: 0.1167
Episode_Reward/feet_distance_y_exp: 0.1325
   Episode_Reward/feet_landing_vel: -0.0006
 Episode_Reward/joint_vel_wheel_l2: -0.0003
 Episode_Reward/joint_acc_wheel_l2: -0.0000
Episode_Reward/joint_torques_wheel_l2: -0.0000
Episode_Reward/bipedal_gait_reward: -0.1345
Episode_Reward/feet_distance_penalize: -0.0072
        Episode_Reward/stop_motion: -0.0220
  Episode_Reward/action_smoothness: -0.0584
       Episode_Reward/lazy_penalty: -0.0012
         Episode_Reward/keep_alive: 0.0101
Episode_Reward/joint_deviation_hip: -0.0027
Episode_Reward/joint_deviation_ankle: -0.0031
Episode_Reward/joint_deviation_legs: -0.0007
Episode_Reward/body_orientation_l2: -0.0338
 Episode_Reward/ankle_torque_limit: -0.0001
Episode_Reward/penalize_hip_roll_action: -0.0453
Episode_Reward/feet_impact_reduction: -0.0000
Metrics/base_velocity/error_vel_xy: 0.1086
Metrics/base_velocity/error_vel_yaw: 0.0688
      Episode_Termination/time_out: 0.0000
Episode_Termination/terrain_out_of_bounds: 0.0000
Episode_Termination/illegal_contact: 1.0000
--------------------------------------------------------------------------------
                   Total timesteps: 5013504
                    Iteration time: 2.01s
                      Time elapsed: 00:01:35
                               ETA: 12:55:04

################################################################################
                     [1m Learning iteration 51/25000 [0m                      

                       Computation: 52423 steps/s (collection: 1.339s, learning 0.536s)
             Mean action noise std: 0.50
          Mean value_function loss: 0.3064
               Mean surrogate loss: -0.0033
                 Mean entropy loss: 6.9954
                Mean priv_reg loss: 0.6925
                Mean amp/loss loss: 0.5215
            Mean amp/grad_pen loss: 0.1810
         Mean amp/policy_pred loss: -0.2963
         Mean amp/expert_pred loss: 0.3024
                       Mean reward: -4.51
               Mean episode length: 70.91
      Episode_Reward/is_terminated: -0.2000
       Episode_Reward/lin_vel_z_l2: -0.0256
      Episode_Reward/ang_vel_xy_l2: -0.0294
Episode_Reward/flat_orientation_l2: -0.0573
     Episode_Reward/base_height_l2: -0.0147
   Episode_Reward/joint_torques_l2: -0.0016
       Episode_Reward/joint_vel_l2: -0.0001
       Episode_Reward/joint_acc_l2: -0.0042
   Episode_Reward/joint_pos_limits: 0.0000
        Episode_Reward/joint_power: -0.0002
        Episode_Reward/stand_still: -0.0023
     Episode_Reward/action_rate_l2: -0.0465
 Episode_Reward/undesired_contacts: -0.0151
Episode_Reward/track_lin_vel_xy_exp: 0.1235
Episode_Reward/track_ang_vel_z_exp: 0.1085
      Episode_Reward/feet_air_time: 0.0008
Episode_Reward/feet_air_time_variance: -0.0174
         Episode_Reward/feet_slide: -0.0177
     Episode_Reward/feet_clearance: 0.1222
Episode_Reward/feet_distance_y_exp: 0.1388
   Episode_Reward/feet_landing_vel: -0.0005
 Episode_Reward/joint_vel_wheel_l2: -0.0003
 Episode_Reward/joint_acc_wheel_l2: -0.0000
Episode_Reward/joint_torques_wheel_l2: -0.0000
Episode_Reward/bipedal_gait_reward: -0.1411
Episode_Reward/feet_distance_penalize: -0.0078
        Episode_Reward/stop_motion: -0.0238
  Episode_Reward/action_smoothness: -0.0606
       Episode_Reward/lazy_penalty: -0.0017
         Episode_Reward/keep_alive: 0.0105
Episode_Reward/joint_deviation_hip: -0.0028
Episode_Reward/joint_deviation_ankle: -0.0032
Episode_Reward/joint_deviation_legs: -0.0007
Episode_Reward/body_orientation_l2: -0.0344
 Episode_Reward/ankle_torque_limit: -0.0001
Episode_Reward/penalize_hip_roll_action: -0.0473
Episode_Reward/feet_impact_reduction: -0.0000
Metrics/base_velocity/error_vel_xy: 0.1121
Metrics/base_velocity/error_vel_yaw: 0.0725
      Episode_Termination/time_out: 0.0000
Episode_Termination/terrain_out_of_bounds: 0.0000
Episode_Termination/illegal_contact: 1.0000
--------------------------------------------------------------------------------
                   Total timesteps: 5111808
                    Iteration time: 1.88s
                      Time elapsed: 00:01:36
                               ETA: 12:55:07

################################################################################
                     [1m Learning iteration 52/25000 [0m                      

                       Computation: 50886 steps/s (collection: 1.397s, learning 0.534s)
             Mean action noise std: 0.50
          Mean value_function loss: 0.2838
               Mean surrogate loss: 0.0118
                 Mean entropy loss: 6.9549
                Mean priv_reg loss: 0.6797
                Mean amp/loss loss: 0.5232
            Mean amp/grad_pen loss: 0.1903
         Mean amp/policy_pred loss: -0.2967
         Mean amp/expert_pred loss: 0.2963
                       Mean reward: -4.41
               Mean episode length: 80.31
      Episode_Reward/is_terminated: -0.2000
       Episode_Reward/lin_vel_z_l2: -0.0254
      Episode_Reward/ang_vel_xy_l2: -0.0288
Episode_Reward/flat_orientation_l2: -0.0574
     Episode_Reward/base_height_l2: -0.0148
   Episode_Reward/joint_torques_l2: -0.0016
       Episode_Reward/joint_vel_l2: -0.0001
       Episode_Reward/joint_acc_l2: -0.0042
   Episode_Reward/joint_pos_limits: -0.0000
        Episode_Reward/joint_power: -0.0002
        Episode_Reward/stand_still: -0.0015
     Episode_Reward/action_rate_l2: -0.0461
 Episode_Reward/undesired_contacts: -0.0150
Episode_Reward/track_lin_vel_xy_exp: 0.1267
Episode_Reward/track_ang_vel_z_exp: 0.1112
      Episode_Reward/feet_air_time: 0.0008
Episode_Reward/feet_air_time_variance: -0.0174
         Episode_Reward/feet_slide: -0.0178
     Episode_Reward/feet_clearance: 0.1253
Episode_Reward/feet_distance_y_exp: 0.1404
   Episode_Reward/feet_landing_vel: -0.0005
 Episode_Reward/joint_vel_wheel_l2: -0.0003
 Episode_Reward/joint_acc_wheel_l2: -0.0000
Episode_Reward/joint_torques_wheel_l2: -0.0000
Episode_Reward/bipedal_gait_reward: -0.1441
Episode_Reward/feet_distance_penalize: -0.0072
        Episode_Reward/stop_motion: -0.0229
  Episode_Reward/action_smoothness: -0.0601
       Episode_Reward/lazy_penalty: -0.0018
         Episode_Reward/keep_alive: 0.0107
Episode_Reward/joint_deviation_hip: -0.0028
Episode_Reward/joint_deviation_ankle: -0.0032
Episode_Reward/joint_deviation_legs: -0.0007
Episode_Reward/body_orientation_l2: -0.0345
 Episode_Reward/ankle_torque_limit: -0.0001
Episode_Reward/penalize_hip_roll_action: -0.0476
Episode_Reward/feet_impact_reduction: -0.0000
Metrics/base_velocity/error_vel_xy: 0.1138
Metrics/base_velocity/error_vel_yaw: 0.0718
      Episode_Termination/time_out: 0.0000
Episode_Termination/terrain_out_of_bounds: 0.0000
Episode_Termination/illegal_contact: 1.0000
--------------------------------------------------------------------------------
                   Total timesteps: 5210112
                    Iteration time: 1.93s
                      Time elapsed: 00:01:38
                               ETA: 12:55:37

################################################################################
                     [1m Learning iteration 53/25000 [0m                      

                       Computation: 47215 steps/s (collection: 1.548s, learning 0.534s)
             Mean action noise std: 0.50
          Mean value_function loss: 0.2867
               Mean surrogate loss: -0.0071
                 Mean entropy loss: 6.9050
                Mean priv_reg loss: 0.6649
                Mean amp/loss loss: 0.5502
            Mean amp/grad_pen loss: 0.1692
         Mean amp/policy_pred loss: -0.2694
         Mean amp/expert_pred loss: 0.2789
                       Mean reward: -4.44
               Mean episode length: 74.72
      Episode_Reward/is_terminated: -0.2000
       Episode_Reward/lin_vel_z_l2: -0.0245
      Episode_Reward/ang_vel_xy_l2: -0.0293
Episode_Reward/flat_orientation_l2: -0.0579
     Episode_Reward/base_height_l2: -0.0148
   Episode_Reward/joint_torques_l2: -0.0018
       Episode_Reward/joint_vel_l2: -0.0001
       Episode_Reward/joint_acc_l2: -0.0044
   Episode_Reward/joint_pos_limits: -0.0000
        Episode_Reward/joint_power: -0.0002
        Episode_Reward/stand_still: -0.0028
     Episode_Reward/action_rate_l2: -0.0499
 Episode_Reward/undesired_contacts: -0.0145
Episode_Reward/track_lin_vel_xy_exp: 0.1465
Episode_Reward/track_ang_vel_z_exp: 0.1237
      Episode_Reward/feet_air_time: 0.0008
Episode_Reward/feet_air_time_variance: -0.0198
         Episode_Reward/feet_slide: -0.0182
     Episode_Reward/feet_clearance: 0.1352
Episode_Reward/feet_distance_y_exp: 0.1530
   Episode_Reward/feet_landing_vel: -0.0005
 Episode_Reward/joint_vel_wheel_l2: -0.0003
 Episode_Reward/joint_acc_wheel_l2: -0.0000
Episode_Reward/joint_torques_wheel_l2: -0.0000
Episode_Reward/bipedal_gait_reward: -0.1542
Episode_Reward/feet_distance_penalize: -0.0067
        Episode_Reward/stop_motion: -0.0237
  Episode_Reward/action_smoothness: -0.0649
       Episode_Reward/lazy_penalty: -0.0025
         Episode_Reward/keep_alive: 0.0116
Episode_Reward/joint_deviation_hip: -0.0031
Episode_Reward/joint_deviation_ankle: -0.0035
Episode_Reward/joint_deviation_legs: -0.0008
Episode_Reward/body_orientation_l2: -0.0347
 Episode_Reward/ankle_torque_limit: -0.0001
Episode_Reward/penalize_hip_roll_action: -0.0511
Episode_Reward/feet_impact_reduction: -0.0000
Metrics/base_velocity/error_vel_xy: 0.1162
Metrics/base_velocity/error_vel_yaw: 0.0760
      Episode_Termination/time_out: 0.0000
Episode_Termination/terrain_out_of_bounds: 0.0000
Episode_Termination/illegal_contact: 1.0000
--------------------------------------------------------------------------------
                   Total timesteps: 5308416
                    Iteration time: 2.08s
                      Time elapsed: 00:01:40
                               ETA: 12:57:16

################################################################################
                     [1m Learning iteration 54/25000 [0m                      

                       Computation: 54410 steps/s (collection: 1.282s, learning 0.525s)
             Mean action noise std: 0.49
          Mean value_function loss: 0.3180
               Mean surrogate loss: -0.0044
                 Mean entropy loss: 6.8670
                Mean priv_reg loss: 0.6555
                Mean amp/loss loss: 0.5225
            Mean amp/grad_pen loss: 0.1816
         Mean amp/policy_pred loss: -0.2935
         Mean amp/expert_pred loss: 0.2990
                       Mean reward: -4.52
               Mean episode length: 79.85
      Episode_Reward/is_terminated: -0.2000
       Episode_Reward/lin_vel_z_l2: -0.0261
      Episode_Reward/ang_vel_xy_l2: -0.0299
Episode_Reward/flat_orientation_l2: -0.0589
     Episode_Reward/base_height_l2: -0.0149
   Episode_Reward/joint_torques_l2: -0.0018
       Episode_Reward/joint_vel_l2: -0.0001
       Episode_Reward/joint_acc_l2: -0.0046
   Episode_Reward/joint_pos_limits: 0.0000
        Episode_Reward/joint_power: -0.0002
        Episode_Reward/stand_still: -0.0013
     Episode_Reward/action_rate_l2: -0.0504
 Episode_Reward/undesired_contacts: -0.0156
Episode_Reward/track_lin_vel_xy_exp: 0.1451
Episode_Reward/track_ang_vel_z_exp: 0.1235
      Episode_Reward/feet_air_time: 0.0008
Episode_Reward/feet_air_time_variance: -0.0207
         Episode_Reward/feet_slide: -0.0183
     Episode_Reward/feet_clearance: 0.1400
Episode_Reward/feet_distance_y_exp: 0.1556
   Episode_Reward/feet_landing_vel: -0.0005
 Episode_Reward/joint_vel_wheel_l2: -0.0003
 Episode_Reward/joint_acc_wheel_l2: -0.0000
Episode_Reward/joint_torques_wheel_l2: -0.0000
Episode_Reward/bipedal_gait_reward: -0.1601
Episode_Reward/feet_distance_penalize: -0.0070
        Episode_Reward/stop_motion: -0.0229
  Episode_Reward/action_smoothness: -0.0655
       Episode_Reward/lazy_penalty: -0.0026
         Episode_Reward/keep_alive: 0.0118
Episode_Reward/joint_deviation_hip: -0.0031
Episode_Reward/joint_deviation_ankle: -0.0035
Episode_Reward/joint_deviation_legs: -0.0008
Episode_Reward/body_orientation_l2: -0.0354
 Episode_Reward/ankle_torque_limit: -0.0002
Episode_Reward/penalize_hip_roll_action: -0.0520
Episode_Reward/feet_impact_reduction: -0.0000
Metrics/base_velocity/error_vel_xy: 0.1190
Metrics/base_velocity/error_vel_yaw: 0.0792
      Episode_Termination/time_out: 0.0000
Episode_Termination/terrain_out_of_bounds: 0.0000
Episode_Termination/illegal_contact: 1.0000
--------------------------------------------------------------------------------
                   Total timesteps: 5406720
                    Iteration time: 1.81s
                      Time elapsed: 00:01:42
                               ETA: 12:56:45

################################################################################
                     [1m Learning iteration 55/25000 [0m                      

                       Computation: 56859 steps/s (collection: 1.204s, learning 0.525s)
             Mean action noise std: 0.49
          Mean value_function loss: 0.3114
               Mean surrogate loss: 0.0054
                 Mean entropy loss: 6.8257
                Mean priv_reg loss: 0.6609
                Mean amp/loss loss: 0.5323
            Mean amp/grad_pen loss: 0.1778
         Mean amp/policy_pred loss: -0.2839
         Mean amp/expert_pred loss: 0.2936
                       Mean reward: -4.24
               Mean episode length: 89.79
      Episode_Reward/is_terminated: -0.2000
       Episode_Reward/lin_vel_z_l2: -0.0289
      Episode_Reward/ang_vel_xy_l2: -0.0318
Episode_Reward/flat_orientation_l2: -0.0589
     Episode_Reward/base_height_l2: -0.0153
   Episode_Reward/joint_torques_l2: -0.0018
       Episode_Reward/joint_vel_l2: -0.0001
       Episode_Reward/joint_acc_l2: -0.0043
   Episode_Reward/joint_pos_limits: -0.0000
        Episode_Reward/joint_power: -0.0002
        Episode_Reward/stand_still: -0.0028
     Episode_Reward/action_rate_l2: -0.0510
 Episode_Reward/undesired_contacts: -0.0168
Episode_Reward/track_lin_vel_xy_exp: 0.1457
Episode_Reward/track_ang_vel_z_exp: 0.1238
      Episode_Reward/feet_air_time: 0.0008
Episode_Reward/feet_air_time_variance: -0.0209
         Episode_Reward/feet_slide: -0.0185
     Episode_Reward/feet_clearance: 0.1401
Episode_Reward/feet_distance_y_exp: 0.1577
   Episode_Reward/feet_landing_vel: -0.0005
 Episode_Reward/joint_vel_wheel_l2: -0.0003
 Episode_Reward/joint_acc_wheel_l2: -0.0000
Episode_Reward/joint_torques_wheel_l2: -0.0000
Episode_Reward/bipedal_gait_reward: -0.1600
Episode_Reward/feet_distance_penalize: -0.0076
        Episode_Reward/stop_motion: -0.0292
  Episode_Reward/action_smoothness: -0.0665
       Episode_Reward/lazy_penalty: -0.0029
         Episode_Reward/keep_alive: 0.0120
Episode_Reward/joint_deviation_hip: -0.0032
Episode_Reward/joint_deviation_ankle: -0.0036
Episode_Reward/joint_deviation_legs: -0.0008
Episode_Reward/body_orientation_l2: -0.0354
 Episode_Reward/ankle_torque_limit: -0.0001
Episode_Reward/penalize_hip_roll_action: -0.0523
Episode_Reward/feet_impact_reduction: -0.0000
Metrics/base_velocity/error_vel_xy: 0.1224
Metrics/base_velocity/error_vel_yaw: 0.0820
      Episode_Termination/time_out: 0.0000
Episode_Termination/terrain_out_of_bounds: 0.0000
Episode_Termination/illegal_contact: 1.0000
--------------------------------------------------------------------------------
                   Total timesteps: 5505024
                    Iteration time: 1.73s
                      Time elapsed: 00:01:44
                               ETA: 12:55:41

################################################################################
                     [1m Learning iteration 56/25000 [0m                      

                       Computation: 51855 steps/s (collection: 1.357s, learning 0.539s)
             Mean action noise std: 0.49
          Mean value_function loss: 0.2940
               Mean surrogate loss: 0.0003
                 Mean entropy loss: 6.8053
                Mean priv_reg loss: 0.6285
                Mean amp/loss loss: 0.5429
            Mean amp/grad_pen loss: 0.1768
         Mean amp/policy_pred loss: -0.2689
         Mean amp/expert_pred loss: 0.2908
                       Mean reward: -4.46
               Mean episode length: 85.08
      Episode_Reward/is_terminated: -0.2000
       Episode_Reward/lin_vel_z_l2: -0.0315
      Episode_Reward/ang_vel_xy_l2: -0.0343
Episode_Reward/flat_orientation_l2: -0.0610
     Episode_Reward/base_height_l2: -0.0158
   Episode_Reward/joint_torques_l2: -0.0019
       Episode_Reward/joint_vel_l2: -0.0001
       Episode_Reward/joint_acc_l2: -0.0046
   Episode_Reward/joint_pos_limits: 0.0000
        Episode_Reward/joint_power: -0.0002
        Episode_Reward/stand_still: -0.0023
     Episode_Reward/action_rate_l2: -0.0554
 Episode_Reward/undesired_contacts: -0.0189
Episode_Reward/track_lin_vel_xy_exp: 0.1762
Episode_Reward/track_ang_vel_z_exp: 0.1335
      Episode_Reward/feet_air_time: 0.0008
Episode_Reward/feet_air_time_variance: -0.0232
         Episode_Reward/feet_slide: -0.0192
     Episode_Reward/feet_clearance: 0.1544
Episode_Reward/feet_distance_y_exp: 0.1722
   Episode_Reward/feet_landing_vel: -0.0005
 Episode_Reward/joint_vel_wheel_l2: -0.0004
 Episode_Reward/joint_acc_wheel_l2: -0.0000
Episode_Reward/joint_torques_wheel_l2: -0.0000
Episode_Reward/bipedal_gait_reward: -0.1764
Episode_Reward/feet_distance_penalize: -0.0086
        Episode_Reward/stop_motion: -0.0280
  Episode_Reward/action_smoothness: -0.0723
       Episode_Reward/lazy_penalty: -0.0037
         Episode_Reward/keep_alive: 0.0131
Episode_Reward/joint_deviation_hip: -0.0034
Episode_Reward/joint_deviation_ankle: -0.0039
Episode_Reward/joint_deviation_legs: -0.0009
Episode_Reward/body_orientation_l2: -0.0366
 Episode_Reward/ankle_torque_limit: -0.0001
Episode_Reward/penalize_hip_roll_action: -0.0563
Episode_Reward/feet_impact_reduction: -0.0000
Metrics/base_velocity/error_vel_xy: 0.1242
Metrics/base_velocity/error_vel_yaw: 0.0896
      Episode_Termination/time_out: 0.0000
Episode_Termination/terrain_out_of_bounds: 0.0000
Episode_Termination/illegal_contact: 1.0000
--------------------------------------------------------------------------------
                   Total timesteps: 5603328
                    Iteration time: 1.90s
                      Time elapsed: 00:01:46
                               ETA: 12:55:53

################################################################################
                     [1m Learning iteration 57/25000 [0m                      

                       Computation: 55544 steps/s (collection: 1.237s, learning 0.533s)
             Mean action noise std: 0.49
          Mean value_function loss: 0.3321
               Mean surrogate loss: -0.0043
                 Mean entropy loss: 6.7252
                Mean priv_reg loss: 0.5881
                Mean amp/loss loss: 0.5367
            Mean amp/grad_pen loss: 0.1783
         Mean amp/policy_pred loss: -0.2827
         Mean amp/expert_pred loss: 0.2872
                       Mean reward: -4.82
               Mean episode length: 96.49
      Episode_Reward/is_terminated: -0.2000
       Episode_Reward/lin_vel_z_l2: -0.0327
      Episode_Reward/ang_vel_xy_l2: -0.0351
Episode_Reward/flat_orientation_l2: -0.0616
     Episode_Reward/base_height_l2: -0.0162
   Episode_Reward/joint_torques_l2: -0.0020
       Episode_Reward/joint_vel_l2: -0.0001
       Episode_Reward/joint_acc_l2: -0.0047
   Episode_Reward/joint_pos_limits: 0.0000
        Episode_Reward/joint_power: -0.0002
        Episode_Reward/stand_still: -0.0027
     Episode_Reward/action_rate_l2: -0.0580
 Episode_Reward/undesired_contacts: -0.0186
Episode_Reward/track_lin_vel_xy_exp: 0.1782
Episode_Reward/track_ang_vel_z_exp: 0.1403
      Episode_Reward/feet_air_time: 0.0009
Episode_Reward/feet_air_time_variance: -0.0263
         Episode_Reward/feet_slide: -0.0194
     Episode_Reward/feet_clearance: 0.1621
Episode_Reward/feet_distance_y_exp: 0.1813
   Episode_Reward/feet_landing_vel: -0.0005
 Episode_Reward/joint_vel_wheel_l2: -0.0004
 Episode_Reward/joint_acc_wheel_l2: -0.0000
Episode_Reward/joint_torques_wheel_l2: -0.0000
Episode_Reward/bipedal_gait_reward: -0.1844
Episode_Reward/feet_distance_penalize: -0.0054
        Episode_Reward/stop_motion: -0.0293
  Episode_Reward/action_smoothness: -0.0757
       Episode_Reward/lazy_penalty: -0.0044
         Episode_Reward/keep_alive: 0.0138
Episode_Reward/joint_deviation_hip: -0.0036
Episode_Reward/joint_deviation_ankle: -0.0041
Episode_Reward/joint_deviation_legs: -0.0010
Episode_Reward/body_orientation_l2: -0.0369
 Episode_Reward/ankle_torque_limit: -0.0001
Episode_Reward/penalize_hip_roll_action: -0.0591
Episode_Reward/feet_impact_reduction: -0.0000
Metrics/base_velocity/error_vel_xy: 0.1306
Metrics/base_velocity/error_vel_yaw: 0.0951
      Episode_Termination/time_out: 0.0000
Episode_Termination/terrain_out_of_bounds: 0.0000
Episode_Termination/illegal_contact: 1.0000
--------------------------------------------------------------------------------
                   Total timesteps: 5701632
                    Iteration time: 1.77s
                      Time elapsed: 00:01:48
                               ETA: 12:55:09

################################################################################
                     [1m Learning iteration 58/25000 [0m                      

                       Computation: 52704 steps/s (collection: 1.326s, learning 0.539s)
             Mean action noise std: 0.48
          Mean value_function loss: 0.3300
               Mean surrogate loss: 0.0018
                 Mean entropy loss: 6.6631
                Mean priv_reg loss: 0.5430
                Mean amp/loss loss: 0.5457
            Mean amp/grad_pen loss: 0.1781
         Mean amp/policy_pred loss: -0.2717
         Mean amp/expert_pred loss: 0.2844
                       Mean reward: -3.98
               Mean episode length: 85.60
      Episode_Reward/is_terminated: -0.2000
       Episode_Reward/lin_vel_z_l2: -0.0268
      Episode_Reward/ang_vel_xy_l2: -0.0314
Episode_Reward/flat_orientation_l2: -0.0590
     Episode_Reward/base_height_l2: -0.0147
   Episode_Reward/joint_torques_l2: -0.0019
       Episode_Reward/joint_vel_l2: -0.0001
       Episode_Reward/joint_acc_l2: -0.0046
   Episode_Reward/joint_pos_limits: -0.0000
        Episode_Reward/joint_power: -0.0002
        Episode_Reward/stand_still: -0.0026
     Episode_Reward/action_rate_l2: -0.0535
 Episode_Reward/undesired_contacts: -0.0157
Episode_Reward/track_lin_vel_xy_exp: 0.1479
Episode_Reward/track_ang_vel_z_exp: 0.1346
      Episode_Reward/feet_air_time: 0.0008
Episode_Reward/feet_air_time_variance: -0.0227
         Episode_Reward/feet_slide: -0.0189
     Episode_Reward/feet_clearance: 0.1509
Episode_Reward/feet_distance_y_exp: 0.1691
   Episode_Reward/feet_landing_vel: -0.0005
 Episode_Reward/joint_vel_wheel_l2: -0.0003
 Episode_Reward/joint_acc_wheel_l2: -0.0000
Episode_Reward/joint_torques_wheel_l2: -0.0000
Episode_Reward/bipedal_gait_reward: -0.1724
Episode_Reward/feet_distance_penalize: -0.0068
        Episode_Reward/stop_motion: -0.0244
  Episode_Reward/action_smoothness: -0.0693
       Episode_Reward/lazy_penalty: -0.0038
         Episode_Reward/keep_alive: 0.0128
Episode_Reward/joint_deviation_hip: -0.0033
Episode_Reward/joint_deviation_ankle: -0.0038
Episode_Reward/joint_deviation_legs: -0.0009
Episode_Reward/body_orientation_l2: -0.0354
 Episode_Reward/ankle_torque_limit: -0.0001
Episode_Reward/penalize_hip_roll_action: -0.0553
Episode_Reward/feet_impact_reduction: -0.0000
Metrics/base_velocity/error_vel_xy: 0.1333
Metrics/base_velocity/error_vel_yaw: 0.0859
      Episode_Termination/time_out: 0.0000
Episode_Termination/terrain_out_of_bounds: 0.0000
Episode_Termination/illegal_contact: 1.0000
--------------------------------------------------------------------------------
                   Total timesteps: 5799936
                    Iteration time: 1.87s
                      Time elapsed: 00:01:50
                               ETA: 12:55:08

################################################################################
                     [1m Learning iteration 59/25000 [0m                      

                       Computation: 54493 steps/s (collection: 1.260s, learning 0.544s)
             Mean action noise std: 0.48
          Mean value_function loss: 0.2868
               Mean surrogate loss: 0.0011
                 Mean entropy loss: 6.6189
                Mean priv_reg loss: 0.5148
                Mean amp/loss loss: 0.5525
            Mean amp/grad_pen loss: 0.1736
         Mean amp/policy_pred loss: -0.2670
         Mean amp/expert_pred loss: 0.2777
                       Mean reward: -3.59
               Mean episode length: 96.01
      Episode_Reward/is_terminated: -0.2000
       Episode_Reward/lin_vel_z_l2: -0.0291
      Episode_Reward/ang_vel_xy_l2: -0.0329
Episode_Reward/flat_orientation_l2: -0.0607
     Episode_Reward/base_height_l2: -0.0156
   Episode_Reward/joint_torques_l2: -0.0020
       Episode_Reward/joint_vel_l2: -0.0001
       Episode_Reward/joint_acc_l2: -0.0045
   Episode_Reward/joint_pos_limits: 0.0000
        Episode_Reward/joint_power: -0.0002
        Episode_Reward/stand_still: -0.0043
     Episode_Reward/action_rate_l2: -0.0548
 Episode_Reward/undesired_contacts: -0.0172
Episode_Reward/track_lin_vel_xy_exp: 0.1698
Episode_Reward/track_ang_vel_z_exp: 0.1395
      Episode_Reward/feet_air_time: 0.0008
Episode_Reward/feet_air_time_variance: -0.0235
         Episode_Reward/feet_slide: -0.0192
     Episode_Reward/feet_clearance: 0.1526
Episode_Reward/feet_distance_y_exp: 0.1736
   Episode_Reward/feet_landing_vel: -0.0005
 Episode_Reward/joint_vel_wheel_l2: -0.0004
 Episode_Reward/joint_acc_wheel_l2: -0.0000
Episode_Reward/joint_torques_wheel_l2: -0.0000
Episode_Reward/bipedal_gait_reward: -0.1746
Episode_Reward/feet_distance_penalize: -0.0065
        Episode_Reward/stop_motion: -0.0358
  Episode_Reward/action_smoothness: -0.0714
       Episode_Reward/lazy_penalty: -0.0038
         Episode_Reward/keep_alive: 0.0132
Episode_Reward/joint_deviation_hip: -0.0034
Episode_Reward/joint_deviation_ankle: -0.0039
Episode_Reward/joint_deviation_legs: -0.0010
Episode_Reward/body_orientation_l2: -0.0364
 Episode_Reward/ankle_torque_limit: -0.0001
Episode_Reward/penalize_hip_roll_action: -0.0563
Episode_Reward/feet_impact_reduction: -0.0000
Metrics/base_velocity/error_vel_xy: 0.1298
Metrics/base_velocity/error_vel_yaw: 0.0882
      Episode_Termination/time_out: 0.0000
Episode_Termination/terrain_out_of_bounds: 0.0000
Episode_Termination/illegal_contact: 1.0000
--------------------------------------------------------------------------------
                   Total timesteps: 5898240
                    Iteration time: 1.80s
                      Time elapsed: 00:01:51
                               ETA: 12:54:40

################################################################################
                     [1m Learning iteration 60/25000 [0m                      

                       Computation: 49596 steps/s (collection: 1.381s, learning 0.601s)
             Mean action noise std: 0.48
          Mean value_function loss: 2.2514
               Mean surrogate loss: 0.1915
                 Mean entropy loss: 6.5990
                Mean priv_reg loss: 0.6120
                Mean amp/loss loss: 0.5417
            Mean amp/grad_pen loss: 0.1817
         Mean amp/policy_pred loss: -0.2779
         Mean amp/expert_pred loss: 0.2828
             Mean hist_latent loss: 0.5637
                       Mean reward: -4.55
               Mean episode length: 88.06
      Episode_Reward/is_terminated: -0.2000
       Episode_Reward/lin_vel_z_l2: -0.0270
      Episode_Reward/ang_vel_xy_l2: -0.0326
Episode_Reward/flat_orientation_l2: -0.0612
     Episode_Reward/base_height_l2: -0.0152
   Episode_Reward/joint_torques_l2: -0.0021
       Episode_Reward/joint_vel_l2: -0.0001
       Episode_Reward/joint_acc_l2: -0.0048
   Episode_Reward/joint_pos_limits: 0.0000
        Episode_Reward/joint_power: -0.0002
        Episode_Reward/stand_still: -0.0017
     Episode_Reward/action_rate_l2: -0.0576
 Episode_Reward/undesired_contacts: -0.0182
Episode_Reward/track_lin_vel_xy_exp: 0.1578
Episode_Reward/track_ang_vel_z_exp: 0.1425
      Episode_Reward/feet_air_time: 0.0009
Episode_Reward/feet_air_time_variance: -0.0252
         Episode_Reward/feet_slide: -0.0187
     Episode_Reward/feet_clearance: 0.1661
Episode_Reward/feet_distance_y_exp: 0.1836
   Episode_Reward/feet_landing_vel: -0.0005
 Episode_Reward/joint_vel_wheel_l2: -0.0004
 Episode_Reward/joint_acc_wheel_l2: -0.0000
Episode_Reward/joint_torques_wheel_l2: -0.0000
Episode_Reward/bipedal_gait_reward: -0.1897
Episode_Reward/feet_distance_penalize: -0.0071
        Episode_Reward/stop_motion: -0.0202
  Episode_Reward/action_smoothness: -0.0744
       Episode_Reward/lazy_penalty: -0.0059
         Episode_Reward/keep_alive: 0.0139
Episode_Reward/joint_deviation_hip: -0.0036
Episode_Reward/joint_deviation_ankle: -0.0041
Episode_Reward/joint_deviation_legs: -0.0010
Episode_Reward/body_orientation_l2: -0.0367
 Episode_Reward/ankle_torque_limit: -0.0002
Episode_Reward/penalize_hip_roll_action: -0.0598
Episode_Reward/feet_impact_reduction: -0.0000
Metrics/base_velocity/error_vel_xy: 0.1439
Metrics/base_velocity/error_vel_yaw: 0.0926
      Episode_Termination/time_out: 0.0000
Episode_Termination/terrain_out_of_bounds: 0.0000
Episode_Termination/illegal_contact: 1.0000
--------------------------------------------------------------------------------
                   Total timesteps: 5996544
                    Iteration time: 1.98s
                      Time elapsed: 00:01:53
                               ETA: 12:55:27

################################################################################
                     [1m Learning iteration 61/25000 [0m                      

                       Computation: 57921 steps/s (collection: 1.160s, learning 0.538s)
             Mean action noise std: 0.48
          Mean value_function loss: 0.4719
               Mean surrogate loss: 0.0020
                 Mean entropy loss: 6.6026
                Mean priv_reg loss: 0.6241
                Mean amp/loss loss: 0.5315
            Mean amp/grad_pen loss: 0.1810
         Mean amp/policy_pred loss: -0.2904
         Mean amp/expert_pred loss: 0.2844
                       Mean reward: -2.23
               Mean episode length: 112.72
      Episode_Reward/is_terminated: -0.2000
       Episode_Reward/lin_vel_z_l2: -0.0258
      Episode_Reward/ang_vel_xy_l2: -0.0320
Episode_Reward/flat_orientation_l2: -0.0614
     Episode_Reward/base_height_l2: -0.0151
   Episode_Reward/joint_torques_l2: -0.0024
       Episode_Reward/joint_vel_l2: -0.0001
       Episode_Reward/joint_acc_l2: -0.0050
   Episode_Reward/joint_pos_limits: -0.0000
        Episode_Reward/joint_power: -0.0002
        Episode_Reward/stand_still: -0.0042
     Episode_Reward/action_rate_l2: -0.0623
 Episode_Reward/undesired_contacts: -0.0147
Episode_Reward/track_lin_vel_xy_exp: 0.1916
Episode_Reward/track_ang_vel_z_exp: 0.1612
      Episode_Reward/feet_air_time: 0.0011
Episode_Reward/feet_air_time_variance: -0.0289
         Episode_Reward/feet_slide: -0.0194
     Episode_Reward/feet_clearance: 0.1784
Episode_Reward/feet_distance_y_exp: 0.2002
   Episode_Reward/feet_landing_vel: -0.0006
 Episode_Reward/joint_vel_wheel_l2: -0.0004
 Episode_Reward/joint_acc_wheel_l2: -0.0000
Episode_Reward/joint_torques_wheel_l2: -0.0000
Episode_Reward/bipedal_gait_reward: -0.2022
Episode_Reward/feet_distance_penalize: -0.0078
        Episode_Reward/stop_motion: -0.0268
  Episode_Reward/action_smoothness: -0.0807
       Episode_Reward/lazy_penalty: -0.0069
         Episode_Reward/keep_alive: 0.0152
Episode_Reward/joint_deviation_hip: -0.0039
Episode_Reward/joint_deviation_ankle: -0.0044
Episode_Reward/joint_deviation_legs: -0.0011
Episode_Reward/body_orientation_l2: -0.0368
 Episode_Reward/ankle_torque_limit: -0.0002
Episode_Reward/penalize_hip_roll_action: -0.0645
Episode_Reward/feet_impact_reduction: -0.0000
Metrics/base_velocity/error_vel_xy: 0.1466
Metrics/base_velocity/error_vel_yaw: 0.0982
      Episode_Termination/time_out: 0.0000
Episode_Termination/terrain_out_of_bounds: 0.0000
Episode_Termination/illegal_contact: 1.0000
--------------------------------------------------------------------------------
                   Total timesteps: 6094848
                    Iteration time: 1.70s
                      Time elapsed: 00:01:55
                               ETA: 12:54:17

################################################################################
                     [1m Learning iteration 62/25000 [0m                      

                       Computation: 55245 steps/s (collection: 1.234s, learning 0.546s)
             Mean action noise std: 0.48
          Mean value_function loss: 0.3681
               Mean surrogate loss: -0.0019
                 Mean entropy loss: 6.5986
                Mean priv_reg loss: 0.9038
                Mean amp/loss loss: 0.5366
            Mean amp/grad_pen loss: 0.1747
         Mean amp/policy_pred loss: -0.2936
         Mean amp/expert_pred loss: 0.2796
                       Mean reward: 0.20
               Mean episode length: 202.38
      Episode_Reward/is_terminated: -0.2000
       Episode_Reward/lin_vel_z_l2: -0.0451
      Episode_Reward/ang_vel_xy_l2: -0.0508
Episode_Reward/flat_orientation_l2: -0.0707
     Episode_Reward/base_height_l2: -0.0175
   Episode_Reward/joint_torques_l2: -0.0032
       Episode_Reward/joint_vel_l2: -0.0001
       Episode_Reward/joint_acc_l2: -0.0061
   Episode_Reward/joint_pos_limits: -0.0000
        Episode_Reward/joint_power: -0.0003
        Episode_Reward/stand_still: -0.0046
     Episode_Reward/action_rate_l2: -0.0952
 Episode_Reward/undesired_contacts: -0.0235
Episode_Reward/track_lin_vel_xy_exp: 0.2861
Episode_Reward/track_ang_vel_z_exp: 0.2352
      Episode_Reward/feet_air_time: 0.0008
Episode_Reward/feet_air_time_variance: -0.0448
         Episode_Reward/feet_slide: -0.0248
     Episode_Reward/feet_clearance: 0.2759
Episode_Reward/feet_distance_y_exp: 0.3040
   Episode_Reward/feet_landing_vel: -0.0006
 Episode_Reward/joint_vel_wheel_l2: -0.0006
 Episode_Reward/joint_acc_wheel_l2: -0.0001
Episode_Reward/joint_torques_wheel_l2: -0.0000
Episode_Reward/bipedal_gait_reward: -0.3060
Episode_Reward/feet_distance_penalize: -0.0058
        Episode_Reward/stop_motion: -0.0414
  Episode_Reward/action_smoothness: -0.1244
       Episode_Reward/lazy_penalty: -0.0154
         Episode_Reward/keep_alive: 0.0231
Episode_Reward/joint_deviation_hip: -0.0057
Episode_Reward/joint_deviation_ankle: -0.0065
Episode_Reward/joint_deviation_legs: -0.0017
Episode_Reward/body_orientation_l2: -0.0424
 Episode_Reward/ankle_torque_limit: -0.0001
Episode_Reward/penalize_hip_roll_action: -0.0950
Episode_Reward/feet_impact_reduction: -0.0000
Metrics/base_velocity/error_vel_xy: 0.2147
Metrics/base_velocity/error_vel_yaw: 0.1529
      Episode_Termination/time_out: 0.0000
Episode_Termination/terrain_out_of_bounds: 0.0000
Episode_Termination/illegal_contact: 1.0000
--------------------------------------------------------------------------------
                   Total timesteps: 6193152
                    Iteration time: 1.78s
                      Time elapsed: 00:01:57
                               ETA: 12:53:43

################################################################################
                     [1m Learning iteration 63/25000 [0m                      

                       Computation: 50762 steps/s (collection: 1.392s, learning 0.544s)
             Mean action noise std: 0.48
          Mean value_function loss: 0.4431
               Mean surrogate loss: -0.0025
                 Mean entropy loss: 6.5690
                Mean priv_reg loss: 0.6602
                Mean amp/loss loss: 0.5361
            Mean amp/grad_pen loss: 0.1749
         Mean amp/policy_pred loss: -0.2864
         Mean amp/expert_pred loss: 0.2881
                       Mean reward: 0.46
               Mean episode length: 170.44
      Episode_Reward/is_terminated: -0.2000
       Episode_Reward/lin_vel_z_l2: -0.0477
      Episode_Reward/ang_vel_xy_l2: -0.0542
Episode_Reward/flat_orientation_l2: -0.0745
     Episode_Reward/base_height_l2: -0.0193
   Episode_Reward/joint_torques_l2: -0.0040
       Episode_Reward/joint_vel_l2: -0.0002
       Episode_Reward/joint_acc_l2: -0.0070
   Episode_Reward/joint_pos_limits: -0.0000
        Episode_Reward/joint_power: -0.0003
        Episode_Reward/stand_still: -0.0071
     Episode_Reward/action_rate_l2: -0.1166
 Episode_Reward/undesired_contacts: -0.0262
Episode_Reward/track_lin_vel_xy_exp: 0.4058
Episode_Reward/track_ang_vel_z_exp: 0.2867
      Episode_Reward/feet_air_time: 0.0009
Episode_Reward/feet_air_time_variance: -0.0577
         Episode_Reward/feet_slide: -0.0268
     Episode_Reward/feet_clearance: 0.3396
Episode_Reward/feet_distance_y_exp: 0.3739
   Episode_Reward/feet_landing_vel: -0.0006
 Episode_Reward/joint_vel_wheel_l2: -0.0007
 Episode_Reward/joint_acc_wheel_l2: -0.0001
Episode_Reward/joint_torques_wheel_l2: -0.0000
Episode_Reward/bipedal_gait_reward: -0.3750
Episode_Reward/feet_distance_penalize: -0.0049
        Episode_Reward/stop_motion: -0.0463
  Episode_Reward/action_smoothness: -0.1527
       Episode_Reward/lazy_penalty: -0.0201
         Episode_Reward/keep_alive: 0.0283
Episode_Reward/joint_deviation_hip: -0.0068
Episode_Reward/joint_deviation_ankle: -0.0084
Episode_Reward/joint_deviation_legs: -0.0021
Episode_Reward/body_orientation_l2: -0.0447
 Episode_Reward/ankle_torque_limit: -0.0002
Episode_Reward/penalize_hip_roll_action: -0.1144
Episode_Reward/feet_impact_reduction: -0.0000
Metrics/base_velocity/error_vel_xy: 0.2337
Metrics/base_velocity/error_vel_yaw: 0.1876
      Episode_Termination/time_out: 0.0000
Episode_Termination/terrain_out_of_bounds: 0.0000
Episode_Termination/illegal_contact: 1.0000
--------------------------------------------------------------------------------
                   Total timesteps: 6291456
                    Iteration time: 1.94s
                      Time elapsed: 00:01:59
                               ETA: 12:54:10

################################################################################
                     [1m Learning iteration 64/25000 [0m                      

                       Computation: 52482 steps/s (collection: 1.325s, learning 0.548s)
             Mean action noise std: 0.48
          Mean value_function loss: 0.4372
               Mean surrogate loss: -0.0040
                 Mean entropy loss: 6.5317
                Mean priv_reg loss: 0.5492
                Mean amp/loss loss: 0.5370
            Mean amp/grad_pen loss: 0.1782
         Mean amp/policy_pred loss: -0.2773
         Mean amp/expert_pred loss: 0.2926
                       Mean reward: -2.51
               Mean episode length: 114.09
      Episode_Reward/is_terminated: -0.2000
       Episode_Reward/lin_vel_z_l2: -0.0306
      Episode_Reward/ang_vel_xy_l2: -0.0360
Episode_Reward/flat_orientation_l2: -0.0629
     Episode_Reward/base_height_l2: -0.0161
   Episode_Reward/joint_torques_l2: -0.0026
       Episode_Reward/joint_vel_l2: -0.0001
       Episode_Reward/joint_acc_l2: -0.0054
   Episode_Reward/joint_pos_limits: 0.0000
        Episode_Reward/joint_power: -0.0002
        Episode_Reward/stand_still: -0.0048
     Episode_Reward/action_rate_l2: -0.0720
 Episode_Reward/undesired_contacts: -0.0170
Episode_Reward/track_lin_vel_xy_exp: 0.2390
Episode_Reward/track_ang_vel_z_exp: 0.1794
      Episode_Reward/feet_air_time: 0.0010
Episode_Reward/feet_air_time_variance: -0.0323
         Episode_Reward/feet_slide: -0.0209
     Episode_Reward/feet_clearance: 0.2080
Episode_Reward/feet_distance_y_exp: 0.2317
   Episode_Reward/feet_landing_vel: -0.0005
 Episode_Reward/joint_vel_wheel_l2: -0.0005
 Episode_Reward/joint_acc_wheel_l2: -0.0000
Episode_Reward/joint_torques_wheel_l2: -0.0000
Episode_Reward/bipedal_gait_reward: -0.2324
Episode_Reward/feet_distance_penalize: -0.0089
        Episode_Reward/stop_motion: -0.0295
  Episode_Reward/action_smoothness: -0.0933
       Episode_Reward/lazy_penalty: -0.0107
         Episode_Reward/keep_alive: 0.0176
Episode_Reward/joint_deviation_hip: -0.0044
Episode_Reward/joint_deviation_ankle: -0.0053
Episode_Reward/joint_deviation_legs: -0.0013
Episode_Reward/body_orientation_l2: -0.0378
 Episode_Reward/ankle_torque_limit: -0.0001
Episode_Reward/penalize_hip_roll_action: -0.0731
Episode_Reward/feet_impact_reduction: -0.0000
Metrics/base_velocity/error_vel_xy: 0.1612
Metrics/base_velocity/error_vel_yaw: 0.1159
      Episode_Termination/time_out: 0.0000
Episode_Termination/terrain_out_of_bounds: 0.0000
Episode_Termination/illegal_contact: 1.0000
--------------------------------------------------------------------------------
                   Total timesteps: 6389760
                    Iteration time: 1.87s
                      Time elapsed: 00:02:01
                               ETA: 12:54:12

################################################################################
                     [1m Learning iteration 65/25000 [0m                      

                       Computation: 50855 steps/s (collection: 1.382s, learning 0.551s)
             Mean action noise std: 0.48
          Mean value_function loss: 0.4025
               Mean surrogate loss: 0.0004
                 Mean entropy loss: 6.4852
                Mean priv_reg loss: 0.4989
                Mean amp/loss loss: 0.5345
            Mean amp/grad_pen loss: 0.1799
         Mean amp/policy_pred loss: -0.2831
         Mean amp/expert_pred loss: 0.2900
                       Mean reward: -2.46
               Mean episode length: 100.57
      Episode_Reward/is_terminated: -0.2000
       Episode_Reward/lin_vel_z_l2: -0.0247
      Episode_Reward/ang_vel_xy_l2: -0.0302
Episode_Reward/flat_orientation_l2: -0.0596
     Episode_Reward/base_height_l2: -0.0145
   Episode_Reward/joint_torques_l2: -0.0023
       Episode_Reward/joint_vel_l2: -0.0001
       Episode_Reward/joint_acc_l2: -0.0050
   Episode_Reward/joint_pos_limits: -0.0000
        Episode_Reward/joint_power: -0.0002
        Episode_Reward/stand_still: -0.0043
     Episode_Reward/action_rate_l2: -0.0596
 Episode_Reward/undesired_contacts: -0.0129
Episode_Reward/track_lin_vel_xy_exp: 0.1883
Episode_Reward/track_ang_vel_z_exp: 0.1588
      Episode_Reward/feet_air_time: 0.0010
Episode_Reward/feet_air_time_variance: -0.0262
         Episode_Reward/feet_slide: -0.0197
     Episode_Reward/feet_clearance: 0.1726
Episode_Reward/feet_distance_y_exp: 0.1940
   Episode_Reward/feet_landing_vel: -0.0005
 Episode_Reward/joint_vel_wheel_l2: -0.0004
 Episode_Reward/joint_acc_wheel_l2: -0.0000
Episode_Reward/joint_torques_wheel_l2: -0.0000
Episode_Reward/bipedal_gait_reward: -0.1948
Episode_Reward/feet_distance_penalize: -0.0096
        Episode_Reward/stop_motion: -0.0249
  Episode_Reward/action_smoothness: -0.0771
       Episode_Reward/lazy_penalty: -0.0073
         Episode_Reward/keep_alive: 0.0147
Episode_Reward/joint_deviation_hip: -0.0037
Episode_Reward/joint_deviation_ankle: -0.0046
Episode_Reward/joint_deviation_legs: -0.0011
Episode_Reward/body_orientation_l2: -0.0358
 Episode_Reward/ankle_torque_limit: -0.0001
Episode_Reward/penalize_hip_roll_action: -0.0619
Episode_Reward/feet_impact_reduction: -0.0000
Metrics/base_velocity/error_vel_xy: 0.1446
Metrics/base_velocity/error_vel_yaw: 0.0936
      Episode_Termination/time_out: 0.0000
Episode_Termination/terrain_out_of_bounds: 0.0000
Episode_Termination/illegal_contact: 1.0000
--------------------------------------------------------------------------------
                   Total timesteps: 6488064
                    Iteration time: 1.93s
                      Time elapsed: 00:02:03
                               ETA: 12:54:37

################################################################################
                     [1m Learning iteration 66/25000 [0m                      

                       Computation: 54259 steps/s (collection: 1.262s, learning 0.550s)
             Mean action noise std: 0.48
          Mean value_function loss: 0.4015
               Mean surrogate loss: -0.0001
                 Mean entropy loss: 6.4729
                Mean priv_reg loss: 0.4700
                Mean amp/loss loss: 0.5430
            Mean amp/grad_pen loss: 0.1754
         Mean amp/policy_pred loss: -0.2796
         Mean amp/expert_pred loss: 0.2786
                       Mean reward: -1.62
               Mean episode length: 128.26
      Episode_Reward/is_terminated: -0.2000
       Episode_Reward/lin_vel_z_l2: -0.0241
      Episode_Reward/ang_vel_xy_l2: -0.0317
Episode_Reward/flat_orientation_l2: -0.0613
     Episode_Reward/base_height_l2: -0.0148
   Episode_Reward/joint_torques_l2: -0.0028
       Episode_Reward/joint_vel_l2: -0.0001
       Episode_Reward/joint_acc_l2: -0.0054
   Episode_Reward/joint_pos_limits: 0.0000
        Episode_Reward/joint_power: -0.0002
        Episode_Reward/stand_still: -0.0039
     Episode_Reward/action_rate_l2: -0.0718
 Episode_Reward/undesired_contacts: -0.0124
Episode_Reward/track_lin_vel_xy_exp: 0.2212
Episode_Reward/track_ang_vel_z_exp: 0.1947
      Episode_Reward/feet_air_time: 0.0009
Episode_Reward/feet_air_time_variance: -0.0358
         Episode_Reward/feet_slide: -0.0209
     Episode_Reward/feet_clearance: 0.2131
Episode_Reward/feet_distance_y_exp: 0.2352
   Episode_Reward/feet_landing_vel: -0.0005
 Episode_Reward/joint_vel_wheel_l2: -0.0004
 Episode_Reward/joint_acc_wheel_l2: -0.0000
Episode_Reward/joint_torques_wheel_l2: -0.0000
Episode_Reward/bipedal_gait_reward: -0.2395
Episode_Reward/feet_distance_penalize: -0.0078
        Episode_Reward/stop_motion: -0.0283
  Episode_Reward/action_smoothness: -0.0931
       Episode_Reward/lazy_penalty: -0.0112
         Episode_Reward/keep_alive: 0.0179
Episode_Reward/joint_deviation_hip: -0.0046
Episode_Reward/joint_deviation_ankle: -0.0057
Episode_Reward/joint_deviation_legs: -0.0014
Episode_Reward/body_orientation_l2: -0.0368
 Episode_Reward/ankle_torque_limit: -0.0001
Episode_Reward/penalize_hip_roll_action: -0.0743
Episode_Reward/feet_impact_reduction: -0.0000
Metrics/base_velocity/error_vel_xy: 0.1691
Metrics/base_velocity/error_vel_yaw: 0.1099
      Episode_Termination/time_out: 0.0000
Episode_Termination/terrain_out_of_bounds: 0.0000
Episode_Termination/illegal_contact: 1.0000
--------------------------------------------------------------------------------
                   Total timesteps: 6586368
                    Iteration time: 1.81s
                      Time elapsed: 00:02:04
                               ETA: 12:54:15

################################################################################
                     [1m Learning iteration 67/25000 [0m                      

                       Computation: 50242 steps/s (collection: 1.399s, learning 0.557s)
             Mean action noise std: 0.48
          Mean value_function loss: 0.4134
               Mean surrogate loss: -0.0013
                 Mean entropy loss: 6.4381
                Mean priv_reg loss: 0.4620
                Mean amp/loss loss: 0.5450
            Mean amp/grad_pen loss: 0.1755
         Mean amp/policy_pred loss: -0.2761
         Mean amp/expert_pred loss: 0.2797
                       Mean reward: -2.13
               Mean episode length: 127.68
      Episode_Reward/is_terminated: -0.2000
       Episode_Reward/lin_vel_z_l2: -0.0277
      Episode_Reward/ang_vel_xy_l2: -0.0347
Episode_Reward/flat_orientation_l2: -0.0640
     Episode_Reward/base_height_l2: -0.0152
   Episode_Reward/joint_torques_l2: -0.0029
       Episode_Reward/joint_vel_l2: -0.0001
       Episode_Reward/joint_acc_l2: -0.0058
   Episode_Reward/joint_pos_limits: 0.0000
        Episode_Reward/joint_power: -0.0003
        Episode_Reward/stand_still: -0.0025
     Episode_Reward/action_rate_l2: -0.0776
 Episode_Reward/undesired_contacts: -0.0138
Episode_Reward/track_lin_vel_xy_exp: 0.2502
Episode_Reward/track_ang_vel_z_exp: 0.2046
      Episode_Reward/feet_air_time: 0.0009
Episode_Reward/feet_air_time_variance: -0.0369
         Episode_Reward/feet_slide: -0.0214
     Episode_Reward/feet_clearance: 0.2315
Episode_Reward/feet_distance_y_exp: 0.2539
   Episode_Reward/feet_landing_vel: -0.0006
 Episode_Reward/joint_vel_wheel_l2: -0.0005
 Episode_Reward/joint_acc_wheel_l2: -0.0001
Episode_Reward/joint_torques_wheel_l2: -0.0000
Episode_Reward/bipedal_gait_reward: -0.2594
Episode_Reward/feet_distance_penalize: -0.0069
        Episode_Reward/stop_motion: -0.0291
  Episode_Reward/action_smoothness: -0.1004
       Episode_Reward/lazy_penalty: -0.0127
         Episode_Reward/keep_alive: 0.0192
Episode_Reward/joint_deviation_hip: -0.0048
Episode_Reward/joint_deviation_ankle: -0.0060
Episode_Reward/joint_deviation_legs: -0.0014
Episode_Reward/body_orientation_l2: -0.0384
 Episode_Reward/ankle_torque_limit: -0.0001
Episode_Reward/penalize_hip_roll_action: -0.0783
Episode_Reward/feet_impact_reduction: -0.0000
Metrics/base_velocity/error_vel_xy: 0.1752
Metrics/base_velocity/error_vel_yaw: 0.1229
      Episode_Termination/time_out: 0.0000
Episode_Termination/terrain_out_of_bounds: 0.0000
Episode_Termination/illegal_contact: 1.0000
--------------------------------------------------------------------------------
                   Total timesteps: 6684672
                    Iteration time: 1.96s
                      Time elapsed: 00:02:06
                               ETA: 12:54:48

################################################################################
                     [1m Learning iteration 68/25000 [0m                      

                       Computation: 49496 steps/s (collection: 1.427s, learning 0.560s)
             Mean action noise std: 0.47
          Mean value_function loss: 0.5488
               Mean surrogate loss: 0.0016
                 Mean entropy loss: 6.4047
                Mean priv_reg loss: 0.4492
                Mean amp/loss loss: 0.5395
            Mean amp/grad_pen loss: 0.1768
         Mean amp/policy_pred loss: -0.2832
         Mean amp/expert_pred loss: 0.2807
                       Mean reward: -1.04
               Mean episode length: 142.01
      Episode_Reward/is_terminated: -0.2000
       Episode_Reward/lin_vel_z_l2: -0.0310
      Episode_Reward/ang_vel_xy_l2: -0.0391
Episode_Reward/flat_orientation_l2: -0.0667
     Episode_Reward/base_height_l2: -0.0157
   Episode_Reward/joint_torques_l2: -0.0037
       Episode_Reward/joint_vel_l2: -0.0001
       Episode_Reward/joint_acc_l2: -0.0065
   Episode_Reward/joint_pos_limits: 0.0000
        Episode_Reward/joint_power: -0.0003
        Episode_Reward/stand_still: -0.0059
     Episode_Reward/action_rate_l2: -0.0956
 Episode_Reward/undesired_contacts: -0.0155
Episode_Reward/track_lin_vel_xy_exp: 0.3184
Episode_Reward/track_ang_vel_z_exp: 0.2483
      Episode_Reward/feet_air_time: 0.0012
Episode_Reward/feet_air_time_variance: -0.0524
         Episode_Reward/feet_slide: -0.0237
     Episode_Reward/feet_clearance: 0.2829
Episode_Reward/feet_distance_y_exp: 0.3126
   Episode_Reward/feet_landing_vel: -0.0006
 Episode_Reward/joint_vel_wheel_l2: -0.0006
 Episode_Reward/joint_acc_wheel_l2: -0.0001
Episode_Reward/joint_torques_wheel_l2: -0.0000
Episode_Reward/bipedal_gait_reward: -0.3155
Episode_Reward/feet_distance_penalize: -0.0082
        Episode_Reward/stop_motion: -0.0353
  Episode_Reward/action_smoothness: -0.1242
       Episode_Reward/lazy_penalty: -0.0178
         Episode_Reward/keep_alive: 0.0237
Episode_Reward/joint_deviation_hip: -0.0060
Episode_Reward/joint_deviation_ankle: -0.0080
Episode_Reward/joint_deviation_legs: -0.0019
Episode_Reward/body_orientation_l2: -0.0400
 Episode_Reward/ankle_torque_limit: -0.0002
Episode_Reward/penalize_hip_roll_action: -0.0960
Episode_Reward/feet_impact_reduction: -0.0000
Metrics/base_velocity/error_vel_xy: 0.2014
Metrics/base_velocity/error_vel_yaw: 0.1505
      Episode_Termination/time_out: 0.0000
Episode_Termination/terrain_out_of_bounds: 0.0000
Episode_Termination/illegal_contact: 1.0000
--------------------------------------------------------------------------------
                   Total timesteps: 6782976
                    Iteration time: 1.99s
                      Time elapsed: 00:02:08
                               ETA: 12:55:30

################################################################################
                     [1m Learning iteration 69/25000 [0m                      

                       Computation: 53163 steps/s (collection: 1.305s, learning 0.545s)
             Mean action noise std: 0.47
          Mean value_function loss: 0.4616
               Mean surrogate loss: -0.0027
                 Mean entropy loss: 6.3968
                Mean priv_reg loss: 0.4344
                Mean amp/loss loss: 0.5439
            Mean amp/grad_pen loss: 0.1753
         Mean amp/policy_pred loss: -0.2780
         Mean amp/expert_pred loss: 0.2787
                       Mean reward: 1.97
               Mean episode length: 201.14
      Episode_Reward/is_terminated: -0.2000
       Episode_Reward/lin_vel_z_l2: -0.0293
      Episode_Reward/ang_vel_xy_l2: -0.0384
Episode_Reward/flat_orientation_l2: -0.0671
     Episode_Reward/base_height_l2: -0.0159
   Episode_Reward/joint_torques_l2: -0.0038
       Episode_Reward/joint_vel_l2: -0.0001
       Episode_Reward/joint_acc_l2: -0.0065
   Episode_Reward/joint_pos_limits: 0.0000
        Episode_Reward/joint_power: -0.0003
        Episode_Reward/stand_still: -0.0041
     Episode_Reward/action_rate_l2: -0.0977
 Episode_Reward/undesired_contacts: -0.0157
Episode_Reward/track_lin_vel_xy_exp: 0.3076
Episode_Reward/track_ang_vel_z_exp: 0.2513
      Episode_Reward/feet_air_time: 0.0018
Episode_Reward/feet_air_time_variance: -0.0504
         Episode_Reward/feet_slide: -0.0233
     Episode_Reward/feet_clearance: 0.2933
Episode_Reward/feet_distance_y_exp: 0.3213
   Episode_Reward/feet_landing_vel: -0.0006
 Episode_Reward/joint_vel_wheel_l2: -0.0007
 Episode_Reward/joint_acc_wheel_l2: -0.0001
Episode_Reward/joint_torques_wheel_l2: -0.0000
Episode_Reward/bipedal_gait_reward: -0.3251
Episode_Reward/feet_distance_penalize: -0.0147
        Episode_Reward/stop_motion: -0.0324
  Episode_Reward/action_smoothness: -0.1264
       Episode_Reward/lazy_penalty: -0.0198
         Episode_Reward/keep_alive: 0.0244
Episode_Reward/joint_deviation_hip: -0.0062
Episode_Reward/joint_deviation_ankle: -0.0080
Episode_Reward/joint_deviation_legs: -0.0019
Episode_Reward/body_orientation_l2: -0.0403
 Episode_Reward/ankle_torque_limit: -0.0001
Episode_Reward/penalize_hip_roll_action: -0.0975
Episode_Reward/feet_impact_reduction: -0.0000
Metrics/base_velocity/error_vel_xy: 0.2146
Metrics/base_velocity/error_vel_yaw: 0.1564
      Episode_Termination/time_out: 0.0000
Episode_Termination/terrain_out_of_bounds: 0.0000
Episode_Termination/illegal_contact: 1.0000
--------------------------------------------------------------------------------
                   Total timesteps: 6881280
                    Iteration time: 1.85s
                      Time elapsed: 00:02:10
                               ETA: 12:55:22

################################################################################
                     [1m Learning iteration 70/25000 [0m                      

                       Computation: 57618 steps/s (collection: 1.173s, learning 0.533s)
             Mean action noise std: 0.47
          Mean value_function loss: 0.5817
               Mean surrogate loss: -0.0004
                 Mean entropy loss: 6.3691
                Mean priv_reg loss: 0.4297
                Mean amp/loss loss: 0.5349
            Mean amp/grad_pen loss: 0.1775
         Mean amp/policy_pred loss: -0.2882
         Mean amp/expert_pred loss: 0.2828
                       Mean reward: 1.05
               Mean episode length: 178.85
      Episode_Reward/is_terminated: -0.2000
       Episode_Reward/lin_vel_z_l2: -0.0332
      Episode_Reward/ang_vel_xy_l2: -0.0425
Episode_Reward/flat_orientation_l2: -0.0703
     Episode_Reward/base_height_l2: -0.0165
   Episode_Reward/joint_torques_l2: -0.0045
       Episode_Reward/joint_vel_l2: -0.0001
       Episode_Reward/joint_acc_l2: -0.0071
   Episode_Reward/joint_pos_limits: 0.0000
        Episode_Reward/joint_power: -0.0004
        Episode_Reward/stand_still: -0.0108
     Episode_Reward/action_rate_l2: -0.1138
 Episode_Reward/undesired_contacts: -0.0158
Episode_Reward/track_lin_vel_xy_exp: 0.4127
Episode_Reward/track_ang_vel_z_exp: 0.2964
      Episode_Reward/feet_air_time: 0.0013
Episode_Reward/feet_air_time_variance: -0.0618
         Episode_Reward/feet_slide: -0.0254
     Episode_Reward/feet_clearance: 0.3399
Episode_Reward/feet_distance_y_exp: 0.3769
   Episode_Reward/feet_landing_vel: -0.0006
 Episode_Reward/joint_vel_wheel_l2: -0.0007
 Episode_Reward/joint_acc_wheel_l2: -0.0001
Episode_Reward/joint_torques_wheel_l2: -0.0000
Episode_Reward/bipedal_gait_reward: -0.3744
Episode_Reward/feet_distance_penalize: -0.0063
        Episode_Reward/stop_motion: -0.0374
  Episode_Reward/action_smoothness: -0.1478
       Episode_Reward/lazy_penalty: -0.0269
         Episode_Reward/keep_alive: 0.0286
Episode_Reward/joint_deviation_hip: -0.0069
Episode_Reward/joint_deviation_ankle: -0.0092
Episode_Reward/joint_deviation_legs: -0.0022
Episode_Reward/body_orientation_l2: -0.0422
 Episode_Reward/ankle_torque_limit: -0.0002
Episode_Reward/penalize_hip_roll_action: -0.1137
Episode_Reward/feet_impact_reduction: -0.0000
Metrics/base_velocity/error_vel_xy: 0.2269
Metrics/base_velocity/error_vel_yaw: 0.1797
      Episode_Termination/time_out: 0.0000
Episode_Termination/terrain_out_of_bounds: 0.0000
Episode_Termination/illegal_contact: 1.0000
--------------------------------------------------------------------------------
                   Total timesteps: 6979584
                    Iteration time: 1.71s
                      Time elapsed: 00:02:12
                               ETA: 12:54:24

################################################################################
                     [1m Learning iteration 71/25000 [0m                      

                       Computation: 52083 steps/s (collection: 1.336s, learning 0.552s)
             Mean action noise std: 0.47
          Mean value_function loss: 0.4683
               Mean surrogate loss: -0.0003
                 Mean entropy loss: 6.3600
                Mean priv_reg loss: 0.4250
                Mean amp/loss loss: 0.5379
            Mean amp/grad_pen loss: 0.1771
         Mean amp/policy_pred loss: -0.2831
         Mean amp/expert_pred loss: 0.2830
                       Mean reward: 3.42
               Mean episode length: 208.21
      Episode_Reward/is_terminated: -0.2000
       Episode_Reward/lin_vel_z_l2: -0.0328
      Episode_Reward/ang_vel_xy_l2: -0.0439
Episode_Reward/flat_orientation_l2: -0.0710
     Episode_Reward/base_height_l2: -0.0166
   Episode_Reward/joint_torques_l2: -0.0049
       Episode_Reward/joint_vel_l2: -0.0002
       Episode_Reward/joint_acc_l2: -0.0074
   Episode_Reward/joint_pos_limits: -0.0000
        Episode_Reward/joint_power: -0.0004
        Episode_Reward/stand_still: -0.0052
     Episode_Reward/action_rate_l2: -0.1241
 Episode_Reward/undesired_contacts: -0.0151
Episode_Reward/track_lin_vel_xy_exp: 0.4385
Episode_Reward/track_ang_vel_z_exp: 0.3219
      Episode_Reward/feet_air_time: 0.0015
Episode_Reward/feet_air_time_variance: -0.0663
         Episode_Reward/feet_slide: -0.0263
     Episode_Reward/feet_clearance: 0.3779
Episode_Reward/feet_distance_y_exp: 0.4102
   Episode_Reward/feet_landing_vel: -0.0006
 Episode_Reward/joint_vel_wheel_l2: -0.0008
 Episode_Reward/joint_acc_wheel_l2: -0.0001
Episode_Reward/joint_torques_wheel_l2: -0.0000
Episode_Reward/bipedal_gait_reward: -0.4153
Episode_Reward/feet_distance_penalize: -0.0120
        Episode_Reward/stop_motion: -0.0370
  Episode_Reward/action_smoothness: -0.1608
       Episode_Reward/lazy_penalty: -0.0294
         Episode_Reward/keep_alive: 0.0311
Episode_Reward/joint_deviation_hip: -0.0078
Episode_Reward/joint_deviation_ankle: -0.0103
Episode_Reward/joint_deviation_legs: -0.0025
Episode_Reward/body_orientation_l2: -0.0426
 Episode_Reward/ankle_torque_limit: -0.0001
Episode_Reward/penalize_hip_roll_action: -0.1241
Episode_Reward/feet_impact_reduction: -0.0000
Metrics/base_velocity/error_vel_xy: 0.2526
Metrics/base_velocity/error_vel_yaw: 0.1939
      Episode_Termination/time_out: 0.0000
Episode_Termination/terrain_out_of_bounds: 0.0000
Episode_Termination/illegal_contact: 1.0000
--------------------------------------------------------------------------------
                   Total timesteps: 7077888
                    Iteration time: 1.89s
                      Time elapsed: 00:02:14
                               ETA: 12:54:30

################################################################################
                     [1m Learning iteration 72/25000 [0m                      

                       Computation: 54152 steps/s (collection: 1.271s, learning 0.544s)
             Mean action noise std: 0.47
          Mean value_function loss: 0.4989
               Mean surrogate loss: -0.0006
                 Mean entropy loss: 6.3470
                Mean priv_reg loss: 0.4275
                Mean amp/loss loss: 0.5446
            Mean amp/grad_pen loss: 0.1788
         Mean amp/policy_pred loss: -0.2722
         Mean amp/expert_pred loss: 0.2826
                       Mean reward: 3.17
               Mean episode length: 247.70
      Episode_Reward/is_terminated: -0.2000
       Episode_Reward/lin_vel_z_l2: -0.0375
      Episode_Reward/ang_vel_xy_l2: -0.0496
Episode_Reward/flat_orientation_l2: -0.0744
     Episode_Reward/base_height_l2: -0.0178
   Episode_Reward/joint_torques_l2: -0.0054
       Episode_Reward/joint_vel_l2: -0.0002
       Episode_Reward/joint_acc_l2: -0.0083
   Episode_Reward/joint_pos_limits: -0.0000
        Episode_Reward/joint_power: -0.0004
        Episode_Reward/stand_still: -0.0063
     Episode_Reward/action_rate_l2: -0.1420
 Episode_Reward/undesired_contacts: -0.0177
Episode_Reward/track_lin_vel_xy_exp: 0.4680
Episode_Reward/track_ang_vel_z_exp: 0.3639
      Episode_Reward/feet_air_time: 0.0012
Episode_Reward/feet_air_time_variance: -0.0764
         Episode_Reward/feet_slide: -0.0283
     Episode_Reward/feet_clearance: 0.4302
Episode_Reward/feet_distance_y_exp: 0.4681
   Episode_Reward/feet_landing_vel: -0.0006
 Episode_Reward/joint_vel_wheel_l2: -0.0009
 Episode_Reward/joint_acc_wheel_l2: -0.0001
Episode_Reward/joint_torques_wheel_l2: -0.0000
Episode_Reward/bipedal_gait_reward: -0.4727
Episode_Reward/feet_distance_penalize: -0.0074
        Episode_Reward/stop_motion: -0.0350
  Episode_Reward/action_smoothness: -0.1842
       Episode_Reward/lazy_penalty: -0.0355
         Episode_Reward/keep_alive: 0.0355
Episode_Reward/joint_deviation_hip: -0.0088
Episode_Reward/joint_deviation_ankle: -0.0117
Episode_Reward/joint_deviation_legs: -0.0029
Episode_Reward/body_orientation_l2: -0.0446
 Episode_Reward/ankle_torque_limit: -0.0002
Episode_Reward/penalize_hip_roll_action: -0.1406
Episode_Reward/feet_impact_reduction: -0.0000
Metrics/base_velocity/error_vel_xy: 0.2902
Metrics/base_velocity/error_vel_yaw: 0.2246
      Episode_Termination/time_out: 0.0000
Episode_Termination/terrain_out_of_bounds: 0.0000
Episode_Termination/illegal_contact: 1.0000
--------------------------------------------------------------------------------
                   Total timesteps: 7176192
                    Iteration time: 1.82s
                      Time elapsed: 00:02:16
                               ETA: 12:54:12

################################################################################
                     [1m Learning iteration 73/25000 [0m                      

                       Computation: 52894 steps/s (collection: 1.322s, learning 0.537s)
             Mean action noise std: 0.47
          Mean value_function loss: 0.6630
               Mean surrogate loss: 0.0007
                 Mean entropy loss: 6.3433
                Mean priv_reg loss: 0.4263
                Mean amp/loss loss: 0.5487
            Mean amp/grad_pen loss: 0.1764
         Mean amp/policy_pred loss: -0.2694
         Mean amp/expert_pred loss: 0.2780
                       Mean reward: 3.48
               Mean episode length: 242.75
      Episode_Reward/is_terminated: -0.2000
       Episode_Reward/lin_vel_z_l2: -0.0367
      Episode_Reward/ang_vel_xy_l2: -0.0498
Episode_Reward/flat_orientation_l2: -0.0750
     Episode_Reward/base_height_l2: -0.0177
   Episode_Reward/joint_torques_l2: -0.0057
       Episode_Reward/joint_vel_l2: -0.0002
       Episode_Reward/joint_acc_l2: -0.0086
   Episode_Reward/joint_pos_limits: 0.0000
        Episode_Reward/joint_power: -0.0005
        Episode_Reward/stand_still: -0.0108
     Episode_Reward/action_rate_l2: -0.1452
 Episode_Reward/undesired_contacts: -0.0161
Episode_Reward/track_lin_vel_xy_exp: 0.4652
Episode_Reward/track_ang_vel_z_exp: 0.3622
      Episode_Reward/feet_air_time: 0.0017
Episode_Reward/feet_air_time_variance: -0.0772
         Episode_Reward/feet_slide: -0.0286
     Episode_Reward/feet_clearance: 0.4397
Episode_Reward/feet_distance_y_exp: 0.4826
   Episode_Reward/feet_landing_vel: -0.0007
 Episode_Reward/joint_vel_wheel_l2: -0.0009
 Episode_Reward/joint_acc_wheel_l2: -0.0001
Episode_Reward/joint_torques_wheel_l2: -0.0000
Episode_Reward/bipedal_gait_reward: -0.4802
Episode_Reward/feet_distance_penalize: -0.0079
        Episode_Reward/stop_motion: -0.0387
  Episode_Reward/action_smoothness: -0.1881
       Episode_Reward/lazy_penalty: -0.0364
         Episode_Reward/keep_alive: 0.0366
Episode_Reward/joint_deviation_hip: -0.0093
Episode_Reward/joint_deviation_ankle: -0.0127
Episode_Reward/joint_deviation_legs: -0.0030
Episode_Reward/body_orientation_l2: -0.0450
 Episode_Reward/ankle_torque_limit: -0.0002
Episode_Reward/penalize_hip_roll_action: -0.1428
Episode_Reward/feet_impact_reduction: -0.0000
Metrics/base_velocity/error_vel_xy: 0.3014
Metrics/base_velocity/error_vel_yaw: 0.2415
      Episode_Termination/time_out: 0.0000
Episode_Termination/terrain_out_of_bounds: 0.0000
Episode_Termination/illegal_contact: 1.0000
--------------------------------------------------------------------------------
                   Total timesteps: 7274496
                    Iteration time: 1.86s
                      Time elapsed: 00:02:17
                               ETA: 12:54:08

################################################################################
                     [1m Learning iteration 74/25000 [0m                      

                       Computation: 49123 steps/s (collection: 1.463s, learning 0.538s)
             Mean action noise std: 0.47
          Mean value_function loss: 0.7869
               Mean surrogate loss: -0.0016
                 Mean entropy loss: 6.3526
                Mean priv_reg loss: 0.4379
                Mean amp/loss loss: 0.5404
            Mean amp/grad_pen loss: 0.1756
         Mean amp/policy_pred loss: -0.2810
         Mean amp/expert_pred loss: 0.2806
                       Mean reward: 1.97
               Mean episode length: 229.23
      Episode_Reward/is_terminated: -0.2000
       Episode_Reward/lin_vel_z_l2: -0.0381
      Episode_Reward/ang_vel_xy_l2: -0.0494
Episode_Reward/flat_orientation_l2: -0.0734
     Episode_Reward/base_height_l2: -0.0176
   Episode_Reward/joint_torques_l2: -0.0051
       Episode_Reward/joint_vel_l2: -0.0002
       Episode_Reward/joint_acc_l2: -0.0078
   Episode_Reward/joint_pos_limits: -0.0000
        Episode_Reward/joint_power: -0.0004
        Episode_Reward/stand_still: -0.0030
     Episode_Reward/action_rate_l2: -0.1351
 Episode_Reward/undesired_contacts: -0.0177
Episode_Reward/track_lin_vel_xy_exp: 0.4171
Episode_Reward/track_ang_vel_z_exp: 0.3545
      Episode_Reward/feet_air_time: 0.0015
Episode_Reward/feet_air_time_variance: -0.0753
         Episode_Reward/feet_slide: -0.0278
     Episode_Reward/feet_clearance: 0.4184
Episode_Reward/feet_distance_y_exp: 0.4520
   Episode_Reward/feet_landing_vel: -0.0006
 Episode_Reward/joint_vel_wheel_l2: -0.0009
 Episode_Reward/joint_acc_wheel_l2: -0.0001
Episode_Reward/joint_torques_wheel_l2: -0.0000
Episode_Reward/bipedal_gait_reward: -0.4606
Episode_Reward/feet_distance_penalize: -0.0101
        Episode_Reward/stop_motion: -0.0380
  Episode_Reward/action_smoothness: -0.1753
       Episode_Reward/lazy_penalty: -0.0367
         Episode_Reward/keep_alive: 0.0342
Episode_Reward/joint_deviation_hip: -0.0082
Episode_Reward/joint_deviation_ankle: -0.0115
Episode_Reward/joint_deviation_legs: -0.0027
Episode_Reward/body_orientation_l2: -0.0440
 Episode_Reward/ankle_torque_limit: -0.0001
Episode_Reward/penalize_hip_roll_action: -0.1350
Episode_Reward/feet_impact_reduction: -0.0000
Metrics/base_velocity/error_vel_xy: 0.2975
Metrics/base_velocity/error_vel_yaw: 0.2155
      Episode_Termination/time_out: 0.0000
Episode_Termination/terrain_out_of_bounds: 0.0000
Episode_Termination/illegal_contact: 1.0000
--------------------------------------------------------------------------------
                   Total timesteps: 7372800
                    Iteration time: 2.00s
                      Time elapsed: 00:02:19
                               ETA: 12:54:52

################################################################################
                     [1m Learning iteration 75/25000 [0m                      

                       Computation: 54886 steps/s (collection: 1.250s, learning 0.541s)
             Mean action noise std: 0.47
          Mean value_function loss: 0.7305
               Mean surrogate loss: -0.0011
                 Mean entropy loss: 6.3602
                Mean priv_reg loss: 0.4429
                Mean amp/loss loss: 0.5357
            Mean amp/grad_pen loss: 0.1790
         Mean amp/policy_pred loss: -0.2829
         Mean amp/expert_pred loss: 0.2866
                       Mean reward: 5.40
               Mean episode length: 291.00
      Episode_Reward/is_terminated: -0.2000
       Episode_Reward/lin_vel_z_l2: -0.0424
      Episode_Reward/ang_vel_xy_l2: -0.0562
Episode_Reward/flat_orientation_l2: -0.0791
     Episode_Reward/base_height_l2: -0.0189
   Episode_Reward/joint_torques_l2: -0.0064
       Episode_Reward/joint_vel_l2: -0.0002
       Episode_Reward/joint_acc_l2: -0.0085
   Episode_Reward/joint_pos_limits: -0.0000
        Episode_Reward/joint_power: -0.0005
        Episode_Reward/stand_still: -0.0178
     Episode_Reward/action_rate_l2: -0.1694
 Episode_Reward/undesired_contacts: -0.0192
Episode_Reward/track_lin_vel_xy_exp: 0.5780
Episode_Reward/track_ang_vel_z_exp: 0.4635
      Episode_Reward/feet_air_time: 0.0012
Episode_Reward/feet_air_time_variance: -0.0917
         Episode_Reward/feet_slide: -0.0313
     Episode_Reward/feet_clearance: 0.5127
Episode_Reward/feet_distance_y_exp: 0.5663
   Episode_Reward/feet_landing_vel: -0.0007
 Episode_Reward/joint_vel_wheel_l2: -0.0011
 Episode_Reward/joint_acc_wheel_l2: -0.0001
Episode_Reward/joint_torques_wheel_l2: -0.0000
Episode_Reward/bipedal_gait_reward: -0.5578
Episode_Reward/feet_distance_penalize: -0.0090
        Episode_Reward/stop_motion: -0.0554
  Episode_Reward/action_smoothness: -0.2189
       Episode_Reward/lazy_penalty: -0.0485
         Episode_Reward/keep_alive: 0.0429
Episode_Reward/joint_deviation_hip: -0.0106
Episode_Reward/joint_deviation_ankle: -0.0147
Episode_Reward/joint_deviation_legs: -0.0035
Episode_Reward/body_orientation_l2: -0.0475
 Episode_Reward/ankle_torque_limit: -0.0002
Episode_Reward/penalize_hip_roll_action: -0.1676
Episode_Reward/feet_impact_reduction: -0.0000
Metrics/base_velocity/error_vel_xy: 0.3458
Metrics/base_velocity/error_vel_yaw: 0.2551
      Episode_Termination/time_out: 0.0000
Episode_Termination/terrain_out_of_bounds: 0.0000
Episode_Termination/illegal_contact: 1.0000
--------------------------------------------------------------------------------
                   Total timesteps: 7471104
                    Iteration time: 1.79s
                      Time elapsed: 00:02:21
                               ETA: 12:54:26

################################################################################
                     [1m Learning iteration 76/25000 [0m                      

                       Computation: 53675 steps/s (collection: 1.291s, learning 0.541s)
             Mean action noise std: 0.48
          Mean value_function loss: 0.8847
               Mean surrogate loss: -0.0019
                 Mean entropy loss: 6.3722
                Mean priv_reg loss: 0.4521
                Mean amp/loss loss: 0.5311
            Mean amp/grad_pen loss: 0.1802
         Mean amp/policy_pred loss: -0.2886
         Mean amp/expert_pred loss: 0.2887
                       Mean reward: 7.13
               Mean episode length: 280.47
      Episode_Reward/is_terminated: -0.2000
       Episode_Reward/lin_vel_z_l2: -0.0376
      Episode_Reward/ang_vel_xy_l2: -0.0544
Episode_Reward/flat_orientation_l2: -0.0759
     Episode_Reward/base_height_l2: -0.0179
   Episode_Reward/joint_torques_l2: -0.0059
       Episode_Reward/joint_vel_l2: -0.0002
       Episode_Reward/joint_acc_l2: -0.0088
   Episode_Reward/joint_pos_limits: -0.0000
        Episode_Reward/joint_power: -0.0005
        Episode_Reward/stand_still: -0.0068
     Episode_Reward/action_rate_l2: -0.1618
 Episode_Reward/undesired_contacts: -0.0171
Episode_Reward/track_lin_vel_xy_exp: 0.6055
Episode_Reward/track_ang_vel_z_exp: 0.4219
      Episode_Reward/feet_air_time: 0.0020
Episode_Reward/feet_air_time_variance: -0.0910
         Episode_Reward/feet_slide: -0.0297
     Episode_Reward/feet_clearance: 0.5055
Episode_Reward/feet_distance_y_exp: 0.5427
   Episode_Reward/feet_landing_vel: -0.0007
 Episode_Reward/joint_vel_wheel_l2: -0.0011
 Episode_Reward/joint_acc_wheel_l2: -0.0001
Episode_Reward/joint_torques_wheel_l2: -0.0000
Episode_Reward/bipedal_gait_reward: -0.5472
Episode_Reward/feet_distance_penalize: -0.0134
        Episode_Reward/stop_motion: -0.0486
  Episode_Reward/action_smoothness: -0.2092
       Episode_Reward/lazy_penalty: -0.0499
         Episode_Reward/keep_alive: 0.0411
Episode_Reward/joint_deviation_hip: -0.0100
Episode_Reward/joint_deviation_ankle: -0.0133
Episode_Reward/joint_deviation_legs: -0.0033
Episode_Reward/body_orientation_l2: -0.0455
 Episode_Reward/ankle_torque_limit: -0.0003
Episode_Reward/penalize_hip_roll_action: -0.1607
Episode_Reward/feet_impact_reduction: -0.0000
Metrics/base_velocity/error_vel_xy: 0.3137
Metrics/base_velocity/error_vel_yaw: 0.2576
      Episode_Termination/time_out: 0.0000
Episode_Termination/terrain_out_of_bounds: 0.0000
Episode_Termination/illegal_contact: 1.0000
--------------------------------------------------------------------------------
                   Total timesteps: 7569408
                    Iteration time: 1.83s
                      Time elapsed: 00:02:23
                               ETA: 12:54:13

################################################################################
                     [1m Learning iteration 77/25000 [0m                      

                       Computation: 53033 steps/s (collection: 1.297s, learning 0.557s)
             Mean action noise std: 0.48
          Mean value_function loss: 0.9784
               Mean surrogate loss: 0.0002
                 Mean entropy loss: 6.4254
                Mean priv_reg loss: 0.4642
                Mean amp/loss loss: 0.5352
            Mean amp/grad_pen loss: 0.1812
         Mean amp/policy_pred loss: -0.2826
         Mean amp/expert_pred loss: 0.2893
                       Mean reward: 6.90
               Mean episode length: 286.03
      Episode_Reward/is_terminated: -0.2000
       Episode_Reward/lin_vel_z_l2: -0.0423
      Episode_Reward/ang_vel_xy_l2: -0.0572
Episode_Reward/flat_orientation_l2: -0.0796
     Episode_Reward/base_height_l2: -0.0192
   Episode_Reward/joint_torques_l2: -0.0061
       Episode_Reward/joint_vel_l2: -0.0002
       Episode_Reward/joint_acc_l2: -0.0091
   Episode_Reward/joint_pos_limits: -0.0000
        Episode_Reward/joint_power: -0.0005
        Episode_Reward/stand_still: -0.0093
     Episode_Reward/action_rate_l2: -0.1692
 Episode_Reward/undesired_contacts: -0.0191
Episode_Reward/track_lin_vel_xy_exp: 0.5588
Episode_Reward/track_ang_vel_z_exp: 0.4269
      Episode_Reward/feet_air_time: 0.0018
Episode_Reward/feet_air_time_variance: -0.0935
         Episode_Reward/feet_slide: -0.0309
     Episode_Reward/feet_clearance: 0.5217
Episode_Reward/feet_distance_y_exp: 0.5650
   Episode_Reward/feet_landing_vel: -0.0006
 Episode_Reward/joint_vel_wheel_l2: -0.0011
 Episode_Reward/joint_acc_wheel_l2: -0.0001
Episode_Reward/joint_torques_wheel_l2: -0.0000
Episode_Reward/bipedal_gait_reward: -0.5683
Episode_Reward/feet_distance_penalize: -0.0108
        Episode_Reward/stop_motion: -0.0400
  Episode_Reward/action_smoothness: -0.2185
       Episode_Reward/lazy_penalty: -0.0510
         Episode_Reward/keep_alive: 0.0428
Episode_Reward/joint_deviation_hip: -0.0105
Episode_Reward/joint_deviation_ankle: -0.0144
Episode_Reward/joint_deviation_legs: -0.0035
Episode_Reward/body_orientation_l2: -0.0477
 Episode_Reward/ankle_torque_limit: -0.0001
Episode_Reward/penalize_hip_roll_action: -0.1673
Episode_Reward/feet_impact_reduction: -0.0000
Metrics/base_velocity/error_vel_xy: 0.3480
Metrics/base_velocity/error_vel_yaw: 0.2776
      Episode_Termination/time_out: 0.0000
Episode_Termination/terrain_out_of_bounds: 0.0000
Episode_Termination/illegal_contact: 1.0000
--------------------------------------------------------------------------------
                   Total timesteps: 7667712
                    Iteration time: 1.85s
                      Time elapsed: 00:02:25
                               ETA: 12:54:08

################################################################################
                     [1m Learning iteration 78/25000 [0m                      

                       Computation: 53094 steps/s (collection: 1.311s, learning 0.541s)
             Mean action noise std: 0.48
          Mean value_function loss: 0.9698
               Mean surrogate loss: -0.0012
                 Mean entropy loss: 6.4665
                Mean priv_reg loss: 0.4742
                Mean amp/loss loss: 0.5344
            Mean amp/grad_pen loss: 0.1739
         Mean amp/policy_pred loss: -0.2918
         Mean amp/expert_pred loss: 0.2821
                       Mean reward: 6.68
               Mean episode length: 296.53
      Episode_Reward/is_terminated: -0.2000
       Episode_Reward/lin_vel_z_l2: -0.0383
      Episode_Reward/ang_vel_xy_l2: -0.0532
Episode_Reward/flat_orientation_l2: -0.0764
     Episode_Reward/base_height_l2: -0.0183
   Episode_Reward/joint_torques_l2: -0.0058
       Episode_Reward/joint_vel_l2: -0.0002
       Episode_Reward/joint_acc_l2: -0.0086
   Episode_Reward/joint_pos_limits: -0.0000
        Episode_Reward/joint_power: -0.0005
        Episode_Reward/stand_still: -0.0054
     Episode_Reward/action_rate_l2: -0.1588
 Episode_Reward/undesired_contacts: -0.0185
Episode_Reward/track_lin_vel_xy_exp: 0.5803
Episode_Reward/track_ang_vel_z_exp: 0.4222
      Episode_Reward/feet_air_time: 0.0016
Episode_Reward/feet_air_time_variance: -0.0854
         Episode_Reward/feet_slide: -0.0295
     Episode_Reward/feet_clearance: 0.4932
Episode_Reward/feet_distance_y_exp: 0.5314
   Episode_Reward/feet_landing_vel: -0.0007
 Episode_Reward/joint_vel_wheel_l2: -0.0011
 Episode_Reward/joint_acc_wheel_l2: -0.0001
Episode_Reward/joint_torques_wheel_l2: -0.0000
Episode_Reward/bipedal_gait_reward: -0.5369
Episode_Reward/feet_distance_penalize: -0.0111
        Episode_Reward/stop_motion: -0.0482
  Episode_Reward/action_smoothness: -0.2045
       Episode_Reward/lazy_penalty: -0.0491
         Episode_Reward/keep_alive: 0.0403
Episode_Reward/joint_deviation_hip: -0.0102
Episode_Reward/joint_deviation_ankle: -0.0135
Episode_Reward/joint_deviation_legs: -0.0033
Episode_Reward/body_orientation_l2: -0.0458
 Episode_Reward/ankle_torque_limit: -0.0002
Episode_Reward/penalize_hip_roll_action: -0.1563
Episode_Reward/feet_impact_reduction: -0.0000
Metrics/base_velocity/error_vel_xy: 0.3086
Metrics/base_velocity/error_vel_yaw: 0.2480
      Episode_Termination/time_out: 0.0000
Episode_Termination/terrain_out_of_bounds: 0.0000
Episode_Termination/illegal_contact: 1.0000
--------------------------------------------------------------------------------
                   Total timesteps: 7766016
                    Iteration time: 1.85s
                      Time elapsed: 00:02:27
                               ETA: 12:54:02

################################################################################
                     [1m Learning iteration 79/25000 [0m                      

                       Computation: 52241 steps/s (collection: 1.343s, learning 0.539s)
             Mean action noise std: 0.48
          Mean value_function loss: 0.9245
               Mean surrogate loss: -0.0016
                 Mean entropy loss: 6.5035
                Mean priv_reg loss: 0.4789
                Mean amp/loss loss: 0.5313
            Mean amp/grad_pen loss: 0.1777
         Mean amp/policy_pred loss: -0.2902
         Mean amp/expert_pred loss: 0.2867
                       Mean reward: 6.22
               Mean episode length: 280.39
      Episode_Reward/is_terminated: -0.2000
       Episode_Reward/lin_vel_z_l2: -0.0402
      Episode_Reward/ang_vel_xy_l2: -0.0560
Episode_Reward/flat_orientation_l2: -0.0777
     Episode_Reward/base_height_l2: -0.0188
   Episode_Reward/joint_torques_l2: -0.0062
       Episode_Reward/joint_vel_l2: -0.0002
       Episode_Reward/joint_acc_l2: -0.0091
   Episode_Reward/joint_pos_limits: 0.0000
        Episode_Reward/joint_power: -0.0005
        Episode_Reward/stand_still: -0.0064
     Episode_Reward/action_rate_l2: -0.1684
 Episode_Reward/undesired_contacts: -0.0181
Episode_Reward/track_lin_vel_xy_exp: 0.5639
Episode_Reward/track_ang_vel_z_exp: 0.4560
      Episode_Reward/feet_air_time: 0.0020
Episode_Reward/feet_air_time_variance: -0.0925
         Episode_Reward/feet_slide: -0.0303
     Episode_Reward/feet_clearance: 0.5262
Episode_Reward/feet_distance_y_exp: 0.5669
   Episode_Reward/feet_landing_vel: -0.0006
 Episode_Reward/joint_vel_wheel_l2: -0.0011
 Episode_Reward/joint_acc_wheel_l2: -0.0001
Episode_Reward/joint_torques_wheel_l2: -0.0000
Episode_Reward/bipedal_gait_reward: -0.5720
Episode_Reward/feet_distance_penalize: -0.0115
        Episode_Reward/stop_motion: -0.0405
  Episode_Reward/action_smoothness: -0.2168
       Episode_Reward/lazy_penalty: -0.0527
         Episode_Reward/keep_alive: 0.0430
Episode_Reward/joint_deviation_hip: -0.0108
Episode_Reward/joint_deviation_ankle: -0.0141
Episode_Reward/joint_deviation_legs: -0.0035
Episode_Reward/body_orientation_l2: -0.0466
 Episode_Reward/ankle_torque_limit: -0.0002
Episode_Reward/penalize_hip_roll_action: -0.1683
Episode_Reward/feet_impact_reduction: -0.0000
Metrics/base_velocity/error_vel_xy: 0.3465
Metrics/base_velocity/error_vel_yaw: 0.2603
      Episode_Termination/time_out: 0.0000
Episode_Termination/terrain_out_of_bounds: 0.0000
Episode_Termination/illegal_contact: 1.0000
--------------------------------------------------------------------------------
                   Total timesteps: 7864320
                    Iteration time: 1.88s
                      Time elapsed: 00:02:29
                               ETA: 12:54:06

################################################################################
                     [1m Learning iteration 80/25000 [0m                      

                       Computation: 48305 steps/s (collection: 1.425s, learning 0.610s)
             Mean action noise std: 0.48
          Mean value_function loss: 2.5004
               Mean surrogate loss: 0.2612
                 Mean entropy loss: 6.5162
                Mean priv_reg loss: 0.5830
                Mean amp/loss loss: 0.5186
            Mean amp/grad_pen loss: 0.1827
         Mean amp/policy_pred loss: -0.3087
         Mean amp/expert_pred loss: 0.2896
             Mean hist_latent loss: 0.5366
                       Mean reward: 3.24
               Mean episode length: 275.06
      Episode_Reward/is_terminated: -0.2000
       Episode_Reward/lin_vel_z_l2: -0.0367
      Episode_Reward/ang_vel_xy_l2: -0.0564
Episode_Reward/flat_orientation_l2: -0.0769
     Episode_Reward/base_height_l2: -0.0177
   Episode_Reward/joint_torques_l2: -0.0060
       Episode_Reward/joint_vel_l2: -0.0002
       Episode_Reward/joint_acc_l2: -0.0096
   Episode_Reward/joint_pos_limits: -0.0000
        Episode_Reward/joint_power: -0.0005
        Episode_Reward/stand_still: -0.0105
     Episode_Reward/action_rate_l2: -0.1654
 Episode_Reward/undesired_contacts: -0.0197
Episode_Reward/track_lin_vel_xy_exp: 0.5096
Episode_Reward/track_ang_vel_z_exp: 0.4467
      Episode_Reward/feet_air_time: 0.0017
Episode_Reward/feet_air_time_variance: -0.0885
         Episode_Reward/feet_slide: -0.0294
     Episode_Reward/feet_clearance: 0.5103
Episode_Reward/feet_distance_y_exp: 0.5545
   Episode_Reward/feet_landing_vel: -0.0006
 Episode_Reward/joint_vel_wheel_l2: -0.0012
 Episode_Reward/joint_acc_wheel_l2: -0.0001
Episode_Reward/joint_torques_wheel_l2: -0.0000
Episode_Reward/bipedal_gait_reward: -0.5574
Episode_Reward/feet_distance_penalize: -0.0140
        Episode_Reward/stop_motion: -0.0454
  Episode_Reward/action_smoothness: -0.2122
       Episode_Reward/lazy_penalty: -0.0528
         Episode_Reward/keep_alive: 0.0420
Episode_Reward/joint_deviation_hip: -0.0100
Episode_Reward/joint_deviation_ankle: -0.0139
Episode_Reward/joint_deviation_legs: -0.0034
Episode_Reward/body_orientation_l2: -0.0462
 Episode_Reward/ankle_torque_limit: -0.0001
Episode_Reward/penalize_hip_roll_action: -0.1648
Episode_Reward/feet_impact_reduction: -0.0000
Metrics/base_velocity/error_vel_xy: 0.3543
Metrics/base_velocity/error_vel_yaw: 0.2530
      Episode_Termination/time_out: 0.0000
Episode_Termination/terrain_out_of_bounds: 0.0000
Episode_Termination/illegal_contact: 1.0000
--------------------------------------------------------------------------------
                   Total timesteps: 7962624
                    Iteration time: 2.04s
                      Time elapsed: 00:02:31
                               ETA: 12:54:57

################################################################################
                     [1m Learning iteration 81/25000 [0m                      

                       Computation: 49245 steps/s (collection: 1.440s, learning 0.556s)
             Mean action noise std: 0.48
          Mean value_function loss: 1.0821
               Mean surrogate loss: -0.0013
                 Mean entropy loss: 6.5234
                Mean priv_reg loss: 0.5127
                Mean amp/loss loss: 0.5237
            Mean amp/grad_pen loss: 0.1835
         Mean amp/policy_pred loss: -0.3076
         Mean amp/expert_pred loss: 0.2825
                       Mean reward: 9.87
               Mean episode length: 336.82
      Episode_Reward/is_terminated: -0.2000
       Episode_Reward/lin_vel_z_l2: -0.0379
      Episode_Reward/ang_vel_xy_l2: -0.0586
Episode_Reward/flat_orientation_l2: -0.0752
     Episode_Reward/base_height_l2: -0.0188
   Episode_Reward/joint_torques_l2: -0.0065
       Episode_Reward/joint_vel_l2: -0.0002
       Episode_Reward/joint_acc_l2: -0.0095
   Episode_Reward/joint_pos_limits: -0.0000
        Episode_Reward/joint_power: -0.0005
        Episode_Reward/stand_still: -0.0189
     Episode_Reward/action_rate_l2: -0.1769
 Episode_Reward/undesired_contacts: -0.0193
Episode_Reward/track_lin_vel_xy_exp: 0.6646
Episode_Reward/track_ang_vel_z_exp: 0.4773
      Episode_Reward/feet_air_time: 0.0018
Episode_Reward/feet_air_time_variance: -0.0980
         Episode_Reward/feet_slide: -0.0308
     Episode_Reward/feet_clearance: 0.5369
Episode_Reward/feet_distance_y_exp: 0.5920
   Episode_Reward/feet_landing_vel: -0.0006
 Episode_Reward/joint_vel_wheel_l2: -0.0012
 Episode_Reward/joint_acc_wheel_l2: -0.0001
Episode_Reward/joint_torques_wheel_l2: -0.0000
Episode_Reward/bipedal_gait_reward: -0.5853
Episode_Reward/feet_distance_penalize: -0.0109
        Episode_Reward/stop_motion: -0.0582
  Episode_Reward/action_smoothness: -0.2267
       Episode_Reward/lazy_penalty: -0.0559
         Episode_Reward/keep_alive: 0.0448
Episode_Reward/joint_deviation_hip: -0.0107
Episode_Reward/joint_deviation_ankle: -0.0149
Episode_Reward/joint_deviation_legs: -0.0037
Episode_Reward/body_orientation_l2: -0.0451
 Episode_Reward/ankle_torque_limit: -0.0003
Episode_Reward/penalize_hip_roll_action: -0.1759
Episode_Reward/feet_impact_reduction: -0.0000
Metrics/base_velocity/error_vel_xy: 0.3361
Metrics/base_velocity/error_vel_yaw: 0.2703
      Episode_Termination/time_out: 0.0000
Episode_Termination/terrain_out_of_bounds: 0.0000
Episode_Termination/illegal_contact: 1.0000
--------------------------------------------------------------------------------
                   Total timesteps: 8060928
                    Iteration time: 2.00s
                      Time elapsed: 00:02:33
                               ETA: 12:55:35

################################################################################
                     [1m Learning iteration 82/25000 [0m                      

                       Computation: 52538 steps/s (collection: 1.313s, learning 0.558s)
             Mean action noise std: 0.48
          Mean value_function loss: 0.8470
               Mean surrogate loss: -0.0020
                 Mean entropy loss: 6.5433
                Mean priv_reg loss: 0.6236
                Mean amp/loss loss: 0.5318
            Mean amp/grad_pen loss: 0.1734
         Mean amp/policy_pred loss: -0.3009
         Mean amp/expert_pred loss: 0.2790
                       Mean reward: 8.32
               Mean episode length: 303.91
      Episode_Reward/is_terminated: -0.2000
       Episode_Reward/lin_vel_z_l2: -0.0316
      Episode_Reward/ang_vel_xy_l2: -0.0542
Episode_Reward/flat_orientation_l2: -0.0779
     Episode_Reward/base_height_l2: -0.0177
   Episode_Reward/joint_torques_l2: -0.0074
       Episode_Reward/joint_vel_l2: -0.0002
       Episode_Reward/joint_acc_l2: -0.0099
   Episode_Reward/joint_pos_limits: -0.0000
        Episode_Reward/joint_power: -0.0006
        Episode_Reward/stand_still: -0.0121
     Episode_Reward/action_rate_l2: -0.1875
 Episode_Reward/undesired_contacts: -0.0125
Episode_Reward/track_lin_vel_xy_exp: 0.6507
Episode_Reward/track_ang_vel_z_exp: 0.5015
      Episode_Reward/feet_air_time: 0.0016
Episode_Reward/feet_air_time_variance: -0.1056
         Episode_Reward/feet_slide: -0.0322
     Episode_Reward/feet_clearance: 0.5808
Episode_Reward/feet_distance_y_exp: 0.6309
   Episode_Reward/feet_landing_vel: -0.0007
 Episode_Reward/joint_vel_wheel_l2: -0.0013
 Episode_Reward/joint_acc_wheel_l2: -0.0001
Episode_Reward/joint_torques_wheel_l2: -0.0000
Episode_Reward/bipedal_gait_reward: -0.6322
Episode_Reward/feet_distance_penalize: -0.0101
        Episode_Reward/stop_motion: -0.0438
  Episode_Reward/action_smoothness: -0.2409
       Episode_Reward/lazy_penalty: -0.0578
         Episode_Reward/keep_alive: 0.0478
Episode_Reward/joint_deviation_hip: -0.0115
Episode_Reward/joint_deviation_ankle: -0.0170
Episode_Reward/joint_deviation_legs: -0.0041
Episode_Reward/body_orientation_l2: -0.0467
 Episode_Reward/ankle_torque_limit: -0.0003
Episode_Reward/penalize_hip_roll_action: -0.1850
Episode_Reward/feet_impact_reduction: -0.0000
Metrics/base_velocity/error_vel_xy: 0.3684
Metrics/base_velocity/error_vel_yaw: 0.2879
      Episode_Termination/time_out: 0.0000
Episode_Termination/terrain_out_of_bounds: 0.0000
Episode_Termination/illegal_contact: 1.0000
--------------------------------------------------------------------------------
                   Total timesteps: 8159232
                    Iteration time: 1.87s
                      Time elapsed: 00:02:35
                               ETA: 12:55:34

################################################################################
                     [1m Learning iteration 83/25000 [0m                      

                       Computation: 50525 steps/s (collection: 1.390s, learning 0.556s)
             Mean action noise std: 0.48
          Mean value_function loss: 0.9142
               Mean surrogate loss: -0.0001
                 Mean entropy loss: 6.5508
                Mean priv_reg loss: 0.5640
                Mean amp/loss loss: 0.5228
            Mean amp/grad_pen loss: 0.1799
         Mean amp/policy_pred loss: -0.2963
         Mean amp/expert_pred loss: 0.2984
                       Mean reward: 8.21
               Mean episode length: 313.86
      Episode_Reward/is_terminated: -0.2000
       Episode_Reward/lin_vel_z_l2: -0.0328
      Episode_Reward/ang_vel_xy_l2: -0.0553
Episode_Reward/flat_orientation_l2: -0.0797
     Episode_Reward/base_height_l2: -0.0184
   Episode_Reward/joint_torques_l2: -0.0071
       Episode_Reward/joint_vel_l2: -0.0002
       Episode_Reward/joint_acc_l2: -0.0099
   Episode_Reward/joint_pos_limits: -0.0000
        Episode_Reward/joint_power: -0.0006
        Episode_Reward/stand_still: -0.0146
     Episode_Reward/action_rate_l2: -0.1867
 Episode_Reward/undesired_contacts: -0.0136
Episode_Reward/track_lin_vel_xy_exp: 0.6663
Episode_Reward/track_ang_vel_z_exp: 0.5039
      Episode_Reward/feet_air_time: 0.0015
Episode_Reward/feet_air_time_variance: -0.1040
         Episode_Reward/feet_slide: -0.0320
     Episode_Reward/feet_clearance: 0.5716
Episode_Reward/feet_distance_y_exp: 0.6239
   Episode_Reward/feet_landing_vel: -0.0007
 Episode_Reward/joint_vel_wheel_l2: -0.0013
 Episode_Reward/joint_acc_wheel_l2: -0.0001
Episode_Reward/joint_torques_wheel_l2: -0.0000
Episode_Reward/bipedal_gait_reward: -0.6221
Episode_Reward/feet_distance_penalize: -0.0085
        Episode_Reward/stop_motion: -0.0478
  Episode_Reward/action_smoothness: -0.2397
       Episode_Reward/lazy_penalty: -0.0554
         Episode_Reward/keep_alive: 0.0473
Episode_Reward/joint_deviation_hip: -0.0118
Episode_Reward/joint_deviation_ankle: -0.0168
Episode_Reward/joint_deviation_legs: -0.0040
Episode_Reward/body_orientation_l2: -0.0478
 Episode_Reward/ankle_torque_limit: -0.0002
Episode_Reward/penalize_hip_roll_action: -0.1845
Episode_Reward/feet_impact_reduction: -0.0000
Metrics/base_velocity/error_vel_xy: 0.3578
Metrics/base_velocity/error_vel_yaw: 0.2833
      Episode_Termination/time_out: 0.0000
Episode_Termination/terrain_out_of_bounds: 0.0000
Episode_Termination/illegal_contact: 1.0000
--------------------------------------------------------------------------------
                   Total timesteps: 8257536
                    Iteration time: 1.95s
                      Time elapsed: 00:02:36
                               ETA: 12:55:55

################################################################################
                     [1m Learning iteration 84/25000 [0m                      

                       Computation: 50331 steps/s (collection: 1.404s, learning 0.549s)
             Mean action noise std: 0.48
          Mean value_function loss: 0.6727
               Mean surrogate loss: -0.0021
                 Mean entropy loss: 6.5448
                Mean priv_reg loss: 0.4995
                Mean amp/loss loss: 0.5307
            Mean amp/grad_pen loss: 0.1816
         Mean amp/policy_pred loss: -0.2822
         Mean amp/expert_pred loss: 0.2963
                       Mean reward: 1.64
               Mean episode length: 197.80
      Episode_Reward/is_terminated: -0.2000
       Episode_Reward/lin_vel_z_l2: -0.0297
      Episode_Reward/ang_vel_xy_l2: -0.0461
Episode_Reward/flat_orientation_l2: -0.0700
     Episode_Reward/base_height_l2: -0.0167
   Episode_Reward/joint_torques_l2: -0.0050
       Episode_Reward/joint_vel_l2: -0.0002
       Episode_Reward/joint_acc_l2: -0.0079
   Episode_Reward/joint_pos_limits: -0.0000
        Episode_Reward/joint_power: -0.0004
        Episode_Reward/stand_still: -0.0167
     Episode_Reward/action_rate_l2: -0.1359
 Episode_Reward/undesired_contacts: -0.0137
Episode_Reward/track_lin_vel_xy_exp: 0.4798
Episode_Reward/track_ang_vel_z_exp: 0.3608
      Episode_Reward/feet_air_time: 0.0015
Episode_Reward/feet_air_time_variance: -0.0723
         Episode_Reward/feet_slide: -0.0268
     Episode_Reward/feet_clearance: 0.4059
Episode_Reward/feet_distance_y_exp: 0.4518
   Episode_Reward/feet_landing_vel: -0.0006
 Episode_Reward/joint_vel_wheel_l2: -0.0010
 Episode_Reward/joint_acc_wheel_l2: -0.0001
Episode_Reward/joint_torques_wheel_l2: -0.0000
Episode_Reward/bipedal_gait_reward: -0.4432
Episode_Reward/feet_distance_penalize: -0.0109
        Episode_Reward/stop_motion: -0.0446
  Episode_Reward/action_smoothness: -0.1741
       Episode_Reward/lazy_penalty: -0.0363
         Episode_Reward/keep_alive: 0.0343
Episode_Reward/joint_deviation_hip: -0.0087
Episode_Reward/joint_deviation_ankle: -0.0117
Episode_Reward/joint_deviation_legs: -0.0029
Episode_Reward/body_orientation_l2: -0.0420
 Episode_Reward/ankle_torque_limit: -0.0002
Episode_Reward/penalize_hip_roll_action: -0.1350
Episode_Reward/feet_impact_reduction: -0.0000
Metrics/base_velocity/error_vel_xy: 0.2729
Metrics/base_velocity/error_vel_yaw: 0.2108
      Episode_Termination/time_out: 0.0000
Episode_Termination/terrain_out_of_bounds: 0.0000
Episode_Termination/illegal_contact: 1.0000
--------------------------------------------------------------------------------
                   Total timesteps: 8355840
                    Iteration time: 1.95s
                      Time elapsed: 00:02:38
                               ETA: 12:56:18

################################################################################
                     [1m Learning iteration 85/25000 [0m                      

                       Computation: 51937 steps/s (collection: 1.342s, learning 0.551s)
             Mean action noise std: 0.48
          Mean value_function loss: 0.6294
               Mean surrogate loss: -0.0004
                 Mean entropy loss: 6.5235
                Mean priv_reg loss: 0.4629
                Mean amp/loss loss: 0.5356
            Mean amp/grad_pen loss: 0.1790
         Mean amp/policy_pred loss: -0.2804
         Mean amp/expert_pred loss: 0.2891
                       Mean reward: -0.55
               Mean episode length: 153.63
      Episode_Reward/is_terminated: -0.2000
       Episode_Reward/lin_vel_z_l2: -0.0316
      Episode_Reward/ang_vel_xy_l2: -0.0427
Episode_Reward/flat_orientation_l2: -0.0684
     Episode_Reward/base_height_l2: -0.0166
   Episode_Reward/joint_torques_l2: -0.0042
       Episode_Reward/joint_vel_l2: -0.0002
       Episode_Reward/joint_acc_l2: -0.0070
   Episode_Reward/joint_pos_limits: -0.0000
        Episode_Reward/joint_power: -0.0004
        Episode_Reward/stand_still: -0.0051
     Episode_Reward/action_rate_l2: -0.1141
 Episode_Reward/undesired_contacts: -0.0147
Episode_Reward/track_lin_vel_xy_exp: 0.3730
Episode_Reward/track_ang_vel_z_exp: 0.2902
      Episode_Reward/feet_air_time: 0.0013
Episode_Reward/feet_air_time_variance: -0.0604
         Episode_Reward/feet_slide: -0.0251
     Episode_Reward/feet_clearance: 0.3465
Episode_Reward/feet_distance_y_exp: 0.3771
   Episode_Reward/feet_landing_vel: -0.0006
 Episode_Reward/joint_vel_wheel_l2: -0.0008
 Episode_Reward/joint_acc_wheel_l2: -0.0001
Episode_Reward/joint_torques_wheel_l2: -0.0000
Episode_Reward/bipedal_gait_reward: -0.3818
Episode_Reward/feet_distance_penalize: -0.0091
        Episode_Reward/stop_motion: -0.0364
  Episode_Reward/action_smoothness: -0.1461
       Episode_Reward/lazy_penalty: -0.0303
         Episode_Reward/keep_alive: 0.0286
Episode_Reward/joint_deviation_hip: -0.0070
Episode_Reward/joint_deviation_ankle: -0.0102
Episode_Reward/joint_deviation_legs: -0.0025
Episode_Reward/body_orientation_l2: -0.0410
 Episode_Reward/ankle_torque_limit: -0.0002
Episode_Reward/penalize_hip_roll_action: -0.1136
Episode_Reward/feet_impact_reduction: -0.0000
Metrics/base_velocity/error_vel_xy: 0.2440
Metrics/base_velocity/error_vel_yaw: 0.1828
      Episode_Termination/time_out: 0.0000
Episode_Termination/terrain_out_of_bounds: 0.0000
Episode_Termination/illegal_contact: 1.0000
--------------------------------------------------------------------------------
                   Total timesteps: 8454144
                    Iteration time: 1.89s
                      Time elapsed: 00:02:40
                               ETA: 12:56:23

################################################################################
                     [1m Learning iteration 86/25000 [0m                      

                       Computation: 51342 steps/s (collection: 1.359s, learning 0.556s)
             Mean action noise std: 0.48
          Mean value_function loss: 0.5925
               Mean surrogate loss: -0.0013
                 Mean entropy loss: 6.5269
                Mean priv_reg loss: 0.4319
                Mean amp/loss loss: 0.5320
            Mean amp/grad_pen loss: 0.1790
         Mean amp/policy_pred loss: -0.2859
         Mean amp/expert_pred loss: 0.2884
                       Mean reward: 0.75
               Mean episode length: 170.85
      Episode_Reward/is_terminated: -0.1996
       Episode_Reward/lin_vel_z_l2: -0.0298
      Episode_Reward/ang_vel_xy_l2: -0.0402
Episode_Reward/flat_orientation_l2: -0.0674
     Episode_Reward/base_height_l2: -0.0166
   Episode_Reward/joint_torques_l2: -0.0041
       Episode_Reward/joint_vel_l2: -0.0002
       Episode_Reward/joint_acc_l2: -0.0074
   Episode_Reward/joint_pos_limits: -0.0000
        Episode_Reward/joint_power: -0.0003
        Episode_Reward/stand_still: -0.0059
     Episode_Reward/action_rate_l2: -0.1089
 Episode_Reward/undesired_contacts: -0.0143
Episode_Reward/track_lin_vel_xy_exp: 0.3536
Episode_Reward/track_ang_vel_z_exp: 0.2803
      Episode_Reward/feet_air_time: 0.0016
Episode_Reward/feet_air_time_variance: -0.0534
         Episode_Reward/feet_slide: -0.0241
     Episode_Reward/feet_clearance: 0.3299
Episode_Reward/feet_distance_y_exp: 0.3592
   Episode_Reward/feet_landing_vel: -0.0006
 Episode_Reward/joint_vel_wheel_l2: -0.0008
 Episode_Reward/joint_acc_wheel_l2: -0.0001
Episode_Reward/joint_torques_wheel_l2: -0.0000
Episode_Reward/bipedal_gait_reward: -0.3631
Episode_Reward/feet_distance_penalize: -0.0125
        Episode_Reward/stop_motion: -0.0305
  Episode_Reward/action_smoothness: -0.1392
       Episode_Reward/lazy_penalty: -0.0277
         Episode_Reward/keep_alive: 0.0272
Episode_Reward/joint_deviation_hip: -0.0069
Episode_Reward/joint_deviation_ankle: -0.0094
Episode_Reward/joint_deviation_legs: -0.0023
Episode_Reward/body_orientation_l2: -0.0404
 Episode_Reward/ankle_torque_limit: -0.0002
Episode_Reward/penalize_hip_roll_action: -0.1093
Episode_Reward/feet_impact_reduction: -0.0000
Metrics/base_velocity/error_vel_xy: 0.2332
Metrics/base_velocity/error_vel_yaw: 0.1721
      Episode_Termination/time_out: 0.0001
Episode_Termination/terrain_out_of_bounds: 0.0000
Episode_Termination/illegal_contact: 0.9999
--------------------------------------------------------------------------------
                   Total timesteps: 8552448
                    Iteration time: 1.91s
                      Time elapsed: 00:02:42
                               ETA: 12:56:34

################################################################################
                     [1m Learning iteration 87/25000 [0m                      

                       Computation: 50206 steps/s (collection: 1.408s, learning 0.550s)
             Mean action noise std: 0.48
          Mean value_function loss: 0.4842
               Mean surrogate loss: -0.0019
                 Mean entropy loss: 6.5269
                Mean priv_reg loss: 0.4124
                Mean amp/loss loss: 0.5301
            Mean amp/grad_pen loss: 0.1813
         Mean amp/policy_pred loss: -0.2876
         Mean amp/expert_pred loss: 0.2899
                       Mean reward: 1.52
               Mean episode length: 198.55
      Episode_Reward/is_terminated: -0.1978
       Episode_Reward/lin_vel_z_l2: -0.0315
      Episode_Reward/ang_vel_xy_l2: -0.0457
Episode_Reward/flat_orientation_l2: -0.0693
     Episode_Reward/base_height_l2: -0.0168
   Episode_Reward/joint_torques_l2: -0.0047
       Episode_Reward/joint_vel_l2: -0.0002
       Episode_Reward/joint_acc_l2: -0.0073
   Episode_Reward/joint_pos_limits: -0.0000
        Episode_Reward/joint_power: -0.0004
        Episode_Reward/stand_still: -0.0136
     Episode_Reward/action_rate_l2: -0.1278
 Episode_Reward/undesired_contacts: -0.0146
Episode_Reward/track_lin_vel_xy_exp: 0.4332
Episode_Reward/track_ang_vel_z_exp: 0.3393
      Episode_Reward/feet_air_time: 0.0017
Episode_Reward/feet_air_time_variance: -0.0679
         Episode_Reward/feet_slide: -0.0260
     Episode_Reward/feet_clearance: 0.3818
Episode_Reward/feet_distance_y_exp: 0.4211
   Episode_Reward/feet_landing_vel: -0.0006
 Episode_Reward/joint_vel_wheel_l2: -0.0009
 Episode_Reward/joint_acc_wheel_l2: -0.0001
Episode_Reward/joint_torques_wheel_l2: -0.0000
Episode_Reward/bipedal_gait_reward: -0.4182
Episode_Reward/feet_distance_penalize: -0.0085
        Episode_Reward/stop_motion: -0.0378
  Episode_Reward/action_smoothness: -0.1638
       Episode_Reward/lazy_penalty: -0.0342
         Episode_Reward/keep_alive: 0.0319
Episode_Reward/joint_deviation_hip: -0.0078
Episode_Reward/joint_deviation_ankle: -0.0109
Episode_Reward/joint_deviation_legs: -0.0027
Episode_Reward/body_orientation_l2: -0.0416
 Episode_Reward/ankle_torque_limit: -0.0002
Episode_Reward/penalize_hip_roll_action: -0.1269
Episode_Reward/feet_impact_reduction: -0.0000
Metrics/base_velocity/error_vel_xy: 0.2608
Metrics/base_velocity/error_vel_yaw: 0.1946
      Episode_Termination/time_out: 0.0007
Episode_Termination/terrain_out_of_bounds: 0.0000
Episode_Termination/illegal_contact: 0.9993
--------------------------------------------------------------------------------
                   Total timesteps: 8650752
                    Iteration time: 1.96s
                      Time elapsed: 00:02:44
                               ETA: 12:56:57

################################################################################
                     [1m Learning iteration 88/25000 [0m                      

                       Computation: 57862 steps/s (collection: 1.172s, learning 0.527s)
             Mean action noise std: 0.48
          Mean value_function loss: 0.5039
               Mean surrogate loss: 0.0004
                 Mean entropy loss: 6.5185
                Mean priv_reg loss: 0.3926
                Mean amp/loss loss: 0.5365
            Mean amp/grad_pen loss: 0.1778
         Mean amp/policy_pred loss: -0.2777
         Mean amp/expert_pred loss: 0.2890
                       Mean reward: 3.32
               Mean episode length: 232.17
      Episode_Reward/is_terminated: -0.1985
       Episode_Reward/lin_vel_z_l2: -0.0338
      Episode_Reward/ang_vel_xy_l2: -0.0493
Episode_Reward/flat_orientation_l2: -0.0728
     Episode_Reward/base_height_l2: -0.0175
   Episode_Reward/joint_torques_l2: -0.0049
       Episode_Reward/joint_vel_l2: -0.0002
       Episode_Reward/joint_acc_l2: -0.0080
   Episode_Reward/joint_pos_limits: -0.0000
        Episode_Reward/joint_power: -0.0004
        Episode_Reward/stand_still: -0.0147
     Episode_Reward/action_rate_l2: -0.1367
 Episode_Reward/undesired_contacts: -0.0164
Episode_Reward/track_lin_vel_xy_exp: 0.5055
Episode_Reward/track_ang_vel_z_exp: 0.3566
      Episode_Reward/feet_air_time: 0.0021
Episode_Reward/feet_air_time_variance: -0.0698
         Episode_Reward/feet_slide: -0.0273
     Episode_Reward/feet_clearance: 0.4066
Episode_Reward/feet_distance_y_exp: 0.4506
   Episode_Reward/feet_landing_vel: -0.0006
 Episode_Reward/joint_vel_wheel_l2: -0.0010
 Episode_Reward/joint_acc_wheel_l2: -0.0001
Episode_Reward/joint_torques_wheel_l2: -0.0000
Episode_Reward/bipedal_gait_reward: -0.4472
Episode_Reward/feet_distance_penalize: -0.0195
        Episode_Reward/stop_motion: -0.0389
  Episode_Reward/action_smoothness: -0.1748
       Episode_Reward/lazy_penalty: -0.0344
         Episode_Reward/keep_alive: 0.0341
Episode_Reward/joint_deviation_hip: -0.0082
Episode_Reward/joint_deviation_ankle: -0.0115
Episode_Reward/joint_deviation_legs: -0.0029
Episode_Reward/body_orientation_l2: -0.0437
 Episode_Reward/ankle_torque_limit: -0.0003
Episode_Reward/penalize_hip_roll_action: -0.1353
Episode_Reward/feet_impact_reduction: -0.0000
Metrics/base_velocity/error_vel_xy: 0.2628
Metrics/base_velocity/error_vel_yaw: 0.2128
      Episode_Termination/time_out: 0.0010
Episode_Termination/terrain_out_of_bounds: 0.0000
Episode_Termination/illegal_contact: 0.9990
--------------------------------------------------------------------------------
                   Total timesteps: 8749056
                    Iteration time: 1.70s
                      Time elapsed: 00:02:46
                               ETA: 12:56:07

################################################################################
                     [1m Learning iteration 89/25000 [0m                      

                       Computation: 49817 steps/s (collection: 1.427s, learning 0.546s)
             Mean action noise std: 0.48
          Mean value_function loss: 0.4810
               Mean surrogate loss: -0.0016
                 Mean entropy loss: 6.5313
                Mean priv_reg loss: 0.3813
                Mean amp/loss loss: 0.5404
            Mean amp/grad_pen loss: 0.1792
         Mean amp/policy_pred loss: -0.2720
         Mean amp/expert_pred loss: 0.2878
                       Mean reward: 5.58
               Mean episode length: 250.75
      Episode_Reward/is_terminated: -0.1976
       Episode_Reward/lin_vel_z_l2: -0.0309
      Episode_Reward/ang_vel_xy_l2: -0.0486
Episode_Reward/flat_orientation_l2: -0.0701
     Episode_Reward/base_height_l2: -0.0169
   Episode_Reward/joint_torques_l2: -0.0053
       Episode_Reward/joint_vel_l2: -0.0002
       Episode_Reward/joint_acc_l2: -0.0087
   Episode_Reward/joint_pos_limits: -0.0000
        Episode_Reward/joint_power: -0.0004
        Episode_Reward/stand_still: -0.0101
     Episode_Reward/action_rate_l2: -0.1437
 Episode_Reward/undesired_contacts: -0.0145
Episode_Reward/track_lin_vel_xy_exp: 0.4979
Episode_Reward/track_ang_vel_z_exp: 0.3797
      Episode_Reward/feet_air_time: 0.0015
Episode_Reward/feet_air_time_variance: -0.0801
         Episode_Reward/feet_slide: -0.0275
     Episode_Reward/feet_clearance: 0.4332
Episode_Reward/feet_distance_y_exp: 0.4728
   Episode_Reward/feet_landing_vel: -0.0006
 Episode_Reward/joint_vel_wheel_l2: -0.0011
 Episode_Reward/joint_acc_wheel_l2: -0.0001
Episode_Reward/joint_torques_wheel_l2: -0.0000
Episode_Reward/bipedal_gait_reward: -0.4738
Episode_Reward/feet_distance_penalize: -0.0089
        Episode_Reward/stop_motion: -0.0418
  Episode_Reward/action_smoothness: -0.1838
       Episode_Reward/lazy_penalty: -0.0393
         Episode_Reward/keep_alive: 0.0358
Episode_Reward/joint_deviation_hip: -0.0088
Episode_Reward/joint_deviation_ankle: -0.0123
Episode_Reward/joint_deviation_legs: -0.0031
Episode_Reward/body_orientation_l2: -0.0420
 Episode_Reward/ankle_torque_limit: -0.0002
Episode_Reward/penalize_hip_roll_action: -0.1410
Episode_Reward/feet_impact_reduction: -0.0000
Metrics/base_velocity/error_vel_xy: 0.2872
Metrics/base_velocity/error_vel_yaw: 0.2190
      Episode_Termination/time_out: 0.0014
Episode_Termination/terrain_out_of_bounds: 0.0000
Episode_Termination/illegal_contact: 0.9986
--------------------------------------------------------------------------------
                   Total timesteps: 8847360
                    Iteration time: 1.97s
                      Time elapsed: 00:02:48
                               ETA: 12:56:34

################################################################################
                     [1m Learning iteration 90/25000 [0m                      

                       Computation: 53156 steps/s (collection: 1.315s, learning 0.534s)
             Mean action noise std: 0.48
          Mean value_function loss: 0.5848
               Mean surrogate loss: -0.0023
                 Mean entropy loss: 6.5399
                Mean priv_reg loss: 0.3772
                Mean amp/loss loss: 0.5373
            Mean amp/grad_pen loss: 0.1800
         Mean amp/policy_pred loss: -0.2799
         Mean amp/expert_pred loss: 0.2846
                       Mean reward: 9.70
               Mean episode length: 321.37
      Episode_Reward/is_terminated: -0.1887
       Episode_Reward/lin_vel_z_l2: -0.0331
      Episode_Reward/ang_vel_xy_l2: -0.0542
Episode_Reward/flat_orientation_l2: -0.0740
     Episode_Reward/base_height_l2: -0.0175
   Episode_Reward/joint_torques_l2: -0.0066
       Episode_Reward/joint_vel_l2: -0.0002
       Episode_Reward/joint_acc_l2: -0.0094
   Episode_Reward/joint_pos_limits: -0.0000
        Episode_Reward/joint_power: -0.0005
        Episode_Reward/stand_still: -0.0220
     Episode_Reward/action_rate_l2: -0.1804
 Episode_Reward/undesired_contacts: -0.0129
Episode_Reward/track_lin_vel_xy_exp: 0.6160
Episode_Reward/track_ang_vel_z_exp: 0.4713
      Episode_Reward/feet_air_time: 0.0017
Episode_Reward/feet_air_time_variance: -0.0961
         Episode_Reward/feet_slide: -0.0307
     Episode_Reward/feet_clearance: 0.5340
Episode_Reward/feet_distance_y_exp: 0.5939
   Episode_Reward/feet_landing_vel: -0.0007
 Episode_Reward/joint_vel_wheel_l2: -0.0012
 Episode_Reward/joint_acc_wheel_l2: -0.0001
Episode_Reward/joint_torques_wheel_l2: -0.0000
Episode_Reward/bipedal_gait_reward: -0.5822
Episode_Reward/feet_distance_penalize: -0.0068
        Episode_Reward/stop_motion: -0.0489
  Episode_Reward/action_smoothness: -0.2311
       Episode_Reward/lazy_penalty: -0.0513
         Episode_Reward/keep_alive: 0.0450
Episode_Reward/joint_deviation_hip: -0.0109
Episode_Reward/joint_deviation_ankle: -0.0157
Episode_Reward/joint_deviation_legs: -0.0038
Episode_Reward/body_orientation_l2: -0.0444
 Episode_Reward/ankle_torque_limit: -0.0003
Episode_Reward/penalize_hip_roll_action: -0.1762
Episode_Reward/feet_impact_reduction: -0.0000
Metrics/base_velocity/error_vel_xy: 0.3517
Metrics/base_velocity/error_vel_yaw: 0.2754
      Episode_Termination/time_out: 0.0026
Episode_Termination/terrain_out_of_bounds: 0.0000
Episode_Termination/illegal_contact: 0.9974
--------------------------------------------------------------------------------
                   Total timesteps: 8945664
                    Iteration time: 1.85s
                      Time elapsed: 00:02:50
                               ETA: 12:56:26

################################################################################
                     [1m Learning iteration 91/25000 [0m                      

                       Computation: 54510 steps/s (collection: 1.276s, learning 0.528s)
             Mean action noise std: 0.48
          Mean value_function loss: 0.5900
               Mean surrogate loss: -0.0017
                 Mean entropy loss: 6.5584
                Mean priv_reg loss: 0.3798
                Mean amp/loss loss: 0.5330
            Mean amp/grad_pen loss: 0.1789
         Mean amp/policy_pred loss: -0.2879
         Mean amp/expert_pred loss: 0.2836
                       Mean reward: 7.27
               Mean episode length: 284.49
      Episode_Reward/is_terminated: -0.1909
       Episode_Reward/lin_vel_z_l2: -0.0344
      Episode_Reward/ang_vel_xy_l2: -0.0561
Episode_Reward/flat_orientation_l2: -0.0740
     Episode_Reward/base_height_l2: -0.0175
   Episode_Reward/joint_torques_l2: -0.0065
       Episode_Reward/joint_vel_l2: -0.0002
       Episode_Reward/joint_acc_l2: -0.0103
   Episode_Reward/joint_pos_limits: -0.0000
        Episode_Reward/joint_power: -0.0005
        Episode_Reward/stand_still: -0.0204
     Episode_Reward/action_rate_l2: -0.1783
 Episode_Reward/undesired_contacts: -0.0143
Episode_Reward/track_lin_vel_xy_exp: 0.6473
Episode_Reward/track_ang_vel_z_exp: 0.4687
      Episode_Reward/feet_air_time: 0.0014
Episode_Reward/feet_air_time_variance: -0.0949
         Episode_Reward/feet_slide: -0.0308
     Episode_Reward/feet_clearance: 0.5268
Episode_Reward/feet_distance_y_exp: 0.5859
   Episode_Reward/feet_landing_vel: -0.0007
 Episode_Reward/joint_vel_wheel_l2: -0.0013
 Episode_Reward/joint_acc_wheel_l2: -0.0001
Episode_Reward/joint_torques_wheel_l2: -0.0000
Episode_Reward/bipedal_gait_reward: -0.5737
Episode_Reward/feet_distance_penalize: -0.0087
        Episode_Reward/stop_motion: -0.0565
  Episode_Reward/action_smoothness: -0.2281
       Episode_Reward/lazy_penalty: -0.0497
         Episode_Reward/keep_alive: 0.0444
Episode_Reward/joint_deviation_hip: -0.0110
Episode_Reward/joint_deviation_ankle: -0.0152
Episode_Reward/joint_deviation_legs: -0.0038
Episode_Reward/body_orientation_l2: -0.0444
 Episode_Reward/ankle_torque_limit: -0.0003
Episode_Reward/penalize_hip_roll_action: -0.1730
Episode_Reward/feet_impact_reduction: -0.0000
Metrics/base_velocity/error_vel_xy: 0.3315
Metrics/base_velocity/error_vel_yaw: 0.2690
      Episode_Termination/time_out: 0.0046
Episode_Termination/terrain_out_of_bounds: 0.0000
Episode_Termination/illegal_contact: 0.9954
--------------------------------------------------------------------------------
                   Total timesteps: 9043968
                    Iteration time: 1.80s
                      Time elapsed: 00:02:51
                               ETA: 12:56:06

################################################################################
                     [1m Learning iteration 92/25000 [0m                      

                       Computation: 52681 steps/s (collection: 1.329s, learning 0.537s)
             Mean action noise std: 0.48
          Mean value_function loss: 0.7339
               Mean surrogate loss: -0.0022
                 Mean entropy loss: 6.5770
                Mean priv_reg loss: 0.3832
                Mean amp/loss loss: 0.5324
            Mean amp/grad_pen loss: 0.1815
         Mean amp/policy_pred loss: -0.2849
         Mean amp/expert_pred loss: 0.2872
                       Mean reward: 7.11
               Mean episode length: 300.37
      Episode_Reward/is_terminated: -0.1877
       Episode_Reward/lin_vel_z_l2: -0.0377
      Episode_Reward/ang_vel_xy_l2: -0.0638
Episode_Reward/flat_orientation_l2: -0.0795
     Episode_Reward/base_height_l2: -0.0183
   Episode_Reward/joint_torques_l2: -0.0077
       Episode_Reward/joint_vel_l2: -0.0002
       Episode_Reward/joint_acc_l2: -0.0110
   Episode_Reward/joint_pos_limits: -0.0000
        Episode_Reward/joint_power: -0.0006
        Episode_Reward/stand_still: -0.0317
     Episode_Reward/action_rate_l2: -0.2133
 Episode_Reward/undesired_contacts: -0.0144
Episode_Reward/track_lin_vel_xy_exp: 0.7495
Episode_Reward/track_ang_vel_z_exp: 0.5669
      Episode_Reward/feet_air_time: 0.0026
Episode_Reward/feet_air_time_variance: -0.1182
         Episode_Reward/feet_slide: -0.0338
     Episode_Reward/feet_clearance: 0.6273
Episode_Reward/feet_distance_y_exp: 0.7012
   Episode_Reward/feet_landing_vel: -0.0007
 Episode_Reward/joint_vel_wheel_l2: -0.0015
 Episode_Reward/joint_acc_wheel_l2: -0.0001
Episode_Reward/joint_torques_wheel_l2: -0.0000
Episode_Reward/bipedal_gait_reward: -0.6763
Episode_Reward/feet_distance_penalize: -0.0196
        Episode_Reward/stop_motion: -0.0602
  Episode_Reward/action_smoothness: -0.2731
       Episode_Reward/lazy_penalty: -0.0626
         Episode_Reward/keep_alive: 0.0532
Episode_Reward/joint_deviation_hip: -0.0130
Episode_Reward/joint_deviation_ankle: -0.0175
Episode_Reward/joint_deviation_legs: -0.0045
Episode_Reward/body_orientation_l2: -0.0477
 Episode_Reward/ankle_torque_limit: -0.0003
Episode_Reward/penalize_hip_roll_action: -0.2086
Episode_Reward/feet_impact_reduction: -0.0000
Metrics/base_velocity/error_vel_xy: 0.4096
Metrics/base_velocity/error_vel_yaw: 0.3202
      Episode_Termination/time_out: 0.0068
Episode_Termination/terrain_out_of_bounds: 0.0000
Episode_Termination/illegal_contact: 0.9932
--------------------------------------------------------------------------------
                   Total timesteps: 9142272
                    Iteration time: 1.87s
                      Time elapsed: 00:02:53
                               ETA: 12:56:04

################################################################################
                     [1m Learning iteration 93/25000 [0m                      

                       Computation: 54208 steps/s (collection: 1.288s, learning 0.526s)
             Mean action noise std: 0.49
          Mean value_function loss: 0.8755
               Mean surrogate loss: -0.0006
                 Mean entropy loss: 6.5830
                Mean priv_reg loss: 0.3854
                Mean amp/loss loss: 0.5420
            Mean amp/grad_pen loss: 0.1807
         Mean amp/policy_pred loss: -0.2739
         Mean amp/expert_pred loss: 0.2825
                       Mean reward: 10.22
               Mean episode length: 368.17
      Episode_Reward/is_terminated: -0.1922
       Episode_Reward/lin_vel_z_l2: -0.0371
      Episode_Reward/ang_vel_xy_l2: -0.0603
Episode_Reward/flat_orientation_l2: -0.0773
     Episode_Reward/base_height_l2: -0.0192
   Episode_Reward/joint_torques_l2: -0.0071
       Episode_Reward/joint_vel_l2: -0.0002
       Episode_Reward/joint_acc_l2: -0.0104
   Episode_Reward/joint_pos_limits: -0.0000
        Episode_Reward/joint_power: -0.0006
        Episode_Reward/stand_still: -0.0117
     Episode_Reward/action_rate_l2: -0.1946
 Episode_Reward/undesired_contacts: -0.0162
Episode_Reward/track_lin_vel_xy_exp: 0.6679
Episode_Reward/track_ang_vel_z_exp: 0.5216
      Episode_Reward/feet_air_time: 0.0020
Episode_Reward/feet_air_time_variance: -0.1017
         Episode_Reward/feet_slide: -0.0324
     Episode_Reward/feet_clearance: 0.5855
Episode_Reward/feet_distance_y_exp: 0.6363
   Episode_Reward/feet_landing_vel: -0.0007
 Episode_Reward/joint_vel_wheel_l2: -0.0014
 Episode_Reward/joint_acc_wheel_l2: -0.0001
Episode_Reward/joint_torques_wheel_l2: -0.0000
Episode_Reward/bipedal_gait_reward: -0.6381
Episode_Reward/feet_distance_penalize: -0.0137
        Episode_Reward/stop_motion: -0.0534
  Episode_Reward/action_smoothness: -0.2482
       Episode_Reward/lazy_penalty: -0.0564
         Episode_Reward/keep_alive: 0.0482
Episode_Reward/joint_deviation_hip: -0.0117
Episode_Reward/joint_deviation_ankle: -0.0168
Episode_Reward/joint_deviation_legs: -0.0042
Episode_Reward/body_orientation_l2: -0.0464
 Episode_Reward/ankle_torque_limit: -0.0003
Episode_Reward/penalize_hip_roll_action: -0.1879
Episode_Reward/feet_impact_reduction: -0.0000
Metrics/base_velocity/error_vel_xy: 0.3657
Metrics/base_velocity/error_vel_yaw: 0.2878
      Episode_Termination/time_out: 0.0077
Episode_Termination/terrain_out_of_bounds: 0.0000
Episode_Termination/illegal_contact: 0.9923
--------------------------------------------------------------------------------
                   Total timesteps: 9240576
                    Iteration time: 1.81s
                      Time elapsed: 00:02:55
                               ETA: 12:55:47

################################################################################
                     [1m Learning iteration 94/25000 [0m                      

                       Computation: 56138 steps/s (collection: 1.219s, learning 0.532s)
             Mean action noise std: 0.49
          Mean value_function loss: 1.0042
               Mean surrogate loss: -0.0025
                 Mean entropy loss: 6.5918
                Mean priv_reg loss: 0.3946
                Mean amp/loss loss: 0.5438
            Mean amp/grad_pen loss: 0.1774
         Mean amp/policy_pred loss: -0.2772
         Mean amp/expert_pred loss: 0.2765
                       Mean reward: 9.91
               Mean episode length: 341.23
      Episode_Reward/is_terminated: -0.1902
       Episode_Reward/lin_vel_z_l2: -0.0364
      Episode_Reward/ang_vel_xy_l2: -0.0641
Episode_Reward/flat_orientation_l2: -0.0787
     Episode_Reward/base_height_l2: -0.0189
   Episode_Reward/joint_torques_l2: -0.0079
       Episode_Reward/joint_vel_l2: -0.0003
       Episode_Reward/joint_acc_l2: -0.0111
   Episode_Reward/joint_pos_limits: -0.0000
        Episode_Reward/joint_power: -0.0006
        Episode_Reward/stand_still: -0.0161
     Episode_Reward/action_rate_l2: -0.2177
 Episode_Reward/undesired_contacts: -0.0143
Episode_Reward/track_lin_vel_xy_exp: 0.7936
Episode_Reward/track_ang_vel_z_exp: 0.5680
      Episode_Reward/feet_air_time: 0.0024
Episode_Reward/feet_air_time_variance: -0.1208
         Episode_Reward/feet_slide: -0.0341
     Episode_Reward/feet_clearance: 0.6534
Episode_Reward/feet_distance_y_exp: 0.7143
   Episode_Reward/feet_landing_vel: -0.0007
 Episode_Reward/joint_vel_wheel_l2: -0.0016
 Episode_Reward/joint_acc_wheel_l2: -0.0001
Episode_Reward/joint_torques_wheel_l2: -0.0000
Episode_Reward/bipedal_gait_reward: -0.7102
Episode_Reward/feet_distance_penalize: -0.0169
        Episode_Reward/stop_motion: -0.0545
  Episode_Reward/action_smoothness: -0.2779
       Episode_Reward/lazy_penalty: -0.0663
         Episode_Reward/keep_alive: 0.0541
Episode_Reward/joint_deviation_hip: -0.0128
Episode_Reward/joint_deviation_ankle: -0.0185
Episode_Reward/joint_deviation_legs: -0.0047
Episode_Reward/body_orientation_l2: -0.0472
 Episode_Reward/ankle_torque_limit: -0.0003
Episode_Reward/penalize_hip_roll_action: -0.2108
Episode_Reward/feet_impact_reduction: -0.0000
Metrics/base_velocity/error_vel_xy: 0.3986
Metrics/base_velocity/error_vel_yaw: 0.3294
      Episode_Termination/time_out: 0.0099
Episode_Termination/terrain_out_of_bounds: 0.0000
Episode_Termination/illegal_contact: 0.9901
--------------------------------------------------------------------------------
                   Total timesteps: 9338880
                    Iteration time: 1.75s
                      Time elapsed: 00:02:57
                               ETA: 12:55:14

################################################################################
                     [1m Learning iteration 95/25000 [0m                      

                       Computation: 50708 steps/s (collection: 1.409s, learning 0.530s)
             Mean action noise std: 0.49
          Mean value_function loss: 1.0597
               Mean surrogate loss: 0.0002
                 Mean entropy loss: 6.6182
                Mean priv_reg loss: 0.4133
                Mean amp/loss loss: 0.5314
            Mean amp/grad_pen loss: 0.1788
         Mean amp/policy_pred loss: -0.2928
         Mean amp/expert_pred loss: 0.2817
                       Mean reward: 8.36
               Mean episode length: 356.65
      Episode_Reward/is_terminated: -0.1969
       Episode_Reward/lin_vel_z_l2: -0.0412
      Episode_Reward/ang_vel_xy_l2: -0.0663
Episode_Reward/flat_orientation_l2: -0.0824
     Episode_Reward/base_height_l2: -0.0209
   Episode_Reward/joint_torques_l2: -0.0077
       Episode_Reward/joint_vel_l2: -0.0003
       Episode_Reward/joint_acc_l2: -0.0109
   Episode_Reward/joint_pos_limits: -0.0000
        Episode_Reward/joint_power: -0.0006
        Episode_Reward/stand_still: -0.0269
     Episode_Reward/action_rate_l2: -0.2077
 Episode_Reward/undesired_contacts: -0.0196
Episode_Reward/track_lin_vel_xy_exp: 0.7780
Episode_Reward/track_ang_vel_z_exp: 0.5417
      Episode_Reward/feet_air_time: 0.0026
Episode_Reward/feet_air_time_variance: -0.1120
         Episode_Reward/feet_slide: -0.0345
     Episode_Reward/feet_clearance: 0.6098
Episode_Reward/feet_distance_y_exp: 0.6759
   Episode_Reward/feet_landing_vel: -0.0007
 Episode_Reward/joint_vel_wheel_l2: -0.0016
 Episode_Reward/joint_acc_wheel_l2: -0.0001
Episode_Reward/joint_torques_wheel_l2: -0.0000
Episode_Reward/bipedal_gait_reward: -0.6630
Episode_Reward/feet_distance_penalize: -0.0165
        Episode_Reward/stop_motion: -0.0494
  Episode_Reward/action_smoothness: -0.2648
       Episode_Reward/lazy_penalty: -0.0592
         Episode_Reward/keep_alive: 0.0512
Episode_Reward/joint_deviation_hip: -0.0127
Episode_Reward/joint_deviation_ankle: -0.0182
Episode_Reward/joint_deviation_legs: -0.0046
Episode_Reward/body_orientation_l2: -0.0494
 Episode_Reward/ankle_torque_limit: -0.0004
Episode_Reward/penalize_hip_roll_action: -0.2030
Episode_Reward/feet_impact_reduction: -0.0000
Metrics/base_velocity/error_vel_xy: 0.3811
Metrics/base_velocity/error_vel_yaw: 0.3129
      Episode_Termination/time_out: 0.0109
Episode_Termination/terrain_out_of_bounds: 0.0000
Episode_Termination/illegal_contact: 0.9891
--------------------------------------------------------------------------------
                   Total timesteps: 9437184
                    Iteration time: 1.94s
                      Time elapsed: 00:02:59
                               ETA: 12:55:31

################################################################################
                     [1m Learning iteration 96/25000 [0m                      

                       Computation: 55492 steps/s (collection: 1.241s, learning 0.530s)
             Mean action noise std: 0.49
          Mean value_function loss: 0.9952
               Mean surrogate loss: -0.0018
                 Mean entropy loss: 6.6320
                Mean priv_reg loss: 0.4177
                Mean amp/loss loss: 0.5321
            Mean amp/grad_pen loss: 0.1786
         Mean amp/policy_pred loss: -0.2883
         Mean amp/expert_pred loss: 0.2849
                       Mean reward: 13.10
               Mean episode length: 387.88
      Episode_Reward/is_terminated: -0.1942
       Episode_Reward/lin_vel_z_l2: -0.0388
      Episode_Reward/ang_vel_xy_l2: -0.0655
Episode_Reward/flat_orientation_l2: -0.0810
     Episode_Reward/base_height_l2: -0.0190
   Episode_Reward/joint_torques_l2: -0.0081
       Episode_Reward/joint_vel_l2: -0.0003
       Episode_Reward/joint_acc_l2: -0.0116
   Episode_Reward/joint_pos_limits: -0.0000
        Episode_Reward/joint_power: -0.0007
        Episode_Reward/stand_still: -0.0231
     Episode_Reward/action_rate_l2: -0.2193
 Episode_Reward/undesired_contacts: -0.0157
Episode_Reward/track_lin_vel_xy_exp: 0.8320
Episode_Reward/track_ang_vel_z_exp: 0.5721
      Episode_Reward/feet_air_time: 0.0022
Episode_Reward/feet_air_time_variance: -0.1195
         Episode_Reward/feet_slide: -0.0350
     Episode_Reward/feet_clearance: 0.6467
Episode_Reward/feet_distance_y_exp: 0.7160
   Episode_Reward/feet_landing_vel: -0.0007
 Episode_Reward/joint_vel_wheel_l2: -0.0016
 Episode_Reward/joint_acc_wheel_l2: -0.0001
Episode_Reward/joint_torques_wheel_l2: -0.0000
Episode_Reward/bipedal_gait_reward: -0.6990
Episode_Reward/feet_distance_penalize: -0.0150
        Episode_Reward/stop_motion: -0.0624
  Episode_Reward/action_smoothness: -0.2788
       Episode_Reward/lazy_penalty: -0.0644
         Episode_Reward/keep_alive: 0.0542
Episode_Reward/joint_deviation_hip: -0.0127
Episode_Reward/joint_deviation_ankle: -0.0192
Episode_Reward/joint_deviation_legs: -0.0047
Episode_Reward/body_orientation_l2: -0.0486
 Episode_Reward/ankle_torque_limit: -0.0003
Episode_Reward/penalize_hip_roll_action: -0.2121
Episode_Reward/feet_impact_reduction: -0.0000
Metrics/base_velocity/error_vel_xy: 0.3940
Metrics/base_velocity/error_vel_yaw: 0.3270
      Episode_Termination/time_out: 0.0114
Episode_Termination/terrain_out_of_bounds: 0.0000
Episode_Termination/illegal_contact: 0.9886
--------------------------------------------------------------------------------
                   Total timesteps: 9535488
                    Iteration time: 1.77s
                      Time elapsed: 00:03:01
                               ETA: 12:55:04

################################################################################
                     [1m Learning iteration 97/25000 [0m                      

                       Computation: 57705 steps/s (collection: 1.169s, learning 0.534s)
             Mean action noise std: 0.49
          Mean value_function loss: 0.9631
               Mean surrogate loss: 0.0019
                 Mean entropy loss: 6.6511
                Mean priv_reg loss: 0.4318
                Mean amp/loss loss: 0.5322
            Mean amp/grad_pen loss: 0.1815
         Mean amp/policy_pred loss: -0.2850
         Mean amp/expert_pred loss: 0.2887
                       Mean reward: 10.29
               Mean episode length: 345.04
      Episode_Reward/is_terminated: -0.1949
       Episode_Reward/lin_vel_z_l2: -0.0399
      Episode_Reward/ang_vel_xy_l2: -0.0672
Episode_Reward/flat_orientation_l2: -0.0819
     Episode_Reward/base_height_l2: -0.0193
   Episode_Reward/joint_torques_l2: -0.0080
       Episode_Reward/joint_vel_l2: -0.0003
       Episode_Reward/joint_acc_l2: -0.0107
   Episode_Reward/joint_pos_limits: -0.0000
        Episode_Reward/joint_power: -0.0007
        Episode_Reward/stand_still: -0.0144
     Episode_Reward/action_rate_l2: -0.2209
 Episode_Reward/undesired_contacts: -0.0161
Episode_Reward/track_lin_vel_xy_exp: 0.7744
Episode_Reward/track_ang_vel_z_exp: 0.5699
      Episode_Reward/feet_air_time: 0.0021
Episode_Reward/feet_air_time_variance: -0.1205
         Episode_Reward/feet_slide: -0.0351
     Episode_Reward/feet_clearance: 0.6606
Episode_Reward/feet_distance_y_exp: 0.7185
   Episode_Reward/feet_landing_vel: -0.0008
 Episode_Reward/joint_vel_wheel_l2: -0.0016
 Episode_Reward/joint_acc_wheel_l2: -0.0001
Episode_Reward/joint_torques_wheel_l2: -0.0000
Episode_Reward/bipedal_gait_reward: -0.7128
Episode_Reward/feet_distance_penalize: -0.0097
        Episode_Reward/stop_motion: -0.0659
  Episode_Reward/action_smoothness: -0.2814
       Episode_Reward/lazy_penalty: -0.0664
         Episode_Reward/keep_alive: 0.0544
Episode_Reward/joint_deviation_hip: -0.0128
Episode_Reward/joint_deviation_ankle: -0.0191
Episode_Reward/joint_deviation_legs: -0.0048
Episode_Reward/body_orientation_l2: -0.0491
 Episode_Reward/ankle_torque_limit: -0.0003
Episode_Reward/penalize_hip_roll_action: -0.2140
Episode_Reward/feet_impact_reduction: -0.0000
Metrics/base_velocity/error_vel_xy: 0.4116
Metrics/base_velocity/error_vel_yaw: 0.3305
      Episode_Termination/time_out: 0.0125
Episode_Termination/terrain_out_of_bounds: 0.0000
Episode_Termination/illegal_contact: 0.9875
--------------------------------------------------------------------------------
                   Total timesteps: 9633792
                    Iteration time: 1.70s
                      Time elapsed: 00:03:02
                               ETA: 12:54:20

################################################################################
                     [1m Learning iteration 98/25000 [0m                      

                       Computation: 54153 steps/s (collection: 1.273s, learning 0.542s)
             Mean action noise std: 0.49
          Mean value_function loss: 1.1708
               Mean surrogate loss: 0.0002
                 Mean entropy loss: 6.6629
                Mean priv_reg loss: 0.4400
                Mean amp/loss loss: 0.5422
            Mean amp/grad_pen loss: 0.1794
         Mean amp/policy_pred loss: -0.2744
         Mean amp/expert_pred loss: 0.2835
                       Mean reward: 6.79
               Mean episode length: 328.14
      Episode_Reward/is_terminated: -0.1958
       Episode_Reward/lin_vel_z_l2: -0.0400
      Episode_Reward/ang_vel_xy_l2: -0.0648
Episode_Reward/flat_orientation_l2: -0.0832
     Episode_Reward/base_height_l2: -0.0198
   Episode_Reward/joint_torques_l2: -0.0075
       Episode_Reward/joint_vel_l2: -0.0002
       Episode_Reward/joint_acc_l2: -0.0112
   Episode_Reward/joint_pos_limits: -0.0000
        Episode_Reward/joint_power: -0.0006
        Episode_Reward/stand_still: -0.0028
     Episode_Reward/action_rate_l2: -0.2050
 Episode_Reward/undesired_contacts: -0.0171
Episode_Reward/track_lin_vel_xy_exp: 0.6240
Episode_Reward/track_ang_vel_z_exp: 0.5217
      Episode_Reward/feet_air_time: 0.0027
Episode_Reward/feet_air_time_variance: -0.1075
         Episode_Reward/feet_slide: -0.0338
     Episode_Reward/feet_clearance: 0.6236
Episode_Reward/feet_distance_y_exp: 0.6667
   Episode_Reward/feet_landing_vel: -0.0007
 Episode_Reward/joint_vel_wheel_l2: -0.0016
 Episode_Reward/joint_acc_wheel_l2: -0.0001
Episode_Reward/joint_torques_wheel_l2: -0.0000
Episode_Reward/bipedal_gait_reward: -0.6743
Episode_Reward/feet_distance_penalize: -0.0179
        Episode_Reward/stop_motion: -0.0402
  Episode_Reward/action_smoothness: -0.2608
       Episode_Reward/lazy_penalty: -0.0621
         Episode_Reward/keep_alive: 0.0505
Episode_Reward/joint_deviation_hip: -0.0119
Episode_Reward/joint_deviation_ankle: -0.0177
Episode_Reward/joint_deviation_legs: -0.0045
Episode_Reward/body_orientation_l2: -0.0499
 Episode_Reward/ankle_torque_limit: -0.0004
Episode_Reward/penalize_hip_roll_action: -0.1972
Episode_Reward/feet_impact_reduction: -0.0000
Metrics/base_velocity/error_vel_xy: 0.4173
Metrics/base_velocity/error_vel_yaw: 0.3143
      Episode_Termination/time_out: 0.0127
Episode_Termination/terrain_out_of_bounds: 0.0000
Episode_Termination/illegal_contact: 0.9873
--------------------------------------------------------------------------------
                   Total timesteps: 9732096
                    Iteration time: 1.82s
                      Time elapsed: 00:03:04
                               ETA: 12:54:06

################################################################################
                     [1m Learning iteration 99/25000 [0m                      

                       Computation: 59417 steps/s (collection: 1.132s, learning 0.523s)
             Mean action noise std: 0.49
          Mean value_function loss: 1.0548
               Mean surrogate loss: -0.0020
                 Mean entropy loss: 6.6876
                Mean priv_reg loss: 0.4526
                Mean amp/loss loss: 0.5305
            Mean amp/grad_pen loss: 0.1790
         Mean amp/policy_pred loss: -0.2955
         Mean amp/expert_pred loss: 0.2810
                       Mean reward: 14.76
               Mean episode length: 409.34
      Episode_Reward/is_terminated: -0.1931
       Episode_Reward/lin_vel_z_l2: -0.0386
      Episode_Reward/ang_vel_xy_l2: -0.0685
Episode_Reward/flat_orientation_l2: -0.0830
     Episode_Reward/base_height_l2: -0.0198
   Episode_Reward/joint_torques_l2: -0.0081
       Episode_Reward/joint_vel_l2: -0.0003
       Episode_Reward/joint_acc_l2: -0.0111
   Episode_Reward/joint_pos_limits: -0.0000
        Episode_Reward/joint_power: -0.0007
        Episode_Reward/stand_still: -0.0109
     Episode_Reward/action_rate_l2: -0.2265
 Episode_Reward/undesired_contacts: -0.0145
Episode_Reward/track_lin_vel_xy_exp: 0.8242
Episode_Reward/track_ang_vel_z_exp: 0.5668
      Episode_Reward/feet_air_time: 0.0021
Episode_Reward/feet_air_time_variance: -0.1220
         Episode_Reward/feet_slide: -0.0357
     Episode_Reward/feet_clearance: 0.6800
Episode_Reward/feet_distance_y_exp: 0.7354
   Episode_Reward/feet_landing_vel: -0.0008
 Episode_Reward/joint_vel_wheel_l2: -0.0017
 Episode_Reward/joint_acc_wheel_l2: -0.0001
Episode_Reward/joint_torques_wheel_l2: -0.0000
Episode_Reward/bipedal_gait_reward: -0.7342
Episode_Reward/feet_distance_penalize: -0.0105
        Episode_Reward/stop_motion: -0.0620
  Episode_Reward/action_smoothness: -0.2882
       Episode_Reward/lazy_penalty: -0.0696
         Episode_Reward/keep_alive: 0.0557
Episode_Reward/joint_deviation_hip: -0.0132
Episode_Reward/joint_deviation_ankle: -0.0196
Episode_Reward/joint_deviation_legs: -0.0050
Episode_Reward/body_orientation_l2: -0.0498
 Episode_Reward/ankle_torque_limit: -0.0003
Episode_Reward/penalize_hip_roll_action: -0.2188
Episode_Reward/feet_impact_reduction: -0.0000
Metrics/base_velocity/error_vel_xy: 0.4079
Metrics/base_velocity/error_vel_yaw: 0.3513
      Episode_Termination/time_out: 0.0132
Episode_Termination/terrain_out_of_bounds: 0.0000
Episode_Termination/illegal_contact: 0.9868
--------------------------------------------------------------------------------
                   Total timesteps: 9830400
                    Iteration time: 1.65s
                      Time elapsed: 00:03:06
                               ETA: 12:53:12

################################################################################
                     [1m Learning iteration 100/25000 [0m                     

                       Computation: 57893 steps/s (collection: 1.107s, learning 0.591s)
             Mean action noise std: 0.49
          Mean value_function loss: 4.0632
               Mean surrogate loss: 0.2221
                 Mean entropy loss: 6.7167
                Mean priv_reg loss: 0.5673
                Mean amp/loss loss: 0.5166
            Mean amp/grad_pen loss: 0.1878
         Mean amp/policy_pred loss: -0.3075
         Mean amp/expert_pred loss: 0.2926
             Mean hist_latent loss: 0.5413
                       Mean reward: 10.20
               Mean episode length: 378.93
      Episode_Reward/is_terminated: -0.1959
       Episode_Reward/lin_vel_z_l2: -0.0397
      Episode_Reward/ang_vel_xy_l2: -0.0677
Episode_Reward/flat_orientation_l2: -0.0853
     Episode_Reward/base_height_l2: -0.0202
   Episode_Reward/joint_torques_l2: -0.0083
       Episode_Reward/joint_vel_l2: -0.0003
       Episode_Reward/joint_acc_l2: -0.0117
   Episode_Reward/joint_pos_limits: -0.0000
        Episode_Reward/joint_power: -0.0007
        Episode_Reward/stand_still: -0.0142
     Episode_Reward/action_rate_l2: -0.2262
 Episode_Reward/undesired_contacts: -0.0194
Episode_Reward/track_lin_vel_xy_exp: 0.7551
Episode_Reward/track_ang_vel_z_exp: 0.5702
      Episode_Reward/feet_air_time: 0.0027
Episode_Reward/feet_air_time_variance: -0.1200
         Episode_Reward/feet_slide: -0.0344
     Episode_Reward/feet_clearance: 0.6742
Episode_Reward/feet_distance_y_exp: 0.7327
   Episode_Reward/feet_landing_vel: -0.0008
 Episode_Reward/joint_vel_wheel_l2: -0.0017
 Episode_Reward/joint_acc_wheel_l2: -0.0001
Episode_Reward/joint_torques_wheel_l2: -0.0000
Episode_Reward/bipedal_gait_reward: -0.7298
Episode_Reward/feet_distance_penalize: -0.0178
        Episode_Reward/stop_motion: -0.0513
  Episode_Reward/action_smoothness: -0.2874
       Episode_Reward/lazy_penalty: -0.0683
         Episode_Reward/keep_alive: 0.0555
Episode_Reward/joint_deviation_hip: -0.0136
Episode_Reward/joint_deviation_ankle: -0.0201
Episode_Reward/joint_deviation_legs: -0.0049
Episode_Reward/body_orientation_l2: -0.0512
 Episode_Reward/ankle_torque_limit: -0.0003
Episode_Reward/penalize_hip_roll_action: -0.2171
Episode_Reward/feet_impact_reduction: -0.0000
Metrics/base_velocity/error_vel_xy: 0.4359
Metrics/base_velocity/error_vel_yaw: 0.3434
      Episode_Termination/time_out: 0.0153
Episode_Termination/terrain_out_of_bounds: 0.0000
Episode_Termination/illegal_contact: 0.9847
--------------------------------------------------------------------------------
                   Total timesteps: 9928704
                    Iteration time: 1.70s
                      Time elapsed: 00:03:08
                               ETA: 12:52:29

################################################################################
                     [1m Learning iteration 101/25000 [0m                     

                       Computation: 54754 steps/s (collection: 1.254s, learning 0.542s)
             Mean action noise std: 0.49
          Mean value_function loss: 1.2802
               Mean surrogate loss: -0.0009
                 Mean entropy loss: 6.7253
                Mean priv_reg loss: 0.5240
                Mean amp/loss loss: 0.5230
            Mean amp/grad_pen loss: 0.1817
         Mean amp/policy_pred loss: -0.3067
         Mean amp/expert_pred loss: 0.2835
                       Mean reward: 8.45
               Mean episode length: 330.21
      Episode_Reward/is_terminated: -0.1982
       Episode_Reward/lin_vel_z_l2: -0.0453
      Episode_Reward/ang_vel_xy_l2: -0.0679
Episode_Reward/flat_orientation_l2: -0.0837
     Episode_Reward/base_height_l2: -0.0200
   Episode_Reward/joint_torques_l2: -0.0080
       Episode_Reward/joint_vel_l2: -0.0003
       Episode_Reward/joint_acc_l2: -0.0114
   Episode_Reward/joint_pos_limits: -0.0000
        Episode_Reward/joint_power: -0.0006
        Episode_Reward/stand_still: -0.0055
     Episode_Reward/action_rate_l2: -0.2143
 Episode_Reward/undesired_contacts: -0.0190
Episode_Reward/track_lin_vel_xy_exp: 0.7080
Episode_Reward/track_ang_vel_z_exp: 0.5298
      Episode_Reward/feet_air_time: 0.0030
Episode_Reward/feet_air_time_variance: -0.1094
         Episode_Reward/feet_slide: -0.0339
     Episode_Reward/feet_clearance: 0.6402
Episode_Reward/feet_distance_y_exp: 0.6901
   Episode_Reward/feet_landing_vel: -0.0007
 Episode_Reward/joint_vel_wheel_l2: -0.0017
 Episode_Reward/joint_acc_wheel_l2: -0.0001
Episode_Reward/joint_torques_wheel_l2: -0.0000
Episode_Reward/bipedal_gait_reward: -0.6955
Episode_Reward/feet_distance_penalize: -0.0192
        Episode_Reward/stop_motion: -0.0500
  Episode_Reward/action_smoothness: -0.2708
       Episode_Reward/lazy_penalty: -0.0621
         Episode_Reward/keep_alive: 0.0522
Episode_Reward/joint_deviation_hip: -0.0122
Episode_Reward/joint_deviation_ankle: -0.0186
Episode_Reward/joint_deviation_legs: -0.0047
Episode_Reward/body_orientation_l2: -0.0502
 Episode_Reward/ankle_torque_limit: -0.0006
Episode_Reward/penalize_hip_roll_action: -0.2070
Episode_Reward/feet_impact_reduction: -0.0000
Metrics/base_velocity/error_vel_xy: 0.4136
Metrics/base_velocity/error_vel_yaw: 0.3302
      Episode_Termination/time_out: 0.0160
Episode_Termination/terrain_out_of_bounds: 0.0000
Episode_Termination/illegal_contact: 0.9840
--------------------------------------------------------------------------------
                   Total timesteps: 10027008
                    Iteration time: 1.80s
                      Time elapsed: 00:03:09
                               ETA: 12:52:11

################################################################################
                     [1m Learning iteration 102/25000 [0m                     

                       Computation: 56881 steps/s (collection: 1.201s, learning 0.527s)
             Mean action noise std: 0.49
          Mean value_function loss: 1.0654
               Mean surrogate loss: -0.0017
                 Mean entropy loss: 6.7439
                Mean priv_reg loss: 0.6639
                Mean amp/loss loss: 0.5230
            Mean amp/grad_pen loss: 0.1764
         Mean amp/policy_pred loss: -0.3050
         Mean amp/expert_pred loss: 0.2894
                       Mean reward: 9.75
               Mean episode length: 376.62
      Episode_Reward/is_terminated: -0.1989
       Episode_Reward/lin_vel_z_l2: -0.0468
      Episode_Reward/ang_vel_xy_l2: -0.0726
Episode_Reward/flat_orientation_l2: -0.0849
     Episode_Reward/base_height_l2: -0.0198
   Episode_Reward/joint_torques_l2: -0.0069
       Episode_Reward/joint_vel_l2: -0.0003
       Episode_Reward/joint_acc_l2: -0.0109
   Episode_Reward/joint_pos_limits: -0.0000
        Episode_Reward/joint_power: -0.0006
        Episode_Reward/stand_still: -0.0198
     Episode_Reward/action_rate_l2: -0.2026
 Episode_Reward/undesired_contacts: -0.0200
Episode_Reward/track_lin_vel_xy_exp: 0.6749
Episode_Reward/track_ang_vel_z_exp: 0.5112
      Episode_Reward/feet_air_time: 0.0021
Episode_Reward/feet_air_time_variance: -0.1010
         Episode_Reward/feet_slide: -0.0348
     Episode_Reward/feet_clearance: 0.5885
Episode_Reward/feet_distance_y_exp: 0.6471
   Episode_Reward/feet_landing_vel: -0.0007
 Episode_Reward/joint_vel_wheel_l2: -0.0016
 Episode_Reward/joint_acc_wheel_l2: -0.0001
Episode_Reward/joint_torques_wheel_l2: -0.0000
Episode_Reward/bipedal_gait_reward: -0.6381
Episode_Reward/feet_distance_penalize: -0.0106
        Episode_Reward/stop_motion: -0.0576
  Episode_Reward/action_smoothness: -0.2561
       Episode_Reward/lazy_penalty: -0.0551
         Episode_Reward/keep_alive: 0.0490
Episode_Reward/joint_deviation_hip: -0.0115
Episode_Reward/joint_deviation_ankle: -0.0157
Episode_Reward/joint_deviation_legs: -0.0043
Episode_Reward/body_orientation_l2: -0.0510
 Episode_Reward/ankle_torque_limit: -0.0006
Episode_Reward/penalize_hip_roll_action: -0.1942
Episode_Reward/feet_impact_reduction: -0.0000
Metrics/base_velocity/error_vel_xy: 0.3895
Metrics/base_velocity/error_vel_yaw: 0.3069
      Episode_Termination/time_out: 0.0155
Episode_Termination/terrain_out_of_bounds: 0.0000
Episode_Termination/illegal_contact: 0.9845
--------------------------------------------------------------------------------
                   Total timesteps: 10125312
                    Iteration time: 1.73s
                      Time elapsed: 00:03:11
                               ETA: 12:51:37

################################################################################
                     [1m Learning iteration 103/25000 [0m                     

                       Computation: 54407 steps/s (collection: 1.274s, learning 0.532s)
             Mean action noise std: 0.49
          Mean value_function loss: 0.9081
               Mean surrogate loss: -0.0017
                 Mean entropy loss: 6.7604
                Mean priv_reg loss: 0.5638
                Mean amp/loss loss: 0.5226
            Mean amp/grad_pen loss: 0.1794
         Mean amp/policy_pred loss: -0.2986
         Mean amp/expert_pred loss: 0.2967
                       Mean reward: 7.69
               Mean episode length: 327.50
      Episode_Reward/is_terminated: -0.1977
       Episode_Reward/lin_vel_z_l2: -0.0471
      Episode_Reward/ang_vel_xy_l2: -0.0747
Episode_Reward/flat_orientation_l2: -0.0896
     Episode_Reward/base_height_l2: -0.0219
   Episode_Reward/joint_torques_l2: -0.0078
       Episode_Reward/joint_vel_l2: -0.0003
       Episode_Reward/joint_acc_l2: -0.0117
   Episode_Reward/joint_pos_limits: -0.0000
        Episode_Reward/joint_power: -0.0007
        Episode_Reward/stand_still: -0.0232
     Episode_Reward/action_rate_l2: -0.2213
 Episode_Reward/undesired_contacts: -0.0214
Episode_Reward/track_lin_vel_xy_exp: 0.7410
Episode_Reward/track_ang_vel_z_exp: 0.5538
      Episode_Reward/feet_air_time: 0.0020
Episode_Reward/feet_air_time_variance: -0.1140
         Episode_Reward/feet_slide: -0.0364
     Episode_Reward/feet_clearance: 0.6417
Episode_Reward/feet_distance_y_exp: 0.7065
   Episode_Reward/feet_landing_vel: -0.0007
 Episode_Reward/joint_vel_wheel_l2: -0.0017
 Episode_Reward/joint_acc_wheel_l2: -0.0001
Episode_Reward/joint_torques_wheel_l2: -0.0000
Episode_Reward/bipedal_gait_reward: -0.6963
Episode_Reward/feet_distance_penalize: -0.0120
        Episode_Reward/stop_motion: -0.0600
  Episode_Reward/action_smoothness: -0.2803
       Episode_Reward/lazy_penalty: -0.0596
         Episode_Reward/keep_alive: 0.0535
Episode_Reward/joint_deviation_hip: -0.0127
Episode_Reward/joint_deviation_ankle: -0.0182
Episode_Reward/joint_deviation_legs: -0.0047
Episode_Reward/body_orientation_l2: -0.0538
 Episode_Reward/ankle_torque_limit: -0.0005
Episode_Reward/penalize_hip_roll_action: -0.2109
Episode_Reward/feet_impact_reduction: -0.0000
Metrics/base_velocity/error_vel_xy: 0.4150
Metrics/base_velocity/error_vel_yaw: 0.3364
      Episode_Termination/time_out: 0.0146
Episode_Termination/terrain_out_of_bounds: 0.0000
Episode_Termination/illegal_contact: 0.9854
--------------------------------------------------------------------------------
                   Total timesteps: 10223616
                    Iteration time: 1.81s
                      Time elapsed: 00:03:13
                               ETA: 12:51:23

################################################################################
                     [1m Learning iteration 104/25000 [0m                     

                       Computation: 50033 steps/s (collection: 1.432s, learning 0.533s)
             Mean action noise std: 0.49
          Mean value_function loss: 0.6662
               Mean surrogate loss: -0.0030
                 Mean entropy loss: 6.7660
                Mean priv_reg loss: 0.4706
                Mean amp/loss loss: 0.5200
            Mean amp/grad_pen loss: 0.1800
         Mean amp/policy_pred loss: -0.2997
         Mean amp/expert_pred loss: 0.2959
                       Mean reward: 7.40
               Mean episode length: 288.02
      Episode_Reward/is_terminated: -0.1878
       Episode_Reward/lin_vel_z_l2: -0.0387
      Episode_Reward/ang_vel_xy_l2: -0.0601
Episode_Reward/flat_orientation_l2: -0.0775
     Episode_Reward/base_height_l2: -0.0187
   Episode_Reward/joint_torques_l2: -0.0067
       Episode_Reward/joint_vel_l2: -0.0002
       Episode_Reward/joint_acc_l2: -0.0098
   Episode_Reward/joint_pos_limits: -0.0000
        Episode_Reward/joint_power: -0.0006
        Episode_Reward/stand_still: -0.0173
     Episode_Reward/action_rate_l2: -0.1858
 Episode_Reward/undesired_contacts: -0.0164
Episode_Reward/track_lin_vel_xy_exp: 0.6071
Episode_Reward/track_ang_vel_z_exp: 0.4697
      Episode_Reward/feet_air_time: 0.0020
Episode_Reward/feet_air_time_variance: -0.0955
         Episode_Reward/feet_slide: -0.0315
     Episode_Reward/feet_clearance: 0.5430
Episode_Reward/feet_distance_y_exp: 0.5946
   Episode_Reward/feet_landing_vel: -0.0007
 Episode_Reward/joint_vel_wheel_l2: -0.0015
 Episode_Reward/joint_acc_wheel_l2: -0.0001
Episode_Reward/joint_torques_wheel_l2: -0.0000
Episode_Reward/bipedal_gait_reward: -0.5917
Episode_Reward/feet_distance_penalize: -0.0100
        Episode_Reward/stop_motion: -0.0441
  Episode_Reward/action_smoothness: -0.2355
       Episode_Reward/lazy_penalty: -0.0484
         Episode_Reward/keep_alive: 0.0450
Episode_Reward/joint_deviation_hip: -0.0106
Episode_Reward/joint_deviation_ankle: -0.0164
Episode_Reward/joint_deviation_legs: -0.0040
Episode_Reward/body_orientation_l2: -0.0465
 Episode_Reward/ankle_torque_limit: -0.0005
Episode_Reward/penalize_hip_roll_action: -0.1766
Episode_Reward/feet_impact_reduction: -0.0000
Metrics/base_velocity/error_vel_xy: 0.3584
Metrics/base_velocity/error_vel_yaw: 0.2812
      Episode_Termination/time_out: 0.0172
Episode_Termination/terrain_out_of_bounds: 0.0000
Episode_Termination/illegal_contact: 0.9828
--------------------------------------------------------------------------------
                   Total timesteps: 10321920
                    Iteration time: 1.96s
                      Time elapsed: 00:03:15
                               ETA: 12:51:46

################################################################################
                     [1m Learning iteration 105/25000 [0m                     

                       Computation: 49717 steps/s (collection: 1.406s, learning 0.571s)
             Mean action noise std: 0.50
          Mean value_function loss: 0.7873
               Mean surrogate loss: -0.0016
                 Mean entropy loss: 6.7820
                Mean priv_reg loss: 0.4355
                Mean amp/loss loss: 0.5198
            Mean amp/grad_pen loss: 0.1857
         Mean amp/policy_pred loss: -0.2965
         Mean amp/expert_pred loss: 0.2981
                       Mean reward: 7.27
               Mean episode length: 302.02
      Episode_Reward/is_terminated: -0.1905
       Episode_Reward/lin_vel_z_l2: -0.0322
      Episode_Reward/ang_vel_xy_l2: -0.0507
Episode_Reward/flat_orientation_l2: -0.0727
     Episode_Reward/base_height_l2: -0.0170
   Episode_Reward/joint_torques_l2: -0.0060
       Episode_Reward/joint_vel_l2: -0.0002
       Episode_Reward/joint_acc_l2: -0.0092
   Episode_Reward/joint_pos_limits: -0.0000
        Episode_Reward/joint_power: -0.0005
        Episode_Reward/stand_still: -0.0105
     Episode_Reward/action_rate_l2: -0.1620
 Episode_Reward/undesired_contacts: -0.0129
Episode_Reward/track_lin_vel_xy_exp: 0.5625
Episode_Reward/track_ang_vel_z_exp: 0.4087
      Episode_Reward/feet_air_time: 0.0017
Episode_Reward/feet_air_time_variance: -0.0789
         Episode_Reward/feet_slide: -0.0289
     Episode_Reward/feet_clearance: 0.4751
Episode_Reward/feet_distance_y_exp: 0.5155
   Episode_Reward/feet_landing_vel: -0.0007
 Episode_Reward/joint_vel_wheel_l2: -0.0013
 Episode_Reward/joint_acc_wheel_l2: -0.0001
Episode_Reward/joint_torques_wheel_l2: -0.0000
Episode_Reward/bipedal_gait_reward: -0.5153
Episode_Reward/feet_distance_penalize: -0.0085
        Episode_Reward/stop_motion: -0.0475
  Episode_Reward/action_smoothness: -0.2046
       Episode_Reward/lazy_penalty: -0.0421
         Episode_Reward/keep_alive: 0.0390
Episode_Reward/joint_deviation_hip: -0.0093
Episode_Reward/joint_deviation_ankle: -0.0146
Episode_Reward/joint_deviation_legs: -0.0035
Episode_Reward/body_orientation_l2: -0.0436
 Episode_Reward/ankle_torque_limit: -0.0004
Episode_Reward/penalize_hip_roll_action: -0.1531
Episode_Reward/feet_impact_reduction: -0.0000
Metrics/base_velocity/error_vel_xy: 0.3001
Metrics/base_velocity/error_vel_yaw: 0.2426
      Episode_Termination/time_out: 0.0229
Episode_Termination/terrain_out_of_bounds: 0.0000
Episode_Termination/illegal_contact: 0.9771
--------------------------------------------------------------------------------
                   Total timesteps: 10420224
                    Iteration time: 1.98s
                      Time elapsed: 00:03:17
                               ETA: 12:52:12

################################################################################
                     [1m Learning iteration 106/25000 [0m                     

                       Computation: 46288 steps/s (collection: 1.590s, learning 0.533s)
             Mean action noise std: 0.50
          Mean value_function loss: 0.5983
               Mean surrogate loss: -0.0024
                 Mean entropy loss: 6.7877
                Mean priv_reg loss: 0.4188
                Mean amp/loss loss: 0.5262
            Mean amp/grad_pen loss: 0.1785
         Mean amp/policy_pred loss: -0.2918
         Mean amp/expert_pred loss: 0.2916
                       Mean reward: 4.21
               Mean episode length: 235.65
      Episode_Reward/is_terminated: -0.1913
       Episode_Reward/lin_vel_z_l2: -0.0349
      Episode_Reward/ang_vel_xy_l2: -0.0508
Episode_Reward/flat_orientation_l2: -0.0723
     Episode_Reward/base_height_l2: -0.0176
   Episode_Reward/joint_torques_l2: -0.0058
       Episode_Reward/joint_vel_l2: -0.0002
       Episode_Reward/joint_acc_l2: -0.0087
   Episode_Reward/joint_pos_limits: -0.0000
        Episode_Reward/joint_power: -0.0005
        Episode_Reward/stand_still: -0.0213
     Episode_Reward/action_rate_l2: -0.1536
 Episode_Reward/undesired_contacts: -0.0139
Episode_Reward/track_lin_vel_xy_exp: 0.5002
Episode_Reward/track_ang_vel_z_exp: 0.3876
      Episode_Reward/feet_air_time: 0.0018
Episode_Reward/feet_air_time_variance: -0.0737
         Episode_Reward/feet_slide: -0.0281
     Episode_Reward/feet_clearance: 0.4369
Episode_Reward/feet_distance_y_exp: 0.4884
   Episode_Reward/feet_landing_vel: -0.0007
 Episode_Reward/joint_vel_wheel_l2: -0.0013
 Episode_Reward/joint_acc_wheel_l2: -0.0001
Episode_Reward/joint_torques_wheel_l2: -0.0000
Episode_Reward/bipedal_gait_reward: -0.4759
Episode_Reward/feet_distance_penalize: -0.0100
        Episode_Reward/stop_motion: -0.0439
  Episode_Reward/action_smoothness: -0.1939
       Episode_Reward/lazy_penalty: -0.0396
         Episode_Reward/keep_alive: 0.0370
Episode_Reward/joint_deviation_hip: -0.0087
Episode_Reward/joint_deviation_ankle: -0.0145
Episode_Reward/joint_deviation_legs: -0.0033
Episode_Reward/body_orientation_l2: -0.0434
 Episode_Reward/ankle_torque_limit: -0.0004
Episode_Reward/penalize_hip_roll_action: -0.1457
Episode_Reward/feet_impact_reduction: -0.0000
Metrics/base_velocity/error_vel_xy: 0.2926
Metrics/base_velocity/error_vel_yaw: 0.2298
      Episode_Termination/time_out: 0.0237
Episode_Termination/terrain_out_of_bounds: 0.0000
Episode_Termination/illegal_contact: 0.9763
--------------------------------------------------------------------------------
                   Total timesteps: 10518528
                    Iteration time: 2.12s
                      Time elapsed: 00:03:19
                               ETA: 12:53:11

################################################################################
                     [1m Learning iteration 107/25000 [0m                     

                       Computation: 48273 steps/s (collection: 1.495s, learning 0.541s)
             Mean action noise std: 0.49
          Mean value_function loss: 0.5106
               Mean surrogate loss: -0.0020
                 Mean entropy loss: 6.7773
                Mean priv_reg loss: 0.4014
                Mean amp/loss loss: 0.5182
            Mean amp/grad_pen loss: 0.1824
         Mean amp/policy_pred loss: -0.2961
         Mean amp/expert_pred loss: 0.3002
                       Mean reward: 4.09
               Mean episode length: 267.48
      Episode_Reward/is_terminated: -0.1929
       Episode_Reward/lin_vel_z_l2: -0.0356
      Episode_Reward/ang_vel_xy_l2: -0.0532
Episode_Reward/flat_orientation_l2: -0.0767
     Episode_Reward/base_height_l2: -0.0188
   Episode_Reward/joint_torques_l2: -0.0062
       Episode_Reward/joint_vel_l2: -0.0002
       Episode_Reward/joint_acc_l2: -0.0098
   Episode_Reward/joint_pos_limits: -0.0000
        Episode_Reward/joint_power: -0.0005
        Episode_Reward/stand_still: -0.0058
     Episode_Reward/action_rate_l2: -0.1657
 Episode_Reward/undesired_contacts: -0.0146
Episode_Reward/track_lin_vel_xy_exp: 0.5097
Episode_Reward/track_ang_vel_z_exp: 0.4275
      Episode_Reward/feet_air_time: 0.0020
Episode_Reward/feet_air_time_variance: -0.0847
         Episode_Reward/feet_slide: -0.0296
     Episode_Reward/feet_clearance: 0.4860
Episode_Reward/feet_distance_y_exp: 0.5254
   Episode_Reward/feet_landing_vel: -0.0007
 Episode_Reward/joint_vel_wheel_l2: -0.0014
 Episode_Reward/joint_acc_wheel_l2: -0.0001
Episode_Reward/joint_torques_wheel_l2: -0.0000
Episode_Reward/bipedal_gait_reward: -0.5287
Episode_Reward/feet_distance_penalize: -0.0126
        Episode_Reward/stop_motion: -0.0443
  Episode_Reward/action_smoothness: -0.2084
       Episode_Reward/lazy_penalty: -0.0411
         Episode_Reward/keep_alive: 0.0398
Episode_Reward/joint_deviation_hip: -0.0093
Episode_Reward/joint_deviation_ankle: -0.0155
Episode_Reward/joint_deviation_legs: -0.0036
Episode_Reward/body_orientation_l2: -0.0460
 Episode_Reward/ankle_torque_limit: -0.0005
Episode_Reward/penalize_hip_roll_action: -0.1568
Episode_Reward/feet_impact_reduction: -0.0000
Metrics/base_velocity/error_vel_xy: 0.3317
Metrics/base_velocity/error_vel_yaw: 0.2415
      Episode_Termination/time_out: 0.0243
Episode_Termination/terrain_out_of_bounds: 0.0000
Episode_Termination/illegal_contact: 0.9757
--------------------------------------------------------------------------------
                   Total timesteps: 10616832
                    Iteration time: 2.04s
                      Time elapsed: 00:03:21
                               ETA: 12:53:49

################################################################################
                     [1m Learning iteration 108/25000 [0m                     

                       Computation: 50813 steps/s (collection: 1.392s, learning 0.542s)
             Mean action noise std: 0.49
          Mean value_function loss: 0.5483
               Mean surrogate loss: -0.0016
                 Mean entropy loss: 6.7693
                Mean priv_reg loss: 0.3915
                Mean amp/loss loss: 0.5227
            Mean amp/grad_pen loss: 0.1805
         Mean amp/policy_pred loss: -0.2924
         Mean amp/expert_pred loss: 0.2961
                       Mean reward: 4.77
               Mean episode length: 264.18
      Episode_Reward/is_terminated: -0.1887
       Episode_Reward/lin_vel_z_l2: -0.0340
      Episode_Reward/ang_vel_xy_l2: -0.0516
Episode_Reward/flat_orientation_l2: -0.0731
     Episode_Reward/base_height_l2: -0.0175
   Episode_Reward/joint_torques_l2: -0.0060
       Episode_Reward/joint_vel_l2: -0.0002
       Episode_Reward/joint_acc_l2: -0.0091
   Episode_Reward/joint_pos_limits: -0.0000
        Episode_Reward/joint_power: -0.0005
        Episode_Reward/stand_still: -0.0161
     Episode_Reward/action_rate_l2: -0.1601
 Episode_Reward/undesired_contacts: -0.0139
Episode_Reward/track_lin_vel_xy_exp: 0.5631
Episode_Reward/track_ang_vel_z_exp: 0.4003
      Episode_Reward/feet_air_time: 0.0020
Episode_Reward/feet_air_time_variance: -0.0826
         Episode_Reward/feet_slide: -0.0286
     Episode_Reward/feet_clearance: 0.4651
Episode_Reward/feet_distance_y_exp: 0.5084
   Episode_Reward/feet_landing_vel: -0.0007
 Episode_Reward/joint_vel_wheel_l2: -0.0013
 Episode_Reward/joint_acc_wheel_l2: -0.0001
Episode_Reward/joint_torques_wheel_l2: -0.0000
Episode_Reward/bipedal_gait_reward: -0.5039
Episode_Reward/feet_distance_penalize: -0.0179
        Episode_Reward/stop_motion: -0.0421
  Episode_Reward/action_smoothness: -0.2015
       Episode_Reward/lazy_penalty: -0.0425
         Episode_Reward/keep_alive: 0.0385
Episode_Reward/joint_deviation_hip: -0.0092
Episode_Reward/joint_deviation_ankle: -0.0151
Episode_Reward/joint_deviation_legs: -0.0035
Episode_Reward/body_orientation_l2: -0.0438
 Episode_Reward/ankle_torque_limit: -0.0005
Episode_Reward/penalize_hip_roll_action: -0.1535
Episode_Reward/feet_impact_reduction: -0.0000
Metrics/base_velocity/error_vel_xy: 0.2936
Metrics/base_velocity/error_vel_yaw: 0.2400
      Episode_Termination/time_out: 0.0243
Episode_Termination/terrain_out_of_bounds: 0.0000
Episode_Termination/illegal_contact: 0.9757
--------------------------------------------------------------------------------
                   Total timesteps: 10715136
                    Iteration time: 1.93s
                      Time elapsed: 00:03:23
                               ETA: 12:54:03

################################################################################
                     [1m Learning iteration 109/25000 [0m                     

                       Computation: 51733 steps/s (collection: 1.369s, learning 0.531s)
             Mean action noise std: 0.50
          Mean value_function loss: 0.6194
               Mean surrogate loss: -0.0035
                 Mean entropy loss: 6.7773
                Mean priv_reg loss: 0.3826
                Mean amp/loss loss: 0.5274
            Mean amp/grad_pen loss: 0.1820
         Mean amp/policy_pred loss: -0.2863
         Mean amp/expert_pred loss: 0.2933
                       Mean reward: 6.21
               Mean episode length: 302.07
      Episode_Reward/is_terminated: -0.1942
       Episode_Reward/lin_vel_z_l2: -0.0384
      Episode_Reward/ang_vel_xy_l2: -0.0539
Episode_Reward/flat_orientation_l2: -0.0758
     Episode_Reward/base_height_l2: -0.0186
   Episode_Reward/joint_torques_l2: -0.0064
       Episode_Reward/joint_vel_l2: -0.0002
       Episode_Reward/joint_acc_l2: -0.0089
   Episode_Reward/joint_pos_limits: -0.0000
        Episode_Reward/joint_power: -0.0005
        Episode_Reward/stand_still: -0.0204
     Episode_Reward/action_rate_l2: -0.1658
 Episode_Reward/undesired_contacts: -0.0159
Episode_Reward/track_lin_vel_xy_exp: 0.5226
Episode_Reward/track_ang_vel_z_exp: 0.4278
      Episode_Reward/feet_air_time: 0.0024
Episode_Reward/feet_air_time_variance: -0.0896
         Episode_Reward/feet_slide: -0.0300
     Episode_Reward/feet_clearance: 0.4761
Episode_Reward/feet_distance_y_exp: 0.5253
   Episode_Reward/feet_landing_vel: -0.0007
 Episode_Reward/joint_vel_wheel_l2: -0.0014
 Episode_Reward/joint_acc_wheel_l2: -0.0001
Episode_Reward/joint_torques_wheel_l2: -0.0000
Episode_Reward/bipedal_gait_reward: -0.5169
Episode_Reward/feet_distance_penalize: -0.0190
        Episode_Reward/stop_motion: -0.0483
  Episode_Reward/action_smoothness: -0.2087
       Episode_Reward/lazy_penalty: -0.0417
         Episode_Reward/keep_alive: 0.0398
Episode_Reward/joint_deviation_hip: -0.0093
Episode_Reward/joint_deviation_ankle: -0.0159
Episode_Reward/joint_deviation_legs: -0.0036
Episode_Reward/body_orientation_l2: -0.0455
 Episode_Reward/ankle_torque_limit: -0.0004
Episode_Reward/penalize_hip_roll_action: -0.1574
Episode_Reward/feet_impact_reduction: -0.0000
Metrics/base_velocity/error_vel_xy: 0.3263
Metrics/base_velocity/error_vel_yaw: 0.2382
      Episode_Termination/time_out: 0.0249
Episode_Termination/terrain_out_of_bounds: 0.0000
Episode_Termination/illegal_contact: 0.9751
--------------------------------------------------------------------------------
                   Total timesteps: 10813440
                    Iteration time: 1.90s
                      Time elapsed: 00:03:25
                               ETA: 12:54:09

################################################################################
                     [1m Learning iteration 110/25000 [0m                     

                       Computation: 55492 steps/s (collection: 1.218s, learning 0.554s)
             Mean action noise std: 0.49
          Mean value_function loss: 0.5611
               Mean surrogate loss: -0.0031
                 Mean entropy loss: 6.7840
                Mean priv_reg loss: 0.3780
                Mean amp/loss loss: 0.5212
            Mean amp/grad_pen loss: 0.1839
         Mean amp/policy_pred loss: -0.2962
         Mean amp/expert_pred loss: 0.2925
                       Mean reward: 7.65
               Mean episode length: 366.31
      Episode_Reward/is_terminated: -0.1885
       Episode_Reward/lin_vel_z_l2: -0.0404
      Episode_Reward/ang_vel_xy_l2: -0.0619
Episode_Reward/flat_orientation_l2: -0.0828
     Episode_Reward/base_height_l2: -0.0192
   Episode_Reward/joint_torques_l2: -0.0081
       Episode_Reward/joint_vel_l2: -0.0003
       Episode_Reward/joint_acc_l2: -0.0118
   Episode_Reward/joint_pos_limits: -0.0000
        Episode_Reward/joint_power: -0.0007
        Episode_Reward/stand_still: -0.0145
     Episode_Reward/action_rate_l2: -0.2133
 Episode_Reward/undesired_contacts: -0.0150
Episode_Reward/track_lin_vel_xy_exp: 0.5700
Episode_Reward/track_ang_vel_z_exp: 0.5208
      Episode_Reward/feet_air_time: 0.0031
Episode_Reward/feet_air_time_variance: -0.1086
         Episode_Reward/feet_slide: -0.0346
     Episode_Reward/feet_clearance: 0.6213
Episode_Reward/feet_distance_y_exp: 0.6782
   Episode_Reward/feet_landing_vel: -0.0007
 Episode_Reward/joint_vel_wheel_l2: -0.0019
 Episode_Reward/joint_acc_wheel_l2: -0.0001
Episode_Reward/joint_torques_wheel_l2: -0.0000
Episode_Reward/bipedal_gait_reward: -0.6758
Episode_Reward/feet_distance_penalize: -0.0217
        Episode_Reward/stop_motion: -0.0440
  Episode_Reward/action_smoothness: -0.2681
       Episode_Reward/lazy_penalty: -0.0580
         Episode_Reward/keep_alive: 0.0513
Episode_Reward/joint_deviation_hip: -0.0118
Episode_Reward/joint_deviation_ankle: -0.0202
Episode_Reward/joint_deviation_legs: -0.0047
Episode_Reward/body_orientation_l2: -0.0497
 Episode_Reward/ankle_torque_limit: -0.0005
Episode_Reward/penalize_hip_roll_action: -0.2031
Episode_Reward/feet_impact_reduction: -0.0000
Metrics/base_velocity/error_vel_xy: 0.4499
Metrics/base_velocity/error_vel_yaw: 0.3218
      Episode_Termination/time_out: 0.0252
Episode_Termination/terrain_out_of_bounds: 0.0000
Episode_Termination/illegal_contact: 0.9748
--------------------------------------------------------------------------------
                   Total timesteps: 10911744
                    Iteration time: 1.77s
                      Time elapsed: 00:03:27
                               ETA: 12:53:46

################################################################################
                     [1m Learning iteration 111/25000 [0m                     

                       Computation: 55469 steps/s (collection: 1.237s, learning 0.535s)
             Mean action noise std: 0.50
          Mean value_function loss: 0.6174
               Mean surrogate loss: -0.0018
                 Mean entropy loss: 6.7891
                Mean priv_reg loss: 0.3872
                Mean amp/loss loss: 0.5278
            Mean amp/grad_pen loss: 0.1812
         Mean amp/policy_pred loss: -0.2866
         Mean amp/expert_pred loss: 0.2913
                       Mean reward: 8.72
               Mean episode length: 328.45
      Episode_Reward/is_terminated: -0.1933
       Episode_Reward/lin_vel_z_l2: -0.0405
      Episode_Reward/ang_vel_xy_l2: -0.0613
Episode_Reward/flat_orientation_l2: -0.0809
     Episode_Reward/base_height_l2: -0.0192
   Episode_Reward/joint_torques_l2: -0.0077
       Episode_Reward/joint_vel_l2: -0.0003
       Episode_Reward/joint_acc_l2: -0.0102
   Episode_Reward/joint_pos_limits: -0.0000
        Episode_Reward/joint_power: -0.0006
        Episode_Reward/stand_still: -0.0098
     Episode_Reward/action_rate_l2: -0.2056
 Episode_Reward/undesired_contacts: -0.0143
Episode_Reward/track_lin_vel_xy_exp: 0.6916
Episode_Reward/track_ang_vel_z_exp: 0.5206
      Episode_Reward/feet_air_time: 0.0026
Episode_Reward/feet_air_time_variance: -0.1051
         Episode_Reward/feet_slide: -0.0340
     Episode_Reward/feet_clearance: 0.5983
Episode_Reward/feet_distance_y_exp: 0.6475
   Episode_Reward/feet_landing_vel: -0.0008
 Episode_Reward/joint_vel_wheel_l2: -0.0018
 Episode_Reward/joint_acc_wheel_l2: -0.0001
Episode_Reward/joint_torques_wheel_l2: -0.0000
Episode_Reward/bipedal_gait_reward: -0.6510
Episode_Reward/feet_distance_penalize: -0.0117
        Episode_Reward/stop_motion: -0.0518
  Episode_Reward/action_smoothness: -0.2581
       Episode_Reward/lazy_penalty: -0.0493
         Episode_Reward/keep_alive: 0.0490
Episode_Reward/joint_deviation_hip: -0.0113
Episode_Reward/joint_deviation_ankle: -0.0199
Episode_Reward/joint_deviation_legs: -0.0045
Episode_Reward/body_orientation_l2: -0.0486
 Episode_Reward/ankle_torque_limit: -0.0005
Episode_Reward/penalize_hip_roll_action: -0.1909
Episode_Reward/feet_impact_reduction: -0.0000
Metrics/base_velocity/error_vel_xy: 0.3810
Metrics/base_velocity/error_vel_yaw: 0.3001
      Episode_Termination/time_out: 0.0262
Episode_Termination/terrain_out_of_bounds: 0.0000
Episode_Termination/illegal_contact: 0.9738
--------------------------------------------------------------------------------
                   Total timesteps: 11010048
                    Iteration time: 1.77s
                      Time elapsed: 00:03:28
                               ETA: 12:53:23

################################################################################
                     [1m Learning iteration 112/25000 [0m                     

                       Computation: 57620 steps/s (collection: 1.154s, learning 0.552s)
             Mean action noise std: 0.50
          Mean value_function loss: 0.7736
               Mean surrogate loss: -0.0028
                 Mean entropy loss: 6.8075
                Mean priv_reg loss: 0.3925
                Mean amp/loss loss: 0.5245
            Mean amp/grad_pen loss: 0.1804
         Mean amp/policy_pred loss: -0.2929
         Mean amp/expert_pred loss: 0.2903
                       Mean reward: 8.52
               Mean episode length: 353.97
      Episode_Reward/is_terminated: -0.1932
       Episode_Reward/lin_vel_z_l2: -0.0410
      Episode_Reward/ang_vel_xy_l2: -0.0613
Episode_Reward/flat_orientation_l2: -0.0840
     Episode_Reward/base_height_l2: -0.0200
   Episode_Reward/joint_torques_l2: -0.0084
       Episode_Reward/joint_vel_l2: -0.0003
       Episode_Reward/joint_acc_l2: -0.0121
   Episode_Reward/joint_pos_limits: -0.0000
        Episode_Reward/joint_power: -0.0007
        Episode_Reward/stand_still: -0.0257
     Episode_Reward/action_rate_l2: -0.2180
 Episode_Reward/undesired_contacts: -0.0137
Episode_Reward/track_lin_vel_xy_exp: 0.6953
Episode_Reward/track_ang_vel_z_exp: 0.5516
      Episode_Reward/feet_air_time: 0.0019
Episode_Reward/feet_air_time_variance: -0.1103
         Episode_Reward/feet_slide: -0.0353
     Episode_Reward/feet_clearance: 0.6232
Episode_Reward/feet_distance_y_exp: 0.6882
   Episode_Reward/feet_landing_vel: -0.0008
 Episode_Reward/joint_vel_wheel_l2: -0.0020
 Episode_Reward/joint_acc_wheel_l2: -0.0001
Episode_Reward/joint_torques_wheel_l2: -0.0000
Episode_Reward/bipedal_gait_reward: -0.6762
Episode_Reward/feet_distance_penalize: -0.0114
        Episode_Reward/stop_motion: -0.0653
  Episode_Reward/action_smoothness: -0.2738
       Episode_Reward/lazy_penalty: -0.0543
         Episode_Reward/keep_alive: 0.0521
Episode_Reward/joint_deviation_hip: -0.0123
Episode_Reward/joint_deviation_ankle: -0.0204
Episode_Reward/joint_deviation_legs: -0.0049
Episode_Reward/body_orientation_l2: -0.0504
 Episode_Reward/ankle_torque_limit: -0.0004
Episode_Reward/penalize_hip_roll_action: -0.2040
Episode_Reward/feet_impact_reduction: -0.0000
Metrics/base_velocity/error_vel_xy: 0.4138
Metrics/base_velocity/error_vel_yaw: 0.3177
      Episode_Termination/time_out: 0.0264
Episode_Termination/terrain_out_of_bounds: 0.0000
Episode_Termination/illegal_contact: 0.9736
--------------------------------------------------------------------------------
                   Total timesteps: 11108352
                    Iteration time: 1.71s
                      Time elapsed: 00:03:30
                               ETA: 12:52:46

################################################################################
                     [1m Learning iteration 113/25000 [0m                     

                       Computation: 52662 steps/s (collection: 1.330s, learning 0.537s)
             Mean action noise std: 0.50
          Mean value_function loss: 0.9774
               Mean surrogate loss: -0.0026
                 Mean entropy loss: 6.8258
                Mean priv_reg loss: 0.4024
                Mean amp/loss loss: 0.5208
            Mean amp/grad_pen loss: 0.1823
         Mean amp/policy_pred loss: -0.2958
         Mean amp/expert_pred loss: 0.2926
                       Mean reward: 8.17
               Mean episode length: 342.43
      Episode_Reward/is_terminated: -0.1935
       Episode_Reward/lin_vel_z_l2: -0.0389
      Episode_Reward/ang_vel_xy_l2: -0.0629
Episode_Reward/flat_orientation_l2: -0.0819
     Episode_Reward/base_height_l2: -0.0199
   Episode_Reward/joint_torques_l2: -0.0080
       Episode_Reward/joint_vel_l2: -0.0003
       Episode_Reward/joint_acc_l2: -0.0123
   Episode_Reward/joint_pos_limits: -0.0000
        Episode_Reward/joint_power: -0.0007
        Episode_Reward/stand_still: -0.0290
     Episode_Reward/action_rate_l2: -0.2080
 Episode_Reward/undesired_contacts: -0.0142
Episode_Reward/track_lin_vel_xy_exp: 0.7395
Episode_Reward/track_ang_vel_z_exp: 0.5208
      Episode_Reward/feet_air_time: 0.0035
Episode_Reward/feet_air_time_variance: -0.1114
         Episode_Reward/feet_slide: -0.0338
     Episode_Reward/feet_clearance: 0.5872
Episode_Reward/feet_distance_y_exp: 0.6559
   Episode_Reward/feet_landing_vel: -0.0008
 Episode_Reward/joint_vel_wheel_l2: -0.0019
 Episode_Reward/joint_acc_wheel_l2: -0.0001
Episode_Reward/joint_torques_wheel_l2: -0.0000
Episode_Reward/bipedal_gait_reward: -0.6391
Episode_Reward/feet_distance_penalize: -0.0234
        Episode_Reward/stop_motion: -0.0655
  Episode_Reward/action_smoothness: -0.2599
       Episode_Reward/lazy_penalty: -0.0512
         Episode_Reward/keep_alive: 0.0497
Episode_Reward/joint_deviation_hip: -0.0123
Episode_Reward/joint_deviation_ankle: -0.0193
Episode_Reward/joint_deviation_legs: -0.0046
Episode_Reward/body_orientation_l2: -0.0491
 Episode_Reward/ankle_torque_limit: -0.0005
Episode_Reward/penalize_hip_roll_action: -0.1985
Episode_Reward/feet_impact_reduction: -0.0000
Metrics/base_velocity/error_vel_xy: 0.3671
Metrics/base_velocity/error_vel_yaw: 0.3037
      Episode_Termination/time_out: 0.0264
Episode_Termination/terrain_out_of_bounds: 0.0000
Episode_Termination/illegal_contact: 0.9736
--------------------------------------------------------------------------------
                   Total timesteps: 11206656
                    Iteration time: 1.87s
                      Time elapsed: 00:03:32
                               ETA: 12:52:45

################################################################################
                     [1m Learning iteration 114/25000 [0m                     

                       Computation: 51978 steps/s (collection: 1.355s, learning 0.536s)
             Mean action noise std: 0.50
          Mean value_function loss: 1.2407
               Mean surrogate loss: 0.0041
                 Mean entropy loss: 6.8625
                Mean priv_reg loss: 0.4309
                Mean amp/loss loss: 0.5143
            Mean amp/grad_pen loss: 0.1847
         Mean amp/policy_pred loss: -0.3043
         Mean amp/expert_pred loss: 0.2956
                       Mean reward: 7.82
               Mean episode length: 352.93
      Episode_Reward/is_terminated: -0.1956
       Episode_Reward/lin_vel_z_l2: -0.0388
      Episode_Reward/ang_vel_xy_l2: -0.0626
Episode_Reward/flat_orientation_l2: -0.0776
     Episode_Reward/base_height_l2: -0.0189
   Episode_Reward/joint_torques_l2: -0.0080
       Episode_Reward/joint_vel_l2: -0.0003
       Episode_Reward/joint_acc_l2: -0.0129
   Episode_Reward/joint_pos_limits: -0.0000
        Episode_Reward/joint_power: -0.0007
        Episode_Reward/stand_still: -0.0234
     Episode_Reward/action_rate_l2: -0.2120
 Episode_Reward/undesired_contacts: -0.0134
Episode_Reward/track_lin_vel_xy_exp: 0.6594
Episode_Reward/track_ang_vel_z_exp: 0.5321
      Episode_Reward/feet_air_time: 0.0028
Episode_Reward/feet_air_time_variance: -0.1085
         Episode_Reward/feet_slide: -0.0343
     Episode_Reward/feet_clearance: 0.5989
Episode_Reward/feet_distance_y_exp: 0.6665
   Episode_Reward/feet_landing_vel: -0.0009
 Episode_Reward/joint_vel_wheel_l2: -0.0020
 Episode_Reward/joint_acc_wheel_l2: -0.0001
Episode_Reward/joint_torques_wheel_l2: -0.0000
Episode_Reward/bipedal_gait_reward: -0.6529
Episode_Reward/feet_distance_penalize: -0.0259
        Episode_Reward/stop_motion: -0.0656
  Episode_Reward/action_smoothness: -0.2645
       Episode_Reward/lazy_penalty: -0.0529
         Episode_Reward/keep_alive: 0.0504
Episode_Reward/joint_deviation_hip: -0.0117
Episode_Reward/joint_deviation_ankle: -0.0194
Episode_Reward/joint_deviation_legs: -0.0047
Episode_Reward/body_orientation_l2: -0.0465
 Episode_Reward/ankle_torque_limit: -0.0006
Episode_Reward/penalize_hip_roll_action: -0.1991
Episode_Reward/feet_impact_reduction: -0.0000
Metrics/base_velocity/error_vel_xy: 0.4113
Metrics/base_velocity/error_vel_yaw: 0.3076
      Episode_Termination/time_out: 0.0264
Episode_Termination/terrain_out_of_bounds: 0.0000
Episode_Termination/illegal_contact: 0.9736
--------------------------------------------------------------------------------
                   Total timesteps: 11304960
                    Iteration time: 1.89s
                      Time elapsed: 00:03:34
                               ETA: 12:52:49

################################################################################
                     [1m Learning iteration 115/25000 [0m                     

                       Computation: 56943 steps/s (collection: 1.199s, learning 0.527s)
             Mean action noise std: 0.50
          Mean value_function loss: 1.5419
               Mean surrogate loss: 0.0047
                 Mean entropy loss: 6.8713
                Mean priv_reg loss: 0.4572
                Mean amp/loss loss: 0.5109
            Mean amp/grad_pen loss: 0.1897
         Mean amp/policy_pred loss: -0.3048
         Mean amp/expert_pred loss: 0.3003
                       Mean reward: 10.02
               Mean episode length: 365.36
      Episode_Reward/is_terminated: -0.1922
       Episode_Reward/lin_vel_z_l2: -0.0407
      Episode_Reward/ang_vel_xy_l2: -0.0689
Episode_Reward/flat_orientation_l2: -0.0800
     Episode_Reward/base_height_l2: -0.0203
   Episode_Reward/joint_torques_l2: -0.0086
       Episode_Reward/joint_vel_l2: -0.0003
       Episode_Reward/joint_acc_l2: -0.0132
   Episode_Reward/joint_pos_limits: -0.0000
        Episode_Reward/joint_power: -0.0007
        Episode_Reward/stand_still: -0.0150
     Episode_Reward/action_rate_l2: -0.2330
 Episode_Reward/undesired_contacts: -0.0135
Episode_Reward/track_lin_vel_xy_exp: 0.7346
Episode_Reward/track_ang_vel_z_exp: 0.5858
      Episode_Reward/feet_air_time: 0.0028
Episode_Reward/feet_air_time_variance: -0.1187
         Episode_Reward/feet_slide: -0.0363
     Episode_Reward/feet_clearance: 0.6698
Episode_Reward/feet_distance_y_exp: 0.7318
   Episode_Reward/feet_landing_vel: -0.0009
 Episode_Reward/joint_vel_wheel_l2: -0.0023
 Episode_Reward/joint_acc_wheel_l2: -0.0001
Episode_Reward/joint_torques_wheel_l2: -0.0000
Episode_Reward/bipedal_gait_reward: -0.7259
Episode_Reward/feet_distance_penalize: -0.0157
        Episode_Reward/stop_motion: -0.0636
  Episode_Reward/action_smoothness: -0.2907
       Episode_Reward/lazy_penalty: -0.0609
         Episode_Reward/keep_alive: 0.0554
Episode_Reward/joint_deviation_hip: -0.0129
Episode_Reward/joint_deviation_ankle: -0.0210
Episode_Reward/joint_deviation_legs: -0.0051
Episode_Reward/body_orientation_l2: -0.0480
 Episode_Reward/ankle_torque_limit: -0.0005
Episode_Reward/penalize_hip_roll_action: -0.2165
Episode_Reward/feet_impact_reduction: -0.0000
Metrics/base_velocity/error_vel_xy: 0.4377
Metrics/base_velocity/error_vel_yaw: 0.3366
      Episode_Termination/time_out: 0.0273
Episode_Termination/terrain_out_of_bounds: 0.0000
Episode_Termination/illegal_contact: 0.9727
--------------------------------------------------------------------------------
                   Total timesteps: 11403264
                    Iteration time: 1.73s
                      Time elapsed: 00:03:36
                               ETA: 12:52:18

################################################################################
                     [1m Learning iteration 116/25000 [0m                     

                       Computation: 55618 steps/s (collection: 1.232s, learning 0.535s)
             Mean action noise std: 0.50
          Mean value_function loss: 1.3908
               Mean surrogate loss: 0.0013
                 Mean entropy loss: 6.8735
                Mean priv_reg loss: 0.4782
                Mean amp/loss loss: 0.5143
            Mean amp/grad_pen loss: 0.1903
         Mean amp/policy_pred loss: -0.2999
         Mean amp/expert_pred loss: 0.2995
                       Mean reward: 10.25
               Mean episode length: 389.55
      Episode_Reward/is_terminated: -0.1946
       Episode_Reward/lin_vel_z_l2: -0.0428
      Episode_Reward/ang_vel_xy_l2: -0.0704
Episode_Reward/flat_orientation_l2: -0.0835
     Episode_Reward/base_height_l2: -0.0211
   Episode_Reward/joint_torques_l2: -0.0095
       Episode_Reward/joint_vel_l2: -0.0003
       Episode_Reward/joint_acc_l2: -0.0135
   Episode_Reward/joint_pos_limits: -0.0000
        Episode_Reward/joint_power: -0.0008
        Episode_Reward/stand_still: -0.0244
     Episode_Reward/action_rate_l2: -0.2483
 Episode_Reward/undesired_contacts: -0.0138
Episode_Reward/track_lin_vel_xy_exp: 0.8173
Episode_Reward/track_ang_vel_z_exp: 0.6093
      Episode_Reward/feet_air_time: 0.0029
Episode_Reward/feet_air_time_variance: -0.1289
         Episode_Reward/feet_slide: -0.0380
     Episode_Reward/feet_clearance: 0.7119
Episode_Reward/feet_distance_y_exp: 0.7793
   Episode_Reward/feet_landing_vel: -0.0009
 Episode_Reward/joint_vel_wheel_l2: -0.0025
 Episode_Reward/joint_acc_wheel_l2: -0.0001
Episode_Reward/joint_torques_wheel_l2: -0.0000
Episode_Reward/bipedal_gait_reward: -0.7740
Episode_Reward/feet_distance_penalize: -0.0214
        Episode_Reward/stop_motion: -0.0607
  Episode_Reward/action_smoothness: -0.3100
       Episode_Reward/lazy_penalty: -0.0662
         Episode_Reward/keep_alive: 0.0590
Episode_Reward/joint_deviation_hip: -0.0138
Episode_Reward/joint_deviation_ankle: -0.0240
Episode_Reward/joint_deviation_legs: -0.0056
Episode_Reward/body_orientation_l2: -0.0501
 Episode_Reward/ankle_torque_limit: -0.0005
Episode_Reward/penalize_hip_roll_action: -0.2314
Episode_Reward/feet_impact_reduction: -0.0000
Metrics/base_velocity/error_vel_xy: 0.4531
Metrics/base_velocity/error_vel_yaw: 0.3632
      Episode_Termination/time_out: 0.0286
Episode_Termination/terrain_out_of_bounds: 0.0000
Episode_Termination/illegal_contact: 0.9714
--------------------------------------------------------------------------------
                   Total timesteps: 11501568
                    Iteration time: 1.77s
                      Time elapsed: 00:03:37
                               ETA: 12:51:56

################################################################################
                     [1m Learning iteration 117/25000 [0m                     

                       Computation: 55511 steps/s (collection: 1.242s, learning 0.529s)
             Mean action noise std: 0.50
          Mean value_function loss: 1.4704
               Mean surrogate loss: 0.0015
                 Mean entropy loss: 6.8809
                Mean priv_reg loss: 0.4936
                Mean amp/loss loss: 0.5225
            Mean amp/grad_pen loss: 0.1817
         Mean amp/policy_pred loss: -0.2908
         Mean amp/expert_pred loss: 0.2949
                       Mean reward: 9.61
               Mean episode length: 370.70
      Episode_Reward/is_terminated: -0.1972
       Episode_Reward/lin_vel_z_l2: -0.0416
      Episode_Reward/ang_vel_xy_l2: -0.0679
Episode_Reward/flat_orientation_l2: -0.0806
     Episode_Reward/base_height_l2: -0.0199
   Episode_Reward/joint_torques_l2: -0.0081
       Episode_Reward/joint_vel_l2: -0.0003
       Episode_Reward/joint_acc_l2: -0.0121
   Episode_Reward/joint_pos_limits: -0.0000
        Episode_Reward/joint_power: -0.0007
        Episode_Reward/stand_still: -0.0152
     Episode_Reward/action_rate_l2: -0.2181
 Episode_Reward/undesired_contacts: -0.0155
Episode_Reward/track_lin_vel_xy_exp: 0.7094
Episode_Reward/track_ang_vel_z_exp: 0.5410
      Episode_Reward/feet_air_time: 0.0030
Episode_Reward/feet_air_time_variance: -0.1119
         Episode_Reward/feet_slide: -0.0349
     Episode_Reward/feet_clearance: 0.6239
Episode_Reward/feet_distance_y_exp: 0.6814
   Episode_Reward/feet_landing_vel: -0.0009
 Episode_Reward/joint_vel_wheel_l2: -0.0024
 Episode_Reward/joint_acc_wheel_l2: -0.0001
Episode_Reward/joint_torques_wheel_l2: -0.0000
Episode_Reward/bipedal_gait_reward: -0.6770
Episode_Reward/feet_distance_penalize: -0.0182
        Episode_Reward/stop_motion: -0.0607
  Episode_Reward/action_smoothness: -0.2715
       Episode_Reward/lazy_penalty: -0.0596
         Episode_Reward/keep_alive: 0.0516
Episode_Reward/joint_deviation_hip: -0.0122
Episode_Reward/joint_deviation_ankle: -0.0199
Episode_Reward/joint_deviation_legs: -0.0049
Episode_Reward/body_orientation_l2: -0.0483
 Episode_Reward/ankle_torque_limit: -0.0006
Episode_Reward/penalize_hip_roll_action: -0.2048
Episode_Reward/feet_impact_reduction: -0.0000
Metrics/base_velocity/error_vel_xy: 0.4011
Metrics/base_velocity/error_vel_yaw: 0.3161
      Episode_Termination/time_out: 0.0288
Episode_Termination/terrain_out_of_bounds: 0.0000
Episode_Termination/illegal_contact: 0.9712
--------------------------------------------------------------------------------
                   Total timesteps: 11599872
                    Iteration time: 1.77s
                      Time elapsed: 00:03:39
                               ETA: 12:51:35

################################################################################
                     [1m Learning iteration 118/25000 [0m                     

                       Computation: 54131 steps/s (collection: 1.283s, learning 0.533s)
             Mean action noise std: 0.50
          Mean value_function loss: 1.5392
               Mean surrogate loss: 0.0038
                 Mean entropy loss: 6.8872
                Mean priv_reg loss: 0.5101
                Mean amp/loss loss: 0.5151
            Mean amp/grad_pen loss: 0.1837
         Mean amp/policy_pred loss: -0.3017
         Mean amp/expert_pred loss: 0.2948
                       Mean reward: 9.57
               Mean episode length: 357.41
      Episode_Reward/is_terminated: -0.1940
       Episode_Reward/lin_vel_z_l2: -0.0418
      Episode_Reward/ang_vel_xy_l2: -0.0697
Episode_Reward/flat_orientation_l2: -0.0810
     Episode_Reward/base_height_l2: -0.0203
   Episode_Reward/joint_torques_l2: -0.0091
       Episode_Reward/joint_vel_l2: -0.0003
       Episode_Reward/joint_acc_l2: -0.0135
   Episode_Reward/joint_pos_limits: -0.0000
        Episode_Reward/joint_power: -0.0007
        Episode_Reward/stand_still: -0.0155
     Episode_Reward/action_rate_l2: -0.2396
 Episode_Reward/undesired_contacts: -0.0131
Episode_Reward/track_lin_vel_xy_exp: 0.6847
Episode_Reward/track_ang_vel_z_exp: 0.5994
      Episode_Reward/feet_air_time: 0.0038
Episode_Reward/feet_air_time_variance: -0.1226
         Episode_Reward/feet_slide: -0.0369
     Episode_Reward/feet_clearance: 0.6885
Episode_Reward/feet_distance_y_exp: 0.7497
   Episode_Reward/feet_landing_vel: -0.0009
 Episode_Reward/joint_vel_wheel_l2: -0.0026
 Episode_Reward/joint_acc_wheel_l2: -0.0001
Episode_Reward/joint_torques_wheel_l2: -0.0000
Episode_Reward/bipedal_gait_reward: -0.7465
Episode_Reward/feet_distance_penalize: -0.0215
        Episode_Reward/stop_motion: -0.0591
  Episode_Reward/action_smoothness: -0.2982
       Episode_Reward/lazy_penalty: -0.0658
         Episode_Reward/keep_alive: 0.0567
Episode_Reward/joint_deviation_hip: -0.0128
Episode_Reward/joint_deviation_ankle: -0.0223
Episode_Reward/joint_deviation_legs: -0.0054
Episode_Reward/body_orientation_l2: -0.0486
 Episode_Reward/ankle_torque_limit: -0.0005
Episode_Reward/penalize_hip_roll_action: -0.2207
Episode_Reward/feet_impact_reduction: -0.0000
Metrics/base_velocity/error_vel_xy: 0.4738
Metrics/base_velocity/error_vel_yaw: 0.3435
      Episode_Termination/time_out: 0.0285
Episode_Termination/terrain_out_of_bounds: 0.0000
Episode_Termination/illegal_contact: 0.9715
--------------------------------------------------------------------------------
                   Total timesteps: 11698176
                    Iteration time: 1.82s
                      Time elapsed: 00:03:41
                               ETA: 12:51:24

################################################################################
                     [1m Learning iteration 119/25000 [0m                     

                       Computation: 54507 steps/s (collection: 1.266s, learning 0.537s)
             Mean action noise std: 0.50
          Mean value_function loss: 1.5365
               Mean surrogate loss: 0.0012
                 Mean entropy loss: 6.8894
                Mean priv_reg loss: 0.5287
                Mean amp/loss loss: 0.5139
            Mean amp/grad_pen loss: 0.1834
         Mean amp/policy_pred loss: -0.3011
         Mean amp/expert_pred loss: 0.2977
                       Mean reward: 7.80
               Mean episode length: 342.13
      Episode_Reward/is_terminated: -0.1948
       Episode_Reward/lin_vel_z_l2: -0.0406
      Episode_Reward/ang_vel_xy_l2: -0.0694
Episode_Reward/flat_orientation_l2: -0.0803
     Episode_Reward/base_height_l2: -0.0200
   Episode_Reward/joint_torques_l2: -0.0085
       Episode_Reward/joint_vel_l2: -0.0003
       Episode_Reward/joint_acc_l2: -0.0137
   Episode_Reward/joint_pos_limits: -0.0000
        Episode_Reward/joint_power: -0.0007
        Episode_Reward/stand_still: -0.0095
     Episode_Reward/action_rate_l2: -0.2291
 Episode_Reward/undesired_contacts: -0.0143
Episode_Reward/track_lin_vel_xy_exp: 0.7664
Episode_Reward/track_ang_vel_z_exp: 0.5646
      Episode_Reward/feet_air_time: 0.0035
Episode_Reward/feet_air_time_variance: -0.1084
         Episode_Reward/feet_slide: -0.0352
     Episode_Reward/feet_clearance: 0.6549
Episode_Reward/feet_distance_y_exp: 0.7081
   Episode_Reward/feet_landing_vel: -0.0009
 Episode_Reward/joint_vel_wheel_l2: -0.0027
 Episode_Reward/joint_acc_wheel_l2: -0.0001
Episode_Reward/joint_torques_wheel_l2: -0.0000
Episode_Reward/bipedal_gait_reward: -0.7070
Episode_Reward/feet_distance_penalize: -0.0204
        Episode_Reward/stop_motion: -0.0520
  Episode_Reward/action_smoothness: -0.2844
       Episode_Reward/lazy_penalty: -0.0607
         Episode_Reward/keep_alive: 0.0536
Episode_Reward/joint_deviation_hip: -0.0125
Episode_Reward/joint_deviation_ankle: -0.0208
Episode_Reward/joint_deviation_legs: -0.0051
Episode_Reward/body_orientation_l2: -0.0482
 Episode_Reward/ankle_torque_limit: -0.0007
Episode_Reward/penalize_hip_roll_action: -0.2120
Episode_Reward/feet_impact_reduction: -0.0000
Metrics/base_velocity/error_vel_xy: 0.4053
Metrics/base_velocity/error_vel_yaw: 0.3245
      Episode_Termination/time_out: 0.0290
Episode_Termination/terrain_out_of_bounds: 0.0000
Episode_Termination/illegal_contact: 0.9710
--------------------------------------------------------------------------------
                   Total timesteps: 11796480
                    Iteration time: 1.80s
                      Time elapsed: 00:03:43
                               ETA: 12:51:11

################################################################################
                     [1m Learning iteration 120/25000 [0m                     

                       Computation: 51173 steps/s (collection: 1.316s, learning 0.605s)
             Mean action noise std: 0.50
          Mean value_function loss: 7.4849
               Mean surrogate loss: 0.3218
                 Mean entropy loss: 6.8927
                Mean priv_reg loss: 0.6638
                Mean amp/loss loss: 0.5020
            Mean amp/grad_pen loss: 0.1842
         Mean amp/policy_pred loss: -0.3225
         Mean amp/expert_pred loss: 0.2970
             Mean hist_latent loss: 0.5192
                       Mean reward: 12.70
               Mean episode length: 434.60
      Episode_Reward/is_terminated: -0.1874
       Episode_Reward/lin_vel_z_l2: -0.0422
      Episode_Reward/ang_vel_xy_l2: -0.0714
Episode_Reward/flat_orientation_l2: -0.0814
     Episode_Reward/base_height_l2: -0.0208
   Episode_Reward/joint_torques_l2: -0.0092
       Episode_Reward/joint_vel_l2: -0.0003
       Episode_Reward/joint_acc_l2: -0.0139
   Episode_Reward/joint_pos_limits: -0.0000
        Episode_Reward/joint_power: -0.0007
        Episode_Reward/stand_still: -0.0179
     Episode_Reward/action_rate_l2: -0.2468
 Episode_Reward/undesired_contacts: -0.0173
Episode_Reward/track_lin_vel_xy_exp: 0.8295
Episode_Reward/track_ang_vel_z_exp: 0.5957
      Episode_Reward/feet_air_time: 0.0031
Episode_Reward/feet_air_time_variance: -0.1250
         Episode_Reward/feet_slide: -0.0356
     Episode_Reward/feet_clearance: 0.7080
Episode_Reward/feet_distance_y_exp: 0.7711
   Episode_Reward/feet_landing_vel: -0.0010
 Episode_Reward/joint_vel_wheel_l2: -0.0031
 Episode_Reward/joint_acc_wheel_l2: -0.0001
Episode_Reward/joint_torques_wheel_l2: -0.0000
Episode_Reward/bipedal_gait_reward: -0.7659
Episode_Reward/feet_distance_penalize: -0.0220
        Episode_Reward/stop_motion: -0.0514
  Episode_Reward/action_smoothness: -0.3075
       Episode_Reward/lazy_penalty: -0.0662
         Episode_Reward/keep_alive: 0.0584
Episode_Reward/joint_deviation_hip: -0.0137
Episode_Reward/joint_deviation_ankle: -0.0236
Episode_Reward/joint_deviation_legs: -0.0057
Episode_Reward/body_orientation_l2: -0.0488
 Episode_Reward/ankle_torque_limit: -0.0005
Episode_Reward/penalize_hip_roll_action: -0.2294
Episode_Reward/feet_impact_reduction: -0.0000
Metrics/base_velocity/error_vel_xy: 0.4397
Metrics/base_velocity/error_vel_yaw: 0.3631
      Episode_Termination/time_out: 0.0299
Episode_Termination/terrain_out_of_bounds: 0.0000
Episode_Termination/illegal_contact: 0.9701
--------------------------------------------------------------------------------
                   Total timesteps: 11894784
                    Iteration time: 1.92s
                      Time elapsed: 00:03:45
                               ETA: 12:51:21

################################################################################
                     [1m Learning iteration 121/25000 [0m                     

                       Computation: 58106 steps/s (collection: 1.166s, learning 0.525s)
             Mean action noise std: 0.50
          Mean value_function loss: 1.1147
               Mean surrogate loss: -0.0010
                 Mean entropy loss: 6.8946
                Mean priv_reg loss: 0.4958
                Mean amp/loss loss: 0.5005
            Mean amp/grad_pen loss: 0.1851
         Mean amp/policy_pred loss: -0.3344
         Mean amp/expert_pred loss: 0.2881
                       Mean reward: 14.26
               Mean episode length: 396.16
      Episode_Reward/is_terminated: -0.1925
       Episode_Reward/lin_vel_z_l2: -0.0375
      Episode_Reward/ang_vel_xy_l2: -0.0667
Episode_Reward/flat_orientation_l2: -0.0772
     Episode_Reward/base_height_l2: -0.0207
   Episode_Reward/joint_torques_l2: -0.0090
       Episode_Reward/joint_vel_l2: -0.0003
       Episode_Reward/joint_acc_l2: -0.0127
   Episode_Reward/joint_pos_limits: -0.0000
        Episode_Reward/joint_power: -0.0007
        Episode_Reward/stand_still: -0.0284
     Episode_Reward/action_rate_l2: -0.2360
 Episode_Reward/undesired_contacts: -0.0135
Episode_Reward/track_lin_vel_xy_exp: 0.7884
Episode_Reward/track_ang_vel_z_exp: 0.5844
      Episode_Reward/feet_air_time: 0.0029
Episode_Reward/feet_air_time_variance: -0.1215
         Episode_Reward/feet_slide: -0.0349
     Episode_Reward/feet_clearance: 0.6662
Episode_Reward/feet_distance_y_exp: 0.7339
   Episode_Reward/feet_landing_vel: -0.0009
 Episode_Reward/joint_vel_wheel_l2: -0.0032
 Episode_Reward/joint_acc_wheel_l2: -0.0001
Episode_Reward/joint_torques_wheel_l2: -0.0000
Episode_Reward/bipedal_gait_reward: -0.7266
Episode_Reward/feet_distance_penalize: -0.0230
        Episode_Reward/stop_motion: -0.0505
  Episode_Reward/action_smoothness: -0.2937
       Episode_Reward/lazy_penalty: -0.0652
         Episode_Reward/keep_alive: 0.0556
Episode_Reward/joint_deviation_hip: -0.0130
Episode_Reward/joint_deviation_ankle: -0.0231
Episode_Reward/joint_deviation_legs: -0.0056
Episode_Reward/body_orientation_l2: -0.0463
 Episode_Reward/ankle_torque_limit: -0.0005
Episode_Reward/penalize_hip_roll_action: -0.2177
Episode_Reward/feet_impact_reduction: -0.0000
Metrics/base_velocity/error_vel_xy: 0.4167
Metrics/base_velocity/error_vel_yaw: 0.3357
      Episode_Termination/time_out: 0.0330
Episode_Termination/terrain_out_of_bounds: 0.0000
Episode_Termination/illegal_contact: 0.9670
--------------------------------------------------------------------------------
                   Total timesteps: 11993088
                    Iteration time: 1.69s
                      Time elapsed: 00:03:46
                               ETA: 12:50:45

################################################################################
                     [1m Learning iteration 122/25000 [0m                     

                       Computation: 58081 steps/s (collection: 1.167s, learning 0.525s)
             Mean action noise std: 0.50
          Mean value_function loss: 0.9218
               Mean surrogate loss: -0.0018
                 Mean entropy loss: 6.8973
                Mean priv_reg loss: 0.6128
                Mean amp/loss loss: 0.5021
            Mean amp/grad_pen loss: 0.1814
         Mean amp/policy_pred loss: -0.3376
         Mean amp/expert_pred loss: 0.2858
                       Mean reward: 12.42
               Mean episode length: 393.82
      Episode_Reward/is_terminated: -0.1987
       Episode_Reward/lin_vel_z_l2: -0.0279
      Episode_Reward/ang_vel_xy_l2: -0.0612
Episode_Reward/flat_orientation_l2: -0.0792
     Episode_Reward/base_height_l2: -0.0208
   Episode_Reward/joint_torques_l2: -0.0099
       Episode_Reward/joint_vel_l2: -0.0003
       Episode_Reward/joint_acc_l2: -0.0141
   Episode_Reward/joint_pos_limits: -0.0000
        Episode_Reward/joint_power: -0.0008
        Episode_Reward/stand_still: -0.0424
     Episode_Reward/action_rate_l2: -0.2494
 Episode_Reward/undesired_contacts: -0.0080
Episode_Reward/track_lin_vel_xy_exp: 0.8498
Episode_Reward/track_ang_vel_z_exp: 0.6410
      Episode_Reward/feet_air_time: 0.0023
Episode_Reward/feet_air_time_variance: -0.1305
         Episode_Reward/feet_slide: -0.0362
     Episode_Reward/feet_clearance: 0.7054
Episode_Reward/feet_distance_y_exp: 0.7789
   Episode_Reward/feet_landing_vel: -0.0010
 Episode_Reward/joint_vel_wheel_l2: -0.0038
 Episode_Reward/joint_acc_wheel_l2: -0.0001
Episode_Reward/joint_torques_wheel_l2: -0.0000
Episode_Reward/bipedal_gait_reward: -0.7644
Episode_Reward/feet_distance_penalize: -0.0145
        Episode_Reward/stop_motion: -0.0560
  Episode_Reward/action_smoothness: -0.3105
       Episode_Reward/lazy_penalty: -0.0639
         Episode_Reward/keep_alive: 0.0589
Episode_Reward/joint_deviation_hip: -0.0135
Episode_Reward/joint_deviation_ankle: -0.0255
Episode_Reward/joint_deviation_legs: -0.0061
Episode_Reward/body_orientation_l2: -0.0475
 Episode_Reward/ankle_torque_limit: -0.0004
Episode_Reward/penalize_hip_roll_action: -0.2298
Episode_Reward/feet_impact_reduction: -0.0000
Metrics/base_velocity/error_vel_xy: 0.4310
Metrics/base_velocity/error_vel_yaw: 0.3428
      Episode_Termination/time_out: 0.0290
Episode_Termination/terrain_out_of_bounds: 0.0000
Episode_Termination/illegal_contact: 0.9711
--------------------------------------------------------------------------------
                   Total timesteps: 12091392
                    Iteration time: 1.69s
                      Time elapsed: 00:03:48
                               ETA: 12:50:10

################################################################################
                     [1m Learning iteration 123/25000 [0m                     

                       Computation: 53834 steps/s (collection: 1.293s, learning 0.533s)
             Mean action noise std: 0.50
          Mean value_function loss: 0.7151
               Mean surrogate loss: -0.0008
                 Mean entropy loss: 6.8961
                Mean priv_reg loss: 0.5154
                Mean amp/loss loss: 0.5021
            Mean amp/grad_pen loss: 0.1872
         Mean amp/policy_pred loss: -0.3073
         Mean amp/expert_pred loss: 0.3140
                       Mean reward: 3.02
               Mean episode length: 246.17
      Episode_Reward/is_terminated: -0.1978
       Episode_Reward/lin_vel_z_l2: -0.0266
      Episode_Reward/ang_vel_xy_l2: -0.0566
Episode_Reward/flat_orientation_l2: -0.0768
     Episode_Reward/base_height_l2: -0.0196
   Episode_Reward/joint_torques_l2: -0.0078
       Episode_Reward/joint_vel_l2: -0.0003
       Episode_Reward/joint_acc_l2: -0.0125
   Episode_Reward/joint_pos_limits: -0.0000
        Episode_Reward/joint_power: -0.0006
        Episode_Reward/stand_still: -0.0340
     Episode_Reward/action_rate_l2: -0.2103
 Episode_Reward/undesired_contacts: -0.0088
Episode_Reward/track_lin_vel_xy_exp: 0.6879
Episode_Reward/track_ang_vel_z_exp: 0.5179
      Episode_Reward/feet_air_time: 0.0022
Episode_Reward/feet_air_time_variance: -0.1024
         Episode_Reward/feet_slide: -0.0322
     Episode_Reward/feet_clearance: 0.5887
Episode_Reward/feet_distance_y_exp: 0.6503
   Episode_Reward/feet_landing_vel: -0.0009
 Episode_Reward/joint_vel_wheel_l2: -0.0032
 Episode_Reward/joint_acc_wheel_l2: -0.0001
Episode_Reward/joint_torques_wheel_l2: -0.0000
Episode_Reward/bipedal_gait_reward: -0.6412
Episode_Reward/feet_distance_penalize: -0.0143
        Episode_Reward/stop_motion: -0.0513
  Episode_Reward/action_smoothness: -0.2609
       Episode_Reward/lazy_penalty: -0.0491
         Episode_Reward/keep_alive: 0.0492
Episode_Reward/joint_deviation_hip: -0.0116
Episode_Reward/joint_deviation_ankle: -0.0196
Episode_Reward/joint_deviation_legs: -0.0050
Episode_Reward/body_orientation_l2: -0.0461
 Episode_Reward/ankle_torque_limit: -0.0004
Episode_Reward/penalize_hip_roll_action: -0.1942
Episode_Reward/feet_impact_reduction: -0.0000
Metrics/base_velocity/error_vel_xy: 0.3763
Metrics/base_velocity/error_vel_yaw: 0.2974
      Episode_Termination/time_out: 0.0217
Episode_Termination/terrain_out_of_bounds: 0.0000
Episode_Termination/illegal_contact: 0.9785
--------------------------------------------------------------------------------
                   Total timesteps: 12189696
                    Iteration time: 1.83s
                      Time elapsed: 00:03:50
                               ETA: 12:50:01

################################################################################
                     [1m Learning iteration 124/25000 [0m                     

                       Computation: 54658 steps/s (collection: 1.268s, learning 0.530s)
             Mean action noise std: 0.50
          Mean value_function loss: 0.5347
               Mean surrogate loss: 0.0006
                 Mean entropy loss: 6.8906
                Mean priv_reg loss: 0.4522
                Mean amp/loss loss: 0.5125
            Mean amp/grad_pen loss: 0.1846
         Mean amp/policy_pred loss: -0.2920
         Mean amp/expert_pred loss: 0.3107
                       Mean reward: 1.58
               Mean episode length: 192.86
      Episode_Reward/is_terminated: -0.1958
       Episode_Reward/lin_vel_z_l2: -0.0256
      Episode_Reward/ang_vel_xy_l2: -0.0412
Episode_Reward/flat_orientation_l2: -0.0646
     Episode_Reward/base_height_l2: -0.0161
   Episode_Reward/joint_torques_l2: -0.0045
       Episode_Reward/joint_vel_l2: -0.0002
       Episode_Reward/joint_acc_l2: -0.0087
   Episode_Reward/joint_pos_limits: -0.0000
        Episode_Reward/joint_power: -0.0004
        Episode_Reward/stand_still: -0.0135
     Episode_Reward/action_rate_l2: -0.1252
 Episode_Reward/undesired_contacts: -0.0097
Episode_Reward/track_lin_vel_xy_exp: 0.3806
Episode_Reward/track_ang_vel_z_exp: 0.3077
      Episode_Reward/feet_air_time: 0.0018
Episode_Reward/feet_air_time_variance: -0.0570
         Episode_Reward/feet_slide: -0.0240
     Episode_Reward/feet_clearance: 0.3482
Episode_Reward/feet_distance_y_exp: 0.3843
   Episode_Reward/feet_landing_vel: -0.0007
 Episode_Reward/joint_vel_wheel_l2: -0.0019
 Episode_Reward/joint_acc_wheel_l2: -0.0001
Episode_Reward/joint_torques_wheel_l2: -0.0000
Episode_Reward/bipedal_gait_reward: -0.3815
Episode_Reward/feet_distance_penalize: -0.0140
        Episode_Reward/stop_motion: -0.0428
  Episode_Reward/action_smoothness: -0.1547
       Episode_Reward/lazy_penalty: -0.0253
         Episode_Reward/keep_alive: 0.0291
Episode_Reward/joint_deviation_hip: -0.0068
Episode_Reward/joint_deviation_ankle: -0.0113
Episode_Reward/joint_deviation_legs: -0.0029
Episode_Reward/body_orientation_l2: -0.0388
 Episode_Reward/ankle_torque_limit: -0.0005
Episode_Reward/penalize_hip_roll_action: -0.1165
Episode_Reward/feet_impact_reduction: -0.0000
Metrics/base_velocity/error_vel_xy: 0.2463
Metrics/base_velocity/error_vel_yaw: 0.1787
      Episode_Termination/time_out: 0.0190
Episode_Termination/terrain_out_of_bounds: 0.0000
Episode_Termination/illegal_contact: 0.9813
--------------------------------------------------------------------------------
                   Total timesteps: 12288000
                    Iteration time: 1.80s
                      Time elapsed: 00:03:52
                               ETA: 12:49:48

################################################################################
                     [1m Learning iteration 125/25000 [0m                     

                       Computation: 52143 steps/s (collection: 1.350s, learning 0.535s)
             Mean action noise std: 0.50
          Mean value_function loss: 0.4462
               Mean surrogate loss: -0.0002
                 Mean entropy loss: 6.8761
                Mean priv_reg loss: 0.4199
                Mean amp/loss loss: 0.5087
            Mean amp/grad_pen loss: 0.1851
         Mean amp/policy_pred loss: -0.2981
         Mean amp/expert_pred loss: 0.3099
                       Mean reward: -2.94
               Mean episode length: 116.00
      Episode_Reward/is_terminated: -0.1970
       Episode_Reward/lin_vel_z_l2: -0.0269
      Episode_Reward/ang_vel_xy_l2: -0.0385
Episode_Reward/flat_orientation_l2: -0.0650
     Episode_Reward/base_height_l2: -0.0166
   Episode_Reward/joint_torques_l2: -0.0038
       Episode_Reward/joint_vel_l2: -0.0002
       Episode_Reward/joint_acc_l2: -0.0073
   Episode_Reward/joint_pos_limits: -0.0000
        Episode_Reward/joint_power: -0.0003
        Episode_Reward/stand_still: -0.0054
     Episode_Reward/action_rate_l2: -0.1014
 Episode_Reward/undesired_contacts: -0.0116
Episode_Reward/track_lin_vel_xy_exp: 0.3282
Episode_Reward/track_ang_vel_z_exp: 0.2491
      Episode_Reward/feet_air_time: 0.0017
Episode_Reward/feet_air_time_variance: -0.0458
         Episode_Reward/feet_slide: -0.0223
     Episode_Reward/feet_clearance: 0.2839
Episode_Reward/feet_distance_y_exp: 0.3111
   Episode_Reward/feet_landing_vel: -0.0007
 Episode_Reward/joint_vel_wheel_l2: -0.0015
 Episode_Reward/joint_acc_wheel_l2: -0.0001
Episode_Reward/joint_torques_wheel_l2: -0.0000
Episode_Reward/bipedal_gait_reward: -0.3141
Episode_Reward/feet_distance_penalize: -0.0152
        Episode_Reward/stop_motion: -0.0256
  Episode_Reward/action_smoothness: -0.1253
       Episode_Reward/lazy_penalty: -0.0185
         Episode_Reward/keep_alive: 0.0236
Episode_Reward/joint_deviation_hip: -0.0057
Episode_Reward/joint_deviation_ankle: -0.0094
Episode_Reward/joint_deviation_legs: -0.0024
Episode_Reward/body_orientation_l2: -0.0390
 Episode_Reward/ankle_torque_limit: -0.0004
Episode_Reward/penalize_hip_roll_action: -0.0956
Episode_Reward/feet_impact_reduction: -0.0000
Metrics/base_velocity/error_vel_xy: 0.1944
Metrics/base_velocity/error_vel_yaw: 0.1503
      Episode_Termination/time_out: 0.0202
Episode_Termination/terrain_out_of_bounds: 0.0000
Episode_Termination/illegal_contact: 0.9801
--------------------------------------------------------------------------------
                   Total timesteps: 12386304
                    Iteration time: 1.89s
                      Time elapsed: 00:03:53
                               ETA: 12:49:52

################################################################################
                     [1m Learning iteration 126/25000 [0m                     

                       Computation: 55707 steps/s (collection: 1.239s, learning 0.526s)
             Mean action noise std: 0.50
          Mean value_function loss: 0.4437
               Mean surrogate loss: 0.0019
                 Mean entropy loss: 6.8618
                Mean priv_reg loss: 0.3875
                Mean amp/loss loss: 0.5037
            Mean amp/grad_pen loss: 0.1890
         Mean amp/policy_pred loss: -0.3021
         Mean amp/expert_pred loss: 0.3122
                       Mean reward: -1.23
               Mean episode length: 146.63
      Episode_Reward/is_terminated: -0.1958
       Episode_Reward/lin_vel_z_l2: -0.0279
      Episode_Reward/ang_vel_xy_l2: -0.0398
Episode_Reward/flat_orientation_l2: -0.0645
     Episode_Reward/base_height_l2: -0.0167
   Episode_Reward/joint_torques_l2: -0.0038
       Episode_Reward/joint_vel_l2: -0.0002
       Episode_Reward/joint_acc_l2: -0.0078
   Episode_Reward/joint_pos_limits: -0.0000
        Episode_Reward/joint_power: -0.0003
        Episode_Reward/stand_still: -0.0306
     Episode_Reward/action_rate_l2: -0.1044
 Episode_Reward/undesired_contacts: -0.0124
Episode_Reward/track_lin_vel_xy_exp: 0.3225
Episode_Reward/track_ang_vel_z_exp: 0.2489
      Episode_Reward/feet_air_time: 0.0017
Episode_Reward/feet_air_time_variance: -0.0472
         Episode_Reward/feet_slide: -0.0227
     Episode_Reward/feet_clearance: 0.2807
Episode_Reward/feet_distance_y_exp: 0.3187
   Episode_Reward/feet_landing_vel: -0.0007
 Episode_Reward/joint_vel_wheel_l2: -0.0016
 Episode_Reward/joint_acc_wheel_l2: -0.0001
Episode_Reward/joint_torques_wheel_l2: -0.0000
Episode_Reward/bipedal_gait_reward: -0.3097
Episode_Reward/feet_distance_penalize: -0.0176
        Episode_Reward/stop_motion: -0.0450
  Episode_Reward/action_smoothness: -0.1290
       Episode_Reward/lazy_penalty: -0.0185
         Episode_Reward/keep_alive: 0.0242
Episode_Reward/joint_deviation_hip: -0.0060
Episode_Reward/joint_deviation_ankle: -0.0098
Episode_Reward/joint_deviation_legs: -0.0025
Episode_Reward/body_orientation_l2: -0.0387
 Episode_Reward/ankle_torque_limit: -0.0005
Episode_Reward/penalize_hip_roll_action: -0.0986
Episode_Reward/feet_impact_reduction: -0.0000
Metrics/base_velocity/error_vel_xy: 0.2091
Metrics/base_velocity/error_vel_yaw: 0.1559
      Episode_Termination/time_out: 0.0206
Episode_Termination/terrain_out_of_bounds: 0.0000
Episode_Termination/illegal_contact: 0.9796
--------------------------------------------------------------------------------
                   Total timesteps: 12484608
                    Iteration time: 1.76s
                      Time elapsed: 00:03:55
                               ETA: 12:49:32

################################################################################
                     [1m Learning iteration 127/25000 [0m                     

                       Computation: 51759 steps/s (collection: 1.369s, learning 0.530s)
             Mean action noise std: 0.50
          Mean value_function loss: 0.3426
               Mean surrogate loss: -0.0030
                 Mean entropy loss: 6.8571
                Mean priv_reg loss: 0.3720
                Mean amp/loss loss: 0.5104
            Mean amp/grad_pen loss: 0.1864
         Mean amp/policy_pred loss: -0.2921
         Mean amp/expert_pred loss: 0.3106
                       Mean reward: 1.13
               Mean episode length: 162.75
      Episode_Reward/is_terminated: -0.1954
       Episode_Reward/lin_vel_z_l2: -0.0281
      Episode_Reward/ang_vel_xy_l2: -0.0397
Episode_Reward/flat_orientation_l2: -0.0627
     Episode_Reward/base_height_l2: -0.0164
   Episode_Reward/joint_torques_l2: -0.0039
       Episode_Reward/joint_vel_l2: -0.0002
       Episode_Reward/joint_acc_l2: -0.0073
   Episode_Reward/joint_pos_limits: -0.0000
        Episode_Reward/joint_power: -0.0003
        Episode_Reward/stand_still: -0.0025
     Episode_Reward/action_rate_l2: -0.1058
 Episode_Reward/undesired_contacts: -0.0118
Episode_Reward/track_lin_vel_xy_exp: 0.3567
Episode_Reward/track_ang_vel_z_exp: 0.2533
      Episode_Reward/feet_air_time: 0.0016
Episode_Reward/feet_air_time_variance: -0.0504
         Episode_Reward/feet_slide: -0.0224
     Episode_Reward/feet_clearance: 0.2965
Episode_Reward/feet_distance_y_exp: 0.3221
   Episode_Reward/feet_landing_vel: -0.0008
 Episode_Reward/joint_vel_wheel_l2: -0.0016
 Episode_Reward/joint_acc_wheel_l2: -0.0000
Episode_Reward/joint_torques_wheel_l2: -0.0000
Episode_Reward/bipedal_gait_reward: -0.3262
Episode_Reward/feet_distance_penalize: -0.0117
        Episode_Reward/stop_motion: -0.0293
  Episode_Reward/action_smoothness: -0.1310
       Episode_Reward/lazy_penalty: -0.0198
         Episode_Reward/keep_alive: 0.0244
Episode_Reward/joint_deviation_hip: -0.0059
Episode_Reward/joint_deviation_ankle: -0.0100
Episode_Reward/joint_deviation_legs: -0.0025
Episode_Reward/body_orientation_l2: -0.0376
 Episode_Reward/ankle_torque_limit: -0.0004
Episode_Reward/penalize_hip_roll_action: -0.0978
Episode_Reward/feet_impact_reduction: -0.0000
Metrics/base_velocity/error_vel_xy: 0.2047
Metrics/base_velocity/error_vel_yaw: 0.1539
      Episode_Termination/time_out: 0.0204
Episode_Termination/terrain_out_of_bounds: 0.0000
Episode_Termination/illegal_contact: 0.9796
--------------------------------------------------------------------------------
                   Total timesteps: 12582912
                    Iteration time: 1.90s
                      Time elapsed: 00:03:57
                               ETA: 12:49:38

################################################################################
                     [1m Learning iteration 128/25000 [0m                     

                       Computation: 54682 steps/s (collection: 1.274s, learning 0.523s)
             Mean action noise std: 0.50
          Mean value_function loss: 0.3951
               Mean surrogate loss: -0.0003
                 Mean entropy loss: 6.8399
                Mean priv_reg loss: 0.3626
                Mean amp/loss loss: 0.5081
            Mean amp/grad_pen loss: 0.1863
         Mean amp/policy_pred loss: -0.2988
         Mean amp/expert_pred loss: 0.3078
                       Mean reward: 0.23
               Mean episode length: 198.90
      Episode_Reward/is_terminated: -0.1942
       Episode_Reward/lin_vel_z_l2: -0.0316
      Episode_Reward/ang_vel_xy_l2: -0.0453
Episode_Reward/flat_orientation_l2: -0.0663
     Episode_Reward/base_height_l2: -0.0179
   Episode_Reward/joint_torques_l2: -0.0048
       Episode_Reward/joint_vel_l2: -0.0002
       Episode_Reward/joint_acc_l2: -0.0088
   Episode_Reward/joint_pos_limits: -0.0000
        Episode_Reward/joint_power: -0.0004
        Episode_Reward/stand_still: -0.0268
     Episode_Reward/action_rate_l2: -0.1296
 Episode_Reward/undesired_contacts: -0.0124
Episode_Reward/track_lin_vel_xy_exp: 0.3950
Episode_Reward/track_ang_vel_z_exp: 0.3013
      Episode_Reward/feet_air_time: 0.0025
Episode_Reward/feet_air_time_variance: -0.0576
         Episode_Reward/feet_slide: -0.0249
     Episode_Reward/feet_clearance: 0.3566
Episode_Reward/feet_distance_y_exp: 0.3950
   Episode_Reward/feet_landing_vel: -0.0008
 Episode_Reward/joint_vel_wheel_l2: -0.0020
 Episode_Reward/joint_acc_wheel_l2: -0.0001
Episode_Reward/joint_torques_wheel_l2: -0.0000
Episode_Reward/bipedal_gait_reward: -0.3935
Episode_Reward/feet_distance_penalize: -0.0228
        Episode_Reward/stop_motion: -0.0485
  Episode_Reward/action_smoothness: -0.1610
       Episode_Reward/lazy_penalty: -0.0289
         Episode_Reward/keep_alive: 0.0299
Episode_Reward/joint_deviation_hip: -0.0069
Episode_Reward/joint_deviation_ankle: -0.0122
Episode_Reward/joint_deviation_legs: -0.0032
Episode_Reward/body_orientation_l2: -0.0398
 Episode_Reward/ankle_torque_limit: -0.0005
Episode_Reward/penalize_hip_roll_action: -0.1191
Episode_Reward/feet_impact_reduction: -0.0000
Metrics/base_velocity/error_vel_xy: 0.2504
Metrics/base_velocity/error_vel_yaw: 0.1912
      Episode_Termination/time_out: 0.0209
Episode_Termination/terrain_out_of_bounds: 0.0000
Episode_Termination/illegal_contact: 0.9791
--------------------------------------------------------------------------------
                   Total timesteps: 12681216
                    Iteration time: 1.80s
                      Time elapsed: 00:03:59
                               ETA: 12:49:25

################################################################################
                     [1m Learning iteration 129/25000 [0m                     

                       Computation: 54557 steps/s (collection: 1.272s, learning 0.529s)
             Mean action noise std: 0.50
          Mean value_function loss: 0.3245
               Mean surrogate loss: -0.0007
                 Mean entropy loss: 6.8287
                Mean priv_reg loss: 0.3554
                Mean amp/loss loss: 0.5110
            Mean amp/grad_pen loss: 0.1850
         Mean amp/policy_pred loss: -0.2956
         Mean amp/expert_pred loss: 0.3061
                       Mean reward: 1.47
               Mean episode length: 213.11
      Episode_Reward/is_terminated: -0.1964
       Episode_Reward/lin_vel_z_l2: -0.0297
      Episode_Reward/ang_vel_xy_l2: -0.0441
Episode_Reward/flat_orientation_l2: -0.0659
     Episode_Reward/base_height_l2: -0.0180
   Episode_Reward/joint_torques_l2: -0.0045
       Episode_Reward/joint_vel_l2: -0.0002
       Episode_Reward/joint_acc_l2: -0.0087
   Episode_Reward/joint_pos_limits: -0.0000
        Episode_Reward/joint_power: -0.0004
        Episode_Reward/stand_still: -0.0175
     Episode_Reward/action_rate_l2: -0.1215
 Episode_Reward/undesired_contacts: -0.0117
Episode_Reward/track_lin_vel_xy_exp: 0.3643
Episode_Reward/track_ang_vel_z_exp: 0.2739
      Episode_Reward/feet_air_time: 0.0016
Episode_Reward/feet_air_time_variance: -0.0528
         Episode_Reward/feet_slide: -0.0242
     Episode_Reward/feet_clearance: 0.3340
Episode_Reward/feet_distance_y_exp: 0.3733
   Episode_Reward/feet_landing_vel: -0.0007
 Episode_Reward/joint_vel_wheel_l2: -0.0020
 Episode_Reward/joint_acc_wheel_l2: -0.0001
Episode_Reward/joint_torques_wheel_l2: -0.0000
Episode_Reward/bipedal_gait_reward: -0.3663
Episode_Reward/feet_distance_penalize: -0.0228
        Episode_Reward/stop_motion: -0.0347
  Episode_Reward/action_smoothness: -0.1507
       Episode_Reward/lazy_penalty: -0.0257
         Episode_Reward/keep_alive: 0.0282
Episode_Reward/joint_deviation_hip: -0.0064
Episode_Reward/joint_deviation_ankle: -0.0114
Episode_Reward/joint_deviation_legs: -0.0030
Episode_Reward/body_orientation_l2: -0.0396
 Episode_Reward/ankle_torque_limit: -0.0003
Episode_Reward/penalize_hip_roll_action: -0.1116
Episode_Reward/feet_impact_reduction: -0.0000
Metrics/base_velocity/error_vel_xy: 0.2436
Metrics/base_velocity/error_vel_yaw: 0.1851
      Episode_Termination/time_out: 0.0201
Episode_Termination/terrain_out_of_bounds: 0.0000
Episode_Termination/illegal_contact: 0.9799
--------------------------------------------------------------------------------
                   Total timesteps: 12779520
                    Iteration time: 1.80s
                      Time elapsed: 00:04:01
                               ETA: 12:49:13

################################################################################
                     [1m Learning iteration 130/25000 [0m                     

                       Computation: 55060 steps/s (collection: 1.253s, learning 0.533s)
             Mean action noise std: 0.50
          Mean value_function loss: 0.2614
               Mean surrogate loss: 0.0001
                 Mean entropy loss: 6.7992
                Mean priv_reg loss: 0.3505
                Mean amp/loss loss: 0.5051
            Mean amp/grad_pen loss: 0.1871
         Mean amp/policy_pred loss: -0.3055
         Mean amp/expert_pred loss: 0.3061
                       Mean reward: 1.78
               Mean episode length: 236.20
      Episode_Reward/is_terminated: -0.1944
       Episode_Reward/lin_vel_z_l2: -0.0362
      Episode_Reward/ang_vel_xy_l2: -0.0555
Episode_Reward/flat_orientation_l2: -0.0716
     Episode_Reward/base_height_l2: -0.0202
   Episode_Reward/joint_torques_l2: -0.0056
       Episode_Reward/joint_vel_l2: -0.0002
       Episode_Reward/joint_acc_l2: -0.0093
   Episode_Reward/joint_pos_limits: -0.0000
        Episode_Reward/joint_power: -0.0005
        Episode_Reward/stand_still: -0.0679
     Episode_Reward/action_rate_l2: -0.1568
 Episode_Reward/undesired_contacts: -0.0165
Episode_Reward/track_lin_vel_xy_exp: 0.4871
Episode_Reward/track_ang_vel_z_exp: 0.3975
      Episode_Reward/feet_air_time: 0.0023
Episode_Reward/feet_air_time_variance: -0.0712
         Episode_Reward/feet_slide: -0.0281
     Episode_Reward/feet_clearance: 0.4129
Episode_Reward/feet_distance_y_exp: 0.4774
   Episode_Reward/feet_landing_vel: -0.0008
 Episode_Reward/joint_vel_wheel_l2: -0.0027
 Episode_Reward/joint_acc_wheel_l2: -0.0001
Episode_Reward/joint_torques_wheel_l2: -0.0000
Episode_Reward/bipedal_gait_reward: -0.4495
Episode_Reward/feet_distance_penalize: -0.0209
        Episode_Reward/stop_motion: -0.0590
  Episode_Reward/action_smoothness: -0.1946
       Episode_Reward/lazy_penalty: -0.0332
         Episode_Reward/keep_alive: 0.0361
Episode_Reward/joint_deviation_hip: -0.0081
Episode_Reward/joint_deviation_ankle: -0.0139
Episode_Reward/joint_deviation_legs: -0.0038
Episode_Reward/body_orientation_l2: -0.0430
 Episode_Reward/ankle_torque_limit: -0.0004
Episode_Reward/penalize_hip_roll_action: -0.1425
Episode_Reward/feet_impact_reduction: -0.0000
Metrics/base_velocity/error_vel_xy: 0.2971
Metrics/base_velocity/error_vel_yaw: 0.2143
      Episode_Termination/time_out: 0.0208
Episode_Termination/terrain_out_of_bounds: 0.0000
Episode_Termination/illegal_contact: 0.9792
--------------------------------------------------------------------------------
                   Total timesteps: 12877824
                    Iteration time: 1.79s
                      Time elapsed: 00:04:03
                               ETA: 12:48:58

################################################################################
                     [1m Learning iteration 131/25000 [0m                     

                       Computation: 53913 steps/s (collection: 1.284s, learning 0.539s)
             Mean action noise std: 0.50
          Mean value_function loss: 0.4541
               Mean surrogate loss: 0.0003
                 Mean entropy loss: 6.7826
                Mean priv_reg loss: 0.3511
                Mean amp/loss loss: 0.5065
            Mean amp/grad_pen loss: 0.1860
         Mean amp/policy_pred loss: -0.3035
         Mean amp/expert_pred loss: 0.3057
                       Mean reward: 3.46
               Mean episode length: 256.31
      Episode_Reward/is_terminated: -0.1921
       Episode_Reward/lin_vel_z_l2: -0.0355
      Episode_Reward/ang_vel_xy_l2: -0.0568
Episode_Reward/flat_orientation_l2: -0.0762
     Episode_Reward/base_height_l2: -0.0216
   Episode_Reward/joint_torques_l2: -0.0062
       Episode_Reward/joint_vel_l2: -0.0002
       Episode_Reward/joint_acc_l2: -0.0107
   Episode_Reward/joint_pos_limits: -0.0000
        Episode_Reward/joint_power: -0.0005
        Episode_Reward/stand_still: -0.0608
     Episode_Reward/action_rate_l2: -0.1717
 Episode_Reward/undesired_contacts: -0.0146
Episode_Reward/track_lin_vel_xy_exp: 0.5307
Episode_Reward/track_ang_vel_z_exp: 0.4289
      Episode_Reward/feet_air_time: 0.0025
Episode_Reward/feet_air_time_variance: -0.0866
         Episode_Reward/feet_slide: -0.0289
     Episode_Reward/feet_clearance: 0.4757
Episode_Reward/feet_distance_y_exp: 0.5273
   Episode_Reward/feet_landing_vel: -0.0007
 Episode_Reward/joint_vel_wheel_l2: -0.0031
 Episode_Reward/joint_acc_wheel_l2: -0.0001
Episode_Reward/joint_torques_wheel_l2: -0.0000
Episode_Reward/bipedal_gait_reward: -0.5162
Episode_Reward/feet_distance_penalize: -0.0295
        Episode_Reward/stop_motion: -0.0437
  Episode_Reward/action_smoothness: -0.2150
       Episode_Reward/lazy_penalty: -0.0463
         Episode_Reward/keep_alive: 0.0399
Episode_Reward/joint_deviation_hip: -0.0088
Episode_Reward/joint_deviation_ankle: -0.0158
Episode_Reward/joint_deviation_legs: -0.0043
Episode_Reward/body_orientation_l2: -0.0457
 Episode_Reward/ankle_torque_limit: -0.0008
Episode_Reward/penalize_hip_roll_action: -0.1554
Episode_Reward/feet_impact_reduction: -0.0000
Metrics/base_velocity/error_vel_xy: 0.3262
Metrics/base_velocity/error_vel_yaw: 0.2388
      Episode_Termination/time_out: 0.0209
Episode_Termination/terrain_out_of_bounds: 0.0000
Episode_Termination/illegal_contact: 0.9791
--------------------------------------------------------------------------------
                   Total timesteps: 12976128
                    Iteration time: 1.82s
                      Time elapsed: 00:04:04
                               ETA: 12:48:50

################################################################################
                     [1m Learning iteration 132/25000 [0m                     

                       Computation: 59224 steps/s (collection: 1.130s, learning 0.529s)
             Mean action noise std: 0.50
          Mean value_function loss: 0.7067
               Mean surrogate loss: -0.0003
                 Mean entropy loss: 6.7794
                Mean priv_reg loss: 0.3541
                Mean amp/loss loss: 0.5059
            Mean amp/grad_pen loss: 0.1881
         Mean amp/policy_pred loss: -0.3035
         Mean amp/expert_pred loss: 0.3069
                       Mean reward: 4.26
               Mean episode length: 293.61
      Episode_Reward/is_terminated: -0.1970
       Episode_Reward/lin_vel_z_l2: -0.0387
      Episode_Reward/ang_vel_xy_l2: -0.0678
Episode_Reward/flat_orientation_l2: -0.0790
     Episode_Reward/base_height_l2: -0.0237
   Episode_Reward/joint_torques_l2: -0.0074
       Episode_Reward/joint_vel_l2: -0.0003
       Episode_Reward/joint_acc_l2: -0.0121
   Episode_Reward/joint_pos_limits: -0.0000
        Episode_Reward/joint_power: -0.0006
        Episode_Reward/stand_still: -0.0014
     Episode_Reward/action_rate_l2: -0.2057
 Episode_Reward/undesired_contacts: -0.0157
Episode_Reward/track_lin_vel_xy_exp: 0.5314
Episode_Reward/track_ang_vel_z_exp: 0.5088
      Episode_Reward/feet_air_time: 0.0043
Episode_Reward/feet_air_time_variance: -0.1045
         Episode_Reward/feet_slide: -0.0325
     Episode_Reward/feet_clearance: 0.5886
Episode_Reward/feet_distance_y_exp: 0.6313
   Episode_Reward/feet_landing_vel: -0.0008
 Episode_Reward/joint_vel_wheel_l2: -0.0039
 Episode_Reward/joint_acc_wheel_l2: -0.0001
Episode_Reward/joint_torques_wheel_l2: -0.0000
Episode_Reward/bipedal_gait_reward: -0.6400
Episode_Reward/feet_distance_penalize: -0.0326
        Episode_Reward/stop_motion: -0.0405
  Episode_Reward/action_smoothness: -0.2574
       Episode_Reward/lazy_penalty: -0.0563
         Episode_Reward/keep_alive: 0.0478
Episode_Reward/joint_deviation_hip: -0.0108
Episode_Reward/joint_deviation_ankle: -0.0185
Episode_Reward/joint_deviation_legs: -0.0054
Episode_Reward/body_orientation_l2: -0.0474
 Episode_Reward/ankle_torque_limit: -0.0006
Episode_Reward/penalize_hip_roll_action: -0.1860
Episode_Reward/feet_impact_reduction: -0.0000
Metrics/base_velocity/error_vel_xy: 0.4075
Metrics/base_velocity/error_vel_yaw: 0.2874
      Episode_Termination/time_out: 0.0211
Episode_Termination/terrain_out_of_bounds: 0.0000
Episode_Termination/illegal_contact: 0.9789
--------------------------------------------------------------------------------
                   Total timesteps: 13074432
                    Iteration time: 1.66s
                      Time elapsed: 00:04:06
                               ETA: 12:48:11

################################################################################
                     [1m Learning iteration 133/25000 [0m                     

                       Computation: 54736 steps/s (collection: 1.270s, learning 0.526s)
             Mean action noise std: 0.50
          Mean value_function loss: 0.8926
               Mean surrogate loss: 0.0007
                 Mean entropy loss: 6.7801
                Mean priv_reg loss: 0.3696
                Mean amp/loss loss: 0.5087
            Mean amp/grad_pen loss: 0.1877
         Mean amp/policy_pred loss: -0.3018
         Mean amp/expert_pred loss: 0.3036
                       Mean reward: 7.67
               Mean episode length: 354.15
      Episode_Reward/is_terminated: -0.2000
       Episode_Reward/lin_vel_z_l2: -0.0446
      Episode_Reward/ang_vel_xy_l2: -0.0715
Episode_Reward/flat_orientation_l2: -0.0812
     Episode_Reward/base_height_l2: -0.0234
   Episode_Reward/joint_torques_l2: -0.0085
       Episode_Reward/joint_vel_l2: -0.0003
       Episode_Reward/joint_acc_l2: -0.0124
   Episode_Reward/joint_pos_limits: -0.0000
        Episode_Reward/joint_power: -0.0007
        Episode_Reward/stand_still: -0.1219
     Episode_Reward/action_rate_l2: -0.2354
 Episode_Reward/undesired_contacts: -0.0162
Episode_Reward/track_lin_vel_xy_exp: 0.7773
Episode_Reward/track_ang_vel_z_exp: 0.5607
      Episode_Reward/feet_air_time: 0.0033
Episode_Reward/feet_air_time_variance: -0.1104
         Episode_Reward/feet_slide: -0.0356
     Episode_Reward/feet_clearance: 0.6307
Episode_Reward/feet_distance_y_exp: 0.7184
   Episode_Reward/feet_landing_vel: -0.0009
 Episode_Reward/joint_vel_wheel_l2: -0.0044
 Episode_Reward/joint_acc_wheel_l2: -0.0001
Episode_Reward/joint_torques_wheel_l2: -0.0000
Episode_Reward/bipedal_gait_reward: -0.6861
Episode_Reward/feet_distance_penalize: -0.0331
        Episode_Reward/stop_motion: -0.0645
  Episode_Reward/action_smoothness: -0.2945
       Episode_Reward/lazy_penalty: -0.0626
         Episode_Reward/keep_alive: 0.0543
Episode_Reward/joint_deviation_hip: -0.0119
Episode_Reward/joint_deviation_ankle: -0.0210
Episode_Reward/joint_deviation_legs: -0.0060
Episode_Reward/body_orientation_l2: -0.0487
 Episode_Reward/ankle_torque_limit: -0.0004
Episode_Reward/penalize_hip_roll_action: -0.2102
Episode_Reward/feet_impact_reduction: -0.0000
Metrics/base_velocity/error_vel_xy: 0.4089
Metrics/base_velocity/error_vel_yaw: 0.3292
      Episode_Termination/time_out: 0.0204
Episode_Termination/terrain_out_of_bounds: 0.0000
Episode_Termination/illegal_contact: 0.9796
--------------------------------------------------------------------------------
                   Total timesteps: 13172736
                    Iteration time: 1.80s
                      Time elapsed: 00:04:08
                               ETA: 12:47:59

################################################################################
                     [1m Learning iteration 134/25000 [0m                     

                       Computation: 56882 steps/s (collection: 1.200s, learning 0.528s)
             Mean action noise std: 0.50
          Mean value_function loss: 1.1209
               Mean surrogate loss: 0.0019
                 Mean entropy loss: 6.7819
                Mean priv_reg loss: 0.3867
                Mean amp/loss loss: 0.5148
            Mean amp/grad_pen loss: 0.1884
         Mean amp/policy_pred loss: -0.2960
         Mean amp/expert_pred loss: 0.3001
                       Mean reward: 7.14
               Mean episode length: 351.75
      Episode_Reward/is_terminated: -0.2000
       Episode_Reward/lin_vel_z_l2: -0.0412
      Episode_Reward/ang_vel_xy_l2: -0.0675
Episode_Reward/flat_orientation_l2: -0.0750
     Episode_Reward/base_height_l2: -0.0223
   Episode_Reward/joint_torques_l2: -0.0083
       Episode_Reward/joint_vel_l2: -0.0003
       Episode_Reward/joint_acc_l2: -0.0128
   Episode_Reward/joint_pos_limits: -0.0000
        Episode_Reward/joint_power: -0.0007
        Episode_Reward/stand_still: -0.1173
     Episode_Reward/action_rate_l2: -0.2238
 Episode_Reward/undesired_contacts: -0.0129
Episode_Reward/track_lin_vel_xy_exp: 0.7968
Episode_Reward/track_ang_vel_z_exp: 0.5387
      Episode_Reward/feet_air_time: 0.0030
Episode_Reward/feet_air_time_variance: -0.1106
         Episode_Reward/feet_slide: -0.0346
     Episode_Reward/feet_clearance: 0.6177
Episode_Reward/feet_distance_y_exp: 0.6902
   Episode_Reward/feet_landing_vel: -0.0008
 Episode_Reward/joint_vel_wheel_l2: -0.0042
 Episode_Reward/joint_acc_wheel_l2: -0.0001
Episode_Reward/joint_torques_wheel_l2: -0.0000
Episode_Reward/bipedal_gait_reward: -0.6686
Episode_Reward/feet_distance_penalize: -0.0357
        Episode_Reward/stop_motion: -0.0772
  Episode_Reward/action_smoothness: -0.2806
       Episode_Reward/lazy_penalty: -0.0636
         Episode_Reward/keep_alive: 0.0522
Episode_Reward/joint_deviation_hip: -0.0114
Episode_Reward/joint_deviation_ankle: -0.0206
Episode_Reward/joint_deviation_legs: -0.0058
Episode_Reward/body_orientation_l2: -0.0450
 Episode_Reward/ankle_torque_limit: -0.0005
Episode_Reward/penalize_hip_roll_action: -0.2025
Episode_Reward/feet_impact_reduction: -0.0000
Metrics/base_velocity/error_vel_xy: 0.3811
Metrics/base_velocity/error_vel_yaw: 0.3166
      Episode_Termination/time_out: 0.0196
Episode_Termination/terrain_out_of_bounds: 0.0000
Episode_Termination/illegal_contact: 0.9804
--------------------------------------------------------------------------------
                   Total timesteps: 13271040
                    Iteration time: 1.73s
                      Time elapsed: 00:04:10
                               ETA: 12:47:34

################################################################################
                     [1m Learning iteration 135/25000 [0m                     

                       Computation: 55475 steps/s (collection: 1.247s, learning 0.525s)
             Mean action noise std: 0.50
          Mean value_function loss: 1.2408
               Mean surrogate loss: 0.0001
                 Mean entropy loss: 6.8028
                Mean priv_reg loss: 0.4001
                Mean amp/loss loss: 0.5135
            Mean amp/grad_pen loss: 0.1825
         Mean amp/policy_pred loss: -0.3044
         Mean amp/expert_pred loss: 0.2950
                       Mean reward: 7.44
               Mean episode length: 368.17
      Episode_Reward/is_terminated: -0.1962
       Episode_Reward/lin_vel_z_l2: -0.0402
      Episode_Reward/ang_vel_xy_l2: -0.0689
Episode_Reward/flat_orientation_l2: -0.0799
     Episode_Reward/base_height_l2: -0.0239
   Episode_Reward/joint_torques_l2: -0.0087
       Episode_Reward/joint_vel_l2: -0.0003
       Episode_Reward/joint_acc_l2: -0.0130
   Episode_Reward/joint_pos_limits: -0.0000
        Episode_Reward/joint_power: -0.0007
        Episode_Reward/stand_still: -0.0614
     Episode_Reward/action_rate_l2: -0.2314
 Episode_Reward/undesired_contacts: -0.0138
Episode_Reward/track_lin_vel_xy_exp: 0.7836
Episode_Reward/track_ang_vel_z_exp: 0.5314
      Episode_Reward/feet_air_time: 0.0030
Episode_Reward/feet_air_time_variance: -0.1160
         Episode_Reward/feet_slide: -0.0342
     Episode_Reward/feet_clearance: 0.6481
Episode_Reward/feet_distance_y_exp: 0.7080
   Episode_Reward/feet_landing_vel: -0.0009
 Episode_Reward/joint_vel_wheel_l2: -0.0044
 Episode_Reward/joint_acc_wheel_l2: -0.0001
Episode_Reward/joint_torques_wheel_l2: -0.0000
Episode_Reward/bipedal_gait_reward: -0.7029
Episode_Reward/feet_distance_penalize: -0.0278
        Episode_Reward/stop_motion: -0.0451
  Episode_Reward/action_smoothness: -0.2886
       Episode_Reward/lazy_penalty: -0.0690
         Episode_Reward/keep_alive: 0.0536
Episode_Reward/joint_deviation_hip: -0.0122
Episode_Reward/joint_deviation_ankle: -0.0218
Episode_Reward/joint_deviation_legs: -0.0061
Episode_Reward/body_orientation_l2: -0.0479
 Episode_Reward/ankle_torque_limit: -0.0004
Episode_Reward/penalize_hip_roll_action: -0.2061
Episode_Reward/feet_impact_reduction: -0.0000
Metrics/base_velocity/error_vel_xy: 0.3999
Metrics/base_velocity/error_vel_yaw: 0.3371
      Episode_Termination/time_out: 0.0196
Episode_Termination/terrain_out_of_bounds: 0.0000
Episode_Termination/illegal_contact: 0.9804
--------------------------------------------------------------------------------
                   Total timesteps: 13369344
                    Iteration time: 1.77s
                      Time elapsed: 00:04:11
                               ETA: 12:47:18

################################################################################
                     [1m Learning iteration 136/25000 [0m                     

                       Computation: 59366 steps/s (collection: 1.127s, learning 0.529s)
             Mean action noise std: 0.50
          Mean value_function loss: 1.1829
               Mean surrogate loss: 0.0013
                 Mean entropy loss: 6.8253
                Mean priv_reg loss: 0.4156
                Mean amp/loss loss: 0.5077
            Mean amp/grad_pen loss: 0.1852
         Mean amp/policy_pred loss: -0.3090
         Mean amp/expert_pred loss: 0.3006
                       Mean reward: 7.50
               Mean episode length: 374.20
      Episode_Reward/is_terminated: -0.1962
       Episode_Reward/lin_vel_z_l2: -0.0425
      Episode_Reward/ang_vel_xy_l2: -0.0683
Episode_Reward/flat_orientation_l2: -0.0774
     Episode_Reward/base_height_l2: -0.0225
   Episode_Reward/joint_torques_l2: -0.0084
       Episode_Reward/joint_vel_l2: -0.0003
       Episode_Reward/joint_acc_l2: -0.0122
   Episode_Reward/joint_pos_limits: -0.0000
        Episode_Reward/joint_power: -0.0007
        Episode_Reward/stand_still: -0.0794
     Episode_Reward/action_rate_l2: -0.2241
 Episode_Reward/undesired_contacts: -0.0143
Episode_Reward/track_lin_vel_xy_exp: 0.6775
Episode_Reward/track_ang_vel_z_exp: 0.5426
      Episode_Reward/feet_air_time: 0.0031
Episode_Reward/feet_air_time_variance: -0.1168
         Episode_Reward/feet_slide: -0.0342
     Episode_Reward/feet_clearance: 0.6247
Episode_Reward/feet_distance_y_exp: 0.6886
   Episode_Reward/feet_landing_vel: -0.0009
 Episode_Reward/joint_vel_wheel_l2: -0.0043
 Episode_Reward/joint_acc_wheel_l2: -0.0001
Episode_Reward/joint_torques_wheel_l2: -0.0000
Episode_Reward/bipedal_gait_reward: -0.6720
Episode_Reward/feet_distance_penalize: -0.0291
        Episode_Reward/stop_motion: -0.0565
  Episode_Reward/action_smoothness: -0.2800
       Episode_Reward/lazy_penalty: -0.0684
         Episode_Reward/keep_alive: 0.0521
Episode_Reward/joint_deviation_hip: -0.0116
Episode_Reward/joint_deviation_ankle: -0.0209
Episode_Reward/joint_deviation_legs: -0.0058
Episode_Reward/body_orientation_l2: -0.0464
 Episode_Reward/ankle_torque_limit: -0.0005
Episode_Reward/penalize_hip_roll_action: -0.1990
Episode_Reward/feet_impact_reduction: -0.0000
Metrics/base_velocity/error_vel_xy: 0.4161
Metrics/base_velocity/error_vel_yaw: 0.3133
      Episode_Termination/time_out: 0.0199
Episode_Termination/terrain_out_of_bounds: 0.0000
Episode_Termination/illegal_contact: 0.9801
--------------------------------------------------------------------------------
                   Total timesteps: 13467648
                    Iteration time: 1.66s
                      Time elapsed: 00:04:13
                               ETA: 12:46:40

################################################################################
                     [1m Learning iteration 137/25000 [0m                     

                       Computation: 53588 steps/s (collection: 1.299s, learning 0.535s)
             Mean action noise std: 0.50
          Mean value_function loss: 1.4556
               Mean surrogate loss: 0.0032
                 Mean entropy loss: 6.8437
                Mean priv_reg loss: 0.4297
                Mean amp/loss loss: 0.5059
            Mean amp/grad_pen loss: 0.1880
         Mean amp/policy_pred loss: -0.3114
         Mean amp/expert_pred loss: 0.3017
                       Mean reward: 8.28
               Mean episode length: 346.14
      Episode_Reward/is_terminated: -0.1994
       Episode_Reward/lin_vel_z_l2: -0.0444
      Episode_Reward/ang_vel_xy_l2: -0.0703
Episode_Reward/flat_orientation_l2: -0.0807
     Episode_Reward/base_height_l2: -0.0239
   Episode_Reward/joint_torques_l2: -0.0087
       Episode_Reward/joint_vel_l2: -0.0003
       Episode_Reward/joint_acc_l2: -0.0130
   Episode_Reward/joint_pos_limits: -0.0000
        Episode_Reward/joint_power: -0.0007
        Episode_Reward/stand_still: -0.0137
     Episode_Reward/action_rate_l2: -0.2300
 Episode_Reward/undesired_contacts: -0.0152
Episode_Reward/track_lin_vel_xy_exp: 0.7245
Episode_Reward/track_ang_vel_z_exp: 0.5455
      Episode_Reward/feet_air_time: 0.0036
Episode_Reward/feet_air_time_variance: -0.1115
         Episode_Reward/feet_slide: -0.0344
     Episode_Reward/feet_clearance: 0.6597
Episode_Reward/feet_distance_y_exp: 0.7092
   Episode_Reward/feet_landing_vel: -0.0009
 Episode_Reward/joint_vel_wheel_l2: -0.0044
 Episode_Reward/joint_acc_wheel_l2: -0.0001
Episode_Reward/joint_torques_wheel_l2: -0.0000
Episode_Reward/bipedal_gait_reward: -0.7127
Episode_Reward/feet_distance_penalize: -0.0383
        Episode_Reward/stop_motion: -0.0383
  Episode_Reward/action_smoothness: -0.2875
       Episode_Reward/lazy_penalty: -0.0719
         Episode_Reward/keep_alive: 0.0536
Episode_Reward/joint_deviation_hip: -0.0117
Episode_Reward/joint_deviation_ankle: -0.0218
Episode_Reward/joint_deviation_legs: -0.0060
Episode_Reward/body_orientation_l2: -0.0484
 Episode_Reward/ankle_torque_limit: -0.0006
Episode_Reward/penalize_hip_roll_action: -0.2052
Episode_Reward/feet_impact_reduction: -0.0000
Metrics/base_velocity/error_vel_xy: 0.4214
Metrics/base_velocity/error_vel_yaw: 0.3301
      Episode_Termination/time_out: 0.0193
Episode_Termination/terrain_out_of_bounds: 0.0000
Episode_Termination/illegal_contact: 0.9807
--------------------------------------------------------------------------------
                   Total timesteps: 13565952
                    Iteration time: 1.83s
                      Time elapsed: 00:04:15
                               ETA: 12:46:36

################################################################################
                     [1m Learning iteration 138/25000 [0m                     

                       Computation: 58546 steps/s (collection: 1.154s, learning 0.525s)
             Mean action noise std: 0.50
          Mean value_function loss: 1.3174
               Mean surrogate loss: 0.0027
                 Mean entropy loss: 6.8517
                Mean priv_reg loss: 0.4343
                Mean amp/loss loss: 0.5170
            Mean amp/grad_pen loss: 0.1866
         Mean amp/policy_pred loss: -0.2964
         Mean amp/expert_pred loss: 0.2993
                       Mean reward: 4.28
               Mean episode length: 312.61
      Episode_Reward/is_terminated: -0.2000
       Episode_Reward/lin_vel_z_l2: -0.0461
      Episode_Reward/ang_vel_xy_l2: -0.0681
Episode_Reward/flat_orientation_l2: -0.0791
     Episode_Reward/base_height_l2: -0.0232
   Episode_Reward/joint_torques_l2: -0.0080
       Episode_Reward/joint_vel_l2: -0.0003
       Episode_Reward/joint_acc_l2: -0.0120
   Episode_Reward/joint_pos_limits: -0.0000
        Episode_Reward/joint_power: -0.0006
        Episode_Reward/stand_still: -0.0467
     Episode_Reward/action_rate_l2: -0.2106
 Episode_Reward/undesired_contacts: -0.0164
Episode_Reward/track_lin_vel_xy_exp: 0.6366
Episode_Reward/track_ang_vel_z_exp: 0.5065
      Episode_Reward/feet_air_time: 0.0037
Episode_Reward/feet_air_time_variance: -0.1082
         Episode_Reward/feet_slide: -0.0328
     Episode_Reward/feet_clearance: 0.5891
Episode_Reward/feet_distance_y_exp: 0.6465
   Episode_Reward/feet_landing_vel: -0.0009
 Episode_Reward/joint_vel_wheel_l2: -0.0040
 Episode_Reward/joint_acc_wheel_l2: -0.0001
Episode_Reward/joint_torques_wheel_l2: -0.0000
Episode_Reward/bipedal_gait_reward: -0.6379
Episode_Reward/feet_distance_penalize: -0.0431
        Episode_Reward/stop_motion: -0.0453
  Episode_Reward/action_smoothness: -0.2619
       Episode_Reward/lazy_penalty: -0.0625
         Episode_Reward/keep_alive: 0.0489
Episode_Reward/joint_deviation_hip: -0.0108
Episode_Reward/joint_deviation_ankle: -0.0203
Episode_Reward/joint_deviation_legs: -0.0054
Episode_Reward/body_orientation_l2: -0.0474
 Episode_Reward/ankle_torque_limit: -0.0005
Episode_Reward/penalize_hip_roll_action: -0.1870
Episode_Reward/feet_impact_reduction: -0.0000
Metrics/base_velocity/error_vel_xy: 0.3947
Metrics/base_velocity/error_vel_yaw: 0.2979
      Episode_Termination/time_out: 0.0187
Episode_Termination/terrain_out_of_bounds: 0.0000
Episode_Termination/illegal_contact: 0.9813
--------------------------------------------------------------------------------
                   Total timesteps: 13664256
                    Iteration time: 1.68s
                      Time elapsed: 00:04:16
                               ETA: 12:46:03

################################################################################
                     [1m Learning iteration 139/25000 [0m                     

                       Computation: 57004 steps/s (collection: 1.195s, learning 0.529s)
             Mean action noise std: 0.50
          Mean value_function loss: 1.2250
               Mean surrogate loss: 0.0031
                 Mean entropy loss: 6.8605
                Mean priv_reg loss: 0.4453
                Mean amp/loss loss: 0.5208
            Mean amp/grad_pen loss: 0.1803
         Mean amp/policy_pred loss: -0.2996
         Mean amp/expert_pred loss: 0.2903
                       Mean reward: 6.51
               Mean episode length: 341.28
      Episode_Reward/is_terminated: -0.1979
       Episode_Reward/lin_vel_z_l2: -0.0458
      Episode_Reward/ang_vel_xy_l2: -0.0696
Episode_Reward/flat_orientation_l2: -0.0767
     Episode_Reward/base_height_l2: -0.0232
   Episode_Reward/joint_torques_l2: -0.0086
       Episode_Reward/joint_vel_l2: -0.0003
       Episode_Reward/joint_acc_l2: -0.0126
   Episode_Reward/joint_pos_limits: -0.0000
        Episode_Reward/joint_power: -0.0007
        Episode_Reward/stand_still: -0.0805
     Episode_Reward/action_rate_l2: -0.2278
 Episode_Reward/undesired_contacts: -0.0152
Episode_Reward/track_lin_vel_xy_exp: 0.6930
Episode_Reward/track_ang_vel_z_exp: 0.5563
      Episode_Reward/feet_air_time: 0.0030
Episode_Reward/feet_air_time_variance: -0.1152
         Episode_Reward/feet_slide: -0.0342
     Episode_Reward/feet_clearance: 0.6331
Episode_Reward/feet_distance_y_exp: 0.6993
   Episode_Reward/feet_landing_vel: -0.0009
 Episode_Reward/joint_vel_wheel_l2: -0.0042
 Episode_Reward/joint_acc_wheel_l2: -0.0001
Episode_Reward/joint_torques_wheel_l2: -0.0000
Episode_Reward/bipedal_gait_reward: -0.6831
Episode_Reward/feet_distance_penalize: -0.0294
        Episode_Reward/stop_motion: -0.0629
  Episode_Reward/action_smoothness: -0.2841
       Episode_Reward/lazy_penalty: -0.0698
         Episode_Reward/keep_alive: 0.0529
Episode_Reward/joint_deviation_hip: -0.0115
Episode_Reward/joint_deviation_ankle: -0.0218
Episode_Reward/joint_deviation_legs: -0.0058
Episode_Reward/body_orientation_l2: -0.0460
 Episode_Reward/ankle_torque_limit: -0.0006
Episode_Reward/penalize_hip_roll_action: -0.2004
Episode_Reward/feet_impact_reduction: -0.0000
Metrics/base_velocity/error_vel_xy: 0.4249
Metrics/base_velocity/error_vel_yaw: 0.3162
      Episode_Termination/time_out: 0.0177
Episode_Termination/terrain_out_of_bounds: 0.0000
Episode_Termination/illegal_contact: 0.9823
--------------------------------------------------------------------------------
                   Total timesteps: 13762560
                    Iteration time: 1.72s
                      Time elapsed: 00:04:18
                               ETA: 12:45:39

################################################################################
                     [1m Learning iteration 140/25000 [0m                     

                       Computation: 53480 steps/s (collection: 1.239s, learning 0.599s)
             Mean action noise std: 0.50
          Mean value_function loss: 4.1015
               Mean surrogate loss: 0.2442
                 Mean entropy loss: 6.8657
                Mean priv_reg loss: 0.5717
                Mean amp/loss loss: 0.5082
            Mean amp/grad_pen loss: 0.1860
         Mean amp/policy_pred loss: -0.3182
         Mean amp/expert_pred loss: 0.2943
             Mean hist_latent loss: 0.5350
                       Mean reward: 7.25
               Mean episode length: 366.04
      Episode_Reward/is_terminated: -0.1977
       Episode_Reward/lin_vel_z_l2: -0.0424
      Episode_Reward/ang_vel_xy_l2: -0.0677
Episode_Reward/flat_orientation_l2: -0.0793
     Episode_Reward/base_height_l2: -0.0242
   Episode_Reward/joint_torques_l2: -0.0088
       Episode_Reward/joint_vel_l2: -0.0003
       Episode_Reward/joint_acc_l2: -0.0127
   Episode_Reward/joint_pos_limits: -0.0000
        Episode_Reward/joint_power: -0.0007
        Episode_Reward/stand_still: -0.0923
     Episode_Reward/action_rate_l2: -0.2295
 Episode_Reward/undesired_contacts: -0.0181
Episode_Reward/track_lin_vel_xy_exp: 0.7132
Episode_Reward/track_ang_vel_z_exp: 0.5575
      Episode_Reward/feet_air_time: 0.0025
Episode_Reward/feet_air_time_variance: -0.1127
         Episode_Reward/feet_slide: -0.0338
     Episode_Reward/feet_clearance: 0.6375
Episode_Reward/feet_distance_y_exp: 0.7096
   Episode_Reward/feet_landing_vel: -0.0009
 Episode_Reward/joint_vel_wheel_l2: -0.0043
 Episode_Reward/joint_acc_wheel_l2: -0.0001
Episode_Reward/joint_torques_wheel_l2: -0.0000
Episode_Reward/bipedal_gait_reward: -0.6913
Episode_Reward/feet_distance_penalize: -0.0203
        Episode_Reward/stop_motion: -0.0536
  Episode_Reward/action_smoothness: -0.2865
       Episode_Reward/lazy_penalty: -0.0704
         Episode_Reward/keep_alive: 0.0536
Episode_Reward/joint_deviation_hip: -0.0116
Episode_Reward/joint_deviation_ankle: -0.0229
Episode_Reward/joint_deviation_legs: -0.0060
Episode_Reward/body_orientation_l2: -0.0476
 Episode_Reward/ankle_torque_limit: -0.0006
Episode_Reward/penalize_hip_roll_action: -0.2031
Episode_Reward/feet_impact_reduction: -0.0000
Metrics/base_velocity/error_vel_xy: 0.4273
Metrics/base_velocity/error_vel_yaw: 0.3245
      Episode_Termination/time_out: 0.0170
Episode_Termination/terrain_out_of_bounds: 0.0000
Episode_Termination/illegal_contact: 0.9830
--------------------------------------------------------------------------------
                   Total timesteps: 13860864
                    Iteration time: 1.84s
                      Time elapsed: 00:04:20
                               ETA: 12:45:36

################################################################################
                     [1m Learning iteration 141/25000 [0m                     

                       Computation: 55011 steps/s (collection: 1.252s, learning 0.535s)
             Mean action noise std: 0.50
          Mean value_function loss: 1.3948
               Mean surrogate loss: -0.0015
                 Mean entropy loss: 6.8721
                Mean priv_reg loss: 0.4883
                Mean amp/loss loss: 0.5123
            Mean amp/grad_pen loss: 0.1783
         Mean amp/policy_pred loss: -0.3264
         Mean amp/expert_pred loss: 0.2821
                       Mean reward: 10.12
               Mean episode length: 399.41
      Episode_Reward/is_terminated: -0.1983
       Episode_Reward/lin_vel_z_l2: -0.0488
      Episode_Reward/ang_vel_xy_l2: -0.0700
Episode_Reward/flat_orientation_l2: -0.0756
     Episode_Reward/base_height_l2: -0.0231
   Episode_Reward/joint_torques_l2: -0.0085
       Episode_Reward/joint_vel_l2: -0.0003
       Episode_Reward/joint_acc_l2: -0.0129
   Episode_Reward/joint_pos_limits: -0.0000
        Episode_Reward/joint_power: -0.0007
        Episode_Reward/stand_still: -0.0473
     Episode_Reward/action_rate_l2: -0.2224
 Episode_Reward/undesired_contacts: -0.0166
Episode_Reward/track_lin_vel_xy_exp: 0.6738
Episode_Reward/track_ang_vel_z_exp: 0.5371
      Episode_Reward/feet_air_time: 0.0028
Episode_Reward/feet_air_time_variance: -0.1099
         Episode_Reward/feet_slide: -0.0335
     Episode_Reward/feet_clearance: 0.6232
Episode_Reward/feet_distance_y_exp: 0.6821
   Episode_Reward/feet_landing_vel: -0.0009
 Episode_Reward/joint_vel_wheel_l2: -0.0042
 Episode_Reward/joint_acc_wheel_l2: -0.0001
Episode_Reward/joint_torques_wheel_l2: -0.0000
Episode_Reward/bipedal_gait_reward: -0.6763
Episode_Reward/feet_distance_penalize: -0.0278
        Episode_Reward/stop_motion: -0.0459
  Episode_Reward/action_smoothness: -0.2763
       Episode_Reward/lazy_penalty: -0.0682
         Episode_Reward/keep_alive: 0.0516
Episode_Reward/joint_deviation_hip: -0.0112
Episode_Reward/joint_deviation_ankle: -0.0223
Episode_Reward/joint_deviation_legs: -0.0057
Episode_Reward/body_orientation_l2: -0.0454
 Episode_Reward/ankle_torque_limit: -0.0011
Episode_Reward/penalize_hip_roll_action: -0.1947
Episode_Reward/feet_impact_reduction: -0.0000
Metrics/base_velocity/error_vel_xy: 0.4200
Metrics/base_velocity/error_vel_yaw: 0.3122
      Episode_Termination/time_out: 0.0166
Episode_Termination/terrain_out_of_bounds: 0.0000
Episode_Termination/illegal_contact: 0.9834
--------------------------------------------------------------------------------
                   Total timesteps: 13959168
                    Iteration time: 1.79s
                      Time elapsed: 00:04:22
                               ETA: 12:45:23

################################################################################
                     [1m Learning iteration 142/25000 [0m                     

                       Computation: 54945 steps/s (collection: 1.262s, learning 0.527s)
             Mean action noise std: 0.50
          Mean value_function loss: 1.1633
               Mean surrogate loss: -0.0017
                 Mean entropy loss: 6.8861
                Mean priv_reg loss: 0.5473
                Mean amp/loss loss: 0.5134
            Mean amp/grad_pen loss: 0.1785
         Mean amp/policy_pred loss: -0.3131
         Mean amp/expert_pred loss: 0.2961
                       Mean reward: 8.51
               Mean episode length: 370.89
      Episode_Reward/is_terminated: -0.1968
       Episode_Reward/lin_vel_z_l2: -0.0546
      Episode_Reward/ang_vel_xy_l2: -0.0811
Episode_Reward/flat_orientation_l2: -0.0840
     Episode_Reward/base_height_l2: -0.0241
   Episode_Reward/joint_torques_l2: -0.0085
       Episode_Reward/joint_vel_l2: -0.0003
       Episode_Reward/joint_acc_l2: -0.0130
   Episode_Reward/joint_pos_limits: -0.0000
        Episode_Reward/joint_power: -0.0007
        Episode_Reward/stand_still: -0.0676
     Episode_Reward/action_rate_l2: -0.2385
 Episode_Reward/undesired_contacts: -0.0182
Episode_Reward/track_lin_vel_xy_exp: 0.7621
Episode_Reward/track_ang_vel_z_exp: 0.5642
      Episode_Reward/feet_air_time: 0.0028
Episode_Reward/feet_air_time_variance: -0.1154
         Episode_Reward/feet_slide: -0.0365
     Episode_Reward/feet_clearance: 0.6637
Episode_Reward/feet_distance_y_exp: 0.7297
   Episode_Reward/feet_landing_vel: -0.0009
 Episode_Reward/joint_vel_wheel_l2: -0.0044
 Episode_Reward/joint_acc_wheel_l2: -0.0001
Episode_Reward/joint_torques_wheel_l2: -0.0000
Episode_Reward/bipedal_gait_reward: -0.7185
Episode_Reward/feet_distance_penalize: -0.0294
        Episode_Reward/stop_motion: -0.0630
  Episode_Reward/action_smoothness: -0.2966
       Episode_Reward/lazy_penalty: -0.0709
         Episode_Reward/keep_alive: 0.0552
Episode_Reward/joint_deviation_hip: -0.0117
Episode_Reward/joint_deviation_ankle: -0.0210
Episode_Reward/joint_deviation_legs: -0.0061
Episode_Reward/body_orientation_l2: -0.0504
 Episode_Reward/ankle_torque_limit: -0.0014
Episode_Reward/penalize_hip_roll_action: -0.2083
Episode_Reward/feet_impact_reduction: -0.0000
Metrics/base_velocity/error_vel_xy: 0.4253
Metrics/base_velocity/error_vel_yaw: 0.3425
      Episode_Termination/time_out: 0.0164
Episode_Termination/terrain_out_of_bounds: 0.0000
Episode_Termination/illegal_contact: 0.9836
--------------------------------------------------------------------------------
                   Total timesteps: 14057472
                    Iteration time: 1.79s
                      Time elapsed: 00:04:24
                               ETA: 12:45:11

################################################################################
                     [1m Learning iteration 143/25000 [0m                     

                       Computation: 57807 steps/s (collection: 1.173s, learning 0.528s)
             Mean action noise std: 0.50
          Mean value_function loss: 0.9462
               Mean surrogate loss: -0.0015
                 Mean entropy loss: 6.8933
                Mean priv_reg loss: 0.4820
                Mean amp/loss loss: 0.5120
            Mean amp/grad_pen loss: 0.1827
         Mean amp/policy_pred loss: -0.3075
         Mean amp/expert_pred loss: 0.3027
                       Mean reward: 8.28
               Mean episode length: 361.19
      Episode_Reward/is_terminated: -0.1962
       Episode_Reward/lin_vel_z_l2: -0.0529
      Episode_Reward/ang_vel_xy_l2: -0.0792
Episode_Reward/flat_orientation_l2: -0.0844
     Episode_Reward/base_height_l2: -0.0247
   Episode_Reward/joint_torques_l2: -0.0085
       Episode_Reward/joint_vel_l2: -0.0003
       Episode_Reward/joint_acc_l2: -0.0126
   Episode_Reward/joint_pos_limits: -0.0001
        Episode_Reward/joint_power: -0.0007
        Episode_Reward/stand_still: -0.0339
     Episode_Reward/action_rate_l2: -0.2385
 Episode_Reward/undesired_contacts: -0.0194
Episode_Reward/track_lin_vel_xy_exp: 0.7396
Episode_Reward/track_ang_vel_z_exp: 0.5526
      Episode_Reward/feet_air_time: 0.0026
Episode_Reward/feet_air_time_variance: -0.1162
         Episode_Reward/feet_slide: -0.0365
     Episode_Reward/feet_clearance: 0.6728
Episode_Reward/feet_distance_y_exp: 0.7295
   Episode_Reward/feet_landing_vel: -0.0009
 Episode_Reward/joint_vel_wheel_l2: -0.0043
 Episode_Reward/joint_acc_wheel_l2: -0.0001
Episode_Reward/joint_torques_wheel_l2: -0.0000
Episode_Reward/bipedal_gait_reward: -0.7289
Episode_Reward/feet_distance_penalize: -0.0260
        Episode_Reward/stop_motion: -0.0479
  Episode_Reward/action_smoothness: -0.2967
       Episode_Reward/lazy_penalty: -0.0689
         Episode_Reward/keep_alive: 0.0551
Episode_Reward/joint_deviation_hip: -0.0118
Episode_Reward/joint_deviation_ankle: -0.0216
Episode_Reward/joint_deviation_legs: -0.0060
Episode_Reward/body_orientation_l2: -0.0506
 Episode_Reward/ankle_torque_limit: -0.0009
Episode_Reward/penalize_hip_roll_action: -0.2070
Episode_Reward/feet_impact_reduction: -0.0000
Metrics/base_velocity/error_vel_xy: 0.4392
Metrics/base_velocity/error_vel_yaw: 0.3483
      Episode_Termination/time_out: 0.0160
Episode_Termination/terrain_out_of_bounds: 0.0000
Episode_Termination/illegal_contact: 0.9840
--------------------------------------------------------------------------------
                   Total timesteps: 14155776
                    Iteration time: 1.70s
                      Time elapsed: 00:04:25
                               ETA: 12:44:44

################################################################################
                     [1m Learning iteration 144/25000 [0m                     

                       Computation: 54405 steps/s (collection: 1.270s, learning 0.537s)
             Mean action noise std: 0.50
          Mean value_function loss: 0.7021
               Mean surrogate loss: -0.0019
                 Mean entropy loss: 6.8985
                Mean priv_reg loss: 0.4165
                Mean amp/loss loss: 0.5138
            Mean amp/grad_pen loss: 0.1821
         Mean amp/policy_pred loss: -0.3012
         Mean amp/expert_pred loss: 0.3038
                       Mean reward: 2.88
               Mean episode length: 256.59
      Episode_Reward/is_terminated: -0.1914
       Episode_Reward/lin_vel_z_l2: -0.0424
      Episode_Reward/ang_vel_xy_l2: -0.0644
Episode_Reward/flat_orientation_l2: -0.0750
     Episode_Reward/base_height_l2: -0.0214
   Episode_Reward/joint_torques_l2: -0.0078
       Episode_Reward/joint_vel_l2: -0.0003
       Episode_Reward/joint_acc_l2: -0.0117
   Episode_Reward/joint_pos_limits: -0.0000
        Episode_Reward/joint_power: -0.0006
        Episode_Reward/stand_still: -0.0604
     Episode_Reward/action_rate_l2: -0.2050
 Episode_Reward/undesired_contacts: -0.0139
Episode_Reward/track_lin_vel_xy_exp: 0.6820
Episode_Reward/track_ang_vel_z_exp: 0.4879
      Episode_Reward/feet_air_time: 0.0027
Episode_Reward/feet_air_time_variance: -0.0983
         Episode_Reward/feet_slide: -0.0319
     Episode_Reward/feet_clearance: 0.5689
Episode_Reward/feet_distance_y_exp: 0.6275
   Episode_Reward/feet_landing_vel: -0.0009
 Episode_Reward/joint_vel_wheel_l2: -0.0037
 Episode_Reward/joint_acc_wheel_l2: -0.0001
Episode_Reward/joint_torques_wheel_l2: -0.0000
Episode_Reward/bipedal_gait_reward: -0.6165
Episode_Reward/feet_distance_penalize: -0.0244
        Episode_Reward/stop_motion: -0.0595
  Episode_Reward/action_smoothness: -0.2541
       Episode_Reward/lazy_penalty: -0.0583
         Episode_Reward/keep_alive: 0.0474
Episode_Reward/joint_deviation_hip: -0.0102
Episode_Reward/joint_deviation_ankle: -0.0198
Episode_Reward/joint_deviation_legs: -0.0051
Episode_Reward/body_orientation_l2: -0.0450
 Episode_Reward/ankle_torque_limit: -0.0009
Episode_Reward/penalize_hip_roll_action: -0.1803
Episode_Reward/feet_impact_reduction: -0.0000
Metrics/base_velocity/error_vel_xy: 0.3620
Metrics/base_velocity/error_vel_yaw: 0.2917
      Episode_Termination/time_out: 0.0184
Episode_Termination/terrain_out_of_bounds: 0.0000
Episode_Termination/illegal_contact: 0.9816
--------------------------------------------------------------------------------
                   Total timesteps: 14254080
                    Iteration time: 1.81s
                      Time elapsed: 00:04:27
                               ETA: 12:44:35

################################################################################
                     [1m Learning iteration 145/25000 [0m                     

                       Computation: 59870 steps/s (collection: 1.118s, learning 0.524s)
             Mean action noise std: 0.50
          Mean value_function loss: 0.5963
               Mean surrogate loss: -0.0019
                 Mean entropy loss: 6.8842
                Mean priv_reg loss: 0.3924
                Mean amp/loss loss: 0.5087
            Mean amp/grad_pen loss: 0.1806
         Mean amp/policy_pred loss: -0.3083
         Mean amp/expert_pred loss: 0.3053
                       Mean reward: 5.13
               Mean episode length: 268.92
      Episode_Reward/is_terminated: -0.1921
       Episode_Reward/lin_vel_z_l2: -0.0374
      Episode_Reward/ang_vel_xy_l2: -0.0556
Episode_Reward/flat_orientation_l2: -0.0714
     Episode_Reward/base_height_l2: -0.0205
   Episode_Reward/joint_torques_l2: -0.0066
       Episode_Reward/joint_vel_l2: -0.0002
       Episode_Reward/joint_acc_l2: -0.0101
   Episode_Reward/joint_pos_limits: -0.0000
        Episode_Reward/joint_power: -0.0005
        Episode_Reward/stand_still: -0.0153
     Episode_Reward/action_rate_l2: -0.1706
 Episode_Reward/undesired_contacts: -0.0140
Episode_Reward/track_lin_vel_xy_exp: 0.5744
Episode_Reward/track_ang_vel_z_exp: 0.3956
      Episode_Reward/feet_air_time: 0.0025
Episode_Reward/feet_air_time_variance: -0.0797
         Episode_Reward/feet_slide: -0.0289
     Episode_Reward/feet_clearance: 0.4780
Episode_Reward/feet_distance_y_exp: 0.5209
   Episode_Reward/feet_landing_vel: -0.0009
 Episode_Reward/joint_vel_wheel_l2: -0.0030
 Episode_Reward/joint_acc_wheel_l2: -0.0001
Episode_Reward/joint_torques_wheel_l2: -0.0000
Episode_Reward/bipedal_gait_reward: -0.5207
Episode_Reward/feet_distance_penalize: -0.0229
        Episode_Reward/stop_motion: -0.0377
  Episode_Reward/action_smoothness: -0.2108
       Episode_Reward/lazy_penalty: -0.0457
         Episode_Reward/keep_alive: 0.0394
Episode_Reward/joint_deviation_hip: -0.0085
Episode_Reward/joint_deviation_ankle: -0.0173
Episode_Reward/joint_deviation_legs: -0.0042
Episode_Reward/body_orientation_l2: -0.0428
 Episode_Reward/ankle_torque_limit: -0.0010
Episode_Reward/penalize_hip_roll_action: -0.1504
Episode_Reward/feet_impact_reduction: -0.0000
Metrics/base_velocity/error_vel_xy: 0.3021
Metrics/base_velocity/error_vel_yaw: 0.2495
      Episode_Termination/time_out: 0.0203
Episode_Termination/terrain_out_of_bounds: 0.0000
Episode_Termination/illegal_contact: 0.9797
--------------------------------------------------------------------------------
                   Total timesteps: 14352384
                    Iteration time: 1.64s
                      Time elapsed: 00:04:29
                               ETA: 12:43:59

################################################################################
                     [1m Learning iteration 146/25000 [0m                     

                       Computation: 56870 steps/s (collection: 1.203s, learning 0.525s)
             Mean action noise std: 0.50
          Mean value_function loss: 0.5741
               Mean surrogate loss: -0.0010
                 Mean entropy loss: 6.8930
                Mean priv_reg loss: 0.3743
                Mean amp/loss loss: 0.5113
            Mean amp/grad_pen loss: 0.1854
         Mean amp/policy_pred loss: -0.3021
         Mean amp/expert_pred loss: 0.3064
                       Mean reward: 0.80
               Mean episode length: 248.85
      Episode_Reward/is_terminated: -0.1943
       Episode_Reward/lin_vel_z_l2: -0.0368
      Episode_Reward/ang_vel_xy_l2: -0.0518
Episode_Reward/flat_orientation_l2: -0.0702
     Episode_Reward/base_height_l2: -0.0201
   Episode_Reward/joint_torques_l2: -0.0063
       Episode_Reward/joint_vel_l2: -0.0002
       Episode_Reward/joint_acc_l2: -0.0100
   Episode_Reward/joint_pos_limits: -0.0000
        Episode_Reward/joint_power: -0.0005
        Episode_Reward/stand_still: -0.0481
     Episode_Reward/action_rate_l2: -0.1585
 Episode_Reward/undesired_contacts: -0.0132
Episode_Reward/track_lin_vel_xy_exp: 0.4385
Episode_Reward/track_ang_vel_z_exp: 0.3845
      Episode_Reward/feet_air_time: 0.0021
Episode_Reward/feet_air_time_variance: -0.0763
         Episode_Reward/feet_slide: -0.0280
     Episode_Reward/feet_clearance: 0.4353
Episode_Reward/feet_distance_y_exp: 0.4847
   Episode_Reward/feet_landing_vel: -0.0008
 Episode_Reward/joint_vel_wheel_l2: -0.0028
 Episode_Reward/joint_acc_wheel_l2: -0.0001
Episode_Reward/joint_torques_wheel_l2: -0.0000
Episode_Reward/bipedal_gait_reward: -0.4736
Episode_Reward/feet_distance_penalize: -0.0194
        Episode_Reward/stop_motion: -0.0419
  Episode_Reward/action_smoothness: -0.1959
       Episode_Reward/lazy_penalty: -0.0421
         Episode_Reward/keep_alive: 0.0367
Episode_Reward/joint_deviation_hip: -0.0080
Episode_Reward/joint_deviation_ankle: -0.0166
Episode_Reward/joint_deviation_legs: -0.0040
Episode_Reward/body_orientation_l2: -0.0421
 Episode_Reward/ankle_torque_limit: -0.0007
Episode_Reward/penalize_hip_roll_action: -0.1404
Episode_Reward/feet_impact_reduction: -0.0000
Metrics/base_velocity/error_vel_xy: 0.3194
Metrics/base_velocity/error_vel_yaw: 0.2240
      Episode_Termination/time_out: 0.0207
Episode_Termination/terrain_out_of_bounds: 0.0000
Episode_Termination/illegal_contact: 0.9793
--------------------------------------------------------------------------------
                   Total timesteps: 14450688
                    Iteration time: 1.73s
                      Time elapsed: 00:04:30
                               ETA: 12:43:38

################################################################################
                     [1m Learning iteration 147/25000 [0m                     

                       Computation: 58785 steps/s (collection: 1.150s, learning 0.522s)
             Mean action noise std: 0.50
          Mean value_function loss: 0.5487
               Mean surrogate loss: -0.0025
                 Mean entropy loss: 6.8928
                Mean priv_reg loss: 0.3603
                Mean amp/loss loss: 0.5079
            Mean amp/grad_pen loss: 0.1813
         Mean amp/policy_pred loss: -0.3132
         Mean amp/expert_pred loss: 0.3005
                       Mean reward: 3.55
               Mean episode length: 289.69
      Episode_Reward/is_terminated: -0.1934
       Episode_Reward/lin_vel_z_l2: -0.0382
      Episode_Reward/ang_vel_xy_l2: -0.0580
Episode_Reward/flat_orientation_l2: -0.0740
     Episode_Reward/base_height_l2: -0.0214
   Episode_Reward/joint_torques_l2: -0.0067
       Episode_Reward/joint_vel_l2: -0.0002
       Episode_Reward/joint_acc_l2: -0.0106
   Episode_Reward/joint_pos_limits: -0.0000
        Episode_Reward/joint_power: -0.0005
        Episode_Reward/stand_still: -0.0462
     Episode_Reward/action_rate_l2: -0.1750
 Episode_Reward/undesired_contacts: -0.0152
Episode_Reward/track_lin_vel_xy_exp: 0.5284
Episode_Reward/track_ang_vel_z_exp: 0.4261
      Episode_Reward/feet_air_time: 0.0031
Episode_Reward/feet_air_time_variance: -0.0868
         Episode_Reward/feet_slide: -0.0289
     Episode_Reward/feet_clearance: 0.4832
Episode_Reward/feet_distance_y_exp: 0.5349
   Episode_Reward/feet_landing_vel: -0.0008
 Episode_Reward/joint_vel_wheel_l2: -0.0030
 Episode_Reward/joint_acc_wheel_l2: -0.0001
Episode_Reward/joint_torques_wheel_l2: -0.0000
Episode_Reward/bipedal_gait_reward: -0.5253
Episode_Reward/feet_distance_penalize: -0.0308
        Episode_Reward/stop_motion: -0.0448
  Episode_Reward/action_smoothness: -0.2159
       Episode_Reward/lazy_penalty: -0.0496
         Episode_Reward/keep_alive: 0.0404
Episode_Reward/joint_deviation_hip: -0.0084
Episode_Reward/joint_deviation_ankle: -0.0175
Episode_Reward/joint_deviation_legs: -0.0044
Episode_Reward/body_orientation_l2: -0.0444
 Episode_Reward/ankle_torque_limit: -0.0008
Episode_Reward/penalize_hip_roll_action: -0.1536
Episode_Reward/feet_impact_reduction: -0.0000
Metrics/base_velocity/error_vel_xy: 0.3296
Metrics/base_velocity/error_vel_yaw: 0.2473
      Episode_Termination/time_out: 0.0211
Episode_Termination/terrain_out_of_bounds: 0.0000
Episode_Termination/illegal_contact: 0.9789
--------------------------------------------------------------------------------
                   Total timesteps: 14548992
                    Iteration time: 1.67s
                      Time elapsed: 00:04:32
                               ETA: 12:43:07

################################################################################
                     [1m Learning iteration 148/25000 [0m                     

                       Computation: 54912 steps/s (collection: 1.255s, learning 0.535s)
             Mean action noise std: 0.50
          Mean value_function loss: 0.5026
               Mean surrogate loss: -0.0021
                 Mean entropy loss: 6.8878
                Mean priv_reg loss: 0.3592
                Mean amp/loss loss: 0.5072
            Mean amp/grad_pen loss: 0.1836
         Mean amp/policy_pred loss: -0.3080
         Mean amp/expert_pred loss: 0.3071
                       Mean reward: 6.31
               Mean episode length: 305.44
      Episode_Reward/is_terminated: -0.1991
       Episode_Reward/lin_vel_z_l2: -0.0417
      Episode_Reward/ang_vel_xy_l2: -0.0597
Episode_Reward/flat_orientation_l2: -0.0744
     Episode_Reward/base_height_l2: -0.0209
   Episode_Reward/joint_torques_l2: -0.0079
       Episode_Reward/joint_vel_l2: -0.0003
       Episode_Reward/joint_acc_l2: -0.0127
   Episode_Reward/joint_pos_limits: -0.0000
        Episode_Reward/joint_power: -0.0006
        Episode_Reward/stand_still: -0.0729
     Episode_Reward/action_rate_l2: -0.1978
 Episode_Reward/undesired_contacts: -0.0127
Episode_Reward/track_lin_vel_xy_exp: 0.6435
Episode_Reward/track_ang_vel_z_exp: 0.4742
      Episode_Reward/feet_air_time: 0.0026
Episode_Reward/feet_air_time_variance: -0.0968
         Episode_Reward/feet_slide: -0.0323
     Episode_Reward/feet_clearance: 0.5434
Episode_Reward/feet_distance_y_exp: 0.6039
   Episode_Reward/feet_landing_vel: -0.0010
 Episode_Reward/joint_vel_wheel_l2: -0.0034
 Episode_Reward/joint_acc_wheel_l2: -0.0001
Episode_Reward/joint_torques_wheel_l2: -0.0000
Episode_Reward/bipedal_gait_reward: -0.5893
Episode_Reward/feet_distance_penalize: -0.0235
        Episode_Reward/stop_motion: -0.0530
  Episode_Reward/action_smoothness: -0.2432
       Episode_Reward/lazy_penalty: -0.0536
         Episode_Reward/keep_alive: 0.0457
Episode_Reward/joint_deviation_hip: -0.0098
Episode_Reward/joint_deviation_ankle: -0.0201
Episode_Reward/joint_deviation_legs: -0.0048
Episode_Reward/body_orientation_l2: -0.0446
 Episode_Reward/ankle_torque_limit: -0.0009
Episode_Reward/penalize_hip_roll_action: -0.1723
Episode_Reward/feet_impact_reduction: -0.0000
Metrics/base_velocity/error_vel_xy: 0.3485
Metrics/base_velocity/error_vel_yaw: 0.2768
      Episode_Termination/time_out: 0.0207
Episode_Termination/terrain_out_of_bounds: 0.0000
Episode_Termination/illegal_contact: 0.9793
--------------------------------------------------------------------------------
                   Total timesteps: 14647296
                    Iteration time: 1.79s
                      Time elapsed: 00:04:34
                               ETA: 12:42:56

################################################################################
                     [1m Learning iteration 149/25000 [0m                     

                       Computation: 53563 steps/s (collection: 1.312s, learning 0.523s)
             Mean action noise std: 0.50
          Mean value_function loss: 0.6085
               Mean surrogate loss: -0.0035
                 Mean entropy loss: 6.8686
                Mean priv_reg loss: 0.3542
                Mean amp/loss loss: 0.5121
            Mean amp/grad_pen loss: 0.1826
         Mean amp/policy_pred loss: -0.3032
         Mean amp/expert_pred loss: 0.3039
                       Mean reward: 4.85
               Mean episode length: 292.94
      Episode_Reward/is_terminated: -0.1967
       Episode_Reward/lin_vel_z_l2: -0.0395
      Episode_Reward/ang_vel_xy_l2: -0.0609
Episode_Reward/flat_orientation_l2: -0.0756
     Episode_Reward/base_height_l2: -0.0220
   Episode_Reward/joint_torques_l2: -0.0078
       Episode_Reward/joint_vel_l2: -0.0003
       Episode_Reward/joint_acc_l2: -0.0118
   Episode_Reward/joint_pos_limits: -0.0000
        Episode_Reward/joint_power: -0.0006
        Episode_Reward/stand_still: -0.0236
     Episode_Reward/action_rate_l2: -0.1992
 Episode_Reward/undesired_contacts: -0.0123
Episode_Reward/track_lin_vel_xy_exp: 0.5857
Episode_Reward/track_ang_vel_z_exp: 0.4784
      Episode_Reward/feet_air_time: 0.0026
Episode_Reward/feet_air_time_variance: -0.0940
         Episode_Reward/feet_slide: -0.0316
     Episode_Reward/feet_clearance: 0.5554
Episode_Reward/feet_distance_y_exp: 0.6056
   Episode_Reward/feet_landing_vel: -0.0010
 Episode_Reward/joint_vel_wheel_l2: -0.0033
 Episode_Reward/joint_acc_wheel_l2: -0.0001
Episode_Reward/joint_torques_wheel_l2: -0.0000
Episode_Reward/bipedal_gait_reward: -0.6003
Episode_Reward/feet_distance_penalize: -0.0272
        Episode_Reward/stop_motion: -0.0513
  Episode_Reward/action_smoothness: -0.2446
       Episode_Reward/lazy_penalty: -0.0538
         Episode_Reward/keep_alive: 0.0458
Episode_Reward/joint_deviation_hip: -0.0101
Episode_Reward/joint_deviation_ankle: -0.0200
Episode_Reward/joint_deviation_legs: -0.0049
Episode_Reward/body_orientation_l2: -0.0454
 Episode_Reward/ankle_torque_limit: -0.0010
Episode_Reward/penalize_hip_roll_action: -0.1727
Episode_Reward/feet_impact_reduction: -0.0000
Metrics/base_velocity/error_vel_xy: 0.3789
Metrics/base_velocity/error_vel_yaw: 0.2802
      Episode_Termination/time_out: 0.0209
Episode_Termination/terrain_out_of_bounds: 0.0000
Episode_Termination/illegal_contact: 0.9791
--------------------------------------------------------------------------------
                   Total timesteps: 14745600
                    Iteration time: 1.84s
                      Time elapsed: 00:04:36
                               ETA: 12:42:53

################################################################################
                     [1m Learning iteration 150/25000 [0m                     

                       Computation: 55290 steps/s (collection: 1.244s, learning 0.534s)
             Mean action noise std: 0.50
          Mean value_function loss: 0.6296
               Mean surrogate loss: -0.0023
                 Mean entropy loss: 6.8800
                Mean priv_reg loss: 0.3541
                Mean amp/loss loss: 0.5088
            Mean amp/grad_pen loss: 0.1837
         Mean amp/policy_pred loss: -0.3084
         Mean amp/expert_pred loss: 0.3038
                       Mean reward: 6.23
               Mean episode length: 331.92
      Episode_Reward/is_terminated: -0.1979
       Episode_Reward/lin_vel_z_l2: -0.0407
      Episode_Reward/ang_vel_xy_l2: -0.0622
Episode_Reward/flat_orientation_l2: -0.0748
     Episode_Reward/base_height_l2: -0.0211
   Episode_Reward/joint_torques_l2: -0.0080
       Episode_Reward/joint_vel_l2: -0.0003
       Episode_Reward/joint_acc_l2: -0.0132
   Episode_Reward/joint_pos_limits: -0.0001
        Episode_Reward/joint_power: -0.0007
        Episode_Reward/stand_still: -0.0650
     Episode_Reward/action_rate_l2: -0.2073
 Episode_Reward/undesired_contacts: -0.0110
Episode_Reward/track_lin_vel_xy_exp: 0.6378
Episode_Reward/track_ang_vel_z_exp: 0.4846
      Episode_Reward/feet_air_time: 0.0024
Episode_Reward/feet_air_time_variance: -0.0962
         Episode_Reward/feet_slide: -0.0332
     Episode_Reward/feet_clearance: 0.5674
Episode_Reward/feet_distance_y_exp: 0.6297
   Episode_Reward/feet_landing_vel: -0.0010
 Episode_Reward/joint_vel_wheel_l2: -0.0035
 Episode_Reward/joint_acc_wheel_l2: -0.0001
Episode_Reward/joint_torques_wheel_l2: -0.0000
Episode_Reward/bipedal_gait_reward: -0.6195
Episode_Reward/feet_distance_penalize: -0.0159
        Episode_Reward/stop_motion: -0.0492
  Episode_Reward/action_smoothness: -0.2523
       Episode_Reward/lazy_penalty: -0.0508
         Episode_Reward/keep_alive: 0.0477
Episode_Reward/joint_deviation_hip: -0.0109
Episode_Reward/joint_deviation_ankle: -0.0202
Episode_Reward/joint_deviation_legs: -0.0050
Episode_Reward/body_orientation_l2: -0.0449
 Episode_Reward/ankle_torque_limit: -0.0011
Episode_Reward/penalize_hip_roll_action: -0.1813
Episode_Reward/feet_impact_reduction: -0.0000
Metrics/base_velocity/error_vel_xy: 0.3797
Metrics/base_velocity/error_vel_yaw: 0.3006
      Episode_Termination/time_out: 0.0208
Episode_Termination/terrain_out_of_bounds: 0.0000
Episode_Termination/illegal_contact: 0.9792
--------------------------------------------------------------------------------
                   Total timesteps: 14843904
                    Iteration time: 1.78s
                      Time elapsed: 00:04:38
                               ETA: 12:42:41

################################################################################
                     [1m Learning iteration 151/25000 [0m                     

                       Computation: 52597 steps/s (collection: 1.341s, learning 0.528s)
             Mean action noise std: 0.50
          Mean value_function loss: 0.8860
               Mean surrogate loss: -0.0015
                 Mean entropy loss: 6.9059
                Mean priv_reg loss: 0.3582
                Mean amp/loss loss: 0.5080
            Mean amp/grad_pen loss: 0.1843
         Mean amp/policy_pred loss: -0.3077
         Mean amp/expert_pred loss: 0.3068
                       Mean reward: 10.34
               Mean episode length: 386.75
      Episode_Reward/is_terminated: -0.1944
       Episode_Reward/lin_vel_z_l2: -0.0498
      Episode_Reward/ang_vel_xy_l2: -0.0766
Episode_Reward/flat_orientation_l2: -0.0844
     Episode_Reward/base_height_l2: -0.0244
   Episode_Reward/joint_torques_l2: -0.0104
       Episode_Reward/joint_vel_l2: -0.0003
       Episode_Reward/joint_acc_l2: -0.0151
   Episode_Reward/joint_pos_limits: -0.0001
        Episode_Reward/joint_power: -0.0008
        Episode_Reward/stand_still: -0.0907
     Episode_Reward/action_rate_l2: -0.2701
 Episode_Reward/undesired_contacts: -0.0129
Episode_Reward/track_lin_vel_xy_exp: 0.9498
Episode_Reward/track_ang_vel_z_exp: 0.6481
      Episode_Reward/feet_air_time: 0.0022
Episode_Reward/feet_air_time_variance: -0.1278
         Episode_Reward/feet_slide: -0.0392
     Episode_Reward/feet_clearance: 0.7389
Episode_Reward/feet_distance_y_exp: 0.8242
   Episode_Reward/feet_landing_vel: -0.0011
 Episode_Reward/joint_vel_wheel_l2: -0.0049
 Episode_Reward/joint_acc_wheel_l2: -0.0001
Episode_Reward/joint_torques_wheel_l2: -0.0000
Episode_Reward/bipedal_gait_reward: -0.8067
Episode_Reward/feet_distance_penalize: -0.0142
        Episode_Reward/stop_motion: -0.0867
  Episode_Reward/action_smoothness: -0.3322
       Episode_Reward/lazy_penalty: -0.0775
         Episode_Reward/keep_alive: 0.0622
Episode_Reward/joint_deviation_hip: -0.0126
Episode_Reward/joint_deviation_ankle: -0.0267
Episode_Reward/joint_deviation_legs: -0.0067
Episode_Reward/body_orientation_l2: -0.0506
 Episode_Reward/ankle_torque_limit: -0.0010
Episode_Reward/penalize_hip_roll_action: -0.2323
Episode_Reward/feet_impact_reduction: -0.0000
Metrics/base_velocity/error_vel_xy: 0.4514
Metrics/base_velocity/error_vel_yaw: 0.3753
      Episode_Termination/time_out: 0.0205
Episode_Termination/terrain_out_of_bounds: 0.0000
Episode_Termination/illegal_contact: 0.9795
--------------------------------------------------------------------------------
                   Total timesteps: 14942208
                    Iteration time: 1.87s
                      Time elapsed: 00:04:39
                               ETA: 12:42:44

################################################################################
                     [1m Learning iteration 152/25000 [0m                     

                       Computation: 55550 steps/s (collection: 1.234s, learning 0.535s)
             Mean action noise std: 0.50
          Mean value_function loss: 0.8513
               Mean surrogate loss: 0.0017
                 Mean entropy loss: 6.9093
                Mean priv_reg loss: 0.3724
                Mean amp/loss loss: 0.5182
            Mean amp/grad_pen loss: 0.1792
         Mean amp/policy_pred loss: -0.2990
         Mean amp/expert_pred loss: 0.2984
                       Mean reward: 7.85
               Mean episode length: 391.40
      Episode_Reward/is_terminated: -0.1993
       Episode_Reward/lin_vel_z_l2: -0.0509
      Episode_Reward/ang_vel_xy_l2: -0.0816
Episode_Reward/flat_orientation_l2: -0.0856
     Episode_Reward/base_height_l2: -0.0241
   Episode_Reward/joint_torques_l2: -0.0106
       Episode_Reward/joint_vel_l2: -0.0004
       Episode_Reward/joint_acc_l2: -0.0144
   Episode_Reward/joint_pos_limits: -0.0001
        Episode_Reward/joint_power: -0.0009
        Episode_Reward/stand_still: -0.0658
     Episode_Reward/action_rate_l2: -0.2793
 Episode_Reward/undesired_contacts: -0.0153
Episode_Reward/track_lin_vel_xy_exp: 0.8634
Episode_Reward/track_ang_vel_z_exp: 0.6594
      Episode_Reward/feet_air_time: 0.0037
Episode_Reward/feet_air_time_variance: -0.1299
         Episode_Reward/feet_slide: -0.0408
     Episode_Reward/feet_clearance: 0.7736
Episode_Reward/feet_distance_y_exp: 0.8511
   Episode_Reward/feet_landing_vel: -0.0011
 Episode_Reward/joint_vel_wheel_l2: -0.0048
 Episode_Reward/joint_acc_wheel_l2: -0.0001
Episode_Reward/joint_torques_wheel_l2: -0.0000
Episode_Reward/bipedal_gait_reward: -0.8353
Episode_Reward/feet_distance_penalize: -0.0334
        Episode_Reward/stop_motion: -0.0902
  Episode_Reward/action_smoothness: -0.3428
       Episode_Reward/lazy_penalty: -0.0763
         Episode_Reward/keep_alive: 0.0643
Episode_Reward/joint_deviation_hip: -0.0130
Episode_Reward/joint_deviation_ankle: -0.0265
Episode_Reward/joint_deviation_legs: -0.0066
Episode_Reward/body_orientation_l2: -0.0513
 Episode_Reward/ankle_torque_limit: -0.0009
Episode_Reward/penalize_hip_roll_action: -0.2440
Episode_Reward/feet_impact_reduction: -0.0000
Metrics/base_velocity/error_vel_xy: 0.4946
Metrics/base_velocity/error_vel_yaw: 0.3959
      Episode_Termination/time_out: 0.0212
Episode_Termination/terrain_out_of_bounds: 0.0000
Episode_Termination/illegal_contact: 0.9788
--------------------------------------------------------------------------------
                   Total timesteps: 15040512
                    Iteration time: 1.77s
                      Time elapsed: 00:04:41
                               ETA: 12:42:30

################################################################################
                     [1m Learning iteration 153/25000 [0m                     

                       Computation: 57159 steps/s (collection: 1.183s, learning 0.537s)
             Mean action noise std: 0.50
          Mean value_function loss: 1.1868
               Mean surrogate loss: 0.0029
                 Mean entropy loss: 6.9099
                Mean priv_reg loss: 0.3823
                Mean amp/loss loss: 0.5154
            Mean amp/grad_pen loss: 0.1835
         Mean amp/policy_pred loss: -0.3035
         Mean amp/expert_pred loss: 0.2982
                       Mean reward: 12.24
               Mean episode length: 451.42
      Episode_Reward/is_terminated: -0.1983
       Episode_Reward/lin_vel_z_l2: -0.0490
      Episode_Reward/ang_vel_xy_l2: -0.0797
Episode_Reward/flat_orientation_l2: -0.0854
     Episode_Reward/base_height_l2: -0.0226
   Episode_Reward/joint_torques_l2: -0.0116
       Episode_Reward/joint_vel_l2: -0.0004
       Episode_Reward/joint_acc_l2: -0.0167
   Episode_Reward/joint_pos_limits: -0.0001
        Episode_Reward/joint_power: -0.0009
        Episode_Reward/stand_still: -0.0824
     Episode_Reward/action_rate_l2: -0.2924
 Episode_Reward/undesired_contacts: -0.0110
Episode_Reward/track_lin_vel_xy_exp: 0.9490
Episode_Reward/track_ang_vel_z_exp: 0.7332
      Episode_Reward/feet_air_time: 0.0049
Episode_Reward/feet_air_time_variance: -0.1542
         Episode_Reward/feet_slide: -0.0412
     Episode_Reward/feet_clearance: 0.8116
Episode_Reward/feet_distance_y_exp: 0.8926
   Episode_Reward/feet_landing_vel: -0.0011
 Episode_Reward/joint_vel_wheel_l2: -0.0052
 Episode_Reward/joint_acc_wheel_l2: -0.0001
Episode_Reward/joint_torques_wheel_l2: -0.0000
Episode_Reward/bipedal_gait_reward: -0.8729
Episode_Reward/feet_distance_penalize: -0.0515
        Episode_Reward/stop_motion: -0.0617
  Episode_Reward/action_smoothness: -0.3596
       Episode_Reward/lazy_penalty: -0.0825
         Episode_Reward/keep_alive: 0.0675
Episode_Reward/joint_deviation_hip: -0.0142
Episode_Reward/joint_deviation_ankle: -0.0278
Episode_Reward/joint_deviation_legs: -0.0071
Episode_Reward/body_orientation_l2: -0.0512
 Episode_Reward/ankle_torque_limit: -0.0007
Episode_Reward/penalize_hip_roll_action: -0.2576
Episode_Reward/feet_impact_reduction: -0.0000
Metrics/base_velocity/error_vel_xy: 0.5069
Metrics/base_velocity/error_vel_yaw: 0.3947
      Episode_Termination/time_out: 0.0210
Episode_Termination/terrain_out_of_bounds: 0.0000
Episode_Termination/illegal_contact: 0.9790
--------------------------------------------------------------------------------
                   Total timesteps: 15138816
                    Iteration time: 1.72s
                      Time elapsed: 00:04:43
                               ETA: 12:42:09

################################################################################
                     [1m Learning iteration 154/25000 [0m                     

                       Computation: 58525 steps/s (collection: 1.151s, learning 0.529s)
             Mean action noise std: 0.50
          Mean value_function loss: 1.1097
               Mean surrogate loss: 0.0043
                 Mean entropy loss: 6.9124
                Mean priv_reg loss: 0.4009
                Mean amp/loss loss: 0.5199
            Mean amp/grad_pen loss: 0.1801
         Mean amp/policy_pred loss: -0.3001
         Mean amp/expert_pred loss: 0.2945
                       Mean reward: 10.52
               Mean episode length: 425.39
      Episode_Reward/is_terminated: -0.1976
       Episode_Reward/lin_vel_z_l2: -0.0531
      Episode_Reward/ang_vel_xy_l2: -0.0790
Episode_Reward/flat_orientation_l2: -0.0886
     Episode_Reward/base_height_l2: -0.0247
   Episode_Reward/joint_torques_l2: -0.0109
       Episode_Reward/joint_vel_l2: -0.0004
       Episode_Reward/joint_acc_l2: -0.0161
   Episode_Reward/joint_pos_limits: -0.0002
        Episode_Reward/joint_power: -0.0009
        Episode_Reward/stand_still: -0.0733
     Episode_Reward/action_rate_l2: -0.2698
 Episode_Reward/undesired_contacts: -0.0152
Episode_Reward/track_lin_vel_xy_exp: 0.9274
Episode_Reward/track_ang_vel_z_exp: 0.6206
      Episode_Reward/feet_air_time: 0.0039
Episode_Reward/feet_air_time_variance: -0.1283
         Episode_Reward/feet_slide: -0.0398
     Episode_Reward/feet_clearance: 0.7422
Episode_Reward/feet_distance_y_exp: 0.8231
   Episode_Reward/feet_landing_vel: -0.0011
 Episode_Reward/joint_vel_wheel_l2: -0.0046
 Episode_Reward/joint_acc_wheel_l2: -0.0001
Episode_Reward/joint_torques_wheel_l2: -0.0000
Episode_Reward/bipedal_gait_reward: -0.8020
Episode_Reward/feet_distance_penalize: -0.0397
        Episode_Reward/stop_motion: -0.0630
  Episode_Reward/action_smoothness: -0.3303
       Episode_Reward/lazy_penalty: -0.0731
         Episode_Reward/keep_alive: 0.0622
Episode_Reward/joint_deviation_hip: -0.0129
Episode_Reward/joint_deviation_ankle: -0.0266
Episode_Reward/joint_deviation_legs: -0.0065
Episode_Reward/body_orientation_l2: -0.0532
 Episode_Reward/ankle_torque_limit: -0.0011
Episode_Reward/penalize_hip_roll_action: -0.2359
Episode_Reward/feet_impact_reduction: -0.0000
Metrics/base_velocity/error_vel_xy: 0.4620
Metrics/base_velocity/error_vel_yaw: 0.3959
      Episode_Termination/time_out: 0.0209
Episode_Termination/terrain_out_of_bounds: 0.0000
Episode_Termination/illegal_contact: 0.9791
--------------------------------------------------------------------------------
                   Total timesteps: 15237120
                    Iteration time: 1.68s
                      Time elapsed: 00:04:45
                               ETA: 12:41:41

################################################################################
                     [1m Learning iteration 155/25000 [0m                     

                       Computation: 56316 steps/s (collection: 1.221s, learning 0.524s)
             Mean action noise std: 0.50
          Mean value_function loss: 1.3377
               Mean surrogate loss: 0.0032
                 Mean entropy loss: 6.9140
                Mean priv_reg loss: 0.4160
                Mean amp/loss loss: 0.5190
            Mean amp/grad_pen loss: 0.1793
         Mean amp/policy_pred loss: -0.3037
         Mean amp/expert_pred loss: 0.2931
                       Mean reward: 10.33
               Mean episode length: 437.26
      Episode_Reward/is_terminated: -0.1961
       Episode_Reward/lin_vel_z_l2: -0.0503
      Episode_Reward/ang_vel_xy_l2: -0.0783
Episode_Reward/flat_orientation_l2: -0.0855
     Episode_Reward/base_height_l2: -0.0230
   Episode_Reward/joint_torques_l2: -0.0107
       Episode_Reward/joint_vel_l2: -0.0004
       Episode_Reward/joint_acc_l2: -0.0154
   Episode_Reward/joint_pos_limits: -0.0002
        Episode_Reward/joint_power: -0.0009
        Episode_Reward/stand_still: -0.0613
     Episode_Reward/action_rate_l2: -0.2778
 Episode_Reward/undesired_contacts: -0.0132
Episode_Reward/track_lin_vel_xy_exp: 0.8368
Episode_Reward/track_ang_vel_z_exp: 0.6424
      Episode_Reward/feet_air_time: 0.0038
Episode_Reward/feet_air_time_variance: -0.1335
         Episode_Reward/feet_slide: -0.0406
     Episode_Reward/feet_clearance: 0.7636
Episode_Reward/feet_distance_y_exp: 0.8429
   Episode_Reward/feet_landing_vel: -0.0012
 Episode_Reward/joint_vel_wheel_l2: -0.0047
 Episode_Reward/joint_acc_wheel_l2: -0.0001
Episode_Reward/joint_torques_wheel_l2: -0.0000
Episode_Reward/bipedal_gait_reward: -0.8269
Episode_Reward/feet_distance_penalize: -0.0285
        Episode_Reward/stop_motion: -0.0630
  Episode_Reward/action_smoothness: -0.3391
       Episode_Reward/lazy_penalty: -0.0758
         Episode_Reward/keep_alive: 0.0637
Episode_Reward/joint_deviation_hip: -0.0131
Episode_Reward/joint_deviation_ankle: -0.0266
Episode_Reward/joint_deviation_legs: -0.0065
Episode_Reward/body_orientation_l2: -0.0513
 Episode_Reward/ankle_torque_limit: -0.0011
Episode_Reward/penalize_hip_roll_action: -0.2414
Episode_Reward/feet_impact_reduction: -0.0000
Metrics/base_velocity/error_vel_xy: 0.5049
Metrics/base_velocity/error_vel_yaw: 0.3977
      Episode_Termination/time_out: 0.0213
Episode_Termination/terrain_out_of_bounds: 0.0000
Episode_Termination/illegal_contact: 0.9787
--------------------------------------------------------------------------------
                   Total timesteps: 15335424
                    Iteration time: 1.75s
                      Time elapsed: 00:04:46
                               ETA: 12:41:24

################################################################################
                     [1m Learning iteration 156/25000 [0m                     

                       Computation: 53502 steps/s (collection: 1.307s, learning 0.530s)
             Mean action noise std: 0.50
          Mean value_function loss: 1.4754
               Mean surrogate loss: 0.0068
                 Mean entropy loss: 6.9158
                Mean priv_reg loss: 0.4199
                Mean amp/loss loss: 0.5191
            Mean amp/grad_pen loss: 0.1789
         Mean amp/policy_pred loss: -0.3036
         Mean amp/expert_pred loss: 0.2934
                       Mean reward: 8.12
               Mean episode length: 376.87
      Episode_Reward/is_terminated: -0.1920
       Episode_Reward/lin_vel_z_l2: -0.0490
      Episode_Reward/ang_vel_xy_l2: -0.0772
Episode_Reward/flat_orientation_l2: -0.0837
     Episode_Reward/base_height_l2: -0.0218
   Episode_Reward/joint_torques_l2: -0.0095
       Episode_Reward/joint_vel_l2: -0.0004
       Episode_Reward/joint_acc_l2: -0.0141
   Episode_Reward/joint_pos_limits: -0.0001
        Episode_Reward/joint_power: -0.0008
        Episode_Reward/stand_still: -0.0413
     Episode_Reward/action_rate_l2: -0.2543
 Episode_Reward/undesired_contacts: -0.0142
Episode_Reward/track_lin_vel_xy_exp: 0.7061
Episode_Reward/track_ang_vel_z_exp: 0.5853
      Episode_Reward/feet_air_time: 0.0036
Episode_Reward/feet_air_time_variance: -0.1191
         Episode_Reward/feet_slide: -0.0383
     Episode_Reward/feet_clearance: 0.7005
Episode_Reward/feet_distance_y_exp: 0.7708
   Episode_Reward/feet_landing_vel: -0.0011
 Episode_Reward/joint_vel_wheel_l2: -0.0043
 Episode_Reward/joint_acc_wheel_l2: -0.0001
Episode_Reward/joint_torques_wheel_l2: -0.0000
Episode_Reward/bipedal_gait_reward: -0.7608
Episode_Reward/feet_distance_penalize: -0.0261
        Episode_Reward/stop_motion: -0.0597
  Episode_Reward/action_smoothness: -0.3097
       Episode_Reward/lazy_penalty: -0.0606
         Episode_Reward/keep_alive: 0.0582
Episode_Reward/joint_deviation_hip: -0.0122
Episode_Reward/joint_deviation_ankle: -0.0229
Episode_Reward/joint_deviation_legs: -0.0058
Episode_Reward/body_orientation_l2: -0.0502
 Episode_Reward/ankle_torque_limit: -0.0009
Episode_Reward/penalize_hip_roll_action: -0.2218
Episode_Reward/feet_impact_reduction: -0.0000
Metrics/base_velocity/error_vel_xy: 0.4939
Metrics/base_velocity/error_vel_yaw: 0.3714
      Episode_Termination/time_out: 0.0217
Episode_Termination/terrain_out_of_bounds: 0.0000
Episode_Termination/illegal_contact: 0.9783
--------------------------------------------------------------------------------
                   Total timesteps: 15433728
                    Iteration time: 1.84s
                      Time elapsed: 00:04:48
                               ETA: 12:41:22

################################################################################
                     [1m Learning iteration 157/25000 [0m                     

                       Computation: 57803 steps/s (collection: 1.170s, learning 0.531s)
             Mean action noise std: 0.50
          Mean value_function loss: 1.4459
               Mean surrogate loss: 0.0026
                 Mean entropy loss: 6.9173
                Mean priv_reg loss: 0.4361
                Mean amp/loss loss: 0.5182
            Mean amp/grad_pen loss: 0.1789
         Mean amp/policy_pred loss: -0.3060
         Mean amp/expert_pred loss: 0.2921
                       Mean reward: 10.72
               Mean episode length: 429.99
      Episode_Reward/is_terminated: -0.1933
       Episode_Reward/lin_vel_z_l2: -0.0495
      Episode_Reward/ang_vel_xy_l2: -0.0761
Episode_Reward/flat_orientation_l2: -0.0825
     Episode_Reward/base_height_l2: -0.0207
   Episode_Reward/joint_torques_l2: -0.0095
       Episode_Reward/joint_vel_l2: -0.0003
       Episode_Reward/joint_acc_l2: -0.0142
   Episode_Reward/joint_pos_limits: -0.0001
        Episode_Reward/joint_power: -0.0008
        Episode_Reward/stand_still: -0.0567
     Episode_Reward/action_rate_l2: -0.2550
 Episode_Reward/undesired_contacts: -0.0129
Episode_Reward/track_lin_vel_xy_exp: 0.8009
Episode_Reward/track_ang_vel_z_exp: 0.5896
      Episode_Reward/feet_air_time: 0.0034
Episode_Reward/feet_air_time_variance: -0.1183
         Episode_Reward/feet_slide: -0.0385
     Episode_Reward/feet_clearance: 0.6897
Episode_Reward/feet_distance_y_exp: 0.7688
   Episode_Reward/feet_landing_vel: -0.0011
 Episode_Reward/joint_vel_wheel_l2: -0.0042
 Episode_Reward/joint_acc_wheel_l2: -0.0001
Episode_Reward/joint_torques_wheel_l2: -0.0000
Episode_Reward/bipedal_gait_reward: -0.7439
Episode_Reward/feet_distance_penalize: -0.0321
        Episode_Reward/stop_motion: -0.0595
  Episode_Reward/action_smoothness: -0.3095
       Episode_Reward/lazy_penalty: -0.0646
         Episode_Reward/keep_alive: 0.0581
Episode_Reward/joint_deviation_hip: -0.0120
Episode_Reward/joint_deviation_ankle: -0.0229
Episode_Reward/joint_deviation_legs: -0.0056
Episode_Reward/body_orientation_l2: -0.0495
 Episode_Reward/ankle_torque_limit: -0.0010
Episode_Reward/penalize_hip_roll_action: -0.2231
Episode_Reward/feet_impact_reduction: -0.0000
Metrics/base_velocity/error_vel_xy: 0.4493
Metrics/base_velocity/error_vel_yaw: 0.3660
      Episode_Termination/time_out: 0.0220
Episode_Termination/terrain_out_of_bounds: 0.0000
Episode_Termination/illegal_contact: 0.9780
--------------------------------------------------------------------------------
                   Total timesteps: 15532032
                    Iteration time: 1.70s
                      Time elapsed: 00:04:50
                               ETA: 12:40:59

################################################################################
                     [1m Learning iteration 158/25000 [0m                     

                       Computation: 54062 steps/s (collection: 1.285s, learning 0.533s)
             Mean action noise std: 0.50
          Mean value_function loss: 1.4737
               Mean surrogate loss: 0.0041
                 Mean entropy loss: 6.9198
                Mean priv_reg loss: 0.4442
                Mean amp/loss loss: 0.5156
            Mean amp/grad_pen loss: 0.1788
         Mean amp/policy_pred loss: -0.3102
         Mean amp/expert_pred loss: 0.2926
                       Mean reward: 10.81
               Mean episode length: 439.34
      Episode_Reward/is_terminated: -0.1967
       Episode_Reward/lin_vel_z_l2: -0.0576
      Episode_Reward/ang_vel_xy_l2: -0.0833
Episode_Reward/flat_orientation_l2: -0.0906
     Episode_Reward/base_height_l2: -0.0228
   Episode_Reward/joint_torques_l2: -0.0112
       Episode_Reward/joint_vel_l2: -0.0004
       Episode_Reward/joint_acc_l2: -0.0162
   Episode_Reward/joint_pos_limits: -0.0002
        Episode_Reward/joint_power: -0.0009
        Episode_Reward/stand_still: -0.0451
     Episode_Reward/action_rate_l2: -0.2894
 Episode_Reward/undesired_contacts: -0.0155
Episode_Reward/track_lin_vel_xy_exp: 0.9216
Episode_Reward/track_ang_vel_z_exp: 0.6897
      Episode_Reward/feet_air_time: 0.0046
Episode_Reward/feet_air_time_variance: -0.1415
         Episode_Reward/feet_slide: -0.0424
     Episode_Reward/feet_clearance: 0.7971
Episode_Reward/feet_distance_y_exp: 0.8793
   Episode_Reward/feet_landing_vel: -0.0011
 Episode_Reward/joint_vel_wheel_l2: -0.0048
 Episode_Reward/joint_acc_wheel_l2: -0.0001
Episode_Reward/joint_torques_wheel_l2: -0.0000
Episode_Reward/bipedal_gait_reward: -0.8584
Episode_Reward/feet_distance_penalize: -0.0398
        Episode_Reward/stop_motion: -0.0727
  Episode_Reward/action_smoothness: -0.3527
       Episode_Reward/lazy_penalty: -0.0762
         Episode_Reward/keep_alive: 0.0664
Episode_Reward/joint_deviation_hip: -0.0137
Episode_Reward/joint_deviation_ankle: -0.0269
Episode_Reward/joint_deviation_legs: -0.0065
Episode_Reward/body_orientation_l2: -0.0543
 Episode_Reward/ankle_torque_limit: -0.0009
Episode_Reward/penalize_hip_roll_action: -0.2549
Episode_Reward/feet_impact_reduction: -0.0000
Metrics/base_velocity/error_vel_xy: 0.5052
Metrics/base_velocity/error_vel_yaw: 0.4070
      Episode_Termination/time_out: 0.0221
Episode_Termination/terrain_out_of_bounds: 0.0000
Episode_Termination/illegal_contact: 0.9779
--------------------------------------------------------------------------------
                   Total timesteps: 15630336
                    Iteration time: 1.82s
                      Time elapsed: 00:04:52
                               ETA: 12:40:54

################################################################################
                     [1m Learning iteration 159/25000 [0m                     

                       Computation: 56956 steps/s (collection: 1.197s, learning 0.529s)
             Mean action noise std: 0.50
          Mean value_function loss: 1.3399
               Mean surrogate loss: 0.0079
                 Mean entropy loss: 6.9233
                Mean priv_reg loss: 0.4441
                Mean amp/loss loss: 0.5163
            Mean amp/grad_pen loss: 0.1786
         Mean amp/policy_pred loss: -0.3095
         Mean amp/expert_pred loss: 0.2924
                       Mean reward: 11.85
               Mean episode length: 396.49
      Episode_Reward/is_terminated: -0.1963
       Episode_Reward/lin_vel_z_l2: -0.0503
      Episode_Reward/ang_vel_xy_l2: -0.0750
Episode_Reward/flat_orientation_l2: -0.0845
     Episode_Reward/base_height_l2: -0.0209
   Episode_Reward/joint_torques_l2: -0.0096
       Episode_Reward/joint_vel_l2: -0.0004
       Episode_Reward/joint_acc_l2: -0.0156
   Episode_Reward/joint_pos_limits: -0.0002
        Episode_Reward/joint_power: -0.0008
        Episode_Reward/stand_still: -0.0694
     Episode_Reward/action_rate_l2: -0.2586
 Episode_Reward/undesired_contacts: -0.0132
Episode_Reward/track_lin_vel_xy_exp: 0.7888
Episode_Reward/track_ang_vel_z_exp: 0.6109
      Episode_Reward/feet_air_time: 0.0041
Episode_Reward/feet_air_time_variance: -0.1148
         Episode_Reward/feet_slide: -0.0390
     Episode_Reward/feet_clearance: 0.6970
Episode_Reward/feet_distance_y_exp: 0.7809
   Episode_Reward/feet_landing_vel: -0.0013
 Episode_Reward/joint_vel_wheel_l2: -0.0043
 Episode_Reward/joint_acc_wheel_l2: -0.0001
Episode_Reward/joint_torques_wheel_l2: -0.0000
Episode_Reward/bipedal_gait_reward: -0.7534
Episode_Reward/feet_distance_penalize: -0.0198
        Episode_Reward/stop_motion: -0.0673
  Episode_Reward/action_smoothness: -0.3129
       Episode_Reward/lazy_penalty: -0.0635
         Episode_Reward/keep_alive: 0.0590
Episode_Reward/joint_deviation_hip: -0.0116
Episode_Reward/joint_deviation_ankle: -0.0227
Episode_Reward/joint_deviation_legs: -0.0056
Episode_Reward/body_orientation_l2: -0.0507
 Episode_Reward/ankle_torque_limit: -0.0009
Episode_Reward/penalize_hip_roll_action: -0.2250
Episode_Reward/feet_impact_reduction: -0.0000
Metrics/base_velocity/error_vel_xy: 0.4683
Metrics/base_velocity/error_vel_yaw: 0.3654
      Episode_Termination/time_out: 0.0208
Episode_Termination/terrain_out_of_bounds: 0.0000
Episode_Termination/illegal_contact: 0.9792
--------------------------------------------------------------------------------
                   Total timesteps: 15728640
                    Iteration time: 1.73s
                      Time elapsed: 00:04:53
                               ETA: 12:40:35

################################################################################
                     [1m Learning iteration 160/25000 [0m                     

                       Computation: 55970 steps/s (collection: 1.158s, learning 0.599s)
             Mean action noise std: 0.50
          Mean value_function loss: 2.3947
               Mean surrogate loss: 0.1987
                 Mean entropy loss: 6.9250
                Mean priv_reg loss: 0.5199
                Mean amp/loss loss: 0.5090
            Mean amp/grad_pen loss: 0.1776
         Mean amp/policy_pred loss: -0.3229
         Mean amp/expert_pred loss: 0.2931
             Mean hist_latent loss: 0.4854
                       Mean reward: 9.26
               Mean episode length: 389.38
      Episode_Reward/is_terminated: -0.1928
       Episode_Reward/lin_vel_z_l2: -0.0505
      Episode_Reward/ang_vel_xy_l2: -0.0770
Episode_Reward/flat_orientation_l2: -0.0876
     Episode_Reward/base_height_l2: -0.0215
   Episode_Reward/joint_torques_l2: -0.0098
       Episode_Reward/joint_vel_l2: -0.0004
       Episode_Reward/joint_acc_l2: -0.0151
   Episode_Reward/joint_pos_limits: -0.0000
        Episode_Reward/joint_power: -0.0008
        Episode_Reward/stand_still: -0.0356
     Episode_Reward/action_rate_l2: -0.2576
 Episode_Reward/undesired_contacts: -0.0166
Episode_Reward/track_lin_vel_xy_exp: 0.8327
Episode_Reward/track_ang_vel_z_exp: 0.5998
      Episode_Reward/feet_air_time: 0.0042
Episode_Reward/feet_air_time_variance: -0.1199
         Episode_Reward/feet_slide: -0.0376
     Episode_Reward/feet_clearance: 0.7007
Episode_Reward/feet_distance_y_exp: 0.7756
   Episode_Reward/feet_landing_vel: -0.0012
 Episode_Reward/joint_vel_wheel_l2: -0.0043
 Episode_Reward/joint_acc_wheel_l2: -0.0001
Episode_Reward/joint_torques_wheel_l2: -0.0000
Episode_Reward/bipedal_gait_reward: -0.7566
Episode_Reward/feet_distance_penalize: -0.0315
        Episode_Reward/stop_motion: -0.0740
  Episode_Reward/action_smoothness: -0.3133
       Episode_Reward/lazy_penalty: -0.0647
         Episode_Reward/keep_alive: 0.0586
Episode_Reward/joint_deviation_hip: -0.0122
Episode_Reward/joint_deviation_ankle: -0.0234
Episode_Reward/joint_deviation_legs: -0.0056
Episode_Reward/body_orientation_l2: -0.0526
 Episode_Reward/ankle_torque_limit: -0.0010
Episode_Reward/penalize_hip_roll_action: -0.2262
Episode_Reward/feet_impact_reduction: -0.0000
Metrics/base_velocity/error_vel_xy: 0.4413
Metrics/base_velocity/error_vel_yaw: 0.3675
      Episode_Termination/time_out: 0.0215
Episode_Termination/terrain_out_of_bounds: 0.0000
Episode_Termination/illegal_contact: 0.9785
--------------------------------------------------------------------------------
                   Total timesteps: 15826944
                    Iteration time: 1.76s
                      Time elapsed: 00:04:55
                               ETA: 12:40:20

################################################################################
                     [1m Learning iteration 161/25000 [0m                     

                       Computation: 53283 steps/s (collection: 1.313s, learning 0.532s)
             Mean action noise std: 0.50
          Mean value_function loss: 1.5919
               Mean surrogate loss: 0.0003
                 Mean entropy loss: 6.9306
                Mean priv_reg loss: 0.4379
                Mean amp/loss loss: 0.5053
            Mean amp/grad_pen loss: 0.1775
         Mean amp/policy_pred loss: -0.3341
         Mean amp/expert_pred loss: 0.2892
                       Mean reward: 9.00
               Mean episode length: 391.08
      Episode_Reward/is_terminated: -0.1932
       Episode_Reward/lin_vel_z_l2: -0.0525
      Episode_Reward/ang_vel_xy_l2: -0.0792
Episode_Reward/flat_orientation_l2: -0.0836
     Episode_Reward/base_height_l2: -0.0206
   Episode_Reward/joint_torques_l2: -0.0102
       Episode_Reward/joint_vel_l2: -0.0004
       Episode_Reward/joint_acc_l2: -0.0158
   Episode_Reward/joint_pos_limits: -0.0001
        Episode_Reward/joint_power: -0.0009
        Episode_Reward/stand_still: -0.0309
     Episode_Reward/action_rate_l2: -0.2687
 Episode_Reward/undesired_contacts: -0.0151
Episode_Reward/track_lin_vel_xy_exp: 0.8579
Episode_Reward/track_ang_vel_z_exp: 0.6064
      Episode_Reward/feet_air_time: 0.0046
Episode_Reward/feet_air_time_variance: -0.1208
         Episode_Reward/feet_slide: -0.0398
     Episode_Reward/feet_clearance: 0.7291
Episode_Reward/feet_distance_y_exp: 0.8043
   Episode_Reward/feet_landing_vel: -0.0013
 Episode_Reward/joint_vel_wheel_l2: -0.0045
 Episode_Reward/joint_acc_wheel_l2: -0.0001
Episode_Reward/joint_torques_wheel_l2: -0.0000
Episode_Reward/bipedal_gait_reward: -0.7887
Episode_Reward/feet_distance_penalize: -0.0386
        Episode_Reward/stop_motion: -0.0675
  Episode_Reward/action_smoothness: -0.3239
       Episode_Reward/lazy_penalty: -0.0641
         Episode_Reward/keep_alive: 0.0608
Episode_Reward/joint_deviation_hip: -0.0129
Episode_Reward/joint_deviation_ankle: -0.0238
Episode_Reward/joint_deviation_legs: -0.0056
Episode_Reward/body_orientation_l2: -0.0502
 Episode_Reward/ankle_torque_limit: -0.0017
Episode_Reward/penalize_hip_roll_action: -0.2356
Episode_Reward/feet_impact_reduction: -0.0000
Metrics/base_velocity/error_vel_xy: 0.4674
Metrics/base_velocity/error_vel_yaw: 0.3911
      Episode_Termination/time_out: 0.0213
Episode_Termination/terrain_out_of_bounds: 0.0000
Episode_Termination/illegal_contact: 0.9787
--------------------------------------------------------------------------------
                   Total timesteps: 15925248
                    Iteration time: 1.84s
                      Time elapsed: 00:04:57
                               ETA: 12:40:20

################################################################################
                     [1m Learning iteration 162/25000 [0m                     

                       Computation: 56035 steps/s (collection: 1.226s, learning 0.528s)
             Mean action noise std: 0.50
          Mean value_function loss: 1.2425
               Mean surrogate loss: -0.0009
                 Mean entropy loss: 6.9424
                Mean priv_reg loss: 0.4395
                Mean amp/loss loss: 0.5023
            Mean amp/grad_pen loss: 0.1769
         Mean amp/policy_pred loss: -0.3241
         Mean amp/expert_pred loss: 0.3048
                       Mean reward: 8.66
               Mean episode length: 370.37
      Episode_Reward/is_terminated: -0.1931
       Episode_Reward/lin_vel_z_l2: -0.0500
      Episode_Reward/ang_vel_xy_l2: -0.0743
Episode_Reward/flat_orientation_l2: -0.0852
     Episode_Reward/base_height_l2: -0.0197
   Episode_Reward/joint_torques_l2: -0.0095
       Episode_Reward/joint_vel_l2: -0.0004
       Episode_Reward/joint_acc_l2: -0.0147
   Episode_Reward/joint_pos_limits: -0.0001
        Episode_Reward/joint_power: -0.0008
        Episode_Reward/stand_still: -0.0899
     Episode_Reward/action_rate_l2: -0.2487
 Episode_Reward/undesired_contacts: -0.0133
Episode_Reward/track_lin_vel_xy_exp: 0.7677
Episode_Reward/track_ang_vel_z_exp: 0.5785
      Episode_Reward/feet_air_time: 0.0042
Episode_Reward/feet_air_time_variance: -0.1109
         Episode_Reward/feet_slide: -0.0383
     Episode_Reward/feet_clearance: 0.6594
Episode_Reward/feet_distance_y_exp: 0.7487
   Episode_Reward/feet_landing_vel: -0.0012
 Episode_Reward/joint_vel_wheel_l2: -0.0042
 Episode_Reward/joint_acc_wheel_l2: -0.0001
Episode_Reward/joint_torques_wheel_l2: -0.0000
Episode_Reward/bipedal_gait_reward: -0.7115
Episode_Reward/feet_distance_penalize: -0.0258
        Episode_Reward/stop_motion: -0.0739
  Episode_Reward/action_smoothness: -0.3014
       Episode_Reward/lazy_penalty: -0.0572
         Episode_Reward/keep_alive: 0.0566
Episode_Reward/joint_deviation_hip: -0.0115
Episode_Reward/joint_deviation_ankle: -0.0218
Episode_Reward/joint_deviation_legs: -0.0052
Episode_Reward/body_orientation_l2: -0.0511
 Episode_Reward/ankle_torque_limit: -0.0016
Episode_Reward/penalize_hip_roll_action: -0.2178
Episode_Reward/feet_impact_reduction: -0.0000
Metrics/base_velocity/error_vel_xy: 0.4451
Metrics/base_velocity/error_vel_yaw: 0.3558
      Episode_Termination/time_out: 0.0220
Episode_Termination/terrain_out_of_bounds: 0.0000
Episode_Termination/illegal_contact: 0.9780
--------------------------------------------------------------------------------
                   Total timesteps: 16023552
                    Iteration time: 1.75s
                      Time elapsed: 00:04:59
                               ETA: 12:40:05

################################################################################
                     [1m Learning iteration 163/25000 [0m                     

                       Computation: 56780 steps/s (collection: 1.195s, learning 0.536s)
             Mean action noise std: 0.51
          Mean value_function loss: 1.1173
               Mean surrogate loss: -0.0021
                 Mean entropy loss: 6.9572
                Mean priv_reg loss: 0.4337
                Mean amp/loss loss: 0.4835
            Mean amp/grad_pen loss: 0.1865
         Mean amp/policy_pred loss: -0.3352
         Mean amp/expert_pred loss: 0.3271
                       Mean reward: 16.00
               Mean episode length: 499.52
      Episode_Reward/is_terminated: -0.1824
       Episode_Reward/lin_vel_z_l2: -0.0516
      Episode_Reward/ang_vel_xy_l2: -0.0813
Episode_Reward/flat_orientation_l2: -0.0878
     Episode_Reward/base_height_l2: -0.0212
   Episode_Reward/joint_torques_l2: -0.0112
       Episode_Reward/joint_vel_l2: -0.0004
       Episode_Reward/joint_acc_l2: -0.0173
   Episode_Reward/joint_pos_limits: -0.0002
        Episode_Reward/joint_power: -0.0009
        Episode_Reward/stand_still: -0.0280
     Episode_Reward/action_rate_l2: -0.2900
 Episode_Reward/undesired_contacts: -0.0129
Episode_Reward/track_lin_vel_xy_exp: 0.9091
Episode_Reward/track_ang_vel_z_exp: 0.6529
      Episode_Reward/feet_air_time: 0.0043
Episode_Reward/feet_air_time_variance: -0.1347
         Episode_Reward/feet_slide: -0.0419
     Episode_Reward/feet_clearance: 0.7958
Episode_Reward/feet_distance_y_exp: 0.8730
   Episode_Reward/feet_landing_vel: -0.0013
 Episode_Reward/joint_vel_wheel_l2: -0.0050
 Episode_Reward/joint_acc_wheel_l2: -0.0001
Episode_Reward/joint_torques_wheel_l2: -0.0000
Episode_Reward/bipedal_gait_reward: -0.8578
Episode_Reward/feet_distance_penalize: -0.0246
        Episode_Reward/stop_motion: -0.0582
  Episode_Reward/action_smoothness: -0.3526
       Episode_Reward/lazy_penalty: -0.0672
         Episode_Reward/keep_alive: 0.0660
Episode_Reward/joint_deviation_hip: -0.0136
Episode_Reward/joint_deviation_ankle: -0.0268
Episode_Reward/joint_deviation_legs: -0.0062
Episode_Reward/body_orientation_l2: -0.0527
 Episode_Reward/ankle_torque_limit: -0.0011
Episode_Reward/penalize_hip_roll_action: -0.2542
Episode_Reward/feet_impact_reduction: -0.0000
Metrics/base_velocity/error_vel_xy: 0.5023
Metrics/base_velocity/error_vel_yaw: 0.4271
      Episode_Termination/time_out: 0.0253
Episode_Termination/terrain_out_of_bounds: 0.0000
Episode_Termination/illegal_contact: 0.9747
--------------------------------------------------------------------------------
                   Total timesteps: 16121856
                    Iteration time: 1.73s
                      Time elapsed: 00:05:01
                               ETA: 12:39:48

################################################################################
                     [1m Learning iteration 164/25000 [0m                     

                       Computation: 58738 steps/s (collection: 1.151s, learning 0.523s)
             Mean action noise std: 0.51
          Mean value_function loss: 0.9778
               Mean surrogate loss: 0.0118
                 Mean entropy loss: 6.9661
                Mean priv_reg loss: 0.4103
                Mean amp/loss loss: 0.4839
            Mean amp/grad_pen loss: 0.1926
         Mean amp/policy_pred loss: -0.3354
         Mean amp/expert_pred loss: 0.3228
                       Mean reward: 14.40
               Mean episode length: 476.98
      Episode_Reward/is_terminated: -0.1566
       Episode_Reward/lin_vel_z_l2: -0.0511
      Episode_Reward/ang_vel_xy_l2: -0.0864
Episode_Reward/flat_orientation_l2: -0.0854
     Episode_Reward/base_height_l2: -0.0210
   Episode_Reward/joint_torques_l2: -0.0126
       Episode_Reward/joint_vel_l2: -0.0004
       Episode_Reward/joint_acc_l2: -0.0176
   Episode_Reward/joint_pos_limits: -0.0001
        Episode_Reward/joint_power: -0.0010
        Episode_Reward/stand_still: -0.0414
     Episode_Reward/action_rate_l2: -0.3243
 Episode_Reward/undesired_contacts: -0.0117
Episode_Reward/track_lin_vel_xy_exp: 0.9727
Episode_Reward/track_ang_vel_z_exp: 0.7597
      Episode_Reward/feet_air_time: 0.0046
Episode_Reward/feet_air_time_variance: -0.1571
         Episode_Reward/feet_slide: -0.0429
     Episode_Reward/feet_clearance: 0.8981
Episode_Reward/feet_distance_y_exp: 0.9814
   Episode_Reward/feet_landing_vel: -0.0012
 Episode_Reward/joint_vel_wheel_l2: -0.0057
 Episode_Reward/joint_acc_wheel_l2: -0.0001
Episode_Reward/joint_torques_wheel_l2: -0.0000
Episode_Reward/bipedal_gait_reward: -0.9651
Episode_Reward/feet_distance_penalize: -0.0346
        Episode_Reward/stop_motion: -0.0715
  Episode_Reward/action_smoothness: -0.3954
       Episode_Reward/lazy_penalty: -0.0832
         Episode_Reward/keep_alive: 0.0741
Episode_Reward/joint_deviation_hip: -0.0151
Episode_Reward/joint_deviation_ankle: -0.0302
Episode_Reward/joint_deviation_legs: -0.0070
Episode_Reward/body_orientation_l2: -0.0512
 Episode_Reward/ankle_torque_limit: -0.0012
Episode_Reward/penalize_hip_roll_action: -0.2835
Episode_Reward/feet_impact_reduction: -0.0000
Metrics/base_velocity/error_vel_xy: 0.5741
Metrics/base_velocity/error_vel_yaw: 0.4606
      Episode_Termination/time_out: 0.0411
Episode_Termination/terrain_out_of_bounds: 0.0000
Episode_Termination/illegal_contact: 0.9589
--------------------------------------------------------------------------------
                   Total timesteps: 16220160
                    Iteration time: 1.67s
                      Time elapsed: 00:05:02
                               ETA: 12:39:21

################################################################################
                     [1m Learning iteration 165/25000 [0m                     

                       Computation: 57958 steps/s (collection: 1.169s, learning 0.527s)
             Mean action noise std: 0.51
          Mean value_function loss: 0.7749
               Mean surrogate loss: 0.0037
                 Mean entropy loss: 6.9660
                Mean priv_reg loss: 0.3921
                Mean amp/loss loss: 0.4900
            Mean amp/grad_pen loss: 0.1980
         Mean amp/policy_pred loss: -0.3190
         Mean amp/expert_pred loss: 0.3268
                       Mean reward: 13.47
               Mean episode length: 419.29
      Episode_Reward/is_terminated: -0.1770
       Episode_Reward/lin_vel_z_l2: -0.0489
      Episode_Reward/ang_vel_xy_l2: -0.0726
Episode_Reward/flat_orientation_l2: -0.0810
     Episode_Reward/base_height_l2: -0.0191
   Episode_Reward/joint_torques_l2: -0.0095
       Episode_Reward/joint_vel_l2: -0.0004
       Episode_Reward/joint_acc_l2: -0.0144
   Episode_Reward/joint_pos_limits: -0.0001
        Episode_Reward/joint_power: -0.0008
        Episode_Reward/stand_still: -0.0383
     Episode_Reward/action_rate_l2: -0.2503
 Episode_Reward/undesired_contacts: -0.0138
Episode_Reward/track_lin_vel_xy_exp: 0.8140
Episode_Reward/track_ang_vel_z_exp: 0.5796
      Episode_Reward/feet_air_time: 0.0037
Episode_Reward/feet_air_time_variance: -0.1155
         Episode_Reward/feet_slide: -0.0374
     Episode_Reward/feet_clearance: 0.6740
Episode_Reward/feet_distance_y_exp: 0.7489
   Episode_Reward/feet_landing_vel: -0.0012
 Episode_Reward/joint_vel_wheel_l2: -0.0043
 Episode_Reward/joint_acc_wheel_l2: -0.0001
Episode_Reward/joint_torques_wheel_l2: -0.0000
Episode_Reward/bipedal_gait_reward: -0.7287
Episode_Reward/feet_distance_penalize: -0.0249
        Episode_Reward/stop_motion: -0.0674
  Episode_Reward/action_smoothness: -0.3027
       Episode_Reward/lazy_penalty: -0.0527
         Episode_Reward/keep_alive: 0.0566
Episode_Reward/joint_deviation_hip: -0.0116
Episode_Reward/joint_deviation_ankle: -0.0225
Episode_Reward/joint_deviation_legs: -0.0052
Episode_Reward/body_orientation_l2: -0.0486
 Episode_Reward/ankle_torque_limit: -0.0013
Episode_Reward/penalize_hip_roll_action: -0.2186
Episode_Reward/feet_impact_reduction: -0.0000
Metrics/base_velocity/error_vel_xy: 0.4254
Metrics/base_velocity/error_vel_yaw: 0.3588
      Episode_Termination/time_out: 0.0521
Episode_Termination/terrain_out_of_bounds: 0.0000
Episode_Termination/illegal_contact: 0.9479
--------------------------------------------------------------------------------
                   Total timesteps: 16318464
                    Iteration time: 1.70s
                      Time elapsed: 00:05:04
                               ETA: 12:38:59

################################################################################
                     [1m Learning iteration 166/25000 [0m                     

                       Computation: 57946 steps/s (collection: 1.169s, learning 0.527s)
             Mean action noise std: 0.51
          Mean value_function loss: 0.7495
               Mean surrogate loss: -0.0001
                 Mean entropy loss: 6.9652
                Mean priv_reg loss: 0.3757
                Mean amp/loss loss: 0.5020
            Mean amp/grad_pen loss: 0.1920
         Mean amp/policy_pred loss: -0.3031
         Mean amp/expert_pred loss: 0.3212
                       Mean reward: 8.08
               Mean episode length: 347.21
      Episode_Reward/is_terminated: -0.1808
       Episode_Reward/lin_vel_z_l2: -0.0466
      Episode_Reward/ang_vel_xy_l2: -0.0702
Episode_Reward/flat_orientation_l2: -0.0797
     Episode_Reward/base_height_l2: -0.0184
   Episode_Reward/joint_torques_l2: -0.0093
       Episode_Reward/joint_vel_l2: -0.0003
       Episode_Reward/joint_acc_l2: -0.0141
   Episode_Reward/joint_pos_limits: -0.0001
        Episode_Reward/joint_power: -0.0008
        Episode_Reward/stand_still: -0.0432
     Episode_Reward/action_rate_l2: -0.2415
 Episode_Reward/undesired_contacts: -0.0117
Episode_Reward/track_lin_vel_xy_exp: 0.7964
Episode_Reward/track_ang_vel_z_exp: 0.5815
      Episode_Reward/feet_air_time: 0.0043
Episode_Reward/feet_air_time_variance: -0.1066
         Episode_Reward/feet_slide: -0.0361
     Episode_Reward/feet_clearance: 0.6506
Episode_Reward/feet_distance_y_exp: 0.7244
   Episode_Reward/feet_landing_vel: -0.0012
 Episode_Reward/joint_vel_wheel_l2: -0.0042
 Episode_Reward/joint_acc_wheel_l2: -0.0001
Episode_Reward/joint_torques_wheel_l2: -0.0000
Episode_Reward/bipedal_gait_reward: -0.7020
Episode_Reward/feet_distance_penalize: -0.0338
        Episode_Reward/stop_motion: -0.0629
  Episode_Reward/action_smoothness: -0.2921
       Episode_Reward/lazy_penalty: -0.0548
         Episode_Reward/keep_alive: 0.0547
Episode_Reward/joint_deviation_hip: -0.0110
Episode_Reward/joint_deviation_ankle: -0.0223
Episode_Reward/joint_deviation_legs: -0.0050
Episode_Reward/body_orientation_l2: -0.0478
 Episode_Reward/ankle_torque_limit: -0.0013
Episode_Reward/penalize_hip_roll_action: -0.2120
Episode_Reward/feet_impact_reduction: -0.0000
Metrics/base_velocity/error_vel_xy: 0.4079
Metrics/base_velocity/error_vel_yaw: 0.3357
      Episode_Termination/time_out: 0.0566
Episode_Termination/terrain_out_of_bounds: 0.0000
Episode_Termination/illegal_contact: 0.9434
--------------------------------------------------------------------------------
                   Total timesteps: 16416768
                    Iteration time: 1.70s
                      Time elapsed: 00:05:06
                               ETA: 12:38:37

################################################################################
                     [1m Learning iteration 167/25000 [0m                     

                       Computation: 53462 steps/s (collection: 1.311s, learning 0.528s)
             Mean action noise std: 0.51
          Mean value_function loss: 0.8019
               Mean surrogate loss: -0.0016
                 Mean entropy loss: 6.9638
                Mean priv_reg loss: 0.3737
                Mean amp/loss loss: 0.5128
            Mean amp/grad_pen loss: 0.1800
         Mean amp/policy_pred loss: -0.2990
         Mean amp/expert_pred loss: 0.3069
                       Mean reward: 6.72
               Mean episode length: 353.52
      Episode_Reward/is_terminated: -0.1826
       Episode_Reward/lin_vel_z_l2: -0.0433
      Episode_Reward/ang_vel_xy_l2: -0.0613
Episode_Reward/flat_orientation_l2: -0.0784
     Episode_Reward/base_height_l2: -0.0183
   Episode_Reward/joint_torques_l2: -0.0085
       Episode_Reward/joint_vel_l2: -0.0003
       Episode_Reward/joint_acc_l2: -0.0138
   Episode_Reward/joint_pos_limits: -0.0001
        Episode_Reward/joint_power: -0.0007
        Episode_Reward/stand_still: -0.0107
     Episode_Reward/action_rate_l2: -0.2133
 Episode_Reward/undesired_contacts: -0.0120
Episode_Reward/track_lin_vel_xy_exp: 0.5705
Episode_Reward/track_ang_vel_z_exp: 0.5130
      Episode_Reward/feet_air_time: 0.0038
Episode_Reward/feet_air_time_variance: -0.0996
         Episode_Reward/feet_slide: -0.0336
     Episode_Reward/feet_clearance: 0.5872
Episode_Reward/feet_distance_y_exp: 0.6414
   Episode_Reward/feet_landing_vel: -0.0011
 Episode_Reward/joint_vel_wheel_l2: -0.0037
 Episode_Reward/joint_acc_wheel_l2: -0.0001
Episode_Reward/joint_torques_wheel_l2: -0.0000
Episode_Reward/bipedal_gait_reward: -0.6350
Episode_Reward/feet_distance_penalize: -0.0329
        Episode_Reward/stop_motion: -0.0538
  Episode_Reward/action_smoothness: -0.2582
       Episode_Reward/lazy_penalty: -0.0469
         Episode_Reward/keep_alive: 0.0485
Episode_Reward/joint_deviation_hip: -0.0100
Episode_Reward/joint_deviation_ankle: -0.0202
Episode_Reward/joint_deviation_legs: -0.0044
Episode_Reward/body_orientation_l2: -0.0470
 Episode_Reward/ankle_torque_limit: -0.0011
Episode_Reward/penalize_hip_roll_action: -0.1884
Episode_Reward/feet_impact_reduction: -0.0000
Metrics/base_velocity/error_vel_xy: 0.4071
Metrics/base_velocity/error_vel_yaw: 0.2986
      Episode_Termination/time_out: 0.0546
Episode_Termination/terrain_out_of_bounds: 0.0000
Episode_Termination/illegal_contact: 0.9454
--------------------------------------------------------------------------------
                   Total timesteps: 16515072
                    Iteration time: 1.84s
                      Time elapsed: 00:05:07
                               ETA: 12:38:36

################################################################################
                     [1m Learning iteration 168/25000 [0m                     

                       Computation: 56577 steps/s (collection: 1.203s, learning 0.535s)
             Mean action noise std: 0.51
          Mean value_function loss: 0.8083
               Mean surrogate loss: -0.0010
                 Mean entropy loss: 6.9776
                Mean priv_reg loss: 0.3686
                Mean amp/loss loss: 0.4948
            Mean amp/grad_pen loss: 0.1844
         Mean amp/policy_pred loss: -0.3243
         Mean amp/expert_pred loss: 0.3139
                       Mean reward: 13.09
               Mean episode length: 437.50
      Episode_Reward/is_terminated: -0.1796
       Episode_Reward/lin_vel_z_l2: -0.0530
      Episode_Reward/ang_vel_xy_l2: -0.0774
Episode_Reward/flat_orientation_l2: -0.0836
     Episode_Reward/base_height_l2: -0.0188
   Episode_Reward/joint_torques_l2: -0.0100
       Episode_Reward/joint_vel_l2: -0.0004
       Episode_Reward/joint_acc_l2: -0.0162
   Episode_Reward/joint_pos_limits: -0.0001
        Episode_Reward/joint_power: -0.0009
        Episode_Reward/stand_still: -0.0558
     Episode_Reward/action_rate_l2: -0.2681
 Episode_Reward/undesired_contacts: -0.0134
Episode_Reward/track_lin_vel_xy_exp: 0.8198
Episode_Reward/track_ang_vel_z_exp: 0.6071
      Episode_Reward/feet_air_time: 0.0042
Episode_Reward/feet_air_time_variance: -0.1200
         Episode_Reward/feet_slide: -0.0396
     Episode_Reward/feet_clearance: 0.7163
Episode_Reward/feet_distance_y_exp: 0.7977
   Episode_Reward/feet_landing_vel: -0.0013
 Episode_Reward/joint_vel_wheel_l2: -0.0046
 Episode_Reward/joint_acc_wheel_l2: -0.0001
Episode_Reward/joint_torques_wheel_l2: -0.0000
Episode_Reward/bipedal_gait_reward: -0.7695
Episode_Reward/feet_distance_penalize: -0.0268
        Episode_Reward/stop_motion: -0.0551
  Episode_Reward/action_smoothness: -0.3248
       Episode_Reward/lazy_penalty: -0.0547
         Episode_Reward/keep_alive: 0.0603
Episode_Reward/joint_deviation_hip: -0.0121
Episode_Reward/joint_deviation_ankle: -0.0233
Episode_Reward/joint_deviation_legs: -0.0053
Episode_Reward/body_orientation_l2: -0.0502
 Episode_Reward/ankle_torque_limit: -0.0011
Episode_Reward/penalize_hip_roll_action: -0.2338
Episode_Reward/feet_impact_reduction: -0.0000
Metrics/base_velocity/error_vel_xy: 0.4684
Metrics/base_velocity/error_vel_yaw: 0.3882
      Episode_Termination/time_out: 0.0555
Episode_Termination/terrain_out_of_bounds: 0.0000
Episode_Termination/illegal_contact: 0.9445
--------------------------------------------------------------------------------
                   Total timesteps: 16613376
                    Iteration time: 1.74s
                      Time elapsed: 00:05:09
                               ETA: 12:38:20

################################################################################
                     [1m Learning iteration 169/25000 [0m                     

                       Computation: 52366 steps/s (collection: 1.342s, learning 0.536s)
             Mean action noise std: 0.51
          Mean value_function loss: 0.6482
               Mean surrogate loss: -0.0008
                 Mean entropy loss: 6.9976
                Mean priv_reg loss: 0.3658
                Mean amp/loss loss: 0.4926
            Mean amp/grad_pen loss: 0.1848
         Mean amp/policy_pred loss: -0.3236
         Mean amp/expert_pred loss: 0.3171
                       Mean reward: 7.99
               Mean episode length: 371.76
      Episode_Reward/is_terminated: -0.1902
       Episode_Reward/lin_vel_z_l2: -0.0471
      Episode_Reward/ang_vel_xy_l2: -0.0699
Episode_Reward/flat_orientation_l2: -0.0838
     Episode_Reward/base_height_l2: -0.0198
   Episode_Reward/joint_torques_l2: -0.0091
       Episode_Reward/joint_vel_l2: -0.0004
       Episode_Reward/joint_acc_l2: -0.0139
   Episode_Reward/joint_pos_limits: -0.0001
        Episode_Reward/joint_power: -0.0008
        Episode_Reward/stand_still: -0.0565
     Episode_Reward/action_rate_l2: -0.2399
 Episode_Reward/undesired_contacts: -0.0129
Episode_Reward/track_lin_vel_xy_exp: 0.7435
Episode_Reward/track_ang_vel_z_exp: 0.5416
      Episode_Reward/feet_air_time: 0.0042
Episode_Reward/feet_air_time_variance: -0.1107
         Episode_Reward/feet_slide: -0.0369
     Episode_Reward/feet_clearance: 0.6395
Episode_Reward/feet_distance_y_exp: 0.7159
   Episode_Reward/feet_landing_vel: -0.0013
 Episode_Reward/joint_vel_wheel_l2: -0.0043
 Episode_Reward/joint_acc_wheel_l2: -0.0001
Episode_Reward/joint_torques_wheel_l2: -0.0000
Episode_Reward/bipedal_gait_reward: -0.6899
Episode_Reward/feet_distance_penalize: -0.0299
        Episode_Reward/stop_motion: -0.0693
  Episode_Reward/action_smoothness: -0.2901
       Episode_Reward/lazy_penalty: -0.0480
         Episode_Reward/keep_alive: 0.0541
Episode_Reward/joint_deviation_hip: -0.0115
Episode_Reward/joint_deviation_ankle: -0.0217
Episode_Reward/joint_deviation_legs: -0.0049
Episode_Reward/body_orientation_l2: -0.0503
 Episode_Reward/ankle_torque_limit: -0.0013
Episode_Reward/penalize_hip_roll_action: -0.2105
Episode_Reward/feet_impact_reduction: -0.0000
Metrics/base_velocity/error_vel_xy: 0.4201
Metrics/base_velocity/error_vel_yaw: 0.3544
      Episode_Termination/time_out: 0.0579
Episode_Termination/terrain_out_of_bounds: 0.0000
Episode_Termination/illegal_contact: 0.9421
--------------------------------------------------------------------------------
                   Total timesteps: 16711680
                    Iteration time: 1.88s
                      Time elapsed: 00:05:11
                               ETA: 12:38:25

################################################################################
                     [1m Learning iteration 170/25000 [0m                     

                       Computation: 53143 steps/s (collection: 1.325s, learning 0.525s)
             Mean action noise std: 0.51
          Mean value_function loss: 0.7568
               Mean surrogate loss: -0.0009
                 Mean entropy loss: 6.9967
                Mean priv_reg loss: 0.3644
                Mean amp/loss loss: 0.4860
            Mean amp/grad_pen loss: 0.1871
         Mean amp/policy_pred loss: -0.3318
         Mean amp/expert_pred loss: 0.3192
                       Mean reward: 8.58
               Mean episode length: 369.24
      Episode_Reward/is_terminated: -0.1892
       Episode_Reward/lin_vel_z_l2: -0.0524
      Episode_Reward/ang_vel_xy_l2: -0.0729
Episode_Reward/flat_orientation_l2: -0.0846
     Episode_Reward/base_height_l2: -0.0184
   Episode_Reward/joint_torques_l2: -0.0097
       Episode_Reward/joint_vel_l2: -0.0004
       Episode_Reward/joint_acc_l2: -0.0151
   Episode_Reward/joint_pos_limits: -0.0001
        Episode_Reward/joint_power: -0.0008
        Episode_Reward/stand_still: -0.0675
     Episode_Reward/action_rate_l2: -0.2586
 Episode_Reward/undesired_contacts: -0.0131
Episode_Reward/track_lin_vel_xy_exp: 0.7913
Episode_Reward/track_ang_vel_z_exp: 0.5997
      Episode_Reward/feet_air_time: 0.0052
Episode_Reward/feet_air_time_variance: -0.1164
         Episode_Reward/feet_slide: -0.0394
     Episode_Reward/feet_clearance: 0.6837
Episode_Reward/feet_distance_y_exp: 0.7691
   Episode_Reward/feet_landing_vel: -0.0014
 Episode_Reward/joint_vel_wheel_l2: -0.0045
 Episode_Reward/joint_acc_wheel_l2: -0.0001
Episode_Reward/joint_torques_wheel_l2: -0.0000
Episode_Reward/bipedal_gait_reward: -0.7348
Episode_Reward/feet_distance_penalize: -0.0346
        Episode_Reward/stop_motion: -0.0764
  Episode_Reward/action_smoothness: -0.3134
       Episode_Reward/lazy_penalty: -0.0499
         Episode_Reward/keep_alive: 0.0581
Episode_Reward/joint_deviation_hip: -0.0121
Episode_Reward/joint_deviation_ankle: -0.0227
Episode_Reward/joint_deviation_legs: -0.0051
Episode_Reward/body_orientation_l2: -0.0507
 Episode_Reward/ankle_torque_limit: -0.0016
Episode_Reward/penalize_hip_roll_action: -0.2271
Episode_Reward/feet_impact_reduction: -0.0000
Metrics/base_velocity/error_vel_xy: 0.4463
Metrics/base_velocity/error_vel_yaw: 0.3656
      Episode_Termination/time_out: 0.0567
Episode_Termination/terrain_out_of_bounds: 0.0000
Episode_Termination/illegal_contact: 0.9433
--------------------------------------------------------------------------------
                   Total timesteps: 16809984
                    Iteration time: 1.85s
                      Time elapsed: 00:05:13
                               ETA: 12:38:25

################################################################################
                     [1m Learning iteration 171/25000 [0m                     

                       Computation: 53962 steps/s (collection: 1.294s, learning 0.527s)
             Mean action noise std: 0.51
          Mean value_function loss: 0.9157
               Mean surrogate loss: 0.0005
                 Mean entropy loss: 6.9884
                Mean priv_reg loss: 0.3631
                Mean amp/loss loss: 0.4911
            Mean amp/grad_pen loss: 0.1842
         Mean amp/policy_pred loss: -0.3279
         Mean amp/expert_pred loss: 0.3153
                       Mean reward: 10.79
               Mean episode length: 417.67
      Episode_Reward/is_terminated: -0.1913
       Episode_Reward/lin_vel_z_l2: -0.0559
      Episode_Reward/ang_vel_xy_l2: -0.0784
Episode_Reward/flat_orientation_l2: -0.0910
     Episode_Reward/base_height_l2: -0.0193
   Episode_Reward/joint_torques_l2: -0.0101
       Episode_Reward/joint_vel_l2: -0.0004
       Episode_Reward/joint_acc_l2: -0.0164
   Episode_Reward/joint_pos_limits: -0.0001
        Episode_Reward/joint_power: -0.0009
        Episode_Reward/stand_still: -0.0605
     Episode_Reward/action_rate_l2: -0.2733
 Episode_Reward/undesired_contacts: -0.0135
Episode_Reward/track_lin_vel_xy_exp: 0.8279
Episode_Reward/track_ang_vel_z_exp: 0.6246
      Episode_Reward/feet_air_time: 0.0049
Episode_Reward/feet_air_time_variance: -0.1328
         Episode_Reward/feet_slide: -0.0413
     Episode_Reward/feet_clearance: 0.7307
Episode_Reward/feet_distance_y_exp: 0.8146
   Episode_Reward/feet_landing_vel: -0.0013
 Episode_Reward/joint_vel_wheel_l2: -0.0048
 Episode_Reward/joint_acc_wheel_l2: -0.0001
Episode_Reward/joint_torques_wheel_l2: -0.0000
Episode_Reward/bipedal_gait_reward: -0.7831
Episode_Reward/feet_distance_penalize: -0.0325
        Episode_Reward/stop_motion: -0.0738
  Episode_Reward/action_smoothness: -0.3297
       Episode_Reward/lazy_penalty: -0.0555
         Episode_Reward/keep_alive: 0.0616
Episode_Reward/joint_deviation_hip: -0.0126
Episode_Reward/joint_deviation_ankle: -0.0241
Episode_Reward/joint_deviation_legs: -0.0053
Episode_Reward/body_orientation_l2: -0.0546
 Episode_Reward/ankle_torque_limit: -0.0013
Episode_Reward/penalize_hip_roll_action: -0.2401
Episode_Reward/feet_impact_reduction: -0.0000
Metrics/base_velocity/error_vel_xy: 0.4769
Metrics/base_velocity/error_vel_yaw: 0.3970
      Episode_Termination/time_out: 0.0558
Episode_Termination/terrain_out_of_bounds: 0.0000
Episode_Termination/illegal_contact: 0.9442
--------------------------------------------------------------------------------
                   Total timesteps: 16908288
                    Iteration time: 1.82s
                      Time elapsed: 00:05:15
                               ETA: 12:38:22

################################################################################
                     [1m Learning iteration 172/25000 [0m                     

                       Computation: 56149 steps/s (collection: 1.219s, learning 0.532s)
             Mean action noise std: 0.51
          Mean value_function loss: 0.9594
               Mean surrogate loss: -0.0004
                 Mean entropy loss: 6.9955
                Mean priv_reg loss: 0.3670
                Mean amp/loss loss: 0.4938
            Mean amp/grad_pen loss: 0.1824
         Mean amp/policy_pred loss: -0.3225
         Mean amp/expert_pred loss: 0.3165
                       Mean reward: 8.08
               Mean episode length: 362.85
      Episode_Reward/is_terminated: -0.1939
       Episode_Reward/lin_vel_z_l2: -0.0558
      Episode_Reward/ang_vel_xy_l2: -0.0760
Episode_Reward/flat_orientation_l2: -0.0856
     Episode_Reward/base_height_l2: -0.0189
   Episode_Reward/joint_torques_l2: -0.0099
       Episode_Reward/joint_vel_l2: -0.0004
       Episode_Reward/joint_acc_l2: -0.0165
   Episode_Reward/joint_pos_limits: -0.0001
        Episode_Reward/joint_power: -0.0009
        Episode_Reward/stand_still: -0.0636
     Episode_Reward/action_rate_l2: -0.2647
 Episode_Reward/undesired_contacts: -0.0131
Episode_Reward/track_lin_vel_xy_exp: 0.8209
Episode_Reward/track_ang_vel_z_exp: 0.5988
      Episode_Reward/feet_air_time: 0.0047
Episode_Reward/feet_air_time_variance: -0.1152
         Episode_Reward/feet_slide: -0.0406
     Episode_Reward/feet_clearance: 0.6982
Episode_Reward/feet_distance_y_exp: 0.7822
   Episode_Reward/feet_landing_vel: -0.0014
 Episode_Reward/joint_vel_wheel_l2: -0.0045
 Episode_Reward/joint_acc_wheel_l2: -0.0001
Episode_Reward/joint_torques_wheel_l2: -0.0000
Episode_Reward/bipedal_gait_reward: -0.7514
Episode_Reward/feet_distance_penalize: -0.0259
        Episode_Reward/stop_motion: -0.0790
  Episode_Reward/action_smoothness: -0.3184
       Episode_Reward/lazy_penalty: -0.0522
         Episode_Reward/keep_alive: 0.0591
Episode_Reward/joint_deviation_hip: -0.0119
Episode_Reward/joint_deviation_ankle: -0.0228
Episode_Reward/joint_deviation_legs: -0.0051
Episode_Reward/body_orientation_l2: -0.0513
 Episode_Reward/ankle_torque_limit: -0.0011
Episode_Reward/penalize_hip_roll_action: -0.2304
Episode_Reward/feet_impact_reduction: -0.0000
Metrics/base_velocity/error_vel_xy: 0.4602
Metrics/base_velocity/error_vel_yaw: 0.3807
      Episode_Termination/time_out: 0.0560
Episode_Termination/terrain_out_of_bounds: 0.0000
Episode_Termination/illegal_contact: 0.9440
--------------------------------------------------------------------------------
                   Total timesteps: 17006592
                    Iteration time: 1.75s
                      Time elapsed: 00:05:16
                               ETA: 12:38:08

################################################################################
                     [1m Learning iteration 173/25000 [0m                     

                       Computation: 56146 steps/s (collection: 1.217s, learning 0.534s)
             Mean action noise std: 0.51
          Mean value_function loss: 0.9755
               Mean surrogate loss: -0.0028
                 Mean entropy loss: 6.9972
                Mean priv_reg loss: 0.3727
                Mean amp/loss loss: 0.4832
            Mean amp/grad_pen loss: 0.1850
         Mean amp/policy_pred loss: -0.3350
         Mean amp/expert_pred loss: 0.3239
                       Mean reward: 14.64
               Mean episode length: 476.52
      Episode_Reward/is_terminated: -0.1900
       Episode_Reward/lin_vel_z_l2: -0.0574
      Episode_Reward/ang_vel_xy_l2: -0.0843
Episode_Reward/flat_orientation_l2: -0.0888
     Episode_Reward/base_height_l2: -0.0200
   Episode_Reward/joint_torques_l2: -0.0113
       Episode_Reward/joint_vel_l2: -0.0004
       Episode_Reward/joint_acc_l2: -0.0167
   Episode_Reward/joint_pos_limits: -0.0002
        Episode_Reward/joint_power: -0.0010
        Episode_Reward/stand_still: -0.1123
     Episode_Reward/action_rate_l2: -0.3063
 Episode_Reward/undesired_contacts: -0.0141
Episode_Reward/track_lin_vel_xy_exp: 1.0108
Episode_Reward/track_ang_vel_z_exp: 0.6900
      Episode_Reward/feet_air_time: 0.0039
Episode_Reward/feet_air_time_variance: -0.1435
         Episode_Reward/feet_slide: -0.0443
     Episode_Reward/feet_clearance: 0.7973
Episode_Reward/feet_distance_y_exp: 0.9089
   Episode_Reward/feet_landing_vel: -0.0013
 Episode_Reward/joint_vel_wheel_l2: -0.0052
 Episode_Reward/joint_acc_wheel_l2: -0.0001
Episode_Reward/joint_torques_wheel_l2: -0.0000
Episode_Reward/bipedal_gait_reward: -0.8592
Episode_Reward/feet_distance_penalize: -0.0246
        Episode_Reward/stop_motion: -0.0831
  Episode_Reward/action_smoothness: -0.3711
       Episode_Reward/lazy_penalty: -0.0617
         Episode_Reward/keep_alive: 0.0687
Episode_Reward/joint_deviation_hip: -0.0142
Episode_Reward/joint_deviation_ankle: -0.0265
Episode_Reward/joint_deviation_legs: -0.0059
Episode_Reward/body_orientation_l2: -0.0533
 Episode_Reward/ankle_torque_limit: -0.0013
Episode_Reward/penalize_hip_roll_action: -0.2655
Episode_Reward/feet_impact_reduction: -0.0000
Metrics/base_velocity/error_vel_xy: 0.5032
Metrics/base_velocity/error_vel_yaw: 0.4409
      Episode_Termination/time_out: 0.0560
Episode_Termination/terrain_out_of_bounds: 0.0000
Episode_Termination/illegal_contact: 0.9440
--------------------------------------------------------------------------------
                   Total timesteps: 17104896
                    Iteration time: 1.75s
                      Time elapsed: 00:05:18
                               ETA: 12:37:55

################################################################################
                     [1m Learning iteration 174/25000 [0m                     

                       Computation: 59149 steps/s (collection: 1.137s, learning 0.525s)
             Mean action noise std: 0.51
          Mean value_function loss: 1.1251
               Mean surrogate loss: 0.0017
                 Mean entropy loss: 6.9992
                Mean priv_reg loss: 0.3761
                Mean amp/loss loss: 0.4887
            Mean amp/grad_pen loss: 0.1885
         Mean amp/policy_pred loss: -0.3228
         Mean amp/expert_pred loss: 0.3271
                       Mean reward: 9.97
               Mean episode length: 401.18
      Episode_Reward/is_terminated: -0.1938
       Episode_Reward/lin_vel_z_l2: -0.0562
      Episode_Reward/ang_vel_xy_l2: -0.0792
Episode_Reward/flat_orientation_l2: -0.0889
     Episode_Reward/base_height_l2: -0.0189
   Episode_Reward/joint_torques_l2: -0.0099
       Episode_Reward/joint_vel_l2: -0.0004
       Episode_Reward/joint_acc_l2: -0.0165
   Episode_Reward/joint_pos_limits: -0.0002
        Episode_Reward/joint_power: -0.0009
        Episode_Reward/stand_still: -0.0522
     Episode_Reward/action_rate_l2: -0.2701
 Episode_Reward/undesired_contacts: -0.0140
Episode_Reward/track_lin_vel_xy_exp: 0.8694
Episode_Reward/track_ang_vel_z_exp: 0.6198
      Episode_Reward/feet_air_time: 0.0047
Episode_Reward/feet_air_time_variance: -0.1142
         Episode_Reward/feet_slide: -0.0414
     Episode_Reward/feet_clearance: 0.7157
Episode_Reward/feet_distance_y_exp: 0.7986
   Episode_Reward/feet_landing_vel: -0.0013
 Episode_Reward/joint_vel_wheel_l2: -0.0047
 Episode_Reward/joint_acc_wheel_l2: -0.0001
Episode_Reward/joint_torques_wheel_l2: -0.0000
Episode_Reward/bipedal_gait_reward: -0.7626
Episode_Reward/feet_distance_penalize: -0.0281
        Episode_Reward/stop_motion: -0.0813
  Episode_Reward/action_smoothness: -0.3263
       Episode_Reward/lazy_penalty: -0.0535
         Episode_Reward/keep_alive: 0.0603
Episode_Reward/joint_deviation_hip: -0.0121
Episode_Reward/joint_deviation_ankle: -0.0222
Episode_Reward/joint_deviation_legs: -0.0051
Episode_Reward/body_orientation_l2: -0.0533
 Episode_Reward/ankle_torque_limit: -0.0014
Episode_Reward/penalize_hip_roll_action: -0.2356
Episode_Reward/feet_impact_reduction: -0.0000
Metrics/base_velocity/error_vel_xy: 0.4605
Metrics/base_velocity/error_vel_yaw: 0.3830
      Episode_Termination/time_out: 0.0563
Episode_Termination/terrain_out_of_bounds: 0.0000
Episode_Termination/illegal_contact: 0.9437
--------------------------------------------------------------------------------
                   Total timesteps: 17203200
                    Iteration time: 1.66s
                      Time elapsed: 00:05:20
                               ETA: 12:37:29

################################################################################
                     [1m Learning iteration 175/25000 [0m                     

                       Computation: 54267 steps/s (collection: 1.285s, learning 0.526s)
             Mean action noise std: 0.51
          Mean value_function loss: 1.1370
               Mean surrogate loss: -0.0028
                 Mean entropy loss: 7.0011
                Mean priv_reg loss: 0.3828
                Mean amp/loss loss: 0.4937
            Mean amp/grad_pen loss: 0.1828
         Mean amp/policy_pred loss: -0.3213
         Mean amp/expert_pred loss: 0.3195
                       Mean reward: 10.76
               Mean episode length: 427.58
      Episode_Reward/is_terminated: -0.1948
       Episode_Reward/lin_vel_z_l2: -0.0556
      Episode_Reward/ang_vel_xy_l2: -0.0782
Episode_Reward/flat_orientation_l2: -0.0870
     Episode_Reward/base_height_l2: -0.0194
   Episode_Reward/joint_torques_l2: -0.0103
       Episode_Reward/joint_vel_l2: -0.0004
       Episode_Reward/joint_acc_l2: -0.0159
   Episode_Reward/joint_pos_limits: -0.0001
        Episode_Reward/joint_power: -0.0009
        Episode_Reward/stand_still: -0.0837
     Episode_Reward/action_rate_l2: -0.2762
 Episode_Reward/undesired_contacts: -0.0152
Episode_Reward/track_lin_vel_xy_exp: 0.8732
Episode_Reward/track_ang_vel_z_exp: 0.6419
      Episode_Reward/feet_air_time: 0.0047
Episode_Reward/feet_air_time_variance: -0.1212
         Episode_Reward/feet_slide: -0.0414
     Episode_Reward/feet_clearance: 0.7272
Episode_Reward/feet_distance_y_exp: 0.8181
   Episode_Reward/feet_landing_vel: -0.0012
 Episode_Reward/joint_vel_wheel_l2: -0.0047
 Episode_Reward/joint_acc_wheel_l2: -0.0001
Episode_Reward/joint_torques_wheel_l2: -0.0000
Episode_Reward/bipedal_gait_reward: -0.7819
Episode_Reward/feet_distance_penalize: -0.0262
        Episode_Reward/stop_motion: -0.0805
  Episode_Reward/action_smoothness: -0.3338
       Episode_Reward/lazy_penalty: -0.0548
         Episode_Reward/keep_alive: 0.0618
Episode_Reward/joint_deviation_hip: -0.0125
Episode_Reward/joint_deviation_ankle: -0.0235
Episode_Reward/joint_deviation_legs: -0.0052
Episode_Reward/body_orientation_l2: -0.0522
 Episode_Reward/ankle_torque_limit: -0.0012
Episode_Reward/penalize_hip_roll_action: -0.2407
Episode_Reward/feet_impact_reduction: -0.0000
Metrics/base_velocity/error_vel_xy: 0.4704
Metrics/base_velocity/error_vel_yaw: 0.3868
      Episode_Termination/time_out: 0.0561
Episode_Termination/terrain_out_of_bounds: 0.0000
Episode_Termination/illegal_contact: 0.9439
--------------------------------------------------------------------------------
                   Total timesteps: 17301504
                    Iteration time: 1.81s
                      Time elapsed: 00:05:22
                               ETA: 12:37:24

################################################################################
                     [1m Learning iteration 176/25000 [0m                     

                       Computation: 56119 steps/s (collection: 1.220s, learning 0.531s)
             Mean action noise std: 0.51
          Mean value_function loss: 1.2383
               Mean surrogate loss: -0.0007
                 Mean entropy loss: 7.0157
                Mean priv_reg loss: 0.3897
                Mean amp/loss loss: 0.4894
            Mean amp/grad_pen loss: 0.1849
         Mean amp/policy_pred loss: -0.3209
         Mean amp/expert_pred loss: 0.3292
                       Mean reward: 10.23
               Mean episode length: 416.67
      Episode_Reward/is_terminated: -0.1915
       Episode_Reward/lin_vel_z_l2: -0.0548
      Episode_Reward/ang_vel_xy_l2: -0.0790
Episode_Reward/flat_orientation_l2: -0.0853
     Episode_Reward/base_height_l2: -0.0183
   Episode_Reward/joint_torques_l2: -0.0105
       Episode_Reward/joint_vel_l2: -0.0004
       Episode_Reward/joint_acc_l2: -0.0189
   Episode_Reward/joint_pos_limits: -0.0001
        Episode_Reward/joint_power: -0.0009
        Episode_Reward/stand_still: -0.0621
     Episode_Reward/action_rate_l2: -0.2809
 Episode_Reward/undesired_contacts: -0.0129
Episode_Reward/track_lin_vel_xy_exp: 0.9014
Episode_Reward/track_ang_vel_z_exp: 0.6642
      Episode_Reward/feet_air_time: 0.0051
Episode_Reward/feet_air_time_variance: -0.1222
         Episode_Reward/feet_slide: -0.0419
     Episode_Reward/feet_clearance: 0.7414
Episode_Reward/feet_distance_y_exp: 0.8290
   Episode_Reward/feet_landing_vel: -0.0013
 Episode_Reward/joint_vel_wheel_l2: -0.0047
 Episode_Reward/joint_acc_wheel_l2: -0.0002
Episode_Reward/joint_torques_wheel_l2: -0.0000
Episode_Reward/bipedal_gait_reward: -0.7883
Episode_Reward/feet_distance_penalize: -0.0235
        Episode_Reward/stop_motion: -0.0921
  Episode_Reward/action_smoothness: -0.3392
       Episode_Reward/lazy_penalty: -0.0546
         Episode_Reward/keep_alive: 0.0626
Episode_Reward/joint_deviation_hip: -0.0124
Episode_Reward/joint_deviation_ankle: -0.0233
Episode_Reward/joint_deviation_legs: -0.0053
Episode_Reward/body_orientation_l2: -0.0512
 Episode_Reward/ankle_torque_limit: -0.0012
Episode_Reward/penalize_hip_roll_action: -0.2447
Episode_Reward/feet_impact_reduction: -0.0000
Metrics/base_velocity/error_vel_xy: 0.4707
Metrics/base_velocity/error_vel_yaw: 0.3832
      Episode_Termination/time_out: 0.0558
Episode_Termination/terrain_out_of_bounds: 0.0000
Episode_Termination/illegal_contact: 0.9442
--------------------------------------------------------------------------------
                   Total timesteps: 17399808
                    Iteration time: 1.75s
                      Time elapsed: 00:05:23
                               ETA: 12:37:12

################################################################################
                     [1m Learning iteration 177/25000 [0m                     

                       Computation: 56009 steps/s (collection: 1.231s, learning 0.524s)
             Mean action noise std: 0.51
          Mean value_function loss: 1.0587
               Mean surrogate loss: 0.0010
                 Mean entropy loss: 7.0395
                Mean priv_reg loss: 0.3985
                Mean amp/loss loss: 0.4843
            Mean amp/grad_pen loss: 0.1866
         Mean amp/policy_pred loss: -0.3301
         Mean amp/expert_pred loss: 0.3290
                       Mean reward: 12.98
               Mean episode length: 415.56
      Episode_Reward/is_terminated: -0.1891
       Episode_Reward/lin_vel_z_l2: -0.0564
      Episode_Reward/ang_vel_xy_l2: -0.0829
Episode_Reward/flat_orientation_l2: -0.0882
     Episode_Reward/base_height_l2: -0.0198
   Episode_Reward/joint_torques_l2: -0.0111
       Episode_Reward/joint_vel_l2: -0.0004
       Episode_Reward/joint_acc_l2: -0.0185
   Episode_Reward/joint_pos_limits: -0.0002
        Episode_Reward/joint_power: -0.0009
        Episode_Reward/stand_still: -0.0452
     Episode_Reward/action_rate_l2: -0.2967
 Episode_Reward/undesired_contacts: -0.0140
Episode_Reward/track_lin_vel_xy_exp: 0.9568
Episode_Reward/track_ang_vel_z_exp: 0.6621
      Episode_Reward/feet_air_time: 0.0043
Episode_Reward/feet_air_time_variance: -0.1254
         Episode_Reward/feet_slide: -0.0433
     Episode_Reward/feet_clearance: 0.7899
Episode_Reward/feet_distance_y_exp: 0.8787
   Episode_Reward/feet_landing_vel: -0.0014
 Episode_Reward/joint_vel_wheel_l2: -0.0050
 Episode_Reward/joint_acc_wheel_l2: -0.0001
Episode_Reward/joint_torques_wheel_l2: -0.0000
Episode_Reward/bipedal_gait_reward: -0.8420
Episode_Reward/feet_distance_penalize: -0.0223
        Episode_Reward/stop_motion: -0.0523
  Episode_Reward/action_smoothness: -0.3594
       Episode_Reward/lazy_penalty: -0.0616
         Episode_Reward/keep_alive: 0.0664
Episode_Reward/joint_deviation_hip: -0.0135
Episode_Reward/joint_deviation_ankle: -0.0253
Episode_Reward/joint_deviation_legs: -0.0057
Episode_Reward/body_orientation_l2: -0.0529
 Episode_Reward/ankle_torque_limit: -0.0013
Episode_Reward/penalize_hip_roll_action: -0.2584
Episode_Reward/feet_impact_reduction: -0.0000
Metrics/base_velocity/error_vel_xy: 0.4973
Metrics/base_velocity/error_vel_yaw: 0.4281
      Episode_Termination/time_out: 0.0570
Episode_Termination/terrain_out_of_bounds: 0.0000
Episode_Termination/illegal_contact: 0.9430
--------------------------------------------------------------------------------
                   Total timesteps: 17498112
                    Iteration time: 1.76s
                      Time elapsed: 00:05:25
                               ETA: 12:36:59

################################################################################
                     [1m Learning iteration 178/25000 [0m                     

                       Computation: 55032 steps/s (collection: 1.260s, learning 0.527s)
             Mean action noise std: 0.51
          Mean value_function loss: 1.1139
               Mean surrogate loss: -0.0018
                 Mean entropy loss: 7.0486
                Mean priv_reg loss: 0.3966
                Mean amp/loss loss: 0.4957
            Mean amp/grad_pen loss: 0.1812
         Mean amp/policy_pred loss: -0.3191
         Mean amp/expert_pred loss: 0.3201
                       Mean reward: 15.69
               Mean episode length: 465.07
      Episode_Reward/is_terminated: -0.1878
       Episode_Reward/lin_vel_z_l2: -0.0539
      Episode_Reward/ang_vel_xy_l2: -0.0835
Episode_Reward/flat_orientation_l2: -0.0868
     Episode_Reward/base_height_l2: -0.0196
   Episode_Reward/joint_torques_l2: -0.0106
       Episode_Reward/joint_vel_l2: -0.0004
       Episode_Reward/joint_acc_l2: -0.0170
   Episode_Reward/joint_pos_limits: -0.0002
        Episode_Reward/joint_power: -0.0009
        Episode_Reward/stand_still: -0.0410
     Episode_Reward/action_rate_l2: -0.2915
 Episode_Reward/undesired_contacts: -0.0144
Episode_Reward/track_lin_vel_xy_exp: 0.9344
Episode_Reward/track_ang_vel_z_exp: 0.6874
      Episode_Reward/feet_air_time: 0.0047
Episode_Reward/feet_air_time_variance: -0.1235
         Episode_Reward/feet_slide: -0.0426
     Episode_Reward/feet_clearance: 0.7792
Episode_Reward/feet_distance_y_exp: 0.8608
   Episode_Reward/feet_landing_vel: -0.0013
 Episode_Reward/joint_vel_wheel_l2: -0.0050
 Episode_Reward/joint_acc_wheel_l2: -0.0001
Episode_Reward/joint_torques_wheel_l2: -0.0000
Episode_Reward/bipedal_gait_reward: -0.8353
Episode_Reward/feet_distance_penalize: -0.0268
        Episode_Reward/stop_motion: -0.0739
  Episode_Reward/action_smoothness: -0.3512
       Episode_Reward/lazy_penalty: -0.0622
         Episode_Reward/keep_alive: 0.0650
Episode_Reward/joint_deviation_hip: -0.0129
Episode_Reward/joint_deviation_ankle: -0.0238
Episode_Reward/joint_deviation_legs: -0.0054
Episode_Reward/body_orientation_l2: -0.0521
 Episode_Reward/ankle_torque_limit: -0.0011
Episode_Reward/penalize_hip_roll_action: -0.2526
Episode_Reward/feet_impact_reduction: -0.0000
Metrics/base_velocity/error_vel_xy: 0.4843
Metrics/base_velocity/error_vel_yaw: 0.4009
      Episode_Termination/time_out: 0.0580
Episode_Termination/terrain_out_of_bounds: 0.0000
Episode_Termination/illegal_contact: 0.9420
--------------------------------------------------------------------------------
                   Total timesteps: 17596416
                    Iteration time: 1.79s
                      Time elapsed: 00:05:27
                               ETA: 12:36:51

################################################################################
                     [1m Learning iteration 179/25000 [0m                     

                       Computation: 55101 steps/s (collection: 1.253s, learning 0.531s)
             Mean action noise std: 0.51
          Mean value_function loss: 1.2305
               Mean surrogate loss: -0.0020
                 Mean entropy loss: 7.0838
                Mean priv_reg loss: 0.3987
                Mean amp/loss loss: 0.4840
            Mean amp/grad_pen loss: 0.1839
         Mean amp/policy_pred loss: -0.3292
         Mean amp/expert_pred loss: 0.3308
                       Mean reward: 9.11
               Mean episode length: 400.97
      Episode_Reward/is_terminated: -0.1884
       Episode_Reward/lin_vel_z_l2: -0.0514
      Episode_Reward/ang_vel_xy_l2: -0.0752
Episode_Reward/flat_orientation_l2: -0.0830
     Episode_Reward/base_height_l2: -0.0192
   Episode_Reward/joint_torques_l2: -0.0101
       Episode_Reward/joint_vel_l2: -0.0004
       Episode_Reward/joint_acc_l2: -0.0152
   Episode_Reward/joint_pos_limits: -0.0002
        Episode_Reward/joint_power: -0.0009
        Episode_Reward/stand_still: -0.0349
     Episode_Reward/action_rate_l2: -0.2700
 Episode_Reward/undesired_contacts: -0.0129
Episode_Reward/track_lin_vel_xy_exp: 0.8085
Episode_Reward/track_ang_vel_z_exp: 0.6376
      Episode_Reward/feet_air_time: 0.0040
Episode_Reward/feet_air_time_variance: -0.1244
         Episode_Reward/feet_slide: -0.0399
     Episode_Reward/feet_clearance: 0.7247
Episode_Reward/feet_distance_y_exp: 0.7984
   Episode_Reward/feet_landing_vel: -0.0013
 Episode_Reward/joint_vel_wheel_l2: -0.0045
 Episode_Reward/joint_acc_wheel_l2: -0.0001
Episode_Reward/joint_torques_wheel_l2: -0.0000
Episode_Reward/bipedal_gait_reward: -0.7741
Episode_Reward/feet_distance_penalize: -0.0220
        Episode_Reward/stop_motion: -0.0580
  Episode_Reward/action_smoothness: -0.3269
       Episode_Reward/lazy_penalty: -0.0597
         Episode_Reward/keep_alive: 0.0603
Episode_Reward/joint_deviation_hip: -0.0124
Episode_Reward/joint_deviation_ankle: -0.0233
Episode_Reward/joint_deviation_legs: -0.0052
Episode_Reward/body_orientation_l2: -0.0498
 Episode_Reward/ankle_torque_limit: -0.0011
Episode_Reward/penalize_hip_roll_action: -0.2346
Episode_Reward/feet_impact_reduction: -0.0000
Metrics/base_velocity/error_vel_xy: 0.4763
Metrics/base_velocity/error_vel_yaw: 0.3693
      Episode_Termination/time_out: 0.0574
Episode_Termination/terrain_out_of_bounds: 0.0000
Episode_Termination/illegal_contact: 0.9426
--------------------------------------------------------------------------------
                   Total timesteps: 17694720
                    Iteration time: 1.78s
                      Time elapsed: 00:05:29
                               ETA: 12:36:43

################################################################################
                     [1m Learning iteration 180/25000 [0m                     

                       Computation: 52273 steps/s (collection: 1.279s, learning 0.601s)
             Mean action noise std: 0.51
          Mean value_function loss: 2.1521
               Mean surrogate loss: 0.1594
                 Mean entropy loss: 7.1072
                Mean priv_reg loss: 0.4695
                Mean amp/loss loss: 0.4763
            Mean amp/grad_pen loss: 0.1881
         Mean amp/policy_pred loss: -0.3475
         Mean amp/expert_pred loss: 0.3281
             Mean hist_latent loss: 0.4444
                       Mean reward: 9.38
               Mean episode length: 427.44
      Episode_Reward/is_terminated: -0.1821
       Episode_Reward/lin_vel_z_l2: -0.0527
      Episode_Reward/ang_vel_xy_l2: -0.0795
Episode_Reward/flat_orientation_l2: -0.0807
     Episode_Reward/base_height_l2: -0.0180
   Episode_Reward/joint_torques_l2: -0.0108
       Episode_Reward/joint_vel_l2: -0.0004
       Episode_Reward/joint_acc_l2: -0.0171
   Episode_Reward/joint_pos_limits: -0.0001
        Episode_Reward/joint_power: -0.0009
        Episode_Reward/stand_still: -0.0569
     Episode_Reward/action_rate_l2: -0.2936
 Episode_Reward/undesired_contacts: -0.0136
Episode_Reward/track_lin_vel_xy_exp: 0.8565
Episode_Reward/track_ang_vel_z_exp: 0.6594
      Episode_Reward/feet_air_time: 0.0040
Episode_Reward/feet_air_time_variance: -0.1297
         Episode_Reward/feet_slide: -0.0413
     Episode_Reward/feet_clearance: 0.7834
Episode_Reward/feet_distance_y_exp: 0.8710
   Episode_Reward/feet_landing_vel: -0.0013
 Episode_Reward/joint_vel_wheel_l2: -0.0049
 Episode_Reward/joint_acc_wheel_l2: -0.0001
Episode_Reward/joint_torques_wheel_l2: -0.0000
Episode_Reward/bipedal_gait_reward: -0.8396
Episode_Reward/feet_distance_penalize: -0.0254
        Episode_Reward/stop_motion: -0.0807
  Episode_Reward/action_smoothness: -0.3543
       Episode_Reward/lazy_penalty: -0.0665
         Episode_Reward/keep_alive: 0.0658
Episode_Reward/joint_deviation_hip: -0.0131
Episode_Reward/joint_deviation_ankle: -0.0247
Episode_Reward/joint_deviation_legs: -0.0054
Episode_Reward/body_orientation_l2: -0.0484
 Episode_Reward/ankle_torque_limit: -0.0012
Episode_Reward/penalize_hip_roll_action: -0.2546
Episode_Reward/feet_impact_reduction: -0.0000
Metrics/base_velocity/error_vel_xy: 0.5170
Metrics/base_velocity/error_vel_yaw: 0.4183
      Episode_Termination/time_out: 0.0589
Episode_Termination/terrain_out_of_bounds: 0.0000
Episode_Termination/illegal_contact: 0.9411
--------------------------------------------------------------------------------
                   Total timesteps: 17793024
                    Iteration time: 1.88s
                      Time elapsed: 00:05:31
                               ETA: 12:36:48

################################################################################
                     [1m Learning iteration 181/25000 [0m                     

                       Computation: 56769 steps/s (collection: 1.205s, learning 0.527s)
             Mean action noise std: 0.52
          Mean value_function loss: 1.3118
               Mean surrogate loss: -0.0011
                 Mean entropy loss: 7.1167
                Mean priv_reg loss: 0.4062
                Mean amp/loss loss: 0.4745
            Mean amp/grad_pen loss: 0.1844
         Mean amp/policy_pred loss: -0.3510
         Mean amp/expert_pred loss: 0.3265
                       Mean reward: 11.15
               Mean episode length: 396.73
      Episode_Reward/is_terminated: -0.1865
       Episode_Reward/lin_vel_z_l2: -0.0542
      Episode_Reward/ang_vel_xy_l2: -0.0796
Episode_Reward/flat_orientation_l2: -0.0821
     Episode_Reward/base_height_l2: -0.0184
   Episode_Reward/joint_torques_l2: -0.0104
       Episode_Reward/joint_vel_l2: -0.0004
       Episode_Reward/joint_acc_l2: -0.0167
   Episode_Reward/joint_pos_limits: -0.0001
        Episode_Reward/joint_power: -0.0009
        Episode_Reward/stand_still: -0.0681
     Episode_Reward/action_rate_l2: -0.2872
 Episode_Reward/undesired_contacts: -0.0144
Episode_Reward/track_lin_vel_xy_exp: 0.8810
Episode_Reward/track_ang_vel_z_exp: 0.6597
      Episode_Reward/feet_air_time: 0.0048
Episode_Reward/feet_air_time_variance: -0.1213
         Episode_Reward/feet_slide: -0.0410
     Episode_Reward/feet_clearance: 0.7500
Episode_Reward/feet_distance_y_exp: 0.8447
   Episode_Reward/feet_landing_vel: -0.0013
 Episode_Reward/joint_vel_wheel_l2: -0.0047
 Episode_Reward/joint_acc_wheel_l2: -0.0001
Episode_Reward/joint_torques_wheel_l2: -0.0000
Episode_Reward/bipedal_gait_reward: -0.8051
Episode_Reward/feet_distance_penalize: -0.0334
        Episode_Reward/stop_motion: -0.0836
  Episode_Reward/action_smoothness: -0.3457
       Episode_Reward/lazy_penalty: -0.0596
         Episode_Reward/keep_alive: 0.0638
Episode_Reward/joint_deviation_hip: -0.0129
Episode_Reward/joint_deviation_ankle: -0.0241
Episode_Reward/joint_deviation_legs: -0.0053
Episode_Reward/body_orientation_l2: -0.0493
 Episode_Reward/ankle_torque_limit: -0.0020
Episode_Reward/penalize_hip_roll_action: -0.2488
Episode_Reward/feet_impact_reduction: -0.0000
Metrics/base_velocity/error_vel_xy: 0.4859
Metrics/base_velocity/error_vel_yaw: 0.4000
      Episode_Termination/time_out: 0.0604
Episode_Termination/terrain_out_of_bounds: 0.0000
Episode_Termination/illegal_contact: 0.9396
--------------------------------------------------------------------------------
                   Total timesteps: 17891328
                    Iteration time: 1.73s
                      Time elapsed: 00:05:32
                               ETA: 12:36:33

################################################################################
                     [1m Learning iteration 182/25000 [0m                     

                       Computation: 55265 steps/s (collection: 1.245s, learning 0.534s)
             Mean action noise std: 0.52
          Mean value_function loss: 1.0453
               Mean surrogate loss: -0.0017
                 Mean entropy loss: 7.1377
                Mean priv_reg loss: 0.3933
                Mean amp/loss loss: 0.4645
            Mean amp/grad_pen loss: 0.1871
         Mean amp/policy_pred loss: -0.3481
         Mean amp/expert_pred loss: 0.3499
                       Mean reward: 10.11
               Mean episode length: 411.86
      Episode_Reward/is_terminated: -0.1894
       Episode_Reward/lin_vel_z_l2: -0.0478
      Episode_Reward/ang_vel_xy_l2: -0.0714
Episode_Reward/flat_orientation_l2: -0.0788
     Episode_Reward/base_height_l2: -0.0182
   Episode_Reward/joint_torques_l2: -0.0098
       Episode_Reward/joint_vel_l2: -0.0004
       Episode_Reward/joint_acc_l2: -0.0161
   Episode_Reward/joint_pos_limits: -0.0001
        Episode_Reward/joint_power: -0.0008
        Episode_Reward/stand_still: -0.0240
     Episode_Reward/action_rate_l2: -0.2633
 Episode_Reward/undesired_contacts: -0.0117
Episode_Reward/track_lin_vel_xy_exp: 0.7726
Episode_Reward/track_ang_vel_z_exp: 0.6079
      Episode_Reward/feet_air_time: 0.0043
Episode_Reward/feet_air_time_variance: -0.1126
         Episode_Reward/feet_slide: -0.0389
     Episode_Reward/feet_clearance: 0.7074
Episode_Reward/feet_distance_y_exp: 0.7765
   Episode_Reward/feet_landing_vel: -0.0013
 Episode_Reward/joint_vel_wheel_l2: -0.0044
 Episode_Reward/joint_acc_wheel_l2: -0.0001
Episode_Reward/joint_torques_wheel_l2: -0.0000
Episode_Reward/bipedal_gait_reward: -0.7607
Episode_Reward/feet_distance_penalize: -0.0257
        Episode_Reward/stop_motion: -0.0623
  Episode_Reward/action_smoothness: -0.3170
       Episode_Reward/lazy_penalty: -0.0578
         Episode_Reward/keep_alive: 0.0587
Episode_Reward/joint_deviation_hip: -0.0118
Episode_Reward/joint_deviation_ankle: -0.0226
Episode_Reward/joint_deviation_legs: -0.0050
Episode_Reward/body_orientation_l2: -0.0473
 Episode_Reward/ankle_torque_limit: -0.0015
Episode_Reward/penalize_hip_roll_action: -0.2259
Episode_Reward/feet_impact_reduction: -0.0000
Metrics/base_velocity/error_vel_xy: 0.4632
Metrics/base_velocity/error_vel_yaw: 0.3649
      Episode_Termination/time_out: 0.0579
Episode_Termination/terrain_out_of_bounds: 0.0000
Episode_Termination/illegal_contact: 0.9421
--------------------------------------------------------------------------------
                   Total timesteps: 17989632
                    Iteration time: 1.78s
                      Time elapsed: 00:05:34
                               ETA: 12:36:25

################################################################################
                     [1m Learning iteration 183/25000 [0m                     

                       Computation: 55864 steps/s (collection: 1.229s, learning 0.531s)
             Mean action noise std: 0.52
          Mean value_function loss: 1.1431
               Mean surrogate loss: 0.0000
                 Mean entropy loss: 7.1521
                Mean priv_reg loss: 0.3943
                Mean amp/loss loss: 0.4678
            Mean amp/grad_pen loss: 0.1883
         Mean amp/policy_pred loss: -0.3469
         Mean amp/expert_pred loss: 0.3422
                       Mean reward: 10.87
               Mean episode length: 397.75
      Episode_Reward/is_terminated: -0.1891
       Episode_Reward/lin_vel_z_l2: -0.0482
      Episode_Reward/ang_vel_xy_l2: -0.0730
Episode_Reward/flat_orientation_l2: -0.0812
     Episode_Reward/base_height_l2: -0.0184
   Episode_Reward/joint_torques_l2: -0.0101
       Episode_Reward/joint_vel_l2: -0.0004
       Episode_Reward/joint_acc_l2: -0.0159
   Episode_Reward/joint_pos_limits: -0.0001
        Episode_Reward/joint_power: -0.0009
        Episode_Reward/stand_still: -0.0472
     Episode_Reward/action_rate_l2: -0.2667
 Episode_Reward/undesired_contacts: -0.0128
Episode_Reward/track_lin_vel_xy_exp: 0.8536
Episode_Reward/track_ang_vel_z_exp: 0.6128
      Episode_Reward/feet_air_time: 0.0045
Episode_Reward/feet_air_time_variance: -0.1132
         Episode_Reward/feet_slide: -0.0392
     Episode_Reward/feet_clearance: 0.6997
Episode_Reward/feet_distance_y_exp: 0.7830
   Episode_Reward/feet_landing_vel: -0.0013
 Episode_Reward/joint_vel_wheel_l2: -0.0044
 Episode_Reward/joint_acc_wheel_l2: -0.0001
Episode_Reward/joint_torques_wheel_l2: -0.0000
Episode_Reward/bipedal_gait_reward: -0.7591
Episode_Reward/feet_distance_penalize: -0.0315
        Episode_Reward/stop_motion: -0.0717
  Episode_Reward/action_smoothness: -0.3217
       Episode_Reward/lazy_penalty: -0.0519
         Episode_Reward/keep_alive: 0.0591
Episode_Reward/joint_deviation_hip: -0.0117
Episode_Reward/joint_deviation_ankle: -0.0229
Episode_Reward/joint_deviation_legs: -0.0050
Episode_Reward/body_orientation_l2: -0.0487
 Episode_Reward/ankle_torque_limit: -0.0012
Episode_Reward/penalize_hip_roll_action: -0.2284
Episode_Reward/feet_impact_reduction: -0.0000
Metrics/base_velocity/error_vel_xy: 0.4395
Metrics/base_velocity/error_vel_yaw: 0.3685
      Episode_Termination/time_out: 0.0568
Episode_Termination/terrain_out_of_bounds: 0.0000
Episode_Termination/illegal_contact: 0.9433
--------------------------------------------------------------------------------
                   Total timesteps: 18087936
                    Iteration time: 1.76s
                      Time elapsed: 00:05:36
                               ETA: 12:36:13

################################################################################
                     [1m Learning iteration 184/25000 [0m                     

                       Computation: 56416 steps/s (collection: 1.218s, learning 0.525s)
             Mean action noise std: 0.52
          Mean value_function loss: 1.0135
               Mean surrogate loss: -0.0004
                 Mean entropy loss: 7.1572
                Mean priv_reg loss: 0.3784
                Mean amp/loss loss: 0.4755
            Mean amp/grad_pen loss: 0.1810
         Mean amp/policy_pred loss: -0.3433
         Mean amp/expert_pred loss: 0.3315
                       Mean reward: 11.86
               Mean episode length: 418.82
      Episode_Reward/is_terminated: -0.1724
       Episode_Reward/lin_vel_z_l2: -0.0499
      Episode_Reward/ang_vel_xy_l2: -0.0769
Episode_Reward/flat_orientation_l2: -0.0791
     Episode_Reward/base_height_l2: -0.0175
   Episode_Reward/joint_torques_l2: -0.0108
       Episode_Reward/joint_vel_l2: -0.0004
       Episode_Reward/joint_acc_l2: -0.0180
   Episode_Reward/joint_pos_limits: -0.0001
        Episode_Reward/joint_power: -0.0009
        Episode_Reward/stand_still: -0.0350
     Episode_Reward/action_rate_l2: -0.2926
 Episode_Reward/undesired_contacts: -0.0103
Episode_Reward/track_lin_vel_xy_exp: 0.8662
Episode_Reward/track_ang_vel_z_exp: 0.6544
      Episode_Reward/feet_air_time: 0.0046
Episode_Reward/feet_air_time_variance: -0.1302
         Episode_Reward/feet_slide: -0.0410
     Episode_Reward/feet_clearance: 0.7798
Episode_Reward/feet_distance_y_exp: 0.8607
   Episode_Reward/feet_landing_vel: -0.0014
 Episode_Reward/joint_vel_wheel_l2: -0.0048
 Episode_Reward/joint_acc_wheel_l2: -0.0001
Episode_Reward/joint_torques_wheel_l2: -0.0000
Episode_Reward/bipedal_gait_reward: -0.8413
Episode_Reward/feet_distance_penalize: -0.0308
        Episode_Reward/stop_motion: -0.0521
  Episode_Reward/action_smoothness: -0.3519
       Episode_Reward/lazy_penalty: -0.0577
         Episode_Reward/keep_alive: 0.0650
Episode_Reward/joint_deviation_hip: -0.0133
Episode_Reward/joint_deviation_ankle: -0.0245
Episode_Reward/joint_deviation_legs: -0.0056
Episode_Reward/body_orientation_l2: -0.0475
 Episode_Reward/ankle_torque_limit: -0.0014
Episode_Reward/penalize_hip_roll_action: -0.2499
Episode_Reward/feet_impact_reduction: -0.0000
Metrics/base_velocity/error_vel_xy: 0.5019
Metrics/base_velocity/error_vel_yaw: 0.4143
      Episode_Termination/time_out: 0.0598
Episode_Termination/terrain_out_of_bounds: 0.0000
Episode_Termination/illegal_contact: 0.9404
--------------------------------------------------------------------------------
                   Total timesteps: 18186240
                    Iteration time: 1.74s
                      Time elapsed: 00:05:38
                               ETA: 12:36:00

################################################################################
                     [1m Learning iteration 185/25000 [0m                     

                       Computation: 53553 steps/s (collection: 1.308s, learning 0.527s)
             Mean action noise std: 0.52
          Mean value_function loss: 0.9219
               Mean surrogate loss: -0.0005
                 Mean entropy loss: 7.1602
                Mean priv_reg loss: 0.3747
                Mean amp/loss loss: 0.4740
            Mean amp/grad_pen loss: 0.1852
         Mean amp/policy_pred loss: -0.3382
         Mean amp/expert_pred loss: 0.3378
                       Mean reward: 8.76
               Mean episode length: 382.81
      Episode_Reward/is_terminated: -0.1746
       Episode_Reward/lin_vel_z_l2: -0.0484
      Episode_Reward/ang_vel_xy_l2: -0.0707
Episode_Reward/flat_orientation_l2: -0.0761
     Episode_Reward/base_height_l2: -0.0171
   Episode_Reward/joint_torques_l2: -0.0099
       Episode_Reward/joint_vel_l2: -0.0004
       Episode_Reward/joint_acc_l2: -0.0160
   Episode_Reward/joint_pos_limits: -0.0001
        Episode_Reward/joint_power: -0.0008
        Episode_Reward/stand_still: -0.0506
     Episode_Reward/action_rate_l2: -0.2656
 Episode_Reward/undesired_contacts: -0.0104
Episode_Reward/track_lin_vel_xy_exp: 0.8143
Episode_Reward/track_ang_vel_z_exp: 0.6053
      Episode_Reward/feet_air_time: 0.0044
Episode_Reward/feet_air_time_variance: -0.1153
         Episode_Reward/feet_slide: -0.0379
     Episode_Reward/feet_clearance: 0.6944
Episode_Reward/feet_distance_y_exp: 0.7787
   Episode_Reward/feet_landing_vel: -0.0013
 Episode_Reward/joint_vel_wheel_l2: -0.0043
 Episode_Reward/joint_acc_wheel_l2: -0.0001
Episode_Reward/joint_torques_wheel_l2: -0.0000
Episode_Reward/bipedal_gait_reward: -0.7429
Episode_Reward/feet_distance_penalize: -0.0255
        Episode_Reward/stop_motion: -0.0715
  Episode_Reward/action_smoothness: -0.3197
       Episode_Reward/lazy_penalty: -0.0549
         Episode_Reward/keep_alive: 0.0588
Episode_Reward/joint_deviation_hip: -0.0117
Episode_Reward/joint_deviation_ankle: -0.0224
Episode_Reward/joint_deviation_legs: -0.0050
Episode_Reward/body_orientation_l2: -0.0457
 Episode_Reward/ankle_torque_limit: -0.0016
Episode_Reward/penalize_hip_roll_action: -0.2268
Episode_Reward/feet_impact_reduction: -0.0000
Metrics/base_velocity/error_vel_xy: 0.4516
Metrics/base_velocity/error_vel_yaw: 0.3678
      Episode_Termination/time_out: 0.0652
Episode_Termination/terrain_out_of_bounds: 0.0000
Episode_Termination/illegal_contact: 0.9350
--------------------------------------------------------------------------------
                   Total timesteps: 18284544
                    Iteration time: 1.84s
                      Time elapsed: 00:05:39
                               ETA: 12:35:59

################################################################################
                     [1m Learning iteration 186/25000 [0m                     

                       Computation: 54250 steps/s (collection: 1.278s, learning 0.534s)
             Mean action noise std: 0.52
          Mean value_function loss: 0.8021
               Mean surrogate loss: -0.0019
                 Mean entropy loss: 7.1655
                Mean priv_reg loss: 0.3621
                Mean amp/loss loss: 0.4725
            Mean amp/grad_pen loss: 0.1865
         Mean amp/policy_pred loss: -0.3432
         Mean amp/expert_pred loss: 0.3361
                       Mean reward: 11.15
               Mean episode length: 409.42
      Episode_Reward/is_terminated: -0.1883
       Episode_Reward/lin_vel_z_l2: -0.0497
      Episode_Reward/ang_vel_xy_l2: -0.0735
Episode_Reward/flat_orientation_l2: -0.0771
     Episode_Reward/base_height_l2: -0.0184
   Episode_Reward/joint_torques_l2: -0.0093
       Episode_Reward/joint_vel_l2: -0.0004
       Episode_Reward/joint_acc_l2: -0.0146
   Episode_Reward/joint_pos_limits: -0.0001
        Episode_Reward/joint_power: -0.0008
        Episode_Reward/stand_still: -0.0648
     Episode_Reward/action_rate_l2: -0.2577
 Episode_Reward/undesired_contacts: -0.0126
Episode_Reward/track_lin_vel_xy_exp: 0.8170
Episode_Reward/track_ang_vel_z_exp: 0.5964
      Episode_Reward/feet_air_time: 0.0042
Episode_Reward/feet_air_time_variance: -0.1054
         Episode_Reward/feet_slide: -0.0378
     Episode_Reward/feet_clearance: 0.6657
Episode_Reward/feet_distance_y_exp: 0.7473
   Episode_Reward/feet_landing_vel: -0.0013
 Episode_Reward/joint_vel_wheel_l2: -0.0042
 Episode_Reward/joint_acc_wheel_l2: -0.0001
Episode_Reward/joint_torques_wheel_l2: -0.0000
Episode_Reward/bipedal_gait_reward: -0.7212
Episode_Reward/feet_distance_penalize: -0.0300
        Episode_Reward/stop_motion: -0.0672
  Episode_Reward/action_smoothness: -0.3097
       Episode_Reward/lazy_penalty: -0.0495
         Episode_Reward/keep_alive: 0.0565
Episode_Reward/joint_deviation_hip: -0.0114
Episode_Reward/joint_deviation_ankle: -0.0217
Episode_Reward/joint_deviation_legs: -0.0050
Episode_Reward/body_orientation_l2: -0.0463
 Episode_Reward/ankle_torque_limit: -0.0015
Episode_Reward/penalize_hip_roll_action: -0.2185
Episode_Reward/feet_impact_reduction: -0.0000
Metrics/base_velocity/error_vel_xy: 0.4251
Metrics/base_velocity/error_vel_yaw: 0.3468
      Episode_Termination/time_out: 0.0672
Episode_Termination/terrain_out_of_bounds: 0.0000
Episode_Termination/illegal_contact: 0.9330
--------------------------------------------------------------------------------
                   Total timesteps: 18382848
                    Iteration time: 1.81s
                      Time elapsed: 00:05:41
                               ETA: 12:35:55

################################################################################
                     [1m Learning iteration 187/25000 [0m                     

                       Computation: 56213 steps/s (collection: 1.218s, learning 0.531s)
             Mean action noise std: 0.52
          Mean value_function loss: 0.7208
               Mean surrogate loss: -0.0018
                 Mean entropy loss: 7.1829
                Mean priv_reg loss: 0.3603
                Mean amp/loss loss: 0.4798
            Mean amp/grad_pen loss: 0.1872
         Mean amp/policy_pred loss: -0.3310
         Mean amp/expert_pred loss: 0.3338
                       Mean reward: 9.32
               Mean episode length: 364.94
      Episode_Reward/is_terminated: -0.1826
       Episode_Reward/lin_vel_z_l2: -0.0458
      Episode_Reward/ang_vel_xy_l2: -0.0656
Episode_Reward/flat_orientation_l2: -0.0717
     Episode_Reward/base_height_l2: -0.0171
   Episode_Reward/joint_torques_l2: -0.0088
       Episode_Reward/joint_vel_l2: -0.0003
       Episode_Reward/joint_acc_l2: -0.0143
   Episode_Reward/joint_pos_limits: -0.0001
        Episode_Reward/joint_power: -0.0007
        Episode_Reward/stand_still: -0.0313
     Episode_Reward/action_rate_l2: -0.2398
 Episode_Reward/undesired_contacts: -0.0108
Episode_Reward/track_lin_vel_xy_exp: 0.6882
Episode_Reward/track_ang_vel_z_exp: 0.5500
      Episode_Reward/feet_air_time: 0.0039
Episode_Reward/feet_air_time_variance: -0.0996
         Episode_Reward/feet_slide: -0.0354
     Episode_Reward/feet_clearance: 0.6297
Episode_Reward/feet_distance_y_exp: 0.7011
   Episode_Reward/feet_landing_vel: -0.0012
 Episode_Reward/joint_vel_wheel_l2: -0.0038
 Episode_Reward/joint_acc_wheel_l2: -0.0001
Episode_Reward/joint_torques_wheel_l2: -0.0000
Episode_Reward/bipedal_gait_reward: -0.6814
Episode_Reward/feet_distance_penalize: -0.0254
        Episode_Reward/stop_motion: -0.0467
  Episode_Reward/action_smoothness: -0.2886
       Episode_Reward/lazy_penalty: -0.0479
         Episode_Reward/keep_alive: 0.0530
Episode_Reward/joint_deviation_hip: -0.0105
Episode_Reward/joint_deviation_ankle: -0.0208
Episode_Reward/joint_deviation_legs: -0.0046
Episode_Reward/body_orientation_l2: -0.0430
 Episode_Reward/ankle_torque_limit: -0.0015
Episode_Reward/penalize_hip_roll_action: -0.2043
Episode_Reward/feet_impact_reduction: -0.0000
Metrics/base_velocity/error_vel_xy: 0.4273
Metrics/base_velocity/error_vel_yaw: 0.3284
      Episode_Termination/time_out: 0.0659
Episode_Termination/terrain_out_of_bounds: 0.0000
Episode_Termination/illegal_contact: 0.9344
--------------------------------------------------------------------------------
                   Total timesteps: 18481152
                    Iteration time: 1.75s
                      Time elapsed: 00:05:43
                               ETA: 12:35:43

################################################################################
                     [1m Learning iteration 188/25000 [0m                     

                       Computation: 51806 steps/s (collection: 1.373s, learning 0.524s)
             Mean action noise std: 0.52
          Mean value_function loss: 0.9066
               Mean surrogate loss: -0.0020
                 Mean entropy loss: 7.1742
                Mean priv_reg loss: 0.3603
                Mean amp/loss loss: 0.4707
            Mean amp/grad_pen loss: 0.1866
         Mean amp/policy_pred loss: -0.3408
         Mean amp/expert_pred loss: 0.3415
                       Mean reward: 8.57
               Mean episode length: 386.33
      Episode_Reward/is_terminated: -0.1860
       Episode_Reward/lin_vel_z_l2: -0.0543
      Episode_Reward/ang_vel_xy_l2: -0.0740
Episode_Reward/flat_orientation_l2: -0.0820
     Episode_Reward/base_height_l2: -0.0191
   Episode_Reward/joint_torques_l2: -0.0100
       Episode_Reward/joint_vel_l2: -0.0004
       Episode_Reward/joint_acc_l2: -0.0171
   Episode_Reward/joint_pos_limits: -0.0001
        Episode_Reward/joint_power: -0.0008
        Episode_Reward/stand_still: -0.0213
     Episode_Reward/action_rate_l2: -0.2704
 Episode_Reward/undesired_contacts: -0.0142
Episode_Reward/track_lin_vel_xy_exp: 0.7792
Episode_Reward/track_ang_vel_z_exp: 0.6197
      Episode_Reward/feet_air_time: 0.0043
Episode_Reward/feet_air_time_variance: -0.1134
         Episode_Reward/feet_slide: -0.0397
     Episode_Reward/feet_clearance: 0.7153
Episode_Reward/feet_distance_y_exp: 0.7848
   Episode_Reward/feet_landing_vel: -0.0013
 Episode_Reward/joint_vel_wheel_l2: -0.0043
 Episode_Reward/joint_acc_wheel_l2: -0.0001
Episode_Reward/joint_torques_wheel_l2: -0.0000
Episode_Reward/bipedal_gait_reward: -0.7694
Episode_Reward/feet_distance_penalize: -0.0277
        Episode_Reward/stop_motion: -0.0597
  Episode_Reward/action_smoothness: -0.3261
       Episode_Reward/lazy_penalty: -0.0548
         Episode_Reward/keep_alive: 0.0593
Episode_Reward/joint_deviation_hip: -0.0118
Episode_Reward/joint_deviation_ankle: -0.0231
Episode_Reward/joint_deviation_legs: -0.0052
Episode_Reward/body_orientation_l2: -0.0492
 Episode_Reward/ankle_torque_limit: -0.0017
Episode_Reward/penalize_hip_roll_action: -0.2287
Episode_Reward/feet_impact_reduction: -0.0000
Metrics/base_velocity/error_vel_xy: 0.4689
Metrics/base_velocity/error_vel_yaw: 0.3653
      Episode_Termination/time_out: 0.0665
Episode_Termination/terrain_out_of_bounds: 0.0000
Episode_Termination/illegal_contact: 0.9338
--------------------------------------------------------------------------------
                   Total timesteps: 18579456
                    Iteration time: 1.90s
                      Time elapsed: 00:05:45
                               ETA: 12:35:51

################################################################################
                     [1m Learning iteration 189/25000 [0m                     

                       Computation: 57471 steps/s (collection: 1.174s, learning 0.536s)
             Mean action noise std: 0.52
          Mean value_function loss: 0.8219
               Mean surrogate loss: -0.0010
                 Mean entropy loss: 7.1805
                Mean priv_reg loss: 0.3658
                Mean amp/loss loss: 0.4795
            Mean amp/grad_pen loss: 0.1848
         Mean amp/policy_pred loss: -0.3316
         Mean amp/expert_pred loss: 0.3358
                       Mean reward: 10.92
               Mean episode length: 396.24
      Episode_Reward/is_terminated: -0.1852
       Episode_Reward/lin_vel_z_l2: -0.0521
      Episode_Reward/ang_vel_xy_l2: -0.0764
Episode_Reward/flat_orientation_l2: -0.0805
     Episode_Reward/base_height_l2: -0.0204
   Episode_Reward/joint_torques_l2: -0.0097
       Episode_Reward/joint_vel_l2: -0.0004
       Episode_Reward/joint_acc_l2: -0.0154
   Episode_Reward/joint_pos_limits: -0.0002
        Episode_Reward/joint_power: -0.0008
        Episode_Reward/stand_still: -0.0911
     Episode_Reward/action_rate_l2: -0.2718
 Episode_Reward/undesired_contacts: -0.0164
Episode_Reward/track_lin_vel_xy_exp: 0.8456
Episode_Reward/track_ang_vel_z_exp: 0.6183
      Episode_Reward/feet_air_time: 0.0048
Episode_Reward/feet_air_time_variance: -0.1110
         Episode_Reward/feet_slide: -0.0394
     Episode_Reward/feet_clearance: 0.6917
Episode_Reward/feet_distance_y_exp: 0.7888
   Episode_Reward/feet_landing_vel: -0.0014
 Episode_Reward/joint_vel_wheel_l2: -0.0043
 Episode_Reward/joint_acc_wheel_l2: -0.0001
Episode_Reward/joint_torques_wheel_l2: -0.0000
Episode_Reward/bipedal_gait_reward: -0.7527
Episode_Reward/feet_distance_penalize: -0.0330
        Episode_Reward/stop_motion: -0.0768
  Episode_Reward/action_smoothness: -0.3267
       Episode_Reward/lazy_penalty: -0.0517
         Episode_Reward/keep_alive: 0.0596
Episode_Reward/joint_deviation_hip: -0.0120
Episode_Reward/joint_deviation_ankle: -0.0224
Episode_Reward/joint_deviation_legs: -0.0052
Episode_Reward/body_orientation_l2: -0.0483
 Episode_Reward/ankle_torque_limit: -0.0015
Episode_Reward/penalize_hip_roll_action: -0.2299
Episode_Reward/feet_impact_reduction: -0.0000
Metrics/base_velocity/error_vel_xy: 0.4515
Metrics/base_velocity/error_vel_yaw: 0.3730
      Episode_Termination/time_out: 0.0659
Episode_Termination/terrain_out_of_bounds: 0.0000
Episode_Termination/illegal_contact: 0.9344
--------------------------------------------------------------------------------
                   Total timesteps: 18677760
                    Iteration time: 1.71s
                      Time elapsed: 00:05:47
                               ETA: 12:35:33

################################################################################
                     [1m Learning iteration 190/25000 [0m                     

                       Computation: 53239 steps/s (collection: 1.312s, learning 0.534s)
             Mean action noise std: 0.52
          Mean value_function loss: 0.7938
               Mean surrogate loss: -0.0023
                 Mean entropy loss: 7.1858
                Mean priv_reg loss: 0.3697
                Mean amp/loss loss: 0.4774
            Mean amp/grad_pen loss: 0.1876
         Mean amp/policy_pred loss: -0.3382
         Mean amp/expert_pred loss: 0.3319
                       Mean reward: 12.38
               Mean episode length: 393.66
      Episode_Reward/is_terminated: -0.1885
       Episode_Reward/lin_vel_z_l2: -0.0563
      Episode_Reward/ang_vel_xy_l2: -0.0753
Episode_Reward/flat_orientation_l2: -0.0807
     Episode_Reward/base_height_l2: -0.0193
   Episode_Reward/joint_torques_l2: -0.0106
       Episode_Reward/joint_vel_l2: -0.0004
       Episode_Reward/joint_acc_l2: -0.0170
   Episode_Reward/joint_pos_limits: -0.0001
        Episode_Reward/joint_power: -0.0009
        Episode_Reward/stand_still: -0.0172
     Episode_Reward/action_rate_l2: -0.2828
 Episode_Reward/undesired_contacts: -0.0136
Episode_Reward/track_lin_vel_xy_exp: 0.9159
Episode_Reward/track_ang_vel_z_exp: 0.6494
      Episode_Reward/feet_air_time: 0.0052
Episode_Reward/feet_air_time_variance: -0.1218
         Episode_Reward/feet_slide: -0.0406
     Episode_Reward/feet_clearance: 0.7533
Episode_Reward/feet_distance_y_exp: 0.8239
   Episode_Reward/feet_landing_vel: -0.0014
 Episode_Reward/joint_vel_wheel_l2: -0.0045
 Episode_Reward/joint_acc_wheel_l2: -0.0001
Episode_Reward/joint_torques_wheel_l2: -0.0000
Episode_Reward/bipedal_gait_reward: -0.8078
Episode_Reward/feet_distance_penalize: -0.0245
        Episode_Reward/stop_motion: -0.0636
  Episode_Reward/action_smoothness: -0.3409
       Episode_Reward/lazy_penalty: -0.0623
         Episode_Reward/keep_alive: 0.0622
Episode_Reward/joint_deviation_hip: -0.0121
Episode_Reward/joint_deviation_ankle: -0.0243
Episode_Reward/joint_deviation_legs: -0.0055
Episode_Reward/body_orientation_l2: -0.0484
 Episode_Reward/ankle_torque_limit: -0.0014
Episode_Reward/penalize_hip_roll_action: -0.2392
Episode_Reward/feet_impact_reduction: -0.0000
Metrics/base_velocity/error_vel_xy: 0.4581
Metrics/base_velocity/error_vel_yaw: 0.3825
      Episode_Termination/time_out: 0.0655
Episode_Termination/terrain_out_of_bounds: 0.0000
Episode_Termination/illegal_contact: 0.9348
--------------------------------------------------------------------------------
                   Total timesteps: 18776064
                    Iteration time: 1.85s
                      Time elapsed: 00:05:49
                               ETA: 12:35:34

################################################################################
                     [1m Learning iteration 191/25000 [0m                     

                       Computation: 55049 steps/s (collection: 1.263s, learning 0.522s)
             Mean action noise std: 0.52
          Mean value_function loss: 0.7950
               Mean surrogate loss: -0.0025
                 Mean entropy loss: 7.1819
                Mean priv_reg loss: 0.3712
                Mean amp/loss loss: 0.4703
            Mean amp/grad_pen loss: 0.1854
         Mean amp/policy_pred loss: -0.3463
         Mean amp/expert_pred loss: 0.3391
                       Mean reward: 13.83
               Mean episode length: 495.68
      Episode_Reward/is_terminated: -0.1792
       Episode_Reward/lin_vel_z_l2: -0.0570
      Episode_Reward/ang_vel_xy_l2: -0.0888
Episode_Reward/flat_orientation_l2: -0.0855
     Episode_Reward/base_height_l2: -0.0204
   Episode_Reward/joint_torques_l2: -0.0122
       Episode_Reward/joint_vel_l2: -0.0005
       Episode_Reward/joint_acc_l2: -0.0187
   Episode_Reward/joint_pos_limits: -0.0001
        Episode_Reward/joint_power: -0.0010
        Episode_Reward/stand_still: -0.0470
     Episode_Reward/action_rate_l2: -0.3347
 Episode_Reward/undesired_contacts: -0.0150
Episode_Reward/track_lin_vel_xy_exp: 1.0361
Episode_Reward/track_ang_vel_z_exp: 0.7603
      Episode_Reward/feet_air_time: 0.0053
Episode_Reward/feet_air_time_variance: -0.1421
         Episode_Reward/feet_slide: -0.0451
     Episode_Reward/feet_clearance: 0.8754
Episode_Reward/feet_distance_y_exp: 0.9708
   Episode_Reward/feet_landing_vel: -0.0015
 Episode_Reward/joint_vel_wheel_l2: -0.0053
 Episode_Reward/joint_acc_wheel_l2: -0.0002
Episode_Reward/joint_torques_wheel_l2: -0.0000
Episode_Reward/bipedal_gait_reward: -0.9426
Episode_Reward/feet_distance_penalize: -0.0285
        Episode_Reward/stop_motion: -0.0780
  Episode_Reward/action_smoothness: -0.4032
       Episode_Reward/lazy_penalty: -0.0680
         Episode_Reward/keep_alive: 0.0733
Episode_Reward/joint_deviation_hip: -0.0147
Episode_Reward/joint_deviation_ankle: -0.0283
Episode_Reward/joint_deviation_legs: -0.0065
Episode_Reward/body_orientation_l2: -0.0513
 Episode_Reward/ankle_torque_limit: -0.0019
Episode_Reward/penalize_hip_roll_action: -0.2832
Episode_Reward/feet_impact_reduction: -0.0000
Metrics/base_velocity/error_vel_xy: 0.5543
Metrics/base_velocity/error_vel_yaw: 0.4547
      Episode_Termination/time_out: 0.0662
Episode_Termination/terrain_out_of_bounds: 0.0000
Episode_Termination/illegal_contact: 0.9341
--------------------------------------------------------------------------------
                   Total timesteps: 18874368
                    Iteration time: 1.79s
                      Time elapsed: 00:05:50
                               ETA: 12:35:27

################################################################################
                     [1m Learning iteration 192/25000 [0m                     

                       Computation: 54256 steps/s (collection: 1.276s, learning 0.535s)
             Mean action noise std: 0.52
          Mean value_function loss: 0.7729
               Mean surrogate loss: -0.0014
                 Mean entropy loss: 7.1731
                Mean priv_reg loss: 0.3687
                Mean amp/loss loss: 0.4689
            Mean amp/grad_pen loss: 0.1848
         Mean amp/policy_pred loss: -0.3459
         Mean amp/expert_pred loss: 0.3430
                       Mean reward: 11.94
               Mean episode length: 443.62
      Episode_Reward/is_terminated: -0.1879
       Episode_Reward/lin_vel_z_l2: -0.0514
      Episode_Reward/ang_vel_xy_l2: -0.0793
Episode_Reward/flat_orientation_l2: -0.0786
     Episode_Reward/base_height_l2: -0.0193
   Episode_Reward/joint_torques_l2: -0.0108
       Episode_Reward/joint_vel_l2: -0.0004
       Episode_Reward/joint_acc_l2: -0.0184
   Episode_Reward/joint_pos_limits: -0.0002
        Episode_Reward/joint_power: -0.0009
        Episode_Reward/stand_still: -0.0512
     Episode_Reward/action_rate_l2: -0.2932
 Episode_Reward/undesired_contacts: -0.0142
Episode_Reward/track_lin_vel_xy_exp: 0.8565
Episode_Reward/track_ang_vel_z_exp: 0.6664
      Episode_Reward/feet_air_time: 0.0055
Episode_Reward/feet_air_time_variance: -0.1246
         Episode_Reward/feet_slide: -0.0416
     Episode_Reward/feet_clearance: 0.7538
Episode_Reward/feet_distance_y_exp: 0.8434
   Episode_Reward/feet_landing_vel: -0.0015
 Episode_Reward/joint_vel_wheel_l2: -0.0046
 Episode_Reward/joint_acc_wheel_l2: -0.0001
Episode_Reward/joint_torques_wheel_l2: -0.0000
Episode_Reward/bipedal_gait_reward: -0.8133
Episode_Reward/feet_distance_penalize: -0.0282
        Episode_Reward/stop_motion: -0.0692
  Episode_Reward/action_smoothness: -0.3531
       Episode_Reward/lazy_penalty: -0.0570
         Episode_Reward/keep_alive: 0.0638
Episode_Reward/joint_deviation_hip: -0.0130
Episode_Reward/joint_deviation_ankle: -0.0246
Episode_Reward/joint_deviation_legs: -0.0056
Episode_Reward/body_orientation_l2: -0.0472
 Episode_Reward/ankle_torque_limit: -0.0017
Episode_Reward/penalize_hip_roll_action: -0.2468
Episode_Reward/feet_impact_reduction: -0.0000
Metrics/base_velocity/error_vel_xy: 0.4955
Metrics/base_velocity/error_vel_yaw: 0.3937
      Episode_Termination/time_out: 0.0679
Episode_Termination/terrain_out_of_bounds: 0.0000
Episode_Termination/illegal_contact: 0.9323
--------------------------------------------------------------------------------
                   Total timesteps: 18972672
                    Iteration time: 1.81s
                      Time elapsed: 00:05:52
                               ETA: 12:35:23

################################################################################
                     [1m Learning iteration 193/25000 [0m                     

                       Computation: 54376 steps/s (collection: 1.277s, learning 0.531s)
             Mean action noise std: 0.52
          Mean value_function loss: 0.9113
               Mean surrogate loss: -0.0008
                 Mean entropy loss: 7.1701
                Mean priv_reg loss: 0.3681
                Mean amp/loss loss: 0.4689
            Mean amp/grad_pen loss: 0.1843
         Mean amp/policy_pred loss: -0.3476
         Mean amp/expert_pred loss: 0.3405
                       Mean reward: 11.45
               Mean episode length: 447.75
      Episode_Reward/is_terminated: -0.1913
       Episode_Reward/lin_vel_z_l2: -0.0531
      Episode_Reward/ang_vel_xy_l2: -0.0809
Episode_Reward/flat_orientation_l2: -0.0793
     Episode_Reward/base_height_l2: -0.0191
   Episode_Reward/joint_torques_l2: -0.0108
       Episode_Reward/joint_vel_l2: -0.0004
       Episode_Reward/joint_acc_l2: -0.0175
   Episode_Reward/joint_pos_limits: -0.0001
        Episode_Reward/joint_power: -0.0009
        Episode_Reward/stand_still: -0.0549
     Episode_Reward/action_rate_l2: -0.2971
 Episode_Reward/undesired_contacts: -0.0130
Episode_Reward/track_lin_vel_xy_exp: 0.8399
Episode_Reward/track_ang_vel_z_exp: 0.6794
      Episode_Reward/feet_air_time: 0.0051
Episode_Reward/feet_air_time_variance: -0.1241
         Episode_Reward/feet_slide: -0.0422
     Episode_Reward/feet_clearance: 0.7614
Episode_Reward/feet_distance_y_exp: 0.8563
   Episode_Reward/feet_landing_vel: -0.0014
 Episode_Reward/joint_vel_wheel_l2: -0.0046
 Episode_Reward/joint_acc_wheel_l2: -0.0001
Episode_Reward/joint_torques_wheel_l2: -0.0000
Episode_Reward/bipedal_gait_reward: -0.8223
Episode_Reward/feet_distance_penalize: -0.0333
        Episode_Reward/stop_motion: -0.0730
  Episode_Reward/action_smoothness: -0.3570
       Episode_Reward/lazy_penalty: -0.0613
         Episode_Reward/keep_alive: 0.0647
Episode_Reward/joint_deviation_hip: -0.0126
Episode_Reward/joint_deviation_ankle: -0.0251
Episode_Reward/joint_deviation_legs: -0.0057
Episode_Reward/body_orientation_l2: -0.0476
 Episode_Reward/ankle_torque_limit: -0.0016
Episode_Reward/penalize_hip_roll_action: -0.2488
Episode_Reward/feet_impact_reduction: -0.0000
Metrics/base_velocity/error_vel_xy: 0.5169
Metrics/base_velocity/error_vel_yaw: 0.3946
      Episode_Termination/time_out: 0.0677
Episode_Termination/terrain_out_of_bounds: 0.0000
Episode_Termination/illegal_contact: 0.9325
--------------------------------------------------------------------------------
                   Total timesteps: 19070976
                    Iteration time: 1.81s
                      Time elapsed: 00:05:54
                               ETA: 12:35:19

################################################################################
                     [1m Learning iteration 194/25000 [0m                     

                       Computation: 54201 steps/s (collection: 1.286s, learning 0.528s)
             Mean action noise std: 0.52
          Mean value_function loss: 1.1110
               Mean surrogate loss: -0.0016
                 Mean entropy loss: 7.2066
                Mean priv_reg loss: 0.3706
                Mean amp/loss loss: 0.4627
            Mean amp/grad_pen loss: 0.1871
         Mean amp/policy_pred loss: -0.3548
         Mean amp/expert_pred loss: 0.3455
                       Mean reward: 12.92
               Mean episode length: 423.06
      Episode_Reward/is_terminated: -0.1833
       Episode_Reward/lin_vel_z_l2: -0.0551
      Episode_Reward/ang_vel_xy_l2: -0.0820
Episode_Reward/flat_orientation_l2: -0.0775
     Episode_Reward/base_height_l2: -0.0190
   Episode_Reward/joint_torques_l2: -0.0106
       Episode_Reward/joint_vel_l2: -0.0004
       Episode_Reward/joint_acc_l2: -0.0176
   Episode_Reward/joint_pos_limits: -0.0002
        Episode_Reward/joint_power: -0.0009
        Episode_Reward/stand_still: -0.0417
     Episode_Reward/action_rate_l2: -0.2940
 Episode_Reward/undesired_contacts: -0.0138
Episode_Reward/track_lin_vel_xy_exp: 0.9116
Episode_Reward/track_ang_vel_z_exp: 0.6636
      Episode_Reward/feet_air_time: 0.0040
Episode_Reward/feet_air_time_variance: -0.1236
         Episode_Reward/feet_slide: -0.0418
     Episode_Reward/feet_clearance: 0.7588
Episode_Reward/feet_distance_y_exp: 0.8469
   Episode_Reward/feet_landing_vel: -0.0014
 Episode_Reward/joint_vel_wheel_l2: -0.0045
 Episode_Reward/joint_acc_wheel_l2: -0.0001
Episode_Reward/joint_torques_wheel_l2: -0.0000
Episode_Reward/bipedal_gait_reward: -0.8156
Episode_Reward/feet_distance_penalize: -0.0265
        Episode_Reward/stop_motion: -0.0691
  Episode_Reward/action_smoothness: -0.3535
       Episode_Reward/lazy_penalty: -0.0632
         Episode_Reward/keep_alive: 0.0640
Episode_Reward/joint_deviation_hip: -0.0129
Episode_Reward/joint_deviation_ankle: -0.0241
Episode_Reward/joint_deviation_legs: -0.0056
Episode_Reward/body_orientation_l2: -0.0465
 Episode_Reward/ankle_torque_limit: -0.0018
Episode_Reward/penalize_hip_roll_action: -0.2476
Episode_Reward/feet_impact_reduction: -0.0000
Metrics/base_velocity/error_vel_xy: 0.4783
Metrics/base_velocity/error_vel_yaw: 0.3960
      Episode_Termination/time_out: 0.0684
Episode_Termination/terrain_out_of_bounds: 0.0000
Episode_Termination/illegal_contact: 0.9319
--------------------------------------------------------------------------------
                   Total timesteps: 19169280
                    Iteration time: 1.81s
                      Time elapsed: 00:05:56
                               ETA: 12:35:15

################################################################################
                     [1m Learning iteration 195/25000 [0m                     

                       Computation: 57018 steps/s (collection: 1.197s, learning 0.527s)
             Mean action noise std: 0.52
          Mean value_function loss: 1.1547
               Mean surrogate loss: -0.0014
                 Mean entropy loss: 7.2539
                Mean priv_reg loss: 0.3819
                Mean amp/loss loss: 0.4601
            Mean amp/grad_pen loss: 0.1877
         Mean amp/policy_pred loss: -0.3533
         Mean amp/expert_pred loss: 0.3507
                       Mean reward: 13.22
               Mean episode length: 464.02
      Episode_Reward/is_terminated: -0.1850
       Episode_Reward/lin_vel_z_l2: -0.0502
      Episode_Reward/ang_vel_xy_l2: -0.0834
Episode_Reward/flat_orientation_l2: -0.0774
     Episode_Reward/base_height_l2: -0.0186
   Episode_Reward/joint_torques_l2: -0.0110
       Episode_Reward/joint_vel_l2: -0.0004
       Episode_Reward/joint_acc_l2: -0.0178
   Episode_Reward/joint_pos_limits: -0.0002
        Episode_Reward/joint_power: -0.0009
        Episode_Reward/stand_still: -0.0855
     Episode_Reward/action_rate_l2: -0.3085
 Episode_Reward/undesired_contacts: -0.0117
Episode_Reward/track_lin_vel_xy_exp: 0.9145
Episode_Reward/track_ang_vel_z_exp: 0.7246
      Episode_Reward/feet_air_time: 0.0056
Episode_Reward/feet_air_time_variance: -0.1332
         Episode_Reward/feet_slide: -0.0427
     Episode_Reward/feet_clearance: 0.7846
Episode_Reward/feet_distance_y_exp: 0.8922
   Episode_Reward/feet_landing_vel: -0.0014
 Episode_Reward/joint_vel_wheel_l2: -0.0048
 Episode_Reward/joint_acc_wheel_l2: -0.0001
Episode_Reward/joint_torques_wheel_l2: -0.0000
Episode_Reward/bipedal_gait_reward: -0.8411
Episode_Reward/feet_distance_penalize: -0.0364
        Episode_Reward/stop_motion: -0.0783
  Episode_Reward/action_smoothness: -0.3709
       Episode_Reward/lazy_penalty: -0.0644
         Episode_Reward/keep_alive: 0.0674
Episode_Reward/joint_deviation_hip: -0.0132
Episode_Reward/joint_deviation_ankle: -0.0258
Episode_Reward/joint_deviation_legs: -0.0059
Episode_Reward/body_orientation_l2: -0.0464
 Episode_Reward/ankle_torque_limit: -0.0011
Episode_Reward/penalize_hip_roll_action: -0.2594
Episode_Reward/feet_impact_reduction: -0.0000
Metrics/base_velocity/error_vel_xy: 0.5202
Metrics/base_velocity/error_vel_yaw: 0.4058
      Episode_Termination/time_out: 0.0691
Episode_Termination/terrain_out_of_bounds: 0.0000
Episode_Termination/illegal_contact: 0.9312
--------------------------------------------------------------------------------
                   Total timesteps: 19267584
                    Iteration time: 1.72s
                      Time elapsed: 00:05:57
                               ETA: 12:35:00

################################################################################
                     [1m Learning iteration 196/25000 [0m                     

                       Computation: 54383 steps/s (collection: 1.279s, learning 0.528s)
             Mean action noise std: 0.52
          Mean value_function loss: 0.9894
               Mean surrogate loss: -0.0016
                 Mean entropy loss: 7.2744
                Mean priv_reg loss: 0.3913
                Mean amp/loss loss: 0.4481
            Mean amp/grad_pen loss: 0.1852
         Mean amp/policy_pred loss: -0.3690
         Mean amp/expert_pred loss: 0.3595
                       Mean reward: 11.16
               Mean episode length: 438.01
      Episode_Reward/is_terminated: -0.1912
       Episode_Reward/lin_vel_z_l2: -0.0548
      Episode_Reward/ang_vel_xy_l2: -0.0806
Episode_Reward/flat_orientation_l2: -0.0782
     Episode_Reward/base_height_l2: -0.0191
   Episode_Reward/joint_torques_l2: -0.0111
       Episode_Reward/joint_vel_l2: -0.0004
       Episode_Reward/joint_acc_l2: -0.0179
   Episode_Reward/joint_pos_limits: -0.0002
        Episode_Reward/joint_power: -0.0009
        Episode_Reward/stand_still: -0.0507
     Episode_Reward/action_rate_l2: -0.3070
 Episode_Reward/undesired_contacts: -0.0124
Episode_Reward/track_lin_vel_xy_exp: 0.9404
Episode_Reward/track_ang_vel_z_exp: 0.6837
      Episode_Reward/feet_air_time: 0.0050
Episode_Reward/feet_air_time_variance: -0.1269
         Episode_Reward/feet_slide: -0.0427
     Episode_Reward/feet_clearance: 0.7901
Episode_Reward/feet_distance_y_exp: 0.8811
   Episode_Reward/feet_landing_vel: -0.0015
 Episode_Reward/joint_vel_wheel_l2: -0.0047
 Episode_Reward/joint_acc_wheel_l2: -0.0001
Episode_Reward/joint_torques_wheel_l2: -0.0000
Episode_Reward/bipedal_gait_reward: -0.8506
Episode_Reward/feet_distance_penalize: -0.0301
        Episode_Reward/stop_motion: -0.0740
  Episode_Reward/action_smoothness: -0.3692
       Episode_Reward/lazy_penalty: -0.0654
         Episode_Reward/keep_alive: 0.0666
Episode_Reward/joint_deviation_hip: -0.0132
Episode_Reward/joint_deviation_ankle: -0.0255
Episode_Reward/joint_deviation_legs: -0.0058
Episode_Reward/body_orientation_l2: -0.0469
 Episode_Reward/ankle_torque_limit: -0.0016
Episode_Reward/penalize_hip_roll_action: -0.2545
Episode_Reward/feet_impact_reduction: -0.0000
Metrics/base_velocity/error_vel_xy: 0.5031
Metrics/base_velocity/error_vel_yaw: 0.4148
      Episode_Termination/time_out: 0.0699
Episode_Termination/terrain_out_of_bounds: 0.0000
Episode_Termination/illegal_contact: 0.9303
--------------------------------------------------------------------------------
                   Total timesteps: 19365888
                    Iteration time: 1.81s
                      Time elapsed: 00:05:59
                               ETA: 12:34:56

################################################################################
                     [1m Learning iteration 197/25000 [0m                     

                       Computation: 53249 steps/s (collection: 1.319s, learning 0.527s)
             Mean action noise std: 0.52
          Mean value_function loss: 1.0321
               Mean surrogate loss: -0.0014
                 Mean entropy loss: 7.2885
                Mean priv_reg loss: 0.3946
                Mean amp/loss loss: 0.4518
            Mean amp/grad_pen loss: 0.1847
         Mean amp/policy_pred loss: -0.3638
         Mean amp/expert_pred loss: 0.3568
                       Mean reward: 9.42
               Mean episode length: 408.66
      Episode_Reward/is_terminated: -0.1863
       Episode_Reward/lin_vel_z_l2: -0.0516
      Episode_Reward/ang_vel_xy_l2: -0.0788
Episode_Reward/flat_orientation_l2: -0.0764
     Episode_Reward/base_height_l2: -0.0190
   Episode_Reward/joint_torques_l2: -0.0106
       Episode_Reward/joint_vel_l2: -0.0004
       Episode_Reward/joint_acc_l2: -0.0179
   Episode_Reward/joint_pos_limits: -0.0002
        Episode_Reward/joint_power: -0.0009
        Episode_Reward/stand_still: -0.0601
     Episode_Reward/action_rate_l2: -0.2954
 Episode_Reward/undesired_contacts: -0.0124
Episode_Reward/track_lin_vel_xy_exp: 0.8637
Episode_Reward/track_ang_vel_z_exp: 0.6532
      Episode_Reward/feet_air_time: 0.0044
Episode_Reward/feet_air_time_variance: -0.1188
         Episode_Reward/feet_slide: -0.0411
     Episode_Reward/feet_clearance: 0.7502
Episode_Reward/feet_distance_y_exp: 0.8446
   Episode_Reward/feet_landing_vel: -0.0014
 Episode_Reward/joint_vel_wheel_l2: -0.0045
 Episode_Reward/joint_acc_wheel_l2: -0.0001
Episode_Reward/joint_torques_wheel_l2: -0.0000
Episode_Reward/bipedal_gait_reward: -0.8069
Episode_Reward/feet_distance_penalize: -0.0217
        Episode_Reward/stop_motion: -0.0642
  Episode_Reward/action_smoothness: -0.3554
       Episode_Reward/lazy_penalty: -0.0619
         Episode_Reward/keep_alive: 0.0638
Episode_Reward/joint_deviation_hip: -0.0124
Episode_Reward/joint_deviation_ankle: -0.0242
Episode_Reward/joint_deviation_legs: -0.0056
Episode_Reward/body_orientation_l2: -0.0458
 Episode_Reward/ankle_torque_limit: -0.0019
Episode_Reward/penalize_hip_roll_action: -0.2455
Episode_Reward/feet_impact_reduction: -0.0000
Metrics/base_velocity/error_vel_xy: 0.4922
Metrics/base_velocity/error_vel_yaw: 0.4019
      Episode_Termination/time_out: 0.0708
Episode_Termination/terrain_out_of_bounds: 0.0000
Episode_Termination/illegal_contact: 0.9292
--------------------------------------------------------------------------------
                   Total timesteps: 19464192
                    Iteration time: 1.85s
                      Time elapsed: 00:06:01
                               ETA: 12:34:57

################################################################################
                     [1m Learning iteration 198/25000 [0m                     

                       Computation: 54533 steps/s (collection: 1.279s, learning 0.523s)
             Mean action noise std: 0.53
          Mean value_function loss: 1.1529
               Mean surrogate loss: -0.0025
                 Mean entropy loss: 7.3003
                Mean priv_reg loss: 0.3979
                Mean amp/loss loss: 0.4467
            Mean amp/grad_pen loss: 0.1911
         Mean amp/policy_pred loss: -0.3693
         Mean amp/expert_pred loss: 0.3611
                       Mean reward: 12.79
               Mean episode length: 432.39
      Episode_Reward/is_terminated: -0.1838
       Episode_Reward/lin_vel_z_l2: -0.0523
      Episode_Reward/ang_vel_xy_l2: -0.0801
Episode_Reward/flat_orientation_l2: -0.0780
     Episode_Reward/base_height_l2: -0.0190
   Episode_Reward/joint_torques_l2: -0.0111
       Episode_Reward/joint_vel_l2: -0.0004
       Episode_Reward/joint_acc_l2: -0.0189
   Episode_Reward/joint_pos_limits: -0.0002
        Episode_Reward/joint_power: -0.0009
        Episode_Reward/stand_still: -0.0512
     Episode_Reward/action_rate_l2: -0.3067
 Episode_Reward/undesired_contacts: -0.0132
Episode_Reward/track_lin_vel_xy_exp: 0.8648
Episode_Reward/track_ang_vel_z_exp: 0.7015
      Episode_Reward/feet_air_time: 0.0053
Episode_Reward/feet_air_time_variance: -0.1236
         Episode_Reward/feet_slide: -0.0412
     Episode_Reward/feet_clearance: 0.7909
Episode_Reward/feet_distance_y_exp: 0.8779
   Episode_Reward/feet_landing_vel: -0.0014
 Episode_Reward/joint_vel_wheel_l2: -0.0048
 Episode_Reward/joint_acc_wheel_l2: -0.0001
Episode_Reward/joint_torques_wheel_l2: -0.0000
Episode_Reward/bipedal_gait_reward: -0.8479
Episode_Reward/feet_distance_penalize: -0.0348
        Episode_Reward/stop_motion: -0.0714
  Episode_Reward/action_smoothness: -0.3685
       Episode_Reward/lazy_penalty: -0.0647
         Episode_Reward/keep_alive: 0.0663
Episode_Reward/joint_deviation_hip: -0.0130
Episode_Reward/joint_deviation_ankle: -0.0250
Episode_Reward/joint_deviation_legs: -0.0058
Episode_Reward/body_orientation_l2: -0.0468
 Episode_Reward/ankle_torque_limit: -0.0018
Episode_Reward/penalize_hip_roll_action: -0.2578
Episode_Reward/feet_impact_reduction: -0.0000
Metrics/base_velocity/error_vel_xy: 0.5214
Metrics/base_velocity/error_vel_yaw: 0.4032
      Episode_Termination/time_out: 0.0718
Episode_Termination/terrain_out_of_bounds: 0.0000
Episode_Termination/illegal_contact: 0.9282
--------------------------------------------------------------------------------
                   Total timesteps: 19562496
                    Iteration time: 1.80s
                      Time elapsed: 00:06:03
                               ETA: 12:34:52

################################################################################
                     [1m Learning iteration 199/25000 [0m                     

                       Computation: 55815 steps/s (collection: 1.234s, learning 0.528s)
             Mean action noise std: 0.53
          Mean value_function loss: 1.1498
               Mean surrogate loss: -0.0005
                 Mean entropy loss: 7.3301
                Mean priv_reg loss: 0.4057
                Mean amp/loss loss: 0.4453
            Mean amp/grad_pen loss: 0.1874
         Mean amp/policy_pred loss: -0.3687
         Mean amp/expert_pred loss: 0.3637
                       Mean reward: 14.19
               Mean episode length: 505.66
      Episode_Reward/is_terminated: -0.1819
       Episode_Reward/lin_vel_z_l2: -0.0550
      Episode_Reward/ang_vel_xy_l2: -0.0838
Episode_Reward/flat_orientation_l2: -0.0787
     Episode_Reward/base_height_l2: -0.0195
   Episode_Reward/joint_torques_l2: -0.0119
       Episode_Reward/joint_vel_l2: -0.0004
       Episode_Reward/joint_acc_l2: -0.0192
   Episode_Reward/joint_pos_limits: -0.0003
        Episode_Reward/joint_power: -0.0010
        Episode_Reward/stand_still: -0.0498
     Episode_Reward/action_rate_l2: -0.3274
 Episode_Reward/undesired_contacts: -0.0119
Episode_Reward/track_lin_vel_xy_exp: 0.9910
Episode_Reward/track_ang_vel_z_exp: 0.7458
      Episode_Reward/feet_air_time: 0.0057
Episode_Reward/feet_air_time_variance: -0.1375
         Episode_Reward/feet_slide: -0.0436
     Episode_Reward/feet_clearance: 0.8439
Episode_Reward/feet_distance_y_exp: 0.9378
   Episode_Reward/feet_landing_vel: -0.0015
 Episode_Reward/joint_vel_wheel_l2: -0.0050
 Episode_Reward/joint_acc_wheel_l2: -0.0001
Episode_Reward/joint_torques_wheel_l2: -0.0000
Episode_Reward/bipedal_gait_reward: -0.9047
Episode_Reward/feet_distance_penalize: -0.0372
        Episode_Reward/stop_motion: -0.0769
  Episode_Reward/action_smoothness: -0.3936
       Episode_Reward/lazy_penalty: -0.0694
         Episode_Reward/keep_alive: 0.0709
Episode_Reward/joint_deviation_hip: -0.0144
Episode_Reward/joint_deviation_ankle: -0.0271
Episode_Reward/joint_deviation_legs: -0.0062
Episode_Reward/body_orientation_l2: -0.0472
 Episode_Reward/ankle_torque_limit: -0.0015
Episode_Reward/penalize_hip_roll_action: -0.2743
Episode_Reward/feet_impact_reduction: -0.0000
Metrics/base_velocity/error_vel_xy: 0.5380
Metrics/base_velocity/error_vel_yaw: 0.4302
      Episode_Termination/time_out: 0.0725
Episode_Termination/terrain_out_of_bounds: 0.0000
Episode_Termination/illegal_contact: 0.9275
--------------------------------------------------------------------------------
                   Total timesteps: 19660800
                    Iteration time: 1.76s
                      Time elapsed: 00:06:05
                               ETA: 12:34:42

################################################################################
                     [1m Learning iteration 200/25000 [0m                     

                       Computation: 53256 steps/s (collection: 1.252s, learning 0.594s)
             Mean action noise std: 0.53
          Mean value_function loss: 1.8779
               Mean surrogate loss: 0.1543
                 Mean entropy loss: 7.3432
                Mean priv_reg loss: 0.4612
                Mean amp/loss loss: 0.4293
            Mean amp/grad_pen loss: 0.1884
         Mean amp/policy_pred loss: -0.3958
         Mean amp/expert_pred loss: 0.3690
             Mean hist_latent loss: 0.4317
                       Mean reward: 15.14
               Mean episode length: 476.90
      Episode_Reward/is_terminated: -0.1789
       Episode_Reward/lin_vel_z_l2: -0.0500
      Episode_Reward/ang_vel_xy_l2: -0.0854
Episode_Reward/flat_orientation_l2: -0.0739
     Episode_Reward/base_height_l2: -0.0184
   Episode_Reward/joint_torques_l2: -0.0117
       Episode_Reward/joint_vel_l2: -0.0005
       Episode_Reward/joint_acc_l2: -0.0188
   Episode_Reward/joint_pos_limits: -0.0001
        Episode_Reward/joint_power: -0.0010
        Episode_Reward/stand_still: -0.0295
     Episode_Reward/action_rate_l2: -0.3278
 Episode_Reward/undesired_contacts: -0.0113
Episode_Reward/track_lin_vel_xy_exp: 1.0033
Episode_Reward/track_ang_vel_z_exp: 0.7434
      Episode_Reward/feet_air_time: 0.0052
Episode_Reward/feet_air_time_variance: -0.1304
         Episode_Reward/feet_slide: -0.0425
     Episode_Reward/feet_clearance: 0.8401
Episode_Reward/feet_distance_y_exp: 0.9302
   Episode_Reward/feet_landing_vel: -0.0016
 Episode_Reward/joint_vel_wheel_l2: -0.0049
 Episode_Reward/joint_acc_wheel_l2: -0.0001
Episode_Reward/joint_torques_wheel_l2: -0.0000
Episode_Reward/bipedal_gait_reward: -0.9020
Episode_Reward/feet_distance_penalize: -0.0295
        Episode_Reward/stop_motion: -0.0557
  Episode_Reward/action_smoothness: -0.3931
       Episode_Reward/lazy_penalty: -0.0701
         Episode_Reward/keep_alive: 0.0703
Episode_Reward/joint_deviation_hip: -0.0139
Episode_Reward/joint_deviation_ankle: -0.0266
Episode_Reward/joint_deviation_legs: -0.0061
Episode_Reward/body_orientation_l2: -0.0443
 Episode_Reward/ankle_torque_limit: -0.0021
Episode_Reward/penalize_hip_roll_action: -0.2708
Episode_Reward/feet_impact_reduction: -0.0000
Metrics/base_velocity/error_vel_xy: 0.5181
Metrics/base_velocity/error_vel_yaw: 0.4258
      Episode_Termination/time_out: 0.0753
Episode_Termination/terrain_out_of_bounds: 0.0000
Episode_Termination/illegal_contact: 0.9247
--------------------------------------------------------------------------------
                   Total timesteps: 19759104
                    Iteration time: 1.85s
                      Time elapsed: 00:06:07
                               ETA: 12:34:43

################################################################################
                     [1m Learning iteration 201/25000 [0m                     

                       Computation: 48153 steps/s (collection: 1.500s, learning 0.542s)
             Mean action noise std: 0.53
          Mean value_function loss: 1.2524
               Mean surrogate loss: -0.0003
                 Mean entropy loss: 7.3541
                Mean priv_reg loss: 0.4125
                Mean amp/loss loss: 0.4268
            Mean amp/grad_pen loss: 0.1849
         Mean amp/policy_pred loss: -0.4007
         Mean amp/expert_pred loss: 0.3690
                       Mean reward: 7.73
               Mean episode length: 362.14
      Episode_Reward/is_terminated: -0.1883
       Episode_Reward/lin_vel_z_l2: -0.0526
      Episode_Reward/ang_vel_xy_l2: -0.0800
Episode_Reward/flat_orientation_l2: -0.0750
     Episode_Reward/base_height_l2: -0.0190
   Episode_Reward/joint_torques_l2: -0.0108
       Episode_Reward/joint_vel_l2: -0.0004
       Episode_Reward/joint_acc_l2: -0.0184
   Episode_Reward/joint_pos_limits: -0.0002
        Episode_Reward/joint_power: -0.0009
        Episode_Reward/stand_still: -0.0742
     Episode_Reward/action_rate_l2: -0.2940
 Episode_Reward/undesired_contacts: -0.0129
Episode_Reward/track_lin_vel_xy_exp: 0.8997
Episode_Reward/track_ang_vel_z_exp: 0.6765
      Episode_Reward/feet_air_time: 0.0049
Episode_Reward/feet_air_time_variance: -0.1195
         Episode_Reward/feet_slide: -0.0402
     Episode_Reward/feet_clearance: 0.7361
Episode_Reward/feet_distance_y_exp: 0.8346
   Episode_Reward/feet_landing_vel: -0.0014
 Episode_Reward/joint_vel_wheel_l2: -0.0044
 Episode_Reward/joint_acc_wheel_l2: -0.0001
Episode_Reward/joint_torques_wheel_l2: -0.0000
Episode_Reward/bipedal_gait_reward: -0.8024
Episode_Reward/feet_distance_penalize: -0.0330
        Episode_Reward/stop_motion: -0.0884
  Episode_Reward/action_smoothness: -0.3532
       Episode_Reward/lazy_penalty: -0.0584
         Episode_Reward/keep_alive: 0.0631
Episode_Reward/joint_deviation_hip: -0.0126
Episode_Reward/joint_deviation_ankle: -0.0243
Episode_Reward/joint_deviation_legs: -0.0056
Episode_Reward/body_orientation_l2: -0.0450
 Episode_Reward/ankle_torque_limit: -0.0031
Episode_Reward/penalize_hip_roll_action: -0.2423
Episode_Reward/feet_impact_reduction: -0.0000
Metrics/base_velocity/error_vel_xy: 0.4758
Metrics/base_velocity/error_vel_yaw: 0.3806
      Episode_Termination/time_out: 0.0760
Episode_Termination/terrain_out_of_bounds: 0.0000
Episode_Termination/illegal_contact: 0.9240
--------------------------------------------------------------------------------
                   Total timesteps: 19857408
                    Iteration time: 2.04s
                      Time elapsed: 00:06:09
                               ETA: 12:35:08

################################################################################
                     [1m Learning iteration 202/25000 [0m                     

                       Computation: 54531 steps/s (collection: 1.274s, learning 0.529s)
             Mean action noise std: 0.53
          Mean value_function loss: 1.0197
               Mean surrogate loss: -0.0014
                 Mean entropy loss: 7.3872
                Mean priv_reg loss: 0.4059
                Mean amp/loss loss: 0.4309
            Mean amp/grad_pen loss: 0.1851
         Mean amp/policy_pred loss: -0.3862
         Mean amp/expert_pred loss: 0.3767
                       Mean reward: 12.37
               Mean episode length: 436.26
      Episode_Reward/is_terminated: -0.1856
       Episode_Reward/lin_vel_z_l2: -0.0524
      Episode_Reward/ang_vel_xy_l2: -0.0782
Episode_Reward/flat_orientation_l2: -0.0742
     Episode_Reward/base_height_l2: -0.0187
   Episode_Reward/joint_torques_l2: -0.0100
       Episode_Reward/joint_vel_l2: -0.0004
       Episode_Reward/joint_acc_l2: -0.0179
   Episode_Reward/joint_pos_limits: -0.0002
        Episode_Reward/joint_power: -0.0009
        Episode_Reward/stand_still: -0.0353
     Episode_Reward/action_rate_l2: -0.2809
 Episode_Reward/undesired_contacts: -0.0135
Episode_Reward/track_lin_vel_xy_exp: 0.7950
Episode_Reward/track_ang_vel_z_exp: 0.6188
      Episode_Reward/feet_air_time: 0.0046
Episode_Reward/feet_air_time_variance: -0.1083
         Episode_Reward/feet_slide: -0.0397
     Episode_Reward/feet_clearance: 0.7056
Episode_Reward/feet_distance_y_exp: 0.7921
   Episode_Reward/feet_landing_vel: -0.0015
 Episode_Reward/joint_vel_wheel_l2: -0.0043
 Episode_Reward/joint_acc_wheel_l2: -0.0001
Episode_Reward/joint_torques_wheel_l2: -0.0000
Episode_Reward/bipedal_gait_reward: -0.7656
Episode_Reward/feet_distance_penalize: -0.0211
        Episode_Reward/stop_motion: -0.0697
  Episode_Reward/action_smoothness: -0.3360
       Episode_Reward/lazy_penalty: -0.0559
         Episode_Reward/keep_alive: 0.0599
Episode_Reward/joint_deviation_hip: -0.0120
Episode_Reward/joint_deviation_ankle: -0.0219
Episode_Reward/joint_deviation_legs: -0.0052
Episode_Reward/body_orientation_l2: -0.0445
 Episode_Reward/ankle_torque_limit: -0.0031
Episode_Reward/penalize_hip_roll_action: -0.2315
Episode_Reward/feet_impact_reduction: -0.0000
Metrics/base_velocity/error_vel_xy: 0.4668
Metrics/base_velocity/error_vel_yaw: 0.3758
      Episode_Termination/time_out: 0.0745
Episode_Termination/terrain_out_of_bounds: 0.0000
Episode_Termination/illegal_contact: 0.9255
--------------------------------------------------------------------------------
                   Total timesteps: 19955712
                    Iteration time: 1.80s
                      Time elapsed: 00:06:10
                               ETA: 12:35:03

################################################################################
                     [1m Learning iteration 203/25000 [0m                     

                       Computation: 54482 steps/s (collection: 1.281s, learning 0.524s)
             Mean action noise std: 0.53
          Mean value_function loss: 1.1739
               Mean surrogate loss: -0.0001
                 Mean entropy loss: 7.4062
                Mean priv_reg loss: 0.4076
                Mean amp/loss loss: 0.4281
            Mean amp/grad_pen loss: 0.1895
         Mean amp/policy_pred loss: -0.3839
         Mean amp/expert_pred loss: 0.3821
                       Mean reward: 12.78
               Mean episode length: 440.64
      Episode_Reward/is_terminated: -0.1858
       Episode_Reward/lin_vel_z_l2: -0.0533
      Episode_Reward/ang_vel_xy_l2: -0.0836
Episode_Reward/flat_orientation_l2: -0.0786
     Episode_Reward/base_height_l2: -0.0190
   Episode_Reward/joint_torques_l2: -0.0102
       Episode_Reward/joint_vel_l2: -0.0004
       Episode_Reward/joint_acc_l2: -0.0176
   Episode_Reward/joint_pos_limits: -0.0003
        Episode_Reward/joint_power: -0.0009
        Episode_Reward/stand_still: -0.0281
     Episode_Reward/action_rate_l2: -0.2959
 Episode_Reward/undesired_contacts: -0.0141
Episode_Reward/track_lin_vel_xy_exp: 0.8573
Episode_Reward/track_ang_vel_z_exp: 0.6599
      Episode_Reward/feet_air_time: 0.0051
Episode_Reward/feet_air_time_variance: -0.1190
         Episode_Reward/feet_slide: -0.0414
     Episode_Reward/feet_clearance: 0.7470
Episode_Reward/feet_distance_y_exp: 0.8300
   Episode_Reward/feet_landing_vel: -0.0015
 Episode_Reward/joint_vel_wheel_l2: -0.0043
 Episode_Reward/joint_acc_wheel_l2: -0.0001
Episode_Reward/joint_torques_wheel_l2: -0.0000
Episode_Reward/bipedal_gait_reward: -0.8090
Episode_Reward/feet_distance_penalize: -0.0250
        Episode_Reward/stop_motion: -0.0699
  Episode_Reward/action_smoothness: -0.3548
       Episode_Reward/lazy_penalty: -0.0572
         Episode_Reward/keep_alive: 0.0627
Episode_Reward/joint_deviation_hip: -0.0124
Episode_Reward/joint_deviation_ankle: -0.0233
Episode_Reward/joint_deviation_legs: -0.0055
Episode_Reward/body_orientation_l2: -0.0471
 Episode_Reward/ankle_torque_limit: -0.0025
Episode_Reward/penalize_hip_roll_action: -0.2434
Episode_Reward/feet_impact_reduction: -0.0000
Metrics/base_velocity/error_vel_xy: 0.4783
Metrics/base_velocity/error_vel_yaw: 0.3914
      Episode_Termination/time_out: 0.0746
Episode_Termination/terrain_out_of_bounds: 0.0000
Episode_Termination/illegal_contact: 0.9254
--------------------------------------------------------------------------------
                   Total timesteps: 20054016
                    Iteration time: 1.80s
                      Time elapsed: 00:06:12
                               ETA: 12:34:58

################################################################################
                     [1m Learning iteration 204/25000 [0m                     

                       Computation: 53552 steps/s (collection: 1.304s, learning 0.531s)
             Mean action noise std: 0.53
          Mean value_function loss: 0.9603
               Mean surrogate loss: -0.0018
                 Mean entropy loss: 7.3912
                Mean priv_reg loss: 0.4015
                Mean amp/loss loss: 0.4175
            Mean amp/grad_pen loss: 0.1896
         Mean amp/policy_pred loss: -0.3965
         Mean amp/expert_pred loss: 0.3908
                       Mean reward: 13.96
               Mean episode length: 450.44
      Episode_Reward/is_terminated: -0.1687
       Episode_Reward/lin_vel_z_l2: -0.0564
      Episode_Reward/ang_vel_xy_l2: -0.0878
Episode_Reward/flat_orientation_l2: -0.0774
     Episode_Reward/base_height_l2: -0.0192
   Episode_Reward/joint_torques_l2: -0.0113
       Episode_Reward/joint_vel_l2: -0.0004
       Episode_Reward/joint_acc_l2: -0.0183
   Episode_Reward/joint_pos_limits: -0.0003
        Episode_Reward/joint_power: -0.0010
        Episode_Reward/stand_still: -0.0716
     Episode_Reward/action_rate_l2: -0.3228
 Episode_Reward/undesired_contacts: -0.0143
Episode_Reward/track_lin_vel_xy_exp: 0.9619
Episode_Reward/track_ang_vel_z_exp: 0.7040
      Episode_Reward/feet_air_time: 0.0046
Episode_Reward/feet_air_time_variance: -0.1277
         Episode_Reward/feet_slide: -0.0430
     Episode_Reward/feet_clearance: 0.8069
Episode_Reward/feet_distance_y_exp: 0.9086
   Episode_Reward/feet_landing_vel: -0.0015
 Episode_Reward/joint_vel_wheel_l2: -0.0047
 Episode_Reward/joint_acc_wheel_l2: -0.0001
Episode_Reward/joint_torques_wheel_l2: -0.0000
Episode_Reward/bipedal_gait_reward: -0.8752
Episode_Reward/feet_distance_penalize: -0.0234
        Episode_Reward/stop_motion: -0.0770
  Episode_Reward/action_smoothness: -0.3882
       Episode_Reward/lazy_penalty: -0.0633
         Episode_Reward/keep_alive: 0.0686
Episode_Reward/joint_deviation_hip: -0.0134
Episode_Reward/joint_deviation_ankle: -0.0259
Episode_Reward/joint_deviation_legs: -0.0060
Episode_Reward/body_orientation_l2: -0.0465
 Episode_Reward/ankle_torque_limit: -0.0034
Episode_Reward/penalize_hip_roll_action: -0.2660
Episode_Reward/feet_impact_reduction: -0.0001
Metrics/base_velocity/error_vel_xy: 0.5091
Metrics/base_velocity/error_vel_yaw: 0.4340
      Episode_Termination/time_out: 0.0776
Episode_Termination/terrain_out_of_bounds: 0.0000
Episode_Termination/illegal_contact: 0.9224
--------------------------------------------------------------------------------
                   Total timesteps: 20152320
                    Iteration time: 1.84s
                      Time elapsed: 00:06:14
                               ETA: 12:34:57

################################################################################
                     [1m Learning iteration 205/25000 [0m                     

                       Computation: 56616 steps/s (collection: 1.206s, learning 0.531s)
             Mean action noise std: 0.53
          Mean value_function loss: 0.9375
               Mean surrogate loss: 0.0077
                 Mean entropy loss: 7.3873
                Mean priv_reg loss: 0.3906
                Mean amp/loss loss: 0.4266
            Mean amp/grad_pen loss: 0.1911
         Mean amp/policy_pred loss: -0.3837
         Mean amp/expert_pred loss: 0.3850
                       Mean reward: 14.62
               Mean episode length: 395.15
      Episode_Reward/is_terminated: -0.1703
       Episode_Reward/lin_vel_z_l2: -0.0517
      Episode_Reward/ang_vel_xy_l2: -0.0803
Episode_Reward/flat_orientation_l2: -0.0743
     Episode_Reward/base_height_l2: -0.0180
   Episode_Reward/joint_torques_l2: -0.0113
       Episode_Reward/joint_vel_l2: -0.0004
       Episode_Reward/joint_acc_l2: -0.0188
   Episode_Reward/joint_pos_limits: -0.0002
        Episode_Reward/joint_power: -0.0010
        Episode_Reward/stand_still: -0.0409
     Episode_Reward/action_rate_l2: -0.3148
 Episode_Reward/undesired_contacts: -0.0118
Episode_Reward/track_lin_vel_xy_exp: 0.9653
Episode_Reward/track_ang_vel_z_exp: 0.6940
      Episode_Reward/feet_air_time: 0.0053
Episode_Reward/feet_air_time_variance: -0.1211
         Episode_Reward/feet_slide: -0.0414
     Episode_Reward/feet_clearance: 0.7915
Episode_Reward/feet_distance_y_exp: 0.8841
   Episode_Reward/feet_landing_vel: -0.0015
 Episode_Reward/joint_vel_wheel_l2: -0.0047
 Episode_Reward/joint_acc_wheel_l2: -0.0001
Episode_Reward/joint_torques_wheel_l2: -0.0000
Episode_Reward/bipedal_gait_reward: -0.8624
Episode_Reward/feet_distance_penalize: -0.0272
        Episode_Reward/stop_motion: -0.0729
  Episode_Reward/action_smoothness: -0.3778
       Episode_Reward/lazy_penalty: -0.0610
         Episode_Reward/keep_alive: 0.0668
Episode_Reward/joint_deviation_hip: -0.0133
Episode_Reward/joint_deviation_ankle: -0.0250
Episode_Reward/joint_deviation_legs: -0.0059
Episode_Reward/body_orientation_l2: -0.0446
 Episode_Reward/ankle_torque_limit: -0.0019
Episode_Reward/penalize_hip_roll_action: -0.2584
Episode_Reward/feet_impact_reduction: -0.0000
Metrics/base_velocity/error_vel_xy: 0.4904
Metrics/base_velocity/error_vel_yaw: 0.4171
      Episode_Termination/time_out: 0.0833
Episode_Termination/terrain_out_of_bounds: 0.0000
Episode_Termination/illegal_contact: 0.9167
--------------------------------------------------------------------------------
                   Total timesteps: 20250624
                    Iteration time: 1.74s
                      Time elapsed: 00:06:16
                               ETA: 12:34:45

################################################################################
                     [1m Learning iteration 206/25000 [0m                     

                       Computation: 57532 steps/s (collection: 1.181s, learning 0.528s)
             Mean action noise std: 0.53
          Mean value_function loss: 0.9239
               Mean surrogate loss: 0.0034
                 Mean entropy loss: 7.3888
                Mean priv_reg loss: 0.3828
                Mean amp/loss loss: 0.4302
            Mean amp/grad_pen loss: 0.1945
         Mean amp/policy_pred loss: -0.3759
         Mean amp/expert_pred loss: 0.3830
                       Mean reward: 11.08
               Mean episode length: 416.61
      Episode_Reward/is_terminated: -0.1755
       Episode_Reward/lin_vel_z_l2: -0.0519
      Episode_Reward/ang_vel_xy_l2: -0.0824
Episode_Reward/flat_orientation_l2: -0.0750
     Episode_Reward/base_height_l2: -0.0183
   Episode_Reward/joint_torques_l2: -0.0107
       Episode_Reward/joint_vel_l2: -0.0004
       Episode_Reward/joint_acc_l2: -0.0191
   Episode_Reward/joint_pos_limits: -0.0002
        Episode_Reward/joint_power: -0.0009
        Episode_Reward/stand_still: -0.0279
     Episode_Reward/action_rate_l2: -0.3056
 Episode_Reward/undesired_contacts: -0.0126
Episode_Reward/track_lin_vel_xy_exp: 0.9003
Episode_Reward/track_ang_vel_z_exp: 0.6618
      Episode_Reward/feet_air_time: 0.0051
Episode_Reward/feet_air_time_variance: -0.1202
         Episode_Reward/feet_slide: -0.0406
     Episode_Reward/feet_clearance: 0.7627
Episode_Reward/feet_distance_y_exp: 0.8510
   Episode_Reward/feet_landing_vel: -0.0016
 Episode_Reward/joint_vel_wheel_l2: -0.0046
 Episode_Reward/joint_acc_wheel_l2: -0.0001
Episode_Reward/joint_torques_wheel_l2: -0.0000
Episode_Reward/bipedal_gait_reward: -0.8223
Episode_Reward/feet_distance_penalize: -0.0278
        Episode_Reward/stop_motion: -0.0661
  Episode_Reward/action_smoothness: -0.3657
       Episode_Reward/lazy_penalty: -0.0600
         Episode_Reward/keep_alive: 0.0643
Episode_Reward/joint_deviation_hip: -0.0127
Episode_Reward/joint_deviation_ankle: -0.0240
Episode_Reward/joint_deviation_legs: -0.0056
Episode_Reward/body_orientation_l2: -0.0450
 Episode_Reward/ankle_torque_limit: -0.0024
Episode_Reward/penalize_hip_roll_action: -0.2487
Episode_Reward/feet_impact_reduction: -0.0000
Metrics/base_velocity/error_vel_xy: 0.4828
Metrics/base_velocity/error_vel_yaw: 0.4022
      Episode_Termination/time_out: 0.0861
Episode_Termination/terrain_out_of_bounds: 0.0000
Episode_Termination/illegal_contact: 0.9139
--------------------------------------------------------------------------------
                   Total timesteps: 20348928
                    Iteration time: 1.71s
                      Time elapsed: 00:06:17
                               ETA: 12:34:29

################################################################################
                     [1m Learning iteration 207/25000 [0m                     

                       Computation: 54435 steps/s (collection: 1.276s, learning 0.530s)
             Mean action noise std: 0.53
          Mean value_function loss: 0.8352
               Mean surrogate loss: -0.0003
                 Mean entropy loss: 7.3916
                Mean priv_reg loss: 0.3805
                Mean amp/loss loss: 0.4376
            Mean amp/grad_pen loss: 0.1933
         Mean amp/policy_pred loss: -0.3663
         Mean amp/expert_pred loss: 0.3758
                       Mean reward: 16.99
               Mean episode length: 476.72
      Episode_Reward/is_terminated: -0.1786
       Episode_Reward/lin_vel_z_l2: -0.0520
      Episode_Reward/ang_vel_xy_l2: -0.0814
Episode_Reward/flat_orientation_l2: -0.0756
     Episode_Reward/base_height_l2: -0.0191
   Episode_Reward/joint_torques_l2: -0.0108
       Episode_Reward/joint_vel_l2: -0.0004
       Episode_Reward/joint_acc_l2: -0.0176
   Episode_Reward/joint_pos_limits: -0.0002
        Episode_Reward/joint_power: -0.0009
        Episode_Reward/stand_still: -0.0270
     Episode_Reward/action_rate_l2: -0.3064
 Episode_Reward/undesired_contacts: -0.0111
Episode_Reward/track_lin_vel_xy_exp: 1.0085
Episode_Reward/track_ang_vel_z_exp: 0.6683
      Episode_Reward/feet_air_time: 0.0047
Episode_Reward/feet_air_time_variance: -0.1194
         Episode_Reward/feet_slide: -0.0404
     Episode_Reward/feet_clearance: 0.7755
Episode_Reward/feet_distance_y_exp: 0.8548
   Episode_Reward/feet_landing_vel: -0.0015
 Episode_Reward/joint_vel_wheel_l2: -0.0046
 Episode_Reward/joint_acc_wheel_l2: -0.0001
Episode_Reward/joint_torques_wheel_l2: -0.0000
Episode_Reward/bipedal_gait_reward: -0.8383
Episode_Reward/feet_distance_penalize: -0.0262
        Episode_Reward/stop_motion: -0.0659
  Episode_Reward/action_smoothness: -0.3681
       Episode_Reward/lazy_penalty: -0.0622
         Episode_Reward/keep_alive: 0.0646
Episode_Reward/joint_deviation_hip: -0.0126
Episode_Reward/joint_deviation_ankle: -0.0241
Episode_Reward/joint_deviation_legs: -0.0058
Episode_Reward/body_orientation_l2: -0.0454
 Episode_Reward/ankle_torque_limit: -0.0022
Episode_Reward/penalize_hip_roll_action: -0.2501
Episode_Reward/feet_impact_reduction: -0.0000
Metrics/base_velocity/error_vel_xy: 0.4517
Metrics/base_velocity/error_vel_yaw: 0.4037
      Episode_Termination/time_out: 0.0862
Episode_Termination/terrain_out_of_bounds: 0.0000
Episode_Termination/illegal_contact: 0.9138
--------------------------------------------------------------------------------
                   Total timesteps: 20447232
                    Iteration time: 1.81s
                      Time elapsed: 00:06:19
                               ETA: 12:34:25

################################################################################
                     [1m Learning iteration 208/25000 [0m                     

                       Computation: 55473 steps/s (collection: 1.241s, learning 0.531s)
             Mean action noise std: 0.53
          Mean value_function loss: 0.7386
               Mean surrogate loss: -0.0031
                 Mean entropy loss: 7.3895
                Mean priv_reg loss: 0.3719
                Mean amp/loss loss: 0.4380
            Mean amp/grad_pen loss: 0.1863
         Mean amp/policy_pred loss: -0.3725
         Mean amp/expert_pred loss: 0.3685
                       Mean reward: 9.86
               Mean episode length: 414.70
      Episode_Reward/is_terminated: -0.1819
       Episode_Reward/lin_vel_z_l2: -0.0514
      Episode_Reward/ang_vel_xy_l2: -0.0786
Episode_Reward/flat_orientation_l2: -0.0780
     Episode_Reward/base_height_l2: -0.0192
   Episode_Reward/joint_torques_l2: -0.0106
       Episode_Reward/joint_vel_l2: -0.0004
       Episode_Reward/joint_acc_l2: -0.0187
   Episode_Reward/joint_pos_limits: -0.0003
        Episode_Reward/joint_power: -0.0009
        Episode_Reward/stand_still: -0.0534
     Episode_Reward/action_rate_l2: -0.2961
 Episode_Reward/undesired_contacts: -0.0124
Episode_Reward/track_lin_vel_xy_exp: 0.8798
Episode_Reward/track_ang_vel_z_exp: 0.6714
      Episode_Reward/feet_air_time: 0.0045
Episode_Reward/feet_air_time_variance: -0.1096
         Episode_Reward/feet_slide: -0.0403
     Episode_Reward/feet_clearance: 0.7247
Episode_Reward/feet_distance_y_exp: 0.8214
   Episode_Reward/feet_landing_vel: -0.0016
 Episode_Reward/joint_vel_wheel_l2: -0.0044
 Episode_Reward/joint_acc_wheel_l2: -0.0001
Episode_Reward/joint_torques_wheel_l2: -0.0000
Episode_Reward/bipedal_gait_reward: -0.7903
Episode_Reward/feet_distance_penalize: -0.0255
        Episode_Reward/stop_motion: -0.0957
  Episode_Reward/action_smoothness: -0.3543
       Episode_Reward/lazy_penalty: -0.0566
         Episode_Reward/keep_alive: 0.0620
Episode_Reward/joint_deviation_hip: -0.0121
Episode_Reward/joint_deviation_ankle: -0.0240
Episode_Reward/joint_deviation_legs: -0.0056
Episode_Reward/body_orientation_l2: -0.0468
 Episode_Reward/ankle_torque_limit: -0.0027
Episode_Reward/penalize_hip_roll_action: -0.2407
Episode_Reward/feet_impact_reduction: -0.0000
Metrics/base_velocity/error_vel_xy: 0.4643
Metrics/base_velocity/error_vel_yaw: 0.3728
      Episode_Termination/time_out: 0.0874
Episode_Termination/terrain_out_of_bounds: 0.0000
Episode_Termination/illegal_contact: 0.9126
--------------------------------------------------------------------------------
                   Total timesteps: 20545536
                    Iteration time: 1.77s
                      Time elapsed: 00:06:21
                               ETA: 12:34:16

################################################################################
                     [1m Learning iteration 209/25000 [0m                     

                       Computation: 57443 steps/s (collection: 1.180s, learning 0.532s)
             Mean action noise std: 0.53
          Mean value_function loss: 0.7637
               Mean surrogate loss: -0.0020
                 Mean entropy loss: 7.3828
                Mean priv_reg loss: 0.3662
                Mean amp/loss loss: 0.4257
            Mean amp/grad_pen loss: 0.1891
         Mean amp/policy_pred loss: -0.3827
         Mean amp/expert_pred loss: 0.3842
                       Mean reward: 15.77
               Mean episode length: 430.51
      Episode_Reward/is_terminated: -0.1742
       Episode_Reward/lin_vel_z_l2: -0.0522
      Episode_Reward/ang_vel_xy_l2: -0.0816
Episode_Reward/flat_orientation_l2: -0.0754
     Episode_Reward/base_height_l2: -0.0190
   Episode_Reward/joint_torques_l2: -0.0116
       Episode_Reward/joint_vel_l2: -0.0005
       Episode_Reward/joint_acc_l2: -0.0198
   Episode_Reward/joint_pos_limits: -0.0002
        Episode_Reward/joint_power: -0.0010
        Episode_Reward/stand_still: -0.0199
     Episode_Reward/action_rate_l2: -0.3239
 Episode_Reward/undesired_contacts: -0.0114
Episode_Reward/track_lin_vel_xy_exp: 1.0339
Episode_Reward/track_ang_vel_z_exp: 0.7404
      Episode_Reward/feet_air_time: 0.0052
Episode_Reward/feet_air_time_variance: -0.1288
         Episode_Reward/feet_slide: -0.0429
     Episode_Reward/feet_clearance: 0.8188
Episode_Reward/feet_distance_y_exp: 0.9029
   Episode_Reward/feet_landing_vel: -0.0016
 Episode_Reward/joint_vel_wheel_l2: -0.0048
 Episode_Reward/joint_acc_wheel_l2: -0.0001
Episode_Reward/joint_torques_wheel_l2: -0.0000
Episode_Reward/bipedal_gait_reward: -0.8843
Episode_Reward/feet_distance_penalize: -0.0288
        Episode_Reward/stop_motion: -0.0768
  Episode_Reward/action_smoothness: -0.3871
       Episode_Reward/lazy_penalty: -0.0650
         Episode_Reward/keep_alive: 0.0682
Episode_Reward/joint_deviation_hip: -0.0136
Episode_Reward/joint_deviation_ankle: -0.0264
Episode_Reward/joint_deviation_legs: -0.0061
Episode_Reward/body_orientation_l2: -0.0453
 Episode_Reward/ankle_torque_limit: -0.0022
Episode_Reward/penalize_hip_roll_action: -0.2633
Episode_Reward/feet_impact_reduction: -0.0000
Metrics/base_velocity/error_vel_xy: 0.4836
Metrics/base_velocity/error_vel_yaw: 0.4044
      Episode_Termination/time_out: 0.0903
Episode_Termination/terrain_out_of_bounds: 0.0000
Episode_Termination/illegal_contact: 0.9097
--------------------------------------------------------------------------------
                   Total timesteps: 20643840
                    Iteration time: 1.71s
                      Time elapsed: 00:06:23
                               ETA: 12:34:01

################################################################################
                     [1m Learning iteration 210/25000 [0m                     

                       Computation: 53471 steps/s (collection: 1.307s, learning 0.532s)
             Mean action noise std: 0.53
          Mean value_function loss: 0.7353
               Mean surrogate loss: -0.0029
                 Mean entropy loss: 7.3835
                Mean priv_reg loss: 0.3649
                Mean amp/loss loss: 0.4361
            Mean amp/grad_pen loss: 0.1922
         Mean amp/policy_pred loss: -0.3742
         Mean amp/expert_pred loss: 0.3709
                       Mean reward: 10.71
               Mean episode length: 371.71
      Episode_Reward/is_terminated: -0.1840
       Episode_Reward/lin_vel_z_l2: -0.0495
      Episode_Reward/ang_vel_xy_l2: -0.0747
Episode_Reward/flat_orientation_l2: -0.0744
     Episode_Reward/base_height_l2: -0.0181
   Episode_Reward/joint_torques_l2: -0.0098
       Episode_Reward/joint_vel_l2: -0.0004
       Episode_Reward/joint_acc_l2: -0.0177
   Episode_Reward/joint_pos_limits: -0.0003
        Episode_Reward/joint_power: -0.0009
        Episode_Reward/stand_still: -0.0326
     Episode_Reward/action_rate_l2: -0.2750
 Episode_Reward/undesired_contacts: -0.0108
Episode_Reward/track_lin_vel_xy_exp: 0.8734
Episode_Reward/track_ang_vel_z_exp: 0.6166
      Episode_Reward/feet_air_time: 0.0047
Episode_Reward/feet_air_time_variance: -0.1037
         Episode_Reward/feet_slide: -0.0381
     Episode_Reward/feet_clearance: 0.6759
Episode_Reward/feet_distance_y_exp: 0.7594
   Episode_Reward/feet_landing_vel: -0.0015
 Episode_Reward/joint_vel_wheel_l2: -0.0042
 Episode_Reward/joint_acc_wheel_l2: -0.0001
Episode_Reward/joint_torques_wheel_l2: -0.0000
Episode_Reward/bipedal_gait_reward: -0.7346
Episode_Reward/feet_distance_penalize: -0.0204
        Episode_Reward/stop_motion: -0.0729
  Episode_Reward/action_smoothness: -0.3292
       Episode_Reward/lazy_penalty: -0.0524
         Episode_Reward/keep_alive: 0.0574
Episode_Reward/joint_deviation_hip: -0.0114
Episode_Reward/joint_deviation_ankle: -0.0221
Episode_Reward/joint_deviation_legs: -0.0052
Episode_Reward/body_orientation_l2: -0.0446
 Episode_Reward/ankle_torque_limit: -0.0022
Episode_Reward/penalize_hip_roll_action: -0.2245
Episode_Reward/feet_impact_reduction: -0.0000
Metrics/base_velocity/error_vel_xy: 0.4122
Metrics/base_velocity/error_vel_yaw: 0.3482
      Episode_Termination/time_out: 0.0919
Episode_Termination/terrain_out_of_bounds: 0.0000
Episode_Termination/illegal_contact: 0.9081
--------------------------------------------------------------------------------
                   Total timesteps: 20742144
                    Iteration time: 1.84s
                      Time elapsed: 00:06:25
                               ETA: 12:34:01

################################################################################
                     [1m Learning iteration 211/25000 [0m                     

                       Computation: 53579 steps/s (collection: 1.301s, learning 0.534s)
             Mean action noise std: 0.53
          Mean value_function loss: 0.8511
               Mean surrogate loss: -0.0005
                 Mean entropy loss: 7.3800
                Mean priv_reg loss: 0.3629
                Mean amp/loss loss: 0.4279
            Mean amp/grad_pen loss: 0.1972
         Mean amp/policy_pred loss: -0.3834
         Mean amp/expert_pred loss: 0.3751
                       Mean reward: 17.10
               Mean episode length: 486.84
      Episode_Reward/is_terminated: -0.1723
       Episode_Reward/lin_vel_z_l2: -0.0563
      Episode_Reward/ang_vel_xy_l2: -0.0884
Episode_Reward/flat_orientation_l2: -0.0821
     Episode_Reward/base_height_l2: -0.0204
   Episode_Reward/joint_torques_l2: -0.0125
       Episode_Reward/joint_vel_l2: -0.0005
       Episode_Reward/joint_acc_l2: -0.0211
   Episode_Reward/joint_pos_limits: -0.0003
        Episode_Reward/joint_power: -0.0011
        Episode_Reward/stand_still: -0.0926
     Episode_Reward/action_rate_l2: -0.3458
 Episode_Reward/undesired_contacts: -0.0120
Episode_Reward/track_lin_vel_xy_exp: 1.0437
Episode_Reward/track_ang_vel_z_exp: 0.8438
      Episode_Reward/feet_air_time: 0.0046
Episode_Reward/feet_air_time_variance: -0.1400
         Episode_Reward/feet_slide: -0.0451
     Episode_Reward/feet_clearance: 0.8436
Episode_Reward/feet_distance_y_exp: 0.9649
   Episode_Reward/feet_landing_vel: -0.0015
 Episode_Reward/joint_vel_wheel_l2: -0.0053
 Episode_Reward/joint_acc_wheel_l2: -0.0002
Episode_Reward/joint_torques_wheel_l2: -0.0000
Episode_Reward/bipedal_gait_reward: -0.9101
Episode_Reward/feet_distance_penalize: -0.0222
        Episode_Reward/stop_motion: -0.1017
  Episode_Reward/action_smoothness: -0.4180
       Episode_Reward/lazy_penalty: -0.0660
         Episode_Reward/keep_alive: 0.0729
Episode_Reward/joint_deviation_hip: -0.0142
Episode_Reward/joint_deviation_ankle: -0.0290
Episode_Reward/joint_deviation_legs: -0.0066
Episode_Reward/body_orientation_l2: -0.0493
 Episode_Reward/ankle_torque_limit: -0.0028
Episode_Reward/penalize_hip_roll_action: -0.2798
Episode_Reward/feet_impact_reduction: -0.0000
Metrics/base_velocity/error_vel_xy: 0.5451
Metrics/base_velocity/error_vel_yaw: 0.4087
      Episode_Termination/time_out: 0.0927
Episode_Termination/terrain_out_of_bounds: 0.0000
Episode_Termination/illegal_contact: 0.9073
--------------------------------------------------------------------------------
                   Total timesteps: 20840448
                    Iteration time: 1.83s
                      Time elapsed: 00:06:26
                               ETA: 12:34:00

################################################################################
                     [1m Learning iteration 212/25000 [0m                     

                       Computation: 56113 steps/s (collection: 1.224s, learning 0.528s)
             Mean action noise std: 0.53
          Mean value_function loss: 0.8631
               Mean surrogate loss: -0.0015
                 Mean entropy loss: 7.3834
                Mean priv_reg loss: 0.3691
                Mean amp/loss loss: 0.4427
            Mean amp/grad_pen loss: 0.1860
         Mean amp/policy_pred loss: -0.3710
         Mean amp/expert_pred loss: 0.3609
                       Mean reward: 12.54
               Mean episode length: 434.96
      Episode_Reward/is_terminated: -0.1802
       Episode_Reward/lin_vel_z_l2: -0.0547
      Episode_Reward/ang_vel_xy_l2: -0.0844
Episode_Reward/flat_orientation_l2: -0.0794
     Episode_Reward/base_height_l2: -0.0195
   Episode_Reward/joint_torques_l2: -0.0116
       Episode_Reward/joint_vel_l2: -0.0005
       Episode_Reward/joint_acc_l2: -0.0202
   Episode_Reward/joint_pos_limits: -0.0003
        Episode_Reward/joint_power: -0.0010
        Episode_Reward/stand_still: -0.0287
     Episode_Reward/action_rate_l2: -0.3247
 Episode_Reward/undesired_contacts: -0.0116
Episode_Reward/track_lin_vel_xy_exp: 0.9810
Episode_Reward/track_ang_vel_z_exp: 0.7077
      Episode_Reward/feet_air_time: 0.0052
Episode_Reward/feet_air_time_variance: -0.1251
         Episode_Reward/feet_slide: -0.0434
     Episode_Reward/feet_clearance: 0.8066
Episode_Reward/feet_distance_y_exp: 0.8945
   Episode_Reward/feet_landing_vel: -0.0015
 Episode_Reward/joint_vel_wheel_l2: -0.0050
 Episode_Reward/joint_acc_wheel_l2: -0.0001
Episode_Reward/joint_torques_wheel_l2: -0.0000
Episode_Reward/bipedal_gait_reward: -0.8705
Episode_Reward/feet_distance_penalize: -0.0331
        Episode_Reward/stop_motion: -0.0773
  Episode_Reward/action_smoothness: -0.3888
       Episode_Reward/lazy_penalty: -0.0610
         Episode_Reward/keep_alive: 0.0676
Episode_Reward/joint_deviation_hip: -0.0139
Episode_Reward/joint_deviation_ankle: -0.0265
Episode_Reward/joint_deviation_legs: -0.0062
Episode_Reward/body_orientation_l2: -0.0476
 Episode_Reward/ankle_torque_limit: -0.0032
Episode_Reward/penalize_hip_roll_action: -0.2650
Episode_Reward/feet_impact_reduction: -0.0000
Metrics/base_velocity/error_vel_xy: 0.4991
Metrics/base_velocity/error_vel_yaw: 0.4199
      Episode_Termination/time_out: 0.0952
Episode_Termination/terrain_out_of_bounds: 0.0000
Episode_Termination/illegal_contact: 0.9048
--------------------------------------------------------------------------------
                   Total timesteps: 20938752
                    Iteration time: 1.75s
                      Time elapsed: 00:06:28
                               ETA: 12:33:50

################################################################################
                     [1m Learning iteration 213/25000 [0m                     

                       Computation: 57024 steps/s (collection: 1.199s, learning 0.524s)
             Mean action noise std: 0.53
          Mean value_function loss: 0.9157
               Mean surrogate loss: -0.0021
                 Mean entropy loss: 7.3821
                Mean priv_reg loss: 0.3756
                Mean amp/loss loss: 0.4328
            Mean amp/grad_pen loss: 0.1859
         Mean amp/policy_pred loss: -0.3843
         Mean amp/expert_pred loss: 0.3713
                       Mean reward: 13.99
               Mean episode length: 461.22
      Episode_Reward/is_terminated: -0.1779
       Episode_Reward/lin_vel_z_l2: -0.0608
      Episode_Reward/ang_vel_xy_l2: -0.0943
Episode_Reward/flat_orientation_l2: -0.0815
     Episode_Reward/base_height_l2: -0.0196
   Episode_Reward/joint_torques_l2: -0.0128
       Episode_Reward/joint_vel_l2: -0.0005
       Episode_Reward/joint_acc_l2: -0.0214
   Episode_Reward/joint_pos_limits: -0.0004
        Episode_Reward/joint_power: -0.0011
        Episode_Reward/stand_still: -0.0605
     Episode_Reward/action_rate_l2: -0.3643
 Episode_Reward/undesired_contacts: -0.0115
Episode_Reward/track_lin_vel_xy_exp: 1.1104
Episode_Reward/track_ang_vel_z_exp: 0.8083
      Episode_Reward/feet_air_time: 0.0052
Episode_Reward/feet_air_time_variance: -0.1365
         Episode_Reward/feet_slide: -0.0471
     Episode_Reward/feet_clearance: 0.8774
Episode_Reward/feet_distance_y_exp: 1.0072
   Episode_Reward/feet_landing_vel: -0.0019
 Episode_Reward/joint_vel_wheel_l2: -0.0057
 Episode_Reward/joint_acc_wheel_l2: -0.0002
Episode_Reward/joint_torques_wheel_l2: -0.0000
Episode_Reward/bipedal_gait_reward: -0.9494
Episode_Reward/feet_distance_penalize: -0.0200
        Episode_Reward/stop_motion: -0.0976
  Episode_Reward/action_smoothness: -0.4370
       Episode_Reward/lazy_penalty: -0.0664
         Episode_Reward/keep_alive: 0.0760
Episode_Reward/joint_deviation_hip: -0.0142
Episode_Reward/joint_deviation_ankle: -0.0285
Episode_Reward/joint_deviation_legs: -0.0067
Episode_Reward/body_orientation_l2: -0.0489
 Episode_Reward/ankle_torque_limit: -0.0022
Episode_Reward/penalize_hip_roll_action: -0.2947
Episode_Reward/feet_impact_reduction: -0.0001
Metrics/base_velocity/error_vel_xy: 0.5609
Metrics/base_velocity/error_vel_yaw: 0.4621
      Episode_Termination/time_out: 0.0966
Episode_Termination/terrain_out_of_bounds: 0.0000
Episode_Termination/illegal_contact: 0.9034
--------------------------------------------------------------------------------
                   Total timesteps: 21037056
                    Iteration time: 1.72s
                      Time elapsed: 00:06:30
                               ETA: 12:33:36

################################################################################
                     [1m Learning iteration 214/25000 [0m                     

                       Computation: 51005 steps/s (collection: 1.394s, learning 0.533s)
             Mean action noise std: 0.53
          Mean value_function loss: 0.9417
               Mean surrogate loss: 0.0001
                 Mean entropy loss: 7.3884
                Mean priv_reg loss: 0.3785
                Mean amp/loss loss: 0.4347
            Mean amp/grad_pen loss: 0.1998
         Mean amp/policy_pred loss: -0.3769
         Mean amp/expert_pred loss: 0.3730
                       Mean reward: 12.54
               Mean episode length: 450.98
      Episode_Reward/is_terminated: -0.1792
       Episode_Reward/lin_vel_z_l2: -0.0550
      Episode_Reward/ang_vel_xy_l2: -0.0833
Episode_Reward/flat_orientation_l2: -0.0797
     Episode_Reward/base_height_l2: -0.0188
   Episode_Reward/joint_torques_l2: -0.0115
       Episode_Reward/joint_vel_l2: -0.0005
       Episode_Reward/joint_acc_l2: -0.0196
   Episode_Reward/joint_pos_limits: -0.0003
        Episode_Reward/joint_power: -0.0010
        Episode_Reward/stand_still: -0.0406
     Episode_Reward/action_rate_l2: -0.3254
 Episode_Reward/undesired_contacts: -0.0106
Episode_Reward/track_lin_vel_xy_exp: 0.9336
Episode_Reward/track_ang_vel_z_exp: 0.7043
      Episode_Reward/feet_air_time: 0.0056
Episode_Reward/feet_air_time_variance: -0.1268
         Episode_Reward/feet_slide: -0.0431
     Episode_Reward/feet_clearance: 0.8060
Episode_Reward/feet_distance_y_exp: 0.8987
   Episode_Reward/feet_landing_vel: -0.0018
 Episode_Reward/joint_vel_wheel_l2: -0.0052
 Episode_Reward/joint_acc_wheel_l2: -0.0001
Episode_Reward/joint_torques_wheel_l2: -0.0000
Episode_Reward/bipedal_gait_reward: -0.8681
Episode_Reward/feet_distance_penalize: -0.0271
        Episode_Reward/stop_motion: -0.0632
  Episode_Reward/action_smoothness: -0.3904
       Episode_Reward/lazy_penalty: -0.0605
         Episode_Reward/keep_alive: 0.0679
Episode_Reward/joint_deviation_hip: -0.0132
Episode_Reward/joint_deviation_ankle: -0.0263
Episode_Reward/joint_deviation_legs: -0.0061
Episode_Reward/body_orientation_l2: -0.0478
 Episode_Reward/ankle_torque_limit: -0.0022
Episode_Reward/penalize_hip_roll_action: -0.2654
Episode_Reward/feet_impact_reduction: -0.0000
Metrics/base_velocity/error_vel_xy: 0.5168
Metrics/base_velocity/error_vel_yaw: 0.4239
      Episode_Termination/time_out: 0.0979
Episode_Termination/terrain_out_of_bounds: 0.0000
Episode_Termination/illegal_contact: 0.9021
--------------------------------------------------------------------------------
                   Total timesteps: 21135360
                    Iteration time: 1.93s
                      Time elapsed: 00:06:32
                               ETA: 12:33:46

################################################################################
                     [1m Learning iteration 215/25000 [0m                     

                       Computation: 52768 steps/s (collection: 1.334s, learning 0.529s)
             Mean action noise std: 0.53
          Mean value_function loss: 0.8883
               Mean surrogate loss: -0.0009
                 Mean entropy loss: 7.3932
                Mean priv_reg loss: 0.3883
                Mean amp/loss loss: 0.4428
            Mean amp/grad_pen loss: 0.1889
         Mean amp/policy_pred loss: -0.3734
         Mean amp/expert_pred loss: 0.3592
                       Mean reward: 10.98
               Mean episode length: 441.33
      Episode_Reward/is_terminated: -0.1781
       Episode_Reward/lin_vel_z_l2: -0.0531
      Episode_Reward/ang_vel_xy_l2: -0.0860
Episode_Reward/flat_orientation_l2: -0.0795
     Episode_Reward/base_height_l2: -0.0196
   Episode_Reward/joint_torques_l2: -0.0113
       Episode_Reward/joint_vel_l2: -0.0005
       Episode_Reward/joint_acc_l2: -0.0201
   Episode_Reward/joint_pos_limits: -0.0004
        Episode_Reward/joint_power: -0.0010
        Episode_Reward/stand_still: -0.0529
     Episode_Reward/action_rate_l2: -0.3238
 Episode_Reward/undesired_contacts: -0.0131
Episode_Reward/track_lin_vel_xy_exp: 0.9126
Episode_Reward/track_ang_vel_z_exp: 0.6860
      Episode_Reward/feet_air_time: 0.0055
Episode_Reward/feet_air_time_variance: -0.1221
         Episode_Reward/feet_slide: -0.0426
     Episode_Reward/feet_clearance: 0.7928
Episode_Reward/feet_distance_y_exp: 0.8892
   Episode_Reward/feet_landing_vel: -0.0018
 Episode_Reward/joint_vel_wheel_l2: -0.0052
 Episode_Reward/joint_acc_wheel_l2: -0.0002
Episode_Reward/joint_torques_wheel_l2: -0.0000
Episode_Reward/bipedal_gait_reward: -0.8560
Episode_Reward/feet_distance_penalize: -0.0261
        Episode_Reward/stop_motion: -0.0728
  Episode_Reward/action_smoothness: -0.3897
       Episode_Reward/lazy_penalty: -0.0617
         Episode_Reward/keep_alive: 0.0672
Episode_Reward/joint_deviation_hip: -0.0133
Episode_Reward/joint_deviation_ankle: -0.0255
Episode_Reward/joint_deviation_legs: -0.0060
Episode_Reward/body_orientation_l2: -0.0477
 Episode_Reward/ankle_torque_limit: -0.0027
Episode_Reward/penalize_hip_roll_action: -0.2625
Episode_Reward/feet_impact_reduction: -0.0000
Metrics/base_velocity/error_vel_xy: 0.5193
Metrics/base_velocity/error_vel_yaw: 0.4289
      Episode_Termination/time_out: 0.0992
Episode_Termination/terrain_out_of_bounds: 0.0000
Episode_Termination/illegal_contact: 0.9008
--------------------------------------------------------------------------------
                   Total timesteps: 21233664
                    Iteration time: 1.86s
                      Time elapsed: 00:06:34
                               ETA: 12:33:49

################################################################################
                     [1m Learning iteration 216/25000 [0m                     

                       Computation: 55014 steps/s (collection: 1.249s, learning 0.538s)
             Mean action noise std: 0.53
          Mean value_function loss: 0.9174
               Mean surrogate loss: -0.0016
                 Mean entropy loss: 7.4011
                Mean priv_reg loss: 0.3884
                Mean amp/loss loss: 0.4300
            Mean amp/grad_pen loss: 0.1857
         Mean amp/policy_pred loss: -0.3855
         Mean amp/expert_pred loss: 0.3760
                       Mean reward: 12.80
               Mean episode length: 462.46
      Episode_Reward/is_terminated: -0.1777
       Episode_Reward/lin_vel_z_l2: -0.0557
      Episode_Reward/ang_vel_xy_l2: -0.0859
Episode_Reward/flat_orientation_l2: -0.0817
     Episode_Reward/base_height_l2: -0.0192
   Episode_Reward/joint_torques_l2: -0.0116
       Episode_Reward/joint_vel_l2: -0.0005
       Episode_Reward/joint_acc_l2: -0.0192
   Episode_Reward/joint_pos_limits: -0.0004
        Episode_Reward/joint_power: -0.0010
        Episode_Reward/stand_still: -0.0418
     Episode_Reward/action_rate_l2: -0.3323
 Episode_Reward/undesired_contacts: -0.0113
Episode_Reward/track_lin_vel_xy_exp: 0.8945
Episode_Reward/track_ang_vel_z_exp: 0.7449
      Episode_Reward/feet_air_time: 0.0053
Episode_Reward/feet_air_time_variance: -0.1307
         Episode_Reward/feet_slide: -0.0436
     Episode_Reward/feet_clearance: 0.8172
Episode_Reward/feet_distance_y_exp: 0.9168
   Episode_Reward/feet_landing_vel: -0.0017
 Episode_Reward/joint_vel_wheel_l2: -0.0054
 Episode_Reward/joint_acc_wheel_l2: -0.0001
Episode_Reward/joint_torques_wheel_l2: -0.0000
Episode_Reward/bipedal_gait_reward: -0.8832
Episode_Reward/feet_distance_penalize: -0.0228
        Episode_Reward/stop_motion: -0.0737
  Episode_Reward/action_smoothness: -0.3990
       Episode_Reward/lazy_penalty: -0.0659
         Episode_Reward/keep_alive: 0.0692
Episode_Reward/joint_deviation_hip: -0.0134
Episode_Reward/joint_deviation_ankle: -0.0265
Episode_Reward/joint_deviation_legs: -0.0061
Episode_Reward/body_orientation_l2: -0.0490
 Episode_Reward/ankle_torque_limit: -0.0027
Episode_Reward/penalize_hip_roll_action: -0.2708
Episode_Reward/feet_impact_reduction: -0.0000
Metrics/base_velocity/error_vel_xy: 0.5437
Metrics/base_velocity/error_vel_yaw: 0.4187
      Episode_Termination/time_out: 0.1015
Episode_Termination/terrain_out_of_bounds: 0.0000
Episode_Termination/illegal_contact: 0.8985
--------------------------------------------------------------------------------
                   Total timesteps: 21331968
                    Iteration time: 1.79s
                      Time elapsed: 00:06:35
                               ETA: 12:33:43

################################################################################
                     [1m Learning iteration 217/25000 [0m                     

                       Computation: 48160 steps/s (collection: 1.505s, learning 0.537s)
             Mean action noise std: 0.53
          Mean value_function loss: 0.8963
               Mean surrogate loss: 0.0002
                 Mean entropy loss: 7.4107
                Mean priv_reg loss: 0.3852
                Mean amp/loss loss: 0.4275
            Mean amp/grad_pen loss: 0.1892
         Mean amp/policy_pred loss: -0.3858
         Mean amp/expert_pred loss: 0.3791
                       Mean reward: 14.55
               Mean episode length: 445.80
      Episode_Reward/is_terminated: -0.1851
       Episode_Reward/lin_vel_z_l2: -0.0571
      Episode_Reward/ang_vel_xy_l2: -0.0857
Episode_Reward/flat_orientation_l2: -0.0841
     Episode_Reward/base_height_l2: -0.0198
   Episode_Reward/joint_torques_l2: -0.0119
       Episode_Reward/joint_vel_l2: -0.0005
       Episode_Reward/joint_acc_l2: -0.0192
   Episode_Reward/joint_pos_limits: -0.0005
        Episode_Reward/joint_power: -0.0010
        Episode_Reward/stand_still: -0.0398
     Episode_Reward/action_rate_l2: -0.3298
 Episode_Reward/undesired_contacts: -0.0124
Episode_Reward/track_lin_vel_xy_exp: 1.0103
Episode_Reward/track_ang_vel_z_exp: 0.7160
      Episode_Reward/feet_air_time: 0.0054
Episode_Reward/feet_air_time_variance: -0.1311
         Episode_Reward/feet_slide: -0.0440
     Episode_Reward/feet_clearance: 0.8094
Episode_Reward/feet_distance_y_exp: 0.9077
   Episode_Reward/feet_landing_vel: -0.0016
 Episode_Reward/joint_vel_wheel_l2: -0.0055
 Episode_Reward/joint_acc_wheel_l2: -0.0002
Episode_Reward/joint_torques_wheel_l2: -0.0000
Episode_Reward/bipedal_gait_reward: -0.8738
Episode_Reward/feet_distance_penalize: -0.0232
        Episode_Reward/stop_motion: -0.0813
  Episode_Reward/action_smoothness: -0.3966
       Episode_Reward/lazy_penalty: -0.0629
         Episode_Reward/keep_alive: 0.0685
Episode_Reward/joint_deviation_hip: -0.0133
Episode_Reward/joint_deviation_ankle: -0.0273
Episode_Reward/joint_deviation_legs: -0.0061
Episode_Reward/body_orientation_l2: -0.0505
 Episode_Reward/ankle_torque_limit: -0.0026
Episode_Reward/penalize_hip_roll_action: -0.2688
Episode_Reward/feet_impact_reduction: -0.0000
Metrics/base_velocity/error_vel_xy: 0.5063
Metrics/base_velocity/error_vel_yaw: 0.4263
      Episode_Termination/time_out: 0.1020
Episode_Termination/terrain_out_of_bounds: 0.0000
Episode_Termination/illegal_contact: 0.8980
--------------------------------------------------------------------------------
                   Total timesteps: 21430272
                    Iteration time: 2.04s
                      Time elapsed: 00:06:38
                               ETA: 12:34:06

################################################################################
                     [1m Learning iteration 218/25000 [0m                     

                       Computation: 53376 steps/s (collection: 1.315s, learning 0.527s)
             Mean action noise std: 0.53
          Mean value_function loss: 0.8926
               Mean surrogate loss: -0.0024
                 Mean entropy loss: 7.4164
                Mean priv_reg loss: 0.3888
                Mean amp/loss loss: 0.4364
            Mean amp/grad_pen loss: 0.1900
         Mean amp/policy_pred loss: -0.3711
         Mean amp/expert_pred loss: 0.3725
                       Mean reward: 11.54
               Mean episode length: 475.46
      Episode_Reward/is_terminated: -0.1825
       Episode_Reward/lin_vel_z_l2: -0.0588
      Episode_Reward/ang_vel_xy_l2: -0.0859
Episode_Reward/flat_orientation_l2: -0.0823
     Episode_Reward/base_height_l2: -0.0193
   Episode_Reward/joint_torques_l2: -0.0117
       Episode_Reward/joint_vel_l2: -0.0005
       Episode_Reward/joint_acc_l2: -0.0197
   Episode_Reward/joint_pos_limits: -0.0004
        Episode_Reward/joint_power: -0.0010
        Episode_Reward/stand_still: -0.0337
     Episode_Reward/action_rate_l2: -0.3283
 Episode_Reward/undesired_contacts: -0.0128
Episode_Reward/track_lin_vel_xy_exp: 0.8976
Episode_Reward/track_ang_vel_z_exp: 0.7238
      Episode_Reward/feet_air_time: 0.0057
Episode_Reward/feet_air_time_variance: -0.1274
         Episode_Reward/feet_slide: -0.0439
     Episode_Reward/feet_clearance: 0.8040
Episode_Reward/feet_distance_y_exp: 0.8994
   Episode_Reward/feet_landing_vel: -0.0016
 Episode_Reward/joint_vel_wheel_l2: -0.0055
 Episode_Reward/joint_acc_wheel_l2: -0.0002
Episode_Reward/joint_torques_wheel_l2: -0.0000
Episode_Reward/bipedal_gait_reward: -0.8711
Episode_Reward/feet_distance_penalize: -0.0278
        Episode_Reward/stop_motion: -0.0782
  Episode_Reward/action_smoothness: -0.3940
       Episode_Reward/lazy_penalty: -0.0582
         Episode_Reward/keep_alive: 0.0679
Episode_Reward/joint_deviation_hip: -0.0132
Episode_Reward/joint_deviation_ankle: -0.0262
Episode_Reward/joint_deviation_legs: -0.0060
Episode_Reward/body_orientation_l2: -0.0494
 Episode_Reward/ankle_torque_limit: -0.0027
Episode_Reward/penalize_hip_roll_action: -0.2648
Episode_Reward/feet_impact_reduction: -0.0001
Metrics/base_velocity/error_vel_xy: 0.5257
Metrics/base_velocity/error_vel_yaw: 0.4186
      Episode_Termination/time_out: 0.1021
Episode_Termination/terrain_out_of_bounds: 0.0000
Episode_Termination/illegal_contact: 0.8979
--------------------------------------------------------------------------------
                   Total timesteps: 21528576
                    Iteration time: 1.84s
                      Time elapsed: 00:06:39
                               ETA: 12:34:06

################################################################################
                     [1m Learning iteration 219/25000 [0m                     

                       Computation: 51353 steps/s (collection: 1.381s, learning 0.534s)
             Mean action noise std: 0.53
          Mean value_function loss: 0.9012
               Mean surrogate loss: -0.0030
                 Mean entropy loss: 7.4252
                Mean priv_reg loss: 0.3904
                Mean amp/loss loss: 0.4310
            Mean amp/grad_pen loss: 0.1917
         Mean amp/policy_pred loss: -0.3782
         Mean amp/expert_pred loss: 0.3778
                       Mean reward: 13.90
               Mean episode length: 465.80
      Episode_Reward/is_terminated: -0.1780
       Episode_Reward/lin_vel_z_l2: -0.0577
      Episode_Reward/ang_vel_xy_l2: -0.0897
Episode_Reward/flat_orientation_l2: -0.0867
     Episode_Reward/base_height_l2: -0.0207
   Episode_Reward/joint_torques_l2: -0.0124
       Episode_Reward/joint_vel_l2: -0.0005
       Episode_Reward/joint_acc_l2: -0.0195
   Episode_Reward/joint_pos_limits: -0.0005
        Episode_Reward/joint_power: -0.0011
        Episode_Reward/stand_still: -0.0328
     Episode_Reward/action_rate_l2: -0.3499
 Episode_Reward/undesired_contacts: -0.0134
Episode_Reward/track_lin_vel_xy_exp: 1.0540
Episode_Reward/track_ang_vel_z_exp: 0.7466
      Episode_Reward/feet_air_time: 0.0053
Episode_Reward/feet_air_time_variance: -0.1335
         Episode_Reward/feet_slide: -0.0454
     Episode_Reward/feet_clearance: 0.8704
Episode_Reward/feet_distance_y_exp: 0.9629
   Episode_Reward/feet_landing_vel: -0.0015
 Episode_Reward/joint_vel_wheel_l2: -0.0059
 Episode_Reward/joint_acc_wheel_l2: -0.0001
Episode_Reward/joint_torques_wheel_l2: -0.0000
Episode_Reward/bipedal_gait_reward: -0.9415
Episode_Reward/feet_distance_penalize: -0.0247
        Episode_Reward/stop_motion: -0.0785
  Episode_Reward/action_smoothness: -0.4198
       Episode_Reward/lazy_penalty: -0.0686
         Episode_Reward/keep_alive: 0.0727
Episode_Reward/joint_deviation_hip: -0.0140
Episode_Reward/joint_deviation_ankle: -0.0289
Episode_Reward/joint_deviation_legs: -0.0065
Episode_Reward/body_orientation_l2: -0.0520
 Episode_Reward/ankle_torque_limit: -0.0030
Episode_Reward/penalize_hip_roll_action: -0.2843
Episode_Reward/feet_impact_reduction: -0.0000
Metrics/base_velocity/error_vel_xy: 0.5257
Metrics/base_velocity/error_vel_yaw: 0.4596
      Episode_Termination/time_out: 0.1014
Episode_Termination/terrain_out_of_bounds: 0.0000
Episode_Termination/illegal_contact: 0.8986
--------------------------------------------------------------------------------
                   Total timesteps: 21626880
                    Iteration time: 1.91s
                      Time elapsed: 00:06:41
                               ETA: 12:34:14

################################################################################
                     [1m Learning iteration 220/25000 [0m                     

                       Computation: 50590 steps/s (collection: 1.337s, learning 0.606s)
             Mean action noise std: 0.53
          Mean value_function loss: 1.6284
               Mean surrogate loss: 0.1166
                 Mean entropy loss: 7.4314
                Mean priv_reg loss: 0.4265
                Mean amp/loss loss: 0.4319
            Mean amp/grad_pen loss: 0.1907
         Mean amp/policy_pred loss: -0.3831
         Mean amp/expert_pred loss: 0.3727
             Mean hist_latent loss: 0.4110
                       Mean reward: 14.30
               Mean episode length: 443.90
      Episode_Reward/is_terminated: -0.1766
       Episode_Reward/lin_vel_z_l2: -0.0549
      Episode_Reward/ang_vel_xy_l2: -0.0851
Episode_Reward/flat_orientation_l2: -0.0837
     Episode_Reward/base_height_l2: -0.0196
   Episode_Reward/joint_torques_l2: -0.0122
       Episode_Reward/joint_vel_l2: -0.0005
       Episode_Reward/joint_acc_l2: -0.0195
   Episode_Reward/joint_pos_limits: -0.0002
        Episode_Reward/joint_power: -0.0010
        Episode_Reward/stand_still: -0.0322
     Episode_Reward/action_rate_l2: -0.3413
 Episode_Reward/undesired_contacts: -0.0116
Episode_Reward/track_lin_vel_xy_exp: 1.0406
Episode_Reward/track_ang_vel_z_exp: 0.7382
      Episode_Reward/feet_air_time: 0.0049
Episode_Reward/feet_air_time_variance: -0.1314
         Episode_Reward/feet_slide: -0.0437
     Episode_Reward/feet_clearance: 0.8436
Episode_Reward/feet_distance_y_exp: 0.9379
   Episode_Reward/feet_landing_vel: -0.0016
 Episode_Reward/joint_vel_wheel_l2: -0.0058
 Episode_Reward/joint_acc_wheel_l2: -0.0001
Episode_Reward/joint_torques_wheel_l2: -0.0000
Episode_Reward/bipedal_gait_reward: -0.9098
Episode_Reward/feet_distance_penalize: -0.0276
        Episode_Reward/stop_motion: -0.0739
  Episode_Reward/action_smoothness: -0.4084
       Episode_Reward/lazy_penalty: -0.0669
         Episode_Reward/keep_alive: 0.0708
Episode_Reward/joint_deviation_hip: -0.0137
Episode_Reward/joint_deviation_ankle: -0.0278
Episode_Reward/joint_deviation_legs: -0.0062
Episode_Reward/body_orientation_l2: -0.0502
 Episode_Reward/ankle_torque_limit: -0.0026
Episode_Reward/penalize_hip_roll_action: -0.2755
Episode_Reward/feet_impact_reduction: -0.0001
Metrics/base_velocity/error_vel_xy: 0.5195
Metrics/base_velocity/error_vel_yaw: 0.4389
      Episode_Termination/time_out: 0.1023
Episode_Termination/terrain_out_of_bounds: 0.0000
Episode_Termination/illegal_contact: 0.8977
--------------------------------------------------------------------------------
                   Total timesteps: 21725184
                    Iteration time: 1.94s
                      Time elapsed: 00:06:43
                               ETA: 12:34:25

################################################################################
                     [1m Learning iteration 221/25000 [0m                     

                       Computation: 52692 steps/s (collection: 1.333s, learning 0.532s)
             Mean action noise std: 0.54
          Mean value_function loss: 1.1325
               Mean surrogate loss: -0.0017
                 Mean entropy loss: 7.4390
                Mean priv_reg loss: 0.3960
                Mean amp/loss loss: 0.4309
            Mean amp/grad_pen loss: 0.1914
         Mean amp/policy_pred loss: -0.3855
         Mean amp/expert_pred loss: 0.3707
                       Mean reward: 11.29
               Mean episode length: 449.56
      Episode_Reward/is_terminated: -0.1782
       Episode_Reward/lin_vel_z_l2: -0.0599
      Episode_Reward/ang_vel_xy_l2: -0.0898
Episode_Reward/flat_orientation_l2: -0.0781
     Episode_Reward/base_height_l2: -0.0182
   Episode_Reward/joint_torques_l2: -0.0122
       Episode_Reward/joint_vel_l2: -0.0005
       Episode_Reward/joint_acc_l2: -0.0203
   Episode_Reward/joint_pos_limits: -0.0004
        Episode_Reward/joint_power: -0.0011
        Episode_Reward/stand_still: -0.0782
     Episode_Reward/action_rate_l2: -0.3427
 Episode_Reward/undesired_contacts: -0.0101
Episode_Reward/track_lin_vel_xy_exp: 1.0268
Episode_Reward/track_ang_vel_z_exp: 0.7576
      Episode_Reward/feet_air_time: 0.0051
Episode_Reward/feet_air_time_variance: -0.1310
         Episode_Reward/feet_slide: -0.0448
     Episode_Reward/feet_clearance: 0.8151
Episode_Reward/feet_distance_y_exp: 0.9377
   Episode_Reward/feet_landing_vel: -0.0018
 Episode_Reward/joint_vel_wheel_l2: -0.0060
 Episode_Reward/joint_acc_wheel_l2: -0.0001
Episode_Reward/joint_torques_wheel_l2: -0.0000
Episode_Reward/bipedal_gait_reward: -0.8782
Episode_Reward/feet_distance_penalize: -0.0242
        Episode_Reward/stop_motion: -0.0940
  Episode_Reward/action_smoothness: -0.4100
       Episode_Reward/lazy_penalty: -0.0581
         Episode_Reward/keep_alive: 0.0708
Episode_Reward/joint_deviation_hip: -0.0136
Episode_Reward/joint_deviation_ankle: -0.0270
Episode_Reward/joint_deviation_legs: -0.0060
Episode_Reward/body_orientation_l2: -0.0468
 Episode_Reward/ankle_torque_limit: -0.0035
Episode_Reward/penalize_hip_roll_action: -0.2775
Episode_Reward/feet_impact_reduction: -0.0001
Metrics/base_velocity/error_vel_xy: 0.5205
Metrics/base_velocity/error_vel_yaw: 0.4329
      Episode_Termination/time_out: 0.1052
Episode_Termination/terrain_out_of_bounds: 0.0000
Episode_Termination/illegal_contact: 0.8948
--------------------------------------------------------------------------------
                   Total timesteps: 21823488
                    Iteration time: 1.87s
                      Time elapsed: 00:06:45
                               ETA: 12:34:28

################################################################################
                     [1m Learning iteration 222/25000 [0m                     

                       Computation: 54811 steps/s (collection: 1.269s, learning 0.525s)
             Mean action noise std: 0.54
          Mean value_function loss: 0.9347
               Mean surrogate loss: -0.0031
                 Mean entropy loss: 7.4546
                Mean priv_reg loss: 0.3888
                Mean amp/loss loss: 0.4254
            Mean amp/grad_pen loss: 0.1850
         Mean amp/policy_pred loss: -0.3856
         Mean amp/expert_pred loss: 0.3847
                       Mean reward: 11.94
               Mean episode length: 435.53
      Episode_Reward/is_terminated: -0.1843
       Episode_Reward/lin_vel_z_l2: -0.0531
      Episode_Reward/ang_vel_xy_l2: -0.0797
Episode_Reward/flat_orientation_l2: -0.0800
     Episode_Reward/base_height_l2: -0.0184
   Episode_Reward/joint_torques_l2: -0.0102
       Episode_Reward/joint_vel_l2: -0.0004
       Episode_Reward/joint_acc_l2: -0.0183
   Episode_Reward/joint_pos_limits: -0.0005
        Episode_Reward/joint_power: -0.0009
        Episode_Reward/stand_still: -0.0337
     Episode_Reward/action_rate_l2: -0.2929
 Episode_Reward/undesired_contacts: -0.0117
Episode_Reward/track_lin_vel_xy_exp: 0.8476
Episode_Reward/track_ang_vel_z_exp: 0.6205
      Episode_Reward/feet_air_time: 0.0055
Episode_Reward/feet_air_time_variance: -0.1144
         Episode_Reward/feet_slide: -0.0406
     Episode_Reward/feet_clearance: 0.7107
Episode_Reward/feet_distance_y_exp: 0.7992
   Episode_Reward/feet_landing_vel: -0.0015
 Episode_Reward/joint_vel_wheel_l2: -0.0052
 Episode_Reward/joint_acc_wheel_l2: -0.0001
Episode_Reward/joint_torques_wheel_l2: -0.0000
Episode_Reward/bipedal_gait_reward: -0.7689
Episode_Reward/feet_distance_penalize: -0.0263
        Episode_Reward/stop_motion: -0.0692
  Episode_Reward/action_smoothness: -0.3496
       Episode_Reward/lazy_penalty: -0.0520
         Episode_Reward/keep_alive: 0.0604
Episode_Reward/joint_deviation_hip: -0.0119
Episode_Reward/joint_deviation_ankle: -0.0227
Episode_Reward/joint_deviation_legs: -0.0053
Episode_Reward/body_orientation_l2: -0.0480
 Episode_Reward/ankle_torque_limit: -0.0035
Episode_Reward/penalize_hip_roll_action: -0.2379
Episode_Reward/feet_impact_reduction: -0.0000
Metrics/base_velocity/error_vel_xy: 0.4661
Metrics/base_velocity/error_vel_yaw: 0.3843
      Episode_Termination/time_out: 0.1040
Episode_Termination/terrain_out_of_bounds: 0.0000
Episode_Termination/illegal_contact: 0.8960
--------------------------------------------------------------------------------
                   Total timesteps: 21921792
                    Iteration time: 1.79s
                      Time elapsed: 00:06:47
                               ETA: 12:34:22

################################################################################
                     [1m Learning iteration 223/25000 [0m                     

                       Computation: 52798 steps/s (collection: 1.330s, learning 0.532s)
             Mean action noise std: 0.54
          Mean value_function loss: 0.8746
               Mean surrogate loss: -0.0029
                 Mean entropy loss: 7.4755
                Mean priv_reg loss: 0.3879
                Mean amp/loss loss: 0.4294
            Mean amp/grad_pen loss: 0.1934
         Mean amp/policy_pred loss: -0.3847
         Mean amp/expert_pred loss: 0.3765
                       Mean reward: 12.27
               Mean episode length: 463.12
      Episode_Reward/is_terminated: -0.1787
       Episode_Reward/lin_vel_z_l2: -0.0570
      Episode_Reward/ang_vel_xy_l2: -0.0847
Episode_Reward/flat_orientation_l2: -0.0831
     Episode_Reward/base_height_l2: -0.0191
   Episode_Reward/joint_torques_l2: -0.0116
       Episode_Reward/joint_vel_l2: -0.0005
       Episode_Reward/joint_acc_l2: -0.0199
   Episode_Reward/joint_pos_limits: -0.0006
        Episode_Reward/joint_power: -0.0010
        Episode_Reward/stand_still: -0.0525
     Episode_Reward/action_rate_l2: -0.3228
 Episode_Reward/undesired_contacts: -0.0106
Episode_Reward/track_lin_vel_xy_exp: 0.9136
Episode_Reward/track_ang_vel_z_exp: 0.7103
      Episode_Reward/feet_air_time: 0.0054
Episode_Reward/feet_air_time_variance: -0.1307
         Episode_Reward/feet_slide: -0.0429
     Episode_Reward/feet_clearance: 0.7846
Episode_Reward/feet_distance_y_exp: 0.8844
   Episode_Reward/feet_landing_vel: -0.0016
 Episode_Reward/joint_vel_wheel_l2: -0.0057
 Episode_Reward/joint_acc_wheel_l2: -0.0001
Episode_Reward/joint_torques_wheel_l2: -0.0000
Episode_Reward/bipedal_gait_reward: -0.8474
Episode_Reward/feet_distance_penalize: -0.0264
        Episode_Reward/stop_motion: -0.0833
  Episode_Reward/action_smoothness: -0.3876
       Episode_Reward/lazy_penalty: -0.0563
         Episode_Reward/keep_alive: 0.0668
Episode_Reward/joint_deviation_hip: -0.0131
Episode_Reward/joint_deviation_ankle: -0.0265
Episode_Reward/joint_deviation_legs: -0.0059
Episode_Reward/body_orientation_l2: -0.0498
 Episode_Reward/ankle_torque_limit: -0.0029
Episode_Reward/penalize_hip_roll_action: -0.2599
Episode_Reward/feet_impact_reduction: -0.0000
Metrics/base_velocity/error_vel_xy: 0.5077
Metrics/base_velocity/error_vel_yaw: 0.4109
      Episode_Termination/time_out: 0.1036
Episode_Termination/terrain_out_of_bounds: 0.0000
Episode_Termination/illegal_contact: 0.8964
--------------------------------------------------------------------------------
                   Total timesteps: 22020096
                    Iteration time: 1.86s
                      Time elapsed: 00:06:49
                               ETA: 12:34:24

################################################################################
                     [1m Learning iteration 224/25000 [0m                     

                       Computation: 52247 steps/s (collection: 1.340s, learning 0.541s)
             Mean action noise std: 0.54
          Mean value_function loss: 0.8688
               Mean surrogate loss: -0.0012
                 Mean entropy loss: 7.4813
                Mean priv_reg loss: 0.3858
                Mean amp/loss loss: 0.4309
            Mean amp/grad_pen loss: 0.1893
         Mean amp/policy_pred loss: -0.3826
         Mean amp/expert_pred loss: 0.3757
                       Mean reward: 16.41
               Mean episode length: 524.32
      Episode_Reward/is_terminated: -0.1630
       Episode_Reward/lin_vel_z_l2: -0.0579
      Episode_Reward/ang_vel_xy_l2: -0.0895
Episode_Reward/flat_orientation_l2: -0.0843
     Episode_Reward/base_height_l2: -0.0194
   Episode_Reward/joint_torques_l2: -0.0131
       Episode_Reward/joint_vel_l2: -0.0005
       Episode_Reward/joint_acc_l2: -0.0211
   Episode_Reward/joint_pos_limits: -0.0004
        Episode_Reward/joint_power: -0.0011
        Episode_Reward/stand_still: -0.0680
     Episode_Reward/action_rate_l2: -0.3639
 Episode_Reward/undesired_contacts: -0.0105
Episode_Reward/track_lin_vel_xy_exp: 1.0275
Episode_Reward/track_ang_vel_z_exp: 0.7953
      Episode_Reward/feet_air_time: 0.0051
Episode_Reward/feet_air_time_variance: -0.1437
         Episode_Reward/feet_slide: -0.0458
     Episode_Reward/feet_clearance: 0.8810
Episode_Reward/feet_distance_y_exp: 0.9974
   Episode_Reward/feet_landing_vel: -0.0017
 Episode_Reward/joint_vel_wheel_l2: -0.0065
 Episode_Reward/joint_acc_wheel_l2: -0.0002
Episode_Reward/joint_torques_wheel_l2: -0.0000
Episode_Reward/bipedal_gait_reward: -0.9516
Episode_Reward/feet_distance_penalize: -0.0243
        Episode_Reward/stop_motion: -0.0888
  Episode_Reward/action_smoothness: -0.4357
       Episode_Reward/lazy_penalty: -0.0645
         Episode_Reward/keep_alive: 0.0753
Episode_Reward/joint_deviation_hip: -0.0147
Episode_Reward/joint_deviation_ankle: -0.0300
Episode_Reward/joint_deviation_legs: -0.0066
Episode_Reward/body_orientation_l2: -0.0506
 Episode_Reward/ankle_torque_limit: -0.0032
Episode_Reward/penalize_hip_roll_action: -0.2922
Episode_Reward/feet_impact_reduction: -0.0001
Metrics/base_velocity/error_vel_xy: 0.5724
Metrics/base_velocity/error_vel_yaw: 0.4621
      Episode_Termination/time_out: 0.1091
Episode_Termination/terrain_out_of_bounds: 0.0000
Episode_Termination/illegal_contact: 0.8909
--------------------------------------------------------------------------------
                   Total timesteps: 22118400
                    Iteration time: 1.88s
                      Time elapsed: 00:06:51
                               ETA: 12:34:28

################################################################################
                     [1m Learning iteration 225/25000 [0m                     

                       Computation: 54083 steps/s (collection: 1.271s, learning 0.547s)
             Mean action noise std: 0.54
          Mean value_function loss: 0.7962
               Mean surrogate loss: -0.0023
                 Mean entropy loss: 7.4850
                Mean priv_reg loss: 0.3811
                Mean amp/loss loss: 0.4380
            Mean amp/grad_pen loss: 0.1854
         Mean amp/policy_pred loss: -0.3738
         Mean amp/expert_pred loss: 0.3688
                       Mean reward: 13.15
               Mean episode length: 441.66
      Episode_Reward/is_terminated: -0.1779
       Episode_Reward/lin_vel_z_l2: -0.0533
      Episode_Reward/ang_vel_xy_l2: -0.0789
Episode_Reward/flat_orientation_l2: -0.0793
     Episode_Reward/base_height_l2: -0.0181
   Episode_Reward/joint_torques_l2: -0.0112
       Episode_Reward/joint_vel_l2: -0.0004
       Episode_Reward/joint_acc_l2: -0.0189
   Episode_Reward/joint_pos_limits: -0.0004
        Episode_Reward/joint_power: -0.0010
        Episode_Reward/stand_still: -0.0149
     Episode_Reward/action_rate_l2: -0.3098
 Episode_Reward/undesired_contacts: -0.0095
Episode_Reward/track_lin_vel_xy_exp: 0.8880
Episode_Reward/track_ang_vel_z_exp: 0.6945
      Episode_Reward/feet_air_time: 0.0046
Episode_Reward/feet_air_time_variance: -0.1187
         Episode_Reward/feet_slide: -0.0416
     Episode_Reward/feet_clearance: 0.7640
Episode_Reward/feet_distance_y_exp: 0.8428
   Episode_Reward/feet_landing_vel: -0.0017
 Episode_Reward/joint_vel_wheel_l2: -0.0055
 Episode_Reward/joint_acc_wheel_l2: -0.0002
Episode_Reward/joint_torques_wheel_l2: -0.0000
Episode_Reward/bipedal_gait_reward: -0.8243
Episode_Reward/feet_distance_penalize: -0.0189
        Episode_Reward/stop_motion: -0.0699
  Episode_Reward/action_smoothness: -0.3708
       Episode_Reward/lazy_penalty: -0.0540
         Episode_Reward/keep_alive: 0.0637
Episode_Reward/joint_deviation_hip: -0.0126
Episode_Reward/joint_deviation_ankle: -0.0255
Episode_Reward/joint_deviation_legs: -0.0056
Episode_Reward/body_orientation_l2: -0.0476
 Episode_Reward/ankle_torque_limit: -0.0030
Episode_Reward/penalize_hip_roll_action: -0.2474
Episode_Reward/feet_impact_reduction: -0.0000
Metrics/base_velocity/error_vel_xy: 0.4863
Metrics/base_velocity/error_vel_yaw: 0.3831
      Episode_Termination/time_out: 0.1129
Episode_Termination/terrain_out_of_bounds: 0.0000
Episode_Termination/illegal_contact: 0.8871
--------------------------------------------------------------------------------
                   Total timesteps: 22216704
                    Iteration time: 1.82s
                      Time elapsed: 00:06:52
                               ETA: 12:34:25

################################################################################
                     [1m Learning iteration 226/25000 [0m                     

                       Computation: 54672 steps/s (collection: 1.258s, learning 0.540s)
             Mean action noise std: 0.54
          Mean value_function loss: 0.8260
               Mean surrogate loss: -0.0029
                 Mean entropy loss: 7.4694
                Mean priv_reg loss: 0.3803
                Mean amp/loss loss: 0.4293
            Mean amp/grad_pen loss: 0.1888
         Mean amp/policy_pred loss: -0.3855
         Mean amp/expert_pred loss: 0.3757
                       Mean reward: 11.90
               Mean episode length: 408.54
      Episode_Reward/is_terminated: -0.1705
       Episode_Reward/lin_vel_z_l2: -0.0535
      Episode_Reward/ang_vel_xy_l2: -0.0801
Episode_Reward/flat_orientation_l2: -0.0785
     Episode_Reward/base_height_l2: -0.0187
   Episode_Reward/joint_torques_l2: -0.0117
       Episode_Reward/joint_vel_l2: -0.0005
       Episode_Reward/joint_acc_l2: -0.0192
   Episode_Reward/joint_pos_limits: -0.0004
        Episode_Reward/joint_power: -0.0010
        Episode_Reward/stand_still: -0.0288
     Episode_Reward/action_rate_l2: -0.3194
 Episode_Reward/undesired_contacts: -0.0100
Episode_Reward/track_lin_vel_xy_exp: 0.9189
Episode_Reward/track_ang_vel_z_exp: 0.6696
      Episode_Reward/feet_air_time: 0.0044
Episode_Reward/feet_air_time_variance: -0.1192
         Episode_Reward/feet_slide: -0.0421
     Episode_Reward/feet_clearance: 0.7822
Episode_Reward/feet_distance_y_exp: 0.8690
   Episode_Reward/feet_landing_vel: -0.0016
 Episode_Reward/joint_vel_wheel_l2: -0.0057
 Episode_Reward/joint_acc_wheel_l2: -0.0002
Episode_Reward/joint_torques_wheel_l2: -0.0000
Episode_Reward/bipedal_gait_reward: -0.8505
Episode_Reward/feet_distance_penalize: -0.0155
        Episode_Reward/stop_motion: -0.0533
  Episode_Reward/action_smoothness: -0.3817
       Episode_Reward/lazy_penalty: -0.0538
         Episode_Reward/keep_alive: 0.0656
Episode_Reward/joint_deviation_hip: -0.0128
Episode_Reward/joint_deviation_ankle: -0.0258
Episode_Reward/joint_deviation_legs: -0.0059
Episode_Reward/body_orientation_l2: -0.0471
 Episode_Reward/ankle_torque_limit: -0.0029
Episode_Reward/penalize_hip_roll_action: -0.2534
Episode_Reward/feet_impact_reduction: -0.0000
Metrics/base_velocity/error_vel_xy: 0.4889
Metrics/base_velocity/error_vel_yaw: 0.4194
      Episode_Termination/time_out: 0.1121
Episode_Termination/terrain_out_of_bounds: 0.0000
Episode_Termination/illegal_contact: 0.8879
--------------------------------------------------------------------------------
                   Total timesteps: 22315008
                    Iteration time: 1.80s
                      Time elapsed: 00:06:54
                               ETA: 12:34:20

################################################################################
                     [1m Learning iteration 227/25000 [0m                     

                       Computation: 52869 steps/s (collection: 1.313s, learning 0.546s)
             Mean action noise std: 0.54
          Mean value_function loss: 0.6167
               Mean surrogate loss: -0.0022
                 Mean entropy loss: 7.4672
                Mean priv_reg loss: 0.3772
                Mean amp/loss loss: 0.4338
            Mean amp/grad_pen loss: 0.1903
         Mean amp/policy_pred loss: -0.3804
         Mean amp/expert_pred loss: 0.3724
                       Mean reward: 15.60
               Mean episode length: 504.19
      Episode_Reward/is_terminated: -0.1678
       Episode_Reward/lin_vel_z_l2: -0.0560
      Episode_Reward/ang_vel_xy_l2: -0.0836
Episode_Reward/flat_orientation_l2: -0.0792
     Episode_Reward/base_height_l2: -0.0181
   Episode_Reward/joint_torques_l2: -0.0118
       Episode_Reward/joint_vel_l2: -0.0005
       Episode_Reward/joint_acc_l2: -0.0203
   Episode_Reward/joint_pos_limits: -0.0004
        Episode_Reward/joint_power: -0.0010
        Episode_Reward/stand_still: -0.0292
     Episode_Reward/action_rate_l2: -0.3353
 Episode_Reward/undesired_contacts: -0.0105
Episode_Reward/track_lin_vel_xy_exp: 0.9262
Episode_Reward/track_ang_vel_z_exp: 0.7268
      Episode_Reward/feet_air_time: 0.0056
Episode_Reward/feet_air_time_variance: -0.1269
         Episode_Reward/feet_slide: -0.0436
     Episode_Reward/feet_clearance: 0.8240
Episode_Reward/feet_distance_y_exp: 0.9126
   Episode_Reward/feet_landing_vel: -0.0018
 Episode_Reward/joint_vel_wheel_l2: -0.0061
 Episode_Reward/joint_acc_wheel_l2: -0.0002
Episode_Reward/joint_torques_wheel_l2: -0.0000
Episode_Reward/bipedal_gait_reward: -0.8897
Episode_Reward/feet_distance_penalize: -0.0195
        Episode_Reward/stop_motion: -0.0745
  Episode_Reward/action_smoothness: -0.4016
       Episode_Reward/lazy_penalty: -0.0568
         Episode_Reward/keep_alive: 0.0689
Episode_Reward/joint_deviation_hip: -0.0129
Episode_Reward/joint_deviation_ankle: -0.0261
Episode_Reward/joint_deviation_legs: -0.0059
Episode_Reward/body_orientation_l2: -0.0475
 Episode_Reward/ankle_torque_limit: -0.0024
Episode_Reward/penalize_hip_roll_action: -0.2676
Episode_Reward/feet_impact_reduction: -0.0000
Metrics/base_velocity/error_vel_xy: 0.5324
Metrics/base_velocity/error_vel_yaw: 0.4261
      Episode_Termination/time_out: 0.1118
Episode_Termination/terrain_out_of_bounds: 0.0000
Episode_Termination/illegal_contact: 0.8882
--------------------------------------------------------------------------------
                   Total timesteps: 22413312
                    Iteration time: 1.86s
                      Time elapsed: 00:06:56
                               ETA: 12:34:22

################################################################################
                     [1m Learning iteration 228/25000 [0m                     

                       Computation: 51039 steps/s (collection: 1.394s, learning 0.532s)
             Mean action noise std: 0.54
          Mean value_function loss: 0.7226
               Mean surrogate loss: -0.0030
                 Mean entropy loss: 7.4460
                Mean priv_reg loss: 0.3820
                Mean amp/loss loss: 0.4290
            Mean amp/grad_pen loss: 0.1859
         Mean amp/policy_pred loss: -0.3859
         Mean amp/expert_pred loss: 0.3773
                       Mean reward: 10.50
               Mean episode length: 418.43
      Episode_Reward/is_terminated: -0.1783
       Episode_Reward/lin_vel_z_l2: -0.0553
      Episode_Reward/ang_vel_xy_l2: -0.0792
Episode_Reward/flat_orientation_l2: -0.0793
     Episode_Reward/base_height_l2: -0.0185
   Episode_Reward/joint_torques_l2: -0.0111
       Episode_Reward/joint_vel_l2: -0.0004
       Episode_Reward/joint_acc_l2: -0.0183
   Episode_Reward/joint_pos_limits: -0.0003
        Episode_Reward/joint_power: -0.0010
        Episode_Reward/stand_still: -0.0545
     Episode_Reward/action_rate_l2: -0.3071
 Episode_Reward/undesired_contacts: -0.0103
Episode_Reward/track_lin_vel_xy_exp: 0.8789
Episode_Reward/track_ang_vel_z_exp: 0.6819
      Episode_Reward/feet_air_time: 0.0049
Episode_Reward/feet_air_time_variance: -0.1170
         Episode_Reward/feet_slide: -0.0417
     Episode_Reward/feet_clearance: 0.7337
Episode_Reward/feet_distance_y_exp: 0.8306
   Episode_Reward/feet_landing_vel: -0.0017
 Episode_Reward/joint_vel_wheel_l2: -0.0056
 Episode_Reward/joint_acc_wheel_l2: -0.0002
Episode_Reward/joint_torques_wheel_l2: -0.0000
Episode_Reward/bipedal_gait_reward: -0.7948
Episode_Reward/feet_distance_penalize: -0.0203
        Episode_Reward/stop_motion: -0.0854
  Episode_Reward/action_smoothness: -0.3662
       Episode_Reward/lazy_penalty: -0.0493
         Episode_Reward/keep_alive: 0.0627
Episode_Reward/joint_deviation_hip: -0.0121
Episode_Reward/joint_deviation_ankle: -0.0245
Episode_Reward/joint_deviation_legs: -0.0055
Episode_Reward/body_orientation_l2: -0.0476
 Episode_Reward/ankle_torque_limit: -0.0029
Episode_Reward/penalize_hip_roll_action: -0.2446
Episode_Reward/feet_impact_reduction: -0.0000
Metrics/base_velocity/error_vel_xy: 0.4736
Metrics/base_velocity/error_vel_yaw: 0.3771
      Episode_Termination/time_out: 0.1124
Episode_Termination/terrain_out_of_bounds: 0.0000
Episode_Termination/illegal_contact: 0.8876
--------------------------------------------------------------------------------
                   Total timesteps: 22511616
                    Iteration time: 1.93s
                      Time elapsed: 00:06:58
                               ETA: 12:34:31

################################################################################
                     [1m Learning iteration 229/25000 [0m                     

                       Computation: 56947 steps/s (collection: 1.193s, learning 0.534s)
             Mean action noise std: 0.54
          Mean value_function loss: 0.6405
               Mean surrogate loss: -0.0027
                 Mean entropy loss: 7.4279
                Mean priv_reg loss: 0.3816
                Mean amp/loss loss: 0.4245
            Mean amp/grad_pen loss: 0.1885
         Mean amp/policy_pred loss: -0.3872
         Mean amp/expert_pred loss: 0.3854
                       Mean reward: 7.02
               Mean episode length: 363.56
      Episode_Reward/is_terminated: -0.1934
       Episode_Reward/lin_vel_z_l2: -0.0554
      Episode_Reward/ang_vel_xy_l2: -0.0766
Episode_Reward/flat_orientation_l2: -0.0792
     Episode_Reward/base_height_l2: -0.0195
   Episode_Reward/joint_torques_l2: -0.0098
       Episode_Reward/joint_vel_l2: -0.0004
       Episode_Reward/joint_acc_l2: -0.0167
   Episode_Reward/joint_pos_limits: -0.0005
        Episode_Reward/joint_power: -0.0009
        Episode_Reward/stand_still: -0.0189
     Episode_Reward/action_rate_l2: -0.2771
 Episode_Reward/undesired_contacts: -0.0123
Episode_Reward/track_lin_vel_xy_exp: 0.6919
Episode_Reward/track_ang_vel_z_exp: 0.5660
      Episode_Reward/feet_air_time: 0.0044
Episode_Reward/feet_air_time_variance: -0.1081
         Episode_Reward/feet_slide: -0.0400
     Episode_Reward/feet_clearance: 0.6711
Episode_Reward/feet_distance_y_exp: 0.7472
   Episode_Reward/feet_landing_vel: -0.0016
 Episode_Reward/joint_vel_wheel_l2: -0.0050
 Episode_Reward/joint_acc_wheel_l2: -0.0001
Episode_Reward/joint_torques_wheel_l2: -0.0000
Episode_Reward/bipedal_gait_reward: -0.7263
Episode_Reward/feet_distance_penalize: -0.0191
        Episode_Reward/stop_motion: -0.0460
  Episode_Reward/action_smoothness: -0.3317
       Episode_Reward/lazy_penalty: -0.0495
         Episode_Reward/keep_alive: 0.0564
Episode_Reward/joint_deviation_hip: -0.0108
Episode_Reward/joint_deviation_ankle: -0.0227
Episode_Reward/joint_deviation_legs: -0.0050
Episode_Reward/body_orientation_l2: -0.0475
 Episode_Reward/ankle_torque_limit: -0.0030
Episode_Reward/penalize_hip_roll_action: -0.2212
Episode_Reward/feet_impact_reduction: -0.0000
Metrics/base_velocity/error_vel_xy: 0.4714
Metrics/base_velocity/error_vel_yaw: 0.3693
      Episode_Termination/time_out: 0.1097
Episode_Termination/terrain_out_of_bounds: 0.0000
Episode_Termination/illegal_contact: 0.8903
--------------------------------------------------------------------------------
                   Total timesteps: 22609920
                    Iteration time: 1.73s
                      Time elapsed: 00:07:00
                               ETA: 12:34:18

################################################################################
                     [1m Learning iteration 230/25000 [0m                     

                       Computation: 59769 steps/s (collection: 1.115s, learning 0.530s)
             Mean action noise std: 0.54
          Mean value_function loss: 0.6746
               Mean surrogate loss: -0.0017
                 Mean entropy loss: 7.4184
                Mean priv_reg loss: 0.3818
                Mean amp/loss loss: 0.4174
            Mean amp/grad_pen loss: 0.1908
         Mean amp/policy_pred loss: -0.3979
         Mean amp/expert_pred loss: 0.3890
                       Mean reward: 10.62
               Mean episode length: 441.02
      Episode_Reward/is_terminated: -0.1702
       Episode_Reward/lin_vel_z_l2: -0.0584
      Episode_Reward/ang_vel_xy_l2: -0.0874
Episode_Reward/flat_orientation_l2: -0.0822
     Episode_Reward/base_height_l2: -0.0192
   Episode_Reward/joint_torques_l2: -0.0125
       Episode_Reward/joint_vel_l2: -0.0005
       Episode_Reward/joint_acc_l2: -0.0192
   Episode_Reward/joint_pos_limits: -0.0003
        Episode_Reward/joint_power: -0.0011
        Episode_Reward/stand_still: -0.0203
     Episode_Reward/action_rate_l2: -0.3490
 Episode_Reward/undesired_contacts: -0.0109
Episode_Reward/track_lin_vel_xy_exp: 0.9449
Episode_Reward/track_ang_vel_z_exp: 0.7394
      Episode_Reward/feet_air_time: 0.0048
Episode_Reward/feet_air_time_variance: -0.1292
         Episode_Reward/feet_slide: -0.0448
     Episode_Reward/feet_clearance: 0.8551
Episode_Reward/feet_distance_y_exp: 0.9465
   Episode_Reward/feet_landing_vel: -0.0017
 Episode_Reward/joint_vel_wheel_l2: -0.0062
 Episode_Reward/joint_acc_wheel_l2: -0.0001
Episode_Reward/joint_torques_wheel_l2: -0.0000
Episode_Reward/bipedal_gait_reward: -0.9302
Episode_Reward/feet_distance_penalize: -0.0166
        Episode_Reward/stop_motion: -0.0841
  Episode_Reward/action_smoothness: -0.4165
       Episode_Reward/lazy_penalty: -0.0597
         Episode_Reward/keep_alive: 0.0715
Episode_Reward/joint_deviation_hip: -0.0135
Episode_Reward/joint_deviation_ankle: -0.0281
Episode_Reward/joint_deviation_legs: -0.0062
Episode_Reward/body_orientation_l2: -0.0493
 Episode_Reward/ankle_torque_limit: -0.0023
Episode_Reward/penalize_hip_roll_action: -0.2758
Episode_Reward/feet_impact_reduction: -0.0001
Metrics/base_velocity/error_vel_xy: 0.5491
Metrics/base_velocity/error_vel_yaw: 0.4489
      Episode_Termination/time_out: 0.1092
Episode_Termination/terrain_out_of_bounds: 0.0000
Episode_Termination/illegal_contact: 0.8908
--------------------------------------------------------------------------------
                   Total timesteps: 22708224
                    Iteration time: 1.64s
                      Time elapsed: 00:07:01
                               ETA: 12:33:57

################################################################################
                     [1m Learning iteration 231/25000 [0m                     

                       Computation: 53890 steps/s (collection: 1.285s, learning 0.539s)
             Mean action noise std: 0.54
          Mean value_function loss: 0.7928
               Mean surrogate loss: -0.0021
                 Mean entropy loss: 7.4180
                Mean priv_reg loss: 0.3824
                Mean amp/loss loss: 0.4293
            Mean amp/grad_pen loss: 0.1875
         Mean amp/policy_pred loss: -0.3772
         Mean amp/expert_pred loss: 0.3858
                       Mean reward: 12.22
               Mean episode length: 443.07
      Episode_Reward/is_terminated: -0.1847
       Episode_Reward/lin_vel_z_l2: -0.0607
      Episode_Reward/ang_vel_xy_l2: -0.0858
Episode_Reward/flat_orientation_l2: -0.0830
     Episode_Reward/base_height_l2: -0.0196
   Episode_Reward/joint_torques_l2: -0.0119
       Episode_Reward/joint_vel_l2: -0.0005
       Episode_Reward/joint_acc_l2: -0.0204
   Episode_Reward/joint_pos_limits: -0.0004
        Episode_Reward/joint_power: -0.0010
        Episode_Reward/stand_still: -0.0613
     Episode_Reward/action_rate_l2: -0.3368
 Episode_Reward/undesired_contacts: -0.0120
Episode_Reward/track_lin_vel_xy_exp: 0.9661
Episode_Reward/track_ang_vel_z_exp: 0.7175
      Episode_Reward/feet_air_time: 0.0049
Episode_Reward/feet_air_time_variance: -0.1257
         Episode_Reward/feet_slide: -0.0453
     Episode_Reward/feet_clearance: 0.8122
Episode_Reward/feet_distance_y_exp: 0.9160
   Episode_Reward/feet_landing_vel: -0.0019
 Episode_Reward/joint_vel_wheel_l2: -0.0061
 Episode_Reward/joint_acc_wheel_l2: -0.0002
Episode_Reward/joint_torques_wheel_l2: -0.0000
Episode_Reward/bipedal_gait_reward: -0.8791
Episode_Reward/feet_distance_penalize: -0.0191
        Episode_Reward/stop_motion: -0.0713
  Episode_Reward/action_smoothness: -0.4030
       Episode_Reward/lazy_penalty: -0.0594
         Episode_Reward/keep_alive: 0.0692
Episode_Reward/joint_deviation_hip: -0.0135
Episode_Reward/joint_deviation_ankle: -0.0267
Episode_Reward/joint_deviation_legs: -0.0059
Episode_Reward/body_orientation_l2: -0.0498
 Episode_Reward/ankle_torque_limit: -0.0035
Episode_Reward/penalize_hip_roll_action: -0.2709
Episode_Reward/feet_impact_reduction: -0.0001
Metrics/base_velocity/error_vel_xy: 0.5244
Metrics/base_velocity/error_vel_yaw: 0.4347
      Episode_Termination/time_out: 0.1096
Episode_Termination/terrain_out_of_bounds: 0.0000
Episode_Termination/illegal_contact: 0.8904
--------------------------------------------------------------------------------
                   Total timesteps: 22806528
                    Iteration time: 1.82s
                      Time elapsed: 00:07:03
                               ETA: 12:33:55

################################################################################
                     [1m Learning iteration 232/25000 [0m                     

                       Computation: 54276 steps/s (collection: 1.271s, learning 0.540s)
             Mean action noise std: 0.54
          Mean value_function loss: 0.7792
               Mean surrogate loss: -0.0016
                 Mean entropy loss: 7.4184
                Mean priv_reg loss: 0.3897
                Mean amp/loss loss: 0.4323
            Mean amp/grad_pen loss: 0.1952
         Mean amp/policy_pred loss: -0.3790
         Mean amp/expert_pred loss: 0.3783
                       Mean reward: 13.21
               Mean episode length: 479.38
      Episode_Reward/is_terminated: -0.1825
       Episode_Reward/lin_vel_z_l2: -0.0577
      Episode_Reward/ang_vel_xy_l2: -0.0856
Episode_Reward/flat_orientation_l2: -0.0855
     Episode_Reward/base_height_l2: -0.0201
   Episode_Reward/joint_torques_l2: -0.0126
       Episode_Reward/joint_vel_l2: -0.0005
       Episode_Reward/joint_acc_l2: -0.0221
   Episode_Reward/joint_pos_limits: -0.0003
        Episode_Reward/joint_power: -0.0011
        Episode_Reward/stand_still: -0.0723
     Episode_Reward/action_rate_l2: -0.3453
 Episode_Reward/undesired_contacts: -0.0114
Episode_Reward/track_lin_vel_xy_exp: 0.9806
Episode_Reward/track_ang_vel_z_exp: 0.7696
      Episode_Reward/feet_air_time: 0.0053
Episode_Reward/feet_air_time_variance: -0.1338
         Episode_Reward/feet_slide: -0.0454
     Episode_Reward/feet_clearance: 0.8374
Episode_Reward/feet_distance_y_exp: 0.9408
   Episode_Reward/feet_landing_vel: -0.0016
 Episode_Reward/joint_vel_wheel_l2: -0.0066
 Episode_Reward/joint_acc_wheel_l2: -0.0002
Episode_Reward/joint_torques_wheel_l2: -0.0000
Episode_Reward/bipedal_gait_reward: -0.9031
Episode_Reward/feet_distance_penalize: -0.0281
        Episode_Reward/stop_motion: -0.0758
  Episode_Reward/action_smoothness: -0.4123
       Episode_Reward/lazy_penalty: -0.0620
         Episode_Reward/keep_alive: 0.0710
Episode_Reward/joint_deviation_hip: -0.0136
Episode_Reward/joint_deviation_ankle: -0.0275
Episode_Reward/joint_deviation_legs: -0.0062
Episode_Reward/body_orientation_l2: -0.0513
 Episode_Reward/ankle_torque_limit: -0.0034
Episode_Reward/penalize_hip_roll_action: -0.2762
Episode_Reward/feet_impact_reduction: -0.0000
Metrics/base_velocity/error_vel_xy: 0.5407
Metrics/base_velocity/error_vel_yaw: 0.4263
      Episode_Termination/time_out: 0.1098
Episode_Termination/terrain_out_of_bounds: 0.0000
Episode_Termination/illegal_contact: 0.8902
--------------------------------------------------------------------------------
                   Total timesteps: 22904832
                    Iteration time: 1.81s
                      Time elapsed: 00:07:05
                               ETA: 12:33:51

################################################################################
                     [1m Learning iteration 233/25000 [0m                     

                       Computation: 54794 steps/s (collection: 1.257s, learning 0.537s)
             Mean action noise std: 0.54
          Mean value_function loss: 0.7224
               Mean surrogate loss: -0.0027
                 Mean entropy loss: 7.4027
                Mean priv_reg loss: 0.3857
                Mean amp/loss loss: 0.4345
            Mean amp/grad_pen loss: 0.1874
         Mean amp/policy_pred loss: -0.3781
         Mean amp/expert_pred loss: 0.3748
                       Mean reward: 10.71
               Mean episode length: 460.39
      Episode_Reward/is_terminated: -0.1833
       Episode_Reward/lin_vel_z_l2: -0.0596
      Episode_Reward/ang_vel_xy_l2: -0.0819
Episode_Reward/flat_orientation_l2: -0.0811
     Episode_Reward/base_height_l2: -0.0189
   Episode_Reward/joint_torques_l2: -0.0116
       Episode_Reward/joint_vel_l2: -0.0004
       Episode_Reward/joint_acc_l2: -0.0177
   Episode_Reward/joint_pos_limits: -0.0005
        Episode_Reward/joint_power: -0.0010
        Episode_Reward/stand_still: -0.0265
     Episode_Reward/action_rate_l2: -0.3193
 Episode_Reward/undesired_contacts: -0.0107
Episode_Reward/track_lin_vel_xy_exp: 0.8868
Episode_Reward/track_ang_vel_z_exp: 0.6784
      Episode_Reward/feet_air_time: 0.0054
Episode_Reward/feet_air_time_variance: -0.1204
         Episode_Reward/feet_slide: -0.0435
     Episode_Reward/feet_clearance: 0.7829
Episode_Reward/feet_distance_y_exp: 0.8645
   Episode_Reward/feet_landing_vel: -0.0015
 Episode_Reward/joint_vel_wheel_l2: -0.0060
 Episode_Reward/joint_acc_wheel_l2: -0.0001
Episode_Reward/joint_torques_wheel_l2: -0.0000
Episode_Reward/bipedal_gait_reward: -0.8518
Episode_Reward/feet_distance_penalize: -0.0277
        Episode_Reward/stop_motion: -0.0668
  Episode_Reward/action_smoothness: -0.3814
       Episode_Reward/lazy_penalty: -0.0562
         Episode_Reward/keep_alive: 0.0653
Episode_Reward/joint_deviation_hip: -0.0129
Episode_Reward/joint_deviation_ankle: -0.0261
Episode_Reward/joint_deviation_legs: -0.0058
Episode_Reward/body_orientation_l2: -0.0487
 Episode_Reward/ankle_torque_limit: -0.0031
Episode_Reward/penalize_hip_roll_action: -0.2555
Episode_Reward/feet_impact_reduction: -0.0000
Metrics/base_velocity/error_vel_xy: 0.5031
Metrics/base_velocity/error_vel_yaw: 0.4076
      Episode_Termination/time_out: 0.1108
Episode_Termination/terrain_out_of_bounds: 0.0000
Episode_Termination/illegal_contact: 0.8892
--------------------------------------------------------------------------------
                   Total timesteps: 23003136
                    Iteration time: 1.79s
                      Time elapsed: 00:07:07
                               ETA: 12:33:46

################################################################################
                     [1m Learning iteration 234/25000 [0m                     

                       Computation: 57502 steps/s (collection: 1.172s, learning 0.537s)
             Mean action noise std: 0.53
          Mean value_function loss: 0.7414
               Mean surrogate loss: -0.0027
                 Mean entropy loss: 7.3965
                Mean priv_reg loss: 0.3830
                Mean amp/loss loss: 0.4340
            Mean amp/grad_pen loss: 0.1880
         Mean amp/policy_pred loss: -0.3762
         Mean amp/expert_pred loss: 0.3774
                       Mean reward: 14.88
               Mean episode length: 508.99
      Episode_Reward/is_terminated: -0.1779
       Episode_Reward/lin_vel_z_l2: -0.0585
      Episode_Reward/ang_vel_xy_l2: -0.0944
Episode_Reward/flat_orientation_l2: -0.0836
     Episode_Reward/base_height_l2: -0.0192
   Episode_Reward/joint_torques_l2: -0.0124
       Episode_Reward/joint_vel_l2: -0.0005
       Episode_Reward/joint_acc_l2: -0.0212
   Episode_Reward/joint_pos_limits: -0.0004
        Episode_Reward/joint_power: -0.0011
        Episode_Reward/stand_still: -0.0361
     Episode_Reward/action_rate_l2: -0.3569
 Episode_Reward/undesired_contacts: -0.0106
Episode_Reward/track_lin_vel_xy_exp: 1.0436
Episode_Reward/track_ang_vel_z_exp: 0.7644
      Episode_Reward/feet_air_time: 0.0049
Episode_Reward/feet_air_time_variance: -0.1296
         Episode_Reward/feet_slide: -0.0471
     Episode_Reward/feet_clearance: 0.8667
Episode_Reward/feet_distance_y_exp: 0.9650
   Episode_Reward/feet_landing_vel: -0.0018
 Episode_Reward/joint_vel_wheel_l2: -0.0067
 Episode_Reward/joint_acc_wheel_l2: -0.0002
Episode_Reward/joint_torques_wheel_l2: -0.0000
Episode_Reward/bipedal_gait_reward: -0.9339
Episode_Reward/feet_distance_penalize: -0.0183
        Episode_Reward/stop_motion: -0.0855
  Episode_Reward/action_smoothness: -0.4253
       Episode_Reward/lazy_penalty: -0.0616
         Episode_Reward/keep_alive: 0.0729
Episode_Reward/joint_deviation_hip: -0.0138
Episode_Reward/joint_deviation_ankle: -0.0277
Episode_Reward/joint_deviation_legs: -0.0063
Episode_Reward/body_orientation_l2: -0.0502
 Episode_Reward/ankle_torque_limit: -0.0033
Episode_Reward/penalize_hip_roll_action: -0.2820
Episode_Reward/feet_impact_reduction: -0.0001
Metrics/base_velocity/error_vel_xy: 0.5375
Metrics/base_velocity/error_vel_yaw: 0.4510
      Episode_Termination/time_out: 0.1113
Episode_Termination/terrain_out_of_bounds: 0.0000
Episode_Termination/illegal_contact: 0.8887
--------------------------------------------------------------------------------
                   Total timesteps: 23101440
                    Iteration time: 1.71s
                      Time elapsed: 00:07:09
                               ETA: 12:33:32

################################################################################
                     [1m Learning iteration 235/25000 [0m                     

                       Computation: 51717 steps/s (collection: 1.356s, learning 0.544s)
             Mean action noise std: 0.54
          Mean value_function loss: 0.8144
               Mean surrogate loss: -0.0006
                 Mean entropy loss: 7.3958
                Mean priv_reg loss: 0.3875
                Mean amp/loss loss: 0.4310
            Mean amp/grad_pen loss: 0.1875
         Mean amp/policy_pred loss: -0.3828
         Mean amp/expert_pred loss: 0.3763
                       Mean reward: 13.21
               Mean episode length: 488.06
      Episode_Reward/is_terminated: -0.1804
       Episode_Reward/lin_vel_z_l2: -0.0586
      Episode_Reward/ang_vel_xy_l2: -0.0843
Episode_Reward/flat_orientation_l2: -0.0807
     Episode_Reward/base_height_l2: -0.0191
   Episode_Reward/joint_torques_l2: -0.0121
       Episode_Reward/joint_vel_l2: -0.0005
       Episode_Reward/joint_acc_l2: -0.0194
   Episode_Reward/joint_pos_limits: -0.0004
        Episode_Reward/joint_power: -0.0010
        Episode_Reward/stand_still: -0.0215
     Episode_Reward/action_rate_l2: -0.3388
 Episode_Reward/undesired_contacts: -0.0102
Episode_Reward/track_lin_vel_xy_exp: 0.8879
Episode_Reward/track_ang_vel_z_exp: 0.7085
      Episode_Reward/feet_air_time: 0.0059
Episode_Reward/feet_air_time_variance: -0.1287
         Episode_Reward/feet_slide: -0.0446
     Episode_Reward/feet_clearance: 0.8320
Episode_Reward/feet_distance_y_exp: 0.9237
   Episode_Reward/feet_landing_vel: -0.0016
 Episode_Reward/joint_vel_wheel_l2: -0.0064
 Episode_Reward/joint_acc_wheel_l2: -0.0002
Episode_Reward/joint_torques_wheel_l2: -0.0000
Episode_Reward/bipedal_gait_reward: -0.8980
Episode_Reward/feet_distance_penalize: -0.0247
        Episode_Reward/stop_motion: -0.0549
  Episode_Reward/action_smoothness: -0.4040
       Episode_Reward/lazy_penalty: -0.0618
         Episode_Reward/keep_alive: 0.0697
Episode_Reward/joint_deviation_hip: -0.0136
Episode_Reward/joint_deviation_ankle: -0.0275
Episode_Reward/joint_deviation_legs: -0.0062
Episode_Reward/body_orientation_l2: -0.0484
 Episode_Reward/ankle_torque_limit: -0.0027
Episode_Reward/penalize_hip_roll_action: -0.2711
Episode_Reward/feet_impact_reduction: -0.0000
Metrics/base_velocity/error_vel_xy: 0.5571
Metrics/base_velocity/error_vel_yaw: 0.4444
      Episode_Termination/time_out: 0.1110
Episode_Termination/terrain_out_of_bounds: 0.0000
Episode_Termination/illegal_contact: 0.8890
--------------------------------------------------------------------------------
                   Total timesteps: 23199744
                    Iteration time: 1.90s
                      Time elapsed: 00:07:10
                               ETA: 12:33:38

################################################################################
                     [1m Learning iteration 236/25000 [0m                     

                       Computation: 51440 steps/s (collection: 1.357s, learning 0.554s)
             Mean action noise std: 0.54
          Mean value_function loss: 0.7550
               Mean surrogate loss: -0.0026
                 Mean entropy loss: 7.4114
                Mean priv_reg loss: 0.3967
                Mean amp/loss loss: 0.4325
            Mean amp/grad_pen loss: 0.1858
         Mean amp/policy_pred loss: -0.3856
         Mean amp/expert_pred loss: 0.3721
                       Mean reward: 12.84
               Mean episode length: 467.89
      Episode_Reward/is_terminated: -0.1739
       Episode_Reward/lin_vel_z_l2: -0.0578
      Episode_Reward/ang_vel_xy_l2: -0.0837
Episode_Reward/flat_orientation_l2: -0.0760
     Episode_Reward/base_height_l2: -0.0189
   Episode_Reward/joint_torques_l2: -0.0115
       Episode_Reward/joint_vel_l2: -0.0005
       Episode_Reward/joint_acc_l2: -0.0207
   Episode_Reward/joint_pos_limits: -0.0004
        Episode_Reward/joint_power: -0.0010
        Episode_Reward/stand_still: -0.0623
     Episode_Reward/action_rate_l2: -0.3291
 Episode_Reward/undesired_contacts: -0.0116
Episode_Reward/track_lin_vel_xy_exp: 0.9834
Episode_Reward/track_ang_vel_z_exp: 0.6756
      Episode_Reward/feet_air_time: 0.0049
Episode_Reward/feet_air_time_variance: -0.1211
         Episode_Reward/feet_slide: -0.0438
     Episode_Reward/feet_clearance: 0.7842
Episode_Reward/feet_distance_y_exp: 0.8859
   Episode_Reward/feet_landing_vel: -0.0019
 Episode_Reward/joint_vel_wheel_l2: -0.0061
 Episode_Reward/joint_acc_wheel_l2: -0.0002
Episode_Reward/joint_torques_wheel_l2: -0.0000
Episode_Reward/bipedal_gait_reward: -0.8573
Episode_Reward/feet_distance_penalize: -0.0142
        Episode_Reward/stop_motion: -0.0746
  Episode_Reward/action_smoothness: -0.3909
       Episode_Reward/lazy_penalty: -0.0543
         Episode_Reward/keep_alive: 0.0669
Episode_Reward/joint_deviation_hip: -0.0129
Episode_Reward/joint_deviation_ankle: -0.0252
Episode_Reward/joint_deviation_legs: -0.0059
Episode_Reward/body_orientation_l2: -0.0456
 Episode_Reward/ankle_torque_limit: -0.0028
Episode_Reward/penalize_hip_roll_action: -0.2601
Episode_Reward/feet_impact_reduction: -0.0001
Metrics/base_velocity/error_vel_xy: 0.4901
Metrics/base_velocity/error_vel_yaw: 0.4315
      Episode_Termination/time_out: 0.1109
Episode_Termination/terrain_out_of_bounds: 0.0000
Episode_Termination/illegal_contact: 0.8891
--------------------------------------------------------------------------------
                   Total timesteps: 23298048
                    Iteration time: 1.91s
                      Time elapsed: 00:07:12
                               ETA: 12:33:45

################################################################################
                     [1m Learning iteration 237/25000 [0m                     

                       Computation: 54904 steps/s (collection: 1.246s, learning 0.544s)
             Mean action noise std: 0.54
          Mean value_function loss: 0.8700
               Mean surrogate loss: -0.0019
                 Mean entropy loss: 7.4273
                Mean priv_reg loss: 0.3948
                Mean amp/loss loss: 0.4382
            Mean amp/grad_pen loss: 0.1958
         Mean amp/policy_pred loss: -0.3754
         Mean amp/expert_pred loss: 0.3681
                       Mean reward: 12.24
               Mean episode length: 510.88
      Episode_Reward/is_terminated: -0.1723
       Episode_Reward/lin_vel_z_l2: -0.0653
      Episode_Reward/ang_vel_xy_l2: -0.0977
Episode_Reward/flat_orientation_l2: -0.0833
     Episode_Reward/base_height_l2: -0.0194
   Episode_Reward/joint_torques_l2: -0.0134
       Episode_Reward/joint_vel_l2: -0.0005
       Episode_Reward/joint_acc_l2: -0.0221
   Episode_Reward/joint_pos_limits: -0.0004
        Episode_Reward/joint_power: -0.0012
        Episode_Reward/stand_still: -0.0801
     Episode_Reward/action_rate_l2: -0.3904
 Episode_Reward/undesired_contacts: -0.0104
Episode_Reward/track_lin_vel_xy_exp: 1.0573
Episode_Reward/track_ang_vel_z_exp: 0.8094
      Episode_Reward/feet_air_time: 0.0061
Episode_Reward/feet_air_time_variance: -0.1472
         Episode_Reward/feet_slide: -0.0497
     Episode_Reward/feet_clearance: 0.9275
Episode_Reward/feet_distance_y_exp: 1.0601
   Episode_Reward/feet_landing_vel: -0.0018
 Episode_Reward/joint_vel_wheel_l2: -0.0072
 Episode_Reward/joint_acc_wheel_l2: -0.0002
Episode_Reward/joint_torques_wheel_l2: -0.0000
Episode_Reward/bipedal_gait_reward: -1.0056
Episode_Reward/feet_distance_penalize: -0.0267
        Episode_Reward/stop_motion: -0.0818
  Episode_Reward/action_smoothness: -0.4634
       Episode_Reward/lazy_penalty: -0.0651
         Episode_Reward/keep_alive: 0.0800
Episode_Reward/joint_deviation_hip: -0.0150
Episode_Reward/joint_deviation_ankle: -0.0296
Episode_Reward/joint_deviation_legs: -0.0069
Episode_Reward/body_orientation_l2: -0.0500
 Episode_Reward/ankle_torque_limit: -0.0038
Episode_Reward/penalize_hip_roll_action: -0.3105
Episode_Reward/feet_impact_reduction: -0.0001
Metrics/base_velocity/error_vel_xy: 0.6160
Metrics/base_velocity/error_vel_yaw: 0.5145
      Episode_Termination/time_out: 0.1110
Episode_Termination/terrain_out_of_bounds: 0.0000
Episode_Termination/illegal_contact: 0.8890
--------------------------------------------------------------------------------
                   Total timesteps: 23396352
                    Iteration time: 1.79s
                      Time elapsed: 00:07:14
                               ETA: 12:33:40

################################################################################
                     [1m Learning iteration 238/25000 [0m                     

                       Computation: 52757 steps/s (collection: 1.323s, learning 0.540s)
             Mean action noise std: 0.54
          Mean value_function loss: 0.7892
               Mean surrogate loss: -0.0028
                 Mean entropy loss: 7.4117
                Mean priv_reg loss: 0.3963
                Mean amp/loss loss: 0.4372
            Mean amp/grad_pen loss: 0.1889
         Mean amp/policy_pred loss: -0.3766
         Mean amp/expert_pred loss: 0.3687
                       Mean reward: 16.64
               Mean episode length: 513.62
      Episode_Reward/is_terminated: -0.1732
       Episode_Reward/lin_vel_z_l2: -0.0599
      Episode_Reward/ang_vel_xy_l2: -0.0920
Episode_Reward/flat_orientation_l2: -0.0801
     Episode_Reward/base_height_l2: -0.0190
   Episode_Reward/joint_torques_l2: -0.0127
       Episode_Reward/joint_vel_l2: -0.0005
       Episode_Reward/joint_acc_l2: -0.0202
   Episode_Reward/joint_pos_limits: -0.0004
        Episode_Reward/joint_power: -0.0011
        Episode_Reward/stand_still: -0.0500
     Episode_Reward/action_rate_l2: -0.3665
 Episode_Reward/undesired_contacts: -0.0110
Episode_Reward/track_lin_vel_xy_exp: 1.0489
Episode_Reward/track_ang_vel_z_exp: 0.7639
      Episode_Reward/feet_air_time: 0.0051
Episode_Reward/feet_air_time_variance: -0.1359
         Episode_Reward/feet_slide: -0.0465
     Episode_Reward/feet_clearance: 0.8925
Episode_Reward/feet_distance_y_exp: 0.9912
   Episode_Reward/feet_landing_vel: -0.0018
 Episode_Reward/joint_vel_wheel_l2: -0.0069
 Episode_Reward/joint_acc_wheel_l2: -0.0002
Episode_Reward/joint_torques_wheel_l2: -0.0000
Episode_Reward/bipedal_gait_reward: -0.9601
Episode_Reward/feet_distance_penalize: -0.0250
        Episode_Reward/stop_motion: -0.0623
  Episode_Reward/action_smoothness: -0.4380
       Episode_Reward/lazy_penalty: -0.0665
         Episode_Reward/keep_alive: 0.0749
Episode_Reward/joint_deviation_hip: -0.0147
Episode_Reward/joint_deviation_ankle: -0.0285
Episode_Reward/joint_deviation_legs: -0.0065
Episode_Reward/body_orientation_l2: -0.0480
 Episode_Reward/ankle_torque_limit: -0.0030
Episode_Reward/penalize_hip_roll_action: -0.2935
Episode_Reward/feet_impact_reduction: -0.0001
Metrics/base_velocity/error_vel_xy: 0.5592
Metrics/base_velocity/error_vel_yaw: 0.4717
      Episode_Termination/time_out: 0.1130
Episode_Termination/terrain_out_of_bounds: 0.0000
Episode_Termination/illegal_contact: 0.8870
--------------------------------------------------------------------------------
                   Total timesteps: 23494656
                    Iteration time: 1.86s
                      Time elapsed: 00:07:16
                               ETA: 12:33:42

################################################################################
                     [1m Learning iteration 239/25000 [0m                     

                       Computation: 51200 steps/s (collection: 1.379s, learning 0.541s)
             Mean action noise std: 0.54
          Mean value_function loss: 0.8682
               Mean surrogate loss: -0.0028
                 Mean entropy loss: 7.4024
                Mean priv_reg loss: 0.4009
                Mean amp/loss loss: 0.4340
            Mean amp/grad_pen loss: 0.1844
         Mean amp/policy_pred loss: -0.3791
         Mean amp/expert_pred loss: 0.3771
                       Mean reward: 16.08
               Mean episode length: 528.39
      Episode_Reward/is_terminated: -0.1696
       Episode_Reward/lin_vel_z_l2: -0.0661
      Episode_Reward/ang_vel_xy_l2: -0.0962
Episode_Reward/flat_orientation_l2: -0.0824
     Episode_Reward/base_height_l2: -0.0203
   Episode_Reward/joint_torques_l2: -0.0139
       Episode_Reward/joint_vel_l2: -0.0006
       Episode_Reward/joint_acc_l2: -0.0240
   Episode_Reward/joint_pos_limits: -0.0004
        Episode_Reward/joint_power: -0.0012
        Episode_Reward/stand_still: -0.0221
     Episode_Reward/action_rate_l2: -0.3967
 Episode_Reward/undesired_contacts: -0.0115
Episode_Reward/track_lin_vel_xy_exp: 1.0757
Episode_Reward/track_ang_vel_z_exp: 0.8596
      Episode_Reward/feet_air_time: 0.0064
Episode_Reward/feet_air_time_variance: -0.1468
         Episode_Reward/feet_slide: -0.0497
     Episode_Reward/feet_clearance: 0.9739
Episode_Reward/feet_distance_y_exp: 1.0700
   Episode_Reward/feet_landing_vel: -0.0020
 Episode_Reward/joint_vel_wheel_l2: -0.0074
 Episode_Reward/joint_acc_wheel_l2: -0.0002
Episode_Reward/joint_torques_wheel_l2: -0.0000
Episode_Reward/bipedal_gait_reward: -1.0463
Episode_Reward/feet_distance_penalize: -0.0157
        Episode_Reward/stop_motion: -0.0895
  Episode_Reward/action_smoothness: -0.4714
       Episode_Reward/lazy_penalty: -0.0668
         Episode_Reward/keep_alive: 0.0808
Episode_Reward/joint_deviation_hip: -0.0152
Episode_Reward/joint_deviation_ankle: -0.0304
Episode_Reward/joint_deviation_legs: -0.0069
Episode_Reward/body_orientation_l2: -0.0495
 Episode_Reward/ankle_torque_limit: -0.0043
Episode_Reward/penalize_hip_roll_action: -0.3151
Episode_Reward/feet_impact_reduction: -0.0001
Metrics/base_velocity/error_vel_xy: 0.6190
Metrics/base_velocity/error_vel_yaw: 0.4974
      Episode_Termination/time_out: 0.1156
Episode_Termination/terrain_out_of_bounds: 0.0000
Episode_Termination/illegal_contact: 0.8844
--------------------------------------------------------------------------------
                   Total timesteps: 23592960
                    Iteration time: 1.92s
                      Time elapsed: 00:07:18
                               ETA: 12:33:49

################################################################################
                     [1m Learning iteration 240/25000 [0m                     

                       Computation: 49347 steps/s (collection: 1.390s, learning 0.602s)
             Mean action noise std: 0.54
          Mean value_function loss: 1.1274
               Mean surrogate loss: 0.1199
                 Mean entropy loss: 7.4064
                Mean priv_reg loss: 0.4177
                Mean amp/loss loss: 0.4215
            Mean amp/grad_pen loss: 0.1821
         Mean amp/policy_pred loss: -0.4026
         Mean amp/expert_pred loss: 0.3810
             Mean hist_latent loss: 0.3900
                       Mean reward: 13.64
               Mean episode length: 544.00
      Episode_Reward/is_terminated: -0.1745
       Episode_Reward/lin_vel_z_l2: -0.0648
      Episode_Reward/ang_vel_xy_l2: -0.0959
Episode_Reward/flat_orientation_l2: -0.0850
     Episode_Reward/base_height_l2: -0.0205
   Episode_Reward/joint_torques_l2: -0.0135
       Episode_Reward/joint_vel_l2: -0.0005
       Episode_Reward/joint_acc_l2: -0.0226
   Episode_Reward/joint_pos_limits: -0.0003
        Episode_Reward/joint_power: -0.0012
        Episode_Reward/stand_still: -0.0220
     Episode_Reward/action_rate_l2: -0.3847
 Episode_Reward/undesired_contacts: -0.0149
Episode_Reward/track_lin_vel_xy_exp: 1.0353
Episode_Reward/track_ang_vel_z_exp: 0.8101
      Episode_Reward/feet_air_time: 0.0069
Episode_Reward/feet_air_time_variance: -0.1412
         Episode_Reward/feet_slide: -0.0485
     Episode_Reward/feet_clearance: 0.9348
Episode_Reward/feet_distance_y_exp: 1.0379
   Episode_Reward/feet_landing_vel: -0.0021
 Episode_Reward/joint_vel_wheel_l2: -0.0074
 Episode_Reward/joint_acc_wheel_l2: -0.0002
Episode_Reward/joint_torques_wheel_l2: -0.0000
Episode_Reward/bipedal_gait_reward: -1.0107
Episode_Reward/feet_distance_penalize: -0.0262
        Episode_Reward/stop_motion: -0.0891
  Episode_Reward/action_smoothness: -0.4559
       Episode_Reward/lazy_penalty: -0.0653
         Episode_Reward/keep_alive: 0.0784
Episode_Reward/joint_deviation_hip: -0.0152
Episode_Reward/joint_deviation_ankle: -0.0299
Episode_Reward/joint_deviation_legs: -0.0068
Episode_Reward/body_orientation_l2: -0.0510
 Episode_Reward/ankle_torque_limit: -0.0052
Episode_Reward/penalize_hip_roll_action: -0.3056
Episode_Reward/feet_impact_reduction: -0.0001
Metrics/base_velocity/error_vel_xy: 0.6073
Metrics/base_velocity/error_vel_yaw: 0.4986
      Episode_Termination/time_out: 0.1175
Episode_Termination/terrain_out_of_bounds: 0.0000
Episode_Termination/illegal_contact: 0.8825
--------------------------------------------------------------------------------
                   Total timesteps: 23691264
                    Iteration time: 1.99s
                      Time elapsed: 00:07:20
                               ETA: 12:34:05

################################################################################
                     [1m Learning iteration 241/25000 [0m                     

                       Computation: 52962 steps/s (collection: 1.301s, learning 0.555s)
             Mean action noise std: 0.54
          Mean value_function loss: 0.9214
               Mean surrogate loss: -0.0008
                 Mean entropy loss: 7.4194
                Mean priv_reg loss: 0.3852
                Mean amp/loss loss: 0.4205
            Mean amp/grad_pen loss: 0.1865
         Mean amp/policy_pred loss: -0.4003
         Mean amp/expert_pred loss: 0.3840
                       Mean reward: 12.47
               Mean episode length: 443.47
      Episode_Reward/is_terminated: -0.1803
       Episode_Reward/lin_vel_z_l2: -0.0630
      Episode_Reward/ang_vel_xy_l2: -0.0854
Episode_Reward/flat_orientation_l2: -0.0772
     Episode_Reward/base_height_l2: -0.0199
   Episode_Reward/joint_torques_l2: -0.0118
       Episode_Reward/joint_vel_l2: -0.0005
       Episode_Reward/joint_acc_l2: -0.0196
   Episode_Reward/joint_pos_limits: -0.0004
        Episode_Reward/joint_power: -0.0010
        Episode_Reward/stand_still: -0.0570
     Episode_Reward/action_rate_l2: -0.3292
 Episode_Reward/undesired_contacts: -0.0137
Episode_Reward/track_lin_vel_xy_exp: 0.9854
Episode_Reward/track_ang_vel_z_exp: 0.6930
      Episode_Reward/feet_air_time: 0.0048
Episode_Reward/feet_air_time_variance: -0.1218
         Episode_Reward/feet_slide: -0.0436
     Episode_Reward/feet_clearance: 0.7883
Episode_Reward/feet_distance_y_exp: 0.8888
   Episode_Reward/feet_landing_vel: -0.0017
 Episode_Reward/joint_vel_wheel_l2: -0.0063
 Episode_Reward/joint_acc_wheel_l2: -0.0002
Episode_Reward/joint_torques_wheel_l2: -0.0000
Episode_Reward/bipedal_gait_reward: -0.8500
Episode_Reward/feet_distance_penalize: -0.0179
        Episode_Reward/stop_motion: -0.0840
  Episode_Reward/action_smoothness: -0.3909
       Episode_Reward/lazy_penalty: -0.0571
         Episode_Reward/keep_alive: 0.0671
Episode_Reward/joint_deviation_hip: -0.0133
Episode_Reward/joint_deviation_ankle: -0.0267
Episode_Reward/joint_deviation_legs: -0.0059
Episode_Reward/body_orientation_l2: -0.0463
 Episode_Reward/ankle_torque_limit: -0.0045
Episode_Reward/penalize_hip_roll_action: -0.2614
Episode_Reward/feet_impact_reduction: -0.0000
Metrics/base_velocity/error_vel_xy: 0.4930
Metrics/base_velocity/error_vel_yaw: 0.4254
      Episode_Termination/time_out: 0.1177
Episode_Termination/terrain_out_of_bounds: 0.0000
Episode_Termination/illegal_contact: 0.8823
--------------------------------------------------------------------------------
                   Total timesteps: 23789568
                    Iteration time: 1.86s
                      Time elapsed: 00:07:22
                               ETA: 12:34:06

################################################################################
                     [1m Learning iteration 242/25000 [0m                     

                       Computation: 53222 steps/s (collection: 1.303s, learning 0.544s)
             Mean action noise std: 0.54
          Mean value_function loss: 0.8366
               Mean surrogate loss: -0.0031
                 Mean entropy loss: 7.4249
                Mean priv_reg loss: 0.3753
                Mean amp/loss loss: 0.4322
            Mean amp/grad_pen loss: 0.1840
         Mean amp/policy_pred loss: -0.3802
         Mean amp/expert_pred loss: 0.3792
                       Mean reward: 14.03
               Mean episode length: 483.44
      Episode_Reward/is_terminated: -0.1889
       Episode_Reward/lin_vel_z_l2: -0.0597
      Episode_Reward/ang_vel_xy_l2: -0.0828
Episode_Reward/flat_orientation_l2: -0.0759
     Episode_Reward/base_height_l2: -0.0185
   Episode_Reward/joint_torques_l2: -0.0120
       Episode_Reward/joint_vel_l2: -0.0005
       Episode_Reward/joint_acc_l2: -0.0202
   Episode_Reward/joint_pos_limits: -0.0003
        Episode_Reward/joint_power: -0.0010
        Episode_Reward/stand_still: -0.0918
     Episode_Reward/action_rate_l2: -0.3330
 Episode_Reward/undesired_contacts: -0.0102
Episode_Reward/track_lin_vel_xy_exp: 0.9365
Episode_Reward/track_ang_vel_z_exp: 0.7250
      Episode_Reward/feet_air_time: 0.0052
Episode_Reward/feet_air_time_variance: -0.1216
         Episode_Reward/feet_slide: -0.0441
     Episode_Reward/feet_clearance: 0.7796
Episode_Reward/feet_distance_y_exp: 0.8987
   Episode_Reward/feet_landing_vel: -0.0019
 Episode_Reward/joint_vel_wheel_l2: -0.0065
 Episode_Reward/joint_acc_wheel_l2: -0.0002
Episode_Reward/joint_torques_wheel_l2: -0.0000
Episode_Reward/bipedal_gait_reward: -0.8440
Episode_Reward/feet_distance_penalize: -0.0229
        Episode_Reward/stop_motion: -0.0804
  Episode_Reward/action_smoothness: -0.3944
       Episode_Reward/lazy_penalty: -0.0539
         Episode_Reward/keep_alive: 0.0679
Episode_Reward/joint_deviation_hip: -0.0134
Episode_Reward/joint_deviation_ankle: -0.0260
Episode_Reward/joint_deviation_legs: -0.0059
Episode_Reward/body_orientation_l2: -0.0456
 Episode_Reward/ankle_torque_limit: -0.0047
Episode_Reward/penalize_hip_roll_action: -0.2654
Episode_Reward/feet_impact_reduction: -0.0001
Metrics/base_velocity/error_vel_xy: 0.5145
Metrics/base_velocity/error_vel_yaw: 0.4128
      Episode_Termination/time_out: 0.1147
Episode_Termination/terrain_out_of_bounds: 0.0000
Episode_Termination/illegal_contact: 0.8853
--------------------------------------------------------------------------------
                   Total timesteps: 23887872
                    Iteration time: 1.85s
                      Time elapsed: 00:07:24
                               ETA: 12:34:06

################################################################################
                     [1m Learning iteration 243/25000 [0m                     

                       Computation: 54763 steps/s (collection: 1.259s, learning 0.537s)
             Mean action noise std: 0.54
          Mean value_function loss: 0.8981
               Mean surrogate loss: -0.0006
                 Mean entropy loss: 7.4340
                Mean priv_reg loss: 0.3779
                Mean amp/loss loss: 0.4334
            Mean amp/grad_pen loss: 0.1938
         Mean amp/policy_pred loss: -0.3823
         Mean amp/expert_pred loss: 0.3721
                       Mean reward: 14.92
               Mean episode length: 501.29
      Episode_Reward/is_terminated: -0.1733
       Episode_Reward/lin_vel_z_l2: -0.0587
      Episode_Reward/ang_vel_xy_l2: -0.0870
Episode_Reward/flat_orientation_l2: -0.0780
     Episode_Reward/base_height_l2: -0.0188
   Episode_Reward/joint_torques_l2: -0.0134
       Episode_Reward/joint_vel_l2: -0.0005
       Episode_Reward/joint_acc_l2: -0.0217
   Episode_Reward/joint_pos_limits: -0.0003
        Episode_Reward/joint_power: -0.0011
        Episode_Reward/stand_still: -0.0378
     Episode_Reward/action_rate_l2: -0.3655
 Episode_Reward/undesired_contacts: -0.0102
Episode_Reward/track_lin_vel_xy_exp: 1.0414
Episode_Reward/track_ang_vel_z_exp: 0.7912
      Episode_Reward/feet_air_time: 0.0060
Episode_Reward/feet_air_time_variance: -0.1435
         Episode_Reward/feet_slide: -0.0461
     Episode_Reward/feet_clearance: 0.8928
Episode_Reward/feet_distance_y_exp: 0.9893
   Episode_Reward/feet_landing_vel: -0.0019
 Episode_Reward/joint_vel_wheel_l2: -0.0070
 Episode_Reward/joint_acc_wheel_l2: -0.0002
Episode_Reward/joint_torques_wheel_l2: -0.0000
Episode_Reward/bipedal_gait_reward: -0.9638
Episode_Reward/feet_distance_penalize: -0.0309
        Episode_Reward/stop_motion: -0.0817
  Episode_Reward/action_smoothness: -0.4337
       Episode_Reward/lazy_penalty: -0.0647
         Episode_Reward/keep_alive: 0.0747
Episode_Reward/joint_deviation_hip: -0.0147
Episode_Reward/joint_deviation_ankle: -0.0302
Episode_Reward/joint_deviation_legs: -0.0066
Episode_Reward/body_orientation_l2: -0.0468
 Episode_Reward/ankle_torque_limit: -0.0035
Episode_Reward/penalize_hip_roll_action: -0.2918
Episode_Reward/feet_impact_reduction: -0.0001
Metrics/base_velocity/error_vel_xy: 0.5566
Metrics/base_velocity/error_vel_yaw: 0.4531
      Episode_Termination/time_out: 0.1138
Episode_Termination/terrain_out_of_bounds: 0.0000
Episode_Termination/illegal_contact: 0.8862
--------------------------------------------------------------------------------
                   Total timesteps: 23986176
                    Iteration time: 1.80s
                      Time elapsed: 00:07:25
                               ETA: 12:34:01

################################################################################
                     [1m Learning iteration 244/25000 [0m                     

                       Computation: 50773 steps/s (collection: 1.377s, learning 0.559s)
             Mean action noise std: 0.54
          Mean value_function loss: 0.7390
               Mean surrogate loss: -0.0025
                 Mean entropy loss: 7.4486
                Mean priv_reg loss: 0.3719
                Mean amp/loss loss: 0.4386
            Mean amp/grad_pen loss: 0.1903
         Mean amp/policy_pred loss: -0.3778
         Mean amp/expert_pred loss: 0.3659
                       Mean reward: 14.94
               Mean episode length: 510.64
      Episode_Reward/is_terminated: -0.1627
       Episode_Reward/lin_vel_z_l2: -0.0637
      Episode_Reward/ang_vel_xy_l2: -0.0926
Episode_Reward/flat_orientation_l2: -0.0772
     Episode_Reward/base_height_l2: -0.0188
   Episode_Reward/joint_torques_l2: -0.0135
       Episode_Reward/joint_vel_l2: -0.0005
       Episode_Reward/joint_acc_l2: -0.0223
   Episode_Reward/joint_pos_limits: -0.0003
        Episode_Reward/joint_power: -0.0012
        Episode_Reward/stand_still: -0.0199
     Episode_Reward/action_rate_l2: -0.3813
 Episode_Reward/undesired_contacts: -0.0109
Episode_Reward/track_lin_vel_xy_exp: 0.9970
Episode_Reward/track_ang_vel_z_exp: 0.7871
      Episode_Reward/feet_air_time: 0.0057
Episode_Reward/feet_air_time_variance: -0.1447
         Episode_Reward/feet_slide: -0.0474
     Episode_Reward/feet_clearance: 0.9350
Episode_Reward/feet_distance_y_exp: 1.0293
   Episode_Reward/feet_landing_vel: -0.0020
 Episode_Reward/joint_vel_wheel_l2: -0.0072
 Episode_Reward/joint_acc_wheel_l2: -0.0002
Episode_Reward/joint_torques_wheel_l2: -0.0000
Episode_Reward/bipedal_gait_reward: -1.0090
Episode_Reward/feet_distance_penalize: -0.0288
        Episode_Reward/stop_motion: -0.0661
  Episode_Reward/action_smoothness: -0.4524
       Episode_Reward/lazy_penalty: -0.0676
         Episode_Reward/keep_alive: 0.0777
Episode_Reward/joint_deviation_hip: -0.0150
Episode_Reward/joint_deviation_ankle: -0.0296
Episode_Reward/joint_deviation_legs: -0.0067
Episode_Reward/body_orientation_l2: -0.0463
 Episode_Reward/ankle_torque_limit: -0.0042
Episode_Reward/penalize_hip_roll_action: -0.3034
Episode_Reward/feet_impact_reduction: -0.0001
Metrics/base_velocity/error_vel_xy: 0.6134
Metrics/base_velocity/error_vel_yaw: 0.4923
      Episode_Termination/time_out: 0.1168
Episode_Termination/terrain_out_of_bounds: 0.0000
Episode_Termination/illegal_contact: 0.8832
--------------------------------------------------------------------------------
                   Total timesteps: 24084480
                    Iteration time: 1.94s
                      Time elapsed: 00:07:27
                               ETA: 12:34:10

################################################################################
                     [1m Learning iteration 245/25000 [0m                     

                       Computation: 50260 steps/s (collection: 1.401s, learning 0.555s)
             Mean action noise std: 0.54
          Mean value_function loss: 0.6287
               Mean surrogate loss: -0.0017
                 Mean entropy loss: 7.4643
                Mean priv_reg loss: 0.3575
                Mean amp/loss loss: 0.4439
            Mean amp/grad_pen loss: 0.1872
         Mean amp/policy_pred loss: -0.3678
         Mean amp/expert_pred loss: 0.3665
                       Mean reward: 15.28
               Mean episode length: 495.83
      Episode_Reward/is_terminated: -0.1678
       Episode_Reward/lin_vel_z_l2: -0.0597
      Episode_Reward/ang_vel_xy_l2: -0.0853
Episode_Reward/flat_orientation_l2: -0.0730
     Episode_Reward/base_height_l2: -0.0179
   Episode_Reward/joint_torques_l2: -0.0121
       Episode_Reward/joint_vel_l2: -0.0005
       Episode_Reward/joint_acc_l2: -0.0218
   Episode_Reward/joint_pos_limits: -0.0003
        Episode_Reward/joint_power: -0.0011
        Episode_Reward/stand_still: -0.0501
     Episode_Reward/action_rate_l2: -0.3489
 Episode_Reward/undesired_contacts: -0.0101
Episode_Reward/track_lin_vel_xy_exp: 1.0641
Episode_Reward/track_ang_vel_z_exp: 0.7223
      Episode_Reward/feet_air_time: 0.0051
Episode_Reward/feet_air_time_variance: -0.1233
         Episode_Reward/feet_slide: -0.0443
     Episode_Reward/feet_clearance: 0.8339
Episode_Reward/feet_distance_y_exp: 0.9392
   Episode_Reward/feet_landing_vel: -0.0019
 Episode_Reward/joint_vel_wheel_l2: -0.0067
 Episode_Reward/joint_acc_wheel_l2: -0.0002
Episode_Reward/joint_torques_wheel_l2: -0.0000
Episode_Reward/bipedal_gait_reward: -0.9006
Episode_Reward/feet_distance_penalize: -0.0208
        Episode_Reward/stop_motion: -0.0740
  Episode_Reward/action_smoothness: -0.4128
       Episode_Reward/lazy_penalty: -0.0618
         Episode_Reward/keep_alive: 0.0709
Episode_Reward/joint_deviation_hip: -0.0138
Episode_Reward/joint_deviation_ankle: -0.0265
Episode_Reward/joint_deviation_legs: -0.0061
Episode_Reward/body_orientation_l2: -0.0438
 Episode_Reward/ankle_torque_limit: -0.0043
Episode_Reward/penalize_hip_roll_action: -0.2756
Episode_Reward/feet_impact_reduction: -0.0001
Metrics/base_velocity/error_vel_xy: 0.5080
Metrics/base_velocity/error_vel_yaw: 0.4472
      Episode_Termination/time_out: 0.1208
Episode_Termination/terrain_out_of_bounds: 0.0000
Episode_Termination/illegal_contact: 0.8792
--------------------------------------------------------------------------------
                   Total timesteps: 24182784
                    Iteration time: 1.96s
                      Time elapsed: 00:07:29
                               ETA: 12:34:21

################################################################################
                     [1m Learning iteration 246/25000 [0m                     

                       Computation: 49712 steps/s (collection: 1.430s, learning 0.548s)
             Mean action noise std: 0.54
          Mean value_function loss: 0.6416
               Mean surrogate loss: -0.0017
                 Mean entropy loss: 7.4468
                Mean priv_reg loss: 0.3561
                Mean amp/loss loss: 0.4453
            Mean amp/grad_pen loss: 0.1903
         Mean amp/policy_pred loss: -0.3625
         Mean amp/expert_pred loss: 0.3663
                       Mean reward: 15.88
               Mean episode length: 520.71
      Episode_Reward/is_terminated: -0.1642
       Episode_Reward/lin_vel_z_l2: -0.0600
      Episode_Reward/ang_vel_xy_l2: -0.0902
Episode_Reward/flat_orientation_l2: -0.0724
     Episode_Reward/base_height_l2: -0.0175
   Episode_Reward/joint_torques_l2: -0.0129
       Episode_Reward/joint_vel_l2: -0.0005
       Episode_Reward/joint_acc_l2: -0.0217
   Episode_Reward/joint_pos_limits: -0.0004
        Episode_Reward/joint_power: -0.0011
        Episode_Reward/stand_still: -0.0729
     Episode_Reward/action_rate_l2: -0.3750
 Episode_Reward/undesired_contacts: -0.0093
Episode_Reward/track_lin_vel_xy_exp: 1.1479
Episode_Reward/track_ang_vel_z_exp: 0.8028
      Episode_Reward/feet_air_time: 0.0054
Episode_Reward/feet_air_time_variance: -0.1412
         Episode_Reward/feet_slide: -0.0472
     Episode_Reward/feet_clearance: 0.8951
Episode_Reward/feet_distance_y_exp: 1.0142
   Episode_Reward/feet_landing_vel: -0.0018
 Episode_Reward/joint_vel_wheel_l2: -0.0073
 Episode_Reward/joint_acc_wheel_l2: -0.0002
Episode_Reward/joint_torques_wheel_l2: -0.0000
Episode_Reward/bipedal_gait_reward: -0.9580
Episode_Reward/feet_distance_penalize: -0.0218
        Episode_Reward/stop_motion: -0.0882
  Episode_Reward/action_smoothness: -0.4453
       Episode_Reward/lazy_penalty: -0.0654
         Episode_Reward/keep_alive: 0.0766
Episode_Reward/joint_deviation_hip: -0.0150
Episode_Reward/joint_deviation_ankle: -0.0290
Episode_Reward/joint_deviation_legs: -0.0064
Episode_Reward/body_orientation_l2: -0.0435
 Episode_Reward/ankle_torque_limit: -0.0046
Episode_Reward/penalize_hip_roll_action: -0.3001
Episode_Reward/feet_impact_reduction: -0.0001
Metrics/base_velocity/error_vel_xy: 0.5422
Metrics/base_velocity/error_vel_yaw: 0.4689
      Episode_Termination/time_out: 0.1237
Episode_Termination/terrain_out_of_bounds: 0.0000
Episode_Termination/illegal_contact: 0.8763
--------------------------------------------------------------------------------
                   Total timesteps: 24281088
                    Iteration time: 1.98s
                      Time elapsed: 00:07:31
                               ETA: 12:34:34

################################################################################
                     [1m Learning iteration 247/25000 [0m                     

                       Computation: 54558 steps/s (collection: 1.267s, learning 0.535s)
             Mean action noise std: 0.54
          Mean value_function loss: 0.6569
               Mean surrogate loss: -0.0020
                 Mean entropy loss: 7.4406
                Mean priv_reg loss: 0.3526
                Mean amp/loss loss: 0.4542
            Mean amp/grad_pen loss: 0.1900
         Mean amp/policy_pred loss: -0.3557
         Mean amp/expert_pred loss: 0.3558
                       Mean reward: 13.90
               Mean episode length: 475.93
      Episode_Reward/is_terminated: -0.1663
       Episode_Reward/lin_vel_z_l2: -0.0571
      Episode_Reward/ang_vel_xy_l2: -0.0852
Episode_Reward/flat_orientation_l2: -0.0731
     Episode_Reward/base_height_l2: -0.0183
   Episode_Reward/joint_torques_l2: -0.0121
       Episode_Reward/joint_vel_l2: -0.0005
       Episode_Reward/joint_acc_l2: -0.0191
   Episode_Reward/joint_pos_limits: -0.0004
        Episode_Reward/joint_power: -0.0010
        Episode_Reward/stand_still: -0.0656
     Episode_Reward/action_rate_l2: -0.3455
 Episode_Reward/undesired_contacts: -0.0098
Episode_Reward/track_lin_vel_xy_exp: 0.9977
Episode_Reward/track_ang_vel_z_exp: 0.7409
      Episode_Reward/feet_air_time: 0.0047
Episode_Reward/feet_air_time_variance: -0.1359
         Episode_Reward/feet_slide: -0.0434
     Episode_Reward/feet_clearance: 0.8358
Episode_Reward/feet_distance_y_exp: 0.9325
   Episode_Reward/feet_landing_vel: -0.0016
 Episode_Reward/joint_vel_wheel_l2: -0.0069
 Episode_Reward/joint_acc_wheel_l2: -0.0002
Episode_Reward/joint_torques_wheel_l2: -0.0000
Episode_Reward/bipedal_gait_reward: -0.8915
Episode_Reward/feet_distance_penalize: -0.0165
        Episode_Reward/stop_motion: -0.0819
  Episode_Reward/action_smoothness: -0.4113
       Episode_Reward/lazy_penalty: -0.0648
         Episode_Reward/keep_alive: 0.0704
Episode_Reward/joint_deviation_hip: -0.0135
Episode_Reward/joint_deviation_ankle: -0.0272
Episode_Reward/joint_deviation_legs: -0.0062
Episode_Reward/body_orientation_l2: -0.0439
 Episode_Reward/ankle_torque_limit: -0.0032
Episode_Reward/penalize_hip_roll_action: -0.2742
Episode_Reward/feet_impact_reduction: -0.0000
Metrics/base_velocity/error_vel_xy: 0.5288
Metrics/base_velocity/error_vel_yaw: 0.4285
      Episode_Termination/time_out: 0.1245
Episode_Termination/terrain_out_of_bounds: 0.0000
Episode_Termination/illegal_contact: 0.8755
--------------------------------------------------------------------------------
                   Total timesteps: 24379392
                    Iteration time: 1.80s
                      Time elapsed: 00:07:33
                               ETA: 12:34:30

################################################################################
                     [1m Learning iteration 248/25000 [0m                     

                       Computation: 56201 steps/s (collection: 1.199s, learning 0.551s)
             Mean action noise std: 0.54
          Mean value_function loss: 0.7440
               Mean surrogate loss: -0.0025
                 Mean entropy loss: 7.4596
                Mean priv_reg loss: 0.3593
                Mean amp/loss loss: 0.4517
            Mean amp/grad_pen loss: 0.1871
         Mean amp/policy_pred loss: -0.3600
         Mean amp/expert_pred loss: 0.3552
                       Mean reward: 17.53
               Mean episode length: 465.55
      Episode_Reward/is_terminated: -0.1624
       Episode_Reward/lin_vel_z_l2: -0.0598
      Episode_Reward/ang_vel_xy_l2: -0.0824
Episode_Reward/flat_orientation_l2: -0.0724
     Episode_Reward/base_height_l2: -0.0171
   Episode_Reward/joint_torques_l2: -0.0123
       Episode_Reward/joint_vel_l2: -0.0005
       Episode_Reward/joint_acc_l2: -0.0217
   Episode_Reward/joint_pos_limits: -0.0003
        Episode_Reward/joint_power: -0.0011
        Episode_Reward/stand_still: -0.0110
     Episode_Reward/action_rate_l2: -0.3445
 Episode_Reward/undesired_contacts: -0.0091
Episode_Reward/track_lin_vel_xy_exp: 1.0713
Episode_Reward/track_ang_vel_z_exp: 0.7385
      Episode_Reward/feet_air_time: 0.0053
Episode_Reward/feet_air_time_variance: -0.1245
         Episode_Reward/feet_slide: -0.0432
     Episode_Reward/feet_clearance: 0.8497
Episode_Reward/feet_distance_y_exp: 0.9293
   Episode_Reward/feet_landing_vel: -0.0019
 Episode_Reward/joint_vel_wheel_l2: -0.0069
 Episode_Reward/joint_acc_wheel_l2: -0.0002
Episode_Reward/joint_torques_wheel_l2: -0.0000
Episode_Reward/bipedal_gait_reward: -0.9163
Episode_Reward/feet_distance_penalize: -0.0207
        Episode_Reward/stop_motion: -0.0773
  Episode_Reward/action_smoothness: -0.4082
       Episode_Reward/lazy_penalty: -0.0603
         Episode_Reward/keep_alive: 0.0702
Episode_Reward/joint_deviation_hip: -0.0138
Episode_Reward/joint_deviation_ankle: -0.0268
Episode_Reward/joint_deviation_legs: -0.0060
Episode_Reward/body_orientation_l2: -0.0435
 Episode_Reward/ankle_torque_limit: -0.0035
Episode_Reward/penalize_hip_roll_action: -0.2743
Episode_Reward/feet_impact_reduction: -0.0001
Metrics/base_velocity/error_vel_xy: 0.4951
Metrics/base_velocity/error_vel_yaw: 0.4305
      Episode_Termination/time_out: 0.1261
Episode_Termination/terrain_out_of_bounds: 0.0000
Episode_Termination/illegal_contact: 0.8739
--------------------------------------------------------------------------------
                   Total timesteps: 24477696
                    Iteration time: 1.75s
                      Time elapsed: 00:07:35
                               ETA: 12:34:20

################################################################################
                     [1m Learning iteration 249/25000 [0m                     

                       Computation: 52439 steps/s (collection: 1.335s, learning 0.540s)
             Mean action noise std: 0.54
          Mean value_function loss: 0.7333
               Mean surrogate loss: -0.0011
                 Mean entropy loss: 7.4670
                Mean priv_reg loss: 0.3666
                Mean amp/loss loss: 0.4375
            Mean amp/grad_pen loss: 0.1892
         Mean amp/policy_pred loss: -0.3745
         Mean amp/expert_pred loss: 0.3692
                       Mean reward: 12.27
               Mean episode length: 503.07
      Episode_Reward/is_terminated: -0.1680
       Episode_Reward/lin_vel_z_l2: -0.0653
      Episode_Reward/ang_vel_xy_l2: -0.0929
Episode_Reward/flat_orientation_l2: -0.0764
     Episode_Reward/base_height_l2: -0.0186
   Episode_Reward/joint_torques_l2: -0.0132
       Episode_Reward/joint_vel_l2: -0.0005
       Episode_Reward/joint_acc_l2: -0.0202
   Episode_Reward/joint_pos_limits: -0.0007
        Episode_Reward/joint_power: -0.0011
        Episode_Reward/stand_still: -0.0556
     Episode_Reward/action_rate_l2: -0.3745
 Episode_Reward/undesired_contacts: -0.0101
Episode_Reward/track_lin_vel_xy_exp: 0.8746
Episode_Reward/track_ang_vel_z_exp: 0.7665
      Episode_Reward/feet_air_time: 0.0058
Episode_Reward/feet_air_time_variance: -0.1367
         Episode_Reward/feet_slide: -0.0470
     Episode_Reward/feet_clearance: 0.8909
Episode_Reward/feet_distance_y_exp: 1.0031
   Episode_Reward/feet_landing_vel: -0.0020
 Episode_Reward/joint_vel_wheel_l2: -0.0075
 Episode_Reward/joint_acc_wheel_l2: -0.0002
Episode_Reward/joint_torques_wheel_l2: -0.0000
Episode_Reward/bipedal_gait_reward: -0.9600
Episode_Reward/feet_distance_penalize: -0.0196
        Episode_Reward/stop_motion: -0.0721
  Episode_Reward/action_smoothness: -0.4436
       Episode_Reward/lazy_penalty: -0.0639
         Episode_Reward/keep_alive: 0.0758
Episode_Reward/joint_deviation_hip: -0.0150
Episode_Reward/joint_deviation_ankle: -0.0287
Episode_Reward/joint_deviation_legs: -0.0065
Episode_Reward/body_orientation_l2: -0.0459
 Episode_Reward/ankle_torque_limit: -0.0039
Episode_Reward/penalize_hip_roll_action: -0.2986
Episode_Reward/feet_impact_reduction: -0.0001
Metrics/base_velocity/error_vel_xy: 0.6321
Metrics/base_velocity/error_vel_yaw: 0.4837
      Episode_Termination/time_out: 0.1277
Episode_Termination/terrain_out_of_bounds: 0.0000
Episode_Termination/illegal_contact: 0.8723
--------------------------------------------------------------------------------
                   Total timesteps: 24576000
                    Iteration time: 1.87s
                      Time elapsed: 00:07:37
                               ETA: 12:34:23

################################################################################
                     [1m Learning iteration 250/25000 [0m                     

                       Computation: 48582 steps/s (collection: 1.464s, learning 0.560s)
             Mean action noise std: 0.54
          Mean value_function loss: 0.6374
               Mean surrogate loss: -0.0013
                 Mean entropy loss: 7.4675
                Mean priv_reg loss: 0.3653
                Mean amp/loss loss: 0.4398
            Mean amp/grad_pen loss: 0.1899
         Mean amp/policy_pred loss: -0.3721
         Mean amp/expert_pred loss: 0.3678
                       Mean reward: 15.75
               Mean episode length: 500.95
      Episode_Reward/is_terminated: -0.1633
       Episode_Reward/lin_vel_z_l2: -0.0656
      Episode_Reward/ang_vel_xy_l2: -0.0954
Episode_Reward/flat_orientation_l2: -0.0785
     Episode_Reward/base_height_l2: -0.0198
   Episode_Reward/joint_torques_l2: -0.0134
       Episode_Reward/joint_vel_l2: -0.0005
       Episode_Reward/joint_acc_l2: -0.0233
   Episode_Reward/joint_pos_limits: -0.0006
        Episode_Reward/joint_power: -0.0012
        Episode_Reward/stand_still: -0.0376
     Episode_Reward/action_rate_l2: -0.3796
 Episode_Reward/undesired_contacts: -0.0128
Episode_Reward/track_lin_vel_xy_exp: 1.0926
Episode_Reward/track_ang_vel_z_exp: 0.7412
      Episode_Reward/feet_air_time: 0.0049
Episode_Reward/feet_air_time_variance: -0.1384
         Episode_Reward/feet_slide: -0.0480
     Episode_Reward/feet_clearance: 0.9200
Episode_Reward/feet_distance_y_exp: 1.0191
   Episode_Reward/feet_landing_vel: -0.0021
 Episode_Reward/joint_vel_wheel_l2: -0.0076
 Episode_Reward/joint_acc_wheel_l2: -0.0002
Episode_Reward/joint_torques_wheel_l2: -0.0000
Episode_Reward/bipedal_gait_reward: -0.9996
Episode_Reward/feet_distance_penalize: -0.0139
        Episode_Reward/stop_motion: -0.0666
  Episode_Reward/action_smoothness: -0.4487
       Episode_Reward/lazy_penalty: -0.0666
         Episode_Reward/keep_alive: 0.0770
Episode_Reward/joint_deviation_hip: -0.0150
Episode_Reward/joint_deviation_ankle: -0.0303
Episode_Reward/joint_deviation_legs: -0.0067
Episode_Reward/body_orientation_l2: -0.0471
 Episode_Reward/ankle_torque_limit: -0.0056
Episode_Reward/penalize_hip_roll_action: -0.2973
Episode_Reward/feet_impact_reduction: -0.0001
Metrics/base_velocity/error_vel_xy: 0.5717
Metrics/base_velocity/error_vel_yaw: 0.5145
      Episode_Termination/time_out: 0.1292
Episode_Termination/terrain_out_of_bounds: 0.0000
Episode_Termination/illegal_contact: 0.8708
--------------------------------------------------------------------------------
                   Total timesteps: 24674304
                    Iteration time: 2.02s
                      Time elapsed: 00:07:39
                               ETA: 12:34:40

################################################################################
                     [1m Learning iteration 251/25000 [0m                     

                       Computation: 51572 steps/s (collection: 1.368s, learning 0.539s)
             Mean action noise std: 0.54
          Mean value_function loss: 0.6358
               Mean surrogate loss: -0.0027
                 Mean entropy loss: 7.4619
                Mean priv_reg loss: 0.3675
                Mean amp/loss loss: 0.4477
            Mean amp/grad_pen loss: 0.1847
         Mean amp/policy_pred loss: -0.3648
         Mean amp/expert_pred loss: 0.3588
                       Mean reward: 13.37
               Mean episode length: 473.11
      Episode_Reward/is_terminated: -0.1774
       Episode_Reward/lin_vel_z_l2: -0.0632
      Episode_Reward/ang_vel_xy_l2: -0.0872
Episode_Reward/flat_orientation_l2: -0.0757
     Episode_Reward/base_height_l2: -0.0204
   Episode_Reward/joint_torques_l2: -0.0123
       Episode_Reward/joint_vel_l2: -0.0005
       Episode_Reward/joint_acc_l2: -0.0210
   Episode_Reward/joint_pos_limits: -0.0004
        Episode_Reward/joint_power: -0.0011
        Episode_Reward/stand_still: -0.0355
     Episode_Reward/action_rate_l2: -0.3486
 Episode_Reward/undesired_contacts: -0.0147
Episode_Reward/track_lin_vel_xy_exp: 1.0781
Episode_Reward/track_ang_vel_z_exp: 0.7236
      Episode_Reward/feet_air_time: 0.0047
Episode_Reward/feet_air_time_variance: -0.1297
         Episode_Reward/feet_slide: -0.0450
     Episode_Reward/feet_clearance: 0.8434
Episode_Reward/feet_distance_y_exp: 0.9380
   Episode_Reward/feet_landing_vel: -0.0019
 Episode_Reward/joint_vel_wheel_l2: -0.0073
 Episode_Reward/joint_acc_wheel_l2: -0.0002
Episode_Reward/joint_torques_wheel_l2: -0.0000
Episode_Reward/bipedal_gait_reward: -0.9137
Episode_Reward/feet_distance_penalize: -0.0168
        Episode_Reward/stop_motion: -0.0942
  Episode_Reward/action_smoothness: -0.4132
       Episode_Reward/lazy_penalty: -0.0605
         Episode_Reward/keep_alive: 0.0708
Episode_Reward/joint_deviation_hip: -0.0137
Episode_Reward/joint_deviation_ankle: -0.0286
Episode_Reward/joint_deviation_legs: -0.0061
Episode_Reward/body_orientation_l2: -0.0454
 Episode_Reward/ankle_torque_limit: -0.0045
Episode_Reward/penalize_hip_roll_action: -0.2745
Episode_Reward/feet_impact_reduction: -0.0001
Metrics/base_velocity/error_vel_xy: 0.5012
Metrics/base_velocity/error_vel_yaw: 0.4518
      Episode_Termination/time_out: 0.1299
Episode_Termination/terrain_out_of_bounds: 0.0000
Episode_Termination/illegal_contact: 0.8701
--------------------------------------------------------------------------------
                   Total timesteps: 24772608
                    Iteration time: 1.91s
                      Time elapsed: 00:07:41
                               ETA: 12:34:46

################################################################################
                     [1m Learning iteration 252/25000 [0m                     

                       Computation: 52553 steps/s (collection: 1.314s, learning 0.556s)
             Mean action noise std: 0.54
          Mean value_function loss: 0.7318
               Mean surrogate loss: -0.0028
                 Mean entropy loss: 7.4754
                Mean priv_reg loss: 0.3634
                Mean amp/loss loss: 0.4386
            Mean amp/grad_pen loss: 0.1916
         Mean amp/policy_pred loss: -0.3738
         Mean amp/expert_pred loss: 0.3683
                       Mean reward: 16.24
               Mean episode length: 506.70
      Episode_Reward/is_terminated: -0.1640
       Episode_Reward/lin_vel_z_l2: -0.0642
      Episode_Reward/ang_vel_xy_l2: -0.0928
Episode_Reward/flat_orientation_l2: -0.0761
     Episode_Reward/base_height_l2: -0.0197
   Episode_Reward/joint_torques_l2: -0.0134
       Episode_Reward/joint_vel_l2: -0.0005
       Episode_Reward/joint_acc_l2: -0.0212
   Episode_Reward/joint_pos_limits: -0.0006
        Episode_Reward/joint_power: -0.0012
        Episode_Reward/stand_still: -0.0383
     Episode_Reward/action_rate_l2: -0.3807
 Episode_Reward/undesired_contacts: -0.0105
Episode_Reward/track_lin_vel_xy_exp: 1.1859
Episode_Reward/track_ang_vel_z_exp: 0.7582
      Episode_Reward/feet_air_time: 0.0054
Episode_Reward/feet_air_time_variance: -0.1445
         Episode_Reward/feet_slide: -0.0471
     Episode_Reward/feet_clearance: 0.9229
Episode_Reward/feet_distance_y_exp: 1.0240
   Episode_Reward/feet_landing_vel: -0.0022
 Episode_Reward/joint_vel_wheel_l2: -0.0080
 Episode_Reward/joint_acc_wheel_l2: -0.0002
Episode_Reward/joint_torques_wheel_l2: -0.0000
Episode_Reward/bipedal_gait_reward: -0.9986
Episode_Reward/feet_distance_penalize: -0.0222
        Episode_Reward/stop_motion: -0.0686
  Episode_Reward/action_smoothness: -0.4509
       Episode_Reward/lazy_penalty: -0.0672
         Episode_Reward/keep_alive: 0.0774
Episode_Reward/joint_deviation_hip: -0.0164
Episode_Reward/joint_deviation_ankle: -0.0304
Episode_Reward/joint_deviation_legs: -0.0067
Episode_Reward/body_orientation_l2: -0.0456
 Episode_Reward/ankle_torque_limit: -0.0040
Episode_Reward/penalize_hip_roll_action: -0.3046
Episode_Reward/feet_impact_reduction: -0.0001
Metrics/base_velocity/error_vel_xy: 0.5442
Metrics/base_velocity/error_vel_yaw: 0.5073
      Episode_Termination/time_out: 0.1304
Episode_Termination/terrain_out_of_bounds: 0.0000
Episode_Termination/illegal_contact: 0.8696
--------------------------------------------------------------------------------
                   Total timesteps: 24870912
                    Iteration time: 1.87s
                      Time elapsed: 00:07:42
                               ETA: 12:34:48

################################################################################
                     [1m Learning iteration 253/25000 [0m                     

                       Computation: 54701 steps/s (collection: 1.258s, learning 0.539s)
             Mean action noise std: 0.54
          Mean value_function loss: 0.6344
               Mean surrogate loss: -0.0015
                 Mean entropy loss: 7.4756
                Mean priv_reg loss: 0.3610
                Mean amp/loss loss: 0.4359
            Mean amp/grad_pen loss: 0.1914
         Mean amp/policy_pred loss: -0.3753
         Mean amp/expert_pred loss: 0.3697
                       Mean reward: 17.59
               Mean episode length: 519.56
      Episode_Reward/is_terminated: -0.1688
       Episode_Reward/lin_vel_z_l2: -0.0643
      Episode_Reward/ang_vel_xy_l2: -0.0948
Episode_Reward/flat_orientation_l2: -0.0756
     Episode_Reward/base_height_l2: -0.0190
   Episode_Reward/joint_torques_l2: -0.0132
       Episode_Reward/joint_vel_l2: -0.0005
       Episode_Reward/joint_acc_l2: -0.0215
   Episode_Reward/joint_pos_limits: -0.0005
        Episode_Reward/joint_power: -0.0012
        Episode_Reward/stand_still: -0.0603
     Episode_Reward/action_rate_l2: -0.3772
 Episode_Reward/undesired_contacts: -0.0111
Episode_Reward/track_lin_vel_xy_exp: 1.1489
Episode_Reward/track_ang_vel_z_exp: 0.7886
      Episode_Reward/feet_air_time: 0.0054
Episode_Reward/feet_air_time_variance: -0.1400
         Episode_Reward/feet_slide: -0.0471
     Episode_Reward/feet_clearance: 0.8948
Episode_Reward/feet_distance_y_exp: 1.0121
   Episode_Reward/feet_landing_vel: -0.0023
 Episode_Reward/joint_vel_wheel_l2: -0.0077
 Episode_Reward/joint_acc_wheel_l2: -0.0002
Episode_Reward/joint_torques_wheel_l2: -0.0000
Episode_Reward/bipedal_gait_reward: -0.9730
Episode_Reward/feet_distance_penalize: -0.0249
        Episode_Reward/stop_motion: -0.1058
  Episode_Reward/action_smoothness: -0.4469
       Episode_Reward/lazy_penalty: -0.0658
         Episode_Reward/keep_alive: 0.0765
Episode_Reward/joint_deviation_hip: -0.0153
Episode_Reward/joint_deviation_ankle: -0.0295
Episode_Reward/joint_deviation_legs: -0.0065
Episode_Reward/body_orientation_l2: -0.0453
 Episode_Reward/ankle_torque_limit: -0.0057
Episode_Reward/penalize_hip_roll_action: -0.2976
Episode_Reward/feet_impact_reduction: -0.0001
Metrics/base_velocity/error_vel_xy: 0.5374
Metrics/base_velocity/error_vel_yaw: 0.4849
      Episode_Termination/time_out: 0.1306
Episode_Termination/terrain_out_of_bounds: 0.0000
Episode_Termination/illegal_contact: 0.8694
--------------------------------------------------------------------------------
                   Total timesteps: 24969216
                    Iteration time: 1.80s
                      Time elapsed: 00:07:44
                               ETA: 12:34:43

################################################################################
                     [1m Learning iteration 254/25000 [0m                     

                       Computation: 55519 steps/s (collection: 1.233s, learning 0.538s)
             Mean action noise std: 0.54
          Mean value_function loss: 0.9140
               Mean surrogate loss: -0.0023
                 Mean entropy loss: 7.4676
                Mean priv_reg loss: 0.3687
                Mean amp/loss loss: 0.4414
            Mean amp/grad_pen loss: 0.1872
         Mean amp/policy_pred loss: -0.3671
         Mean amp/expert_pred loss: 0.3680
                       Mean reward: 18.60
               Mean episode length: 578.48
      Episode_Reward/is_terminated: -0.1678
       Episode_Reward/lin_vel_z_l2: -0.0740
      Episode_Reward/ang_vel_xy_l2: -0.0991
Episode_Reward/flat_orientation_l2: -0.0762
     Episode_Reward/base_height_l2: -0.0189
   Episode_Reward/joint_torques_l2: -0.0138
       Episode_Reward/joint_vel_l2: -0.0006
       Episode_Reward/joint_acc_l2: -0.0230
   Episode_Reward/joint_pos_limits: -0.0008
        Episode_Reward/joint_power: -0.0012
        Episode_Reward/stand_still: -0.0699
     Episode_Reward/action_rate_l2: -0.3884
 Episode_Reward/undesired_contacts: -0.0112
Episode_Reward/track_lin_vel_xy_exp: 1.1034
Episode_Reward/track_ang_vel_z_exp: 0.7739
      Episode_Reward/feet_air_time: 0.0060
Episode_Reward/feet_air_time_variance: -0.1401
         Episode_Reward/feet_slide: -0.0496
     Episode_Reward/feet_clearance: 0.9146
Episode_Reward/feet_distance_y_exp: 1.0368
   Episode_Reward/feet_landing_vel: -0.0024
 Episode_Reward/joint_vel_wheel_l2: -0.0079
 Episode_Reward/joint_acc_wheel_l2: -0.0002
Episode_Reward/joint_torques_wheel_l2: -0.0000
Episode_Reward/bipedal_gait_reward: -0.9905
Episode_Reward/feet_distance_penalize: -0.0214
        Episode_Reward/stop_motion: -0.0931
  Episode_Reward/action_smoothness: -0.4587
       Episode_Reward/lazy_penalty: -0.0630
         Episode_Reward/keep_alive: 0.0783
Episode_Reward/joint_deviation_hip: -0.0153
Episode_Reward/joint_deviation_ankle: -0.0293
Episode_Reward/joint_deviation_legs: -0.0065
Episode_Reward/body_orientation_l2: -0.0457
 Episode_Reward/ankle_torque_limit: -0.0068
Episode_Reward/penalize_hip_roll_action: -0.3081
Episode_Reward/feet_impact_reduction: -0.0001
Metrics/base_velocity/error_vel_xy: 0.5852
Metrics/base_velocity/error_vel_yaw: 0.5166
      Episode_Termination/time_out: 0.1332
Episode_Termination/terrain_out_of_bounds: 0.0000
Episode_Termination/illegal_contact: 0.8668
--------------------------------------------------------------------------------
                   Total timesteps: 25067520
                    Iteration time: 1.77s
                      Time elapsed: 00:07:46
                               ETA: 12:34:35

################################################################################
                     [1m Learning iteration 255/25000 [0m                     

                       Computation: 55449 steps/s (collection: 1.232s, learning 0.541s)
             Mean action noise std: 0.54
          Mean value_function loss: 0.7634
               Mean surrogate loss: -0.0019
                 Mean entropy loss: 7.4836
                Mean priv_reg loss: 0.3696
                Mean amp/loss loss: 0.4304
            Mean amp/grad_pen loss: 0.1886
         Mean amp/policy_pred loss: -0.3814
         Mean amp/expert_pred loss: 0.3778
                       Mean reward: 11.86
               Mean episode length: 495.25
      Episode_Reward/is_terminated: -0.1756
       Episode_Reward/lin_vel_z_l2: -0.0673
      Episode_Reward/ang_vel_xy_l2: -0.0964
Episode_Reward/flat_orientation_l2: -0.0825
     Episode_Reward/base_height_l2: -0.0207
   Episode_Reward/joint_torques_l2: -0.0128
       Episode_Reward/joint_vel_l2: -0.0005
       Episode_Reward/joint_acc_l2: -0.0217
   Episode_Reward/joint_pos_limits: -0.0008
        Episode_Reward/joint_power: -0.0011
        Episode_Reward/stand_still: -0.0397
     Episode_Reward/action_rate_l2: -0.3674
 Episode_Reward/undesired_contacts: -0.0135
Episode_Reward/track_lin_vel_xy_exp: 0.9117
Episode_Reward/track_ang_vel_z_exp: 0.7537
      Episode_Reward/feet_air_time: 0.0058
Episode_Reward/feet_air_time_variance: -0.1387
         Episode_Reward/feet_slide: -0.0477
     Episode_Reward/feet_clearance: 0.8837
Episode_Reward/feet_distance_y_exp: 0.9819
   Episode_Reward/feet_landing_vel: -0.0024
 Episode_Reward/joint_vel_wheel_l2: -0.0077
 Episode_Reward/joint_acc_wheel_l2: -0.0002
Episode_Reward/joint_torques_wheel_l2: -0.0000
Episode_Reward/bipedal_gait_reward: -0.9540
Episode_Reward/feet_distance_penalize: -0.0244
        Episode_Reward/stop_motion: -0.0736
  Episode_Reward/action_smoothness: -0.4336
       Episode_Reward/lazy_penalty: -0.0658
         Episode_Reward/keep_alive: 0.0742
Episode_Reward/joint_deviation_hip: -0.0148
Episode_Reward/joint_deviation_ankle: -0.0280
Episode_Reward/joint_deviation_legs: -0.0063
Episode_Reward/body_orientation_l2: -0.0495
 Episode_Reward/ankle_torque_limit: -0.0056
Episode_Reward/penalize_hip_roll_action: -0.2920
Episode_Reward/feet_impact_reduction: -0.0001
Metrics/base_velocity/error_vel_xy: 0.5939
Metrics/base_velocity/error_vel_yaw: 0.4775
      Episode_Termination/time_out: 0.1331
Episode_Termination/terrain_out_of_bounds: 0.0000
Episode_Termination/illegal_contact: 0.8669
--------------------------------------------------------------------------------
                   Total timesteps: 25165824
                    Iteration time: 1.77s
                      Time elapsed: 00:07:48
                               ETA: 12:34:28

################################################################################
                     [1m Learning iteration 256/25000 [0m                     

                       Computation: 50859 steps/s (collection: 1.394s, learning 0.539s)
             Mean action noise std: 0.54
          Mean value_function loss: 0.7784
               Mean surrogate loss: 0.0080
                 Mean entropy loss: 7.4980
                Mean priv_reg loss: 0.3765
                Mean amp/loss loss: 0.4319
            Mean amp/grad_pen loss: 0.1952
         Mean amp/policy_pred loss: -0.3837
         Mean amp/expert_pred loss: 0.3683
                       Mean reward: 14.02
               Mean episode length: 497.87
      Episode_Reward/is_terminated: -0.1736
       Episode_Reward/lin_vel_z_l2: -0.0692
      Episode_Reward/ang_vel_xy_l2: -0.0963
Episode_Reward/flat_orientation_l2: -0.0795
     Episode_Reward/base_height_l2: -0.0199
   Episode_Reward/joint_torques_l2: -0.0132
       Episode_Reward/joint_vel_l2: -0.0005
       Episode_Reward/joint_acc_l2: -0.0210
   Episode_Reward/joint_pos_limits: -0.0008
        Episode_Reward/joint_power: -0.0012
        Episode_Reward/stand_still: -0.0237
     Episode_Reward/action_rate_l2: -0.3744
 Episode_Reward/undesired_contacts: -0.0134
Episode_Reward/track_lin_vel_xy_exp: 1.0392
Episode_Reward/track_ang_vel_z_exp: 0.8026
      Episode_Reward/feet_air_time: 0.0060
Episode_Reward/feet_air_time_variance: -0.1380
         Episode_Reward/feet_slide: -0.0475
     Episode_Reward/feet_clearance: 0.9039
Episode_Reward/feet_distance_y_exp: 1.0003
   Episode_Reward/feet_landing_vel: -0.0020
 Episode_Reward/joint_vel_wheel_l2: -0.0077
 Episode_Reward/joint_acc_wheel_l2: -0.0002
Episode_Reward/joint_torques_wheel_l2: -0.0000
Episode_Reward/bipedal_gait_reward: -0.9810
Episode_Reward/feet_distance_penalize: -0.0228
        Episode_Reward/stop_motion: -0.0842
  Episode_Reward/action_smoothness: -0.4423
       Episode_Reward/lazy_penalty: -0.0637
         Episode_Reward/keep_alive: 0.0756
Episode_Reward/joint_deviation_hip: -0.0156
Episode_Reward/joint_deviation_ankle: -0.0283
Episode_Reward/joint_deviation_legs: -0.0064
Episode_Reward/body_orientation_l2: -0.0477
 Episode_Reward/ankle_torque_limit: -0.0062
Episode_Reward/penalize_hip_roll_action: -0.2963
Episode_Reward/feet_impact_reduction: -0.0001
Metrics/base_velocity/error_vel_xy: 0.5695
Metrics/base_velocity/error_vel_yaw: 0.4679
      Episode_Termination/time_out: 0.1341
Episode_Termination/terrain_out_of_bounds: 0.0000
Episode_Termination/illegal_contact: 0.8661
--------------------------------------------------------------------------------
                   Total timesteps: 25264128
                    Iteration time: 1.93s
                      Time elapsed: 00:07:50
                               ETA: 12:34:36

################################################################################
                     [1m Learning iteration 257/25000 [0m                     

                       Computation: 49921 steps/s (collection: 1.427s, learning 0.542s)
             Mean action noise std: 0.54
          Mean value_function loss: 0.8382
               Mean surrogate loss: -0.0005
                 Mean entropy loss: 7.4980
                Mean priv_reg loss: 0.3790
                Mean amp/loss loss: 0.4360
            Mean amp/grad_pen loss: 0.1971
         Mean amp/policy_pred loss: -0.3684
         Mean amp/expert_pred loss: 0.3751
                       Mean reward: 12.22
               Mean episode length: 506.12
      Episode_Reward/is_terminated: -0.1705
       Episode_Reward/lin_vel_z_l2: -0.0640
      Episode_Reward/ang_vel_xy_l2: -0.0949
Episode_Reward/flat_orientation_l2: -0.0769
     Episode_Reward/base_height_l2: -0.0192
   Episode_Reward/joint_torques_l2: -0.0132
       Episode_Reward/joint_vel_l2: -0.0006
       Episode_Reward/joint_acc_l2: -0.0218
   Episode_Reward/joint_pos_limits: -0.0007
        Episode_Reward/joint_power: -0.0012
        Episode_Reward/stand_still: -0.0478
     Episode_Reward/action_rate_l2: -0.3803
 Episode_Reward/undesired_contacts: -0.0115
Episode_Reward/track_lin_vel_xy_exp: 0.9964
Episode_Reward/track_ang_vel_z_exp: 0.7984
      Episode_Reward/feet_air_time: 0.0055
Episode_Reward/feet_air_time_variance: -0.1320
         Episode_Reward/feet_slide: -0.0476
     Episode_Reward/feet_clearance: 0.8997
Episode_Reward/feet_distance_y_exp: 1.0190
   Episode_Reward/feet_landing_vel: -0.0022
 Episode_Reward/joint_vel_wheel_l2: -0.0079
 Episode_Reward/joint_acc_wheel_l2: -0.0002
Episode_Reward/joint_torques_wheel_l2: -0.0000
Episode_Reward/bipedal_gait_reward: -0.9699
Episode_Reward/feet_distance_penalize: -0.0156
        Episode_Reward/stop_motion: -0.1045
  Episode_Reward/action_smoothness: -0.4502
       Episode_Reward/lazy_penalty: -0.0644
         Episode_Reward/keep_alive: 0.0770
Episode_Reward/joint_deviation_hip: -0.0154
Episode_Reward/joint_deviation_ankle: -0.0296
Episode_Reward/joint_deviation_legs: -0.0065
Episode_Reward/body_orientation_l2: -0.0461
 Episode_Reward/ankle_torque_limit: -0.0055
Episode_Reward/penalize_hip_roll_action: -0.3020
Episode_Reward/feet_impact_reduction: -0.0001
Metrics/base_velocity/error_vel_xy: 0.6004
Metrics/base_velocity/error_vel_yaw: 0.4848
      Episode_Termination/time_out: 0.1349
Episode_Termination/terrain_out_of_bounds: 0.0000
Episode_Termination/illegal_contact: 0.8653
--------------------------------------------------------------------------------
                   Total timesteps: 25362432
                    Iteration time: 1.97s
                      Time elapsed: 00:07:52
                               ETA: 12:34:48

################################################################################
                     [1m Learning iteration 258/25000 [0m                     

                       Computation: 48418 steps/s (collection: 1.470s, learning 0.560s)
             Mean action noise std: 0.54
          Mean value_function loss: 0.8311
               Mean surrogate loss: -0.0032
                 Mean entropy loss: 7.4907
                Mean priv_reg loss: 0.3762
                Mean amp/loss loss: 0.4416
            Mean amp/grad_pen loss: 0.1872
         Mean amp/policy_pred loss: -0.3719
         Mean amp/expert_pred loss: 0.3626
                       Mean reward: 15.38
               Mean episode length: 548.60
      Episode_Reward/is_terminated: -0.1705
       Episode_Reward/lin_vel_z_l2: -0.0667
      Episode_Reward/ang_vel_xy_l2: -0.1013
Episode_Reward/flat_orientation_l2: -0.0787
     Episode_Reward/base_height_l2: -0.0194
   Episode_Reward/joint_torques_l2: -0.0138
       Episode_Reward/joint_vel_l2: -0.0006
       Episode_Reward/joint_acc_l2: -0.0229
   Episode_Reward/joint_pos_limits: -0.0008
        Episode_Reward/joint_power: -0.0012
        Episode_Reward/stand_still: -0.0588
     Episode_Reward/action_rate_l2: -0.4047
 Episode_Reward/undesired_contacts: -0.0113
Episode_Reward/track_lin_vel_xy_exp: 1.0998
Episode_Reward/track_ang_vel_z_exp: 0.8165
      Episode_Reward/feet_air_time: 0.0058
Episode_Reward/feet_air_time_variance: -0.1405
         Episode_Reward/feet_slide: -0.0504
     Episode_Reward/feet_clearance: 0.9655
Episode_Reward/feet_distance_y_exp: 1.0774
   Episode_Reward/feet_landing_vel: -0.0023
 Episode_Reward/joint_vel_wheel_l2: -0.0083
 Episode_Reward/joint_acc_wheel_l2: -0.0002
Episode_Reward/joint_torques_wheel_l2: -0.0000
Episode_Reward/bipedal_gait_reward: -1.0421
Episode_Reward/feet_distance_penalize: -0.0221
        Episode_Reward/stop_motion: -0.0730
  Episode_Reward/action_smoothness: -0.4772
       Episode_Reward/lazy_penalty: -0.0682
         Episode_Reward/keep_alive: 0.0814
Episode_Reward/joint_deviation_hip: -0.0167
Episode_Reward/joint_deviation_ankle: -0.0305
Episode_Reward/joint_deviation_legs: -0.0068
Episode_Reward/body_orientation_l2: -0.0472
 Episode_Reward/ankle_torque_limit: -0.0063
Episode_Reward/penalize_hip_roll_action: -0.3202
Episode_Reward/feet_impact_reduction: -0.0001
Metrics/base_velocity/error_vel_xy: 0.6190
Metrics/base_velocity/error_vel_yaw: 0.5274
      Episode_Termination/time_out: 0.1383
Episode_Termination/terrain_out_of_bounds: 0.0000
Episode_Termination/illegal_contact: 0.8617
--------------------------------------------------------------------------------
                   Total timesteps: 25460736
                    Iteration time: 2.03s
                      Time elapsed: 00:07:54
                               ETA: 12:35:05

################################################################################
                     [1m Learning iteration 259/25000 [0m                     

                       Computation: 47541 steps/s (collection: 1.503s, learning 0.565s)
             Mean action noise std: 0.54
          Mean value_function loss: 0.7867
               Mean surrogate loss: -0.0033
                 Mean entropy loss: 7.4839
                Mean priv_reg loss: 0.3794
                Mean amp/loss loss: 0.4336
            Mean amp/grad_pen loss: 0.1896
         Mean amp/policy_pred loss: -0.3805
         Mean amp/expert_pred loss: 0.3728
                       Mean reward: 16.55
               Mean episode length: 510.27
      Episode_Reward/is_terminated: -0.1676
       Episode_Reward/lin_vel_z_l2: -0.0647
      Episode_Reward/ang_vel_xy_l2: -0.0923
Episode_Reward/flat_orientation_l2: -0.0781
     Episode_Reward/base_height_l2: -0.0192
   Episode_Reward/joint_torques_l2: -0.0132
       Episode_Reward/joint_vel_l2: -0.0005
       Episode_Reward/joint_acc_l2: -0.0211
   Episode_Reward/joint_pos_limits: -0.0006
        Episode_Reward/joint_power: -0.0012
        Episode_Reward/stand_still: -0.0442
     Episode_Reward/action_rate_l2: -0.3722
 Episode_Reward/undesired_contacts: -0.0095
Episode_Reward/track_lin_vel_xy_exp: 1.1063
Episode_Reward/track_ang_vel_z_exp: 0.8097
      Episode_Reward/feet_air_time: 0.0062
Episode_Reward/feet_air_time_variance: -0.1404
         Episode_Reward/feet_slide: -0.0465
     Episode_Reward/feet_clearance: 0.8946
Episode_Reward/feet_distance_y_exp: 0.9981
   Episode_Reward/feet_landing_vel: -0.0023
 Episode_Reward/joint_vel_wheel_l2: -0.0081
 Episode_Reward/joint_acc_wheel_l2: -0.0002
Episode_Reward/joint_torques_wheel_l2: -0.0000
Episode_Reward/bipedal_gait_reward: -0.9666
Episode_Reward/feet_distance_penalize: -0.0253
        Episode_Reward/stop_motion: -0.0799
  Episode_Reward/action_smoothness: -0.4386
       Episode_Reward/lazy_penalty: -0.0650
         Episode_Reward/keep_alive: 0.0754
Episode_Reward/joint_deviation_hip: -0.0152
Episode_Reward/joint_deviation_ankle: -0.0302
Episode_Reward/joint_deviation_legs: -0.0064
Episode_Reward/body_orientation_l2: -0.0469
 Episode_Reward/ankle_torque_limit: -0.0061
Episode_Reward/penalize_hip_roll_action: -0.2947
Episode_Reward/feet_impact_reduction: -0.0001
Metrics/base_velocity/error_vel_xy: 0.5453
Metrics/base_velocity/error_vel_yaw: 0.4618
      Episode_Termination/time_out: 0.1402
Episode_Termination/terrain_out_of_bounds: 0.0000
Episode_Termination/illegal_contact: 0.8598
--------------------------------------------------------------------------------
                   Total timesteps: 25559040
                    Iteration time: 2.07s
                      Time elapsed: 00:07:56
                               ETA: 12:35:25

################################################################################
                     [1m Learning iteration 260/25000 [0m                     

                       Computation: 46007 steps/s (collection: 1.498s, learning 0.639s)
             Mean action noise std: 0.54
          Mean value_function loss: 1.2868
               Mean surrogate loss: 0.1102
                 Mean entropy loss: 7.4808
                Mean priv_reg loss: 0.3860
                Mean amp/loss loss: 0.4226
            Mean amp/grad_pen loss: 0.1938
         Mean amp/policy_pred loss: -0.3901
         Mean amp/expert_pred loss: 0.3851
             Mean hist_latent loss: 0.3698
                       Mean reward: 18.68
               Mean episode length: 584.03
      Episode_Reward/is_terminated: -0.1594
       Episode_Reward/lin_vel_z_l2: -0.0716
      Episode_Reward/ang_vel_xy_l2: -0.1049
Episode_Reward/flat_orientation_l2: -0.0815
     Episode_Reward/base_height_l2: -0.0193
   Episode_Reward/joint_torques_l2: -0.0149
       Episode_Reward/joint_vel_l2: -0.0006
       Episode_Reward/joint_acc_l2: -0.0262
   Episode_Reward/joint_pos_limits: -0.0005
        Episode_Reward/joint_power: -0.0013
        Episode_Reward/stand_still: -0.0599
     Episode_Reward/action_rate_l2: -0.4296
 Episode_Reward/undesired_contacts: -0.0122
Episode_Reward/track_lin_vel_xy_exp: 1.2284
Episode_Reward/track_ang_vel_z_exp: 0.9271
      Episode_Reward/feet_air_time: 0.0064
Episode_Reward/feet_air_time_variance: -0.1570
         Episode_Reward/feet_slide: -0.0515
     Episode_Reward/feet_clearance: 1.0137
Episode_Reward/feet_distance_y_exp: 1.1448
   Episode_Reward/feet_landing_vel: -0.0025
 Episode_Reward/joint_vel_wheel_l2: -0.0089
 Episode_Reward/joint_acc_wheel_l2: -0.0002
Episode_Reward/joint_torques_wheel_l2: -0.0000
Episode_Reward/bipedal_gait_reward: -1.0899
Episode_Reward/feet_distance_penalize: -0.0298
        Episode_Reward/stop_motion: -0.1077
  Episode_Reward/action_smoothness: -0.5058
       Episode_Reward/lazy_penalty: -0.0727
         Episode_Reward/keep_alive: 0.0865
Episode_Reward/joint_deviation_hip: -0.0169
Episode_Reward/joint_deviation_ankle: -0.0326
Episode_Reward/joint_deviation_legs: -0.0072
Episode_Reward/body_orientation_l2: -0.0489
 Episode_Reward/ankle_torque_limit: -0.0058
Episode_Reward/penalize_hip_roll_action: -0.3391
Episode_Reward/feet_impact_reduction: -0.0001
Metrics/base_velocity/error_vel_xy: 0.6342
Metrics/base_velocity/error_vel_yaw: 0.5316
      Episode_Termination/time_out: 0.1431
Episode_Termination/terrain_out_of_bounds: 0.0000
Episode_Termination/illegal_contact: 0.8569
--------------------------------------------------------------------------------
                   Total timesteps: 25657344
                    Iteration time: 2.14s
                      Time elapsed: 00:07:58
                               ETA: 12:35:53

################################################################################
                     [1m Learning iteration 261/25000 [0m                     

                       Computation: 54194 steps/s (collection: 1.292s, learning 0.522s)
             Mean action noise std: 0.54
          Mean value_function loss: 0.9017
               Mean surrogate loss: -0.0003
                 Mean entropy loss: 7.4902
                Mean priv_reg loss: 0.3770
                Mean amp/loss loss: 0.4249
            Mean amp/grad_pen loss: 0.1924
         Mean amp/policy_pred loss: -0.3935
         Mean amp/expert_pred loss: 0.3778
                       Mean reward: 16.40
               Mean episode length: 536.93
      Episode_Reward/is_terminated: -0.1748
       Episode_Reward/lin_vel_z_l2: -0.0678
      Episode_Reward/ang_vel_xy_l2: -0.0993
Episode_Reward/flat_orientation_l2: -0.0770
     Episode_Reward/base_height_l2: -0.0193
   Episode_Reward/joint_torques_l2: -0.0136
       Episode_Reward/joint_vel_l2: -0.0006
       Episode_Reward/joint_acc_l2: -0.0221
   Episode_Reward/joint_pos_limits: -0.0005
        Episode_Reward/joint_power: -0.0012
        Episode_Reward/stand_still: -0.0564
     Episode_Reward/action_rate_l2: -0.3925
 Episode_Reward/undesired_contacts: -0.0111
Episode_Reward/track_lin_vel_xy_exp: 1.1494
Episode_Reward/track_ang_vel_z_exp: 0.8156
      Episode_Reward/feet_air_time: 0.0052
Episode_Reward/feet_air_time_variance: -0.1426
         Episode_Reward/feet_slide: -0.0483
     Episode_Reward/feet_clearance: 0.9181
Episode_Reward/feet_distance_y_exp: 1.0425
   Episode_Reward/feet_landing_vel: -0.0024
 Episode_Reward/joint_vel_wheel_l2: -0.0085
 Episode_Reward/joint_acc_wheel_l2: -0.0002
Episode_Reward/joint_torques_wheel_l2: -0.0000
Episode_Reward/bipedal_gait_reward: -0.9895
Episode_Reward/feet_distance_penalize: -0.0219
        Episode_Reward/stop_motion: -0.0916
  Episode_Reward/action_smoothness: -0.4622
       Episode_Reward/lazy_penalty: -0.0661
         Episode_Reward/keep_alive: 0.0788
Episode_Reward/joint_deviation_hip: -0.0158
Episode_Reward/joint_deviation_ankle: -0.0301
Episode_Reward/joint_deviation_legs: -0.0064
Episode_Reward/body_orientation_l2: -0.0462
 Episode_Reward/ankle_torque_limit: -0.0072
Episode_Reward/penalize_hip_roll_action: -0.3102
Episode_Reward/feet_impact_reduction: -0.0001
Metrics/base_velocity/error_vel_xy: 0.5782
Metrics/base_velocity/error_vel_yaw: 0.5020
      Episode_Termination/time_out: 0.1459
Episode_Termination/terrain_out_of_bounds: 0.0000
Episode_Termination/illegal_contact: 0.8543
--------------------------------------------------------------------------------
                   Total timesteps: 25755648
                    Iteration time: 1.81s
                      Time elapsed: 00:08:00
                               ETA: 12:35:49

################################################################################
                     [1m Learning iteration 262/25000 [0m                     

                       Computation: 57457 steps/s (collection: 1.178s, learning 0.533s)
             Mean action noise std: 0.54
          Mean value_function loss: 0.9887
               Mean surrogate loss: -0.0036
                 Mean entropy loss: 7.4944
                Mean priv_reg loss: 0.3692
                Mean amp/loss loss: 0.4403
            Mean amp/grad_pen loss: 0.1842
         Mean amp/policy_pred loss: -0.3719
         Mean amp/expert_pred loss: 0.3683
                       Mean reward: 15.94
               Mean episode length: 499.13
      Episode_Reward/is_terminated: -0.1731
       Episode_Reward/lin_vel_z_l2: -0.0701
      Episode_Reward/ang_vel_xy_l2: -0.0972
Episode_Reward/flat_orientation_l2: -0.0799
     Episode_Reward/base_height_l2: -0.0193
   Episode_Reward/joint_torques_l2: -0.0132
       Episode_Reward/joint_vel_l2: -0.0006
       Episode_Reward/joint_acc_l2: -0.0216
   Episode_Reward/joint_pos_limits: -0.0005
        Episode_Reward/joint_power: -0.0012
        Episode_Reward/stand_still: -0.0125
     Episode_Reward/action_rate_l2: -0.3803
 Episode_Reward/undesired_contacts: -0.0125
Episode_Reward/track_lin_vel_xy_exp: 1.0754
Episode_Reward/track_ang_vel_z_exp: 0.7905
      Episode_Reward/feet_air_time: 0.0065
Episode_Reward/feet_air_time_variance: -0.1394
         Episode_Reward/feet_slide: -0.0478
     Episode_Reward/feet_clearance: 0.9200
Episode_Reward/feet_distance_y_exp: 1.0090
   Episode_Reward/feet_landing_vel: -0.0024
 Episode_Reward/joint_vel_wheel_l2: -0.0083
 Episode_Reward/joint_acc_wheel_l2: -0.0002
Episode_Reward/joint_torques_wheel_l2: -0.0000
Episode_Reward/bipedal_gait_reward: -0.9955
Episode_Reward/feet_distance_penalize: -0.0317
        Episode_Reward/stop_motion: -0.0855
  Episode_Reward/action_smoothness: -0.4466
       Episode_Reward/lazy_penalty: -0.0631
         Episode_Reward/keep_alive: 0.0762
Episode_Reward/joint_deviation_hip: -0.0154
Episode_Reward/joint_deviation_ankle: -0.0288
Episode_Reward/joint_deviation_legs: -0.0062
Episode_Reward/body_orientation_l2: -0.0479
 Episode_Reward/ankle_torque_limit: -0.0069
Episode_Reward/penalize_hip_roll_action: -0.3013
Episode_Reward/feet_impact_reduction: -0.0001
Metrics/base_velocity/error_vel_xy: 0.5689
Metrics/base_velocity/error_vel_yaw: 0.4877
      Episode_Termination/time_out: 0.1448
Episode_Termination/terrain_out_of_bounds: 0.0000
Episode_Termination/illegal_contact: 0.8555
--------------------------------------------------------------------------------
                   Total timesteps: 25853952
                    Iteration time: 1.71s
                      Time elapsed: 00:08:01
                               ETA: 12:35:36

################################################################################
                     [1m Learning iteration 263/25000 [0m                     

                       Computation: 55531 steps/s (collection: 1.247s, learning 0.523s)
             Mean action noise std: 0.54
          Mean value_function loss: 0.8249
               Mean surrogate loss: -0.0029
                 Mean entropy loss: 7.4902
                Mean priv_reg loss: 0.3715
                Mean amp/loss loss: 0.4257
            Mean amp/grad_pen loss: 0.1892
         Mean amp/policy_pred loss: -0.3861
         Mean amp/expert_pred loss: 0.3845
                       Mean reward: 14.65
               Mean episode length: 513.54
      Episode_Reward/is_terminated: -0.1619
       Episode_Reward/lin_vel_z_l2: -0.0683
      Episode_Reward/ang_vel_xy_l2: -0.0951
Episode_Reward/flat_orientation_l2: -0.0769
     Episode_Reward/base_height_l2: -0.0189
   Episode_Reward/joint_torques_l2: -0.0141
       Episode_Reward/joint_vel_l2: -0.0006
       Episode_Reward/joint_acc_l2: -0.0235
   Episode_Reward/joint_pos_limits: -0.0005
        Episode_Reward/joint_power: -0.0012
        Episode_Reward/stand_still: -0.0600
     Episode_Reward/action_rate_l2: -0.3898
 Episode_Reward/undesired_contacts: -0.0111
Episode_Reward/track_lin_vel_xy_exp: 1.1573
Episode_Reward/track_ang_vel_z_exp: 0.8110
      Episode_Reward/feet_air_time: 0.0062
Episode_Reward/feet_air_time_variance: -0.1370
         Episode_Reward/feet_slide: -0.0484
     Episode_Reward/feet_clearance: 0.9057
Episode_Reward/feet_distance_y_exp: 1.0343
   Episode_Reward/feet_landing_vel: -0.0025
 Episode_Reward/joint_vel_wheel_l2: -0.0086
 Episode_Reward/joint_acc_wheel_l2: -0.0002
Episode_Reward/joint_torques_wheel_l2: -0.0000
Episode_Reward/bipedal_gait_reward: -0.9848
Episode_Reward/feet_distance_penalize: -0.0263
        Episode_Reward/stop_motion: -0.0935
  Episode_Reward/action_smoothness: -0.4572
       Episode_Reward/lazy_penalty: -0.0631
         Episode_Reward/keep_alive: 0.0781
Episode_Reward/joint_deviation_hip: -0.0158
Episode_Reward/joint_deviation_ankle: -0.0300
Episode_Reward/joint_deviation_legs: -0.0065
Episode_Reward/body_orientation_l2: -0.0461
 Episode_Reward/ankle_torque_limit: -0.0083
Episode_Reward/penalize_hip_roll_action: -0.3082
Episode_Reward/feet_impact_reduction: -0.0001
Metrics/base_velocity/error_vel_xy: 0.5556
Metrics/base_velocity/error_vel_yaw: 0.4943
      Episode_Termination/time_out: 0.1482
Episode_Termination/terrain_out_of_bounds: 0.0000
Episode_Termination/illegal_contact: 0.8520
--------------------------------------------------------------------------------
                   Total timesteps: 25952256
                    Iteration time: 1.77s
                      Time elapsed: 00:08:03
                               ETA: 12:35:28

################################################################################
                     [1m Learning iteration 264/25000 [0m                     

                       Computation: 52898 steps/s (collection: 1.325s, learning 0.533s)
             Mean action noise std: 0.54
          Mean value_function loss: 0.8031
               Mean surrogate loss: -0.0011
                 Mean entropy loss: 7.4880
                Mean priv_reg loss: 0.3694
                Mean amp/loss loss: 0.4487
            Mean amp/grad_pen loss: 0.1994
         Mean amp/policy_pred loss: -0.3648
         Mean amp/expert_pred loss: 0.3595
                       Mean reward: 20.84
               Mean episode length: 580.80
      Episode_Reward/is_terminated: -0.1494
       Episode_Reward/lin_vel_z_l2: -0.0713
      Episode_Reward/ang_vel_xy_l2: -0.1036
Episode_Reward/flat_orientation_l2: -0.0777
     Episode_Reward/base_height_l2: -0.0183
   Episode_Reward/joint_torques_l2: -0.0155
       Episode_Reward/joint_vel_l2: -0.0006
       Episode_Reward/joint_acc_l2: -0.0268
   Episode_Reward/joint_pos_limits: -0.0005
        Episode_Reward/joint_power: -0.0014
        Episode_Reward/stand_still: -0.0531
     Episode_Reward/action_rate_l2: -0.4309
 Episode_Reward/undesired_contacts: -0.0093
Episode_Reward/track_lin_vel_xy_exp: 1.2752
Episode_Reward/track_ang_vel_z_exp: 0.9109
      Episode_Reward/feet_air_time: 0.0059
Episode_Reward/feet_air_time_variance: -0.1599
         Episode_Reward/feet_slide: -0.0513
     Episode_Reward/feet_clearance: 1.0249
Episode_Reward/feet_distance_y_exp: 1.1504
   Episode_Reward/feet_landing_vel: -0.0025
 Episode_Reward/joint_vel_wheel_l2: -0.0094
 Episode_Reward/joint_acc_wheel_l2: -0.0002
Episode_Reward/joint_torques_wheel_l2: -0.0000
Episode_Reward/bipedal_gait_reward: -1.1042
Episode_Reward/feet_distance_penalize: -0.0246
        Episode_Reward/stop_motion: -0.0867
  Episode_Reward/action_smoothness: -0.5078
       Episode_Reward/lazy_penalty: -0.0736
         Episode_Reward/keep_alive: 0.0869
Episode_Reward/joint_deviation_hip: -0.0173
Episode_Reward/joint_deviation_ankle: -0.0333
Episode_Reward/joint_deviation_legs: -0.0072
Episode_Reward/body_orientation_l2: -0.0466
 Episode_Reward/ankle_torque_limit: -0.0070
Episode_Reward/penalize_hip_roll_action: -0.3386
Episode_Reward/feet_impact_reduction: -0.0001
Metrics/base_velocity/error_vel_xy: 0.6154
Metrics/base_velocity/error_vel_yaw: 0.5410
      Episode_Termination/time_out: 0.1554
Episode_Termination/terrain_out_of_bounds: 0.0000
Episode_Termination/illegal_contact: 0.8448
--------------------------------------------------------------------------------
                   Total timesteps: 26050560
                    Iteration time: 1.86s
                      Time elapsed: 00:08:05
                               ETA: 12:35:28

################################################################################
                     [1m Learning iteration 265/25000 [0m                     

                       Computation: 57517 steps/s (collection: 1.181s, learning 0.528s)
             Mean action noise std: 0.54
          Mean value_function loss: 0.7121
               Mean surrogate loss: -0.0021
                 Mean entropy loss: 7.4811
                Mean priv_reg loss: 0.3611
                Mean amp/loss loss: 0.4587
            Mean amp/grad_pen loss: 0.1825
         Mean amp/policy_pred loss: -0.3524
         Mean amp/expert_pred loss: 0.3535
                       Mean reward: 17.23
               Mean episode length: 506.28
      Episode_Reward/is_terminated: -0.1594
       Episode_Reward/lin_vel_z_l2: -0.0683
      Episode_Reward/ang_vel_xy_l2: -0.0996
Episode_Reward/flat_orientation_l2: -0.0793
     Episode_Reward/base_height_l2: -0.0186
   Episode_Reward/joint_torques_l2: -0.0142
       Episode_Reward/joint_vel_l2: -0.0006
       Episode_Reward/joint_acc_l2: -0.0236
   Episode_Reward/joint_pos_limits: -0.0005
        Episode_Reward/joint_power: -0.0013
        Episode_Reward/stand_still: -0.0507
     Episode_Reward/action_rate_l2: -0.3949
 Episode_Reward/undesired_contacts: -0.0110
Episode_Reward/track_lin_vel_xy_exp: 1.1662
Episode_Reward/track_ang_vel_z_exp: 0.8389
      Episode_Reward/feet_air_time: 0.0070
Episode_Reward/feet_air_time_variance: -0.1417
         Episode_Reward/feet_slide: -0.0481
     Episode_Reward/feet_clearance: 0.9324
Episode_Reward/feet_distance_y_exp: 1.0495
   Episode_Reward/feet_landing_vel: -0.0026
 Episode_Reward/joint_vel_wheel_l2: -0.0088
 Episode_Reward/joint_acc_wheel_l2: -0.0002
Episode_Reward/joint_torques_wheel_l2: -0.0000
Episode_Reward/bipedal_gait_reward: -1.0080
Episode_Reward/feet_distance_penalize: -0.0281
        Episode_Reward/stop_motion: -0.1017
  Episode_Reward/action_smoothness: -0.4647
       Episode_Reward/lazy_penalty: -0.0670
         Episode_Reward/keep_alive: 0.0793
Episode_Reward/joint_deviation_hip: -0.0162
Episode_Reward/joint_deviation_ankle: -0.0299
Episode_Reward/joint_deviation_legs: -0.0066
Episode_Reward/body_orientation_l2: -0.0476
 Episode_Reward/ankle_torque_limit: -0.0074
Episode_Reward/penalize_hip_roll_action: -0.3159
Episode_Reward/feet_impact_reduction: -0.0001
Metrics/base_velocity/error_vel_xy: 0.5768
Metrics/base_velocity/error_vel_yaw: 0.4974
      Episode_Termination/time_out: 0.1626
Episode_Termination/terrain_out_of_bounds: 0.0000
Episode_Termination/illegal_contact: 0.8377
--------------------------------------------------------------------------------
                   Total timesteps: 26148864
                    Iteration time: 1.71s
                      Time elapsed: 00:08:07
                               ETA: 12:35:15

################################################################################
                     [1m Learning iteration 266/25000 [0m                     

                       Computation: 56633 steps/s (collection: 1.208s, learning 0.528s)
             Mean action noise std: 0.54
          Mean value_function loss: 0.7924
               Mean surrogate loss: -0.0003
                 Mean entropy loss: 7.4880
                Mean priv_reg loss: 0.3573
                Mean amp/loss loss: 0.4513
            Mean amp/grad_pen loss: 0.1880
         Mean amp/policy_pred loss: -0.3620
         Mean amp/expert_pred loss: 0.3601
                       Mean reward: 17.21
               Mean episode length: 541.03
      Episode_Reward/is_terminated: -0.1696
       Episode_Reward/lin_vel_z_l2: -0.0725
      Episode_Reward/ang_vel_xy_l2: -0.1010
Episode_Reward/flat_orientation_l2: -0.0822
     Episode_Reward/base_height_l2: -0.0195
   Episode_Reward/joint_torques_l2: -0.0144
       Episode_Reward/joint_vel_l2: -0.0006
       Episode_Reward/joint_acc_l2: -0.0233
   Episode_Reward/joint_pos_limits: -0.0005
        Episode_Reward/joint_power: -0.0013
        Episode_Reward/stand_still: -0.0405
     Episode_Reward/action_rate_l2: -0.4028
 Episode_Reward/undesired_contacts: -0.0121
Episode_Reward/track_lin_vel_xy_exp: 1.1099
Episode_Reward/track_ang_vel_z_exp: 0.8019
      Episode_Reward/feet_air_time: 0.0059
Episode_Reward/feet_air_time_variance: -0.1421
         Episode_Reward/feet_slide: -0.0496
     Episode_Reward/feet_clearance: 0.9489
Episode_Reward/feet_distance_y_exp: 1.0650
   Episode_Reward/feet_landing_vel: -0.0027
 Episode_Reward/joint_vel_wheel_l2: -0.0090
 Episode_Reward/joint_acc_wheel_l2: -0.0002
Episode_Reward/joint_torques_wheel_l2: -0.0000
Episode_Reward/bipedal_gait_reward: -1.0326
Episode_Reward/feet_distance_penalize: -0.0263
        Episode_Reward/stop_motion: -0.0997
  Episode_Reward/action_smoothness: -0.4723
       Episode_Reward/lazy_penalty: -0.0641
         Episode_Reward/keep_alive: 0.0805
Episode_Reward/joint_deviation_hip: -0.0160
Episode_Reward/joint_deviation_ankle: -0.0309
Episode_Reward/joint_deviation_legs: -0.0066
Episode_Reward/body_orientation_l2: -0.0493
 Episode_Reward/ankle_torque_limit: -0.0104
Episode_Reward/penalize_hip_roll_action: -0.3174
Episode_Reward/feet_impact_reduction: -0.0001
Metrics/base_velocity/error_vel_xy: 0.6086
Metrics/base_velocity/error_vel_yaw: 0.5314
      Episode_Termination/time_out: 0.1650
Episode_Termination/terrain_out_of_bounds: 0.0000
Episode_Termination/illegal_contact: 0.8352
--------------------------------------------------------------------------------
                   Total timesteps: 26247168
                    Iteration time: 1.74s
                      Time elapsed: 00:08:09
                               ETA: 12:35:04

################################################################################
                     [1m Learning iteration 267/25000 [0m                     

                       Computation: 57209 steps/s (collection: 1.186s, learning 0.533s)
             Mean action noise std: 0.54
          Mean value_function loss: 0.7338
               Mean surrogate loss: -0.0032
                 Mean entropy loss: 7.4860
                Mean priv_reg loss: 0.3592
                Mean amp/loss loss: 0.4554
            Mean amp/grad_pen loss: 0.1849
         Mean amp/policy_pred loss: -0.3593
         Mean amp/expert_pred loss: 0.3531
                       Mean reward: 19.54
               Mean episode length: 596.29
      Episode_Reward/is_terminated: -0.1461
       Episode_Reward/lin_vel_z_l2: -0.0729
      Episode_Reward/ang_vel_xy_l2: -0.1072
Episode_Reward/flat_orientation_l2: -0.0781
     Episode_Reward/base_height_l2: -0.0174
   Episode_Reward/joint_torques_l2: -0.0164
       Episode_Reward/joint_vel_l2: -0.0006
       Episode_Reward/joint_acc_l2: -0.0247
   Episode_Reward/joint_pos_limits: -0.0005
        Episode_Reward/joint_power: -0.0014
        Episode_Reward/stand_still: -0.0279
     Episode_Reward/action_rate_l2: -0.4602
 Episode_Reward/undesired_contacts: -0.0093
Episode_Reward/track_lin_vel_xy_exp: 1.2852
Episode_Reward/track_ang_vel_z_exp: 0.9775
      Episode_Reward/feet_air_time: 0.0066
Episode_Reward/feet_air_time_variance: -0.1659
         Episode_Reward/feet_slide: -0.0533
     Episode_Reward/feet_clearance: 1.1081
Episode_Reward/feet_distance_y_exp: 1.2248
   Episode_Reward/feet_landing_vel: -0.0026
 Episode_Reward/joint_vel_wheel_l2: -0.0103
 Episode_Reward/joint_acc_wheel_l2: -0.0002
Episode_Reward/joint_torques_wheel_l2: -0.0000
Episode_Reward/bipedal_gait_reward: -1.1890
Episode_Reward/feet_distance_penalize: -0.0313
        Episode_Reward/stop_motion: -0.1008
  Episode_Reward/action_smoothness: -0.5432
       Episode_Reward/lazy_penalty: -0.0787
         Episode_Reward/keep_alive: 0.0926
Episode_Reward/joint_deviation_hip: -0.0190
Episode_Reward/joint_deviation_ankle: -0.0350
Episode_Reward/joint_deviation_legs: -0.0075
Episode_Reward/body_orientation_l2: -0.0469
 Episode_Reward/ankle_torque_limit: -0.0073
Episode_Reward/penalize_hip_roll_action: -0.3651
Episode_Reward/feet_impact_reduction: -0.0001
Metrics/base_velocity/error_vel_xy: 0.6801
Metrics/base_velocity/error_vel_yaw: 0.5719
      Episode_Termination/time_out: 0.1671
Episode_Termination/terrain_out_of_bounds: 0.0000
Episode_Termination/illegal_contact: 0.8331
--------------------------------------------------------------------------------
                   Total timesteps: 26345472
                    Iteration time: 1.72s
                      Time elapsed: 00:08:10
                               ETA: 12:34:52

################################################################################
                     [1m Learning iteration 268/25000 [0m                     

                       Computation: 54608 steps/s (collection: 1.266s, learning 0.534s)
             Mean action noise std: 0.54
          Mean value_function loss: 0.8096
               Mean surrogate loss: 0.0019
                 Mean entropy loss: 7.5033
                Mean priv_reg loss: 0.3594
                Mean amp/loss loss: 0.4537
            Mean amp/grad_pen loss: 0.1905
         Mean amp/policy_pred loss: -0.3614
         Mean amp/expert_pred loss: 0.3559
                       Mean reward: 16.08
               Mean episode length: 585.91
      Episode_Reward/is_terminated: -0.1533
       Episode_Reward/lin_vel_z_l2: -0.0719
      Episode_Reward/ang_vel_xy_l2: -0.1060
Episode_Reward/flat_orientation_l2: -0.0817
     Episode_Reward/base_height_l2: -0.0192
   Episode_Reward/joint_torques_l2: -0.0148
       Episode_Reward/joint_vel_l2: -0.0006
       Episode_Reward/joint_acc_l2: -0.0223
   Episode_Reward/joint_pos_limits: -0.0005
        Episode_Reward/joint_power: -0.0013
        Episode_Reward/stand_still: -0.0324
     Episode_Reward/action_rate_l2: -0.4240
 Episode_Reward/undesired_contacts: -0.0122
Episode_Reward/track_lin_vel_xy_exp: 1.0880
Episode_Reward/track_ang_vel_z_exp: 0.8687
      Episode_Reward/feet_air_time: 0.0081
Episode_Reward/feet_air_time_variance: -0.1510
         Episode_Reward/feet_slide: -0.0500
     Episode_Reward/feet_clearance: 1.0166
Episode_Reward/feet_distance_y_exp: 1.1249
   Episode_Reward/feet_landing_vel: -0.0027
 Episode_Reward/joint_vel_wheel_l2: -0.0095
 Episode_Reward/joint_acc_wheel_l2: -0.0002
Episode_Reward/joint_torques_wheel_l2: -0.0000
Episode_Reward/bipedal_gait_reward: -1.0973
Episode_Reward/feet_distance_penalize: -0.0474
        Episode_Reward/stop_motion: -0.0945
  Episode_Reward/action_smoothness: -0.4959
       Episode_Reward/lazy_penalty: -0.0722
         Episode_Reward/keep_alive: 0.0850
Episode_Reward/joint_deviation_hip: -0.0174
Episode_Reward/joint_deviation_ankle: -0.0315
Episode_Reward/joint_deviation_legs: -0.0069
Episode_Reward/body_orientation_l2: -0.0490
 Episode_Reward/ankle_torque_limit: -0.0091
Episode_Reward/penalize_hip_roll_action: -0.3395
Episode_Reward/feet_impact_reduction: -0.0001
Metrics/base_velocity/error_vel_xy: 0.6651
Metrics/base_velocity/error_vel_yaw: 0.5505
      Episode_Termination/time_out: 0.1710
Episode_Termination/terrain_out_of_bounds: 0.0000
Episode_Termination/illegal_contact: 0.8292
--------------------------------------------------------------------------------
                   Total timesteps: 26443776
                    Iteration time: 1.80s
                      Time elapsed: 00:08:12
                               ETA: 12:34:47

################################################################################
                     [1m Learning iteration 269/25000 [0m                     

                       Computation: 56318 steps/s (collection: 1.221s, learning 0.524s)
             Mean action noise std: 0.54
          Mean value_function loss: 0.8624
               Mean surrogate loss: -0.0025
                 Mean entropy loss: 7.5095
                Mean priv_reg loss: 0.3583
                Mean amp/loss loss: 0.4608
            Mean amp/grad_pen loss: 0.1893
         Mean amp/policy_pred loss: -0.3525
         Mean amp/expert_pred loss: 0.3497
                       Mean reward: 19.52
               Mean episode length: 578.63
      Episode_Reward/is_terminated: -0.1510
       Episode_Reward/lin_vel_z_l2: -0.0726
      Episode_Reward/ang_vel_xy_l2: -0.1027
Episode_Reward/flat_orientation_l2: -0.0812
     Episode_Reward/base_height_l2: -0.0182
   Episode_Reward/joint_torques_l2: -0.0150
       Episode_Reward/joint_vel_l2: -0.0006
       Episode_Reward/joint_acc_l2: -0.0242
   Episode_Reward/joint_pos_limits: -0.0004
        Episode_Reward/joint_power: -0.0013
        Episode_Reward/stand_still: -0.0285
     Episode_Reward/action_rate_l2: -0.4208
 Episode_Reward/undesired_contacts: -0.0116
Episode_Reward/track_lin_vel_xy_exp: 1.2121
Episode_Reward/track_ang_vel_z_exp: 0.8397
      Episode_Reward/feet_air_time: 0.0059
Episode_Reward/feet_air_time_variance: -0.1446
         Episode_Reward/feet_slide: -0.0505
     Episode_Reward/feet_clearance: 1.0043
Episode_Reward/feet_distance_y_exp: 1.1135
   Episode_Reward/feet_landing_vel: -0.0029
 Episode_Reward/joint_vel_wheel_l2: -0.0095
 Episode_Reward/joint_acc_wheel_l2: -0.0002
Episode_Reward/joint_torques_wheel_l2: -0.0000
Episode_Reward/bipedal_gait_reward: -1.0901
Episode_Reward/feet_distance_penalize: -0.0217
        Episode_Reward/stop_motion: -0.0747
  Episode_Reward/action_smoothness: -0.4929
       Episode_Reward/lazy_penalty: -0.0717
         Episode_Reward/keep_alive: 0.0841
Episode_Reward/joint_deviation_hip: -0.0159
Episode_Reward/joint_deviation_ankle: -0.0313
Episode_Reward/joint_deviation_legs: -0.0067
Episode_Reward/body_orientation_l2: -0.0487
 Episode_Reward/ankle_torque_limit: -0.0083
Episode_Reward/penalize_hip_roll_action: -0.3282
Episode_Reward/feet_impact_reduction: -0.0001
Metrics/base_velocity/error_vel_xy: 0.6051
Metrics/base_velocity/error_vel_yaw: 0.5527
      Episode_Termination/time_out: 0.1748
Episode_Termination/terrain_out_of_bounds: 0.0000
Episode_Termination/illegal_contact: 0.8254
--------------------------------------------------------------------------------
                   Total timesteps: 26542080
                    Iteration time: 1.75s
                      Time elapsed: 00:08:14
                               ETA: 12:34:38

################################################################################
                     [1m Learning iteration 270/25000 [0m                     

                       Computation: 57039 steps/s (collection: 1.201s, learning 0.523s)
             Mean action noise std: 0.54
          Mean value_function loss: 0.8392
               Mean surrogate loss: -0.0025
                 Mean entropy loss: 7.5052
                Mean priv_reg loss: 0.3594
                Mean amp/loss loss: 0.4572
            Mean amp/grad_pen loss: 0.1850
         Mean amp/policy_pred loss: -0.3606
         Mean amp/expert_pred loss: 0.3486
                       Mean reward: 17.92
               Mean episode length: 574.54
      Episode_Reward/is_terminated: -0.1484
       Episode_Reward/lin_vel_z_l2: -0.0755
      Episode_Reward/ang_vel_xy_l2: -0.1098
Episode_Reward/flat_orientation_l2: -0.0813
     Episode_Reward/base_height_l2: -0.0180
   Episode_Reward/joint_torques_l2: -0.0159
       Episode_Reward/joint_vel_l2: -0.0007
       Episode_Reward/joint_acc_l2: -0.0252
   Episode_Reward/joint_pos_limits: -0.0006
        Episode_Reward/joint_power: -0.0014
        Episode_Reward/stand_still: -0.0446
     Episode_Reward/action_rate_l2: -0.4513
 Episode_Reward/undesired_contacts: -0.0108
Episode_Reward/track_lin_vel_xy_exp: 1.2159
Episode_Reward/track_ang_vel_z_exp: 0.9552
      Episode_Reward/feet_air_time: 0.0066
Episode_Reward/feet_air_time_variance: -0.1694
         Episode_Reward/feet_slide: -0.0546
     Episode_Reward/feet_clearance: 1.0679
Episode_Reward/feet_distance_y_exp: 1.1945
   Episode_Reward/feet_landing_vel: -0.0027
 Episode_Reward/joint_vel_wheel_l2: -0.0102
 Episode_Reward/joint_acc_wheel_l2: -0.0002
Episode_Reward/joint_torques_wheel_l2: -0.0000
Episode_Reward/bipedal_gait_reward: -1.1596
Episode_Reward/feet_distance_penalize: -0.0263
        Episode_Reward/stop_motion: -0.1208
  Episode_Reward/action_smoothness: -0.5314
       Episode_Reward/lazy_penalty: -0.0705
         Episode_Reward/keep_alive: 0.0902
Episode_Reward/joint_deviation_hip: -0.0180
Episode_Reward/joint_deviation_ankle: -0.0345
Episode_Reward/joint_deviation_legs: -0.0073
Episode_Reward/body_orientation_l2: -0.0488
 Episode_Reward/ankle_torque_limit: -0.0105
Episode_Reward/penalize_hip_roll_action: -0.3534
Episode_Reward/feet_impact_reduction: -0.0001
Metrics/base_velocity/error_vel_xy: 0.6803
Metrics/base_velocity/error_vel_yaw: 0.5684
      Episode_Termination/time_out: 0.1782
Episode_Termination/terrain_out_of_bounds: 0.0000
Episode_Termination/illegal_contact: 0.8221
--------------------------------------------------------------------------------
                   Total timesteps: 26640384
                    Iteration time: 1.72s
                      Time elapsed: 00:08:16
                               ETA: 12:34:26

################################################################################
                     [1m Learning iteration 271/25000 [0m                     

                       Computation: 55397 steps/s (collection: 1.250s, learning 0.525s)
             Mean action noise std: 0.54
          Mean value_function loss: 0.8098
               Mean surrogate loss: -0.0022
                 Mean entropy loss: 7.5037
                Mean priv_reg loss: 0.3621
                Mean amp/loss loss: 0.4572
            Mean amp/grad_pen loss: 0.1872
         Mean amp/policy_pred loss: -0.3592
         Mean amp/expert_pred loss: 0.3521
                       Mean reward: 16.96
               Mean episode length: 564.19
      Episode_Reward/is_terminated: -0.1691
       Episode_Reward/lin_vel_z_l2: -0.0740
      Episode_Reward/ang_vel_xy_l2: -0.1066
Episode_Reward/flat_orientation_l2: -0.0859
     Episode_Reward/base_height_l2: -0.0190
   Episode_Reward/joint_torques_l2: -0.0152
       Episode_Reward/joint_vel_l2: -0.0006
       Episode_Reward/joint_acc_l2: -0.0234
   Episode_Reward/joint_pos_limits: -0.0005
        Episode_Reward/joint_power: -0.0013
        Episode_Reward/stand_still: -0.0608
     Episode_Reward/action_rate_l2: -0.4266
 Episode_Reward/undesired_contacts: -0.0139
Episode_Reward/track_lin_vel_xy_exp: 1.1361
Episode_Reward/track_ang_vel_z_exp: 0.8786
      Episode_Reward/feet_air_time: 0.0071
Episode_Reward/feet_air_time_variance: -0.1552
         Episode_Reward/feet_slide: -0.0528
     Episode_Reward/feet_clearance: 0.9958
Episode_Reward/feet_distance_y_exp: 1.1270
   Episode_Reward/feet_landing_vel: -0.0028
 Episode_Reward/joint_vel_wheel_l2: -0.0096
 Episode_Reward/joint_acc_wheel_l2: -0.0002
Episode_Reward/joint_torques_wheel_l2: -0.0000
Episode_Reward/bipedal_gait_reward: -1.0835
Episode_Reward/feet_distance_penalize: -0.0342
        Episode_Reward/stop_motion: -0.1009
  Episode_Reward/action_smoothness: -0.4996
       Episode_Reward/lazy_penalty: -0.0683
         Episode_Reward/keep_alive: 0.0852
Episode_Reward/joint_deviation_hip: -0.0170
Episode_Reward/joint_deviation_ankle: -0.0320
Episode_Reward/joint_deviation_legs: -0.0067
Episode_Reward/body_orientation_l2: -0.0515
 Episode_Reward/ankle_torque_limit: -0.0106
Episode_Reward/penalize_hip_roll_action: -0.3372
Episode_Reward/feet_impact_reduction: -0.0001
Metrics/base_velocity/error_vel_xy: 0.6487
Metrics/base_velocity/error_vel_yaw: 0.5554
      Episode_Termination/time_out: 0.1797
Episode_Termination/terrain_out_of_bounds: 0.0000
Episode_Termination/illegal_contact: 0.8205
--------------------------------------------------------------------------------
                   Total timesteps: 26738688
                    Iteration time: 1.77s
                      Time elapsed: 00:08:17
                               ETA: 12:34:19

################################################################################
                     [1m Learning iteration 272/25000 [0m                     

                       Computation: 53788 steps/s (collection: 1.293s, learning 0.534s)
             Mean action noise std: 0.54
          Mean value_function loss: 0.6671
               Mean surrogate loss: -0.0012
                 Mean entropy loss: 7.5172
                Mean priv_reg loss: 0.3601
                Mean amp/loss loss: 0.4620
            Mean amp/grad_pen loss: 0.1840
         Mean amp/policy_pred loss: -0.3505
         Mean amp/expert_pred loss: 0.3503
                       Mean reward: 15.17
               Mean episode length: 570.15
      Episode_Reward/is_terminated: -0.1463
       Episode_Reward/lin_vel_z_l2: -0.0757
      Episode_Reward/ang_vel_xy_l2: -0.1082
Episode_Reward/flat_orientation_l2: -0.0777
     Episode_Reward/base_height_l2: -0.0169
   Episode_Reward/joint_torques_l2: -0.0162
       Episode_Reward/joint_vel_l2: -0.0007
       Episode_Reward/joint_acc_l2: -0.0238
   Episode_Reward/joint_pos_limits: -0.0004
        Episode_Reward/joint_power: -0.0014
        Episode_Reward/stand_still: -0.0237
     Episode_Reward/action_rate_l2: -0.4525
 Episode_Reward/undesired_contacts: -0.0103
Episode_Reward/track_lin_vel_xy_exp: 1.2297
Episode_Reward/track_ang_vel_z_exp: 0.9066
      Episode_Reward/feet_air_time: 0.0068
Episode_Reward/feet_air_time_variance: -0.1596
         Episode_Reward/feet_slide: -0.0550
     Episode_Reward/feet_clearance: 1.0814
Episode_Reward/feet_distance_y_exp: 1.1967
   Episode_Reward/feet_landing_vel: -0.0030
 Episode_Reward/joint_vel_wheel_l2: -0.0105
 Episode_Reward/joint_acc_wheel_l2: -0.0003
Episode_Reward/joint_torques_wheel_l2: -0.0000
Episode_Reward/bipedal_gait_reward: -1.1798
Episode_Reward/feet_distance_penalize: -0.0282
        Episode_Reward/stop_motion: -0.0794
  Episode_Reward/action_smoothness: -0.5319
       Episode_Reward/lazy_penalty: -0.0720
         Episode_Reward/keep_alive: 0.0904
Episode_Reward/joint_deviation_hip: -0.0184
Episode_Reward/joint_deviation_ankle: -0.0335
Episode_Reward/joint_deviation_legs: -0.0071
Episode_Reward/body_orientation_l2: -0.0466
 Episode_Reward/ankle_torque_limit: -0.0100
Episode_Reward/penalize_hip_roll_action: -0.3551
Episode_Reward/feet_impact_reduction: -0.0001
Metrics/base_velocity/error_vel_xy: 0.6821
Metrics/base_velocity/error_vel_yaw: 0.5936
      Episode_Termination/time_out: 0.1825
Episode_Termination/terrain_out_of_bounds: 0.0000
Episode_Termination/illegal_contact: 0.8177
--------------------------------------------------------------------------------
                   Total timesteps: 26836992
                    Iteration time: 1.83s
                      Time elapsed: 00:08:19
                               ETA: 12:34:17

################################################################################
                     [1m Learning iteration 273/25000 [0m                     

                       Computation: 50656 steps/s (collection: 1.409s, learning 0.531s)
             Mean action noise std: 0.54
          Mean value_function loss: 0.7630
               Mean surrogate loss: -0.0009
                 Mean entropy loss: 7.5068
                Mean priv_reg loss: 0.3592
                Mean amp/loss loss: 0.4632
            Mean amp/grad_pen loss: 0.1847
         Mean amp/policy_pred loss: -0.3504
         Mean amp/expert_pred loss: 0.3495
                       Mean reward: 19.49
               Mean episode length: 628.01
      Episode_Reward/is_terminated: -0.1576
       Episode_Reward/lin_vel_z_l2: -0.0825
      Episode_Reward/ang_vel_xy_l2: -0.1146
Episode_Reward/flat_orientation_l2: -0.0915
     Episode_Reward/base_height_l2: -0.0206
   Episode_Reward/joint_torques_l2: -0.0165
       Episode_Reward/joint_vel_l2: -0.0007
       Episode_Reward/joint_acc_l2: -0.0253
   Episode_Reward/joint_pos_limits: -0.0006
        Episode_Reward/joint_power: -0.0014
        Episode_Reward/stand_still: -0.0381
     Episode_Reward/action_rate_l2: -0.4718
 Episode_Reward/undesired_contacts: -0.0139
Episode_Reward/track_lin_vel_xy_exp: 1.2748
Episode_Reward/track_ang_vel_z_exp: 0.9835
      Episode_Reward/feet_air_time: 0.0078
Episode_Reward/feet_air_time_variance: -0.1740
         Episode_Reward/feet_slide: -0.0557
     Episode_Reward/feet_clearance: 1.1144
Episode_Reward/feet_distance_y_exp: 1.2432
   Episode_Reward/feet_landing_vel: -0.0029
 Episode_Reward/joint_vel_wheel_l2: -0.0108
 Episode_Reward/joint_acc_wheel_l2: -0.0003
Episode_Reward/joint_torques_wheel_l2: -0.0000
Episode_Reward/bipedal_gait_reward: -1.1986
Episode_Reward/feet_distance_penalize: -0.0778
        Episode_Reward/stop_motion: -0.1058
  Episode_Reward/action_smoothness: -0.5543
       Episode_Reward/lazy_penalty: -0.0828
         Episode_Reward/keep_alive: 0.0939
Episode_Reward/joint_deviation_hip: -0.0189
Episode_Reward/joint_deviation_ankle: -0.0344
Episode_Reward/joint_deviation_legs: -0.0074
Episode_Reward/body_orientation_l2: -0.0549
 Episode_Reward/ankle_torque_limit: -0.0103
Episode_Reward/penalize_hip_roll_action: -0.3752
Episode_Reward/feet_impact_reduction: -0.0001
Metrics/base_velocity/error_vel_xy: 0.7123
Metrics/base_velocity/error_vel_yaw: 0.5930
      Episode_Termination/time_out: 0.1850
Episode_Termination/terrain_out_of_bounds: 0.0000
Episode_Termination/illegal_contact: 0.8152
--------------------------------------------------------------------------------
                   Total timesteps: 26935296
                    Iteration time: 1.94s
                      Time elapsed: 00:08:21
                               ETA: 12:34:25

################################################################################
                     [1m Learning iteration 274/25000 [0m                     

                       Computation: 55908 steps/s (collection: 1.224s, learning 0.534s)
             Mean action noise std: 0.54
          Mean value_function loss: 0.8384
               Mean surrogate loss: -0.0004
                 Mean entropy loss: 7.4898
                Mean priv_reg loss: 0.3627
                Mean amp/loss loss: 0.4601
            Mean amp/grad_pen loss: 0.1881
         Mean amp/policy_pred loss: -0.3511
         Mean amp/expert_pred loss: 0.3550
                       Mean reward: 19.57
               Mean episode length: 616.59
      Episode_Reward/is_terminated: -0.1534
       Episode_Reward/lin_vel_z_l2: -0.0776
      Episode_Reward/ang_vel_xy_l2: -0.1156
Episode_Reward/flat_orientation_l2: -0.0835
     Episode_Reward/base_height_l2: -0.0182
   Episode_Reward/joint_torques_l2: -0.0154
       Episode_Reward/joint_vel_l2: -0.0007
       Episode_Reward/joint_acc_l2: -0.0266
   Episode_Reward/joint_pos_limits: -0.0006
        Episode_Reward/joint_power: -0.0014
        Episode_Reward/stand_still: -0.0961
     Episode_Reward/action_rate_l2: -0.4511
 Episode_Reward/undesired_contacts: -0.0135
Episode_Reward/track_lin_vel_xy_exp: 1.3288
Episode_Reward/track_ang_vel_z_exp: 0.8965
      Episode_Reward/feet_air_time: 0.0093
Episode_Reward/feet_air_time_variance: -0.1540
         Episode_Reward/feet_slide: -0.0551
     Episode_Reward/feet_clearance: 1.0117
Episode_Reward/feet_distance_y_exp: 1.1808
   Episode_Reward/feet_landing_vel: -0.0029
 Episode_Reward/joint_vel_wheel_l2: -0.0103
 Episode_Reward/joint_acc_wheel_l2: -0.0002
Episode_Reward/joint_torques_wheel_l2: -0.0000
Episode_Reward/bipedal_gait_reward: -1.1057
Episode_Reward/feet_distance_penalize: -0.0378
        Episode_Reward/stop_motion: -0.1293
  Episode_Reward/action_smoothness: -0.5270
       Episode_Reward/lazy_penalty: -0.0677
         Episode_Reward/keep_alive: 0.0892
Episode_Reward/joint_deviation_hip: -0.0176
Episode_Reward/joint_deviation_ankle: -0.0317
Episode_Reward/joint_deviation_legs: -0.0068
Episode_Reward/body_orientation_l2: -0.0501
 Episode_Reward/ankle_torque_limit: -0.0157
Episode_Reward/penalize_hip_roll_action: -0.3579
Episode_Reward/feet_impact_reduction: -0.0001
Metrics/base_velocity/error_vel_xy: 0.6434
Metrics/base_velocity/error_vel_yaw: 0.5961
      Episode_Termination/time_out: 0.1871
Episode_Termination/terrain_out_of_bounds: 0.0000
Episode_Termination/illegal_contact: 0.8132
--------------------------------------------------------------------------------
                   Total timesteps: 27033600
                    Iteration time: 1.76s
                      Time elapsed: 00:08:23
                               ETA: 12:34:17

################################################################################
                     [1m Learning iteration 275/25000 [0m                     

                       Computation: 53860 steps/s (collection: 1.301s, learning 0.524s)
             Mean action noise std: 0.54
          Mean value_function loss: 0.7812
               Mean surrogate loss: -0.0012
                 Mean entropy loss: 7.5036
                Mean priv_reg loss: 0.3673
                Mean amp/loss loss: 0.4573
            Mean amp/grad_pen loss: 0.1855
         Mean amp/policy_pred loss: -0.3573
         Mean amp/expert_pred loss: 0.3529
                       Mean reward: 14.94
               Mean episode length: 566.68
      Episode_Reward/is_terminated: -0.1512
       Episode_Reward/lin_vel_z_l2: -0.0809
      Episode_Reward/ang_vel_xy_l2: -0.1115
Episode_Reward/flat_orientation_l2: -0.0833
     Episode_Reward/base_height_l2: -0.0179
   Episode_Reward/joint_torques_l2: -0.0160
       Episode_Reward/joint_vel_l2: -0.0007
       Episode_Reward/joint_acc_l2: -0.0271
   Episode_Reward/joint_pos_limits: -0.0005
        Episode_Reward/joint_power: -0.0015
        Episode_Reward/stand_still: -0.0649
     Episode_Reward/action_rate_l2: -0.4491
 Episode_Reward/undesired_contacts: -0.0117
Episode_Reward/track_lin_vel_xy_exp: 1.2510
Episode_Reward/track_ang_vel_z_exp: 0.9641
      Episode_Reward/feet_air_time: 0.0075
Episode_Reward/feet_air_time_variance: -0.1593
         Episode_Reward/feet_slide: -0.0535
     Episode_Reward/feet_clearance: 1.0318
Episode_Reward/feet_distance_y_exp: 1.1757
   Episode_Reward/feet_landing_vel: -0.0036
 Episode_Reward/joint_vel_wheel_l2: -0.0107
 Episode_Reward/joint_acc_wheel_l2: -0.0002
Episode_Reward/joint_torques_wheel_l2: -0.0000
Episode_Reward/bipedal_gait_reward: -1.1137
Episode_Reward/feet_distance_penalize: -0.0423
        Episode_Reward/stop_motion: -0.1460
  Episode_Reward/action_smoothness: -0.5270
       Episode_Reward/lazy_penalty: -0.0670
         Episode_Reward/keep_alive: 0.0888
Episode_Reward/joint_deviation_hip: -0.0177
Episode_Reward/joint_deviation_ankle: -0.0328
Episode_Reward/joint_deviation_legs: -0.0069
Episode_Reward/body_orientation_l2: -0.0500
 Episode_Reward/ankle_torque_limit: -0.0083
Episode_Reward/penalize_hip_roll_action: -0.3544
Episode_Reward/feet_impact_reduction: -0.0001
Metrics/base_velocity/error_vel_xy: 0.6593
Metrics/base_velocity/error_vel_yaw: 0.5447
      Episode_Termination/time_out: 0.1904
Episode_Termination/terrain_out_of_bounds: 0.0000
Episode_Termination/illegal_contact: 0.8098
--------------------------------------------------------------------------------
                   Total timesteps: 27131904
                    Iteration time: 1.83s
                      Time elapsed: 00:08:25
                               ETA: 12:34:15

################################################################################
                     [1m Learning iteration 276/25000 [0m                     

                       Computation: 53629 steps/s (collection: 1.301s, learning 0.532s)
             Mean action noise std: 0.55
          Mean value_function loss: 0.7620
               Mean surrogate loss: 0.0070
                 Mean entropy loss: 7.5191
                Mean priv_reg loss: 0.3676
                Mean amp/loss loss: 0.4539
            Mean amp/grad_pen loss: 0.1865
         Mean amp/policy_pred loss: -0.3621
         Mean amp/expert_pred loss: 0.3579
                       Mean reward: 21.29
               Mean episode length: 661.07
      Episode_Reward/is_terminated: -0.1450
       Episode_Reward/lin_vel_z_l2: -0.0881
      Episode_Reward/ang_vel_xy_l2: -0.1228
Episode_Reward/flat_orientation_l2: -0.0888
     Episode_Reward/base_height_l2: -0.0194
   Episode_Reward/joint_torques_l2: -0.0180
       Episode_Reward/joint_vel_l2: -0.0008
       Episode_Reward/joint_acc_l2: -0.0280
   Episode_Reward/joint_pos_limits: -0.0005
        Episode_Reward/joint_power: -0.0016
        Episode_Reward/stand_still: -0.0762
     Episode_Reward/action_rate_l2: -0.5108
 Episode_Reward/undesired_contacts: -0.0119
Episode_Reward/track_lin_vel_xy_exp: 1.4748
Episode_Reward/track_ang_vel_z_exp: 1.0524
      Episode_Reward/feet_air_time: 0.0082
Episode_Reward/feet_air_time_variance: -0.1775
         Episode_Reward/feet_slide: -0.0605
     Episode_Reward/feet_clearance: 1.1874
Episode_Reward/feet_distance_y_exp: 1.3430
   Episode_Reward/feet_landing_vel: -0.0032
 Episode_Reward/joint_vel_wheel_l2: -0.0118
 Episode_Reward/joint_acc_wheel_l2: -0.0002
Episode_Reward/joint_torques_wheel_l2: -0.0000
Episode_Reward/bipedal_gait_reward: -1.2816
Episode_Reward/feet_distance_penalize: -0.0379
        Episode_Reward/stop_motion: -0.1227
  Episode_Reward/action_smoothness: -0.5961
       Episode_Reward/lazy_penalty: -0.0781
         Episode_Reward/keep_alive: 0.1014
Episode_Reward/joint_deviation_hip: -0.0189
Episode_Reward/joint_deviation_ankle: -0.0359
Episode_Reward/joint_deviation_legs: -0.0078
Episode_Reward/body_orientation_l2: -0.0533
 Episode_Reward/ankle_torque_limit: -0.0101
Episode_Reward/penalize_hip_roll_action: -0.3993
Episode_Reward/feet_impact_reduction: -0.0001
Metrics/base_velocity/error_vel_xy: 0.7225
Metrics/base_velocity/error_vel_yaw: 0.6511
      Episode_Termination/time_out: 0.1928
Episode_Termination/terrain_out_of_bounds: 0.0000
Episode_Termination/illegal_contact: 0.8074
--------------------------------------------------------------------------------
                   Total timesteps: 27230208
                    Iteration time: 1.83s
                      Time elapsed: 00:08:27
                               ETA: 12:34:13

################################################################################
                     [1m Learning iteration 277/25000 [0m                     

                       Computation: 53997 steps/s (collection: 1.277s, learning 0.544s)
             Mean action noise std: 0.54
          Mean value_function loss: 0.7245
               Mean surrogate loss: -0.0012
                 Mean entropy loss: 7.5174
                Mean priv_reg loss: 0.3671
                Mean amp/loss loss: 0.4583
            Mean amp/grad_pen loss: 0.1886
         Mean amp/policy_pred loss: -0.3533
         Mean amp/expert_pred loss: 0.3576
                       Mean reward: 20.41
               Mean episode length: 641.85
      Episode_Reward/is_terminated: -0.1521
       Episode_Reward/lin_vel_z_l2: -0.0815
      Episode_Reward/ang_vel_xy_l2: -0.1141
Episode_Reward/flat_orientation_l2: -0.0859
     Episode_Reward/base_height_l2: -0.0185
   Episode_Reward/joint_torques_l2: -0.0167
       Episode_Reward/joint_vel_l2: -0.0007
       Episode_Reward/joint_acc_l2: -0.0267
   Episode_Reward/joint_pos_limits: -0.0008
        Episode_Reward/joint_power: -0.0015
        Episode_Reward/stand_still: -0.0418
     Episode_Reward/action_rate_l2: -0.4714
 Episode_Reward/undesired_contacts: -0.0121
Episode_Reward/track_lin_vel_xy_exp: 1.2764
Episode_Reward/track_ang_vel_z_exp: 0.9245
      Episode_Reward/feet_air_time: 0.0078
Episode_Reward/feet_air_time_variance: -0.1720
         Episode_Reward/feet_slide: -0.0557
     Episode_Reward/feet_clearance: 1.1026
Episode_Reward/feet_distance_y_exp: 1.2365
   Episode_Reward/feet_landing_vel: -0.0036
 Episode_Reward/joint_vel_wheel_l2: -0.0108
 Episode_Reward/joint_acc_wheel_l2: -0.0003
Episode_Reward/joint_torques_wheel_l2: -0.0000
Episode_Reward/bipedal_gait_reward: -1.1877
Episode_Reward/feet_distance_penalize: -0.0374
        Episode_Reward/stop_motion: -0.0960
  Episode_Reward/action_smoothness: -0.5509
       Episode_Reward/lazy_penalty: -0.0795
         Episode_Reward/keep_alive: 0.0934
Episode_Reward/joint_deviation_hip: -0.0183
Episode_Reward/joint_deviation_ankle: -0.0335
Episode_Reward/joint_deviation_legs: -0.0073
Episode_Reward/body_orientation_l2: -0.0515
 Episode_Reward/ankle_torque_limit: -0.0140
Episode_Reward/penalize_hip_roll_action: -0.3681
Episode_Reward/feet_impact_reduction: -0.0001
Metrics/base_velocity/error_vel_xy: 0.7103
Metrics/base_velocity/error_vel_yaw: 0.6227
      Episode_Termination/time_out: 0.1950
Episode_Termination/terrain_out_of_bounds: 0.0000
Episode_Termination/illegal_contact: 0.8053
--------------------------------------------------------------------------------
                   Total timesteps: 27328512
                    Iteration time: 1.82s
                      Time elapsed: 00:08:28
                               ETA: 12:34:10

################################################################################
                     [1m Learning iteration 278/25000 [0m                     

                       Computation: 54348 steps/s (collection: 1.269s, learning 0.540s)
             Mean action noise std: 0.54
          Mean value_function loss: 0.7366
               Mean surrogate loss: -0.0039
                 Mean entropy loss: 7.4997
                Mean priv_reg loss: 0.3692
                Mean amp/loss loss: 0.4603
            Mean amp/grad_pen loss: 0.1819
         Mean amp/policy_pred loss: -0.3574
         Mean amp/expert_pred loss: 0.3490
                       Mean reward: 22.83
               Mean episode length: 653.87
      Episode_Reward/is_terminated: -0.1403
       Episode_Reward/lin_vel_z_l2: -0.0791
      Episode_Reward/ang_vel_xy_l2: -0.1162
Episode_Reward/flat_orientation_l2: -0.0832
     Episode_Reward/base_height_l2: -0.0188
   Episode_Reward/joint_torques_l2: -0.0171
       Episode_Reward/joint_vel_l2: -0.0007
       Episode_Reward/joint_acc_l2: -0.0285
   Episode_Reward/joint_pos_limits: -0.0008
        Episode_Reward/joint_power: -0.0015
        Episode_Reward/stand_still: -0.0405
     Episode_Reward/action_rate_l2: -0.4839
 Episode_Reward/undesired_contacts: -0.0110
Episode_Reward/track_lin_vel_xy_exp: 1.3924
Episode_Reward/track_ang_vel_z_exp: 0.9918
      Episode_Reward/feet_air_time: 0.0084
Episode_Reward/feet_air_time_variance: -0.1716
         Episode_Reward/feet_slide: -0.0561
     Episode_Reward/feet_clearance: 1.1359
Episode_Reward/feet_distance_y_exp: 1.2732
   Episode_Reward/feet_landing_vel: -0.0032
 Episode_Reward/joint_vel_wheel_l2: -0.0113
 Episode_Reward/joint_acc_wheel_l2: -0.0002
Episode_Reward/joint_torques_wheel_l2: -0.0000
Episode_Reward/bipedal_gait_reward: -1.2270
Episode_Reward/feet_distance_penalize: -0.0390
        Episode_Reward/stop_motion: -0.1048
  Episode_Reward/action_smoothness: -0.5669
       Episode_Reward/lazy_penalty: -0.0802
         Episode_Reward/keep_alive: 0.0962
Episode_Reward/joint_deviation_hip: -0.0187
Episode_Reward/joint_deviation_ankle: -0.0350
Episode_Reward/joint_deviation_legs: -0.0075
Episode_Reward/body_orientation_l2: -0.0499
 Episode_Reward/ankle_torque_limit: -0.0104
Episode_Reward/penalize_hip_roll_action: -0.3801
Episode_Reward/feet_impact_reduction: -0.0001
Metrics/base_velocity/error_vel_xy: 0.6843
Metrics/base_velocity/error_vel_yaw: 0.6269
      Episode_Termination/time_out: 0.1972
Episode_Termination/terrain_out_of_bounds: 0.0000
Episode_Termination/illegal_contact: 0.8030
--------------------------------------------------------------------------------
                   Total timesteps: 27426816
                    Iteration time: 1.81s
                      Time elapsed: 00:08:30
                               ETA: 12:34:07

################################################################################
                     [1m Learning iteration 279/25000 [0m                     

                       Computation: 51219 steps/s (collection: 1.383s, learning 0.537s)
             Mean action noise std: 0.54
          Mean value_function loss: 0.6945
               Mean surrogate loss: -0.0022
                 Mean entropy loss: 7.4681
                Mean priv_reg loss: 0.3673
                Mean amp/loss loss: 0.4502
            Mean amp/grad_pen loss: 0.1846
         Mean amp/policy_pred loss: -0.3656
         Mean amp/expert_pred loss: 0.3606
                       Mean reward: 26.73
               Mean episode length: 694.43
      Episode_Reward/is_terminated: -0.1221
       Episode_Reward/lin_vel_z_l2: -0.0797
      Episode_Reward/ang_vel_xy_l2: -0.1174
Episode_Reward/flat_orientation_l2: -0.0785
     Episode_Reward/base_height_l2: -0.0161
   Episode_Reward/joint_torques_l2: -0.0192
       Episode_Reward/joint_vel_l2: -0.0008
       Episode_Reward/joint_acc_l2: -0.0281
   Episode_Reward/joint_pos_limits: -0.0006
        Episode_Reward/joint_power: -0.0017
        Episode_Reward/stand_still: -0.0560
     Episode_Reward/action_rate_l2: -0.5280
 Episode_Reward/undesired_contacts: -0.0093
Episode_Reward/track_lin_vel_xy_exp: 1.7109
Episode_Reward/track_ang_vel_z_exp: 1.0609
      Episode_Reward/feet_air_time: 0.0082
Episode_Reward/feet_air_time_variance: -0.1881
         Episode_Reward/feet_slide: -0.0588
     Episode_Reward/feet_clearance: 1.2426
Episode_Reward/feet_distance_y_exp: 1.3906
   Episode_Reward/feet_landing_vel: -0.0034
 Episode_Reward/joint_vel_wheel_l2: -0.0123
 Episode_Reward/joint_acc_wheel_l2: -0.0002
Episode_Reward/joint_torques_wheel_l2: -0.0000
Episode_Reward/bipedal_gait_reward: -1.3455
Episode_Reward/feet_distance_penalize: -0.0348
        Episode_Reward/stop_motion: -0.1380
  Episode_Reward/action_smoothness: -0.6178
       Episode_Reward/lazy_penalty: -0.0902
         Episode_Reward/keep_alive: 0.1051
Episode_Reward/joint_deviation_hip: -0.0207
Episode_Reward/joint_deviation_ankle: -0.0384
Episode_Reward/joint_deviation_legs: -0.0082
Episode_Reward/body_orientation_l2: -0.0471
 Episode_Reward/ankle_torque_limit: -0.0147
Episode_Reward/penalize_hip_roll_action: -0.4134
Episode_Reward/feet_impact_reduction: -0.0001
Metrics/base_velocity/error_vel_xy: 0.6906
Metrics/base_velocity/error_vel_yaw: 0.6801
      Episode_Termination/time_out: 0.2012
Episode_Termination/terrain_out_of_bounds: 0.0000
Episode_Termination/illegal_contact: 0.7991
--------------------------------------------------------------------------------
                   Total timesteps: 27525120
                    Iteration time: 1.92s
                      Time elapsed: 00:08:32
                               ETA: 12:34:13

################################################################################
                     [1m Learning iteration 280/25000 [0m                     

                       Computation: 50652 steps/s (collection: 1.338s, learning 0.603s)
             Mean action noise std: 0.54
          Mean value_function loss: 1.3840
               Mean surrogate loss: 0.0984
                 Mean entropy loss: 7.4571
                Mean priv_reg loss: 0.3740
                Mean amp/loss loss: 0.4508
            Mean amp/grad_pen loss: 0.1876
         Mean amp/policy_pred loss: -0.3659
         Mean amp/expert_pred loss: 0.3582
             Mean hist_latent loss: 0.3597
                       Mean reward: 23.81
               Mean episode length: 724.72
      Episode_Reward/is_terminated: -0.1109
       Episode_Reward/lin_vel_z_l2: -0.0802
      Episode_Reward/ang_vel_xy_l2: -0.1200
Episode_Reward/flat_orientation_l2: -0.0737
     Episode_Reward/base_height_l2: -0.0148
   Episode_Reward/joint_torques_l2: -0.0188
       Episode_Reward/joint_vel_l2: -0.0008
       Episode_Reward/joint_acc_l2: -0.0293
   Episode_Reward/joint_pos_limits: -0.0005
        Episode_Reward/joint_power: -0.0017
        Episode_Reward/stand_still: -0.1185
     Episode_Reward/action_rate_l2: -0.5374
 Episode_Reward/undesired_contacts: -0.0073
Episode_Reward/track_lin_vel_xy_exp: 1.5857
Episode_Reward/track_ang_vel_z_exp: 1.1134
      Episode_Reward/feet_air_time: 0.0079
Episode_Reward/feet_air_time_variance: -0.2002
         Episode_Reward/feet_slide: -0.0594
     Episode_Reward/feet_clearance: 1.2500
Episode_Reward/feet_distance_y_exp: 1.4136
   Episode_Reward/feet_landing_vel: -0.0035
 Episode_Reward/joint_vel_wheel_l2: -0.0126
 Episode_Reward/joint_acc_wheel_l2: -0.0003
Episode_Reward/joint_torques_wheel_l2: -0.0000
Episode_Reward/bipedal_gait_reward: -1.3405
Episode_Reward/feet_distance_penalize: -0.0325
        Episode_Reward/stop_motion: -0.1187
  Episode_Reward/action_smoothness: -0.6307
       Episode_Reward/lazy_penalty: -0.0902
         Episode_Reward/keep_alive: 0.1068
Episode_Reward/joint_deviation_hip: -0.0204
Episode_Reward/joint_deviation_ankle: -0.0381
Episode_Reward/joint_deviation_legs: -0.0080
Episode_Reward/body_orientation_l2: -0.0442
 Episode_Reward/ankle_torque_limit: -0.0112
Episode_Reward/penalize_hip_roll_action: -0.4157
Episode_Reward/feet_impact_reduction: -0.0001
Metrics/base_velocity/error_vel_xy: 0.7427
Metrics/base_velocity/error_vel_yaw: 0.6734
      Episode_Termination/time_out: 0.2076
Episode_Termination/terrain_out_of_bounds: 0.0000
Episode_Termination/illegal_contact: 0.7927
--------------------------------------------------------------------------------
                   Total timesteps: 27623424
                    Iteration time: 1.94s
                      Time elapsed: 00:08:34
                               ETA: 12:34:20

################################################################################
                     [1m Learning iteration 281/25000 [0m                     

                       Computation: 54125 steps/s (collection: 1.285s, learning 0.532s)
             Mean action noise std: 0.54
          Mean value_function loss: 0.9612
               Mean surrogate loss: -0.0010
                 Mean entropy loss: 7.4609
                Mean priv_reg loss: 0.3930
                Mean amp/loss loss: 0.4458
            Mean amp/grad_pen loss: 0.1924
         Mean amp/policy_pred loss: -0.3824
         Mean amp/expert_pred loss: 0.3542
                       Mean reward: 20.39
               Mean episode length: 599.03
      Episode_Reward/is_terminated: -0.1524
       Episode_Reward/lin_vel_z_l2: -0.0836
      Episode_Reward/ang_vel_xy_l2: -0.1206
Episode_Reward/flat_orientation_l2: -0.0796
     Episode_Reward/base_height_l2: -0.0172
   Episode_Reward/joint_torques_l2: -0.0167
       Episode_Reward/joint_vel_l2: -0.0008
       Episode_Reward/joint_acc_l2: -0.0282
   Episode_Reward/joint_pos_limits: -0.0006
        Episode_Reward/joint_power: -0.0016
        Episode_Reward/stand_still: -0.0633
     Episode_Reward/action_rate_l2: -0.4737
 Episode_Reward/undesired_contacts: -0.0120
Episode_Reward/track_lin_vel_xy_exp: 1.3341
Episode_Reward/track_ang_vel_z_exp: 0.9418
      Episode_Reward/feet_air_time: 0.0078
Episode_Reward/feet_air_time_variance: -0.1651
         Episode_Reward/feet_slide: -0.0564
     Episode_Reward/feet_clearance: 1.0943
Episode_Reward/feet_distance_y_exp: 1.2334
   Episode_Reward/feet_landing_vel: -0.0038
 Episode_Reward/joint_vel_wheel_l2: -0.0113
 Episode_Reward/joint_acc_wheel_l2: -0.0003
Episode_Reward/joint_torques_wheel_l2: -0.0000
Episode_Reward/bipedal_gait_reward: -1.1783
Episode_Reward/feet_distance_penalize: -0.0386
        Episode_Reward/stop_motion: -0.1196
  Episode_Reward/action_smoothness: -0.5513
       Episode_Reward/lazy_penalty: -0.0741
         Episode_Reward/keep_alive: 0.0931
Episode_Reward/joint_deviation_hip: -0.0179
Episode_Reward/joint_deviation_ankle: -0.0336
Episode_Reward/joint_deviation_legs: -0.0070
Episode_Reward/body_orientation_l2: -0.0477
 Episode_Reward/ankle_torque_limit: -0.0195
Episode_Reward/penalize_hip_roll_action: -0.3704
Episode_Reward/feet_impact_reduction: -0.0001
Metrics/base_velocity/error_vel_xy: 0.6725
Metrics/base_velocity/error_vel_yaw: 0.6241
      Episode_Termination/time_out: 0.2139
Episode_Termination/terrain_out_of_bounds: 0.0000
Episode_Termination/illegal_contact: 0.7863
--------------------------------------------------------------------------------
                   Total timesteps: 27721728
                    Iteration time: 1.82s
                      Time elapsed: 00:08:36
                               ETA: 12:34:17

################################################################################
                     [1m Learning iteration 282/25000 [0m                     

                       Computation: 54575 steps/s (collection: 1.264s, learning 0.537s)
             Mean action noise std: 0.54
          Mean value_function loss: 0.8263
               Mean surrogate loss: -0.0024
                 Mean entropy loss: 7.4526
                Mean priv_reg loss: 0.3909
                Mean amp/loss loss: 0.4668
            Mean amp/grad_pen loss: 0.1819
         Mean amp/policy_pred loss: -0.3518
         Mean amp/expert_pred loss: 0.3449
                       Mean reward: 18.96
               Mean episode length: 605.77
      Episode_Reward/is_terminated: -0.1583
       Episode_Reward/lin_vel_z_l2: -0.0847
      Episode_Reward/ang_vel_xy_l2: -0.1174
Episode_Reward/flat_orientation_l2: -0.0850
     Episode_Reward/base_height_l2: -0.0183
   Episode_Reward/joint_torques_l2: -0.0168
       Episode_Reward/joint_vel_l2: -0.0007
       Episode_Reward/joint_acc_l2: -0.0267
   Episode_Reward/joint_pos_limits: -0.0008
        Episode_Reward/joint_power: -0.0015
        Episode_Reward/stand_still: -0.0533
     Episode_Reward/action_rate_l2: -0.4685
 Episode_Reward/undesired_contacts: -0.0116
Episode_Reward/track_lin_vel_xy_exp: 1.3221
Episode_Reward/track_ang_vel_z_exp: 0.9208
      Episode_Reward/feet_air_time: 0.0076
Episode_Reward/feet_air_time_variance: -0.1708
         Episode_Reward/feet_slide: -0.0559
     Episode_Reward/feet_clearance: 1.0803
Episode_Reward/feet_distance_y_exp: 1.2201
   Episode_Reward/feet_landing_vel: -0.0040
 Episode_Reward/joint_vel_wheel_l2: -0.0111
 Episode_Reward/joint_acc_wheel_l2: -0.0003
Episode_Reward/joint_torques_wheel_l2: -0.0000
Episode_Reward/bipedal_gait_reward: -1.1696
Episode_Reward/feet_distance_penalize: -0.0436
        Episode_Reward/stop_motion: -0.1065
  Episode_Reward/action_smoothness: -0.5478
       Episode_Reward/lazy_penalty: -0.0712
         Episode_Reward/keep_alive: 0.0922
Episode_Reward/joint_deviation_hip: -0.0180
Episode_Reward/joint_deviation_ankle: -0.0330
Episode_Reward/joint_deviation_legs: -0.0071
Episode_Reward/body_orientation_l2: -0.0510
 Episode_Reward/ankle_torque_limit: -0.0168
Episode_Reward/penalize_hip_roll_action: -0.3624
Episode_Reward/feet_impact_reduction: -0.0001
Metrics/base_velocity/error_vel_xy: 0.6758
Metrics/base_velocity/error_vel_yaw: 0.6203
      Episode_Termination/time_out: 0.2134
Episode_Termination/terrain_out_of_bounds: 0.0000
Episode_Termination/illegal_contact: 0.7868
--------------------------------------------------------------------------------
                   Total timesteps: 27820032
                    Iteration time: 1.80s
                      Time elapsed: 00:08:38
                               ETA: 12:34:13

################################################################################
                     [1m Learning iteration 283/25000 [0m                     

                       Computation: 56516 steps/s (collection: 1.212s, learning 0.527s)
             Mean action noise std: 0.54
          Mean value_function loss: 0.8693
               Mean surrogate loss: -0.0030
                 Mean entropy loss: 7.4329
                Mean priv_reg loss: 0.3711
                Mean amp/loss loss: 0.4528
            Mean amp/grad_pen loss: 0.1851
         Mean amp/policy_pred loss: -0.3595
         Mean amp/expert_pred loss: 0.3623
                       Mean reward: 17.72
               Mean episode length: 606.60
      Episode_Reward/is_terminated: -0.1512
       Episode_Reward/lin_vel_z_l2: -0.0815
      Episode_Reward/ang_vel_xy_l2: -0.1194
Episode_Reward/flat_orientation_l2: -0.0822
     Episode_Reward/base_height_l2: -0.0174
   Episode_Reward/joint_torques_l2: -0.0165
       Episode_Reward/joint_vel_l2: -0.0008
       Episode_Reward/joint_acc_l2: -0.0282
   Episode_Reward/joint_pos_limits: -0.0008
        Episode_Reward/joint_power: -0.0015
        Episode_Reward/stand_still: -0.0214
     Episode_Reward/action_rate_l2: -0.4568
 Episode_Reward/undesired_contacts: -0.0123
Episode_Reward/track_lin_vel_xy_exp: 1.1178
Episode_Reward/track_ang_vel_z_exp: 0.8940
      Episode_Reward/feet_air_time: 0.0084
Episode_Reward/feet_air_time_variance: -0.1599
         Episode_Reward/feet_slide: -0.0549
     Episode_Reward/feet_clearance: 1.0711
Episode_Reward/feet_distance_y_exp: 1.1824
   Episode_Reward/feet_landing_vel: -0.0042
 Episode_Reward/joint_vel_wheel_l2: -0.0109
 Episode_Reward/joint_acc_wheel_l2: -0.0002
Episode_Reward/joint_torques_wheel_l2: -0.0000
Episode_Reward/bipedal_gait_reward: -1.1553
Episode_Reward/feet_distance_penalize: -0.0473
        Episode_Reward/stop_motion: -0.0943
  Episode_Reward/action_smoothness: -0.5308
       Episode_Reward/lazy_penalty: -0.0735
         Episode_Reward/keep_alive: 0.0894
Episode_Reward/joint_deviation_hip: -0.0178
Episode_Reward/joint_deviation_ankle: -0.0322
Episode_Reward/joint_deviation_legs: -0.0068
Episode_Reward/body_orientation_l2: -0.0493
 Episode_Reward/ankle_torque_limit: -0.0186
Episode_Reward/penalize_hip_roll_action: -0.3559
Episode_Reward/feet_impact_reduction: -0.0001
Metrics/base_velocity/error_vel_xy: 0.7149
Metrics/base_velocity/error_vel_yaw: 0.6058
      Episode_Termination/time_out: 0.2150
Episode_Termination/terrain_out_of_bounds: 0.0000
Episode_Termination/illegal_contact: 0.7853
--------------------------------------------------------------------------------
                   Total timesteps: 27918336
                    Iteration time: 1.74s
                      Time elapsed: 00:08:39
                               ETA: 12:34:03

################################################################################
                     [1m Learning iteration 284/25000 [0m                     

                       Computation: 53443 steps/s (collection: 1.316s, learning 0.523s)
             Mean action noise std: 0.54
          Mean value_function loss: 0.7685
               Mean surrogate loss: -0.0011
                 Mean entropy loss: 7.4268
                Mean priv_reg loss: 0.3665
                Mean amp/loss loss: 0.4574
            Mean amp/grad_pen loss: 0.1882
         Mean amp/policy_pred loss: -0.3518
         Mean amp/expert_pred loss: 0.3615
                       Mean reward: 28.87
               Mean episode length: 761.24
      Episode_Reward/is_terminated: -0.1140
       Episode_Reward/lin_vel_z_l2: -0.0897
      Episode_Reward/ang_vel_xy_l2: -0.1362
Episode_Reward/flat_orientation_l2: -0.0768
     Episode_Reward/base_height_l2: -0.0160
   Episode_Reward/joint_torques_l2: -0.0202
       Episode_Reward/joint_vel_l2: -0.0009
       Episode_Reward/joint_acc_l2: -0.0337
   Episode_Reward/joint_pos_limits: -0.0005
        Episode_Reward/joint_power: -0.0018
        Episode_Reward/stand_still: -0.0522
     Episode_Reward/action_rate_l2: -0.5766
 Episode_Reward/undesired_contacts: -0.0093
Episode_Reward/track_lin_vel_xy_exp: 1.5900
Episode_Reward/track_ang_vel_z_exp: 1.1744
      Episode_Reward/feet_air_time: 0.0090
Episode_Reward/feet_air_time_variance: -0.2050
         Episode_Reward/feet_slide: -0.0651
     Episode_Reward/feet_clearance: 1.3470
Episode_Reward/feet_distance_y_exp: 1.5108
   Episode_Reward/feet_landing_vel: -0.0045
 Episode_Reward/joint_vel_wheel_l2: -0.0141
 Episode_Reward/joint_acc_wheel_l2: -0.0003
Episode_Reward/joint_torques_wheel_l2: -0.0000
Episode_Reward/bipedal_gait_reward: -1.4369
Episode_Reward/feet_distance_penalize: -0.0378
        Episode_Reward/stop_motion: -0.1260
  Episode_Reward/action_smoothness: -0.6740
       Episode_Reward/lazy_penalty: -0.0898
         Episode_Reward/keep_alive: 0.1140
Episode_Reward/joint_deviation_hip: -0.0210
Episode_Reward/joint_deviation_ankle: -0.0398
Episode_Reward/joint_deviation_legs: -0.0084
Episode_Reward/body_orientation_l2: -0.0461
 Episode_Reward/ankle_torque_limit: -0.0158
Episode_Reward/penalize_hip_roll_action: -0.4502
Episode_Reward/feet_impact_reduction: -0.0001
Metrics/base_velocity/error_vel_xy: 0.8313
Metrics/base_velocity/error_vel_yaw: 0.7331
      Episode_Termination/time_out: 0.2216
Episode_Termination/terrain_out_of_bounds: 0.0000
Episode_Termination/illegal_contact: 0.7786
--------------------------------------------------------------------------------
                   Total timesteps: 28016640
                    Iteration time: 1.84s
                      Time elapsed: 00:08:41
                               ETA: 12:34:02

################################################################################
                     [1m Learning iteration 285/25000 [0m                     

                       Computation: 53762 steps/s (collection: 1.300s, learning 0.529s)
             Mean action noise std: 0.54
          Mean value_function loss: 0.7588
               Mean surrogate loss: -0.0030
                 Mean entropy loss: 7.4267
                Mean priv_reg loss: 0.3599
                Mean amp/loss loss: 0.4495
            Mean amp/grad_pen loss: 0.1842
         Mean amp/policy_pred loss: -0.3704
         Mean amp/expert_pred loss: 0.3590
                       Mean reward: 27.41
               Mean episode length: 758.38
      Episode_Reward/is_terminated: -0.1141
       Episode_Reward/lin_vel_z_l2: -0.0936
      Episode_Reward/ang_vel_xy_l2: -0.1286
Episode_Reward/flat_orientation_l2: -0.0818
     Episode_Reward/base_height_l2: -0.0165
   Episode_Reward/joint_torques_l2: -0.0206
       Episode_Reward/joint_vel_l2: -0.0009
       Episode_Reward/joint_acc_l2: -0.0342
   Episode_Reward/joint_pos_limits: -0.0006
        Episode_Reward/joint_power: -0.0018
        Episode_Reward/stand_still: -0.0595
     Episode_Reward/action_rate_l2: -0.5566
 Episode_Reward/undesired_contacts: -0.0096
Episode_Reward/track_lin_vel_xy_exp: 1.5938
Episode_Reward/track_ang_vel_z_exp: 1.0991
      Episode_Reward/feet_air_time: 0.0082
Episode_Reward/feet_air_time_variance: -0.1948
         Episode_Reward/feet_slide: -0.0628
     Episode_Reward/feet_clearance: 1.2950
Episode_Reward/feet_distance_y_exp: 1.4563
   Episode_Reward/feet_landing_vel: -0.0047
 Episode_Reward/joint_vel_wheel_l2: -0.0136
 Episode_Reward/joint_acc_wheel_l2: -0.0003
Episode_Reward/joint_torques_wheel_l2: -0.0000
Episode_Reward/bipedal_gait_reward: -1.4059
Episode_Reward/feet_distance_penalize: -0.0448
        Episode_Reward/stop_motion: -0.1089
  Episode_Reward/action_smoothness: -0.6483
       Episode_Reward/lazy_penalty: -0.0848
         Episode_Reward/keep_alive: 0.1099
Episode_Reward/joint_deviation_hip: -0.0205
Episode_Reward/joint_deviation_ankle: -0.0398
Episode_Reward/joint_deviation_legs: -0.0084
Episode_Reward/body_orientation_l2: -0.0491
 Episode_Reward/ankle_torque_limit: -0.0163
Episode_Reward/penalize_hip_roll_action: -0.4287
Episode_Reward/feet_impact_reduction: -0.0001
Metrics/base_velocity/error_vel_xy: 0.7824
Metrics/base_velocity/error_vel_yaw: 0.7244
      Episode_Termination/time_out: 0.2323
Episode_Termination/terrain_out_of_bounds: 0.0000
Episode_Termination/illegal_contact: 0.7679
--------------------------------------------------------------------------------
                   Total timesteps: 28114944
                    Iteration time: 1.83s
                      Time elapsed: 00:08:43
                               ETA: 12:34:00

################################################################################
                     [1m Learning iteration 286/25000 [0m                     

                       Computation: 49860 steps/s (collection: 1.432s, learning 0.540s)
             Mean action noise std: 0.54
          Mean value_function loss: 0.8308
               Mean surrogate loss: 0.0098
                 Mean entropy loss: 7.4325
                Mean priv_reg loss: 0.3595
                Mean amp/loss loss: 0.4482
            Mean amp/grad_pen loss: 0.1857
         Mean amp/policy_pred loss: -0.3698
         Mean amp/expert_pred loss: 0.3632
                       Mean reward: 26.90
               Mean episode length: 755.42
      Episode_Reward/is_terminated: -0.1065
       Episode_Reward/lin_vel_z_l2: -0.0874
      Episode_Reward/ang_vel_xy_l2: -0.1306
Episode_Reward/flat_orientation_l2: -0.0804
     Episode_Reward/base_height_l2: -0.0154
   Episode_Reward/joint_torques_l2: -0.0202
       Episode_Reward/joint_vel_l2: -0.0009
       Episode_Reward/joint_acc_l2: -0.0314
   Episode_Reward/joint_pos_limits: -0.0006
        Episode_Reward/joint_power: -0.0018
        Episode_Reward/stand_still: -0.0171
     Episode_Reward/action_rate_l2: -0.5683
 Episode_Reward/undesired_contacts: -0.0084
Episode_Reward/track_lin_vel_xy_exp: 1.4866
Episode_Reward/track_ang_vel_z_exp: 1.1251
      Episode_Reward/feet_air_time: 0.0092
Episode_Reward/feet_air_time_variance: -0.2064
         Episode_Reward/feet_slide: -0.0622
     Episode_Reward/feet_clearance: 1.3586
Episode_Reward/feet_distance_y_exp: 1.4897
   Episode_Reward/feet_landing_vel: -0.0043
 Episode_Reward/joint_vel_wheel_l2: -0.0138
 Episode_Reward/joint_acc_wheel_l2: -0.0003
Episode_Reward/joint_torques_wheel_l2: -0.0000
Episode_Reward/bipedal_gait_reward: -1.4604
Episode_Reward/feet_distance_penalize: -0.0440
        Episode_Reward/stop_motion: -0.0853
  Episode_Reward/action_smoothness: -0.6648
       Episode_Reward/lazy_penalty: -0.0971
         Episode_Reward/keep_alive: 0.1125
Episode_Reward/joint_deviation_hip: -0.0209
Episode_Reward/joint_deviation_ankle: -0.0388
Episode_Reward/joint_deviation_legs: -0.0084
Episode_Reward/body_orientation_l2: -0.0483
 Episode_Reward/ankle_torque_limit: -0.0152
Episode_Reward/penalize_hip_roll_action: -0.4409
Episode_Reward/feet_impact_reduction: -0.0001
Metrics/base_velocity/error_vel_xy: 0.8476
Metrics/base_velocity/error_vel_yaw: 0.7405
      Episode_Termination/time_out: 0.2427
Episode_Termination/terrain_out_of_bounds: 0.0000
Episode_Termination/illegal_contact: 0.7576
--------------------------------------------------------------------------------
                   Total timesteps: 28213248
                    Iteration time: 1.97s
                      Time elapsed: 00:08:45
                               ETA: 12:34:10

################################################################################
                     [1m Learning iteration 287/25000 [0m                     

                       Computation: 54313 steps/s (collection: 1.282s, learning 0.528s)
             Mean action noise std: 0.54
          Mean value_function loss: 0.6692
               Mean surrogate loss: -0.0005
                 Mean entropy loss: 7.4331
                Mean priv_reg loss: 0.3574
                Mean amp/loss loss: 0.4546
            Mean amp/grad_pen loss: 0.1884
         Mean amp/policy_pred loss: -0.3591
         Mean amp/expert_pred loss: 0.3588
                       Mean reward: 24.66
               Mean episode length: 715.52
      Episode_Reward/is_terminated: -0.1134
       Episode_Reward/lin_vel_z_l2: -0.0908
      Episode_Reward/ang_vel_xy_l2: -0.1373
Episode_Reward/flat_orientation_l2: -0.0777
     Episode_Reward/base_height_l2: -0.0160
   Episode_Reward/joint_torques_l2: -0.0198
       Episode_Reward/joint_vel_l2: -0.0009
       Episode_Reward/joint_acc_l2: -0.0283
   Episode_Reward/joint_pos_limits: -0.0009
        Episode_Reward/joint_power: -0.0018
        Episode_Reward/stand_still: -0.1084
     Episode_Reward/action_rate_l2: -0.5626
 Episode_Reward/undesired_contacts: -0.0083
Episode_Reward/track_lin_vel_xy_exp: 1.7052
Episode_Reward/track_ang_vel_z_exp: 1.1676
      Episode_Reward/feet_air_time: 0.0084
Episode_Reward/feet_air_time_variance: -0.2045
         Episode_Reward/feet_slide: -0.0618
     Episode_Reward/feet_clearance: 1.2975
Episode_Reward/feet_distance_y_exp: 1.4714
   Episode_Reward/feet_landing_vel: -0.0049
 Episode_Reward/joint_vel_wheel_l2: -0.0140
 Episode_Reward/joint_acc_wheel_l2: -0.0003
Episode_Reward/joint_torques_wheel_l2: -0.0000
Episode_Reward/bipedal_gait_reward: -1.3926
Episode_Reward/feet_distance_penalize: -0.0384
        Episode_Reward/stop_motion: -0.1667
  Episode_Reward/action_smoothness: -0.6545
       Episode_Reward/lazy_penalty: -0.0930
         Episode_Reward/keep_alive: 0.1111
Episode_Reward/joint_deviation_hip: -0.0211
Episode_Reward/joint_deviation_ankle: -0.0392
Episode_Reward/joint_deviation_legs: -0.0084
Episode_Reward/body_orientation_l2: -0.0466
 Episode_Reward/ankle_torque_limit: -0.0177
Episode_Reward/penalize_hip_roll_action: -0.4386
Episode_Reward/feet_impact_reduction: -0.0001
Metrics/base_velocity/error_vel_xy: 0.7580
Metrics/base_velocity/error_vel_yaw: 0.7021
      Episode_Termination/time_out: 0.2523
Episode_Termination/terrain_out_of_bounds: 0.0000
Episode_Termination/illegal_contact: 0.7480
--------------------------------------------------------------------------------
                   Total timesteps: 28311552
                    Iteration time: 1.81s
                      Time elapsed: 00:08:47
                               ETA: 12:34:07

################################################################################
                     [1m Learning iteration 288/25000 [0m                     

                       Computation: 50683 steps/s (collection: 1.408s, learning 0.531s)
             Mean action noise std: 0.54
          Mean value_function loss: 0.7014
               Mean surrogate loss: -0.0027
                 Mean entropy loss: 7.4293
                Mean priv_reg loss: 0.3556
                Mean amp/loss loss: 0.4485
            Mean amp/grad_pen loss: 0.1832
         Mean amp/policy_pred loss: -0.3744
         Mean amp/expert_pred loss: 0.3545
                       Mean reward: 21.78
               Mean episode length: 707.70
      Episode_Reward/is_terminated: -0.1181
       Episode_Reward/lin_vel_z_l2: -0.0897
      Episode_Reward/ang_vel_xy_l2: -0.1300
Episode_Reward/flat_orientation_l2: -0.0828
     Episode_Reward/base_height_l2: -0.0167
   Episode_Reward/joint_torques_l2: -0.0190
       Episode_Reward/joint_vel_l2: -0.0008
       Episode_Reward/joint_acc_l2: -0.0282
   Episode_Reward/joint_pos_limits: -0.0010
        Episode_Reward/joint_power: -0.0017
        Episode_Reward/stand_still: -0.1540
     Episode_Reward/action_rate_l2: -0.5495
 Episode_Reward/undesired_contacts: -0.0115
Episode_Reward/track_lin_vel_xy_exp: 1.4959
Episode_Reward/track_ang_vel_z_exp: 1.1107
      Episode_Reward/feet_air_time: 0.0091
Episode_Reward/feet_air_time_variance: -0.1915
         Episode_Reward/feet_slide: -0.0616
     Episode_Reward/feet_clearance: 1.2142
Episode_Reward/feet_distance_y_exp: 1.4262
   Episode_Reward/feet_landing_vel: -0.0045
 Episode_Reward/joint_vel_wheel_l2: -0.0134
 Episode_Reward/joint_acc_wheel_l2: -0.0003
Episode_Reward/joint_torques_wheel_l2: -0.0000
Episode_Reward/bipedal_gait_reward: -1.3060
Episode_Reward/feet_distance_penalize: -0.0399
        Episode_Reward/stop_motion: -0.1603
  Episode_Reward/action_smoothness: -0.6410
       Episode_Reward/lazy_penalty: -0.0820
         Episode_Reward/keep_alive: 0.1077
Episode_Reward/joint_deviation_hip: -0.0205
Episode_Reward/joint_deviation_ankle: -0.0387
Episode_Reward/joint_deviation_legs: -0.0079
Episode_Reward/body_orientation_l2: -0.0497
 Episode_Reward/ankle_torque_limit: -0.0198
Episode_Reward/penalize_hip_roll_action: -0.4266
Episode_Reward/feet_impact_reduction: -0.0001
Metrics/base_velocity/error_vel_xy: 0.7902
Metrics/base_velocity/error_vel_yaw: 0.7045
      Episode_Termination/time_out: 0.2571
Episode_Termination/terrain_out_of_bounds: 0.0000
Episode_Termination/illegal_contact: 0.7431
--------------------------------------------------------------------------------
                   Total timesteps: 28409856
                    Iteration time: 1.94s
                      Time elapsed: 00:08:49
                               ETA: 12:34:14

################################################################################
                     [1m Learning iteration 289/25000 [0m                     

                       Computation: 59231 steps/s (collection: 1.136s, learning 0.524s)
             Mean action noise std: 0.54
          Mean value_function loss: 0.7318
               Mean surrogate loss: -0.0017
                 Mean entropy loss: 7.4420
                Mean priv_reg loss: 0.3517
                Mean amp/loss loss: 0.4532
            Mean amp/grad_pen loss: 0.1875
         Mean amp/policy_pred loss: -0.3631
         Mean amp/expert_pred loss: 0.3572
                       Mean reward: 20.95
               Mean episode length: 687.52
      Episode_Reward/is_terminated: -0.1345
       Episode_Reward/lin_vel_z_l2: -0.0965
      Episode_Reward/ang_vel_xy_l2: -0.1329
Episode_Reward/flat_orientation_l2: -0.0856
     Episode_Reward/base_height_l2: -0.0181
   Episode_Reward/joint_torques_l2: -0.0193
       Episode_Reward/joint_vel_l2: -0.0009
       Episode_Reward/joint_acc_l2: -0.0302
   Episode_Reward/joint_pos_limits: -0.0007
        Episode_Reward/joint_power: -0.0018
        Episode_Reward/stand_still: -0.0269
     Episode_Reward/action_rate_l2: -0.5374
 Episode_Reward/undesired_contacts: -0.0130
Episode_Reward/track_lin_vel_xy_exp: 1.3003
Episode_Reward/track_ang_vel_z_exp: 1.0776
      Episode_Reward/feet_air_time: 0.0089
Episode_Reward/feet_air_time_variance: -0.1943
         Episode_Reward/feet_slide: -0.0616
     Episode_Reward/feet_clearance: 1.2562
Episode_Reward/feet_distance_y_exp: 1.3962
   Episode_Reward/feet_landing_vel: -0.0048
 Episode_Reward/joint_vel_wheel_l2: -0.0129
 Episode_Reward/joint_acc_wheel_l2: -0.0003
Episode_Reward/joint_torques_wheel_l2: -0.0000
Episode_Reward/bipedal_gait_reward: -1.3665
Episode_Reward/feet_distance_penalize: -0.0489
        Episode_Reward/stop_motion: -0.0809
  Episode_Reward/action_smoothness: -0.6257
       Episode_Reward/lazy_penalty: -0.0845
         Episode_Reward/keep_alive: 0.1054
Episode_Reward/joint_deviation_hip: -0.0201
Episode_Reward/joint_deviation_ankle: -0.0374
Episode_Reward/joint_deviation_legs: -0.0079
Episode_Reward/body_orientation_l2: -0.0513
 Episode_Reward/ankle_torque_limit: -0.0249
Episode_Reward/penalize_hip_roll_action: -0.4149
Episode_Reward/feet_impact_reduction: -0.0001
Metrics/base_velocity/error_vel_xy: 0.8150
Metrics/base_velocity/error_vel_yaw: 0.6972
      Episode_Termination/time_out: 0.2623
Episode_Termination/terrain_out_of_bounds: 0.0000
Episode_Termination/illegal_contact: 0.7379
--------------------------------------------------------------------------------
                   Total timesteps: 28508160
                    Iteration time: 1.66s
                      Time elapsed: 00:08:50
                               ETA: 12:33:58

################################################################################
                     [1m Learning iteration 290/25000 [0m                     

                       Computation: 53398 steps/s (collection: 1.286s, learning 0.555s)
             Mean action noise std: 0.54
          Mean value_function loss: 0.6349
               Mean surrogate loss: -0.0026
                 Mean entropy loss: 7.4381
                Mean priv_reg loss: 0.3493
                Mean amp/loss loss: 0.4444
            Mean amp/grad_pen loss: 0.1846
         Mean amp/policy_pred loss: -0.3676
         Mean amp/expert_pred loss: 0.3670
                       Mean reward: 26.63
               Mean episode length: 752.55
      Episode_Reward/is_terminated: -0.1093
       Episode_Reward/lin_vel_z_l2: -0.0929
      Episode_Reward/ang_vel_xy_l2: -0.1310
Episode_Reward/flat_orientation_l2: -0.0751
     Episode_Reward/base_height_l2: -0.0149
   Episode_Reward/joint_torques_l2: -0.0203
       Episode_Reward/joint_vel_l2: -0.0009
       Episode_Reward/joint_acc_l2: -0.0366
   Episode_Reward/joint_pos_limits: -0.0006
        Episode_Reward/joint_power: -0.0018
        Episode_Reward/stand_still: -0.0395
     Episode_Reward/action_rate_l2: -0.5766
 Episode_Reward/undesired_contacts: -0.0084
Episode_Reward/track_lin_vel_xy_exp: 1.6011
Episode_Reward/track_ang_vel_z_exp: 1.1535
      Episode_Reward/feet_air_time: 0.0092
Episode_Reward/feet_air_time_variance: -0.2103
         Episode_Reward/feet_slide: -0.0647
     Episode_Reward/feet_clearance: 1.3500
Episode_Reward/feet_distance_y_exp: 1.5086
   Episode_Reward/feet_landing_vel: -0.0043
 Episode_Reward/joint_vel_wheel_l2: -0.0140
 Episode_Reward/joint_acc_wheel_l2: -0.0003
Episode_Reward/joint_torques_wheel_l2: -0.0000
Episode_Reward/bipedal_gait_reward: -1.4402
Episode_Reward/feet_distance_penalize: -0.0415
        Episode_Reward/stop_motion: -0.1335
  Episode_Reward/action_smoothness: -0.6737
       Episode_Reward/lazy_penalty: -0.0962
         Episode_Reward/keep_alive: 0.1139
Episode_Reward/joint_deviation_hip: -0.0212
Episode_Reward/joint_deviation_ankle: -0.0398
Episode_Reward/joint_deviation_legs: -0.0083
Episode_Reward/body_orientation_l2: -0.0451
 Episode_Reward/ankle_torque_limit: -0.0176
Episode_Reward/penalize_hip_roll_action: -0.4480
Episode_Reward/feet_impact_reduction: -0.0001
Metrics/base_velocity/error_vel_xy: 0.8276
Metrics/base_velocity/error_vel_yaw: 0.7435
      Episode_Termination/time_out: 0.2649
Episode_Termination/terrain_out_of_bounds: 0.0000
Episode_Termination/illegal_contact: 0.7354
--------------------------------------------------------------------------------
                   Total timesteps: 28606464
                    Iteration time: 1.84s
                      Time elapsed: 00:08:52
                               ETA: 12:33:57

################################################################################
                     [1m Learning iteration 291/25000 [0m                     

                       Computation: 56758 steps/s (collection: 1.209s, learning 0.523s)
             Mean action noise std: 0.54
          Mean value_function loss: 0.6869
               Mean surrogate loss: -0.0014
                 Mean entropy loss: 7.4244
                Mean priv_reg loss: 0.3546
                Mean amp/loss loss: 0.4526
            Mean amp/grad_pen loss: 0.1843
         Mean amp/policy_pred loss: -0.3574
         Mean amp/expert_pred loss: 0.3663
                       Mean reward: 24.33
               Mean episode length: 713.08
      Episode_Reward/is_terminated: -0.1166
       Episode_Reward/lin_vel_z_l2: -0.0971
      Episode_Reward/ang_vel_xy_l2: -0.1342
Episode_Reward/flat_orientation_l2: -0.0796
     Episode_Reward/base_height_l2: -0.0158
   Episode_Reward/joint_torques_l2: -0.0193
       Episode_Reward/joint_vel_l2: -0.0008
       Episode_Reward/joint_acc_l2: -0.0324
   Episode_Reward/joint_pos_limits: -0.0006
        Episode_Reward/joint_power: -0.0018
        Episode_Reward/stand_still: -0.0561
     Episode_Reward/action_rate_l2: -0.5619
 Episode_Reward/undesired_contacts: -0.0106
Episode_Reward/track_lin_vel_xy_exp: 1.6046
Episode_Reward/track_ang_vel_z_exp: 1.0939
      Episode_Reward/feet_air_time: 0.0093
Episode_Reward/feet_air_time_variance: -0.1977
         Episode_Reward/feet_slide: -0.0635
     Episode_Reward/feet_clearance: 1.3139
Episode_Reward/feet_distance_y_exp: 1.4718
   Episode_Reward/feet_landing_vel: -0.0046
 Episode_Reward/joint_vel_wheel_l2: -0.0138
 Episode_Reward/joint_acc_wheel_l2: -0.0003
Episode_Reward/joint_torques_wheel_l2: -0.0000
Episode_Reward/bipedal_gait_reward: -1.4090
Episode_Reward/feet_distance_penalize: -0.0496
        Episode_Reward/stop_motion: -0.0989
  Episode_Reward/action_smoothness: -0.6562
       Episode_Reward/lazy_penalty: -0.0890
         Episode_Reward/keep_alive: 0.1111
Episode_Reward/joint_deviation_hip: -0.0204
Episode_Reward/joint_deviation_ankle: -0.0370
Episode_Reward/joint_deviation_legs: -0.0081
Episode_Reward/body_orientation_l2: -0.0477
 Episode_Reward/ankle_torque_limit: -0.0126
Episode_Reward/penalize_hip_roll_action: -0.4378
Episode_Reward/feet_impact_reduction: -0.0001
Metrics/base_velocity/error_vel_xy: 0.7891
Metrics/base_velocity/error_vel_yaw: 0.7432
      Episode_Termination/time_out: 0.2722
Episode_Termination/terrain_out_of_bounds: 0.0000
Episode_Termination/illegal_contact: 0.7280
--------------------------------------------------------------------------------
                   Total timesteps: 28704768
                    Iteration time: 1.73s
                      Time elapsed: 00:08:54
                               ETA: 12:33:47

################################################################################
                     [1m Learning iteration 292/25000 [0m                     

                       Computation: 57705 steps/s (collection: 1.177s, learning 0.527s)
             Mean action noise std: 0.54
          Mean value_function loss: 0.7256
               Mean surrogate loss: -0.0021
                 Mean entropy loss: 7.4199
                Mean priv_reg loss: 0.3534
                Mean amp/loss loss: 0.4524
            Mean amp/grad_pen loss: 0.1882
         Mean amp/policy_pred loss: -0.3596
         Mean amp/expert_pred loss: 0.3618
                       Mean reward: 23.55
               Mean episode length: 702.46
      Episode_Reward/is_terminated: -0.1233
       Episode_Reward/lin_vel_z_l2: -0.0900
      Episode_Reward/ang_vel_xy_l2: -0.1228
Episode_Reward/flat_orientation_l2: -0.0782
     Episode_Reward/base_height_l2: -0.0164
   Episode_Reward/joint_torques_l2: -0.0186
       Episode_Reward/joint_vel_l2: -0.0008
       Episode_Reward/joint_acc_l2: -0.0290
   Episode_Reward/joint_pos_limits: -0.0008
        Episode_Reward/joint_power: -0.0017
        Episode_Reward/stand_still: -0.0400
     Episode_Reward/action_rate_l2: -0.5104
 Episode_Reward/undesired_contacts: -0.0100
Episode_Reward/track_lin_vel_xy_exp: 1.3957
Episode_Reward/track_ang_vel_z_exp: 0.9807
      Episode_Reward/feet_air_time: 0.0074
Episode_Reward/feet_air_time_variance: -0.1883
         Episode_Reward/feet_slide: -0.0581
     Episode_Reward/feet_clearance: 1.2036
Episode_Reward/feet_distance_y_exp: 1.3341
   Episode_Reward/feet_landing_vel: -0.0044
 Episode_Reward/joint_vel_wheel_l2: -0.0126
 Episode_Reward/joint_acc_wheel_l2: -0.0003
Episode_Reward/joint_torques_wheel_l2: -0.0000
Episode_Reward/bipedal_gait_reward: -1.3021
Episode_Reward/feet_distance_penalize: -0.0386
        Episode_Reward/stop_motion: -0.0909
  Episode_Reward/action_smoothness: -0.5933
       Episode_Reward/lazy_penalty: -0.0854
         Episode_Reward/keep_alive: 0.1008
Episode_Reward/joint_deviation_hip: -0.0194
Episode_Reward/joint_deviation_ankle: -0.0359
Episode_Reward/joint_deviation_legs: -0.0076
Episode_Reward/body_orientation_l2: -0.0469
 Episode_Reward/ankle_torque_limit: -0.0207
Episode_Reward/penalize_hip_roll_action: -0.3956
Episode_Reward/feet_impact_reduction: -0.0001
Metrics/base_velocity/error_vel_xy: 0.7334
Metrics/base_velocity/error_vel_yaw: 0.6841
      Episode_Termination/time_out: 0.2776
Episode_Termination/terrain_out_of_bounds: 0.0000
Episode_Termination/illegal_contact: 0.7229
--------------------------------------------------------------------------------
                   Total timesteps: 28803072
                    Iteration time: 1.70s
                      Time elapsed: 00:08:56
                               ETA: 12:33:34

################################################################################
                     [1m Learning iteration 293/25000 [0m                     

                       Computation: 55144 steps/s (collection: 1.245s, learning 0.538s)
             Mean action noise std: 0.54
          Mean value_function loss: 0.6252
               Mean surrogate loss: -0.0011
                 Mean entropy loss: 7.4273
                Mean priv_reg loss: 0.3537
                Mean amp/loss loss: 0.4508
            Mean amp/grad_pen loss: 0.1870
         Mean amp/policy_pred loss: -0.3675
         Mean amp/expert_pred loss: 0.3581
                       Mean reward: 26.48
               Mean episode length: 710.22
      Episode_Reward/is_terminated: -0.1226
       Episode_Reward/lin_vel_z_l2: -0.1012
      Episode_Reward/ang_vel_xy_l2: -0.1340
Episode_Reward/flat_orientation_l2: -0.0820
     Episode_Reward/base_height_l2: -0.0161
   Episode_Reward/joint_torques_l2: -0.0203
       Episode_Reward/joint_vel_l2: -0.0009
       Episode_Reward/joint_acc_l2: -0.0317
   Episode_Reward/joint_pos_limits: -0.0007
        Episode_Reward/joint_power: -0.0019
        Episode_Reward/stand_still: -0.0295
     Episode_Reward/action_rate_l2: -0.5606
 Episode_Reward/undesired_contacts: -0.0105
Episode_Reward/track_lin_vel_xy_exp: 1.7095
Episode_Reward/track_ang_vel_z_exp: 1.1170
      Episode_Reward/feet_air_time: 0.0088
Episode_Reward/feet_air_time_variance: -0.1948
         Episode_Reward/feet_slide: -0.0638
     Episode_Reward/feet_clearance: 1.3117
Episode_Reward/feet_distance_y_exp: 1.4583
   Episode_Reward/feet_landing_vel: -0.0053
 Episode_Reward/joint_vel_wheel_l2: -0.0137
 Episode_Reward/joint_acc_wheel_l2: -0.0003
Episode_Reward/joint_torques_wheel_l2: -0.0000
Episode_Reward/bipedal_gait_reward: -1.4217
Episode_Reward/feet_distance_penalize: -0.0379
        Episode_Reward/stop_motion: -0.1389
  Episode_Reward/action_smoothness: -0.6496
       Episode_Reward/lazy_penalty: -0.0871
         Episode_Reward/keep_alive: 0.1101
Episode_Reward/joint_deviation_hip: -0.0208
Episode_Reward/joint_deviation_ankle: -0.0397
Episode_Reward/joint_deviation_legs: -0.0083
Episode_Reward/body_orientation_l2: -0.0492
 Episode_Reward/ankle_torque_limit: -0.0255
Episode_Reward/penalize_hip_roll_action: -0.4353
Episode_Reward/feet_impact_reduction: -0.0001
Metrics/base_velocity/error_vel_xy: 0.7574
Metrics/base_velocity/error_vel_yaw: 0.7277
      Episode_Termination/time_out: 0.2837
Episode_Termination/terrain_out_of_bounds: 0.0000
Episode_Termination/illegal_contact: 0.7167
--------------------------------------------------------------------------------
                   Total timesteps: 28901376
                    Iteration time: 1.78s
                      Time elapsed: 00:08:57
                               ETA: 12:33:28

################################################################################
                     [1m Learning iteration 294/25000 [0m                     

                       Computation: 52363 steps/s (collection: 1.345s, learning 0.532s)
             Mean action noise std: 0.54
          Mean value_function loss: 0.6950
               Mean surrogate loss: -0.0025
                 Mean entropy loss: 7.4338
                Mean priv_reg loss: 0.3513
                Mean amp/loss loss: 0.4626
            Mean amp/grad_pen loss: 0.1832
         Mean amp/policy_pred loss: -0.3532
         Mean amp/expert_pred loss: 0.3481
                       Mean reward: 24.55
               Mean episode length: 748.31
      Episode_Reward/is_terminated: -0.1189
       Episode_Reward/lin_vel_z_l2: -0.0937
      Episode_Reward/ang_vel_xy_l2: -0.1403
Episode_Reward/flat_orientation_l2: -0.0803
     Episode_Reward/base_height_l2: -0.0155
   Episode_Reward/joint_torques_l2: -0.0198
       Episode_Reward/joint_vel_l2: -0.0009
       Episode_Reward/joint_acc_l2: -0.0338
   Episode_Reward/joint_pos_limits: -0.0008
        Episode_Reward/joint_power: -0.0018
        Episode_Reward/stand_still: -0.0706
     Episode_Reward/action_rate_l2: -0.5823
 Episode_Reward/undesired_contacts: -0.0111
Episode_Reward/track_lin_vel_xy_exp: 1.6568
Episode_Reward/track_ang_vel_z_exp: 1.1809
      Episode_Reward/feet_air_time: 0.0088
Episode_Reward/feet_air_time_variance: -0.2044
         Episode_Reward/feet_slide: -0.0649
     Episode_Reward/feet_clearance: 1.3590
Episode_Reward/feet_distance_y_exp: 1.5188
   Episode_Reward/feet_landing_vel: -0.0049
 Episode_Reward/joint_vel_wheel_l2: -0.0145
 Episode_Reward/joint_acc_wheel_l2: -0.0003
Episode_Reward/joint_torques_wheel_l2: -0.0000
Episode_Reward/bipedal_gait_reward: -1.4542
Episode_Reward/feet_distance_penalize: -0.0398
        Episode_Reward/stop_motion: -0.1393
  Episode_Reward/action_smoothness: -0.6778
       Episode_Reward/lazy_penalty: -0.0971
         Episode_Reward/keep_alive: 0.1147
Episode_Reward/joint_deviation_hip: -0.0216
Episode_Reward/joint_deviation_ankle: -0.0387
Episode_Reward/joint_deviation_legs: -0.0084
Episode_Reward/body_orientation_l2: -0.0482
 Episode_Reward/ankle_torque_limit: -0.0222
Episode_Reward/penalize_hip_roll_action: -0.4542
Episode_Reward/feet_impact_reduction: -0.0001
Metrics/base_velocity/error_vel_xy: 0.8105
Metrics/base_velocity/error_vel_yaw: 0.7451
      Episode_Termination/time_out: 0.2876
Episode_Termination/terrain_out_of_bounds: 0.0000
Episode_Termination/illegal_contact: 0.7126
--------------------------------------------------------------------------------
                   Total timesteps: 28999680
                    Iteration time: 1.88s
                      Time elapsed: 00:08:59
                               ETA: 12:33:30

################################################################################
                     [1m Learning iteration 295/25000 [0m                     

                       Computation: 53624 steps/s (collection: 1.308s, learning 0.525s)
             Mean action noise std: 0.54
          Mean value_function loss: 0.7055
               Mean surrogate loss: -0.0009
                 Mean entropy loss: 7.4413
                Mean priv_reg loss: 0.3503
                Mean amp/loss loss: 0.4549
            Mean amp/grad_pen loss: 0.1873
         Mean amp/policy_pred loss: -0.3651
         Mean amp/expert_pred loss: 0.3513
                       Mean reward: 25.56
               Mean episode length: 756.87
      Episode_Reward/is_terminated: -0.0886
       Episode_Reward/lin_vel_z_l2: -0.0927
      Episode_Reward/ang_vel_xy_l2: -0.1329
Episode_Reward/flat_orientation_l2: -0.0780
     Episode_Reward/base_height_l2: -0.0156
   Episode_Reward/joint_torques_l2: -0.0213
       Episode_Reward/joint_vel_l2: -0.0009
       Episode_Reward/joint_acc_l2: -0.0313
   Episode_Reward/joint_pos_limits: -0.0005
        Episode_Reward/joint_power: -0.0019
        Episode_Reward/stand_still: -0.1821
     Episode_Reward/action_rate_l2: -0.5914
 Episode_Reward/undesired_contacts: -0.0084
Episode_Reward/track_lin_vel_xy_exp: 1.6091
Episode_Reward/track_ang_vel_z_exp: 1.2083
      Episode_Reward/feet_air_time: 0.0075
Episode_Reward/feet_air_time_variance: -0.2175
         Episode_Reward/feet_slide: -0.0651
     Episode_Reward/feet_clearance: 1.3542
Episode_Reward/feet_distance_y_exp: 1.5458
   Episode_Reward/feet_landing_vel: -0.0048
 Episode_Reward/joint_vel_wheel_l2: -0.0148
 Episode_Reward/joint_acc_wheel_l2: -0.0003
Episode_Reward/joint_torques_wheel_l2: -0.0000
Episode_Reward/bipedal_gait_reward: -1.4637
Episode_Reward/feet_distance_penalize: -0.0448
        Episode_Reward/stop_motion: -0.1359
  Episode_Reward/action_smoothness: -0.6872
       Episode_Reward/lazy_penalty: -0.0939
         Episode_Reward/keep_alive: 0.1167
Episode_Reward/joint_deviation_hip: -0.0223
Episode_Reward/joint_deviation_ankle: -0.0425
Episode_Reward/joint_deviation_legs: -0.0088
Episode_Reward/body_orientation_l2: -0.0468
 Episode_Reward/ankle_torque_limit: -0.0208
Episode_Reward/penalize_hip_roll_action: -0.4586
Episode_Reward/feet_impact_reduction: -0.0001
Metrics/base_velocity/error_vel_xy: 0.8656
Metrics/base_velocity/error_vel_yaw: 0.7503
      Episode_Termination/time_out: 0.2942
Episode_Termination/terrain_out_of_bounds: 0.0000
Episode_Termination/illegal_contact: 0.7060
--------------------------------------------------------------------------------
                   Total timesteps: 29097984
                    Iteration time: 1.83s
                      Time elapsed: 00:09:01
                               ETA: 12:33:29

################################################################################
                     [1m Learning iteration 296/25000 [0m                     

                       Computation: 53760 steps/s (collection: 1.299s, learning 0.530s)
             Mean action noise std: 0.54
          Mean value_function loss: 0.7284
               Mean surrogate loss: -0.0001
                 Mean entropy loss: 7.4480
                Mean priv_reg loss: 0.3555
                Mean amp/loss loss: 0.4503
            Mean amp/grad_pen loss: 0.1851
         Mean amp/policy_pred loss: -0.3625
         Mean amp/expert_pred loss: 0.3647
                       Mean reward: 25.01
               Mean episode length: 721.09
      Episode_Reward/is_terminated: -0.1220
       Episode_Reward/lin_vel_z_l2: -0.1079
      Episode_Reward/ang_vel_xy_l2: -0.1320
Episode_Reward/flat_orientation_l2: -0.0826
     Episode_Reward/base_height_l2: -0.0170
   Episode_Reward/joint_torques_l2: -0.0211
       Episode_Reward/joint_vel_l2: -0.0009
       Episode_Reward/joint_acc_l2: -0.0351
   Episode_Reward/joint_pos_limits: -0.0006
        Episode_Reward/joint_power: -0.0019
        Episode_Reward/stand_still: -0.1737
     Episode_Reward/action_rate_l2: -0.5748
 Episode_Reward/undesired_contacts: -0.0143
Episode_Reward/track_lin_vel_xy_exp: 1.7453
Episode_Reward/track_ang_vel_z_exp: 1.1942
      Episode_Reward/feet_air_time: 0.0080
Episode_Reward/feet_air_time_variance: -0.1923
         Episode_Reward/feet_slide: -0.0649
     Episode_Reward/feet_clearance: 1.2676
Episode_Reward/feet_distance_y_exp: 1.4944
   Episode_Reward/feet_landing_vel: -0.0057
 Episode_Reward/joint_vel_wheel_l2: -0.0142
 Episode_Reward/joint_acc_wheel_l2: -0.0003
Episode_Reward/joint_torques_wheel_l2: -0.0001
Episode_Reward/bipedal_gait_reward: -1.3845
Episode_Reward/feet_distance_penalize: -0.0375
        Episode_Reward/stop_motion: -0.1881
  Episode_Reward/action_smoothness: -0.6702
       Episode_Reward/lazy_penalty: -0.0885
         Episode_Reward/keep_alive: 0.1128
Episode_Reward/joint_deviation_hip: -0.0207
Episode_Reward/joint_deviation_ankle: -0.0392
Episode_Reward/joint_deviation_legs: -0.0081
Episode_Reward/body_orientation_l2: -0.0496
 Episode_Reward/ankle_torque_limit: -0.0186
Episode_Reward/penalize_hip_roll_action: -0.4401
Episode_Reward/feet_impact_reduction: -0.0001
Metrics/base_velocity/error_vel_xy: 0.7620
Metrics/base_velocity/error_vel_yaw: 0.7102
      Episode_Termination/time_out: 0.3002
Episode_Termination/terrain_out_of_bounds: 0.0000
Episode_Termination/illegal_contact: 0.7000
--------------------------------------------------------------------------------
                   Total timesteps: 29196288
                    Iteration time: 1.83s
                      Time elapsed: 00:09:03
                               ETA: 12:33:27

################################################################################
                     [1m Learning iteration 297/25000 [0m                     

                       Computation: 58203 steps/s (collection: 1.161s, learning 0.528s)
             Mean action noise std: 0.54
          Mean value_function loss: 0.7418
               Mean surrogate loss: 0.0018
                 Mean entropy loss: 7.4402
                Mean priv_reg loss: 0.3584
                Mean amp/loss loss: 0.4509
            Mean amp/grad_pen loss: 0.1879
         Mean amp/policy_pred loss: -0.3605
         Mean amp/expert_pred loss: 0.3646
                       Mean reward: 24.78
               Mean episode length: 764.38
      Episode_Reward/is_terminated: -0.0908
       Episode_Reward/lin_vel_z_l2: -0.0908
      Episode_Reward/ang_vel_xy_l2: -0.1328
Episode_Reward/flat_orientation_l2: -0.0732
     Episode_Reward/base_height_l2: -0.0145
   Episode_Reward/joint_torques_l2: -0.0215
       Episode_Reward/joint_vel_l2: -0.0009
       Episode_Reward/joint_acc_l2: -0.0344
   Episode_Reward/joint_pos_limits: -0.0005
        Episode_Reward/joint_power: -0.0020
        Episode_Reward/stand_still: -0.1782
     Episode_Reward/action_rate_l2: -0.6022
 Episode_Reward/undesired_contacts: -0.0093
Episode_Reward/track_lin_vel_xy_exp: 1.7399
Episode_Reward/track_ang_vel_z_exp: 1.1946
      Episode_Reward/feet_air_time: 0.0091
Episode_Reward/feet_air_time_variance: -0.2085
         Episode_Reward/feet_slide: -0.0643
     Episode_Reward/feet_clearance: 1.3778
Episode_Reward/feet_distance_y_exp: 1.5792
   Episode_Reward/feet_landing_vel: -0.0049
 Episode_Reward/joint_vel_wheel_l2: -0.0153
 Episode_Reward/joint_acc_wheel_l2: -0.0003
Episode_Reward/joint_torques_wheel_l2: -0.0000
Episode_Reward/bipedal_gait_reward: -1.4700
Episode_Reward/feet_distance_penalize: -0.0452
        Episode_Reward/stop_motion: -0.1632
  Episode_Reward/action_smoothness: -0.7015
       Episode_Reward/lazy_penalty: -0.0998
         Episode_Reward/keep_alive: 0.1193
Episode_Reward/joint_deviation_hip: -0.0227
Episode_Reward/joint_deviation_ankle: -0.0410
Episode_Reward/joint_deviation_legs: -0.0088
Episode_Reward/body_orientation_l2: -0.0439
 Episode_Reward/ankle_torque_limit: -0.0239
Episode_Reward/penalize_hip_roll_action: -0.4696
Episode_Reward/feet_impact_reduction: -0.0001
Metrics/base_velocity/error_vel_xy: 0.8314
Metrics/base_velocity/error_vel_yaw: 0.7805
      Episode_Termination/time_out: 0.3062
Episode_Termination/terrain_out_of_bounds: 0.0000
Episode_Termination/illegal_contact: 0.6940
--------------------------------------------------------------------------------
                   Total timesteps: 29294592
                    Iteration time: 1.69s
                      Time elapsed: 00:09:05
                               ETA: 12:33:13

################################################################################
                     [1m Learning iteration 298/25000 [0m                     

                       Computation: 56811 steps/s (collection: 1.210s, learning 0.521s)
             Mean action noise std: 0.54
          Mean value_function loss: 0.6709
               Mean surrogate loss: -0.0025
                 Mean entropy loss: 7.4372
                Mean priv_reg loss: 0.3558
                Mean amp/loss loss: 0.4592
            Mean amp/grad_pen loss: 0.1863
         Mean amp/policy_pred loss: -0.3506
         Mean amp/expert_pred loss: 0.3564
                       Mean reward: 30.24
               Mean episode length: 749.98
      Episode_Reward/is_terminated: -0.1005
       Episode_Reward/lin_vel_z_l2: -0.0920
      Episode_Reward/ang_vel_xy_l2: -0.1400
Episode_Reward/flat_orientation_l2: -0.0752
     Episode_Reward/base_height_l2: -0.0156
   Episode_Reward/joint_torques_l2: -0.0207
       Episode_Reward/joint_vel_l2: -0.0009
       Episode_Reward/joint_acc_l2: -0.0333
   Episode_Reward/joint_pos_limits: -0.0005
        Episode_Reward/joint_power: -0.0019
        Episode_Reward/stand_still: -0.0399
     Episode_Reward/action_rate_l2: -0.5908
 Episode_Reward/undesired_contacts: -0.0099
Episode_Reward/track_lin_vel_xy_exp: 1.8636
Episode_Reward/track_ang_vel_z_exp: 1.1409
      Episode_Reward/feet_air_time: 0.0092
Episode_Reward/feet_air_time_variance: -0.2106
         Episode_Reward/feet_slide: -0.0647
     Episode_Reward/feet_clearance: 1.3914
Episode_Reward/feet_distance_y_exp: 1.5451
   Episode_Reward/feet_landing_vel: -0.0050
 Episode_Reward/joint_vel_wheel_l2: -0.0151
 Episode_Reward/joint_acc_wheel_l2: -0.0003
Episode_Reward/joint_torques_wheel_l2: -0.0001
Episode_Reward/bipedal_gait_reward: -1.4851
Episode_Reward/feet_distance_penalize: -0.0406
        Episode_Reward/stop_motion: -0.1288
  Episode_Reward/action_smoothness: -0.6883
       Episode_Reward/lazy_penalty: -0.0991
         Episode_Reward/keep_alive: 0.1167
Episode_Reward/joint_deviation_hip: -0.0216
Episode_Reward/joint_deviation_ankle: -0.0384
Episode_Reward/joint_deviation_legs: -0.0084
Episode_Reward/body_orientation_l2: -0.0451
 Episode_Reward/ankle_torque_limit: -0.0234
Episode_Reward/penalize_hip_roll_action: -0.4597
Episode_Reward/feet_impact_reduction: -0.0001
Metrics/base_velocity/error_vel_xy: 0.7642
Metrics/base_velocity/error_vel_yaw: 0.7843
      Episode_Termination/time_out: 0.3123
Episode_Termination/terrain_out_of_bounds: 0.0000
Episode_Termination/illegal_contact: 0.6880
--------------------------------------------------------------------------------
                   Total timesteps: 29392896
                    Iteration time: 1.73s
                      Time elapsed: 00:09:06
                               ETA: 12:33:03

################################################################################
                     [1m Learning iteration 299/25000 [0m                     

                       Computation: 57620 steps/s (collection: 1.183s, learning 0.523s)
             Mean action noise std: 0.54
          Mean value_function loss: 0.7241
               Mean surrogate loss: -0.0019
                 Mean entropy loss: 7.4541
                Mean priv_reg loss: 0.3598
                Mean amp/loss loss: 0.4505
            Mean amp/grad_pen loss: 0.1887
         Mean amp/policy_pred loss: -0.3652
         Mean amp/expert_pred loss: 0.3590
                       Mean reward: 23.76
               Mean episode length: 730.59
      Episode_Reward/is_terminated: -0.1150
       Episode_Reward/lin_vel_z_l2: -0.0975
      Episode_Reward/ang_vel_xy_l2: -0.1344
Episode_Reward/flat_orientation_l2: -0.0763
     Episode_Reward/base_height_l2: -0.0149
   Episode_Reward/joint_torques_l2: -0.0205
       Episode_Reward/joint_vel_l2: -0.0009
       Episode_Reward/joint_acc_l2: -0.0334
   Episode_Reward/joint_pos_limits: -0.0007
        Episode_Reward/joint_power: -0.0019
        Episode_Reward/stand_still: -0.1008
     Episode_Reward/action_rate_l2: -0.5665
 Episode_Reward/undesired_contacts: -0.0092
Episode_Reward/track_lin_vel_xy_exp: 1.4656
Episode_Reward/track_ang_vel_z_exp: 1.1349
      Episode_Reward/feet_air_time: 0.0095
Episode_Reward/feet_air_time_variance: -0.1995
         Episode_Reward/feet_slide: -0.0622
     Episode_Reward/feet_clearance: 1.3171
Episode_Reward/feet_distance_y_exp: 1.4757
   Episode_Reward/feet_landing_vel: -0.0054
 Episode_Reward/joint_vel_wheel_l2: -0.0143
 Episode_Reward/joint_acc_wheel_l2: -0.0003
Episode_Reward/joint_torques_wheel_l2: -0.0000
Episode_Reward/bipedal_gait_reward: -1.4152
Episode_Reward/feet_distance_penalize: -0.0353
        Episode_Reward/stop_motion: -0.1048
  Episode_Reward/action_smoothness: -0.6575
       Episode_Reward/lazy_penalty: -0.0941
         Episode_Reward/keep_alive: 0.1115
Episode_Reward/joint_deviation_hip: -0.0212
Episode_Reward/joint_deviation_ankle: -0.0390
Episode_Reward/joint_deviation_legs: -0.0082
Episode_Reward/body_orientation_l2: -0.0458
 Episode_Reward/ankle_torque_limit: -0.0178
Episode_Reward/penalize_hip_roll_action: -0.4403
Episode_Reward/feet_impact_reduction: -0.0001
Metrics/base_velocity/error_vel_xy: 0.8468
Metrics/base_velocity/error_vel_yaw: 0.7280
      Episode_Termination/time_out: 0.3192
Episode_Termination/terrain_out_of_bounds: 0.0000
Episode_Termination/illegal_contact: 0.6811
--------------------------------------------------------------------------------
                   Total timesteps: 29491200
                    Iteration time: 1.71s
                      Time elapsed: 00:09:08
                               ETA: 12:32:51

################################################################################
                     [1m Learning iteration 300/25000 [0m                     

                       Computation: 54848 steps/s (collection: 1.202s, learning 0.590s)
             Mean action noise std: 0.54
          Mean value_function loss: 1.3576
               Mean surrogate loss: 0.0921
                 Mean entropy loss: 7.4720
                Mean priv_reg loss: 0.3570
                Mean amp/loss loss: 0.4517
            Mean amp/grad_pen loss: 0.1908
         Mean amp/policy_pred loss: -0.3638
         Mean amp/expert_pred loss: 0.3590
             Mean hist_latent loss: 0.3466
                       Mean reward: 28.25
               Mean episode length: 804.25
      Episode_Reward/is_terminated: -0.0904
       Episode_Reward/lin_vel_z_l2: -0.0913
      Episode_Reward/ang_vel_xy_l2: -0.1455
Episode_Reward/flat_orientation_l2: -0.0724
     Episode_Reward/base_height_l2: -0.0140
   Episode_Reward/joint_torques_l2: -0.0213
       Episode_Reward/joint_vel_l2: -0.0010
       Episode_Reward/joint_acc_l2: -0.0342
   Episode_Reward/joint_pos_limits: -0.0005
        Episode_Reward/joint_power: -0.0020
        Episode_Reward/stand_still: -0.1095
     Episode_Reward/action_rate_l2: -0.6213
 Episode_Reward/undesired_contacts: -0.0098
Episode_Reward/track_lin_vel_xy_exp: 1.7166
Episode_Reward/track_ang_vel_z_exp: 1.2455
      Episode_Reward/feet_air_time: 0.0088
Episode_Reward/feet_air_time_variance: -0.2273
         Episode_Reward/feet_slide: -0.0669
     Episode_Reward/feet_clearance: 1.4426
Episode_Reward/feet_distance_y_exp: 1.6250
   Episode_Reward/feet_landing_vel: -0.0051
 Episode_Reward/joint_vel_wheel_l2: -0.0159
 Episode_Reward/joint_acc_wheel_l2: -0.0003
Episode_Reward/joint_torques_wheel_l2: -0.0001
Episode_Reward/bipedal_gait_reward: -1.5550
Episode_Reward/feet_distance_penalize: -0.0424
        Episode_Reward/stop_motion: -0.1535
  Episode_Reward/action_smoothness: -0.7242
       Episode_Reward/lazy_penalty: -0.1004
         Episode_Reward/keep_alive: 0.1227
Episode_Reward/joint_deviation_hip: -0.0227
Episode_Reward/joint_deviation_ankle: -0.0411
Episode_Reward/joint_deviation_legs: -0.0089
Episode_Reward/body_orientation_l2: -0.0435
 Episode_Reward/ankle_torque_limit: -0.0183
Episode_Reward/penalize_hip_roll_action: -0.4818
Episode_Reward/feet_impact_reduction: -0.0001
Metrics/base_velocity/error_vel_xy: 0.8771
Metrics/base_velocity/error_vel_yaw: 0.8007
      Episode_Termination/time_out: 0.3272
Episode_Termination/terrain_out_of_bounds: 0.0000
Episode_Termination/illegal_contact: 0.6731
--------------------------------------------------------------------------------
                   Total timesteps: 29589504
                    Iteration time: 1.79s
                      Time elapsed: 00:09:10
                               ETA: 12:32:47

################################################################################
                     [1m Learning iteration 301/25000 [0m                     

                       Computation: 58088 steps/s (collection: 1.169s, learning 0.524s)
             Mean action noise std: 0.54
          Mean value_function loss: 0.8799
               Mean surrogate loss: -0.0012
                 Mean entropy loss: 7.4829
                Mean priv_reg loss: 0.3877
                Mean amp/loss loss: 0.4542
            Mean amp/grad_pen loss: 0.1904
         Mean amp/policy_pred loss: -0.3692
         Mean amp/expert_pred loss: 0.3504
                       Mean reward: 21.89
               Mean episode length: 657.80
      Episode_Reward/is_terminated: -0.1117
       Episode_Reward/lin_vel_z_l2: -0.0866
      Episode_Reward/ang_vel_xy_l2: -0.1255
Episode_Reward/flat_orientation_l2: -0.0744
     Episode_Reward/base_height_l2: -0.0155
   Episode_Reward/joint_torques_l2: -0.0193
       Episode_Reward/joint_vel_l2: -0.0008
       Episode_Reward/joint_acc_l2: -0.0303
   Episode_Reward/joint_pos_limits: -0.0004
        Episode_Reward/joint_power: -0.0017
        Episode_Reward/stand_still: -0.0270
     Episode_Reward/action_rate_l2: -0.5457
 Episode_Reward/undesired_contacts: -0.0099
Episode_Reward/track_lin_vel_xy_exp: 1.5188
Episode_Reward/track_ang_vel_z_exp: 1.1193
      Episode_Reward/feet_air_time: 0.0073
Episode_Reward/feet_air_time_variance: -0.2041
         Episode_Reward/feet_slide: -0.0596
     Episode_Reward/feet_clearance: 1.2916
Episode_Reward/feet_distance_y_exp: 1.4269
   Episode_Reward/feet_landing_vel: -0.0043
 Episode_Reward/joint_vel_wheel_l2: -0.0139
 Episode_Reward/joint_acc_wheel_l2: -0.0003
Episode_Reward/joint_torques_wheel_l2: -0.0000
Episode_Reward/bipedal_gait_reward: -1.3864
Episode_Reward/feet_distance_penalize: -0.0386
        Episode_Reward/stop_motion: -0.0949
  Episode_Reward/action_smoothness: -0.6349
       Episode_Reward/lazy_penalty: -0.0955
         Episode_Reward/keep_alive: 0.1077
Episode_Reward/joint_deviation_hip: -0.0201
Episode_Reward/joint_deviation_ankle: -0.0381
Episode_Reward/joint_deviation_legs: -0.0081
Episode_Reward/body_orientation_l2: -0.0446
 Episode_Reward/ankle_torque_limit: -0.0217
Episode_Reward/penalize_hip_roll_action: -0.4180
Episode_Reward/feet_impact_reduction: -0.0001
Metrics/base_velocity/error_vel_xy: 0.7875
Metrics/base_velocity/error_vel_yaw: 0.6882
      Episode_Termination/time_out: 0.3362
Episode_Termination/terrain_out_of_bounds: 0.0000
Episode_Termination/illegal_contact: 0.6641
--------------------------------------------------------------------------------
                   Total timesteps: 29687808
                    Iteration time: 1.69s
                      Time elapsed: 00:09:12
                               ETA: 12:32:34

################################################################################
                     [1m Learning iteration 302/25000 [0m                     

                       Computation: 55805 steps/s (collection: 1.241s, learning 0.521s)
             Mean action noise std: 0.54
          Mean value_function loss: 0.6712
               Mean surrogate loss: -0.0021
                 Mean entropy loss: 7.4879
                Mean priv_reg loss: 0.3657
                Mean amp/loss loss: 0.4497
            Mean amp/grad_pen loss: 0.1817
         Mean amp/policy_pred loss: -0.3680
         Mean amp/expert_pred loss: 0.3609
                       Mean reward: 22.51
               Mean episode length: 682.34
      Episode_Reward/is_terminated: -0.1334
       Episode_Reward/lin_vel_z_l2: -0.0973
      Episode_Reward/ang_vel_xy_l2: -0.1211
Episode_Reward/flat_orientation_l2: -0.0780
     Episode_Reward/base_height_l2: -0.0170
   Episode_Reward/joint_torques_l2: -0.0188
       Episode_Reward/joint_vel_l2: -0.0008
       Episode_Reward/joint_acc_l2: -0.0286
   Episode_Reward/joint_pos_limits: -0.0009
        Episode_Reward/joint_power: -0.0017
        Episode_Reward/stand_still: -0.0574
     Episode_Reward/action_rate_l2: -0.5008
 Episode_Reward/undesired_contacts: -0.0111
Episode_Reward/track_lin_vel_xy_exp: 1.3881
Episode_Reward/track_ang_vel_z_exp: 1.0075
      Episode_Reward/feet_air_time: 0.0084
Episode_Reward/feet_air_time_variance: -0.1873
         Episode_Reward/feet_slide: -0.0567
     Episode_Reward/feet_clearance: 1.1618
Episode_Reward/feet_distance_y_exp: 1.2996
   Episode_Reward/feet_landing_vel: -0.0049
 Episode_Reward/joint_vel_wheel_l2: -0.0131
 Episode_Reward/joint_acc_wheel_l2: -0.0003
Episode_Reward/joint_torques_wheel_l2: -0.0000
Episode_Reward/bipedal_gait_reward: -1.2560
Episode_Reward/feet_distance_penalize: -0.0423
        Episode_Reward/stop_motion: -0.1201
  Episode_Reward/action_smoothness: -0.5788
       Episode_Reward/lazy_penalty: -0.0865
         Episode_Reward/keep_alive: 0.0981
Episode_Reward/joint_deviation_hip: -0.0183
Episode_Reward/joint_deviation_ankle: -0.0350
Episode_Reward/joint_deviation_legs: -0.0075
Episode_Reward/body_orientation_l2: -0.0468
 Episode_Reward/ankle_torque_limit: -0.0263
Episode_Reward/penalize_hip_roll_action: -0.3878
Episode_Reward/feet_impact_reduction: -0.0001
Metrics/base_velocity/error_vel_xy: 0.7231
Metrics/base_velocity/error_vel_yaw: 0.6432
      Episode_Termination/time_out: 0.3359
Episode_Termination/terrain_out_of_bounds: 0.0000
Episode_Termination/illegal_contact: 0.6643
--------------------------------------------------------------------------------
                   Total timesteps: 29786112
                    Iteration time: 1.76s
                      Time elapsed: 00:09:13
                               ETA: 12:32:26

################################################################################
                     [1m Learning iteration 303/25000 [0m                     

                       Computation: 56232 steps/s (collection: 1.226s, learning 0.523s)
             Mean action noise std: 0.54
          Mean value_function loss: 0.7327
               Mean surrogate loss: -0.0020
                 Mean entropy loss: 7.4801
                Mean priv_reg loss: 0.3531
                Mean amp/loss loss: 0.4432
            Mean amp/grad_pen loss: 0.1830
         Mean amp/policy_pred loss: -0.3719
         Mean amp/expert_pred loss: 0.3688
                       Mean reward: 32.45
               Mean episode length: 802.23
      Episode_Reward/is_terminated: -0.0843
       Episode_Reward/lin_vel_z_l2: -0.1012
      Episode_Reward/ang_vel_xy_l2: -0.1402
Episode_Reward/flat_orientation_l2: -0.0738
     Episode_Reward/base_height_l2: -0.0141
   Episode_Reward/joint_torques_l2: -0.0224
       Episode_Reward/joint_vel_l2: -0.0009
       Episode_Reward/joint_acc_l2: -0.0341
   Episode_Reward/joint_pos_limits: -0.0006
        Episode_Reward/joint_power: -0.0020
        Episode_Reward/stand_still: -0.0377
     Episode_Reward/action_rate_l2: -0.6148
 Episode_Reward/undesired_contacts: -0.0082
Episode_Reward/track_lin_vel_xy_exp: 1.8120
Episode_Reward/track_ang_vel_z_exp: 1.2578
      Episode_Reward/feet_air_time: 0.0107
Episode_Reward/feet_air_time_variance: -0.2235
         Episode_Reward/feet_slide: -0.0651
     Episode_Reward/feet_clearance: 1.4487
Episode_Reward/feet_distance_y_exp: 1.6058
   Episode_Reward/feet_landing_vel: -0.0060
 Episode_Reward/joint_vel_wheel_l2: -0.0156
 Episode_Reward/joint_acc_wheel_l2: -0.0004
Episode_Reward/joint_torques_wheel_l2: -0.0001
Episode_Reward/bipedal_gait_reward: -1.5571
Episode_Reward/feet_distance_penalize: -0.0509
        Episode_Reward/stop_motion: -0.1285
  Episode_Reward/action_smoothness: -0.7151
       Episode_Reward/lazy_penalty: -0.1072
         Episode_Reward/keep_alive: 0.1212
Episode_Reward/joint_deviation_hip: -0.0220
Episode_Reward/joint_deviation_ankle: -0.0420
Episode_Reward/joint_deviation_legs: -0.0089
Episode_Reward/body_orientation_l2: -0.0443
 Episode_Reward/ankle_torque_limit: -0.0223
Episode_Reward/penalize_hip_roll_action: -0.4725
Episode_Reward/feet_impact_reduction: -0.0001
Metrics/base_velocity/error_vel_xy: 0.8341
Metrics/base_velocity/error_vel_yaw: 0.7765
      Episode_Termination/time_out: 0.3465
Episode_Termination/terrain_out_of_bounds: 0.0000
Episode_Termination/illegal_contact: 0.6537
--------------------------------------------------------------------------------
                   Total timesteps: 29884416
                    Iteration time: 1.75s
                      Time elapsed: 00:09:15
                               ETA: 12:32:18

################################################################################
                     [1m Learning iteration 304/25000 [0m                     

                       Computation: 50898 steps/s (collection: 1.384s, learning 0.547s)
             Mean action noise std: 0.54
          Mean value_function loss: 0.6429
               Mean surrogate loss: -0.0011
                 Mean entropy loss: 7.4712
                Mean priv_reg loss: 0.3392
                Mean amp/loss loss: 0.4373
            Mean amp/grad_pen loss: 0.1956
         Mean amp/policy_pred loss: -0.3715
         Mean amp/expert_pred loss: 0.3773
                       Mean reward: 29.13
               Mean episode length: 801.10
      Episode_Reward/is_terminated: -0.0821
       Episode_Reward/lin_vel_z_l2: -0.0892
      Episode_Reward/ang_vel_xy_l2: -0.1294
Episode_Reward/flat_orientation_l2: -0.0693
     Episode_Reward/base_height_l2: -0.0135
   Episode_Reward/joint_torques_l2: -0.0208
       Episode_Reward/joint_vel_l2: -0.0009
       Episode_Reward/joint_acc_l2: -0.0322
   Episode_Reward/joint_pos_limits: -0.0006
        Episode_Reward/joint_power: -0.0019
        Episode_Reward/stand_still: -0.0498
     Episode_Reward/action_rate_l2: -0.5967
 Episode_Reward/undesired_contacts: -0.0073
Episode_Reward/track_lin_vel_xy_exp: 1.7272
Episode_Reward/track_ang_vel_z_exp: 1.2543
      Episode_Reward/feet_air_time: 0.0086
Episode_Reward/feet_air_time_variance: -0.2225
         Episode_Reward/feet_slide: -0.0624
     Episode_Reward/feet_clearance: 1.4099
Episode_Reward/feet_distance_y_exp: 1.5612
   Episode_Reward/feet_landing_vel: -0.0054
 Episode_Reward/joint_vel_wheel_l2: -0.0154
 Episode_Reward/joint_acc_wheel_l2: -0.0003
Episode_Reward/joint_torques_wheel_l2: -0.0001
Episode_Reward/bipedal_gait_reward: -1.5106
Episode_Reward/feet_distance_penalize: -0.0448
        Episode_Reward/stop_motion: -0.1254
  Episode_Reward/action_smoothness: -0.6926
       Episode_Reward/lazy_penalty: -0.1093
         Episode_Reward/keep_alive: 0.1179
Episode_Reward/joint_deviation_hip: -0.0219
Episode_Reward/joint_deviation_ankle: -0.0402
Episode_Reward/joint_deviation_legs: -0.0087
Episode_Reward/body_orientation_l2: -0.0416
 Episode_Reward/ankle_torque_limit: -0.0208
Episode_Reward/penalize_hip_roll_action: -0.4590
Episode_Reward/feet_impact_reduction: -0.0001
Metrics/base_velocity/error_vel_xy: 0.8313
Metrics/base_velocity/error_vel_yaw: 0.7260
      Episode_Termination/time_out: 0.3592
Episode_Termination/terrain_out_of_bounds: 0.0000
Episode_Termination/illegal_contact: 0.6411
--------------------------------------------------------------------------------
                   Total timesteps: 29982720
                    Iteration time: 1.93s
                      Time elapsed: 00:09:17
                               ETA: 12:32:25

################################################################################
                     [1m Learning iteration 305/25000 [0m                     

                       Computation: 49836 steps/s (collection: 1.424s, learning 0.548s)
             Mean action noise std: 0.54
          Mean value_function loss: 0.5627
               Mean surrogate loss: -0.0030
                 Mean entropy loss: 7.4688
                Mean priv_reg loss: 0.3353
                Mean amp/loss loss: 0.4579
            Mean amp/grad_pen loss: 0.1860
         Mean amp/policy_pred loss: -0.3545
         Mean amp/expert_pred loss: 0.3525
                       Mean reward: 35.57
               Mean episode length: 823.01
      Episode_Reward/is_terminated: -0.0838
       Episode_Reward/lin_vel_z_l2: -0.0887
      Episode_Reward/ang_vel_xy_l2: -0.1354
Episode_Reward/flat_orientation_l2: -0.0691
     Episode_Reward/base_height_l2: -0.0142
   Episode_Reward/joint_torques_l2: -0.0206
       Episode_Reward/joint_vel_l2: -0.0009
       Episode_Reward/joint_acc_l2: -0.0327
   Episode_Reward/joint_pos_limits: -0.0008
        Episode_Reward/joint_power: -0.0019
        Episode_Reward/stand_still: -0.0545
     Episode_Reward/action_rate_l2: -0.5862
 Episode_Reward/undesired_contacts: -0.0068
Episode_Reward/track_lin_vel_xy_exp: 1.7528
Episode_Reward/track_ang_vel_z_exp: 1.1711
      Episode_Reward/feet_air_time: 0.0073
Episode_Reward/feet_air_time_variance: -0.2052
         Episode_Reward/feet_slide: -0.0626
     Episode_Reward/feet_clearance: 1.3780
Episode_Reward/feet_distance_y_exp: 1.5295
   Episode_Reward/feet_landing_vel: -0.0055
 Episode_Reward/joint_vel_wheel_l2: -0.0147
 Episode_Reward/joint_acc_wheel_l2: -0.0003
Episode_Reward/joint_torques_wheel_l2: -0.0001
Episode_Reward/bipedal_gait_reward: -1.4807
Episode_Reward/feet_distance_penalize: -0.0299
        Episode_Reward/stop_motion: -0.1046
  Episode_Reward/action_smoothness: -0.6821
       Episode_Reward/lazy_penalty: -0.1032
         Episode_Reward/keep_alive: 0.1154
Episode_Reward/joint_deviation_hip: -0.0205
Episode_Reward/joint_deviation_ankle: -0.0389
Episode_Reward/joint_deviation_legs: -0.0086
Episode_Reward/body_orientation_l2: -0.0415
 Episode_Reward/ankle_torque_limit: -0.0208
Episode_Reward/penalize_hip_roll_action: -0.4469
Episode_Reward/feet_impact_reduction: -0.0001
Metrics/base_velocity/error_vel_xy: 0.7797
Metrics/base_velocity/error_vel_yaw: 0.7480
      Episode_Termination/time_out: 0.3693
Episode_Termination/terrain_out_of_bounds: 0.0000
Episode_Termination/illegal_contact: 0.6310
--------------------------------------------------------------------------------
                   Total timesteps: 30081024
                    Iteration time: 1.97s
                      Time elapsed: 00:09:19
                               ETA: 12:32:34

################################################################################
                     [1m Learning iteration 306/25000 [0m                     

                       Computation: 47854 steps/s (collection: 1.485s, learning 0.569s)
             Mean action noise std: 0.54
          Mean value_function loss: 0.6807
               Mean surrogate loss: 0.0014
                 Mean entropy loss: 7.4528
                Mean priv_reg loss: 0.3317
                Mean amp/loss loss: 0.4465
            Mean amp/grad_pen loss: 0.1845
         Mean amp/policy_pred loss: -0.3693
         Mean amp/expert_pred loss: 0.3599
                       Mean reward: 31.89
               Mean episode length: 848.78
      Episode_Reward/is_terminated: -0.0828
       Episode_Reward/lin_vel_z_l2: -0.0966
      Episode_Reward/ang_vel_xy_l2: -0.1398
Episode_Reward/flat_orientation_l2: -0.0731
     Episode_Reward/base_height_l2: -0.0139
   Episode_Reward/joint_torques_l2: -0.0223
       Episode_Reward/joint_vel_l2: -0.0009
       Episode_Reward/joint_acc_l2: -0.0339
   Episode_Reward/joint_pos_limits: -0.0006
        Episode_Reward/joint_power: -0.0020
        Episode_Reward/stand_still: -0.0881
     Episode_Reward/action_rate_l2: -0.6285
 Episode_Reward/undesired_contacts: -0.0065
Episode_Reward/track_lin_vel_xy_exp: 1.6131
Episode_Reward/track_ang_vel_z_exp: 1.2659
      Episode_Reward/feet_air_time: 0.0088
Episode_Reward/feet_air_time_variance: -0.2211
         Episode_Reward/feet_slide: -0.0669
     Episode_Reward/feet_clearance: 1.4672
Episode_Reward/feet_distance_y_exp: 1.6439
   Episode_Reward/feet_landing_vel: -0.0057
 Episode_Reward/joint_vel_wheel_l2: -0.0156
 Episode_Reward/joint_acc_wheel_l2: -0.0003
Episode_Reward/joint_torques_wheel_l2: -0.0001
Episode_Reward/bipedal_gait_reward: -1.5699
Episode_Reward/feet_distance_penalize: -0.0321
        Episode_Reward/stop_motion: -0.1191
  Episode_Reward/action_smoothness: -0.7357
       Episode_Reward/lazy_penalty: -0.1145
         Episode_Reward/keep_alive: 0.1241
Episode_Reward/joint_deviation_hip: -0.0224
Episode_Reward/joint_deviation_ankle: -0.0434
Episode_Reward/joint_deviation_legs: -0.0092
Episode_Reward/body_orientation_l2: -0.0439
 Episode_Reward/ankle_torque_limit: -0.0175
Episode_Reward/penalize_hip_roll_action: -0.4814
Episode_Reward/feet_impact_reduction: -0.0001
Metrics/base_velocity/error_vel_xy: 0.9407
Metrics/base_velocity/error_vel_yaw: 0.7952
      Episode_Termination/time_out: 0.3802
Episode_Termination/terrain_out_of_bounds: 0.0000
Episode_Termination/illegal_contact: 0.6201
--------------------------------------------------------------------------------
                   Total timesteps: 30179328
                    Iteration time: 2.05s
                      Time elapsed: 00:09:21
                               ETA: 12:32:51

################################################################################
                     [1m Learning iteration 307/25000 [0m                     

                       Computation: 49745 steps/s (collection: 1.444s, learning 0.532s)
             Mean action noise std: 0.54
          Mean value_function loss: 0.6283
               Mean surrogate loss: -0.0032
                 Mean entropy loss: 7.4351
                Mean priv_reg loss: 0.3300
                Mean amp/loss loss: 0.4540
            Mean amp/grad_pen loss: 0.1851
         Mean amp/policy_pred loss: -0.3563
         Mean amp/expert_pred loss: 0.3590
                       Mean reward: 30.50
               Mean episode length: 777.73
      Episode_Reward/is_terminated: -0.0893
       Episode_Reward/lin_vel_z_l2: -0.0928
      Episode_Reward/ang_vel_xy_l2: -0.1339
Episode_Reward/flat_orientation_l2: -0.0746
     Episode_Reward/base_height_l2: -0.0146
   Episode_Reward/joint_torques_l2: -0.0219
       Episode_Reward/joint_vel_l2: -0.0009
       Episode_Reward/joint_acc_l2: -0.0313
   Episode_Reward/joint_pos_limits: -0.0008
        Episode_Reward/joint_power: -0.0019
        Episode_Reward/stand_still: -0.0568
     Episode_Reward/action_rate_l2: -0.5969
 Episode_Reward/undesired_contacts: -0.0082
Episode_Reward/track_lin_vel_xy_exp: 1.6060
Episode_Reward/track_ang_vel_z_exp: 1.2132
      Episode_Reward/feet_air_time: 0.0096
Episode_Reward/feet_air_time_variance: -0.2206
         Episode_Reward/feet_slide: -0.0639
     Episode_Reward/feet_clearance: 1.4123
Episode_Reward/feet_distance_y_exp: 1.5700
   Episode_Reward/feet_landing_vel: -0.0049
 Episode_Reward/joint_vel_wheel_l2: -0.0155
 Episode_Reward/joint_acc_wheel_l2: -0.0003
Episode_Reward/joint_torques_wheel_l2: -0.0001
Episode_Reward/bipedal_gait_reward: -1.5161
Episode_Reward/feet_distance_penalize: -0.0478
        Episode_Reward/stop_motion: -0.1030
  Episode_Reward/action_smoothness: -0.6968
       Episode_Reward/lazy_penalty: -0.1042
         Episode_Reward/keep_alive: 0.1185
Episode_Reward/joint_deviation_hip: -0.0214
Episode_Reward/joint_deviation_ankle: -0.0422
Episode_Reward/joint_deviation_legs: -0.0088
Episode_Reward/body_orientation_l2: -0.0448
 Episode_Reward/ankle_torque_limit: -0.0238
Episode_Reward/penalize_hip_roll_action: -0.4626
Episode_Reward/feet_impact_reduction: -0.0001
Metrics/base_velocity/error_vel_xy: 0.8802
Metrics/base_velocity/error_vel_yaw: 0.7673
      Episode_Termination/time_out: 0.3887
Episode_Termination/terrain_out_of_bounds: 0.0000
Episode_Termination/illegal_contact: 0.6116
--------------------------------------------------------------------------------
                   Total timesteps: 30277632
                    Iteration time: 1.98s
                      Time elapsed: 00:09:23
                               ETA: 12:33:01

################################################################################
                     [1m Learning iteration 308/25000 [0m                     

                       Computation: 53128 steps/s (collection: 1.300s, learning 0.551s)
             Mean action noise std: 0.54
          Mean value_function loss: 0.5239
               Mean surrogate loss: -0.0026
                 Mean entropy loss: 7.3964
                Mean priv_reg loss: 0.3347
                Mean amp/loss loss: 0.4479
            Mean amp/grad_pen loss: 0.1860
         Mean amp/policy_pred loss: -0.3623
         Mean amp/expert_pred loss: 0.3657
                       Mean reward: 31.04
               Mean episode length: 769.57
      Episode_Reward/is_terminated: -0.0922
       Episode_Reward/lin_vel_z_l2: -0.0925
      Episode_Reward/ang_vel_xy_l2: -0.1322
Episode_Reward/flat_orientation_l2: -0.0755
     Episode_Reward/base_height_l2: -0.0152
   Episode_Reward/joint_torques_l2: -0.0216
       Episode_Reward/joint_vel_l2: -0.0009
       Episode_Reward/joint_acc_l2: -0.0339
   Episode_Reward/joint_pos_limits: -0.0007
        Episode_Reward/joint_power: -0.0019
        Episode_Reward/stand_still: -0.1010
     Episode_Reward/action_rate_l2: -0.5988
 Episode_Reward/undesired_contacts: -0.0094
Episode_Reward/track_lin_vel_xy_exp: 1.7813
Episode_Reward/track_ang_vel_z_exp: 1.2512
      Episode_Reward/feet_air_time: 0.0089
Episode_Reward/feet_air_time_variance: -0.2256
         Episode_Reward/feet_slide: -0.0643
     Episode_Reward/feet_clearance: 1.3863
Episode_Reward/feet_distance_y_exp: 1.5697
   Episode_Reward/feet_landing_vel: -0.0055
 Episode_Reward/joint_vel_wheel_l2: -0.0155
 Episode_Reward/joint_acc_wheel_l2: -0.0003
Episode_Reward/joint_torques_wheel_l2: -0.0001
Episode_Reward/bipedal_gait_reward: -1.4780
Episode_Reward/feet_distance_penalize: -0.0357
        Episode_Reward/stop_motion: -0.1387
  Episode_Reward/action_smoothness: -0.6992
       Episode_Reward/lazy_penalty: -0.1079
         Episode_Reward/keep_alive: 0.1185
Episode_Reward/joint_deviation_hip: -0.0216
Episode_Reward/joint_deviation_ankle: -0.0412
Episode_Reward/joint_deviation_legs: -0.0087
Episode_Reward/body_orientation_l2: -0.0453
 Episode_Reward/ankle_torque_limit: -0.0224
Episode_Reward/penalize_hip_roll_action: -0.4591
Episode_Reward/feet_impact_reduction: -0.0001
Metrics/base_velocity/error_vel_xy: 0.8059
Metrics/base_velocity/error_vel_yaw: 0.7318
      Episode_Termination/time_out: 0.3998
Episode_Termination/terrain_out_of_bounds: 0.0000
Episode_Termination/illegal_contact: 0.6005
--------------------------------------------------------------------------------
                   Total timesteps: 30375936
                    Iteration time: 1.85s
                      Time elapsed: 00:09:25
                               ETA: 12:33:01

################################################################################
                     [1m Learning iteration 309/25000 [0m                     

                       Computation: 56296 steps/s (collection: 1.214s, learning 0.532s)
             Mean action noise std: 0.54
          Mean value_function loss: 0.5825
               Mean surrogate loss: -0.0014
                 Mean entropy loss: 7.3745
                Mean priv_reg loss: 0.3334
                Mean amp/loss loss: 0.4537
            Mean amp/grad_pen loss: 0.1882
         Mean amp/policy_pred loss: -0.3600
         Mean amp/expert_pred loss: 0.3555
                       Mean reward: 27.23
               Mean episode length: 813.52
      Episode_Reward/is_terminated: -0.0721
       Episode_Reward/lin_vel_z_l2: -0.1054
      Episode_Reward/ang_vel_xy_l2: -0.1406
Episode_Reward/flat_orientation_l2: -0.0763
     Episode_Reward/base_height_l2: -0.0145
   Episode_Reward/joint_torques_l2: -0.0236
       Episode_Reward/joint_vel_l2: -0.0010
       Episode_Reward/joint_acc_l2: -0.0343
   Episode_Reward/joint_pos_limits: -0.0006
        Episode_Reward/joint_power: -0.0021
        Episode_Reward/stand_still: -0.1216
     Episode_Reward/action_rate_l2: -0.6403
 Episode_Reward/undesired_contacts: -0.0064
Episode_Reward/track_lin_vel_xy_exp: 1.7207
Episode_Reward/track_ang_vel_z_exp: 1.2432
      Episode_Reward/feet_air_time: 0.0096
Episode_Reward/feet_air_time_variance: -0.2326
         Episode_Reward/feet_slide: -0.0672
     Episode_Reward/feet_clearance: 1.4649
Episode_Reward/feet_distance_y_exp: 1.6664
   Episode_Reward/feet_landing_vel: -0.0066
 Episode_Reward/joint_vel_wheel_l2: -0.0163
 Episode_Reward/joint_acc_wheel_l2: -0.0003
Episode_Reward/joint_torques_wheel_l2: -0.0001
Episode_Reward/bipedal_gait_reward: -1.5803
Episode_Reward/feet_distance_penalize: -0.0449
        Episode_Reward/stop_motion: -0.1378
  Episode_Reward/action_smoothness: -0.7432
       Episode_Reward/lazy_penalty: -0.1074
         Episode_Reward/keep_alive: 0.1258
Episode_Reward/joint_deviation_hip: -0.0233
Episode_Reward/joint_deviation_ankle: -0.0444
Episode_Reward/joint_deviation_legs: -0.0095
Episode_Reward/body_orientation_l2: -0.0458
 Episode_Reward/ankle_torque_limit: -0.0231
Episode_Reward/penalize_hip_roll_action: -0.4918
Episode_Reward/feet_impact_reduction: -0.0001
Metrics/base_velocity/error_vel_xy: 0.9209
Metrics/base_velocity/error_vel_yaw: 0.8396
      Episode_Termination/time_out: 0.4079
Episode_Termination/terrain_out_of_bounds: 0.0000
Episode_Termination/illegal_contact: 0.5924
--------------------------------------------------------------------------------
                   Total timesteps: 30474240
                    Iteration time: 1.75s
                      Time elapsed: 00:09:27
                               ETA: 12:32:52

################################################################################
                     [1m Learning iteration 310/25000 [0m                     

                       Computation: 55416 steps/s (collection: 1.238s, learning 0.536s)
             Mean action noise std: 0.54
          Mean value_function loss: 0.5455
               Mean surrogate loss: -0.0021
                 Mean entropy loss: 7.3665
                Mean priv_reg loss: 0.3300
                Mean amp/loss loss: 0.4520
            Mean amp/grad_pen loss: 0.1897
         Mean amp/policy_pred loss: -0.3636
         Mean amp/expert_pred loss: 0.3540
                       Mean reward: 27.23
               Mean episode length: 759.61
      Episode_Reward/is_terminated: -0.1064
       Episode_Reward/lin_vel_z_l2: -0.0920
      Episode_Reward/ang_vel_xy_l2: -0.1330
Episode_Reward/flat_orientation_l2: -0.0735
     Episode_Reward/base_height_l2: -0.0153
   Episode_Reward/joint_torques_l2: -0.0197
       Episode_Reward/joint_vel_l2: -0.0009
       Episode_Reward/joint_acc_l2: -0.0312
   Episode_Reward/joint_pos_limits: -0.0006
        Episode_Reward/joint_power: -0.0018
        Episode_Reward/stand_still: -0.0447
     Episode_Reward/action_rate_l2: -0.5601
 Episode_Reward/undesired_contacts: -0.0093
Episode_Reward/track_lin_vel_xy_exp: 1.4910
Episode_Reward/track_ang_vel_z_exp: 1.1191
      Episode_Reward/feet_air_time: 0.0091
Episode_Reward/feet_air_time_variance: -0.1973
         Episode_Reward/feet_slide: -0.0605
     Episode_Reward/feet_clearance: 1.3065
Episode_Reward/feet_distance_y_exp: 1.4528
   Episode_Reward/feet_landing_vel: -0.0051
 Episode_Reward/joint_vel_wheel_l2: -0.0145
 Episode_Reward/joint_acc_wheel_l2: -0.0004
Episode_Reward/joint_torques_wheel_l2: -0.0000
Episode_Reward/bipedal_gait_reward: -1.4172
Episode_Reward/feet_distance_penalize: -0.0301
        Episode_Reward/stop_motion: -0.0815
  Episode_Reward/action_smoothness: -0.6486
       Episode_Reward/lazy_penalty: -0.0996
         Episode_Reward/keep_alive: 0.1097
Episode_Reward/joint_deviation_hip: -0.0204
Episode_Reward/joint_deviation_ankle: -0.0384
Episode_Reward/joint_deviation_legs: -0.0083
Episode_Reward/body_orientation_l2: -0.0441
 Episode_Reward/ankle_torque_limit: -0.0234
Episode_Reward/penalize_hip_roll_action: -0.4312
Episode_Reward/feet_impact_reduction: -0.0001
Metrics/base_velocity/error_vel_xy: 0.7946
Metrics/base_velocity/error_vel_yaw: 0.7174
      Episode_Termination/time_out: 0.4148
Episode_Termination/terrain_out_of_bounds: 0.0000
Episode_Termination/illegal_contact: 0.5855
--------------------------------------------------------------------------------
                   Total timesteps: 30572544
                    Iteration time: 1.77s
                      Time elapsed: 00:09:28
                               ETA: 12:32:46

################################################################################
                     [1m Learning iteration 311/25000 [0m                     

                       Computation: 59008 steps/s (collection: 1.133s, learning 0.533s)
             Mean action noise std: 0.54
          Mean value_function loss: 0.6428
               Mean surrogate loss: -0.0014
                 Mean entropy loss: 7.3637
                Mean priv_reg loss: 0.3253
                Mean amp/loss loss: 0.4516
            Mean amp/grad_pen loss: 0.1860
         Mean amp/policy_pred loss: -0.3603
         Mean amp/expert_pred loss: 0.3584
                       Mean reward: 31.79
               Mean episode length: 766.50
      Episode_Reward/is_terminated: -0.0946
       Episode_Reward/lin_vel_z_l2: -0.0909
      Episode_Reward/ang_vel_xy_l2: -0.1297
Episode_Reward/flat_orientation_l2: -0.0729
     Episode_Reward/base_height_l2: -0.0151
   Episode_Reward/joint_torques_l2: -0.0205
       Episode_Reward/joint_vel_l2: -0.0009
       Episode_Reward/joint_acc_l2: -0.0316
   Episode_Reward/joint_pos_limits: -0.0006
        Episode_Reward/joint_power: -0.0018
        Episode_Reward/stand_still: -0.1400
     Episode_Reward/action_rate_l2: -0.5812
 Episode_Reward/undesired_contacts: -0.0089
Episode_Reward/track_lin_vel_xy_exp: 1.8276
Episode_Reward/track_ang_vel_z_exp: 1.2860
      Episode_Reward/feet_air_time: 0.0072
Episode_Reward/feet_air_time_variance: -0.2147
         Episode_Reward/feet_slide: -0.0608
     Episode_Reward/feet_clearance: 1.3457
Episode_Reward/feet_distance_y_exp: 1.5175
   Episode_Reward/feet_landing_vel: -0.0055
 Episode_Reward/joint_vel_wheel_l2: -0.0146
 Episode_Reward/joint_acc_wheel_l2: -0.0003
Episode_Reward/joint_torques_wheel_l2: -0.0001
Episode_Reward/bipedal_gait_reward: -1.4464
Episode_Reward/feet_distance_penalize: -0.0289
        Episode_Reward/stop_motion: -0.1503
  Episode_Reward/action_smoothness: -0.6785
       Episode_Reward/lazy_penalty: -0.1018
         Episode_Reward/keep_alive: 0.1145
Episode_Reward/joint_deviation_hip: -0.0204
Episode_Reward/joint_deviation_ankle: -0.0395
Episode_Reward/joint_deviation_legs: -0.0087
Episode_Reward/body_orientation_l2: -0.0437
 Episode_Reward/ankle_torque_limit: -0.0189
Episode_Reward/penalize_hip_roll_action: -0.4425
Episode_Reward/feet_impact_reduction: -0.0001
Metrics/base_velocity/error_vel_xy: 0.7365
Metrics/base_velocity/error_vel_yaw: 0.6757
      Episode_Termination/time_out: 0.4192
Episode_Termination/terrain_out_of_bounds: 0.0000
Episode_Termination/illegal_contact: 0.5810
--------------------------------------------------------------------------------
                   Total timesteps: 30670848
                    Iteration time: 1.67s
                      Time elapsed: 00:09:30
                               ETA: 12:32:31

################################################################################
                     [1m Learning iteration 312/25000 [0m                     

                       Computation: 55936 steps/s (collection: 1.214s, learning 0.544s)
             Mean action noise std: 0.54
          Mean value_function loss: 0.5988
               Mean surrogate loss: -0.0024
                 Mean entropy loss: 7.3566
                Mean priv_reg loss: 0.3351
                Mean amp/loss loss: 0.4434
            Mean amp/grad_pen loss: 0.1849
         Mean amp/policy_pred loss: -0.3692
         Mean amp/expert_pred loss: 0.3688
                       Mean reward: 32.91
               Mean episode length: 854.62
      Episode_Reward/is_terminated: -0.0658
       Episode_Reward/lin_vel_z_l2: -0.0903
      Episode_Reward/ang_vel_xy_l2: -0.1409
Episode_Reward/flat_orientation_l2: -0.0716
     Episode_Reward/base_height_l2: -0.0140
   Episode_Reward/joint_torques_l2: -0.0226
       Episode_Reward/joint_vel_l2: -0.0009
       Episode_Reward/joint_acc_l2: -0.0317
   Episode_Reward/joint_pos_limits: -0.0006
        Episode_Reward/joint_power: -0.0020
        Episode_Reward/stand_still: -0.1168
     Episode_Reward/action_rate_l2: -0.6473
 Episode_Reward/undesired_contacts: -0.0070
Episode_Reward/track_lin_vel_xy_exp: 1.8309
Episode_Reward/track_ang_vel_z_exp: 1.3167
      Episode_Reward/feet_air_time: 0.0079
Episode_Reward/feet_air_time_variance: -0.2510
         Episode_Reward/feet_slide: -0.0673
     Episode_Reward/feet_clearance: 1.5216
Episode_Reward/feet_distance_y_exp: 1.7045
   Episode_Reward/feet_landing_vel: -0.0050
 Episode_Reward/joint_vel_wheel_l2: -0.0162
 Episode_Reward/joint_acc_wheel_l2: -0.0003
Episode_Reward/joint_torques_wheel_l2: -0.0001
Episode_Reward/bipedal_gait_reward: -1.6440
Episode_Reward/feet_distance_penalize: -0.0322
        Episode_Reward/stop_motion: -0.1467
  Episode_Reward/action_smoothness: -0.7570
       Episode_Reward/lazy_penalty: -0.1208
         Episode_Reward/keep_alive: 0.1286
Episode_Reward/joint_deviation_hip: -0.0232
Episode_Reward/joint_deviation_ankle: -0.0459
Episode_Reward/joint_deviation_legs: -0.0097
Episode_Reward/body_orientation_l2: -0.0430
 Episode_Reward/ankle_torque_limit: -0.0191
Episode_Reward/penalize_hip_roll_action: -0.4947
Episode_Reward/feet_impact_reduction: -0.0001
Metrics/base_velocity/error_vel_xy: 0.9123
Metrics/base_velocity/error_vel_yaw: 0.8253
      Episode_Termination/time_out: 0.4265
Episode_Termination/terrain_out_of_bounds: 0.0000
Episode_Termination/illegal_contact: 0.5738
--------------------------------------------------------------------------------
                   Total timesteps: 30769152
                    Iteration time: 1.76s
                      Time elapsed: 00:09:32
                               ETA: 12:32:24

################################################################################
                     [1m Learning iteration 313/25000 [0m                     

                       Computation: 55964 steps/s (collection: 1.228s, learning 0.529s)
             Mean action noise std: 0.54
          Mean value_function loss: 0.5854
               Mean surrogate loss: -0.0010
                 Mean entropy loss: 7.3368
                Mean priv_reg loss: 0.3418
                Mean amp/loss loss: 0.4567
            Mean amp/grad_pen loss: 0.1859
         Mean amp/policy_pred loss: -0.3522
         Mean amp/expert_pred loss: 0.3596
                       Mean reward: 29.35
               Mean episode length: 799.89
      Episode_Reward/is_terminated: -0.0890
       Episode_Reward/lin_vel_z_l2: -0.0970
      Episode_Reward/ang_vel_xy_l2: -0.1450
Episode_Reward/flat_orientation_l2: -0.0709
     Episode_Reward/base_height_l2: -0.0137
   Episode_Reward/joint_torques_l2: -0.0217
       Episode_Reward/joint_vel_l2: -0.0010
       Episode_Reward/joint_acc_l2: -0.0360
   Episode_Reward/joint_pos_limits: -0.0006
        Episode_Reward/joint_power: -0.0020
        Episode_Reward/stand_still: -0.0721
     Episode_Reward/action_rate_l2: -0.6146
 Episode_Reward/undesired_contacts: -0.0090
Episode_Reward/track_lin_vel_xy_exp: 1.7668
Episode_Reward/track_ang_vel_z_exp: 1.2030
      Episode_Reward/feet_air_time: 0.0080
Episode_Reward/feet_air_time_variance: -0.2242
         Episode_Reward/feet_slide: -0.0657
     Episode_Reward/feet_clearance: 1.4251
Episode_Reward/feet_distance_y_exp: 1.6051
   Episode_Reward/feet_landing_vel: -0.0056
 Episode_Reward/joint_vel_wheel_l2: -0.0159
 Episode_Reward/joint_acc_wheel_l2: -0.0003
Episode_Reward/joint_torques_wheel_l2: -0.0000
Episode_Reward/bipedal_gait_reward: -1.5362
Episode_Reward/feet_distance_penalize: -0.0310
        Episode_Reward/stop_motion: -0.1075
  Episode_Reward/action_smoothness: -0.7128
       Episode_Reward/lazy_penalty: -0.0977
         Episode_Reward/keep_alive: 0.1212
Episode_Reward/joint_deviation_hip: -0.0220
Episode_Reward/joint_deviation_ankle: -0.0410
Episode_Reward/joint_deviation_legs: -0.0089
Episode_Reward/body_orientation_l2: -0.0425
 Episode_Reward/ankle_torque_limit: -0.0258
Episode_Reward/penalize_hip_roll_action: -0.4709
Episode_Reward/feet_impact_reduction: -0.0001
Metrics/base_velocity/error_vel_xy: 0.8458
Metrics/base_velocity/error_vel_yaw: 0.8109
      Episode_Termination/time_out: 0.4363
Episode_Termination/terrain_out_of_bounds: 0.0000
Episode_Termination/illegal_contact: 0.5639
--------------------------------------------------------------------------------
                   Total timesteps: 30867456
                    Iteration time: 1.76s
                      Time elapsed: 00:09:34
                               ETA: 12:32:16

################################################################################
                     [1m Learning iteration 314/25000 [0m                     

                       Computation: 52170 steps/s (collection: 1.355s, learning 0.529s)
             Mean action noise std: 0.54
          Mean value_function loss: 0.5423
               Mean surrogate loss: -0.0002
                 Mean entropy loss: 7.3291
                Mean priv_reg loss: 0.3351
                Mean amp/loss loss: 0.4460
            Mean amp/grad_pen loss: 0.1948
         Mean amp/policy_pred loss: -0.3696
         Mean amp/expert_pred loss: 0.3626
                       Mean reward: 29.02
               Mean episode length: 798.51
      Episode_Reward/is_terminated: -0.0802
       Episode_Reward/lin_vel_z_l2: -0.0995
      Episode_Reward/ang_vel_xy_l2: -0.1333
Episode_Reward/flat_orientation_l2: -0.0768
     Episode_Reward/base_height_l2: -0.0146
   Episode_Reward/joint_torques_l2: -0.0232
       Episode_Reward/joint_vel_l2: -0.0010
       Episode_Reward/joint_acc_l2: -0.0367
   Episode_Reward/joint_pos_limits: -0.0006
        Episode_Reward/joint_power: -0.0021
        Episode_Reward/stand_still: -0.1191
     Episode_Reward/action_rate_l2: -0.6212
 Episode_Reward/undesired_contacts: -0.0074
Episode_Reward/track_lin_vel_xy_exp: 1.8720
Episode_Reward/track_ang_vel_z_exp: 1.2666
      Episode_Reward/feet_air_time: 0.0084
Episode_Reward/feet_air_time_variance: -0.2257
         Episode_Reward/feet_slide: -0.0652
     Episode_Reward/feet_clearance: 1.4417
Episode_Reward/feet_distance_y_exp: 1.6328
   Episode_Reward/feet_landing_vel: -0.0062
 Episode_Reward/joint_vel_wheel_l2: -0.0157
 Episode_Reward/joint_acc_wheel_l2: -0.0003
Episode_Reward/joint_torques_wheel_l2: -0.0001
Episode_Reward/bipedal_gait_reward: -1.5567
Episode_Reward/feet_distance_penalize: -0.0381
        Episode_Reward/stop_motion: -0.1562
  Episode_Reward/action_smoothness: -0.7203
       Episode_Reward/lazy_penalty: -0.1165
         Episode_Reward/keep_alive: 0.1232
Episode_Reward/joint_deviation_hip: -0.0224
Episode_Reward/joint_deviation_ankle: -0.0432
Episode_Reward/joint_deviation_legs: -0.0092
Episode_Reward/body_orientation_l2: -0.0461
 Episode_Reward/ankle_torque_limit: -0.0226
Episode_Reward/penalize_hip_roll_action: -0.4766
Episode_Reward/feet_impact_reduction: -0.0001
Metrics/base_velocity/error_vel_xy: 0.8418
Metrics/base_velocity/error_vel_yaw: 0.7806
      Episode_Termination/time_out: 0.4429
Episode_Termination/terrain_out_of_bounds: 0.0000
Episode_Termination/illegal_contact: 0.5574
--------------------------------------------------------------------------------
                   Total timesteps: 30965760
                    Iteration time: 1.88s
                      Time elapsed: 00:09:35
                               ETA: 12:32:19

################################################################################
                     [1m Learning iteration 315/25000 [0m                     

                       Computation: 54619 steps/s (collection: 1.259s, learning 0.540s)
             Mean action noise std: 0.54
          Mean value_function loss: 0.5526
               Mean surrogate loss: 0.0030
                 Mean entropy loss: 7.3423
                Mean priv_reg loss: 0.3314
                Mean amp/loss loss: 0.4591
            Mean amp/grad_pen loss: 0.1860
         Mean amp/policy_pred loss: -0.3581
         Mean amp/expert_pred loss: 0.3467
                       Mean reward: 28.71
               Mean episode length: 769.00
      Episode_Reward/is_terminated: -0.0969
       Episode_Reward/lin_vel_z_l2: -0.0977
      Episode_Reward/ang_vel_xy_l2: -0.1401
Episode_Reward/flat_orientation_l2: -0.0802
     Episode_Reward/base_height_l2: -0.0150
   Episode_Reward/joint_torques_l2: -0.0214
       Episode_Reward/joint_vel_l2: -0.0009
       Episode_Reward/joint_acc_l2: -0.0343
   Episode_Reward/joint_pos_limits: -0.0007
        Episode_Reward/joint_power: -0.0020
        Episode_Reward/stand_still: -0.0453
     Episode_Reward/action_rate_l2: -0.5845
 Episode_Reward/undesired_contacts: -0.0111
Episode_Reward/track_lin_vel_xy_exp: 1.6865
Episode_Reward/track_ang_vel_z_exp: 1.1979
      Episode_Reward/feet_air_time: 0.0099
Episode_Reward/feet_air_time_variance: -0.2145
         Episode_Reward/feet_slide: -0.0604
     Episode_Reward/feet_clearance: 1.3748
Episode_Reward/feet_distance_y_exp: 1.5218
   Episode_Reward/feet_landing_vel: -0.0069
 Episode_Reward/joint_vel_wheel_l2: -0.0154
 Episode_Reward/joint_acc_wheel_l2: -0.0003
Episode_Reward/joint_torques_wheel_l2: -0.0001
Episode_Reward/bipedal_gait_reward: -1.4677
Episode_Reward/feet_distance_penalize: -0.0443
        Episode_Reward/stop_motion: -0.1236
  Episode_Reward/action_smoothness: -0.6771
       Episode_Reward/lazy_penalty: -0.1061
         Episode_Reward/keep_alive: 0.1149
Episode_Reward/joint_deviation_hip: -0.0216
Episode_Reward/joint_deviation_ankle: -0.0412
Episode_Reward/joint_deviation_legs: -0.0086
Episode_Reward/body_orientation_l2: -0.0481
 Episode_Reward/ankle_torque_limit: -0.0257
Episode_Reward/penalize_hip_roll_action: -0.4495
Episode_Reward/feet_impact_reduction: -0.0001
Metrics/base_velocity/error_vel_xy: 0.7949
Metrics/base_velocity/error_vel_yaw: 0.7366
      Episode_Termination/time_out: 0.4471
Episode_Termination/terrain_out_of_bounds: 0.0000
Episode_Termination/illegal_contact: 0.5531
--------------------------------------------------------------------------------
                   Total timesteps: 31064064
                    Iteration time: 1.80s
                      Time elapsed: 00:09:37
                               ETA: 12:32:15

################################################################################
                     [1m Learning iteration 316/25000 [0m                     

                       Computation: 50674 steps/s (collection: 1.405s, learning 0.535s)
             Mean action noise std: 0.54
          Mean value_function loss: 0.5332
               Mean surrogate loss: 0.0001
                 Mean entropy loss: 7.3372
                Mean priv_reg loss: 0.3305
                Mean amp/loss loss: 0.4571
            Mean amp/grad_pen loss: 0.1879
         Mean amp/policy_pred loss: -0.3568
         Mean amp/expert_pred loss: 0.3497
                       Mean reward: 33.14
               Mean episode length: 801.64
      Episode_Reward/is_terminated: -0.0748
       Episode_Reward/lin_vel_z_l2: -0.0985
      Episode_Reward/ang_vel_xy_l2: -0.1424
Episode_Reward/flat_orientation_l2: -0.0691
     Episode_Reward/base_height_l2: -0.0126
   Episode_Reward/joint_torques_l2: -0.0232
       Episode_Reward/joint_vel_l2: -0.0010
       Episode_Reward/joint_acc_l2: -0.0339
   Episode_Reward/joint_pos_limits: -0.0006
        Episode_Reward/joint_power: -0.0021
        Episode_Reward/stand_still: -0.1194
     Episode_Reward/action_rate_l2: -0.6350
 Episode_Reward/undesired_contacts: -0.0081
Episode_Reward/track_lin_vel_xy_exp: 1.8807
Episode_Reward/track_ang_vel_z_exp: 1.2722
      Episode_Reward/feet_air_time: 0.0080
Episode_Reward/feet_air_time_variance: -0.2422
         Episode_Reward/feet_slide: -0.0665
     Episode_Reward/feet_clearance: 1.4762
Episode_Reward/feet_distance_y_exp: 1.6671
   Episode_Reward/feet_landing_vel: -0.0060
 Episode_Reward/joint_vel_wheel_l2: -0.0157
 Episode_Reward/joint_acc_wheel_l2: -0.0003
Episode_Reward/joint_torques_wheel_l2: -0.0001
Episode_Reward/bipedal_gait_reward: -1.6044
Episode_Reward/feet_distance_penalize: -0.0363
        Episode_Reward/stop_motion: -0.1310
  Episode_Reward/action_smoothness: -0.7407
       Episode_Reward/lazy_penalty: -0.1175
         Episode_Reward/keep_alive: 0.1259
Episode_Reward/joint_deviation_hip: -0.0233
Episode_Reward/joint_deviation_ankle: -0.0433
Episode_Reward/joint_deviation_legs: -0.0093
Episode_Reward/body_orientation_l2: -0.0415
 Episode_Reward/ankle_torque_limit: -0.0257
Episode_Reward/penalize_hip_roll_action: -0.4856
Episode_Reward/feet_impact_reduction: -0.0001
Metrics/base_velocity/error_vel_xy: 0.8557
Metrics/base_velocity/error_vel_yaw: 0.8220
      Episode_Termination/time_out: 0.4521
Episode_Termination/terrain_out_of_bounds: 0.0000
Episode_Termination/illegal_contact: 0.5482
--------------------------------------------------------------------------------
                   Total timesteps: 31162368
                    Iteration time: 1.94s
                      Time elapsed: 00:09:39
                               ETA: 12:32:21

################################################################################
                     [1m Learning iteration 317/25000 [0m                     

                       Computation: 56937 steps/s (collection: 1.201s, learning 0.525s)
             Mean action noise std: 0.54
          Mean value_function loss: 0.5327
               Mean surrogate loss: -0.0020
                 Mean entropy loss: 7.3049
                Mean priv_reg loss: 0.3331
                Mean amp/loss loss: 0.4553
            Mean amp/grad_pen loss: 0.1869
         Mean amp/policy_pred loss: -0.3596
         Mean amp/expert_pred loss: 0.3523
                       Mean reward: 32.76
               Mean episode length: 822.02
      Episode_Reward/is_terminated: -0.0886
       Episode_Reward/lin_vel_z_l2: -0.0939
      Episode_Reward/ang_vel_xy_l2: -0.1353
Episode_Reward/flat_orientation_l2: -0.0734
     Episode_Reward/base_height_l2: -0.0145
   Episode_Reward/joint_torques_l2: -0.0220
       Episode_Reward/joint_vel_l2: -0.0009
       Episode_Reward/joint_acc_l2: -0.0348
   Episode_Reward/joint_pos_limits: -0.0006
        Episode_Reward/joint_power: -0.0020
        Episode_Reward/stand_still: -0.1095
     Episode_Reward/action_rate_l2: -0.6175
 Episode_Reward/undesired_contacts: -0.0074
Episode_Reward/track_lin_vel_xy_exp: 1.8000
Episode_Reward/track_ang_vel_z_exp: 1.2809
      Episode_Reward/feet_air_time: 0.0080
Episode_Reward/feet_air_time_variance: -0.2265
         Episode_Reward/feet_slide: -0.0647
     Episode_Reward/feet_clearance: 1.4229
Episode_Reward/feet_distance_y_exp: 1.6070
   Episode_Reward/feet_landing_vel: -0.0061
 Episode_Reward/joint_vel_wheel_l2: -0.0158
 Episode_Reward/joint_acc_wheel_l2: -0.0003
Episode_Reward/joint_torques_wheel_l2: -0.0001
Episode_Reward/bipedal_gait_reward: -1.5321
Episode_Reward/feet_distance_penalize: -0.0444
        Episode_Reward/stop_motion: -0.1346
  Episode_Reward/action_smoothness: -0.7134
       Episode_Reward/lazy_penalty: -0.1136
         Episode_Reward/keep_alive: 0.1213
Episode_Reward/joint_deviation_hip: -0.0224
Episode_Reward/joint_deviation_ankle: -0.0429
Episode_Reward/joint_deviation_legs: -0.0091
Episode_Reward/body_orientation_l2: -0.0441
 Episode_Reward/ankle_torque_limit: -0.0270
Episode_Reward/penalize_hip_roll_action: -0.4722
Episode_Reward/feet_impact_reduction: -0.0001
Metrics/base_velocity/error_vel_xy: 0.8296
Metrics/base_velocity/error_vel_yaw: 0.7635
      Episode_Termination/time_out: 0.4611
Episode_Termination/terrain_out_of_bounds: 0.0000
Episode_Termination/illegal_contact: 0.5392
--------------------------------------------------------------------------------
                   Total timesteps: 31260672
                    Iteration time: 1.73s
                      Time elapsed: 00:09:41
                               ETA: 12:32:12

################################################################################
                     [1m Learning iteration 318/25000 [0m                     

                       Computation: 52815 steps/s (collection: 1.333s, learning 0.529s)
             Mean action noise std: 0.53
          Mean value_function loss: 0.5151
               Mean surrogate loss: -0.0008
                 Mean entropy loss: 7.2766
                Mean priv_reg loss: 0.3299
                Mean amp/loss loss: 0.4612
            Mean amp/grad_pen loss: 0.1893
         Mean amp/policy_pred loss: -0.3529
         Mean amp/expert_pred loss: 0.3458
                       Mean reward: 31.75
               Mean episode length: 814.16
      Episode_Reward/is_terminated: -0.0792
       Episode_Reward/lin_vel_z_l2: -0.0925
      Episode_Reward/ang_vel_xy_l2: -0.1354
Episode_Reward/flat_orientation_l2: -0.0702
     Episode_Reward/base_height_l2: -0.0136
   Episode_Reward/joint_torques_l2: -0.0220
       Episode_Reward/joint_vel_l2: -0.0009
       Episode_Reward/joint_acc_l2: -0.0349
   Episode_Reward/joint_pos_limits: -0.0005
        Episode_Reward/joint_power: -0.0020
        Episode_Reward/stand_still: -0.0681
     Episode_Reward/action_rate_l2: -0.6088
 Episode_Reward/undesired_contacts: -0.0067
Episode_Reward/track_lin_vel_xy_exp: 1.7782
Episode_Reward/track_ang_vel_z_exp: 1.2987
      Episode_Reward/feet_air_time: 0.0087
Episode_Reward/feet_air_time_variance: -0.2316
         Episode_Reward/feet_slide: -0.0636
     Episode_Reward/feet_clearance: 1.4455
Episode_Reward/feet_distance_y_exp: 1.6083
   Episode_Reward/feet_landing_vel: -0.0053
 Episode_Reward/joint_vel_wheel_l2: -0.0156
 Episode_Reward/joint_acc_wheel_l2: -0.0003
Episode_Reward/joint_torques_wheel_l2: -0.0000
Episode_Reward/bipedal_gait_reward: -1.5607
Episode_Reward/feet_distance_penalize: -0.0403
        Episode_Reward/stop_motion: -0.1497
  Episode_Reward/action_smoothness: -0.7072
       Episode_Reward/lazy_penalty: -0.1110
         Episode_Reward/keep_alive: 0.1214
Episode_Reward/joint_deviation_hip: -0.0223
Episode_Reward/joint_deviation_ankle: -0.0426
Episode_Reward/joint_deviation_legs: -0.0092
Episode_Reward/body_orientation_l2: -0.0421
 Episode_Reward/ankle_torque_limit: -0.0204
Episode_Reward/penalize_hip_roll_action: -0.4668
Episode_Reward/feet_impact_reduction: -0.0001
Metrics/base_velocity/error_vel_xy: 0.8468
Metrics/base_velocity/error_vel_yaw: 0.7439
      Episode_Termination/time_out: 0.4674
Episode_Termination/terrain_out_of_bounds: 0.0000
Episode_Termination/illegal_contact: 0.5328
--------------------------------------------------------------------------------
                   Total timesteps: 31358976
                    Iteration time: 1.86s
                      Time elapsed: 00:09:43
                               ETA: 12:32:12

################################################################################
                     [1m Learning iteration 319/25000 [0m                     

                       Computation: 54124 steps/s (collection: 1.289s, learning 0.527s)
             Mean action noise std: 0.53
          Mean value_function loss: 0.5059
               Mean surrogate loss: 0.0014
                 Mean entropy loss: 7.2823
                Mean priv_reg loss: 0.3291
                Mean amp/loss loss: 0.4629
            Mean amp/grad_pen loss: 0.1901
         Mean amp/policy_pred loss: -0.3471
         Mean amp/expert_pred loss: 0.3491
                       Mean reward: 36.75
               Mean episode length: 867.86
      Episode_Reward/is_terminated: -0.0706
       Episode_Reward/lin_vel_z_l2: -0.1021
      Episode_Reward/ang_vel_xy_l2: -0.1467
Episode_Reward/flat_orientation_l2: -0.0755
     Episode_Reward/base_height_l2: -0.0139
   Episode_Reward/joint_torques_l2: -0.0242
       Episode_Reward/joint_vel_l2: -0.0010
       Episode_Reward/joint_acc_l2: -0.0363
   Episode_Reward/joint_pos_limits: -0.0005
        Episode_Reward/joint_power: -0.0022
        Episode_Reward/stand_still: -0.0440
     Episode_Reward/action_rate_l2: -0.6577
 Episode_Reward/undesired_contacts: -0.0060
Episode_Reward/track_lin_vel_xy_exp: 1.9681
Episode_Reward/track_ang_vel_z_exp: 1.3216
      Episode_Reward/feet_air_time: 0.0097
Episode_Reward/feet_air_time_variance: -0.2441
         Episode_Reward/feet_slide: -0.0669
     Episode_Reward/feet_clearance: 1.5531
Episode_Reward/feet_distance_y_exp: 1.7204
   Episode_Reward/feet_landing_vel: -0.0077
 Episode_Reward/joint_vel_wheel_l2: -0.0168
 Episode_Reward/joint_acc_wheel_l2: -0.0003
Episode_Reward/joint_torques_wheel_l2: -0.0001
Episode_Reward/bipedal_gait_reward: -1.6637
Episode_Reward/feet_distance_penalize: -0.0383
        Episode_Reward/stop_motion: -0.1319
  Episode_Reward/action_smoothness: -0.7663
       Episode_Reward/lazy_penalty: -0.1274
         Episode_Reward/keep_alive: 0.1299
Episode_Reward/joint_deviation_hip: -0.0238
Episode_Reward/joint_deviation_ankle: -0.0454
Episode_Reward/joint_deviation_legs: -0.0099
Episode_Reward/body_orientation_l2: -0.0453
 Episode_Reward/ankle_torque_limit: -0.0271
Episode_Reward/penalize_hip_roll_action: -0.5010
Episode_Reward/feet_impact_reduction: -0.0001
Metrics/base_velocity/error_vel_xy: 0.8834
Metrics/base_velocity/error_vel_yaw: 0.8390
      Episode_Termination/time_out: 0.4734
Episode_Termination/terrain_out_of_bounds: 0.0000
Episode_Termination/illegal_contact: 0.5269
--------------------------------------------------------------------------------
                   Total timesteps: 31457280
                    Iteration time: 1.82s
                      Time elapsed: 00:09:45
                               ETA: 12:32:10

################################################################################
                     [1m Learning iteration 320/25000 [0m                     

                       Computation: 50457 steps/s (collection: 1.342s, learning 0.606s)
             Mean action noise std: 0.54
          Mean value_function loss: 0.9624
               Mean surrogate loss: 0.0875
                 Mean entropy loss: 7.2801
                Mean priv_reg loss: 0.3228
                Mean amp/loss loss: 0.4629
            Mean amp/grad_pen loss: 0.1886
         Mean amp/policy_pred loss: -0.3498
         Mean amp/expert_pred loss: 0.3450
             Mean hist_latent loss: 0.3151
                       Mean reward: 34.27
               Mean episode length: 856.76
      Episode_Reward/is_terminated: -0.0634
       Episode_Reward/lin_vel_z_l2: -0.1013
      Episode_Reward/ang_vel_xy_l2: -0.1447
Episode_Reward/flat_orientation_l2: -0.0669
     Episode_Reward/base_height_l2: -0.0136
   Episode_Reward/joint_torques_l2: -0.0235
       Episode_Reward/joint_vel_l2: -0.0010
       Episode_Reward/joint_acc_l2: -0.0390
   Episode_Reward/joint_pos_limits: -0.0004
        Episode_Reward/joint_power: -0.0021
        Episode_Reward/stand_still: -0.0891
     Episode_Reward/action_rate_l2: -0.6462
 Episode_Reward/undesired_contacts: -0.0072
Episode_Reward/track_lin_vel_xy_exp: 1.9667
Episode_Reward/track_ang_vel_z_exp: 1.2488
      Episode_Reward/feet_air_time: 0.0078
Episode_Reward/feet_air_time_variance: -0.2458
         Episode_Reward/feet_slide: -0.0663
     Episode_Reward/feet_clearance: 1.5248
Episode_Reward/feet_distance_y_exp: 1.6974
   Episode_Reward/feet_landing_vel: -0.0067
 Episode_Reward/joint_vel_wheel_l2: -0.0167
 Episode_Reward/joint_acc_wheel_l2: -0.0004
Episode_Reward/joint_torques_wheel_l2: -0.0001
Episode_Reward/bipedal_gait_reward: -1.6364
Episode_Reward/feet_distance_penalize: -0.0290
        Episode_Reward/stop_motion: -0.1154
  Episode_Reward/action_smoothness: -0.7486
       Episode_Reward/lazy_penalty: -0.1233
         Episode_Reward/keep_alive: 0.1281
Episode_Reward/joint_deviation_hip: -0.0229
Episode_Reward/joint_deviation_ankle: -0.0450
Episode_Reward/joint_deviation_legs: -0.0097
Episode_Reward/body_orientation_l2: -0.0401
 Episode_Reward/ankle_torque_limit: -0.0254
Episode_Reward/penalize_hip_roll_action: -0.4956
Episode_Reward/feet_impact_reduction: -0.0001
Metrics/base_velocity/error_vel_xy: 0.8596
Metrics/base_velocity/error_vel_yaw: 0.8555
      Episode_Termination/time_out: 0.4814
Episode_Termination/terrain_out_of_bounds: 0.0000
Episode_Termination/illegal_contact: 0.5188
--------------------------------------------------------------------------------
                   Total timesteps: 31555584
                    Iteration time: 1.95s
                      Time elapsed: 00:09:47
                               ETA: 12:32:17

################################################################################
                     [1m Learning iteration 321/25000 [0m                     

                       Computation: 52962 steps/s (collection: 1.321s, learning 0.535s)
             Mean action noise std: 0.54
          Mean value_function loss: 0.7231
               Mean surrogate loss: -0.0013
                 Mean entropy loss: 7.2897
                Mean priv_reg loss: 0.3523
                Mean amp/loss loss: 0.4556
            Mean amp/grad_pen loss: 0.1887
         Mean amp/policy_pred loss: -0.3673
         Mean amp/expert_pred loss: 0.3456
                       Mean reward: 27.58
               Mean episode length: 786.06
      Episode_Reward/is_terminated: -0.1008
       Episode_Reward/lin_vel_z_l2: -0.1019
      Episode_Reward/ang_vel_xy_l2: -0.1376
Episode_Reward/flat_orientation_l2: -0.0734
     Episode_Reward/base_height_l2: -0.0147
   Episode_Reward/joint_torques_l2: -0.0218
       Episode_Reward/joint_vel_l2: -0.0009
       Episode_Reward/joint_acc_l2: -0.0331
   Episode_Reward/joint_pos_limits: -0.0007
        Episode_Reward/joint_power: -0.0020
        Episode_Reward/stand_still: -0.0224
     Episode_Reward/action_rate_l2: -0.5925
 Episode_Reward/undesired_contacts: -0.0075
Episode_Reward/track_lin_vel_xy_exp: 1.5844
Episode_Reward/track_ang_vel_z_exp: 1.1739
      Episode_Reward/feet_air_time: 0.0086
Episode_Reward/feet_air_time_variance: -0.2236
         Episode_Reward/feet_slide: -0.0621
     Episode_Reward/feet_clearance: 1.4135
Episode_Reward/feet_distance_y_exp: 1.5513
   Episode_Reward/feet_landing_vel: -0.0066
 Episode_Reward/joint_vel_wheel_l2: -0.0151
 Episode_Reward/joint_acc_wheel_l2: -0.0003
Episode_Reward/joint_torques_wheel_l2: -0.0001
Episode_Reward/bipedal_gait_reward: -1.5325
Episode_Reward/feet_distance_penalize: -0.0457
        Episode_Reward/stop_motion: -0.0833
  Episode_Reward/action_smoothness: -0.6862
       Episode_Reward/lazy_penalty: -0.1122
         Episode_Reward/keep_alive: 0.1171
Episode_Reward/joint_deviation_hip: -0.0209
Episode_Reward/joint_deviation_ankle: -0.0416
Episode_Reward/joint_deviation_legs: -0.0089
Episode_Reward/body_orientation_l2: -0.0441
 Episode_Reward/ankle_torque_limit: -0.0259
Episode_Reward/penalize_hip_roll_action: -0.4541
Episode_Reward/feet_impact_reduction: -0.0001
Metrics/base_velocity/error_vel_xy: 0.8790
Metrics/base_velocity/error_vel_yaw: 0.7761
      Episode_Termination/time_out: 0.4859
Episode_Termination/terrain_out_of_bounds: 0.0000
Episode_Termination/illegal_contact: 0.5144
--------------------------------------------------------------------------------
                   Total timesteps: 31653888
                    Iteration time: 1.86s
                      Time elapsed: 00:09:48
                               ETA: 12:32:17

################################################################################
                     [1m Learning iteration 322/25000 [0m                     

                       Computation: 55668 steps/s (collection: 1.242s, learning 0.524s)
             Mean action noise std: 0.53
          Mean value_function loss: 0.6073
               Mean surrogate loss: -0.0033
                 Mean entropy loss: 7.2900
                Mean priv_reg loss: 0.3475
                Mean amp/loss loss: 0.4581
            Mean amp/grad_pen loss: 0.1844
         Mean amp/policy_pred loss: -0.3547
         Mean amp/expert_pred loss: 0.3547
                       Mean reward: 28.47
               Mean episode length: 781.59
      Episode_Reward/is_terminated: -0.1142
       Episode_Reward/lin_vel_z_l2: -0.1057
      Episode_Reward/ang_vel_xy_l2: -0.1363
Episode_Reward/flat_orientation_l2: -0.0824
     Episode_Reward/base_height_l2: -0.0175
   Episode_Reward/joint_torques_l2: -0.0219
       Episode_Reward/joint_vel_l2: -0.0009
       Episode_Reward/joint_acc_l2: -0.0327
   Episode_Reward/joint_pos_limits: -0.0007
        Episode_Reward/joint_power: -0.0020
        Episode_Reward/stand_still: -0.0655
     Episode_Reward/action_rate_l2: -0.5848
 Episode_Reward/undesired_contacts: -0.0108
Episode_Reward/track_lin_vel_xy_exp: 1.6260
Episode_Reward/track_ang_vel_z_exp: 1.1310
      Episode_Reward/feet_air_time: 0.0080
Episode_Reward/feet_air_time_variance: -0.2241
         Episode_Reward/feet_slide: -0.0618
     Episode_Reward/feet_clearance: 1.3760
Episode_Reward/feet_distance_y_exp: 1.5275
   Episode_Reward/feet_landing_vel: -0.0064
 Episode_Reward/joint_vel_wheel_l2: -0.0153
 Episode_Reward/joint_acc_wheel_l2: -0.0003
Episode_Reward/joint_torques_wheel_l2: -0.0001
Episode_Reward/bipedal_gait_reward: -1.4753
Episode_Reward/feet_distance_penalize: -0.0478
        Episode_Reward/stop_motion: -0.1060
  Episode_Reward/action_smoothness: -0.6746
       Episode_Reward/lazy_penalty: -0.1155
         Episode_Reward/keep_alive: 0.1153
Episode_Reward/joint_deviation_hip: -0.0211
Episode_Reward/joint_deviation_ankle: -0.0425
Episode_Reward/joint_deviation_legs: -0.0088
Episode_Reward/body_orientation_l2: -0.0494
 Episode_Reward/ankle_torque_limit: -0.0311
Episode_Reward/penalize_hip_roll_action: -0.4474
Episode_Reward/feet_impact_reduction: -0.0001
Metrics/base_velocity/error_vel_xy: 0.8261
Metrics/base_velocity/error_vel_yaw: 0.7682
      Episode_Termination/time_out: 0.4862
Episode_Termination/terrain_out_of_bounds: 0.0000
Episode_Termination/illegal_contact: 0.5141
--------------------------------------------------------------------------------
                   Total timesteps: 31752192
                    Iteration time: 1.77s
                      Time elapsed: 00:09:50
                               ETA: 12:32:11

################################################################################
                     [1m Learning iteration 323/25000 [0m                     

                       Computation: 54418 steps/s (collection: 1.264s, learning 0.543s)
             Mean action noise std: 0.53
          Mean value_function loss: 0.6330
               Mean surrogate loss: 0.0020
                 Mean entropy loss: 7.2813
                Mean priv_reg loss: 0.3259
                Mean amp/loss loss: 0.4495
            Mean amp/grad_pen loss: 0.1880
         Mean amp/policy_pred loss: -0.3602
         Mean amp/expert_pred loss: 0.3654
                       Mean reward: 36.98
               Mean episode length: 836.68
      Episode_Reward/is_terminated: -0.0864
       Episode_Reward/lin_vel_z_l2: -0.0959
      Episode_Reward/ang_vel_xy_l2: -0.1369
Episode_Reward/flat_orientation_l2: -0.0731
     Episode_Reward/base_height_l2: -0.0150
   Episode_Reward/joint_torques_l2: -0.0217
       Episode_Reward/joint_vel_l2: -0.0009
       Episode_Reward/joint_acc_l2: -0.0313
   Episode_Reward/joint_pos_limits: -0.0007
        Episode_Reward/joint_power: -0.0019
        Episode_Reward/stand_still: -0.0255
     Episode_Reward/action_rate_l2: -0.6111
 Episode_Reward/undesired_contacts: -0.0075
Episode_Reward/track_lin_vel_xy_exp: 1.8446
Episode_Reward/track_ang_vel_z_exp: 1.2339
      Episode_Reward/feet_air_time: 0.0094
Episode_Reward/feet_air_time_variance: -0.2251
         Episode_Reward/feet_slide: -0.0630
     Episode_Reward/feet_clearance: 1.4653
Episode_Reward/feet_distance_y_exp: 1.6082
   Episode_Reward/feet_landing_vel: -0.0057
 Episode_Reward/joint_vel_wheel_l2: -0.0159
 Episode_Reward/joint_acc_wheel_l2: -0.0004
Episode_Reward/joint_torques_wheel_l2: -0.0001
Episode_Reward/bipedal_gait_reward: -1.5755
Episode_Reward/feet_distance_penalize: -0.0437
        Episode_Reward/stop_motion: -0.1042
  Episode_Reward/action_smoothness: -0.7104
       Episode_Reward/lazy_penalty: -0.1218
         Episode_Reward/keep_alive: 0.1214
Episode_Reward/joint_deviation_hip: -0.0220
Episode_Reward/joint_deviation_ankle: -0.0434
Episode_Reward/joint_deviation_legs: -0.0093
Episode_Reward/body_orientation_l2: -0.0438
 Episode_Reward/ankle_torque_limit: -0.0340
Episode_Reward/penalize_hip_roll_action: -0.4734
Episode_Reward/feet_impact_reduction: -0.0001
Metrics/base_velocity/error_vel_xy: 0.8318
Metrics/base_velocity/error_vel_yaw: 0.7930
      Episode_Termination/time_out: 0.4940
Episode_Termination/terrain_out_of_bounds: 0.0000
Episode_Termination/illegal_contact: 0.5063
--------------------------------------------------------------------------------
                   Total timesteps: 31850496
                    Iteration time: 1.81s
                      Time elapsed: 00:09:52
                               ETA: 12:32:07

################################################################################
                     [1m Learning iteration 324/25000 [0m                     

                       Computation: 57056 steps/s (collection: 1.183s, learning 0.540s)
             Mean action noise std: 0.53
          Mean value_function loss: 0.5800
               Mean surrogate loss: -0.0014
                 Mean entropy loss: 7.2725
                Mean priv_reg loss: 0.3211
                Mean amp/loss loss: 0.4625
            Mean amp/grad_pen loss: 0.1858
         Mean amp/policy_pred loss: -0.3488
         Mean amp/expert_pred loss: 0.3502
                       Mean reward: 30.07
               Mean episode length: 831.31
      Episode_Reward/is_terminated: -0.0737
       Episode_Reward/lin_vel_z_l2: -0.0925
      Episode_Reward/ang_vel_xy_l2: -0.1379
Episode_Reward/flat_orientation_l2: -0.0674
     Episode_Reward/base_height_l2: -0.0136
   Episode_Reward/joint_torques_l2: -0.0217
       Episode_Reward/joint_vel_l2: -0.0010
       Episode_Reward/joint_acc_l2: -0.0342
   Episode_Reward/joint_pos_limits: -0.0010
        Episode_Reward/joint_power: -0.0020
        Episode_Reward/stand_still: -0.0434
     Episode_Reward/action_rate_l2: -0.6098
 Episode_Reward/undesired_contacts: -0.0063
Episode_Reward/track_lin_vel_xy_exp: 1.6791
Episode_Reward/track_ang_vel_z_exp: 1.2896
      Episode_Reward/feet_air_time: 0.0081
Episode_Reward/feet_air_time_variance: -0.2234
         Episode_Reward/feet_slide: -0.0631
     Episode_Reward/feet_clearance: 1.4549
Episode_Reward/feet_distance_y_exp: 1.6063
   Episode_Reward/feet_landing_vel: -0.0056
 Episode_Reward/joint_vel_wheel_l2: -0.0158
 Episode_Reward/joint_acc_wheel_l2: -0.0003
Episode_Reward/joint_torques_wheel_l2: -0.0001
Episode_Reward/bipedal_gait_reward: -1.5677
Episode_Reward/feet_distance_penalize: -0.0498
        Episode_Reward/stop_motion: -0.1283
  Episode_Reward/action_smoothness: -0.7054
       Episode_Reward/lazy_penalty: -0.1166
         Episode_Reward/keep_alive: 0.1213
Episode_Reward/joint_deviation_hip: -0.0225
Episode_Reward/joint_deviation_ankle: -0.0422
Episode_Reward/joint_deviation_legs: -0.0091
Episode_Reward/body_orientation_l2: -0.0404
 Episode_Reward/ankle_torque_limit: -0.0280
Episode_Reward/penalize_hip_roll_action: -0.4721
Episode_Reward/feet_impact_reduction: -0.0001
Metrics/base_velocity/error_vel_xy: 0.8764
Metrics/base_velocity/error_vel_yaw: 0.7644
      Episode_Termination/time_out: 0.5082
Episode_Termination/terrain_out_of_bounds: 0.0000
Episode_Termination/illegal_contact: 0.4920
--------------------------------------------------------------------------------
                   Total timesteps: 31948800
                    Iteration time: 1.72s
                      Time elapsed: 00:09:54
                               ETA: 12:31:57

################################################################################
                     [1m Learning iteration 325/25000 [0m                     

                       Computation: 51891 steps/s (collection: 1.364s, learning 0.531s)
             Mean action noise std: 0.53
          Mean value_function loss: 0.4976
               Mean surrogate loss: 0.0034
                 Mean entropy loss: 7.2607
                Mean priv_reg loss: 0.3179
                Mean amp/loss loss: 0.4571
            Mean amp/grad_pen loss: 0.1887
         Mean amp/policy_pred loss: -0.3543
         Mean amp/expert_pred loss: 0.3529
                       Mean reward: 33.89
               Mean episode length: 832.69
      Episode_Reward/is_terminated: -0.0719
       Episode_Reward/lin_vel_z_l2: -0.0883
      Episode_Reward/ang_vel_xy_l2: -0.1405
Episode_Reward/flat_orientation_l2: -0.0689
     Episode_Reward/base_height_l2: -0.0133
   Episode_Reward/joint_torques_l2: -0.0220
       Episode_Reward/joint_vel_l2: -0.0009
       Episode_Reward/joint_acc_l2: -0.0341
   Episode_Reward/joint_pos_limits: -0.0006
        Episode_Reward/joint_power: -0.0020
        Episode_Reward/stand_still: -0.1188
     Episode_Reward/action_rate_l2: -0.6278
 Episode_Reward/undesired_contacts: -0.0054
Episode_Reward/track_lin_vel_xy_exp: 1.9258
Episode_Reward/track_ang_vel_z_exp: 1.2695
      Episode_Reward/feet_air_time: 0.0086
Episode_Reward/feet_air_time_variance: -0.2356
         Episode_Reward/feet_slide: -0.0647
     Episode_Reward/feet_clearance: 1.4667
Episode_Reward/feet_distance_y_exp: 1.6593
   Episode_Reward/feet_landing_vel: -0.0056
 Episode_Reward/joint_vel_wheel_l2: -0.0169
 Episode_Reward/joint_acc_wheel_l2: -0.0003
Episode_Reward/joint_torques_wheel_l2: -0.0001
Episode_Reward/bipedal_gait_reward: -1.5802
Episode_Reward/feet_distance_penalize: -0.0484
        Episode_Reward/stop_motion: -0.1224
  Episode_Reward/action_smoothness: -0.7308
       Episode_Reward/lazy_penalty: -0.1184
         Episode_Reward/keep_alive: 0.1252
Episode_Reward/joint_deviation_hip: -0.0226
Episode_Reward/joint_deviation_ankle: -0.0435
Episode_Reward/joint_deviation_legs: -0.0094
Episode_Reward/body_orientation_l2: -0.0414
 Episode_Reward/ankle_torque_limit: -0.0217
Episode_Reward/penalize_hip_roll_action: -0.4833
Episode_Reward/feet_impact_reduction: -0.0001
Metrics/base_velocity/error_vel_xy: 0.8389
Metrics/base_velocity/error_vel_yaw: 0.8101
      Episode_Termination/time_out: 0.5177
Episode_Termination/terrain_out_of_bounds: 0.0000
Episode_Termination/illegal_contact: 0.4826
--------------------------------------------------------------------------------
                   Total timesteps: 32047104
                    Iteration time: 1.89s
                      Time elapsed: 00:09:56
                               ETA: 12:32:00

################################################################################
                     [1m Learning iteration 326/25000 [0m                     

                       Computation: 53243 steps/s (collection: 1.313s, learning 0.533s)
             Mean action noise std: 0.53
          Mean value_function loss: 0.5665
               Mean surrogate loss: -0.0026
                 Mean entropy loss: 7.2477
                Mean priv_reg loss: 0.3107
                Mean amp/loss loss: 0.4685
            Mean amp/grad_pen loss: 0.1880
         Mean amp/policy_pred loss: -0.3415
         Mean amp/expert_pred loss: 0.3433
                       Mean reward: 39.18
               Mean episode length: 876.23
      Episode_Reward/is_terminated: -0.0507
       Episode_Reward/lin_vel_z_l2: -0.0913
      Episode_Reward/ang_vel_xy_l2: -0.1367
Episode_Reward/flat_orientation_l2: -0.0635
     Episode_Reward/base_height_l2: -0.0120
   Episode_Reward/joint_torques_l2: -0.0233
       Episode_Reward/joint_vel_l2: -0.0009
       Episode_Reward/joint_acc_l2: -0.0358
   Episode_Reward/joint_pos_limits: -0.0004
        Episode_Reward/joint_power: -0.0020
        Episode_Reward/stand_still: -0.0754
     Episode_Reward/action_rate_l2: -0.6632
 Episode_Reward/undesired_contacts: -0.0043
Episode_Reward/track_lin_vel_xy_exp: 2.1876
Episode_Reward/track_ang_vel_z_exp: 1.3115
      Episode_Reward/feet_air_time: 0.0083
Episode_Reward/feet_air_time_variance: -0.2423
         Episode_Reward/feet_slide: -0.0670
     Episode_Reward/feet_clearance: 1.5891
Episode_Reward/feet_distance_y_exp: 1.7608
   Episode_Reward/feet_landing_vel: -0.0056
 Episode_Reward/joint_vel_wheel_l2: -0.0170
 Episode_Reward/joint_acc_wheel_l2: -0.0003
Episode_Reward/joint_torques_wheel_l2: -0.0001
Episode_Reward/bipedal_gait_reward: -1.7038
Episode_Reward/feet_distance_penalize: -0.0259
        Episode_Reward/stop_motion: -0.1146
  Episode_Reward/action_smoothness: -0.7733
       Episode_Reward/lazy_penalty: -0.1250
         Episode_Reward/keep_alive: 0.1328
Episode_Reward/joint_deviation_hip: -0.0227
Episode_Reward/joint_deviation_ankle: -0.0446
Episode_Reward/joint_deviation_legs: -0.0097
Episode_Reward/body_orientation_l2: -0.0381
 Episode_Reward/ankle_torque_limit: -0.0191
Episode_Reward/penalize_hip_roll_action: -0.5070
Episode_Reward/feet_impact_reduction: -0.0001
Metrics/base_velocity/error_vel_xy: 0.8314
Metrics/base_velocity/error_vel_yaw: 0.8658
      Episode_Termination/time_out: 0.5243
Episode_Termination/terrain_out_of_bounds: 0.0000
Episode_Termination/illegal_contact: 0.4760
--------------------------------------------------------------------------------
                   Total timesteps: 32145408
                    Iteration time: 1.85s
                      Time elapsed: 00:09:57
                               ETA: 12:32:00

################################################################################
                     [1m Learning iteration 327/25000 [0m                     

                       Computation: 53709 steps/s (collection: 1.298s, learning 0.533s)
             Mean action noise std: 0.53
          Mean value_function loss: 0.4412
               Mean surrogate loss: -0.0027
                 Mean entropy loss: 7.2227
                Mean priv_reg loss: 0.3093
                Mean amp/loss loss: 0.4647
            Mean amp/grad_pen loss: 0.1865
         Mean amp/policy_pred loss: -0.3467
         Mean amp/expert_pred loss: 0.3461
                       Mean reward: 29.34
               Mean episode length: 819.06
      Episode_Reward/is_terminated: -0.0666
       Episode_Reward/lin_vel_z_l2: -0.0923
      Episode_Reward/ang_vel_xy_l2: -0.1358
Episode_Reward/flat_orientation_l2: -0.0682
     Episode_Reward/base_height_l2: -0.0136
   Episode_Reward/joint_torques_l2: -0.0228
       Episode_Reward/joint_vel_l2: -0.0009
       Episode_Reward/joint_acc_l2: -0.0344
   Episode_Reward/joint_pos_limits: -0.0007
        Episode_Reward/joint_power: -0.0020
        Episode_Reward/stand_still: -0.1228
     Episode_Reward/action_rate_l2: -0.6271
 Episode_Reward/undesired_contacts: -0.0060
Episode_Reward/track_lin_vel_xy_exp: 1.8326
Episode_Reward/track_ang_vel_z_exp: 1.2687
      Episode_Reward/feet_air_time: 0.0084
Episode_Reward/feet_air_time_variance: -0.2463
         Episode_Reward/feet_slide: -0.0641
     Episode_Reward/feet_clearance: 1.4648
Episode_Reward/feet_distance_y_exp: 1.6639
   Episode_Reward/feet_landing_vel: -0.0061
 Episode_Reward/joint_vel_wheel_l2: -0.0170
 Episode_Reward/joint_acc_wheel_l2: -0.0003
Episode_Reward/joint_torques_wheel_l2: -0.0001
Episode_Reward/bipedal_gait_reward: -1.5796
Episode_Reward/feet_distance_penalize: -0.0386
        Episode_Reward/stop_motion: -0.1102
  Episode_Reward/action_smoothness: -0.7259
       Episode_Reward/lazy_penalty: -0.1218
         Episode_Reward/keep_alive: 0.1256
Episode_Reward/joint_deviation_hip: -0.0228
Episode_Reward/joint_deviation_ankle: -0.0443
Episode_Reward/joint_deviation_legs: -0.0095
Episode_Reward/body_orientation_l2: -0.0409
 Episode_Reward/ankle_torque_limit: -0.0233
Episode_Reward/penalize_hip_roll_action: -0.4841
Episode_Reward/feet_impact_reduction: -0.0001
Metrics/base_velocity/error_vel_xy: 0.8591
Metrics/base_velocity/error_vel_yaw: 0.8165
      Episode_Termination/time_out: 0.5331
Episode_Termination/terrain_out_of_bounds: 0.0000
Episode_Termination/illegal_contact: 0.4672
--------------------------------------------------------------------------------
                   Total timesteps: 32243712
                    Iteration time: 1.83s
                      Time elapsed: 00:09:59
                               ETA: 12:31:58

################################################################################
                     [1m Learning iteration 328/25000 [0m                     

                       Computation: 55464 steps/s (collection: 1.242s, learning 0.531s)
             Mean action noise std: 0.53
          Mean value_function loss: 0.5883
               Mean surrogate loss: 0.0014
                 Mean entropy loss: 7.2050
                Mean priv_reg loss: 0.3109
                Mean amp/loss loss: 0.4665
            Mean amp/grad_pen loss: 0.1897
         Mean amp/policy_pred loss: -0.3433
         Mean amp/expert_pred loss: 0.3457
                       Mean reward: 34.81
               Mean episode length: 855.22
      Episode_Reward/is_terminated: -0.0795
       Episode_Reward/lin_vel_z_l2: -0.1008
      Episode_Reward/ang_vel_xy_l2: -0.1362
Episode_Reward/flat_orientation_l2: -0.0666
     Episode_Reward/base_height_l2: -0.0139
   Episode_Reward/joint_torques_l2: -0.0225
       Episode_Reward/joint_vel_l2: -0.0009
       Episode_Reward/joint_acc_l2: -0.0342
   Episode_Reward/joint_pos_limits: -0.0008
        Episode_Reward/joint_power: -0.0020
        Episode_Reward/stand_still: -0.0805
     Episode_Reward/action_rate_l2: -0.6170
 Episode_Reward/undesired_contacts: -0.0067
Episode_Reward/track_lin_vel_xy_exp: 1.8229
Episode_Reward/track_ang_vel_z_exp: 1.3053
      Episode_Reward/feet_air_time: 0.0065
Episode_Reward/feet_air_time_variance: -0.2358
         Episode_Reward/feet_slide: -0.0637
     Episode_Reward/feet_clearance: 1.4641
Episode_Reward/feet_distance_y_exp: 1.6369
   Episode_Reward/feet_landing_vel: -0.0068
 Episode_Reward/joint_vel_wheel_l2: -0.0158
 Episode_Reward/joint_acc_wheel_l2: -0.0004
Episode_Reward/joint_torques_wheel_l2: -0.0001
Episode_Reward/bipedal_gait_reward: -1.5841
Episode_Reward/feet_distance_penalize: -0.0311
        Episode_Reward/stop_motion: -0.1661
  Episode_Reward/action_smoothness: -0.7169
       Episode_Reward/lazy_penalty: -0.1240
         Episode_Reward/keep_alive: 0.1236
Episode_Reward/joint_deviation_hip: -0.0234
Episode_Reward/joint_deviation_ankle: -0.0438
Episode_Reward/joint_deviation_legs: -0.0093
Episode_Reward/body_orientation_l2: -0.0399
 Episode_Reward/ankle_torque_limit: -0.0210
Episode_Reward/penalize_hip_roll_action: -0.4778
Episode_Reward/feet_impact_reduction: -0.0001
Metrics/base_velocity/error_vel_xy: 0.8592
Metrics/base_velocity/error_vel_yaw: 0.7703
      Episode_Termination/time_out: 0.5377
Episode_Termination/terrain_out_of_bounds: 0.0000
Episode_Termination/illegal_contact: 0.4626
--------------------------------------------------------------------------------
                   Total timesteps: 32342016
                    Iteration time: 1.77s
                      Time elapsed: 00:10:01
                               ETA: 12:31:52
