tau_cal_0,tau_cal_1,tau_cal_2,tau_cal_3,tau_cal_4,tau_cal_5,tau_cal_6,tau_cal_7,tau_cal_8,tau_cal_9,tau_est_0,tau_est_1,tau_est_2,tau_est_3,tau_est_4,tau_est_5,tau_est_6,tau_est_7,tau_est_8,tau_est_9,joint_pos_0,joint_pos_1,joint_pos_2,joint_pos_3,joint_pos_4,joint_pos_5,joint_pos_6,joint_pos_7,joint_pos_8,joint_pos_9,joint_pos_target_0,joint_pos_target_1,joint_pos_target_2,joint_pos_target_3,joint_pos_target_4,joint_pos_target_5,joint_pos_target_6,joint_pos_target_7,joint_pos_target_8,joint_pos_target_9,joint_vel_0,joint_vel_1,joint_vel_2,joint_vel_3,joint_vel_4,joint_vel_5,joint_vel_6,joint_vel_7,joint_vel_8,joint_vel_9,
-2.53893,13.6424,7.05012,8.07144,-0.733279,4.86026,16.3857,-7.53079,0.0432192,0.0678842,4.24908,-1.51404,-12.2589,7.37485,-22.0269,17.8266,5.36752,-2.82393,-0.0659332,-0.0395622,-0.028038,0.00858307,-0.360685,0.389296,-2.09716,2.12158,-0.57927,0.526245,2.80327,-0.180629,-0.0560449,0.159554,-0.282554,0.479182,-2.10633,2.17578,-0.124357,0.316812,0,0,0.00610542,-0.0183144,-0.00610542,0.00610542,-0.0305252,0.00610542,-0.00488472,-0.00488472,0.0109901,-0.0109901,
-3.79267,16.1897,29.3401,2.47911,19.2057,11.3923,30.853,-7.42769,-0.0113356,-0.0619494,1.90475,3.85837,-1.80708,7.37485,-7.37485,8.35165,10.8513,-5.31282,-0.0131874,-0.0131874,-0.0291824,0.0104904,-0.357252,0.389677,-2.09182,2.11852,-0.576219,0.524719,2.80289,-0.180629,-0.0764108,0.197499,-0.0168024,0.41824,-1.8595,2.23473,0.299612,0.310336,0,0,-0.152626,0.213675,0.433455,0.0305252,0.567766,-0.311356,0.376068,-0.161173,-0.0109901,-0.0109901,
-13.9671,-11.0474,-20.1104,-30.851,20.2554,10.7249,28.4008,-15.8031,0.127505,-0.597474,-0.732605,6.20268,12.7473,3.66301,8.44933,11.8681,20.6564,-7.3641,-0.0395622,-0.0131874,-0.0436792,0.0528345,-0.321012,0.396162,-2.07084,2.10517,-0.534257,0.516708,2.80327,-0.180629,-0.21983,0.00354873,-0.464892,0.06131,-1.79552,2.20297,0.382371,0.0677225,0,0,-0.628815,2.20391,2.38706,0.238094,1.50794,-0.641026,2.55433,-0.200245,-0.0109901,-0.0109901,
18.8822,-56.0065,-60.0539,-33.438,-0.246441,22.7782,-14.4364,-17.188,0.571424,-0.625306,-8.44933,2.97925,-0.537247,-8.1563,15.9707,10.0122,21.8872,-11.8496,0.0131874,-0.303295,-0.0410089,0.0856409,-0.267986,0.386625,-2.02811,2.09831,-0.448043,0.514038,2.80251,-0.18101,0.1808,-0.494936,-0.87929,-0.014823,-1.9871,2.3459,-0.62903,0.0197439,0,0,0.360195,1.25153,1.67888,-0.897436,1.31258,-0.164835,4.40049,-0.336996,-0.0329666,-0.0109901,
6.06519,4.63555,-15.9915,18.996,-14.1871,7.71955,-15.647,3.26545,1.42816,-0.559764,3.85837,-19.7802,-26.9109,-9.5238,-2.78389,13.6264,-3.02906,-11.0427,0.303295,-0.619781,-0.0551233,0.0566492,-0.308423,0.300412,-1.98272,2.11128,-0.363737,0.485428,2.80327,-0.181392,-0.0147978,0.0306218,-0.585618,0.332195,-2.04288,2.23429,-0.527559,0.467466,0,0,-0.811966,-2.32601,-2.98535,-5.37851,2.9243,1.11722,5.41636,-2.17338,-0.0109901,-0.0549469,
-21.5727,39.378,-12.0014,41.7129,-23.8297,11.7037,-2.19004,10.7276,1.43568,-0.622607,16.2637,-24.3712,-24.7619,-0.732605,-21.0501,9.62149,-5.73675,-3.98632,0.197803,-0.646152,-0.0322351,-0.0505457,-0.430114,0.168803,-1.90719,2.15133,-0.358778,0.414855,2.80671,-0.181392,-0.236726,0.192238,-0.702046,0.460729,-2.02239,2.32838,-0.477,0.579755,0,0,1.05617,-5.84249,-4.15751,-5.14652,4.48718,1.41026,-1.14774,-2.66178,0.56044,-0.0109901,
9.45855,0.665471,-44.5111,37.5216,-77.2538,17.1328,-8.04324,-0.81756,-0.0931517,-0.511192,-1.41637,5.1282,-16.2637,18.8034,-24.2735,17.2405,-0.553846,-2.08547,0.698902,-0.725273,-0.0761042,-0.0185013,-0.43698,0.189784,-1.82784,2.14523,-0.402266,0.453002,2.82883,-0.179866,-0.0253437,0.0798574,-0.962276,0.649629,-2.58833,2.3069,-0.727032,0.579987,0,0,-1.63004,2.72894,-0.921856,1.28816,2.93651,-0.860806,-2.02686,2.99389,1.21978,0.0109901,
-10.2452,10.7353,-31.0672,22.9121,-79.1079,22.9709,-12.4108,3.44561,-0.222527,-0.40978,-12.6496,5.03052,-28.1807,34.6276,-61.1966,23.1013,-5.01197,-4.83419,-0.145054,-0.619781,-0.0722895,0.0219345,-0.480087,0.194362,-1.80686,2.12234,-0.425536,0.510986,2.84981,-0.18101,-0.152954,0.217936,-0.927232,0.449144,-2.66854,2.32975,-0.850135,0.814512,0,0,0.995115,2.30159,-3.05861,0.00610542,0.518925,-1.43468,-1.59707,4.15629,1.54945,-0.252747,
-31.1041,15.3332,-17.6309,6.19226,-40.2144,36.2684,-3.5487,7.85009,-0.707971,-0.580766,-10.2076,2.78389,-26.4225,23.0037,-56.9963,32.4786,-5.46325,0.608547,-0.672527,-0.567032,0.0173569,0.0379572,-0.568589,0.241665,-1.87667,2.04871,-0.491531,0.590333,2.91047,-0.181392,-0.230361,0.226844,-0.875395,0.413235,-2.46696,2.33265,-0.736871,0.906804,0,0,2.93651,0.555555,-3.32723,3.08303,-4.30403,-3.57143,-2.93529,1.96825,2.62637,-0.0109901,
-12.6953,-3.59513,-27.103,21.8338,-38.3123,54.3851,-10.6567,11.113,0.798534,-0.441836,-14.6032,7.96092,-25.1526,5.61661,-54.7497,38.7302,-11.6171,5.58633,1.12088,-0.619781,-0.0108719,0.0844965,-0.615129,0.305753,-1.93847,1.98081,-0.515945,0.631533,2.93755,-0.181773,-0.208707,0.118421,-0.9352,0.627919,-2.3432,2.49168,-0.764835,1.04743,0,0,-1.7033,2.21612,-0.567766,2.38706,0.628815,-2.8022,0.942614,2.14408,-0.186813,-0.0109901,
-1.90345,-17.6065,-14.4783,50.3513,2.82013,48.1967,-5.48465,10.2817,0.670302,0.0106704,-9.81685,9.71918,-24.9573,12.3565,-41.2698,45.0794,-7.48718,6.68034,0.118683,-0.382416,-0.0581751,0.0917444,-0.61017,0.336652,-1.92016,1.95029,-0.510605,0.683795,2.93832,-0.183681,-0.158893,-0.111413,-0.780605,0.949224,-1.87682,2.46892,-0.68176,1.10542,0,0,-2.38706,-0.225885,-0.286936,1.59341,0.360195,-0.506716,-0.376068,2.72039,0.56044,-0.274727,
10.167,-22.1645,39.9533,68.8488,61.3415,44.9922,-0.991002,10.8085,0.953638,0.170131,-8.44933,6.10501,-14.9939,31.6972,-21.0501,46.1538,-7.77436,10.7145,0.540661,-0.435165,-0.0795374,0.0658045,-0.647173,0.356871,-1.90719,1.9564,-0.513657,0.721943,2.94442,-0.186351,0.0022935,-0.230325,-0.279153,1.14445,-1.17576,2.4675,-0.541429,1.10741,0,0,-0.934067,-1.49573,-2.27717,0.677656,1.49573,0.335775,-0.00488472,1.70452,0.20879,-0.0329666,
14.9979,4.22667,13.761,23.6229,-8.04828,2.82802,-13.4492,1.9064,1.15321,0.0515526,4.73749,-6.78877,24.3712,48.1075,30.6227,46.3492,-1.88034,11.5897,0.672527,-0.0659332,-0.106241,-0.00591278,-0.694858,0.428969,-1.83776,1.95678,-0.51976,0.744831,2.9551,-0.186351,0.0178701,-0.0792185,-0.587745,0.831658,-1.7711,1.98352,-0.912152,0.843452,0,0,-1.27595,-3.60806,-1.37363,4.20635,4.68254,-0.140415,-0.376068,0.913309,0.472527,0.0109901,
-1.81309,-2.11355,25.6916,34.0715,18.1852,40.0924,-6.8068,5.23022,1.23179,-0.0535514,8.44933,-14.8962,41.2698,47.619,26.1294,36.8742,-1.81197,10.6598,0.857143,0.0131874,-0.112726,-0.0429163,-0.718509,0.506409,-1.76833,1.93542,-0.530441,0.746738,2.95739,-0.185206,-0.127377,-0.110153,-0.517092,1.01013,-1.47205,2.31882,-0.762254,0.885429,0,0,0.164835,-1.31258,-2.52137,3.75458,2.82662,-1.86203,-0.8547,-0.131868,0.20879,0.12088,
-9.78566,3.75962,-0.415704,3.45535,3.64321,48.0835,-0.873562,6.8424,1.18469,0.0176842,-1.61172,-3.56532,20.2686,24.9573,12.3565,42.8327,-1.15556,5.20342,1.12088,0.0659332,-0.0787745,-0.0432978,-0.766956,0.581941,-1.72179,1.86751,-0.608644,0.734913,2.95968,-0.181773,-0.156368,-0.0163798,-0.770558,0.756475,-1.59401,2.34052,-0.821677,0.92034,0,0,0.934067,-0.445665,0.0305252,4.08425,2.61905,-1.83761,-3.77534,-0.0927963,0.252747,-0.0329666,
3.76364,11.5266,-0.119792,2.11403,-37.811,12.8743,-3.20365,3.20505,1.4315,0.105957,-4.6398,3.07692,13.8217,21.8315,9.03542,45.2747,0.512821,7.95214,1.17363,-0.0395622,-0.0875483,-0.0623713,-0.745213,0.644884,-1.68135,1.84958,-0.66434,0.726521,2.9654,-0.18101,-0.0711675,0.018286,-0.693837,0.81062,-2.01417,1.95295,-0.919142,0.778187,0,0,-0.763126,-1.42247,1.5812,4.2674,2.61905,-1.19048,-3.31624,-0.747253,0.31868,0.0109901,
4.68846,7.22179,8.37215,19.908,-30.0424,19.3976,5.63824,1.76841,1.08842,0.278341,0.146515,5.71428,5.03052,14.4078,-23.7851,16.1661,-1.55214,4.39658,0.909889,0.118683,-0.0993748,-0.0715265,-0.762379,0.639925,-1.64816,1.83318,-0.729572,0.707828,2.98295,-0.180629,-0.0641713,0.0178731,-0.690722,0.837315,-2.00293,2.031,-0.701648,0.731309,0,0,-0.506716,0.274725,-0.641026,-0.714285,-0.628815,-0.531136,-2.57387,-0.512821,0.824177,-0.164837,
-6.91489,8.99085,-17.3637,-4.60956,-36.8038,19.5616,25.7663,-4.83035,0.468538,0.279647,-0.830276,5.32356,-2.78389,12.3565,-29.0598,23.2967,7.50085,2.33162,0.382416,0.118683,-0.0879297,-0.0585566,-0.739491,0.650225,-1.66037,1.81449,-0.779545,0.701724,3.00774,-0.18101,-0.132405,0.0675933,-0.862213,0.629736,-2.08823,1.98809,-0.210578,0.55314,0,0,0.970695,0.787546,2.10623,0.921856,-0.567766,-1.31258,-2.93529,-0.288157,1.68132,-0.0988998,
-8.23759,11.9028,-37.0365,-20.8303,-63.9019,20.9584,9.77277,-3.08573,-0.245639,0.292422,-5.61661,6.98413,-15.7753,-2.97925,-37.851,22.3199,14.9675,-2.14017,0.171429,0.197803,-0.0608454,-0.0459681,-0.682269,0.69028,-1.65999,1.77787,-0.828374,0.695621,3.0581,-0.180629,-0.123274,0.103989,-1.03864,0.513574,-2.36045,1.96332,-0.583038,0.593544,0,0,0.873016,0.531136,1.65446,1.64225,0.286936,-1.42247,-0.522589,-0.327229,2.25275,-0.0549469,
-9.2343,13.9496,-26.23,5.31727,-59.3014,43.2806,-15.3088,7.74698,-0.348751,0.0376771,-4.73749,5.32356,-25.641,-6.69109,-57.6801,20.8547,3.76752,-2.09915,0.224174,0.0659332,-0.0677118,-0.0181198,-0.685321,0.676929,-1.66114,1.75574,-0.735294,0.676166,3.10502,-0.179866,-0.187206,0.19121,-0.994877,0.68778,-2.33083,2.20469,-0.890698,0.838857,0,0,-0.506716,1.63004,-0.543346,-1.44689,-0.323565,-0.958487,5.39683,-1.05006,2.05495,0.20879,
-4.12877,15.3734,-28.2323,10.3692,-56.369,28.8034,-7.35594,7.03294,-0.259359,0.225096,-3.85837,16.1661,-32.0879,5.90965,-62.3687,31.5018,0.403419,1.71624,0.118683,0.276924,-0.0833521,-0.00858307,-0.685321,0.612078,-1.65923,1.76833,-0.718127,0.673495,3.14736,-0.181392,-0.164026,0.146563,-0.968285,0.630628,-2.27354,2.13578,-0.975939,0.889123,0,0,-1.04396,-0.470085,0.921856,-2.89988,0.360195,1.42247,-1.0696,0.405373,1.50549,-0.164837,
10.8254,7.95089,-30.4309,14.0379,-73.3852,10.3479,-5.30821,1.35039,-0.303595,0.0291908,-5.71428,18.8034,-31.4041,8.05861,-56.6056,25.9341,-1.86667,4.34188,0.0395622,0.118683,-0.102427,-0.028038,-0.657092,0.586518,-1.65541,1.79809,-0.751316,0.689517,3.1672,-0.180247,-0.001884,0.0336466,-0.953903,0.708918,-2.46572,1.98368,-1.01965,0.784415,0,0,-0.592186,-0.799755,1.23932,-1.00733,0.152626,2.11844,-2.41758,1.14774,1.3956,0.12088,
10.3328,-0.166976,-18.3872,14.1729,-61.5217,5.87315,5.79957,-0.528749,-0.17128,0.214656,-3.27228,10.3053,-28.083,12.0635,-68.6203,13.0403,-2.60513,3.75385,0.0395622,0.0659332,-0.0936518,-0.0295639,-0.647936,0.565919,-1.65656,1.83623,-0.821889,0.708972,3.19238,-0.180629,0.0461876,-0.0279597,-0.845115,0.682085,-2.34278,1.9428,-0.823671,0.716995,0,0,0.750916,0.103785,0.213675,-1.23932,-0.0793648,1.23932,-3.25763,0.454212,0.978024,-0.0769234,
-5.01502,3.44694,-25.8691,-13.2245,-46.2309,12.7099,11.6415,-0.0634692,-0.273881,0.263451,1.51404,3.85837,-21.3431,7.76556,-59.0476,7.76556,-1.14188,1.45641,-0.0131874,0.0395622,-0.0478754,-0.0360498,-0.644121,0.573548,-1.67411,1.85035,-0.855459,0.705539,3.21336,-0.180629,-0.0297272,-0.0130131,-0.9167,0.454895,-2.22014,2.00642,-0.547469,0.689368,0,0,2.21612,-0.457876,0.445665,0.848597,-0.970695,0.445665,-0.307692,-0.288157,0.714287,0.0549469,
-7.51288,8.01336,-19.533,-14.9739,-38.487,12.291,5.354,-1.64857,-0.276398,0.357341,1.61172,1.90475,-24.1758,-7.76556,-46.5446,10.989,3.8359,0.909401,0.0659332,0.197803,-0.0207901,-0.0421534,-0.635347,0.601778,-1.69852,1.8595,-0.824941,0.696383,3.22557,-0.180629,-0.087376,0.0450525,-0.846887,0.462874,-2.15566,2.01215,-0.579759,0.622995,0,0,0.506716,-0.054945,0.164835,0.824175,-0.885225,0.482296,1.92918,-0.551893,0.42857,-0.0109901,
1.1328,9.40552,-1.07374,4.32036,-30.3148,7.32101,2.84498,-2.69202,-0.136875,0.424536,3.07692,5.32356,-17.9243,-5.90965,-41.0745,6.88644,3.91795,-0.0341873,-0.0395622,0.224174,-0.0406275,-0.0371943,-0.642977,0.581941,-1.70386,1.87896,-0.786412,0.686465,3.229,-0.180629,-0.0774913,0.07362,-0.675461,0.582529,-2.04781,2.00812,-0.570877,0.576766,0,0,-1.48352,0.189255,-0.616606,-1.42247,-0.213675,1.43468,2.73016,-0.698412,0.164837,0.0329666,
11.4647,3.93974,-3.94014,16.5226,-41.3826,4.01648,1.60358,1.69944,0.0453367,0.505734,4.24908,8.93773,-5.90965,3.17461,-32.0879,2.97925,5.62735,-0.813675,-0.0659332,0.356045,-0.0883112,-0.0383387,-0.652514,0.538835,-1.70386,1.92206,-0.746738,0.662814,3.22976,-0.180629,-0.0197376,0.00441868,-0.69731,0.670526,-2.16265,2.02957,-0.660925,0.654099,0,0,-1.76435,-0.0305252,-0.0305252,-1.55678,0.0305252,1.88645,0.825397,-1.11844,-0.0109901,-0.0109901,
2.12662,5.02494,-18.6381,9.80247,-45.7371,7.9383,-1.70695,2.56167,0.00599837,0.413908,3.17461,7.47253,-8.25397,7.96092,-34.4322,3.56532,4.32821,0.0888882,-0.0395622,0.382416,-0.0989933,-0.0356684,-0.632677,0.533113,-1.71759,1.95296,-0.745213,0.638781,3.22976,-0.180247,-0.0780097,0.0256588,-0.798049,0.641825,-2.25855,2.08044,-0.79336,0.65597,0,0,-0.0793648,0.164835,1.25153,-0.00610542,-0.982906,1.17827,-0.0146523,-1.07936,-0.0109901,0.0549469,
-4.99559,4.64119,-17.6867,-4.49253,-25.3835,4.3123,6.58425,-0.53965,-0.0799755,0.444277,-0.146515,4.6398,-18.9011,9.23077,-40.6838,9.13309,1.41538,0.512821,-0.0131874,0.435165,-0.0715265,-0.0383387,-0.596819,0.541123,-1.74315,1.96174,-0.750935,0.634966,3.22976,-0.180247,-0.0812455,0.0105846,-0.741852,0.496701,-2.07627,2.01962,-0.590261,0.618755,0,0,1.37363,-0.0793648,1.54457,0.164835,-1.53236,0.299145,-0.444445,-0.0244198,-0.0109901,-0.0329666,
-4.6698,9.35758,-17.7865,-8.07454,-28.4298,7.09062,13.6488,-5.59492,-0.186561,0.441945,0.634918,5.71428,-17.1429,3.95604,-34.3345,7.47253,2.98803,0.0615387,-0.0659332,0.408791,-0.0684748,-0.0387201,-0.587281,0.548753,-1.76642,1.96288,-0.770008,0.638018,3.22976,-0.180629,-0.128298,0.0634215,-0.779414,0.475926,-2.10408,2.04065,-0.429702,0.489685,0,0,-0.238094,-0.054945,0.164835,0.506716,-0.653236,-0.0305252,-0.776556,0.141636,0.0109901,-0.0549469,
-0.456614,12.7393,-11.059,-5.47071,-33.4416,3.55245,8.49265,-6.27364,-0.227724,0.433246,1.22101,7.37485,-14.0171,-3.56532,-29.5482,4.44444,6.91282,-2.86496,-0.145054,0.382416,-0.0871668,-0.0444422,-0.594912,0.542649,-1.76757,1.96784,-0.755131,0.638781,3.22976,-0.180247,-0.125411,0.0826574,-0.733866,0.464566,-2.14016,2.02258,-0.459395,0.457431,0,0,-0.995115,-0.433455,-0.482296,-0.518925,-0.0305252,0.457876,1.19658,-0.141636,-0.0109901,-0.0109901,
5.45799,9.46175,-8.65857,3.29921,-39.2274,5.68451,2.93476,0.807915,-0.249948,0.460221,0.146515,11.0867,-11.5751,-2.39316,-33.0647,2.49084,8.49915,-4.04103,-0.197803,0.382416,-0.106623,-0.0501642,-0.61017,0.523193,-1.76642,1.98196,-0.723469,0.621233,3.22976,-0.180247,-0.077928,0.0466228,-0.732221,0.525053,-2.19923,2.06933,-0.575281,0.595568,0,0,-0.958487,-0.250305,-0.775335,-1.04396,0.0915756,0.726496,1.33333,-0.962149,-0.0329666,0.0109901,
3.32495,6.9875,-13.8287,8.67723,-42.2061,9.03205,-0.594324,3.19289,-0.283784,0.46157,0.830276,10.4029,-12.2589,1.41637,-37.0696,3.17461,6.36581,-2.00342,-0.250549,0.408791,-0.114634,-0.0509272,-0.609026,0.499161,-1.76833,1.99798,-0.718127,0.607882,3.22976,-0.180247,-0.0799282,0.0261013,-0.751485,0.562404,-2.24604,2.12499,-0.735857,0.685096,0,0,-0.0671558,-0.0183144,0.335775,-0.995115,-0.262516,0.799755,-0.0244198,-0.229548,-0.0329666,-0.0109901,
0.220844,7.02535,-14.9702,8.98363,-38.5184,9.01495,-0.765667,2.63906,-0.267774,0.38478,0.634918,8.74237,-16.2637,5.32356,-39.3162,6.88644,3.64444,-0.047863,-0.303295,0.435165,-0.102427,-0.0551233,-0.593003,0.489624,-1.77977,2.01095,-0.727665,0.613222,3.22976,-0.180247,-0.0773842,0.0162206,-0.727797,0.577436,-2.23034,2.13248,-0.784831,0.704356,0,0,0.677656,-0.201466,0.946276,-0.360195,-0.677656,0.641026,-0.717949,0.356533,-0.0109901,0.0109901,
1.90825,6.18607,-11.2126,6.91529,-31.7955,6.99702,11.8191,-2.1405,-0.313176,0.356032,0.830276,6.5934,-16.3614,7.37485,-39.0232,10.1099,1.79829,0.786325,-0.303295,0.408791,-0.0947971,-0.0566492,-0.575456,0.485809,-1.78931,2.01629,-0.753605,0.628099,3.22976,-0.180247,-0.0632159,0.0114744,-0.672161,0.555523,-2.15989,2.0979,-0.500755,0.613818,0,0,0.311356,-0.0183144,0.836386,-0.213675,-0.518925,0.115995,-1.50916,0.903542,0.0329666,-0.0109901,
2.19641,7.94301,-11.0013,0.663204,-33.6961,6.64048,17.6755,-4.6367,-0.368815,0.303745,1.80708,6.30037,-12.6496,5.32356,-34.2369,8.54701,5.96923,0.17094,-0.32967,0.356045,-0.0936518,-0.0570307,-0.562867,0.492676,-1.79313,2.01324,-0.773441,0.642595,3.22976,-0.180247,-0.0694507,0.0293934,-0.669841,0.513679,-2.16814,2.0799,-0.292955,0.53016,0,0,-0.00610542,-0.054945,0.457876,0.409035,-0.0183144,-0.213675,-0.210012,0.327229,0.0109901,-0.0109901,
-0.251239,9.85402,-9.28201,-3.50858,-36.5517,7.83074,10.5855,-4.56854,-0.414195,0.2771,2.00244,6.39804,-11.3797,3.27228,-33.3578,7.0818,10.0581,-1.70256,-0.356045,0.303295,-0.0921259,-0.0562677,-0.555619,0.498016,-1.79465,2.01057,-0.744068,0.636492,3.22976,-0.180247,-0.090644,0.0538319,-0.646746,0.46412,-2.20302,2.09045,-0.361871,0.488342,0,0,0.128204,0.0183144,0.360195,0.152626,-0.0671558,-0.213675,1.76313,-0.424908,-0.0109901,-0.0109901,
-1.48094,9.67428,-14.3395,-2.96233,-39.4418,8.84709,5.56295,-3.18568,-0.472172,0.259721,0.830276,8.25397,-10.7937,-0.0488434,-36.2882,6.98413,12.2735,-3.43932,-0.382416,0.276924,-0.0902185,-0.0539789,-0.550279,0.495728,-1.79541,2.00866,-0.710116,0.627337,3.22976,-0.180247,-0.104435,0.0573795,-0.699635,0.457318,-2.23386,2.1035,-0.472806,0.517112,0,0,0.0671558,0.115995,0.299145,-0.164835,-0.00610542,-0.103785,1.65568,-0.434677,-0.0109901,-0.0109901,
-1.5242,9.18179,-19.7482,2.54802,-39.4113,8.41547,2.72381,-1.07678,-0.531689,0.244228,0.146515,8.54701,-14.0171,0.537247,-37.7534,7.47253,8.86838,-4.04103,-0.487911,0.250549,-0.0932703,-0.0494013,-0.538072,0.479324,-1.79847,2.0098,-0.694095,0.622759,3.22976,-0.180247,-0.116514,0.0613691,-0.737757,0.474872,-2.24512,2.1084,-0.591815,0.585766,0,0,-0.189255,0.262516,0.592186,-0.982906,-0.262516,0.152626,0.532356,-0.141636,0.0109901,-0.0109901,
-0.634397,10.1884,-19.3024,8.78605,-40.0014,9.80521,-1.908,1.89897,-0.572577,0.217144,-0.537247,9.62149,-16.5568,3.17461,-38.1441,6.88644,7.00855,-2.79658,-0.514286,0.224174,-0.0978489,-0.0486383,-0.533113,0.454528,-1.80571,2.01629,-0.696002,0.622759,3.22976,-0.180247,-0.112834,0.0615138,-0.744938,0.510026,-2.26422,2.13806,-0.764875,0.677217,0,0,-0.238094,-0.0915756,0.0793648,-1.26374,-0.421246,0.384615,-0.317461,0.0341873,0.0109901,-0.0109901,
2.8836,8.15883,-15.9863,11.4024,-38.6725,6.88008,2.00339,1.36625,-0.55498,0.198499,-0.0488434,10.3053,-19.1941,7.0818,-39.707,8.25397,3.9453,-0.690598,-0.593407,0.197803,-0.105097,-0.0513086,-0.533113,0.433166,-1.81067,2.02392,-0.724613,0.628481,3.22976,-0.180247,-0.0875053,0.0342575,-0.708907,0.527909,-2.24871,2.11359,-0.753701,0.685724,0,0,-0.433455,-0.152626,0.054945,-0.958487,-0.250305,0.396826,-1.69475,0.385836,0.0109901,0.0109901,
3.54452,6.33675,-12.63,6.64699,-32.3019,4.84533,16.5773,-4.03244,-0.561723,0.215223,0.146515,8.93773,-17.1429,7.17949,-39.1209,7.96092,3.65812,-0.280342,-0.593407,0.171429,-0.107004,-0.0543604,-0.52739,0.43164,-1.81449,2.0285,-0.774204,0.647936,3.22938,-0.180629,-0.0609051,0.0113675,-0.663042,0.514246,-2.17767,2.08172,-0.423857,0.586961,0,0,0.201466,-0.140415,0.140415,0.262516,-0.128204,-0.0183144,-2.20269,1.02076,-0.0109901,0.0109901,
-0.317388,7.7906,-14.8201,-0.18701,-35.7479,9.96757,16.7698,-4.69619,-0.622141,0.230929,0.341873,6.78877,-13.431,4.83516,-34.1392,7.27716,7.24102,-1.23761,-0.593407,0.171429,-0.0959415,-0.0562677,-0.528152,0.446136,-1.81373,2.0201,-0.792516,0.662051,3.22938,-0.180247,-0.0801356,0.029684,-0.694245,0.469495,-2.20909,2.11193,-0.335236,0.552359,0,0,0.579975,-0.0183144,-0.0427341,0.763126,0.054945,-0.567766,-0.17094,0.41514,-0.0109901,-0.0109901,
-4.24806,10.1055,-13.3228,-3.3007,-33.609,9.99809,6.36551,-4.29927,-0.653002,0.270234,0.146515,6.00732,-14.3101,2.00244,-34.6276,9.62149,10.3316,-2.48205,-0.619781,0.197803,-0.0844965,-0.0528345,-0.528534,0.457961,-1.81792,2.01019,-0.752079,0.654421,3.22938,-0.180629,-0.114807,0.0657573,-0.677175,0.435735,-2.19807,2.10601,-0.463171,0.511798,0,0,0.506716,0.189255,-0.0183144,0.433455,-0.201466,-0.457876,2.24176,-0.46398,-0.0109901,-0.0329666,
-3.0242,11.2529,-16.0574,2.572,-35.1973,8.55954,5.13775,-2.96666,-0.66433,0.273176,-0.634918,8.25397,-14.1148,0.146515,-34.5299,9.32845,9.66154,-4.65641,-0.619781,0.197803,-0.0852594,-0.0494013,-0.528152,0.454909,-1.81792,2.00446,-0.719273,0.652132,3.22938,-0.180629,-0.127205,0.0799044,-0.705551,0.473516,-2.20798,2.0953,-0.536753,0.569481,0,0,-0.250305,0.128204,0.0305252,-0.299145,0.0305252,-0.128204,0.796093,-0.00488472,-0.0109901,-0.0109901,
-1.55459,10.3463,-17.3331,8.10423,-34.8548,7.64363,2.35877,-0.174555,-0.637105,0.280881,-1.22101,9.62149,-15.58,3.17461,-34.1392,7.96092,8.12991,-4.46496,-0.646152,0.224174,-0.0940342,-0.0432978,-0.526627,0.441939,-1.81983,2.00599,-0.715075,0.651751,3.22862,-0.180629,-0.128605,0.0828536,-0.716978,0.504514,-2.21301,2.09438,-0.638565,0.646658,0,0,-0.518925,0.335775,0.0671558,-0.824175,-0.177046,0.103785,0.21978,-0.00488472,-0.0549469,-0.0109901,
-1.04939,9.66718,-14.1135,9.62906,-28.6048,4.72005,7.66538,-2.34721,-0.517876,0.295193,-2.00244,10.5006,-18.022,6.10501,-34.823,7.76556,5.75043,-2.11282,-0.593407,0.250549,-0.101282,-0.0394831,-0.523193,0.430114,-1.82364,2.00828,-0.722706,0.656329,3.2248,-0.180629,-0.121693,0.0709826,-0.671666,0.522248,-2.14778,2.06133,-0.539815,0.607002,0,0,-0.262516,0.0915756,0.250305,-0.445665,-0.189255,0.0183144,-0.600733,0.317461,-0.20879,0.0109901,
-3.15618,9.31266,-11.6075,6.78155,-24.2038,7.42487,14.4931,-5.49401,-0.39785,0.335872,-2.78389,9.62149,-14.6032,6.10501,-29.2552,6.39804,8.03419,-3.05641,-0.435165,0.250549,-0.0982304,-0.0371943,-0.521286,0.436217,-1.82784,2.00332,-0.747883,0.668536,3.2187,-0.180629,-0.127398,0.0701462,-0.649241,0.524795,-2.10145,2.07381,-0.389009,0.552311,0,0,0.177046,0.115995,0.0305252,0.396826,-0.140415,-0.360195,-0.874237,0.727716,-0.406593,-0.0109901,
-4.13674,10.5783,-8.31826,4.85506,-25.358,10.6083,16.7145,-6.90294,-0.42288,0.374268,-3.46764,8.64468,-11.9658,4.73749,-25.7387,8.74237,11.4256,-4.13675,-0.540661,0.276924,-0.0944157,-0.0341425,-0.522049,0.44728,-1.82822,1.99302,-0.758183,0.679217,3.21031,-0.180629,-0.131629,0.088889,-0.61712,0.524628,-2.10814,2.08789,-0.328324,0.50383,0,0,0.262516,0.164835,-0.0793648,0.702076,0.054945,-0.689865,-0.688644,0.327229,-0.362637,-0.0329666,
-5.33505,11.6971,-7.88624,2.81529,-27.0852,12.7585,11.9219,-7.02626,-0.474564,0.396625,-4.1514,9.32845,-9.32845,4.34677,-25.348,10.989,12.8068,-5.64103,-0.514286,0.303295,-0.0906,-0.0299454,-0.523193,0.460631,-1.82746,1.97929,-0.749409,0.679217,3.20535,-0.180247,-0.144384,0.107959,-0.609801,0.511652,-2.1282,2.09764,-0.383325,0.482334,0,0,0.164835,0.238094,0.0305252,0.592186,0.00610542,-0.702076,0.698412,-0.0341873,-0.252747,-0.0109901,
-7.08949,12.353,-9.67668,4.11372,-25.2816,12.719,9.47305,-7.30213,-0.374671,0.437244,-4.83516,10.3053,-9.71918,4.34677,-26.9109,12.5519,11.959,-6.65299,-0.435165,0.32967,-0.0879297,-0.0238419,-0.51709,0.46559,-1.82746,1.96632,-0.730335,0.67731,3.19696,-0.180629,-0.162835,0.12135,-0.612602,0.514351,-2.10898,2.09075,-0.43374,0.469345,0,0,0.115995,0.238094,0.360195,0.0915756,-0.0183144,-0.506716,0.669109,-0.102564,-0.384617,-0.0109901,
-7.44792,13.3927,-11.9292,6.77523,-25.2209,12.0122,8.14188,-6.79949,-0.340858,0.489052,-5.81197,11.4774,-10.5006,5.1282,-25.7387,12.8449,10.3453,-7.3641,-0.46154,0.356045,-0.0890741,-0.0200272,-0.507935,0.461394,-1.82784,1.95869,-0.718891,0.676166,3.19085,-0.180247,-0.174067,0.135496,-0.62644,0.527517,-2.10909,2.08056,-0.470994,0.485581,0,0,-0.0671558,0.201466,0.421246,-0.274725,-0.0305252,-0.347986,0.434677,-0.0341873,-0.34066,-0.0109901,
-8.21191,13.5572,-13.4703,10.3856,-25.3102,12.9513,7.61014,-5.24881,-0.237151,0.550875,-7.17949,11.9658,-11.4774,7.0818,-25.4457,12.3565,9.16923,-7.00855,-0.408791,0.408791,-0.091363,-0.0139236,-0.50145,0.454146,-1.82784,1.95258,-0.718509,0.676166,3.18513,-0.180247,-0.183624,0.145463,-0.643998,0.555501,-2.10927,2.08529,-0.506383,0.529633,0,0,-0.0305252,0.262516,0.213675,-0.421246,-0.00610542,-0.335775,0.0146523,-0.0146523,-0.406593,-0.0109901,
-9.62444,13.8842,-14.4096,11.6266,-24.0945,14.3362,7.23513,-4.09365,-0.263956,0.618591,-8.44933,12.4542,-12.4542,8.54701,-25.5434,13.3333,8.56752,-6.09231,-0.487911,0.46154,-0.0898371,-0.00934601,-0.499542,0.446517,-1.82746,1.94457,-0.719273,0.676166,3.17788,-0.180247,-0.193723,0.152046,-0.657004,0.566137,-2.09416,2.09064,-0.522448,0.562697,0,0,0.0915756,0.213675,0.0793648,-0.286936,0.0305252,-0.396826,-0.0830288,0.00488472,-0.23077,-0.0329666,
-10.4867,14.0636,-15.0246,9.24083,-23.0964,14.3817,8.32228,-5.0677,-0.235306,0.651793,-9.32845,13.3333,-13.9194,9.81685,-25.0549,15.1893,7.40513,-4.65641,-0.382416,0.540661,-0.0883112,-0.00629425,-0.498398,0.446898,-1.82517,1.93465,-0.722706,0.676929,3.17445,-0.180247,-0.202999,0.155055,-0.664321,0.553441,-2.0763,2.07675,-0.498125,0.540799,0,0,0.054945,0.152626,0.0305252,0.115995,0.164835,-0.531136,-0.131868,0.0927963,-0.164837,-0.0109901,
-10.6377,13.6261,-12.5283,7.92743,-21.5512,14.9974,9.17088,-8.07959,-0.264919,0.672757,-10.1099,12.8449,-13.9194,8.64468,-23.9805,15.58,7.96581,-5.57265,-0.408791,0.593407,-0.0883112,0.000190735,-0.502213,0.452621,-1.82021,1.92092,-0.724613,0.684558,3.17407,-0.180247,-0.206305,0.163192,-0.648945,0.550268,-2.05214,2.06497,-0.474018,0.479417,0,0,0.00610542,0.347986,-0.225885,0.286936,0.225885,-0.677656,-0.0830288,0.385836,0.0109901,0.0109901,
-11.0123,14.2022,-9.90635,6.40628,-20.483,15.4002,9.70337,-10.4092,-0.174559,0.707761,-10.5983,12.8449,-12.4542,7.66789,-22.906,15.9707,8.66325,-7.18633,-0.32967,0.619781,-0.0883112,0.00629425,-0.509842,0.457961,-1.81487,1.90795,-0.725376,0.692187,3.17407,-0.180247,-0.210467,0.17244,-0.632326,0.537485,-2.03208,2.05648,-0.456571,0.417938,0,0,0.00610542,0.250305,-0.372406,0.250305,0.311356,-0.677656,-0.0146523,0.297924,-0.0329666,-0.0329666,
-11.9594,15.0724,-8.3806,4.7821,-19.8463,15.9306,10.0546,-11.6365,-0.108147,0.671426,-10.8913,13.3333,-11.2821,7.0818,-22.1245,16.1661,9.14188,-8.38974,-0.276924,0.646152,-0.0879297,0.00934601,-0.515182,0.462539,-1.80991,1.89651,-0.725376,0.693713,3.17407,-0.179866,-0.220202,0.182312,-0.617865,0.52361,-2.02086,2.05296,-0.446327,0.372186,0,0,0.0183144,0.164835,-0.286936,0.238094,0.286936,-0.616606,-0.00488472,0.0341873,-0.0109901,0.0109901,
-13.5789,16.0758,-7.36896,4.85776,-18.8686,16.6088,9.89862,-13.4358,0.00351541,0.628653,-11.5751,14.1148,-9.62149,5.90965,-20.5617,16.4591,9.88034,-10.8513,-0.197803,0.672527,-0.0879297,0.0131607,-0.517471,0.463302,-1.80343,1.8843,-0.725376,0.692187,3.17407,-0.179866,-0.239417,0.198089,-0.600366,0.515445,-2.00473,2.05073,-0.450659,0.312377,0,0,-0.0183144,0.189255,-0.0305252,-0.054945,0.250305,-0.543346,-0.00488472,-0.131868,-0.0109901,-0.0109901,
-14.8442,15.4942,-8.22007,4.16891,-18.1387,17.3193,9.44038,-14.468,0.133394,0.552604,-13.0403,14.2124,-9.03542,5.81197,-19.5849,17.0452,9.85299,-12.1368,-0.092308,0.619781,-0.0875483,0.0204086,-0.51442,0.459487,-1.79885,1.87324,-0.725376,0.686465,3.17407,-0.179866,-0.251467,0.204166,-0.598631,0.498279,-1.99286,2.0496,-0.463388,0.265283,0,0,0.0305252,0.347986,0.213675,-0.225885,0.225885,-0.482296,-0.00488472,-0.385836,-0.0109901,-0.0109901,
-14.946,14.5672,-6.70059,4.50095,-15.7506,16.3421,9.40457,-16.4648,0.30228,0.422814,-14.8962,14.7009,-9.5238,5.51892,-18.7057,17.9243,9.42906,-13.2444,0.0395622,0.567032,-0.0860224,0.0299454,-0.505264,0.450332,-1.79541,1.86561,-0.724995,0.677691,3.17445,-0.179866,-0.247408,0.20381,-0.566488,0.485487,-1.96289,2.0307,-0.463512,0.191764,0,0,0.140415,0.360195,0.396826,-0.445665,0.225885,-0.494505,0.00488472,-0.571428,-0.0109901,0.0109901,
-10.6042,11.1715,-3.99893,4.41202,-14.2173,13.8393,10.2207,-17.8207,0.495422,0.253669,-15.7753,14.6032,-9.32845,5.81197,-17.5336,18.022,9.34701,-13.8325,0.145054,0.514286,-0.0833521,0.033761,-0.498398,0.442321,-1.79046,1.8534,-0.724995,0.658237,3.17445,-0.179866,-0.194462,0.165825,-0.527161,0.472825,-1.9413,1.98824,-0.44133,0.115597,0,0,0.201466,0.238094,0.470085,-0.555555,0.213675,-0.567766,-0.00488472,-0.952381,-0.0109901,-0.0109901,
1.47344,4.6817,3.34976,7.00264,-11.4944,6.14665,14.6634,-12.4857,0.662554,0.00276588,-13.3333,12.1612,-6.98413,5.22589,-14.7009,15.9707,9.83932,-15.0769,0.32967,0.32967,-0.07763,0.0391016,-0.48085,0.429351,-1.78626,1.83623,-0.724613,0.626574,3.17445,-0.180247,-0.048031,0.096615,-0.415751,0.489453,-1.90848,1.87665,-0.316076,0.197942,0,0,0.396826,0.164835,0.836386,-0.531136,0.164835,-0.836386,0.0244198,-1.63614,-0.0109901,-0.0109901,
23.3101,-2.60744,17.95,23.2131,-12.1279,0.215909,22.768,4.89241,0.704973,-0.142025,-6.78877,11.2821,-6.00732,5.51892,-13.6264,13.431,10.9607,-13.1624,0.46154,0.197803,-0.0692377,0.0391016,-0.468642,0.422866,-1.78512,1.82403,-0.723469,0.595293,3.17483,-0.180247,0.209096,0.00992655,-0.23969,0.665933,-1.91682,1.79407,-0.084918,0.630827,0,0,0.579975,-0.00610542,0.885225,-0.445665,0.0915756,-0.970695,0.122101,-2.00733,0.0329666,-0.0109901,
15.1832,0.340935,16.5401,38.5858,-12.718,11.7621,22.1064,4.73605,0.551889,-0.293301,7.47253,0.732605,6.00732,14.5055,-11.2821,6.5934,16.6906,-2.42735,0.593407,-0.092308,-0.0398645,0.0371943,-0.432784,0.424773,-1.78512,1.79122,-0.704776,0.556382,3.17521,-0.180629,0.186022,0.0391509,-0.184089,0.866732,-1.92989,1.86635,-0.0338104,0.618342,0,0,1.71551,-0.054945,1.9475,0.396826,-0.103785,-1.66667,1.13797,-1.39194,0.0109901,-0.0109901,
-32.4525,17.5561,-21.674,14.3206,-18.4645,23.6199,3.73035,-5.42556,0.016978,-0.399674,6.00732,-1.61172,4.54213,24.7619,-12.1612,17.1429,16.6496,1.23761,0.356045,-0.224174,0.033761,0.0295639,-0.364119,0.472076,-1.79122,1.74926,-0.657474,0.561341,3.17826,-0.18101,-0.193936,0.213439,-0.478974,0.727449,-2.00879,1.94068,-0.422717,0.432365,0,0,3.98657,-0.335775,3.779,2.88767,-0.372406,-2.13065,2.62271,0.434677,0.23077,-0.0549469,
-2.3239,-32.1711,-50.6545,-12.4972,15.3314,54.9829,-8.3482,-9.299,0.50798,-0.617828,-11.3797,2.6862,-5.1282,24.3712,-19.3895,28.4738,9.30598,-1.79829,0.382416,-0.408791,0.0726709,0.0642786,-0.325208,0.502594,-1.79274,1.68479,-0.60216,0.567063,3.1836,-0.182918,0.0572284,-0.23111,-0.907369,0.356613,-1.62097,2.20393,-0.74834,0.305095,0,0,0.311356,1.86203,-0.579975,-0.213675,0.0427341,-2.75336,1.71428,-0.0732594,0.0769234,-0.0329666,
19.6907,-34.1249,-48.8286,9.64635,-5.36171,66.8863,-7.21041,-12.5905,0.916343,-0.640115,-0.732605,-5.42125,-34.3345,2.88156,-2.00244,46.1538,1.41538,-5.88718,0.356045,-0.540661,0.033761,0.0791559,-0.342374,0.491531,-1.77138,1.65427,-0.608263,0.550279,3.18208,-0.183681,0.149779,-0.276608,-0.915236,0.577753,-1.76848,2.33579,-0.83224,0.143644,0,0,-3.08303,0.702076,-0.909645,-0.628815,1.87424,-1.84982,-0.473749,-1.13797,-0.0988998,-0.0549469,
-26.575,28.6922,-29.587,-1.06885,-1.50734,0.228292,-4.95713,-18.8939,2.07173,-0.871745,3.36996,-5.22589,-30.0366,0.830276,-5.1282,44.0049,0.0341873,-9.60684,0.514286,-0.646152,0.0127792,-0.0165939,-0.431258,0.43164,-1.69089,1.67754,-0.655184,0.535401,3.18284,-0.183681,-0.277412,0.102982,-0.938473,0.306414,-1.57353,1.74784,-0.905946,0.00788522,0,0,0.152626,-5.9768,-5.35409,-3.40049,4.0232,2.03297,-2.26129,-0.0537243,-0.0109901,0.0109901,
13.1747,9.28323,3.83641,21.4159,-49.1188,-28.4356,0.584149,5.7449,2.25232,-1.12493,-2.00244,0.830276,-24.2735,4.54213,-16.5568,12.6496,-2.71453,-16.9504,1.17363,-0.778023,0.00629425,-0.109674,-0.551042,0.382811,-1.56806,1.71759,-0.702487,0.530823,3.18437,-0.186351,0.115032,-0.0620829,-0.654732,0.592885,-1.93128,1.41487,-0.794441,0.677461,0,0,-1.12943,-1.66667,-4.3895,-0.836386,5.47619,0.396826,-2.16361,-0.258852,0.164837,-0.0549469,
49.6287,-20.9013,-5.75104,39.6387,-107.844,10.0384,30.8449,10.3112,2.17793,-1.4124,-0.732605,-4.05373,-6.78877,4.83516,-39.5116,-8.74237,0.225641,-4.84786,1.09451,-1.09451,-0.0547419,-0.0474939,-0.609789,0.383574,-1.49481,1.69432,-0.74712,0.533494,3.19657,-0.184443,0.372756,-0.137484,-0.786632,0.835196,-2.55246,1.74501,-0.0155921,0.831394,0,0,-3.71795,4.2674,-3.38828,0.335775,4.21856,-1.8254,-2.5055,0.229548,0.89011,-0.0109901,
-1.7516,2.35071,-7.41157,4.73599,-25.2072,25.0009,15.4469,0.0172124,0.798036,-1.4317,8.35165,-14.0171,-17.2405,11.8681,-76.1416,20.1709,17.7846,0.211966,0.909889,-1.09451,0.0352869,0.0101089,-0.601778,0.49115,-1.528,1.58789,-0.767719,0.618563,3.24769,-0.185206,0.208539,0.0812015,-0.648923,0.733231,-1.93771,1.73361,-0.287601,0.802924,0,0,5.78144,1.34921,1.05617,5.68376,-3.88889,-3.96215,1.02076,3.67766,2.38462,-0.20879,
-19.0635,12.8787,-27.594,-30.235,-7.26297,52.218,19.4671,-9.90886,0.554185,-1.37948,12.6496,-8.64468,-23.1013,5.81197,-38.5348,30.4274,21.2444,-0.45812,0.936264,-0.98901,0.108912,0.0169754,-0.561723,0.576982,-1.57912,1.528,-0.731098,0.667392,3.28317,-0.194362,-0.0664782,0.177776,-0.755381,0.441891,-1.76747,1.97124,-0.0841188,0.565284,0,0,1.0928,0.531136,3.38828,6.02564,-3.22955,-4.10867,2.12454,3.46276,2.40659,-0.582417,
-13.6792,-21.5921,-33.1147,-15.3149,18.8103,71.2479,-5.16496,-45.7392,0.416975,-1.38669,8.64468,-3.95604,-15.0916,2.88156,-25.1526,39.2186,17.2513,-6.61197,0.540661,-1.06813,0.0894556,0.084878,-0.500687,0.627337,-1.58103,1.44865,-0.743687,0.753605,3.34764,-0.221066,-0.0969269,-0.0722096,-0.874937,0.473655,-1.36856,2.19247,-0.853702,-0.358443,0,0,-1.03175,2.48474,-0.189255,0.494505,0.103785,-1.43468,0.669109,3.16972,2.56044,-1.06593,
-23.0358,6.32172,-67.2373,-39.8424,-4.62168,14.4009,-4.78364,-39.0548,1.41335,-1.48307,-1.02563,2.6862,-16.5568,0.244202,-4.1514,51.5262,6.61197,-22.106,0.725273,-0.646152,0.0310898,0.0734339,-0.559815,0.55829,-1.528,1.48756,-0.732624,0.775349,3.39456,-0.254253,-0.349202,0.100737,-1.42269,-0.0258364,-1.45135,1.74953,-0.905307,-0.29803,0,0,-3.73016,-1.28816,-3.47375,-4.24298,3.84005,3.05861,-0.796093,0.229548,2.2967,-1.74725,
-1.35801,-7.4049,-48.5085,-24.0011,-13.3603,-28.1347,0.372309,-10.6479,2.23836,-1.4337,-9.13309,5.81197,-38.1441,-7.27716,-13.9194,16.5568,-0.321367,27.0701,0.936264,-1.3055,-0.0474939,-0.00133514,-0.672732,0.435073,-1.41699,1.57034,-0.785649,0.771534,3.44072,-0.301938,-0.162502,-0.192484,-1.41013,-0.0450774,-1.39999,1.35277,-0.884953,0.465747,0,0,-2.99756,-3.26618,-5.95238,-6.40415,4.96337,2.85104,-2.19292,-0.200245,2.16484,-2.16484,
47.7777,-24.3902,12.9106,35.0343,-46.7432,-30.883,13.6278,28.9435,1.81598,-1.31725,-7.17949,-1.31868,-46.8376,-27.5946,-22.4176,-14.7985,-0.499146,-14.0103,1.06813,-1.04176,-0.102808,-0.00171661,-0.789464,0.311093,-1.31704,1.60086,-0.815785,0.725376,3.49336,-0.345045,0.32366,-0.264375,-0.834251,0.532069,-1.65347,1.29577,-0.517577,1.37527,0,0,-3.13187,0.250305,-5.64713,-5.04884,5.4884,1.14164,-1.60684,-3.08181,3.10989,-2.2967,
54.175,-4.96252,55.9623,70.4387,-77.6741,-5.73359,31.8106,16.786,1.16841,-1.1282,8.05861,-20.9524,-14.4078,-9.13309,-32.967,-17.0452,5.35385,5.69573,0.909889,-1.43736,-0.113108,-0.00972748,-0.854696,0.311475,-1.24456,1.58637,-0.840962,0.730717,3.5689,-0.390821,0.499215,-0.0646631,-0.350719,1.10573,-2.02071,1.48338,-0.0132565,1.2324,0,0,0.311356,0.00610542,-3.5348,0.347986,2.60684,-1.17827,-1.11844,0.708181,3.96703,-2.20879,
45.4306,-8.63052,22.3592,41.0348,-57.5009,24.0647,15.8952,-3.15009,0.0603216,-1.40341,37.0696,-9.91454,21.0501,33.8462,-50.0611,6.00732,14.653,2.96068,0.46154,-0.883518,-0.0593195,-0.000572205,-0.852407,0.370604,-1.27279,1.5116,-0.800908,0.8299,3.66312,-0.437362,0.566141,-0.0950424,-0.546382,0.967978,-2.01039,1.64406,-0.197469,1.05082,0,0,3.62027,0.0427341,1.72772,4.24298,-2.96093,-4.04762,3.23809,6.1685,4.86813,-2.38462,
17.8997,5.4625,-10.892,-13.0014,0.127104,61.789,16.3545,-12.0988,-0.111038,-0.868943,40.5861,-8.35165,10.8913,39.4139,-51.1355,28.5714,16.2667,-1.34701,1.2,-0.725273,0.00705719,0.0181198,-0.709735,0.528534,-1.37121,1.42462,-0.66701,0.965323,3.76688,-0.498779,0.287954,0.118497,-0.641706,0.538937,-1.4917,1.94857,0.0444233,0.898598,0,0,2.46032,1.19048,5.67155,4.64591,-3.6569,-4.8779,5.14286,5.38706,4.0989,-3.04396,
-17.3949,34.4334,8.47811,0.644989,-6.01459,34.8535,30.3109,-30.484,-0.106705,0.0148714,34.6276,8.54701,5.22589,17.7289,-20.2686,43.3211,24.0068,-4.39658,0.540661,-0.356045,0.046731,-0.0268936,-0.689898,0.515945,-1.38685,1.39334,-0.700198,1.02598,3.84966,-0.583085,-0.132911,0.252118,-0.579214,0.502151,-1.44127,1.79546,0.0863386,0.267846,0,0,0.409035,-3.10745,0.494505,-0.628815,0.372406,0.445665,-1.10867,1.77289,3.65934,-4.03297,
31.431,-6.53037,27.2012,28.8028,-31.1864,-10.4062,18.2117,3.41741,-0.628453,0.225805,23.5897,10.0122,11.1844,17.4359,-17.7289,25.1526,22.1197,-13.1214,0.276924,-0.0659332,-0.0246048,-0.0139236,-0.707065,0.440795,-1.33383,1.46162,-0.665484,1.00614,3.91833,-0.667773,0.190929,-0.0227878,-0.445733,0.614103,-1.58409,1.47563,-0.0406772,0.994354,0,0,-4.01099,1.91087,-1.22711,-4.40171,2.88767,3.88889,2.37851,-2.13431,3.30769,-4.34066,
36.3051,-11.2899,27.0206,55.0163,-62.0643,20.3575,27.8442,8.05638,-0.841617,0.359943,24.3712,-6.78877,14.7985,23.5897,-26.7155,-7.86325,14.9949,5.62735,-0.0395622,0.118683,-0.136759,0.0844965,-0.691424,0.363356,-1.285,1.55051,-0.58957,0.860037,3.98928,-0.765812,0.163049,0.0829845,-0.336454,0.906068,-1.93574,1.86889,0.36532,0.735351,0,0,-3.10745,3.71795,1.64225,-2.05739,1.16606,2.76557,3.62881,-6.96947,3.06593,-4.40659,
-14.397,-8.5785,-19.5426,-16.7542,1.00797,19.8725,35.6213,-0.94834,-0.853156,-0.594222,9.71918,-6.78877,13.7241,43.2234,-43.0281,21.5385,17.894,0.48547,-0.408791,-0.487911,-0.0608454,0.100519,-0.617418,0.343901,-1.32696,1.55966,-0.517853,0.825704,4.03849,-0.81693,-0.059843,0.020465,-0.707778,0.148585,-1.42016,1.79614,0.687744,0.748811,0,0,4.82906,0.457876,3.80342,-0.274725,-3.13187,0.470085,4.32234,-1.01099,2.6044,-2.58242,
-27.3514,-27.1099,-96.6083,-81.9975,22.9596,30.2442,-21.4103,-16.386,-0.457324,-0.835077,4.34677,-9.03542,-7.86325,11.0867,-8.35165,27.79,-27.5487,-0.280342,-0.250549,-0.646152,-0.0154495,0.113108,-0.554475,0.359541,-1.39029,1.54936,-0.388151,0.807775,4.09037,-0.875296,-0.232867,-0.154129,-1.47955,-0.515523,-1.28231,1.85468,-0.670551,0.299617,0,0,2.59463,1.01954,4.45055,1.08059,-4.41392,-0.921856,6.24664,-1.05983,2.42857,-3.08791,
-5.18701,16.4415,-54.9597,-0.198418,-10.2501,37.7413,-24.6723,-8.83362,0.626403,-1.11455,2.49084,-8.74237,-31.8925,-16.6544,1.02563,22.5153,12.5197,-4.0547,-0.224174,-0.698902,-0.0509272,0.120737,-0.5663,0.27409,-1.39677,1.54364,-0.27409,0.784123,4.12928,-0.934043,-0.191792,0.28653,-1.25287,0.122313,-1.48482,2.00023,-0.656867,0.487219,0,0,-2.49695,-0.506716,-2.27717,-4.48718,0.775335,1.11722,6.05128,-1.03053,1.72527,-2.67033,
-32.9702,39.4799,-47.3241,19.0845,-11.4186,5.87766,-14.3423,-7.93463,1.8447,-0.703838,1.51404,10.5983,-39.9023,-2.10013,-24.6642,19.3895,-11.5761,-2.24957,0.646152,-1.04176,-0.126841,0.058938,-0.731861,0.0955601,-1.31781,1.62795,-0.254253,0.693713,4.15522,-1.00385,-0.625248,0.398907,-1.48825,0.0750096,-1.28249,1.86358,-0.704666,0.251817,0,0,-3.96215,-2.96093,-6.91697,-6.97802,4.86569,5.10989,-1.04029,-4.42979,0.934067,-2.95604,
7.39262,-29.1627,-59.47,-19.1631,-34.4718,-23.3452,-12.0127,5.91476,0.73719,-0.43331,-14.5055,15.9707,-40.5861,3.56532,-18.9011,5.42125,-5.20342,-8.21197,0.857143,-0.567032,-0.190166,0.0856409,-0.798619,0.0906,-1.22282,1.72408,-0.329404,0.621233,4.18765,-1.06527,-0.189222,-0.153122,-1.61426,-0.138807,-1.45993,1.60409,-0.884092,0.632418,0,0,-2.4359,2.558,-4.64591,-0.494505,4.37729,4.18193,-4.42002,-3.06227,1.79121,-3.24176,
14.7641,-18.3528,-15.5282,-15.2753,-20.5144,7.0108,-1.01697,0.275964,1.35552,-1.04259,-9.81685,-3.76068,-33.4554,-2.49084,-28.5714,-5.61661,-4.64273,-10.4137,0.435165,-0.698902,-0.251965,0.139048,-0.947776,0.0570307,-1.16407,1.75345,-0.414855,0.644884,4.2216,-1.11219,-0.199233,0.0224294,-1.41111,-0.182903,-1.29291,1.84865,-0.714899,0.775382,0,0,-3.33944,2.61905,-8.72405,-2.10623,2.97314,0.518925,-5.4359,2.45665,2.25275,-2.78022,
-21.524,24.2237,5.85207,-11.0608,-10.3201,21.456,14.0463,-13.7755,1.45514,-1.07125,3.85837,-17.8266,-20.1709,-22.4176,-12.3565,5.81197,1.18291,-2.11282,0.356045,-1.14725,-0.232128,0.122263,-1.10685,0.0513086,-1.16026,1.71721,-0.565537,0.719273,4.28836,-1.17514,-0.427938,0.351325,-1.23373,-0.0319064,-1.29263,1.91105,-0.493556,0.453592,0,0,1.30037,-1.20269,-5.75702,1.19048,-0.531136,-1.337,-6.36386,2.33944,2.95604,-2.56044,
14.8735,23.9515,19.9255,16.8001,-33.2147,15.9349,17.0954,-18.2408,1.07953,-1.13688,6.39804,0.244202,-3.76068,-14.6032,-6.69109,14.7985,6.48889,-6.33846,0.883518,-0.830769,-0.277523,0.139048,-1.17704,0.0650415,-1.18925,1.73323,-0.650225,0.739491,4.35512,-1.22587,-0.238635,0.438753,-1.05801,0.268193,-1.60775,1.9345,-0.337258,0.247698,0,0,-3.79121,1.00733,-3.07082,0.494505,-1.48352,0.726496,-3.23809,0.297924,3.35165,-2.75824,
99.0928,-26.9965,35.8625,38.8754,-44.6797,-17.3746,21.3097,15.4913,0.49132,-1.00633,19.5849,13.2357,10.5006,14.0171,-18.9011,11.8681,6.74872,-6.94017,0.778023,-0.672527,-0.416762,0.19398,-1.21099,0.0425348,-1.23236,1.75422,-0.647936,0.682651,4.43713,-1.29377,0.492368,-0.021935,-0.849355,0.417707,-1.83116,1.60899,-0.00203109,0.933477,0,0,-5.75702,2.52137,-1.10501,-1.7033,-3.07082,1.43468,1.07936,-3.58974,3.81319,-3.24176,
99.0526,-46.5637,33.3487,61.287,-17.9672,-20.9637,11.8114,27.912,0.0906281,-0.617668,41.3675,-1.12332,27.0085,38.8278,-22.2222,-3.17461,8.04786,4.69744,0.487911,-0.646152,-0.422103,0.22221,-1.2171,-0.00171661,-1.3159,1.78168,-0.590333,0.586137,4.51038,-1.35824,0.713687,-0.246121,-0.862633,0.587064,-1.69278,1.58762,-0.081285,1.09261,0,0,1.05617,1.47131,-0.482296,-2.76557,-5.31746,1.16606,3.61905,-5.37729,4.12088,-3.68132,
45.0203,-25.4181,2.25343,51.5727,7.46229,2.65811,0.441198,18.1865,0.091445,-0.500904,61.685,-28.7668,21.9292,44.591,1.31868,-9.42613,2.96068,10.3727,0.356045,-0.751648,-0.262264,0.198176,-1.17933,-0.00667572,-1.50893,1.75383,-0.449187,0.594149,4.59888,-1.44141,0.505157,-0.126372,-1.06414,0.597896,-1.73798,1.72171,-0.0850392,1.21679,0,0,8.01587,-1.26374,2.70452,0.946276,-9.35897,-1.84982,7.03785,2.34921,3.85714,-3.68132,
38.9199,-20.4043,-0.585698,35.1083,14.1269,19.3355,-3.1104,5.95057,0.319712,-0.116714,59.4384,-35.2137,7.76556,36.4835,9.03542,9.71918,-1.48376,6.16068,1.62198,-0.435165,-0.1627,0.20962,-1.1244,0.0650415,-1.69547,1.67105,-0.30232,0.719273,4.67327,-1.52609,0.376988,0.00101705,-1.07494,0.58802,-1.78046,1.7526,-0.0661309,1.20813,0,0,3.21734,0.543346,1.67888,3.98657,-7.25885,-3.99878,6.45177,6.47131,2.89011,-3.94505,
34.7166,-6.05054,1.98793,20.4535,-23.2968,31.1767,-5.58674,-6.74223,0.265422,0.340484,51.3309,-23.1013,11.0867,26.3248,-6.39804,25.8364,0.17094,1.33333,0.830769,-0.092308,-0.141718,0.19398,-1.1347,0.173762,-1.69776,1.58598,-0.23251,0.837911,4.70455,-1.59323,0.244226,0.102943,-1.16695,0.572574,-1.95356,1.77671,-0.192581,1.02059,0,0,0.00610542,-0.714285,-1.63004,5.14652,0.0915756,-4.67033,3.90232,7.39927,1.9011,-4.36264,
34.2489,-7.95428,4.93614,10.7765,-39.9559,31.3679,-0.93628,-11.2896,0.229666,0.677393,41.6606,-18.022,9.62149,12.5519,-23.4921,29.3529,0.758974,-2.91966,0.619781,0.145054,-0.142862,0.207332,-1.17857,0.260357,-1.66991,1.52113,-0.184062,0.969521,4.73926,-1.68059,0.237885,0.149272,-1.20818,0.570368,-2.06116,1.74655,-0.118495,0.964345,0,0,0.00610542,0.909645,-2.53358,5.70818,1.5812,-3.69353,1.8315,6.1685,1.83516,-4.45055,
24.8484,-10.2928,1.88674,3.74205,-26.365,31.185,1.62865,-6.99405,0.207368,0.837036,32.0879,-12.4542,2.97925,6.98413,-30.7204,26.0318,2.2359,-3.68547,0.276924,0.356045,-0.137522,0.232891,-1.20718,0.376326,-1.66686,1.48375,-0.187114,1.0359,4.78199,-1.77787,0.154241,0.156581,-1.21532,0.569919,-1.98768,1.79301,-0.159212,0.933681,0,0,0.470085,1.14164,-0.873016,4.56044,-0.836386,-1.11722,-0.346764,1.84127,1.85714,-4.36264,
-7.73911,-1.62412,-5.09114,4.93129,-17.5132,43.3239,-5.3416,-4.46449,0.119343,0.98618,17.9243,-9.91454,-2.00244,2.39316,-28.7668,23.1013,3.35727,-2.01709,0.46154,0.382416,-0.0986118,0.249294,-1.20527,0.447661,-1.6783,1.48985,-0.194743,1.03666,4.81251,-1.85225,-0.10137,0.256686,-1.25065,0.626385,-1.8906,1.99707,-0.36632,0.898727,0,0,2.49695,0.763126,0.335775,3.71795,-0.531136,0.775335,-0.46398,-0.278389,1.54945,-4.05495,
-11.8429,8.65935,-1.5345,6.25868,-27.8791,38.7318,-7.51681,-0.492803,0.047189,0.939641,14.7985,-8.1563,-3.76068,2.00244,-25.1526,24.9573,1.25128,-1.34701,0.276924,0.250549,-0.065423,0.254253,-1.19535,0.506409,-1.67105,1.53906,-0.221447,1.0111,4.84684,-1.93923,-0.176457,0.351893,-1.2008,0.648192,-1.96352,2.06893,-0.490076,0.935141,0,0,0.616606,0.0427341,0.347986,2.16728,0.518925,2.98535,-1.19658,-1.24542,1.48352,-3.3956,
16.0922,-9.17912,-6.6154,-4.10368,-68.1714,1.4938,-12.0931,-3.78547,-0.0857354,1.13516,1.90475,3.66301,-3.66301,7.37485,-30.6227,23.7851,-4.25983,-0.0615387,0.224174,0.435165,-0.110056,0.261883,-1.19001,0.532731,-1.64626,1.64816,-0.255779,0.977531,4.87697,-1.99607,-0.0124507,0.169864,-1.24907,0.517456,-2.36566,1.84079,-0.678877,0.795456,0,0,-2.4359,0.299145,0.433455,0.909645,1.14164,5.28083,-1.74359,-1.53846,1.26374,-3.08791,
10.1558,-15.681,-30.2223,-19.7376,-118.79,-24.5981,-17.2199,-5.50815,-0.0355514,1.13732,-0.341873,7.96092,-6.00732,6.88644,-43.3211,14.7009,-6.29744,4.57436,0.197803,-0.0131874,-0.135996,0.263027,-1.17475,0.542268,-1.63519,1.7237,-0.286298,0.945106,4.89605,-2.04948,-0.0758597,0.0894043,-1.4725,0.340259,-2.93331,1.61624,-0.857669,0.658036,0,0,-1.5812,0.0183144,1.14164,0.518925,0.653236,4.97558,-1.86081,-2.68132,1.17582,-2.36264,
-39.5767,23.0284,-17.9504,0.427166,-87.9255,19.2607,-13.4471,8.47973,0.24146,0.252693,-6.5934,-2.39316,-29.1575,-0.830276,-97.4359,-6.20268,-13.8598,-0.307692,-0.0659332,-0.32967,-0.0730524,0.211146,-1.1389,0.472076,-1.68898,1.73133,-0.338559,0.851645,4.92428,-2.04719,-0.385198,0.391112,-1.29744,0.377311,-2.7805,1.94065,-0.816851,0.920404,0,0,3.82784,-2.27717,1.22711,-2.98535,-3.43712,-0.140415,-2.09524,-3.33578,1.06593,0.0329666,
-38.6808,30.7621,-8.77169,3.72948,-23.866,49.1912,-6.98234,14.915,0.533942,0.634804,-15.1893,18.2173,-30.0366,-2.97925,-86.8864,12.1612,-18.5368,0.540171,0.118683,-0.171429,-0.0371943,0.169185,-1.10838,0.430114,-1.73934,1.72179,-0.354582,0.804723,4.94297,-2.04757,-0.402064,0.404963,-1.12017,0.377332,-2.1199,2.25473,-0.575153,1.07764,0,0,1.9475,-3.18071,2.57021,-2.82662,-3.46154,-0.409035,-0.532356,-2.82784,1.02198,0.0549469,
-1.88321,18.1419,-7.65795,22.4808,-40.7084,45.5155,-13.6307,8.15132,0.944329,0.88364,-9.62149,24.4689,-21.1477,-3.17461,-47.1306,33.6508,-15.0359,5.84615,0.567032,0.408791,-0.127222,0.132181,-1.0378,0.420196,-1.78283,1.74582,-0.329404,0.796712,4.96052,-2.04261,-0.343303,0.311169,-1.02216,0.668558,-2.26506,2.29327,-0.630623,1.05269,0,0,-5.8547,-0.677656,3.02198,-0.0427341,-0.897436,1.25153,1.54823,0.590965,0.692307,0.0109901,
-9.36902,-18.4263,-16.478,50.0937,-55.8641,29.4969,-17.309,0.111932,1.78012,1.93328,-8.05861,20.5617,-7.57021,21.7338,-37.265,34.5299,-10.3179,4.41026,0.619781,0.197803,-0.225643,0.136377,-1.00767,0.40341,-1.78893,1.81487,-0.309949,0.840199,4.97272,-2.04261,-0.478095,-0.0608299,-1.15067,0.912184,-2.42165,2.29137,-0.757788,0.976886,0,0,-4.45055,0.225885,1.20269,-1.43468,-0.360195,4.46276,0.65934,2.67155,0.758244,0.0109901,
-30.3631,-47.9606,3.90934,81.8004,81.1478,51.259,-7.59696,7.86103,2.77169,2.39444,-20.1709,2.29549,-17.3382,37.1673,-38.3394,35.3114,-12.5744,5.88718,1.01538,0.619781,-0.228695,0.122263,-0.976768,0.382429,-1.82784,1.86141,-0.317197,0.864996,4.99218,-2.02811,-0.532892,-0.427523,-0.879404,1.2728,-1.00292,2.46942,-0.541166,1.09435,0,0,0.995115,-0.506716,1.61783,-0.555555,-2.30159,1.15385,-0.258852,0.21978,0.912086,0.604397,
-1.42338,-3.26009,33.2573,58.3898,93.2971,43.6818,-5.05395,4.73491,2.40636,1.27805,-20.1709,-22.7106,-5.03052,55.5311,40.0977,51.8193,-11.412,8.4171,1.88572,1.41099,-0.229458,0.084115,-0.94358,0.439269,-1.85912,1.86751,-0.316815,0.857748,5.02613,-2.01095,-0.288212,-0.0341188,-0.533964,1.20831,-0.769374,2.35104,-0.448168,0.95826,0,0,-1.28816,-2.46032,1.20269,3.60806,1.59341,-0.054945,0.180708,-0.620268,1.72527,1,
15.3375,-8.19133,48.8266,63.9786,98.1768,80.4169,-5.55058,10.0353,2.39944,0.594655,-0.43956,-10.0122,37.7534,46.3492,73.895,52.0146,-1.03248,8.99145,2.94066,0.98901,-0.324063,-0.021553,-0.977913,0.564393,-1.80228,1.85645,-0.332837,0.838292,5.05817,-1.98043,-0.295893,-0.274758,-0.534907,1.47083,-0.605812,2.72087,-0.562966,1.0621,0,0,-4.2674,-4.86569,-2.98535,5.86691,3.1685,-0.873016,-1.51892,-1.0989,1.9011,1.79121,
0.684433,14.1789,39.527,44.1225,25.1274,65.2151,-13.2943,7.46251,2.76696,-0.25556,4.73749,1.90475,51.0379,45.7631,69.5971,70.8669,0.827351,10.5368,2.49231,0.672527,-0.342374,-0.0490198,-1.03513,0.653658,-1.65808,1.80724,-0.389677,0.790608,5.09403,-1.93618,-0.342706,0.0745392,-0.694236,1.31139,-1.15239,2.48037,-0.894005,0.880928,0,0,-0.238094,-1.01954,-2.94872,5.02442,6.79487,-1.54457,-2.70086,-2.33944,1.50549,1.98901,
9.68416,15.9068,47.3773,34.8252,-10.7123,33.2296,-17.8552,6.23694,2.6885,-0.585623,1.12332,-0.146515,43.9072,48.4982,16.4591,66.9597,-4.49231,12.506,2.30769,0.224174,-0.333982,-0.0928888,-1.08358,0.74979,-1.46048,1.79923,-0.470169,0.730335,5.13066,-1.89002,-0.217222,0.0242274,-0.632259,1.23543,-1.29033,2.15563,-1.16175,0.748028,0,0,0.274725,-1.78877,-2.25275,2.96093,8.67521,-0.384615,-3.91209,-3.11111,1.61538,1.81319,
29.4697,-4.68174,18.6604,13.2173,-66.6975,7.12449,-17.7507,6.06516,2.35762,-0.632586,5.90965,3.46764,30.6227,37.0696,-9.42613,46.9353,-5.20342,10.5504,1.85934,0.145054,-0.339322,-0.0570307,-1.07176,0.79099,-1.31056,1.78931,-0.556764,0.678454,5.1688,-1.8637,-0.0308067,-0.0270395,-0.807641,1.0223,-1.78526,1.84955,-1.33189,0.691864,0,0,-0.567766,2.46032,1.7033,2.53358,7.99145,-0.567766,-5.64103,-3.10134,2.58242,1.43956,
39.4186,-13.8519,-11.0011,-16.553,-93.167,-66.3964,-1.91716,0.173676,1.88978,-0.741886,10.989,-0.146515,11.3797,15.9707,-50.5495,14.3101,-5.57265,5.6,1.14725,-0.224174,-0.314145,-0.0200272,-0.989738,0.853552,-1.2026,1.77367,-0.747883,0.617037,5.24815,-1.83242,0.198931,-0.134661,-0.97868,0.748384,-2.12037,1.00236,-1.23801,0.52296,0,0,2.25275,1.17827,3.99878,2.36264,3.52259,-1.00733,-8.73748,-1.97802,3.7033,1.17582,
16.8145,-10.8033,-47.2118,-28.0116,-102.658,-21.8559,15.7064,6.56541,0.522704,-0.904809,18.9988,-4.6398,-16.9475,-5.90965,-71.8437,-35.3114,-0.294018,0.608547,0.593407,-0.356045,-0.228695,-0.0173569,-0.885214,0.881399,-1.20298,1.73056,-0.927176,0.600634,5.34619,-1.81716,0.0995656,-0.143702,-1.22155,0.609027,-2.39023,1.34832,-0.923855,0.748085,0,0,4.24298,-0.189255,5.64713,1.16606,-1.39805,-4.18193,-8.65934,-0.698412,5.28571,0.64835,
-1.12094,11.8962,-41.5404,-25.6347,-60.4463,29.5404,26.3917,12.0654,-0.927331,-0.994898,21.0501,-10.0122,-41.2698,-22.6129,-77.8022,-23.4921,5.57265,1.16923,-0.356045,-0.540661,-0.158504,-0.0207901,-0.781071,0.896658,-1.29072,1.63481,-1.05116,0.593767,5.47169,-1.80152,-0.0795868,0.109558,-1.07718,0.645405,-2.14285,1.83422,-0.579102,0.926232,0,0,2.74115,-0.054945,4.96337,1.00733,-5.41514,-3.86447,-5.221,-0.0537243,6.6044,0.67033,
3.50742,16.8093,-29.558,-19.5072,-66.9899,20.8492,23.9562,-6.83954,-1.98072,-0.923137,9.13309,2.39316,-51.917,-32.0879,-47.4237,18.022,10.441,4.56068,-1.22637,-0.751648,-0.142481,-0.0265121,-0.67998,0.926795,-1.44903,1.56729,-1.05764,0.631151,5.63611,-1.78855,-0.0898751,0.158019,-0.823014,0.781884,-2.43858,1.76008,-0.319663,0.56595,0,0,0.409035,-0.0671558,5.56166,2.15507,-7.35653,-1.16606,1.45055,2.49573,7.59341,0.384617,
-28.5241,27.8619,-18.6776,-19.3182,-44.2899,51.4378,11.799,-4.69693,-1.98752,-0.659345,-15.6777,9.03542,-37.7534,-18.4127,-54.8474,20.8547,22.4889,-4.13675,-0.224174,-0.276924,-0.0799189,-0.00553131,-0.598726,0.947013,-1.61727,1.55699,-0.974098,0.698291,5.77802,-1.79503,-0.22978,0.342914,-0.683138,0.730534,-2.38553,2.0925,-0.45807,0.714097,0,0,5.01221,1.16606,3.69353,-0.054945,-8.28449,-1.08059,3.76557,2.92552,6.62637,-0.53846,
-24.8538,-10.2423,-56.586,-57.2663,-2.94341,24.1039,26.3094,-4.66142,-1.47265,-0.774899,-26.7155,12.7473,-29.7436,-10.0122,-57.7778,38.1441,20.4103,-1.1282,-0.672527,-0.303295,0.0535975,0.0413904,-0.504501,0.938621,-1.66838,1.55585,-1.04467,0.706302,5.85584,-1.80533,-0.0929267,0.0128534,-0.97715,0.262646,-1.82176,1.84789,-0.446454,0.572666,0,0,3.88889,2.558,4.68254,-1.19048,-3.62027,0.726496,-2.65201,-0.0830288,4.56044,-0.692307,
8.31321,-39.7201,-62.5465,-36.465,-7.29957,33.9557,-0.627655,-31.3694,-1.45428,-0.66281,-17.6313,13.8217,-38.0464,-26.1294,-28.7668,29.1575,16.5402,-7.63761,-0.751648,-0.276924,0.0501642,0.0749598,-0.447661,0.879873,-1.6989,1.57492,-1.00767,0.74712,5.94205,-1.82937,0.116282,-0.31204,-1.06305,0.373975,-1.79934,1.94956,-0.901781,0.0410725,0,0,-0.787546,1.63004,2.38706,-3.02198,-0.579975,-0.0793648,2.46642,3.30647,3.87912,-1.08791,
17.7842,-1.18325,-27.4319,15.7224,-29.4497,-26.6947,-1.47092,-0.823666,-0.572104,-0.217206,-2.10013,0.830276,-51.8193,-24.9573,-18.5104,18.6081,6.58461,-15.0496,-0.356045,-0.32967,0.0265121,0.00972748,-0.470169,0.757801,-1.66762,1.61917,-0.975243,0.745594,6.0153,-1.86255,0.203561,-0.166423,-0.80936,0.73693,-1.93196,1.43632,-0.978739,0.628209,0,0,-0.616606,-4.89011,-1.03175,-5.86691,1.88645,3.4127,0.747253,-1.89011,2.73626,-1.41758,
-21.9392,32.0301,-24.1898,40.0002,-78.4088,-8.90735,3.29157,18.3532,-0.690482,0.218793,2.78389,-10.4029,-34.4322,0.927963,-31.5018,-16.9475,0.348719,0.799999,-0.356045,-0.32967,0.0669489,-0.116541,-0.489243,0.654421,-1.60277,1.71607,-0.967994,0.599489,6.06375,-1.89536,-0.108241,0.118674,-0.818457,0.949702,-2.38505,1.73533,-0.851897,0.732988,0,0,2.05739,-3.62027,-1.81319,-4.47497,2.66789,3.54701,0.493284,-7.52625,2.0989,-1.50549,
-6.89496,-2.02039,-45.6297,-8.04507,-84.6066,31.2395,-6.05636,14.0241,-0.945362,0.27486,-4.34677,-0.43956,-24.7619,13.6264,-62.8571,-2.29549,1.00513,4.46496,-0.540661,-0.514286,0.0768671,-0.0745783,-0.510605,0.656329,-1.5898,1.71721,-0.960746,0.542268,6.10189,-1.91558,0.00127391,-0.0105394,-1.05362,0.618018,-2.53333,2.05028,-1.11262,0.844646,0,0,0.0305252,2.59463,-1.08059,1.53236,-0.103785,-0.421246,0.327229,-1.74359,2.05495,-1.06593,
-5.77805,-0.992268,-45.871,-26.5735,-56.3462,38.1298,-1.76743,1.36607,-0.564726,0.3178,-8.84004,6.10501,-44.9817,-9.91454,-78.1929,29.2552,-1.88034,1.30598,0.0659332,-0.197803,0.0528345,-0.0219345,-0.523193,0.733387,-1.62108,1.71378,-0.952735,0.586518,6.13546,-1.93084,-0.0486066,0.0417249,-1.04122,0.571418,-2.29497,2.13643,-0.992307,0.779532,0,0,-1.11722,2.24054,-0.250305,3.99878,-1.43468,-0.0305252,0.190475,3.10134,0.912086,-0.736263,
-19.2646,27.9332,-28.8769,-1.86521,-39.16,34.0997,10.7009,-14.3266,-0.393606,0.617541,-4.05373,16.2637,-42.442,-7.66789,-65.2991,30.6227,-0.8547,-0.950428,0.0131874,-0.250549,0.0696192,-0.0764856,-0.533494,0.729954,-1.64092,1.71797,-0.981728,0.687228,6.14652,-1.94114,-0.127541,0.117277,-0.883042,0.65693,-2.10309,2.11579,-0.758474,0.513198,0,0,0.506716,-3.49817,-0.860806,-1.56899,-0.811966,0.567766,-1.47985,4.47863,0.164837,-0.516483,
15.0193,18.156,3.25205,36.7468,-71.1369,13.3147,5.50188,-2.06716,-0.0912903,0.575661,-1.31868,17.2405,-24.1758,2.58852,-49.2796,23.6874,3.54872,-3.8359,-0.276924,0.092308,0.0177383,-0.114634,-0.570878,0.682269,-1.61727,1.7565,-0.984016,0.724995,6.14652,-1.94572,0.0737118,0.0527081,-0.612278,1.00611,-2.35497,1.9771,-0.81336,0.704448,0,0,-3.32723,-1.03175,-2.32601,-2.53358,1.5812,2.17949,0.356533,0.737484,-0.0329666,-0.252747,
8.52315,3.88254,-17.3212,20.473,-74.0373,1.67547,-1.63576,7.20156,0.012566,0.502599,-4.6398,15.9707,-13.431,15.9707,-57.6801,13.3333,3.20684,0.594872,-0.145054,0.197803,-0.0383387,-0.0898371,-0.609407,0.636873,-1.594,1.82135,-0.940909,0.671969,6.14462,-1.94457,0.0223784,-0.0127132,-0.840733,0.82182,-2.40747,1.9228,-0.881585,0.713038,0,0,-1.01954,1.01954,-1.16606,-1.27595,0.274725,2.48474,2.09524,-3.17949,-0.20879,0.12088,
-15.5031,10.6673,-38.1691,-8.98936,-65.9888,14.2579,-8.67695,8.01255,-0.238663,0.211863,-7.37485,8.35165,-22.1245,8.25397,-59.9267,8.74237,1.97607,2.35897,-0.171429,0.276924,0.0272751,-0.0883112,-0.589189,0.66701,-1.62566,1.83585,-0.924506,0.638018,6.14385,-1.93618,-0.0340742,0.0287898,-0.958548,0.654837,-2.44332,2.00465,-1.13891,0.799294,0,0,3.32723,-0.0427341,1.64225,2.63126,-2.53358,0.311356,0.532356,-1.22589,-0.0109901,0.516483,
-18.97,10.1861,-31.6881,-20.8958,-36.0236,24.1317,1.89654,3.00591,-0.258187,0.583714,-7.96092,5.81197,-29.9389,1.51404,-57.8755,13.2357,-0.294018,2.6188,-0.145054,0.46154,0.0722895,-0.0829706,-0.566682,0.721943,-1.705,1.82746,-0.923743,0.644503,6.14385,-1.93046,-0.0821183,0.0418079,-0.899032,0.536776,-2.20926,2.0844,-0.867887,0.752664,0,0,1.69109,0.347986,0.592186,1.41026,-3.11966,-0.335775,0.0634918,0.493284,-0.0329666,0.164837,
-8.23485,12.0014,-14.37,-12.8967,-24.9338,18.7337,9.93462,-6.68372,-0.446322,0.634192,-3.46764,11.4774,-27.2039,-10.5006,-42.149,16.0684,-0.786325,1.88034,-0.118683,0.487911,0.0581751,-0.0806818,-0.572785,0.72118,-1.73819,1.83242,-0.936713,0.662051,6.14271,-1.92474,-0.0791108,0.0536847,-0.75097,0.567098,-2.07323,2.06194,-0.702998,0.530849,0,0,-1.37363,0.0305252,-0.555555,-0.323565,-1.73993,0.641026,-0.844933,1.08913,-0.0549469,0.296703,
11.8784,16.32,24.2665,23.739,-28.2514,2.57771,11.3673,-5.38515,-0.378334,0.796496,-0.732605,15.3846,-11.8681,-3.46764,-29.2552,7.27716,2.31795,-1.60684,-0.46154,0.672527,-0.0082016,-0.0974674,-0.602541,0.677691,-1.74964,1.88811,-0.916877,0.675021,6.14118,-1.92245,0.0332226,0.0506957,-0.379515,0.864332,-2.06537,2.01097,-0.52566,0.529585,0,0,-2.71673,-0.995115,-1.39805,-2.3138,-0.054945,2.82662,1.50916,0.0830288,0.0769234,0.0109901,
3.86995,7.40174,8.9315,16.8886,-22.7087,0.130104,12.0978,2.82014,-0.360031,0.847259,0.341873,14.4078,7.0818,14.1148,-25.5434,0.244202,5.7094,-0.936752,-0.435165,0.725273,-0.033761,-0.108149,-0.613985,0.629625,-1.76032,1.95373,-0.855459,0.63611,6.1408,-1.92283,-0.00195414,-0.0334365,-0.50274,0.769047,-2.03482,2.04858,-0.383879,0.6175,0,0,-0.335775,-0.225885,0.360195,-1.44689,-0.665445,2.8022,2.71062,-1.93895,-0.0329666,-0.0109901,
-17.2589,13.1742,-23.1624,-10.7136,-36.5593,2.41043,5.46691,0.791741,-0.588513,0.555991,-3.17461,6.5934,-0.830276,7.47253,-14.8962,4.05373,9.56581,0.19829,-0.408791,0.593407,0.00209808,-0.0925074,-0.539598,0.652895,-1.79961,1.98005,-0.810826,0.606356,6.14118,-1.91978,-0.119053,0.0858226,-0.666921,0.595516,-2.28662,2.03227,-0.523925,0.541657,0,0,2.11844,0.958487,3.9011,1.84982,-2.42369,0.763126,2.70086,-1.73382,-0.0109901,0.296703,
-17.5394,9.25481,-27.5688,-15.0139,-22.7681,11.9944,-0.126658,-1.74179,-0.638193,0.46235,-10.5983,6.00732,-9.81685,4.6398,-21.4408,5.90965,9.75726,-0.389744,-0.46154,0.540661,0.0326166,-0.0745783,-0.505646,0.671206,-1.85798,1.97738,-0.760471,0.601397,6.14118,-1.91291,-0.116071,0.0606094,-0.781237,0.494821,-2.20029,2.10312,-0.687067,0.557653,0,0,1.38584,0.970695,0.921856,-0.286936,-2.6801,-0.225885,1.53846,0.0927963,0.0109901,0.31868,
-6.86211,12.8998,-18.6128,-1.58818,-23.118,10.397,0.0789376,1.48412,-0.719127,0.386304,-8.64468,12.1612,-19.8779,-4.93285,-24.9573,8.74237,5.85983,-1.48376,-0.619781,0.46154,0.0177383,-0.0612268,-0.510986,0.633821,-1.90299,1.97395,-0.763523,0.5972,6.14042,-1.90337,-0.104702,0.0888203,-0.728174,0.554921,-2.20809,2.10025,-0.792832,0.62939,0,0,-1.38584,0.201466,-0.311356,-1.83761,-1.44689,0.323565,-0.630037,-0.180708,-0.0329666,0.45055,
-1.80593,17.6473,0.963893,12.8272,-16.8032,7.01439,8.91907,-3.50611,-0.690211,0.649278,-4.83516,16.8498,-19.5849,-0.244202,-26.3248,5.71428,2.48205,-1.0188,-0.698902,0.646152,-0.0154495,-0.0772486,-0.52243,0.591096,-1.911,1.99454,-0.779163,0.600252,6.13851,-1.90032,-0.095141,0.0824065,-0.523727,0.653238,-2.10076,2.11827,-0.568774,0.515315,0,0,-1.78877,-1.0928,-0.360195,-2.41148,-0.0915756,1.37363,-0.747253,0.249084,-0.0988998,0.0329666,
-2.96411,13.7428,0.126997,9.51411,-20.3029,5.1891,14.3576,-2.24719,-0.647794,0.671138,-5.90965,17.7289,-7.0818,6.30037,-19.6825,4.1514,4.65641,-1.75727,-0.725273,0.672527,-0.0326166,-0.0993748,-0.52243,0.562867,-1.90909,2.03002,-0.785268,0.6075,6.13508,-1.9007,-0.0759297,0.028293,-0.513083,0.646805,-2.12837,2.13591,-0.381806,0.551183,0,0,-0.311356,-0.750916,0.238094,-0.653236,0.189255,1.44689,0.0927963,0.122101,-0.186813,-0.0769234,
-11.2044,9.60796,-8.66913,-0.22527,-20.5535,11.9823,9.62367,-1.12915,-0.773966,0.609317,-7.66789,10.7937,-4.24908,5.71428,-17.5336,8.44933,9.74359,-1.82564,-0.778023,0.646152,-0.0207901,-0.0890741,-0.499161,0.570115,-1.91482,2.03841,-0.764668,0.597963,6.13546,-1.90032,-0.12066,0.0447465,-0.558651,0.585724,-2.15927,2.16972,-0.438491,0.54926,0,0,0.738707,0.811966,1.10501,0.543346,-0.482296,-0.054945,1.17705,-0.346764,-0.0109901,-0.0109901,
-15.2129,11.3702,-17.1754,-4.21134,-23.893,12.1509,2.29438,-2.24931,-0.791593,0.592713,-10.696,8.1563,-7.86325,3.27228,-18.4127,12.4542,10.6462,-2.1812,-0.751648,0.593407,-0.00400543,-0.0768671,-0.479706,0.576982,-1.92512,2.03346,-0.742161,0.599489,6.13546,-1.90032,-0.137425,0.0728711,-0.631676,0.541788,-2.21278,2.15402,-0.61518,0.545067,0,0,1.06838,0.702076,1.16606,0.347986,-0.665445,-0.433455,1.26496,0.161173,-0.0329666,-0.0329666,
-11.8194,11.8193,-25.8532,-3.05823,-30.9401,12.9734,-1.26732,0.493324,-0.833927,0.550196,-11.8681,9.71918,-14.1148,2.29549,-20.757,13.431,8.03419,-2.52308,-0.778023,0.540661,0.00476837,-0.0650415,-0.464065,0.569734,-1.93694,2.02392,-0.730335,0.605974,6.13508,-1.90032,-0.125133,0.0819536,-0.729955,0.516014,-2.29517,2.15362,-0.74234,0.633109,0,0,0.0427341,0.470085,0.641026,-0.592186,-0.433455,-0.433455,0.46398,0.26862,-0.0329666,0.0109901,
-10.795,12.7477,-19.2682,1.62569,-22.6832,11.7715,4.30352,-2.50761,-0.853154,0.595579,-11.3797,11.9658,-22.1245,2.00244,-28.8645,12.7473,3.02906,-1.26496,-0.857143,0.540661,-0.000190735,-0.058938,-0.461776,0.542649,-1.94686,2.01743,-0.741398,0.613985,6.13508,-1.90032,-0.128886,0.0861622,-0.67485,0.510448,-2.2166,2.13948,-0.665079,0.568993,0,0,-0.262516,0.103785,0.0305252,-1.50794,-0.531136,-0.262516,-0.86447,0.493284,-0.0109901,-0.0109901,
-11.2832,14.947,-11.3545,2.25202,-20.9537,10.3013,16.7825,-9.69905,-0.764196,0.552956,-11.5751,14.3101,-20.3663,0.732605,-25.1526,11.4774,5.21709,-2.41368,-0.830769,0.540661,-0.00171661,-0.0673304,-0.46292,0.514038,-1.94877,2.01438,-0.771915,0.629625,6.13546,-1.90032,-0.127696,0.0842992,-0.591319,0.520542,-2.1822,2.12701,-0.378262,0.402942,0,0,-0.0183144,-0.433455,-0.0671558,-0.555555,-0.0183144,-0.054945,-1.45055,0.8547,0.0109901,-0.0109901,
-9.01726,14.0407,-1.54462,4.63924,-25.6079,9.68363,17.192,-9.4748,-0.611984,0.38742,-12.5519,13.0403,-14.4078,0.0488434,-23.5897,11.3797,9.72992,-5.61368,-0.857143,0.514286,0.000953674,-0.0684748,-0.461394,0.515945,-1.94381,2.01209,-0.789083,0.635729,6.13508,-1.90032,-0.0913016,0.0873299,-0.476725,0.572173,-2.2143,2.11297,-0.355239,0.38011,0,0,0.238094,-0.00610542,0.054945,0.140415,0.421246,-0.201466,-0.874237,0.151403,-0.0109901,0.0109901,
-10.8044,10.1149,-5.75468,2.74841,-23.3393,15.747,9.97921,-4.77868,-0.55923,0.293279,-10.7937,11.6728,-6.49573,3.85837,-24.5665,11.4774,12.5197,-7.21367,-0.698902,0.46154,0.00858307,-0.0581751,-0.451476,0.515945,-1.93809,1.99989,-0.76009,0.62047,6.13508,-1.9007,-0.100273,0.0702891,-0.487537,0.547908,-2.19843,2.15674,-0.411339,0.446947,0,0,0.335775,0.482296,0.836386,0.0427341,-0.0305252,-0.543346,1.43101,-0.815628,-0.0329666,-0.0329666,
-15.7764,11.0617,-18.35,-0.421607,-24.6731,20.1746,6.26339,-4.85833,-0.578794,0.20075,-11.1844,10.3053,-9.81685,3.56532,-21.7338,16.2637,10.5504,-6.62564,-0.619781,0.303295,0.0154495,-0.0513086,-0.430877,0.517471,-1.94381,1.99035,-0.744831,0.612841,6.13546,-1.90032,-0.144174,0.0872687,-0.584908,0.515025,-2.23322,2.18989,-0.526159,0.462991,0,0,0.470085,0.470085,1.49573,0.0671558,-0.457876,-0.738707,0.893772,-0.297924,-0.0109901,-0.0109901,
-12.913,14.5263,-23.3681,6.67405,-28.8345,19.4933,0.468134,-2.59263,-0.59023,0.201704,-13.2357,11.5751,-17.3382,3.07692,-23.8828,19.1941,7.84274,-5.77778,-0.619781,0.224174,0.0185013,-0.0486383,-0.397306,0.508316,-1.9564,1.9789,-0.726139,0.615892,6.13546,-1.9007,-0.128843,0.109713,-0.625817,0.559477,-2.29082,2.18756,-0.685541,0.548515,0,0,-0.115995,-0.0915756,0.934067,-0.689865,-0.421246,-0.238094,0.551893,0.0927963,-0.0109901,-0.0109901,
-11.3932,13.1973,-16.8837,10.69,-20.5786,16.343,7.78948,-7.2298,-0.523604,0.240283,-12.3565,13.7241,-21.7338,8.93773,-29.1575,19.1941,3.48034,-4.47863,-0.619781,0.145054,0.00934601,-0.0494013,-0.384336,0.478943,-1.95907,1.97662,-0.729191,0.625048,6.13546,-1.9007,-0.131287,0.094997,-0.559113,0.554783,-2.19077,2.15475,-0.532108,0.455722,0,0,-0.421246,-0.0671558,0.384615,-1.28816,-0.0915756,-0.103785,-0.385836,0.630037,-0.0109901,-0.0329666,
-14.8154,14.601,-7.97181,4.61402,-16.1541,13.8707,15.5884,-12.6376,-0.421276,0.18475,-12.5519,14.0171,-17.9243,8.1563,-22.7106,17.0452,7.4188,-6.81709,-0.593407,0.145054,0.00896454,-0.0501642,-0.384718,0.469406,-1.96021,1.97471,-0.742161,0.636873,6.13546,-1.9007,-0.15504,0.109423,-0.473497,0.501747,-2.14113,2.12455,-0.359698,0.327588,0,0,0.0183144,-0.0793648,-0.00610542,-0.567766,-0.0427341,-0.128204,-1.01099,0.835165,0.0109901,-0.0329666,
-14.8122,17.829,0.587531,-1.3493,-17.9184,11.0745,15.898,-16.0706,-0.189565,0.0294492,-14.4078,13.8217,-10.4029,4.05373,-20.5617,16.5568,9.53846,-8.73162,-0.540661,0.171429,0.0112534,-0.0535975,-0.386244,0.470551,-1.95907,1.97089,-0.757038,0.650606,6.13546,-1.9007,-0.147832,0.138601,-0.386431,0.462681,-2.15674,2.0856,-0.350837,0.240587,0,0,0.164835,-0.177046,-0.201466,0.213675,0.0427341,-0.250305,-0.708181,0.727716,-0.0549469,-0.0109901,
-9.40786,13.6163,3.85879,-2.09823,-15.1345,11.2006,16.978,-16.052,-0.0669325,-0.193049,-14.7009,14.7985,-4.93285,1.12332,-17.8266,13.2357,14.1607,-13.0667,-0.382416,0.0659332,0.0116348,-0.0501642,-0.381285,0.469788,-1.95754,1.95907,-0.758183,0.652132,6.13546,-1.9007,-0.0955424,0.109878,-0.320705,0.440979,-2.12509,2.065,-0.284373,0.195742,0,0,-0.0793648,0.262516,0.531136,-0.164835,0.0183144,-0.555555,0.0439568,-0.210012,0.0109901,-0.0109901,
-4.92198,8.05873,3.7214,-0.773914,-6.23358,14.0624,20.9926,-11.1314,0.0271472,-0.416431,-12.1612,13.8217,-3.07692,0.341873,-14.7009,11.9658,13.7368,-13.1624,-0.171429,-0.118683,0.0116348,-0.0398645,-0.352293,0.46025,-1.9625,1.94724,-0.742161,0.63077,6.13584,-1.9007,-0.0400014,0.0637185,-0.260273,0.431911,-2.04011,2.08579,-0.108483,0.264178,0,0,0.0915756,0.421246,1.52015,-0.592186,-0.250305,-0.531136,1.01099,-1.14774,-0.0329666,-0.0109901,
-6.8559,2.95088,-2.60426,-5.14791,2.79563,20.0329,21.8167,-10.6659,0.0862995,-0.652065,-8.64468,11.1844,-2.88156,1.80708,-8.35165,13.7241,16.212,-10.2769,-0.0659332,-0.32967,0.0169754,-0.0379572,-0.317578,0.444228,-1.96822,1.93999,-0.719273,0.607119,6.13584,-1.90108,-0.0492298,-0.00333812,-0.279156,0.353859,-1.9451,2.14976,-0.0402372,0.23392,0,0,0.299145,0.054945,2.02076,-0.995115,-0.238094,-0.384615,1.46032,-1.53846,-0.0329666,-0.0329666,
-13.862,-22.2147,-44.229,-27.9502,13.3833,22.1537,-7.69962,-23.6835,0.419126,-1.02068,-8.35165,5.90965,-5.22589,0.537247,-1.61172,18.315,16.3761,-9.38803,0.0131874,-0.514286,0.0291824,-0.040246,-0.269131,0.415236,-1.96288,1.93694,-0.655565,0.569734,6.13584,-1.90185,-0.103879,-0.29135,-0.692798,0.050751,-1.79729,2.18289,-0.715842,-0.169947,0,0,0.628815,-0.128204,2.03297,-1.61783,0.506716,-0.00610542,3.07204,-1.63614,-0.0109901,-0.0769234,
-2.83971,-19.6808,-68.0976,-7.62093,-6.04402,22.1376,-8.48963,-12.7833,1.00808,-0.956077,-10.8913,-8.1563,-28.1807,-9.91454,3.27228,19.5849,-0.45812,-17.5111,0.250549,-0.593407,0.0349054,-0.0520716,-0.256924,0.349241,-1.92817,1.94381,-0.593385,0.525482,6.13584,-1.90871,0.00518456,-0.300662,-1.03941,0.133307,-1.92227,2.20464,-0.738121,0.0392557,0,0,0.054945,-0.897436,-0.775335,-3.93773,2.1917,0.445665,1.82173,-2.62271,0.0109901,-0.42857,
-9.81918,12.3984,-54.5802,14.4445,-1.05796,-7.62193,-6.38159,-0.260744,1.49413,-0.844612,-3.95604,-7.76556,-46.2515,-2.49084,-13.2357,18.9011,-3.68547,-12.1368,0.46154,-0.672527,0.0185013,-0.11883,-0.309567,0.256924,-1.8698,1.96174,-0.596056,0.474747,6.13661,-1.91634,-0.125806,-0.0976758,-1.02611,0.221041,-1.75356,1.91633,-0.787242,0.283621,0,0,-1.05617,-3.49817,-3.30281,-5.89133,3.84005,1.17827,-0.278389,-3.67766,0.142857,-0.582417,
11.5152,6.82294,-13.7652,39.8137,-16.3519,-28.1122,-6.10294,18.7603,0.287351,-0.218521,-4.54213,-0.341873,-40.6838,-0.927963,-15.0916,2.1978,-3.11111,-9.08718,0.303295,-0.751648,0.00858307,-0.171092,-0.402266,0.218777,-1.7668,1.98043,-0.618944,0.42401,6.15454,-1.93351,0.122895,-0.180955,-0.710076,0.642226,-1.7863,1.68049,-0.845369,0.888231,0,0,-0.409035,-2.57021,-4.64591,-0.567766,4.86569,0.372406,-1.13797,-1.13797,1.02198,-0.78022,
14.0254,5.28971,-0.187498,46.8244,-71.9302,11.3279,9.78907,9.53243,-0.0347901,-0.119806,2.97925,-1.12332,-9.03542,22.2222,-19.5849,-12.2589,-2.4547,4.68376,0.303295,-0.646152,-0.00743866,-0.158885,-0.537309,0.233654,-1.66838,1.93694,-0.660907,0.459105,6.18353,-1.9461,0.132729,-0.0579858,-0.725188,0.822098,-2.3278,1.96085,-0.498146,0.868706,0,0,-0.470085,1.26374,-5.57387,2.04518,4.19414,-3.05861,-2.18315,2.89622,1.35165,-0.53846,
-11.2413,8.82105,-12.7115,10.7324,-47.6752,44.9582,12.0803,-2.75903,-0.469193,-0.384772,2.78389,-4.6398,-0.927963,20.464,-50.2564,14.4078,4.76581,1.59316,0.0131874,-0.567032,0.0368128,-0.122644,-0.625048,0.3542,-1.64397,1.84005,-0.710879,0.583848,6.20298,-1.94495,-0.00811455,0.0374348,-0.885335,0.690584,-2.18611,2.19734,-0.46445,0.807819,0,0,2.39927,1.86203,-3.57143,6.51404,-0.372406,-4.2674,-1.78266,6.01221,1.46154,0.0549469,
-17.4346,7.61268,-21.0469,-11.6962,-25.8707,47.9213,12.3361,-17.924,-0.230185,-0.310888,4.83516,-1.7094,-14.5055,15.2869,-53.6752,38.7302,6.06496,-1.40171,0.751648,-0.303295,0.0543604,-0.0886927,-0.636873,0.468642,-1.6619,1.771,-0.705157,0.673495,6.23617,-1.94839,-0.122467,0.0665072,-0.872152,0.550122,-1.97479,2.16569,-0.331964,0.449843,0,0,0.506716,2.11844,-0.0427341,6.3431,-0.763126,-4.13309,0.6105,5.48474,0.868134,-0.23077,
-5.47528,11.8721,10.3487,18.5015,-15.0237,48.5454,4.65868,-28.0222,0.422172,-0.431481,-4.73749,9.81685,-13.0403,9.42613,-40.4884,44.0049,12.041,-11.0427,0.32967,-0.224174,0.034524,-0.0650415,-0.661288,0.494202,-1.6249,1.70653,-0.695621,0.757038,6.23236,-1.94953,-0.074542,0.084982,-0.629535,0.686953,-1.73098,2.18101,-0.567434,0.123942,0,0,-1.44689,0.543346,-2.49695,-0.384615,1.8254,-1.9475,-0.0244198,2.90598,-0.0988998,-0.23077,
48.4376,5.26508,40.1583,47.6905,-45.5413,-14.4028,16.5027,-7.32971,0.574285,-0.234037,4.24908,15.0916,0.146515,18.9988,-32.381,38.4371,9.37436,-19.6855,0.250549,-0.303295,-0.0535975,-0.0791559,-0.709735,0.467116,-1.57149,1.71721,-0.700198,0.780689,6.23312,-1.9564,0.333397,-0.0477206,-0.344321,0.93942,-1.96375,1.58791,-0.255221,0.637403,0,0,-4.53602,-0.811966,-2.42369,-1.72772,3.4127,0.921856,-0.26862,1.20635,-0.12088,-0.53846,
39.9224,-6.70606,8.62421,51.0296,-64.1305,2.12014,17.9636,4.27888,0.393211,-0.265883,23.3944,6.78877,25.7387,39.1209,-39.2186,-1.02563,13.3675,-8.62222,0.250549,-0.46154,-0.104715,-0.0829706,-0.725376,0.438506,-1.50053,1.73552,-0.719654,0.766575,6.23426,-1.96593,0.269881,-0.157279,-0.641558,0.97111,-2.1376,1.76254,-0.255587,0.831953,0,0,-2.0696,0.00610542,-0.360195,-1.03175,2.26496,0.103785,-0.698412,-1.0696,0.0988998,-0.53846,
-8.56939,4.97174,-24.6741,12.8445,-37.8067,29.5899,11.6963,1.56374,-0.0565923,-0.494179,13.138,-5.22589,3.17461,37.6557,-46.6422,16.4591,17.9897,1.59316,0.197803,-0.435165,-0.0299454,-0.0772486,-0.686847,0.464828,-1.52647,1.68975,-0.721943,0.759327,6.24113,-1.96899,0.0488318,-0.0108146,-0.889982,0.672867,-2.02205,1.9243,-0.41243,0.783472,0,0,5.21978,0.335775,2.13065,1.95971,-2.26496,-2.82662,-0.307692,-0.385836,0.362637,-0.186813,
-21.1762,14.258,-39.2301,-8.74675,-29.5048,56.7239,2.32699,-8.24965,0.0466349,-0.359488,6.49573,-1.61172,-14.6032,13.431,-40.7814,31.7949,12.8479,0.758974,0.224174,-0.303295,0.0520716,-0.0780115,-0.659762,0.53235,-1.56996,1.61078,-0.731861,0.76276,6.248,-1.97814,-0.113826,0.0777656,-1.06248,0.541187,-1.93707,2.13787,-0.679188,0.5485,0,0,2.08181,-0.0793648,0.995115,3.18071,-1.17827,-3.09524,-0.239317,0.297924,0.20879,-0.42857,
4.03238,20.0147,-3.31884,30.1358,-45.2459,39.7808,3.88565,-4.69727,0.33711,0.0552792,3.76068,8.93773,-24.6642,3.56532,-40.7814,39.9023,7.1453,-3.15214,0.435165,-0.092308,0.0131607,-0.0768671,-0.676929,0.555238,-1.55356,1.59781,-0.734531,0.764286,6.24228,-1.99226,-0.0232316,0.141245,-0.752266,0.905343,-2.0101,2.05752,-0.646865,0.625259,0,0,-2.4359,-0.128204,-1.15385,0.457876,1.38584,0.531136,-0.405373,-0.17094,-0.472527,-0.802197,
17.8556,9.65704,-6.05577,41.7519,-81.2549,21.3984,11.3731,5.97481,0.042109,-0.183281,1.7094,19.2918,-4.05373,32.674,-48.9866,32.2833,5.98291,-4.53333,0.0659332,-0.619781,-0.046731,-0.0867853,-0.737965,0.510223,-1.50244,1.65198,-0.765049,0.740253,6.24075,-1.99874,0.0895968,0.00403162,-0.875459,0.902705,-2.33792,1.96198,-0.518238,0.864462,0,0,-1.86203,-0.494505,-2.10623,-2.14286,2.02076,2.16728,-1.38217,-0.835165,-0.0109901,-0.0329666,
-2.9943,1.55461,-18.3276,4.66496,-67.5826,11.9852,23.034,0.377499,-0.034181,-0.224824,-0.927963,8.25397,-12.1612,33.1624,-68.2296,25.0549,8.70427,-0.129915,0.0131874,-0.487911,-0.0181198,-0.0726709,-0.729191,0.514801,-1.50397,1.67601,-0.789083,0.742161,6.24228,-1.99912,0.0330627,-0.0210059,-0.906986,0.590443,-2.28643,1.86148,-0.223241,0.758752,0,0,2.53358,1.03175,0.775335,0.714285,-0.946276,1.56899,-1.47985,0.122101,0.0329666,-0.0109901,
-25.0385,9.48566,-18.7783,-14.0594,-29.2134,35.8243,13.0517,-9.79378,0.0224476,-0.219032,-6.78877,0.146515,-18.315,10.1099,-61.7827,19.4872,14.5026,-2.03077,-0.092308,-0.32967,0.040246,-0.052453,-0.719654,0.532731,-1.53716,1.67868,-0.786794,0.776112,6.24075,-1.99378,-0.100597,0.10158,-0.905713,0.423524,-1.94498,2.06228,-0.402512,0.602963,0,0,4.12088,1.4591,0.677656,1.41026,-2.49695,-0.433455,0.434677,1.97802,-0.0769234,0.186813,
-6.58951,2.33052,-15.9039,-14.1082,-17.4503,26.4108,5.20077,-17.9607,-0.0276084,-0.0644113,-5.51892,2.1978,-17.2405,-4.83516,-35.116,29.4505,12.6017,-7.24103,0.0395622,-0.092308,0.0562677,-0.0169754,-0.710116,0.542649,-1.5795,1.6783,-0.747501,0.808537,6.24075,-1.99416,-0.0651786,0.0559279,-0.886216,0.372257,-1.80697,1.9976,-0.521717,0.366527,0,0,-1.44689,1.41026,0.0183144,-0.409035,-1.00733,0.775335,1.62637,1.13797,-0.0769234,-0.142857,
0.0195112,13.7467,10.1033,9.28994,-15.4884,4.51525,6.17262,-22.3031,0.27699,-0.277703,0.634918,5.32356,-12.3565,-3.46764,-22.8083,18.4127,7.11795,-14.9812,-0.0395622,-0.250549,-0.0185013,0.0082016,-0.726139,0.490768,-1.5795,1.72293,-0.726139,0.825322,6.24113,-1.99493,-0.127971,0.180682,-0.644202,0.50506,-1.73918,1.85878,-0.512431,0.224107,0,0,-3.2906,0.592186,-0.909645,-2.66789,0.372406,2.57021,0.844933,0.366301,0.0109901,0.0988998,
22.1239,9.89883,29.2601,35.4349,-26.5397,-16.0791,15.3184,-8.00763,0.742398,-0.354227,-0.732605,9.23077,-2.97925,4.54213,-18.4127,6.10501,6.72137,-15.8701,-0.0395622,-0.171429,-0.0455866,-0.00934601,-0.751316,0.43698,-1.5753,1.77939,-0.720036,0.815404,6.24113,-1.99493,0.171949,0.0617725,-0.472805,0.730376,-1.86022,1.70025,-0.277187,0.550235,0,0,-0.848597,-1.16606,-1.39805,-3.00977,0.299145,2.98535,0.346764,-0.8547,0.0109901,-0.0109901,
27.2681,-10.278,7.67451,29.1006,-30.3629,1.9117,23.9162,2.93387,0.69131,-0.5764,5.90965,7.27716,11.5751,21.7338,-18.9011,-6.30037,12.0547,-7.92479,0.46154,-0.32967,-0.0398645,-0.000190735,-0.72118,0.413711,-1.59132,1.8061,-0.708972,0.768482,6.24151,-1.99493,0.289366,-0.086104,-0.546164,0.749058,-1.97326,1.82673,-0.00238672,0.766218,0,0,0.787546,0.848597,2.69231,0.360195,-1.337,-0.0183144,0.844933,-1.67521,0.0109901,0.0109901,
-22.6022,2.52667,-28.5919,-2.58023,-28.5464,17.6094,8.57761,-2.9041,0.155935,-0.735455,5.71428,-3.76068,0.341873,14.2124,-19.0965,4.1514,18.3453,-0.622223,0.672527,-0.46154,0.0474939,0.0185013,-0.623522,0.48848,-1.65312,1.78054,-0.691043,0.746738,6.24189,-1.99493,-0.0495915,0.077304,-0.794893,0.592289,-2.06941,1.92756,-0.398319,0.594518,0,0,4.62149,0.921856,4.3895,3.97436,-2.97314,-1.4591,1.08913,-1.43101,-0.0109901,-0.0109901,
-26.0151,-0.428232,-38.6749,-17.7432,11.1122,42.1101,0.0567942,-6.77808,0.282337,-0.720387,-5.51892,-3.27228,-12.1612,9.13309,-21.5385,18.022,15.6786,-0.0615387,0.487911,-0.593407,0.1215,0.0200272,-0.59224,0.518234,-1.70424,1.74163,-0.642595,0.736439,6.24342,-1.99569,-0.0249032,0.0126235,-0.9835,0.358328,-1.68639,2.12913,-0.513301,0.533751,0,0,4.27961,-0.0793648,1.15385,1.11722,-3.1685,-2.41148,2.55433,-0.288157,0.0988998,-0.0329666,
5.88191,-11.2013,-33.7278,-1.36948,-5.4372,37.0714,-1.84529,-11.952,0.561981,-0.792341,-3.46764,1.51404,-26.5201,-3.95604,-7.37485,32.967,5.6547,-3.23419,0.382416,-0.778023,0.0890741,0.0276566,-0.599871,0.515182,-1.71073,1.72179,-0.637255,0.712024,6.24304,-1.99645,0.0439281,-0.0860169,-1.00128,0.475749,-1.7396,2.12861,-0.692664,0.307007,0,0,-3.31502,0.323565,-0.799755,-0.726496,0.946276,-0.152626,-0.0830288,-1.46032,-0.12088,-0.0109901,
2.53116,15.6212,13.7702,32.6708,-13.4576,-8.48365,-0.91553,-7.58006,1.05794,-0.891574,3.36996,2.49084,-19.3895,5.81197,-13.3333,24.5665,0.909401,-11.3573,0.408791,-0.804394,0.0207901,-0.00782013,-0.673495,0.454528,-1.65808,1.77291,-0.645647,0.688373,6.24113,-1.99607,-0.0233285,0.0849595,-0.659891,0.712327,-1.71706,1.77734,-0.701115,0.437522,0,0,-2.16728,-2.42369,-4.18193,-3.15629,2.71673,2.96093,-0.600733,-0.805861,-0.0329666,0.0109901,
22.9477,23.2108,43.0044,51.8068,-55.7189,-18.5414,25.3091,9.31794,1.76809,-0.776955,-1.12332,6.69109,1.7094,22.1245,-16.4591,2.6862,0.45812,-10.3453,0.593407,-1.09451,0.0196457,-0.0635157,-0.739109,0.404173,-1.60239,1.81601,-0.664721,0.679217,6.24228,-1.99645,0.283777,0.105452,-0.368933,0.89291,-2.12401,1.66596,-0.0176127,0.917781,0,0,0.274725,-2.66789,-3.22955,-2.60684,2.9243,1.67888,-1.11844,-0.405373,0.0769234,-0.0109901,
31.9438,-20.7499,14.2445,26.665,-50.8954,17.4839,27.8202,0.282903,1.32091,-1.22397,8.64468,0.537247,17.2405,24.7619,-37.265,-0.341873,14.5573,-0.690598,1.04176,-0.751648,0.0226974,-0.0242233,-0.739872,0.433166,-1.58255,1.79961,-0.678836,0.69028,6.24838,-1.99493,0.380681,-0.149975,-0.550057,0.812268,-2.14948,1.93629,0.0795388,0.744292,0,0,0.0915756,3.14408,0.946276,2.48474,-0.0427341,-1.72772,-0.288157,0.923077,0.384617,-0.0769234,
-20.7019,-10.629,-37.9776,-37.0336,0.240463,28.7982,23.8545,-6.70858,0.591267,-1.49516,7.86325,-13.3333,-0.537247,11.7704,-33.6508,24.1758,23.3915,-1.75727,0.778023,-1.01538,0.105097,0.0562677,-0.628481,0.550279,-1.66228,1.71454,-0.631151,0.753986,6.26822,-1.99569,0.0449981,0.0502963,-0.8496,0.339649,-1.80511,1.90815,0.120606,0.709517,0,0,5.09768,3.36386,6.02564,6.02564,-4.36508,-3.79121,1.78266,2.83761,1.10989,-0.0988998,
-26.4919,3.30075,-39.0791,-28.1073,38.1687,56.598,-7.11841,-13.6019,0.222657,-1.10018,1.22101,-10.3053,-17.8266,-4.34677,-10.3053,29.8413,23.3231,-3.53504,0.540661,-0.909889,0.195125,0.0593195,-0.567063,0.582704,-1.73095,1.64206,-0.613604,0.782216,6.29644,-2.01019,-0.0367549,0.088465,-0.973396,0.230717,-1.37095,2.17915,-0.752973,0.448585,0,0,1.87424,-0.225885,0.836386,-1.19048,-1.92308,-2.75336,1.16728,0.884005,1.32967,-0.802197,
-12.9503,1.51249,-48.1643,-15.5888,1.44048,41.3226,-9.81214,-40.319,0.918015,-0.94741,2.97925,5.22589,-22.2222,-9.5238,8.1563,35.7021,4.09573,-9.08718,0.830769,-0.672527,0.128748,0.0627527,-0.591096,0.523575,-1.70882,1.63977,-0.578126,0.790608,6.31361,-2.02811,-0.177334,0.0805757,-1.17937,0.22033,-1.62342,2.12231,-0.737132,-0.307631,0,0,-4.86569,0.0305252,-1.59341,-3.9011,2.08181,0.702076,2.27106,0.434677,0.956043,-1.21978,
4.94222,-2.28036,-22.2479,4.62929,-16.5481,-23.627,-1.57258,-9.17666,1.47585,-0.505265,-3.66301,10.7937,-25.1526,-0.244202,-17.2405,23.9805,-1.27863,-26.7966,0.909889,-0.593407,0.0181198,0.022316,-0.684939,0.406844,-1.58255,1.72408,-0.6075,0.7784,6.32773,-2.06283,-0.0781673,-0.0711939,-1.11956,0.261903,-1.57655,1.60421,-0.743246,0.482223,0,0,-4.53602,-2.04518,-5.62271,-5.89133,5.69597,4.27961,-1.84127,-0.825397,0.582417,-1.7033,
34.5647,-10.7643,17.4521,43.6803,-65.8301,-29.3734,10.3901,12.5865,1.51795,-0.400442,-5.71428,-2.1978,-22.4176,-0.146515,-20.6593,-13.9194,-0.923077,-15.8701,0.804394,-0.883518,-0.0368128,-0.0150681,-0.794805,0.29736,-1.46391,1.78512,-0.646791,0.75742,6.35328,-2.1006,0.302266,-0.178017,-0.719939,0.663243,-2.01974,1.49599,-0.443403,1.08873,0,0,-1.34921,-1.30037,-3.57143,-3.58364,5.26862,1.11722,-1.70452,-0.366301,1.32967,-1.63736,
30.6746,-13.6599,-1.52325,35.3841,-85.4712,12.9835,22.8556,2.58792,1.22629,-0.822545,13.7241,-19.2918,1.80708,20.6593,-45.2747,-12.0635,4.94359,3.00171,0.698902,-0.751648,-0.0177383,0.00553131,-0.825704,0.29736,-1.42386,1.7649,-0.668918,0.776112,6.39143,-2.12539,0.370913,-0.0894685,-0.865624,0.720024,-2.35543,1.84302,-0.0640769,0.923944,0,0,1.43468,1.7033,-0.689865,0.885225,0.543346,-1.98413,-0.600733,1.51892,2.07692,-1.21978,
-5.56083,2.36821,-26.3357,-5.07901,-25.9868,28.9506,9.76364,-8.45777,0.377712,-1.10188,17.8266,-18.1197,-12.7473,11.2821,-58.1685,16.1661,10.7419,-0.239317,0.646152,-0.936264,0.0669489,0.0371943,-0.763523,0.41104,-1.51503,1.66152,-0.63077,0.858511,6.45209,-2.14561,0.112813,0.100748,-0.941978,0.55709,-1.96393,1.85885,-0.240632,0.817712,0,0,3.22955,1.11722,3.42491,6.07448,-4.80464,-3.73016,2.37851,3.88278,2.82418,-0.934067,
-27.6692,7.082,-29.0328,-29.5394,4.55731,48.9253,16.132,-33.0226,0.684101,-0.787507,8.84004,-3.85837,-22.3199,7.17949,-40,29.2552,16.5402,-2.94701,0.830769,-0.646152,0.0940342,0.0497828,-0.696383,0.487717,-1.54898,1.6062,-0.601397,0.90238,6.49329,-2.17041,-0.167207,0.148211,-0.880386,0.27692,-1.53884,2.03403,-0.128621,0.0781248,0,0,1.38584,0.592186,4.15751,3.52259,-1.2149,-3.47375,0.493284,1.86081,2.18681,-1.63736,
-40.9231,10.5954,-50.1907,-41.9851,9.82753,35.5642,-5.09545,-49.5048,0.980264,-1.03526,1.90475,7.27716,-11.4774,-4.44444,-15.1893,32.5763,14.4889,-17.6752,0.778023,-0.646152,0.0711451,0.0539789,-0.712405,0.486572,-1.54173,1.58331,-0.617418,0.903143,6.53754,-2.20626,-0.449287,0.167839,-1.33174,0.00725105,-1.40547,1.97786,-0.773855,-0.486398,0,0,-1.97192,-0.115995,-1.84982,-0.384615,0.811966,-0.0183144,-0.297924,-0.288157,2.31868,-1.92308,
-1.58034,-8.44577,-67.6317,-39.1794,-23.3597,-20.1154,-10.6288,-20.5584,1.79895,-1.43651,-11.0867,9.62149,-27.8877,-14.8962,-9.5238,22.4176,-0.129915,26.2222,0.909889,-0.672527,-0.0310898,0.0455866,-0.76276,0.42134,-1.47345,1.63176,-0.601397,0.831044,6.57797,-2.24632,-0.251132,-0.0586338,-1.61903,-0.162745,-1.60093,1.50248,-0.872466,0.0536283,0,0,-6.07448,-0.311356,-3.14408,-4.46276,3.96215,2.82662,0.483517,-4.12698,2.07692,-2.14286,
50.1219,-34.5167,15.7053,19.2314,-26.0176,-18.6221,10.7783,28.939,1.91525,-1.45404,-6.00732,1.02563,-48.9866,-26.8132,-32.381,-12.3565,-3.34359,-17.6068,0.804394,-1.22637,-0.181392,0.0459681,-0.930991,0.252728,-1.35176,1.68784,-0.638399,0.739109,6.62871,-2.29782,0.221469,-0.354035,-0.979727,0.246019,-1.48028,1.5202,-0.44523,1.31953,0,0,-4.62149,-0.494505,-6.69719,-6.61172,4.81685,1.17827,-2.12454,-4.46886,2.42857,-2.47253,
37.7718,-3.82225,41.2062,48.7594,-63.7502,-17.4919,26.6008,23.7929,1.28126,-1.32798,-9.13309,-10.5006,-43.1258,-30.3297,-26.4225,-16.0684,-1.33333,-11.8906,0.725273,-1.33187,-0.170711,0.0268936,-0.973717,0.240902,-1.29912,1.69203,-0.694095,0.658999,6.69547,-2.34588,0.289473,-0.0133373,-0.568984,0.810145,-1.95067,1.51172,-0.0985294,1.1414,0,0,1.2149,0.0671558,-1.59341,0.824175,1.7033,0.421246,-2.86691,-3.57021,3.61538,-2.34066,
54.0828,-20.2882,19.8518,36.679,-56.4814,11.0639,16.2806,-4.36085,0.54632,-1.3435,23.7851,-22.6129,13.9194,18.9988,-36.2882,-5.32356,12.2051,5.46325,0.909889,-1.12088,-0.108149,0.0497828,-0.944724,0.293927,-1.33497,1.64778,-0.685702,0.754368,6.79618,-2.40883,0.611819,-0.150204,-0.651499,0.813193,-2.08729,1.67894,-0.126749,0.940193,0,0,3.57143,0.763126,2.17949,3.35165,-3.74237,-2.75336,2.13431,6.13919,4.23077,-2.69231,
42.075,-21.938,-16.612,10.962,-17.6584,24.0187,-1.76478,-14.3182,-0.589578,-1.13993,38.9255,-18.7057,9.23077,23.7851,-39.0232,9.42613,4.95726,-2.04445,0.32967,-0.857143,-0.0600824,0.0940342,-0.830281,0.427825,-1.44408,1.58331,-0.565156,0.87911,6.89384,-2.46681,0.449542,-0.0677111,-0.827029,0.76391,-1.84195,1.7519,-0.272541,0.769294,0,0,1.26374,2.46032,5.63492,6.42857,-6.05006,-2.94872,6.83272,5.75824,4.95604,-3.06593,
33.1005,9.88774,43.4062,54.3427,-14.9959,3.68916,19.1323,-4.33298,-0.18667,-0.0794489,43.5165,-10.0122,-1.51404,25.9341,-31.5018,18.9988,19.2479,-5.36752,0.804394,-0.672527,-0.00362396,0.0677118,-0.788701,0.454146,-1.52838,1.5425,-0.510605,0.929847,6.96403,-2.52441,0.45431,0.091088,-0.248412,1.08421,-1.72817,1.54625,-0.107846,0.942575,0,0,2.70452,-2.59463,1.73993,0.787546,-0.995115,-1.11722,-2.57387,2.66178,3.68132,-3.76923,
37.6225,-11.7721,32.0426,56.2781,-46.8533,18.9786,20.8075,-5.37352,0.0262094,0.214556,46.0562,-6.30037,29.8413,40.7814,-26.6178,5.90965,14.735,-0.307692,0.646152,-0.276924,-0.0272751,0.0471125,-0.781835,0.482376,-1.49825,1.53487,-0.567826,0.927939,7.0243,-2.60643,0.338046,-0.0777869,-0.414206,1.16609,-1.95026,1.73496,-0.143443,0.739847,0,0,-1.5812,0.177046,0.347986,1.75214,2.05739,-0.323565,-3.07204,-0.776556,3.04396,-4.2967,
26.6381,-19.1826,-7.99617,19.2297,-53.9798,27.0727,15.4272,-9.9874,0.0420223,0.35163,41.5629,-10.4029,33.0647,44.1026,-28.2784,14.7985,15.6376,-0.608547,0.171429,0.145054,-0.0371943,0.108149,-0.745975,0.534638,-1.49786,1.51541,-0.55829,0.909629,7.0922,-2.7079,0.257767,0.0136488,-0.75566,0.851883,-2.12511,1.77206,-0.105093,0.602653,0,0,-0.0305252,3.55922,2.37485,3.10745,-0.824175,-1.32479,0.493284,-0.590965,2.82418,-4.34066,
7.71264,-8.88183,-24.6075,-12.6772,-15.8784,28.3258,11.7989,-5.63991,-0.304196,0.852083,26.4225,-17.8266,3.46764,22.5153,-44.9817,22.8083,18.441,-3.80855,0.250549,0.224174,-0.015831,0.134851,-0.709353,0.612459,-1.5383,1.50511,-0.581559,0.869955,7.15286,-2.8048,0.101001,0.062416,-0.94268,0.580067,-1.78453,1.81272,-0.321945,0.592412,0,0,0.934067,0.787546,1.20269,3.25397,-2.09402,-0.213675,-1.36264,-2.41758,2.56044,-4.40659,
3.94214,-12.1475,-31.1132,-4.478,-14.7671,46.4584,-6.92952,-7.49916,-0.631755,1.31539,22.3199,-13.138,-18.9011,-2.6862,-27.3993,19.9756,11.5487,-1.62051,0.197803,0.303295,-0.0329981,0.163463,-0.686847,0.658999,-1.55432,1.51656,-0.584229,0.82227,7.18948,-2.86355,-0.0366121,0.0624753,-1.00955,0.68637,-1.74872,2.06267,-0.77696,0.439846,0,0,-1.42247,1.01954,0.689865,2.3138,-0.909645,0.897436,-0.00488472,-3.4823,2.51648,-4.18681,
3.93842,1.99793,-22.1631,17.2986,-46.2342,34.3178,-7.36907,6.92513,-0.352294,1.38012,16.5568,-8.05861,-20.6593,-0.732605,-24.5665,24.8596,1.36068,-2.78291,0.0395622,0.224174,-0.0730524,0.164989,-0.701343,0.660907,-1.53639,1.57988,-0.580796,0.737583,7.23831,-2.95357,-0.110489,0.184135,-0.987282,0.8407,-2.00839,2.08471,-0.771573,0.763647,0,0,-2.4359,-0.0915756,-1.19048,-0.372406,1.25153,3.70574,0.278389,-3.32601,1.85714,-3.48352,
17.4106,0.337251,-27.5275,12.8434,-90.7102,-9.07642,-1.30221,6.82752,-0.196649,0.622119,7.17949,-1.31868,-22.2222,18.5104,-43.9072,30.9158,-2.16752,3.86325,-0.118683,-0.145054,-0.115396,0.143244,-0.734531,0.623522,-1.50092,1.65656,-0.615511,0.656711,7.27531,-2.99821,0.0192425,0.111378,-1.07275,0.704158,-2.46587,1.64871,-0.75498,0.678598,0,0,-1.76435,-1.06838,-0.970695,-1.86203,1.28816,2.78999,-2.06593,-3.35531,1.63736,-1.54945,
4.94858,-7.48617,-25.4428,-7.09147,-66.2009,16.4085,7.7378,-3.83098,-0.0663009,0.273224,2.29549,-3.36996,-30.4274,7.66789,-72.2344,5.1282,-0.745298,1.86667,0.0131874,-0.171429,-0.114252,0.161174,-0.728046,0.631533,-1.51427,1.68708,-0.658237,0.646791,7.30621,-3.01842,-0.0260974,0.118491,-0.994261,0.583874,-2.30864,1.8757,-0.536826,0.544038,0,0,0.995115,1.2149,0.494505,0.934067,-1.76435,0.189255,-1.87057,0.0732594,1.26374,-0.78022,
-15.675,-10.8652,-34.0459,-26.2087,-7.69555,40.8235,9.18111,-7.30407,0.0731563,0.0341813,-3.56532,-6.30037,-31.7949,-9.71918,-58.5592,16.8498,8.7453,-1.49744,0.145054,-0.250549,-0.0341425,0.179484,-0.699435,0.672351,-1.59667,1.66495,-0.70592,0.648317,7.32681,-3.0211,-0.101064,0.0707662,-1.02502,0.44606,-1.80488,2.07846,-0.604491,0.451043,0,0,3.21734,0.360195,1.5812,1.9475,-3.68132,-1.20269,-3.07204,0.112331,1.06593,-0.296703,
-3.54373,-11.7352,-32.9785,-15.7127,-13.7177,31.3501,2.99491,-12.4466,0.057995,-0.019694,0.146515,-6.20268,-30.4274,-16.6544,-23.199,30.6227,5.09402,-4.62906,0.197803,-0.224174,-0.0242233,0.175288,-0.681888,0.690661,-1.631,1.66381,-0.744068,0.641451,7.34512,-3.02224,-0.0576966,0.034926,-1.0127,0.553723,-1.85769,2.0213,-0.71631,0.276908,0,0,0.177046,-0.299145,1.06838,1.12943,-2.22833,0.274725,-1.10867,-0.376068,0.934067,-0.0988998,
14.7762,2.58725,-2.63083,8.7515,-39.0465,-0.0533566,3.02712,2.28781,0.470764,-0.00149155,5.42125,-5.71428,-25.8364,-8.74237,-21.1477,22.906,0.348719,-7.69231,0.224174,-0.118683,-0.0764856,0.154688,-0.695239,0.66434,-1.63405,1.70119,-0.726139,0.616655,7.35809,-3.02377,-0.000827774,0.139683,-0.761711,0.71457,-2.06322,1.77894,-0.587107,0.601817,0,0,-2.65568,-1.31258,-1.11722,-1.41026,0.140415,2.35043,1.0989,-1.56777,0.626373,-0.0769234,
5.46321,3.26557,-10.9406,7.79021,-47.4761,3.86688,4.21607,3.82355,0.60828,0.0579536,4.6398,-3.66301,-14.7985,-0.537247,-31.7949,5.1282,1.05983,-2.52308,0.408791,-0.118683,-0.0928888,0.124552,-0.711642,0.650988,-1.63214,1.75383,-0.710116,0.5766,7.36496,-3.023,-0.0380881,0.117897,-0.848467,0.71862,-2.17044,1.86456,-0.563455,0.604421,0,0,-0.177046,-1.28816,-0.457876,-0.567766,-0.323565,2.03297,0.590965,-1.56777,0.31868,-0.0109901,
-12.0732,-12.106,-19.7482,-12.2502,-10.3081,24.4311,0.492787,-1.33006,0.41605,0.0421817,0.634918,-8.25397,-16.7521,1.51404,-35.116,9.32845,3.90427,-0.663248,0.408791,-0.0395622,-0.0631342,0.1627,-0.677691,0.672351,-1.68593,1.75803,-0.696002,0.589952,7.37678,-3.01919,-0.150272,0.103687,-0.850514,0.57592,-1.89835,2.02033,-0.655207,0.593298,0,0,1.41026,2.26496,1.39805,1.19048,-2.93651,-0.274725,0.542124,0.805861,0.53846,0.0769234,
-1.51627,-15.5681,-27.5383,-6.338,-6.73183,34.8626,1.76935,-3.5287,0.221442,-0.0279553,-3.76068,-8.44933,-18.8034,-7.0818,-14.0171,22.8083,2.24957,-0.731625,0.540661,0.0395622,-0.0528345,0.190928,-0.654039,0.689136,-1.73781,1.7462,-0.693713,0.600634,7.38746,-3.02071,-0.0751764,0.0413517,-0.932955,0.627871,-1.86613,2.12522,-0.649693,0.528255,0,0,-0.164835,0.702076,0.811966,0.274725,-1.60562,-0.250305,-0.102564,0.512821,0.516483,0.0109901,
4.55743,-5.78983,-8.14806,11.1555,-14.4183,31.1186,-0.153056,0.314113,0.275451,-0.0675439,2.1978,-6.78877,-22.0269,-3.66301,-10.8913,25.1526,0.8547,-0.8547,0.514286,0.0659332,-0.0768671,0.185206,-0.657092,0.678073,-1.75193,1.75612,-0.692569,0.603685,7.39548,-3.02071,-0.0878896,0.103577,-0.75597,0.768446,-1.94123,2.12936,-0.68925,0.613632,0,0,-1.84982,-0.518925,-0.250305,-1.00733,-0.873016,0.824175,0.151403,0.0244198,0.362637,-0.0329666,
4.21297,8.74314,8.82073,16.7195,-24.8871,10.0548,1.36343,0.577291,0.39455,0.0272182,2.88156,-2.39316,-12.1612,3.85837,-16.1661,25.348,0.225641,-0.266666,0.408791,-0.0659332,-0.106241,0.140955,-0.672351,0.666629,-1.74926,1.7977,-0.682269,0.592622,7.40043,-3.02071,-0.076321,0.1683,-0.592861,0.852198,-2.02069,1.97353,-0.625593,0.580575,0,0,-0.506716,-2.09402,-0.555555,-0.00610542,0.152626,1.92308,0.376068,-0.561661,0.20879,-0.0109901,
-8.76094,-1.94835,-1.94794,5.83755,-10.7479,21.7396,1.36363,0.491427,0.374038,0.0770289,-0.244202,-2.1978,-0.341873,11.9658,-19.4872,16.4591,1.04615,0.252991,0.303295,-0.0131874,-0.096323,0.138666,-0.660525,0.673495,-1.76299,1.81029,-0.681125,0.587663,7.40806,-3.02033,-0.172706,0.144083,-0.656325,0.759724,-1.92006,2.05042,-0.642514,0.595697,0,0,0.628815,0.811966,0.775335,0.641026,-1.12943,-0.0427341,0.0146523,-0.112331,0.274727,-0.0329666,
-10.601,-12.2765,-17.8708,-4.16068,-4.58333,31.9047,-3.0357,7.39236,0.366819,-0.041153,-6.00732,-5.90965,-4.73749,4.44444,-9.23077,23.3944,0.909401,-0.0205135,0.46154,-0.0131874,-0.0791559,0.174144,-0.630007,0.699817,-1.79465,1.7958,-0.678073,0.587281,7.41112,-3.02033,-0.163367,0.102655,-0.767724,0.703038,-1.90765,2.11712,-0.751897,0.789938,0,0,1.00733,1.9475,1.8254,1.48352,-1.86203,-0.995115,0.210012,-0.0537243,0.142857,-0.0109901,
-0.205631,-5.39083,-16.8558,5.73995,-17.5669,30.2783,-5.52868,7.81025,0.436486,-0.101164,-6.39804,-5.22589,-12.3565,1.31868,-6.30037,28.3761,-1.44274,3.20684,0.46154,-0.0131874,-0.0822077,0.187877,-0.605211,0.713168,-1.82059,1.78664,-0.670825,0.59453,7.40997,-3.02071,-0.105453,0.126554,-0.773165,0.777963,-2.04691,2.11961,-0.811457,0.842983,0,0,-0.628815,-0.0427341,0.579975,0.0305252,-0.934067,-0.103785,0.258852,0.630037,-0.0329666,-0.0549469,
0.029492,4.47385,1.06458,19.1643,-16.3294,27.4295,-3.72528,1.64659,0.597461,-0.0042768,-3.36996,-1.7094,-12.8449,8.1563,-15.6777,27.3993,-3.34359,4.86154,0.408791,-0.092308,-0.0959415,0.161174,-0.617037,0.689517,-1.82517,1.79618,-0.675784,0.62314,7.40997,-3.02033,-0.116981,0.160619,-0.626983,0.852596,-2.0121,2.12069,-0.797091,0.74336,0,0,-0.641026,-1.50794,-0.653236,-1.49573,-0.164835,0.592186,-0.356533,1.48962,-0.0329666,-0.0109901,
-6.22907,2.88727,-2.79582,8.57396,-8.08535,26.5117,3.693,-4.3491,0.576419,0.00402488,-1.41637,1.02563,-4.73749,14.9939,-17.4359,28.7668,-3.41197,3.63077,0.46154,-0.092308,-0.096323,0.139811,-0.625048,0.665866,-1.82517,1.80076,-0.686084,0.647936,7.41035,-3.02071,-0.163703,0.150931,-0.6612,0.742614,-1.91562,2.09513,-0.608653,0.566932,0,0,0.054945,-0.628815,-0.152626,-0.555555,-0.0183144,-0.00610542,-0.503052,0.796093,0.0109901,-0.0329666,
-6.56164,-1.02333,-12.8707,0.245877,-17.2092,25.1677,0.455805,0.615361,0.575708,-0.0151078,-3.56532,-1.22101,-4.54213,6.00732,-9.5238,28.3761,0.00683784,0.321367,0.540661,-0.0659332,-0.0993748,0.150492,-0.613604,0.683032,-1.82517,1.7916,-0.689136,0.641832,7.41035,-3.02071,-0.179811,0.164152,-0.73972,0.711202,-2.01414,2.05313,-0.666462,0.626935,0,0,-0.225885,0.750916,0.506716,0.763126,0.0671558,-0.543346,0.200245,-0.639805,-0.0109901,-0.0109901,
-3.01373,0.452256,-12.1136,5.79022,-22.9236,24.1354,-6.27556,5.86414,0.635709,-0.0210986,-5.22589,-1.61172,-9.32845,4.93285,-15.4823,24.7619,0.239317,-0.143589,0.540661,-0.0395622,-0.106623,0.161555,-0.611315,0.683032,-1.82517,1.78779,-0.675403,0.626574,7.41035,-3.02071,-0.154557,0.187134,-0.742858,0.739431,-2.08049,2.05006,-0.805035,0.741359,0,0,-0.433455,0.616606,0.0915756,-0.238094,-0.0183144,-0.177046,0.893772,-0.962149,-0.0109901,-0.0109901,
-4.59816,1.14568,-12.5985,8.40553,-16.2068,27.885,-3.41989,4.29053,0.661679,0.0326046,-5.1282,1.02563,-12.1612,8.35165,-21.9292,24.5665,-2.30427,1.77094,0.567032,-0.0659332,-0.110056,0.163081,-0.610933,0.662433,-1.82479,1.78473,-0.668918,0.624666,7.41035,-3.02033,-0.163792,0.171944,-0.74705,0.720622,-2.00547,2.08663,-0.771973,0.761186,0,0,-0.0793648,-0.115995,0.115995,-1.05617,-0.0183144,-0.238094,-0.161173,0.346764,-0.0109901,-0.0109901,
-4.64546,0.812046,-18.6398,3.76442,-19.9899,29.2916,-0.784272,3.00252,0.632968,0.0443868,-4.6398,1.80708,-13.3333,6.30037,-17.8266,27.79,-2.55043,3.17949,0.619781,-0.0131874,-0.109674,0.159648,-0.606356,0.655565,-1.82441,1.77939,-0.684558,0.641451,7.41035,-3.02033,-0.162308,0.163583,-0.805121,0.692712,-2.04468,2.0957,-0.74859,0.769055,0,0,-0.0305252,-0.152626,0.250305,-0.140415,0.054945,-0.274725,-0.844933,0.884005,-0.0329666,0.0109901,
-4.10126,1.65752,-15.6522,5.58002,-22.4466,28.1575,-2.17928,2.89324,0.633851,0.114433,-5.1282,0.732605,-16.3614,4.83516,-18.9011,28.9621,-2.94701,4.06837,0.619781,0.0131874,-0.109674,0.158504,-0.604448,0.654421,-1.81868,1.77405,-0.689517,0.648317,7.41035,-3.02071,-0.155448,0.175089,-0.777751,0.712148,-2.05731,2.07735,-0.753227,0.736255,0,0,-0.00610542,-0.054945,0.0183144,-0.128204,0.323565,-0.286936,-0.0634918,0.151403,-0.0109901,-0.0109901,
-4.67673,2.32027,-13.4348,6.2253,-22.7392,26.4012,-2.45996,3.13551,0.675408,0.160769,-4.83516,0.927963,-15.873,5.22589,-23.1013,27.8877,-2.30427,3.39829,0.593407,0.0395622,-0.108149,0.157741,-0.609789,0.647173,-1.80991,1.77138,-0.68761,0.648317,7.41035,-3.02033,-0.157874,0.18169,-0.762931,0.709627,-2.04893,2.06208,-0.755698,0.734682,0,0,0.0671558,-0.054945,-0.115995,-0.201466,0.409035,-0.0793648,0.00488472,-0.0146523,-0.0329666,-0.0109901,
-5.47538,0.972886,-16.0019,5.06103,-23.8173,28.0986,-3.5805,4.82518,0.673906,0.169205,-5.42125,0.830276,-14.5055,5.51892,-22.906,27.3016,-2.4,3.08376,0.619781,0.118683,-0.105478,0.159648,-0.608644,0.647936,-1.80457,1.76795,-0.687991,0.648317,7.41035,-3.02033,-0.1596,0.176359,-0.784612,0.70478,-2.06208,2.07303,-0.788182,0.782106,0,0,0.201466,0.177046,0.054945,0.0183144,0.213675,-0.213675,-0.0146523,-0.00488472,-0.0109901,0.0109901,
-5.26127,-0.855884,-16.6675,5.24703,-21.754,31.1342,-3.25373,5.49739,0.67322,0.210413,-5.61661,0.43956,-15.9707,5.03052,-23.5897,28.3761,-3.27521,4.15043,0.619781,0.145054,-0.101664,0.166133,-0.6075,0.647936,-1.80228,1.76299,-0.688754,0.648699,7.41035,-3.02033,-0.155442,0.167002,-0.792492,0.707661,-2.04175,2.1018,-0.78231,0.804579,0,0,0.140415,0.311356,0.00610542,0.0427341,0.0671558,-0.213675,-0.0634918,0.0634918,-0.0109901,-0.0109901,
-4.44664,-0.326895,-17.8042,4.82574,-21.8596,31.3878,-2.67515,5.24614,0.642112,0.234106,-5.22589,0.244202,-16.6544,5.22589,-22.4176,30.6227,-3.30256,5.05299,0.646152,0.145054,-0.100519,0.167659,-0.605593,0.648317,-1.80076,1.75841,-0.690661,0.653276,7.41035,-3.02033,-0.15013,0.163416,-0.799958,0.702547,-2.04059,2.10289,-0.770588,0.809015,0,0,-0.00610542,-0.0183144,0.103785,0.0183144,0.0915756,-0.128204,-0.112331,0.200245,0.0109901,-0.0109901,
-4.09644,0.763459,-14.284,6.40568,-22.3253,29.262,-2.88599,4.7844,0.690649,0.281353,-5.03052,0.0488434,-17.0452,5.1282,-22.4176,30.9158,-3.04273,5.44957,0.619781,0.171429,-0.100519,0.16537,-0.607119,0.647554,-1.79809,1.75841,-0.691043,0.654802,7.41035,-3.02033,-0.145832,0.169986,-0.768068,0.717304,-2.04187,2.08415,-0.771942,0.788435,0,0,0.00610542,-0.115995,-0.0671558,-0.0427341,0.128204,0.0183144,-0.0146523,0.0146523,-0.0109901,-0.0329666,
-4.40492,0.252206,-14.3567,4.74862,-22.3692,28.7083,-2.60193,4.31793,0.732323,0.29427,-4.73749,-0.146515,-15.0916,5.32356,-22.4176,29.4505,-2.93333,5.01197,0.619781,0.197803,-0.0993748,0.16537,-0.610552,0.648317,-1.79503,1.75879,-0.691043,0.654802,7.41035,-3.02033,-0.14608,0.16919,-0.772717,0.704539,-2.04053,2.07757,-0.763563,0.774501,0,0,0.0671558,0.0305252,-0.0793648,0.103785,0.0915756,-0.00610542,-0.00488472,-0.00488472,-0.0109901,-0.0109901,
-5.18194,-0.264062,-15.6605,4.33178,-21.7307,29.2351,-2.63968,4.6361,0.777794,0.309439,-5.22589,-0.0488434,-14.7009,5.03052,-22.0269,28.5714,-2.71453,4.35556,0.672527,0.250549,-0.0947971,0.166896,-0.61017,0.650225,-1.79618,1.75841,-0.691043,0.654802,7.41035,-3.02033,-0.145252,0.1662,-0.783566,0.698559,-2.03946,2.08345,-0.764611,0.78285,0,0,0.213675,0.0671558,0.0183144,0.00610542,-0.054945,0.00610542,-0.00488472,-0.0146523,-0.0109901,-0.0109901,
-4.12538,-0.21616,-15.5644,4.70332,-22.3468,28.934,-2.75529,4.73973,0.841436,0.317892,-4.93285,-0.244202,-15.3846,4.44444,-21.9292,28.7668,-2.63248,4.47863,0.725273,0.250549,-0.0932703,0.167659,-0.61017,0.649843,-1.79694,1.75917,-0.691043,0.654802,7.41035,-3.02033,-0.138904,0.166681,-0.783312,0.701492,-2.04666,2.08209,-0.767823,0.786217,0,0,0.00610542,0.0427341,-0.00610542,-0.0183144,-0.0427341,0.0427341,-0.00488472,-0.00488472,-0.0109901,-0.0109901,
-3.76086,-0.270912,-14.9589,5.32826,-22.2009,28.9211,-2.88747,4.73616,0.917043,0.326554,-4.54213,-0.244202,-15.6777,4.44444,-22.4176,28.7668,-2.75556,4.62906,0.778023,0.276924,-0.0932703,0.168422,-0.610552,0.64908,-1.79694,1.75994,-0.691043,0.654802,7.41035,-3.02033,-0.135261,0.166022,-0.77778,0.707266,-2.04382,2.08271,-0.771495,0.786118,0,0,-0.00610542,0.0183144,-0.0305252,-0.0305252,-0.00610542,0.0427341,-0.00488472,-0.00488472,-0.0109901,-0.0109901,
-3.55239,-0.414142,-14.8253,5.40031,-21.5132,28.9914,-2.85569,4.70564,0.999059,0.332697,-4.24908,-0.341873,-15.58,4.73749,-22.4176,28.7668,-2.85128,4.68376,0.830769,0.276924,-0.0932703,0.168422,-0.610552,0.649462,-1.79732,1.76032,-0.691043,0.654802,7.41035,-3.02033,-0.132945,0.16321,-0.775074,0.709262,-2.03778,2.08224,-0.770612,0.78527,0,0,-0.00610542,-0.0183144,0.00610542,-0.00610542,-0.0427341,-0.00610542,-0.00488472,-0.00488472,-0.0109901,-0.0109901,
-3.27606,-0.680639,-14.2861,5.90607,-21.2414,28.9925,-2.95172,4.73613,1.0907,0.325082,-3.85837,-0.43956,-15.0916,5.03052,-21.9292,28.7668,-2.89231,4.68376,0.936264,0.276924,-0.0932703,0.16804,-0.61017,0.650225,-1.7977,1.7607,-0.691043,0.654802,7.41035,-3.02033,-0.130281,0.160274,-0.768702,0.717272,-2.03352,2.08345,-0.772791,0.786117,0,0,-0.0183144,-0.00610542,0.00610542,0.0427341,0.00610542,0.0183144,0.00488472,-0.00488472,-0.0109901,0.0109901,
-3.11181,-0.736589,-13.2317,6.7661,-20.8161,28.8643,-2.96903,4.65313,1.19643,0.342201,-3.66301,-0.537247,-14.5055,5.42125,-21.5385,28.8645,-2.90598,4.69744,1.01538,0.303295,-0.0932703,0.167659,-0.61017,0.650988,-1.79694,1.7607,-0.691424,0.654802,7.41073,-3.02033,-0.12805,0.158457,-0.757393,0.727184,-2.02681,2.08162,-0.775118,0.783812,0,0,-0.00610542,-0.0305252,-0.00610542,0.0305252,0.0427341,0.00610542,-0.0244198,-0.00488472,-0.0109901,-0.0109901,
-2.92446,-0.468816,-12.7057,7.54959,-20.8662,28.5988,-3.04392,4.69683,1.30581,0.345093,-3.36996,-0.43956,-13.6264,6.39804,-21.2454,28.6691,-2.83761,4.62906,1.12088,0.303295,-0.0932703,0.165751,-0.610552,0.651369,-1.79541,1.76108,-0.692187,0.654802,7.41073,-3.02033,-0.125968,0.156269,-0.751523,0.73505,-2.02462,2.07986,-0.779427,0.785025,0,0,-0.00610542,-0.128204,0.00610542,-0.00610542,0.0793648,0.0305252,-0.0537243,-0.00488472,-0.0109901,-0.0109901,
-2.94935,-0.972709,-12.493,7.93673,-20.3968,29.085,-3.09925,4.83007,1.41328,0.34377,-3.17461,-0.830276,-13.138,7.0818,-21.2454,28.5714,-2.94701,4.65641,1.2,0.303295,-0.0932703,0.164989,-0.61017,0.651369,-1.79427,1.76108,-0.693332,0.654802,7.41073,-3.02033,-0.125837,0.153163,-0.749592,0.739352,-2.01866,2.08404,-0.783085,0.788727,0,0,0.00610542,-0.0305252,-0.0183144,-0.00610542,0.0671558,-0.00610542,-0.0732594,-0.00488472,-0.0109901,-0.0109901,
-2.84326,-1.09186,-12.6486,7.86599,-20.4035,28.5618,-2.99307,4.74249,1.50556,0.334932,-3.07692,-0.830276,-12.9426,7.47253,-20.9524,28.7668,-3.07009,4.72478,1.27912,0.303295,-0.0932703,0.164607,-0.61017,0.651369,-1.79236,1.76108,-0.695239,0.654802,7.4115,-3.02033,-0.124252,0.151051,-0.750507,0.738158,-2.01602,2.07823,-0.782531,0.786294,0,0,0.0183144,-0.0427341,0.00610542,-0.0183144,0.0915756,-0.00610542,-0.0830288,-0.00488472,0.0109901,-0.0109901,
-2.70364,-1.00488,-12.4928,7.80013,-20.3414,28.3329,-2.72759,4.38114,1.3598,0.319697,-2.97925,-0.927963,-12.7473,7.76556,-20.8547,28.4738,-2.90598,4.65641,1.09451,0.303295,-0.0932703,0.1627,-0.609789,0.651369,-1.79007,1.76108,-0.697528,0.655565,7.4176,-3.02033,-0.123921,0.148889,-0.749209,0.738241,-2.01222,2.07528,-0.779888,0.778973,0,0,-0.0183144,-0.0793648,-0.0183144,0.00610542,0.115995,-0.0183144,-0.131868,0.0341873,0.42857,-0.0109901,
-2.64186,-1.23623,-13.3751,6.74181,-20.6559,27.3029,-2.33035,4.05832,1.19026,0.294022,-2.97925,-1.22101,-12.7473,7.66789,-20.6593,28.1807,-2.65983,4.45128,0.962639,0.303295,-0.0932703,0.162318,-0.609789,0.650988,-1.78779,1.7607,-0.700198,0.655947,7.43248,-3.02033,-0.122828,0.147972,-0.758197,0.725286,-2.01424,2.06305,-0.772012,0.768922,0,0,-0.00610542,-0.0183144,0.00610542,-0.0183144,0.0915756,-0.0305252,-0.141636,0.00488472,0.824177,-0.0109901,
-2.59256,-0.928732,-13.4052,6.32203,-21.1248,26.6585,-2.1517,3.59272,1.02839,0.266611,-2.78389,-1.12332,-13.2357,6.88644,-20.8547,27.2039,-2.55043,4.1094,0.883518,0.276924,-0.0932703,0.160792,-0.61017,0.650988,-1.7855,1.7607,-0.702106,0.655947,7.45193,-3.02033,-0.122687,0.147421,-0.760542,0.719808,-2.01716,2.0563,-0.767003,0.756477,0,0,-0.0183144,-0.0915756,-0.0427341,-0.0427341,0.0915756,-0.0183144,-0.102564,0.0146523,1.15385,-0.0109901,
-2.6724,-1.16671,-13.7824,5.43343,-21.3198,26.0772,-1.7288,3.12523,0.901897,0.23633,-2.78389,-1.22101,-13.6264,6.20268,-21.4408,26.6178,-2.16752,3.84957,0.804394,0.250549,-0.0932703,0.160411,-0.610552,0.650225,-1.78397,1.7607,-0.703631,0.656329,7.47826,-3.02033,-0.123574,0.146837,-0.765114,0.709986,-2.01781,2.05024,-0.756782,0.743874,0,0,-0.0183144,-0.0183144,-0.0427341,-0.0183144,0.0915756,-0.00610542,-0.102564,0.0146523,1.37363,-0.0109901,
-2.77012,-1.09296,-14.4183,4.71841,-22.0556,25.5296,-1.34101,2.85526,0.748824,0.203024,-2.88156,-1.31868,-14.0171,5.61661,-21.5385,26.0318,-1.88034,3.24786,0.725273,0.224174,-0.0932703,0.160411,-0.610933,0.650225,-1.78244,1.76032,-0.706302,0.656329,7.51259,-3.02033,-0.124253,0.147656,-0.771747,0.701634,-2.02568,2.04296,-0.749657,0.735398,0,0,-0.00610542,-0.0183144,-0.0183144,-0.0305252,0.054945,-0.0305252,-0.122101,-0.00488472,1.61538,-0.0109901,
-2.95277,-0.869432,-13.8636,5.18529,-22.5977,25.1599,-1.05439,2.30182,0.663359,0.179259,-2.88156,-1.12332,-14.5055,4.83516,-22.4176,25.4457,-1.53846,2.91966,0.672527,0.197803,-0.0932703,0.160029,-0.610552,0.648317,-1.78054,1.76032,-0.707828,0.656329,7.54616,-3.02033,-0.126282,0.149759,-0.765202,0.702472,-2.02857,2.03967,-0.740779,0.720024,0,0,-0.00610542,-0.0183144,-0.0183144,-0.103785,0.0915756,-0.00610542,-0.0732594,-0.00488472,1.72527,-0.0109901,
-3.10713,-0.217087,-13.4253,4.8965,-23.0924,24.6419,-0.847023,1.9293,0.585357,0.158076,-2.88156,-0.732605,-14.1148,4.83516,-22.8083,25.0549,-1.31966,2.4547,0.593407,0.145054,-0.0936518,0.157741,-0.610552,0.647936,-1.77825,1.76032,-0.708591,0.656329,7.58583,-3.02033,-0.128786,0.151462,-0.759925,0.702138,-2.03218,2.03351,-0.734317,0.709677,0,0,-0.0183144,-0.115995,-0.00610542,-0.00610542,0.0793648,-0.0183144,-0.0439568,-0.00488472,1.81319,-0.0109901,
-3.28158,-0.152794,-13.2931,5.1849,-23.4635,24.4796,-0.693706,1.73704,0.540515,0.153928,-3.07692,-0.537247,-13.8217,5.03052,-23.2967,24.4689,-0.950428,1.98974,0.567032,0.118683,-0.0944157,0.156978,-0.610552,0.647173,-1.77672,1.76032,-0.709353,0.656329,7.62245,-3.02033,-0.132302,0.154262,-0.757642,0.702137,-2.03519,2.03211,-0.732286,0.704336,0,0,-0.0427341,-0.0305252,0.0183144,-0.0793648,0.0671558,-0.00610542,-0.0732594,-0.00488472,1.83516,-0.0329666,
-3.08428,0.437841,-13.145,5.62122,-24.2626,24.0297,-0.493083,1.44143,0.508057,0.133809,-2.97925,-0.341873,-13.7241,5.03052,-23.6874,24.3712,-0.731625,1.75727,0.540661,0.118683,-0.096323,0.155451,-0.609026,0.645266,-1.77481,1.76032,-0.711261,0.656711,7.65946,-3.02033,-0.13568,0.158484,-0.753249,0.705078,-2.04135,2.02752,-0.730086,0.696995,0,0,-0.152626,-0.054945,0.054945,-0.0793648,0.0915756,0.00610542,-0.102564,0.00488472,1.83516,-0.0109901,
-3.2185,0.641536,-12.9069,5.34739,-24.1341,23.8477,-0.11177,0.937908,0.472463,0.132077,-2.97925,-0.0488434,-13.3333,5.22589,-24.3712,24.0781,-0.45812,1.37436,0.46154,0.118683,-0.0993748,0.155832,-0.607882,0.644884,-1.77367,1.75994,-0.713931,0.657474,7.70409,-3.02033,-0.14063,0.161943,-0.750681,0.703282,-2.03959,2.02389,-0.723141,0.686213,0,0,-0.164835,-0.0305252,0.0183144,-0.0305252,0.0671558,-0.0305252,-0.122101,0.0537243,1.83516,-0.0109901,
-3.47618,1.08122,-13.3316,4.88294,-24.5448,23.0837,0.020032,0.566424,0.447735,0.132055,-2.97925,0.341873,-13.138,5.42125,-24.3712,23.5897,-0.48547,0.909401,0.487911,0.092308,-0.102427,0.155451,-0.607882,0.64374,-1.77253,1.75994,-0.715075,0.658618,7.73308,-3.02033,-0.145731,0.166854,-0.756214,0.695756,-2.04423,2.01622,-0.716717,0.678992,0,0,-0.140415,-0.0183144,-0.00610542,-0.0671558,0.0305252,-0.00610542,-0.0439568,0.0927963,1.81319,-0.0109901,
-3.60896,1.3981,-14.068,4.23451,-24.5645,22.4009,-0.0302266,0.364167,0.420835,0.14334,-3.17461,0.732605,-13.8217,4.83516,-24.5665,22.906,-0.19829,0.758974,0.46154,0.092308,-0.10586,0.155451,-0.606356,0.642977,-1.77214,1.75994,-0.715075,0.660525,7.77619,-3.02033,-0.151454,0.170782,-0.759207,0.689823,-2.04529,2.00863,-0.715671,0.671862,0,0,-0.164835,-0.00610542,0.103785,-0.00610542,-0.00610542,-0.00610542,0.00488472,0.0244198,1.79121,-0.0109901,
-3.77463,2.12488,-14.3299,4.33639,-25.2253,21.8536,0.00375209,0.218372,0.424913,0.159395,-3.07692,0.927963,-13.8217,4.93285,-24.6642,22.6129,-0.102564,0.649572,0.487911,0.118683,-0.10853,0.155069,-0.605211,0.641451,-1.77214,1.75994,-0.715075,0.660525,7.81128,-3.02033,-0.156372,0.177662,-0.764636,0.686174,-2.05182,2.00255,-0.715216,0.667324,0,0,-0.177046,-0.0305252,-0.00610542,-0.103785,0.0183144,-0.00610542,-0.00488472,0.0146523,1.72527,-0.0109901,
-4.05082,2.99279,-14.9193,3.61142,-24.8716,21.3236,0.211253,-0.0664042,0.421138,0.184035,-3.46764,2.00244,-14.4078,4.34677,-25.2503,21.7338,-0.047863,0.266666,0.487911,0.118683,-0.111963,0.152781,-0.60483,0.639544,-1.77214,1.76032,-0.715075,0.661288,7.84791,-3.02033,-0.162874,0.180946,-0.769583,0.677839,-2.0487,1.99745,-0.70994,0.659688,0,0,-0.177046,-0.152626,0.0305252,-0.054945,-0.00610542,0.00610542,-0.0146523,0.00488472,1.65934,-0.0109901,
-4.21794,3.64603,-15.2127,3.48796,-24.9969,20.8922,0.264489,-0.152209,0.408709,0.21497,-3.56532,2.6862,-14.7985,3.85837,-25.1526,21.3431,0.0888882,0.0615387,0.46154,0.118683,-0.115778,0.149729,-0.60483,0.638399,-1.77214,1.76032,-0.715457,0.661288,7.88071,-3.02033,-0.168952,0.18556,-0.773249,0.67573,-2.05009,1.99225,-0.709331,0.656816,0,0,-0.189255,-0.140415,0.0183144,-0.0427341,-0.00610542,-0.00610542,-0.0244198,-0.00488472,1.61538,-0.0109901,
-4.20896,4.12189,-15.4487,3.32452,-25.3668,19.9386,0.658268,-0.467382,0.440693,0.255225,-3.76068,3.07692,-15.2869,3.36996,-25.348,20.757,0.280342,-0.157265,0.487911,0.171429,-0.119593,0.147821,-0.604067,0.638018,-1.77138,1.76032,-0.716601,0.661288,7.90932,-3.02033,-0.173074,0.189754,-0.774702,0.673939,-2.05222,1.98166,-0.702956,0.64855,0,0,-0.201466,-0.115995,0.0305252,-0.0305252,0.0305252,-0.00610542,-0.0927963,0.00488472,1.50549,-0.0109901,
-4.09122,4.27145,-15.4683,3.4466,-26.1333,19.0227,1.1698,-0.875588,0.448274,0.300076,-3.85837,3.36996,-15.2869,3.56532,-25.7387,20.1709,0.512821,-0.294018,0.435165,0.197803,-0.123789,0.147821,-0.604448,0.636873,-1.76986,1.76032,-0.718891,0.66167,7.94213,-3.02033,-0.175962,0.194671,-0.777742,0.67293,-2.05677,1.97148,-0.692502,0.638569,0,0,-0.201466,-0.0183144,-0.0427341,-0.0671558,0.103785,-0.00610542,-0.122101,0.0244198,1.46154,-0.0109901,
-4.62332,4.50675,-16.1608,2.88749,-26.3807,18.6535,1.10996,-0.809325,0.450165,0.345741,-4.34677,3.76068,-15.58,3.27228,-26.3248,19.0965,0.868376,-0.635897,0.435165,0.224174,-0.125696,0.147821,-0.60483,0.635729,-1.76795,1.76032,-0.720417,0.662051,7.97417,-3.02033,-0.180119,0.197693,-0.785005,0.667609,-2.05883,1.96697,-0.692271,0.638837,0,0,-0.0915756,-0.00610542,-0.0183144,-0.00610542,0.0671558,-0.0183144,-0.0537243,-0.0146523,1.41758,-0.0109901,
-5.09927,4.80511,-16.9099,2.49669,-26.6662,18.4285,1.00487,-0.819838,0.448604,0.391776,-4.83516,4.1514,-16.1661,2.97925,-26.7155,18.6081,0.977777,-0.882051,0.435165,0.276924,-0.126078,0.147821,-0.605211,0.635347,-1.76604,1.75956,-0.720417,0.662051,7.99935,-3.02033,-0.183347,0.201008,-0.793303,0.661664,-2.05928,1.96371,-0.693237,0.639034,0,0,-0.0183144,-0.00610542,-0.00610542,-0.0427341,0.0915756,-0.0183144,-0.0146523,-0.00488472,1.37363,-0.0109901,
-4.74656,5.11832,-16.9534,2.692,-27.4391,17.6666,1.16881,-0.953972,0.441977,0.43938,-4.6398,4.44444,-16.5568,2.88156,-27.2039,18.2173,0.991453,-0.923077,0.487911,0.303295,-0.127222,0.148203,-0.605974,0.633821,-1.76413,1.75956,-0.720798,0.662051,8.02644,-3.02033,-0.183014,0.205277,-0.796177,0.659866,-2.06515,1.95565,-0.689553,0.635308,0,0,-0.0915756,0.00610542,-0.054945,-0.115995,0.115995,-0.00610542,-0.0244198,-0.00488472,1.35165,-0.0109901,
-4.3955,5.27728,-16.8325,3.16671,-27.6467,17.5277,1.31882,-1.17221,0.468643,0.492609,-4.54213,4.93285,-17.1429,2.6862,-27.79,17.6313,1.15556,-1.08718,0.46154,0.356045,-0.131037,0.148203,-0.606737,0.631533,-1.7607,1.75956,-0.721943,0.662814,8.05733,-3.02033,-0.184556,0.206636,-0.793561,0.664073,-2.06321,1.9537,-0.687507,0.631962,0,0,-0.140415,-0.00610542,0.00610542,-0.0793648,0.140415,-0.0183144,-0.0439568,0.0341873,1.26374,-0.0109901,
-4.72572,5.33085,-17.2339,2.77489,-27.9005,17.3937,1.27731,-1.02215,0.442916,0.541229,-4.83516,5.03052,-17.0452,2.78389,-27.8877,17.4359,1.37436,-1.16923,0.46154,0.435165,-0.1318,0.147821,-0.606737,0.63077,-1.75917,1.75956,-0.722706,0.663577,8.07755,-3.02033,-0.185325,0.20685,-0.797615,0.660177,-2.06613,1.95262,-0.689911,0.636405,0,0,-0.0305252,-0.00610542,0.0183144,-0.0427341,0.0915756,-0.00610542,-0.0537243,0.0244198,1.26374,-0.0109901,
-4.88865,5.21844,-17.6129,2.14196,-28.0837,17.4061,1.64063,-1.12465,0.435803,0.588481,-5.03052,5.1282,-17.2405,2.78389,-28.083,17.3382,1.44274,-1.10085,0.46154,0.46154,-0.131418,0.148203,-0.606356,0.630388,-1.75689,1.75879,-0.724995,0.663959,8.10693,-3.02033,-0.185533,0.206389,-0.802258,0.65317,-2.06628,1.95118,-0.686015,0.633451,0,0,0.00610542,0.00610542,-0.00610542,-0.0305252,0.0793648,-0.0305252,-0.131868,0.0146523,1.21978,-0.0109901,
-4.43619,5.2644,-17.3135,2.3733,-28.47,17.3652,1.85612,-1.44655,0.430945,0.636698,-4.83516,5.1282,-17.5336,2.39316,-28.4738,17.2405,1.48376,-1.22393,0.408791,0.514286,-0.132181,0.148203,-0.606737,0.629625,-1.7546,1.75803,-0.728046,0.665103,8.13516,-3.02033,-0.183304,0.206493,-0.800127,0.654164,-2.06788,1.94955,-0.680639,0.628096,0,0,-0.054945,-0.00610542,-0.0305252,-0.054945,0.0915756,-0.0427341,-0.0830288,0.0634918,1.17582,-0.0109901,
-4.22693,5.10746,-17.0541,2.56765,-28.5093,17.5232,1.74032,-1.50896,0.435858,0.685258,-4.73749,5.1282,-17.6313,2.29549,-28.6691,17.1429,1.48376,-1.34701,0.46154,0.540661,-0.133326,0.148203,-0.607119,0.628481,-1.75307,1.75803,-0.728046,0.665866,8.15118,-3.02033,-0.18253,0.205156,-0.798441,0.653551,-2.06679,1.95253,-0.680437,0.627125,0,0,-0.0671558,0.00610542,-0.054945,-0.103785,0.0915756,-0.00610542,-0.0146523,0.0634918,1.10989,-0.0109901,
-4.35664,4.67321,-17.0702,1.80013,-27.8478,17.9101,1.91939,-1.65562,0.410804,0.731323,-4.6398,5.03052,-17.4359,2.10013,-28.6691,17.4359,1.64786,-1.45641,0.46154,0.593407,-0.133326,0.148203,-0.6075,0.628481,-1.75193,1.75765,-0.728046,0.66701,8.17559,-3.02033,-0.182343,0.200331,-0.796965,0.648686,-2.05992,1.95522,-0.674974,0.622242,0,0,-0.0183144,0.00610542,0.00610542,0.00610542,0.0427341,-0.0427341,-0.00488472,0.0244198,1.08791,-0.0109901,
-4.17152,4.50405,-16.529,2.34961,-28.0929,18.2638,1.76451,-1.53607,0.438997,0.776015,-4.54213,4.73749,-17.0452,1.80708,-28.3761,17.6313,1.86667,-1.60684,0.408791,0.646152,-0.133326,0.148203,-0.607882,0.628481,-1.75078,1.75727,-0.728046,0.66701,8.19429,-3.02033,-0.179472,0.198451,-0.792962,0.653977,-2.06028,1.96,-0.679277,0.624586,0,0,0.00610542,0.00610542,-0.0427341,-0.0183144,0.0793648,-0.00610542,-0.00488472,0.00488472,0.978024,-0.0109901,
-3.75506,4.27785,-15.904,2.79582,-28.6635,18.1138,1.83113,-1.49731,0.432073,0.820975,-4.44444,4.54213,-16.8498,1.90475,-28.4738,18.022,1.83932,-1.67521,0.487911,0.698902,-0.133326,0.147821,-0.608644,0.628481,-1.74811,1.75727,-0.728046,0.66701,8.21641,-3.01995,-0.174845,0.19515,-0.78556,0.659342,-2.06395,1.95873,-0.677914,0.625663,0,0,0.00610542,-0.00610542,-0.00610542,-0.00610542,0.0793648,0.00610542,-0.0146523,0.00488472,0.956043,-0.0109901,
-3.7514,3.85264,-16.1547,2.80455,-28.5428,19.2401,1.88529,-1.41582,0.432702,0.859077,-4.1514,4.24908,-16.3614,2.39316,-28.6691,18.022,1.96239,-1.53846,0.408791,0.751648,-0.132944,0.147821,-0.608263,0.628481,-1.74697,1.75727,-0.729954,0.667773,8.23854,-3.01995,-0.17483,0.190832,-0.786742,0.659846,-2.06309,1.97084,-0.683201,0.629178,0,0,-0.00610542,0.00610542,0.0305252,0.00610542,0.0305252,-0.00610542,-0.112331,0.0146523,0.912086,-0.0109901,
-3.52394,3.9081,-16.1536,2.78263,-28.8992,19.5787,1.96321,-1.44145,0.469282,0.889056,-3.85837,4.1514,-16.1661,2.6862,-28.8645,18.9011,1.85299,-1.51111,0.46154,0.804394,-0.132944,0.147058,-0.608263,0.628099,-1.74582,1.75689,-0.731861,0.667773,8.25799,-3.01995,-0.172709,0.18865,-0.787951,0.658407,-2.06509,1.97422,-0.681967,0.627977,0,0,-0.0183144,-0.054945,-0.00610542,-0.0183144,0.054945,-0.00610542,-0.0927963,0.00488472,0.824177,-0.0109901,
-3.25964,3.98366,-15.719,3.12296,-29.0496,19.6473,2.03139,-1.54407,0.432611,0.904792,-3.76068,3.85837,-16.2637,2.58852,-29.0598,19.3895,1.78461,-1.56581,0.46154,0.830769,-0.132944,0.145151,-0.608644,0.628099,-1.74506,1.75727,-0.732624,0.668155,8.26982,-3.01995,-0.169366,0.185954,-0.783504,0.662189,-2.066,1.97577,-0.679371,0.625996,0,0,-0.00610542,-0.103785,-0.00610542,-0.0183144,0.054945,0.00610542,-0.0634918,0.0146523,0.89011,0.0109901,
-3.25796,3.34,-16.2676,3.04195,-29.2553,20.659,1.68216,-1.21468,0.495953,0.937801,-3.56532,3.66301,-16.0684,2.78389,-29.1575,19.4872,1.96239,-1.56581,0.46154,0.857143,-0.132944,0.145151,-0.608263,0.628099,-1.74468,1.75727,-0.733768,0.668536,8.2908,-3.01995,-0.169347,0.182466,-0.788404,0.661695,-2.06953,1.98661,-0.689728,0.634551,0,0,-0.00610542,0.00610542,0.0183144,-0.00610542,0.00610542,-0.00610542,-0.0537243,-0.00488472,0.78022,-0.0109901,
-2.95609,3.42557,-16.3465,2.91911,-29.3471,20.7076,1.453,-1.10513,0.516456,0.950258,-3.46764,3.66301,-16.2637,2.88156,-29.2552,20.0733,1.78461,-1.48376,0.435165,0.883518,-0.132944,0.144388,-0.608263,0.628099,-1.74468,1.75727,-0.733768,0.668536,8.30148,-3.01995,-0.165993,0.180619,-0.789687,0.660331,-2.07055,1.98796,-0.69414,0.637594,0,0,-0.00610542,-0.054945,0.00610542,-0.00610542,0.00610542,0.0183144,-0.0146523,-0.00488472,0.78022,-0.0109901,
-2.66798,3.35005,-15.8431,3.5817,-28.9951,21.1315,1.48678,-1.18668,0.565199,0.958888,-3.27228,3.36996,-16.3614,2.78389,-29.3529,20.5617,1.48376,-1.31966,0.487911,0.909889,-0.132944,0.142481,-0.608644,0.628099,-1.74468,1.75765,-0.734913,0.669299,8.3217,-3.01995,-0.163606,0.177872,-0.784883,0.667286,-2.06786,1.99224,-0.695811,0.638045,0,0,-0.0305252,-0.054945,-0.00610542,-0.0183144,-0.0305252,-0.00610542,-0.0439568,0.0341873,0.758244,-0.0109901,
-2.44953,3.15259,-15.8719,3.89807,-29.4642,20.9911,1.45932,-1.00053,0.612562,0.96663,-2.97925,3.27228,-16.1661,3.17461,-29.1575,20.6593,1.55214,-1.21026,0.487911,0.909889,-0.132944,0.142099,-0.608263,0.628481,-1.74506,1.75879,-0.736057,0.670444,8.3381,-3.01995,-0.159958,0.175704,-0.784821,0.671589,-2.07305,1.99467,-0.699183,0.644849,0,0,0.00610542,-0.0427341,-0.00610542,-0.00610542,-0.0183144,0.0793648,-0.0732594,0.0439568,0.758244,-0.0109901,
-2.03147,3.16034,-15.0503,4.77265,-29.2316,21.1312,1.43431,-0.849697,0.649848,0.972952,-2.78389,3.27228,-15.9707,3.56532,-29.5482,20.757,1.36068,-1.04615,0.514286,0.936264,-0.132944,0.140574,-0.608644,0.628099,-1.74544,1.76032,-0.73682,0.670444,8.35374,-3.01995,-0.15572,0.17345,-0.776073,0.680925,-2.07085,1.99694,-0.698199,0.646597,0,0,-0.00610542,-0.0671558,-0.00610542,-0.00610542,-0.0183144,0.054945,-0.0244198,-0.00488472,0.802197,-0.0109901,
-1.97451,2.76191,-15.1092,5.03856,-28.7879,21.9885,1.25137,-0.622278,0.683916,0.984255,-2.49084,2.97925,-15.58,4.05373,-29.3529,20.8547,1.33333,-0.923077,0.514286,0.936264,-0.132944,0.140574,-0.608644,0.628481,-1.7462,1.76108,-0.737202,0.670444,8.37015,-3.01995,-0.155494,0.170651,-0.776728,0.684261,-2.06749,2.00682,-0.703662,0.653402,0,0,-0.0183144,-0.0183144,-0.00610542,-0.00610542,-0.0427341,0.0427341,-0.0244198,0.00488472,0.846153,-0.0329666,
-1.91949,2.59462,-15.456,5.04379,-28.6943,22.1902,0.990063,-0.394171,0.731563,0.962607,-2.29549,2.78389,-15.2869,4.83516,-28.8645,21.6361,1.25128,-0.827351,0.567032,0.936264,-0.132563,0.140192,-0.608263,0.628862,-1.74697,1.76184,-0.737583,0.670825,8.38579,-3.01995,-0.153687,0.168411,-0.779792,0.684294,-2.06762,2.01023,-0.710326,0.661097,0,0,0.00610542,-0.0183144,0.00610542,-0.0183144,-0.054945,0.054945,-0.00488472,0.0244198,0.868134,-0.0109901,
-1.69502,2.58243,-14.7714,5.48523,-27.9172,22.364,1.10846,-0.721904,0.744434,0.946812,-2.1978,2.6862,-15.4823,4.83516,-28.7668,21.9292,1.0735,-0.731625,0.593407,0.936264,-0.132181,0.139429,-0.608263,0.628862,-1.74849,1.76299,-0.737583,0.672732,8.40639,-3.01957,-0.151218,0.165884,-0.773,0.69042,-2.06052,2.01331,-0.707525,0.657808,0,0,-0.00610542,-0.0671558,-0.0183144,0.0183144,-0.054945,0.054945,-0.0146523,0.102564,0.956043,-0.0109901,
-1.43671,2.65196,-14.4995,5.85789,-28.1115,21.9522,1.49151,-0.684902,0.765793,0.929148,-2.00244,2.6862,-15.1893,5.1282,-28.2784,22.0269,1.10085,-0.581196,0.619781,0.909889,-0.132563,0.137522,-0.608644,0.628862,-1.74887,1.76451,-0.738728,0.674258,8.4266,-3.01957,-0.149137,0.163935,-0.769954,0.69334,-2.06224,2.01148,-0.699983,0.656943,0,0,-0.0183144,-0.0915756,-0.00610542,-0.0183144,-0.0305252,0.0915756,-0.0537243,0.0341873,1.02198,-0.0109901,
-1.54349,2.50179,-14.253,6.00303,-27.8791,22.3865,1.42329,-0.537022,0.765903,0.908656,-1.7094,2.58852,-14.7009,5.51892,-28.083,21.8315,1.23761,-0.649572,0.646152,0.909889,-0.132563,0.136377,-0.608644,0.629244,-1.74964,1.76604,-0.739109,0.674258,8.45064,-3.01995,-0.149102,0.161936,-0.767215,0.696148,-2.06083,2.01661,-0.700306,0.659097,0,0,0.0183144,-0.0671558,-0.00610542,0.00610542,-0.0427341,0.054945,-0.0146523,-0.00488472,1.10989,-0.0109901,
-1.58215,2.28435,-14.3653,5.85435,-27.3274,22.8379,1.40303,-0.509975,0.747941,0.865588,-1.7094,2.39316,-14.5055,5.81197,-27.8877,22.2222,1.31966,-0.622223,0.672527,0.883518,-0.132563,0.135614,-0.608263,0.629244,-1.75078,1.7668,-0.739109,0.674258,8.472,-3.01995,-0.150346,0.159979,-0.767266,0.694496,-2.05584,2.02198,-0.70038,0.659848,0,0,-0.00610542,-0.0305252,0.0183144,0.00610542,-0.0427341,0.0427341,-0.00488472,-0.00488472,1.1978,0.0109901,
-1.57403,2.13695,-14.3549,5.58387,-27.2443,22.7149,1.67168,-0.675149,0.735179,0.839422,-1.7094,2.29549,-14.4078,5.81197,-27.79,22.4176,1.33333,-0.594872,0.619781,0.857143,-0.132563,0.135614,-0.608644,0.629244,-1.75116,1.7668,-0.739109,0.674258,8.49756,-3.01995,-0.150255,0.159155,-0.76794,0.69149,-2.0549,2.0194,-0.692918,0.65526,0,0,-0.00610542,-0.00610542,0.00610542,0.00610542,-0.0305252,0.00610542,-0.00488472,-0.00488472,1.26374,-0.0109901,
-1.47615,2.26987,-13.9477,5.72506,-27.5517,21.9477,1.94778,-0.888325,0.695688,0.80703,-1.80708,2.10013,-14.5055,5.61661,-27.4969,22.5153,1.47009,-0.622223,0.619781,0.830769,-0.132563,0.135233,-0.608644,0.629244,-1.75154,1.76795,-0.739109,0.674258,8.52731,-3.01995,-0.148761,0.159436,-0.763822,0.692245,-2.05869,2.01283,-0.685248,0.649338,0,0,0.00610542,-0.0305252,-0.00610542,-0.0183144,-0.0305252,0.0305252,-0.00488472,-0.00488472,1.37363,-0.0109901,
-1.41075,2.38525,-14.0741,5.30155,-27.9048,21.5688,2.1421,-1.03205,0.651217,0.774727,-1.7094,2.1978,-14.3101,5.61661,-27.6923,21.7338,1.88034,-0.868376,0.567032,0.778023,-0.132563,0.13447,-0.608263,0.629244,-1.75193,1.76871,-0.739109,0.674258,8.56165,-3.01995,-0.148441,0.159141,-0.764845,0.687946,-2.063,2.00979,-0.67985,0.645346,0,0,-0.00610542,-0.054945,-0.00610542,-0.00610542,-0.0305252,0.0427341,-0.00488472,-0.00488472,1.46154,-0.0109901,
-1.64932,2.39778,-14.2255,4.84089,-27.5466,21.6584,2.38114,-1.29322,0.639107,0.739995,-1.61172,2.1978,-14.2124,5.22589,-27.8877,21.5385,2.05812,-1.00513,0.567032,0.751648,-0.132563,0.133326,-0.608263,0.628862,-1.75231,1.76909,-0.739109,0.674258,8.58263,-3.01995,-0.151092,0.15895,-0.766527,0.681633,-2.05981,2.01035,-0.67321,0.638091,0,0,-0.00610542,-0.0305252,-0.00610542,-0.0305252,-0.0427341,0.0183144,-0.00488472,-0.00488472,1.46154,-0.0109901,
-1.78375,2.5358,-14.3287,4.32701,-27.4674,21.2626,2.69248,-1.58026,0.57088,0.705717,-1.61172,2.1978,-14.3101,4.93285,-27.6923,21.4408,2.24957,-1.23761,0.567032,0.725273,-0.132563,0.132944,-0.607882,0.628862,-1.75383,1.76909,-0.739109,0.674258,8.61658,-3.01995,-0.152993,0.160102,-0.767293,0.677551,-2.06045,2.00555,-0.664562,0.630118,0,0,-0.0183144,-0.0305252,-0.00610542,0.0183144,-0.0427341,0.00610542,-0.00488472,-0.00488472,1.54945,-0.0109901,
-1.54453,2.65816,-14.096,4.19241,-28.3215,19.7758,3.2584,-2.00795,0.529785,0.666799,-1.80708,2.1978,-14.4078,4.34677,-27.6923,21.0501,2.59145,-1.53846,0.514286,0.698902,-0.132944,0.132944,-0.608644,0.628862,-1.75383,1.76986,-0.739109,0.674258,8.65434,-3.01995,-0.151123,0.162276,-0.765877,0.675241,-2.06872,1.9906,-0.648842,0.618238,0,0,-0.0305252,-0.00610542,-0.0183144,-0.00610542,-0.00610542,0.0305252,-0.00488472,-0.00488472,1.59341,0.0109901,
-1.74509,2.8386,-14.3049,4.07182,-28.8479,19.5292,3.41338,-2.14191,0.506193,0.661661,-1.90475,2.29549,-14.4078,4.05373,-28.2784,19.8779,3.05641,-1.94872,0.514286,0.672527,-0.132944,0.133326,-0.608644,0.628862,-1.75422,1.77024,-0.739109,0.674258,8.68944,-3.01995,-0.152538,0.164662,-0.767792,0.673901,-2.07536,1.98702,-0.644537,0.614516,0,0,-0.00610542,-0.00610542,-0.00610542,-0.00610542,-0.0183144,-0.00610542,-0.00488472,-0.00488472,1.59341,-0.0109901,
-2.0778,3.1601,-14.8883,3.35184,-28.8447,19.353,3.36536,-2.17856,0.480545,0.644932,-1.80708,2.49084,-14.5055,4.05373,-28.7668,19.4872,3.30256,-2.14017,0.514286,0.646152,-0.132944,0.133326,-0.608263,0.628481,-1.75498,1.77062,-0.739109,0.674258,8.72072,-3.01995,-0.156641,0.167827,-0.773892,0.665113,-2.0769,1.98545,-0.645871,0.613498,0,0,-0.0183144,-0.0183144,-0.00610542,-0.0183144,-0.0427341,-0.00610542,-0.00488472,-0.00488472,1.57143,-0.0109901,
-2.28095,3.53327,-15.0502,3.13237,-29.15,18.5747,3.42285,-2.33133,0.460222,0.634402,-2.00244,2.78389,-14.8962,3.46764,-28.9621,19.1941,3.34359,-2.20855,0.487911,0.619781,-0.132944,0.133326,-0.607882,0.628481,-1.75574,1.77024,-0.739109,0.674258,8.75505,-3.01995,-0.158899,0.172381,-0.77531,0.662675,-2.08065,1.97683,-0.644274,0.609255,0,0,-0.0183144,-0.00610542,-0.00610542,-0.0183144,-0.0305252,0.00610542,-0.00488472,-0.00488472,1.54945,-0.0109901,
-2.21011,3.85961,-15.0872,2.98597,-29.6165,17.5982,3.67394,-2.5314,0.44546,0.63196,-2.29549,2.97925,-15.0916,2.97925,-29.2552,18.6081,3.30256,-2.31795,0.487911,0.593407,-0.133326,0.133326,-0.608263,0.628099,-1.75574,1.77024,-0.739109,0.674258,8.77947,-3.01995,-0.159307,0.176007,-0.776102,0.66148,-2.08542,1.96557,-0.637299,0.603697,0,0,-0.0427341,-0.00610542,-0.00610542,0.00610542,-0.0183144,-0.00610542,-0.00488472,-0.00488472,1.52747,-0.0109901,
-2.62903,4.31327,-15.5966,2.67466,-30.0356,17.2414,3.60307,-2.51742,0.440629,0.633122,-2.39316,3.46764,-15.1893,2.88156,-29.6459,18.022,3.46667,-2.44102,0.514286,0.593407,-0.133326,0.133326,-0.608263,0.628481,-1.75574,1.77024,-0.739109,0.674258,8.81266,-3.01995,-0.162741,0.18064,-0.78217,0.657996,-2.09008,1.9612,-0.639268,0.604086,0,0,-0.00610542,-0.0183144,-0.0183144,-0.00610542,-0.0183144,-0.0183144,-0.00488472,-0.00488472,1.48352,-0.0109901,
-2.95687,4.66568,-16.0813,2.33699,-30.0888,16.851,3.33714,-2.38783,0.449576,0.625764,-2.49084,3.76068,-15.58,2.78389,-29.9389,17.1429,3.58974,-2.5641,0.514286,0.593407,-0.133707,0.133326,-0.608263,0.628099,-1.75612,1.77024,-0.739109,0.674258,8.84432,-3.01995,-0.166765,0.184963,-0.787148,0.653862,-2.09146,1.95686,-0.646655,0.607685,0,0,-0.00610542,-0.00610542,-0.00610542,-0.00610542,-0.0305252,-0.0183144,-0.00488472,-0.00488472,1.41758,0.0109901,
-2.87226,5.02281,-16.2606,2.25334,-30.3406,16.1847,3.22555,-2.38349,0.440239,0.646714,-2.58852,4.1514,-15.873,2.49084,-30.232,16.9475,3.42564,-2.52308,0.435165,0.593407,-0.13447,0.133707,-0.608263,0.628099,-1.75612,1.76986,-0.739109,0.674258,8.8695,-3.01995,-0.168623,0.189313,-0.789547,0.652933,-2.09304,1.94907,-0.649755,0.607806,0,0,-0.0671558,-0.00610542,-0.0183144,-0.00610542,0.00610542,-0.0183144,-0.00488472,-0.00488472,1.3956,-0.0109901,
-3.15218,5.29211,-16.3923,2.29478,-29.7288,16.2444,2.98148,-2.28587,0.439675,0.67493,-2.88156,4.73749,-16.4591,2.10013,-30.4274,16.0684,3.22051,-2.4547,0.435165,0.593407,-0.136759,0.133707,-0.608644,0.628099,-1.7565,1.76947,-0.739109,0.674258,8.90192,-3.01995,-0.173615,0.192305,-0.790578,0.653393,-2.08744,1.94854,-0.656534,0.610518,0,0,-0.054945,-0.00610542,0.00610542,-0.00610542,-0.0183144,-0.0427341,-0.00488472,-0.00488472,1.35165,-0.0329666,
-3.226,5.64417,-16.6346,2.06211,-29.8084,15.5635,2.92178,-2.23531,0.467203,0.693309,-2.97925,5.03052,-16.5568,2.10013,-30.0366,15.9707,3.00171,-2.35897,0.46154,0.619781,-0.137522,0.133707,-0.608644,0.628099,-1.7565,1.76947,-0.739109,0.674258,8.9229,-3.01995,-0.176419,0.196217,-0.794084,0.650808,-2.08791,1.9422,-0.658681,0.611922,0,0,-0.0915756,-0.00610542,-0.0183144,-0.00610542,-0.00610542,-0.00610542,-0.0146523,-0.00488472,1.26374,-0.0329666,
-3.36904,5.92368,-16.4796,2.48641,-29.4588,15.5665,2.67814,-2.13174,0.461476,0.705699,-3.27228,5.22589,-16.7521,2.00244,-29.9389,15.58,2.82393,-2.27692,0.46154,0.646152,-0.139048,0.133707,-0.608644,0.628099,-1.7565,1.76909,-0.739109,0.674258,8.94846,-3.01995,-0.179534,0.199322,-0.791955,0.655116,-2.08403,1.94144,-0.664961,0.614799,0,0,-0.0915756,-0.00610542,-0.00610542,-0.0183144,-0.00610542,-0.0183144,-0.00488472,-0.00488472,1.24176,-0.0109901,
-3.61374,6.01554,-16.508,2.4269,-28.8624,15.871,2.59322,-2.06498,0.449493,0.730284,-3.27228,5.51892,-16.7521,2.10013,-29.6459,15.4823,2.70086,-2.19487,0.487911,0.646152,-0.140574,0.134089,-0.608644,0.628099,-1.7565,1.76833,-0.739109,0.67464,8.97593,-3.01995,-0.183779,0.201131,-0.791863,0.656083,-2.0774,1.94284,-0.667319,0.617035,0,0,-0.0915756,0.00610542,0.00610542,0.0305252,-0.00610542,-0.054945,-0.00488472,-0.00488472,1.21978,-0.0109901,
-4.25159,6.30387,-16.8365,2.26775,-28.3693,16.4622,2.53315,-2.05117,0.455306,0.755092,-3.76068,5.81197,-16.5568,2.1978,-29.1575,15.7753,2.55043,-2.20855,0.435165,0.672527,-0.141336,0.134089,-0.608644,0.628481,-1.7565,1.7668,-0.739491,0.675021,8.99691,-3.01995,-0.189187,0.203928,-0.795921,0.654289,-2.07152,1.94748,-0.669369,0.619265,0,0,-0.0183144,-0.00610542,-0.00610542,0.0183144,0.00610542,-0.0671558,-0.00488472,0.0244198,1.15385,-0.0109901,
-4.1117,6.55923,-16.7934,2.724,-28.7389,16.4862,2.30013,-1.84412,0.44145,0.783255,-3.95604,6.00732,-16.8498,2.29549,-28.8645,16.0684,2.53675,-2.22222,0.487911,0.698902,-0.142099,0.134089,-0.608644,0.628481,-1.75612,1.76604,-0.739491,0.675784,9.02209,-3.01995,-0.189616,0.206765,-0.795035,0.658951,-2.07483,1.94739,-0.676331,0.626268,0,0,-0.054945,-0.00610542,0.00610542,0.00610542,0.0183144,-0.054945,-0.0146523,0.0341873,1.13187,-0.0109901,
-3.82451,6.55866,-16.3078,3.22684,-28.7062,16.7243,2.10996,-1.69437,0.438527,0.815656,-4.1514,6.20268,-16.9475,2.39316,-28.9621,16.4591,2.37265,-1.96239,0.46154,0.725273,-0.144007,0.134089,-0.608644,0.628481,-1.75498,1.7649,-0.739491,0.676547,9.04612,-3.01995,-0.189147,0.206759,-0.789639,0.664945,-2.07292,1.94889,-0.681613,0.630214,0,0,-0.0793648,-0.00610542,0.00610542,0.0183144,0.0305252,-0.054945,-0.0146523,0.0146523,1.08791,-0.0109901,
-4.24601,6.43957,-16.6263,2.70195,-28.3652,17.1925,2.33392,-1.817,0.415621,0.83013,-4.24908,6.39804,-16.6544,2.88156,-28.8645,16.5568,2.20855,-1.90769,0.408791,0.751648,-0.144007,0.134089,-0.608644,0.628481,-1.7546,1.76375,-0.740635,0.67731,9.06748,-3.01995,-0.190981,0.205436,-0.793585,0.658706,-2.06916,1.95335,-0.678978,0.630012,0,0,0.00610542,-0.00610542,-0.00610542,0.00610542,0.0183144,-0.0427341,-0.0634918,0.0634918,1.06593,0.0109901,
-4.29173,6.28595,-16.5349,2.55476,-28.1604,17.7055,2.19601,-1.92974,0.402564,0.868724,-4.34677,6.20268,-16.6544,2.78389,-28.6691,17.1429,2.14017,-1.96239,0.435165,0.778023,-0.143625,0.13447,-0.608644,0.628862,-1.75422,1.76299,-0.741016,0.679217,9.08618,-3.01995,-0.190701,0.204517,-0.793383,0.657859,-2.06691,1.95748,-0.680749,0.630253,0,0,0.0183144,0.00610542,-0.0305252,0.0183144,0.00610542,-0.0671558,-0.0146523,0.0927963,1.02198,-0.0109901,
-4.06474,6.16559,-16.1686,3.02559,-28.1088,17.9434,2.17551,-1.78279,0.415382,0.900591,-4.34677,6.10501,-16.8498,2.58852,-28.4738,17.4359,2.15385,-1.82564,0.46154,0.830769,-0.144007,0.134851,-0.608644,0.628481,-1.75345,1.76184,-0.741016,0.67998,9.11135,-3.01995,-0.188967,0.203155,-0.788092,0.661488,-2.06475,1.9602,-0.68083,0.630214,0,0,0.00610542,-0.00610542,0.00610542,-0.0183144,0.0305252,-0.0305252,-0.00488472,-0.00488472,0.934067,-0.0109901,
-3.88955,5.87251,-16.0932,3.01412,-28.5267,18.1907,2.13937,-1.67324,0.405067,0.929882,-4.34677,6.00732,-16.4591,2.78389,-28.2784,17.7289,2.1265,-1.83932,0.382416,0.830769,-0.143625,0.134851,-0.608644,0.628099,-1.75307,1.76184,-0.741016,0.67998,9.12585,-3.01995,-0.186232,0.200305,-0.787254,0.660979,-2.06861,1.96335,-0.681834,0.633257,0,0,0.0183144,0.00610542,0.00610542,-0.0183144,0.0427341,-0.0183144,-0.00488472,-0.00488472,0.89011,-0.0109901,
-3.74453,5.28297,-15.9211,2.71606,-27.8784,18.8225,2.11984,-1.82321,0.406756,0.955203,-4.1514,5.61661,-16.2637,2.88156,-28.4738,18.022,2.03077,-1.78461,0.46154,0.883518,-0.143244,0.135996,-0.608263,0.628099,-1.75307,1.76146,-0.741016,0.680362,9.14683,-3.01995,-0.185053,0.19612,-0.784961,0.657667,-2.06303,1.96958,-0.682376,0.63045,0,0,-0.00610542,0.0427341,0.00610542,-0.0183144,-0.00610542,-0.0305252,-0.00488472,0.0146523,0.824177,-0.0109901,
-3.57419,5.1268,-15.7176,2.37593,-27.5195,18.9371,2.37084,-2.1047,0.40061,0.976295,-3.95604,5.42125,-16.0684,2.58852,-28.083,18.5104,2.07179,-1.81197,0.382416,0.909889,-0.143244,0.135996,-0.608263,0.628099,-1.75307,1.76146,-0.741016,0.680743,9.16476,-3.01995,-0.183161,0.19235,-0.783106,0.654295,-2.05945,1.97208,-0.675404,0.622035,0,0,-0.00610542,-0.0183144,-0.00610542,-0.00610542,-0.0183144,0.00610542,-0.00488472,-0.00488472,0.78022,-0.0109901,
-3.3942,4.75884,-15.5665,2.47761,-27.4819,19.5554,2.40018,-2.19596,0.42586,0.995726,-3.85837,5.1282,-15.9707,2.39316,-27.8877,18.7057,2.1812,-1.98974,0.487911,0.909889,-0.143244,0.135996,-0.608644,0.628481,-1.75345,1.76108,-0.741016,0.680743,9.17811,-3.01995,-0.181161,0.188668,-0.781809,0.655806,-2.05942,1.97816,-0.674589,0.6195,0,0,-0.00610542,-0.00610542,-0.00610542,-0.00610542,-0.0183144,-0.00610542,-0.00488472,-0.00488472,0.692307,-0.0109901,
-3.13998,4.48881,-15.5428,2.72678,-27.8863,20.0461,2.33894,-2.15904,0.425498,1.01241,-3.66301,4.83516,-15.7753,2.29549,-27.79,19.2918,2.35897,-2.20855,0.435165,0.936264,-0.143244,0.135996,-0.608263,0.628099,-1.75345,1.76146,-0.741016,0.680743,9.19413,-3.01957,-0.178336,0.185668,-0.781165,0.658193,-2.0635,1.98359,-0.67629,0.620526,0,0,-0.00610542,-0.00610542,-0.00610542,-0.00610542,-0.00610542,-0.0183144,-0.00488472,-0.00488472,0.67033,-0.0109901,
-2.92578,4.23999,-15.5008,2.91526,-28.0972,20.5425,2.21647,-2.06564,0.433191,1.01178,-3.46764,4.44444,-15.7753,2.49084,-27.8877,19.6825,2.30427,-2.22222,0.435165,0.962639,-0.142862,0.135996,-0.608263,0.628099,-1.75345,1.76146,-0.741398,0.680743,9.20558,-3.01957,-0.175574,0.182903,-0.780698,0.659881,-2.06585,1.98951,-0.680074,0.62312,0,0,-0.00610542,-0.00610542,-0.00610542,-0.0183144,-0.00610542,-0.00610542,-0.00488472,-0.00488472,0.64835,0.0109901,
-2.93484,4.07357,-15.5011,3.17087,-28.0519,21.1378,2.0215,-1.93031,0.489681,0.992889,-3.27228,4.24908,-15.6777,2.58852,-28.1807,20.2686,2.22222,-2.1265,0.435165,0.936264,-0.142099,0.135614,-0.608263,0.628099,-1.75345,1.76146,-0.741016,0.680743,9.21969,-3.01919,-0.173691,0.180266,-0.780294,0.662721,-2.06575,1.99612,-0.685108,0.626879,0,0,0.0305252,-0.0183144,0.00610542,-0.0183144,-0.0183144,-0.00610542,-0.00488472,-0.00488472,0.56044,0.0549469,
-2.95434,3.7576,-15.3753,3.31098,-27.9333,21.5251,1.98636,-1.90103,0.514783,0.9411,-3.36996,3.95604,-15.58,2.88156,-28.1807,20.8547,1.98974,-2.00342,0.435165,0.857143,-0.140955,0.135614,-0.608263,0.628099,-1.75345,1.76146,-0.741016,0.680743,9.22999,-3.01652,-0.171136,0.177569,-0.779711,0.665499,-2.06484,2.00083,-0.686084,0.627693,0,0,0.0793648,0.00610542,-0.0183144,0.0183144,-0.0305252,0.00610542,-0.00488472,-0.00488472,0.56044,0.142857,
-2.55478,3.5752,-15.3692,3.6285,-28.1489,21.6655,2.05463,-1.86393,0.605291,0.804185,-3.07692,3.85837,-15.58,2.97925,-28.1807,21.1477,1.90769,-1.96239,0.514286,0.725273,-0.139811,0.135614,-0.608263,0.628099,-1.75383,1.76184,-0.741016,0.680743,9.24144,-3.00965,-0.16718,0.175135,-0.779642,0.66862,-2.06721,2.00318,-0.684188,0.628723,0,0,0.0305252,-0.00610542,-0.0183144,0.00610542,-0.0183144,0.0183144,-0.00488472,-0.00488472,0.472527,0.362637,
-2.22007,3.36051,-15.2276,4.33159,-27.9632,22.4611,1.90849,-1.6957,0.609638,0.6863,-2.88156,3.46764,-15.58,3.46764,-28.2784,21.5385,2.00342,-1.92137,0.514286,0.698902,-0.139811,0.135614,-0.608263,0.628099,-1.75422,1.76223,-0.741016,0.680743,9.25212,-2.99935,-0.164682,0.172343,-0.777662,0.675618,-2.06553,2.01159,-0.688247,0.633396,0,0,-0.00610542,-0.0183144,-0.00610542,-0.0183144,-0.0183144,-0.00610542,-0.00488472,-0.00488472,0.56044,0.516483,
-2.19689,3.05557,-15.4315,4.40587,-27.5956,23.0272,1.77622,-1.47806,0.728157,0.604071,-2.6862,3.27228,-15.4823,3.56532,-28.083,21.7338,1.98974,-1.85299,0.514286,0.593407,-0.139429,0.135614,-0.608263,0.628481,-1.7546,1.76223,-0.741016,0.680743,9.26089,-2.98943,-0.163228,0.168955,-0.77952,0.677232,-2.06223,2.01829,-0.691921,0.639442,0,0,0.0183144,-0.0183144,0.00610542,-0.00610542,-0.0305252,0.00610542,-0.00488472,-0.00488472,0.45055,0.582417,
-2.13704,2.79819,-15.405,4.4936,-27.4954,23.0865,1.7523,-1.32024,0.777523,0.501068,-2.6862,2.97925,-15.4823,4.1514,-27.79,22.7106,1.78461,-1.60684,0.619781,0.540661,-0.137522,0.135233,-0.608263,0.628862,-1.75536,1.76261,-0.741016,0.680743,9.27462,-2.97417,-0.159435,0.16612,-0.780447,0.678588,-2.06188,2.01973,-0.692586,0.643826,0,0,0.054945,-0.00610542,-0.0305252,-0.00610542,-0.0305252,0.0183144,-0.00488472,-0.00488472,0.494507,0.67033,
-1.56211,2.61538,-14.8367,5.19701,-27.5614,22.7887,1.8229,-1.18272,0.758652,0.460353,-2.39316,2.78389,-15.58,4.34677,-27.6923,22.7106,1.68889,-1.40171,0.619781,0.540661,-0.13714,0.135233,-0.608644,0.628481,-1.75574,1.76337,-0.741016,0.680743,9.28531,-2.96349,-0.154294,0.164089,-0.774107,0.685615,-2.06259,2.01882,-0.690624,0.647646,0,0,0.00610542,-0.00610542,-0.0183144,-0.0183144,-0.0183144,0.0671558,-0.00488472,-0.00488472,0.67033,0.64835,
-1.8084,2.52236,-14.5654,5.51434,-27.5656,22.8515,1.93323,-1.02924,0.795319,0.462339,-2.29549,2.58852,-15.1893,4.73749,-27.79,22.5153,1.78461,-1.27863,0.593407,0.487911,-0.134851,0.134851,-0.608644,0.628481,-1.75574,1.76528,-0.741016,0.680743,9.30209,-2.94823,-0.151485,0.16186,-0.770686,0.689955,-2.06264,2.02061,-0.68756,0.651909,0,0,0.103785,-0.0305252,-0.00610542,0.00610542,-0.0183144,0.0427341,-0.00488472,-0.00488472,0.736263,0.56044,
-1.82468,2.18117,-14.738,5.21313,-26.966,23.4222,1.96914,-1.0254,0.816692,0.413572,-2.10013,2.39316,-14.8962,5.03052,-27.5946,22.5153,1.83932,-1.16923,0.646152,0.435165,-0.133707,0.134851,-0.608644,0.628862,-1.75612,1.76604,-0.741016,0.680743,9.31659,-2.93755,-0.151336,0.158883,-0.773417,0.68699,-2.05717,2.02731,-0.686562,0.652016,0,0,0.0793648,-0.00610542,-0.0305252,0.00610542,-0.0427341,0.0305252,-0.00488472,-0.00488472,0.802197,0.56044,
-1.59026,2.19758,-14.7994,5.28251,-26.6109,23.6799,1.83315,-0.845158,0.776398,0.386096,-1.90475,2.29549,-14.8962,5.22589,-27.0085,23.1013,1.92137,-1.0735,0.619781,0.46154,-0.132563,0.134089,-0.608644,0.628862,-1.75765,1.76719,-0.741016,0.681125,9.33719,-2.92535,-0.150436,0.157082,-0.773693,0.686946,-2.05597,2.03131,-0.69034,0.657404,0,0,-0.00610542,-0.0427341,-0.0183144,-0.0183144,-0.0793648,0.0305252,-0.00488472,-0.00488472,0.956043,0.516483,
-1.3862,2.06408,-14.4715,5.31325,-26.1243,23.6429,2.1555,-1.12141,0.734373,0.362562,-1.80708,2.10013,-14.9939,5.03052,-26.9109,23.4921,1.83932,-0.977777,0.593407,0.46154,-0.132944,0.133326,-0.608263,0.628862,-1.75841,1.76757,-0.741398,0.681125,9.35588,-2.91619,-0.149771,0.155242,-0.769261,0.687695,-2.05051,2.03088,-0.681767,0.64973,0,0,-0.0427341,-0.0305252,-0.00610542,-0.00610542,-0.054945,0.0183144,-0.00488472,-0.00488472,1.08791,0.472527,
-1.25259,1.93668,-14.4638,5.04307,-26.9999,22.5086,2.60697,-1.31337,0.725347,0.371784,-1.7094,1.90475,-14.7009,5.1282,-26.5201,23.2967,2.01709,-1.05983,0.646152,0.382416,-0.132944,0.133326,-0.608644,0.629244,-1.75841,1.76871,-0.741398,0.681125,9.38067,-2.9078,-0.147065,0.155048,-0.769149,0.685481,-2.05821,2.02145,-0.669226,0.644886,0,0,-0.00610542,0.00610542,0.00610542,0.00610542,0.00610542,0.0793648,-0.00488472,0.00488472,1.15385,0.384617,
-1.11353,2.04221,-13.8824,5.613,-27.4998,22.1251,2.77569,-1.35056,0.716401,0.346584,-1.61172,1.7094,-14.6032,4.93285,-27.0085,22.5153,2.49573,-1.29231,0.646152,0.435165,-0.132563,0.133326,-0.608644,0.628481,-1.75841,1.77024,-0.741016,0.681125,9.40242,-2.90055,-0.145139,0.155813,-0.763097,0.689423,-2.06417,2.0179,-0.664158,0.643365,0,0,-0.00610542,-0.00610542,-0.00610542,-0.0427341,-0.00610542,0.054945,-0.00488472,-0.00488472,1.21978,0.384617,
-1.37038,1.90806,-13.8704,5.09457,-26.6327,22.8101,3.00286,-1.63741,0.668078,0.392934,-1.41637,1.80708,-14.2124,5.1282,-27.4969,22.1245,2.6735,-1.34701,0.567032,0.435165,-0.132563,0.133326,-0.608644,0.628862,-1.75879,1.77062,-0.741016,0.681125,9.43103,-2.89521,-0.1484,0.15473,-0.762964,0.685265,-2.05573,2.02427,-0.657848,0.635397,0,0,-0.0183144,0.00610542,-0.00610542,-0.00610542,-0.0305252,0.00610542,-0.00488472,-0.00488472,1.30769,0.252747,
-1.71787,2.10682,-14.247,4.74265,-26.6208,22.7808,3.03739,-1.68913,0.616609,0.404546,-1.41637,1.80708,-14.0171,5.03052,-26.8132,22.5153,2.89231,-1.60684,0.540661,0.356045,-0.132563,0.133326,-0.608263,0.628862,-1.75956,1.77062,-0.741016,0.681125,9.45583,-2.89178,-0.151854,0.156124,-0.767174,0.680541,-2.05677,2.02354,-0.656889,0.63396,0,0,-0.00610542,-0.0183144,-0.0183144,-0.0305252,-0.0427341,-0.00610542,-0.00488472,-0.00488472,1.37363,0.186813,
-1.70116,2.30883,-13.8628,4.94594,-27.0747,21.7318,3.26267,-1.90591,0.594183,0.376696,-1.61172,1.80708,-14.2124,4.83516,-26.9109,22.5153,2.91966,-1.67521,0.567032,0.382416,-0.132563,0.133326,-0.608263,0.628862,-1.75956,1.771,-0.741016,0.681125,9.48672,-2.8872,-0.151261,0.158369,-0.762091,0.683207,-2.06059,2.01308,-0.650631,0.627939,0,0,0.00610542,-0.0183144,0.00610542,-0.0183144,-0.00610542,0.0183144,-0.00488472,-0.00488472,1.3956,0.20879,
-1.55728,2.39176,-13.8932,4.56806,-27.8232,20.6841,3.64998,-2.16591,0.568097,0.503415,-1.80708,1.90475,-14.1148,4.6398,-27.3016,21.6361,3.16581,-1.90769,0.540661,0.487911,-0.132944,0.133326,-0.608263,0.628481,-1.75917,1.77176,-0.741016,0.681125,9.52411,-2.88682,-0.150451,0.160104,-0.762428,0.679441,-2.06812,2.0022,-0.639872,0.620716,0,0,-0.00610542,0.00610542,0.00610542,0.00610542,0.00610542,0.0183144,-0.00488472,-0.00488472,1.41758,-0.0329666,
-1.87867,2.68017,-14.2618,3.91725,-27.8265,20.5971,3.66035,-2.29267,0.537973,0.494867,-1.80708,2.1978,-14.0171,4.54213,-27.6923,20.757,3.34359,-2.01709,0.567032,0.435165,-0.132944,0.133326,-0.608263,0.628862,-1.75956,1.77176,-0.741016,0.681125,9.54433,-2.88682,-0.153615,0.162495,-0.767338,0.672184,-2.06976,2.00082,-0.639584,0.617195,0,0,0.00610542,-0.0183144,-0.0183144,-0.00610542,-0.0305252,0.00610542,-0.00488472,-0.00488472,1.41758,-0.0109901,
-2.05969,3.00453,-14.5134,3.63998,-28.0282,19.985,3.82172,-2.55874,0.495198,0.497565,-1.80708,2.39316,-14.4078,3.95604,-27.9854,20.5617,3.61709,-2.30427,0.514286,0.46154,-0.132944,0.133326,-0.608263,0.628481,-1.75994,1.77176,-0.741016,0.681125,9.58248,-2.88682,-0.15644,0.166506,-0.769727,0.667908,-2.07238,1.99362,-0.635102,0.610293,0,0,-0.0183144,-0.00610542,-0.00610542,-0.0305252,-0.0305252,-0.00610542,-0.00488472,0.00488472,1.43956,-0.0109901,
-2.12925,3.37606,-14.7285,3.26804,-28.7403,18.9251,4.01516,-2.71512,0.466004,0.504248,-2.10013,2.58852,-14.6032,3.56532,-28.2784,19.9756,3.74017,-2.52308,0.487911,0.46154,-0.133326,0.133326,-0.608263,0.628481,-1.75994,1.77176,-0.741016,0.681125,9.60269,-2.88682,-0.157594,0.170634,-0.772117,0.664996,-2.07948,1.98184,-0.629728,0.605461,0,0,-0.0183144,-0.00610542,-0.00610542,0.00610542,-0.00610542,-0.00610542,-0.00488472,-0.00488472,1.43956,-0.0109901,
-2.34022,3.82,-15.164,2.88469,-29.2551,18.3272,4.07306,-2.82645,0.432469,0.51334,-2.1978,2.97925,-14.7985,3.27228,-28.7668,18.9011,3.93162,-2.70086,0.46154,0.46154,-0.133326,0.133326,-0.608263,0.628481,-1.75994,1.77176,-0.741016,0.681125,9.63664,-2.88682,-0.159938,0.17516,-0.777363,0.660329,-2.08479,1.9752,-0.62812,0.602368,0,0,-0.0183144,-0.0183144,-0.0183144,-0.00610542,0.00610542,-0.00610542,-0.00488472,-0.00488472,1.43956,-0.0109901,
-2.60413,4.15259,-15.6286,2.49931,-29.5021,17.7352,3.99521,-2.85568,0.435765,0.526373,-2.29549,3.46764,-15.2869,2.88156,-29.2552,18.2173,4,-2.85128,0.435165,0.46154,-0.134089,0.133326,-0.608263,0.628099,-1.75994,1.77176,-0.741016,0.681125,9.66983,-2.88682,-0.163634,0.179669,-0.782525,0.655259,-2.08794,1.96862,-0.630283,0.601556,0,0,-0.0183144,0.00610542,-0.0183144,-0.0183144,-0.00610542,-0.00610542,-0.00488472,-0.00488472,1.37363,-0.0109901,
-2.60918,4.59975,-15.8889,2.31626,-29.6709,16.9151,3.93487,-2.88292,0.460313,0.544379,-2.29549,3.76068,-15.6777,2.58852,-29.6459,17.6313,3.98632,-2.87863,0.408791,0.46154,-0.134851,0.133326,-0.608263,0.628099,-1.75994,1.77176,-0.741016,0.681125,9.6912,-2.88682,-0.165674,0.183823,-0.784603,0.652818,-2.09022,1.9591,-0.631959,0.600799,0,0,-0.054945,-0.0183144,0.00610542,-0.0305252,-0.0183144,-0.0183144,-0.00488472,-0.00488472,1.28571,-0.0109901,
-2.85475,4.955,-16.0735,2.1143,-29.4527,16.5222,3.86621,-2.95501,0.448983,0.565476,-2.6862,4.1514,-15.9707,2.29549,-29.7436,16.9475,3.90427,-2.91966,0.46154,0.487911,-0.136377,0.133326,-0.608263,0.627718,-1.75994,1.77176,-0.741016,0.681125,9.71981,-2.88682,-0.169928,0.187771,-0.787468,0.650193,-2.08739,1.95514,-0.633866,0.598797,0,0,-0.054945,-0.0183144,-0.0183144,-0.0305252,-0.00610542,-0.00610542,-0.00488472,-0.00488472,1.26374,-0.0109901,
-3.35289,5.30004,-16.5407,1.8573,-29.4823,16.0512,3.80974,-2.93293,0.452571,0.587471,-2.97925,4.54213,-16.1661,2.10013,-29.6459,16.3614,3.76752,-2.97436,0.46154,0.514286,-0.136377,0.133707,-0.608263,0.627337,-1.76032,1.77176,-0.741016,0.681125,9.74231,-2.88682,-0.173835,0.192393,-0.792659,0.646549,-2.0881,1.9495,-0.635435,0.59941,0,0,-0.00610542,-0.00610542,-0.0183144,-0.0427341,-0.00610542,-0.0183144,-0.00488472,-0.00488472,1.21978,-0.0109901,
-3.3102,5.66567,-16.5818,2.29082,-29.3668,15.8351,3.56551,-2.78692,0.433074,0.615127,-2.78389,4.73749,-16.3614,2.00244,-29.6459,16.1661,3.76752,-2.97436,0.435165,0.540661,-0.137522,0.133707,-0.608263,0.626192,-1.75994,1.77176,-0.741016,0.681125,9.76902,-2.88682,-0.176947,0.196455,-0.791895,0.649814,-2.08644,1.94751,-0.642219,0.603466,0,0,-0.0793648,-0.00610542,0.0183144,-0.054945,-0.00610542,-0.00610542,-0.00488472,-0.00488472,1.21978,-0.0109901,
-3.26017,5.86452,-16.3961,2.31306,-28.9562,15.676,3.48853,-2.77144,0.472378,0.646375,-3.07692,5.42125,-16.6544,1.90475,-29.6459,15.7753,3.56239,-2.85128,0.408791,0.567032,-0.140574,0.133707,-0.608263,0.625811,-1.75956,1.77138,-0.741016,0.681125,9.79648,-2.88682,-0.180664,0.198665,-0.790645,0.651308,-2.08109,1.94495,-0.644357,0.604384,0,0,-0.115995,-0.00610542,-0.00610542,-0.00610542,0.00610542,-0.0183144,-0.00488472,0.00488472,1.10989,-0.0109901,
-3.73682,6.13884,-16.576,2.0939,-28.5785,15.4847,3.51283,-2.77042,0.439129,0.677381,-3.56532,5.61661,-16.6544,2.10013,-29.1575,15.58,3.41197,-2.82393,0.46154,0.593407,-0.141336,0.133707,-0.608263,0.625811,-1.75956,1.77138,-0.741016,0.681125,9.81479,-2.88682,-0.184281,0.201306,-0.792645,0.648873,-2.0773,1.94282,-0.643682,0.603924,0,0,-0.0427341,-0.0183144,-0.00610542,-0.00610542,-0.00610542,-0.0183144,-0.00488472,-0.00488472,1.13187,-0.0109901,
-3.91021,6.2859,-16.3009,2.34543,-28.3282,15.4753,3.4953,-2.78588,0.479987,0.712407,-3.76068,5.81197,-16.6544,2.00244,-28.8645,15.3846,3.45299,-2.81026,0.46154,0.619781,-0.141718,0.134089,-0.608644,0.625811,-1.75917,1.771,-0.741016,0.681125,9.84073,-2.88682,-0.186589,0.204135,-0.790783,0.65126,-2.07414,1.94274,-0.644169,0.603495,0,0,-0.0427341,0.00610542,-0.0305252,-0.0183144,-0.00610542,-0.00610542,-0.00488472,-0.00488472,1.02198,-0.0109901,
-3.81508,6.43908,-16.1912,2.6216,-28.2688,15.7502,3.38288,-2.68918,0.458971,0.735886,-3.76068,6.00732,-16.6544,2.00244,-28.6691,15.3846,3.43932,-2.82393,0.46154,0.646152,-0.142862,0.134089,-0.608644,0.626192,-1.75879,1.77062,-0.741016,0.681125,9.85943,-2.88682,-0.188305,0.20543,-0.788344,0.655524,-2.07228,1.94501,-0.647292,0.60667,0,0,-0.0915756,-0.00610542,0.00610542,0.00610542,0.0183144,-0.0183144,-0.00488472,0.00488472,1.02198,0.0109901,
-4.29797,6.48801,-16.3332,2.52064,-27.9117,16.2124,3.3266,-2.65987,0.430461,0.78267,-4.05373,6.30037,-16.4591,2.29549,-28.3761,15.6777,3.27521,-2.78291,0.46154,0.672527,-0.143625,0.134089,-0.608263,0.626192,-1.75841,1.76986,-0.741016,0.681506,9.88155,-2.88682,-0.191177,0.205974,-0.78954,0.653996,-2.06834,1.94898,-0.648855,0.607865,0,0,0.00610542,-0.00610542,0.00610542,-0.00610542,0.00610542,-0.0305252,-0.00488472,0.00488472,1.02198,-0.0109901,
-4.39229,6.52352,-16.4338,2.40645,-27.975,16.5933,3.19877,-2.5524,0.473162,0.818636,-4.24908,6.30037,-16.4591,2.39316,-28.1807,15.9707,3.31624,-2.71453,0.46154,0.725273,-0.143625,0.134089,-0.608263,0.626192,-1.75803,1.76909,-0.741016,0.681506,9.90406,-2.88643,-0.192225,0.206369,-0.791471,0.65232,-2.06866,1.95244,-0.652406,0.610362,0,0,0.00610542,-0.00610542,-0.0183144,-0.0183144,0.00610542,-0.0305252,-0.00488472,-0.00488472,0.89011,-0.0109901,
-4.11736,6.34712,-16.0567,2.49792,-27.9166,16.6155,3.16156,-2.56091,0.421813,0.855782,-4.44444,6.39804,-16.5568,2.29549,-28.1807,16.2637,3.19316,-2.6188,0.435165,0.751648,-0.144007,0.134089,-0.608263,0.626192,-1.75765,1.76909,-0.741016,0.681506,9.91932,-2.88682,-0.190366,0.204816,-0.786874,0.653743,-2.06763,1.95351,-0.65344,0.610126,0,0,-0.0183144,0.00610542,-0.00610542,-0.00610542,0.00610542,-0.00610542,-0.00488472,-0.00488472,0.934067,-0.0109901,
-4.06755,6.09655,-15.9072,2.3217,-27.5915,16.9474,3.35961,-2.77606,0.436399,0.890996,-4.44444,6.30037,-16.3614,2.29549,-28.083,16.4591,3.13846,-2.60513,0.46154,0.804394,-0.144007,0.134089,-0.608263,0.625811,-1.75765,1.76909,-0.741016,0.681506,9.94259,-2.88643,-0.189405,0.201624,-0.784806,0.651404,-2.06402,1.9576,-0.647938,0.604149,0,0,-0.00610542,-0.00610542,0.00610542,-0.00610542,0.00610542,0.00610542,-0.00488472,-0.00488472,0.846153,-0.0109901,
-3.9576,5.83815,-15.6158,2.27229,-27.3789,17.5136,3.38857,-2.89395,0.388662,0.923076,-4.24908,6.00732,-16.0684,2.1978,-27.6923,16.7521,3.26154,-2.79658,0.408791,0.830769,-0.144007,0.134089,-0.608263,0.625811,-1.75765,1.76909,-0.741016,0.681506,9.95823,-2.88643,-0.188184,0.198753,-0.782789,0.650855,-2.06206,1.96348,-0.647134,0.600874,0,0,-0.00610542,-0.00610542,-0.0305252,-0.00610542,-0.00610542,-0.00610542,-0.00488472,-0.00488472,0.868134,-0.0109901,
-3.77225,5.50859,-15.3791,2.29206,-27.2034,18.0143,3.4363,-3.00491,0.414529,0.953812,-4.24908,5.90965,-15.9707,2.10013,-27.5946,17.1429,3.32991,-2.86496,0.487911,0.883518,-0.144007,0.134089,-0.608263,0.625811,-1.75765,1.76909,-0.741016,0.681506,9.97387,-2.88643,-0.186531,0.195092,-0.779346,0.651482,-2.06052,1.96864,-0.645808,0.597792,0,0,-0.0183144,-0.00610542,-0.00610542,0.00610542,-0.0183144,-0.0183144,-0.00488472,-0.00488472,0.758244,-0.0109901,
-3.67033,5.21417,-15.3752,2.37807,-27.4401,18.556,3.33445,-2.94409,0.372021,0.980088,-4.05373,5.42125,-15.6777,2.10013,-27.3993,17.7289,3.38461,-3.01538,0.46154,0.909889,-0.143625,0.134089,-0.608263,0.625811,-1.75765,1.76909,-0.741016,0.681506,9.98646,-2.88643,-0.184203,0.19182,-0.778895,0.65203,-2.06274,1.97507,-0.648637,0.599482,0,0,0.00610542,-0.00610542,0.00610542,-0.00610542,-0.00610542,-0.00610542,-0.00488472,-0.00488472,0.78022,-0.0109901,
-3.50439,4.92658,-15.2705,2.48789,-27.4311,19.1522,3.1666,-2.886,0.419691,0.989458,-3.85837,5.22589,-15.58,2.1978,-27.3993,18.022,3.34359,-3.04273,0.435165,0.909889,-0.143625,0.134089,-0.608263,0.625811,-1.75765,1.76909,-0.741016,0.681506,10.0025,-2.88643,-0.182359,0.188218,-0.777731,0.652843,-2.06264,1.98169,-0.6533,0.601095,0,0,0.00610542,-0.0183144,0.00610542,-0.0183144,-0.00610542,-0.00610542,-0.00488472,-0.00488472,0.64835,0.0109901,
-3.29694,4.64395,-15.2586,2.70679,-27.6171,19.644,3.06205,-2.83841,0.421499,0.916007,-3.76068,4.93285,-15.58,2.39316,-27.5946,18.9011,3.15214,-2.91966,0.435165,0.830769,-0.143244,0.133707,-0.607882,0.625048,-1.75765,1.76909,-0.741016,0.681506,10.0162,-2.88453,-0.179673,0.184696,-0.777218,0.654106,-2.06471,1.98716,-0.656204,0.602417,0,0,0.00610542,-0.0183144,0.00610542,-0.0305252,-0.00610542,-0.00610542,-0.00488472,-0.00488472,0.626373,0.164837,
-3.02373,4.35333,-15.2468,3.25844,-27.6285,20.1143,2.85035,-2.70452,0.483616,0.918716,-3.56532,4.6398,-15.58,2.6862,-27.6923,19.2918,3.05641,-2.89231,0.435165,0.830769,-0.143244,0.133707,-0.607119,0.623903,-1.75803,1.76947,-0.741016,0.681506,10.0284,-2.88109,-0.177451,0.181874,-0.77551,0.656649,-2.06603,1.99358,-0.662084,0.606136,0,0,-0.0183144,-0.00610542,0.0305252,-0.103785,-0.0305252,0.0183144,-0.00488472,-0.00488472,0.516483,0.164837,
-2.84916,4.00963,-15.5439,3.53332,-27.9731,20.8185,2.43289,-2.26878,0.496247,0.80525,-3.36996,4.24908,-15.6777,2.78389,-27.79,19.9756,2.85128,-2.79658,0.487911,0.646152,-0.142862,0.133707,-0.605593,0.62314,-1.75841,1.76986,-0.741016,0.681506,10.038,-2.87575,-0.174723,0.178462,-0.77525,0.661789,-2.07024,2.00138,-0.67368,0.61824,0,0,-0.00610542,0.00610542,0.0915756,-0.0183144,-0.0305252,0.00610542,-0.00488472,-0.00488472,0.516483,0.362637,
-2.53203,3.83087,-15.381,3.72718,-28.1164,21.2273,2.26002,-2.11261,0.532959,0.708157,-3.17461,4.05373,-15.58,3.17461,-28.1807,20.5617,2.41368,-2.42735,0.46154,0.698902,-0.142862,0.133707,-0.60483,0.622759,-1.75841,1.76986,-0.741016,0.681506,10.049,-2.86469,-0.1712,0.176069,-0.775527,0.663154,-2.07102,2.00551,-0.678482,0.622578,0,0,-0.00610542,-0.00610542,0.00610542,-0.0305252,-0.00610542,-0.00610542,-0.00488472,-0.00488472,0.494507,0.494507,
-2.39481,3.58345,-15.7231,3.90538,-28.2829,21.8047,1.95087,-1.80075,0.605736,0.61176,-2.88156,3.76068,-15.6777,3.56532,-28.2784,21.0501,2.2359,-2.20855,0.487911,0.593407,-0.142481,0.133326,-0.604067,0.622759,-1.75841,1.76986,-0.741016,0.681506,10.0593,-2.85172,-0.168886,0.172938,-0.778158,0.665542,-2.07287,2.01193,-0.68707,0.631241,0,0,0.00610542,-0.00610542,0.0183144,-0.0183144,-0.00610542,-0.00610542,-0.00488472,-0.00488472,0.42857,0.604397,
-2.11732,3.33109,-15.6895,4.35781,-28.1184,22.0127,1.88416,-1.71214,0.634116,0.555623,-2.78389,3.66301,-15.6777,3.76068,-28.3761,21.3431,2.08547,-2.01709,0.514286,0.540661,-0.142099,0.133326,-0.603685,0.621614,-1.75841,1.76986,-0.741016,0.681506,10.0685,-2.84028,-0.165422,0.170541,-0.777809,0.667389,-2.07104,2.01505,-0.688923,0.633703,0,0,0.00610542,0.00610542,0.00610542,-0.0793648,-0.00610542,0.0183144,-0.00488472,-0.00488472,0.472527,0.626373,
-2.12574,3.15857,-15.6628,4.47478,-28.1971,22.2155,1.82045,-1.46457,0.670342,0.498497,-2.6862,3.27228,-15.7753,3.95604,-28.2784,21.7338,1.86667,-1.78461,0.540661,0.540661,-0.140955,0.132944,-0.603685,0.621233,-1.75841,1.77062,-0.741016,0.681506,10.0795,-2.82578,-0.161929,0.167429,-0.77792,0.670749,-2.07192,2.01766,-0.690693,0.640579,0,0,0.0793648,-0.0183144,-0.00610542,-0.00610542,-0.00610542,0.00610542,-0.00488472,-0.00488472,0.516483,0.64835,
-1.71261,2.83489,-15.4954,4.85898,-28.2154,22.3113,1.70496,-1.19029,0.752583,0.478263,-2.39316,3.07692,-15.7753,4.1514,-28.3761,21.8315,1.81197,-1.70256,0.593407,0.540661,-0.139429,0.133326,-0.603685,0.621233,-1.75841,1.771,-0.741016,0.681506,10.0891,-2.81434,-0.157441,0.165028,-0.77606,0.675018,-2.07212,2.01992,-0.693901,0.648198,0,0,0.0305252,0.00610542,-0.00610542,-0.00610542,-0.00610542,0.0305252,-0.00488472,-0.00488472,0.494507,0.604397,
-1.81262,2.63649,-15.2071,5.42628,-27.8675,22.8834,1.51785,-0.906645,0.751324,0.410525,-2.29549,2.78389,-15.6777,4.54213,-28.3761,22.0269,1.72991,-1.37436,0.593407,0.487911,-0.138285,0.133326,-0.603685,0.621233,-1.75841,1.77176,-0.741016,0.681506,10.102,-2.80098,-0.155372,0.162416,-0.773264,0.681728,-2.06825,2.02663,-0.699098,0.656077,0,0,0.0915756,-0.00610542,-0.0183144,0.00610542,-0.00610542,0.0183144,-0.00488472,-0.00488472,0.626373,0.64835,
-1.46002,2.36331,-15.1159,5.27361,-27.7414,22.6683,1.62613,-0.786618,0.770246,0.423724,-2.10013,2.58852,-15.3846,5.03052,-27.9854,22.6129,1.51111,-1.03248,0.619781,0.46154,-0.136759,0.133326,-0.604067,0.621614,-1.75879,1.77253,-0.741398,0.681506,10.1181,-2.78801,-0.151557,0.159788,-0.773039,0.681228,-2.06723,2.02541,-0.696472,0.659411,0,0,0.0427341,0.00610542,-0.0305252,0.0305252,-0.00610542,0.0305252,-0.00488472,-0.00488472,0.714287,0.53846,
-1.29464,2.26703,-15.0051,5.63759,-27.7638,22.7958,1.7134,-0.752989,0.798881,0.42151,-1.80708,2.39316,-15.2869,5.22589,-27.9854,22.5153,1.57949,-0.882051,0.646152,0.487911,-0.134851,0.133326,-0.604067,0.621996,-1.75879,1.77291,-0.741398,0.681506,10.1287,-2.78115,-0.149033,0.158311,-0.771401,0.684432,-2.06748,2.0268,-0.694048,0.660346,0,0,0.00610542,-0.00610542,-0.0183144,-0.00610542,-0.00610542,0.0183144,-0.00488472,-0.00488472,0.78022,0.472527,
-1.17109,2.18308,-14.6531,5.97795,-27.5285,22.8363,1.65172,-0.610012,0.792801,0.375738,-1.7094,2.1978,-15.2869,5.42125,-27.8877,22.4176,1.59316,-0.841026,0.646152,0.408791,-0.134851,0.132944,-0.604067,0.621614,-1.75879,1.77405,-0.741398,0.681506,10.1474,-2.77085,-0.148067,0.15659,-0.767489,0.687833,-2.06528,2.02962,-0.695761,0.664317,0,0,-0.00610542,-0.0183144,-0.0183144,-0.00610542,-0.0183144,0.054945,-0.00488472,-0.00488472,0.89011,0.494507,
-1.14761,1.96458,-14.6297,5.8246,-27.4956,22.7054,1.94089,-0.765254,0.765744,0.439034,-1.41637,1.90475,-14.9939,5.71428,-27.79,22.6129,1.59316,-0.717949,0.672527,0.46154,-0.13447,0.133326,-0.604067,0.621614,-1.75879,1.77481,-0.741398,0.681888,10.1719,-2.76093,-0.147018,0.155358,-0.766415,0.686536,-2.0641,2.0273,-0.687728,0.660386,0,0,0.00610542,0.00610542,0.00610542,0.00610542,0.00610542,0.00610542,-0.00488472,-0.00488472,1.02198,0.31868,
-1.45181,1.91387,-14.5213,5.65634,-27.0847,22.7423,2.15188,-0.959635,0.771912,0.376043,-1.51404,1.90475,-14.7985,5.71428,-27.5946,22.5153,1.74359,-0.745298,0.646152,0.408791,-0.133707,0.133326,-0.604067,0.621996,-1.75879,1.7752,-0.741398,0.681888,10.1909,-2.75406,-0.148007,0.154387,-0.765618,0.685048,-2.05994,2.02809,-0.681868,0.654987,0,0,0.054945,-0.00610542,-0.00610542,0.00610542,-0.00610542,0.00610542,-0.00488472,-0.00488472,1.06593,0.384617,
-1.36441,1.95474,-14.666,5.4304,-27.2883,22.6228,2.26677,-0.983668,0.731313,0.469073,-1.51404,1.80708,-14.7009,5.51892,-27.3016,22.5153,2.05812,-0.950428,0.619781,0.487911,-0.132944,0.133326,-0.604067,0.621996,-1.75917,1.7752,-0.741398,0.681888,10.2165,-2.7491,-0.148308,0.154841,-0.767633,0.68213,-2.06299,2.02676,-0.678676,0.654319,0,0,-0.00610542,-0.00610542,-0.0183144,-0.00610542,-0.0183144,0.00610542,-0.00488472,-0.00488472,1.17582,0.164837,
-1.42312,2.10425,-14.2521,5.67315,-27.3365,22.2583,2.37671,-1.12083,0.694996,0.530382,-1.51404,1.80708,-14.8962,5.42125,-27.4969,22.4176,2.19487,-0.991453,0.646152,0.540661,-0.132944,0.132944,-0.604067,0.621996,-1.75917,1.77558,-0.741398,0.681888,10.2337,-2.74834,-0.148553,0.155714,-0.762627,0.68442,-2.06312,2.0235,-0.675622,0.650509,0,0,0.00610542,-0.0183144,-0.00610542,-0.0183144,-0.00610542,0.0183144,-0.00488472,-0.00488472,1.26374,0.0329666,
-1.45943,2.17504,-14.2895,5.51265,-27.5981,21.5843,2.64518,-1.32042,0.674598,0.549403,-1.61172,1.80708,-14.6032,5.42125,-27.5946,22.0269,2.3453,-1.14188,0.593407,0.514286,-0.132944,0.132944,-0.603685,0.621614,-1.75879,1.77634,-0.741398,0.681506,10.2649,-2.74834,-0.148957,0.156501,-0.76144,0.681849,-2.06564,2.01678,-0.668165,0.644584,0,0,0.00610542,-0.0183144,0.0305252,-0.0305252,-0.00610542,0.0183144,-0.00488472,-0.00488472,1.30769,-0.0109901,
-1.53802,2.22426,-14.052,5.25586,-27.6114,21.2355,2.93021,-1.64486,0.670019,0.546914,-1.61172,1.90475,-14.4078,5.32356,-27.6923,21.5385,2.5641,-1.33333,0.567032,0.514286,-0.132944,0.133326,-0.603685,0.621614,-1.75879,1.77672,-0.741398,0.681506,10.2863,-2.74834,-0.150237,0.157836,-0.760429,0.679809,-2.06579,2.01247,-0.660247,0.635571,0,0,-0.00610542,-0.00610542,-0.0183144,-0.00610542,-0.00610542,-0.00610542,-0.00488472,-0.00488472,1.30769,-0.0109901,
-1.70873,2.45117,-14.1291,4.86185,-27.803,20.6663,3.2807,-1.94787,0.633111,0.544275,-1.61172,1.90475,-14.3101,5.1282,-27.6923,21.2454,2.74188,-1.51111,0.593407,0.514286,-0.132944,0.132944,-0.603685,0.621614,-1.75917,1.77672,-0.741779,0.681506,10.3202,-2.74834,-0.152133,0.159976,-0.761693,0.675839,-2.0683,2.00614,-0.650893,0.626666,0,0,-0.00610542,-0.00610542,-0.0305252,0.00610542,-0.00610542,-0.00610542,-0.00488472,-0.0146523,1.35165,-0.0109901,
-1.89167,2.73526,-14.4791,4.57678,-28.2752,20.1071,3.39251,-2.07321,0.589501,0.542772,-1.80708,2.1978,-14.4078,4.83516,-27.8877,20.5617,3.17949,-1.93504,0.593407,0.514286,-0.133326,0.132944,-0.603685,0.621614,-1.75917,1.77672,-0.741779,0.681506,10.3542,-2.74834,-0.154548,0.163132,-0.764767,0.672264,-2.07355,1.99993,-0.647787,0.623184,0,0,-0.00610542,-0.00610542,-0.00610542,-0.00610542,-0.00610542,-0.00610542,-0.00488472,-0.0146523,1.3956,-0.0109901,
-1.97011,3.11285,-14.5446,4.33075,-28.7258,19.3343,3.48631,-2.23709,0.555041,0.544124,-1.90475,2.39316,-14.6032,4.6398,-28.2784,20.1709,3.27521,-2.05812,0.540661,0.514286,-0.133326,0.132944,-0.603685,0.621614,-1.75917,1.77672,-0.741779,0.681506,10.3805,-2.74834,-0.155826,0.166921,-0.765903,0.66953,-2.07855,1.99134,-0.645182,0.61912,0,0,-0.0183144,-0.0183144,-0.0183144,-0.00610542,-0.00610542,-0.00610542,-0.00488472,-0.00488472,1.41758,-0.0109901,
-2.15201,3.31997,-15.0854,3.79853,-29.0777,18.6063,3.57577,-2.36574,0.514434,0.547814,-2.10013,2.78389,-14.7985,4.24908,-28.8645,19.2918,3.42564,-2.26325,0.514286,0.514286,-0.133707,0.133326,-0.603685,0.621233,-1.75917,1.77672,-0.741779,0.681506,10.4126,-2.74834,-0.158229,0.170418,-0.77069,0.663235,-2.08287,1.98326,-0.642696,0.615547,0,0,-0.0183144,0.00610542,0.0183144,-0.00610542,-0.0183144,-0.00610542,-0.00488472,-0.00488472,1.43956,-0.0109901,
-2.20039,3.75,-15.2667,3.52239,-29.5469,17.7898,3.69568,-2.55674,0.486349,0.554759,-2.1978,3.07692,-14.9939,3.85837,-29.2552,18.5104,3.49402,-2.4,0.487911,0.514286,-0.133707,0.133326,-0.603685,0.621233,-1.75917,1.77672,-0.741779,0.681506,10.4355,-2.74834,-0.159987,0.175196,-0.773926,0.659353,-2.08768,1.97378,-0.639366,0.610241,0,0,-0.054945,0.00610542,-0.0183144,-0.0305252,-0.00610542,-0.0183144,-0.00488472,-0.00488472,1.43956,-0.0109901,
-2.35367,4.15738,-15.7958,2.98664,-29.9947,16.9828,3.81588,-2.69274,0.454799,0.565467,-2.1978,3.17461,-15.1893,3.66301,-29.4505,18.1197,3.57607,-2.4547,0.487911,0.514286,-0.13447,0.133326,-0.603685,0.620852,-1.75917,1.77672,-0.741779,0.681506,10.4671,-2.74834,-0.162453,0.179315,-0.779398,0.65424,-2.09224,1.96522,-0.636515,0.606464,0,0,-0.054945,-0.00610542,-0.00610542,0.00610542,0.00610542,-0.00610542,-0.0146523,-0.00488472,1.43956,-0.0109901,
-2.70341,4.57469,-16.0939,2.75842,-29.8504,16.6574,3.61717,-2.69593,0.459213,0.580984,-2.29549,3.76068,-15.7753,3.07692,-29.9389,17.0452,3.69914,-2.65983,0.46154,0.514286,-0.135996,0.133326,-0.603685,0.620852,-1.75917,1.77672,-0.741779,0.681506,10.4976,-2.74834,-0.167458,0.183952,-0.783117,0.65089,-2.09146,1.96119,-0.641546,0.606375,0,0,-0.0427341,-0.00610542,-0.0183144,-0.0183144,-0.0183144,-0.0183144,-0.00488472,-0.00488472,1.37363,-0.0109901,
-3.10206,4.91562,-16.6677,2.07346,-29.7698,15.9978,3.6146,-2.73783,0.44306,0.596139,-2.78389,4.24908,-16.1661,2.6862,-30.0366,16.4591,3.61709,-2.7282,0.435165,0.540661,-0.135996,0.133326,-0.603685,0.62047,-1.75994,1.77672,-0.741779,0.681506,10.522,-2.74834,-0.171074,0.188147,-0.789492,0.643305,-2.09214,1.95346,-0.641618,0.605211,0,0,-0.0183144,0.00610542,-0.0183144,-0.00610542,-0.0427341,-0.0305252,-0.00488472,-0.00488472,1.35165,-0.0109901,
-3.21967,5.28204,-16.6151,2.28094,-29.7542,15.4505,3.51871,-2.77392,0.456369,0.618202,-2.97925,4.54213,-16.6544,2.29549,-30.0366,15.873,3.57607,-2.75556,0.487911,0.540661,-0.136377,0.133707,-0.604067,0.62047,-1.75994,1.77672,-0.741779,0.681506,10.551,-2.74834,-0.173576,0.1926,-0.789289,0.645203,-2.09074,1.94819,-0.644282,0.604209,0,0,-0.0427341,0.00610542,-0.0183144,-0.0183144,-0.00610542,-0.00610542,-0.00488472,-0.00488472,1.28571,-0.0109901,
-2.96597,5.66628,-16.6038,2.8414,-29.4654,15.2326,3.51176,-2.76887,0.445266,0.645427,-2.88156,5.03052,-16.8498,2.29549,-29.9389,15.3846,3.52137,-2.81026,0.46154,0.567032,-0.139429,0.133707,-0.604067,0.618944,-1.75994,1.77672,-0.741779,0.681506,10.5793,-2.74834,-0.177472,0.196462,-0.788351,0.647463,-2.08753,1.94577,-0.644963,0.604349,0,0,-0.152626,-0.00610542,0.00610542,-0.0915756,-0.00610542,-0.00610542,-0.0146523,-0.00488472,1.26374,-0.0109901,
-3.51294,5.91906,-16.904,2.5702,-29.2268,15.2523,3.32833,-2.6263,0.429215,0.674038,-3.07692,5.32356,-16.8498,2.39316,-29.6459,15.1893,3.46667,-2.83761,0.487911,0.593407,-0.141718,0.133707,-0.603685,0.618563,-1.75956,1.77634,-0.741779,0.681506,10.6014,-2.74834,-0.182582,0.199271,-0.791304,0.646917,-2.0845,1.9452,-0.64957,0.608309,0,0,-0.054945,-0.00610542,0.00610542,-0.00610542,-0.00610542,-0.0183144,-0.00488472,-0.00488472,1.24176,-0.0109901,
-3.87685,6.20559,-16.7706,2.53022,-28.9497,14.9131,3.43051,-2.71616,0.454145,0.705888,-3.56532,5.61661,-16.9475,2.39316,-29.5482,15.1893,3.42564,-2.76923,0.435165,0.593407,-0.141718,0.133707,-0.603685,0.618563,-1.75956,1.77634,-0.741779,0.681506,10.625,-2.74834,-0.184998,0.202455,-0.790636,0.646473,-2.08102,1.94102,-0.646732,0.605813,0,0,-0.00610542,-0.00610542,-0.0183144,-0.00610542,0.00610542,-0.0305252,-0.00488472,-0.00488472,1.15385,-0.0109901,
-3.6031,6.411,-16.5658,3.03133,-29.0213,15.1757,3.2537,-2.5364,0.443805,0.739778,-3.66301,5.90965,-16.9475,2.39316,-29.2552,14.8962,3.39829,-2.78291,0.46154,0.646152,-0.142862,0.134089,-0.604067,0.618563,-1.75917,1.77558,-0.742161,0.681888,10.6548,-2.74834,-0.186356,0.205118,-0.788742,0.652041,-2.08143,1.94277,-0.652025,0.611188,0,0,-0.103785,-0.00610542,-0.0183144,-0.00610542,0.00610542,-0.0427341,-0.00488472,-0.00488472,1.13187,-0.0109901,
-4.14126,6.47887,-16.3952,3.17413,-28.1296,15.8033,3.15768,-2.49938,0.464437,0.775886,-3.85837,6.10501,-16.9475,2.49084,-29.1575,15.0916,3.30256,-2.70086,0.487911,0.672527,-0.144007,0.134089,-0.604067,0.618563,-1.75879,1.77481,-0.742161,0.681888,10.672,-2.74834,-0.191038,0.205872,-0.786032,0.653627,-2.07114,1.94858,-0.654692,0.612216,0,0,-0.0305252,-0.00610542,0.00610542,-0.00610542,0.00610542,-0.054945,-0.00488472,-0.00488472,1.04396,-0.0109901,
-4.27076,6.6037,-16.7775,2.84345,-28.49,15.7748,3.16393,-2.44856,0.436796,0.809338,-4.24908,6.30037,-16.5568,2.88156,-28.4738,15.4823,3.15214,-2.53675,0.435165,0.725273,-0.144007,0.134089,-0.603685,0.618944,-1.75841,1.77405,-0.742161,0.681888,10.6975,-2.74834,-0.19207,0.207259,-0.789898,0.650742,-2.07436,1.94831,-0.654518,0.614116,0,0,-0.0183144,-0.00610542,0.00610542,0.00610542,0.0183144,-0.0305252,-0.00488472,0.00488472,1.04396,-0.0109901,
-3.96033,6.62741,-16.2689,3.31802,-28.7261,15.7575,2.97381,-2.34429,0.409138,0.847236,-4.24908,6.39804,-16.8498,2.97925,-28.4738,15.4823,3.08376,-2.5641,0.46154,0.751648,-0.14477,0.134089,-0.603685,0.618944,-1.75803,1.77405,-0.742161,0.682269,10.7136,-2.74834,-0.189791,0.207523,-0.785061,0.655201,-2.0766,1.94893,-0.659799,0.617882,0,0,-0.0305252,-0.00610542,-0.0183144,-0.0183144,0.0183144,-0.00610542,-0.00488472,0.0146523,1.04396,-0.0109901,
-4.15329,6.29683,-16.2152,2.96558,-27.6435,16.6862,3.10251,-2.50873,0.431318,0.882471,-4.1514,6.49573,-16.6544,2.97925,-28.7668,15.6777,2.94701,-2.42735,0.46154,0.778023,-0.145533,0.134089,-0.603685,0.618563,-1.75803,1.77367,-0.742542,0.682651,10.7387,-2.74834,-0.192291,0.20385,-0.783244,0.651717,-2.06579,1.95724,-0.657094,0.613696,0,0,-0.0183144,-0.00610542,0.0183144,0.00610542,-0.0183144,-0.054945,-0.0146523,0.0146523,0.934067,-0.0109901,
-4.27197,6.10987,-16.5174,2.35452,-27.4432,17.1862,3.31835,-2.72733,0.377251,0.910493,-4.1514,6.30037,-16.2637,2.88156,-27.9854,16.3614,2.98803,-2.49573,0.408791,0.830769,-0.145533,0.134089,-0.603685,0.618944,-1.75803,1.77291,-0.742924,0.683032,10.7517,-2.74834,-0.193202,0.201772,-0.787416,0.644902,-2.06357,1.96203,-0.652457,0.607517,0,0,-0.00610542,-0.00610542,-0.00610542,-0.00610542,-0.0183144,-0.054945,-0.0341873,0.00488472,0.956043,-0.0109901,
-3.87595,5.98768,-16.0074,2.83781,-27.7329,17.29,3.15026,-2.67759,0.386663,0.944748,-4.34677,6.00732,-16.5568,2.49084,-27.6923,16.8498,3.19316,-2.65983,0.46154,0.857143,-0.145914,0.133707,-0.603685,0.618944,-1.75803,1.77253,-0.742924,0.683032,10.7746,-2.74834,-0.189591,0.200033,-0.781748,0.649865,-2.06638,1.96443,-0.655661,0.60841,0,0,-0.0183144,-0.00610542,-0.00610542,-0.0183144,-0.00610542,-0.00610542,-0.00488472,-0.00488472,0.868134,-0.0109901,
-3.68508,5.56018,-15.7978,2.9316,-27.8961,17.7196,3.11783,-2.62309,0.401586,0.977822,-4.24908,5.81197,-16.3614,2.49084,-27.8877,17.0452,3.12479,-2.74188,0.408791,0.883518,-0.145533,0.134089,-0.603304,0.618563,-1.75765,1.77253,-0.742924,0.683032,10.7929,-2.74834,-0.186681,0.196072,-0.778224,0.65134,-2.06781,1.96921,-0.656561,0.609924,0,0,-0.00610542,0.00610542,0.0183144,0.00610542,-0.00610542,-0.00610542,-0.00488472,-0.00488472,0.78022,-0.0109901,
-3.5978,5.27065,-15.85,2.61479,-27.7259,18.4578,3.08644,-2.68772,0.380691,1.00242,-3.95604,5.61661,-15.9707,2.6862,-28.083,17.6313,3.07009,-2.63248,0.46154,0.909889,-0.145533,0.133707,-0.603304,0.618563,-1.75765,1.77214,-0.742924,0.683032,10.8051,-2.74834,-0.185712,0.192066,-0.779619,0.647412,-2.06592,1.97662,-0.657434,0.608129,0,0,-0.00610542,-0.00610542,-0.00610542,-0.00610542,-0.00610542,-0.0183144,-0.00488472,-0.00488472,0.758244,-0.0109901,
-3.36151,4.96195,-15.5509,2.83909,-27.6176,18.8425,3.04778,-2.81979,0.419847,1.01099,-3.85837,5.22589,-15.9707,2.58852,-27.8877,18.2173,3.04273,-2.70086,0.435165,0.936264,-0.145533,0.133707,-0.603304,0.618563,-1.75765,1.77214,-0.742924,0.683032,10.8223,-2.74834,-0.183493,0.188636,-0.776703,0.649091,-2.06471,1.98171,-0.658507,0.60446,0,0,-0.0183144,-0.00610542,-0.0183144,-0.0305252,-0.00610542,0.00610542,-0.00488472,-0.00488472,0.64835,0.0109901,
-3.17269,4.60463,-15.5092,2.78007,-27.7327,19.3019,3.10512,-2.9015,0.435669,1.0394,-3.66301,4.83516,-15.7753,2.58852,-27.79,18.7057,3.00171,-2.81026,0.46154,0.98901,-0.145151,0.133707,-0.603304,0.618563,-1.75765,1.77214,-0.742924,0.683032,10.8364,-2.74796,-0.181014,0.184666,-0.775832,0.649656,-2.06599,1.98641,-0.656915,0.60219,0,0,-0.0183144,-0.00610542,-0.00610542,0.00610542,-0.00610542,-0.00610542,-0.00488472,-0.00488472,0.604397,-0.0109901,
-3.1219,4.33239,-15.6778,2.99034,-27.8119,20.0445,2.90971,-2.81417,0.458791,1.05223,-3.46764,4.6398,-15.6777,2.58852,-27.79,18.9011,3.00171,-2.87863,0.435165,0.98901,-0.145151,0.133707,-0.603304,0.618563,-1.75765,1.77214,-0.742924,0.683032,10.8459,-2.74796,-0.179635,0.181641,-0.777299,0.651178,-2.06687,1.99466,-0.662343,0.604616,0,0,0.00610542,-0.00610542,0.00610542,-0.0183144,-0.00610542,-0.00610542,-0.00488472,-0.00488472,0.56044,-0.0109901,
-2.86012,4.17546,-15.5553,3.28161,-27.9452,20.5017,2.70177,-2.63657,0.508401,1.06161,-3.36996,4.34677,-15.7753,2.6862,-27.9854,19.6825,2.90598,-2.82393,0.435165,1.01538,-0.145151,0.133326,-0.603304,0.618563,-1.75803,1.77214,-0.742924,0.683032,10.8577,-2.74796,-0.176727,0.179109,-0.776344,0.654822,-2.06914,1.99974,-0.668119,0.60955,0,0,0.00610542,-0.0183144,-0.00610542,-0.00610542,-0.0183144,-0.00610542,-0.00488472,-0.00488472,0.494507,-0.0109901,
-2.60233,3.89751,-15.4436,3.79956,-28.0833,21.1656,2.50297,-2.4608,0.536678,1.06613,-3.17461,4.05373,-15.7753,2.97925,-28.083,20.2686,2.76923,-2.70086,0.46154,1.01538,-0.14477,0.133326,-0.603304,0.618563,-1.75803,1.77214,-0.742924,0.683032,10.8684,-2.74796,-0.173888,0.176835,-0.77551,0.66017,-2.07068,2.00671,-0.673641,0.614432,0,0,-0.00610542,0.00610542,-0.0183144,-0.0183144,-0.0183144,-0.0183144,-0.00488472,-0.00488472,0.494507,-0.0109901,
-2.69221,3.66826,-15.6147,4.03197,-28.0186,21.7688,2.35618,-2.29237,0.588188,0.989106,-3.17461,3.85837,-15.6777,3.46764,-28.2784,20.8547,2.49573,-2.53675,0.487911,0.883518,-0.144007,0.133326,-0.603304,0.618563,-1.75803,1.77214,-0.742924,0.683032,10.8791,-2.74643,-0.172089,0.174287,-0.777004,0.663159,-2.06996,2.01341,-0.677718,0.619111,0,0,0.054945,0.00610542,-0.00610542,-0.00610542,-0.0183144,-0.0183144,-0.00488472,-0.00488472,0.472527,0.12088,
-2.29554,3.50947,-15.5971,4.33015,-28.3644,21.6216,2.28647,-2.08763,0.670417,0.796935,-2.97925,3.66301,-15.6777,3.76068,-28.1807,21.4408,2.33162,-2.33162,0.514286,0.698902,-0.142099,0.133326,-0.603685,0.618944,-1.75803,1.77291,-0.742924,0.683032,10.8875,-2.73995,-0.166995,0.172116,-0.777597,0.666039,-2.07339,2.01416,-0.679655,0.624798,0,0,0.0183144,-0.00610542,-0.0183144,-0.0305252,-0.00610542,0.0305252,-0.00488472,-0.00488472,0.42857,0.42857,
-2.00493,3.22188,-15.4234,5.00136,-28.1459,22.2715,2.12473,-1.87101,0.700106,0.671809,-2.6862,3.46764,-15.7753,3.95604,-28.4738,21.5385,2.26325,-2.15385,0.514286,0.698902,-0.142099,0.133326,-0.603304,0.618563,-1.75841,1.77291,-0.742924,0.683032,10.8986,-2.72774,-0.164173,0.169328,-0.775286,0.672709,-2.07175,2.02098,-0.684148,0.630815,0,0,0.00610542,0.00610542,-0.0183144,-0.0427341,-0.0183144,0.0183144,-0.00488472,-0.00488472,0.494507,0.582417,
-2.01042,3.05499,-15.5925,4.76942,-27.9557,22.244,2.10582,-1.67579,0.741862,0.582461,-2.49084,3.27228,-15.6777,4.44444,-28.2784,21.9292,2.14017,-1.96239,0.567032,0.619781,-0.141336,0.132944,-0.603304,0.618944,-1.75841,1.77367,-0.742924,0.683032,10.9092,-2.71439,-0.161436,0.165871,-0.776757,0.672548,-2.06964,2.02266,-0.684673,0.636238,0,0,0.0671558,-0.0305252,-0.00610542,0.0183144,-0.0183144,0.054945,-0.00488472,-0.00488472,0.53846,0.64835,
-1.82145,2.88859,-15.609,4.9777,-28.2871,21.8615,2.2314,-1.57394,0.793277,0.500973,-2.39316,3.17461,-15.58,4.73749,-28.2784,21.9292,2.07179,-1.85299,0.619781,0.567032,-0.139429,0.132563,-0.603685,0.618944,-1.75841,1.77481,-0.742924,0.683032,10.9199,-2.70218,-0.156615,0.163641,-0.777323,0.673641,-2.07251,2.01996,-0.681185,0.639067,0,0,0.0915756,-0.0305252,-0.00610542,-0.0183144,0.00610542,0.0671558,-0.00488472,-0.00488472,0.582417,0.692307,
-1.76521,2.60358,-15.2804,5.28594,-27.8068,22.3685,2.20878,-1.45,0.803733,0.468156,-2.29549,2.6862,-15.7753,4.73749,-28.2784,21.7338,2.14017,-1.62051,0.646152,0.514286,-0.137522,0.132563,-0.604067,0.618944,-1.75879,1.77596,-0.742924,0.683032,10.9379,-2.68425,-0.15449,0.160881,-0.774053,0.678287,-2.06837,2.02552,-0.681813,0.64251,0,0,0.0793648,-0.0183144,-0.00610542,0.0183144,-0.0183144,0.0305252,-0.00488472,-0.00488472,0.692307,0.64835,
-1.37431,2.42623,-15.4583,5.21951,-27.9022,22.3066,2.24612,-1.29671,0.801906,0.436062,-1.90475,2.49084,-15.58,5.1282,-28.083,22.1245,2.16752,-1.51111,0.646152,0.435165,-0.13714,0.132563,-0.604067,0.618944,-1.75917,1.77672,-0.742924,0.683032,10.9504,-2.67472,-0.152207,0.15891,-0.776029,0.676735,-2.06981,2.02641,-0.680776,0.646768,0,0,0.00610542,-0.0183144,-0.00610542,-0.00610542,-0.0183144,0.054945,-0.00488472,-0.00488472,0.802197,0.604397,
-1.61556,2.29202,-15.1518,5.37974,-27.3605,22.4612,2.35386,-1.36088,0.779494,0.383169,-2.00244,2.39316,-15.58,5.1282,-27.9854,22.1245,2.16752,-1.41538,0.619781,0.487911,-0.135996,0.132181,-0.604067,0.618944,-1.75956,1.77748,-0.742924,0.683032,10.9676,-2.66213,-0.151301,0.157038,-0.772624,0.678109,-2.06499,2.02807,-0.677783,0.644985,0,0,0.0793648,-0.0183144,-0.00610542,-0.0183144,-0.0427341,0.0305252,-0.00488472,-0.00488472,0.934067,0.604397,
-1.31498,2.36467,-15.2594,5.21244,-27.549,22.322,2.51929,-1.35573,0.765192,0.418528,-1.7094,2.39316,-15.3846,5.1282,-27.6923,22.1245,2.26325,-1.37436,0.619781,0.487911,-0.135233,0.131418,-0.603685,0.618944,-1.75994,1.77825,-0.742924,0.683032,10.9913,-2.64916,-0.150047,0.155861,-0.773031,0.677064,-2.06665,2.02769,-0.673188,0.645129,0,0,-0.00610542,-0.054945,0.00610542,0.00610542,-0.0183144,0.0427341,-0.00488472,-0.00488472,1.02198,0.45055,
-1.31622,2.18706,-14.7646,5.66426,-27.3221,22.1887,2.7138,-1.47343,0.759874,0.38136,-1.61172,2.1978,-15.3846,5.22589,-27.6923,22.1245,2.3453,-1.34701,0.646152,0.408791,-0.135233,0.131037,-0.603685,0.618563,-1.76032,1.77939,-0.742924,0.683032,11.0088,-2.64191,-0.149654,0.155134,-0.767126,0.680481,-2.06451,2.02736,-0.667785,0.641859,0,0,0.00610542,-0.00610542,0.0183144,-0.0305252,-0.0183144,0.0427341,-0.00488472,-0.00488472,1.08791,0.45055,
-1.21964,2.11814,-14.3123,5.42825,-27.1743,21.8119,3.12739,-1.74602,0.705832,0.381779,-1.51404,2.10013,-14.9939,5.22589,-27.5946,22.0269,2.60513,-1.45641,0.646152,0.46154,-0.135233,0.131037,-0.604067,0.618944,-1.76032,1.78016,-0.742924,0.683032,11.0374,-2.63161,-0.148988,0.154368,-0.763296,0.679869,-2.06246,2.02353,-0.656296,0.634287,0,0,-0.00610542,-0.00610542,-0.00610542,0.0183144,-0.00610542,0.0305252,-0.00488472,-0.00488472,1.21978,0.384617,
-1.33471,2.15098,-14.5559,5.10177,-27.2044,21.7336,3.34438,-1.90856,0.630302,0.4622,-1.41637,2.00244,-14.6032,5.32356,-27.3016,21.6361,3.00171,-1.68889,0.593407,0.408791,-0.135233,0.131037,-0.603685,0.618944,-1.7607,1.78092,-0.742924,0.683032,11.0657,-2.62818,-0.150674,0.154733,-0.765214,0.675834,-2.06399,2.02301,-0.650269,0.629772,0,0,-0.0183144,-0.00610542,0.00610542,0.00610542,-0.0305252,0.0183144,-0.00488472,-0.00488472,1.35165,0.186813,
-1.41363,2.36099,-14.1631,5.25813,-27.4511,21.0745,3.65452,-2.20259,0.623466,0.434623,-1.41637,2.00244,-14.6032,5.1282,-27.3993,21.4408,3.24786,-1.94872,0.540661,0.435165,-0.135233,0.130655,-0.603685,0.618944,-1.7607,1.7813,-0.742924,0.683032,11.0843,-2.62245,-0.150736,0.156278,-0.761257,0.676757,-2.06592,2.01648,-0.641653,0.621605,0,0,0.00610542,-0.0183144,-0.00610542,-0.0183144,-0.00610542,0.0305252,-0.00488472,-0.00488472,1.35165,0.20879,
-1.38438,2.47047,-14.1898,4.94139,-27.9454,20.4068,3.95121,-2.38219,0.613983,0.533773,-1.61172,2.00244,-14.6032,5.03052,-27.4969,21.1477,3.42564,-2.07179,0.593407,0.540661,-0.135233,0.131037,-0.603685,0.618944,-1.7607,1.78206,-0.742924,0.683032,11.1175,-2.62016,-0.150818,0.157876,-0.761553,0.673645,-2.07182,2.00901,-0.633412,0.616616,0,0,-0.00610542,-0.0183144,-0.00610542,-0.00610542,-0.0183144,0.00610542,-0.00488472,-0.00488472,1.35165,0.0109901,
-1.68591,2.6643,-14.4183,4.64389,-27.9551,20.351,4.14472,-2.66373,0.541097,0.544718,-1.51404,2.1978,-14.3101,4.93285,-28.083,20.3663,3.82222,-2.4,0.540661,0.514286,-0.135233,0.131037,-0.603685,0.618563,-1.7607,1.78206,-0.742924,0.683032,11.1488,-2.62055,-0.153762,0.16003,-0.764093,0.669144,-2.07152,2.00798,-0.628037,0.608795,0,0,0.00610542,-0.0183144,-0.00610542,-0.0305252,-0.00610542,-0.00610542,-0.00488472,-0.00488472,1.43956,-0.0109901,
-1.80549,2.97153,-14.6984,4.14348,-28.406,19.6046,4.31378,-2.82931,0.54843,0.544931,-1.51404,2.29549,-14.4078,4.6398,-28.083,20.1709,4,-2.53675,0.567032,0.514286,-0.135233,0.130655,-0.603685,0.618944,-1.76108,1.78206,-0.742924,0.683032,11.1744,-2.62055,-0.155904,0.163062,-0.766797,0.664779,-2.07691,1.99928,-0.623341,0.604196,0,0,-0.0183144,-0.0183144,0.00610542,-0.00610542,-0.00610542,-0.0183144,-0.00488472,-0.00488472,1.37363,-0.0109901,
-1.874,3.208,-14.8384,3.81837,-28.9545,18.7391,4.38809,-2.92071,0.50959,0.548721,-1.80708,2.58852,-14.7985,4.1514,-28.4738,19.5849,4.2188,-2.78291,0.540661,0.514286,-0.135614,0.131037,-0.603685,0.618563,-1.7607,1.78206,-0.742924,0.683032,11.206,-2.62055,-0.157047,0.166885,-0.769166,0.660786,-2.08303,1.99007,-0.621277,0.601657,0,0,-0.0183144,0.00610542,-0.0183144,-0.00610542,-0.0183144,-0.00610542,-0.00488472,-0.00488472,1.3956,-0.0109901,
-2.10051,3.62498,-15.1919,3.33076,-29.3678,18.0767,4.54334,-3.12039,0.464799,0.553941,-2.00244,2.97925,-14.9939,3.76068,-28.8645,18.9988,4.28718,-2.91966,0.487911,0.514286,-0.135614,0.130655,-0.603685,0.618563,-1.7607,1.78206,-0.742924,0.683032,11.2316,-2.62055,-0.159157,0.170729,-0.773095,0.655368,-2.08721,1.9819,-0.616964,0.59611,0,0,-0.00610542,-0.00610542,-0.0183144,-0.00610542,-0.00610542,-0.0305252,-0.00488472,-0.00488472,1.41758,-0.0109901,
-2.19281,3.9264,-15.7082,2.73814,-29.8466,17.1363,4.63185,-3.25887,0.453367,0.562234,-2.10013,3.27228,-15.2869,3.36996,-29.4505,18.022,4.45128,-3.08376,0.435165,0.514286,-0.135996,0.131037,-0.603685,0.618563,-1.7607,1.78206,-0.742924,0.683032,11.2625,-2.62055,-0.161378,0.174867,-0.778425,0.648783,-2.09213,1.97226,-0.614506,0.592264,0,0,-0.0305252,0.00610542,-0.00610542,-0.00610542,0.00610542,-0.00610542,-0.00488472,-0.00488472,1.37363,-0.0109901,
-2.38274,4.38034,-15.9423,2.5862,-30.0222,16.506,4.66933,-3.38065,0.447343,0.574883,-2.29549,3.66301,-15.7753,2.78389,-29.7436,17.3382,4.51966,-3.22051,0.487911,0.514286,-0.136377,0.131037,-0.603685,0.618181,-1.76108,1.78206,-0.742924,0.683032,11.2869,-2.62055,-0.16387,0.179504,-0.781026,0.646306,-2.09446,1.96526,-0.613464,0.588881,0,0,-0.0305252,-0.00610542,-0.00610542,-0.0183144,0.00610542,-0.00610542,-0.00488472,-0.00488472,1.32967,-0.0109901,
-2.45842,4.79321,-16.3224,2.42901,-30.1963,15.9938,4.60772,-3.37997,0.404124,0.590444,-2.1978,3.95604,-16.0684,2.58852,-30.1343,16.4591,4.61538,-3.32991,0.46154,0.540661,-0.137522,0.131037,-0.603685,0.6178,-1.7607,1.78168,-0.742924,0.683032,11.3163,-2.62055,-0.167483,0.184091,-0.784842,0.643364,-2.09601,1.95878,-0.615176,0.5889,0,0,-0.0793648,-0.00610542,0.00610542,-0.0427341,0.00610542,-0.0183144,-0.00488472,-0.00488472,1.35165,-0.0109901,
-2.61855,5.1684,-16.3685,2.40882,-29.7664,15.6757,4.43647,-3.37532,0.407086,0.623797,-2.29549,4.44444,-16.3614,2.39316,-30.232,15.873,4.57436,-3.43932,0.46154,0.540661,-0.139811,0.131037,-0.603685,0.617418,-1.76108,1.78168,-0.742924,0.683032,11.3441,-2.62055,-0.172365,0.18826,-0.785761,0.642352,-2.09202,1.95525,-0.619933,0.589029,0,0,-0.103785,-0.00610542,-0.00610542,-0.054945,-0.00610542,-0.0183144,-0.00488472,-0.00488472,1.28571,-0.0329666,
-3.04982,5.45271,-16.8189,2.33557,-29.8149,15.2861,4.205,-3.18441,0.414162,0.635353,-2.58852,4.83516,-16.5568,2.29549,-30.0366,15.4823,4.41026,-3.42564,0.487911,0.567032,-0.141718,0.131037,-0.603685,0.615892,-1.7607,1.78168,-0.742924,0.683032,11.3659,-2.62055,-0.177029,0.192233,-0.789951,0.641233,-2.09177,1.95132,-0.626362,0.594332,0,0,-0.0427341,0.0183144,0.0183144,-0.0183144,0.00610542,-0.00610542,-0.00488472,-0.00488472,1.21978,-0.0109901,
-3.0649,5.85128,-16.6268,2.38741,-29.585,14.6306,4.21215,-3.24358,0.455728,0.662841,-2.6862,5.03052,-16.5568,2.1978,-30.0366,15.3846,4.31453,-3.35727,0.435165,0.567032,-0.142481,0.131037,-0.603304,0.615892,-1.7607,1.78168,-0.742924,0.683032,11.3891,-2.62055,-0.178774,0.195847,-0.788249,0.641809,-2.08922,1.94363,-0.626164,0.592688,0,0,-0.0671558,-0.00610542,-0.00610542,-0.0183144,0.00610542,-0.0183144,-0.00488472,-0.00488472,1.10989,-0.0109901,
-3.53764,6.10069,-16.5249,2.56538,-28.971,14.8603,4.00482,-3.13664,0.449121,0.692597,-3.17461,5.51892,-16.7521,2.10013,-29.7436,14.6032,4.15043,-3.27521,0.46154,0.619781,-0.143625,0.131037,-0.603685,0.616274,-1.76032,1.78092,-0.742924,0.683032,11.4162,-2.62055,-0.183543,0.198619,-0.787499,0.644575,-2.08242,1.94502,-0.631923,0.595659,0,0,-0.0183144,-0.00610542,-0.00610542,-0.00610542,-0.00610542,-0.0305252,-0.00488472,-0.00488472,1.08791,-0.0109901,
-3.84523,6.44741,-16.7385,2.48089,-28.8208,14.7389,3.89664,-3.04185,0.440536,0.72127,-3.46764,5.81197,-16.6544,2.29549,-29.2552,14.7009,3.97265,-3.23419,0.46154,0.619781,-0.144007,0.131037,-0.603685,0.615892,-1.76032,1.78092,-0.742924,0.683032,11.4338,-2.62055,-0.187342,0.202064,-0.790279,0.642847,-2.08075,1.94407,-0.634928,0.598292,0,0,-0.0183144,-0.0183144,-0.0183144,-0.0183144,-0.00610542,-0.0183144,-0.00488472,-0.00488472,1.06593,-0.0109901,
-3.66673,6.62593,-16.4847,2.7749,-28.7821,14.8207,3.79006,-3.00473,0.457251,0.754914,-3.56532,6.00732,-16.8498,2.29549,-29.1575,14.7009,3.87692,-3.16581,0.435165,0.672527,-0.145151,0.131037,-0.603685,0.616274,-1.75994,1.78016,-0.742924,0.683032,11.4563,-2.62055,-0.188945,0.204455,-0.78746,0.64731,-2.07913,1.94381,-0.637889,0.599812,0,0,-0.0915756,-0.00610542,-0.0183144,0.00610542,0.0183144,-0.0305252,-0.00488472,0.00488472,1,-0.0109901,
-3.79911,6.68615,-16.4196,2.84462,-28.4249,14.9502,3.71701,-2.97369,0.459261,0.791012,-3.66301,6.39804,-16.7521,2.49084,-28.9621,14.7009,3.76752,-3.01538,0.46154,0.698902,-0.14744,0.131037,-0.603685,0.616274,-1.75917,1.77977,-0.742924,0.683414,11.478,-2.62055,-0.191891,0.205124,-0.785922,0.648084,-2.0744,1.94528,-0.639918,0.601055,0,0,-0.0671558,-0.00610542,0.00610542,0.00610542,0.0183144,-0.0183144,-0.00488472,0.00488472,0.956043,-0.0109901,
-4.05118,6.82189,-16.4572,2.81483,-28.4685,15.0791,3.76899,-2.96691,0.435939,0.827638,-3.95604,6.49573,-16.5568,2.78389,-28.7668,14.7985,3.68547,-3.05641,0.46154,0.725273,-0.148203,0.131037,-0.603685,0.616274,-1.75879,1.77939,-0.742924,0.683414,11.4952,-2.62055,-0.193013,0.206225,-0.786747,0.647346,-2.07409,1.94592,-0.638474,0.600755,0,0,0.00610542,-0.0183144,-0.00610542,-0.00610542,0.0305252,-0.0305252,-0.00488472,-0.00488472,0.956043,-0.0109901,
-3.92075,6.74658,-16.2568,2.95451,-28.4826,15.2037,3.70361,-2.9022,0.434735,0.866985,-4.05373,6.49573,-16.5568,2.6862,-28.6691,14.8962,3.69914,-2.98803,0.435165,0.751648,-0.148203,0.131418,-0.603685,0.615892,-1.75803,1.77901,-0.742924,0.683414,11.5154,-2.62055,-0.192377,0.206177,-0.78452,0.64811,-2.0743,1.94774,-0.64029,0.602553,0,0,-0.0183144,-0.00610542,-0.00610542,-0.0183144,0.00610542,-0.00610542,-0.00488472,-0.00488472,0.912086,-0.0109901,
-4.09527,6.56185,-16.2953,2.69802,-28.1508,15.8777,3.62183,-2.89846,0.439362,0.904127,-4.1514,6.5934,-16.5568,2.6862,-28.6691,15.0916,3.67179,-2.96068,0.46154,0.804394,-0.148203,0.131418,-0.603685,0.615892,-1.75803,1.77863,-0.742924,0.683414,11.5364,-2.62016,-0.193502,0.204124,-0.784948,0.645667,-2.07061,1.95444,-0.642562,0.602656,0,0,0.00610542,-0.00610542,-0.00610542,-0.00610542,0.00610542,-0.0183144,-0.00488472,-0.00488472,0.846153,-0.0109901,
-4.0596,6.29824,-16.175,2.48431,-27.7932,16.3623,3.61607,-3.03859,0.418005,0.938166,-4.1514,6.49573,-16.4591,2.6862,-28.4738,15.4823,3.64444,-2.93333,0.435165,0.830769,-0.148203,0.131418,-0.603685,0.616274,-1.75803,1.77825,-0.742924,0.683414,11.5501,-2.62016,-0.193513,0.201602,-0.783611,0.643674,-2.06664,1.95944,-0.642722,0.598764,0,0,-0.00610542,0.00610542,-0.00610542,-0.00610542,0.00610542,-0.0183144,-0.00488472,-0.00488472,0.824177,-0.0109901,
-3.75713,6.11981,-15.8372,2.58844,-27.8112,16.5054,3.74683,-3.16508,0.423925,0.960262,-4.24908,6.20268,-16.3614,2.39316,-27.9854,16.0684,3.57607,-3.04273,0.46154,0.857143,-0.148203,0.131418,-0.603685,0.615892,-1.75803,1.77825,-0.742924,0.683414,11.5696,-2.61978,-0.190559,0.198806,-0.779451,0.644449,-2.06725,1.96144,-0.639089,0.59525,0,0,-0.0183144,-0.0183144,0.00610542,-0.00610542,-0.00610542,-0.00610542,-0.00488472,-0.00488472,0.758244,0.0109901,
-3.68717,5.73221,-15.7032,2.54208,-27.6466,17.103,3.77241,-3.28247,0.404907,0.939369,-4.05373,6.00732,-16.0684,2.39316,-27.9854,16.2637,3.67179,-3.12479,0.435165,0.883518,-0.148203,0.131418,-0.603304,0.615892,-1.75803,1.77825,-0.742924,0.683414,11.5856,-2.61788,-0.189375,0.194906,-0.77758,0.643527,-2.06542,1.96808,-0.638379,0.591989,0,0,-0.00610542,-0.00610542,0.00610542,-0.0183144,-0.00610542,-0.00610542,-0.00488472,-0.00488472,0.736263,0.0988998,
-3.47763,5.40622,-15.5783,2.516,-27.7714,17.559,3.69956,-3.26948,0.388186,0.920876,-3.95604,5.71428,-15.873,2.39316,-27.79,16.8498,3.7265,-3.20684,0.46154,0.778023,-0.148203,0.131418,-0.603304,0.615892,-1.75803,1.77825,-0.742924,0.683414,11.5986,-2.61444,-0.187047,0.191284,-0.7766,0.643237,-2.0668,1.97355,-0.640402,0.591862,0,0,-0.00610542,-0.00610542,-0.00610542,-0.0183144,-0.00610542,0.00610542,-0.00488472,-0.0146523,0.714287,0.164837,
-3.21502,4.96808,-15.3293,2.67669,-27.787,18.0979,3.56923,-3.25687,0.403484,0.768119,-3.85837,5.51892,-15.7753,2.29549,-27.8877,17.0452,3.69914,-3.35727,0.435165,0.619781,-0.148203,0.131418,-0.603304,0.615892,-1.75803,1.77825,-0.742924,0.683414,11.6119,-2.60681,-0.184129,0.186823,-0.773833,0.64543,-2.06698,1.97913,-0.643534,0.592701,0,0,-0.00610542,0.00610542,-0.00610542,-0.00610542,-0.00610542,-0.00610542,0.00488472,-0.00488472,0.64835,0.45055,
-3.1334,4.67957,-15.2518,2.74917,-27.638,18.6563,3.54008,-3.25886,0.45373,0.730619,-3.56532,5.03052,-15.58,2.49084,-27.9854,17.8266,3.54872,-3.28889,0.408791,0.672527,-0.147821,0.131037,-0.603304,0.615892,-1.75803,1.77825,-0.742924,0.683414,11.6253,-2.59461,-0.182027,0.182422,-0.772565,0.646235,-2.06573,1.98534,-0.644832,0.592645,0,0,0.0183144,-0.0183144,0.00610542,-0.00610542,-0.0183144,-0.00610542,-0.00488472,-0.00488472,0.53846,0.494507,
-2.74003,4.31124,-15.162,2.91421,-27.9654,19.0263,3.4996,-3.22991,0.469433,0.649352,-3.36996,4.73749,-15.3846,2.58852,-27.8877,18.315,3.50769,-3.26154,0.514286,0.646152,-0.147821,0.131037,-0.603304,0.615892,-1.75803,1.77863,-0.742924,0.683414,11.636,-2.58469,-0.17847,0.178736,-0.772381,0.648069,-2.06855,1.98983,-0.645957,0.59345,0,0,-0.00610542,-0.00610542,-0.0183144,-0.00610542,0.00610542,-0.00610542,-0.00488472,-0.00488472,0.516483,0.604397,
-2.4555,4.07376,-15.0316,3.16101,-27.9901,19.3627,3.47066,-3.16448,0.507498,0.585817,-3.07692,4.34677,-15.3846,2.78389,-27.9854,18.6081,3.46667,-3.28889,0.435165,0.567032,-0.14744,0.130655,-0.603304,0.615511,-1.75803,1.77863,-0.742924,0.683414,11.6447,-2.57019,-0.174927,0.175309,-0.771339,0.650023,-2.06964,1.99438,-0.646761,0.594779,0,0,-0.00610542,-0.0183144,-0.0305252,-0.0183144,-0.0183144,0.0183144,-0.00488472,-0.0146523,0.472527,0.67033,
-2.27561,3.72038,-15.2789,3.22849,-28.1856,19.844,3.43264,-3.12672,0.583003,0.528266,-2.88156,4.05373,-15.2869,2.88156,-28.1807,19.0965,3.43932,-3.23419,0.487911,0.540661,-0.14744,0.130655,-0.603304,0.615511,-1.75803,1.77901,-0.742924,0.683414,11.6546,-2.55455,-0.172521,0.171789,-0.77368,0.65118,-2.071,2.00011,-0.647817,0.596316,0,0,0.00610542,-0.00610542,-0.0183144,-0.00610542,0.00610542,0.0183144,-0.00488472,-0.00488472,0.384617,0.714287,
-2.17359,3.5537,-15.3836,3.43962,-28.1645,20.1797,3.36435,-3.01051,0.587248,0.542326,-2.6862,3.66301,-15.3846,2.97925,-28.2784,19.5849,3.39829,-3.16581,0.487911,0.514286,-0.146677,0.130274,-0.603304,0.615511,-1.75841,1.77939,-0.742924,0.683414,11.663,-2.54273,-0.169404,0.169149,-0.774437,0.653118,-2.07196,2.00422,-0.649714,0.599544,0,0,0.0427341,-0.0183144,-0.00610542,-0.0183144,-0.0183144,0.0183144,-0.00488472,-0.00488472,0.45055,0.626373,
-2.17858,3.36094,-15.4435,3.67076,-28.362,20.6333,3.29979,-2.83442,0.636695,0.497635,-2.78389,3.66301,-15.4823,3.07692,-28.2784,19.7802,3.35727,-3.15214,0.567032,0.567032,-0.14477,0.129892,-0.603685,0.615511,-1.75841,1.77977,-0.742924,0.683414,11.6733,-2.52785,-0.165924,0.166626,-0.776298,0.656501,-2.07375,2.00924,-0.651507,0.604436,0,0,0.0915756,-0.0183144,-0.0305252,0.00610542,-0.00610542,0.00610542,-0.00488472,-0.00488472,0.45055,0.64835,
-1.84967,3.44122,-15.5184,4.08108,-28.3465,21.0775,3.06327,-2.5113,0.679079,0.487906,-2.39316,3.56532,-15.6777,3.36996,-28.4738,20.3663,3.26154,-2.91966,0.567032,0.567032,-0.144007,0.128748,-0.603685,0.615892,-1.75841,1.78016,-0.742924,0.683414,11.6836,-2.5145,-0.163134,0.164338,-0.776316,0.661441,-2.07398,2.01496,-0.658077,0.613411,0,0,0.0427341,-0.0793648,-0.00610542,0.00610542,-0.0183144,0.0183144,-0.00488472,-0.00488472,0.472527,0.604397,
-1.83667,3.02655,-15.655,4.29573,-28.1058,21.7158,2.99585,-2.37822,0.69097,0.463856,-2.1978,3.17461,-15.6777,3.85837,-28.5714,20.8547,3.05641,-2.6188,0.540661,0.567032,-0.142862,0.128366,-0.603685,0.615892,-1.75879,1.78016,-0.742924,0.683414,11.6924,-2.5042,-0.161438,0.161791,-0.777834,0.663826,-2.07169,2.02083,-0.65995,0.617108,0,0,0.054945,-0.00610542,-0.00610542,0.00610542,-0.0183144,-0.0183144,-0.00488472,-0.00488472,0.56044,0.582417,
-1.43077,2.88177,-15.6554,4.71181,-28.2643,21.7723,2.92829,-2.19067,0.779555,0.480922,-2.00244,2.97925,-15.7753,4.05373,-28.3761,21.3431,2.97436,-2.4547,0.593407,0.514286,-0.142481,0.128366,-0.603685,0.615892,-1.75879,1.78054,-0.742924,0.683414,11.7046,-2.49313,-0.158582,0.160183,-0.777837,0.667635,-2.07264,2.02306,-0.661826,0.622317,0,0,-0.00610542,-0.00610542,-0.00610542,-0.0183144,0.00610542,0.0183144,-0.00488472,-0.00488472,0.516483,0.494507,
-1.22513,2.77288,-15.4166,4.93923,-28.0802,21.8245,3.01607,-2.14084,0.788097,0.517667,-1.80708,2.78389,-15.7753,4.34677,-28.3761,21.4408,2.90598,-2.27692,0.593407,0.540661,-0.142481,0.128366,-0.603685,0.615892,-1.75879,1.78092,-0.742924,0.683414,11.7203,-2.48245,-0.156297,0.158566,-0.775184,0.670569,-2.071,2.02362,-0.659388,0.623702,0,0,-0.00610542,-0.0183144,-0.00610542,-0.00610542,-0.00610542,0.00610542,-0.00488472,-0.00488472,0.626373,0.384617,
-1.22598,2.57339,-15.3027,5.06374,-28.0378,21.6556,3.07834,-2.06714,0.789025,0.512082,-1.61172,2.6862,-15.58,4.6398,-28.2784,21.4408,2.93333,-2.14017,0.646152,0.487911,-0.142099,0.128366,-0.603685,0.615892,-1.75879,1.78168,-0.742924,0.683414,11.7367,-2.47482,-0.154704,0.157163,-0.773919,0.671953,-2.07053,2.02413,-0.657659,0.625749,0,0,0.0305252,0.00610542,-0.00610542,-0.00610542,-0.00610542,0.054945,-0.00488472,-0.00488472,0.736263,0.362637,
-1.45264,2.4263,-14.982,5.25469,-27.6689,21.8128,3.16214,-2.07234,0.821097,0.506721,-1.7094,2.58852,-15.4823,4.83516,-28.083,21.4408,2.96068,-2.11282,0.593407,0.540661,-0.140955,0.128366,-0.604067,0.616274,-1.75879,1.78244,-0.742924,0.683414,11.7481,-2.46948,-0.154043,0.155936,-0.770737,0.674863,-2.06684,2.02583,-0.655331,0.625604,0,0,0.0915756,0.0183144,-0.00610542,0.00610542,-0.0183144,0.0305252,-0.00488472,-0.00488472,0.78022,0.34066,
-1.07685,2.54079,-14.8868,5.32394,-28.0481,21.2889,3.28638,-1.99252,0.783451,0.613403,-1.41637,2.39316,-15.1893,5.1282,-27.79,21.4408,3.09743,-2.14017,0.646152,0.619781,-0.139811,0.128366,-0.604067,0.615892,-1.75917,1.78397,-0.742924,0.683414,11.7702,-2.46452,-0.151572,0.155987,-0.769679,0.674844,-2.07102,2.02357,-0.65188,0.627821,0,0,0.00610542,-0.0183144,-0.00610542,-0.00610542,-0.00610542,0.0915756,-0.00488472,-0.00488472,0.934067,0.12088,
-0.996382,2.39025,-14.6825,5.20186,-27.9526,21.1073,3.49886,-2.13248,0.732346,0.543257,-1.41637,2.29549,-15.0916,5.1282,-28.083,21.3431,3.19316,-2.03077,0.619781,0.514286,-0.139811,0.128366,-0.604067,0.615892,-1.75917,1.78512,-0.742924,0.683414,11.7931,-2.45956,-0.150678,0.155128,-0.767003,0.673894,-2.07078,2.02066,-0.645489,0.623934,0,0,0.00610542,0.00610542,0.00610542,0.00610542,-0.0305252,0.0305252,0.00488472,-0.00488472,1.08791,0.23077,
-1.32428,2.40301,-14.9016,4.56228,-27.4173,21.1214,3.80416,-2.48279,0.742136,0.534752,-1.31868,2.29549,-14.9939,5.1282,-27.9854,20.8547,3.37094,-2.14017,0.646152,0.514286,-0.139048,0.128366,-0.604067,0.616274,-1.76032,1.78588,-0.742924,0.683414,11.8156,-2.45422,-0.152337,0.154456,-0.769844,0.666762,-2.06679,2.02198,-0.637497,0.614203,0,0,0.0427341,-0.0183144,-0.00610542,-0.00610542,-0.054945,0.0427341,-0.00488472,-0.00488472,1.08791,0.20879,
-1.52931,2.46935,-15.3493,4.11984,-27.8944,20.6953,4.03912,-2.65238,0.67407,0.5743,-1.41637,2.1978,-14.9939,4.54213,-27.6923,20.8547,3.69914,-2.4,0.619781,0.567032,-0.137903,0.128366,-0.603685,0.615892,-1.76108,1.78664,-0.742924,0.683414,11.8374,-2.45193,-0.153064,0.1556,-0.774029,0.661058,-2.07244,2.0172,-0.63097,0.609004,0,0,0.054945,-0.00610542,0.00610542,-0.0183144,-0.0427341,0.0183144,-0.00488472,-0.0146523,1.21978,0.0988998,
-1.03021,2.6191,-14.4269,4.52297,-28.517,19.5681,4.45602,-2.96424,0.618078,0.629448,-1.41637,2.1978,-15.1893,4.1514,-28.083,20.5617,3.90427,-2.59145,0.567032,0.593407,-0.137903,0.128366,-0.604067,0.615892,-1.76108,1.78779,-0.742924,0.683032,11.866,-2.45193,-0.149553,0.157264,-0.765383,0.665944,-2.07814,2.00663,-0.61939,0.600448,0,0,-0.00610542,-0.00610542,-0.0305252,-0.00610542,-0.00610542,0.0427341,-0.00488472,-0.00488472,1.32967,-0.0109901,
-1.1852,2.65328,-14.912,4.00384,-28.883,19.1297,4.70245,-3.05278,0.589877,0.614614,-1.31868,2.29549,-14.9939,4.24908,-28.5714,19.4872,4.28718,-2.87863,0.540661,0.593407,-0.137903,0.128366,-0.604067,0.615511,-1.76108,1.78893,-0.742924,0.683032,11.8954,-2.45193,-0.150462,0.157644,-0.768738,0.659795,-2.08221,2.00372,-0.612544,0.5975,0,0,0.0183144,-0.00610542,0.0305252,-0.00610542,-0.00610542,0.0671558,-0.00488472,-0.0146523,1.35165,0.0109901,
-1.38065,2.85252,-14.8285,3.71201,-28.6754,19.1036,4.84176,-3.26311,0.552534,0.622128,-1.22101,2.49084,-14.8962,4.05373,-28.7668,19.1941,4.56068,-3.02906,0.540661,0.593407,-0.137903,0.128366,-0.603685,0.615511,-1.76146,1.78931,-0.742924,0.682269,11.9224,-2.45193,-0.153447,0.159858,-0.76865,0.656552,-2.0815,2.00096,-0.608675,0.589918,0,0,-0.00610542,-0.00610542,-0.00610542,-0.00610542,-0.0427341,-0.0183144,-0.00488472,-0.0341873,1.37363,-0.0109901,
-1.64275,3.07743,-15.1063,3.05004,-28.449,18.7318,4.9991,-3.54688,0.515289,0.616389,-1.41637,2.58852,-15.0916,3.66301,-28.7668,18.9011,4.75214,-3.30256,0.514286,0.593407,-0.138285,0.128366,-0.603685,0.615511,-1.76261,1.78931,-0.742924,0.682269,11.953,-2.45193,-0.157148,0.162357,-0.771737,0.650011,-2.08135,1.99683,-0.604304,0.583012,0,0,-0.0183144,-0.00610542,-0.00610542,0.0183144,-0.0793648,-0.0183144,-0.00488472,-0.0146523,1.37363,-0.0109901,
-1.81822,3.39767,-15.3757,2.68868,-29.1554,17.6101,5.25539,-3.79679,0.466675,0.612825,-1.41637,2.6862,-14.9939,3.46764,-28.7668,18.7057,4.82051,-3.45299,0.514286,0.593407,-0.138285,0.128366,-0.603685,0.615511,-1.76299,1.78969,-0.742924,0.682269,11.9781,-2.45193,-0.158284,0.166322,-0.774323,0.645589,-2.08755,1.98556,-0.597185,0.576558,0,0,0.00610542,0.00610542,0.00610542,0.00610542,-0.0183144,0.00610542,-0.00488472,-0.00488472,1.3956,-0.0109901,
-1.48695,3.802,-15.0024,2.95575,-29.7512,16.4649,5.67981,-4.04497,0.435695,0.619769,-1.80708,3.07692,-15.3846,2.78389,-29.2552,17.5336,5.16239,-3.7812,0.46154,0.567032,-0.138666,0.128366,-0.603685,0.615129,-1.76337,1.79007,-0.742924,0.682269,12.014,-2.45193,-0.156612,0.170407,-0.770583,0.647361,-2.09414,1.97322,-0.585396,0.569664,0,0,-0.0427341,-0.00610542,-0.00610542,-0.0183144,-0.00610542,0.00610542,-0.00488472,-0.00488472,1.3956,-0.0109901,
-1.71901,4.19727,-15.5169,2.76318,-30.1948,16.3078,5.60703,-3.90981,0.444569,0.629635,-1.61172,3.36996,-15.3846,2.88156,-29.8413,16.5568,5.51795,-4,0.46154,0.593407,-0.139429,0.128366,-0.603685,0.614748,-1.76337,1.79007,-0.742924,0.682269,12.0327,-2.45193,-0.160361,0.174392,-0.775892,0.644026,-2.09907,1.97107,-0.587417,0.573419,0,0,-0.054945,-0.0183144,0.00610542,-0.0427341,-0.00610542,-0.00610542,-0.00488472,-0.00488472,1.30769,-0.0109901,
-2.22161,4.65297,-15.832,2.46094,-30.0779,16.1866,5.3944,-3.85712,0.404785,0.641098,-1.61172,3.66301,-15.3846,2.78389,-30.1343,16.3614,5.58633,-4.02735,0.435165,0.593407,-0.140574,0.128366,-0.603304,0.613604,-1.76337,1.78969,-0.742924,0.682269,12.0617,-2.45193,-0.165869,0.179456,-0.779825,0.640744,-2.09818,1.96812,-0.593323,0.574883,0,0,-0.0183144,-0.0183144,-0.0183144,-0.00610542,-0.0183144,-0.0427341,-0.00488472,-0.00488472,1.30769,-0.0109901,
-2.33924,5.01194,-15.9501,2.27113,-30.3567,15.0724,5.38023,-3.82497,0.410719,0.656017,-2.10013,4.24908,-15.873,2.49084,-30.3297,15.9707,5.39487,-3.8906,0.408791,0.593407,-0.140955,0.128366,-0.603304,0.613604,-1.76337,1.78931,-0.742924,0.682269,12.0918,-2.45193,-0.16715,0.183851,-0.781138,0.639042,-2.10087,1.95617,-0.593717,0.575776,0,0,-0.00610542,-0.00610542,-0.0183144,0.00610542,-0.00610542,-0.0183144,-0.00488472,-0.00488472,1.24176,-0.0109901,
-2.40703,5.30535,-16.1264,2.38071,-30.4709,14.4472,5.25632,-3.74286,0.409682,0.675275,-2.39316,4.6398,-16.0684,2.1978,-30.4274,15.2869,5.34017,-3.90427,0.46154,0.619781,-0.140955,0.128748,-0.603304,0.613604,-1.76299,1.78931,-0.742924,0.682269,12.1105,-2.45193,-0.168717,0.187493,-0.782283,0.639445,-2.10135,1.94963,-0.597159,0.578056,0,0,-0.0305252,-0.00610542,0.00610542,-0.0183144,0.00610542,-0.00610542,-0.00488472,-0.00488472,1.1978,-0.0109901,
-2.59234,5.55734,-16.051,2.05976,-29.6886,14.1317,5.25879,-3.89406,0.430903,0.697351,-2.29549,5.03052,-16.1661,2.10013,-30.6227,14.4078,5.23077,-3.8359,0.487911,0.619781,-0.142099,0.128748,-0.603304,0.613604,-1.76299,1.78931,-0.742924,0.682269,12.1376,-2.45193,-0.173142,0.190293,-0.782259,0.636693,-2.09347,1.94572,-0.59709,0.573857,0,0,-0.0671558,-0.00610542,-0.0183144,0.00610542,-0.0183144,-0.0183144,-0.00488472,-0.00488472,1.10989,-0.0109901,
-2.96269,5.94062,-16.076,2.23502,-29.3736,13.9127,5.11077,-3.84934,0.430896,0.721675,-2.49084,5.32356,-16.2637,2.00244,-29.9389,14.0171,5.20342,-3.91795,0.435165,0.646152,-0.143625,0.128748,-0.603685,0.613604,-1.76337,1.78893,-0.742924,0.682269,12.1616,-2.45193,-0.177969,0.194551,-0.782918,0.638234,-2.08954,1.94372,-0.601202,0.575099,0,0,-0.0427341,-0.00610542,-0.0183144,-0.00610542,0.00610542,0.00610542,-0.00488472,-0.00488472,1.06593,-0.0109901,
-3.16853,6.30857,-16.2038,2.26407,-29.4393,13.497,5.05238,-3.76699,0.435486,0.747812,-2.6862,5.51892,-16.2637,2.00244,-29.6459,13.8217,5.13504,-3.91795,0.46154,0.646152,-0.144388,0.128748,-0.603685,0.613604,-1.76299,1.78893,-0.742924,0.682269,12.1803,-2.45193,-0.180612,0.198233,-0.784338,0.638556,-2.08989,1.93869,-0.602824,0.577386,0,0,-0.0305252,-0.0183144,-0.0183144,-0.00610542,0.00610542,-0.00610542,-0.00488472,-0.00488472,1.02198,-0.0109901,
-3.43609,6.44529,-16.3561,2.25824,-28.8518,13.9675,4.86244,-3.75568,0.447093,0.777513,-3.07692,6.00732,-16.3614,2.10013,-29.5482,13.431,5.01197,-3.8359,0.487911,0.698902,-0.145914,0.129129,-0.603685,0.613604,-1.76299,1.78855,-0.742924,0.682269,12.2017,-2.45193,-0.185924,0.20054,-0.785216,0.638899,-2.08336,1.94191,-0.6081,0.578189,0,0,-0.054945,-0.00610542,0.00610542,0.00610542,0.00610542,-0.054945,-0.00488472,0.00488472,0.956043,-0.0109901,
-3.78005,6.61067,-16.5833,1.79227,-28.2709,14.3148,4.77615,-3.81463,0.443752,0.806849,-3.17461,6.20268,-16.4591,2.00244,-29.0598,13.9194,4.84786,-3.79487,0.46154,0.725273,-0.147058,0.129129,-0.603685,0.613985,-1.76299,1.78702,-0.742924,0.682269,12.2208,-2.45193,-0.191298,0.202785,-0.788555,0.634917,-2.07731,1.94384,-0.610497,0.576063,0,0,-0.0671558,0.00610542,-0.0183144,0.0305252,-0.00610542,-0.0671558,-0.00488472,-0.00488472,0.912086,-0.0109901,
-3.70346,6.97773,-16.6116,2.31811,-28.3997,14.5777,4.55524,-3.69915,0.429827,0.842213,-3.56532,6.39804,-16.6544,1.90475,-28.6691,14.2124,4.75214,-3.8359,0.46154,0.751648,-0.148966,0.129129,-0.603685,0.613985,-1.76299,1.78588,-0.742924,0.682269,12.2368,-2.45193,-0.193575,0.206049,-0.788056,0.639131,-2.07752,1.94602,-0.616633,0.579271,0,0,-0.103785,-0.0183144,0.00610542,-0.0183144,0.0305252,-0.054945,-0.00488472,-0.00488472,0.89011,-0.0109901,
-3.91255,6.93205,-16.2195,2.50405,-28.1403,14.803,4.53242,-3.675,0.443327,0.881838,-3.76068,6.49573,-16.7521,1.80708,-28.5714,14.4078,4.65641,-3.79487,0.435165,0.778023,-0.149729,0.129129,-0.603304,0.613985,-1.76223,1.78473,-0.742924,0.682269,12.2555,-2.45193,-0.194626,0.206356,-0.784131,0.642418,-2.07388,1.94738,-0.617267,0.579942,0,0,-0.0427341,0.00610542,-0.0183144,0.0183144,0.0305252,-0.054945,-0.00488472,-0.00488472,0.824177,-0.0109901,
-3.64754,7.04237,-15.6979,3.17479,-28.4877,14.8916,4.5311,-3.57942,0.44862,0.924226,-3.95604,6.78877,-16.4591,2.29549,-28.5714,14.6032,4.49231,-3.68547,0.46154,0.830769,-0.150873,0.129129,-0.603685,0.613985,-1.7607,1.78397,-0.742924,0.682651,12.2704,-2.45193,-0.193233,0.206767,-0.778717,0.649057,-2.07459,1.94842,-0.617304,0.582978,0,0,-0.054945,-0.0183144,-0.0183144,-0.00610542,0.0793648,-0.0305252,-0.00488472,-0.00488472,0.78022,-0.0109901,
-3.80433,6.76207,-15.4135,3.52701,-28.4214,15.4718,4.33303,-3.31116,0.465728,0.967045,-4.05373,6.69109,-16.2637,2.58852,-28.5714,14.7009,4.47863,-3.65812,0.435165,0.857143,-0.150873,0.129511,-0.603685,0.613604,-1.75956,1.78321,-0.742924,0.682651,12.2868,-2.45193,-0.19294,0.205255,-0.775557,0.652182,-2.07392,1.9541,-0.622806,0.59043,0,0,0.00610542,0.0183144,-0.0183144,-0.0183144,0.0427341,-0.0305252,-0.00488472,-0.00488472,0.714287,-0.0109901,
-3.97419,6.15783,-15.7526,3.15852,-28.224,16.6761,4.06031,-3.26821,0.454511,1.00187,-3.95604,6.39804,-15.6777,3.17461,-28.6691,15.3846,4.32821,-3.45299,0.487911,0.909889,-0.150492,0.131418,-0.603685,0.613985,-1.75841,1.78168,-0.742924,0.682651,12.3032,-2.45193,-0.194853,0.202891,-0.779324,0.649283,-2.07059,1.96392,-0.630381,0.5926,0,0,-0.00610542,0.0915756,-0.0183144,0.00610542,0.0427341,-0.0915756,-0.00488472,0.0146523,0.692307,-0.0109901,
-3.89523,6.37725,-15.7273,3.15214,-28.0351,16.9953,3.78534,-3.14724,0.441398,1.03384,-4.05373,6.39804,-15.9707,3.17461,-28.3761,16.2637,4.08205,-3.31624,0.46154,0.936264,-0.150492,0.131037,-0.603304,0.613985,-1.75803,1.78054,-0.742924,0.682651,12.3184,-2.45193,-0.193976,0.201285,-0.778662,0.647584,-2.06892,1.96795,-0.63802,0.594983,0,0,-0.00610542,-0.0183144,-0.0183144,-0.0427341,0.0183144,-0.0427341,-0.00488472,-0.00488472,0.67033,-0.0109901,
-3.63408,5.95864,-15.4738,3.13297,-27.9355,17.4448,3.68049,-3.16866,0.417284,1.06262,-4.1514,6.30037,-15.9707,2.97925,-28.2784,16.6544,3.93162,-3.26154,0.435165,0.962639,-0.150492,0.131037,-0.603304,0.613985,-1.75765,1.78016,-0.742924,0.683032,12.3291,-2.45193,-0.191481,0.19704,-0.775439,0.648592,-2.06743,1.97215,-0.640932,0.595258,0,0,-0.0183144,-0.00610542,-0.00610542,-0.00610542,0.0183144,-0.054945,-0.00488472,0.00488472,0.67033,-0.0109901,
-3.53926,5.60844,-15.4536,2.89913,-27.7037,17.7051,3.71745,-3.25107,0.443984,1.08757,-3.95604,6.00732,-15.7753,2.97925,-28.083,17.0452,3.67179,-3.17949,0.408791,1.01538,-0.150492,0.131037,-0.602922,0.613604,-1.75765,1.77977,-0.742924,0.683032,12.3428,-2.45193,-0.189613,0.192742,-0.774426,0.645206,-2.06567,1.97589,-0.639906,0.59248,0,0,0.00610542,-0.0183144,0.00610542,-0.0183144,-0.00610542,-0.0183144,-0.00488472,-0.00488472,0.582417,-0.0109901,
-3.35223,5.21243,-15.2151,2.91505,-27.6923,18.1703,3.57947,-3.2372,0.468206,1.10775,-3.76068,5.51892,-15.58,2.78389,-27.79,17.4359,3.65812,-3.24786,0.435165,1.01538,-0.15011,0.131037,-0.603304,0.613604,-1.75765,1.78016,-0.742924,0.683032,12.3528,-2.45193,-0.187154,0.188749,-0.773378,0.645383,-2.06595,1.98184,-0.643738,0.592865,0,0,0.00610542,-0.00610542,-0.0305252,-0.0183144,-0.0183144,-0.00610542,-0.00488472,-0.00488472,0.516483,-0.0109901,
-3.03491,4.8688,-15.1311,2.94614,-27.8045,18.6463,3.43516,-3.16222,0.451499,1.12272,-3.66301,5.32356,-15.4823,2.6862,-27.8877,17.7289,3.61709,-3.24786,0.487911,1.04176,-0.15011,0.130655,-0.603304,0.613985,-1.75803,1.78016,-0.742924,0.683032,12.3653,-2.45193,-0.184035,0.18455,-0.772037,0.646923,-2.06758,1.98713,-0.647747,0.594948,0,0,-0.00610542,-0.00610542,-0.0183144,0.00610542,-0.0183144,-0.00610542,-0.00488472,-0.00488472,0.53846,-0.0109901,
-2.87017,4.5855,-15.3445,3.16971,-28.1428,19.2674,3.28171,-3.06264,0.465101,1.13276,-3.36996,4.83516,-15.3846,2.78389,-27.9854,18.4127,3.42564,-3.12479,0.46154,1.06813,-0.15011,0.130655,-0.603304,0.613604,-1.75803,1.78016,-0.742924,0.683032,12.3756,-2.45193,-0.181391,0.181402,-0.774002,0.648212,-2.07093,1.99403,-0.652009,0.597714,0,0,0.0183144,-0.00610542,-0.00610542,-0.0183144,-0.00610542,-0.00610542,-0.00488472,-0.00488472,0.516483,-0.0109901,
-2.83707,4.33078,-15.4867,3.41878,-28.2227,20.0176,2.96496,-2.83327,0.565261,1.13937,-3.36996,4.54213,-15.4823,2.88156,-28.1807,18.8034,3.31624,-3.16581,0.487911,1.09451,-0.149347,0.130655,-0.603304,0.613604,-1.75803,1.78016,-0.742924,0.683032,12.3833,-2.45193,-0.179446,0.178572,-0.775175,0.651387,-2.07223,2.00196,-0.660808,0.604086,0,0,0.0427341,-0.00610542,0.00610542,-0.00610542,-0.0183144,-0.0183144,-0.00488472,-0.00488472,0.362637,-0.0109901,
-2.68515,4.10846,-15.5675,3.57665,-28.6885,20.1502,2.796,-2.62781,0.538151,1.14033,-3.17461,4.24908,-15.58,3.17461,-28.3761,19.6825,3.00171,-2.85128,0.487911,1.09451,-0.14744,0.130655,-0.603304,0.613604,-1.75803,1.78054,-0.742924,0.683032,12.3936,-2.45193,-0.175036,0.176508,-0.77648,0.653548,-2.07699,2.00504,-0.665501,0.609793,0,0,0.0671558,0.00610542,-0.00610542,0.00610542,-0.00610542,0.0183144,-0.00488472,-0.00488472,0.472527,-0.0109901,
-2.18165,3.95073,-15.568,4.17482,-28.8179,20.8611,2.46392,-2.32993,0.600483,1.13817,-2.88156,4.05373,-15.6777,3.46764,-28.7668,19.9756,2.76923,-2.68718,0.540661,1.09451,-0.14744,0.130655,-0.603304,0.613604,-1.75803,1.78054,-0.742924,0.683032,12.4008,-2.45193,-0.171884,0.174349,-0.776486,0.65938,-2.07884,2.01253,-0.674726,0.618067,0,0,-0.00610542,-0.00610542,-0.00610542,-0.0183144,-0.0183144,0.00610542,-0.00488472,-0.00488472,0.42857,-0.0109901,
-2.01189,3.88308,-15.5292,4.42618,-28.6249,21.3135,2.3391,-2.16703,0.626036,1.12962,-2.58852,4.05373,-15.6777,3.85837,-28.8645,20.5617,2.5094,-2.42735,0.514286,1.09451,-0.147058,0.130274,-0.603304,0.613604,-1.75841,1.78054,-0.742924,0.683032,12.41,-2.45193,-0.169209,0.171995,-0.776054,0.662987,-2.07708,2.01756,-0.678193,0.622593,0,0,0.00610542,-0.0427341,-0.00610542,0.00610542,-0.0183144,0.00610542,-0.00488472,-0.00488472,0.472527,-0.0109901,
-2.24628,3.90193,-15.4587,4.70957,-28.5086,21.3657,2.28673,-1.97828,0.763248,1.11851,-2.58852,3.95604,-15.6777,4.1514,-28.7668,20.8547,2.33162,-2.24957,0.540661,1.09451,-0.14477,0.128748,-0.603685,0.613604,-1.75879,1.78168,-0.742924,0.683032,12.4187,-2.45193,-0.166676,0.169864,-0.776466,0.665322,-2.07657,2.0205,-0.679648,0.627347,0,0,0.0915756,-0.0671558,-0.0305252,-0.0183144,-0.0305252,0.0427341,-0.00488472,-0.0146523,0.34066,-0.0109901,
-1.72544,3.57045,-15.2536,5.37154,-28.8822,21.517,2.07884,-1.66764,0.705665,1.10541,-2.29549,3.66301,-15.6777,4.44444,-28.7668,21.1477,2.24957,-2.00342,0.619781,1.06813,-0.144388,0.128748,-0.603685,0.613985,-1.75879,1.78244,-0.742924,0.683032,12.4287,-2.45193,-0.162542,0.168216,-0.77378,0.673058,-2.07991,2.02295,-0.685422,0.636464,0,0,0.0305252,-0.00610542,-0.0183144,-0.0183144,-0.00610542,0.0427341,-0.00488472,-0.00488472,0.582417,-0.0109901,
-1.75454,3.38377,-15.2468,5.40807,-28.4514,21.6962,2.04853,-1.53052,0.797482,1.08839,-2.29549,3.56532,-15.6777,4.54213,-28.7668,21.1477,2.1812,-1.94872,0.593407,1.06813,-0.143244,0.128748,-0.603685,0.613985,-1.75917,1.78321,-0.742924,0.683032,12.439,-2.45193,-0.1605,0.165735,-0.773298,0.674278,-2.07632,2.02652,-0.686264,0.640273,0,0,0.0671558,-0.0183144,-0.00610542,0.00610542,-0.0305252,0.0671558,-0.00488472,-0.00488472,0.53846,-0.0109901,
-1.73582,3.18189,-15.4105,5.40169,-28.3658,21.6979,2.0783,-1.44016,0.809101,1.06408,-2.1978,3.27228,-15.3846,5.22589,-28.5714,21.4408,2.00342,-1.64786,0.619781,1.06813,-0.141336,0.128748,-0.603685,0.613985,-1.75994,1.78473,-0.742924,0.683032,12.4527,-2.45193,-0.158385,0.163899,-0.775116,0.673393,-2.07654,2.02725,-0.685437,0.642783,0,0,0.0671558,-0.00610542,-0.00610542,-0.0183144,-0.0427341,0.0427341,-0.00488472,-0.00488472,0.64835,-0.0109901,
-1.35993,3.0024,-15.1687,5.28975,-28.0439,21.4793,2.34009,-1.61909,0.813052,1.03432,-1.90475,3.07692,-15.4823,5.1282,-28.4738,21.4408,2.01709,-1.51111,0.698902,1.04176,-0.140192,0.128748,-0.603685,0.614367,-1.76108,1.7855,-0.742924,0.683032,12.466,-2.45193,-0.155506,0.161904,-0.772836,0.673345,-2.07411,2.02599,-0.678166,0.637813,0,0,-0.00610542,-0.00610542,-0.0183144,0.00610542,-0.0427341,0.054945,-0.00488472,-0.00488472,0.758244,-0.0109901,
-1.24922,2.86888,-15.0325,5.43874,-28.1021,21.3318,2.62657,-1.74852,0.84619,1.00534,-1.80708,2.97925,-15.4823,5.1282,-28.2784,21.2454,2.14017,-1.56581,0.646152,1.01538,-0.140192,0.128748,-0.604067,0.613985,-1.76146,1.78702,-0.742924,0.683032,12.484,-2.45193,-0.154276,0.160421,-0.771705,0.674212,-2.07473,2.02587,-0.670208,0.634218,0,0,-0.00610542,-0.00610542,-0.0183144,-0.00610542,-0.0305252,0.054945,-0.00488472,-0.00488472,0.802197,-0.0109901,
-1.18718,2.78592,-15.0375,5.20819,-27.7243,21.0168,2.8786,-1.85256,0.769441,0.972736,-1.41637,2.78389,-15.2869,5.22589,-28.1807,21.1477,2.52308,-1.74359,0.672527,0.98901,-0.140192,0.128748,-0.603685,0.613985,-1.76261,1.78855,-0.742924,0.682651,-12.4928,-2.45193,-0.153586,0.159092,-0.769751,0.671243,-2.0733,2.0239,-0.663207,0.630458,0,0,-0.00610542,-0.0183144,0.0305252,-0.0183144,-0.0793648,0.054945,-0.00488472,-0.0146523,1.02198,-0.0109901,
-1.04736,2.69152,-14.9048,4.91222,-27.9067,20.6764,3.31584,-2.20523,0.735184,0.936268,-1.41637,2.6862,-15.0916,5.03052,-27.9854,20.8547,2.75556,-1.88034,0.646152,0.936264,-0.140192,0.128748,-0.603685,0.613985,-1.76337,1.78969,-0.742924,0.682651,-12.4714,-2.45193,-0.15244,0.15845,-0.770312,0.667548,-2.07487,2.02086,-0.651061,0.62115,0,0,-0.0183144,-0.00610542,-0.0305252,-0.0305252,-0.0427341,0.0427341,-0.00488472,-0.00488472,1.13187,-0.0109901,
-1.07817,2.63998,-14.5209,4.78042,-27.7778,20.2904,3.85423,-2.60356,0.715811,0.903286,-1.31868,2.58852,-15.0916,4.83516,-28.083,20.464,3.15214,-2.11282,0.593407,0.936264,-0.139811,0.128748,-0.604067,0.613985,-1.76413,1.79046,-0.742924,0.682651,-12.4454,-2.45193,-0.151587,0.157878,-0.766428,0.667304,-2.07379,2.01733,-0.636106,0.609109,0,0,0.00610542,-0.00610542,-0.0305252,0.00610542,-0.0305252,0.0427341,-0.00488472,-0.0244198,1.1978,-0.0109901,
-1.15907,2.70825,-14.8177,4.58768,-28.2453,20.0894,4.21523,-2.84659,0.67142,0.872905,-1.22101,2.58852,-14.9939,4.6398,-27.9854,20.2686,3.52137,-2.4547,0.593407,0.909889,-0.139811,0.128366,-0.604067,0.613985,-1.76413,1.79122,-0.742924,0.682651,-12.4222,-2.45193,-0.152486,0.158255,-0.768504,0.664756,-2.07858,2.01545,-0.626078,0.603334,0,0,0.00610542,-0.00610542,0.00610542,-0.00610542,-0.0183144,0.0305252,-0.00488472,-0.00488472,1.28571,-0.0109901,
-1.18902,2.77778,-14.7064,4.36135,-28.3641,19.6766,4.53621,-3.09818,0.65404,0.845025,-1.22101,2.49084,-14.8962,4.54213,-28.2784,19.9756,4.06837,-2.81026,0.593407,0.857143,-0.139811,0.128748,-0.603685,0.613985,-1.76451,1.7916,-0.742924,0.682269,-12.3962,-2.45193,-0.152818,0.159409,-0.767293,0.662241,-2.08069,2.01084,-0.617162,0.595476,0,0,0.00610542,-0.00610542,-0.00610542,-0.00610542,-0.0305252,0.0183144,-0.00488472,-0.0146523,1.30769,-0.0109901,
-1.13082,2.95087,-14.7135,4.04434,-28.6946,19.2316,5.0134,-3.52153,0.589901,0.817808,-1.31868,2.58852,-14.8962,4.24908,-28.5714,19.5849,4.39658,-3.11111,0.593407,0.830769,-0.140192,0.128366,-0.603685,0.613985,-1.76451,1.79198,-0.742924,0.682269,-12.3741,-2.45193,-0.153367,0.160543,-0.767372,0.659126,-2.08314,2.00506,-0.603907,0.584204,0,0,-0.0183144,-0.0183144,-0.00610542,0.00610542,0.00610542,-0.0183144,-0.00488472,-0.00488472,1.3956,-0.0109901,
-1.27405,3.11395,-14.9467,3.68451,-29.1802,18.6659,5.32147,-3.73565,0.538146,0.794906,-1.31868,2.6862,-14.8962,4.1514,-28.7668,19.2918,4.71111,-3.37094,0.514286,0.804394,-0.140192,0.128366,-0.603685,0.613604,-1.76451,1.79198,-0.742924,0.682269,-12.3402,-2.45193,-0.154552,0.162762,-0.769964,0.654339,-2.08854,1.99918,-0.595349,0.578257,0,0,-0.00610542,-0.00610542,-0.00610542,-0.00610542,0.00610542,-0.00610542,-0.00488472,-0.00488472,1.43956,-0.0109901,
-1.37638,3.40385,-14.9036,3.41607,-29.3232,18.0597,5.66243,-4.06099,0.529652,0.778166,-1.31868,2.78389,-14.9939,3.66301,-29.2552,18.6081,5.17607,-3.74017,0.487911,0.778023,-0.140192,0.128366,-0.603685,0.613604,-1.76451,1.7916,-0.742924,0.682269,-12.3089,-2.45193,-0.155689,0.165577,-0.769484,0.650949,-2.09053,1.99206,-0.585878,0.56922,0,0,-0.00610542,-0.0183144,-0.00610542,-0.0183144,-0.00610542,-0.00610542,-0.00488472,-0.00488472,1.3956,-0.0109901,
-1.41846,3.60098,-15.1665,2.91498,-29.7595,17.2311,5.94738,-4.23232,0.494721,0.765924,-1.41637,3.07692,-15.0916,3.36996,-29.4505,18.022,5.51795,-3.98632,0.487911,0.751648,-0.140192,0.128366,-0.603685,0.613604,-1.76451,1.79198,-0.742924,0.682269,-12.2833,-2.45193,-0.15697,0.168581,-0.771999,0.645382,-2.09579,1.98283,-0.577963,0.56446,0,0,-0.0305252,0.00610542,0.00610542,-0.0183144,-0.0183144,-0.0183144,-0.00488472,-0.00488472,1.3956,-0.0109901,
-1.65145,4.00677,-15.3645,2.45301,-30.2716,16.4502,6.13355,-4.3952,0.44223,0.758519,-1.51404,3.27228,-15.2869,2.88156,-29.8413,17.2405,5.80513,-4.23248,0.487911,0.751648,-0.140192,0.128366,-0.603685,0.613604,-1.76451,1.79198,-0.742924,0.682269,-12.2551,-2.45193,-0.158338,0.172683,-0.775012,0.640656,-2.10066,1.97456,-0.572792,0.559936,0,0,0.00610542,-0.00610542,-0.0183144,-0.00610542,0.00610542,-0.00610542,-0.00488472,-0.00488472,1.41758,-0.0109901,
-1.76926,4.36359,-15.6384,2.10123,-30.3447,15.8929,6.27866,-4.53743,0.421082,0.757521,-1.7094,3.66301,-15.58,2.49084,-30.3297,16.4591,6.02393,-4.42393,0.46154,0.725273,-0.140574,0.128366,-0.603685,0.613222,-1.7649,1.7916,-0.742924,0.682269,-12.225,-2.45193,-0.160842,0.176647,-0.777649,0.635959,-2.10267,1.96758,-0.568761,0.555985,0,0,-0.0183144,-0.00610542,-0.00610542,-0.0183144,-0.0183144,-0.0183144,-0.00488472,-0.00488472,1.37363,-0.0109901,
-2.04816,4.72836,-15.8381,1.8235,-30.5189,15.2472,6.30912,-4.58547,0.452618,0.762475,-1.80708,3.95604,-15.7753,2.10013,-30.4274,15.7753,6.17436,-4.53333,0.487911,0.725273,-0.140574,0.128748,-0.603685,0.613222,-1.76528,1.7916,-0.742924,0.682269,-12.1986,-2.45193,-0.163534,0.181082,-0.780275,0.632873,-2.10458,1.9604,-0.567915,0.554651,0,0,-0.00610542,-0.00610542,-0.0183144,-0.0183144,-0.00610542,-0.0183144,-0.00488472,-0.00488472,1.24176,-0.0109901,
-2.06727,5.09548,-16.0419,1.6097,-30.7199,14.4011,6.33886,-4.56268,0.392859,0.772135,-1.90475,4.24908,-15.873,1.80708,-30.6227,15.2869,6.22906,-4.61539,0.435165,0.725273,-0.140955,0.128748,-0.603685,0.613222,-1.76528,1.7916,-0.742924,0.682269,-12.1727,-2.45193,-0.164942,0.185161,-0.782133,0.630904,-2.10681,1.95141,-0.567088,0.555284,0,0,-0.0305252,-0.00610542,-0.00610542,-0.00610542,-0.00610542,-0.00610542,-0.00488472,-0.00488472,1.28571,-0.0109901,
-2.23397,5.44189,-16.143,1.67382,-30.6471,13.9708,6.28282,-4.51905,0.404035,0.788146,-2.10013,4.73749,-16.1661,1.61172,-30.8181,14.3101,6.27008,-4.60171,0.408791,0.725273,-0.141718,0.128748,-0.603685,0.612841,-1.76528,1.7916,-0.742924,0.682269,-12.146,-2.45193,-0.167557,0.18901,-0.783256,0.630828,-2.10601,1.94622,-0.568645,0.556496,0,0,-0.0305252,-0.00610542,-0.00610542,-0.0183144,-0.00610542,-0.0183144,-0.00488472,-0.00488472,1.1978,-0.0109901,
-2.47093,5.86153,-16.2519,1.90724,-30.2849,13.8157,6.07164,-4.42806,0.39289,0.807162,-2.10013,5.1282,-16.2637,1.7094,-30.8181,13.8217,6.22906,-4.51966,0.46154,0.751648,-0.142481,0.128748,-0.603685,0.612078,-1.76528,1.7916,-0.742924,0.682269,-12.1273,-2.45193,-0.172174,0.193266,-0.784058,0.631438,-2.10198,1.9445,-0.574511,0.559023,0,0,-0.0671558,-0.0183144,0.00610542,-0.054945,-0.00610542,-0.0183144,-0.00488472,-0.00488472,1.15385,-0.0109901,
-2.79025,6.18094,-16.3586,2.05637,-29.9943,13.5744,5.85132,-4.25217,0.410268,0.829706,-2.1978,5.32356,-16.3614,1.7094,-30.7204,13.8217,6.14701,-4.51966,0.46154,0.751648,-0.144007,0.128748,-0.603685,0.610933,-1.76528,1.7916,-0.742924,0.682269,-12.1029,-2.45193,-0.176434,0.196815,-0.784837,0.632764,-2.09875,1.94182,-0.580631,0.563909,0,0,-0.0427341,-0.0183144,0.0183144,-0.0305252,-0.00610542,-0.0183144,-0.00488472,-0.00488472,1.06593,-0.0109901,
-3.07212,6.32673,-16.3314,2.02451,-29.7913,13.2909,5.77459,-4.24681,0.435676,0.854962,-2.78389,5.71428,-16.4591,1.7094,-30.3297,13.5287,5.84615,-4.32821,0.382416,0.778023,-0.144388,0.129129,-0.603304,0.611315,-1.7649,1.79084,-0.742924,0.682269,-12.08,-2.45193,-0.17954,0.200037,-0.784967,0.633606,-2.0953,1.9375,-0.582763,0.564058,0,0,-0.0305252,0.0183144,-0.00610542,-0.00610542,0.0183144,-0.0305252,-0.00488472,-0.00488472,0.978024,-0.0109901,
-3.17691,6.587,-16.1533,2.46063,-29.1255,13.8431,5.51573,-4.15864,0.424026,0.883626,-2.88156,6.10501,-16.4591,1.80708,-29.9389,13.3333,5.72308,-4.32821,0.46154,0.804394,-0.145533,0.129511,-0.603304,0.611315,-1.76451,1.79007,-0.742924,0.682269,-12.0621,-2.45193,-0.184291,0.202903,-0.782582,0.638452,-2.08793,1.94124,-0.589953,0.566507,0,0,-0.103785,0.00610542,0.00610542,-0.00610542,0.00610542,-0.0793648,-0.00488472,-0.00488472,0.956043,-0.0109901,
-3.42395,6.8586,-16.0824,2.3816,-28.4275,13.9978,5.30309,-4.10079,0.419956,0.913269,-2.88156,6.39804,-16.3614,2.10013,-29.4505,13.6264,5.51795,-4.19145,0.435165,0.830769,-0.147821,0.129129,-0.603304,0.611696,-1.76451,1.78893,-0.742924,0.682651,-12.0415,-2.45193,-0.189325,0.204726,-0.781794,0.638769,-2.08058,1.94304,-0.59586,0.568495,0,0,-0.103785,-0.0183144,0.00610542,0.0183144,-0.00610542,-0.0427341,-0.00488472,-0.00488472,0.912086,-0.0109901,
-3.66853,7.05737,-15.665,3.0195,-28.6162,13.7263,5.3247,-4.05044,0.437709,0.949151,-3.46764,6.49573,-16.1661,2.29549,-29.0598,13.7241,5.31282,-4.12308,0.435165,0.857143,-0.148966,0.129129,-0.603304,0.611315,-1.76375,1.78893,-0.742924,0.682651,-12.0243,-2.45193,-0.189931,0.207341,-0.777563,0.644661,-2.08029,1.94083,-0.59526,0.569894,0,0,-0.00610542,-0.00610542,-0.00610542,-0.00610542,0.0427341,-0.0183144,-0.00488472,-0.00488472,0.846153,-0.0109901,
-3.64708,6.78369,-15.4932,3.22101,-28.6496,13.9753,5.18648,-3.81707,0.432089,0.999321,-3.85837,6.49573,-15.9707,2.58852,-28.7668,13.7241,5.25812,-4.1094,0.435165,0.883518,-0.148966,0.130274,-0.603304,0.611315,-1.76299,1.78855,-0.742924,0.682651,-12.006,-2.45193,-0.190099,0.20748,-0.775654,0.647307,-2.08071,1.94322,-0.599099,0.576377,0,0,-0.0183144,0.054945,-0.00610542,0.00610542,0.0183144,-0.0183144,-0.00488472,-0.00488472,0.824177,-0.0329666,
-4.03099,6.58195,-15.9076,3.00885,-28.2884,15.181,4.86368,-3.6853,0.431617,1.0215,-3.85837,6.78877,-15.7753,2.88156,-28.7668,14.0171,5.17607,-3.86325,0.46154,0.909889,-0.148584,0.1318,-0.603304,0.611696,-1.76261,1.78702,-0.742924,0.682651,-11.9919,-2.45193,-0.193577,0.207171,-0.779445,0.645331,-2.07672,1.95265,-0.608066,0.580037,0,0,-0.00610542,0.0671558,0.0183144,0.00610542,0.00610542,-0.0915756,-0.00488472,-0.00488472,0.78022,-0.0109901,
-4.12725,6.89797,-15.6565,2.87162,-27.6022,15.5973,4.68474,-3.79472,0.428647,1.05193,-4.05373,6.69109,-15.873,2.97925,-28.4738,14.8962,4.88889,-3.71282,0.435165,0.962639,-0.148966,0.131037,-0.603304,0.611696,-1.76261,1.78588,-0.742924,0.682651,-11.9759,-2.45193,-0.195435,0.206663,-0.777876,0.642993,-2.0695,1.95776,-0.613036,0.577486,0,0,-0.0183144,-0.0305252,-0.0183144,-0.0183144,-0.00610542,-0.0427341,-0.00488472,0.00488472,0.736263,-0.0109901,
-3.98362,6.6807,-15.4903,3.14555,-28.0709,15.888,4.63792,-3.72851,0.431118,1.08418,-4.24908,6.69109,-15.873,2.78389,-28.083,15.3846,4.67009,-3.74017,0.435165,0.98901,-0.148966,0.131037,-0.603304,0.611696,-1.76223,1.78512,-0.742924,0.683032,-11.9587,-2.45193,-0.193432,0.205063,-0.775622,0.646036,-2.0727,1.96022,-0.614337,0.579218,0,0,-0.00610542,-0.00610542,-0.00610542,-0.0183144,0.0427341,-0.0427341,-0.00488472,-0.00488472,0.692307,-0.0109901,
-3.64932,6.35519,-15.1433,3.24256,-28.3694,16.0633,4.62631,-3.69637,0.47292,1.11659,-4.1514,6.5934,-15.7753,2.78389,-28.1807,15.4823,4.61538,-3.8359,0.435165,1.01538,-0.149347,0.131418,-0.603304,0.611696,-1.76108,1.78512,-0.742924,0.683032,-11.9488,-2.45193,-0.190506,0.201828,-0.771766,0.647521,-2.07406,1.96299,-0.614659,0.580111,0,0,-0.0183144,-0.00610542,-0.00610542,-0.00610542,0.0671558,-0.0183144,-0.00488472,-0.00488472,0.582417,-0.0109901,
-3.69197,6.04617,-15.2007,3.14652,-28.3426,16.6965,4.34542,-3.48001,0.428434,1.14478,-4.05373,6.30037,-15.3846,3.07692,-28.4738,15.9707,4.57436,-3.75385,0.487911,1.06813,-0.148966,0.131418,-0.603304,0.611696,-1.76032,1.78473,-0.742924,0.683032,-11.9331,-2.45193,-0.18897,0.197987,-0.77159,0.646454,-2.07463,1.97005,-0.622462,0.586121,0,0,0.0305252,-0.0183144,0.0183144,-0.00610542,0.0183144,-0.00610542,-0.00488472,-0.00488472,0.626373,-0.0109901,
-3.68034,5.67826,-15.4932,2.93727,-28.2357,17.6108,3.92106,-3.28213,0.467667,1.16511,-3.85837,6.00732,-15.3846,3.07692,-28.3761,16.5568,4.32821,-3.56239,0.46154,1.09451,-0.148584,0.131418,-0.602922,0.611315,-1.75994,1.78435,-0.742924,0.683032,-11.924,-2.45193,-0.188867,0.194306,-0.774865,0.642934,-2.07428,1.97901,-0.63425,0.591617,0,0,0.0183144,-0.00610542,0.00610542,-0.0305252,-0.0183144,-0.0305252,-0.00488472,-0.00488472,0.516483,-0.0109901,
-3.34877,5.41676,-15.4456,2.79581,-28.3653,17.8021,3.77451,-3.28978,0.458458,1.18008,-3.85837,5.71428,-15.58,2.88156,-28.4738,17.3382,3.93162,-3.31624,0.408791,1.12088,-0.148203,0.131037,-0.602541,0.611315,-1.76032,1.78397,-0.742924,0.683032,-11.911,-2.45193,-0.185615,0.190613,-0.774363,0.641769,-2.07529,1.98198,-0.638321,0.591405,0,0,-0.00610542,-0.0183144,-0.00610542,-0.0183144,0.00610542,0.00610542,-0.00488472,-0.00488472,0.516483,-0.0109901,
-2.97104,5.00325,-15.118,2.95081,-28.4267,18.0319,3.70217,-3.23811,0.495238,1.19337,-3.66301,5.32356,-15.58,2.58852,-28.4738,17.6313,3.75385,-3.37094,0.514286,1.14725,-0.148203,0.131037,-0.602922,0.610933,-1.76032,1.78435,-0.742924,0.683032,-11.8996,-2.45193,-0.181418,0.186018,-0.771103,0.643924,-2.07638,1.98532,-0.64033,0.59284,0,0,-0.00610542,-0.0183144,-0.00610542,0.00610542,-0.00610542,0.0183144,-0.00488472,-0.00488472,0.45055,-0.0109901,
-2.7527,4.58565,-15.0067,3.07929,-28.351,18.6193,3.6861,-3.27802,0.467288,1.20031,-3.36996,5.03052,-15.3846,2.6862,-28.5714,17.8266,3.71282,-3.27521,0.435165,1.14725,-0.147821,0.131037,-0.602922,0.610933,-1.76032,1.78435,-0.742924,0.683032,-11.8923,-2.45193,-0.17861,0.182192,-0.770274,0.644944,-2.07594,1.99144,-0.640776,0.591732,0,0,-0.00610542,0.00610542,-0.0183144,-0.00610542,-0.0183144,0.00610542,-0.00488472,-0.00488472,0.516483,-0.0109901,
-2.69597,4.37791,-15.244,3.22929,-28.4552,19.3577,3.39585,-3.08893,0.540869,1.20329,-3.07692,4.6398,-15.1893,2.88156,-28.4738,18.4127,3.63077,-3.31624,0.487911,1.14725,-0.147821,0.131037,-0.602922,0.611315,-1.7607,1.78473,-0.742924,0.683032,-11.882,-2.45193,-0.177166,0.17907,-0.772504,0.647399,-2.07748,2.00002,-0.648839,0.596984,0,0,0.0183144,-0.0183144,-0.00610542,0.00610542,-0.0183144,0.00610542,-0.00488472,-0.00488472,0.406593,-0.0109901,
-2.27986,4.1969,-15.1376,3.91672,-28.8606,19.8717,3.05774,-2.74178,0.546618,1.20344,-2.88156,4.34677,-15.2869,2.97925,-28.5714,19.0965,3.41197,-3.13846,0.487911,1.17363,-0.14744,0.130655,-0.602922,0.611315,-1.76108,1.78473,-0.742924,0.683032,-11.8729,-2.45193,-0.172975,0.177084,-0.771321,0.65463,-2.08196,2.00573,-0.658231,0.606139,0,0,-0.00610542,-0.00610542,-0.00610542,-0.00610542,-0.00610542,0.00610542,-0.00488472,-0.0146523,0.45055,-0.0109901,
-2.04945,3.9429,-15.1168,4.38067,-28.9715,20.4618,2.79199,-2.49109,0.610189,1.19994,-2.88156,4.1514,-15.2869,3.27228,-28.8645,19.4872,3.19316,-2.96068,0.567032,1.17363,-0.147058,0.130655,-0.602922,0.611315,-1.7607,1.78473,-0.742924,0.683032,-11.8656,-2.45193,-0.170034,0.174669,-0.771091,0.660192,-2.08281,2.0127,-0.665613,0.613591,0,0,-0.00610542,0.00610542,-0.00610542,0.00610542,-0.00610542,0.0183144,-0.00488472,-0.00488472,0.406593,-0.0109901,
-2.43901,3.81209,-15.4307,4.53771,-28.8382,21.046,2.58146,-2.23405,0.651264,1.19018,-2.78389,3.95604,-15.2869,4.05373,-29.0598,20.1709,2.81026,-2.59145,0.514286,1.17363,-0.145151,0.130655,-0.602922,0.611315,-1.76108,1.78473,-0.742924,0.683032,-11.8557,-2.45155,-0.168385,0.172808,-0.774171,0.66153,-2.08252,2.01878,-0.671461,0.620731,0,0,0.115995,-0.00610542,0.00610542,-0.00610542,-0.0305252,0.00610542,-0.00488472,-0.00488472,0.42857,-0.0109901,
-2.22114,3.60091,-15.494,4.87247,-29.1548,21.3014,2.40237,-1.98801,0.743405,1.17638,-2.78389,3.76068,-15.2869,4.24908,-29.0598,20.464,2.68718,-2.46838,0.567032,1.14725,-0.143244,0.130655,-0.603304,0.611315,-1.76108,1.78512,-0.742924,0.683032,-11.8488,-2.45155,-0.164871,0.171276,-0.77607,0.66525,-2.08523,2.022,-0.676436,0.627565,0,0,0.0915756,0.0183144,-0.0183144,-0.00610542,-0.00610542,0.00610542,-0.00488472,-0.00488472,0.384617,-0.0109901,
-1.59069,3.52582,-15.2961,5.41144,-29.3151,21.2241,2.22341,-1.71638,0.758784,1.16082,-2.39316,3.56532,-15.58,4.54213,-29.2552,20.8547,2.4,-2.11282,0.593407,1.14725,-0.142481,0.130655,-0.603304,0.611315,-1.76108,1.78588,-0.742924,0.683032,-11.837,-2.45193,-0.160359,0.169628,-0.773464,0.670831,-2.08701,2.02313,-0.681407,0.635111,0,0,-0.00610542,-0.00610542,-0.00610542,-0.0183144,-0.00610542,0.0427341,-0.00488472,-0.00488472,0.494507,-0.0109901,
-1.46692,3.274,-15.243,5.46761,-29.1514,21.3183,2.17106,-1.55846,0.770367,1.14113,-2.10013,3.46764,-15.58,5.03052,-29.3529,21.0501,2.2359,-1.86667,0.593407,1.12088,-0.142099,0.130655,-0.603304,0.611315,-1.76146,1.78664,-0.742924,0.683032,-11.8271,-2.45155,-0.157788,0.167237,-0.773281,0.671862,-2.08598,2.02494,-0.682861,0.639497,0,0,0.0183144,0.00610542,-0.0183144,-0.00610542,-0.0183144,0.0427341,-0.00488472,-0.00488472,0.604397,-0.0109901,
-1.95366,3.03623,-15.6664,4.74874,-28.1977,21.3544,2.28229,-1.64183,0.811056,1.11137,-2.10013,3.27228,-15.4823,5.22589,-29.0598,21.1477,2.14017,-1.66154,0.593407,1.12088,-0.140192,0.130655,-0.603304,0.611696,-1.76261,1.78779,-0.742924,0.683032,-11.8133,-2.45155,-0.157626,0.164188,-0.777171,0.664664,-2.07937,2.02648,-0.679771,0.637181,0,0,0.128204,-0.00610542,0.00610542,0.00610542,-0.103785,0.0427341,-0.00488472,-0.00488472,0.64835,-0.0109901,
-1.31853,2.92244,-15.507,4.80245,-28.6555,20.6505,2.57722,-1.79675,0.817754,1.0785,-1.90475,2.97925,-15.58,4.83516,-28.5714,21.0501,2.20855,-1.66154,0.646152,1.06813,-0.139048,0.130655,-0.603685,0.611696,-1.76375,1.78931,-0.742924,0.683032,-11.7962,-2.45193,-0.153087,0.162923,-0.777003,0.664853,-2.08357,2.02141,-0.671579,0.632878,0,0,0.0183144,-0.00610542,-0.0305252,-0.00610542,-0.0427341,0.0793648,-0.00488472,-0.00488472,0.758244,-0.0109901,
-0.913974,2.6432,-14.8416,5.25583,-29.0248,20.0374,3.03236,-2.00697,0.836488,1.05321,-1.7094,2.78389,-15.6777,4.6398,-28.7668,20.2686,2.44102,-1.79829,0.619781,1.06813,-0.138666,0.131037,-0.604067,0.611696,-1.76413,1.79084,-0.742924,0.683032,-11.7809,-2.45155,-0.148211,0.161423,-0.769991,0.670298,-2.08683,2.01612,-0.658936,0.627039,0,0,0.0183144,0.0305252,-0.0305252,0.00610542,-0.00610542,0.0793648,-0.00488472,-0.00488472,0.846153,-0.0109901,
-1.16327,2.61232,-15.2612,4.84604,-28.9733,20.2812,3.34227,-2.11586,0.797386,1.0241,-1.51404,2.6862,-15.2869,4.93285,-28.9621,19.9756,2.86496,-2.01709,0.646152,1.01538,-0.137522,0.130655,-0.604067,0.611696,-1.76451,1.79236,-0.742924,0.683032,-11.7592,-2.45155,-0.148615,0.159885,-0.773025,0.665338,-2.08746,2.01913,-0.650327,0.623525,0,0,0.054945,0.00610542,0.0183144,-0.00610542,-0.0305252,0.0427341,-0.00488472,-0.0146523,1,-0.0109901,
-1.8248,2.6482,-15.626,4.21481,-27.8792,21.0482,3.48679,-2.41384,0.75418,0.983471,-1.51404,2.49084,-15.2869,4.73749,-28.8645,20.1709,3.20684,-2.08547,0.672527,0.98901,-0.135614,0.130655,-0.603685,0.611696,-1.76642,1.79274,-0.742924,0.683032,-11.7351,-2.45193,-0.15243,0.159062,-0.776697,0.658324,-2.07924,2.02722,-0.646313,0.615737,0,0,0.103785,-0.0305252,0.0183144,-0.00610542,-0.0915756,0.0183144,-0.00488472,-0.00488472,1.10989,-0.0109901,
-1.46776,2.61499,-15.7083,3.87272,-27.9465,20.5439,3.9484,-2.81081,0.715096,0.939022,-1.31868,2.49084,-15.4823,4.54213,-28.5714,20.464,3.32991,-2.26325,0.593407,0.98901,-0.135233,0.130655,-0.603304,0.611696,-1.76757,1.79274,-0.742924,0.683032,-11.7161,-2.45193,-0.152152,0.1591,-0.776823,0.655337,-2.08032,2.02162,-0.63349,0.60471,0,0,-0.0183144,-0.0183144,0.0305252,0.0183144,-0.0671558,0.0183144,-0.00488472,-0.00488472,1.1978,-0.0109901,
-0.889906,2.80413,-14.5557,4.76555,-28.8853,18.9948,4.64518,-3.15383,0.685614,0.911888,-1.7094,2.49084,-15.7753,4.05373,-28.2784,20.2686,3.71282,-2.6735,0.593407,0.909889,-0.135614,0.130274,-0.603685,0.611315,-1.76795,1.79427,-0.742924,0.683032,-11.6882,-2.45193,-0.14652,0.160413,-0.765619,0.662841,-2.0891,2.00797,-0.614135,0.594693,0,0,-0.0305252,-0.0305252,-0.00610542,-0.0427341,-0.00610542,0.0793648,-0.00488472,-0.0146523,1.28571,-0.0109901,
-0.839791,2.50528,-14.231,4.32786,-28.9583,18.4829,5.4308,-3.62009,0.649472,0.889407,-1.51404,2.39316,-15.0916,4.24908,-28.7668,18.9988,4.32821,-3.00171,0.593407,0.883518,-0.135614,0.130655,-0.603685,0.611315,-1.76795,1.7958,-0.742924,0.682651,-11.6638,-2.45193,-0.144742,0.159509,-0.762418,0.659199,-2.09032,2.0034,-0.592312,0.580872,0,0,0.00610542,0.0305252,-0.0183144,-0.00610542,-0.0183144,0.0671558,-0.00488472,-0.0244198,1.35165,-0.0109901,
-1.28507,2.72483,-14.7423,3.61283,-28.7829,18.8169,5.59947,-3.90277,0.612733,0.863668,-1.02563,2.49084,-14.5055,4.1514,-28.8645,18.5104,5.12137,-3.52137,0.619781,0.857143,-0.135233,0.130655,-0.603685,0.611315,-1.76871,1.79656,-0.742542,0.682269,-11.6333,-2.45193,-0.149308,0.160728,-0.767285,0.651254,-2.09035,2.00665,-0.585781,0.572638,0,0,0.00610542,-0.00610542,0.00610542,-0.00610542,-0.054945,0.0305252,0.0244198,-0.0244198,1.37363,-0.0109901,
-1.48159,2.99145,-14.7817,3.29813,-28.7479,18.5399,5.95811,-4.29419,0.569339,0.83723,-1.12332,2.49084,-14.7009,3.76068,-28.8645,18.6081,5.50427,-3.84957,0.567032,0.830769,-0.135233,0.130655,-0.603304,0.611315,-1.76986,1.79656,-0.742542,0.681888,-11.6047,-2.45193,-0.152306,0.16369,-0.767749,0.64735,-2.09111,2.00235,-0.577283,0.561383,0,0,-0.0183144,-0.00610542,-0.00610542,-0.0183144,-0.054945,-0.00610542,-0.00488472,-0.0244198,1.3956,-0.0109901,
-1.39766,3.29988,-14.7112,3.09549,-29.6483,17.4423,6.44005,-4.55202,0.515232,0.817667,-1.41637,2.78389,-14.8962,3.27228,-28.9621,18.315,5.77778,-4.20513,0.514286,0.830769,-0.135614,0.130274,-0.603304,0.611315,-1.77024,1.79694,-0.742542,0.681888,-11.5726,-2.45193,-0.151348,0.166736,-0.767372,0.645506,-2.09987,1.99054,-0.563896,0.55471,0,0,-0.00610542,-0.00610542,-0.0183144,-0.00610542,-0.00610542,-0.00610542,-0.00488472,-0.0146523,1.43956,-0.0109901,
-1.40156,3.4813,-14.8523,2.74996,-30.1446,16.7691,6.8238,-4.77379,0.476529,0.805699,-1.61172,2.88156,-14.9939,2.97925,-29.6459,17.4359,6.20171,-4.51966,0.46154,0.804394,-0.135614,0.130274,-0.603304,0.611315,-1.77024,1.79732,-0.742542,0.681888,-11.5436,-2.45193,-0.151391,0.169565,-0.768534,0.641259,-2.10538,1.98304,-0.553236,0.549038,0,0,-0.00610542,0.0183144,-0.00610542,-0.0183144,-0.00610542,-0.0183144,-0.00488472,-0.00488472,1.43956,-0.0109901,
-1.67832,3.87504,-15.211,2.18298,-30.3497,16.2937,6.98669,-4.94401,0.427412,0.797124,-1.61172,3.17461,-14.9939,2.78389,-30.1343,16.7521,6.68034,-4.75214,0.435165,0.778023,-0.135614,0.130655,-0.603304,0.611315,-1.77062,1.79732,-0.742542,0.681888,-11.5181,-2.45193,-0.154059,0.173508,-0.772111,0.63496,-2.10845,1.97775,-0.548712,0.54431,0,0,0.00610542,-0.00610542,0.00610542,-0.0183144,-0.0183144,-0.0183144,-0.00488472,-0.00488472,1.43956,-0.0109901,
-1.89083,4.23099,-15.4564,1.7307,-30.5981,15.6428,7.02508,-4.98727,0.412718,0.793557,-1.61172,3.56532,-15.2869,2.1978,-30.4274,16.1661,6.88547,-4.92991,0.46154,0.751648,-0.135996,0.130655,-0.603304,0.610933,-1.771,1.79694,-0.742542,0.681888,-11.4872,-2.45193,-0.156802,0.17787,-0.775653,0.629553,-2.112,1.97014,-0.547645,0.543108,0,0,0.00610542,0.00610542,-0.0183144,-0.0183144,-0.0305252,-0.0183144,-0.00488472,-0.00488472,1.37363,-0.0109901,
-1.90321,4.64025,-15.5045,1.62331,-30.9891,14.7724,7.14265,-5.03278,0.391835,0.79701,-1.80708,3.85837,-15.58,1.80708,-30.8181,15.58,6.96752,-4.99829,0.435165,0.751648,-0.135996,0.130655,-0.603304,0.610933,-1.771,1.79694,-0.742542,0.681888,-11.4601,-2.45193,-0.157346,0.18201,-0.776186,0.628767,-2.11512,1.96088,-0.544379,0.541844,0,0,-0.00610542,-0.00610542,-0.0183144,-0.00610542,0.00610542,-0.00610542,-0.00488472,-0.00488472,1.32967,-0.0109901,
-2.06262,4.83425,-15.6467,1.47216,-30.869,14.2226,7.21967,-5.05174,0.383008,0.806803,-2.00244,4.24908,-15.6777,1.51404,-31.0134,14.7985,7.04957,-5.06667,0.435165,0.751648,-0.136377,0.131037,-0.603304,0.610552,-1.771,1.79694,-0.742542,0.681888,-11.4368,-2.45193,-0.159499,0.185361,-0.77736,0.626706,-2.11419,1.95477,-0.54224,0.541317,0,0,-0.00610542,0.0183144,-0.00610542,-0.00610542,-0.00610542,-0.00610542,-0.00488472,-0.00488472,1.26374,-0.0109901,
-2.29494,5.23422,-15.7321,1.35345,-30.6207,13.7685,7.20168,-5.09738,0.375219,0.82,-2.00244,4.44444,-15.6777,1.51404,-31.1111,14.5055,7.0906,-5.05299,0.382416,0.751648,-0.136759,0.131037,-0.603304,0.610552,-1.771,1.79694,-0.742542,0.681888,-11.412,-2.45193,-0.162869,0.189398,-0.778309,0.625387,-2.11143,1.94972,-0.54274,0.540049,0,0,-0.0183144,0.00610542,-0.00610542,-0.00610542,-0.00610542,-0.00610542,-0.00488472,-0.00488472,1.1978,-0.0109901,
-2.19515,5.6112,-15.667,1.61688,-30.3614,13.4997,7.03874,-4.98421,0.370562,0.839009,-1.90475,4.93285,-15.873,1.22101,-30.8181,13.8217,7.1453,-5.13504,0.435165,0.778023,-0.138285,0.131037,-0.603304,0.610933,-1.771,1.79656,-0.742542,0.681888,-11.3865,-2.45193,-0.166135,0.19318,-0.777179,0.628695,-2.10855,1.94595,-0.547266,0.543193,0,0,-0.103785,-0.00610542,0.00610542,-0.00610542,-0.00610542,-0.0183144,-0.00488472,-0.00488472,1.13187,-0.0109901,
-2.55672,5.94668,-15.5188,1.91978,-29.7185,13.7834,6.88173,-4.95368,0.379676,0.860937,-2.10013,5.22589,-15.7753,1.31868,-30.525,13.6264,7.02222,-5.02564,0.435165,0.804394,-0.140192,0.131037,-0.603304,0.610933,-1.771,1.79541,-0.742542,0.681888,-11.3602,-2.45193,-0.171652,0.196907,-0.776345,0.632468,-2.101,1.94632,-0.551627,0.544041,0,0,-0.0915756,-0.00610542,-0.0183144,0.00610542,0.00610542,-0.0671558,-0.00488472,-0.00488472,1.04396,-0.0109901,
-3.25014,6.25581,-15.6348,1.85581,-28.8301,13.8768,6.66336,-4.95252,0.36606,0.8834,-2.49084,5.61661,-15.7753,1.61172,-29.9389,13.6264,6.85812,-4.95727,0.408791,0.804394,-0.141336,0.131037,-0.603304,0.611315,-1.771,1.79427,-0.742542,0.681888,-11.3403,-2.45193,-0.178467,0.200342,-0.77682,0.632545,-2.09194,1.94663,-0.557693,0.544073,0,0,-0.0305252,-0.00610542,0.00610542,0.0183144,-0.0183144,-0.054945,-0.00488472,-0.00488472,1,-0.0109901,
-3.36574,6.62536,-15.4512,2.50405,-28.9006,13.6306,6.40682,-4.7146,0.362776,0.909645,-2.88156,5.90965,-15.7753,1.80708,-29.2552,13.7241,6.63932,-4.99829,0.408791,0.830769,-0.142099,0.131418,-0.603304,0.610933,-1.77062,1.79389,-0.742542,0.681888,-11.3266,-2.45193,-0.180921,0.20483,-0.775187,0.638146,-2.09194,1.94432,-0.564819,0.550682,0,0,-0.0427341,-0.00610542,-0.00610542,-0.0183144,-0.00610542,-0.0305252,-0.00488472,-0.00488472,0.956043,-0.0109901,
-3.40849,6.79783,-14.9322,3.21981,-28.2588,14.1866,6.27656,-4.66096,0.385542,0.940607,-3.17461,6.20268,-15.6777,1.80708,-29.1575,13.7241,6.58461,-4.95727,0.435165,0.830769,-0.144007,0.131418,-0.602922,0.610933,-1.77024,1.79274,-0.742542,0.681888,-11.3071,-2.45193,-0.184524,0.206746,-0.769447,0.645692,-2.08361,1.94773,-0.568438,0.552172,0,0,-0.0793648,-0.00610542,-0.0183144,-0.0305252,0.0183144,-0.0793648,-0.00488472,-0.00488472,0.868134,-0.0109901,
-3.84864,6.88306,-15.2468,2.70657,-27.5184,14.6788,6.04782,-4.6446,0.416029,0.969622,-3.27228,6.5934,-15.2869,2.58852,-28.4738,14.0171,6.24274,-4.71111,0.46154,0.883518,-0.145151,0.131418,-0.602922,0.611696,-1.77024,1.79122,-0.742542,0.681888,-11.2881,-2.45193,-0.190559,0.207286,-0.772128,0.64238,-2.07579,1.95248,-0.574303,0.552627,0,0,-0.0793648,-0.0183144,0.00610542,0.0183144,0.00610542,-0.054945,0.00488472,-0.00488472,0.758244,-0.0109901,
-4.12133,7.00714,-15.2238,3.11212,-27.1146,15.3563,5.77717,-4.60533,0.404372,1.00301,-3.66301,6.69109,-15.3846,2.78389,-27.79,14.6032,6.07863,-4.69744,0.46154,0.909889,-0.146677,0.131418,-0.60216,0.611696,-1.77024,1.78969,-0.742542,0.681888,-11.2716,-2.45193,-0.194301,0.209072,-0.770295,0.646072,-2.07131,1.95727,-0.58231,0.553717,0,0,-0.054945,-0.00610542,0.0305252,-0.00610542,0.00610542,-0.0915756,-0.00488472,-0.00488472,0.736263,-0.0109901,
-3.71475,7.00406,-15.0454,3.562,-27.3859,15.25,5.5184,-4.3126,0.420861,1.04099,-3.85837,6.78877,-15.58,2.88156,-27.3993,14.8962,5.80513,-4.62906,0.435165,0.962639,-0.148584,0.131418,-0.601015,0.611315,-1.76986,1.78931,-0.742542,0.681888,-11.2621,-2.45193,-0.193726,0.209038,-0.765947,0.650689,-2.07394,1.95774,-0.589498,0.561849,0,0,-0.115995,-0.00610542,0.0671558,-0.00610542,0.00610542,-0.0305252,-0.00488472,-0.00488472,0.67033,-0.0109901,
-3.96667,6.8849,-15.0116,3.50002,-27.5436,15.4855,5.39675,-4.19107,0.440068,1.07713,-4.1514,6.78877,-15.3846,3.17461,-27.5946,15.0916,5.61367,-4.49231,0.435165,0.962639,-0.148966,0.131418,-0.600252,0.610933,-1.76909,1.78893,-0.742542,0.681888,-11.2472,-2.45193,-0.19365,0.207714,-0.766437,0.648805,-2.07412,1.95997,-0.592877,0.565225,0,0,-0.0183144,-0.00610542,0.0183144,-0.0305252,0.0305252,-0.0305252,-0.00488472,-0.00488472,0.604397,-0.0109901,
-4.02916,6.60901,-15.0203,2.87227,-27.3042,15.961,5.31258,-4.27152,0.444517,1.10861,-4.24908,6.78877,-15.0916,3.27228,-27.6923,15.3846,5.39487,-4.28718,0.487911,1.01538,-0.148966,0.131418,-0.600634,0.611315,-1.76833,1.78817,-0.742542,0.681888,-11.2373,-2.45193,-0.193938,0.204648,-0.768136,0.643432,-2.07069,1.96409,-0.595215,0.56299,0,0,-0.00610542,-0.00610542,-0.0183144,0.00610542,0.0305252,-0.0427341,-0.00488472,-0.00488472,0.56044,-0.0109901,
-4.17707,6.40382,-15.5322,2.54254,-27.0555,17.0388,4.91133,-4.21275,0.443894,1.13661,-4.24908,6.5934,-15.1893,3.07692,-27.5946,15.7753,5.31282,-4.24615,0.435165,1.04176,-0.148966,0.131418,-0.600252,0.611315,-1.76833,1.78702,-0.742542,0.681888,-11.224,-2.45193,-0.195581,0.201961,-0.773035,0.639362,-2.06915,1.9741,-0.606361,0.564623,0,0,-0.00610542,-0.0183144,-0.00610542,-0.00610542,-0.00610542,-0.0671558,-0.00488472,-0.00488472,0.516483,-0.0109901,
-3.92809,6.14838,-15.6187,2.23108,-27.1684,17.0745,4.78898,-4.24401,0.425493,1.1612,-4.24908,6.30037,-15.58,2.58852,-27.3016,16.5568,4.97094,-4.25983,0.382416,1.06813,-0.148966,0.131037,-0.600252,0.611315,-1.76833,1.78626,-0.742542,0.681888,-11.2121,-2.45193,-0.193222,0.198742,-0.77359,0.635494,-2.0704,1.97537,-0.609759,0.563754,0,0,-0.0183144,-0.0183144,0.00610542,-0.0183144,-0.00610542,-0.0183144,-0.00488472,-0.00488472,0.516483,-0.0109901,
-3.58817,5.78689,-15.2336,2.58203,-27.7575,17.1577,4.70812,-4.12062,0.439794,1.18722,-4.34677,6.10501,-15.7753,2.1978,-27.3993,16.8498,4.76581,-4.24615,0.487911,1.09451,-0.148966,0.131037,-0.600252,0.610933,-1.76757,1.78626,-0.742924,0.681888,-11.2022,-2.45193,-0.188224,0.195132,-0.769718,0.639012,-2.07537,1.9767,-0.612387,0.567182,0,0,0.0183144,-0.00610542,-0.00610542,-0.0183144,0.0183144,-0.00610542,-0.00488472,-0.00488472,0.472527,-0.0109901,
-3.34289,5.34278,-14.9895,2.57261,-27.4106,17.7126,4.63904,-4.12629,0.45756,1.20708,-3.95604,5.81197,-15.4823,2.1978,-27.6923,16.9475,4.67009,-4.17778,0.435165,1.14725,-0.148584,0.131037,-0.600252,0.610552,-1.76757,1.78664,-0.742542,0.681888,-11.1934,-2.45155,-0.185931,0.190197,-0.767006,0.638526,-2.07233,1.98324,-0.613924,0.567024,0,0,-0.00610542,-0.00610542,-0.00610542,-0.0183144,-0.00610542,-0.00610542,-0.00488472,-0.00488472,0.42857,-0.0109901,
-3.24607,4.96457,-15.1397,2.44756,-27.4211,18.3513,4.45347,-4.05542,0.533316,1.2208,-3.66301,5.42125,-15.2869,2.39316,-27.5946,17.4359,4.60171,-4.19145,0.46154,1.14725,-0.148203,0.131037,-0.600252,0.610933,-1.76795,1.78664,-0.742924,0.681888,-11.1854,-2.45193,-0.184474,0.185995,-0.768675,0.637925,-2.07324,1.99075,-0.61946,0.568993,0,0,-0.00610542,-0.00610542,-0.00610542,-0.00610542,-0.0183144,0.00610542,-0.00488472,-0.00488472,0.296703,-0.0109901,
-2.77978,4.74038,-14.7585,3.08362,-27.8428,18.7078,4.20916,-3.83237,0.4903,1.21924,-3.56532,5.03052,-15.1893,2.29549,-27.5946,18.022,4.46496,-4.12308,0.408791,1.17363,-0.147821,0.131037,-0.600252,0.610933,-1.76795,1.78702,-0.742924,0.681888,-11.1767,-2.45155,-0.179318,0.183097,-0.764846,0.644992,-2.07752,1.99509,-0.626247,0.575189,0,0,-0.0183144,-0.0183144,-0.0183144,-0.00610542,-0.00610542,0.00610542,-0.00488472,-0.00488472,0.406593,0.0109901,
-2.65543,4.4487,-14.9902,3.35737,-27.9631,19.502,3.94194,-3.56975,0.583053,1.22439,-3.36996,4.6398,-15.0916,2.6862,-27.8877,18.5104,4.19145,-3.90427,0.593407,1.17363,-0.147821,0.130655,-0.600252,0.610933,-1.76795,1.78702,-0.742924,0.681888,-11.1698,-2.45155,-0.17753,0.179475,-0.766199,0.648034,-2.07885,2.00391,-0.63367,0.582484,0,0,-0.00610542,-0.0183144,0.0183144,-0.00610542,-0.00610542,0.00610542,-0.00488472,-0.00488472,0.274727,0.0109901,
-2.58207,4.23738,-15.2633,3.43568,-28.0957,20.1552,3.66049,-3.37242,0.580656,1.23379,-3.07692,4.44444,-14.9939,3.07692,-28.083,19.0965,3.97265,-3.71282,0.487911,1.2,-0.14744,0.130655,-0.600252,0.610552,-1.76795,1.78702,-0.742542,0.681888,-11.1652,-2.45155,-0.175519,0.177127,-0.770048,0.648522,-2.08033,2.01077,-0.641106,0.587965,0,0,0.0183144,-0.0183144,-0.00610542,-0.00610542,-0.00610542,-0.00610542,-0.00488472,-0.00488472,0.34066,-0.0109901,
-2.32238,4.02086,-15.223,3.99173,-28.2966,20.5255,3.40878,-3.14879,0.638476,1.22967,-2.88156,4.1514,-15.3846,3.27228,-28.1807,19.6825,3.75385,-3.50769,0.514286,1.2,-0.146677,0.130655,-0.600252,0.610933,-1.76833,1.78702,-0.742924,0.681888,-11.1576,-2.45155,-0.171871,0.175128,-0.7696,0.654675,-2.08253,2.01569,-0.64848,0.594177,0,0,0.0183144,-0.00610542,-0.00610542,-0.0183144,0.00610542,0.0183144,-0.00488472,-0.00488472,0.31868,-0.0109901,
-2.39608,3.76429,-15.362,4.15728,-28.3451,20.8707,3.25081,-2.8978,0.800392,1.223,-2.88156,3.95604,-15.3846,3.56532,-28.3761,20.1709,3.41197,-3.23419,0.646152,1.17363,-0.145151,0.130655,-0.600252,0.610933,-1.76833,1.7874,-0.742924,0.681888,-11.153,-2.45155,-0.169129,0.172684,-0.771145,0.657329,-2.08389,2.01991,-0.652868,0.601149,0,0,0.0793648,0.00610542,-0.00610542,0.00610542,-0.0183144,0.0183144,-0.00488472,-0.00488472,0.142857,-0.0109901,
-2.03945,3.65407,-15.5886,4.34876,-28.7833,20.9792,3.02778,-2.57648,0.729822,1.20935,-2.6862,3.76068,-15.3846,3.85837,-28.4738,20.464,3.26154,-3.01538,0.540661,1.17363,-0.144388,0.130655,-0.600634,0.610933,-1.76833,1.78817,-0.742924,0.681888,-11.1461,-2.45155,-0.165217,0.171053,-0.774043,0.659049,-2.08835,2.02229,-0.659063,0.610074,0,0,0.054945,-0.00610542,-0.00610542,-0.00610542,-0.00610542,0.0305252,-0.00488472,-0.00488472,0.406593,-0.0109901,
-1.73159,3.5177,-15.4452,4.6647,-29.0193,20.6909,3.04392,-2.46164,0.780496,1.1932,-2.49084,3.56532,-15.6777,4.1514,-28.8645,20.6593,3.02906,-2.71453,0.672527,1.17363,-0.142099,0.130655,-0.600634,0.610933,-1.76833,1.78893,-0.742924,0.681888,-11.1378,-2.45155,-0.159915,0.169537,-0.772858,0.661746,-2.09097,2.02066,-0.658615,0.613265,0,0,0.0427341,-0.00610542,-0.0183144,-0.0305252,-0.00610542,0.054945,-0.00488472,-0.00488472,0.45055,-0.0109901,
-1.55254,3.23859,-15.4594,4.56189,-28.8497,20.7642,3.0828,-2.39218,0.830634,1.17423,-2.29549,3.36996,-15.6777,4.24908,-28.9621,20.5617,2.97436,-2.5641,0.593407,1.17363,-0.141718,0.130655,-0.601015,0.610933,-1.76871,1.79007,-0.742924,0.681888,-11.1286,-2.45155,-0.157544,0.166843,-0.773804,0.661417,-2.09028,2.02221,-0.657535,0.615194,0,0,0.0427341,0.00610542,-0.0305252,-0.00610542,-0.0305252,0.0427341,-0.00488472,-0.00488472,0.494507,-0.0109901,
-1.55934,3.07981,-15.998,4.09372,-28.4785,20.9345,3.14093,-2.41755,0.825036,1.14564,-1.90475,3.17461,-15.6777,4.44444,-28.8645,20.5617,3.01538,-2.4547,0.619781,1.14725,-0.139811,0.130655,-0.601015,0.611315,-1.76986,1.79084,-0.742924,0.681888,-11.1141,-2.45155,-0.156526,0.164672,-0.778567,0.656597,-2.08852,2.02487,-0.65592,0.614489,0,0,0.0183144,-0.00610542,0.00610542,-0.00610542,-0.0671558,0.0427341,-0.00488472,-0.00488472,0.626373,-0.0109901,
-1.36768,3.04947,-16.1458,4.13663,-28.6666,21.0534,3.11248,-2.36241,0.809241,1.11441,-1.7094,2.97925,-15.9707,4.05373,-28.7668,20.6593,3.04273,-2.4,0.672527,1.12088,-0.139811,0.130655,-0.601015,0.611315,-1.77024,1.79122,-0.742924,0.681888,-11.1023,-2.45155,-0.155211,0.163521,-0.780616,0.657481,-2.09018,2.02657,-0.65671,0.616021,0,0,-0.00610542,-0.0305252,-0.00610542,0.00610542,-0.0427341,0.0427341,-0.00488472,-0.00488472,0.758244,-0.0109901,
-0.97208,2.89662,-15.5241,4.47593,-28.8413,20.3437,3.44512,-2.45477,0.80493,1.08527,-1.61172,2.88156,-16.1661,3.95604,-28.8645,20.757,3.07009,-2.38632,0.619781,1.09451,-0.139811,0.130274,-0.601397,0.610933,-1.77062,1.79236,-0.742924,0.681888,-11.084,-2.45155,-0.150815,0.162255,-0.774497,0.660869,-2.09169,2.02024,-0.64747,0.612967,0,0,-0.00610542,-0.00610542,-0.0183144,0.00610542,-0.0183144,0.054945,-0.00488472,-0.0146523,0.868134,-0.0109901,
-0.930067,2.74113,-15.413,4.5307,-28.8741,20.1543,3.80677,-2.63373,0.775469,1.05675,-1.41637,2.78389,-15.7753,4.24908,-28.9621,20.1709,3.31624,-2.42735,0.646152,1.06813,-0.139429,0.130655,-0.601778,0.610933,-1.77062,1.79389,-0.742924,0.681888,-11.0626,-2.45155,-0.149153,0.160909,-0.77283,0.660664,-2.09205,2.01966,-0.637424,0.608484,0,0,0.0183144,-0.00610542,0.00610542,-0.0183144,-0.0183144,0.054945,-0.00488472,-0.00488472,1,-0.0109901,
-1.23108,2.64282,-15.3448,4.2195,-28.6946,20.0138,4.19836,-2.90366,0.757712,1.02661,-1.51404,2.58852,-15.6777,4.34677,-28.9621,19.9756,3.68547,-2.65983,0.646152,1.01538,-0.138285,0.130655,-0.601397,0.610933,-1.77138,1.79465,-0.742924,0.681888,-11.0451,-2.45155,-0.148911,0.160223,-0.772098,0.657613,-2.09163,2.01804,-0.626547,0.600986,0,0,0.0915756,0.00610542,-0.00610542,-0.00610542,-0.0427341,0.0305252,-0.00488472,-0.00488472,1.08791,-0.0109901,
-1.67047,2.62907,-15.3129,3.96674,-28.0603,20.3671,4.50326,-3.22786,0.710275,0.991355,-1.61172,2.58852,-15.58,4.24908,-28.7668,19.8779,3.84957,-2.74188,0.619781,1.01538,-0.135614,0.130655,-0.601397,0.610933,-1.77253,1.79503,-0.742924,0.681506,-11.0195,-2.45193,-0.150716,0.160071,-0.771743,0.654805,-2.08695,2.02194,-0.618077,0.591599,0,0,0.103785,0.00610542,-0.00610542,-0.00610542,-0.0793648,0.0183144,-0.00488472,-0.00488472,1.1978,-0.0109901,
-1.40513,2.75434,-15.3654,3.89274,-28.1522,20.1632,4.87474,-3.56549,0.672332,0.952745,-1.41637,2.49084,-15.4823,3.85837,-28.3761,19.9756,4.39658,-3.17949,0.593407,0.962639,-0.135614,0.130655,-0.601015,0.610933,-1.77329,1.79541,-0.742924,0.681506,-10.9943,-2.45155,-0.151837,0.160649,-0.771538,0.653576,-2.08711,2.02047,-0.607759,0.58222,0,0,-0.0183144,-0.0183144,0.00610542,-0.0183144,-0.0305252,0.0305252,-0.00488472,-0.00488472,1.26374,-0.0109901,
-1.1624,2.887,-14.529,4.24991,-28.7091,18.911,5.4791,-3.85115,0.651969,0.925001,-1.51404,2.58852,-15.4823,3.76068,-28.3761,19.7802,4.71111,-3.52137,0.593407,0.962639,-0.135614,0.130274,-0.601397,0.610933,-1.77329,1.79656,-0.742924,0.681506,-10.968,-2.45193,-0.148326,0.161741,-0.763033,0.657951,-2.09248,2.00892,-0.591459,0.574286,0,0,0.00610542,-0.0183144,-0.00610542,-0.00610542,-0.00610542,0.0671558,-0.0146523,-0.00488472,1.30769,-0.0109901,
-1.09102,2.81275,-14.6683,3.94726,-29.2193,18.6519,5.90609,-4.06328,0.616372,0.900629,-1.51404,2.49084,-14.9939,3.95604,-28.7668,19.0965,5.17607,-3.75385,0.593407,0.909889,-0.135614,0.130655,-0.601015,0.610933,-1.77329,1.7977,-0.742542,0.681506,-10.9375,-2.45193,-0.148347,0.162519,-0.7642,0.654181,-2.09774,2.00515,-0.578728,0.567905,0,0,-0.0183144,0.0183144,-0.00610542,-0.0183144,0.00610542,0.00610542,-0.00488472,-0.0146523,1.35165,-0.0109901,
-1.46014,3.08255,-14.9173,3.06054,-28.7784,18.7189,6.21599,-4.52138,0.557811,0.871884,-1.31868,2.6862,-14.7985,3.85837,-29.1575,18.6081,5.7641,-4.06838,0.567032,0.857143,-0.135614,0.130655,-0.601015,0.610933,-1.77405,1.79732,-0.742542,0.681506,-10.9035,-2.45193,-0.152042,0.164295,-0.767373,0.645143,-2.09524,2.0047,-0.57012,0.555668,0,0,-0.00610542,-0.0183144,-0.0183144,0.00610542,-0.0427341,-0.0183144,-0.00488472,-0.00488472,1.3956,-0.0109901,
-1.59869,3.36404,-15.0646,2.84483,-29.4106,17.9074,6.44095,-4.70501,0.51018,0.848857,-1.41637,2.78389,-15.0916,3.27228,-29.0598,18.5104,6.07863,-4.43761,0.514286,0.857143,-0.135614,0.130655,-0.601015,0.610933,-1.77405,1.79732,-0.742542,0.681506,-10.8745,-2.45193,-0.153581,0.16783,-0.768603,0.642339,-2.10145,1.99609,-0.563871,0.550567,0,0,-0.00610542,-0.00610542,-0.00610542,-0.00610542,-0.0183144,-0.00610542,-0.00488472,-0.00488472,1.41758,-0.0109901,
-1.59508,3.61651,-15.0073,2.70577,-29.9183,17.0652,6.7557,-4.83441,0.486394,0.834499,-1.7094,3.07692,-15.2869,2.78389,-29.5482,17.8266,6.35214,-4.69744,0.46154,0.830769,-0.135614,0.130655,-0.601015,0.610552,-1.77405,1.79732,-0.742542,0.681506,-10.8543,-2.45193,-0.153134,0.171042,-0.767966,0.640412,-2.10668,1.98673,-0.555128,0.546973,0,0,0.00610542,0.00610542,-0.00610542,-0.00610542,-0.00610542,-0.00610542,-0.00488472,-0.00488472,1.3956,-0.0109901,
-1.69298,3.96816,-15.3042,2.01787,-30.198,16.3098,7.08976,-5.12555,0.415318,0.822466,-1.7094,3.27228,-15.1893,2.58852,-29.9389,17.0452,6.62564,-4.76581,0.514286,0.804394,-0.135614,0.130655,-0.600634,0.610933,-1.77405,1.79732,-0.742542,0.681506,-10.823,-2.45193,-0.154629,0.174542,-0.770884,0.633151,-2.10979,1.97834,-0.545849,0.538885,0,0,-0.00610542,-0.00610542,-0.00610542,-0.00610542,-0.00610542,-0.00610542,-0.00488472,-0.00488472,1.43956,-0.0109901,
-1.95972,4.34978,-15.5855,1.63344,-30.4378,15.7141,7.21614,-5.24328,0.386867,0.816448,-1.7094,3.66301,-15.3846,2.10013,-30.232,16.4591,6.85812,-4.99829,0.46154,0.778023,-0.135614,0.130655,-0.600634,0.610552,-1.77443,1.79732,-0.742542,0.681506,-10.7952,-2.45193,-0.157186,0.178783,-0.774009,0.627684,-2.11324,1.97131,-0.542338,0.535615,0,0,0.00610542,-0.00610542,-0.00610542,-0.0305252,-0.0183144,-0.0183144,-0.00488472,-0.00488472,1.3956,-0.0109901,
-1.90276,4.7343,-15.393,1.68308,-30.4561,15.0068,7.38435,-5.34195,0.387548,0.819165,-1.80708,3.95604,-15.6777,1.7094,-30.525,15.6777,7.11795,-5.25812,0.46154,0.778023,-0.135996,0.131037,-0.601015,0.61017,-1.77443,1.79694,-0.742542,0.681506,-10.7635,-2.45193,-0.158155,0.18303,-0.772659,0.62704,-2.11344,1.96348,-0.537666,0.532874,0,0,-0.0305252,-0.0183144,-0.0183144,-0.054945,-0.0183144,-0.00610542,-0.00488472,-0.00488472,1.30769,-0.0109901,
-2.02151,5.04412,-15.7899,1.74966,-30.6162,14.6256,7.41277,-5.24317,0.38846,0.828678,-1.90475,4.34677,-15.6777,1.7094,-30.6227,14.9939,7.28205,-5.36752,0.46154,0.778023,-0.136759,0.131037,-0.600634,0.608263,-1.77481,1.79732,-0.742542,0.681506,-10.7357,-2.45193,-0.161052,0.186879,-0.775467,0.625465,-2.1152,1.95963,-0.536876,0.535618,0,0,-0.054945,-0.00610542,0.0183144,-0.0671558,-0.00610542,-0.00610542,-0.00488472,-0.00488472,1.21978,-0.0109901,
-2.04093,5.4133,-15.6969,1.84295,-30.343,14.3461,7.26807,-5.12122,0.355314,0.844667,-1.90475,4.73749,-15.873,1.51404,-30.7204,14.6032,7.35043,-5.3265,0.408791,0.778023,-0.138285,0.131037,-0.600252,0.608263,-1.77481,1.79694,-0.742542,0.681506,-10.7185,-2.45193,-0.164014,0.190574,-0.774052,0.62813,-2.11216,1.95532,-0.540896,0.539006,0,0,-0.0915756,-0.0183144,0.0183144,-0.0183144,-0.00610542,-0.0305252,-0.00488472,-0.00488472,1.1978,-0.0109901,
-2.45879,5.65121,-15.5558,1.85448,-29.8348,14.0074,7.24826,-5.1352,0.348832,0.862397,-2.1978,5.1282,-15.7753,1.51404,-30.525,14.3101,7.2547,-5.20342,0.435165,0.804394,-0.139048,0.131037,-0.600252,0.608263,-1.77443,1.79656,-0.742542,0.681506,-10.6907,-2.45193,-0.167792,0.194032,-0.773298,0.629072,-2.10613,1.95077,-0.541446,0.538617,0,0,-0.0427341,0.00610542,-0.00610542,0.00610542,-0.00610542,-0.0427341,-0.00488472,-0.00488472,1.13187,-0.0109901,
-2.88741,6.02297,-15.5002,2.13896,-29.3284,13.901,7.00996,-5.0238,0.370967,0.883362,-2.39316,5.32356,-15.7753,1.61172,-30.1343,13.9194,7.2,-5.16239,0.46154,0.804394,-0.139429,0.131418,-0.600252,0.608263,-1.77443,1.79618,-0.742542,0.681506,-10.6678,-2.45193,-0.172529,0.198137,-0.77268,0.631826,-2.10051,1.94962,-0.548065,0.541712,0,0,-0.0305252,-0.00610542,-0.00610542,-0.00610542,-0.00610542,-0.0305252,-0.00488472,-0.00488472,1.02198,-0.0109901,
-3.0035,6.33437,-15.2294,2.45571,-28.4618,14.1601,6.79861,-4.99119,0.372478,0.907267,-2.58852,5.71428,-15.6777,1.80708,-29.5482,13.9194,7.02222,-5.12137,0.408791,0.830769,-0.141336,0.131418,-0.600252,0.608644,-1.77443,1.79503,-0.742542,0.681506,-10.646,-2.45193,-0.177761,0.20119,-0.769671,0.636541,-2.09129,1.95054,-0.553936,0.542618,0,0,-0.0915756,-0.0183144,-0.00610542,0.0183144,-0.0183144,-0.054945,-0.00488472,-0.00488472,0.956043,-0.0109901,
-3.1959,6.60691,-15.3094,2.63408,-28.2884,14.0168,6.67335,-4.9293,0.365429,0.931299,-2.78389,6.00732,-15.4823,2.10013,-28.8645,13.9194,6.80342,-5.06667,0.435165,0.857143,-0.142862,0.131418,-0.600252,0.608644,-1.77443,1.79427,-0.742542,0.681506,-10.6315,-2.45193,-0.181832,0.204625,-0.77056,0.637709,-2.08855,1.949,-0.557416,0.544337,0,0,-0.103785,-0.00610542,-0.00610542,-0.00610542,0.00610542,-0.0305252,-0.00488472,-0.00488472,0.912086,-0.0109901,
-3.69623,6.7877,-15.1641,2.89906,-27.6077,14.2906,6.4364,-4.85497,0.372095,0.959976,-3.46764,6.30037,-15.4823,2.39316,-28.4738,13.9194,6.70769,-4.99829,0.382416,0.883518,-0.143625,0.131418,-0.600252,0.608644,-1.77443,1.79389,-0.742542,0.681506,-10.6144,-2.45193,-0.186119,0.206634,-0.768131,0.640653,-2.08139,1.95166,-0.563998,0.546402,0,0,-0.0427341,-0.00610542,0.0183144,-0.00610542,-0.00610542,-0.0305252,-0.00488472,-0.00488472,0.846153,-0.0109901,
-3.98839,6.87449,-15.0902,3.00243,-27.346,14.4893,6.36612,-4.87134,0.383993,0.989924,-3.66301,6.49573,-15.3846,2.58852,-27.9854,14.1148,6.43419,-4.90257,0.382416,0.909889,-0.144007,0.131418,-0.599871,0.608644,-1.77405,1.79313,-0.742542,0.681506,-10.5957,-2.45193,-0.18934,0.208412,-0.767336,0.641801,-2.07769,1.95269,-0.56595,0.545947,0,0,-0.0305252,0.0183144,0.00610542,-0.00610542,0.00610542,-0.0427341,-0.00488472,-0.00488472,0.78022,-0.0109901,
-3.86641,6.86337,-15.1057,3.06905,-27.1833,14.9953,6.10917,-4.79674,0.381534,1.02171,-3.66301,6.49573,-15.1893,2.6862,-27.6923,14.4078,6.32479,-4.90257,0.382416,0.936264,-0.145914,0.132181,-0.599871,0.609026,-1.77367,1.79236,-0.742542,0.681506,-10.5816,-2.45193,-0.192334,0.209051,-0.767102,0.64333,-2.07469,1.95715,-0.573087,0.548019,0,0,-0.103785,0.0183144,0.0183144,0.00610542,0.0305252,-0.054945,-0.00488472,-0.00488472,0.736263,-0.0109901,
-4.21092,6.60162,-15.3466,2.96094,-26.8949,15.5223,5.89885,-4.77032,0.419613,1.05566,-4.05373,6.5934,-15.3846,2.88156,-27.3993,14.8962,6.11966,-4.84786,0.487911,0.962639,-0.146677,0.133707,-0.599489,0.609026,-1.77329,1.79084,-0.742542,0.681506,-10.5671,-2.45193,-0.19489,0.20889,-0.768583,0.642129,-2.07151,1.96148,-0.57893,0.548753,0,0,-0.0427341,0.054945,0.0427341,0.00610542,0.0183144,-0.054945,-0.00488472,-0.00488472,0.626373,-0.0109901,
-4.21456,6.77485,-15.4765,2.89158,-26.9737,15.7363,5.66313,-4.65713,0.425984,1.08981,-4.24908,6.5934,-15.4823,2.88156,-27.0085,15.4823,5.8735,-4.80684,0.408791,0.98901,-0.147058,0.133707,-0.598726,0.609026,-1.77329,1.79046,-0.742924,0.681888,-10.5571,-2.45193,-0.194904,0.208373,-0.769262,0.640544,-2.0732,1.96388,-0.585859,0.552279,0,0,-0.0305252,-0.0183144,0.0427341,-0.0183144,-0.00610542,-0.0427341,-0.00488472,-0.00488472,0.582417,-0.0109901,
-4.59317,6.96494,-15.5041,3.06104,-26.456,16.4653,5.81231,-5.09897,0.425002,1.12901,-4.34677,6.5934,-15.58,2.6862,-27.2039,15.6777,5.62735,-4.68376,0.435165,1.04176,-0.148203,0.133707,-0.598345,0.609026,-1.77253,1.78931,-0.742924,0.681888,-10.5449,-2.45193,-0.200663,0.210892,-0.770409,0.642427,-2.06628,1.97083,-0.581715,0.540005,0,0,-0.0427341,-0.00610542,0.00610542,-0.0183144,0.00610542,-0.0427341,-0.00488472,-0.00488472,0.56044,-0.0109901,
-4.74608,6.95735,-16.0463,2.62757,-27.1038,17.0587,6.01676,-5.34078,0.457947,1.15488,-4.73749,6.78877,-15.58,2.78389,-26.8132,16.0684,5.68205,-4.95727,0.514286,1.06813,-0.148203,0.133707,-0.598345,0.609026,-1.77253,1.78893,-0.742924,0.681888,-10.5343,-2.45155,-0.201141,0.211214,-0.776841,0.637611,-2.07266,1.97827,-0.576036,0.533288,0,0,-0.00610542,0.00610542,-0.00610542,-0.0183144,0.0305252,-0.00610542,-0.00488472,-0.00488472,0.494507,0.0109901,
-4.48385,6.83155,-15.7122,2.83364,-27.2355,17.8041,6.04522,-5.47852,0.492765,1.19417,-4.83516,6.78877,-16.0684,2.6862,-27.1062,16.7521,5.90086,-5.2718,0.487911,1.12088,-0.148203,0.133707,-0.598345,0.608644,-1.77214,1.78931,-0.742542,0.681506,-10.524,-2.45155,-0.19782,0.20941,-0.773128,0.639519,-2.07496,1.98775,-0.574864,0.529081,0,0,0.00610542,-0.00610542,-0.00610542,-0.0183144,-0.00610542,0.0183144,-0.00488472,-0.00488472,0.45055,0.0109901,
-4.04988,6.51061,-15.943,2.80619,-27.6515,19.3324,6.16575,-5.70095,0.501388,1.23664,-4.73749,6.69109,-15.873,2.58852,-27.3016,17.5336,5.98291,-5.4906,0.435165,1.14725,-0.148203,0.133707,-0.598345,0.608644,-1.77253,1.78969,-0.742542,0.681506,-10.5137,-2.45155,-0.192998,0.205437,-0.775286,0.639621,-2.07997,2.00511,-0.571516,0.522902,0,0,0.00610542,-0.0183144,0.00610542,-0.00610542,-0.00610542,0.0183144,-0.00488472,-0.00488472,0.472527,-0.0109901,
-3.79405,6.05286,-16.2543,2.66697,-28.2449,20.3796,5.76974,-5.51019,0.522702,1.26226,-4.44444,6.5934,-15.873,2.58852,-27.4969,18.1197,6.02393,-5.55898,0.514286,1.17363,-0.148203,0.133707,-0.598726,0.608644,-1.77253,1.79007,-0.742542,0.681506,-10.5072,-2.45155,-0.190563,0.201165,-0.77994,0.638074,-2.08697,2.01672,-0.582516,0.527713,0,0,-0.00610542,0.00610542,-0.0183144,-0.00610542,-0.0183144,0.00610542,-0.00488472,-0.0146523,0.472527,-0.0109901,
-3.01469,5.76221,-16.1199,3.32404,-28.888,21.4231,5.74653,-5.56318,0.603884,1.28219,-4.1514,6.10501,-16.3614,2.58852,-28.2784,19.7802,5.85983,-5.61368,0.46154,1.2,-0.147821,0.133707,-0.598726,0.608263,-1.77291,1.79122,-0.742542,0.681506,-10.498,-2.45155,-0.181114,0.197121,-0.778446,0.644586,-2.0945,2.03109,-0.583161,0.526729,0,0,0.00610542,-0.0183144,-0.0183144,-0.0183144,-0.0183144,0.054945,-0.00488472,-0.00488472,0.406593,-0.0109901,
-2.47883,5.35842,-16.1009,3.92752,-29.6526,21.8822,5.55165,-5.21695,0.684423,1.29894,-3.76068,5.71428,-16.3614,3.17461,-28.9621,20.757,5.69573,-5.51795,0.540661,1.22637,-0.14744,0.133707,-0.598726,0.607119,-1.77291,1.79313,-0.742542,0.681125,-10.4885,-2.45155,-0.174779,0.192635,-0.778235,0.648112,-2.10258,2.03972,-0.588574,0.534988,0,0,0.00610542,-0.0183144,-0.0183144,-0.0793648,-0.00610542,0.103785,-0.00488472,-0.0244198,0.362637,-0.0109901,
-2.36738,4.95455,-16.4529,4.29709,-30.1604,22.9246,5.44125,-4.91016,0.692362,1.30893,-3.46764,5.32356,-16.3614,3.66301,-29.5482,21.2454,5.50427,-5.2718,0.514286,1.22637,-0.14477,0.133707,-0.598726,0.605211,-1.77405,1.79503,-0.742542,0.680743,-10.4824,-2.45155,-0.165986,0.188554,-0.78174,0.651125,-2.11059,2.05443,-0.591641,0.541664,0,0,0.152626,-0.00610542,-0.00610542,-0.054945,-0.0427341,0.140415,-0.00488472,-0.0537243,0.472527,-0.0109901,
-1.67145,4.50072,-16.7234,4.26969,-30.5522,24.0038,5.42974,-5.01874,0.790249,1.2929,-3.36996,4.93285,-16.4591,3.85837,-29.8413,22.0269,5.35385,-5.05299,0.646152,1.25275,-0.141336,0.133707,-0.598726,0.605211,-1.7752,1.79885,-0.741779,0.679599,-10.4698,-2.45117,-0.1536,0.183512,-0.784746,0.652449,-2.11772,2.07064,-0.588267,0.537991,0,0,0.189255,-0.00610542,-0.00610542,-0.00610542,-0.0915756,0.152626,0.0537243,-0.0439568,0.45055,0.0109901,
0.301659,4.0294,-17.7739,5.38444,-32.2973,28.3182,6.18459,-5.98967,0.88919,1.08732,-2.49084,4.54213,-16.7521,4.34677,-30.3297,23.2967,5.28547,-4.92991,0.646152,1.01538,-0.13714,0.134089,-0.599108,0.603685,-1.77748,1.80266,-0.741398,0.679217,-10.4576,-2.44659,-0.128294,0.178249,-0.796799,0.66046,-2.14143,2.12403,-0.567894,0.511128,0,0,0.164835,-0.0183144,-0.00610542,-0.0915756,-0.152626,0.201466,0.0341873,-0.0341873,0.53846,0.31868,
1.27865,3.31533,-18.4659,5.19645,-33.4913,31.1211,6.40976,-6.18425,0.966854,0.884618,-2.29549,4.1514,-17.2405,4.6398,-31.0134,25.2503,5.47692,-5.06667,0.593407,0.830769,-0.132944,0.134089,-0.599108,0.602922,-1.78054,1.80724,-0.739491,0.675784,-10.4458,-2.43706,-0.112021,0.171536,-0.804488,0.659236,-2.15897,2.163,-0.556314,0.492522,0,0,0.201466,0.0183144,-0.00610542,-0.0427341,-0.189255,0.299145,0.102564,-0.229548,0.692307,0.56044,
1.43025,3.03513,-18.1854,4.75219,-34.0328,28.9037,6.48169,-5.8409,1.03973,0.6915,-0.830276,3.56532,-18.4127,5.71428,-32.674,28.6691,5.90086,-5.6547,0.725273,0.725273,-0.125696,0.133707,-0.599108,0.599489,-1.7855,1.81792,-0.735294,0.669299,-10.4278,-2.42065,-0.096577,0.167634,-0.800964,0.645576,-2.1732,2.15759,-0.545235,0.492644,0,0,0.396826,0.00610542,0.00610542,-0.201466,-0.286936,0.555555,0.200245,-0.288157,0.846153,0.758244,
1.91838,2.26255,-17.639,3.9245,-34.0756,25.8232,7.19532,-5.81259,1.07787,0.533166,-0.341873,2.49084,-18.4127,5.71428,-33.1624,27.2039,6.06496,-5.62735,0.778023,0.619781,-0.116541,0.134851,-0.599108,0.59453,-1.7916,1.83051,-0.731098,0.663196,-10.4095,-2.40539,-0.079149,0.16345,-0.794893,0.628978,-2.18222,2.14206,-0.520239,0.48635,0,0,0.482296,0.103785,0.00610542,-0.274725,-0.360195,0.738707,0.21978,-0.307692,1.04396,0.868134,
2.42184,0.452666,-17.1512,2.44088,-32.9922,22.3173,7.54539,-5.78145,1.07703,0.440798,0.341873,1.22101,-18.022,4.83516,-32.7717,24.3712,6.58461,-5.47692,0.725273,0.567032,-0.106241,0.141718,-0.599108,0.587663,-1.80228,1.84882,-0.724995,0.656329,-10.3832,-2.3867,-0.0644763,0.15794,-0.789473,0.603998,-2.18657,2.12508,-0.500504,0.479372,0,0,0.445665,0.335775,0.00610542,-0.323565,-0.531136,0.848597,0.297924,-0.327229,1.26374,0.846153,
2.74265,-0.33288,-16.9606,-0.286205,-31.864,18.2139,7.96392,-5.62839,1.00399,0.365181,0.830276,0.341873,-17.5336,3.36996,-31.5995,20.9524,6.96752,-5.20342,0.751648,0.514286,-0.0959415,0.148584,-0.598726,0.581559,-1.81678,1.86904,-0.716983,0.646791,-10.3504,-2.36915,-0.0497981,0.153636,-0.786974,0.569629,-2.19422,2.10174,-0.476959,0.466271,0,0,0.470085,0.262516,0.00610542,-0.262516,-0.702076,0.909645,0.376068,-0.483517,1.54945,0.78022,
3.03565,-0.44018,-16.3669,-2.201,-31.3582,14.6948,8.38039,-6.08164,0.942161,0.281656,1.51404,-0.0488434,-17.1429,0.830276,-30.7204,16.5568,7.2,-5.34017,0.725273,0.46154,-0.0871668,0.151636,-0.598345,0.576982,-1.83013,1.88735,-0.708972,0.638781,-10.3195,-2.3558,-0.0381748,0.151019,-0.780403,0.544589,-2.20358,2.0842,-0.453961,0.446647,0,0,0.457876,0.128204,-0.00610542,-0.238094,-0.750916,1.00733,0.444445,-0.46398,1.74725,0.736263,
3.90042,-0.491325,-14.7921,-2.20542,-30.2245,12.5346,8.45667,-5.85057,0.842396,0.245849,2.49084,-0.341873,-16.6544,-0.927963,-30.0366,13.431,7.70598,-5.53162,0.672527,0.382416,-0.0799189,0.152399,-0.598345,0.570878,-1.8473,1.90871,-0.697909,0.627718,-10.2775,-2.34169,-0.0270163,0.147957,-0.762498,0.535588,-2.21019,2.08116,-0.436872,0.438096,0,0,0.286936,0.0305252,0.00610542,-0.323565,-0.811966,0.995115,0.522589,-0.542124,1.96703,0.626373,
4.6256,-1.29252,-13.647,-2.07098,-29.0886,11.6667,8.96597,-6.17612,0.769301,0.23162,3.56532,-0.830276,-15.873,-1.80708,-28.9621,11.0867,7.80171,-5.8188,0.672527,0.487911,-0.0764856,0.154306,-0.597582,0.564775,-1.86065,1.92435,-0.689136,0.620089,-10.2447,-2.33368,-0.0200025,0.144219,-0.747791,0.52935,-2.21051,2.08593,-0.413951,0.425819,0,0,0.152626,0.128204,0.0427341,-0.372406,-0.799755,0.958487,0.522589,-0.454212,2.07692,0.494507,
4.93568,-1.7708,-12.8881,-1.34704,-27.1049,10.7554,8.47275,-5.72683,0.670285,0.228382,3.95604,-1.02563,-15.2869,-2.00244,-27.6923,10.1099,8.10257,-5.8188,0.646152,0.356045,-0.0738153,0.156214,-0.591859,0.559815,-1.88125,1.94648,-0.675403,0.61017,-10.1921,-2.32452,-0.0138869,0.137556,-0.724682,0.537726,-2.21233,2.09508,-0.409524,0.429358,0,0,0.152626,0.0305252,0.311356,-0.213675,-0.897436,0.873016,0.6105,-0.434677,2.23077,0.362637,
4.81858,-1.87309,-11.8322,0.218727,-25.7225,10.9295,8.14406,-5.15826,0.601323,0.258128,4.6398,-1.51404,-13.9194,-1.02563,-26.2271,9.23077,8.12991,-5.6,0.619781,0.408791,-0.0707636,0.155832,-0.5869,0.554856,-1.89498,1.96021,-0.665866,0.602541,-10.1555,-2.32032,-0.0125433,0.134817,-0.710026,0.546908,-2.20989,2.10994,-0.411071,0.436545,0,0,0.140415,-0.00610542,0.250305,-0.311356,-0.873016,0.848597,0.571428,-0.454212,2.31868,0.186813,
5.29297,-2.1901,-11.3287,1.81047,-24.6593,10.4595,7.97959,-4.75483,0.595525,0.31206,5.03052,-1.90475,-13.3333,-0.146515,-25.348,9.42613,8.02051,-5.42222,0.567032,0.382416,-0.0700006,0.155451,-0.579652,0.548371,-1.91215,1.97814,-0.654421,0.59453,-10.1051,-2.31956,-0.0113934,0.130506,-0.694334,0.559737,-2.21117,2.12061,-0.409078,0.44609,0,0,-0.00610542,-0.0183144,0.335775,-0.262516,-0.750916,0.787546,0.473749,-0.327229,2.2967,-0.0109901,
3.94776,-2.61331,-10.9475,3.17509,-22.7011,9.84397,6.80829,-3.35993,0.528456,0.276614,5.1282,-2.00244,-12.6496,1.31868,-23.9805,9.71918,8.07521,-4.87521,0.540661,0.303295,-0.0703821,0.154688,-0.570497,0.544175,-1.92779,1.99302,-0.647554,0.589952,-10.0536,-2.31956,-0.0267217,0.12382,-0.678093,0.571517,-2.20383,2.12295,-0.444027,0.484166,0,0,-0.00610542,-0.054945,0.421246,-0.238094,-0.714285,0.616606,0.288157,-0.249084,2.34066,0.0109901,
1.89375,-2.12714,-10.1084,3.08546,-19.804,7.19483,5.88268,-2.36672,0.424209,0.256872,4.44444,-2.10013,-11.7704,2.29549,-22.3199,9.62149,7.89743,-4.2735,0.514286,0.276924,-0.0703821,0.152399,-0.56363,0.541505,-1.93961,2.00217,-0.64374,0.585374,-10.0116,-2.31956,-0.0499509,0.124491,-0.663939,0.571107,-2.18062,2.09697,-0.471296,0.506689,0,0,-0.0183144,-0.128204,0.360195,-0.140415,-0.628815,0.445665,0.180708,-0.258852,2.34066,0.0109901,
1.91939,-1.76517,-10.5352,3.7894,-19.1454,7.99611,5.85497,-2.80133,0.36773,0.226824,3.17461,-2.1978,-10.5983,2.39316,-19.9756,7.96092,6.33846,-2.97436,0.487911,0.250549,-0.0730524,0.149347,-0.555619,0.541886,-1.95144,2.00751,-0.643358,0.584229,-9.9567,-2.31956,-0.0588484,0.125868,-0.662706,0.585822,-2.17699,2.0986,-0.480965,0.506171,0,0,-0.213675,-0.115995,0.299145,0.054945,-0.384615,0.0671558,-0.00488472,-0.00488472,2.25275,0.0109901,
1.78675,-1.08399,-10.3515,4.50405,-19.0635,9.27358,5.50795,-2.93079,0.311053,0.208604,2.97925,-1.51404,-10.1099,3.27228,-19.8779,8.44933,5.83248,-2.81026,0.46154,0.224174,-0.0787745,0.14744,-0.552949,0.542268,-1.95563,2.00675,-0.643358,0.584229,-9.91741,-2.31956,-0.0705212,0.130715,-0.664099,0.592109,-2.17417,2.10715,-0.490604,0.502574,0,0,-0.347986,-0.140415,0.115995,-0.00610542,-0.201466,-0.0793648,-0.00488472,-0.00488472,2.16484,-0.0109901,
1.51077,0.0568108,-11.0288,4.63582,-20.795,10.4326,4.88472,-2.63141,0.284258,0.174355,2.49084,-0.830276,-10.3053,3.76068,-20.0733,9.81685,5.47692,-2.90598,0.46154,0.171429,-0.0871668,0.141718,-0.552567,0.544175,-1.95487,2.00217,-0.642977,0.583848,-9.87125,-2.31956,-0.080759,0.134006,-0.673685,0.599551,-2.18369,2.10975,-0.505581,0.510509,0,0,-0.311356,-0.250305,0.0427341,0.115995,0.0671558,-0.250305,0.0341873,-0.00488472,2.05495,-0.0109901,
0.535264,0.561302,-12.1372,5.34045,-21.2732,12.277,3.79486,-2.16913,0.28961,0.14488,1.80708,-0.341873,-11.0867,4.24908,-21.0501,10.8913,5.08034,-2.81026,0.408791,0.145054,-0.0917444,0.138666,-0.55066,0.545701,-1.95296,1.99493,-0.642595,0.583848,-9.83196,-2.31956,-0.0933266,0.140222,-0.681652,0.606464,-2.18628,2.11892,-0.537427,0.52335,0,0,-0.225885,-0.140415,0.115995,0.0427341,0.0915756,-0.372406,-0.00488472,-0.00488472,1.92308,-0.0109901,
1.07599,1.01542,-14.3197,6.01375,-23.7608,15.9277,2.73712,-2.01292,0.339328,0.0976635,1.31868,0.0488434,-12.4542,5.03052,-21.9292,12.9426,3.98632,-2.38632,0.408791,0.118683,-0.0951786,0.13714,-0.548753,0.547227,-1.95029,1.98806,-0.642595,0.584229,-9.79839,-2.31956,-0.0911597,0.146591,-0.702773,0.616692,-2.20881,2.15059,-0.567297,0.528559,0,0,-0.238094,-0.054945,0.152626,0.0793648,0.164835,-0.433455,-0.0146523,0.00488472,1.81319,-0.0109901,
1.68816,1.87982,-15.0742,7.71237,-25.795,19.6413,1.62885,-1.91575,0.453533,0.0578686,1.22101,0.830276,-14.0171,5.71428,-23.8828,15.7753,3.28889,-2.26325,0.382416,0.092308,-0.101282,0.135996,-0.544938,0.547608,-1.94572,1.97776,-0.643358,0.584992,-9.76024,-2.31956,-0.0908683,0.153423,-0.70897,0.633098,-2.22643,2.18318,-0.600798,0.533975,0,0,-0.250305,-0.103785,0.103785,-0.00610542,0.177046,-0.384615,-0.0537243,0.0439568,1.68132,-0.0109901,
1.23768,2.67803,-14.8663,8.00167,-26.9236,19.9347,2.18095,-2.20494,0.564531,0.0466999,1.12332,1.61172,-15.0916,7.27716,-26.3248,19.1941,2.44102,-2.15385,0.46154,0.0395622,-0.103952,0.132563,-0.543412,0.547608,-1.93999,1.97051,-0.64908,0.587663,-9.72171,-2.31994,-0.0928459,0.157638,-0.705948,0.637126,-2.23039,2.18244,-0.603883,0.532031,0,0,-0.0793648,-0.140415,0.0793648,0.0183144,0.262516,-0.286936,-0.307692,0.112331,1.59341,-0.0329666,
0.446507,2.52884,-14.1641,8.34248,-26.7664,19.5594,1.93899,-1.96286,0.655638,0.0255008,0.732605,1.7094,-14.8962,7.76556,-27.3993,19.7802,2.03077,-2.08547,0.514286,0.0131874,-0.103189,0.132563,-0.543412,0.547227,-1.93542,1.96632,-0.653276,0.588807,-9.69615,-2.31994,-0.0963968,0.161678,-0.700587,0.640125,-2.22448,2.17652,-0.61187,0.535993,0,0,0.054945,0.0305252,0.00610542,0.00610542,0.250305,-0.213675,-0.249084,0.0341873,1.54945,-0.0109901,
0.198125,2.45193,-14.0288,8.5091,-26.7159,19.5166,0.728598,-1.44754,0.715668,0.0276153,0.537247,1.90475,-14.4078,7.86325,-27.2039,19.3895,1.56581,-1.92137,0.567032,-0.0131874,-0.102808,0.135233,-0.543412,0.548371,-1.92969,1.96288,-0.655184,0.588807,-9.65801,-2.31994,-0.101217,0.166343,-0.699491,0.644748,-2.2186,2.17505,-0.635678,0.548353,0,0,-0.0183144,0.115995,-0.00610542,0.054945,0.238094,-0.140415,-0.0146523,-0.00488472,1.54945,-0.0329666,
-0.252307,2.44039,-14.1337,7.91912,-25.7363,19.5866,-0.0907333,-0.981056,0.728503,0.00707168,0.146515,1.90475,-14.2124,7.86325,-26.6178,19.4872,0.895727,-1.64786,0.567032,-0.0131874,-0.102808,0.137903,-0.543412,0.55066,-1.92741,1.96021,-0.655184,0.588807,-9.63207,-2.31994,-0.105408,0.169292,-0.700657,0.642517,-2.21031,2.17438,-0.658437,0.561311,0,0,0.00610542,0.128204,-0.00610542,0.115995,0.0915756,-0.103785,-0.0146523,-0.00488472,1.61538,-0.0109901,
-0.237501,2.68742,-14.8638,7.66159,-25.4662,21.4924,0.279244,-1.53174,0.747266,0.00826107,-0.146515,2.00244,-14.2124,7.47253,-25.8364,19.4872,0.594872,-1.36068,0.619781,-0.0131874,-0.102808,0.140192,-0.543412,0.55333,-1.92702,1.9583,-0.655184,0.588807,-9.59812,-2.32032,-0.10565,0.173919,-0.708769,0.643547,-2.20937,2.19324,-0.64816,0.546015,0,0,-0.00610542,0.115995,-0.00610542,0.152626,0.0183144,-0.115995,-0.0146523,-0.00488472,1.68132,-0.0329666,
-0.762035,3.33325,-14.9398,7.06334,-25.1418,22.0835,1.49415,-2.44813,0.720713,0.0427731,-0.43956,2.49084,-14.6032,7.17949,-25.5434,20.8547,0.11624,-1.29231,0.619781,0.0131874,-0.102808,0.141718,-0.543794,0.557145,-1.92702,1.9564,-0.656329,0.588426,-9.55577,-2.32261,-0.111479,0.179772,-0.711216,0.641528,-2.2074,2.20035,-0.615558,0.518224,0,0,-0.00610542,0.0305252,-0.0427341,0.177046,-0.0305252,-0.0427341,-0.0146523,-0.0439568,1.81319,-0.0988998,
-1.42693,4.11183,-13.9272,6.97677,-24.7097,21.3501,3.3082,-3.64156,0.736003,0.0174862,-0.634918,2.88156,-14.7985,6.98413,-25.348,21.5385,0.690598,-1.77094,0.593407,-0.0395622,-0.102808,0.141718,-0.544938,0.559815,-1.92741,1.95678,-0.655565,0.585755,-9.51839,-2.32223,-0.118866,0.187608,-0.702331,0.641609,-2.20257,2.19543,-0.561473,0.475566,0,0,-0.00610542,0.00610542,-0.0793648,0.128204,-0.0183144,0.0427341,0.0439568,-0.180708,1.85714,-0.0329666,
-1.67558,3.5852,-12.7077,6.73957,-23.4459,20.4148,4.18244,-4.12557,0.71334,0.0180277,-1.22101,2.88156,-14.1148,7.27716,-24.9573,21.0501,2.1265,-2.79658,0.619781,-0.0395622,-0.102808,0.144388,-0.547608,0.560197,-1.92741,1.95869,-0.652514,0.580796,-9.48787,-2.32223,-0.122036,0.189718,-0.692671,0.634471,-2.18812,2.18938,-0.525346,0.451789,0,0,-0.0183144,0.164835,-0.115995,-0.0183144,-0.00610542,0.115995,0.21978,-0.288157,1.92308,-0.0109901,
-1.73666,3.14085,-12.024,6.7371,-22.8072,20.3285,4.29924,-4.29746,0.659461,0.0309066,-1.61172,2.88156,-13.2357,6.98413,-24.2735,20.2686,3.09743,-3.63077,0.619781,-0.0395622,-0.102808,0.148584,-0.549897,0.559815,-1.92741,1.96097,-0.646029,0.572785,-9.4398,-2.32223,-0.122308,0.190605,-0.687363,0.634876,-2.18102,2.19071,-0.509755,0.439492,0,0,-0.00610542,0.213675,-0.115995,0.00610542,-0.00610542,0.115995,0.336996,-0.278389,2.01099,-0.0109901,
-1.3053,3.33058,-11.0078,7.52027,-22.62,19.7239,4.53319,-4.1913,0.596656,0.0313494,-1.90475,3.17461,-12.3565,6.69109,-23.0037,19.5849,4.17778,-4.1094,0.619781,-0.0131874,-0.102808,0.151636,-0.551423,0.559815,-1.92779,1.96517,-0.639925,0.567063,-9.39403,-2.32223,-0.117515,0.191695,-0.675563,0.642763,-2.17932,2.19104,-0.502526,0.437207,0,0,-0.00610542,0.0915756,-0.054945,-0.0183144,-0.00610542,0.201466,0.229548,-0.26862,2.0989,0.0109901,
-0.965756,3.32552,-10.3157,8.04441,-22.2014,19.8967,4.64801,-3.97416,0.557586,0.0413367,-1.80708,3.36996,-11.4774,7.17949,-22.5153,19.0965,4.54701,-4.24615,0.567032,-0.0131874,-0.102427,0.151636,-0.551423,0.559434,-1.92817,1.96975,-0.637636,0.562867,-9.35626,-2.32223,-0.112547,0.188383,-0.666245,0.646578,-2.17587,2.19876,-0.50242,0.44002,0,0,0.0183144,-0.00610542,-0.00610542,-0.0671558,-0.0305252,0.238094,0.122101,-0.249084,2.12088,0.0109901,
-1.40158,2.53506,-10.5606,7.73743,-21.8709,21.6083,4.13956,-3.90862,0.53975,0.06171,-1.90475,2.97925,-10.7937,7.57021,-22.1245,19.6825,4.49231,-4.15043,0.540661,0.0131874,-0.100519,0.152781,-0.551042,0.559815,-1.93008,1.97395,-0.634584,0.559434,-9.30934,-2.32223,-0.111412,0.183593,-0.667364,0.646804,-2.17655,2.21994,-0.512026,0.443291,0,0,0.140415,0.0793648,0.0305252,0.0305252,-0.103785,0.177046,0.151403,-0.151403,2.0989,-0.0109901,
-1.25935,1.77076,-10.9013,7.67096,-22.6424,22.983,3.43885,-3.21715,0.50226,0.0697314,-2.00244,2.29549,-10.696,7.57021,-21.9292,21.0501,4.12308,-3.7812,0.514286,0.0131874,-0.096323,0.155832,-0.550279,0.560197,-1.93236,1.97662,-0.631533,0.555238,-9.26242,-2.32223,-0.104414,0.180595,-0.670387,0.646447,-2.187,2.23666,-0.529416,0.45586,0,0,0.177046,0.152626,0.0305252,0.0305252,-0.0915756,0.140415,0.131868,-0.200245,2.12088,-0.0109901,
-0.616648,1.9068,-10.2004,8.33126,-23.4558,24.0352,3.12831,-3.04675,0.516772,0.0749964,-1.90475,2.1978,-11.0867,7.37485,-22.2222,21.6361,3.80855,-3.50769,0.514286,0.0131874,-0.0928888,0.156978,-0.549134,0.561341,-1.93313,1.97929,-0.628862,0.552186,-9.22427,-2.32223,-0.09506,0.178368,-0.660233,0.656556,-2.19476,2.25224,-0.535371,0.459007,0,0,0.140415,0.00610542,0.0671558,0.0793648,-0.0305252,0.177046,0.131868,-0.17094,2.07692,-0.0109901,
-0.117983,1.72088,-8.9501,9.81988,-24.4139,25.7267,2.92807,-2.65732,0.516361,0.0735486,-1.31868,1.90475,-10.696,8.1563,-23.3944,23.1013,3.23419,-3.11111,0.487911,0.0131874,-0.0906,0.156978,-0.548371,0.56096,-1.93351,1.98425,-0.627718,0.548753,-9.17849,-2.32223,-0.0880444,0.176302,-0.647613,0.669052,-2.20579,2.27926,-0.544673,0.46688,0,0,0.115995,0.00610542,0.00610542,-0.0305252,-0.0305252,0.274725,0.0341873,-0.161173,2.0989,-0.0109901,
-0.688917,0.991779,-9.31215,9.68787,-24.8642,28.5762,2.41395,-2.37065,0.560937,0.0763441,-1.22101,1.31868,-10.0122,9.32845,-23.9805,24.9573,2.6735,-2.4547,0.514286,0.0395622,-0.0852594,0.158122,-0.54532,0.561341,-1.93542,1.99073,-0.625811,0.546082,-9.14569,-2.32223,-0.0845706,0.172194,-0.643293,0.669188,-2.21677,2.31822,-0.552163,0.470707,0,0,0.250305,0.0915756,0.164835,0.00610542,-0.152626,0.299145,0.131868,-0.190475,2.07692,-0.0329666,
-0.754029,0.605301,-10.5171,9.90216,-27.0719,31.8106,1.19748,-1.31488,0.628077,0.0468715,-1.41637,0.634918,-10.3053,9.71918,-24.2735,26.4225,2.31795,-2.24957,0.487911,0.0131874,-0.0806818,0.160411,-0.541886,0.561341,-1.93885,1.99569,-0.621996,0.539979,-9.09609,-2.32223,-0.0790884,0.172631,-0.650807,0.670755,-2.24759,2.36155,-0.580186,0.491489,0,0,0.299145,0.164835,0.238094,-0.0183144,-0.238094,0.372406,0.17094,-0.239317,2.05495,-0.0109901,
0.421986,0.919106,-11.2157,10.2964,-29.411,33.1339,-0.017394,-0.652728,0.732819,0.0195443,-1.41637,0.537247,-10.989,9.81685,-25.7387,29.3529,1.49744,-1.48376,0.540661,-0.0131874,-0.0753412,0.1627,-0.53502,0.560578,-1.94457,2.00523,-0.618181,0.534638,-9.05489,-2.32223,-0.063123,0.175151,-0.648446,0.673558,-2.28174,2.3919,-0.610117,0.502588,0,0,0.225885,0.0671558,0.335775,-0.0427341,-0.311356,0.555555,0.17094,-0.278389,2.01099,0.0109901,
1.63227,0.727985,-10.6336,9.47432,-29.2148,31.3867,0.430421,-1.26331,0.768659,0.027318,-0.830276,0.537247,-11.6728,11.3797,-28.1807,30.9158,0.540171,-0.622223,0.619781,-0.0131874,-0.0696192,0.164607,-0.528152,0.554856,-1.95373,2.02163,-0.615511,0.528534,-9.00835,-2.32223,-0.0435463,0.174527,-0.638367,0.648527,-2.29278,2.39703,-0.596961,0.477569,0,0,0.238094,0.054945,0.238094,-0.347986,-0.433455,0.799755,0.131868,-0.317461,2.12088,-0.0109901,
2.38693,-0.612981,-11.5702,6.18797,-28.5028,27.8322,1.59107,-1.66663,0.794883,0.0241645,-0.341873,0.244202,-11.2821,10.696,-28.083,29.6459,0.225641,-0.348719,0.619781,-0.0131874,-0.0627527,0.166514,-0.524338,0.547227,-1.96441,2.03918,-0.613985,0.520523,-8.96449,-2.32223,-0.0242248,0.164791,-0.646994,0.602348,-2.30044,2.37915,-0.566126,0.452006,0,0,0.360195,0.152626,0.177046,-0.409035,-0.579975,0.921856,0.0732594,-0.444445,2.20879,-0.0109901,
3.46431,-1.80031,-12.7275,3.31197,-28.1004,23.2432,1.92639,-1.42294,0.803309,0.0253435,0.0488434,-0.146515,-11.2821,9.81685,-27.1062,27.3993,0.0888882,-0.280342,0.619781,-0.0131874,-0.0558863,0.169566,-0.521286,0.54036,-1.97547,2.05558,-0.609789,0.50946,-8.92367,-2.32223,-0.00375942,0.155871,-0.655987,0.563526,-2.31151,2.34782,-0.542847,0.436967,0,0,0.409035,0.189255,0.201466,-0.409035,-0.714285,1.01954,0.26862,-0.65934,2.2967,-0.0109901,
4.95252,-2.62377,-12.2296,0.134168,-25.7242,14.0138,2.74272,-1.53948,0.790429,0.035897,1.7094,-1.41637,-12.5519,6.00732,-26.6178,21.2454,0.376068,-0.649572,0.646152,-0.0131874,-0.0463495,0.172999,-0.517471,0.526245,-1.99416,2.08343,-0.5972,0.492676,-8.87102,-2.32223,0.021499,0.146085,-0.650304,0.505147,-2.30705,2.27882,-0.489023,0.411085,0,0,0.384615,0.0671558,0.0915756,-0.677656,-0.811966,1.19048,0.639805,-0.776556,2.40659,-0.0109901,
7.78354,-4.21165,-12.5167,-6.67046,-22.6065,-2.24753,4.7663,-1.55059,0.751808,0.0614551,3.46764,-2.10013,-12.4542,3.46764,-25.1526,13.3333,1.51111,-0.841026,0.646152,-0.0131874,-0.0398645,0.173381,-0.515564,0.509079,-2.01095,2.1109,-0.580033,0.474365,-8.81113,-2.32223,0.0553698,0.125567,-0.65362,0.406676,-2.28716,2.1252,-0.411739,0.392954,0,0,0.262516,-0.0305252,0.0305252,-0.848597,-0.750916,1.17827,0.717949,-0.766788,2.51648,0.0109901,
10.5723,-6.13818,-11.3954,-10.1403,-19.0822,-12.4237,6.89991,-0.0312965,0.663835,0.130064,4.93285,-2.78389,-12.2589,0.927963,-23.199,4.34677,2.5641,-0.923077,0.672527,-0.0131874,-0.0356684,0.173381,-0.516327,0.492294,-2.02316,2.13111,-0.568589,0.46292,-8.76955,-2.32223,0.0872958,0.104975,-0.64396,0.348488,-2.25777,2.02543,-0.342493,0.425665,0,0,0.164835,-0.00610542,-0.0305252,-0.934067,-0.677656,0.970695,0.688644,-0.727716,2.58242,-0.0109901,
7.73529,-3.41242,-7.22568,-1.20273,-16.5047,0.416764,6.61595,3.62199,0.508403,0.175654,8.93773,-4.83516,-11.4774,-5.61661,-19.7802,-6.30037,5.20342,-0.786325,0.619781,0.0659332,-0.0329981,0.172236,-0.518234,0.465209,-2.03498,2.13226,-0.548371,0.449187,-8.70623,-2.32223,0.0572231,0.130454,-0.601979,0.407279,-2.23485,2.1261,-0.319906,0.527576,0,0,0.128204,-0.115995,-0.103785,-1.337,-0.494505,-0.323565,0.893772,-0.444445,2.62637,-0.0109901,
6.16375,-2.82678,-11.8861,0.198687,-20.2179,-1.57847,4.47849,1.44634,0.483624,0.208,9.5238,-3.85837,-10.0122,-5.32356,-18.022,-3.17461,5.90086,0.663248,0.514286,0.118683,-0.0318537,0.166133,-0.517853,0.449187,-2.04032,2.12539,-0.533875,0.447661,-8.66312,-2.32223,0.036836,0.12516,-0.64524,0.432469,-2.2725,2.11213,-0.366738,0.487105,0,0,0.00610542,-0.286936,0.140415,-0.567766,-0.225885,0.128204,0.8547,-0.0146523,2.67033,-0.0109901,
7.95763,-4.19091,-20.915,-0.132258,-26.3943,-3.46398,1.26003,0.736208,0.540707,0.230915,8.64468,-3.46764,-10.696,-3.27228,-18.6081,-1.22101,6.11966,1.49744,0.487911,0.145054,-0.0364313,0.16537,-0.506409,0.448806,-2.03956,2.13111,-0.518616,0.456054,-8.61048,-2.32223,0.0444573,0.119822,-0.719058,0.44347,-2.33222,2.09649,-0.449183,0.50068,0,0,-0.225885,0.0305252,0.592186,-0.115995,0.0183144,0.115995,0.688644,0.483517,2.62637,-0.0109901,
8.83603,-3.48737,-24.6129,-0.16753,-30.9767,-4.66758,1.20413,2.27477,0.617335,0.275546,7.86325,-3.76068,-18.5104,-1.31868,-26.4225,-1.12332,3.86325,1.27863,0.514286,0.171429,-0.0413904,0.164607,-0.499542,0.450332,-2.03613,2.12387,-0.51976,0.459487,-8.5441,-2.32223,0.0496652,0.122399,-0.771595,0.451523,-2.37441,2.05552,-0.506581,0.522919,0,0,-0.213675,-0.103785,0.0427341,0.0915756,0.177046,-0.494505,-0.405373,0.00488472,2.51648,-0.0109901,
9.41696,-2.22374,-24.1451,-2.00932,-29.3228,-6.97333,1.70549,2.73642,0.579448,0.347803,8.64468,-2.58852,-21.0501,-0.830276,-30.3297,-1.12332,2.78291,1.47009,0.567032,0.197803,-0.0448236,0.160029,-0.500687,0.451095,-2.02888,2.11166,-0.526245,0.46025,-8.50862,-2.32223,0.0522797,0.124536,-0.771204,0.4306,-2.33942,2.0063,-0.501581,0.53846,0,0,-0.225885,-0.323565,-0.0671558,0.054945,0.457876,-0.836386,-0.454212,0.0439568,2.51648,-0.0109901,
7.52826,0.280522,-22.003,-0.46466,-29.6953,1.11879,0.86436,2.78247,0.4543,0.422858,9.81685,-1.7094,-22.0269,-2.6862,-32.381,-2.00244,0.964102,1.94872,0.514286,0.250549,-0.0505457,0.150873,-0.513657,0.458343,-2.01438,2.08343,-0.531587,0.464065,-8.44759,-2.32223,0.0227232,0.138321,-0.779909,0.468442,-2.32052,2.04804,-0.512705,0.554298,0,0,-0.311356,-0.470085,-0.653236,0.457876,0.714285,-1.43468,-0.102564,0.258852,2.58242,-0.0109901,
5.09984,2.46733,-19.9349,9.34002,-34.573,15.2431,-0.91507,1.30349,0.508997,0.457906,9.91454,-0.927963,-21.6361,-3.95604,-32.2833,1.22101,0.77265,1.89402,0.487911,0.303295,-0.0619898,0.144007,-0.525101,0.475891,-1.9934,2.0491,-0.530823,0.473984,-8.39227,-2.32185,-0.0238435,0.163892,-0.763083,0.60877,-2.34478,2.17227,-0.555997,0.535344,0,0,-0.555555,-0.225885,-0.494505,0.873016,0.982906,-1.38584,0.00488472,0.503052,2.47253,0.0109901,
3.13818,4.33693,-17.5053,14.5255,-38.2841,23.5442,-2.44883,0.873361,0.503944,0.4396,7.37485,0.43956,-19.5849,1.90475,-35.8974,10.696,-0.0341873,1.78461,0.514286,0.408791,-0.0726709,0.144007,-0.536927,0.49649,-1.97013,2.03536,-0.531204,0.482376,-8.34688,-2.32223,-0.0526578,0.193212,-0.750356,0.693497,-2.3599,2.28699,-0.601425,0.520067,0,0,-0.445665,0.0305252,-0.567766,1.06838,1.06838,-0.299145,-0.0439568,0.26862,2.49451,-0.0109901,
-0.0569078,6.53432,-22.9856,15.9582,-47.8393,33.9829,-5.20936,2.79347,0.468813,0.358311,4.1514,2.39316,-19.0965,8.84004,-38.5348,22.906,-1.40171,1.83932,0.487911,0.382416,-0.0791559,0.143625,-0.542268,0.518616,-1.95449,2.02201,-0.53235,0.48085,-8.29805,-2.32147,-0.0913878,0.216432,-0.805599,0.740089,-2.4549,2.37091,-0.680717,0.551853,0,0,-0.347986,0.00610542,-0.238094,1.32479,0.934067,-0.860806,-0.0732594,-0.131868,2.45055,0.0329666,
-2.75907,7.29838,-29.9141,13.8222,-57.2648,37.826,-6.92975,4.09576,0.445079,0.379782,0.927963,4.34677,-22.4176,12.2589,-45.0794,31.8925,-3.26154,2.4,0.435165,0.382416,-0.0803003,0.14744,-0.541505,0.551805,-1.94228,2.0079,-0.541123,0.476273,-8.24388,-2.32223,-0.109532,0.235656,-0.872459,0.752393,-2.56737,2.40885,-0.760234,0.582474,0,0,0.0427341,0.213675,0.0427341,1.41026,0.335775,-0.579975,-0.532356,-0.151403,2.45055,-0.0329666,
1.0215,4.21922,-26.8519,13.8221,-56.6695,31.9452,-5.37043,3.68678,0.551788,0.414409,-2.39316,5.1282,-27.6923,15.2869,-54.7497,35.3114,-4.87521,3.34359,0.435165,0.382416,-0.0806818,0.155832,-0.541886,0.567826,-1.9419,2.0037,-0.552949,0.47551,-8.19886,-2.32223,-0.0695353,0.219196,-0.843701,0.742366,-2.57421,2.35193,-0.735095,0.575234,0,0,-0.00610542,0.494505,-0.103785,0.628815,-0.0793648,-0.201466,-0.65934,-0.0537243,2.47253,-0.0549469,
2.56966,1.79439,-22.3858,4.61861,-47.4358,23.0987,-2.04672,2.49001,0.674184,0.373377,-1.51404,5.03052,-25.5434,13.8217,-54.359,31.3065,-5.96923,3.9453,0.487911,0.32967,-0.0791559,0.164989,-0.554093,0.574693,-1.95182,2.00523,-0.567826,0.472839,-8.14469,-2.32223,-0.0491797,0.194084,-0.823784,0.639238,-2.49781,2.26656,-0.650321,0.534925,0,0,0.0427341,0.274725,-0.628815,0.396826,-0.567766,0.140415,-0.512821,-0.141636,2.42857,-0.0109901,
1.71746,3.258,-19.295,-2.35092,-41.4456,17.7743,-1.02386,1.00127,0.723371,0.355294,1.31868,4.1514,-22.1245,9.71918,-49.8657,26.5201,-5.96923,3.7812,0.514286,0.356045,-0.0753412,0.162318,-0.564393,0.590333,-1.96822,2.01286,-0.565537,0.468642,-8.0993,-2.32223,-0.0495428,0.190582,-0.798114,0.59494,-2.46312,2.22398,-0.583477,0.483513,0,0,0.201466,-0.238094,-0.579975,0.921856,-1.03175,0.409035,0.210012,-0.258852,2.51648,-0.0109901,
2.08093,3.39602,-17.0468,-4.25099,-39.1548,13.7243,-2.28845,1.6543,0.750775,0.357235,2.49084,3.56532,-19.1941,0.927963,-39.8046,16.0684,-4.69744,2.74188,0.593407,0.303295,-0.0764856,0.156214,-0.578889,0.601015,-1.99645,2.02964,-0.538072,0.454909,-8.03788,-2.32185,-0.0576377,0.188046,-0.789258,0.558869,-2.472,2.2092,-0.531066,0.464965,0,0,-0.128204,-0.177046,-0.628815,0.152626,-1.2149,0.811966,1.41148,-0.717949,2.6044,0.0109901,
1.84597,2.4293,-14.0824,-3.81189,-37.3516,12.0335,-1.27249,1.55637,0.795854,0.39505,2.78389,2.97925,-17.0452,-1.12332,-36.5812,10.4029,-3.39829,2.60513,0.619781,0.32967,-0.0806818,0.155832,-0.588807,0.596437,-2.0201,2.051,-0.512512,0.439651,-7.99058,-2.32223,-0.0681075,0.183028,-0.762983,0.542484,-2.47887,2.22602,-0.480216,0.439171,0,0,-0.238094,0.00610542,-0.531136,-0.347986,-1.31258,1.23932,1.35287,-0.874237,2.62637,-0.0109901,
1.51706,1.48247,-10.4265,-0.585175,-33.2453,12.0232,-0.692664,1.9654,0.789547,0.418986,2.1978,2.97925,-15.6777,-1.7094,-34.7253,8.93773,-2.48205,2.5094,0.698902,0.32967,-0.0844965,0.154688,-0.595293,0.583085,-2.05177,2.08152,-0.483902,0.418288,-7.93069,-2.32185,-0.0727278,0.1677,-0.715824,0.555216,-2.47061,2.26416,-0.437941,0.42331,0,0,-0.152626,-0.103785,-0.140415,-0.641026,-1.48352,1.47131,1.30403,-0.991453,2.75824,-0.0109901,
2.25012,-0.874485,-7.99696,5.77158,-27.8217,15.1534,-2.02507,2.86456,0.803532,0.426297,1.90475,2.58852,-13.2357,-1.22101,-30.7204,8.1563,-1.96239,2.78291,0.619781,0.382416,-0.0886927,0.148584,-0.590714,0.574693,-2.07961,2.1109,-0.459868,0.399977,-7.87957,-2.32185,-0.0704068,0.130931,-0.66797,0.625187,-2.43941,2.33523,-0.449942,0.428021,0,0,-0.201466,-0.238094,0.347986,-0.409035,-1.52015,1.67888,1.32356,-1.03053,2.84615,-0.0109901,
6.45482,-18.6759,7.88949,23.5834,11.7964,24.6424,-2.37403,4.85751,0.645502,0.406972,1.61172,0.634918,-11.1844,0.43956,-27.2039,8.93773,-2.38632,3.32991,0.619781,0.382416,-0.0902185,0.146677,-0.581941,0.5663,-2.11547,2.14675,-0.430114,0.375181,-7.81472,-2.32185,-0.0211438,-0.0630716,-0.476575,0.81511,-2.03955,2.47245,-0.429881,0.45419,0,0,-0.0793648,-0.0671558,0.531136,-0.396826,-1.65446,1.55678,1.32356,-1.11844,2.97802,-0.0109901,
6.16249,-14.4664,21.8376,28.8518,34.9432,25.1067,-4.96269,7.72267,0.300709,0.19476,4.05373,-8.84004,-0.341873,14.8962,1.90475,20.2686,-2.74188,4.84786,0.698902,0.408791,-0.0898371,0.135614,-0.561341,0.574693,-2.13836,2.1849,-0.40608,0.352674,-7.74872,-2.32185,-0.0203475,-0.0574798,-0.280647,0.926811,-1.75194,2.5182,-0.491918,0.518597,0,0,0.0305252,-0.970695,1.14164,0.946276,-0.054945,1.63004,1.04029,-0.971916,3,-0.0109901,
-1.48389,3.44933,17.5013,21.3105,28.9457,19.6993,-10.33,9.74967,-0.163911,-0.102133,5.81197,-11.0867,3.95604,16.2637,14.0171,21.8315,-2.19487,6.74872,0.593407,0.356045,-0.084878,0.102045,-0.536546,0.605593,-2.12272,2.20779,-0.395018,0.332837,-7.69493,-2.32185,-0.0897661,0.0746404,-0.291008,0.908107,-1.76956,2.47286,-0.657786,0.546763,0,0,0.347986,-1.97192,1.53236,1.97192,0.946276,1.38584,0.483517,-1.13797,2.95604,-0.0109901,
-2.521,-12.9031,17.1355,35.7193,32.6269,49.866,-5.30029,12.5349,-0.154482,-0.332582,2.97925,-10.2076,20.464,22.8083,26.3248,25.4457,-3.52137,9.1282,0.619781,0.0659332,-0.0856409,0.101282,-0.512894,0.638399,-2.09525,2.21313,-0.411803,0.312619,-7.64,-2.32223,-0.114262,-0.0142067,-0.318633,1.06764,-1.68939,2.75397,-0.623747,0.61954,0,0,-0.0183144,0.836386,0.115995,0.970695,1.30037,-0.396826,-1.29426,-0.825397,2.27473,-0.0329666,
-2.77351,-17.7933,12.1812,38.5673,23.325,64.036,1.03073,15.3681,-0.175905,-0.486465,-1.51404,-12.1612,17.3382,30.4274,24.3712,46.6422,-0.704273,10.947,0.435165,-0.250549,-0.0864038,0.128748,-0.519379,0.648699,-2.06397,2.20474,-0.462157,0.305371,-7.60719,-2.32223,-0.117831,-0.0142136,-0.394411,1.09981,-1.73663,2.90221,-0.587128,0.718344,0,0,-0.0183144,1.64225,-0.311356,0.677656,2.04518,-0.421246,-3.07204,-0.278389,1.63736,-0.0329666,
-2.52506,-1.12141,20.6627,28.7172,-3.67368,48.2422,-1.77368,11.7357,-0.179559,-0.505989,-2.49084,-11.5751,11.7704,34.9206,14.8962,60.4151,1.04615,14.3521,0.408791,-0.356045,-0.0875483,0.125315,-0.512512,0.681506,-1.9873,2.20779,-0.53006,0.301938,-7.57897,-2.32414,-0.117843,0.0931151,-0.279061,1.03823,-1.91355,2.75338,-0.724628,0.618405,0,0,-0.0671558,-0.592186,0.115995,1.12943,3.43712,0.286936,-2.90598,-0.190475,1.13187,-0.164837,
-3.34368,-6.5606,7.49877,13.0619,-11.0573,39.5192,-4.85307,9.44554,-0.0257461,-0.600763,-1.7094,-8.1563,15.7753,29.3529,-2.6862,50.8425,-0.991453,13.5727,0.303295,-0.567032,-0.0932703,0.125696,-0.508316,0.696002,-1.9152,2.20855,-0.5766,0.292401,-7.56065,-2.32528,-0.140801,0.0709121,-0.406071,0.867386,-1.94384,2.64542,-0.799564,0.523275,0,0,-0.311356,0.543346,0.567766,0.787546,2.82662,-0.0671558,-1.76313,-0.630037,0.64835,-0.0109901,
-2.87615,-16.8516,-16.7185,-0.329296,-14.1299,37.9519,-0.379098,9.53914,0.083947,-0.418902,-3.36996,-10.7937,3.46764,15.4823,-7.27716,41.0745,-1.89402,12.0957,0.250549,-0.646152,-0.0947971,0.160411,-0.465209,0.716601,-1.88735,2.20245,-0.624666,0.278667,-7.55341,-2.32757,-0.125737,0.0254703,-0.583205,0.733089,-2.01484,2.61335,-0.754611,0.491629,0,0,0.0305252,1.56899,2.03297,0.604395,0.885225,-0.323565,-2.38828,-1.04029,0.45055,-0.20879,
4.17135,-9.4845,-33.2637,-4.03693,-25.0726,23.0941,3.3606,10.7783,0.214632,-0.552845,-2.97925,-10.5983,-10.1099,6.98413,-11.4774,37.1673,-0.923077,11.3709,0.171429,-0.593407,-0.0951786,0.169185,-0.436599,0.715457,-1.86866,2.20512,-0.660907,0.247387,-7.54616,-2.32795,-0.0518828,0.0705168,-0.75064,0.665515,-2.11407,2.47047,-0.697227,0.478652,0,0,-0.0915756,0.201466,1.66667,-0.152626,0.995115,0.262516,-2.59341,-1.36264,0.296703,-0.0329666,
11.4962,-11.0466,-29.138,-14.0207,-23.4245,8.27746,7.63757,3.66296,0.142662,-0.520916,2.1978,-8.84004,-26.4225,5.1282,-20.464,23.7851,0.731625,10.6188,-0.0395622,-0.567032,-0.106241,0.155832,-0.425155,0.683795,-1.86522,2.21923,-0.705157,0.222591,-7.53777,-2.32795,-0.00190816,0.0133531,-0.729985,0.461464,-2.12774,2.33054,-0.563088,0.276721,0,0,-0.702076,-0.592186,0.567766,-1.99634,-0.0671558,0.579975,-1.40171,-0.952381,0.516483,-0.0329666,
13.8427,-11.7918,-28.0813,-19.8241,-44.2815,-2.33776,12.1978,-3.81967,0.162709,-0.51302,7.57021,-12.3565,-30.1343,-18.9988,-22.8083,12.4542,5.95555,7.55556,-0.197803,-0.593407,-0.113871,0.161174,-0.417907,0.691043,-1.86637,2.22305,-0.715838,0.211146,-7.52632,-2.32795,0.0352563,0.0450089,-0.710996,0.524703,-2.36307,2.19687,-0.393861,0.0701239,0,0,-0.140415,0.445665,0.567766,1.61783,-0.140415,-0.00610542,-0.336996,-0.698412,0.692307,-0.0329666,
4.99671,-9.50839,-31.0673,-14.8338,-51.8797,5.61369,18.0017,0.603807,0.123752,-0.657345,4.34677,-15.4823,-26.3248,-20.9524,-40.4884,2.97925,14.9812,4.27351,0.250549,-0.593407,-0.0951786,0.172236,-0.420577,0.715075,-1.86294,2.22381,-0.764668,0.167659,-7.50496,-2.32795,0.0101979,0.0912112,-0.776961,0.588717,-2.41842,2.28842,-0.463643,0.0615985,0,0,1.49573,0.738707,-0.335775,1.15385,0.628815,0.0671558,-3.98046,-2.45665,1,-0.0109901,
-1.09648,-1.9996,-37.5455,-9.64975,-52.4889,18.8753,0.183485,11.6715,0.621339,-0.848045,5.42125,-13.7241,-29.3529,-13.3333,-47.8144,3.36996,7.48718,2.08547,0.0395622,-0.619781,-0.0608454,0.193217,-0.423247,0.71622,-1.85645,2.21733,-0.772678,0.102045,-7.48817,-2.32795,-0.0357879,0.205798,-0.847949,0.605134,-2.44923,2.42929,-0.684309,0.300491,0,0,1.11722,1.04396,-0.225885,-0.115995,-0.286936,0.0671558,1.66545,-2.51526,0.802197,-0.0109901,
20.1886,-3.4062,-41.1428,-12.8216,-50.3901,-13.8969,-4.38974,10.4221,1.00574,-1.00532,6.98413,-4.34677,-37.1673,-9.42613,-52.1123,12.2589,2.35897,7.78803,0.514286,-0.778023,-0.0684748,0.20428,-0.41867,0.712024,-1.86294,2.23602,-0.711642,0.0616083,-7.4752,-2.32795,0.128778,0.165416,-0.865434,0.559997,-2.43198,2.11437,-0.736144,0.279072,0,0,-0.811966,-0.0305252,0.311356,-0.286936,-0.274725,0.982906,1.94872,-1.44078,0.516483,-0.0109901,
48.0458,-15.1402,-40.7789,-10.7721,-60.533,-51.6293,-1.94052,4.29068,1.18777,-1.0725,15.0916,0.830276,-38.8278,-9.03542,-52.6984,-5.51892,0.321367,9.00513,0.751648,-0.909889,-0.0978489,0.190928,-0.420959,0.694095,-1.85607,2.25395,-0.712787,0.0513086,-7.46605,-2.32795,0.395497,0.000115407,-0.884436,0.543269,-2.52113,1.70898,-0.773772,0.142411,0,0,-1.2149,-0.677656,-0.311356,-0.934067,0.225885,0.860806,-0.141636,-0.561661,0.494507,-0.0329666,
33.3479,-16.1497,-36.5137,-7.5292,-57.7763,-35.5604,-1.01013,7.74944,0.918181,-0.949548,29.1575,-8.84004,-38.0464,-11.9658,-56.9963,-28.5714,-1.11453,4.97094,0.778023,-1.12088,-0.0936518,0.179484,-0.430495,0.685702,-1.85264,2.2364,-0.716983,0.053216,-7.45117,-2.32872,0.288887,-0.0184757,-0.858791,0.591666,-2.48788,1.79916,-0.749682,0.28484,0,0,0.360195,-0.555555,-0.677656,-0.311356,0.201466,-1.26374,-0.0927963,0.327229,0.802197,-0.0109901,
31.6808,-16.7601,-45.6226,-21.1279,-64.6466,-46.0573,-4.96473,4.23526,0.772728,-0.894745,32.7717,-16.7521,-35.7021,-16.5568,-58.3639,-32.7717,-2.5641,3.04273,0.672527,-0.962639,-0.0558863,0.177196,-0.451858,0.713168,-1.85302,2.20169,-0.710116,0.0764856,-7.4279,-2.32795,0.348015,-0.0104517,-0.98869,0.536004,-2.57111,1.63113,-0.82678,0.270566,0,0,1.55678,-0.0427341,-0.897436,1.72772,0.00610542,-1.76435,0.424908,1.52869,1.13187,-0.0329666,
26.9121,-10.1882,-40.4884,-12.1928,-62.2306,-36.0806,-7.76205,4.53962,0.650809,-0.730218,30.232,-16.8498,-35.6044,-17.1429,-61.2943,-31.1111,-3.49402,1.33333,0.646152,-0.98901,-0.0535975,0.176051,-0.461776,0.741398,-1.84501,2.15744,-0.698291,0.123789,-7.40578,-2.32795,0.24563,0.0577619,-0.932201,0.649675,-2.52201,1.66883,-0.881425,0.387374,0,0,0.00610542,-0.152626,-0.616606,1.31258,0.433455,-2.63126,0.649572,2.74969,1.24176,-0.0109901,
21.9591,-4.86923,-36.5279,-9.65661,-60.7699,-25.956,-6.45043,7.51612,0.562056,-0.55348,32.4786,-10.696,-36.9719,-12.5519,-64.2247,-27.2039,-6.33846,1.11453,0.646152,-0.778023,-0.0539789,0.161937,-0.500305,0.74979,-1.83547,2.07084,-0.691806,0.192073,-7.37907,-2.32757,0.18004,0.0852457,-0.963354,0.645547,-2.49339,1.65444,-0.863903,0.540292,0,0,-0.299145,-0.677656,-1.71551,0.0915756,0.518925,-3.84005,0.141636,2.78877,1.35165,0.0109901,
18.1991,-3.71064,-34.4724,-7.09111,-59.0667,-18.413,-5.9512,9.26017,0.54729,-0.34721,25.8364,-7.66789,-33.9438,-10.0122,-62.4664,-18.9988,-7.33675,2.68718,0.540661,-0.698902,-0.0635157,0.157359,-0.523956,0.753605,-1.82441,2.00256,-0.691043,0.240902,-7.35237,-2.32757,0.123841,0.109414,-0.956841,0.682344,-2.46178,1.65653,-0.851714,0.651731,0,0,-0.445665,-0.201466,-1.49573,0.225885,0.567766,-4.24298,0.0927963,3.07204,1.35165,0.0109901,
13.564,-2.51846,-34.7705,-6.18009,-57.3468,-8.77166,-7.9827,8.22626,0.459839,-0.10497,20.464,-4.54213,-30.232,-6.69109,-60.7082,-9.71918,-8.67692,2.19487,0.46154,-0.593407,-0.0677118,0.154688,-0.562486,0.752079,-1.81487,1.90681,-0.673114,0.327497,-7.32147,-2.32795,0.0722138,0.12121,-1.00967,0.677103,-2.43679,1.66506,-0.842841,0.763818,0,0,-0.323565,-0.164835,-1.8254,-0.189255,0.457876,-4.32845,1.04029,4.15629,1.43956,-0.0109901,
11.1041,-0.941248,-36.6538,-6.07509,-61.5523,-3.21903,-10.3633,6.42252,0.451468,0.112445,15.1893,-3.17461,-29.3529,-4.73749,-58.7546,-3.56532,-9.62051,2.87863,0.46154,-0.303295,-0.0722895,0.150873,-0.607119,0.74445,-1.80266,1.81182,-0.641451,0.433166,-7.29095,-2.32757,0.0484442,0.135734,-1.08703,0.661686,-2.47091,1.63584,-0.854838,0.863339,0,0,-0.0793648,-0.140415,-2.17949,-0.457876,0.470085,-4.20635,1.48962,5.03541,1.3956,0.0109901,
14.0899,-2.84785,-26.607,-1.11393,-57.4327,5.88797,-8.35052,6.32352,0.389588,0.326043,11.6728,-1.90475,-29.3529,-1.12332,-61.0012,0.732605,-10.6735,2.07179,0.408791,-0.0395622,-0.0734339,0.150492,-0.670825,0.715457,-1.7958,1.72103,-0.61017,0.548753,-7.26806,-2.32795,0.0804749,0.118239,-1.06149,0.651187,-2.42763,1.66537,-0.775462,0.985456,0,0,-0.0793648,-0.0183144,-2.85104,-1.55678,0.189255,-3.63248,1.33333,5.221,1.41758,-0.0109901,
18.5255,-5.87517,-14.2904,0.965947,-47.6409,13.6079,-5.57643,5.08894,0.263288,0.407311,12.2589,-0.927963,-23.7851,0.537247,-58.1685,5.42125,-10.947,2.15385,0.408791,0.145054,-0.0741968,0.148203,-0.712787,0.69295,-1.79313,1.67563,-0.588426,0.632677,-7.23716,-2.32757,0.12859,0.0758007,-0.97108,0.650569,-2.31698,1.72243,-0.673729,1.03216,0,0,-0.0915756,-0.213675,-2.98535,-1.59341,0.164835,-3.13187,1.39194,5.16239,1.41758,-0.0109901,
15.3536,-4.27119,-3.0417,3.54347,-41.6663,17.2074,-6.28644,1.39512,0.201368,0.496595,12.9426,-0.341873,-17.4359,1.90475,-52.0146,11.5751,-10.1128,1.77094,0.32967,0.276924,-0.0696192,0.135614,-0.772678,0.662814,-1.79389,1.62833,-0.544557,0.74712,-7.20626,-2.32757,0.110541,0.0639402,-0.891335,0.657619,-2.25868,1.74972,-0.61393,1.04302,0,0,0.286936,-0.726496,-2.54579,-1.337,-0.054945,-2.09402,2.10501,5.14286,1.3956,-0.0329666,
7.80201,-4.22446,15.7619,18.8695,-29.1948,33.5214,-3.16483,-2.92775,0.346656,0.393053,13.0403,-3.27228,-6.10501,6.20268,-40.293,14.1148,-8.56752,0.526495,0.303295,0.408791,-0.0505457,0.116541,-0.810445,0.627718,-1.80304,1.60201,-0.49382,0.849356,-7.17765,-2.32719,0.0660579,0.0494559,-0.676216,0.785893,-2.14595,1.95595,-0.465249,0.987565,0,0,0.897436,-0.604395,-1.22711,-1.54457,-0.555555,-0.555555,2.32967,4.39072,1.26374,0.0109901,
7.6015,-4.48987,21.3133,12.6127,-16.0458,34.9186,-2.39659,-8.644,0.488042,0.183057,10.4029,-6.20268,14.2124,20.464,-28.5714,25.348,-6.31111,-0.882051,0.46154,0.46154,-0.040246,0.117685,-0.840199,0.599489,-1.81754,1.60391,-0.452621,0.914588,-7.15553,-2.32719,0.0643616,0.0765484,-0.674813,0.679598,-2.02574,2.00716,-0.404663,0.842242,0,0,0.604395,0.262516,-2.14286,-1.80098,-0.897436,0.457876,2.2906,3.35531,1.17582,0.0329666,
9.13762,-1.39466,21.0443,15.9045,-3.0807,41.4006,1.27565,-10.0176,0.730721,0.016545,10.5983,-5.81197,20.6593,26.3248,-21.4408,25.7387,-5.12137,-1.66154,0.46154,0.303295,-0.0436792,0.117685,-0.866903,0.551042,-1.83852,1.63329,-0.401121,0.952735,-7.13455,-2.32795,0.0450293,0.0962876,-0.677237,0.635166,-1.91406,2.14804,-0.245784,0.746997,0,0,-0.384615,-0.177046,-1.32479,-2.77778,-1.23932,1.64225,2.39805,1.45055,1.04396,0.0109901,
5.76634,7.07271,15.54,16.1749,-9.37803,24.3245,1.66889,-6.22971,1.00757,-0.0801129,12.7473,-1.41637,24.6642,23.6874,-4.73749,27.3016,-1.29231,-3.09743,0.725273,0.118683,-0.0638971,0.108912,-0.913825,0.465209,-1.86522,1.71645,-0.345808,0.934806,-7.11013,-2.32795,-0.0338113,0.175084,-0.792644,0.538092,-1.99283,2.11716,-0.187362,0.686301,0,0,-1.01954,-0.372406,-1.54457,-3.20513,-0.702076,3.91331,2.24176,-1.50916,0.912086,-0.0329666,
7.70113,8.18691,15.0545,17.3621,-20.0799,11.2408,0.910208,-3.92359,1.2144,-0.157597,13.6264,-2.49084,25.0549,25.2503,-3.76068,19.9756,-0.540171,-2.08547,0.778023,-0.0395622,-0.0799189,0.111582,-0.93328,0.420196,-1.87438,1.78206,-0.314145,0.900854,-7.09678,-2.32795,-0.0315913,0.213333,-0.813423,0.507492,-2.12252,2.06549,-0.178239,0.667568,0,0,-1.11722,0.323565,-1.42247,-3.1685,-0.750916,4.7558,2.21245,-2.48596,0.956043,0.0109901,
10.2676,0.172697,10.8182,12.2531,-27.6968,8.76034,0.405253,-2.57681,1.33358,-0.200551,8.35165,1.80708,18.4127,19.5849,-14.8962,5.03052,0.19829,-6.16068,0.936264,-0.145054,-0.103952,0.139429,-0.975624,0.353819,-1.89841,1.90032,-0.271038,0.844778,-7.07275,-2.32795,-0.020596,0.182659,-0.907315,0.412431,-2.24095,2.15333,-0.164299,0.679183,0,0,-0.921856,1.23932,-1.55678,-2.32601,-1.04396,4.67033,1.90965,-1.88034,1.08791,0.0109901,
-1.14947,9.65358,-4.50741,4.30715,-45.6402,12.2556,-0.96696,-8.20829,1.24356,-0.201465,4.83516,3.17461,7.47253,11.2821,-21.4408,15.4823,0.403419,-8.60855,0.857143,-0.197803,-0.0989933,0.148584,-0.983635,0.322156,-1.93122,1.93389,-0.234798,0.904669,-7.03841,-2.32261,-0.0912117,0.262969,-1.02659,0.33725,-2.50203,2.10079,-0.194503,0.763352,0,0,0.616606,0.213675,0.213675,-0.982906,-1.91087,0.921856,1.3431,1.73382,1.57143,0.0769234,
-9.12016,13.4892,-6.45708,3.75936,-60.8202,8.04607,-7.67894,-2.96031,1.28754,0.131215,0.0488434,4.44444,-5.22589,3.36996,-32.674,9.81685,-0.923077,-1.47009,0.778023,-0.145054,-0.0833521,0.150873,-0.967231,0.321774,-1.96403,1.95296,-0.216105,0.890173,-7.01362,-2.32452,-0.147854,0.306654,-0.995631,0.366191,-2.71815,2.09304,-0.362254,0.742252,0,0,1.10501,0.177046,1.30037,0.0793648,-2.35043,1.52015,1.3431,-1.3138,1.79121,-0.296703,
-32.5984,3.3146,-8.27847,4.22659,-28.7485,15.3892,-15.4021,4.99446,1.23684,0.465806,-6.00732,6.78877,-10.2076,3.76068,-46.3492,6.39804,-6.39316,0.430769,0.804394,-0.250549,-0.0623713,0.174907,-0.933661,0.319104,-2.04223,1.98692,-0.183299,0.839818,-6.96784,-2.32528,-0.403208,0.255081,-0.982706,0.352025,-2.46768,2.2041,-0.531769,0.862069,0,0,0.641026,1.30037,1.28816,-0.421246,-3.18071,1.38584,1.5873,-2.32967,2.12088,0.0329666,
-20.6696,-16.6357,-12.1513,18.0638,23.3426,11.6391,-7.15208,7.68667,1.01635,0.771814,-18.2173,7.57021,-11.1844,3.27228,-28.4738,11.5751,-11.7128,3.61709,0.936264,0.250549,-0.0707636,0.189021,-0.899328,0.317578,-2.11242,2.01743,-0.169948,0.79099,-6.91024,-2.3249,-0.336039,0.00845378,-0.980415,0.519711,-1.94565,2.2015,-0.363488,0.922213,0,0,-1.06838,0.128204,1.61783,0.0427341,-2.77778,1.64225,0.102564,-1.64591,2.49451,-0.0329666,
15.6509,-44.9775,15.3442,42.9322,96.8005,11.4368,-3.25076,5.50067,0.836329,0.901602,-9.91454,0.146515,-8.05861,12.0635,5.1282,9.91454,-9.53846,3.97265,0.962639,0.540661,-0.139048,0.176051,-0.885595,0.315289,-2.14485,2.04643,-0.169185,0.781453,-6.86828,-2.32452,-0.102512,-0.352392,-0.69862,0.787226,-1.10978,2.22336,-0.256797,0.914469,0,0,-4.12088,-0.860806,0.494505,-0.152626,-1.2149,1.49573,0.0537243,-0.395605,2.67033,-0.0329666,
19.1751,-18.4834,25.8285,37.3798,72.6528,12.608,-12.5304,2.27881,0.839442,0.610056,4.54213,-19.6825,16.4591,27.6923,72.2344,11.2821,-2.97436,4.38291,1.67472,0.619781,-0.205806,0.106241,-0.908103,0.347334,-2.08915,2.07084,-0.166514,0.78832,-6.80648,-2.32261,-0.0653992,-0.247481,-0.666094,0.841827,-1.16366,2.24166,-0.526058,0.863097,0,0,-2.17949,-4.45055,-1.34921,2.37485,3.54701,0.921856,-0.229548,0.229548,2.31868,0.142857,
6.18959,-3.02002,27.7213,35.8135,34.4585,30.2081,-11.4781,5.5911,1.18744,0.621056,9.03542,-21.2454,31.5995,25.641,61.1966,19.7802,-4,4.34188,1.54286,0.698902,-0.194362,0.00934601,-0.959983,0.428969,-1.98463,2.05825,-0.203898,0.783742,-6.76947,-2.31994,-0.101779,-0.129826,-0.744154,0.958155,-1.41148,2.35096,-0.640194,0.917316,0,0,0.714285,-3.1685,-2.76557,3.93773,5.70818,-1.28816,-2.34921,-0.434677,1.46154,0.0769234,
0.525495,-0.660644,20.3768,19.8283,14.2597,30.8647,-12.6892,4.09033,1.07105,0.42238,11.0867,-15.7753,31.4041,28.083,26.1294,32.0879,-3.27521,6.36581,1.46374,0.698902,-0.199702,-0.00629425,-1.00233,0.495346,-1.87018,2.02583,-0.260738,0.770771,-6.75422,-2.31842,-0.209533,-0.0362233,-0.865662,0.844069,-1.46612,2.29652,-0.825916,0.837749,0,0,-0.470085,-0.677656,-2.69231,3.85226,7.36874,-2.16728,-4.25397,-0.932844,0.978024,0.0988998,
10.8113,-11.999,15.2635,5.41716,-15.9426,12.5296,-9.37113,0.337424,0.943577,0.531686,4.93285,-10.0122,20.464,20.2686,5.90965,33.5531,-3.56239,4.45128,0.962639,0.567032,-0.205043,0.00934601,-1.03513,0.571259,-1.71035,1.98348,-0.399214,0.754749,-6.72942,-2.3188,-0.0887838,-0.0920272,-0.897082,0.736253,-1.64797,2.05778,-0.970878,0.737993,0,0,-0.115995,0.958487,-0.946276,3.14408,7.18559,-1.9475,-6.22711,-0.522589,1.06593,-0.0329666,
31.1268,-15.5678,5.23459,-6.54769,-55.2528,-14.1832,-3.25264,-4.3728,0.914892,0.610112,8.25397,-9.42613,10.5983,7.57021,-14.0171,17.1429,-2.83761,1.52479,0.698902,0.435165,-0.224117,0.0238419,-1.02903,0.624666,-1.57187,1.95144,-0.549897,0.745975,-6.70081,-2.31918,0.0901935,-0.135499,-0.946651,0.626192,-2.00244,1.74358,-0.985303,0.602287,0,0,-0.946276,0.409035,0.726496,2.22833,5.50061,-1.50794,-6.9011,-0.444445,1.37363,-0.0109901,
2.76798,7.91036,-9.56564,-6.62117,-78.7646,5.79393,5.16766,-3.00966,0.898667,0.655501,12.7473,-12.6496,-0.927963,-3.07692,-42.6374,-5.1282,-0.676924,-1.67521,0.303295,0.514286,-0.192836,0.0261307,-0.987068,0.66167,-1.51656,1.93427,-0.64908,0.738346,-6.68059,-2.31918,-0.0780349,0.108529,-1.00971,0.631854,-2.33046,1.95856,-0.856938,0.627638,0,0,2.52137,-0.164835,2.50916,1.31258,1.83761,-1.20269,-7.02808,-0.542124,1.46154,-0.0329666,
-10.6084,14.2385,-11.1029,-13.4603,-47.6417,33.4589,20.696,-2.83677,0.275978,0.575701,9.71918,-5.90965,-14.9939,-6.78877,-54.7497,4.83516,2.08547,-2.2906,0.171429,0.567032,-0.133326,0.0146866,-0.932136,0.673114,-1.52838,1.86942,-0.792516,0.715457,-6.6268,-2.31918,-0.137033,0.147454,-0.937674,0.543294,-2.09986,2.13638,-0.488445,0.590992,0,0,3.42491,-0.763126,3.5348,0.592186,-1.26374,-3.14408,-5.41636,-0.913309,2.38462,-0.0109901,
8.06693,-7.92459,-15.5556,-36.4744,-20.8124,11.5856,18.1613,-10.1717,-0.698686,0.397227,1.80708,3.66301,-26.3248,-14.3101,-38.2418,22.7106,8.51282,-3.27521,-0.250549,0.593407,-0.128748,0.0486383,-0.833333,0.699435,-1.6104,1.86217,-0.84516,0.703631,-6.55814,-2.31918,-0.0612969,0.0405629,-0.841134,0.33344,-1.97942,1.99802,-0.392206,0.39935,0,0,-0.665445,2.39927,4.95116,1.17827,-4.13309,0.213675,-1.03053,-0.434677,3.37363,-0.0329666,
-8.03373,25.1288,1.1383,-12.3661,-40.9547,20.6798,25.4406,-8.26528,-0.795892,-0.0117628,-1.41637,3.56532,-23.9805,-25.5434,-14.0171,12.8449,5.96923,-9.15556,-0.46154,0.32967,-0.120737,0.059701,-0.718891,0.691424,-1.71225,1.86522,-0.780308,0.706302,-6.48108,-2.32223,-0.165027,0.317135,-0.548124,0.518818,-2.32502,2.10131,0.126864,0.474513,0,0,1.34921,-0.653236,4.74359,-1.05617,-4.73138,0.189255,4.00977,-0.0439568,3.43956,-0.0329666,
-36.9469,31.4957,14.9778,-21.087,-19.7244,12.8454,28.0705,-1.58139,-0.708347,0.0106606,-16.4591,8.74237,-19.9756,-21.5385,-29.3529,14.0171,-24.1436,-6.9812,-0.145054,0.197803,-0.0333796,0.0371943,-0.622759,0.675784,-1.79999,1.88277,-0.761234,0.684558,-6.42615,-2.31918,-0.282118,0.369849,-0.275428,0.432327,-2.14268,2.06233,-0.107749,0.577871,0,0,4.85348,-0.518925,5.42735,-0.274725,-3.70574,1.10501,-2.52503,-1.25519,2.40659,0.0329666,
-17.9068,-14.0346,-25.711,-41.2971,0.81246,4.82167,63.5444,-7.24559,-0.7995,-0.481862,-22.7106,10.3053,-4.34677,-8.93773,-23.8828,15.6777,23.747,-5.20342,-0.171429,-0.0131874,0.00972748,0.120356,-0.462157,0.635729,-1.85378,1.88849,-0.845922,0.684558,-6.38724,-2.32338,-0.178859,0.113174,-0.526223,0.0769539,-1.90316,1.94064,0.74997,0.496723,0,0,0.311356,4.46276,6.64835,-2.99756,-1.75214,-0.0427341,-3.38461,0.26862,2.05495,-0.274727,
10.1566,-68.4089,-61.1262,-45.1481,28.3894,27.0484,-5.47143,-23.3706,-0.132027,-1.28246,-19.6825,4.24908,-18.7057,-19.5849,-4.34677,3.66301,24.4581,-5.53162,-0.276924,-0.224174,-0.00705719,0.17834,-0.352293,0.551423,-1.89002,1.90108,-0.791753,0.686084,-6.34298,-2.32223,0.0901249,-0.535564,-0.87661,-0.111599,-1.62078,2.23113,-0.750086,0.0317716,0,0,-0.470085,1.38584,4.64591,-4.84127,-1.38584,0.885225,3.87302,-0.102564,1.63736,-0.0109901,
10.4097,-22.4098,-67.9138,-4.62189,7.21418,9.54425,-12.2798,-10.0277,1.10927,-1.47728,-2.00244,-20.464,-43.0281,-19.0965,11.0867,10.989,4.62906,-13.135,0.356045,-0.857143,-0.0043869,0.0867853,-0.319104,0.434691,-1.88582,1.92702,-0.699435,0.675784,-6.32391,-2.32261,0.120027,-0.358183,-1.01815,0.125502,-1.78186,2.10124,-0.800493,0.350594,0,0,0.262516,-5.87912,1.66667,-7.73504,0.714285,2.04518,4.80098,-0.932844,0.824177,-0.0329666,
-5.86708,12.3296,-61.5408,22.5332,-6.46114,-48.7134,-12.4169,15.7392,1.88295,-1.12727,17.2405,-24.3712,-51.0379,-5.81197,-9.5238,0.146515,-2.79658,-6.54359,0.778023,-1.04176,-0.00743866,-0.033761,-0.343901,0.259975,-1.80648,2.02621,-0.70058,0.583085,-6.31819,-2.3291,-0.091961,-0.171694,-1.0865,0.250474,-1.72625,1.65772,-1.05941,0.752399,0,0,-0.579975,-8.24786,-1.76435,-7.79609,4.56044,5.18315,-0.278389,-5.35775,0.23077,-0.362637,
32.7178,-19.461,-34.0554,39.5644,-55.6306,-22.1194,-4.22987,12.1744,1.40838,-0.52509,15.0916,-12.9426,-43.1258,3.95604,-20.5617,-22.0269,-5.03932,-4.94359,0.883518,-0.936264,-0.0730524,-0.0936518,-0.428206,0.186351,-1.66304,2.06664,-0.713931,0.569352,-6.30102,-2.34741,0.209689,-0.362184,-0.971232,0.555341,-2.08438,1.81416,-0.877581,0.974686,0,0,-2.42369,-1.56899,-4.93895,-2.11844,5.90354,-0.201466,-0.923077,1.3431,1,-1.02198,
6.87249,13.0873,-19.1617,18.9891,-92.1139,12.2656,13.1829,0.753977,0.981415,-0.317274,10.989,-16.0684,-24.8596,14.7009,-49.3773,-12.9426,-0.964102,1.41538,0.46154,-0.778023,-0.0764856,-0.103952,-0.572022,0.218394,-1.56348,2.01286,-0.782598,0.668536,-6.27546,-2.35657,0.039151,0.0286413,-0.993925,0.544768,-2.47524,2.06591,-0.567078,0.888503,0,0,1.17827,-0.384615,-6.26984,3.46154,3.35165,-2.49695,-3.01343,3.98046,1.81319,-0.53846,
-22.6346,26.2895,-17.3005,-8.20528,-59.8754,33.1521,18.9545,-9.76518,-0.116445,-0.0853699,12.1612,-12.2589,-16.1661,4.24908,-60.2198,6.00732,1.93504,-0.649572,0.118683,-0.804394,-0.00705719,-0.131418,-0.663959,0.325208,-1.56691,1.94724,-0.814641,0.754749,-6.21061,-2.36915,-0.141133,0.109201,-1.02733,0.451987,-2.27513,2.19614,-0.377749,0.759685,0,0,3.52259,-1.54457,-5.13431,6.53846,-1.28816,-3.58364,-1.79243,5.52381,3.10989,-0.472527,
-3.07768,12.0918,-0.0959244,-13.395,-27.5895,27.6922,12.3059,-14.7168,-1.13328,0.0664829,0.0488434,10.8913,-21.6361,-5.03052,-65.3968,33.7485,6.52991,-4.94359,3.33627,-0.0395622,-0.0169754,-0.115015,-0.730335,0.42401,-1.61841,1.89879,-0.797093,0.830281,-6.14424,-2.37678,-0.0985874,0.0785569,-0.863066,0.465857,-2.03994,2.08662,-0.371501,0.599504,0,0,-1.42247,1.77656,-3.94994,5.72039,-3.44933,-3.59585,1.67521,3.56044,3.92308,-0.56044,
-2.19491,18.2549,-2.2919,5.15614,-34.5598,23.1397,3.58019,-14.0784,0.348809,0.193633,-0.146515,15.2869,-13.138,0.830276,-49.8657,23.2967,10.7145,-6.33846,0.725273,0.0131874,-0.0707636,-0.0787745,-0.752842,0.453765,-1.58675,1.84119,-0.716601,0.849356,-6.1244,-2.39319,-0.169836,0.133622,-0.791535,0.501084,-1.93635,2.0403,-0.452316,0.459999,0,0,-2.24054,0.286936,-0.396826,-0.299145,1.03175,-1.73993,3.2967,0.0341873,0.626373,-0.604397,
30.7818,4.27239,19.1715,27.9393,-59.6956,-16.8326,14.0244,-12.0971,0.51544,-0.134433,5.51892,16.7521,-4.6398,7.47253,-42.2466,14.8962,8.75898,-7.91111,0.303295,-0.0395622,-0.118448,-0.0864038,-0.756657,0.438125,-1.54097,1.85836,-0.698291,0.81426,-6.10952,-2.40539,0.13505,-0.0415784,-0.55646,0.713762,-2.13201,1.70938,-0.284549,0.379326,0,0,-2.65568,-0.0793648,-0.384615,-1.04396,2.16728,1.14164,0.483517,-1.97802,0.736263,-0.42857,
39.7778,-9.29666,7.51332,35.0981,-55.8371,-0.734058,20.2507,3.60033,0.347364,-0.522271,16.3614,10.1099,6.30037,22.5153,-50.5495,-6.49573,13.641,-7.81538,0.382416,-0.303295,-0.180629,-0.0749598,-0.754368,0.40608,-1.52762,1.87057,-0.701343,0.751698,-6.09274,-2.41112,0.200093,-0.167877,-0.645449,0.763295,-2.14661,1.86261,-0.152254,0.699082,0,0,-1.83761,0.311356,0.763126,-0.982906,0.0427341,0.00610542,-0.26862,-3.0525,1.21978,-0.296703,
15.0727,6.77226,-0.784994,19.9539,-39.7429,10.2452,21.904,7.42709,0.381871,-0.926847,17.4359,1.31868,4.54213,24.7619,-47.8144,-2.00244,18.7009,-1.37436,0.567032,-0.514286,-0.129892,-0.0906,-0.702868,0.421721,-1.55509,1.84577,-0.712405,0.687991,-6.07443,-2.40959,0.150932,-0.0448602,-0.615742,0.681079,-2.06118,1.90608,-0.141812,0.713835,0,0,3.40049,-0.885225,2.87546,1.12943,-1.93529,-1.60562,-0.757021,-3.60928,0.67033,0.12088,
9.13157,17.317,3.35773,5.07688,-33.2782,17.4857,25.8503,3.23636,-0.0564737,-0.890992,21.1477,2.1978,0.244202,16.8498,-41.7582,13.431,20.506,2.70086,0.250549,-0.540661,-0.0761042,-0.115015,-0.667392,0.463683,-1.59132,1.7958,-0.719654,0.651369,-6.05535,-2.41417,0.0687032,0.043005,-0.586331,0.586637,-2.00321,1.91784,-0.00476596,0.694137,0,0,1.30037,-1.03175,1.31258,1.99634,-1.26374,-2.16728,-0.0634918,-0.942614,0.978024,-0.252747,
20.6768,6.67357,23.594,23.042,-42.486,10.3885,26.0064,-3.63922,-0.149812,-0.896862,18.1197,8.05861,-0.146515,11.7704,-37.7534,13.9194,22.4068,1.23761,0.435165,-0.487911,-0.0909815,-0.10853,-0.63611,0.485428,-1.59667,1.77291,-0.717746,0.652132,-6.04543,-2.42103,0.121056,-0.0138258,-0.325318,0.751829,-2.06894,1.86737,0.0127141,0.557148,0,0,-0.531136,0.616606,1.4591,0.311356,-0.00610542,-0.628815,0.161173,0.122101,0.67033,-0.516483,
12.9142,6.98058,25.7103,29.4185,-48.4724,13.6499,29.9845,-4.86405,-0.0249667,-0.96333,16.2637,3.46764,11.2821,20.1709,-41.6606,7.17949,22.8581,-0.430769,0.276924,-0.435165,-0.096323,-0.0852594,-0.61017,0.476654,-1.59323,1.7752,-0.693332,0.658999,-6.03437,-2.44163,0.0400461,0.0397181,-0.274236,0.789485,-2.12388,1.93765,0.189632,0.533899,0,0,-0.213675,1.42247,1.50794,-0.421246,0.238094,0.323565,1.00122,0.200245,0.23077,-1,
-10.3854,-2.12667,-9.66674,-11.7451,-30.8436,16.6115,34.6003,-7.98705,-0.28982,-1.08997,13.0403,-1.7094,12.3565,24.8596,-40.4884,9.81685,24.7863,-1.64786,0.145054,-0.619781,-0.07763,-0.0452051,-0.541886,0.488861,-1.61154,1.78779,-0.660907,0.645266,-6.03094,-2.46529,-0.154562,0.0127688,-0.526177,0.376472,-2.00452,1.99454,0.392277,0.373342,0,0,1.15385,2.44811,3.69353,0.543346,-1.50794,0.665445,1.84127,-1.00122,0.0769234,-1.26374,
-11.5116,-38.4365,-78.6224,-73.8237,11.0836,23.6283,4.55872,-19.3139,0.480645,-1.76132,6.20268,-5.1282,-6.20268,8.84004,-31.0134,19.0965,-27.3983,-2.24957,-0.118683,-1.43736,-0.0875483,0.0226974,-0.448424,0.478561,-1.65084,1.78817,-0.607882,0.603304,-6.03208,-2.4897,-0.255138,-0.315852,-1.19319,-0.398885,-1.5808,2.03788,-0.354999,-0.0521185,0,0,-1.19048,2.65568,3.86447,-1.71551,-1.59341,-0.384615,2.52503,-2.37851,-0.0549469,-0.868134,
16.2534,-38.0161,-109.353,-57.5038,2.60616,1.0919,-17.7971,-11.6096,1.58402,-2.28754,1.61172,-13.2357,-48.5959,-31.6972,-5.71428,15.6777,9.27863,-7.59658,0.092308,-1.27912,-0.138666,0.0268936,-0.420196,0.395781,-1.65503,1.78969,-0.539598,0.534638,-6.03208,-2.5042,-0.0547349,-0.414026,-1.59595,-0.406561,-1.61773,1.82238,-0.834939,0.00824144,0,0,-2.89988,-0.555555,1.17827,-4.90232,0.250305,0.616606,3.98046,-4.07814,0.0109901,-0.978024,
0.317258,-0.473305,-88.7365,-19.2445,10.5366,-18.6143,-15.7127,26.9782,3.48008,-2.44284,9.81685,-17.0452,-65.8852,-27.1062,-10.989,0.830276,-5.73675,-4.13675,0.672527,-1.51648,-0.205806,-0.0486383,-0.517471,0.190547,-1.59247,1.83814,-0.499542,0.404936,-6.0317,-2.53395,-0.324584,-0.198179,-1.70754,-0.408099,-1.35553,1.71577,-0.85713,0.803902,0,0,-3.66911,-4.32845,-6.12332,-11.5446,3.59585,2.53358,1.57753,-7.00855,0.0769234,-1.68132,
37.6091,-39.5317,-79.7708,-18.8114,-46.8347,-53.9804,-15.275,36.5317,3.21126,-2.07045,8.05861,-11.0867,-74.6764,-34.4322,-14.8962,-19.2918,-7.74701,14.2427,2.0967,-1.91209,-0.280193,-0.113108,-0.647173,0.0974674,-1.46925,1.87514,-0.50679,0.292401,-6.01949,-2.566,0.047942,-0.568425,-1.65216,-0.210246,-1.74117,1.35615,-0.964552,1.02707,0,0,-2.69231,-0.482296,-3.55922,-2.96093,7.45421,2.42369,-0.669109,-5.60195,0.934067,-1.7033,
48.5702,-33.487,-3.23725,23.1878,-44.0559,-20.0523,4.29651,33.5102,3.08131,-1.85735,16.8498,-19.8779,-45.9585,-19.1941,-31.1111,-31.4041,-4.75214,11.5214,1.7011,-1.64835,-0.312238,-0.118448,-0.795568,0.0204086,-1.30407,1.90719,-0.576219,0.329404,-5.97448,-2.61597,0.159258,-0.515557,-1.20008,0.136618,-1.55203,1.71674,-0.644173,1.44657,0,0,-2.04518,-0.750916,-11.0562,-4.24298,7.24664,0.970695,-3.74603,3.7265,2.58242,-2.53846,
24.0147,34.3652,47.0994,37.6117,-73.7897,-5.95187,18.5843,16.2016,2.35356,-1.41031,21.0501,-23.2967,-11.2821,-3.07692,-39.9023,-18.022,2.1812,9.42906,1.3055,-1.75385,-0.250057,-0.196651,-1.01225,0.00972748,-1.21672,1.88239,-0.674258,0.517471,-5.88636,-2.66899,0.161054,0.0632884,-0.773615,0.466911,-1.93587,1.77006,-0.368772,1.46983,0,0,4.32845,-3.6569,-8.5409,1.17827,3.02198,-1.38584,-4.2149,10.0464,4.56044,-2.40659,
52.0071,26.5589,62.6623,37.9886,-72.3647,18.9571,27.9454,-4.89498,1.13721,-0.874465,32.4786,16.9475,27.3993,17.5336,-54.359,-2.10013,7.4735,2.63248,1.12088,-1.04176,-0.198939,-0.278667,-1.11601,0.0936518,-1.22511,1.82746,-0.701343,0.782979,-5.76276,-2.73346,0.380749,-0.07087,-0.499328,0.659214,-2.08105,1.96951,0.0727208,1.25873,0,0,0.054945,-2.61905,-2.38706,4.30403,-1.55678,-2.05739,-0.0439568,12.2344,6.01099,-3.15385,
44.7953,2.29537,51.0329,56.3681,-42.6177,32.5169,16.0577,-12.0385,0.21935,-0.586503,28.6691,27.9854,60.3175,49.1819,-49.6703,15.6777,11.6444,-0.8547,0.698902,-0.408791,-0.166133,-0.273327,-1.17933,0.0898371,-1.32963,1.7916,-0.639544,0.972954,-5.65557,-2.78878,0.435174,-0.270411,-0.730533,0.664256,-2.01582,2.09409,0.00503862,1.22146,0,0,3.10745,-0.677656,-3.54701,-1.55678,-6.37973,-1.76435,3.9707,11.6581,6.73626,-3.59341,
19.8974,21.4746,42.8616,55.6092,-60.2157,3.41457,28.5809,-6.87921,0.733634,0.377451,29.0598,19.4872,48.9866,54.7497,-61.7827,27.3016,26.0034,-3.61709,1.09451,0.0395622,-0.0413904,-0.29736,-1.15721,0.0658045,-1.34375,1.77024,-0.6178,1.13203,-5.53693,-2.88376,0.439561,-0.0837847,-0.596107,0.641153,-2.00732,1.7571,0.124099,1.21615,0,0,7.79609,-0.750916,2.54579,-1.27595,0.164835,-1.53236,-1.04029,5.50427,4.91209,-4.6044,
75.8744,-17.0481,20.7519,39.8063,-86.7342,26.1159,23.2909,-7.13883,0.80555,0.587819,46.3492,-1.90475,38.5348,45.8608,-61.0012,15.7753,21.1077,-1.21026,0.883518,0.356045,-0.0211716,-0.235561,-1.11601,0.0764856,-1.33192,1.70157,-0.582322,1.19039,-5.44041,-2.9963,0.75981,-0.295355,-0.826618,0.562124,-2.27549,1.89386,0.173315,1.08562,0,0,-1.86203,3.88889,1.76435,1.30037,0.604395,-2.93651,2.17338,1.87057,4.51648,-5.1978,
72.3666,-28.5978,-13.5776,24.5401,-90.6399,28.24,19.6985,-8.22012,-0.240255,0.561177,49.5726,-5.71428,24.7619,39.4139,-67.6435,23.1013,26.0444,-1.37436,0.540661,0.435165,-0.0608454,-0.161937,-1.0584,0.116541,-1.3468,1.65236,-0.570497,1.20222,-5.34543,-3.08633,0.678311,-0.333781,-1.08045,0.463893,-2.40092,1.86215,-0.0201423,0.989756,0,0,-1.9475,4.37729,3.86447,2.24054,-1.41026,-3.11966,0.0634918,0.317461,5.26374,-5,
8.00852,3.61638,-24.8069,8.67293,-32.469,20.6631,10.1407,0.611291,-0.969834,1.03099,54.4566,-26.4225,-13.3333,19.3895,-79.6581,25.7387,19.1248,-2.70086,0.118683,0.435165,0.0314722,-0.103189,-0.958076,0.182918,-1.42309,1.61078,-0.553712,1.17056,-5.24243,-3.18589,0.244387,0.0100492,-1.10856,0.37269,-1.89273,1.79865,-0.225383,1.09792,0,0,3.71795,2.1917,3.75458,2.8022,-3.26618,-1.25153,0.932844,-1.79243,5.1978,-4.97802,
-12.02,8.99624,-37.1159,-3.9933,-29.7831,46.6835,-0.730342,-3.21118,-1.52955,1.39786,39.8046,-15.873,-22.2222,5.03052,-45.3724,17.2405,11.2479,1.00513,-0.0659332,0.408791,0.0371943,-0.0608454,-0.918021,0.231365,-1.45056,1.60506,-0.541123,1.13737,-5.14019,-3.28126,-0.096158,0.140659,-1.23742,0.30238,-1.84355,2.11624,-0.513792,0.926802,0,0,0.00610542,3.0464,2.78999,3.46154,-1.86203,-0.225885,0.952381,-2.42735,5.04396,-4.73626,
0.503672,3.88865,-26.5701,9.16713,-57.5938,49.5301,-0.819544,-2.1325,-1.46071,1.63273,15.3846,-7.47253,-26.2271,-3.46764,-39.9023,30.8181,3.34359,-0.635897,-0.32967,0.567032,-0.0543604,0.0497828,-0.895132,0.301175,-1.43874,1.63481,-0.520905,1.09655,-5.04749,-3.37625,-0.198337,0.260878,-1.19097,0.494404,-2.04712,2.26634,-0.494585,0.958439,0,0,-4.48718,5.03663,-0.0183144,2.74115,0.946276,2.4359,0.981686,-1.57753,3.98901,-4.16484,
0.897064,1.32009,-11.136,11.7467,-47.9908,22.8402,4.84216,-5.65622,-1.08699,0.838222,3.95604,-0.244202,-24.2735,13.6264,-53.8706,41.1722,1.14188,-1.92137,-0.514286,-0.725273,-0.138285,0.139429,-0.926795,0.316052,-1.42691,1.72446,-0.521667,1.05268,-4.96815,-3.45521,-0.227829,0.262969,-1.08248,0.443111,-1.95546,2.11438,-0.396687,0.817665,0,0,-2.98535,3.26618,-0.958487,-0.103785,0.140415,4.08425,-0.190475,-1.558,3,-2.16484,
-5.12281,10.3039,-9.971,-6.83285,-44.6969,7.39471,8.48661,-13.793,-0.345742,-0.0585319,-6.20268,6.20268,-23.2967,18.4127,-50.0611,32.2833,3.02906,-3.80855,-0.32967,-0.593407,-0.144388,0.162318,-0.913825,0.284772,-1.43378,1.75422,-0.529678,1.04353,-4.92733,-3.46094,-0.189709,0.311197,-0.995106,0.16632,-1.94567,1.90944,-0.321045,0.638165,0,0,0.347986,1.03175,0.885225,-1.27595,-0.457876,2.1917,-0.542124,-0.444445,2.23077,-0.406593,
-17.0791,4.19763,-5.97787,-11.4471,5.93476,32.4289,11.787,-27.594,0.346919,-0.198586,-12.2589,5.03052,-13.7241,0.830276,-38.3394,12.8449,7.18633,-11.9726,-0.092308,-0.0131874,-0.111582,0.184443,-0.896276,0.277142,-1.46925,1.78855,-0.538072,1.03399,-4.8846,-3.472,-0.248236,0.277278,-0.93726,0.133875,-1.46864,2.17594,-0.222133,0.252593,0,0,1.59341,1.38584,0.763126,-0.482296,-1.95971,0.811966,-0.229548,-0.297924,1.48352,-0.582417,
-38.2806,25.4483,-33.9961,-30.6316,23.9393,22.1516,0.673246,-42.9727,1.26767,-1.20405,-11.6728,2.1978,-11.0867,-9.23077,-4.34677,24.4689,10.2222,-19.9043,0.145054,-0.487911,-0.0928888,0.232128,-0.872244,0.257305,-1.51541,1.80877,-0.53769,1.00957,-4.85447,-3.47467,-0.505815,0.576548,-1.20704,-0.104413,-1.29806,2.0958,-0.516791,-0.269338,0,0,0.372406,1.84982,1.28816,-0.641026,-1.4591,1.22711,0.0439568,-1.70452,1.30769,0.0549469,
-44.9417,34.6971,-60.459,-40.3444,-9.85564,11.6468,-10.9821,-42.1593,2.03135,-2.27983,-13.0403,7.47253,-17.3382,-12.7473,9.71918,19.8779,3.7265,-25.4838,0.725273,-0.672527,-0.110056,0.237469,-0.849737,0.236324,-1.51274,1.85035,-0.51976,0.963798,-4.83272,-3.47467,-0.640544,0.623196,-1.49688,-0.261397,-1.60739,2.04793,-0.761572,-0.322314,0,0,-0.934067,0.00610542,0.738707,-1.48352,0.445665,2.04518,1.26496,-2.30037,1.08791,-0.0109901,
-32.4738,22.0588,-46.0726,-29.4473,-16.9839,-1.79788,-9.41228,-29.338,2.44853,-3.19589,-33.4554,23.0037,-40.293,-27.4969,-9.5238,8.35165,-4.79316,27.0974,1.27912,-1.41099,-0.147821,0.275234,-0.879492,0.176433,-1.47574,1.89345,-0.509079,0.889029,-4.80983,-3.47696,-0.585361,0.605191,-1.45877,-0.263702,-1.59017,1.95142,-0.755147,-0.157661,0,0,-2.30159,2.54579,-2.02076,-3.38828,2.22833,2.33822,0.307692,-4.63492,1.35165,-0.23077,
-5.4855,-1.02018,-17.0952,-17.7946,-24.846,-11.312,-0.800818,-10.8264,1.79283,-3.33954,-38.0464,19.7802,-43.1258,-30.232,-18.5104,-0.341873,-4.0547,27.8359,1.04176,-2.12308,-0.174144,0.323682,-0.936713,0.127985,-1.43034,1.94076,-0.543412,0.782216,-4.75986,-3.49413,-0.258089,0.387438,-1.20338,-0.128138,-1.64109,1.87876,-0.667489,0.256087,0,0,-0.689865,2.25275,-2.30159,-1.75214,1.95971,1.91087,-2.03663,-4.50794,2.71429,-1.06593,
52.8317,-30.2085,21.727,24.8048,-49.6911,-18.0589,15.0436,15.5432,0.836229,-2.77019,-14.7985,1.80708,-23.0037,-19.5849,-21.3431,-6.5934,-0.690598,-15.3641,0.857143,-2.17582,-0.194743,0.381666,-0.976387,0.0940342,-1.4086,1.95792,-0.588044,0.719273,-4.69654,-3.52617,0.337534,0.162621,-0.816987,0.307576,-1.9247,1.78189,-0.293977,0.97838,0,0,-1.64225,3.49817,-2.46032,-1.86203,1.08059,0.738707,-2.47619,-3.45299,3.76923,-2.01099,
61.2273,-46.1571,-1.8475,29.7499,-52.9536,-27.0107,13.4786,16.0643,-0.0507603,-1.54817,30.7204,-22.8083,9.32845,14.0171,-32.8694,-12.8449,7.04957,5.06667,0.593407,-1.96484,-0.217631,0.427825,-1.00652,0.0680933,-1.42386,1.95563,-0.618181,0.673877,-4.60842,-3.58339,0.438456,-0.0262201,-1.0704,0.363035,-2.0686,1.64554,-0.291883,1.03976,0,0,-0.726496,1.76435,-1.30037,-1.06838,-1.69109,-0.299145,-0.962149,-1.60684,4.51648,-3.13187,
18.0749,-31.474,-23.945,21.8345,-11.919,0.132037,-4.21137,2.37938,-0.881051,-0.331506,43.5165,-37.851,-10.696,14.9939,-31.5018,-15.58,3.58974,4.86154,-0.0659332,-1.2,-0.130655,0.435073,-0.951972,0.115015,-1.54479,1.91367,-0.560197,0.730335,-4.48978,-3.67075,0.180678,0.0941123,-1.12055,0.446957,-1.88743,1.82092,-0.509414,0.965171,0,0,3.31502,0.262516,2.9243,2.6801,-6.30647,-2.82662,3.35531,3.37485,4.89011,-3.85714,
27.8848,-22.9132,-22.6244,11.1216,-37.3748,12.5794,-7.38069,0.695371,-1.1134,0.337821,46.4469,-31.1111,-8.74237,18.8034,-10.3053,1.31868,-2.96068,0.704273,-0.593407,-0.540661,-0.155451,0.427444,-0.956931,0.158504,-1.66457,1.84081,-0.480087,0.81426,-4.38869,-3.73484,0.0825442,0.136833,-1.25776,0.347807,-2.27297,1.86113,-0.495363,1.0409,0,0,-2.15507,-1.08059,-1.48352,1.97192,-5.79365,-3.58364,3.79487,4.14652,4.97802,-4.07692,
23.6408,-9.60309,-3.02955,31.7838,-53.7092,12.0378,-10.6995,0.569619,0.222416,1.2244,28.4738,-12.3565,-15.58,6.30037,-48.9866,17.4359,-0.48547,0.444445,0.540661,0.0395622,-0.186351,0.385099,-1.00004,0.206569,-1.68822,1.78702,-0.452621,0.873007,-4.34176,-3.82486,0.0508871,0.182143,-1.0921,0.664117,-2.24449,1.81231,-0.714421,1.03901,0,0,-0.763126,-2.88767,-1.75214,3.13187,1.2149,-3.25397,0.708181,3.00366,1.59341,-4.07692,
28.8788,4.9696,-5.91124,17.38,-50.2469,10.1247,1.88589,-0.795206,-0.0297112,1.60917,26.7155,-4.93285,-11.5751,8.25397,-57.6801,16.6544,-1.53846,0.48547,0.382416,0.303295,-0.19398,0.295072,-1.03285,0.270275,-1.65122,1.71378,-0.471695,0.927558,-4.31125,-3.91527,0.108784,0.215776,-1.14513,0.565747,-2.14541,1.73653,-0.476696,1.02391,0,0,-0.543346,-4.03541,-1.39805,3.07082,1.92308,-2.69231,-1.14774,2.36874,1.35165,-4.01099,
47.8768,-15.7918,-0.292152,10.4884,-38.2627,5.75128,17.4766,-4.53475,-0.575992,1.5449,32.0879,-0.537247,-10.5006,9.23077,-47.5214,10.1099,1.78461,0.143589,-0.0131874,0.725273,-0.232891,0.243572,-1.03094,0.377851,-1.63558,1.68059,-0.524338,0.962272,-4.28569,-3.98051,0.242704,0.0182502,-1.01566,0.627682,-2.04138,1.68405,-0.198338,0.923486,0,0,-1.69109,-1.49573,0.555555,3.99878,0.579975,-1.81319,-3.18925,1.74359,1.57143,-3.41758,
41.9378,-15.1849,-0.150637,8.38747,-24.3935,5.28887,6.85875,-4.76194,-0.820043,1.41068,36.2882,-4.73749,-1.90475,8.54701,-37.9487,5.32356,5.69573,-1.63419,-0.092308,0.725273,-0.234798,0.221828,-1.03475,0.424392,-1.63901,1.65694,-0.536164,0.984779,-4.25517,-4.03925,0.232601,-0.00326206,-1.05291,0.624423,-1.91758,1.68457,-0.330259,0.900122,0,0,0.0427341,-1.69109,-0.494505,3.20513,-0.225885,-0.934067,0.307692,0.952381,1.1978,-2.69231,
17.0007,1.71041,-2.58276,12.2338,-33.342,16.0585,-1.79401,-2.84038,-1.10751,0.550507,36.7766,-10.696,-0.0488434,11.3797,-27.9854,6.78877,4.64273,-1.10085,-0.356045,0.145054,-0.202373,0.160029,-1.03742,0.475891,-1.63443,1.63443,-0.481995,0.982872,-4.23152,-4.07702,0.0319047,0.112082,-1.07324,0.651505,-1.99493,1.77684,-0.427555,0.873936,0,0,1.36142,-2.00855,-0.213675,1.19048,0.299145,-1.08059,2.08547,-0.600733,0.89011,-0.89011,
12.2712,-0.812107,-19.8332,7.83808,-56.7887,13.054,-11.8142,-2.93811,-1.08396,0.421172,27.5946,-5.61661,-3.17461,11.0867,-32.7717,13.0403,2.52308,-1.10085,-0.32967,0.276924,-0.200084,0.15011,-1.04086,0.485046,-1.63176,1.62909,-0.470932,0.963798,-4.22274,-4.08694,-0.0728948,0.122161,-1.26428,0.594725,-2.25644,1.77271,-0.776393,0.825773,0,0,-0.274725,-0.567766,-0.0915756,0.677656,0.189255,-0.0427341,0.454212,-1.1282,0.252747,-0.45055,
5.1951,0.407455,-32.1512,1.86727,-86.1303,11.5744,-14.6802,-1.79831,-0.932143,0.33682,18.315,-4.05373,-13.3333,9.13309,-49.2796,12.4542,-1.14188,-1.0735,-0.593407,0.0395622,-0.210002,0.151255,-1.02979,0.503738,-1.62413,1.62757,-0.47818,0.937095,-4.22389,-4.09266,-0.160622,0.164532,-1.37177,0.54219,-2.57483,1.758,-0.914048,0.825359,0,0,-0.250305,0.262516,0.457876,0.531136,0.189255,0.054945,-0.561661,-1.23565,-0.0769234,-0.0769234,
-0.738095,4.46422,-21.9096,3.40489,-95.0857,15.0898,-8.09976,1.61263,-0.506422,0.606509,7.57021,-0.0488434,-24.2735,3.85837,-76.63,8.84004,-6.72137,-0.540171,-0.672527,0.118683,-0.20428,0.150492,-1.04353,0.510986,-1.63062,1.63939,-0.529297,0.906959,-4.22961,-4.0919,-0.202509,0.189716,-1.31851,0.558383,-2.71134,1.8329,-0.90252,0.873366,0,0,0.299145,-0.311356,-0.946276,0.286936,-0.726496,0.775335,-2.96459,-1.56777,-0.362637,0.0988998,
0.867094,4.65584,-17.0159,1.43413,-93.1634,17.0951,-5.60923,5.56567,0.0115348,1.11551,6.69109,5.71428,-26.1294,3.07692,-91.8681,11.1844,-10.441,0.868376,-0.698902,0.276924,-0.211528,0.137522,-1.05764,0.511368,-1.64168,1.65427,-0.581941,0.878347,-4.238,-4.09113,-0.223668,0.161781,-1.27092,0.529541,-2.6986,1.87657,-0.867911,0.956026,0,0,-0.653236,-0.824175,-0.726496,0.0671558,-0.653236,0.970695,-2.60317,-1.53846,-0.42857,0.0329666,
3.41924,-9.38214,-3.08226,6.99304,-58.0506,19.1969,-8.18857,3.86548,0.897073,1.7017,7.76556,4.93285,-24.3712,0.341873,-87.3748,11.2821,-11.2889,1.89402,-0.487911,0.514286,-0.253872,0.126841,-1.04009,0.521286,-1.67487,1.68975,-0.590333,0.863852,-4.24716,-4.08808,-0.279169,0.0138441,-1.04402,0.61954,-2.38072,1.96104,-0.806316,0.956818,0,0,-1.89866,-0.262516,0.909645,0.616606,-1.8254,1.73993,0.229548,-0.288157,-0.34066,0.31868,
1.75658,-20.0935,4.43067,16.3706,-9.98429,19.8378,-6.7726,-2.62853,1.8048,2.48841,7.86325,0.43956,-13.9194,2.78389,-57.8755,10.7937,-10.865,1.19658,0.145054,1.3055,-0.292401,0.107386,-1.00347,0.536546,-1.72484,1.74506,-0.565156,0.880255,-4.2483,-4.07778,-0.336579,-0.160442,-0.879557,0.74632,-1.90884,2.06418,-0.692966,0.851929,0,0,-1.91087,-1.337,2.24054,0.836386,-2.1917,2.96093,1.20635,0.893772,0.0769234,0.494507,
19.6322,-56.9971,24.6324,19.5504,102.082,15.6712,-0.600968,-6.45457,2.65814,2.88347,8.74237,-6.78877,-6.5934,10.8913,-18.8034,9.5238,-8.92308,0.266666,0.619781,1.38462,-0.332456,0.0650415,-0.950446,0.556382,-1.76604,1.80762,-0.552949,0.895514,-4.24601,-4.06558,-0.186156,-0.646607,-0.579276,0.808,-0.702819,2.10405,-0.535699,0.76335,0,0,-2.15507,-2.35043,2.9243,1.03175,-2.13065,3.66911,0.678877,0.942614,0.20879,0.912086,
61.0592,-28.8796,10.2487,14.8789,38.3913,-19.498,-22.3415,0.213093,2.41067,1.23166,21.3431,-31.3065,18.7057,21.1477,60.5128,17.8266,-1.62051,2.41368,1.88572,0.883518,-0.398451,-0.00476837,-0.903143,0.567445,-1.7359,1.87018,-0.542268,0.855078,-4.23266,-4.01751,0.175589,-0.472783,-0.735341,0.733377,-1.15529,1.71154,-1.14357,0.687859,0,0,-3.13187,-4.41392,1.61783,0.0183144,4.62149,1.73993,0.385836,-3.46276,0.802197,2.91209,
53.6897,-20.9836,29.3526,35.4442,26.1649,-2.49528,-12.4801,9.12708,2.17291,0.448311,43.0281,-28.5714,23.4921,18.4127,39.8046,2.78389,-3.09743,1.19658,2.41319,1.56923,-0.455672,-0.116159,-0.917258,0.557527,-1.65465,1.88239,-0.548753,0.809682,-4.22351,-3.96448,0.0450311,-0.537549,-0.635684,0.929576,-1.20744,1.86464,-0.926925,0.932076,0,0,-2.87546,-5.64713,-1.337,-0.653236,4.69475,0.299145,-0.630037,-2.62271,0.934067,3.32967,
3.87273,24.859,11.7454,13.2143,-24.8056,20.9496,1.59665,5.4471,1.98308,-0.586194,37.851,-22.0269,21.2454,18.7057,18.9988,-0.927963,-2.19487,3.79487,1.67472,0.487911,-0.409133,-0.181773,-0.927176,0.582704,-1.54669,1.85264,-0.66701,0.767719,-4.20291,-3.88056,-0.249497,0.00265928,-0.784665,0.809912,-1.66012,2.04817,-0.931572,0.864083,0,0,3.49817,-2.75336,0.360195,2.41148,4.86569,-1.11722,-6.17827,-1.0989,1.04396,3.59341,
-6.372,35.3794,-12.4298,-1.18815,-83.3214,10.1289,5.54465,-1.06168,1.57077,-1.156,8.93773,4.1514,12.9426,12.7473,-20.6593,19.7802,1.52479,2.74188,1.17363,0.145054,-0.337415,-0.239376,-0.897039,0.650225,-1.44903,1.83509,-0.759327,0.773441,-4.17811,-3.82219,-0.27655,0.0546238,-0.986919,0.745489,-2.20206,1.9051,-0.882476,0.766173,0,0,3.94994,-2.97314,1.44689,3.25397,5.18315,-1.27595,-5.54335,0.444445,1.61538,3.74725,
13.1169,6.12111,-8.05848,18.828,-56.1731,30.3074,12.1805,-1.44902,0.134049,-1.06406,1.02563,14.0171,-9.13309,10.5983,-64.8107,15.9707,1.27863,1.85299,0.382416,-0.698902,-0.303464,-0.182536,-0.87644,0.657855,-1.41051,1.80686,-0.852026,0.776112,-4.11212,-3.74208,-0.133097,-0.00483725,-0.914086,0.853421,-2.01695,2.09212,-0.642862,0.706313,0,0,0.738707,3.2906,1.55678,-0.409035,0.531136,-1.54457,-2.58364,-0.590965,3.1978,3.08791,
-1.83234,15.208,-14.2126,-1.9679,-36.5486,15.1568,19.5725,-5.12867,-1.03337,-1.21309,-6.78877,16.9475,-18.8034,11.2821,-44.3956,31.1111,4.34188,-1.34701,-0.303295,-0.32967,-0.240902,-0.168422,-0.820745,0.656711,-1.46124,1.75307,-0.865759,0.773823,-4.02285,-3.68868,-0.135702,-0.000461588,-0.875488,0.662725,-1.97825,1.85941,-0.318415,0.633069,0,0,3.76679,-0.0305252,3.09524,0.836386,-3.32723,-1.86203,0.0732594,0.0341873,4.34066,2.75824,
-16.0452,23.6574,-14.1896,-7.39025,-42.1485,8.73575,11.1145,-2.04634,-1.41452,-1.17207,-13.3333,14.8962,-24.2735,6.5934,-33.1624,29.8413,9.37436,-2.49573,-0.46154,-0.32967,-0.147821,-0.172999,-0.752842,0.693332,-1.53944,1.73133,-0.840581,0.768101,-3.95151,-3.65091,-0.125653,0.0843666,-0.769885,0.689158,-2.16914,1.7765,-0.453945,0.692454,0,0,6.01343,-0.164835,4.21856,2.33822,-4.84127,-1.55678,1.558,-0.376068,4.34066,1.87912,
-5.06765,7.08311,-49.8697,-10.561,-72.9163,49.3012,9.94943,-2.41301,-1.01827,-0.95521,-6.49573,7.76556,-15.9707,-6.78877,-50.5495,16.9475,15.5692,-3.75385,-0.171429,-0.303295,-0.0703821,-0.133707,-0.678836,0.727283,-1.55241,1.66266,-0.881781,0.766956,-3.87903,-3.62268,-0.101659,0.0388077,-1.15948,0.649621,-2.3746,2.12112,-0.648631,0.707987,0,0,0.750916,2.81441,2.20391,1.19048,-0.360195,-2.6801,-0.86447,0.161173,2.78022,0.868134,
6.36013,3.24444,-30.0272,7.33745,-55.3489,48.9147,-5.09018,-0.918999,-1.33749,-0.505361,-2.39316,8.25397,-26.1294,-5.22589,-63.2479,30.1343,9.45641,-3.9453,-0.487911,-0.250549,-0.0844965,-0.0684748,-0.649843,0.736057,-1.55203,1.63787,-0.855078,0.776875,-3.82944,-3.61772,-0.0417079,0.0670861,-0.933621,0.820637,-2.18269,2.15185,-0.916618,0.782849,0,0,-0.836386,2.98535,1.49573,0.0915756,-0.470085,-0.885225,1.59707,0.630037,2.58242,0.0769234,
-7.91895,22.8519,-25.7144,20.8506,-67.2912,28.9413,-2.92892,2.12327,-1.15002,-0.0511304,-2.97925,19.6825,-30.232,16.9475,-59.7314,36.3858,3.24786,-0.676924,-0.303295,-0.356045,-0.0616083,-0.107004,-0.657474,0.670444,-1.54822,1.68212,-0.872625,0.782598,-3.79091,-3.62421,-0.102588,0.0718142,-0.925077,0.798943,-2.27657,2.08407,-0.993789,0.847194,0,0,1.41026,-2.25275,0.543346,-3.09524,0.579975,2.41148,-0.796093,0.112331,1.79121,-0.406593,
-2.17108,13.1075,-32.2968,16.1653,-81.0298,15.1061,-1.62295,3.42124,-0.747527,0.00229701,-3.76068,17.8266,-27.0085,17.0452,-60.2198,31.5018,1.11453,0.676924,-0.435165,-0.32967,-0.0391016,-0.123407,-0.646029,0.650225,-1.54669,1.71721,-0.901617,0.779163,-3.7665,-3.63222,-0.0109252,-0.00483357,-0.981886,0.791785,-2.44153,1.96829,-1.02997,0.863209,0,0,1.56899,-0.811966,0.689865,-1.14164,0.164835,2.49695,-1.66545,-0.21978,0.912086,-0.34066,
2.2364,1.95399,-26.2666,6.79202,-72.2822,20.6792,5.92518,0.162517,-0.394014,-0.0537304,-4.73749,7.96092,-29.5482,14.1148,-75.2625,19.5849,0.00683784,2.85128,-0.32967,-0.303295,-0.0192642,-0.0978489,-0.642214,0.638018,-1.55699,1.7462,-0.944343,0.779926,-3.75429,-3.63375,0.0298012,-0.0344204,-0.937118,0.704734,-2.38638,1.99856,-0.864003,0.783708,0,0,0.726496,1.25153,-0.0915756,-0.262516,-0.787546,0.677656,-1.68498,-0.0146523,0.31868,0.0109901,
-10.5384,8.8535,-27.6333,-16.4293,-48.5769,25.4592,11.0006,-3.38955,-0.280918,0.178377,-4.54213,6.69109,-29.9389,8.64468,-71.0623,18.9988,-0.909401,1.85299,-0.224174,-0.145054,0.00514984,-0.0906,-0.641451,0.644503,-1.58179,1.75536,-0.953116,0.779926,-3.75582,-3.63375,-0.061679,0.0165227,-0.944621,0.480473,-2.17587,2.05839,-0.656581,0.684063,0,0,1.50794,0.262516,0.115995,0.555555,-1.63004,0.604395,-0.180708,-0.0341873,-0.12088,-0.0549469,
-7.18974,13.297,-23.7258,-19.8094,-44.5969,18.5847,8.92097,-4.4025,-0.386827,0.26588,-1.61172,7.86325,-26.4225,-8.44933,-50.3541,20.5617,4.15043,0.0205135,-0.303295,0.0131874,0.0116348,-0.0921259,-0.641832,0.651369,-1.61688,1.78092,-0.926032,0.768101,-3.75544,-3.63489,-0.0847347,0.0554148,-0.913389,0.419665,-2.15453,2.03198,-0.593001,0.60747,0,0,-0.494505,-0.00610542,-0.238094,-0.347986,-1.26374,1.337,1.70452,-0.766788,-0.0109901,-0.0329666,
1.26549,12.3739,-1.51235,3.51648,-36.8676,14.4585,5.24697,-3.23734,-0.354247,0.363733,-1.31868,9.81685,-22.7106,-7.37485,-44.591,13.138,5.8188,-1.77094,-0.408791,0.171429,-0.0131607,-0.0852594,-0.654039,0.617418,-1.63291,1.81411,-0.879492,0.746738,-3.75544,-3.63451,-0.0513993,0.0678975,-0.697909,0.573666,-2.0745,2.04741,-0.604072,0.594053,0,0,-1.56899,0.470085,-0.811966,-2.48474,-0.958487,2.17949,2.59341,-1.25519,-0.0109901,-0.0329666,
9.76801,3.97091,-0.70026,11.9844,-40.5933,5.68,11.3654,-0.374848,-0.204331,0.359119,-0.732605,10.8913,-20.5617,-5.22589,-41.5629,8.25397,6.94017,-2.3453,-0.408791,0.224174,-0.0440607,-0.0753412,-0.660144,0.556764,-1.64931,1.86599,-0.840199,0.718127,-3.75582,-3.63451,0.0158362,-0.0188065,-0.672198,0.601401,-2.127,2.02291,-0.444151,0.641537,0,0,-1.4591,0.372406,-0.128204,-2.65568,-0.799755,2.81441,1.60684,-1.32356,-0.0329666,-0.0109901,
-1.4089,3.52866,-15.7586,0.59826,-41.9709,2.2677,11.4872,-0.501486,-0.247003,0.279704,-0.146515,6.10501,-9.42613,4.83516,-33.9438,4.54213,8.86838,-1.66154,-0.382416,0.250549,-0.0459681,-0.0638971,-0.623522,0.541505,-1.68402,1.92702,-0.817693,0.697909,-3.75505,-3.63375,-0.0382199,-0.00413627,-0.738585,0.539809,-2.2165,2.01999,-0.443171,0.643198,0,0,0.702076,0.616606,1.80098,-0.250305,-1.98413,2.03297,1.10867,-0.815628,0.0329666,0.0769234,
-12.0324,5.3885,-23.5928,-11.5654,-32.4757,9.24442,3.5889,-0.536319,-0.31435,0.258275,-5.32356,3.56532,-16.6544,1.22101,-34.3345,3.36996,11.2068,-1.48376,-0.276924,0.32967,-0.0135422,-0.059701,-0.593385,0.544175,-1.72751,1.94915,-0.794805,0.692187,-3.75505,-3.63184,-0.0762137,0.00688679,-0.792646,0.421979,-2.18135,2.09358,-0.639679,0.663859,0,0,2.13065,0.201466,1.88645,0.189255,-2.78999,1.25153,1.10867,-0.26862,0.0109901,0.0769234,
-11.5503,9.37885,-23.0819,-12.4362,-21.5913,9.27967,4.07252,-3.54623,-0.44163,0.32546,-5.61661,4.34677,-20.6593,-4.73749,-30.6227,7.27716,7.61026,-1.26496,-0.276924,0.276924,0.00743866,-0.053216,-0.564012,0.53769,-1.78969,1.96899,-0.780308,0.689517,-3.75544,-3.6326,-0.117439,0.0589299,-0.793005,0.380177,-2.10713,2.09997,-0.643983,0.588324,0,0,0.103785,0.238094,0.824175,-0.579975,-2.32601,0.836386,0.46398,-0.0537243,-0.0109901,-0.0109901,
-1.84766,15.0362,1.13292,9.91364,-15.7308,6.88477,12.1973,-7.74893,-0.485274,0.454206,-4.1514,10.7937,-20.464,-4.83516,-24.1758,5.22589,5.02564,-2.41368,-0.408791,0.303295,-0.0211716,-0.0642786,-0.564012,0.498016,-1.82441,2.00103,-0.782598,0.689517,-3.75544,-3.6326,-0.0891166,0.0806083,-0.55529,0.540809,-2.03521,2.12169,-0.448424,0.473048,0,0,-1.42247,-0.665445,-0.115995,-2.02076,-1.08059,1.32479,-0.0927963,-0.0244198,-0.0109901,-0.0109901,
8.94555,10.763,13.1718,18.8281,-22.0696,1.4928,19.1685,-2.53505,-0.503063,0.443105,-2.97925,14.0171,-6.5934,-1.51404,-21.5385,2.97925,6.52991,-3.57607,-0.487911,0.303295,-0.0436792,-0.0738153,-0.571259,0.469406,-1.83051,2.02735,-0.782598,0.67998,-3.75544,-3.63222,0.0127772,0.0244057,-0.442611,0.629157,-2.08244,2.10234,-0.247453,0.581968,0,0,-1.28816,-0.641026,-0.531136,-1.48352,-0.201466,1.75214,0.0537243,-0.551893,-0.0109901,0.0109901,
1.81934,9.29375,8.40002,12.6835,-28.0402,0.432854,20.3825,-2.12475,-0.678116,0.388348,-0.43956,9.32845,0.927963,9.32845,-19.5849,2.6862,13.4769,-3.17949,-0.514286,0.435165,-0.0516901,-0.0711451,-0.54799,0.473984,-1.83967,2.05978,-0.754749,0.658618,-3.75544,-3.63222,-0.0296437,0.0481953,-0.404799,0.636686,-2.17218,2.09369,-0.109692,0.562234,0,0,0.054945,0.482296,1.49573,0.653236,-0.628815,0.873016,1.57753,-0.747253,-0.0109901,-0.0549469,
-18.5051,13.6908,-6.08844,-3.7906,-28.5788,15.5952,12.7316,-7.27088,-0.8794,0.304686,-2.97925,6.5934,-0.146515,7.96092,-22.2222,3.66301,16.0615,-3.34359,-0.593407,0.356045,-0.015831,-0.0555048,-0.504501,0.500305,-1.86332,2.05901,-0.720798,0.658999,-3.75544,-3.63222,-0.158155,0.120425,-0.48607,0.511301,-2.2299,2.22599,-0.261404,0.460693,0,0,1.89866,0.714285,2.58242,1.59341,-1.47131,-0.189255,2.11477,0.0732594,-0.0329666,-0.0329666,
-7.84905,-9.78191,-25.8135,-25.5379,-1.94342,15.9916,12.0647,-10.2224,-0.819127,0.115119,-6.10501,6.10501,-1.51404,7.96092,-21.9292,12.7473,14.065,-4.84786,-0.751648,0.32967,0.00476837,-0.0375757,-0.452621,0.514801,-1.90413,2.04414,-0.658237,0.658618,-3.75582,-3.63222,-0.0529358,-0.111465,-0.679404,0.225145,-1.99471,2.19191,-0.199297,0.369534,0,0,0.885225,1.04396,1.80098,-0.177046,-2.0696,-0.897436,2.47619,-0.102564,-0.0109901,-0.0109901,
14.4694,-23.5046,-26.7865,-12.1305,7.37252,11.3611,-3.5611,-16.1226,-0.184524,-0.0456359,-5.03052,4.6398,-18.1197,-7.27716,-10.5006,13.7241,13.2308,-6.84444,-0.540661,0.171429,-0.015831,-0.0295639,-0.430495,0.47551,-1.92855,2.03613,-0.633059,0.639925,-3.76268,-3.6326,0.0971177,-0.305174,-0.698615,0.265635,-1.86027,2.16256,-0.68094,0.137129,0,0,-1.43468,-0.433455,0.885225,-2.25275,-0.409035,0.00610542,1.02076,-1.0989,-0.472527,-0.0329666,
-1.67757,6.0074,-29.2534,1.69312,-1.58734,2.9285,-3.69852,-9.68213,0.579121,-0.0859579,0.830276,2.00244,-17.3382,-5.32356,-4.44444,6.10501,6.21539,-9.51111,-0.540661,0.0395622,-0.034524,-0.078393,-0.451858,0.404936,-1.91787,2.0613,-0.611696,0.611696,-3.77222,-3.6326,-0.0834852,-0.113191,-0.830009,0.285165,-1.906,2.1498,-0.660953,0.258011,0,0,-0.909645,-3.0464,-1.59341,-4.15751,0.885225,1.67888,1.0696,-1.69475,-0.516483,-0.0109901,
-0.418231,24.6043,-3.75976,26.8396,-15.7414,-24.3916,-3.01271,-0.681347,0.948689,-0.1298,4.73749,2.10013,-22.3199,-0.0488434,-8.1563,1.51404,0.19829,-7.82906,0.0659332,-0.197803,-0.0333796,-0.163463,-0.493439,0.330167,-1.86866,2.1006,-0.629625,0.547227,-3.78786,-3.6326,-0.0374161,-0.00994362,-0.59606,0.542711,-1.96603,1.88188,-0.761419,0.380559,0,0,0.0183144,-3.59585,-1.8254,-2.57021,2.32601,1.56899,-0.962149,-2.95482,-0.582417,0.0769234,
38.8034,-0.440993,15.599,48.9119,-50.6037,-22.693,13.3511,6.83472,0.467817,-0.071322,0.732605,3.66301,-14.4078,4.93285,-18.1197,-5.61661,-1.56581,-8.04786,0.224174,-0.118683,-0.0600824,-0.161555,-0.53502,0.315671,-1.80762,2.10441,-0.638399,0.527771,-3.78748,-3.6326,0.32365,-0.13532,-0.435975,0.846316,-2.27363,1.83497,-0.286828,0.703705,0,0,-1.42247,0.934067,-2.22833,-0.384615,2.88767,-0.518925,-0.385836,-0.278389,0.142857,-0.0549469,
16.1416,-9.79561,-10.5111,20.8558,-40.9849,18.8637,17.1043,0.280206,0.10526,-0.142842,8.54701,-1.51404,1.22101,25.4457,-36.9719,-9.03542,6.50256,-2.01709,0.435165,-0.0395622,-0.0383387,-0.111582,-0.536927,0.360685,-1.78283,2.0449,-0.650606,0.55829,-3.78634,-3.63298,0.214883,-0.133934,-0.639268,0.698847,-2.24005,2.14237,-0.181591,0.667905,0,0,2.21612,2.59463,0.433455,3.19292,-0.054945,-3.36386,-0.122101,2.03663,0.0988998,-0.142857,
-34.4688,11.3374,-42.9481,-16.2227,-25.8815,28.7623,-0.785391,-10.215,-0.341009,-0.489725,8.1563,-7.57021,-7.76556,12.3565,-32.674,11.5751,12.2325,-1.41538,0.197803,-0.171429,0.0692377,-0.0844965,-0.492294,0.47551,-1.82479,1.95983,-0.622759,0.612459,-3.77909,-3.6326,-0.103533,0.0823783,-0.866727,0.528265,-2.20088,2.12292,-0.570094,0.475963,0,0,6.30647,1.22711,3.08303,6.99023,-2.65568,-4.69475,1.48962,2.94506,0.362637,-0.0109901,
-14.5095,-2.65779,-38.6916,-15.4799,-17.1035,29.5901,3.18388,-15.0261,-0.0230039,-0.323726,-2.10013,-1.80708,-28.3761,0.0488434,-32.967,29.6459,10.3453,-5.25812,0.145054,-0.382416,0.112345,-0.0608454,-0.452621,0.557527,-1.84386,1.87514,-0.638018,0.649462,-3.77756,-3.63756,-0.0490757,-0.0437749,-0.87744,0.452886,-2.03288,2.09057,-0.631872,0.283107,0,0,-0.00610542,1.39805,0.152626,2.02076,0.0305252,-3.40049,-1.64591,1.02076,-0.142857,-0.0988998,
5.1396,-1.94609,1.84411,17.8382,-4.6342,24.244,2.88048,-18.7837,0.381311,-0.253472,1.12332,2.78389,-24.3712,-2.97925,-28.083,22.6129,8.92308,-11.3162,0.0131874,-0.356045,0.0139236,-0.0246048,-0.490005,0.547608,-1.8183,1.84043,-0.689517,0.652514,-3.78367,-3.64366,-0.0781353,0.0170605,-0.552747,0.719966,-1.80406,2.05344,-0.773362,0.136849,0,0,-4.47497,1.89866,-2.49695,-0.775335,1.97192,-1.69109,-3.27717,0.122101,-0.384617,-0.384617,
31.1366,21.4863,40.3188,37.3495,-35.4209,-27.7678,28.3952,-0.97069,0.621753,-0.236574,3.76068,8.44933,-17.3382,3.95604,-26.2271,17.3382,8.06154,-13.3265,-0.171429,-0.250549,-0.0284195,-0.0635157,-0.565156,0.503738,-1.7565,1.85264,-0.766956,0.641069,-3.78519,-3.65015,0.224136,0.0777447,-0.228077,0.835094,-2.04893,1.58094,-0.143035,0.586511,0,0,-2.8022,-2.9243,-3.32723,-2.50916,3.03419,1.10501,-3.2967,-0.551893,0.0769234,-0.362637,
3.71216,10.362,28.8475,47.2101,-33.3644,16.6992,31.1867,2.91777,0.498505,-0.880332,12.4542,11.5751,19.3895,21.3431,-30.1343,-10.5983,18.3316,-4.83419,0.356045,-0.593407,-0.0410089,-0.0978489,-0.562104,0.512512,-1.70081,1.83394,-0.808919,0.617037,-3.78138,-3.65473,0.0354428,0.0337674,-0.17666,1.10565,-2.04731,1.9273,0.0415042,0.684167,0,0,1.05617,0.494505,1.9475,2.05739,0.726496,-2.76557,-0.317461,-0.278389,0.142857,0.0549469,
-25.3605,1.44426,-38.7186,-13.9712,-27.3049,32.7299,35.4455,-7.0454,-0.0598338,-1.45448,0.146515,0.43956,14.9939,23.8828,-22.6129,14.3101,25.8256,-0.663248,0.435165,-0.514286,0.0444422,-0.0341425,-0.474365,0.570878,-1.7195,1.77214,-0.795949,0.626574,-3.77565,-3.65434,-0.09021,0.103394,-0.754592,0.563587,-2.0703,1.99071,0.221616,0.457486,0,0,4.41392,3.64469,4.49939,4.43834,-1.42247,-4.35287,0.65934,0.532356,0.296703,-0.0109901,
-6.28997,-26.5385,-53.0038,-49.3059,21.8696,45.7671,-1.54039,-9.82398,-0.243108,-1.4955,-8.44933,-1.90475,1.7094,19.6825,-21.3431,35.5067,27.9453,-1.30598,0.145054,-1.2,0.0795374,0.0104904,-0.420577,0.659381,-1.77138,1.68135,-0.759708,0.635729,-3.76879,-3.65969,0.0684604,-0.206034,-0.91895,0.180524,-1.59981,2.02769,-0.702131,0.373341,0,0,1.76435,2.35043,2.71673,2.0696,-2.14286,-4.86569,2.00733,0.210012,0.42857,-0.12088,
0.840053,0.51464,-39.9998,6.51369,-4.62429,52.0794,-2.48157,-17.2936,0.721302,-0.938171,0.341873,-0.927963,-32.5763,-16.5568,-1.7094,33.5531,10.8376,-5.31282,0.382416,-0.567032,0.0471125,-0.00553131,-0.456435,0.583085,-1.74659,1.63634,-0.72385,0.612078,-3.76688,-3.67647,-0.0190522,-0.0810097,-0.971899,0.504666,-1.69601,2.20543,-0.7647,0.0611247,0,0,-2.26496,-2.4359,-2.13065,-4.52381,3.05861,-0.286936,0.561661,-1.41148,-0.296703,-1.04396,
2.46308,19.792,-3.87442,34.9899,-16.9248,-27.4226,-4.5511,0.980114,1.06425,-0.327133,5.61661,5.71428,-27.0085,6.49573,-14.5055,32.1856,0.731625,-12.0684,0.145054,-0.46154,0.00476837,-0.105478,-0.542649,0.453002,-1.65198,1.70424,-0.742161,0.580796,-3.77146,-3.70394,-0.0295246,-0.0481633,-0.74219,0.633191,-1.67174,1.53528,-0.899105,0.529145,0,0,-1.84982,-4.8779,-4.69475,-6.25763,5.04884,4.07204,-0.6105,-1.57753,-0.0988998,-1.52747,
20.9277,3.05051,12.4373,54.1161,-65.8258,-27.8574,5.0959,14.3187,0.773859,0.0100058,1.80708,6.10501,-22.5153,16.9475,-24.3712,16.6544,-1.53846,-13.8462,0.145054,-0.672527,-0.0200272,-0.136377,-0.600252,0.406844,-1.56195,1.75383,-0.742924,0.562486,-3.76345,-3.73484,0.162645,-0.138095,-0.57541,0.923275,-2.10715,1.52347,-0.604546,0.93654,0,0,-1.49573,-1.06838,-3.40049,-2.54579,5.58608,2.37485,-0.0634918,-0.473749,0.582417,-1.61538,
6.65123,-3.20686,-20.0909,16.9416,-60.316,33.8296,17.1175,0.40276,0.507658,-0.614037,3.66301,-7.47253,2.1978,31.1111,-46.9353,-5.81197,3.23419,2.76923,0.276924,-0.698902,-0.00247955,-0.0833521,-0.645266,0.432021,-1.51541,1.69203,-0.760471,0.634966,-3.74514,-3.76268,0.138375,-0.0434853,-0.878877,0.731168,-2.2037,1.95701,-0.30037,0.815873,0,0,2.00855,2.26496,-0.311356,3.32723,-0.543346,-3.32723,-0.307692,3.39438,0.956043,-0.802197,
-24.6466,1.60866,-54.9233,-29.303,-17.4566,52.7488,4.53489,-16.5263,0.415138,-0.755612,-1.80708,-4.44444,-26.6178,3.07692,-49.3773,37.851,12.6291,-0.8547,0.830769,-0.698902,0.0539789,-0.0623713,-0.611696,0.523956,-1.5589,1.62375,-0.752842,0.694858,-3.7314,-3.77375,-0.0829169,0.00129031,-1.13506,0.434631,-1.85685,2.04481,-0.602208,0.4524,0,0,4.10867,1.37363,2.60684,7.08791,-3.11966,-4.95116,0.493284,4.33211,0.846153,-0.846153,
-16.6202,-7.05873,-49.2087,-27.6832,17.0279,59.359,-2.68851,-31.9248,0.660487,-0.333146,-0.244202,-0.43956,-38.7302,-2.00244,-38.4371,46.7399,13.8872,-5.3265,0.540661,-0.619781,0.108149,-0.0444422,-0.560197,0.623522,-1.60124,1.53868,-0.744068,0.768482,-3.71767,-3.79397,-0.0490481,-0.108424,-1.06199,0.373522,-1.43219,2.1097,-0.823877,0.0191668,0,0,0.824175,0.433455,1.34921,1.72772,-0.604395,-2.65568,-0.102564,2.74969,0.736263,-0.978024,
-14.6015,14.1302,-31.0669,-2.92854,-11.5146,22.288,-0.602118,-36.4368,1.60473,-0.259724,0.537247,3.07692,-25.7387,-6.39804,-7.86325,43.8095,3.01538,-26.4547,0.962639,-0.435165,0.0295639,-0.0658045,-0.643358,0.565537,-1.52914,1.5589,-0.786412,0.795186,-3.70851,-3.82296,-0.278991,0.0433754,-1.15847,0.406217,-1.50588,1.8739,-0.892271,-0.173236,0,0,-4.3895,-1.43468,-5.09768,-3.80342,4.53602,2.02076,-1.78266,0.874237,0.23077,-1.15385,
27.5009,6.373,16.1994,24.2411,-38.3508,-35.5495,3.27827,-2.66892,2.05958,-0.268142,1.80708,7.96092,-20.2686,3.17461,-19.4872,24.7619,0.882051,-26.988,0.778023,-0.250549,-0.0364313,-0.100519,-0.742161,0.480087,-1.44141,1.60163,-0.812734,0.798619,-3.70432,-3.83936,0.141539,-0.100323,-0.757731,0.566079,-1.67929,1.29719,-0.811781,0.726681,0,0,-3.82784,-2.11844,-5.86691,-5.50061,5.64713,2.71673,-1.8022,0.0439568,0.384617,-1.26374,
41.7039,-9.10005,36.0957,57.9086,-77.9173,1.71512,30.3667,8.71933,1.8072,-0.753245,1.7094,2.88156,-4.54213,4.83516,-33.5531,-12.7473,1.41538,-10.7145,1.06813,-0.514286,-0.0883112,-0.0951786,-0.816548,0.441176,-1.34184,1.61879,-0.84516,0.768101,-3.6799,-3.86454,0.321545,-0.156608,-0.484471,1.08684,-2.0922,1.60875,-0.0575624,0.987105,0,0,-1.60562,1.19048,-2.0696,0.0671558,3.46154,-0.873016,-1.11844,-0.46398,1.30769,-0.978024,
18.5978,-4.41054,9.42986,16.5039,-33.4487,10.6079,18.0154,0.844068,1.05027,-1.41251,10.7937,-11.1844,12.1612,27.5946,-48.4005,6.78877,17.7436,1.36068,1.01538,-0.962639,0.000572205,-0.0562677,-0.778019,0.511749,-1.38266,1.54822,-0.834859,0.80396,-3.63832,-3.87522,0.378765,-0.0456482,-0.577801,0.858944,-1.88068,1.5682,-0.246275,0.914586,0,0,5.14652,1.78877,2.86325,4.91453,-3.79121,-2.93651,1.76313,1.74359,2.07692,-0.472527,
-14.9292,23.5178,-25.12,-39.3312,-17.1099,35.5033,26.2266,-1.9541,0.55847,-1.85931,15.4823,-8.64468,-6.49573,10.5983,-31.9902,21.1477,22.9949,0.143589,0.646152,-1.12088,0.0951786,-0.040246,-0.642977,0.671969,-1.4765,1.46162,-0.794042,0.846685,-3.5853,-3.88972,0.0552652,0.251384,-0.674835,0.479767,-1.80804,1.70328,-0.0349997,0.903516,0,0,3.779,0.909645,7.41758,7.34432,-4.24298,-4.58486,0.6105,2.22222,2.78022,-0.714287,
-24.7654,8.27891,-21.5239,-26.7542,24.6687,77.2235,16.0489,-39.2331,0.419532,-1.66992,18.9988,-0.43956,-1.41637,3.76068,-23.5897,26.3248,21.0667,-0.581196,0.435165,-0.883518,0.121119,-0.0154495,-0.610933,0.694476,-1.52571,1.39715,-0.793279,0.878347,-3.53571,-3.9126,-0.124545,0.107674,-0.839303,0.400667,-1.33892,2.16464,-0.32379,-0.13405,0,0,0.885225,0.934067,0.323565,0.103785,-2.61905,-2.71673,0.473749,1.54823,2.86813,-1.32967,
-14.1277,-7.93735,-58.6965,-48.9122,6.09544,3.00973,-4.71695,-43.1367,0.93138,-1.53673,2.1978,13.9194,-14.2124,-6.49573,-1.80708,47.1306,18.6188,-16.7043,0.751648,-0.98901,0.0547419,-0.0043869,-0.61017,0.622377,-1.51045,1.43492,-0.768864,0.876059,-3.48001,-3.95609,-0.22942,-0.0732472,-1.26948,-0.0608963,-1.36885,1.58822,-0.872295,-0.395198,0,0,-3.81563,0.579975,-0.213675,-4.19414,2.21612,3.59585,0.551893,-1.46032,2.40659,-2.14286,
14.8932,-27.1647,-42.3327,-10.8487,-2.4043,-22.1761,-1.99603,16.8542,1.28489,-1.09869,-1.80708,2.58852,-25.641,-12.1612,-3.76068,7.47253,0.991453,23.8154,0.857143,-1.49011,-0.0459681,-0.00629425,-0.684939,0.46559,-1.41928,1.54059,-0.74712,0.779545,-3.43881,-4.0034,-0.0231413,-0.314432,-1.32238,0.0717488,-1.30497,1.42463,-0.750551,1.06139,0,0,-4.27961,-0.189255,-5.01221,-8.19902,4.23077,3.91331,1.04029,-3.7265,2.2967,-2.75824,
28.8172,3.1541,27.2801,54.5149,-50.8931,-23.4455,12.7536,38.7664,2.0636,-0.580523,-1.41637,-10.5983,-37.558,-18.022,-11.1844,-16.8498,-0.622223,-13.5316,0.698902,-0.936264,-0.0871668,-0.0238419,-0.797475,0.311475,-1.34604,1.57835,-0.753605,0.721561,-3.38922,-4.05871,0.164038,-0.0406888,-0.704578,0.612963,-1.7534,1.38928,-0.429375,1.58131,0,0,-2.0696,-1.55678,-6.30647,-9.12698,4.74359,2.14286,-0.600733,-4.34188,2.58242,-2.97802,
35.2537,19.3772,70.9081,66.3596,-73.2526,-4.3517,29.252,12.4049,1.45932,-0.644752,7.66789,-9.23077,-3.27228,8.1563,-35.6044,-16.7521,5.73675,16.8547,1.09451,-0.883518,-0.0692377,-0.0677118,-0.846685,0.299649,-1.27546,1.60163,-0.753605,0.73415,-3.31979,-4.11669,0.37477,0.12256,-0.113152,1.07951,-2.04156,1.56324,0.0889861,1.2338,0,0,1.56899,-0.750916,-1.63004,1.27595,1.43468,0.299145,0.600733,3.10134,3.32967,-2.53846,
15.7957,15.6562,23.5755,3.45378,-36.8662,25.1476,29.2114,-15.2915,0.512764,-1.29878,18.8034,1.80708,31.7949,29.3529,-48.5959,1.51404,12.8752,2.22222,0.778023,-0.619781,-0.0123978,-0.0299454,-0.791753,0.409133,-1.33497,1.55051,-0.674258,0.925651,-3.22938,-4.17544,0.245121,0.20201,-0.396917,0.662608,-1.884,1.74832,0.378683,0.985625,0,0,2.46032,1.73993,3.98657,6.45299,-4.18193,-2.44811,4.83028,9.69475,4.23077,-2.6044,
-51.2564,33.1384,-41.522,-65.6037,35.339,41.2671,21.5268,-40.1807,0.226596,-1.51217,10.696,16.5568,23.0037,24.5665,-32.2833,24.8596,-26.1265,-4.23248,1.27912,-0.778023,0.0608454,-0.00591278,-0.688373,0.504883,-1.44369,1.49481,-0.549897,1.04162,-3.14851,-4.22541,-0.363982,0.38895,-0.990388,-0.1225,-1.26166,1.82818,0.359425,0.177746,0,0,4.34066,0.799755,4.78022,3.0464,-6.31868,-3.75458,6.22711,5.04518,4.2967,-2.89011,
-66.8995,17.522,-100.776,-81.5555,16.6519,40.2578,2.42792,-58.0657,0.759402,-1.21859,-3.85837,24.4689,-12.0635,-18.4127,4.73749,25.4457,-27.0017,-17.0735,0.646152,-0.804394,0.0795374,-0.00476837,-0.648699,0.44995,-1.47917,1.48756,-0.568208,1.05612,-3.06306,-4.30056,-0.712834,0.208846,-1.73933,-0.57527,-1.29476,1.96682,-0.54985,-0.616651,0,0,-1.47131,0.567766,0.873016,-3.57143,-0.0183144,0.958487,-0.981686,-1.19658,3.76923,-3.68132,
-26.0015,13.772,-109.469,-50.9558,-24.0428,0.625229,-19.8107,-19.7993,1.40745,-1.72586,-6.69109,18.315,-18.9988,-19.8779,0.146515,18.8034,14.9538,-12.8615,0.646152,-0.804394,-0.0814447,0.071908,-0.731098,0.28172,-1.39181,1.55661,-0.511368,0.908866,-2.99134,-4.38067,-0.65871,0.376944,-2.11938,-0.59805,-1.48781,1.69604,-0.851897,-0.0911757,0,0,-8.65079,4.56044,-5.15873,-9.40781,5.13431,3.97436,4.19536,-9.00122,3.50549,-4.07692,
11.3475,-15.753,-47.4059,-10.0627,-21.4609,-18.9062,-10.5396,32.5932,1.4706,-1.82851,-28.4738,10.5006,-86.398,-47.619,-32.2833,-11.1844,-8.41709,-3.8359,0.619781,-1.49011,-0.211528,0.0989933,-0.891317,0.106623,-1.28805,1.66342,-0.475128,0.704013,-2.9242,-4.45964,-0.304614,-0.0599635,-1.706,-0.302091,-1.3228,1.66805,-0.711484,1.0294,0,0,-6.57509,0.482296,-8.63858,-8.9072,6.11111,6.44078,1.1282,-11.5995,3.87912,-4.47253,
-0.575775,-11.9888,-15.4873,-27.7943,-29.8609,-2.17208,-3.27728,16.9133,1.10866,-1.57121,-9.13309,-25.0549,-53.6752,-34.2369,-23.3944,-17.9243,-2.64615,9.38803,0.514286,-1.85934,-0.289731,0.225262,-1.01301,0.0379572,-1.18925,1.77977,-0.524338,0.446517,-2.81815,-4.55501,-0.39971,0.357621,-1.3717,-0.328866,-1.40728,1.90033,-0.767022,0.333425,0,0,-3.10745,7.96703,-5.59829,-1.73993,3.4127,4.34066,-3.03297,-11.6581,5.17582,-4.40659,
-9.64383,36.0106,26.5495,-2.88899,4.52286,12.4645,0.327121,-35.1096,1.91626,-2.7594,2.6862,-16.6544,-4.05373,-18.9988,-23.3944,0.43956,-0.950428,-6.84444,0.514286,-1.72747,-0.342374,0.315289,-1.20565,-0.0173569,-1.15606,1.82021,-0.595293,0.429732,-2.69226,-4.65267,-0.511595,0.802709,-1.19902,-0.161992,-1.08892,1.99513,-0.74225,-0.316719,0,0,-1.86203,2.61905,-8.65079,-3.37607,0.506716,1.0928,-3.12088,4.57631,5.83516,-4.36264,
102.155,7.77228,67.4823,54.7943,-44.0537,-38.6301,17.874,-1.95957,1.29027,-3.44162,18.315,13.3333,9.62149,-5.61661,0.43956,11.6728,0.0752144,-19.2479,0.962639,-1.91209,-0.472076,0.407226,-1.29606,-0.084115,-1.16407,1.82441,-0.660907,0.512131,-2.59346,-4.72896,0.412066,0.613853,-0.61891,0.451654,-1.65539,1.41167,-0.288216,0.665024,0,0,-7.52747,3.60806,-2.17949,-2.1917,-0.054945,0.494505,-2.47619,4.14652,6.2967,-4.82418,
169.423,-90.2858,39.8174,64.4599,-36.5154,-32.4618,24.6045,32.6441,0.452927,-1.96664,66.0806,3.66301,38.9255,36.8742,-18.022,-3.66301,6.35214,-8.78633,2.01758,-1.7011,-0.581941,0.472458,-1.29454,-0.107767,-1.17514,1.83623,-0.700198,0.444228,-2.45003,-4.85561,1.05084,-0.368527,-0.845813,0.55127,-1.62177,1.50017,-0.162526,1.07628,0,0,-7.49084,4.86569,0.189255,-1.71551,-1.22711,0.738707,-2.91575,-5.49451,6.25275,-6.16484,
52.6551,-56.5107,22.9592,64.4608,16.4645,-2.81044,7.46605,33.6,-0.537428,0.240796,70.0855,-46.3492,27.2039,48.3028,2.97925,-14.9939,8.86838,13.4769,0.646152,-1.25275,-0.527008,0.542649,-1.21443,-0.0806818,-1.29988,1.79389,-0.684558,0.398832,-2.33444,-4.97692,0.287393,0.0305447,-0.783297,0.707385,-1.38983,1.6774,-0.389988,1.28308,0,0,6.88034,3.47375,5.28083,2.15507,-8.18681,-2.558,1.74359,-0.981686,6.40659,-6.75824,
53.2822,-24.9232,20.4832,65.6777,-2.32504,-0.835878,15.4925,33.2101,-0.128315,1.85523,47.1306,-61.0989,25.348,50.0611,21.4408,13.0403,5.01197,10.5504,0.0659332,0.197803,-0.179866,0.53235,-1.13127,-0.0230789,-1.55241,1.67716,-0.573167,0.510986,-2.18795,-5.15698,0.791687,0.206382,-0.821257,0.803336,-1.85725,1.49306,0.121649,1.77464,0,0,11.3858,-1.47131,2.47253,2.89988,-8.36996,-5.2442,5.28938,6.82295,5.87912,-7.7033,
96.5867,-58.9103,1.33106,30.7526,-32.4943,25.1177,3.78272,-4.2441,-1.03563,2.43819,59.243,-43.8095,36.9719,41.0745,2.00244,24.8596,6.39316,5.17607,0.619781,0.646152,-0.270275,0.570878,-1.12707,0.115396,-1.54593,1.52495,-0.534257,0.761234,-2.05863,-5.34085,0.61508,-0.0912099,-1.16539,0.672599,-1.86811,1.57062,-0.360073,1.19206,0,0,-5.63492,-0.225885,-1.59341,6.4652,1.16606,-7.00244,1.38217,10.9744,4.78022,-7.59341,
57.7999,-22.3444,30.2238,27.3572,-14.0504,23.2218,10.1139,-8.19995,-1.38826,2.45231,74.9695,-30.525,29.5482,27.5946,-25.0549,26.4225,5.6547,2.03077,-0.0659332,1.41099,-0.228313,0.497253,-1.22854,0.23785,-1.55432,1.39868,-0.452239,0.991646,-1.96784,-5.48352,0.557782,0.133598,-1.04718,0.761396,-1.74849,1.45869,0.0360278,1.33994,0,0,4.31624,-3.46154,-4.6337,6.5873,-1.14164,-5.94017,4.14652,11.5214,4.53846,-6.97802,
82.6831,-41.1021,33.3865,19.1729,-14.7651,24.9066,13.4562,-5.80687,-1.57454,1.88552,69.304,-37.4603,20.1709,15.7753,-20.1709,25.5434,9.79829,-3.50769,-0.408791,1.43736,-0.182155,0.450713,-1.28424,0.365644,-1.5631,1.30865,-0.441176,1.1305,-1.88544,-5.6075,0.764426,-0.0651958,-0.975344,0.79459,-1.72736,1.44844,-0.0510325,1.24539,0,0,0.836386,-1.77656,-1.86203,6.47741,-0.00610542,-4.10867,0.327229,5.52381,3.83516,-6.03297,
49.0302,-31.9866,3.85051,5.28144,-23.1866,35.8312,-0.488342,-11.2525,-1.91314,1.48446,72.3321,-30.1343,28.083,17.1429,-17.2405,22.0269,10.5778,-2.15385,-0.435165,0.857143,-0.179484,0.425918,-1.29835,0.481613,-1.55814,1.25372,-0.403791,1.19726,-1.83432,-5.69066,0.388291,0.00885083,-1.27449,0.68417,-1.80335,1.55884,-0.291593,1.0842,0,0,0.689865,-1.84982,-0.567766,4.31624,0.372406,-2.78999,2.51526,3.99023,3.02198,-5.17582,
-7.43717,9.61815,-9.9185,3.85841,-27.2707,29.4959,-4.97749,-11.5549,-2.31876,1.30614,66.862,-25.5434,19.9756,15.873,-20.0733,22.1245,7.95214,-3.60342,-0.619781,0.593407,-0.114252,0.344282,-1.30064,0.530441,-1.5486,1.24418,-0.378996,1.24609,-1.78016,-5.79137,-0.0623736,0.290182,-1.41186,0.64352,-1.83838,1.58433,-0.498945,0.98446,0,0,4.03541,-4.82906,-0.0305252,2.10623,0.396826,0.372406,0.366301,1.18681,1.98901,-3.9011,
-3.19563,13.5749,-35.1031,-3.36145,-76.9837,38.4902,-13.5611,-9.99211,-2.64914,1.27024,28.5714,-3.56532,-3.76068,8.05861,-30.525,22.7106,-0.936752,-4.30086,-1.01538,0.593407,-0.111582,0.265316,-1.30789,0.545701,-1.52953,1.27584,-0.380903,1.22435,-1.75231,-5.86805,-0.191248,0.310532,-1.70586,0.532161,-2.34278,1.76273,-0.761264,0.864981,0,0,-1.32479,-3.1685,-0.238094,0.714285,1.26374,1.77656,-0.0732594,-1.63614,0.846153,-3.32967,
6.0002,4.51488,-46.376,-10.6777,-149.888,28.5098,-23.4699,-3.87012,-2.47096,1.13302,11.2821,8.1563,-23.2967,2.00244,-66.2759,27.2039,-6.25641,-3.35727,-1.2,0.593407,-0.178721,0.243572,-1.31285,0.556001,-1.49519,1.31819,-0.399595,1.1717,-1.7546,-5.92069,-0.230693,0.265044,-1.83974,0.452622,-3.10384,1.72349,-1.11723,0.905225,0,0,-3.55922,-0.860806,-0.347986,0.457876,1.7033,2.65568,-1.3138,-3.17949,-0.362637,-2.82418,
-32.8972,29.0356,-21.2076,-4.96651,-165.05,27.5784,-15.7588,5.61924,-1.62242,1.39514,-2.39316,16.2637,-37.9487,-2.00244,-124.884,18.2173,-13.2581,-0.581196,-1.93846,0.567032,-0.194362,0.196269,-1.34833,0.538453,-1.50549,1.40593,-0.46559,1.07977,-1.76909,-5.97372,-0.545437,0.417747,-1.63342,0.44318,-3.37825,1.85948,-1.08136,1.01974,0,0,0.433455,-3.03419,-1.48352,-1.20269,-1.16606,4.41392,-3.56044,-4.32234,-0.934067,-2.25275,
-55.3746,8.04722,-1.32012,13.8285,-106.85,47.5297,-15.7795,2.76797,-0.17207,2.25031,-20.8547,27.0085,-38.4371,-13.6264,-148.816,15.1893,-19.1385,2.55043,-1.09451,0.487911,-0.163463,0.116922,-1.33268,0.542268,-1.5528,1.51274,-0.538453,1.00462,-1.80304,-6.01034,-0.745972,0.104382,-1.29424,0.742926,-2.82122,2.2185,-1.08544,0.938647,0,0,0.982906,-3.05861,1.59341,1.41026,-2.4359,5.32967,-2.17338,-2.85714,-1.83516,-1.37363,
-33.7783,-53.9773,15.475,25.1542,37.8462,41.178,-5.48466,-4.81253,1.21342,3.19922,-31.1111,13.8217,-21.8315,1.7094,-106.422,29.1575,-22.4752,0.417093,-0.435165,0.725273,-0.203517,0.103189,-1.26669,0.579652,-1.60697,1.62528,-0.523956,0.983253,-1.83967,-6.02445,-0.668982,-0.506937,-0.971628,0.919176,-1.29085,2.30279,-0.621363,0.80586,0,0,-2.70452,-0.311356,3.69353,1.80098,-3.13187,6.59951,1.0989,-0.874237,-2.01099,-0.626373,
15.2317,-81.1997,25.029,30.2818,177.769,59.0726,-0.889945,1.19217,1.93644,1.96904,-26.3248,0.146515,-9.81685,20.6593,-15.0916,38.9255,-13.8188,2.74188,-0.092308,0.32967,-0.298123,0.0375757,-1.16522,0.603304,-1.6619,1.7359,-0.498779,0.950828,-1.87858,-6.00271,-0.296769,-1.01991,-0.704985,0.954217,0.26427,2.53166,-0.45488,0.842552,0,0,-5.03663,-4.65812,5.46398,0.433455,-1.47131,4.18193,1.37241,-2.82784,-1.76923,1.79121,
73.5814,-19.042,14.7794,-11.0557,100.698,-48.522,-27.7893,-2.51137,2.72096,1.08615,-3.76068,-27.3993,17.1429,29.7436,104.762,44.2002,-1.00513,4.0547,1.12088,1.62198,-0.414092,-0.146296,-1.08511,0.605593,-1.63405,1.84043,-0.484283,0.868048,-1.91558,-5.96342,0.238034,-0.64257,-0.838067,0.474408,-0.465729,1.47325,-1.26329,0.621242,0,0,-4.96337,-8.5409,2.48474,-0.250305,1.48352,5.15873,-0.141636,-3.5409,-2.14286,2.25275,
39.7182,31.3477,14.5912,-4.20557,-14.9014,-33.4162,-20.6845,-1.08451,3.9399,-0.164196,42.0513,-23.2967,27.8877,0.732605,80.3419,-22.8083,-11.1795,1.10085,2.25494,0.830769,-0.440413,-0.362593,-1.08282,0.609026,-1.53258,1.90871,-0.503738,0.806249,-1.9625,-5.90581,0.00842988,-0.331948,-0.937584,0.568606,-1.48183,1.63978,-1.14693,0.606893,0,0,0.225885,-9.52991,-0.506716,0.189255,6.48962,3.07082,-1.37241,-3.38461,-2.38462,2.75824,
11.4972,40.5525,8.63782,25.6535,-105.576,32.6452,5.66633,5.39085,4.04703,-1.27444,44.1026,-4.44444,17.4359,-9.13309,45.177,-34.9206,-7.3094,-0.991453,2.12308,0.303295,-0.395018,-0.40074,-1.10494,0.591096,-1.32582,1.88201,-0.657855,0.745594,-2.00294,-5.83829,-0.17183,-0.022399,-1.02382,0.86128,-2.15558,2.22703,-0.935377,0.770553,0,0,2.86325,-2.16728,-0.445665,-0.445665,10.2991,-0.531136,-8.69841,-2.49573,-1.57143,3.35165,
16.4758,23.5936,-40.604,-1.33404,-172.968,-25.4059,11.0365,-2.98073,1.24285,-1.97565,21.5385,27.1062,-0.927963,4.93285,-97.4359,9.23077,3.41197,1.92137,1.2,-0.540661,-0.359159,-0.440795,-1.06909,0.626192,-1.14767,1.90757,-0.832189,0.70592,-1.99912,-5.7681,-0.127051,-0.229316,-1.42154,0.692566,-2.78566,1.69834,-0.907794,0.537408,0,0,1.47131,-1.52015,2.96093,2.4359,8.51648,2.1917,-7.64347,-1.71428,1.21978,3.46154,
-8.63136,17.6066,-36.5821,-5.82283,-146.109,-20.8002,-2.1768,2.44052,-0.404318,-1.32104,-0.634918,28.2784,-34.4322,14.7009,-136.801,-15.1893,2.04445,-1.82564,-0.118683,-0.487911,-0.278286,-0.450332,-0.993553,0.615892,-1.10037,1.9625,-0.90734,0.696383,-1.92741,-5.71508,-0.205488,-0.291129,-1.33551,0.466335,-2.75331,1.72711,-1.08527,0.744884,0,0,5.06105,-1.0928,1.93529,-2.54579,-0.885225,-0.128204,-2.34921,-0.385836,3.94505,1.76923,
-11.312,25.03,5.98607,-0.922828,-80.7293,-4.11449,7.62625,12.7473,-0.824708,-1.45507,-18.1197,20.8547,-41.6606,-9.5238,-113.651,-15.873,-4.24615,1.30598,-1.49011,-0.646152,-0.160792,-0.467116,-0.988594,0.609789,-1.20069,1.95945,-0.914969,0.67731,-1.83356,-5.68647,-0.044927,-0.219734,-0.902343,0.611949,-2.34616,1.91882,-0.709234,0.972062,0,0,7.24664,-0.921856,0.592186,0.372406,-7.45421,0.152626,-0.122101,-1.18681,5.43956,1.59341,
-2.78074,22.8345,-2.70714,-10.8245,-47.5742,-6.69523,22.3954,12.2078,-0.98692,-1.62198,-14.0171,19.9756,-25.5434,-22.7106,-50.9402,-3.56532,2.11282,4.87521,-1.35824,-0.672527,-0.0726709,-0.489243,-0.920691,0.651369,-1.42996,1.92435,-0.922217,0.676929,-1.71378,-5.66968,0.0110026,-0.26829,-0.829688,0.647703,-2.37879,1.79726,-0.326741,1.04168,0,0,3.43712,-0.982906,3.63248,3.49817,-12.6068,-1.5812,-0.532356,0.512821,6.0989,0.67033,
-42.8263,37.1728,-27.5179,-27.3,-38.0526,24.908,-5.34318,-10.9027,0.845822,-1.24255,-23.1013,11.2821,-20.2686,-19.4872,-61.0989,-1.12332,4.98462,4.30085,2.22857,-0.804394,0.0539789,-0.448424,-0.78832,0.763142,-1.63405,1.90032,-0.860037,0.737965,-1.62108,-5.66281,-0.16729,0.0515009,-0.880602,0.589437,-2.1234,2.10728,-0.765479,0.610202,0,0,7.63736,2.60684,6.40415,3.88889,-1.99634,-2.09402,4.85958,3.50183,1.76923,0.0109901,
-42.9355,44.8903,-26.6821,-1.09671,-55.6516,65.7508,-18.8461,-7.59393,-0.225077,-0.874768,-24.8596,18.7057,-19.3895,-19.6825,-39.9023,15.873,-4.04103,-5.23077,-0.303295,-1.14725,0.140574,-0.39044,-0.715838,0.80396,-1.69814,1.85721,-0.708591,0.820745,-1.55814,-5.6735,-0.239418,0.207446,-0.924598,0.841225,-2.38995,2.56193,-0.858712,0.801988,0,0,2.91209,2.97314,2.63126,1.48352,-2.20391,-0.775335,7.46764,3.84371,3.32967,-0.42857,
-8.55357,41.2957,-12.8337,34.5388,-53.5102,56.2956,-16.5019,6.05892,-0.303156,-0.334423,-15.6777,38.7302,-13.6264,10.989,-44.6886,39.6093,-6.63932,-1.1282,0.0659332,-0.514286,0.0768671,-0.330167,-0.73148,0.739491,-1.73857,1.87781,-0.650988,0.826467,-1.50397,-5.68647,-0.155535,0.184637,-0.928004,0.983043,-2.40782,2.55765,-1.00803,0.972059,0,0,-4.12088,1.67888,-1.61783,-4.20635,-2.24054,1.63004,2.02686,-0.454212,3.06593,-0.78022,
-9.50146,27.5412,-57.185,34.6987,-65.1724,2.35207,-9.86115,12.6368,0.554359,0.467479,-25.4457,39.6093,-22.6129,34.7253,-48.6935,41.6606,-11.9179,18.6462,0.408791,-0.356045,0.0429163,-0.305753,-0.735676,0.658999,-1.79007,1.98119,-0.645266,0.769627,-1.44675,-5.71584,-0.077511,0.0505253,-1.34807,0.89456,-2.55471,2.13574,-0.891104,0.906487,0,0,-0.445665,1.50794,0.689865,-4.49939,-1.2149,3.85226,0.561661,-4.28327,1.76923,-1.28571,
-25.323,21.1767,-77.3271,-7.16502,-87.9951,-53.9993,-11.9372,8.81902,0.900705,0.959461,-21.3431,29.4505,-47.4237,24.1758,-61.2943,11.3797,-10.2359,12.3556,0.32967,-0.171429,0.0886927,-0.272945,-0.704013,0.626574,-1.8267,2.03117,-0.639162,0.637636,-1.40784,-5.74407,-0.127351,0.00406852,-1.55812,0.546352,-2.84369,1.47045,-0.960249,0.704099,0,0,1.95971,1.25153,0.152626,-0.0183144,-1.17827,1.17827,0.210012,-3.57021,1.63736,-0.912086,
-34.4567,32.2767,-25.536,-18.9287,-73.07,-15.2104,-7.43439,8.75338,0.806378,1.57973,-19.4872,24.4689,-46.9353,-0.244202,-83.5653,-27.9854,-13.6547,3.87692,0.382416,0.276924,0.105478,-0.263409,-0.776493,0.647936,-1.83509,2.03918,-0.626192,0.63611,-1.37846,-5.7578,-0.259262,0.0994951,-1.22404,0.480556,-2.65573,1.86061,-0.781177,0.892202,0,0,0.543346,0.128204,-4.91453,1.28816,-0.262516,-0.286936,1.03053,0.258852,1.83516,-0.604397,
-26.0397,29.4454,-1.34705,-24.0315,-53.2421,8.53714,-7.97279,12.0934,0.673127,1.45904,-23.199,28.2784,-25.5434,-21.3431,-76.044,-11.7704,-15.4051,5.23077,0.830769,0.487911,0.0925074,-0.255016,-0.921073,0.669681,-1.84348,1.96822,-0.57393,0.647173,-1.32658,-5.75628,-0.229179,0.0821258,-1.12875,0.456999,-2.44666,1.99043,-0.639352,1.02193,0,0,-0.970695,0.299145,-5.78144,1.63004,-0.347986,-2.17949,3.12088,0.776556,2.14286,0.45055,
-20.2161,14.6773,-0.591962,6.14643,-35.7733,5.34785,-13.4346,2.52976,1.24032,1.68289,-22.906,24.6642,-16.0684,-23.0037,-52.6007,3.66301,-12.041,4.86154,0.514286,0.698902,0.0513086,-0.235561,-0.955405,0.714694,-1.87018,1.93046,-0.490387,0.697909,-1.27851,-5.73606,-0.232941,-0.0209943,-0.983757,0.816158,-2.3159,1.94938,-0.68213,0.917875,0,0,-1.78877,1.54457,-0.653236,0.995115,-1.44689,-1.2149,3.62881,2.99389,2.25275,1,
-26.2151,-1.97228,-4.79613,27.7723,19.7399,18.724,-9.66379,-1.63605,1.99325,2.3717,-21.0501,16.2637,-6.00732,-0.732605,-31.4041,2.58852,-10.7829,1.40171,0.804394,1.64835,0.0265121,-0.195506,-0.966849,0.697146,-1.92435,1.93275,-0.438888,0.755894,-1.24723,-5.72042,-0.298752,-0.158609,-1.03052,0.981511,-1.79721,2.14547,-0.600611,0.917774,0,0,-1.01954,1.76435,-0.311356,-0.726496,-2.76557,0.140415,2.13431,4.14652,2.25275,1.04396,
-28.7884,-11.0125,32.3769,69.4107,108.717,87.6525,0.350384,2.08721,1.9843,2.30571,-21.2454,5.51892,-8.25397,10.0122,7.47253,13.5287,-8.45812,-0.417093,1.43736,1.80659,0.00972748,-0.17834,-0.947776,0.724613,-1.97929,1.93275,-0.422103,0.826848,-1.18582,-5.69295,-0.340059,-0.270786,-0.546722,1.56483,-0.864726,2.90972,-0.372565,1.0184,0,0,-0.897436,0.897436,1.23932,2.0696,-2.8022,0.0915756,0.796093,2.67155,2.64835,1.41758,
-3.75646,15.1548,38.3348,49.8395,78.9629,83.6824,-5.40005,6.57756,1.04087,1.40165,-15.6777,2.39316,-1.12332,18.315,37.558,38.8278,-4.09573,0.430769,1.5956,1.62198,-0.0398645,-0.179484,-0.948539,0.791371,-1.97089,1.94305,-0.415999,0.862326,-1.12821,-5.65671,-0.184371,-0.0210687,-0.543151,1.45239,-1.06239,2.89422,-0.566245,1.12049,0,0,-3.08303,-0.299145,-0.616606,3.21734,0.934067,0.641026,-0.00488472,1.50916,2.95604,1.96703,
-14.2428,37.0676,42.9722,49.5731,41.8545,77.841,-10.4635,2.73028,0.89461,1.20476,-8.64468,6.39804,46.6422,49.2796,63.5409,67.2527,-0.540171,4.62906,1.7011,1.99121,-0.116159,-0.205043,-0.971046,0.87911,-1.86713,2.02468,-0.425918,0.891317,-1.06985,-5.62924,-0.372704,0.167951,-0.570297,1.53513,-1.23297,3.02043,-0.756375,1.03773,0,0,-2.94872,-1.16606,-2.30159,3.15629,5.07326,3.92552,-0.796093,1.41148,2.45055,1.48352,
-10.0729,26.025,59.6116,41.4911,26.6395,31.0271,-13.0055,1.93939,1.13594,0.481778,-9.91454,20.6593,45.5678,50.2564,30.4274,70.6715,-3.20684,22.694,1.3055,0.0395622,-0.127985,-0.18101,-1.03666,0.903143,-1.75536,2.11395,-0.460631,0.884832,-1.03628,-5.59453,-0.259645,0.156386,-0.470157,1.41157,-1.24101,2.60908,-0.930075,0.815383,0,0,-0.592186,1.44689,-2.87546,1.42247,6.55067,4.5116,-2.16361,-2.46642,1.72527,1.9011,
36.7872,-6.48987,30.4295,12.8582,-28.2442,-28.3983,-21.4528,15.6365,1.06348,-1.09224,-5.81197,22.6129,45.9585,46.6422,9.62149,41.1722,-3.28889,19.9316,1.2,0.224174,-0.171474,-0.152018,-1.03475,0.918403,-1.60048,2.15095,-0.535401,0.655947,-1.00156,-5.52548,0.149565,-0.171421,-0.6765,1.07979,-1.65077,1.88446,-1.3362,0.563067,0,0,-2.63126,1.5812,0.604395,0.555555,7.90598,1.47131,-4.09768,-10.5446,1.7033,3.3956,
45.4025,-14.1709,19.6292,-12.2777,-61.7998,-80.9672,-7.45931,-2.62866,1.46862,-1.03063,8.93773,9.23077,29.1575,22.3199,-16.8498,-9.81685,-8.41709,5.35385,1.06813,0.145054,-0.194743,-0.125315,-0.999657,0.922217,-1.46429,2.1746,-0.665103,0.562486,-0.965705,-5.47055,0.310747,-0.264657,-0.709312,0.79577,-1.99324,1.28819,-1.20662,0.34661,0,0,0.0305252,0.543346,2.16728,0.299145,4.73138,0.396826,-6.6862,-2.85714,1.61538,2.18681,
1.01657,4.62095,-31.1647,-38.7455,-100.858,-64.0472,14.8845,0.915864,1.30065,-1.7272,16.5568,-0.732605,8.74237,-0.830276,-39.707,-48.0098,-3.12479,-0.348719,0.567032,-0.46154,-0.105097,-0.14744,-0.927939,0.944343,-1.43111,2.14561,-0.829137,0.538072,-0.929084,-5.43164,0.101355,-0.137814,-1.11284,0.575498,-2.48479,1.3833,-0.885764,0.509544,0,0,5.8547,-1.25153,4.84127,1.84982,2.00855,-1.52015,-9.40171,-1.07936,2.2967,2.2967,
12.5483,2.65846,-70.3981,-34.9458,-105.797,-29.0565,7.47001,4.93324,0.243572,-1.70054,18.315,-6.98413,-32.2833,-30.9158,-76.044,-46.4469,6.95385,-0.403419,0.32967,-1.41099,-0.0131607,-0.14744,-0.77039,0.978676,-1.45895,2.03117,-1.00042,0.506409,-0.85813,-5.37671,0.176529,-0.093278,-1.34889,0.617047,-2.71038,1.52537,-1.07106,0.579219,0,0,1.50794,0.738707,6.11111,0.799755,-2.27717,-5.4884,-5.56288,-1.28449,3.35165,2.20879,
7.39036,4.55282,-52.4195,-5.6125,-71.9906,12.8196,-4.82042,8.42388,-1.18312,-0.999858,18.4127,-4.73749,-70.4762,-39.2186,-82.9792,-19.1941,0.239317,0.813675,-0.672527,-1.17363,-0.0543604,-0.0940342,-0.66701,0.99012,-1.5856,1.88125,-1.02483,0.503357,-0.754749,-5.3378,-0.0111138,0.0182132,-1.07627,0.980465,-2.60141,1.81958,-1.1663,0.751761,0,0,-1.16606,1.84982,5.19536,1.5812,-6.47741,-6.12332,-0.151403,0.288157,5.04396,1.54945,
-5.26199,16.9766,-68.1414,-25.2955,-83.2707,14.1134,6.94317,5.09889,-0.945735,-0.717044,-3.56532,2.00244,-70.0855,-23.8828,-85.7143,8.35165,6.51624,3.01538,0.909889,-0.751648,-0.0204086,-0.0875483,-0.585755,1.02903,-1.6783,1.79618,-1.03819,0.518616,-0.67464,-5.31987,0.0186014,0.108611,-1.16156,0.839747,-2.79543,1.75295,-0.934942,0.711778,0,0,2.9243,0.225885,5.43956,2.75336,-5.75702,-6.00122,-1.79243,1.03053,3.92308,1.02198,
-13.1516,9.6676,-61.24,-32.8762,-66.3738,35.0909,7.67062,-0.117854,-1.38207,-0.0387326,-3.17461,3.85837,-55.6288,-16.8498,-101.734,16.5568,4.1641,1.89402,-0.725273,-0.092308,0.0478754,-0.0535975,-0.505264,1.07633,-1.68402,1.71111,-1.12745,0.569352,-0.596437,-5.31224,-0.0528726,0.135831,-1.13748,0.741771,-2.4441,1.97097,-1.01181,0.69233,0,0,1.36142,2.46032,1.44689,0.921856,-0.677656,-3.9011,-1.94872,2.52503,3.74725,-0.0109901,
19.1763,7.52222,0.351215,27.6361,-65.0043,38.2578,-10.4897,1.24332,-1.14619,0.424034,4.73749,11.2821,-44.591,-12.5519,-80.928,24.9573,-0.923077,0.376068,-0.356045,0.408791,0.00133514,0.00400543,-0.564775,1.01072,-1.64969,1.66342,-1.07481,0.6178,-0.526627,-5.31834,0.111231,0.123605,-0.66771,1.18572,-2.30826,2.07854,-1.21112,0.748796,0,0,-3.09524,1.08059,-3.20513,-3.96215,1.91087,-0.299145,3.10134,1.92918,2.75824,-0.582417,
3.47281,24.8737,-34.2878,19.7206,-106.754,12.3703,-6.25417,5.46916,-0.947532,1.19095,9.5238,23.0037,-16.2637,15.4823,-68.1319,25.9341,-3.37094,4.99829,-0.197803,0.672527,-0.0501642,-0.053216,-0.603685,0.928321,-1.60735,1.70653,-1.04124,0.608644,-0.486191,-5.34543,-0.0431199,0.117949,-0.988528,1.07316,-2.73063,1.92721,-1.20495,0.725645,0,0,-0.946276,-3.15629,-0.115995,-2.22833,1.88645,2.49695,0.200245,-0.698412,1.85714,-1.43956,
-26.93,30.0257,-84.8025,-17.6862,-135.639,9.48161,-7.54855,-2.13373,-1.50799,0.900623,-1.02563,15.3846,-32.2833,9.5238,-86.9841,14.0171,-4.34188,5.10769,-0.356045,0.46154,-0.0112534,-0.078393,-0.564012,0.960364,-1.61421,1.75269,-1.06146,0.608644,-0.455291,-5.36793,-0.223988,0.237929,-1.43036,0.836093,-3.15041,1.9315,-1.3339,0.547665,0,0,2.59463,-0.518925,2.27717,2.16728,-0.873016,2.20391,-1.25519,-0.0341873,1.3956,-0.846153,
7.0006,-0.217694,-55.0946,-20.3771,-75.3966,-4.76011,-6.39195,5.08131,-1.07478,0.381611,-14.9939,13.431,-62.3687,1.41637,-120.684,14.4078,-9.27863,3.53504,-0.514286,0.197803,0.022316,-0.0375757,-0.561723,0.955024,-1.6577,1.76528,-1.06451,0.588807,-0.434691,-5.36564,0.135306,0.046493,-1.19769,0.680789,-2.57013,1.71666,-1.22863,0.662799,0,0,1.05617,2.59463,-0.714285,-1.43468,-2.24054,0.128204,0.26862,-1.3431,0.714287,0.296703,
19.0395,-4.87009,-0.322282,6.9574,-42.6013,12.4238,-2.5583,7.70374,-0.471163,0.670797,0.830276,10.989,-56.6056,-11.7704,-89.7192,0.244202,-10.906,4.1094,-0.567032,0.408791,-0.0185013,0.00972748,-0.598726,0.903143,-1.68364,1.76833,-1.03094,0.551805,-0.434691,-5.35916,0.110224,-0.0108071,-0.652572,0.91024,-2.17958,1.90983,-1.01189,0.704991,0,0,-2.48474,1.00733,-1.50794,-2.10623,-0.677656,0.103785,1.8022,-1.21612,-0.186813,0.164837,
-2.8242,22.2775,2.36352,1.34662,-44.387,1.12019,3.63525,0.606,-0.0221506,0.903482,10.7937,10.7937,-17.6313,-6.98413,-50.7448,-1.12332,-5.3812,3.60342,-0.408791,0.540661,-0.0162125,-0.0387201,-0.626192,0.897802,-1.69623,1.79809,-0.997368,0.552949,-0.442321,-5.35687,-0.0237829,0.114587,-0.627403,0.925992,-2.19695,1.89295,-0.803837,0.594935,0,0,0.714285,-2.82662,-0.824175,0.396826,-0.225885,2.47253,1.85104,0.503052,-0.406593,0.0988998,
-9.60006,15.9388,-8.93262,-8.52122,-38.2406,-0.262681,2.18974,-3.54995,-0.136147,0.919828,0.830276,10.8913,-5.71428,-1.80708,-37.3626,-1.61172,-0.745298,0.704273,-0.514286,0.725273,0.0104904,-0.0707636,-0.605974,0.918403,-1.72942,1.85874,-0.956931,0.578889,-0.44461,-5.3542,-0.0479474,0.0931071,-0.663915,0.851602,-2.21394,1.93987,-0.790855,0.532294,0,0,1.44689,-0.396826,1.23932,0.836386,-1.78877,2.52137,2.10501,1.04029,-0.0329666,0.12088,
-8.19242,-0.505427,-6.93628,-9.49839,-22.5575,16.1335,-6.96399,2.01669,-0.0800267,0.752662,-4.54213,4.1514,-8.93773,-3.07692,-32.674,2.00244,0.389744,0.786325,-0.197803,0.646152,0.0192642,-0.028801,-0.584229,0.92298,-1.77291,1.87781,-0.912299,0.576219,-0.444228,-5.34848,-0.0646401,0.0593968,-0.622838,0.820495,-2.10189,2.08048,-0.982911,0.611969,0,0,0.213675,2.81441,1.15385,0.0915756,-2.35043,0.702076,2.45665,-0.405373,-0.0549469,0.362637,
-4.67473,3.12967,-6.98175,-2.25709,-17.8125,17.2347,-2.69148,5.53334,-0.0806249,0.639827,-4.44444,4.1514,-8.44933,-3.27228,-22.4176,9.62149,-2.22222,2.46838,-0.197803,0.725273,0.00782013,0.0150681,-0.565537,0.903906,-1.82403,1.89765,-0.87377,0.552949,-0.444228,-5.3397,-0.0654888,0.0858617,-0.617268,0.836296,-2.09337,2.13331,-0.885773,0.655615,0,0,-0.641026,1.08059,0.775335,-1.27595,-2.14286,1.32479,1.25519,-1.02076,0.0109901,0.406593,
-2.23445,14.8712,-3.36853,11.674,-25.2464,16.2928,-1.61049,3.33566,-0.0372568,0.402499,-3.56532,9.81685,-8.05861,1.51404,-18.1197,10.3053,-1.77094,4.1641,-0.171429,0.514286,-0.00782013,-0.00667572,-0.549516,0.862326,-1.85798,1.94152,-0.874914,0.543412,-0.444228,-5.32979,-0.0584918,0.114401,-0.561913,0.91898,-2.18876,2.2013,-0.918429,0.616289,0,0,-0.775335,-1.32479,0.750916,-2.1917,-1.50794,2.36264,0.0244198,-0.395605,0.0329666,0.53846,
-8.29381,15.1381,-2.49132,19.6708,-28.6794,28.0089,-4.61816,6.39539,0.165445,0.279634,-4.54213,10.4029,-6.69109,7.96092,-20.2686,12.7473,-2.79658,4.32821,-0.0395622,0.408791,-0.0154495,-0.0196457,-0.540742,0.823796,-1.88201,1.97929,-0.864233,0.538072,-0.444228,-5.3191,-0.116354,0.133293,-0.553568,0.974189,-2.24524,2.35256,-0.955641,0.697895,0,0,-0.262516,-0.457876,0.445665,-2.04518,-1.337,1.86203,0.737484,-0.356533,-0.0329666,0.582417,
-13.6903,15.8799,-11.0883,13.5014,-25.3171,34.7428,-2.86508,9.14962,0.331038,0.193646,-7.47253,11.2821,-7.27716,13.6264,-25.1526,24.6642,-4.2735,6.77607,0.0395622,0.435165,-0.0101089,-0.0135422,-0.516327,0.807775,-1.91405,2.01019,-0.847067,0.520142,-0.443847,-5.30728,-0.153066,0.176535,-0.594556,0.948225,-2.24725,2.44038,-0.894174,0.730586,0,0,0.274725,0.409035,1.34921,-0.286936,-1.55678,1.32479,0.649572,-0.874237,-0.0109901,0.494507,
-9.70855,14.9085,-19.3298,0.223033,-23.4007,25.4317,-0.26806,6.60227,0.338184,0.123777,-11.5751,12.5519,-12.1612,14.0171,-23.9805,32.5763,-3.43932,9.07351,0.197803,0.32967,-0.00934601,-0.00247955,-0.481232,0.808537,-1.94572,2.03269,-0.839055,0.502213,-0.443847,-5.30041,-0.115794,0.182503,-0.646964,0.805521,-2.25314,2.34762,-0.826233,0.644339,0,0,0.0427341,0.579975,1.47131,-0.164835,-1.42247,0.970695,0.405373,-0.825397,-0.0109901,0.31868,
-6.63036,8.6832,-15.3216,-3.84004,-25.4534,20.9955,-1.25409,5.70411,0.250915,0.137058,-11.4774,12.9426,-13.6264,5.81197,-23.0037,25.5434,-2.1812,7.95214,0.303295,0.408791,-0.00934601,0.0127792,-0.473602,0.799382,-1.96555,2.04643,-0.826848,0.48848,-0.443465,-5.29622,-0.0828132,0.136325,-0.639976,0.739418,-2.2852,2.30311,-0.825298,0.608099,0,0,0.00610542,0.811966,0.115995,-0.518925,-1.10501,0.702076,0.727716,-0.776556,-0.0109901,0.0988998,
-2.47,7.28935,-15.182,-4.66927,-25.8701,12.2712,-0.831997,5.37673,0.0822087,0.13185,-9.62149,10.8913,-12.7473,2.1978,-24.6642,19.2918,-1.86667,6.06496,0.250549,0.197803,-0.00247955,0.0230789,-0.486191,0.772678,-1.98539,2.06626,-0.807012,0.471313,-0.443847,-5.29698,-0.0158825,0.112008,-0.676654,0.67094,-2.30153,2.23456,-0.787876,0.585258,0,0,0.421246,0.238094,-0.653236,-1.49573,-0.860806,0.958487,0.844933,-0.708181,-0.0329666,0.0109901,
2.49879,1.54922,-15.5427,-15.6584,-22.5589,-4.6574,3.37242,1.76535,-0.117534,0.168006,-6.00732,9.03542,-15.873,-0.43956,-25.2503,10.696,-0.882051,5.4359,0.171429,0.118683,0.00514984,0.0211716,-0.489624,0.742542,-1.99874,2.08839,-0.79633,0.464446,-0.443465,-5.29698,0.0453277,0.0324836,-0.663745,0.514633,-2.27402,2.07591,-0.677988,0.495657,0,0,0.372406,-0.177046,-0.0427341,-1.61783,-0.738707,1.17827,0.493284,-0.356533,-0.0109901,0.0549469,
-0.790895,1.0856,-9.87609,-10.6239,-27.3599,-0.967268,4.03129,1.56165,-0.138839,0.256967,-3.66301,4.54213,-16.1661,-10.5006,-23.1013,0.341873,0.950428,3.45299,-0.0395622,0.118683,0.0238419,0.0200272,-0.49115,0.716601,-2.01209,2.10708,-0.785268,0.454146,-0.443847,-5.29698,0.0478177,0.0314789,-0.601902,0.560504,-2.33339,2.11363,-0.641297,0.467001,0,0,0.982906,-0.0183144,-0.0305252,-1.14164,-0.518925,0.518925,0.639805,-0.6105,-0.0329666,-0.0109901,
-8.24225,4.44536,-7.91162,-2.39891,-28.2147,12.0497,0.485883,4.26626,-0.110655,0.290647,-3.27228,1.7094,-14.5055,-9.91454,-25.5434,-0.732605,1.94872,1.96239,-0.171429,0.197803,0.046731,0.0154495,-0.486572,0.686847,-2.02163,2.10288,-0.764668,0.441939,-0.443847,-5.29736,-0.00231802,0.0564989,-0.564915,0.607893,-2.35405,2.22843,-0.689876,0.529922,0,0,1.27595,-0.250305,0.286936,-1.56899,-0.567766,-0.250305,1.22589,-0.6105,-0.0109901,-0.0109901,
-11.4632,6.10506,-10.4984,-0.696239,-27.7729,17.8133,-1.46788,5.74047,-0.0559945,0.24294,-6.10501,1.61172,-14.1148,-6.98413,-26.2271,3.66301,1.81197,3.42564,-0.171429,0.224174,0.0658045,0.0165939,-0.462157,0.675403,-2.03613,2.11471,-0.743687,0.431258,-0.443847,-5.29698,-0.0340921,0.0907364,-0.531798,0.653625,-2.37056,2.34011,-0.745145,0.563121,0,0,0.824175,0.189255,1.41026,-0.421246,-0.775335,0.824175,0.786325,-0.551893,-0.0329666,0.0109901,
-11.4469,9.13836,-12.1745,8.68011,-28.9617,27.1672,-1.75508,8.00437,-0.00558948,0.209204,-6.98413,3.56532,-14.1148,-0.927963,-26.0318,15.873,0.827351,5.42222,-0.145054,0.224174,0.0658045,0.0257492,-0.428969,0.663577,-2.05558,2.13607,-0.742924,0.425155,-0.443847,-5.29698,-0.0697274,0.136851,-0.512756,0.734992,-2.40811,2.45238,-0.799735,0.631137,0,0,-0.250305,0.286936,1.54457,-0.750916,-0.921856,0.433455,-0.161173,-0.327229,-0.0109901,-0.0109901,
-12.1396,13.7455,-12.9466,15.8104,-28.0474,34.2226,-1.85191,10.7009,0.0441257,0.161875,-8.05861,8.05861,-15.6777,8.25397,-27.5946,25.9341,-1.00513,7.80171,-0.092308,0.197803,0.0497828,0.028038,-0.387388,0.639925,-2.07542,2.14103,-0.744831,0.415236,-0.443847,-5.29698,-0.108912,0.18219,-0.477719,0.789345,-2.41575,2.53329,-0.798471,0.682935,0,0,-0.714285,0.0427341,1.60562,-0.787546,-0.860806,0.360195,-0.0439568,-0.590965,-0.0109901,0.0329666,
-14.1131,18.2651,-13.608,19.8702,-26.6753,40.127,-1.94783,11.5267,0.104682,0.171774,-10.4029,10.989,-15.6777,12.8449,-27.3993,32.4786,-1.88034,9.53846,-0.0131874,0.171429,0.0391016,0.0303268,-0.365263,0.63344,-2.08572,2.1437,-0.74712,0.406844,-0.443847,-5.29698,-0.142334,0.23836,-0.463756,0.838551,-2.40551,2.59587,-0.807331,0.70676,0,0,-0.738707,0.152626,1.5812,-0.470085,-0.702076,0.189255,-0.122101,-0.405373,-0.0109901,-0.0329666,
-15.8448,21.6299,-20.1214,18.5371,-24.7462,39.0106,-2.65331,10.2223,0.147855,0.0764552,-14.1148,13.431,-15.7753,15.9707,-25.2503,38.4371,-2.1812,10.6051,0.0395622,0.118683,0.0314722,0.0387201,-0.334363,0.63344,-2.10327,2.14675,-0.746357,0.405317,-0.443847,-5.29698,-0.152518,0.294721,-0.513775,0.843681,-2.4057,2.58244,-0.817374,0.688538,0,0,-0.238094,0.470085,1.32479,0.128204,-0.824175,0.0671558,0.0537243,-0.0146523,-0.0329666,0.0329666,
-9.99506,18.4906,-23.6101,14.3603,-22.4592,22.9176,-3.12197,8.59167,0.146135,0.0461627,-16.5568,16.6544,-18.1197,16.8498,-24.2735,38.3394,-2.49573,10.3179,0.0659332,0.0659332,0.0318537,0.0604639,-0.314145,0.641832,-2.12119,2.15095,-0.745975,0.405317,-0.443847,-5.29736,-0.0773711,0.301934,-0.558774,0.813805,-2.39455,2.40946,-0.832941,0.643731,0,0,0.054945,1.08059,0.531136,0.372406,-0.714285,0.115995,-0.00488472,-0.00488472,0.0109901,0.0109901,
12.2833,0.804997,-32.6491,-10.4223,-17.4911,-36.5674,-3.36466,2.81541,0.0851461,0.0729469,-14.8962,17.1429,-19.0965,13.6264,-23.199,24.7619,-3.28889,8.78632,0.118683,0.0131874,0.0398645,0.084115,-0.320249,0.650606,-2.12997,2.15248,-0.744068,0.404936,-0.443847,-5.29736,0.196899,0.123788,-0.701942,0.549251,-2.33591,1.74597,-0.831914,0.482409,0,0,0.616606,0.921856,-0.567766,0.433455,-0.347986,-0.00610542,0.112331,-0.0146523,-0.0109901,-0.0329666,
16.2738,-15.4531,-29.3596,-20.7675,-15.6719,-28.4064,-1.2848,1.43273,-0.247919,0.315084,-2.6862,6.30037,-23.3944,8.05861,-21.7338,5.61661,-3.46667,6.83077,0.118683,0.0395622,0.0551233,0.0947971,-0.337415,0.66167,-2.13264,2.15057,-0.742542,0.404936,-0.443847,-5.29736,0.271149,-0.0518737,-0.704943,0.459206,-2.31023,1.8266,-0.772614,0.444001,0,0,1.05617,0.750916,-1.23932,0.848597,-0.103785,-0.250305,0.112331,-0.0146523,-0.0109901,-0.0109901,
-20.4704,4.11955,-10.9902,-10.655,-6.49538,16.5576,5.50545,11.335,-0.426804,0.44739,5.22589,-5.03052,-20.0733,-17.0452,-18.4127,-19.4872,-2.57778,1.04615,-0.0659332,-0.224174,0.113108,0.0959415,-0.400358,0.662051,-2.12501,2.07542,-0.739491,0.407226,-0.443847,-5.29431,-0.0176785,0.13215,-0.622797,0.544273,-2.18192,2.19,-0.575084,0.738447,0,0,2.89988,-0.286936,-3.00977,0.0183144,0.457876,-2.08181,0.229548,0.327229,-0.0549469,0.362637,
-20.6679,14.5811,-7.60384,-11.9964,-23.7889,11.2228,4.8084,0.903979,-0.419432,0.469793,-1.7094,0.732605,-16.1661,-17.5336,-13.8217,4.54213,0.909401,4.47863,-0.32967,0.171429,0.14744,0.0558863,-0.434691,0.688373,-2.0964,2.05024,-0.729191,0.424392,-0.444228,-5.28744,-0.0474047,0.156645,-0.559675,0.597204,-2.29987,2.15886,-0.562657,0.507866,0,0,1.04396,-1.83761,-1.2149,1.26374,1.8254,-0.482296,0.65934,1.16728,-0.0109901,0.406593,
-4.72275,5.78577,9.10625,13.0395,-28.0448,14.8785,-3.24471,-2.66584,-0.195286,0.827285,-7.76556,4.1514,-8.05861,-6.00732,-24.2735,10.0122,3.9453,0.649572,-0.435165,0.804394,0.104715,0.0722895,-0.465209,0.679599,-2.05596,2.06168,-0.706302,0.490387,-0.444228,-5.28134,-0.0228512,0.173816,-0.406153,0.785614,-2.3112,2.22232,-0.753698,0.543076,0,0,-2.25275,1.11722,-1.26374,-1.16606,1.69109,-0.140415,0.8547,2.5348,-0.0329666,-0.12088,
-9.36867,5.24114,-7.82524,12.3123,-27.4574,23.5417,-5.57221,10.5945,-0.119271,0.75983,-9.5238,7.47253,-2.6862,4.05373,-24.8596,13.3333,0.964102,4.92992,-0.382416,0.435165,0.0795374,0.0806818,-0.468261,0.66434,-2.03918,2.05787,-0.700198,0.481995,-0.444228,-5.28363,-0.0581365,0.142783,-0.550527,0.780183,-2.32452,2.31436,-0.845946,0.718901,0,0,-1.00733,0.115995,0.140415,-0.628815,0.592186,-0.152626,0.180708,-1.14774,0.0109901,-0.0549469,
-13.5453,7.63107,-24.6136,12.786,-26.0294,30.5942,-3.49557,12.3513,0.0422931,0.467448,-9.13309,7.0818,-8.74237,8.64468,-22.5153,20.9524,-0.977777,5.69573,-0.276924,0.672527,0.078393,0.0822077,-0.422866,0.673877,-2.04795,2.05138,-0.712024,0.455291,-0.443847,-5.27905,-0.0743486,0.173306,-0.606606,0.833648,-2.36383,2.37443,-0.844532,0.750275,0,0,-0.0671558,0.189255,2.69231,0.531136,-0.799755,-0.506716,-0.708181,-0.962149,0.0109901,0.0769234,
-9.27754,5.51168,-22.6209,15.4127,-29.1756,30.7899,-3.53002,8.23173,0.137443,0.195427,-10.8913,6.39804,-21.0501,13.0403,-26.6178,31.5018,-2.60513,7.65128,-0.0659332,0.46154,0.0665674,0.0825891,-0.385862,0.674258,-2.05825,2.03498,-0.737202,0.477798,-0.444228,-5.27066,-0.0578839,0.144847,-0.593046,0.839609,-2.38833,2.34921,-0.885319,0.771171,0,0,-0.641026,0.0305252,1.32479,-0.177046,-0.177046,-0.836386,-1.00122,1.29426,-0.0109901,0.274727,
-10.7366,4.51473,-14.5871,12.3425,-23.9878,29.987,-2.57224,9.35204,0.263135,0.174778,-11.8681,6.78877,-19.9756,13.5287,-29.4505,32.5763,-4.43761,9.49744,0.0395622,0.435165,0.0627527,0.084878,-0.378996,0.675403,-2.05711,2.01324,-0.745975,0.493439,-0.443847,-5.26608,-0.0563389,0.13321,-0.538429,0.81885,-2.32303,2.3157,-0.829392,0.78765,0,0,0.00610542,-0.054945,0.0793648,0.189255,0.0183144,-0.921856,-0.239317,0.688644,-0.0329666,0.252747,
-11.8083,7.45269,-11.42,8.63158,-21.4274,27.5764,-0.934668,9.40383,0.37007,0.330839,-11.3797,7.66789,-17.2405,11.7704,-27.1062,31.3065,-3.9453,10.0444,0.092308,0.356045,0.0665674,0.0749598,-0.381285,0.684176,-2.05634,2.00027,-0.749027,0.494202,-0.443847,-5.26646,-0.057514,0.133551,-0.512447,0.799822,-2.29056,2.27961,-0.785491,0.757128,0,0,0.213675,-0.726496,-0.128204,0.592186,0.115995,-0.811966,-0.210012,0.0341873,-0.0109901,-0.0549469,
-10.8161,9.85614,-10.9528,8.22531,-22.1857,26.1908,-2.23331,8.77354,0.477323,0.298151,-10.4029,8.35165,-12.4542,8.54701,-22.0269,27.8877,-2.09915,9.60684,0.276924,0.276924,0.0638971,0.0570307,-0.383955,0.697146,-2.05444,1.9892,-0.747883,0.495728,-0.443847,-5.26646,-0.0638117,0.140292,-0.508705,0.805022,-2.29952,2.26414,-0.802837,0.739681,0,0,-0.225885,-0.787546,-0.0915756,0.494505,0.0427341,-0.482296,0.141636,0.00488472,-0.0109901,-0.0109901,
-9.37966,7.69704,-14.8612,6.94216,-23.346,24.2615,-3.38767,8.47696,0.57601,0.251896,-9.42613,7.57021,-11.6728,8.74237,-22.1245,26.1294,-1.96239,8.86838,0.382416,0.303295,0.0547419,0.0513086,-0.383192,0.701343,-2.05444,1.98348,-0.745213,0.495728,-0.443847,-5.26646,-0.06596,0.134186,-0.547299,0.783972,-2.31323,2.24308,-0.831256,0.730955,0,0,-0.494505,-0.0793648,0.0305252,0.164835,0.0183144,-0.299145,0.161173,-0.00488472,-0.0329666,0.0109901,
-8.73171,6.44862,-18.7706,4.53987,-24.0409,21.502,-3.37541,8.05865,0.585515,0.244264,-9.5238,7.0818,-13.9194,8.05861,-23.1013,24.6642,-2.85128,8.48547,0.32967,0.250549,0.0471125,0.0535975,-0.380522,0.701724,-2.0552,1.9789,-0.744831,0.495728,-0.442702,-5.26646,-0.0631341,0.129929,-0.58481,0.751963,-2.32537,2.21069,-0.839813,0.718846,0,0,-0.396826,0.140415,0.128204,-0.00610542,-0.0915756,-0.213675,-0.0244198,-0.0146523,0.0769234,-0.0329666,
-8.68773,6.12878,-18.0838,0.820469,-23.2753,18.24,-2.29176,7.02651,0.568061,0.227396,-9.5238,7.0818,-16.6544,5.71428,-24.3712,22.5153,-3.30256,8.07521,0.408791,0.197803,0.0432978,0.0539789,-0.383574,0.699817,-2.05558,1.97395,-0.745213,0.495728,-0.438888,-5.26646,-0.057913,0.120245,-0.590813,0.705474,-2.31481,2.16705,-0.810582,0.690664,0,0,-0.140415,-0.054945,-0.189255,-0.103785,-0.0183144,-0.286936,-0.0341873,-0.00488472,0.164837,0.0109901,
-8.89618,6.08286,-13.9246,-0.33256,-22.8398,16.3234,-1.84979,5.88977,0.655774,0.26634,-9.32845,6.30037,-16.7521,2.1978,-24.6642,19.2918,-2.63248,7.21368,0.540661,0.197803,0.0429163,0.053216,-0.39311,0.697909,-2.05253,1.96822,-0.745213,0.495728,-0.435836,-5.26646,-0.0569476,0.120193,-0.563904,0.694011,-2.30081,2.14003,-0.795863,0.659088,0,0,-0.0305252,-0.0183144,-0.482296,-0.00610542,0.164835,-0.286936,0.0146523,-0.00488472,0.0769234,-0.0109901,
-9.06615,7.69282,-11.5451,0.956451,-23.0651,15.5484,-2.065,5.00478,0.780093,0.265973,-8.93773,6.49573,-16.0684,0.146515,-24.2735,17.1429,-2.19487,6.43419,0.646152,0.197803,0.0410089,0.0516901,-0.399214,0.699054,-2.04757,1.96517,-0.745213,0.495728,-0.435836,-5.26646,-0.0644065,0.132485,-0.537057,0.711105,-2.2951,2.13284,-0.801841,0.634017,0,0,-0.140415,-0.140415,-0.286936,0.0427341,0.262516,-0.152626,0.0146523,-0.0146523,-0.0109901,0.0109901,
-11.1944,8.87484,-12.8993,2.53776,-23.2479,16.8847,-2.8825,5.84296,0.864219,0.277683,-9.5238,7.17949,-13.7241,0.537247,-23.0037,15.58,-2.04445,5.24445,0.672527,0.224174,0.0421534,0.0478754,-0.398832,0.697528,-2.04452,1.96288,-0.74445,0.495346,-0.435836,-5.26646,-0.0795831,0.141804,-0.538699,0.723487,-2.30018,2.14662,-0.824275,0.655941,0,0,0.0793648,-0.140415,0.103785,-0.0671558,0.0793648,-0.115995,0.00488472,-0.0341873,-0.0109901,-0.0109901,
-11.5179,8.41059,-15.5249,3.32819,-23.8225,19.4016,-3.54207,7.10255,0.919885,0.280629,-10.3053,7.96092,-13.9194,2.49084,-23.2967,17.7289,-2.71453,5.4906,0.778023,0.250549,0.0417719,0.0486383,-0.393873,0.695621,-2.04337,1.95754,-0.74445,0.495346,-0.435836,-5.26646,-0.0876294,0.143107,-0.556808,0.727106,-2.30664,2.16192,-0.843085,0.692395,0,0,-0.0427341,0.0305252,0.286936,-0.164835,0.0427341,-0.335775,-0.00488472,-0.00488472,-0.0109901,-0.0329666,
-11.0253,8.75224,-17.477,4.13021,-25.1644,21.205,-4.00764,7.58108,0.94219,0.259579,-10.7937,8.35165,-15.58,3.17461,-24.0781,19.5849,-3.43932,6.51624,0.830769,0.224174,0.0383387,0.0482569,-0.387388,0.691806,-2.04261,1.94953,-0.744831,0.49649,-0.435836,-5.26646,-0.0904732,0.144487,-0.57242,0.73261,-2.32038,2.17354,-0.856887,0.712204,0,0,-0.189255,-0.0305252,0.274725,-0.152626,0.054945,-0.347986,-0.0146523,0.102564,-0.0109901,-0.0109901,
-10.9203,8.88643,-17.5366,5.10574,-25.6677,22.5429,-4.27633,7.84116,0.953949,0.267592,-10.7937,8.54701,-17.2405,4.05373,-25.7387,21.5385,-3.93162,7.07692,0.883518,0.224174,0.0333796,0.0482569,-0.383192,0.688754,-2.04032,1.94228,-0.744831,0.499924,-0.435836,-5.26646,-0.0946729,0.146791,-0.571328,0.73999,-2.32125,2.18035,-0.864351,0.726281,0,0,-0.201466,-0.00610542,0.201466,-0.164835,0.128204,-0.372406,-0.0146523,0.17094,-0.0109901,-0.0109901,
-11.0952,9.2123,-17.3273,5.18572,-25.9113,22.8781,-4.27413,7.82689,0.961287,0.282616,-10.8913,8.74237,-17.5336,4.1514,-26.1294,22.1245,-4.0547,7.45983,0.909889,0.224174,0.0310898,0.0474939,-0.381285,0.68761,-2.03613,1.9358,-0.745213,0.50412,-0.435836,-5.26646,-0.098092,0.147614,-0.571164,0.743397,-2.31691,2.17881,-0.865159,0.730569,0,0,-0.177046,-0.0671558,0.0793648,-0.054945,0.213675,-0.335775,-0.0244198,0.180708,-0.0109901,-0.0109901,
-11.9687,9.41992,-17.382,4.5897,-25.7298,22.8592,-3.7886,8.2132,0.956344,0.301115,-11.5751,9.42613,-17.2405,4.73749,-26.4225,22.8083,-4.19145,7.92479,0.936264,0.224174,0.0310898,0.0444422,-0.381666,0.68761,-2.03155,1.93008,-0.74712,0.505646,-0.435836,-5.26646,-0.101286,0.144834,-0.576223,0.739217,-2.30991,2.17491,-0.857487,0.735499,0,0,0.0183144,-0.128204,-0.0427341,0.0183144,0.225885,-0.274725,-0.102564,0.0341873,-0.0109901,-0.0109901,
-11.9889,8.73514,-19.2435,3.69321,-25.7769,23.3192,-3.92107,8.39041,0.91753,0.317783,-11.9658,9.03542,-17.5336,4.44444,-26.0318,23.0037,-4.02735,7.99316,0.936264,0.250549,0.0310898,0.0432978,-0.382048,0.688754,-2.0285,1.92588,-0.747501,0.50679,-0.435836,-5.26646,-0.102731,0.140151,-0.595661,0.731214,-2.31023,2.17582,-0.857153,0.742543,0,0,-0.0183144,-0.00610542,0.00610542,0.0427341,0.140415,-0.274725,-0.0146523,0.0537243,0.0109901,-0.0109901,
-11.6747,8.38065,-20.8639,3.22556,-26.3769,23.3612,-3.93652,8.41365,0.888014,0.351081,-12.0635,8.93773,-18.315,4.1514,-25.8364,23.1013,-3.97265,8.12991,0.936264,0.250549,0.0307083,0.0432978,-0.381666,0.688754,-2.02659,1.9213,-0.747501,0.507935,-0.435836,-5.26646,-0.0992138,0.136213,-0.612877,0.724797,-2.31743,2.17497,-0.857094,0.74531,0,0,-0.00610542,-0.00610542,0.0183144,0.00610542,0.0671558,-0.177046,-0.00488472,0.0732594,-0.0109901,-0.0329666,
-11.2931,8.19568,-20.2172,3.1273,-26.5682,23.1878,-3.69632,8.46363,0.839583,0.358343,-11.9658,8.35165,-20.2686,3.17461,-26.8132,23.199,-3.98632,8.38974,0.857143,0.276924,0.0307083,0.0432978,-0.382429,0.689136,-2.0243,1.91863,-0.747501,0.509079,-0.435836,-5.26646,-0.094567,0.13375,-0.609304,0.724494,-2.31604,2.17281,-0.850421,0.743936,0,0,0.00610542,-0.0183144,-0.0671558,0.0183144,0.103785,-0.103785,-0.00488472,-0.00488472,0.0109901,0.0109901,
-10.966,8.12118,-18.7067,3.50643,-26.4174,23.154,-3.42739,8.35733,0.826326,0.400571,-11.6728,8.05861,-20.1709,2.97925,-26.8132,22.7106,-3.75385,8.4171,0.830769,0.32967,0.0307083,0.0432978,-0.384718,0.689136,-2.02239,1.91825,-0.747501,0.508698,-0.435836,-5.26646,-0.09134,0.132516,-0.597251,0.727892,-2.31205,2.17491,-0.842463,0.740601,0,0,-0.00610542,-0.0305252,-0.140415,-0.00610542,0.115995,-0.0183144,0.00488472,-0.00488472,-0.0109901,-0.0109901,
-11.1573,8.03886,-18.1502,3.86564,-26.1838,24.3872,-3.15932,8.56885,0.835118,0.426401,-11.3797,7.96092,-19.3895,2.97925,-26.4225,22.906,-3.53504,8.26667,0.804394,0.356045,0.0318537,0.0432978,-0.385862,0.69028,-2.02125,1.91825,-0.747501,0.508698,-0.435836,-5.26646,-0.0919127,0.132415,-0.588142,0.73547,-2.31198,2.18902,-0.834528,0.746477,0,0,0.00610542,-0.00610542,-0.0183144,0.0671558,0.00610542,-0.00610542,0.0146523,-0.00488472,-0.0329666,-0.0109901,
-11.1936,7.91486,-17.2721,4.49513,-25.6635,26.4451,-2.62744,8.95522,0.825602,0.458383,-11.2821,7.86325,-18.4127,3.46764,-26.1294,23.9805,-3.26154,8.45812,0.778023,0.382416,0.0318537,0.0432978,-0.386625,0.691424,-2.02201,1.91825,-0.74712,0.508698,-0.435836,-5.26646,-0.0931299,0.131037,-0.580369,0.742795,-2.30899,2.21147,-0.819372,0.757209,0,0,-0.0183144,-0.00610542,-0.054945,0.0427341,-0.054945,-0.0183144,0.0146523,-0.00488472,-0.0109901,-0.0109901,
-11.1921,7.97607,-16.6682,5.48352,-26.1137,28.687,-2.42433,9.21731,0.837234,0.481943,-11.2821,7.76556,-17.7289,4.05373,-25.7387,25.8364,-2.96068,8.81367,0.804394,0.408791,0.0314722,0.0432978,-0.386625,0.692569,-2.02316,1.91901,-0.745975,0.508698,-0.435836,-5.26646,-0.0930875,0.131717,-0.572438,0.755735,-2.31514,2.23877,-0.809655,0.76449,0,0,-0.00610542,-0.00610542,-0.0183144,0.0671558,-0.054945,0.0305252,0.0732594,-0.00488472,-0.0109901,-0.0109901,
-11.2486,8.01969,-15.9047,6.27395,-26.1927,31.118,-2.25551,9.53833,0.852734,0.505113,-11.3797,7.86325,-17.0452,4.93285,-25.9341,27.79,-2.81026,9.10085,0.804394,0.435165,0.0314722,0.0432978,-0.387007,0.693713,-2.02392,1.91978,-0.743687,0.508698,-0.435836,-5.26646,-0.0937156,0.132202,-0.56515,0.765662,-2.31719,2.26696,-0.79877,0.773407,0,0,-0.00610542,-0.00610542,-0.0427341,0.0671558,-0.0671558,0.0427341,0.151403,-0.00488472,-0.0109901,-0.0109901,
-11.3325,8.2724,-15.7682,7.84295,-26.408,33.9912,-2.15216,10.008,0.85904,0.520914,-11.3797,7.86325,-16.5568,6.10501,-25.9341,29.9389,-2.5094,9.29231,0.804394,0.46154,0.0314722,0.0432978,-0.386625,0.693713,-2.02659,1.92206,-0.739872,0.508698,-0.435836,-5.26646,-0.0946477,0.13501,-0.562031,0.780654,-2.3251,2.30443,-0.791596,0.786454,0,0,-0.00610542,-0.00610542,-0.00610542,-0.00610542,-0.152626,0.140415,0.161173,-0.00488472,0.0109901,-0.0109901,
-11.7027,9.105,-14.8771,9.89518,-26.2951,37.4103,-2.03549,10.4257,0.899268,0.545744,-11.5751,8.05861,-16.0684,7.37485,-26.1294,32.7717,-2.38632,9.86666,0.830769,0.487911,0.0314722,0.0429163,-0.386244,0.693713,-2.0304,1.92664,-0.736057,0.508698,-0.435836,-5.26646,-0.0987618,0.143879,-0.550934,0.80427,-2.32888,2.34943,-0.784052,0.798057,0,0,-0.00610542,-0.00610542,0.0183144,0.0183144,-0.189255,0.213675,0.17094,-0.00488472,-0.0109901,-0.0329666,
-12.4032,10.4218,-14.0414,11.3401,-25.5622,39.9846,-1.80897,10.4435,0.923911,0.538428,-11.6728,8.64468,-15.2869,9.13309,-25.9341,35.409,-2.27692,10.2496,0.857143,0.487911,0.0318537,0.0429163,-0.386244,0.693713,-2.0346,1.93351,-0.732624,0.508698,-0.435836,-5.26646,-0.105756,0.158511,-0.54287,0.821138,-2.32697,2.39101,-0.772861,0.798551,0,0,0.00610542,-0.00610542,-0.0183144,0.0427341,-0.250305,0.396826,0.200245,-0.00488472,-0.0109901,-0.0109901,
-13.0851,12.2847,-13.7931,12.0748,-24.4032,41.0486,-1.49858,10.0401,0.935231,0.538384,-12.1612,9.5238,-14.4078,10.8913,-24.9573,37.9487,-2.03077,10.441,0.883518,0.487911,0.0318537,0.0436792,-0.386244,0.693713,-2.04109,1.94419,-0.729572,0.508698,-0.435836,-5.26646,-0.11374,0.181193,-0.539704,0.827267,-2.32302,2.41921,-0.763141,0.787344,0,0,-0.00610542,0.0305252,-0.00610542,-0.0183144,-0.323565,0.567766,0.161173,-0.00488472,-0.0109901,-0.0329666,
-13.3268,14.3473,-14.2784,11.8817,-23.171,40.2795,-1.73248,9.39991,0.932359,0.507742,-12.9426,10.8913,-13.9194,11.8681,-23.4921,38.9255,-2.00342,10.1949,0.883518,0.487911,0.0318537,0.0448236,-0.386625,0.693713,-2.04871,1.95525,-0.723469,0.508316,-0.435836,-5.26646,-0.116019,0.206069,-0.545478,0.825528,-2.32062,2.42458,-0.757674,0.768692,0,0,0.00610542,0.054945,-0.00610542,-0.00610542,-0.433455,0.653236,0.278389,-0.0146523,-0.0109901,-0.0329666,
-11.4162,14.7549,-15.9876,10.6382,-22.2845,34.8665,-2.26391,8.4469,0.919589,0.446688,-13.3333,11.8681,-14.1148,11.7704,-22.6129,38.7302,-2.04445,9.96239,0.909889,0.487911,0.0318537,0.0497828,-0.387007,0.693713,-2.05825,1.97051,-0.717364,0.506027,-0.435836,-5.26646,-0.0947896,0.225325,-0.566071,0.811305,-2.32275,2.38498,-0.764866,0.73114,0,0,0.00610542,0.347986,-0.0427341,-0.0183144,-0.506716,0.811966,0.307692,-0.190475,-0.0109901,-0.0109901,
-4.96935,11.0262,-18.7648,6.33377,-21.2801,18.8914,-3.00472,7.27242,0.902795,0.406421,-13.2357,11.9658,-14.7009,10.5983,-21.4408,33.6508,-2.30427,9.34701,0.883518,0.435165,0.0333796,0.0608454,-0.389296,0.694095,-2.06779,1.98539,-0.712787,0.501068,-0.435836,-5.26646,-0.018376,0.205134,-0.603695,0.76508,-2.32153,2.22236,-0.78282,0.686718,0,0,0.103785,0.653236,-0.177046,0.0183144,-0.518925,0.811966,0.26862,-0.327229,-0.0109901,-0.0109901,
11.0863,-1.893,-26.8326,-11.4634,-20.1832,-27.9729,-3.91049,3.80382,0.876681,0.439188,-10.7937,10.5983,-15.9707,7.17949,-21.0501,21.0501,-2.82393,8.07521,0.883518,0.382416,0.0440607,0.0768671,-0.398832,0.694476,-2.07847,2.00256,-0.707065,0.490387,-0.435836,-5.26608,0.186981,0.0784223,-0.715083,0.56853,-2.31758,1.7123,-0.805677,0.573826,0,0,0.592186,0.677656,-0.543346,0.0427341,-0.445665,0.616606,0.200245,-0.444445,-0.0109901,0.0109901,
6.12608,-7.63176,-21.9718,-17.4054,-15.8759,-16.976,-1.17581,5.6344,0.571918,0.703065,-3.27228,4.24908,-20.1709,-5.1282,-20.757,-10.7937,-3.56239,4.12308,0.857143,0.382416,0.0684748,0.0860224,-0.420196,0.699817,-2.08495,2.00027,-0.704394,0.48848,-0.435836,-5.26608,0.177039,0.00997559,-0.703602,0.511104,-2.26685,1.77359,-0.732904,0.640839,0,0,1.2149,0.262516,-1.17827,0.140415,-0.164835,-1.14164,0.0830288,-0.0830288,-0.0329666,0.0109901,
-2.97656,-1.0876,-21.8401,-24.7285,-23.4482,-22.5667,-1.4704,6.90352,0.396927,0.811892,1.51404,-2.00244,-19.2918,-18.8034,-18.8034,-14.7009,-2.60513,2.59145,0.698902,0.32967,0.118067,0.0803003,-0.458343,0.703631,-2.0819,1.95182,-0.700961,0.492676,-0.435836,-5.26455,0.156422,0.0570234,-0.754531,0.458378,-2.33125,1.66709,-0.726421,0.705686,0,0,2.14286,-0.335775,-1.60562,0.885225,0.335775,-1.01954,0.307692,0.424908,-0.0109901,0.252747,
-3.07042,3.87885,-16.9029,-14.5703,-26.0065,-5.79309,-1.83095,3.63594,0.349493,0.970141,3.07692,-2.88156,-19.6825,-20.757,-23.6874,-16.4591,-1.66154,2.5094,0.514286,0.540661,0.129511,0.0650415,-0.473984,0.717364,-2.06703,1.93046,-0.692187,0.524719,-0.436217,-5.25807,0.108623,0.0802603,-0.691708,0.569921,-2.32689,1.82396,-0.724732,0.708502,0,0,0.396826,-0.836386,-0.897436,0.433455,0.873016,-1.26374,0.366301,1.65568,-0.0329666,0.31868,
-6.93586,3.59302,-9.15129,-3.96751,-27.3848,9.39342,-3.69886,1.68961,0.437865,0.987748,1.12332,0.634918,-17.7289,-13.6264,-28.3761,-6.20268,-1.05983,1.62051,0.32967,0.672527,0.127985,0.0638971,-0.496109,0.705539,-2.04337,1.89918,-0.692569,0.571641,-0.436217,-5.24662,0.0389133,0.104837,-0.623228,0.645786,-2.31122,1.9602,-0.799955,0.72822,0,0,-0.360195,0.0305252,-0.763126,-0.470085,1.0928,-1.30037,-0.0927963,2.19292,-0.0109901,0.626373,
-7.68992,5.86811,-9.02258,4.28526,-25.4965,26.4046,-2.23114,2.8065,0.511511,1.07405,-2.6862,3.07692,-14.0171,-3.76068,-28.1807,5.61661,-2.41368,1.83932,0.382416,0.857143,0.115778,0.0623713,-0.496872,0.698291,-2.0285,1.88048,-0.694095,0.60216,-0.436217,-5.23785,0.00652492,0.124113,-0.597733,0.727793,-2.28391,2.13622,-0.765595,0.770228,0,0,-0.714285,-0.103785,-0.0183144,-0.543346,0.836386,-1.12943,-0.190475,1.8022,0.0109901,0.494507,
-4.65722,4.23181,-8.47765,15.0411,-24.0631,36.8485,-1.52826,5.9548,0.539385,0.98862,-3.36996,5.03052,-12.9426,1.02563,-26.7155,18.9988,-1.85299,3.46667,0.435165,1.17363,0.0940342,0.0623713,-0.483139,0.686084,-2.01324,1.88621,-0.706683,0.629244,-0.436217,-5.22488,0.00138377,0.10756,-0.553933,0.840386,-2.25924,2.31252,-0.776241,0.844716,0,0,-1.22711,-0.054945,0.702076,-0.384615,0.641026,0.506716,-0.542124,1.00122,-0.0109901,0.472527,
-6.69557,8.51489,-10.9968,23.031,-31.8468,45.0709,-4.1841,10.7432,0.594857,0.672829,-3.85837,5.90965,-12.3565,11.4774,-26.1294,35.3114,-2.27692,8.30769,0.487911,0.804394,0.0677118,0.0543604,-0.461776,0.678454,-1.99531,1.87972,-0.709353,0.62047,-0.436217,-5.21153,-0.0406679,0.139406,-0.546722,0.923975,-2.32169,2.37868,-0.827288,0.886415,0,0,-1.01954,-0.286936,1.11722,-0.311356,0.824175,-0.054945,-0.0341873,-0.649572,-0.0109901,0.78022,
-14.7022,11.7872,-18.145,25.8464,-39.8899,53.0933,-5.01094,11.807,0.693423,0.611988,-7.76556,6.69109,-13.0403,19.8779,-30.9158,44.2002,-2.91966,10.3727,0.514286,0.698902,0.0616083,0.052453,-0.43431,0.680743,-1.98234,1.87934,-0.712024,0.610933,-0.436217,-5.19856,-0.103988,0.183219,-0.597866,0.971384,-2.41396,2.46865,-0.864159,0.914729,0,0,-0.0671558,-0.00610542,1.14164,0.103785,0.347986,-0.0183144,-0.258852,-0.483517,-0.0109901,0.714287,
-15.5371,10.1888,-18.9832,27.2709,-34.9568,52.7376,-4.09701,13.9418,0.955343,0.404817,-9.71918,6.69109,-14.4078,23.0037,-33.8462,48.3028,-3.57607,10.9333,0.567032,0.646152,0.0627527,0.0555048,-0.41867,0.680743,-1.98043,1.87667,-0.721943,0.601778,-0.436217,-5.18215,-0.106015,0.177464,-0.594388,0.980293,-2.36782,2.45511,-0.860413,0.968782,0,0,0.115995,0.262516,1.05617,-0.103785,0.0305252,-0.225885,-0.493284,-0.405373,-0.0109901,0.802197,
-15.3583,9.38155,-18.1228,24.7757,-28.5392,53.2135,-3.07187,13.3237,1.14187,0.294078,-15.1893,10.5983,-16.6544,26.0318,-33.7485,53.0891,-4.87521,12.506,0.778023,0.514286,0.0631342,0.0612268,-0.411803,0.679217,-1.98882,1.8698,-0.728428,0.601778,-0.435836,-5.16346,-0.110159,0.166077,-0.611744,0.960405,-2.31834,2.45231,-0.817909,0.975545,0,0,-0.0793648,0.0183144,0.0427341,0.177046,-0.372406,-0.262516,-0.0830288,0.0732594,-0.0109901,0.714287,
-15.6771,10.4037,-18.0404,18.7793,-24.96,47.3593,-2.32095,11.7727,1.26759,0.218876,-14.7009,10.1099,-16.5568,22.5153,-28.1807,51.6239,-3.69914,13.2991,0.98901,0.435165,0.0619898,0.0577936,-0.412566,0.687228,-1.99454,1.86904,-0.727665,0.603304,-0.435836,-5.15278,-0.116473,0.165861,-0.615254,0.915627,-2.28592,2.39464,-0.789938,0.935453,0,0,-0.128204,-0.225885,-0.0671558,0.592186,-0.421246,-0.0183144,0.0439568,0.102564,0.0329666,0.604397,
-13.8183,9.51187,-14.0159,11.0098,-21.0751,37.6318,-1.82993,9.44287,1.28004,0.239646,-14.5055,9.81685,-15.1893,18.6081,-25.2503,47.033,-3.19316,12.1641,0.98901,0.435165,0.0551233,0.0551233,-0.425918,0.702487,-2.0037,1.874,-0.723469,0.603685,-0.432403,-5.14134,-0.109199,0.158979,-0.607901,0.847407,-2.25028,2.30169,-0.761358,0.865743,0,0,-0.323565,-0.054945,-0.787546,0.677656,-0.372406,0.286936,0.258852,-0.00488472,0.186813,0.384617,
-10.4274,7.89237,-11.0666,1.73778,-17.5316,26.1706,-1.15796,5.94873,1.10881,0.179606,-13.2357,9.03542,-11.3797,11.5751,-21.2454,36.9719,-2.30427,9.79829,0.883518,0.303295,0.0474939,0.0562677,-0.444991,0.714313,-2.00942,1.88277,-0.717746,0.603685,-0.424392,-5.13561,-0.0836289,0.144571,-0.605601,0.755803,-2.21378,2.19045,-0.735015,0.768195,0,0,-0.457876,0.0183144,-1.12943,0.665445,-0.286936,0.506716,0.297924,-0.0146523,0.494507,0.296703,
-9.52347,5.74706,-8.49444,-8.41718,-12.3628,16.1418,2.46518,1.78039,0.749603,0.234129,-11.8681,7.66789,-9.23077,5.22589,-17.3382,26.6178,-1.55214,7.06325,0.804394,0.382416,0.0406275,0.0585566,-0.474747,0.720417,-2.01705,1.89574,-0.710879,0.602541,-0.405699,-5.13066,-0.0702764,0.126279,-0.607591,0.622619,-2.16561,2.08954,-0.628971,0.645891,0,0,-0.152626,0.115995,-1.15385,-0.128204,-0.335775,0.433455,0.26862,-0.122101,0.868134,0.0769234,
-8.5737,6.3543,-7.72877,-10.2525,-14.226,10.0584,4.96937,-3.3116,0.529336,0.21326,-10.4029,6.5934,-7.76556,-3.85837,-12.6496,15.9707,0.321367,3.58974,0.593407,0.276924,0.0406275,0.0581751,-0.498779,0.716601,-2.02316,1.9049,-0.706302,0.600634,-0.389296,-5.13104,-0.0556533,0.126133,-0.618232,0.593934,-2.19486,2.03803,-0.553367,0.50254,0,0,-0.0305252,-0.0793648,-1.00733,-0.262516,-0.409035,0.641026,0.297924,-0.122101,1.06593,-0.0109901,
-8.8336,5.87359,-8.70924,-8.94362,-15.9802,7.2862,3.03174,-2.33373,0.465436,0.144599,-10.1099,6.00732,-9.42613,-7.57021,-13.8217,10.2076,1.59316,1.66154,0.567032,0.224174,0.0410089,0.0581751,-0.507553,0.704013,-2.02888,1.92206,-0.687991,0.582704,-0.362593,-5.13104,-0.0549037,0.122827,-0.614294,0.587749,-2.21437,2.02724,-0.55518,0.471236,0,0,0.0671558,-0.0183144,-0.299145,-0.506716,-0.238094,0.726496,0.971916,-0.932844,1.10989,0.0109901,
-10.856,6.5116,-9.15494,-6.21913,-15.7271,7.63721,-1.3009,3.32419,0.45065,0.0887636,-9.91454,5.81197,-11.1844,-8.1563,-15.0916,6.39804,2.11282,0.882051,0.46154,0.145054,0.0459681,0.058938,-0.501831,0.693713,-2.03574,1.93809,-0.662051,0.546845,-0.339704,-5.13104,-0.0659034,0.131493,-0.591953,0.607314,-2.2229,2.05001,-0.635916,0.539306,0,0,0.262516,0.00610542,0.347986,-0.518925,-0.372406,0.811966,1.24542,-1.99756,1.15385,0.0109901,
-11.4744,7.23468,-11.9109,-2.10044,-17.2886,11.9427,-2.66355,5.72956,0.501984,0.0317146,-10.2076,6.00732,-12.1612,-5.61661,-15.9707,8.44933,1.47009,0.376068,0.487911,0.118683,0.0490198,0.0581751,-0.492676,0.683032,-2.03994,1.94457,-0.64908,0.517471,-0.32063,-5.13104,-0.0717582,0.137543,-0.604873,0.636698,-2.24038,2.08765,-0.700357,0.608494,0,0,0.201466,-0.0305252,0.604395,-0.689865,-0.250305,0.311356,0.454212,-1.36264,1.06593,-0.0109901,
-11.277,8.00028,-13.736,3.34369,-19.0556,16.009,-2.02465,2.65346,0.537289,-0.005328,-10.5006,6.78877,-14.5055,-1.41637,-17.5336,12.5519,-0.102564,1.27863,0.514286,0.0131874,0.0474939,0.0593195,-0.467879,0.66434,-2.04376,1.94495,-0.657092,0.524719,-0.294309,-5.13142,-0.0828939,0.149229,-0.586924,0.676055,-2.25894,2.12222,-0.737508,0.632859,0,0,-0.152626,0.0305252,1.00733,-0.763126,-0.103785,-0.0183144,-0.483517,0.688644,1,-0.0109901,
-12.2292,8.66285,-13.6283,5.73378,-20.216,19.5583,-2.1843,3.63805,0.519408,-0.0118392,-10.8913,7.37485,-14.5055,1.51404,-19.4872,15.9707,-0.77265,2.20855,0.46154,-0.0131874,0.0452051,0.0581751,-0.454528,0.650225,-2.04299,1.93999,-0.666629,0.536546,-0.278286,-5.13142,-0.0933208,0.153411,-0.582144,0.689717,-2.26456,2.14693,-0.758317,0.670081,0,0,-0.0793648,-0.0305252,0.714285,-0.726496,0.0915756,-0.311356,-0.620268,0.649572,1,-0.0329666,
-12.4836,8.92523,-15.4147,6.4788,-22.7739,22.7303,-2.85767,5.70392,0.503073,-0.032499,-11.7704,8.35165,-14.7985,4.44444,-21.0501,20.1709,-1.88034,3.9453,0.514286,-0.0395622,0.0440607,0.0585566,-0.438506,0.643358,-2.03841,1.93046,-0.681888,0.542268,-0.254635,-5.13142,-0.0981051,0.157522,-0.586378,0.70578,-2.28352,2.16775,-0.789351,0.710722,0,0,-0.103785,-0.00610542,0.702076,-0.286936,0.238094,-0.457876,-0.561661,0.200245,0.978024,-0.0109901,
-11.9759,8.82217,-16.8627,7.79416,-24.5856,25.416,-4.19344,7.08577,0.453949,-0.0274413,-12.0635,8.84004,-15.0916,6.20268,-23.3944,23.3944,-2.5094,4.28718,0.487911,-0.0659332,0.0406275,0.0577936,-0.429351,0.637636,-2.03307,1.92054,-0.687991,0.546845,-0.238995,-5.13142,-0.0991537,0.155207,-0.602265,0.713452,-2.29628,2.18442,-0.821814,0.758569,0,0,-0.201466,-0.0183144,0.433455,-0.323565,0.299145,-0.555555,-0.346764,0.297924,0.978024,-0.0109901,
-11.8727,9.34125,-18.9579,7.59861,-26.7259,27.0254,-4.68826,7.62798,0.405598,-0.0103466,-12.2589,9.71918,-16.3614,7.0818,-25.2503,25.641,-3.8359,6.17436,0.487911,-0.0659332,0.0379572,0.0543604,-0.423629,0.634203,-2.02506,1.90833,-0.695239,0.557145,-0.216105,-5.13142,-0.0982351,0.150216,-0.626335,0.715579,-2.31042,2.19132,-0.841342,0.789302,0,0,-0.128204,-0.238094,0.238094,-0.0915756,0.347986,-0.518925,-0.317461,0.405373,0.934067,-0.0109901,
-12.0687,9.20781,-20.2797,6.92357,-27.5102,27.6295,-4.63219,8.26975,0.32788,0.0254522,-12.1612,9.71918,-18.022,7.17949,-27.3993,27.2039,-4.36923,7.48718,0.435165,-0.0659332,0.0371943,0.0494013,-0.421721,0.63344,-2.01781,1.89994,-0.700198,0.562104,-0.201228,-5.13142,-0.0987341,0.143367,-0.644406,0.709351,-2.31066,2.19126,-0.844743,0.806227,0,0,-0.054945,-0.250305,0.0793648,-0.0305252,0.384615,-0.470085,-0.317461,0.288157,0.912086,-0.0109901,
-11.3998,9.06941,-21.0222,6.2753,-27.9546,27.5297,-4.46627,8.54984,0.268354,0.0682424,-11.7704,9.5238,-19.6825,6.88644,-27.9854,27.4969,-4.57436,8.23932,0.382416,-0.0131874,0.034524,0.0444422,-0.422103,0.63344,-2.00942,1.89116,-0.708591,0.567445,-0.178721,-5.13142,-0.0964144,0.137277,-0.657514,0.702555,-2.30884,2.18708,-0.846573,0.81251,0,0,-0.128204,-0.238094,-0.054945,-0.0183144,0.335775,-0.299145,-0.278389,0.151403,0.824177,-0.0109901,
-10.8701,8.91246,-21.3384,6.28001,-28.323,27.5247,-5.00209,8.88963,0.195225,0.116942,-11.4774,9.23077,-20.3663,6.20268,-28.5714,27.2039,-4.95727,8.66325,0.356045,0.0131874,0.0322351,0.0406275,-0.424773,0.63344,-2.0037,1.88735,-0.710116,0.568971,-0.164226,-5.13142,-0.0928175,0.132125,-0.667768,0.703828,-2.30843,2.18769,-0.852238,0.818591,0,0,-0.128204,-0.225885,-0.177046,0.0183144,0.299145,-0.164835,-0.0634918,0.0537243,0.758244,-0.0109901,
-11.1058,8.34883,-20.9393,6.0558,-27.8623,27.5618,-4.89962,9.21146,0.170781,0.177274,-11.4774,8.54701,-20.3663,5.90965,-28.5714,27.2039,-4.99829,8.8,0.356045,0.0395622,0.0307083,0.0379572,-0.429351,0.634203,-1.99874,1.88544,-0.710498,0.568971,-0.150492,-5.13142,-0.0933002,0.128076,-0.671167,0.703321,-2.3012,2.18904,-0.847819,0.8246,0,0,-0.0183144,-0.0793648,-0.274725,0.054945,0.213675,-0.0793648,-0.0244198,-0.00488472,0.626373,-0.0109901,
-11.0733,8.04649,-19.8362,5.81362,-27.4151,27.2016,-4.54198,9.08683,0.148221,0.222396,-11.3797,8.1563,-20.6593,5.32356,-28.1807,27.2039,-4.98462,9.08718,0.32967,0.092308,0.0310898,0.0383387,-0.435073,0.636873,-1.99493,1.88544,-0.710879,0.568971,-0.137903,-5.13104,-0.0917431,0.127948,-0.664632,0.707371,-2.29486,2.18789,-0.838266,0.821138,0,0,0.00610542,0.00610542,-0.274725,0.177046,0.140415,0.00610542,-0.0244198,-0.00488472,0.53846,0.0109901,
-11.2014,7.86125,-17.8346,5.47108,-25.7056,27.9946,-3.80968,9.29726,0.204122,0.29381,-11.2821,7.96092,-19.5849,4.93285,-27.4969,27.0085,-4.65641,9.04615,0.32967,0.171429,0.0314722,0.0383387,-0.441939,0.642977,-1.9934,1.88582,-0.710879,0.568971,-0.129511,-5.13142,-0.0935987,0.125889,-0.650887,0.712924,-2.278,2.19708,-0.816948,0.826984,0,0,-0.0183144,0.00610542,-0.323565,0.274725,0.0305252,0.00610542,-0.00488472,-0.00488472,0.34066,-0.0109901,
-11.2554,7.68804,-16.5424,4.90586,-24.837,28.799,-3.00052,9.179,0.209139,0.343078,-11.1844,7.86325,-18.5104,4.44444,-26.4225,27.3993,-4.24615,9.11453,0.276924,0.197803,0.0314722,0.0383387,-0.447661,0.64908,-1.9934,1.88582,-0.710879,0.568971,-0.123789,-5.13104,-0.0933841,0.123558,-0.642659,0.714782,-2.26957,2.20642,-0.793983,0.823699,0,0,0.00610542,-0.00610542,-0.335775,0.335775,-0.00610542,0.0183144,0.00488472,-0.00488472,0.252747,-0.0109901,
-10.9705,7.77395,-14.1824,5.50289,-24.2734,29.4261,-2.59826,9.06232,0.369241,0.380117,-11.3797,7.66789,-16.8498,4.54213,-25.0549,28.083,-3.54872,9.1282,0.382416,0.276924,0.0310898,0.0383387,-0.453765,0.655565,-1.99378,1.88697,-0.710116,0.568971,-0.123026,-5.13104,-0.0910078,0.124105,-0.620912,0.726273,-2.2645,2.21616,-0.779116,0.820458,0,0,-0.00610542,-0.0183144,-0.286936,0.286936,-0.0305252,0.0671558,0.0634918,-0.00488472,-0.0549469,-0.0109901,
-10.8702,7.7303,-13.1633,6.41744,-24.4048,30.6972,-2.75063,9.10105,0.361318,0.402373,-11.1844,7.57021,-14.7009,5.61661,-24.0781,28.4738,-3.00171,9.00513,0.303295,0.32967,0.0310898,0.0383387,-0.457961,0.658618,-1.99454,1.88964,-0.706683,0.568971,-0.123026,-5.13104,-0.0898941,0.124434,-0.611343,0.73501,-2.26795,2.2354,-0.772589,0.821533,0,0,-0.00610542,0.00610542,-0.213675,0.152626,-0.0671558,0.140415,0.210012,-0.00488472,-0.0109901,-0.0109901,
-10.9724,7.88098,-13.1,7.93357,-24.5982,32.7534,-2.54095,9.52931,0.38927,0.415753,-11.1844,7.57021,-14.5055,6.00732,-23.8828,28.9621,-2.87863,8.99145,0.303295,0.356045,0.0310898,0.0383387,-0.459868,0.659381,-1.9976,1.8946,-0.70325,0.568971,-0.123026,-5.13104,-0.0906227,0.125702,-0.606849,0.746514,-2.27681,2.26646,-0.767238,0.83343,0,0,0.00610542,-0.00610542,-0.0427341,-0.0305252,-0.177046,0.238094,0.131868,-0.00488472,-0.0109901,-0.0109901,
-11.0996,8.20952,-13.179,9.28166,-25.0736,35.4804,-2.50284,9.9358,0.429925,0.423595,-11.0867,7.66789,-13.6264,7.47253,-24.2735,31.5018,-2.68718,9.37436,0.356045,0.356045,0.0310898,0.0383387,-0.458724,0.658999,-2.00294,1.9007,-0.700198,0.568971,-0.123026,-5.13104,-0.092036,0.128945,-0.604954,0.761111,-2.28988,2.3049,-0.76264,0.844721,0,0,0.00610542,-0.0183144,0.00610542,-0.0305252,-0.250305,0.299145,0.141636,-0.00488472,-0.0109901,-0.0109901,
-11.324,8.60545,-12.2125,10.0494,-24.9846,37.2494,-2.18575,10.0062,0.482158,0.433716,-11.2821,7.96092,-13.3333,8.84004,-24.9573,34.1392,-2.60513,9.75726,0.356045,0.382416,0.0314722,0.0383387,-0.458724,0.658618,-2.00637,1.90642,-0.697528,0.568971,-0.123026,-5.13104,-0.0937398,0.133751,-0.595436,0.770481,-2.29151,2.33191,-0.752138,0.846676,0,0,0.0183144,-0.00610542,-0.0305252,0.00610542,-0.225885,0.347986,0.122101,-0.00488472,-0.0109901,-0.0109901,
-11.3904,9.15835,-11.9777,10.3075,-24.767,37.9137,-1.99149,9.75267,0.537811,0.4363,-11.2821,8.05861,-13.138,9.23077,-24.5665,34.823,-2.5641,9.88034,0.382416,0.382416,0.0318537,0.0383387,-0.459105,0.658618,-2.01133,1.91482,-0.695239,0.568971,-0.122644,-5.13104,-0.0945028,0.139895,-0.593209,0.772535,-2.29486,2.35012,-0.744453,0.839634,0,0,0.00610542,-0.00610542,-0.0305252,-0.0183144,-0.250305,0.421246,0.122101,-0.00488472,-0.0109901,-0.0109901,
-11.1917,9.9449,-12.7422,10.1317,-24.3214,37.2314,-2.13845,9.25448,0.597603,0.43076,-11.4774,8.54701,-12.4542,10.0122,-23.9805,36.1905,-2.35897,9.78461,0.46154,0.382416,0.0318537,0.0387201,-0.458724,0.658618,-2.01896,1.92588,-0.691043,0.568971,-0.123026,-5.13104,-0.092295,0.14983,-0.600507,0.770989,-2.30161,2.35767,-0.741897,0.825307,0,0,0.00610542,0.0183144,-0.00610542,-0.00610542,-0.372406,0.543346,0.17094,-0.0146523,-0.0109901,-0.0109901,
-10.4166,10.0311,-13.1027,8.65689,-23.2993,34.5529,-2.1035,8.43929,0.654684,0.427921,-11.5751,9.23077,-12.6496,10.0122,-23.3944,35.9951,-2.37265,9.37436,0.514286,0.382416,0.0322351,0.0398645,-0.458343,0.658618,-2.02621,1.93618,-0.68761,0.568971,-0.122644,-5.13104,-0.0824871,0.152746,-0.604538,0.754602,-2.29954,2.33862,-0.73554,0.803151,0,0,0.0305252,0.0427341,-0.0183144,-0.00610542,-0.433455,0.555555,0.210012,-0.00488472,-0.0109901,-0.0109901,
-8.77693,9.08843,-14.1,6.11089,-21.8148,29.395,-1.89084,7.30788,0.705902,0.424111,-11.1844,9.23077,-13.0403,8.74237,-21.9292,33.2601,-2.4,8.54017,0.567032,0.382416,0.033761,0.0421534,-0.458724,0.658618,-2.03803,1.94915,-0.683414,0.568589,-0.122644,-5.13104,-0.0607079,0.14863,-0.616001,0.726313,-2.29935,2.29387,-0.726901,0.770853,0,0,0.0915756,0.164835,-0.0183144,-0.00610542,-0.567766,0.543346,0.180708,-0.0146523,-0.0109901,-0.0109901,
-5.90219,7.81557,-14.4952,3.35345,-20.9519,20.8192,-2.32657,5.84329,0.756185,0.420763,-10.0122,8.84004,-13.8217,6.5934,-21.0501,28.3761,-2.2906,7.56923,0.619781,0.382416,0.0368128,0.0459681,-0.459868,0.658237,-2.05177,1.96403,-0.678454,0.568208,-0.122644,-5.13104,-0.0228655,0.137488,-0.622757,0.694073,-2.30349,2.21509,-0.731604,0.728812,0,0,0.177046,0.140415,-0.054945,-0.0427341,-0.567766,0.592186,0.229548,-0.0341873,-0.0109901,-0.0109901,
-1.96783,5.43448,-14.5537,-1.67391,-19.8371,7.38052,-2.68175,4.22937,0.796267,0.471066,-7.86325,7.86325,-13.8217,3.85837,-20.6593,20.757,-2.38632,6.05128,0.698902,0.382416,0.0432978,0.0478754,-0.463302,0.657474,-2.06283,1.97738,-0.671969,0.567826,-0.122644,-5.13104,0.0318115,0.111718,-0.631318,0.637857,-2.29932,2.07668,-0.735474,0.684088,0,0,0.311356,0.103785,-0.189255,-0.0305252,-0.482296,0.518925,0.21978,-0.0244198,-0.0109901,-0.0329666,
3.88962,1.05455,-15.9992,-11.0711,-18.7155,-12.6241,-2.53262,2.18349,0.768894,0.578328,-7.47253,7.27716,-13.431,2.6862,-20.3663,15.6777,-2.4547,5.29914,0.725273,0.382416,0.0490198,0.0501642,-0.467879,0.657092,-2.06817,1.98386,-0.669681,0.567826,-0.122644,-5.13104,0.105465,0.066969,-0.656433,0.533062,-2.28772,1.85804,-0.733438,0.627746,0,0,0.396826,0.152626,-0.323565,-0.0305252,-0.347986,0.433455,0.131868,-0.0146523,-0.0329666,-0.0109901,
3.12163,-0.315189,-17.8224,-16.2686,-18.1761,-15.931,-1.89095,2.79833,0.593598,0.772946,-1.61172,3.56532,-14.5055,-7.57021,-19.4872,-3.85837,-2.57778,2.94701,0.725273,0.46154,0.0627527,0.0513086,-0.477417,0.657855,-2.07313,1.98043,-0.667773,0.567063,-0.122644,-5.13104,0.120433,0.045161,-0.689079,0.475668,-2.27936,1.78694,-0.716637,0.643574,0,0,0.689865,-0.0793648,-0.409035,-0.0427341,-0.128204,-0.494505,0.0732594,-0.0244198,-0.0109901,-0.0109901,
-7.35183,3.60926,-16.5402,-9.0964,-18.9718,6.50175,-1.73458,6.32898,0.439126,0.960846,0.732605,0.634918,-17.0452,-14.0171,-19.4872,-10.989,-2.11282,2.38632,0.646152,0.593407,0.078393,0.0482569,-0.484283,0.649843,-2.07275,1.95182,-0.667392,0.567445,-0.122644,-5.13104,0.0294695,0.0812373,-0.682105,0.531475,-2.28171,1.95955,-0.714842,0.743494,0,0,0.982906,-0.213675,-0.421246,-0.518925,0.054945,-1.93529,0.0146523,0.00488472,-0.0109901,-0.0109901,
-8.13426,6.5198,-14.3053,0.146087,-25.1004,20.0055,-3.48783,6.75766,0.478939,0.919141,0.927963,0.732605,-18.5104,-13.431,-21.0501,-3.95604,-1.96239,2.57778,0.540661,0.593407,0.0906,0.0444422,-0.486191,0.64641,-2.06359,1.92855,-0.664721,0.573167,-0.122644,-5.12837,0.00774889,0.110576,-0.641679,0.646609,-2.32478,2.12784,-0.756478,0.782125,0,0,0.225885,-0.189255,0.103785,-0.0427341,0.531136,-0.689865,0.102564,0.424908,-0.0109901,0.186813,
-5.99846,6.72485,-6.08155,15.0395,-26.087,30.7767,-3.9086,6.65414,0.538468,1.06973,-3.95604,4.54213,-15.6777,-3.76068,-26.9109,10.5006,-2.20855,4.87521,0.408791,0.98901,0.0799189,0.0440607,-0.483521,0.64374,-2.04452,1.93771,-0.666629,0.597963,-0.122644,-5.12799,-0.0101332,0.119392,-0.550076,0.807385,-2.30405,2.31162,-0.787655,0.831396,0,0,-0.702076,0.0183144,0.0305252,-0.103785,0.909645,0.958487,-0.249084,0.971916,0.0109901,-0.0329666,
-8.74697,8.92988,-8.99562,24.9925,-31.478,44.7534,-4.07868,11.0386,0.651593,0.972532,-4.83516,7.0818,-12.2589,9.81685,-27.9854,29.8413,-2.82393,7.71966,0.46154,0.936264,0.0673304,0.040246,-0.477036,0.641451,-2.02697,1.93847,-0.67464,0.601778,-0.122644,-5.12799,-0.0504117,0.13153,-0.561317,0.909174,-2.34559,2.43064,-0.814066,0.911582,0,0,-0.616606,-0.238094,0.470085,-0.299145,0.934067,-0.152626,-0.522589,0.0634918,0.0109901,0.0549469,
-14.3581,11.7803,-21.9387,26.5047,-41.8345,53.0292,-5.19982,11.6999,0.798247,0.865206,-6.78877,7.0818,-12.2589,16.4591,-29.5482,39.0232,-3.43932,9.98974,0.540661,0.936264,0.058938,0.0387201,-0.450713,0.647554,-2.01324,1.93885,-0.687228,0.598345,-0.122644,-5.1257,-0.106498,0.170223,-0.654386,0.956093,-2.46484,2.52745,-0.856332,0.913819,0,0,-0.177046,0.0183144,1.20269,0.421246,0.396826,-0.0183144,-0.493284,-0.190475,-0.0109901,0.0769234,
-15.8275,11.8015,-21.1102,28.4376,-34.8325,51.7958,-4.77846,12.8675,1.06485,0.584014,-12.8449,8.35165,-19.4872,25.5434,-38.6325,51.5262,-5.21709,11.9453,0.672527,0.725273,0.0593195,0.0448236,-0.427825,0.657855,-2.01133,1.93618,-0.693713,0.59224,-0.122644,-5.11845,-0.116338,0.1904,-0.632876,0.980137,-2.40344,2.5066,-0.838902,0.935751,0,0,0.00610542,0.433455,0.885225,0.189255,-0.152626,-0.152626,-0.249084,-0.278389,-0.0109901,0.34066,
-16.4905,10.2355,-17.6441,23.4613,-25.5019,47.357,-3.02288,12.423,1.24316,0.512108,-14.7985,9.32845,-19.8779,26.6178,-37.6557,52.6984,-5.4359,11.9453,0.804394,0.725273,0.0577936,0.0551233,-0.427825,0.656329,-2.01591,1.93198,-0.696383,0.588426,-0.122644,-5.11158,-0.128487,0.184521,-0.629365,0.918435,-2.30761,2.45349,-0.787434,0.926426,0,0,-0.0915756,0.470085,-0.164835,0.0427341,-0.250305,-0.140415,-0.141636,-0.141636,-0.0329666,0.274727,
-13.5091,12.0037,-14.2976,14.4295,-21.9711,35.8101,-2.81077,8.92515,1.33239,0.43845,-14.6032,11.7704,-15.6777,20.9524,-26.5201,46.9353,-3.54872,12.1368,1.09451,0.514286,0.0501642,0.0551233,-0.438506,0.673877,-2.02048,1.93389,-0.696383,0.588426,-0.1215,-5.10777,-0.117234,0.185446,-0.617921,0.862898,-2.2697,2.33605,-0.774216,0.836102,0,0,-0.518925,-0.0915756,-0.616606,0.860806,-0.152626,0.128204,0.00488472,-0.00488472,0.0329666,0.20879,
-10.611,9.57598,-10.4065,5.18143,-17.6819,23.9331,-1.95011,6.05154,1.30146,0.303364,-14.0171,11.2821,-12.1612,14.7985,-22.7106,37.1673,-3.08376,9.60684,1.01538,0.408791,0.0417719,0.0551233,-0.455291,0.688373,-2.02277,1.93885,-0.696002,0.588426,-0.11883,-5.10128,-0.091391,0.16132,-0.608159,0.775452,-2.22311,2.21393,-0.747974,0.755791,0,0,-0.457876,-0.00610542,-1.11722,0.885225,-0.115995,0.274725,0.0439568,-0.0146523,0.186813,0.274727,
-8.5135,5.63854,-11.5505,-9.86707,-13.8299,12.4899,0.96053,2.44605,0.952417,0.239649,-12.6496,9.62149,-9.13309,7.57021,-18.022,26.1294,-2.44102,6.92649,0.883518,0.435165,0.0375757,0.058938,-0.48085,0.704776,-2.02697,1.94419,-0.694476,0.587663,-0.108149,-5.09632,-0.0600712,0.127897,-0.648058,0.616509,-2.18776,2.08765,-0.662667,0.65048,0,0,-0.0915756,0.189255,-1.16606,0.641026,-0.213675,0.140415,0.102564,-0.102564,0.604397,0.186813,
-9.83082,6.82884,-13.2065,-16.7801,-15.0444,8.87134,4.97243,-1.97519,0.552396,0.268882,-10.2076,7.57021,-8.84004,-1.7094,-14.5055,14.2124,-0.608547,3.79487,0.698902,0.356045,0.0375757,0.059701,-0.506409,0.707828,-2.03231,1.95029,-0.690661,0.585374,-0.0894556,-5.09556,-0.0714521,0.133338,-0.692016,0.515887,-2.20456,2.05354,-0.538619,0.520495,0,0,0.00610542,-0.0671558,-1.16606,-0.164835,-0.152626,0.140415,0.278389,-0.200245,0.934067,-0.0109901,
-8.13353,7.11575,-10.0933,-11.4482,-20.7335,5.65322,4.44426,-3.99819,0.404952,0.215899,-9.32845,6.78877,-9.62149,-8.35165,-15.0916,8.84004,0.964102,1.52479,0.567032,0.276924,0.0383387,0.0566492,-0.528915,0.693332,-2.03269,1.9583,-0.679599,0.577744,-0.0711451,-5.09556,-0.0518304,0.130219,-0.681153,0.539064,-2.26245,2.0376,-0.522203,0.442508,0,0,0.00610542,-0.164835,-1.20269,-0.811966,0.0183144,0.494505,0.678877,-0.483517,1.02198,0.0109901,
-7.99999,6.86334,-7.14599,-5.5539,-20.1097,5.65702,-0.46883,1.86226,0.414457,0.15628,-8.74237,7.0818,-13.6264,-10.989,-20.0733,4.1514,2.53675,0.11624,0.46154,0.224174,0.0349054,0.0543604,-0.535783,0.671206,-2.02888,1.9728,-0.651751,0.548371,-0.0486383,-5.09556,-0.0570359,0.127567,-0.615793,0.58121,-2.25089,2.0615,-0.59713,0.517317,0,0,-0.0915756,-0.0915756,-0.0183144,-0.848597,0.0427341,0.775335,1.35287,-1.65568,1,0.0109901,
-11.7951,6.32966,-9.96972,-2.79705,-17.3298,8.562,-1.02913,5.13593,0.455013,0.0937539,-9.81685,6.5934,-11.8681,-6.5934,-19.7802,5.81197,2.22222,1.29231,0.46154,0.171429,0.0436792,0.0535975,-0.520142,0.657855,-2.0304,1.98653,-0.634966,0.504501,-0.0265121,-5.09556,-0.0733356,0.123317,-0.603851,0.607851,-2.22642,2.09205,-0.648657,0.55901,0,0,0.421246,-0.0183144,0.811966,-0.567766,-0.103785,0.311356,0.297924,-1.76313,0.956043,-0.0109901,
-11.975,6.91586,-12.0164,2.59427,-18.6973,12.8561,-2.22948,3.85363,0.495588,0.0364172,-9.71918,5.90965,-12.7473,-3.76068,-18.6081,7.57021,1.57949,0.17094,0.435165,0.145054,0.0471125,0.0551233,-0.503738,0.647173,-2.03307,1.98577,-0.640306,0.502975,-0.0104904,-5.09556,-0.0824838,0.135833,-0.602862,0.650968,-2.24632,2.12719,-0.72104,0.621498,0,0,0.103785,0.115995,1.03175,-0.750916,-0.164835,-0.0427341,-0.376068,0.229548,0.89011,-0.0329666,
-10.6584,8.6452,-14.0536,6.19726,-21.7312,16.0663,-2.7312,3.30702,0.526655,0.00335357,-10.3053,7.47253,-13.7241,2.1978,-19.3895,13.2357,-0.17094,1.59316,0.514286,0.0659332,0.040246,0.0535975,-0.477417,0.626192,-2.03307,1.98158,-0.653276,0.518616,0.00743866,-5.09594,-0.0893733,0.142533,-0.600804,0.672055,-2.27311,2.15215,-0.760645,0.651259,0,0,-0.335775,-0.213675,0.982906,-0.689865,0.0427341,-0.238094,-0.630037,0.815628,0.78022,-0.0549469,
-12.0982,9.24968,-13.5056,8.34295,-22.3748,20.4217,-2.6756,4.64728,0.478066,-0.0240703,-10.696,7.66789,-14.6032,4.05373,-21.0501,15.873,-1.21026,2.82393,0.487911,0.0131874,0.0375757,0.0509272,-0.463302,0.618181,-2.03002,1.97204,-0.66701,0.530441,0.022316,-5.09556,-0.101122,0.149428,-0.585078,0.694804,-2.27151,2.17799,-0.78016,0.688592,0,0,-0.128204,-0.128204,0.848597,-0.482296,0.213675,-0.628815,-0.776556,0.581196,0.824177,-0.0109901,
-11.7299,9.29575,-16.1293,6.60878,-24.5508,22.0915,-3.01556,5.59015,0.433436,-0.0433789,-11.2821,9.23077,-14.3101,6.69109,-23.5897,21.4408,-2.4547,4.36923,0.46154,-0.0659332,0.0322351,0.0482569,-0.446898,0.613604,-2.02201,1.95449,-0.684939,0.539598,0.0432978,-5.09594,-0.106441,0.146049,-0.605967,0.685203,-2.28279,2.17492,-0.79923,0.714171,0,0,-0.250305,-0.164835,0.604395,-0.054945,0.360195,-0.750916,-0.6105,0.385836,0.802197,-0.0109901,
-10.9369,9.87138,-18.228,7.98726,-27.8699,24.0869,-5.05835,6.63121,0.384877,-0.0460274,-11.4774,9.81685,-15.58,6.49573,-25.1526,22.6129,-3.27521,4.95726,0.435165,-0.0659332,0.0276566,0.0455866,-0.440032,0.614748,-2.01591,1.94419,-0.691043,0.546082,0.0543604,-5.09556,-0.100987,0.147332,-0.626488,0.705327,-2.31153,2.18761,-0.851821,0.753482,0,0,-0.213675,-0.238094,0.482296,0.054945,0.421246,-0.726496,-0.405373,0.46398,0.78022,-0.0109901,
-10.7457,9.77956,-20.3465,8.63896,-29.2074,25.7451,-6.24607,8.02456,0.337617,-0.00415497,-11.2821,10.0122,-17.0452,7.0818,-27.3016,24.0781,-3.95897,5.73675,0.46154,-0.0659332,0.0238419,0.0394831,-0.43164,0.613222,-2.00637,1.92855,-0.696383,0.554475,0.0707636,-5.09594,-0.102677,0.140615,-0.648554,0.706565,-2.31889,2.19405,-0.880386,0.791787,0,0,-0.213675,-0.225885,0.274725,-0.0793648,0.360195,-0.616606,-0.210012,0.288157,0.736263,-0.0329666,
-10.8696,9.32378,-22.1746,7.05214,-30.3921,26.2474,-5.23682,8.00875,0.294705,0.0270242,-11.0867,10.0122,-19.2918,8.05861,-29.8413,25.8364,-5.01197,7.2,0.382416,-0.0659332,0.0219345,0.0356684,-0.429351,0.614748,-1.99798,1.91711,-0.707065,0.562486,0.0871668,-5.09556,-0.102299,0.132957,-0.675125,0.69453,-2.32285,2.19063,-0.881103,0.802778,0,0,-0.103785,-0.189255,0.0183144,0.0427341,0.384615,-0.543346,-0.571428,0.356533,0.64835,-0.0109901,
-10.9718,9.34867,-21.2459,5.52166,-29.2663,25.3595,-4.25201,7.76825,0.208903,0.0877722,-11.2821,9.71918,-20.757,7.27716,-31.0134,26.2271,-5.47692,7.97949,0.408791,-0.0395622,0.0211716,0.0310898,-0.432021,0.615129,-1.99111,1.90871,-0.715838,0.567826,0.0978489,-5.09556,-0.101348,0.127841,-0.675209,0.676685,-2.30429,2.17604,-0.859102,0.798507,0,0,-0.0183144,-0.213675,-0.213675,0.00610542,0.360195,-0.433455,-0.503052,0.297924,0.626373,-0.0109901,
-10.6119,9.58813,-18.6693,3.94649,-27.7945,22.8206,-3.26785,6.82082,0.147106,0.150499,-10.7937,9.42613,-20.3663,6.20268,-30.7204,25.348,-5.2718,8.18462,0.356045,0.0131874,0.0204086,0.0276566,-0.438125,0.614748,-1.98272,1.90261,-0.72118,0.570497,0.108912,-5.09556,-0.0993327,0.127476,-0.658382,0.658394,-2.27669,2.14783,-0.820501,0.762162,0,0,-0.054945,-0.201466,-0.384615,-0.00610542,0.445665,-0.250305,-0.17094,0.0439568,0.56044,-0.0109901,
-10.1048,9.73057,-16.1924,3.90378,-27.4563,20.9949,-3.35037,6.25914,0.182107,0.1909,-10.5006,9.32845,-18.5104,4.05373,-29.1575,23.0037,-3.8906,7.1453,0.303295,0.0659332,0.0177383,0.0249863,-0.448424,0.616274,-1.97242,1.89956,-0.72118,0.570497,0.118448,-5.09556,-0.0979963,0.129644,-0.643196,0.663109,-2.26182,2.12856,-0.81449,0.744117,0,0,-0.103785,-0.103785,-0.445665,0.103785,0.470085,-0.128204,-0.00488472,-0.00488472,0.362637,-0.0109901,
-10.4601,9.24978,-16.4765,3.72609,-26.8316,20.6213,-3.54503,6.40301,0.110286,0.2376,-10.5006,9.23077,-17.0452,3.46764,-27.4969,20.9524,-3.41197,6.29744,0.250549,0.145054,0.0162125,0.0246048,-0.454909,0.618181,-1.96555,1.89879,-0.72118,0.570497,0.123789,-5.09556,-0.100621,0.127584,-0.645105,0.662635,-2.25534,2.12609,-0.819897,0.748114,0,0,-0.0183144,0.00610542,-0.213675,0.0915756,0.250305,-0.054945,-0.00488472,-0.00488472,0.384617,-0.0329666,
-10.7101,8.55025,-18.7459,3.50972,-26.6259,21.9724,-3.87764,7.26454,0.167052,0.262656,-10.5006,8.74237,-17.1429,3.85837,-26.6178,20.8547,-3.49402,6.25641,0.276924,0.171429,0.0165939,0.0261307,-0.454528,0.619326,-1.96441,1.89651,-0.72118,0.570497,0.129511,-5.09556,-0.103017,0.124186,-0.661798,0.658526,-2.26005,2.13718,-0.829136,0.772045,0,0,-0.0183144,0.0915756,0.0305252,0.00610542,0.00610542,-0.103785,-0.00488472,-0.00488472,0.164837,-0.0109901,
-10.4474,8.84435,-18.6993,4.34935,-26.947,23.5477,-3.78072,7.82282,0.201362,0.304008,-10.7937,8.93773,-18.4127,3.46764,-26.7155,21.8315,-3.86325,7.00855,0.250549,0.197803,0.0162125,0.0261307,-0.454528,0.618944,-1.96479,1.89422,-0.72118,0.570497,0.129129,-5.09556,-0.100073,0.121756,-0.662908,0.667067,-2.26481,2.1524,-0.826933,0.788041,0,0,-0.00610542,-0.0793648,-0.0183144,-0.00610542,-0.0183144,-0.103785,-0.0146523,0.00488472,0.0109901,-0.0109901,
-10.2421,8.81204,-16.886,6.23673,-27.4164,24.9689,-3.669,7.94979,0.199953,0.340342,-10.7937,8.74237,-18.9011,3.85837,-27.2039,22.906,-3.84957,7.44616,0.197803,0.224174,0.0162125,0.0253677,-0.454528,0.618944,-1.96441,1.89307,-0.72118,0.570878,0.129129,-5.09556,-0.0973852,0.122262,-0.642353,0.688038,-2.26883,2.16989,-0.823341,0.792926,0,0,0.00610542,-0.0305252,-0.00610542,-0.00610542,0.00610542,-0.0183144,-0.00488472,0.0244198,-0.0109901,-0.0109901,
-10.3514,8.68468,-15.8241,6.66808,-26.8668,26.46,-3.13174,7.91651,0.204067,0.376314,-10.5006,8.74237,-17.9243,5.1282,-27.3993,24.2735,-3.7265,7.63761,0.171429,0.276924,0.0162125,0.0246048,-0.454528,0.618563,-1.96479,1.89345,-0.72118,0.573167,0.129129,-5.09556,-0.0994136,0.120084,-0.630555,0.692042,-2.26392,2.18725,-0.808417,0.798198,0,0,-0.0183144,-0.0305252,-0.00610542,-0.0183144,-0.0183144,-0.00610542,-0.00488472,0.102564,-0.0329666,-0.0109901,
-10.3224,8.50554,-15.7406,6.2917,-27.2469,27.715,-2.71716,8.12207,0.187384,0.400747,-10.4029,8.64468,-16.6544,5.90965,-27.1062,25.5434,-3.43932,7.85641,0.171429,0.303295,0.0162125,0.0238419,-0.454528,0.620089,-1.96555,1.89345,-0.72118,0.575074,0.129129,-5.09556,-0.0986846,0.117737,-0.630441,0.691421,-2.26972,2.20201,-0.796412,0.802885,0,0,-0.00610542,-0.0183144,-0.0305252,0.0427341,-0.0427341,0.0183144,0.00488472,0.0439568,-0.0109901,-0.0109901,
-10.0854,8.37892,-16.1488,6.08903,-27.8428,29.0986,-2.57341,8.43846,0.190706,0.413562,-10.5006,8.44933,-15.9707,6.10501,-27.1062,27.2039,-2.91966,8.10257,0.171429,0.32967,0.0162125,0.0238419,-0.454528,0.621614,-1.96746,1.89422,-0.720798,0.575074,0.129129,-5.09556,-0.096051,0.115924,-0.633755,0.691102,-2.2811,2.21896,-0.791061,0.80972,0,0,-0.00610542,-0.0305252,0.00610542,0.054945,-0.128204,0.0427341,0.0244198,0.00488472,-0.0109901,-0.0109901,
-9.85215,8.18261,-16.4956,6.1801,-28.6182,30.3482,-2.43439,8.61952,0.187137,0.419393,-10.5006,8.35165,-16.0684,6.10501,-27.3016,27.9854,-2.6735,8.17094,0.145054,0.356045,0.0162125,0.0238419,-0.454528,0.621233,-1.96975,1.89498,-0.720036,0.575456,0.129129,-5.09556,-0.0926454,0.114556,-0.638016,0.689697,-2.29241,2.23442,-0.786925,0.815619,0,0,0.0183144,-0.00610542,-0.00610542,-0.00610542,-0.140415,0.0671558,0.0146523,0.0146523,0.0109901,-0.0109901,
-9.37256,8.37422,-15.7615,6.66901,-28.8365,30.4984,-2.40146,8.52189,0.22802,0.419187,-10.2076,8.1563,-16.5568,6.10501,-28.4738,29.1575,-2.68718,8.54017,0.145054,0.382416,0.0162125,0.0234604,-0.454146,0.621233,-1.97356,1.89956,-0.719273,0.575456,0.129129,-5.09556,-0.0873166,0.115897,-0.629478,0.694723,-2.29987,2.24759,-0.782805,0.811931,0,0,0.0183144,-0.0183144,-0.00610542,-0.0183144,-0.177046,0.274725,0.0634918,-0.00488472,-0.0109901,-0.0109901,
-8.86226,8.48378,-14.8723,6.92516,-28.6382,30.367,-2.28439,8.2062,0.285552,0.414787,-9.81685,8.1563,-16.1661,6.49573,-28.4738,29.5482,-2.48205,8.47179,0.171429,0.382416,0.0165939,0.0226974,-0.454146,0.62047,-1.97623,1.90452,-0.717746,0.575456,0.129129,-5.09556,-0.0820791,0.115944,-0.619191,0.696806,-2.30075,2.25353,-0.778026,0.803161,0,0,-0.00610542,-0.0305252,0.00610542,-0.0183144,-0.189255,0.347986,0.0634918,-0.00488472,-0.0329666,-0.0109901,
-8.67545,8.07119,-14.9192,5.5128,-26.9499,28.8412,-1.75607,7.65266,0.314613,0.415602,-9.5238,8.1563,-15.3846,6.88644,-27.8877,29.5482,-2.46838,8.21197,0.197803,0.382416,0.0181198,0.0230789,-0.453765,0.619707,-1.98272,1.91215,-0.715838,0.575456,0.129129,-5.09556,-0.0760356,0.112962,-0.619331,0.679536,-2.29376,2.24461,-0.760467,0.787785,0,0,0.0671558,0.00610542,0.00610542,-0.0427341,-0.347986,0.360195,0.0830288,-0.00488472,-0.0109901,-0.0109901,
-8.06936,7.56676,-14.2827,4.14861,-25.557,26.2414,-1.32465,6.79624,0.354704,0.414867,-9.42613,7.96092,-15.0916,6.20268,-26.6178,28.4738,-2.15385,7.76068,0.250549,0.382416,0.0204086,0.0238419,-0.453383,0.618944,-1.99035,1.92016,-0.71355,0.575456,0.129129,-5.09556,-0.0661984,0.108934,-0.611876,0.663615,-2.28754,2.22455,-0.74424,0.763996,0,0,0.0915756,0.0305252,0.00610542,-0.0427341,-0.396826,0.384615,0.122101,-0.00488472,-0.0109901,-0.0109901,
-7.41539,7.27224,-12.4669,3.75,-23.6121,23.982,-1.21009,6.16528,0.421194,0.415397,-8.84004,7.66789,-14.7985,4.73749,-25.4457,25.9341,-1.89402,7.0906,0.276924,0.356045,0.0226974,0.0238419,-0.453765,0.618181,-1.99836,1.92855,-0.709735,0.575456,0.129129,-5.09556,-0.0574573,0.105255,-0.59249,0.658423,-2.27435,2.20865,-0.732848,0.745492,0,0,0.0671558,0.0183144,-0.00610542,-0.0427341,-0.409035,0.409035,0.210012,-0.0244198,-0.0549469,-0.0109901,
-7.07551,6.77497,-11.0765,3.22016,-21.5559,22.0608,-0.740315,5.48799,0.435496,0.413252,-8.25397,7.17949,-13.2357,3.85837,-23.3944,23.3944,-1.41538,6.39316,0.32967,0.356045,0.0253677,0.0242233,-0.453765,0.617037,-2.00599,1.93618,-0.70592,0.575456,0.129129,-5.09556,-0.0506036,0.0997043,-0.576227,0.650985,-2.25913,2.19453,-0.716472,0.727167,0,0,0.0793648,0.00610542,0.0183144,-0.054945,-0.409035,0.396826,0.200245,-0.0146523,-0.0109901,-0.0109901,
-6.72421,6.4336,-10.0418,3.13409,-20.3319,20.5797,-0.30405,5.05134,0.46735,0.403367,-7.37485,6.78877,-11.9658,3.46764,-21.4408,21.5385,-0.936752,5.58633,0.382416,0.382416,0.0268936,0.0246048,-0.453383,0.615511,-2.01438,1.94495,-0.702868,0.574693,0.129129,-5.09556,-0.0451743,0.0962927,-0.564756,0.646875,-2.25189,2.18644,-0.705209,0.714275,0,0,0.0793648,0.00610542,0.00610542,-0.103785,-0.347986,0.384615,0.122101,-0.0146523,-0.0109901,-0.0109901,
-6.48936,6.23734,-9.23244,3.51717,-19.231,20.3522,-0.268635,4.87445,0.514154,0.383099,-6.69109,6.39804,-11.0867,3.07692,-20.464,20.5617,-0.704273,5.18974,0.408791,0.382416,0.0268936,0.0249863,-0.450713,0.615129,-2.0201,1.95068,-0.699435,0.574311,0.129129,-5.09556,-0.0445999,0.0949006,-0.547801,0.652378,-2.24294,2.18475,-0.697862,0.707026,0,0,0.0183144,0.0183144,0.164835,-0.054945,-0.274725,0.238094,0.180708,-0.0537243,-0.0329666,-0.0109901,
-6.44876,6.21254,-9.25595,4.27654,-18.7666,20.504,0.046637,4.91422,0.532998,0.352792,-6.49573,6.20268,-10.0122,3.76068,-19.3895,20.1709,-0.348719,5.02564,0.435165,0.356045,0.0268936,0.0249863,-0.44728,0.611315,-2.02544,1.95525,-0.697146,0.572404,0.129129,-5.09556,-0.0453697,0.093811,-0.543408,0.653744,-2.24027,2.18735,-0.6917,0.703782,0,0,-0.0183144,-0.00610542,0.201466,-0.152626,-0.189255,0.128204,0.0830288,-0.102564,-0.0109901,-0.0109901,
-6.50329,6.32542,-9.84124,4.87341,-19.1762,21.1482,-0.188479,5.4334,0.568913,0.307428,-6.5934,6.10501,-10.0122,3.95604,-18.9988,20.5617,0.0615387,4.92992,0.487911,0.32967,0.0268936,0.0246048,-0.441176,0.609789,-2.0285,1.95678,-0.696765,0.568589,0.129129,-5.09556,-0.0459756,0.0938698,-0.540959,0.662106,-2.24502,2.19237,-0.702245,0.712435,0,0,-0.0183144,-0.0305252,0.286936,-0.054945,-0.103785,0.0183144,-0.00488472,-0.141636,-0.0109901,-0.0109901,
-6.57967,6.42055,-10.2764,5.86362,-19.4706,21.822,-0.581288,5.62398,0.608226,0.250227,-6.69109,6.30037,-10.4029,4.93285,-19.4872,21.1477,-0.0205135,4.91624,0.514286,0.32967,0.0268936,0.0238419,-0.43698,0.607882,-2.02888,1.95602,-0.696765,0.568208,0.129129,-5.09556,-0.0460103,0.0929428,-0.541191,0.668759,-2.24583,2.19746,-0.713644,0.723208,0,0,0.00610542,-0.0671558,0.299145,-0.128204,-0.0183144,-0.0305252,-0.0146523,-0.0244198,-0.0109901,0.0109901,
-6.65933,6.15873,-11.7039,6.85296,-20.6106,22.3045,-1.24555,5.92938,0.65534,0.212181,-6.69109,6.10501,-11.1844,6.10501,-19.9756,21.8315,-0.389744,5.39487,0.540661,0.250549,0.0268936,0.0234604,-0.428969,0.603304,-2.02811,1.95487,-0.697146,0.568208,0.129511,-5.09556,-0.0473025,0.0920942,-0.547821,0.672325,-2.25448,2.20005,-0.732478,0.732669,0,0,-0.00610542,0.00610542,0.335775,-0.213675,0.0793648,-0.0793648,-0.0146523,-0.00488472,-0.0109901,-0.0109901,
-6.63688,6.1644,-12.9908,7.29609,-21.7219,22.3184,-1.59956,6.20036,0.693421,0.16572,-6.78877,6.10501,-12.0635,6.69109,-20.9524,22.2222,-0.567522,5.75043,0.593407,0.224174,0.0268936,0.0234604,-0.42134,0.599108,-2.02583,1.95296,-0.699435,0.568589,0.129511,-5.09556,-0.047053,0.0913433,-0.554897,0.673867,-2.26372,2.19871,-0.752903,0.741554,0,0,-0.00610542,-0.0183144,0.323565,-0.189255,0.103785,-0.0671558,-0.180708,0.0146523,0.0109901,-0.0109901,
-6.72103,5.91356,-14.3331,6.79712,-22.5182,21.8267,-1.53931,6.16456,0.752293,0.128487,-6.98413,5.90965,-12.9426,7.0818,-22.2222,22.4176,-0.841026,5.90086,0.646152,0.145054,0.0272751,0.0234604,-0.415999,0.596056,-2.02354,1.95182,-0.703631,0.568971,0.129511,-5.09556,-0.0463855,0.0889631,-0.566506,0.665678,-2.26906,2.19129,-0.761775,0.741429,0,0,0.0305252,-0.00610542,0.262516,-0.177046,0.140415,-0.0915756,-0.307692,0.0244198,-0.0109901,-0.0109901,
-7.13927,5.86562,-15.1269,5.54718,-22.8479,21.542,-0.929579,5.65762,0.787129,0.100494,-7.0818,5.81197,-13.5287,6.88644,-22.7106,22.5153,-1.14188,6.03761,0.672527,0.145054,0.0284195,0.0234604,-0.412948,0.59453,-2.01972,1.948,-0.711642,0.570878,0.129511,-5.09556,-0.0482603,0.0884305,-0.576751,0.653113,-2.2685,2.18105,-0.754314,0.73072,0,0,0.0793648,-0.00610542,0.128204,-0.0915756,0.152626,-0.189255,-0.336996,0.0537243,-0.0109901,-0.0109901,
-7.24448,6.01411,-15.1584,4.10684,-23.1361,20.5482,-0.536275,4.69594,0.801545,0.0764765,-7.0818,5.71428,-14.6032,5.51892,-23.4921,21.8315,-1.41538,5.62735,0.725273,0.092308,0.0291824,0.0234604,-0.413329,0.593385,-2.01514,1.94381,-0.715838,0.572404,0.129511,-5.09556,-0.0515153,0.0900803,-0.583181,0.637592,-2.26428,2.165,-0.734886,0.705533,0,0,-0.00610542,-0.00610542,-0.0427341,-0.0427341,0.238094,-0.213675,-0.0830288,0.0537243,0.0109901,-0.0109901,
-7.8589,6.4798,-15.0874,3.74818,-22.9426,19.4799,-0.0321638,3.96647,0.829285,0.0536236,-7.27716,5.81197,-15.2869,4.24908,-23.5897,20.5617,-0.649572,4.75214,0.751648,0.0659332,0.0291824,0.0234604,-0.414092,0.593003,-2.01057,1.93999,-0.718127,0.57393,0.129511,-5.09556,-0.0583422,0.0952546,-0.582341,0.633632,-2.25877,2.15094,-0.725126,0.686307,0,0,-0.00610542,-0.00610542,-0.0183144,-0.0305252,0.201466,-0.164835,-0.122101,0.0439568,0.0109901,-0.0109901,
-8.40158,6.83264,-15.5133,3.72273,-23.1389,18.574,0.108995,3.65744,0.858435,0.0317732,-7.76556,6.10501,-15.2869,4.1514,-23.2967,19.1941,-0.266666,4.1094,0.778023,0.0131874,0.028801,0.0234604,-0.414474,0.591477,-2.00751,1.93847,-0.720036,0.57393,0.129511,-5.09556,-0.0647534,0.0995821,-0.587454,0.628568,-2.25831,2.14098,-0.722624,0.676258,0,0,-0.00610542,0.00610542,-0.0183144,-0.128204,0.189255,-0.115995,-0.112331,0.0146523,0.0109901,-0.0109901,
-8.88914,7.4268,-14.966,5.03944,-23.5242,18.1187,-0.635929,3.79311,0.892774,0.0157312,-8.25397,6.49573,-15.58,4.05373,-23.7851,18.4127,-0.143589,3.68547,0.804394,-0.0131874,0.0284195,0.0238419,-0.414474,0.587663,-2.00256,1.93732,-0.720417,0.574311,0.129511,-5.09556,-0.0713662,0.106565,-0.580965,0.637755,-2.25681,2.13722,-0.738326,0.679431,0,0,-0.0305252,0.00610542,-0.00610542,-0.177046,0.213675,-0.0427341,-0.00488472,-0.00488472,0.0109901,-0.0109901,
-9.38367,7.99852,-14.5461,5.9981,-23.2511,18.5341,-0.977871,3.75744,0.922439,0.0041389,-8.64468,7.0818,-15.2869,4.54213,-24.0781,18.315,-0.348719,3.53504,0.830769,-0.0131874,0.0268936,0.0238419,-0.414092,0.584611,-1.99798,1.93542,-0.72118,0.575456,0.129511,-5.09556,-0.0804219,0.112104,-0.575512,0.64739,-2.24961,2.13789,-0.751029,0.684957,0,0,-0.0915756,-0.0183144,0.00610542,-0.115995,0.201466,-0.103785,-0.0537243,0.102564,0.0109901,-0.0109901,
-10.1236,8.33228,-14.8526,6.27109,-23.0556,19.0748,-1.16904,4.08084,0.952701,-0.00874758,-9.23077,7.47253,-14.7985,5.22589,-23.4921,18.6081,-0.48547,3.67179,0.883518,-0.0395622,0.0253677,0.0242233,-0.414092,0.583848,-1.99531,1.93313,-0.723087,0.576982,0.129511,-5.09556,-0.0889487,0.116601,-0.579325,0.651695,-2.24558,2.13917,-0.763131,0.695466,0,0,-0.054945,-0.00610542,-0.00610542,-0.054945,0.177046,-0.177046,-0.151403,0.102564,-0.0109901,-0.0109901,
-10.2511,8.73952,-15.0702,6.19102,-23.3031,19.2426,-0.871983,3.92616,0.96612,-0.0214276,-9.81685,8.1563,-14.9939,5.81197,-23.4921,19.3895,-0.690598,3.71282,0.909889,-0.0395622,0.0242233,0.0238419,-0.414474,0.584611,-1.99149,1.92855,-0.728428,0.580033,0.129511,-5.09556,-0.0939511,0.120744,-0.583345,0.654418,-2.24452,2.13483,-0.766081,0.697152,0,0,-0.128204,-0.00610542,-0.0427341,0.0305252,0.177046,-0.225885,-0.26862,0.161173,-0.0109901,-0.0109901,
-10.2902,9.13892,-15.5442,6.5369,-23.6136,19.7982,-1.3715,4.09257,0.969801,-0.0324703,-9.71918,8.44933,-15.1893,5.90965,-23.8828,19.5849,-1.1282,3.91795,0.909889,-0.0395622,0.0204086,0.0238419,-0.414474,0.584992,-1.98768,1.92359,-0.733006,0.583848,0.129511,-5.09556,-0.100235,0.125182,-0.586984,0.659049,-2.24334,2.13441,-0.778185,0.704124,0,0,-0.189255,-0.00610542,0.00610542,0.0427341,0.201466,-0.274725,-0.141636,0.131868,-0.0109901,-0.0109901,
-10.2526,9.42256,-16.1679,6.19348,-23.8783,19.9272,-2.06965,4.4572,0.967466,-0.0397127,-10.0122,8.84004,-15.58,6.10501,-24.1758,19.9756,-1.36068,3.87692,0.909889,-0.0659332,0.015831,0.0238419,-0.414474,0.586518,-1.98463,1.91863,-0.733768,0.585374,0.129511,-5.09556,-0.104802,0.127926,-0.59432,0.65798,-2.24445,2.13089,-0.793457,0.714313,0,0,-0.201466,-0.0183144,-0.00610542,0.0793648,0.164835,-0.274725,-0.0439568,0.102564,-0.0109901,-0.0109901,
-10.5861,9.6159,-17.5217,5.578,-24.8541,20.0786,-2.07833,4.40406,0.945078,-0.0408922,-10.1099,9.03542,-15.7753,5.90965,-24.2735,20.3663,-1.36068,3.8906,0.909889,-0.0659332,0.0139236,0.0234604,-0.414474,0.588426,-1.98081,1.91329,-0.736439,0.588807,0.129511,-5.09556,-0.107566,0.129693,-0.609362,0.653456,-2.25107,2.12642,-0.802229,0.720177,0,0,-0.115995,-0.0183144,-0.00610542,0.0915756,0.177046,-0.299145,-0.161173,0.180708,0.0109901,-0.0109901,
-10.6538,9.80979,-18.3564,5.11706,-25.9463,20.0842,-2.04844,4.41869,0.942862,-0.0317662,-10.7937,9.32845,-17.1429,5.42125,-25.4457,20.3663,-1.90769,4.24615,0.909889,-0.0659332,0.0123978,0.0234604,-0.415236,0.590714,-1.97585,1.90566,-0.741398,0.592622,0.129511,-5.09556,-0.108216,0.131848,-0.622249,0.649402,-2.25743,2.11925,-0.807823,0.722933,0,0,-0.0671558,-0.0183144,-0.0915756,0.054945,0.201466,-0.286936,-0.190475,0.151403,-0.0109901,-0.0109901,
-10.5031,9.99741,-18.407,4.75874,-26.3058,19.6661,-2.05216,4.11923,0.912217,-0.010442,-10.8913,9.5238,-17.9243,5.03052,-26.7155,20.1709,-2.07179,4.28718,0.909889,-0.0659332,0.0108719,0.0234604,-0.417144,0.591477,-1.97204,1.90223,-0.743305,0.595293,0.129511,-5.09556,-0.109289,0.133932,-0.626347,0.646998,-2.25557,2.11199,-0.805926,0.717286,0,0,-0.103785,-0.0183144,-0.140415,0.0793648,0.262516,-0.262516,-0.112331,0.151403,0.0109901,-0.0109901,
-11.0681,10.1729,-18.8456,4.10238,-26.6317,18.8637,-1.13304,3.86941,0.902584,0.019977,-10.8913,9.81685,-18.1197,4.83516,-27.0085,19.7802,-1.88034,4.23248,0.909889,-0.0659332,0.0108719,0.0230789,-0.42134,0.59224,-1.96441,1.89651,-0.746738,0.5972,0.129511,-5.09556,-0.11231,0.135501,-0.635823,0.638026,-2.25075,2.1002,-0.786759,0.706882,0,0,-0.00610542,-0.0183144,-0.152626,0.00610542,0.286936,-0.177046,-0.17094,0.0439568,-0.0109901,-0.0109901,
-11.1287,10.283,-19.0466,3.87562,-26.8226,18.7375,-1.21502,3.74267,0.874757,0.0508,-11.0867,9.81685,-18.8034,3.95604,-26.9109,18.9988,-1.49744,3.82222,0.883518,-0.0395622,0.0108719,0.0234604,-0.42401,0.592622,-1.96136,1.89422,-0.749027,0.598726,0.129511,-5.09556,-0.113391,0.13792,-0.640319,0.637516,-2.25226,2.09692,-0.787906,0.706841,0,0,-0.0183144,0.00610542,-0.140415,0.054945,0.213675,-0.164835,-0.102564,0.0830288,-0.0109901,-0.0109901,
-11.5097,10.4051,-19.3487,3.40618,-26.1949,18.59,-1.07008,3.56205,0.843954,0.0932915,-11.2821,10.0122,-18.9988,3.66301,-27.1062,19.0965,-1.33333,3.54872,0.857143,-0.0131874,0.0108719,0.0234604,-0.425536,0.594149,-1.9564,1.88964,-0.749409,0.600252,0.129511,-5.09556,-0.11681,0.138462,-0.64276,0.633013,-2.24277,2.0907,-0.780354,0.704326,0,0,0.00610542,-0.0183144,-0.0671558,0.0305252,0.140415,-0.164835,-0.0244198,0.102564,-0.0109901,-0.0109901,
-11.6952,10.6019,-19.218,3.56004,-26.0552,18.7991,-0.370448,3.3736,0.793851,0.139084,-11.4774,10.2076,-19.2918,3.36996,-26.7155,18.7057,-0.964102,3.53504,0.830769,0.0395622,0.0108719,0.0234604,-0.427825,0.59453,-1.95335,1.88582,-0.751698,0.602922,0.129511,-5.09556,-0.119278,0.141056,-0.644411,0.63429,-2.23817,2.0888,-0.768093,0.699808,0,0,-0.00610542,-0.00610542,-0.0915756,0.00610542,0.140415,-0.177046,-0.122101,0.0634918,0.0109901,-0.0109901,
-11.801,10.627,-18.8541,3.55622,-25.7608,18.9576,-0.54679,3.48692,0.762221,0.185144,-11.6728,10.3053,-19.2918,3.27228,-26.3248,18.8034,-0.909401,3.38461,0.778023,0.0659332,0.0108719,0.0234604,-0.429732,0.595293,-1.95144,1.88392,-0.75246,0.604067,0.129511,-5.09556,-0.120454,0.141334,-0.642274,0.636231,-2.23421,2.08947,-0.768382,0.7041,0,0,-0.00610542,-0.00610542,-0.0915756,0.0427341,0.103785,-0.152626,-0.0146523,0.0634918,-0.0109901,-0.0109901,
-11.8662,10.5953,-18.3982,3.65661,-25.3063,19.2364,-0.288053,3.20657,0.718379,0.235082,-11.8681,10.4029,-18.9011,3.27228,-26.0318,18.8034,-0.581196,3.16581,0.725273,0.118683,0.0108719,0.0234604,-0.430877,0.596819,-1.94953,1.88087,-0.75246,0.605974,0.129511,-5.09556,-0.121178,0.141389,-0.639168,0.638465,-2.22807,2.08952,-0.760706,0.701151,0,0,-0.00610542,0.00610542,-0.115995,0.0305252,0.0793648,-0.152626,-0.00488472,0.122101,-0.0109901,-0.0109901,
-11.8313,10.5345,-18.3633,3.37818,-24.7582,19.0805,0.3137,2.83446,0.669781,0.2863,-11.9658,10.4029,-18.5104,3.27228,-25.8364,19.0965,-0.471794,3.09743,0.725273,0.145054,0.0108719,0.0234604,-0.432403,0.596819,-1.94877,1.87972,-0.752842,0.608644,0.129511,-5.09556,-0.121605,0.1399,-0.639491,0.634151,-2.22284,2.08786,-0.746326,0.696415,0,0,-0.0305252,-0.0183144,-0.0915756,-0.00610542,0.0305252,-0.115995,-0.0439568,0.180708,-0.0109901,-0.0109901,
-11.7415,10.4872,-17.6436,3.03722,-24.4597,19.0388,0.7571,2.82172,0.624233,0.332797,-12.0635,10.4029,-18.4127,2.97925,-25.0549,19.0965,-0.102564,3.12479,0.672527,0.197803,0.0104904,0.0234604,-0.434691,0.599108,-1.94762,1.87705,-0.753223,0.609789,0.129511,-5.09556,-0.120581,0.139781,-0.633377,0.635907,-2.21838,2.08513,-0.731949,0.688414,0,0,-0.0183144,-0.00610542,-0.0793648,0.0915756,0.0305252,-0.103785,0.00488472,0.00488472,-0.0109901,-0.0109901,
-11.5961,10.2157,-18.3549,2.67735,-24.9798,19.5115,0.725726,2.81778,0.56998,0.373429,-11.9658,10.3053,-17.9243,2.97925,-24.5665,18.9011,0.471794,2.7282,0.593407,0.276924,0.0104904,0.0234604,-0.436217,0.599871,-1.94762,1.87552,-0.752842,0.611315,0.129511,-5.09556,-0.118558,0.136765,-0.6424,0.630229,-2.22538,2.09049,-0.73195,0.693738,0,0,-0.00610542,-0.00610542,-0.0671558,0.0183144,-0.00610542,-0.054945,0.0146523,0.0830288,-0.0109901,-0.0109901,
-11.2615,9.94939,-18.5988,2.71964,-25.7255,20.04,0.518095,2.96215,0.521257,0.408965,-11.8681,10.1099,-18.315,2.78389,-25.0549,19.2918,0.581196,2.65983,0.567032,0.303295,0.0104904,0.0234604,-0.436217,0.600252,-1.94762,1.87476,-0.75246,0.612459,0.129511,-5.09556,-0.114434,0.134213,-0.643482,0.630674,-2.23367,2.0956,-0.73636,0.698404,0,0,0.00610542,0.00610542,-0.0183144,0.00610542,-0.00610542,-0.054945,0.0341873,0.0732594,-0.0109901,-0.0109901,
-10.9112,9.70377,-18.7677,2.85572,-26.354,20.6506,0.507447,2.89422,0.476636,0.440659,-11.5751,9.91454,-18.7057,2.6862,-25.7387,19.7802,0.48547,2.70086,0.514286,0.356045,0.0108719,0.0234604,-0.436599,0.599489,-1.94762,1.87438,-0.751698,0.615129,0.129511,-5.09556,-0.11016,0.13067,-0.644925,0.629795,-2.24065,2.10281,-0.737846,0.70163,0,0,0.00610542,-0.0183144,0.00610542,-0.0427341,-0.00610542,-0.0305252,-0.00488472,0.122101,-0.0109901,-0.0109901,
-10.509,9.31795,-19.097,2.52961,-27.2622,21.3863,0.30149,3.33231,0.43612,0.465046,-11.1844,9.62149,-18.9011,2.6862,-26.4225,20.3663,0.444445,2.97436,0.46154,0.382416,0.0108719,0.0234604,-0.436599,0.599108,-1.948,1.874,-0.751698,0.615892,0.129511,-5.09556,-0.105285,0.126383,-0.649398,0.626604,-2.25153,2.11101,-0.743079,0.709189,0,0,0.0183144,-0.0183144,-0.0183144,-0.0183144,-0.0183144,-0.0183144,0.00488472,0.0146523,-0.0109901,-0.0109901,
-9.98374,8.92481,-18.9568,2.76285,-27.951,22.0933,0.231417,3.35819,0.396622,0.482413,-11.0867,9.42613,-18.9988,2.58852,-26.9109,20.8547,0.444445,3.00171,0.435165,0.408791,0.0112534,0.0234604,-0.436599,0.599108,-1.948,1.87362,-0.751698,0.616655,0.129511,-5.09556,-0.0994735,0.122828,-0.647434,0.628789,-2.25959,2.1193,-0.746002,0.712136,0,0,0.00610542,0.00610542,-0.00610542,-0.0305252,-0.0305252,0.00610542,-0.0146523,0.0439568,0.0109901,-0.0109901,
-9.57484,8.54652,-18.9807,2.74809,-28.4005,22.9327,0.15158,3.43696,0.390309,0.478863,-10.5006,9.03542,-19.1941,2.49084,-27.79,21.7338,0.307692,3.23419,0.408791,0.435165,0.0116348,0.0234604,-0.436599,0.598726,-1.94877,1.874,-0.752079,0.618181,0.129511,-5.09556,-0.0941418,0.118218,-0.647292,0.629464,-2.26575,2.12901,-0.748601,0.717315,0,0,0.0183144,-0.00610542,0.00610542,0.00610542,-0.0427341,0.00610542,-0.0146523,0.0732594,-0.0109901,0.0109901,
-9.15963,8.25303,-18.8846,2.93382,-28.5987,23.8572,-0.0467721,3.7889,0.382429,0.491957,-9.91454,8.64468,-19.1941,2.58852,-28.1807,22.6129,0.129915,3.38461,0.356045,0.435165,0.0120163,0.0230789,-0.436599,0.599108,-1.95029,1.874,-0.752079,0.619326,0.129511,-5.09556,-0.0887399,0.114169,-0.646632,0.631502,-2.2707,2.13928,-0.753622,0.725794,0,0,0.0305252,-0.0183144,-0.00610542,-0.00610542,-0.0793648,0.00610542,-0.00488472,0.0244198,-0.0109901,-0.0109901,
-8.74851,8.00229,-17.937,3.68445,-28.1666,24.5835,-0.0537738,3.82018,0.388769,0.48874,-9.62149,8.25397,-19.0965,2.6862,-28.4738,23.2967,0.00683784,3.63077,0.356045,0.46154,0.0123978,0.0230789,-0.436217,0.599108,-1.9522,1.87476,-0.752079,0.62047,0.129511,-5.09556,-0.0833834,0.111383,-0.635721,0.639843,-2.26944,2.14893,-0.753817,0.729272,0,0,0.0427341,-0.0183144,-0.00610542,-0.00610542,-0.128204,0.0305252,-0.00488472,0.0537243,-0.0109901,-0.0109901,
-8.52079,8.16602,-16.7773,4.35289,-27.7168,24.7974,0.15979,3.94667,0.404166,0.480259,-9.32845,8.44933,-18.4127,3.17461,-28.1807,23.8828,-0.102564,3.8359,0.356045,0.435165,0.0143051,0.0207901,-0.436217,0.599108,-1.95449,1.87667,-0.752079,0.620852,0.129511,-5.09556,-0.0773178,0.107657,-0.623242,0.647677,-2.26591,2.15606,-0.747885,0.730726,0,0,0.0915756,-0.115995,-0.0183144,0.00610542,-0.103785,0.115995,-0.00488472,0.00488472,-0.0109901,-0.0109901,
-7.96589,7.65917,-15.4683,5.25694,-26.9709,25.0424,0.327735,3.96919,0.430369,0.465857,-8.84004,7.96092,-17.4359,3.95604,-27.6923,24.3712,0.047863,3.93162,0.356045,0.46154,0.0150681,0.0200272,-0.436217,0.599108,-1.95602,1.87934,-0.752079,0.620852,0.129511,-5.09556,-0.0728313,0.104926,-0.608291,0.656908,-2.25915,2.16268,-0.743219,0.730862,0,0,0.0183144,-0.00610542,-0.00610542,-0.0183144,-0.103785,0.152626,-0.00488472,-0.00488472,-0.0109901,-0.0109901,
-8.05862,7.27477,-15.5267,4.92638,-26.1348,25.0928,0.525628,4.00033,0.472038,0.445352,-8.35165,7.57021,-16.0684,4.73749,-26.8132,24.6642,0.157265,3.93162,0.382416,0.435165,0.0165939,0.0200272,-0.435454,0.599489,-1.95907,1.88201,-0.752079,0.620852,0.129129,-5.09556,-0.0690797,0.100654,-0.606956,0.65443,-2.25495,2.1655,-0.737234,0.731727,0,0,0.115995,-0.00610542,0.0305252,0.00610542,-0.164835,0.140415,0.00488472,-0.00488472,-0.0329666,-0.0109901,
-7.43983,7.00758,-15.758,4.50765,-25.4515,24.7455,0.721603,3.84303,0.478079,0.417293,-8.1563,7.27716,-15.9707,4.83516,-26.0318,24.7619,0.389744,3.95897,0.408791,0.408791,0.0177383,0.0200272,-0.433928,0.599108,-1.96364,1.88506,-0.752079,0.620852,0.129511,-5.09556,-0.064316,0.0980927,-0.607186,0.648989,-2.25356,2.16347,-0.73179,0.727358,0,0,0.0183144,0.00610542,0.054945,-0.00610542,-0.213675,0.103785,0.00488472,-0.00488472,0.0109901,-0.0109901,
-6.95919,7.0306,-15.3895,3.74142,-24.781,23.7566,1.07214,3.39415,0.519305,0.388339,-7.86325,7.17949,-15.7753,4.44444,-25.5434,24.2735,0.512821,3.8359,0.435165,0.408791,0.0181198,0.0192642,-0.433928,0.599489,-1.96746,1.88811,-0.751698,0.620852,0.129511,-5.09556,-0.059001,0.0951435,-0.605533,0.641671,-2.24911,2.15676,-0.721183,0.714889,0,0,0.00610542,-0.0671558,-0.0183144,0.0183144,-0.189255,0.140415,0.0146523,-0.00488472,-0.0109901,-0.0109901,
-7.00861,6.80184,-15.0036,3.70015,-24.5163,23.1311,1.25761,3.01045,0.561031,0.354628,-7.66789,6.88644,-15.6777,3.95604,-25.0549,23.4921,0.649572,3.49402,0.46154,0.382416,0.0192642,0.0185013,-0.433928,0.599489,-1.97051,1.89116,-0.750553,0.620852,0.129511,-5.09556,-0.0563707,0.0938738,-0.600838,0.640398,-2.24719,2.15245,-0.712445,0.703743,0,0,0.0671558,-0.00610542,-0.00610542,-0.00610542,-0.128204,0.128204,0.0634918,-0.0146523,-0.0109901,-0.0109901,
-6.81157,6.77456,-14.6078,3.73399,-24.1992,22.5739,1.16998,2.93771,0.609386,0.330317,-7.57021,6.78877,-15.58,3.76068,-24.7619,23.1013,0.868376,3.26154,0.487911,0.356045,0.0204086,0.0185013,-0.433928,0.599108,-1.97242,1.89422,-0.748264,0.620852,0.129511,-5.09556,-0.053851,0.0931637,-0.596848,0.639986,-2.24598,2.15094,-0.711125,0.701722,0,0,0.0427341,-0.0183144,-0.0183144,-0.0183144,-0.140415,0.177046,0.0927963,-0.0146523,-0.0109901,-0.0329666,
-7.01187,6.53363,-14.5765,3.66385,-23.8295,22.633,1.54802,2.70455,0.659337,0.280843,-7.37485,6.5934,-15.0916,3.56532,-24.3712,22.4176,1.18291,2.87863,0.514286,0.303295,0.0226974,0.0188828,-0.433928,0.598726,-1.97471,1.89727,-0.747501,0.62047,0.129511,-5.09556,-0.0533807,0.0916822,-0.596093,0.638825,-2.24253,2.15221,-0.702791,0.695352,0,0,0.054945,0.00610542,-0.00610542,-0.0183144,-0.0915756,0.103785,0.0341873,-0.00488472,-0.0109901,-0.0109901,
-7.37619,6.61254,-14.1463,3.90761,-23.3794,22.7011,1.83103,2.57171,0.710457,0.238521,-7.27716,6.39804,-14.7985,3.46764,-23.9805,22.3199,1.60684,2.6735,0.567032,0.276924,0.0246048,0.0188828,-0.433928,0.598726,-1.97662,1.89956,-0.747501,0.62047,0.129511,-5.09556,-0.0547074,0.092152,-0.591313,0.641941,-2.23903,2.15362,-0.696884,0.691662,0,0,0.0793648,-0.00610542,-0.00610542,-0.00610542,-0.0793648,0.054945,-0.00488472,-0.00488472,-0.0109901,-0.0109901,
-7.34294,6.65951,-13.9427,3.99489,-22.7421,22.5779,1.98746,2.46121,0.754372,0.195406,-7.27716,6.39804,-14.5055,3.66301,-23.5897,22.3199,1.72991,2.57778,0.646152,0.224174,0.0246048,0.0188828,-0.433547,0.598726,-1.97776,1.90108,-0.747501,0.62047,0.129511,-5.09556,-0.0571869,0.0926738,-0.588263,0.642503,-2.2335,2.15419,-0.692538,0.688593,0,0,-0.00610542,-0.00610542,0.00610542,-0.0183144,-0.0915756,0.0671558,-0.00488472,-0.00488472,-0.0109901,-0.0109901,
-7.67315,6.76775,-13.7934,3.97881,-22.6185,22.3332,2.22487,2.24661,0.810663,0.150713,-7.37485,6.49573,-14.2124,3.76068,-23.2967,22.4176,1.89402,2.52308,0.672527,0.197803,0.0246048,0.0188828,-0.433547,0.598726,-1.97814,1.90185,-0.747501,0.62047,0.129511,-5.09556,-0.0604489,0.0938764,-0.58701,0.643139,-2.23048,2.15142,-0.685944,0.682632,0,0,0.00610542,-0.00610542,-0.00610542,0.00610542,-0.0305252,0.0427341,-0.00488472,-0.00488472,-0.0329666,-0.0109901,
-7.87044,6.87985,-13.795,4.12678,-22.8567,21.6725,2.32094,2.11862,0.847096,0.106134,-7.66789,6.5934,-13.9194,3.85837,-23.0037,22.1245,2.09915,2.2906,0.725273,0.118683,0.0242233,0.0188828,-0.433928,0.598345,-1.97776,1.90375,-0.747501,0.62047,0.129511,-5.09556,-0.0634295,0.095529,-0.587003,0.64318,-2.23111,2.14639,-0.683275,0.679076,0,0,-0.00610542,0.00610542,0.00610542,-0.0305252,0.0183144,0.054945,-0.00488472,-0.00488472,-0.0109901,-0.0109901,
-8.20546,7.03047,-14.5685,3.4708,-22.7911,21.3835,2.3788,1.97265,0.884185,0.062011,-7.76556,6.5934,-13.9194,3.85837,-22.906,21.8315,2.2359,2.05812,0.778023,0.092308,0.0242233,0.0188828,-0.433547,0.598345,-1.97776,1.90413,-0.747501,0.62047,0.129511,-5.09556,-0.066745,0.0963886,-0.594402,0.636706,-2.2312,2.14193,-0.681668,0.67551,0,0,0.00610542,-0.0183144,0.0305252,-0.00610542,-0.00610542,0.00610542,-0.00488472,0.00488472,-0.0109901,-0.0109901,
-8.27695,7.26839,-15.1873,2.96889,-23.2844,21.0669,2.3208,1.90336,0.911098,0.0197167,-8.1563,6.78877,-14.5055,3.46764,-23.0037,21.3431,2.3453,1.93504,0.830769,0.0395622,0.0238419,0.0188828,-0.433928,0.598345,-1.97776,1.90375,-0.747501,0.620852,0.129511,-5.09556,-0.0691418,0.0990322,-0.6041,0.631129,-2.23627,2.13681,-0.683279,0.673478,0,0,-0.0305252,-0.0183144,-0.0427341,-0.00610542,0.00610542,-0.0305252,-0.00488472,-0.00488472,-0.0109901,-0.0109901,
-8.55306,7.56095,-15.4958,2.79404,-23.7339,20.2185,2.36704,1.66473,0.940567,-0.00471151,-8.44933,6.98413,-15.1893,3.17461,-23.2967,21.0501,2.30427,1.83932,0.830769,0.0395622,0.0234604,0.0188828,-0.433547,0.598345,-1.97738,1.90375,-0.747501,0.620852,0.129511,-5.09556,-0.0717771,0.102283,-0.605926,0.629186,-2.24048,2.1282,-0.682483,0.667338,0,0,-0.00610542,-0.0183144,-0.00610542,-0.00610542,0.0183144,-0.00610542,-0.0146523,0.00488472,-0.0109901,-0.0329666,
-8.83416,7.75618,-15.9262,2.31366,-23.8544,19.5683,2.55386,1.3539,0.964233,-0.0492535,-8.64468,7.17949,-15.58,2.6862,-23.8828,20.1709,2.2906,1.64786,0.883518,-0.0395622,0.0234604,0.0188828,-0.433547,0.598345,-1.97662,1.90375,-0.747501,0.620852,0.129511,-5.09556,-0.0753074,0.104859,-0.610301,0.624256,-2.24065,2.12098,-0.676805,0.658216,0,0,-0.0183144,-0.00610542,0.00610542,0.00610542,0.0305252,-0.00610542,-0.00488472,-0.00488472,-0.0109901,-0.0109901,
-9.05538,8.1152,-16.2694,2.14555,-24.1411,18.9514,2.58788,1.10752,0.984943,-0.0804543,-8.74237,7.47253,-15.9707,2.29549,-24.0781,19.4872,2.49573,1.40171,0.909889,-0.0659332,0.0230789,0.0192642,-0.433547,0.598345,-1.97623,1.90375,-0.747501,0.621233,0.129511,-5.09556,-0.0789609,0.108823,-0.614928,0.621981,-2.24345,2.11371,-0.67586,0.652242,0,0,-0.0427341,-0.0183144,-0.0183144,-0.00610542,0.0305252,-0.0183144,-0.00488472,0.00488472,-0.0109901,-0.0109901,
-8.97514,8.5914,-15.8358,2.56438,-24.0556,18.4844,2.50733,0.99809,0.991623,-0.104548,-8.74237,7.76556,-16.2637,2.00244,-24.3712,18.9011,2.52308,1.16923,0.936264,-0.092308,0.0207901,0.0192642,-0.43431,0.597963,-1.97509,1.90375,-0.747501,0.621233,0.129511,-5.09556,-0.0836142,0.113707,-0.611688,0.625846,-2.24095,2.10812,-0.678097,0.648713,0,0,-0.140415,-0.0305252,-0.0427341,-0.0183144,0.0427341,-0.0305252,-0.00488472,-0.00488472,0.0109901,-0.0109901,
-9.47109,8.71563,-16.4427,2.36134,-24.0007,18.0393,2.42522,0.900727,1.01733,-0.139662,-9.03542,8.1563,-16.2637,2.1978,-24.3712,18.4127,2.48205,0.964102,0.962639,-0.118683,0.0192642,0.0192642,-0.433928,0.597963,-1.97395,1.90299,-0.747501,0.621614,0.129511,-5.09556,-0.0894296,0.116715,-0.616015,0.623997,-2.2392,2.10241,-0.680378,0.647856,0,0,-0.103785,0.0183144,0.0183144,-0.00610542,0.0427341,-0.0305252,-0.00488472,0.0244198,-0.0109901,0.0109901,
-9.9678,9.21714,-16.3953,2.53724,-23.8798,17.6934,2.27521,0.924698,1.02926,-0.1575,-9.42613,8.35165,-16.2637,2.29549,-24.3712,18.1197,2.44102,0.964102,0.962639,-0.145054,0.0181198,0.0192642,-0.433928,0.597963,-1.97318,1.90261,-0.747501,0.621614,0.129511,-5.09556,-0.0940579,0.121066,-0.616709,0.625951,-2.23709,2.09737,-0.684545,0.647545,0,0,-0.0427341,-0.0183144,-0.0183144,-0.00610542,0.0427341,-0.054945,-0.00488472,0.00488472,-0.0109901,0.0109901,
-9.92918,9.53476,-16.7088,2.61326,-23.8155,17.886,2.09646,1.04717,1.03049,-0.157365,-9.62149,8.93773,-16.5568,2.1978,-24.0781,17.8266,2.31795,0.895727,0.98901,-0.171429,0.0154495,0.0192642,-0.43431,0.598345,-1.97204,1.90032,-0.747883,0.621996,0.129511,-5.09556,-0.0995552,0.125002,-0.620167,0.627585,-2.23523,2.09519,-0.691846,0.651328,0,0,-0.140415,-0.00610542,-0.00610542,0.00610542,0.0427341,-0.115995,-0.0439568,0.00488472,-0.0109901,-0.0109901,
-10.2477,9.95469,-17.1513,2.67614,-24.0103,17.7698,2.03265,1.04668,1.02558,-0.160634,-9.91454,9.23077,-16.7521,2.29549,-24.1758,17.8266,2.26325,0.799999,0.98901,-0.197803,0.0131607,0.0188828,-0.433928,0.598345,-1.97089,1.89879,-0.748646,0.622377,0.129511,-5.09556,-0.104163,0.128473,-0.624294,0.627876,-2.23544,2.09156,-0.694869,0.652673,0,0,-0.103785,-0.0305252,0.00610542,-0.00610542,0.0671558,-0.140415,-0.0537243,0.0244198,-0.0109901,-0.0109901,
-10.3383,10.2819,-16.7992,3.13108,-24.3374,17.2954,2.03583,0.850313,1.0234,-0.156311,-10.2076,9.5238,-17.0452,2.39316,-24.5665,17.6313,2.00342,0.841026,0.98901,-0.197803,0.0116348,0.0188828,-0.43431,0.598726,-1.9686,1.89689,-0.750172,0.624285,0.129511,-5.09556,-0.106287,0.132516,-0.620764,0.633313,-2.23515,2.08641,-0.695819,0.651568,0,0,-0.0915756,-0.0183144,0.00610542,-0.00610542,0.115995,-0.0793648,-0.0439568,0.0732594,-0.0109901,-0.0109901,
-10.8929,10.3709,-17.364,2.86488,-24.3237,17.5432,2.10911,0.894295,1.01035,-0.143862,-10.5006,9.91454,-17.0452,2.6862,-24.4689,17.4359,2.05812,0.799999,0.98901,-0.197803,0.0104904,0.0188828,-0.43431,0.598726,-1.96632,1.89498,-0.752079,0.625811,0.129511,-5.09594,-0.111153,0.133911,-0.62704,0.630355,-2.23393,2.08604,-0.697644,0.654315,0,0,-0.0183144,-0.00610542,0.00610542,-0.00610542,0.0793648,-0.115995,-0.0830288,0.0732594,-0.0109901,-0.0109901,
-11.1478,10.5497,-18.0652,2.49773,-24.8792,17.4642,2.06331,0.984106,0.986116,-0.122494,-10.8913,10.1099,-17.2405,2.78389,-24.6642,17.4359,2.01709,0.882051,0.98901,-0.171429,0.0104904,0.0192642,-0.43431,0.598726,-1.96479,1.89307,-0.753223,0.626955,0.129511,-5.09594,-0.113171,0.136279,-0.635644,0.626275,-2.23817,2.08325,-0.699572,0.656978,0,0,0.00610542,-0.00610542,-0.0183144,-0.00610542,0.0915756,-0.115995,-0.0732594,0.0537243,-0.0109901,-0.0109901,
-10.9467,10.7999,-18.3175,2.46847,-25.1066,17.5543,1.81139,1.02888,0.94079,-0.0766951,-10.989,10.4029,-18.1197,2.49084,-25.1526,17.4359,1.97607,0.8547,0.936264,-0.197803,0.00934601,0.0188828,-0.43431,0.598726,-1.9625,1.8904,-0.753605,0.628099,0.129511,-5.09594,-0.11493,0.138678,-0.638041,0.62595,-2.23882,2.08158,-0.704998,0.659366,0,0,-0.0793648,-0.00610542,-0.00610542,-0.00610542,0.0793648,-0.115995,-0.0341873,0.0537243,0.0109901,-0.0329666,
-11.4051,10.7908,-18.9874,1.96671,-25.0315,17.5931,1.81413,1.15138,0.909504,-0.0430934,-11.1844,10.5006,-18.4127,2.29549,-25.2503,17.4359,1.78461,0.977777,0.936264,-0.145054,0.00896454,0.0188828,-0.43431,0.598726,-1.96097,1.88811,-0.754368,0.628481,0.129511,-5.09556,-0.117962,0.138984,-0.644671,0.620375,-2.23727,2.08013,-0.704708,0.660708,0,0,-0.00610542,0.00610542,0.0183144,-0.00610542,0.054945,-0.103785,-0.0146523,0.00488472,-0.0109901,-0.0109901,
-11.3796,10.9338,-18.6552,2.2366,-25.1616,17.3441,1.98973,0.971105,0.868566,0.00983992,-11.4774,10.5983,-18.9011,1.90475,-25.348,17.4359,1.83932,1.00513,0.883518,-0.092308,0.00858307,0.0192642,-0.434691,0.598726,-1.95907,1.88697,-0.754749,0.629244,0.129511,-5.09556,-0.11806,0.140954,-0.642582,0.622967,-2.23681,2.07703,-0.702165,0.657928,0,0,-0.00610542,0.00610542,-0.0183144,-0.0183144,0.054945,-0.0793648,-0.0537243,0.0341873,-0.0109901,-0.0109901,
-11.4119,10.9739,-18.7366,2.04436,-25.223,17.5422,2.12626,0.980868,0.819026,0.0656008,-11.5751,10.696,-18.8034,1.90475,-25.4457,17.3382,1.88034,0.964102,0.857143,-0.0659332,0.00858307,0.0188828,-0.434691,0.598726,-1.9583,1.88582,-0.756275,0.630007,0.129511,-5.09556,-0.118827,0.140204,-0.643893,0.621645,-2.23632,2.0785,-0.700875,0.658962,0,0,-0.0183144,-0.0183144,-0.0305252,0.00610542,0.0671558,-0.0671558,-0.0732594,0.0341873,-0.0109901,-0.0109901,
-11.4124,10.809,-19.0797,1.91401,-25.2314,17.9139,1.76412,1.33818,0.763901,0.109784,-11.5751,10.7937,-18.9011,2.00244,-25.2503,17.5336,1.93504,0.991453,0.804394,-0.0131874,0.00858307,0.0192642,-0.435073,0.598726,-1.95716,1.8843,-0.756275,0.630007,0.129511,-5.09556,-0.118832,0.139161,-0.646866,0.619383,-2.23649,2.0811,-0.707516,0.666934,0,0,-0.0183144,-0.00610542,0.00610542,-0.0183144,0.0305252,-0.0671558,-0.00488472,-0.00488472,-0.0109901,0.0109901,
-11.3016,10.651,-19.3252,1.66574,-25.3428,18.1426,1.57688,1.50608,0.715912,0.17898,-11.5751,10.696,-19.1941,1.80708,-25.2503,17.7289,1.77094,1.10085,0.751648,0.0659332,0.00858307,0.0188828,-0.434691,0.598726,-1.95716,1.88277,-0.756275,0.630388,0.129511,-5.09556,-0.117194,0.137024,-0.650026,0.616624,-2.23895,2.08334,-0.712717,0.672956,0,0,-0.00610542,-0.00610542,-0.0183144,-0.0183144,-0.00610542,-0.0305252,-0.00488472,0.0146523,-0.0329666,-0.0109901,
-11.0971,10.443,-18.8821,1.85751,-25.249,18.2464,1.6354,1.35711,0.646836,0.234777,-11.4774,10.5983,-19.3895,1.61172,-25.4457,17.8266,1.55214,1.36068,0.698902,0.118683,0.00858307,0.0192642,-0.434691,0.598726,-1.95716,1.88277,-0.756275,0.631533,0.129511,-5.09556,-0.114922,0.135501,-0.644289,0.619569,-2.2375,2.0849,-0.711092,0.671428,0,0,-0.00610542,0.00610542,0.00610542,0.00610542,0.00610542,-0.0183144,-0.00488472,0.0439568,-0.0109901,-0.0109901,
-10.8881,10.2408,-18.6593,1.77752,-25.4061,18.5888,1.70137,1.47236,0.588014,0.285623,-11.3797,10.4029,-18.9011,1.61172,-25.348,18.022,1.53846,1.41538,0.646152,0.171429,0.00858307,0.0192642,-0.435454,0.598726,-1.95716,1.88239,-0.756275,0.631914,0.129511,-5.09556,-0.112599,0.132847,-0.643797,0.618273,-2.23965,2.08873,-0.709259,0.673057,0,0,-0.00610542,-0.00610542,-0.0305252,-0.00610542,-0.00610542,-0.00610542,-0.00488472,0.00488472,-0.0109901,-0.0109901,
-10.6181,10.0198,-18.2711,1.95787,-25.6507,19.1654,1.55176,1.67354,0.529302,0.329857,-11.0867,10.2076,-18.7057,1.7094,-25.5434,18.315,1.66154,1.38803,0.593407,0.224174,0.00858307,0.0188828,-0.436217,0.598726,-1.95716,1.88277,-0.756275,0.631914,0.129511,-5.09556,-0.109599,0.13001,-0.641061,0.620277,-2.24237,2.09552,-0.713415,0.678157,0,0,-0.00610542,-0.00610542,-0.054945,-0.00610542,-0.00610542,-0.00610542,-0.00488472,-0.00488472,-0.0109901,-0.0109901,
-10.3181,9.68163,-18.398,1.93095,-26.3299,20.0143,1.20208,2.07507,0.472765,0.363684,-10.8913,9.91454,-18.5104,1.7094,-25.7387,18.9988,1.51111,1.62051,0.514286,0.276924,0.00896454,0.0188828,-0.436599,0.598726,-1.95754,1.88239,-0.756275,0.631914,0.129511,-5.09556,-0.105478,0.126253,-0.642039,0.620792,-2.25111,2.10498,-0.723128,0.689311,0,0,0.00610542,-0.00610542,-0.0305252,0.0183144,-0.0305252,0.00610542,-0.00488472,-0.00488472,-0.0109901,-0.0109901,
-9.87495,9.35587,-18.6724,2.14114,-27.1491,21.0754,0.78031,2.40767,0.420549,0.389346,-10.5983,9.62149,-18.6081,1.80708,-26.4225,19.7802,1.21026,1.88034,0.46154,0.32967,0.00896454,0.0188828,-0.436599,0.598726,-1.95792,1.88239,-0.756275,0.632296,0.129511,-5.09556,-0.100554,0.121819,-0.643866,0.621906,-2.26019,2.11636,-0.734844,0.700396,0,0,0.00610542,-0.0305252,0.00610542,-0.0183144,-0.0183144,-0.00610542,-0.00488472,0.0244198,-0.0109901,-0.0109901,
-9.38415,8.87999,-18.5691,2.34856,-27.8839,21.9636,0.49868,2.61807,0.379379,0.407434,-10.3053,9.32845,-18.7057,1.90475,-27.1062,20.6593,0.964102,2.19487,0.435165,0.356045,0.00934601,0.0188828,-0.436599,0.598345,-1.9583,1.88277,-0.756275,0.63344,0.129511,-5.09556,-0.0947188,0.117346,-0.643126,0.623829,-2.26874,2.12702,-0.742667,0.708362,0,0,0.00610542,-0.00610542,-0.00610542,-0.0183144,-0.0183144,0.00610542,-0.00488472,0.0439568,-0.0109901,-0.0109901,
-8.93857,8.51696,-18.4539,2.40339,-28.3038,22.9712,0.267775,2.97481,0.347976,0.417561,-9.81685,8.93773,-18.8034,2.00244,-27.6923,21.6361,0.608547,2.57778,0.382416,0.382416,0.00972748,0.0185013,-0.436599,0.598726,-1.95907,1.88277,-0.756275,0.634203,0.129511,-5.09556,-0.0889795,0.112524,-0.642252,0.625634,-2.27539,2.13821,-0.74957,0.717081,0,0,0.0183144,-0.0183144,-0.0183144,0.00610542,-0.054945,0.00610542,-0.0146523,0.00488472,-0.0109901,-0.0109901,
-8.53274,8.16062,-18.4702,2.53623,-28.357,23.6968,0.225566,3.09642,0.328047,0.420242,-9.42613,8.54701,-18.7057,2.1978,-28.1807,22.5153,0.403419,2.85128,0.32967,0.382416,0.0104904,0.0185013,-0.436217,0.598726,-1.96059,1.88315,-0.756275,0.634203,0.129129,-5.09556,-0.0833002,0.108157,-0.640424,0.626296,-2.27872,2.14706,-0.750254,0.720947,0,0,0.0305252,-0.0305252,0.0305252,-0.0183144,-0.0915756,0.0183144,-0.00488472,0.0146523,-0.0109901,-0.0109901,
-8.15769,7.82453,-17.6291,2.89515,-28.0835,24.0319,0.33104,3.117,0.322827,0.416117,-9.03542,8.1563,-18.7057,2.29549,-28.3761,23.1013,0.211966,2.98803,0.303295,0.382416,0.0116348,0.0181198,-0.435836,0.598726,-1.96212,1.8843,-0.756275,0.634203,0.129511,-5.09556,-0.0771746,0.104855,-0.631104,0.631098,-2.27843,2.15356,-0.747324,0.720542,0,0,0.054945,-0.00610542,0.0183144,0.00610542,-0.128204,0.0671558,-0.00488472,-0.00488472,-0.0109901,-0.0109901,
-7.59334,7.59086,-16.7664,3.33647,-27.5261,24.1939,0.427764,3.11146,0.323447,0.406962,-8.54701,7.86325,-18.1197,2.58852,-28.083,23.4921,0.252991,3.05641,0.276924,0.382416,0.0123978,0.0181198,-0.435454,0.598726,-1.96441,1.88621,-0.755894,0.634203,0.129129,-5.09556,-0.0713622,0.101852,-0.621544,0.635595,-2.27453,2.1593,-0.743767,0.720388,0,0,0.0183144,-0.0183144,0.00610542,-0.00610542,-0.128204,0.128204,0.00488472,-0.00488472,-0.0109901,-0.0109901,
-7.59168,7.465,-16.2324,3.45505,-26.5311,24.3179,0.772076,3.00336,0.331294,0.392647,-8.25397,7.76556,-17.4359,3.07692,-27.3993,23.8828,0.362392,3.01538,0.276924,0.382416,0.0139236,0.0173569,-0.434691,0.598726,-1.96746,1.88811,-0.755894,0.634203,0.129511,-5.09556,-0.0673759,0.0984698,-0.613627,0.636912,-2.26897,2.16259,-0.734691,0.717385,0,0,0.0915756,-0.054945,0.0427341,-0.00610542,-0.201466,0.128204,-0.00488472,-0.00488472,-0.0109901,-0.0109901,
-7.06406,7.25541,-15.6155,3.39293,-26.083,24.0088,1.07633,2.7727,0.354679,0.372926,-7.86325,7.27716,-16.4591,3.36996,-26.5201,23.8828,0.512821,3.01538,0.303295,0.356045,0.0154495,0.015831,-0.433928,0.598726,-1.97089,1.89155,-0.755894,0.634203,0.129129,-5.09556,-0.0620225,0.0954291,-0.607637,0.636629,-2.26579,2.1634,-0.725263,0.71049,0,0,0.0305252,-0.0305252,-0.00610542,0.00610542,-0.152626,0.152626,0.0146523,-0.0146523,-0.0329666,-0.0109901,
-6.82182,7.00065,-15.2359,3.11828,-25.1817,23.4184,1.39398,2.35325,0.375104,0.349235,-7.57021,7.17949,-15.9707,3.36996,-25.9341,23.7851,0.731625,2.81026,0.303295,0.356045,0.0165939,0.015831,-0.433547,0.598726,-1.97433,1.8946,-0.754368,0.634203,0.129129,-5.09556,-0.0581866,0.0930055,-0.601817,0.632763,-2.25921,2.15989,-0.711495,0.69835,0,0,0.0305252,-0.0183144,0.0305252,-0.0183144,-0.152626,0.152626,0.0830288,-0.0244198,-0.0329666,-0.0109901,
-6.55476,6.88585,-14.6888,2.9082,-24.3326,22.9678,1.79938,1.92823,0.37368,0.321109,-7.0818,6.98413,-15.58,3.07692,-25.2503,23.1013,1.18291,2.44102,0.303295,0.32967,0.0169754,0.015831,-0.433547,0.598345,-1.97738,1.89727,-0.752842,0.633821,0.129129,-5.09556,-0.0560588,0.0921369,-0.597367,0.630455,-2.25364,2.15755,-0.699685,0.686651,0,0,-0.00610542,-0.00610542,-0.0183144,-0.00610542,-0.177046,0.152626,0.0634918,-0.0146523,0.0109901,-0.0109901,
-6.53205,6.69941,-14.8071,2.42823,-23.7853,22.369,2.28795,1.453,0.413108,0.287518,-6.78877,6.69109,-14.9939,2.88156,-24.4689,22.5153,1.62051,2.08547,0.32967,0.303295,0.0173569,0.015831,-0.433166,0.598345,-1.98081,1.90108,-0.751698,0.63344,0.129129,-5.09556,-0.0550179,0.0904724,-0.596671,0.625122,-2.25018,2.1539,-0.68448,0.672092,0,0,0.00610542,0.00610542,0.0305252,-0.00610542,-0.152626,0.128204,0.0732594,-0.0341873,-0.0109901,-0.0109901,
-6.49263,6.78908,-14.4939,2.36252,-23.3775,21.832,2.6484,1.19863,0.459633,0.251143,-6.69109,6.69109,-14.9939,2.58852,-23.8828,22.2222,2.07179,1.72991,0.356045,0.276924,0.0173569,0.015831,-0.433166,0.597963,-1.98348,1.90413,-0.750172,0.631914,0.129129,-5.09556,-0.0545799,0.0906547,-0.594005,0.623196,-2.24751,2.15139,-0.672942,0.66057,0,0,0.00610542,-0.0183144,0.00610542,-0.0305252,-0.128204,0.140415,0.0732594,-0.0927963,-0.0329666,-0.0109901,
-6.79027,6.82003,-14.4849,2.38012,-23.2932,21.6401,2.88931,1.00368,0.488222,0.211591,-6.98413,6.5934,-14.7985,2.49084,-23.4921,21.6361,2.41368,1.33333,0.382416,0.250549,0.0185013,0.015831,-0.433166,0.5972,-1.98577,1.90681,-0.748646,0.63077,0.129129,-5.09556,-0.0547077,0.0905916,-0.594719,0.621815,-2.24804,2.15193,-0.666189,0.655475,0,0,0.0671558,-0.0305252,-0.0183144,-0.054945,-0.103785,0.140415,0.0439568,-0.0634918,-0.0109901,-0.0109901,
-7.00452,6.6334,-14.9844,2.38864,-23.2228,21.1513,3.16738,0.837947,0.535888,0.166916,-7.17949,6.49573,-14.9939,2.39316,-23.3944,21.2454,2.81026,1.00513,0.435165,0.197803,0.0204086,0.0162125,-0.43164,0.595293,-1.98806,1.91024,-0.747883,0.630007,0.129511,-5.09556,-0.0551808,0.0901204,-0.594266,0.619188,-2.24955,2.15034,-0.658191,0.651085,0,0,0.0671558,0.00610542,0.115995,-0.0793648,-0.103785,0.152626,0.0341873,-0.0439568,-0.0109901,-0.0109901,
-7.28356,6.68649,-14.7905,2.74538,-23.0913,21.2792,3.39967,0.58946,0.583591,0.141149,-7.0818,6.49573,-14.9939,2.58852,-23.2967,21.0501,3.05641,0.841026,0.46154,0.171429,0.0219345,0.0162125,-0.430495,0.593385,-1.98959,1.91253,-0.747501,0.630007,0.129511,-5.09556,-0.0567554,0.0911172,-0.594223,0.619208,-2.24839,2.15242,-0.652822,0.646625,0,0,0.0671558,0.0183144,0.0183144,-0.140415,-0.0671558,0.103785,0.00488472,0.00488472,-0.0109901,-0.0329666,
-7.38394,6.80967,-14.9539,2.92881,-23.0096,21.0728,3.55468,0.562132,0.629803,0.0899268,-7.17949,6.49573,-15.1893,2.58852,-23.3944,20.9524,3.30256,0.635897,0.487911,0.118683,0.0219345,0.0162125,-0.429351,0.591096,-1.99035,1.91482,-0.747501,0.630007,0.129511,-5.09556,-0.0599058,0.092079,-0.593267,0.619772,-2.24703,2.1516,-0.649004,0.645377,0,0,0.00610542,0.00610542,0.0671558,-0.115995,-0.0305252,0.0793648,-0.00488472,-0.00488472,-0.0109901,-0.0109901,
-7.54871,6.94997,-15.071,2.73251,-23.0788,20.7731,3.78181,0.377486,0.676433,0.0516896,-7.37485,6.5934,-14.9939,2.78389,-23.199,20.9524,3.45299,0.540171,0.567032,0.0659332,0.021553,0.0162125,-0.428588,0.589952,-1.99035,1.91596,-0.747501,0.630007,0.129511,-5.09556,-0.062932,0.0932309,-0.595434,0.617667,-2.24658,2.14738,-0.642695,0.640737,0,0,-0.0183144,-0.00610542,0.0183144,-0.0793648,0.00610542,0.0183144,-0.00488472,0.00488472,-0.0109901,-0.0109901,
-7.89733,7.23107,-15.3543,2.73242,-23.3701,20.6577,3.50683,0.609279,0.71793,0.013375,-7.57021,6.69109,-15.1893,2.58852,-23.2967,20.757,3.64444,0.471794,0.593407,0.0395622,0.021553,0.0162125,-0.428588,0.588807,-1.98997,1.91596,-0.747501,0.630007,0.129511,-5.09556,-0.0659915,0.0955402,-0.599394,0.617336,-2.24903,2.1461,-0.650334,0.646687,0,0,0.00610542,-0.0305252,-0.00610542,-0.054945,0.0183144,0.0183144,-0.00488472,-0.00488472,-0.0109901,-0.0109901,
-8.09827,7.35128,-15.9022,2.35632,-23.2817,20.1411,3.38158,0.619126,0.767838,-0.022259,-7.66789,6.78877,-15.4823,2.49084,-23.2967,20.6593,3.61709,0.403419,0.646152,0.0131874,0.0211716,0.0162125,-0.427062,0.588807,-1.98997,1.91596,-0.747501,0.630007,0.129511,-5.09556,-0.0694197,0.0972829,-0.601108,0.614785,-2.24886,2.13955,-0.653813,0.64696,0,0,-0.0183144,-0.0183144,0.0793648,-0.00610542,-0.00610542,-0.00610542,-0.00488472,-0.00488472,-0.0329666,-0.0109901,
-8.39971,7.61936,-16.0723,2.32076,-23.6198,19.5773,3.3702,0.446063,0.790423,-0.0514853,-8.1563,7.0818,-15.873,2.49084,-23.4921,20.0733,3.32991,0.526495,0.672527,-0.0395622,0.0211716,0.0162125,-0.426299,0.588044,-1.98959,1.91596,-0.747501,0.630388,0.129511,-5.09556,-0.072362,0.100669,-0.605083,0.612406,-2.25183,2.13328,-0.654129,0.643023,0,0,-0.00610542,-0.00610542,-0.00610542,-0.0427341,0.00610542,-0.00610542,-0.00488472,0.00488472,-0.0109901,-0.0109901,
-8.68933,7.94727,-16.3788,2.39798,-23.8501,19.0527,3.40366,0.306243,0.82184,-0.07571,-8.35165,7.27716,-16.1661,2.39316,-23.7851,19.3895,3.30256,0.45812,0.725273,-0.0659332,0.0207901,0.0162125,-0.425918,0.586518,-1.9892,1.91596,-0.747501,0.630388,0.129511,-5.09556,-0.0763684,0.104312,-0.607701,0.610517,-2.2536,2.12705,-0.6532,0.639139,0,0,-0.0183144,-0.00610542,0.00610542,-0.0793648,0.0183144,-0.0183144,-0.00488472,0.00488472,-0.0109901,-0.0109901,
-8.83972,8.25415,-16.516,2.20165,-23.9998,18.3714,3.43431,0.0950408,0.851243,-0.0977936,-8.44933,7.57021,-16.4591,2.1978,-24.0781,18.9988,3.32991,0.348719,0.751648,-0.092308,0.0200272,0.0162125,-0.425918,0.586137,-1.98844,1.91596,-0.747501,0.631151,0.129511,-5.09556,-0.0800234,0.107722,-0.608411,0.609989,-2.25368,2.11948,-0.652348,0.635012,0,0,-0.054945,-0.00610542,0.0305252,-0.0183144,0.0427341,-0.0183144,-0.00488472,0.0244198,-0.0109901,-0.0109901,
-8.96825,8.59496,-16.4425,2.20416,-23.8298,17.9705,3.2131,0.155969,0.874372,-0.115051,-8.74237,7.86325,-16.5568,2.00244,-24.1758,18.4127,3.37094,0.225641,0.804394,-0.118683,0.0181198,0.0162125,-0.425918,0.586137,-1.98768,1.91558,-0.747501,0.631151,0.129511,-5.09556,-0.08458,0.111509,-0.609222,0.610424,-2.25184,2.11423,-0.658493,0.635239,0,0,-0.0915756,-0.00610542,-0.0183144,-0.00610542,0.0183144,-0.0305252,-0.00488472,-0.00488472,-0.0109901,-0.0109901,
-9.02044,8.90234,-16.8358,2.04504,-23.7326,17.4894,3.08312,0.126552,0.889327,-0.115917,-8.74237,8.25397,-16.6544,2.00244,-23.9805,18.022,3.24786,0.129915,0.830769,-0.145054,0.0162125,0.0162125,-0.425918,0.586137,-1.9873,1.9152,-0.747501,0.631151,0.129511,-5.09556,-0.0891022,0.114924,-0.613185,0.608656,-2.25038,2.1081,-0.662103,0.634422,0,0,-0.152626,-0.00610542,-0.00610542,-0.00610542,0.0183144,-0.0427341,-0.00488472,-0.00488472,-0.0109901,-0.0329666,
-9.46371,9.20948,-17.1361,1.84666,-23.457,17.1298,2.99773,0.0106095,0.900127,-0.134597,-9.13309,8.64468,-16.9475,1.90475,-23.8828,17.4359,3.07009,0.047863,0.830769,-0.145054,0.0143051,0.0162125,-0.425918,0.586518,-1.98692,1.91405,-0.747501,0.631151,0.129511,-5.09556,-0.0943067,0.118744,-0.616522,0.607647,-2.24775,2.10174,-0.664475,0.63169,0,0,-0.103785,0.00610542,-0.00610542,0.0183144,-0.00610542,-0.0793648,-0.00488472,0.00488472,-0.0109901,-0.0109901,
-9.78296,9.59983,-17.137,2.07847,-23.4768,16.4341,3.23046,-0.168794,0.909814,-0.135884,-9.5238,8.93773,-17.2405,1.80708,-23.7851,16.9475,3.04273,0.0341873,0.857143,-0.171429,0.0127792,0.0162125,-0.425918,0.586518,-1.98653,1.91329,-0.748646,0.631151,0.129511,-5.09556,-0.0981589,0.123081,-0.616532,0.609409,-2.24678,2.09488,-0.662085,0.626707,0,0,-0.0671558,0.00610542,-0.00610542,-0.00610542,0.0183144,-0.0305252,-0.0634918,0.00488472,-0.0109901,-0.0109901,
-9.8444,9.98398,-16.8307,2.50713,-23.5743,16.0365,3.27523,-0.285381,0.916552,-0.130745,-9.71918,9.32845,-17.1429,1.90475,-23.8828,16.3614,3.07009,-0.143589,0.857143,-0.171429,0.0108719,0.0162125,-0.425918,0.586518,-1.98539,1.91291,-0.749409,0.631533,0.129511,-5.09594,-0.10197,0.126942,-0.613536,0.613765,-2.24427,2.09048,-0.660628,0.623361,0,0,-0.103785,-0.00610542,-0.0183144,-0.0183144,0.0915756,-0.0183144,-0.0439568,-0.00488472,-0.0109901,-0.0109901,
-10.5853,10.0865,-17.4445,2.15404,-23.4928,16.0763,3.13455,-0.207707,0.914561,-0.121353,-10.1099,9.62149,-17.0452,2.10013,-23.7851,16.1661,3.12479,-0.211966,0.883518,-0.171429,0.0104904,0.0162125,-0.426299,0.586518,-1.98386,1.91215,-0.749409,0.631533,0.129511,-5.09556,-0.107328,0.128895,-0.619924,0.610656,-2.24266,2.08853,-0.662582,0.625519,0,0,-0.00610542,0.0183144,0.00610542,0.00610542,0.0671558,-0.0671558,-0.00488472,-0.00488472,-0.0109901,-0.0109901,
-10.562,10.4572,-18.1775,1.86541,-23.8565,16.2349,2.86843,-0.0872314,0.897756,-0.106094,-10.2076,9.91454,-17.3382,2.10013,-23.7851,16.2637,3.08376,-0.362392,0.883518,-0.171429,0.00934601,0.0165939,-0.426681,0.5869,-1.98272,1.90986,-0.74979,0.631914,0.129511,-5.09556,-0.110248,0.132174,-0.628857,0.608237,-2.24596,2.08679,-0.670844,0.630712,0,0,-0.0671558,-0.0183144,-0.00610542,0.0183144,0.054945,-0.103785,-0.0146523,0.0244198,-0.0109901,-0.0109901,
-10.854,10.785,-18.6679,2.07162,-24.186,16.5271,2.69864,-0.0717403,0.886921,-0.0788395,-10.696,10.2076,-18.2173,1.80708,-24.0781,16.2637,2.89231,-0.307692,0.857143,-0.145054,0.0082016,0.0162125,-0.426299,0.5869,-1.98119,1.90719,-0.750172,0.633059,0.129511,-5.09594,-0.113416,0.135435,-0.633924,0.609307,-2.2481,2.08614,-0.678384,0.634729,0,0,-0.0305252,-0.0183144,-0.00610542,-0.0183144,0.054945,-0.140415,-0.0634918,0.0732594,-0.0329666,-0.0109901,
-10.9466,11.0281,-18.371,2.36434,-24.4435,16.347,2.93437,-0.181803,0.849839,-0.0420553,-10.8913,10.4029,-18.6081,1.80708,-24.7619,16.4591,2.79658,-0.19829,0.857143,-0.145054,0.00782013,0.0162125,-0.426299,0.5869,-1.97929,1.90528,-0.751698,0.634203,0.129511,-5.09556,-0.114827,0.138136,-0.631031,0.613374,-2.24661,2.08345,-0.675316,0.632816,0,0,-0.0305252,-0.0183144,-0.0183144,0.00610542,0.128204,-0.103785,-0.102564,0.0732594,-0.0109901,-0.0109901,
-10.9992,11.0646,-18.3842,2.63394,-24.6052,16.8409,2.70763,0.224663,0.815071,-0.00131637,-10.8913,10.5983,-18.7057,1.90475,-24.8596,16.3614,2.75556,-0.102564,0.830769,-0.118683,0.00667572,0.0165939,-0.426681,0.5869,-1.97623,1.90299,-0.753986,0.634966,0.129511,-5.09556,-0.117776,0.139738,-0.630746,0.616369,-2.24494,2.08665,-0.682437,0.640962,0,0,-0.0671558,0.00610542,0.00610542,0.00610542,0.140415,-0.103785,-0.0732594,-0.00488472,-0.0109901,-0.0109901,
-11.3617,11.0377,-19.1424,2.42167,-24.9393,17.4076,2.31785,0.459427,0.771099,0.0478609,-11.0867,10.7937,-18.5104,2.29549,-25.0549,16.8498,2.63248,-0.0888882,0.830769,-0.0659332,0.00629425,0.0165939,-0.426681,0.5869,-1.97318,1.89994,-0.753986,0.635729,0.129511,-5.09556,-0.120151,0.139845,-0.639578,0.613197,-2.24561,2.08868,-0.689846,0.6502,0,0,-0.00610542,0.0183144,-0.00610542,-0.0183144,0.140415,-0.140415,-0.00488472,0.0341873,-0.0109901,-0.0109901,
-11.3127,11.2398,-19.6831,2.48564,-25.557,18.0174,2.18362,0.581736,0.721274,0.101003,-11.4774,10.989,-19.0965,2.29549,-25.348,17.5336,2.57778,0.0888882,0.751648,-0.0131874,0.00591278,0.0165939,-0.426681,0.587281,-1.97013,1.89612,-0.755131,0.638018,0.129511,-5.09556,-0.119988,0.140463,-0.645992,0.614289,-2.24942,2.09042,-0.698626,0.658817,0,0,-0.00610542,-0.0305252,-0.0183144,-0.0183144,0.140415,-0.177046,-0.0830288,0.0927963,-0.0109901,-0.0109901,
-11.169,11.0421,-19.7983,2.397,-25.8475,18.222,2.07151,0.720359,0.669391,0.142944,-11.4774,10.989,-19.6825,2.1978,-25.7387,17.8266,2.37265,0.252991,0.725273,0.0131874,0.00591278,0.0165939,-0.427062,0.587281,-1.96784,1.89384,-0.756657,0.639925,0.129511,-5.09556,-0.118798,0.13908,-0.647654,0.613711,-2.25076,2.09162,-0.704243,0.665552,0,0,-0.0183144,-0.00610542,-0.0183144,-0.00610542,0.128204,-0.140415,-0.102564,0.112331,-0.0109901,0.0109901,
-11.1027,10.8181,-20.1534,2.29975,-26.0786,18.6453,2.01893,0.962977,0.612992,0.194297,-11.3797,10.8913,-19.8779,2.29549,-26.0318,18.1197,2.15385,0.567522,0.672527,0.092308,0.00591278,0.0165939,-0.427062,0.587281,-1.96555,1.89155,-0.759327,0.642214,0.129511,-5.09556,-0.117654,0.136591,-0.650378,0.612224,-2.25186,2.09444,-0.709839,0.672626,0,0,-0.00610542,-0.00610542,0.0183144,-0.0183144,0.103785,-0.128204,-0.131868,0.0732594,-0.0109901,0.0109901,
-10.9625,10.5489,-20.1919,2.00748,-26.0512,18.8979,1.60396,1.28706,0.552768,0.24498,-11.2821,10.696,-20.1709,2.1978,-26.1294,18.5104,1.81197,0.868376,0.619781,0.145054,0.00629425,0.0165939,-0.427062,0.587281,-1.96403,1.88926,-0.76009,0.642595,0.129511,-5.09556,-0.115308,0.1336,-0.651213,0.609383,-2.25165,2.09618,-0.71578,0.67908,0,0,0.00610542,-0.00610542,0.00610542,-0.00610542,0.054945,-0.0915756,-0.00488472,0.0146523,-0.0109901,0.0109901,
-10.6462,10.3824,-20.0915,2.17185,-26.2543,19.4189,1.39815,1.33687,0.492122,0.303795,-11.2821,10.696,-20.2686,2.10013,-26.2271,18.6081,1.68889,0.964102,0.567032,0.171429,0.00591278,0.0162125,-0.427062,0.587281,-1.96326,1.88773,-0.76009,0.64374,0.129511,-5.09556,-0.112582,0.130962,-0.650504,0.610802,-2.25396,2.10045,-0.721497,0.68405,0,0,-0.00610542,-0.0183144,-0.00610542,-0.0183144,0.0305252,-0.0915756,-0.00488472,0.0634918,-0.0109901,-0.0109901,
-10.3954,10.0984,-19.6224,2.33818,-26.3412,19.5287,1.45226,1.35356,0.434004,0.347259,-10.989,10.3053,-20.2686,2.00244,-26.3248,18.9988,1.48376,1.15556,0.487911,0.250549,0.00629425,0.0162125,-0.427062,0.586518,-1.96288,1.88735,-0.760471,0.645647,0.129511,-5.09556,-0.109006,0.127807,-0.645699,0.611481,-2.25536,2.10413,-0.72184,0.685932,0,0,0.00610542,-0.0183144,-0.0183144,-0.0305252,0.00610542,-0.00610542,-0.0341873,0.0537243,-0.0109901,-0.0109901,
-10.0967,9.72423,-19.2908,2.29991,-26.3999,20.0932,1.31217,1.49241,0.365121,0.384431,-10.696,10.0122,-19.9756,2.00244,-26.4225,19.2918,1.37436,1.36068,0.435165,0.303295,0.00629425,0.0162125,-0.427062,0.5869,-1.96326,1.88735,-0.760471,0.64641,0.129511,-5.09556,-0.105688,0.124056,-0.642422,0.611844,-2.25721,2.1104,-0.724755,0.689575,0,0,0.00610542,-0.00610542,-0.0305252,-0.0183144,-0.0183144,-0.00610542,-0.0146523,0.0341873,0.0109901,-0.0109901,
-9.74571,9.40414,-19.0175,2.32067,-26.7131,20.787,1.21564,1.68232,0.325062,0.412371,-10.3053,9.62149,-19.3895,2.10013,-26.5201,19.8779,1.29231,1.41538,0.382416,0.32967,0.00629425,0.0162125,-0.427825,0.5869,-1.96364,1.88735,-0.760471,0.64641,0.129511,-5.09556,-0.101788,0.120499,-0.640555,0.612481,-2.26107,2.11771,-0.726948,0.693385,0,0,0.00610542,-0.00610542,-0.0427341,-0.00610542,-0.0183144,-0.0183144,-0.00488472,0.00488472,-0.0109901,-0.0109901,
-9.37674,9.11963,-18.4504,2.33295,-26.9715,21.2787,1.32243,1.59886,0.281608,0.432301,-10.0122,9.42613,-19.0965,2.10013,-26.8132,20.464,1.19658,1.56581,0.32967,0.356045,0.00667572,0.0162125,-0.429351,0.5869,-1.96364,1.88735,-0.760471,0.647173,0.129511,-5.09556,-0.0968999,0.116931,-0.637815,0.613025,-2.26353,2.12398,-0.723981,0.692318,0,0,0.0183144,-0.0183144,-0.103785,0.00610542,-0.00610542,0.00610542,-0.00488472,0.0146523,-0.0109901,-0.0109901,
-9.0369,8.76477,-18.5088,2.32612,-27.1579,22.1242,1.05597,1.87122,0.248277,0.43741,-9.71918,9.03542,-18.9988,2.00244,-26.8132,21.0501,1.23761,1.56581,0.276924,0.382416,0.00705719,0.015831,-0.429351,0.588426,-1.96479,1.88773,-0.760471,0.647554,0.129129,-5.09556,-0.0927423,0.113014,-0.634801,0.61651,-2.26878,2.13335,-0.731383,0.700265,0,0,0.0183144,-0.00610542,0.00610542,0.0671558,-0.0671558,-0.00610542,-0.00488472,0.0146523,-0.0109901,-0.0109901,
-8.64015,8.38199,-18.5389,2.17055,-27.1257,22.6075,1.24776,1.74727,0.22519,0.437941,-9.32845,8.74237,-18.7057,2.1978,-27.1062,21.7338,1.19658,1.60684,0.250549,0.382416,0.00743866,0.015831,-0.429351,0.588426,-1.96555,1.88773,-0.760471,0.647936,0.129129,-5.09556,-0.0879525,0.108761,-0.635543,0.612746,-2.26959,2.13872,-0.726056,0.696715,0,0,0.0183144,-0.00610542,-0.00610542,0.00610542,-0.0793648,-0.00610542,-0.00488472,0.00488472,-0.0109901,-0.0109901,
-8.5485,8.17612,-18.544,2.00888,-27.0095,22.5678,1.44202,1.58124,0.212506,0.430286,-9.13309,8.44933,-18.8034,2.10013,-27.1062,22.1245,1.15556,1.74359,0.197803,0.382416,0.00896454,0.0154495,-0.428969,0.588807,-1.96784,1.88849,-0.760471,0.647936,0.129129,-5.09556,-0.0825593,0.105278,-0.633996,0.610518,-2.27181,2.14149,-0.720659,0.691615,0,0,0.103785,-0.0305252,0.0305252,-0.0183144,-0.115995,0.0671558,-0.00488472,-0.00488472,-0.0109901,-0.0109901,
-7.74345,8.05929,-17.7049,2.08468,-26.8867,22.4998,1.77177,1.21346,0.211727,0.415553,-8.64468,8.35165,-18.6081,1.90475,-27.1062,22.0269,1.36068,1.55214,0.197803,0.408791,0.00934601,0.0143051,-0.429351,0.588807,-1.96899,1.8904,-0.760471,0.647936,0.129129,-5.09556,-0.0764889,0.102428,-0.626682,0.611767,-2.27037,2.14305,-0.7115,0.681399,0,0,0.00610542,-0.0427341,-0.0183144,-0.00610542,-0.0793648,0.0793648,-0.00488472,-0.00488472,-0.0109901,-0.0109901,
-7.46128,7.82687,-17.5625,2.00754,-26.509,22.5599,2.03374,0.978245,0.201344,0.393453,-8.05861,7.96092,-18.1197,1.80708,-26.9109,22.1245,1.59316,1.30598,0.171429,0.382416,0.00972748,0.0131607,-0.428969,0.588807,-1.97128,1.89269,-0.760471,0.647936,0.129129,-5.09556,-0.0725652,0.0991084,-0.623498,0.61091,-2.26887,2.14641,-0.704223,0.674377,0,0,0.0183144,-0.0305252,0.0183144,-0.00610542,-0.0915756,0.0915756,-0.00488472,-0.0146523,0.0109901,-0.0109901,
-7.37722,7.44019,-17.689,1.49365,-26.0633,22.3852,2.55642,0.478437,0.221949,0.367269,-8.05861,7.66789,-17.8266,1.90475,-26.5201,22.2222,1.89402,1.03248,0.171429,0.382416,0.0108719,0.0131607,-0.428588,0.588426,-1.97356,1.8946,-0.760471,0.647936,0.129129,-5.09556,-0.0688587,0.096033,-0.624114,0.604818,-2.26702,2.14556,-0.689704,0.660982,0,0,0.0671558,0.00610542,0.0305252,-0.00610542,-0.115995,0.0671558,-0.00488472,-0.00488472,-0.0109901,-0.0109901,
-6.92543,7.3718,-17.202,1.4129,-25.9091,21.76,3.01937,-0.0555985,0.227304,0.337726,-7.57021,7.37485,-17.7289,1.51404,-26.1294,21.8315,2.30427,0.676924,0.171429,0.32967,0.0123978,0.0135422,-0.428588,0.588426,-1.97585,1.89727,-0.76009,0.647936,0.129511,-5.09556,-0.063941,0.0952476,-0.620332,0.603107,-2.26678,2.14332,-0.675486,0.645659,0,0,0.0183144,-0.00610542,-0.0183144,-0.0305252,-0.0915756,0.128204,0.0146523,-0.0146523,0.0109901,-0.0109901,
-6.86443,7.28805,-16.7853,1.59222,-25.2502,21.7514,3.3381,-0.325678,0.249269,0.30526,-7.57021,7.27716,-17.6313,1.41637,-25.9341,21.4408,2.60513,0.403419,0.171429,0.32967,0.0127792,0.0131607,-0.428588,0.588044,-1.97776,1.89994,-0.759708,0.647554,0.129129,-5.09556,-0.0624747,0.0939356,-0.614481,0.604311,-2.26259,2.14589,-0.665762,0.637775,0,0,0.0305252,-0.00610542,0.0183144,-0.0427341,-0.128204,0.128204,0.0244198,-0.0146523,0.0109901,-0.0109901,
-7.03871,7.04285,-16.8262,1.02096,-25.062,20.9989,4.11619,-0.838902,0.293374,0.271527,-7.47253,7.0818,-17.1429,1.41637,-25.348,21.1477,3.15214,-0.0888882,0.224174,0.276924,0.0150681,0.0135422,-0.428588,0.587281,-1.98043,1.90337,-0.758945,0.64641,0.129129,-5.09556,-0.0596804,0.0915926,-0.615749,0.596387,-2.26276,2.14259,-0.642409,0.620421,0,0,0.103785,-0.00610542,-0.00610542,-0.0671558,-0.115995,0.177046,0.0439568,-0.0537243,-0.0109901,-0.0109901,
-7.15609,6.99546,-16.4314,1.37409,-24.8363,20.8416,4.64937,-1.20209,0.322309,0.232733,-7.17949,6.98413,-17.0452,1.22101,-25.1526,20.5617,3.87692,-0.499146,0.224174,0.250549,0.0169754,0.0139236,-0.428206,0.585755,-1.98272,1.90681,-0.758564,0.645647,0.129129,-5.09556,-0.0590772,0.0922614,-0.610167,0.598784,-2.26254,2.14469,-0.628682,0.610058,0,0,0.103785,0.0183144,0.0183144,-0.0671558,-0.115995,0.189255,0.0146523,-0.0439568,0.0109901,-0.0109901,
-6.92381,7.03284,-16.0918,1.43936,-24.3785,20.4554,4.82009,-0.955591,0.376194,0.182849,-6.98413,6.88644,-16.7521,1.41637,-24.8596,20.2686,4.23248,-0.717949,0.276924,0.224174,0.0169754,0.0135422,-0.428206,0.583467,-1.98501,1.91138,-0.756657,0.641832,0.129129,-5.09556,-0.0593454,0.0914813,-0.607615,0.594779,-2.25975,2.14538,-0.617637,0.604788,0,0,0.0183144,-0.00610542,-0.0183144,-0.140415,-0.115995,0.201466,0.102564,-0.210012,-0.0109901,0.0109901,
-7.03165,6.98561,-16.2999,1.24191,-23.8443,20.4073,5.09758,-1.52148,0.408278,0.151297,-6.98413,6.78877,-16.5568,1.31868,-24.4689,20.2686,4.64273,-1.27863,0.303295,0.171429,0.0169754,0.0135422,-0.427444,0.582322,-1.98768,1.91482,-0.754368,0.640688,0.129511,-5.09556,-0.0613576,0.0909565,-0.606315,0.593883,-2.2573,2.14584,-0.608129,0.597692,0,0,-0.00610542,-0.00610542,0.0671558,-0.0671558,-0.140415,0.128204,0.0927963,-0.0146523,0.0109901,-0.0109901,
-7.12791,7.04652,-16.7269,1.26744,-23.8382,20.1913,5.15977,-1.43604,0.449671,0.0959923,-7.0818,6.88644,-16.6544,1.31868,-23.8828,19.9756,5.09402,-1.49744,0.356045,0.145054,0.0169754,0.0135422,-0.425918,0.580415,-1.99035,1.91787,-0.753605,0.640688,0.129511,-5.09556,-0.0624271,0.0912263,-0.610755,0.591038,-2.26031,2.1469,-0.609545,0.600065,0,0,-0.00610542,-0.0183144,0.0305252,-0.103785,-0.152626,0.140415,0.0146523,-0.0146523,0.0109901,0.0109901,
-7.35442,7.05992,-16.5476,1.31853,-23.5775,19.7598,5.23233,-1.42354,0.506535,0.0683948,-7.17949,6.88644,-16.9475,1.22101,-23.9805,19.6825,5.16239,-1.49744,0.382416,0.092308,0.0169754,0.0135422,-0.424773,0.578507,-1.99264,1.92092,-0.753223,0.640306,0.129129,-5.09556,-0.0641299,0.0917822,-0.606804,0.590919,-2.25888,2.14515,-0.60666,0.600031,0,0,0.0183144,-0.00610542,0.054945,-0.0671558,-0.128204,0.140415,0.0244198,-0.0146523,-0.0109901,-0.0109901,
-7.5053,7.17299,-16.2337,1.37672,-23.3616,19.3455,5.63634,-1.69401,0.551188,0.0368421,-7.37485,6.88644,-16.8498,1.22101,-23.7851,19.5849,5.18974,-1.47009,0.408791,0.0659332,0.0169754,0.0135422,-0.42401,0.577363,-1.99416,1.92283,-0.753223,0.640306,0.129511,-5.09556,-0.0662133,0.0930385,-0.604589,0.590421,-2.25638,2.14205,-0.597391,0.593006,0,0,0.00610542,-0.00610542,-0.00610542,-0.0671558,-0.0793648,0.128204,-0.0146523,-0.00488472,-0.0109901,-0.0109901,
-7.72779,7.32,-16.3719,1.33534,-23.5833,18.9204,5.82894,-1.78756,0.594015,0.00442418,-7.47253,6.98413,-16.4591,1.12332,-23.5897,19.0965,5.4906,-1.63419,0.487911,0.0131874,0.0165939,0.0135422,-0.42401,0.575837,-1.99531,1.9255,-0.753223,0.640306,0.129511,-5.09556,-0.0694739,0.0946719,-0.605717,0.58925,-2.25836,2.13918,-0.591553,0.589919,0,0,-0.00610542,-0.00610542,0.00610542,-0.0427341,-0.0305252,0.103785,-0.00488472,-0.0146523,-0.0109901,-0.0109901,
-7.92823,7.47142,-16.456,0.992801,-23.7762,18.5034,5.9286,-1.92328,0.634057,-0.0251029,-7.66789,6.98413,-16.4591,1.12332,-23.6874,18.9988,5.69573,-1.81197,0.514286,-0.0131874,0.0165939,0.0135422,-0.42401,0.575837,-1.99531,1.92664,-0.753223,0.640306,0.129511,-5.09556,-0.072108,0.0967614,-0.607872,0.587072,-2.2601,2.13407,-0.588784,0.586638,0,0,-0.0183144,0.00610542,-0.0305252,0.00610542,-0.0183144,0.054945,-0.00488472,-0.00488472,-0.0109901,-0.0109901,
-8.10212,7.7349,-17.2901,0.658624,-24.3438,18.2086,5.70745,-1.82682,0.666091,-0.0541515,-8.05861,7.27716,-16.5568,0.927963,-23.9805,18.5104,5.85983,-1.92137,0.567032,-0.0395622,0.0162125,0.0135422,-0.424392,0.575837,-1.99531,1.92702,-0.753223,0.640306,0.129511,-5.09556,-0.0744215,0.098875,-0.616707,0.582952,-2.266,2.12995,-0.594927,0.589317,0,0,-0.0183144,-0.0183144,-0.00610542,-0.00610542,-0.00610542,0.0183144,-0.00488472,-0.00488472,-0.0109901,-0.0109901,
-8.28929,8.00739,-17.8737,0.468143,-24.8979,17.7596,5.47465,-1.74972,0.695883,-0.0781479,-8.1563,7.37485,-17.1429,0.732605,-24.3712,18.2173,5.69573,-1.94872,0.593407,-0.0659332,0.015831,0.0135422,-0.42401,0.575837,-1.99531,1.92664,-0.753223,0.640306,0.129511,-5.09556,-0.0764757,0.101903,-0.622404,0.580428,-2.27175,2.12336,-0.601394,0.591459,0,0,-0.00610542,-0.0183144,0.00610542,-0.0183144,0.00610542,-0.0183144,-0.00488472,-0.00488472,-0.0109901,-0.0109901,
-8.45668,8.27738,-18.0558,0.272417,-25.1849,17.0627,5.43302,-1.80715,0.724149,-0.0960647,-8.25397,7.57021,-17.5336,0.634918,-24.7619,17.9243,5.58633,-1.86667,0.619781,-0.092308,0.015831,0.0135422,-0.424392,0.575456,-1.99493,1.92664,-0.753223,0.640306,0.129511,-5.09556,-0.0783357,0.104903,-0.625215,0.577872,-2.27456,2.11602,-0.60255,0.589864,0,0,-0.00610542,-0.0183144,-0.00610542,-0.0183144,0.00610542,-0.00610542,-0.00488472,-0.00488472,-0.0109901,-0.0109901,
-8.66558,8.56669,-18.1849,0.425514,-25.0195,16.4246,5.50473,-2.11678,0.750509,-0.106371,-8.35165,7.96092,-18.2173,0.341873,-25.348,16.9475,5.36752,-1.85299,0.672527,-0.118683,0.0154495,0.0135422,-0.42401,0.574311,-1.99454,1.92664,-0.753223,0.640306,0.129511,-5.09556,-0.0818522,0.108524,-0.626675,0.577208,-2.27274,2.10893,-0.600559,0.581263,0,0,-0.0305252,-0.00610542,-0.0183144,-0.054945,-0.00610542,-0.00610542,-0.00488472,-0.00488472,-0.0109901,-0.0109901,
-8.72272,8.95345,-18.1437,0.518208,-24.8804,15.7828,5.38409,-2.16888,0.77079,-0.113946,-8.1563,8.05861,-18.315,0.146515,-25.2503,16.6544,5.3812,-1.94872,0.698902,-0.145054,0.0139236,0.0135422,-0.42401,0.57393,-1.99454,1.92702,-0.753223,0.640306,0.129511,-5.09556,-0.086455,0.112414,-0.625404,0.57867,-2.27079,2.10259,-0.603909,0.579816,0,0,-0.103785,-0.0183144,0.00610542,-0.0305252,0.00610542,0.00610542,-0.00488472,-0.00488472,-0.0109901,-0.0109901,
-9.28832,9.21283,-18.0138,0.418234,-24.4086,15.2491,5.45814,-2.34184,0.777456,-0.117187,-8.84004,8.44933,-18.315,0.146515,-25.0549,15.873,5.3265,-2.19487,0.725273,-0.145054,0.0131607,0.0135422,-0.42401,0.574311,-1.99454,1.92664,-0.753223,0.640306,0.129511,-5.09556,-0.0910604,0.115703,-0.624367,0.578755,-2.26595,2.09587,-0.601853,0.575011,0,0,-0.0305252,-0.00610542,-0.00610542,-0.00610542,-0.00610542,-0.00610542,-0.00488472,-0.00488472,0.0109901,-0.0109901,
-9.66311,9.57289,-17.8096,0.797004,-24.0647,14.9447,5.28625,-2.32475,0.802025,-0.103817,-9.03542,8.84004,-18.2173,0.244202,-24.8596,15.4823,5.31282,-2.27692,0.725273,-0.145054,0.0123978,0.0139236,-0.42401,0.574311,-1.99454,1.92664,-0.753223,0.640306,0.129511,-5.09594,-0.0963946,0.120086,-0.622098,0.582963,-2.26173,2.09249,-0.606627,0.575486,0,0,-0.0427341,-0.00610542,-0.00610542,-0.00610542,0.00610542,-0.00610542,-0.00488472,-0.00488472,-0.0109901,-0.0329666,
-9.8764,9.90636,-17.8188,0.97292,-23.4085,14.854,5.12634,-2.30228,0.804551,-0.108533,-9.32845,9.32845,-18.022,0.537247,-24.2735,14.9939,5.23077,-2.37265,0.751648,-0.145054,0.0101089,0.0139236,-0.42401,0.574311,-1.99416,1.92588,-0.753223,0.640306,0.129511,-5.09594,-0.102681,0.123791,-0.621793,0.584918,-2.25487,2.0895,-0.611069,0.57611,0,0,-0.0915756,-0.00610542,0.00610542,-0.00610542,-0.0183144,-0.0427341,-0.00488472,-0.00488472,-0.0109901,-0.0109901,
-10.3179,10.3002,-18.0673,0.989866,-23.1667,14.6081,5.18788,-2.43359,0.800126,-0.0970263,-9.91454,9.62149,-17.9243,0.634918,-23.9805,14.9939,5.14872,-2.3453,0.751648,-0.145054,0.00858307,0.0135422,-0.42401,0.574311,-1.99416,1.92512,-0.753223,0.640306,0.129511,-5.09556,-0.107892,0.127379,-0.624555,0.585106,-2.25218,2.08519,-0.60936,0.572462,0,0,-0.054945,-0.0183144,0.00610542,-0.00610542,-0.0183144,-0.0671558,-0.00488472,-0.00488472,-0.0109901,-0.0109901,
-10.7255,10.5815,-18.2405,1.06546,-23.4454,14.567,5.18143,-2.46972,0.791084,-0.0792378,-10.4029,9.91454,-18.1197,0.732605,-23.6874,14.6032,5.12137,-2.46838,0.778023,-0.145054,0.0082016,0.0139236,-0.42401,0.574693,-1.9934,1.92321,-0.753223,0.640306,0.129511,-5.09556,-0.111582,0.131292,-0.627293,0.587142,-2.25248,2.08201,-0.609539,0.571459,0,0,-0.0183144,-0.00610542,-0.0183144,0.0183144,0.0427341,-0.0915756,-0.00488472,-0.00488472,-0.0109901,-0.0109901,
-10.9891,10.8913,-18.3443,1.44814,-23.4525,14.7372,4.96143,-2.3009,0.774669,-0.0549044,-10.5983,10.2076,-18.315,0.927963,-23.6874,14.6032,5.06667,-2.5094,0.751648,-0.145054,0.00782013,0.0139236,-0.424392,0.574693,-1.99226,1.92168,-0.753223,0.640688,0.129511,-5.09556,-0.115298,0.134734,-0.628014,0.590173,-2.25101,2.08238,-0.61565,0.57653,0,0,-0.0305252,-0.00610542,0.00610542,-0.0183144,0.054945,-0.0915756,-0.00488472,-0.00488472,-0.0109901,-0.0109901,
-10.9903,11.1254,-18.9215,1.2443,-23.4194,15.3144,4.64648,-2.1179,0.743448,-0.0221852,-10.7937,10.5983,-18.5104,1.02563,-23.7851,14.9939,4.92992,-2.41368,0.751648,-0.092308,0.00591278,0.0139236,-0.42401,0.575074,-1.99111,1.91863,-0.753223,0.640688,0.129511,-5.09556,-0.119254,0.136929,-0.634453,0.58951,-2.2495,2.0833,-0.624399,0.582102,0,0,-0.0915756,-0.0183144,-0.00610542,0.0183144,0.054945,-0.164835,-0.00488472,0.00488472,-0.0109901,-0.0109901,
-11.2122,11.2076,-19.3093,0.901466,-23.7558,15.5043,4.5528,-2.03848,0.709407,0.0171151,-11.0867,10.696,-18.8034,0.830276,-23.7851,15.3846,4.80684,-2.27692,0.725273,-0.092308,0.00514984,0.0143051,-0.424392,0.5766,-1.9892,1.91558,-0.753223,0.640688,0.129511,-5.09556,-0.120855,0.13863,-0.639143,0.590076,-2.25011,2.08113,-0.627001,0.584308,0,0,-0.0427341,-0.00610542,-0.00610542,0.103785,0.0915756,-0.201466,-0.00488472,0.00488472,-0.0109901,-0.0109901,
-11.002,11.4556,-19.1716,1.52354,-23.9461,15.8136,4.20879,-1.86673,0.671053,0.0610652,-11.1844,10.989,-19.1941,0.927963,-24.0781,15.3846,4.53333,-2.14017,0.698902,-0.0395622,0.00400543,0.0143051,-0.424773,0.576982,-1.98692,1.91215,-0.753223,0.641832,0.129511,-5.09556,-0.121292,0.14098,-0.638808,0.594113,-2.24993,2.08277,-0.636557,0.592177,0,0,-0.0915756,-0.0183144,-0.0305252,0.00610542,0.0915756,-0.152626,-0.00488472,0.0439568,-0.0109901,-0.0109901,
-11.4284,11.3731,-19.4466,1.73876,-24.2164,16.5261,3.83492,-1.40733,0.628761,0.0949424,-11.3797,11.1844,-19.4872,1.22101,-24.3712,15.9707,4.20513,-2.00342,0.672527,-0.0131874,0.00400543,0.0146866,-0.424773,0.576982,-1.98425,1.90871,-0.753223,0.642214,0.129511,-5.09556,-0.122773,0.141258,-0.641457,0.596505,-2.24945,2.08684,-0.646942,0.604831,0,0,0.00610542,0.00610542,-0.0183144,0.00610542,0.115995,-0.164835,-0.00488472,0.0341873,-0.0109901,0.0109901,
-11.442,11.3468,-19.6226,1.94257,-24.5538,17.2836,3.35038,-0.75875,0.581101,0.153322,-11.4774,11.1844,-19.5849,1.41637,-24.4689,16.4591,3.91795,-1.77094,0.619781,0.0395622,0.00400543,0.0146866,-0.424773,0.576982,-1.98234,1.90604,-0.753223,0.642595,0.129511,-5.09556,-0.122517,0.140965,-0.643413,0.598769,-2.25129,2.09177,-0.660401,0.622252,0,0,0.0183144,0.00610542,-0.0183144,0.00610542,0.115995,-0.189255,-0.00488472,0.0146523,-0.0109901,-0.0109901,
-11.2837,11.1124,-19.9623,1.89709,-24.6956,17.7938,3.06715,-0.645641,0.528289,0.202496,-11.5751,11.0867,-19.6825,1.61172,-24.7619,16.9475,3.54872,-1.40171,0.593407,0.0659332,0.00400543,0.0150681,-0.424773,0.576982,-1.98005,1.90261,-0.753223,0.645266,0.129511,-5.09556,-0.121166,0.138743,-0.64678,0.597857,-2.25099,2.09482,-0.668757,0.632948,0,0,0.00610542,0.00610542,-0.00610542,-0.00610542,0.103785,-0.164835,-0.0146523,0.112331,-0.0109901,-0.0109901,
-11.103,10.8427,-19.9068,2.08631,-24.9863,18.4114,2.80951,-0.358142,0.474722,0.248354,-11.4774,10.8913,-20.0733,1.7094,-24.9573,17.9243,3.12479,-0.827351,0.514286,0.118683,0.00400543,0.015831,-0.424773,0.577363,-1.97738,1.89879,-0.754368,0.648699,0.129511,-5.09556,-0.119158,0.137323,-0.64657,0.600748,-2.25236,2.09828,-0.678524,0.644367,0,0,0.00610542,0.0305252,-0.0183144,0.00610542,0.0793648,-0.152626,-0.0439568,0.112331,-0.0109901,-0.0109901,
-10.7947,10.6975,-20.1078,2.12534,-25.5473,18.9654,2.39405,0.397996,0.415957,0.289515,-11.3797,10.7937,-20.0733,1.80708,-25.2503,18.315,2.86496,-0.444445,0.46154,0.171429,0.00400543,0.015831,-0.424773,0.577363,-1.97585,1.89689,-0.755131,0.64908,0.129511,-5.09556,-0.11614,0.134081,-0.647582,0.601181,-2.25666,2.10375,-0.690827,0.66038,0,0,-0.00610542,-0.0183144,0.0183144,0.00610542,0.0915756,-0.115995,-0.0439568,0.00488472,-0.0109901,-0.0109901,
-10.4788,10.3669,-19.771,2.42499,-25.8589,19.6686,2.13241,0.507314,0.358596,0.326767,-11.0867,10.5983,-20.1709,1.90475,-25.7387,18.9011,2.5094,-0.157265,0.408791,0.224174,0.0043869,0.015831,-0.424773,0.577744,-1.97433,1.8946,-0.756275,0.650988,0.129511,-5.09556,-0.11184,0.130408,-0.644654,0.604892,-2.25982,2.11009,-0.700705,0.671185,0,0,0.00610542,-0.0183144,-0.00610542,0.00610542,0.054945,-0.0915756,-0.0732594,0.122101,-0.0109901,-0.0109901,
-10.1462,9.88049,-19.9055,2.22517,-26.4911,20.4162,1.86611,0.698339,0.300242,0.358495,-10.8913,10.3053,-19.8779,2.00244,-26.0318,19.2918,2.24957,0.184616,0.356045,0.250549,0.00476837,0.015831,-0.425155,0.578126,-1.97318,1.89307,-0.75742,0.653658,0.129129,-5.09556,-0.107357,0.125411,-0.647344,0.60346,-2.2657,2.11687,-0.708758,0.680626,0,0,0.0183144,-0.00610542,-0.0305252,0.0183144,0.054945,-0.0915756,-0.0634918,0.151403,-0.0109901,-0.0109901,
-9.79391,9.43763,-19.8261,1.89443,-26.6718,20.6969,1.87346,1.00329,0.247392,0.383014,-10.7937,10.1099,-19.8779,2.1978,-26.1294,19.6825,2.07179,0.48547,0.303295,0.303295,0.00553131,0.0154495,-0.425536,0.578507,-1.9728,1.89231,-0.758945,0.654802,0.129129,-5.09556,-0.102272,0.120516,-0.646029,0.600167,-2.26936,2.12085,-0.709591,0.682916,0,0,0.0305252,0.00610542,-0.00610542,0.0183144,-0.00610542,-0.0427341,-0.0537243,0.00488472,-0.0109901,-0.0109901,
-9.37432,9.06281,-19.8308,1.55147,-27.0445,20.9131,1.92639,0.782564,0.204085,0.400075,-10.2076,9.5238,-19.8779,1.90475,-26.7155,20.3663,1.72991,0.8547,0.250549,0.32967,0.00667572,0.0154495,-0.425918,0.578507,-1.97318,1.89231,-0.758945,0.655565,0.129129,-5.09556,-0.0964658,0.115944,-0.647277,0.595542,-2.27388,2.12447,-0.705679,0.678524,0,0,0.0305252,-0.00610542,-0.0305252,-0.00610542,-0.00610542,-0.00610542,-0.00488472,0.0244198,-0.0109901,-0.0109901,
-8.95851,8.70665,-19.5042,1.38124,-26.7567,21.2647,1.89139,0.790268,0.183699,0.407049,-9.71918,9.03542,-19.9756,1.41637,-26.9109,20.6593,1.81197,0.868376,0.197803,0.356045,0.00705719,0.0154495,-0.426681,0.578889,-1.97395,1.89269,-0.758945,0.655565,0.129129,-5.09556,-0.0918713,0.111987,-0.64319,0.594846,-2.27348,2.12917,-0.706651,0.677273,0,0,0.0183144,-0.00610542,0.00610542,0.0183144,-0.0671558,0.00610542,-0.00488472,-0.00488472,-0.0329666,-0.0109901,
-8.64501,8.56026,-19.5424,1.42051,-27.0559,21.6997,1.80057,0.839091,0.148325,0.405103,-9.32845,8.93773,-19.7802,1.31868,-26.7155,20.8547,1.86667,0.758974,0.145054,0.356045,0.00782013,0.0150681,-0.426681,0.578889,-1.97509,1.89307,-0.758945,0.655565,0.129129,-5.09556,-0.0868111,0.108351,-0.643615,0.594062,-2.27836,2.1356,-0.709174,0.678629,0,0,0.0427341,-0.054945,0.00610542,-0.0183144,-0.0793648,0.0427341,-0.00488472,-0.00488472,-0.0109901,-0.0109901,
-8.47074,8.28452,-18.7529,1.63878,-26.4433,22.1073,1.89662,0.742784,0.138552,0.39801,-9.03542,8.44933,-19.7802,1.22101,-27.0085,21.3431,1.78461,0.745298,0.118683,0.356045,0.00934601,0.0135422,-0.426299,0.578889,-1.97738,1.89422,-0.758945,0.655565,0.129129,-5.09556,-0.0821278,0.104575,-0.634461,0.596487,-2.27547,2.14169,-0.706506,0.675954,0,0,0.0793648,-0.0305252,0.00610542,-0.0183144,-0.128204,0.054945,-0.00488472,-0.00488472,-0.0109901,-0.0109901,
-7.88466,8.03806,-17.7344,2.21595,-26.1163,22.352,2.06547,0.635903,0.125948,0.381338,-8.64468,8.25397,-19.0965,1.41637,-26.5201,21.5385,1.81197,0.745298,0.092308,0.356045,0.00972748,0.0135422,-0.426299,0.578889,-1.97967,1.89612,-0.758945,0.655184,0.129129,-5.09556,-0.0768623,0.102243,-0.623144,0.6029,-2.2729,2.14835,-0.701327,0.672115,0,0,0.0305252,-0.0183144,0.00610542,-0.0183144,-0.0915756,0.115995,0.00488472,-0.0146523,0.0109901,-0.0109901,
-7.61411,7.78557,-16.9222,2.39731,-25.5953,22.2297,2.73916,0.108388,0.149225,0.3595,-8.44933,7.96092,-18.315,1.80708,-26.2271,21.9292,1.94872,0.635897,0.092308,0.356045,0.0104904,0.0131607,-0.425918,0.578889,-1.98119,1.89879,-0.758945,0.655184,0.129129,-5.09556,-0.0726863,0.0990566,-0.613331,0.604915,-2.26823,2.15088,-0.683102,0.65795,0,0,0.0427341,-0.0183144,0.0183144,-0.0183144,-0.0793648,0.152626,-0.00488472,-0.00488472,-0.0109901,-0.0109901,
-7.56824,7.32392,-17.0439,1.84811,-25.1594,22.2003,3.32745,-0.434733,0.164956,0.331976,-8.05861,7.66789,-17.2405,2.1978,-25.5434,22.0269,2.52308,0.307692,0.092308,0.32967,0.0123978,0.0135422,-0.425536,0.578889,-1.98348,1.90146,-0.758564,0.655184,0.129129,-5.09556,-0.0694552,0.0959365,-0.614303,0.59922,-2.2669,2.152,-0.665402,0.641887,0,0,0.0671558,0.0305252,0.0183144,-0.00610542,-0.115995,0.115995,0.0146523,-0.0244198,-0.0109901,-0.0109901,
-7.29773,7.28641,-17.0278,1.4555,-24.9774,21.7608,3.74947,-0.889514,0.184844,0.300919,-7.86325,7.37485,-17.0452,2.10013,-25.1526,21.9292,2.93333,-0.11624,0.118683,0.32967,0.0135422,0.0135422,-0.425536,0.578507,-1.98577,1.90413,-0.757801,0.654039,0.129129,-5.09556,-0.0657122,0.0942987,-0.614938,0.593662,-2.26716,2.1506,-0.650475,0.625668,0,0,0.054945,-0.00610542,-0.00610542,-0.0305252,-0.115995,0.140415,0.0634918,-0.0732594,-0.0109901,-0.0109901,
-7.17944,7.04024,-17.6611,0.673132,-25.2228,21.3045,4.12995,-1.3448,0.209913,0.265435,-7.66789,7.17949,-17.1429,1.7094,-25.0549,21.5385,3.28889,-0.417093,0.118683,0.303295,0.0150681,0.0135422,-0.425536,0.577744,-1.98806,1.90681,-0.756275,0.653276,0.129129,-5.09556,-0.062058,0.0919706,-0.621974,0.584206,-2.27218,2.14861,-0.637403,0.612746,0,0,0.0793648,0.00610542,-0.00610542,-0.0305252,-0.115995,0.152626,0.0830288,-0.0634918,-0.0109901,-0.0109901,
-7.05038,7.04487,-17.7301,0.487107,-25.2293,20.6461,4.55782,-1.43054,0.231136,0.230759,-7.57021,6.98413,-17.6313,1.22101,-25.1526,20.757,4.01368,-0.909401,0.171429,0.250549,0.0165939,0.0131607,-0.425536,0.576219,-1.99073,1.911,-0.754749,0.650606,0.129129,-5.09556,-0.0586911,0.0908265,-0.622741,0.577764,-2.27492,2.1463,-0.625457,0.602322,0,0,0.0915756,-0.0183144,-0.00610542,-0.115995,-0.115995,0.177046,0.0537243,-0.17094,0.0109901,-0.0109901,
-6.66802,6.93514,-17.5272,0.340588,-25.0862,20.2242,5.35682,-2.05006,0.282601,0.191761,-7.17949,6.78877,-18.022,0.537247,-25.2503,20.2686,4.49231,-1.52479,0.197803,0.224174,0.0169754,0.0135422,-0.424773,0.575074,-1.99302,1.91482,-0.754749,0.647554,0.129129,-5.09556,-0.0569102,0.0899888,-0.618502,0.57662,-2.27521,2.14503,-0.605704,0.585968,0,0,0.00610542,-0.0183144,0.0305252,-0.0671558,-0.103785,0.164835,0.00488472,-0.0927963,-0.0109901,-0.0109901,
-6.68282,6.86197,-17.5761,0.352327,-24.769,19.9743,5.62736,-2.49963,0.324713,0.152193,-6.88644,6.78877,-17.9243,0.43956,-24.9573,19.8779,4.99829,-2.01709,0.224174,0.171429,0.0169754,0.0135422,-0.424392,0.572785,-1.99531,1.91901,-0.753605,0.647554,0.129129,-5.09556,-0.0574816,0.0891758,-0.61785,0.573241,-2.27439,2.14726,-0.593626,0.576899,0,0,-0.00610542,-0.0183144,0.054945,-0.103785,-0.115995,0.189255,0.0732594,-0.0244198,-0.0109901,-0.0109901,
-7.10101,6.89736,-17.0476,0.659322,-24.0832,20.0017,6.07541,-2.73752,0.367544,0.128125,-6.88644,6.69109,-17.6313,0.341873,-24.7619,19.5849,5.55898,-2.42735,0.250549,0.145054,0.0177383,0.0135422,-0.423629,0.571259,-1.99798,1.92206,-0.752842,0.646791,0.129129,-5.09556,-0.0597373,0.089976,-0.612436,0.575126,-2.26984,2.1498,-0.583348,0.568551,0,0,0.0427341,-0.00610542,0.0183144,-0.103785,-0.128204,0.164835,0.0146523,-0.0439568,-0.0109901,-0.0329666,
-7.14353,6.97818,-16.2034,0.680702,-23.7074,19.5464,6.71754,-3.06456,0.402288,0.0790635,-7.0818,6.69109,-17.3382,0.244202,-24.3712,19.4872,5.8735,-2.70086,0.303295,0.118683,0.0177383,0.0135422,-0.42401,0.570497,-1.9995,1.9255,-0.75246,0.645647,0.129129,-5.09556,-0.0618377,0.090467,-0.604658,0.577449,-2.26556,2.14777,-0.56513,0.559299,0,0,-0.00610542,-0.0183144,-0.0183144,-0.0183144,-0.0793648,0.152626,0.0146523,-0.0244198,0.0109901,-0.0109901,
-7.5,7.05287,-15.9979,0.892156,-23.4895,19.0786,6.9358,-3.27041,0.462238,0.0438751,-7.27716,6.78877,-16.5568,0.830276,-23.8828,19.1941,6.39316,-2.97436,0.356045,0.0659332,0.0181198,0.0135422,-0.42401,0.569352,-2.00065,1.92893,-0.751316,0.645647,0.129129,-5.09556,-0.06501,0.0917038,-0.602783,0.57662,-2.26347,2.14682,-0.554504,0.553581,0,0,0.00610542,-0.00610542,-0.0305252,-0.0793648,-0.054945,0.177046,0.0830288,-0.0244198,-0.0109901,-0.0109901,
-7.77553,7.17138,-16.3405,1.01962,-23.4472,18.9094,6.53381,-2.8953,0.511145,0.00699215,-7.57021,6.88644,-16.2637,1.12332,-23.5897,18.7057,6.50256,-3.15214,0.408791,0.0131874,0.0177383,0.0139236,-0.42401,0.567063,-2.00179,1.93236,-0.748264,0.644121,0.129511,-5.09556,-0.069267,0.0938092,-0.605367,0.574526,-2.26415,2.14633,-0.557734,0.559056,0,0,-0.0183144,0.00610542,0.00610542,-0.115995,-0.054945,0.115995,0.180708,-0.0927963,-0.0109901,-0.0109901,
-8.00036,7.46175,-16.6415,1.0521,-23.6099,18.3524,6.201,-2.80052,0.55978,-0.0270485,-7.76556,6.98413,-16.3614,1.22101,-23.6874,18.5104,6.46154,-3.12479,0.435165,-0.0131874,0.0177383,0.0135422,-0.423629,0.564393,-2.00256,1.93503,-0.74445,0.64374,0.129129,-5.09556,-0.0717651,0.0958401,-0.608738,0.571403,-2.26631,2.14322,-0.563652,0.565703,0,0,-0.0183144,-0.0183144,-0.00610542,-0.140415,-0.0427341,0.128204,0.17094,-0.00488472,-0.0109901,-0.0109901,
-7.96916,7.58149,-16.6556,1.0499,-23.8618,17.8002,6.19394,-2.57172,0.604448,-0.0572304,-7.96092,7.17949,-16.6544,0.927963,-23.8828,18.1197,6.46154,-2.83761,0.487911,-0.0659332,0.0165939,0.0135422,-0.423629,0.562486,-2.00256,1.93771,-0.742542,0.64374,0.129511,-5.09556,-0.0737838,0.0975775,-0.608895,0.57232,-2.26748,2.13935,-0.568779,0.572059,0,0,-0.054945,-0.00610542,-0.00610542,-0.054945,0.00610542,0.115995,0.0341873,-0.00488472,-0.0109901,-0.0109901,
-8.3582,7.68524,-16.9548,0.899324,-23.9798,17.4372,6.13413,-2.4277,0.644726,-0.0844289,-8.1563,7.37485,-16.7521,0.927963,-23.9805,17.6313,6.24274,-2.65983,0.540661,-0.0659332,0.0165939,0.0135422,-0.423629,0.560578,-2.00256,1.93999,-0.742542,0.64374,0.129511,-5.09556,-0.0764784,0.0991373,-0.612626,0.56996,-2.26961,2.13598,-0.572394,0.576548,0,0,-0.00610542,0.00610542,-0.0183144,-0.0183144,-0.0183144,0.0671558,-0.00488472,0.00488472,-0.0109901,-0.0109901,
-8.51418,7.98449,-17.4137,0.546951,-24.0113,16.9396,6.17416,-2.59311,0.675568,-0.10694,-8.35165,7.47253,-17.0452,0.732605,-24.1758,17.4359,6.11966,-2.52308,0.567032,-0.118683,0.0162125,0.0135422,-0.42401,0.560578,-2.00256,1.94038,-0.742542,0.64374,0.129511,-5.09556,-0.079,0.101648,-0.617699,0.566045,-2.26996,2.1288,-0.571282,0.571465,0,0,-0.0183144,-0.0183144,-0.00610542,-0.0183144,-0.0183144,0.00610542,-0.00488472,-0.00488472,-0.0109901,-0.0109901,
-8.66555,8.24514,-18.0063,0.184826,-24.4885,16.2021,6.11147,-2.71657,0.700209,-0.126307,-8.44933,7.66789,-17.4359,0.537247,-24.1758,16.9475,6.07863,-2.59145,0.619781,-0.145054,0.0154495,0.0135422,-0.42401,0.560578,-2.00256,1.94038,-0.742542,0.64374,0.129511,-5.09556,-0.0818518,0.104951,-0.624284,0.562021,-2.27485,2.1206,-0.573023,0.568035,0,0,-0.0305252,-0.00610542,-0.00610542,-0.0183144,-0.00610542,0.00610542,-0.00488472,-0.00488472,-0.0109901,-0.0109901,
-8.6614,8.54498,-18.4863,-0.133245,-24.9392,15.5138,6.06084,-2.86263,0.720672,-0.140872,-8.44933,7.96092,-17.9243,0.244202,-24.5665,16.2637,6.06496,-2.64615,0.646152,-0.145054,0.0146866,0.0135422,-0.423629,0.560578,-2.00217,1.94038,-0.742542,0.64374,0.129511,-5.09556,-0.0841967,0.108283,-0.629236,0.558894,-2.27907,2.11214,-0.57443,0.563978,0,0,-0.0793648,-0.00610542,-0.00610542,-0.00610542,0.00610542,-0.0183144,-0.00488472,-0.00488472,-0.0109901,-0.0109901,
-8.97589,8.82365,-18.7369,-0.344669,-24.9076,14.852,6.04357,-3.08726,0.736748,-0.148406,-8.74237,8.25397,-18.5104,-0.146515,-24.9573,15.3846,6.02393,-2.82393,0.672527,-0.171429,0.0131607,0.0135422,-0.423629,0.560197,-2.00217,1.94038,-0.742542,0.64374,0.129511,-5.09556,-0.0875889,0.111379,-0.632427,0.555757,-2.27913,2.10479,-0.57491,0.557738,0,0,-0.0305252,-0.00610542,-0.0183144,-0.0183144,-0.00610542,-0.0183144,-0.00488472,-0.00488472,-0.0109901,-0.0109901,
-9.1844,9.0994,-18.9635,-0.613757,-24.9975,14.0706,6.06015,-3.23276,0.751934,-0.152016,-8.93773,8.54701,-18.6081,-0.341873,-25.0549,14.9939,5.99658,-2.96068,0.672527,-0.171429,0.0127792,0.0135422,-0.423629,0.560197,-2.00217,1.94038,-0.742542,0.64374,0.129511,-5.09556,-0.0902872,0.114443,-0.634944,0.553174,-2.28013,2.09651,-0.574449,0.553697,0,0,-0.0305252,-0.00610542,-0.0183144,-0.00610542,-0.00610542,-0.00610542,-0.00488472,-0.00488472,-0.0109901,-0.0109901,
-9.16359,9.52853,-18.7446,-0.277876,-24.5007,13.7214,5.8066,-3.23538,0.759264,-0.147226,-9.03542,8.84004,-19.0965,-0.732605,-25.1526,14.0171,5.99658,-3.23419,0.698902,-0.197803,0.0104904,0.0131607,-0.42401,0.560197,-2.00179,1.94038,-0.742542,0.64374,0.129511,-5.09556,-0.0947867,0.118016,-0.63208,0.556499,-2.27463,2.09263,-0.581492,0.553624,0,0,-0.103785,-0.0305252,0.00610542,-0.0183144,-0.0183144,-0.00610542,-0.00488472,-0.00488472,-0.0109901,-0.0109901,
-9.67976,9.81209,-18.7835,0.0199581,-24.2104,13.3034,5.84764,-3.34014,0.764016,-0.135602,-9.23077,9.13309,-18.9988,-0.537247,-24.9573,13.7241,5.90086,-3.23419,0.698902,-0.197803,0.00972748,0.0131607,-0.423629,0.559434,-2.00179,1.94038,-0.742542,0.64374,0.129511,-5.09556,-0.0996569,0.121573,-0.632538,0.557824,-2.27059,2.08799,-0.580352,0.550714,0,0,-0.054945,-0.0183144,-0.00610542,-0.054945,0.00610542,-0.00610542,-0.00488472,-0.00488472,-0.0109901,-0.0109901,
-10.1818,10.1037,-18.1712,0.542896,-23.5539,13.1479,5.90268,-3.44785,0.765088,-0.103194,-9.71918,9.42613,-18.9011,-0.341873,-24.5665,13.2357,5.77778,-3.35727,0.725273,-0.171429,0.00896454,0.0135422,-0.42401,0.559052,-2.00141,1.94038,-0.742542,0.64374,0.129511,-5.09594,-0.105184,0.125602,-0.626116,0.564474,-2.2617,2.08585,-0.578823,0.547722,0,0,-0.0305252,-0.00610542,-0.00610542,-0.0183144,0.0427341,-0.0183144,-0.00488472,-0.00488472,-0.0109901,-0.0329666,
-10.7971,10.3749,-18.2109,0.82684,-23.3487,13.1004,5.88885,-3.42338,0.759173,-0.090449,-10.1099,9.71918,-18.5104,0.0488434,-23.9805,13.138,5.83248,-3.42564,0.725273,-0.145054,0.00896454,0.0135422,-0.42401,0.559052,-2.00027,1.93999,-0.742542,0.64374,0.129511,-5.09556,-0.1108,0.129022,-0.626557,0.567629,-2.25746,2.08494,-0.579207,0.548402,0,0,0.00610542,0.00610542,-0.00610542,-0.0183144,0.0671558,-0.0183144,-0.00488472,-0.00488472,-0.0109901,-0.0109901,
-11.088,10.7015,-18.5048,1.02315,-23.2707,13.5569,5.52982,-3.17445,0.743127,-0.0607369,-10.5983,10.0122,-18.315,0.43956,-23.5897,13.2357,5.83248,-3.45299,0.725273,-0.145054,0.00858307,0.0139236,-0.42401,0.559434,-1.99912,1.93847,-0.742542,0.64374,0.129511,-5.09556,-0.115635,0.133033,-0.63023,0.570599,-2.25626,2.08605,-0.58918,0.555316,0,0,-0.0305252,0.00610542,-0.0183144,-0.00610542,0.0427341,-0.0915756,-0.00488472,-0.00488472,-0.0109901,-0.0109901,
-11.2199,11.002,-18.9053,1.17117,-23.2364,13.962,5.33243,-3.05429,0.7173,-0.0229386,-10.8913,10.4029,-18.6081,0.732605,-23.6874,13.6264,5.51795,-3.20684,0.725273,-0.118683,0.00743866,0.0139236,-0.42401,0.559434,-1.99798,1.93542,-0.742542,0.64374,0.129511,-5.09556,-0.119465,0.136371,-0.634679,0.572243,-2.25392,2.08587,-0.594663,0.558654,0,0,-0.0671558,0.00610542,-0.0183144,-0.00610542,0.0671558,-0.140415,-0.00488472,-0.00488472,-0.0109901,-0.0109901,
-11.195,11.3282,-19.1403,1.36372,-23.1799,14.2654,4.93606,-2.7763,0.681588,0.0205198,-10.8913,10.5983,-18.7057,0.830276,-23.5897,13.9194,5.42222,-3.22051,0.698902,-0.092308,0.00553131,0.0139236,-0.42401,0.559815,-1.99645,1.93313,-0.742542,0.64374,0.129511,-5.09556,-0.122317,0.138776,-0.636476,0.575171,-2.25177,2.08695,-0.605674,0.566376,0,0,-0.103785,-0.0305252,0.00610542,0.00610542,0.0671558,-0.140415,-0.00488472,-0.00488472,-0.0109901,-0.0109901,
-11.4126,11.2778,-19.1057,1.51693,-23.2192,14.6273,4.86531,-2.65935,0.64503,0.0683763,-11.2821,10.989,-19.1941,1.02563,-23.5897,14.3101,4.92992,-2.85128,0.672527,-0.0395622,0.00476837,0.0143051,-0.42401,0.560197,-1.99454,1.92969,-0.742542,0.644121,0.129511,-5.09556,-0.12387,0.140225,-0.636907,0.578476,-2.24908,2.08713,-0.608127,0.570495,0,0,-0.054945,0.0183144,-0.0183144,0.0427341,0.103785,-0.152626,-0.0146523,0.00488472,-0.0109901,-0.0109901,
-11.6044,11.3561,-19.026,1.64365,-22.8951,15.2584,4.62368,-2.4105,0.601862,0.118696,-11.5751,11.0867,-19.1941,1.02563,-23.5897,14.7009,4.83419,-2.74188,0.646152,-0.0131874,0.00400543,0.0143051,-0.424392,0.561723,-1.99264,1.92664,-0.742542,0.644121,0.129511,-5.09556,-0.125543,0.140281,-0.635995,0.582224,-2.24397,2.08987,-0.614839,0.576919,0,0,-0.0183144,-0.00610542,-0.00610542,0.0671558,0.0915756,-0.189255,-0.0146523,-0.00488472,-0.0109901,-0.0109901,
-11.5331,11.319,-19.9121,1.26731,-23.6132,15.7626,4.02154,-1.78551,0.548218,0.16647,-11.6728,11.1844,-19.1941,1.31868,-23.199,15.1893,4.61538,-2.59145,0.593407,0.0659332,0.00400543,0.0143051,-0.424773,0.562486,-1.99111,1.92245,-0.742924,0.644503,0.129511,-5.09556,-0.12475,0.139868,-0.646629,0.578398,-2.25124,2.09291,-0.631947,0.595638,0,0,-0.0183144,-0.00610542,-0.0183144,0.054945,0.0671558,-0.140415,-0.0146523,0.0146523,-0.0109901,-0.0109901,
-11.2987,11.2439,-19.5649,1.71623,-23.8015,16.6035,3.76429,-1.80403,0.497729,0.226777,-11.7704,11.1844,-19.3895,1.22101,-23.6874,15.9707,4.23248,-2.46838,0.540661,0.092308,0.00362396,0.0143051,-0.424773,0.564012,-1.98882,1.91863,-0.742924,0.646029,0.129511,-5.09556,-0.122528,0.139034,-0.642771,0.586133,-2.24942,2.09558,-0.638604,0.601533,0,0,-0.0183144,-0.00610542,-0.0183144,0.0915756,0.115995,-0.225885,-0.00488472,0.112331,-0.0109901,-0.0329666,
-11.2203,11.0841,-19.7225,1.87546,-24.4612,17.1888,3.68752,-1.43495,0.443394,0.259583,-11.5751,11.1844,-19.5849,1.41637,-24.1758,16.3614,4.01368,-1.88034,0.487911,0.145054,0.00400543,0.0139236,-0.425918,0.564393,-1.98615,1.9152,-0.744068,0.64908,0.129511,-5.09556,-0.120868,0.136876,-0.647295,0.585842,-2.25367,2.10028,-0.646277,0.61386,0,0,-0.00610542,-0.00610542,-0.0671558,0.0183144,0.128204,-0.177046,-0.0927963,0.0927963,-0.0109901,-0.0109901,
-11.0231,10.8247,-19.3652,2.17306,-24.6953,17.9097,3.35425,-0.856462,0.389264,0.297156,-11.4774,10.989,-19.6825,1.61172,-24.5665,16.8498,3.80855,-1.64786,0.46154,0.197803,0.00400543,0.0143051,-0.426681,0.565156,-1.98386,1.91215,-0.745594,0.649843,0.129511,-5.09556,-0.11827,0.134783,-0.642867,0.590726,-2.25439,2.10565,-0.656572,0.627762,0,0,0.00610542,0.00610542,-0.0305252,0.0427341,0.115995,-0.164835,-0.0830288,0.0341873,-0.0109901,-0.0109901,
-10.9064,10.5283,-20.0641,1.76365,-25.1186,18.9608,3.035,-0.521502,0.317856,0.330317,-11.2821,10.7937,-19.6825,1.80708,-24.8596,18.022,3.46667,-1.27863,0.382416,0.224174,0.0043869,0.0139236,-0.426681,0.566682,-1.98158,1.90757,-0.747501,0.652132,0.129511,-5.09556,-0.116185,0.130294,-0.649411,0.588109,-2.25843,2.11194,-0.668324,0.641797,0,0,0.0183144,-0.0183144,0.00610542,0.054945,0.0671558,-0.189255,-0.102564,0.0830288,0.0109901,-0.0109901,
-10.4907,10.0831,-20.5301,1.50745,-25.4164,19.5564,2.57437,-0.481512,0.269697,0.360445,-11.1844,10.696,-19.6825,1.90475,-24.9573,18.4127,3.09743,-1.11453,0.356045,0.276924,0.0043869,0.0139236,-0.426681,0.566682,-1.98081,1.9049,-0.747883,0.654802,0.129129,-5.09556,-0.11238,0.126161,-0.65459,0.583635,-2.2622,2.11588,-0.677105,0.648509,0,0,-0.00610542,0.00610542,0.00610542,0.00610542,0.0305252,-0.189255,-0.0146523,0.141636,-0.0109901,-0.0109901,
-10.0648,10.0323,-19.7255,2.1589,-25.9826,19.7325,2.27473,0.107526,0.219632,0.382748,-10.7937,10.1099,-20.5617,1.61172,-25.641,19.0965,2.6188,-0.430769,0.276924,0.303295,0.0043869,0.0135422,-0.426681,0.566682,-1.97967,1.90261,-0.747883,0.655565,0.129511,-5.09556,-0.106834,0.124402,-0.646463,0.589652,-2.26694,2.11962,-0.685917,0.658308,0,0,0.0183144,-0.0183144,-0.0183144,-0.0305252,0.0427341,-0.0671558,-0.0244198,-0.00488472,-0.0109901,-0.0109901,
-9.82216,9.61394,-19.105,2.48705,-25.9606,20.421,2.21315,0.361763,0.181105,0.396681,-10.5006,9.91454,-20.0733,1.7094,-26.0318,19.4872,2.4547,-0.321367,0.224174,0.303295,0.00476837,0.0135422,-0.426681,0.5663,-1.97929,1.90223,-0.748646,0.655947,0.129129,-5.09556,-0.102942,0.12016,-0.638755,0.593731,-2.26713,2.12811,-0.690344,0.666728,0,0,0.0427341,-0.00610542,0.00610542,-0.00610542,0.0183144,-0.0305252,-0.0634918,0.0146523,-0.0109901,-0.0109901,
-9.71151,9.07451,-19.4347,1.79418,-25.7383,20.9897,2.21097,0.0996713,0.148989,0.404626,-10.3053,9.62149,-19.3895,2.10013,-25.9341,20.1709,2.08547,-0.0615387,0.171429,0.356045,0.00667572,0.0135422,-0.426681,0.566682,-1.97967,1.90146,-0.749409,0.658237,0.129129,-5.09556,-0.0985845,0.114167,-0.642011,0.586821,-2.26707,2.13367,-0.688237,0.666133,0,0,0.0793648,-0.00610542,0.0183144,0.00610542,-0.0427341,-0.0305252,-0.00488472,0.102564,-0.0109901,-0.0109901,
-8.98372,8.85065,-19.036,2.04477,-25.8383,21.2819,2.19782,-0.115414,0.142642,0.401601,-9.81685,9.13309,-19.4872,1.90475,-25.8364,20.6593,2.16752,0.0888882,0.118683,0.356045,0.00667572,0.0139236,-0.426681,0.566682,-1.98043,1.90108,-0.749409,0.660525,0.129129,-5.09556,-0.0933469,0.112061,-0.637989,0.588791,-2.26935,2.13734,-0.688602,0.662448,0,0,-0.00610542,-0.00610542,0.00610542,-0.0183144,-0.054945,-0.00610542,-0.00488472,0.102564,-0.0329666,-0.0109901,
-8.70151,8.65232,-18.5464,2.06159,-25.5746,21.56,2.26872,-0.00147071,0.12374,0.377719,-9.42613,8.84004,-19.2918,1.80708,-25.8364,20.9524,2.1812,0.0341873,0.092308,0.356045,0.00705719,0.0131607,-0.426299,0.566682,-1.98158,1.90185,-0.749409,0.660907,0.129129,-5.09556,-0.0890158,0.10828,-0.63176,0.589792,-2.26838,2.14201,-0.686144,0.660622,0,0,0.0183144,-0.0305252,0.0183144,0.00610542,-0.0793648,0.0183144,0.00488472,-0.00488472,-0.0109901,0.0109901,
-8.60882,8.20592,-18.47,1.67967,-25.5066,21.7182,2.6326,-0.311369,0.124955,0.385457,-9.32845,8.54701,-18.8034,1.90475,-25.641,21.1477,2.2359,0.047863,0.092308,0.356045,0.00896454,0.0131607,-0.426299,0.566682,-1.98348,1.90261,-0.749409,0.660907,0.129129,-5.09556,-0.0836365,0.104134,-0.632132,0.585548,-2.26954,2.14535,-0.676525,0.652013,0,0,0.0915756,-0.00610542,-0.0183144,0.00610542,-0.0793648,0.0427341,-0.00488472,-0.00488472,-0.0109901,-0.0329666,
-8.04178,8.00423,-17.7736,2.04717,-25.5919,21.634,2.96379,-0.624121,0.142007,0.349791,-9.13309,8.35165,-18.7057,1.90475,-25.5434,21.1477,2.37265,-0.0205135,0.092308,0.356045,0.0101089,0.0135422,-0.426299,0.566682,-1.98425,1.90413,-0.749409,0.660907,0.129129,-5.09556,-0.0778197,0.102682,-0.624394,0.589225,-2.27043,2.14716,-0.667325,0.643326,0,0,0.0427341,0.00610542,-0.0183144,-0.00610542,-0.054945,0.0793648,-0.00488472,-0.00488472,-0.0109901,-0.0109901,
-7.95986,7.69646,-18.088,1.41338,-25.308,21.6375,3.46741,-1.04558,0.159311,0.322403,-8.44933,7.96092,-18.1197,1.80708,-25.5434,21.2454,2.85128,-0.512821,0.092308,0.32967,0.0120163,0.0131607,-0.426299,0.5663,-1.98615,1.90681,-0.749409,0.660525,0.129129,-5.09556,-0.0737811,0.0980664,-0.627481,0.581801,-2.27,2.14987,-0.652847,0.630749,0,0,0.0793648,-0.0183144,-0.00610542,-0.00610542,-0.0793648,0.0793648,0.00488472,-0.0146523,-0.0109901,-0.0109901,
-7.72141,7.40473,-18.4248,0.846608,-25.0443,21.3992,3.934,-1.55186,0.178953,0.290539,-8.35165,7.66789,-18.2173,1.80708,-25.348,21.3431,3.11111,-0.649572,0.118683,0.303295,0.0131607,0.0135422,-0.426299,0.5663,-1.98806,1.90833,-0.749409,0.660144,0.129129,-5.09556,-0.0699873,0.0956134,-0.630408,0.575097,-2.2702,2.14915,-0.640375,0.615327,0,0,0.0793648,-0.00610542,0.0183144,-0.0183144,-0.115995,0.0915756,-0.00488472,-0.0341873,-0.0109901,-0.0109901,
-7.34663,7.27372,-18.299,0.371874,-25.2969,20.7245,4.56192,-2.10506,0.208571,0.254367,-7.96092,7.27716,-18.5104,0.927963,-25.0549,20.9524,3.74017,-1.36068,0.118683,0.276924,0.0146866,0.0135422,-0.426299,0.565919,-1.98997,1.911,-0.749027,0.659381,0.129129,-5.09556,-0.0655182,0.0941577,-0.630232,0.569847,-2.27369,2.14555,-0.621086,0.597732,0,0,0.0427341,-0.00610542,-0.0183144,-0.00610542,-0.0793648,0.128204,0.0244198,-0.0634918,-0.0109901,-0.0109901,
-7.26113,7.20974,-17.9278,0.471366,-25.0268,20.5962,5.20262,-2.62806,0.230824,0.216903,-7.76556,7.17949,-18.5104,0.634918,-25.1526,20.5617,4.09573,-1.63419,0.145054,0.250549,0.0154495,0.0135422,-0.426299,0.565537,-1.99149,1.91329,-0.749027,0.658237,0.129129,-5.09556,-0.0638052,0.0934469,-0.625701,0.569757,-2.27221,2.14682,-0.604266,0.582549,0,0,0.0427341,-0.00610542,-0.00610542,-0.0305252,-0.0793648,0.140415,0.00488472,-0.0537243,0.0109901,-0.0109901,
-7.42439,7.0278,-18.3448,0.215154,-24.8663,20.1925,5.66496,-2.95334,0.283307,0.178446,-7.66789,7.0818,-18.315,0.634918,-24.9573,20.0733,4.77949,-2.24957,0.171429,0.224174,0.0169754,0.0135422,-0.425918,0.563249,-1.99378,1.91634,-0.747501,0.656329,0.129129,-5.09556,-0.0636863,0.0922393,-0.629545,0.560552,-2.27353,2.1462,-0.58599,0.568675,0,0,0.054945,0.0183144,0.00610542,-0.152626,-0.103785,0.164835,0.0830288,-0.112331,-0.0109901,-0.0109901,
-7.30107,7.2088,-17.5164,0.542388,-24.5198,19.986,6.20229,-3.39738,0.317952,0.137001,-7.47253,6.98413,-18.4127,0.244202,-24.9573,19.7802,5.53162,-2.91966,0.224174,0.171429,0.0173569,0.0135422,-0.425536,0.562486,-1.99569,1.92016,-0.746357,0.654421,0.129129,-5.09556,-0.0639696,0.0934364,-0.61996,0.565053,-2.27118,2.1469,-0.571385,0.557851,0,0,-0.00610542,-0.00610542,0.00610542,-0.103785,-0.0915756,0.140415,0.0537243,-0.0439568,0.0109901,-0.0109901,
-7.42251,7.13076,-17.5983,0.360544,-24.3065,19.8096,6.63734,-3.57997,0.359809,0.0941595,-7.47253,6.98413,-18.315,0.146515,-24.7619,19.4872,5.9282,-3.28889,0.250549,0.145054,0.0173569,0.0135422,-0.425536,0.560197,-1.9976,1.92359,-0.745975,0.654421,0.129129,-5.09556,-0.064912,0.0921623,-0.62087,0.561964,-2.27113,2.15001,-0.560384,0.554245,0,0,0.00610542,-0.0183144,0.00610542,-0.0671558,-0.103785,0.189255,0.0244198,-0.0146523,0.0109901,-0.0109901,
-7.60116,7.16622,-17.2112,0.766778,-23.7988,19.595,6.63821,-3.59386,0.403561,0.0534883,-7.47253,6.98413,-17.9243,0.43956,-24.2735,19.3895,6.28376,-3.58974,0.303295,0.092308,0.0173569,0.0135422,-0.424392,0.55829,-1.9995,1.92702,-0.74445,0.654039,0.129511,-5.09556,-0.067304,0.0933703,-0.61461,0.563757,-2.2678,2.15105,-0.555904,0.552989,0,0,-0.00610542,0.00610542,0.0305252,-0.0915756,-0.115995,0.189255,0.0830288,-0.0244198,0.0109901,-0.0109901,
-7.74696,7.27967,-16.7784,0.93982,-23.5318,19.1895,7.43012,-4.10899,0.462557,0.0203015,-7.57021,6.88644,-17.6313,0.634918,-24.1758,19.2918,6.57094,-3.61709,0.32967,0.0395622,0.0169754,0.0135422,-0.424392,0.556764,-2.00103,1.93008,-0.743305,0.653658,0.129129,-5.09556,-0.0697124,0.0942238,-0.611429,0.562933,-2.26392,2.14757,-0.535692,0.539275,0,0,-0.0183144,-0.00610542,-0.0183144,-0.128204,-0.0427341,0.128204,0.0244198,-0.00488472,-0.0109901,-0.0109901,
-8.09763,7.4663,-16.9146,0.510143,-23.3732,18.5622,7.62504,-4.21711,0.505441,-0.00340232,-7.86325,7.0818,-17.1429,0.732605,-23.6874,18.9011,7.15897,-3.9453,0.382416,0.0131874,0.0169754,0.0131607,-0.42401,0.555619,-2.00256,1.93389,-0.742542,0.653276,0.129511,-5.09556,-0.0732018,0.0955091,-0.610525,0.559456,-2.2649,2.14563,-0.528049,0.535402,0,0,-0.00610542,-0.0183144,0.0427341,-0.054945,-0.0793648,0.164835,0.0537243,-0.0146523,-0.0109901,-0.0329666,
-8.23475,7.63204,-16.9746,0.536536,-23.6922,18.185,7.86234,-4.42198,0.546147,-0.0465734,-8.05861,7.17949,-16.9475,0.634918,-23.5897,18.4127,7.55556,-4.2188,0.435165,-0.0395622,0.0169754,0.0135422,-0.424392,0.55333,-2.00332,1.93618,-0.741398,0.653276,0.129129,-5.09556,-0.0751323,0.0981392,-0.614016,0.555832,-2.26799,2.14292,-0.522267,0.530199,0,0,-0.0183144,-0.00610542,-0.0305252,-0.103785,-0.0427341,0.140415,0.0146523,-0.00488472,-0.0109901,-0.0109901,
-8.45213,7.78921,-17.3674,0.155035,-24.2287,17.5732,8.02524,-4.59861,0.586307,-0.0766182,-8.35165,7.37485,-17.1429,0.634918,-23.7851,18.1197,7.69231,-4.38291,0.487911,-0.0659332,0.0165939,0.0135422,-0.424392,0.552186,-2.00332,1.93885,-0.741016,0.653276,0.129511,-5.09556,-0.0775221,0.0998855,-0.617973,0.550449,-2.27314,2.13675,-0.515895,0.525293,0,0,-0.00610542,-0.00610542,-0.0183144,-0.103785,-0.0183144,0.0793648,0.0439568,-0.00488472,-0.0109901,-0.0109901,
-8.46013,8.02718,-18.1265,-0.16977,-24.984,16.9711,7.87916,-4.44849,0.619353,-0.10667,-8.44933,7.57021,-17.4359,0.341873,-24.3712,17.4359,7.91111,-4.58803,0.514286,-0.092308,0.0162125,0.0135422,-0.424392,0.549897,-2.0037,1.94076,-0.740253,0.653276,0.129511,-5.09556,-0.0788065,0.102123,-0.625187,0.544551,-2.28191,2.13238,-0.520167,0.529463,0,0,-0.0305252,-0.0183144,0.0183144,-0.103785,-0.0183144,0.0915756,0.0244198,-0.00488472,-0.0109901,-0.0109901,
-8.68684,8.23302,-18.6616,-0.470485,-25.563,16.555,7.76835,-4.42936,0.644701,-0.131775,-8.54701,7.66789,-17.7289,0.0488434,-24.6642,17.1429,7.96581,-4.58803,0.540661,-0.118683,0.0162125,0.0135422,-0.42401,0.54799,-2.0037,1.9419,-0.739872,0.653276,0.129511,-5.09556,-0.0801045,0.10441,-0.631565,0.540524,-2.28753,2.12727,-0.524329,0.529994,0,0,0.00610542,-0.0183144,-0.00610542,-0.0671558,0.00610542,0.0427341,-0.00488472,-0.00488472,-0.0109901,-0.0109901,
-8.77115,8.49124,-18.7858,-0.440082,-25.697,15.9737,7.72986,-4.47962,0.665275,-0.149847,-8.74237,7.96092,-18.8034,-0.43956,-25.7387,16.3614,7.70598,-4.49231,0.593407,-0.145054,0.015831,0.0135422,-0.42401,0.546082,-2.00332,1.94266,-0.739872,0.653276,0.129511,-5.09556,-0.0822367,0.107279,-0.632945,0.53814,-2.28904,2.12076,-0.525398,0.528598,0,0,-0.0183144,-0.0183144,-0.00610542,-0.0915756,-0.00610542,0.0183144,-0.00488472,-0.00488472,-0.0109901,-0.0109901,
-8.96744,8.73197,-18.5026,-0.497555,-25.7277,15.2677,7.70373,-4.44585,0.685686,-0.163799,-8.84004,8.1563,-18.9988,-0.634918,-26.0318,15.7753,7.63761,-4.50598,0.619781,-0.171429,0.015831,0.0131607,-0.42401,0.545701,-2.00332,1.94343,-0.739872,0.653276,0.129511,-5.09556,-0.0844177,0.109572,-0.629798,0.539155,-2.28898,2.11409,-0.526124,0.529536,0,0,-0.0183144,-0.0183144,-0.00610542,-0.0305252,0.00610542,0.0305252,-0.00488472,-0.00488472,-0.0109901,-0.0109901,
-8.98569,8.95761,-18.4596,-0.413101,-25.4383,14.739,7.76998,-4.6404,0.699451,-0.172097,-8.74237,8.44933,-18.7057,-0.537247,-25.9341,15.1893,7.5829,-4.47863,0.646152,-0.197803,0.0146866,0.0135422,-0.42401,0.544938,-2.00294,1.94381,-0.739872,0.653276,0.129511,-5.09556,-0.0873929,0.112461,-0.629728,0.538517,-2.28579,2.10778,-0.524283,0.524132,0,0,-0.0671558,-0.0183144,-0.0183144,-0.054945,-0.00610542,0.00610542,-0.00488472,-0.00488472,-0.0109901,-0.0109901,
-9.24699,9.26598,-18.6923,-0.382715,-25.2885,14.246,7.61355,-4.72554,0.70584,-0.175977,-8.93773,8.64468,-18.7057,-0.537247,-25.641,14.7009,7.70598,-4.60171,0.646152,-0.197803,0.0131607,0.0131607,-0.42401,0.544175,-2.00294,1.94419,-0.739872,0.653276,0.129511,-5.09594,-0.0918221,0.115506,-0.631499,0.538498,-2.28372,2.10268,-0.528629,0.522256,0,0,-0.0671558,-0.0183144,0.00610542,-0.0427341,0.00610542,0.00610542,-0.00488472,0.00488472,-0.0109901,-0.0109901,
-9.51416,9.56667,-18.6279,-0.399461,-24.8666,13.699,7.61761,-4.80568,0.712243,-0.173245,-8.93773,8.74237,-18.7057,-0.634918,-25.641,14.4078,7.65128,-4.69744,0.646152,-0.197803,0.0120163,0.0131607,-0.42401,0.544175,-2.00294,1.94381,-0.739872,0.653276,0.129511,-5.09556,-0.0959351,0.118847,-0.630784,0.539126,-2.27944,2.09582,-0.528516,0.519541,0,0,-0.0671558,-0.0183144,0.00610542,-0.0183144,-0.00610542,-0.00610542,-0.00488472,-0.00488472,-0.0109901,-0.0109901,
-10.0751,9.86216,-18.5426,-0.221205,-24.3702,13.4285,7.58354,-4.96053,0.714562,-0.162428,-9.5238,9.23077,-18.8034,-0.634918,-25.1526,13.6264,7.5829,-4.82051,0.672527,-0.224174,0.0108719,0.0131607,-0.42401,0.543794,-2.00256,1.94343,-0.739872,0.653276,0.129511,-5.09556,-0.101277,0.122537,-0.630649,0.541132,-2.27354,2.09202,-0.529462,0.51524,0,0,-0.00610542,-0.00610542,-0.0183144,-0.00610542,-0.00610542,-0.0183144,-0.00488472,-0.00488472,-0.0109901,-0.0109901,
-10.4789,10.1562,-18.6931,-0.202855,-23.9687,13.0278,7.61784,-5.11609,0.712607,-0.144219,-10.0122,9.5238,-18.7057,-0.43956,-24.5665,13.3333,7.52821,-4.95727,0.672527,-0.197803,0.0104904,0.0135422,-0.42401,0.543794,-2.00256,1.94343,-0.739872,0.653276,0.129511,-5.09556,-0.106146,0.126185,-0.632322,0.540929,-2.26908,2.08757,-0.52851,0.510919,0,0,-0.00610542,-0.00610542,-0.0183144,-0.0183144,-0.00610542,-0.0183144,-0.00488472,-0.00488472,-0.0109901,-0.0109901,
-10.6128,10.4559,-18.7964,-0.11838,-23.5765,12.9163,7.58046,-5.22555,0.703652,-0.118136,-10.2076,9.81685,-18.9011,-0.43956,-24.1758,12.9426,7.56923,-5.10769,0.672527,-0.197803,0.00972748,0.0135422,-0.42401,0.543794,-2.00256,1.94305,-0.739872,0.653276,0.129511,-5.09594,-0.110838,0.129922,-0.633063,0.542275,-2.26513,2.08514,-0.529548,0.507878,0,0,-0.0793648,0.00610542,-0.00610542,-0.00610542,-0.0183144,-0.0427341,-0.00488472,-0.00488472,-0.0109901,-0.0109901,
-11.1967,10.7482,-19.2333,-0.261701,-23.179,13.0294,7.55733,-5.44035,0.686948,-0.0962478,-10.7937,10.2076,-18.9988,-0.341873,-23.8828,12.9426,7.54188,-5.23077,0.672527,-0.171429,0.00858307,0.0135422,-0.42401,0.543794,-2.00256,1.9419,-0.739872,0.653276,0.129511,-5.09556,-0.116028,0.132764,-0.638324,0.540682,-2.26071,2.08403,-0.53019,0.501911,0,0,-0.00610542,-0.00610542,-0.0183144,-0.00610542,-0.0183144,-0.0793648,-0.00488472,-0.00488472,-0.0109901,0.0109901,
-11.4276,11.0246,-19.4427,-0.248729,-23.1037,12.9257,7.4385,-5.53739,0.665204,-0.0443345,-11.1844,10.5006,-19.2918,-0.43956,-23.4921,12.9426,7.44616,-5.42222,0.672527,-0.145054,0.0082016,0.0139236,-0.42401,0.544175,-2.00217,1.94038,-0.739872,0.653276,0.129511,-5.09556,-0.119382,0.136215,-0.640651,0.541615,-2.25909,2.08216,-0.533491,0.499216,0,0,-0.0183144,-0.00610542,-0.0183144,0.00610542,-0.00610542,-0.054945,-0.00488472,-0.00488472,-0.0109901,-0.0109901,
-11.5022,11.3036,-19.0897,0.442873,-22.8165,13.4196,7.28411,-5.44007,0.638724,0.0132885,-11.1844,10.5983,-19.4872,-0.43956,-23.4921,13.0403,7.37778,-5.4906,0.646152,-0.118683,0.00743866,0.0135422,-0.42401,0.544175,-2.00179,1.93885,-0.739872,0.653276,0.129511,-5.09556,-0.122195,0.138934,-0.636321,0.549299,-2.25388,2.08531,-0.53778,0.501919,0,0,-0.054945,-0.00610542,-0.00610542,0.00610542,0.0427341,-0.0793648,-0.00488472,-0.00488472,-0.0109901,-0.0329666,
-11.5899,11.4588,-18.6992,1.10865,-22.5974,13.8117,7.07398,-5.2083,0.607277,0.0490662,-11.4774,10.989,-19.2918,0.146515,-23.199,13.3333,7.24102,-5.47692,0.619781,-0.0659332,0.00553131,0.0139236,-0.424392,0.544175,-2.00027,1.93771,-0.739872,0.653276,0.129511,-5.09556,-0.12467,0.140634,-0.633178,0.555883,-2.2487,2.08893,-0.543617,0.508357,0,0,-0.0427341,-0.0183144,-0.0305252,-0.0183144,0.0793648,-0.0671558,-0.00488472,-0.00488472,-0.0109901,-0.0109901,
-12.0218,11.4178,-18.9678,1.22852,-22.3547,14.543,6.77713,-4.90543,0.56978,0.0962069,-11.6728,10.989,-19.1941,0.341873,-23.1013,13.7241,7.18633,-5.39487,0.593407,-0.0131874,0.00591278,0.0143051,-0.424392,0.544557,-1.99874,1.93503,-0.739872,0.653276,0.129511,-5.09556,-0.127459,0.141373,-0.634942,0.558817,-2.2453,2.09316,-0.551863,0.51677,0,0,0.00610542,0.00610542,0.00610542,0.0183144,0.054945,-0.103785,-0.00488472,-0.00488472,-0.0109901,-0.0109901,
-11.9655,11.6633,-18.6262,1.89468,-22.4259,15.2774,6.50093,-4.60284,0.540411,0.141696,-12.0635,11.2821,-19.0965,0.927963,-22.7106,14.6032,6.77607,-4.97094,0.567032,0.0395622,0.00553131,0.0139236,-0.424392,0.544938,-1.99722,1.93198,-0.739872,0.653276,0.129511,-5.09556,-0.127623,0.142498,-0.63196,0.566601,-2.24375,2.09746,-0.559535,0.525664,0,0,-0.00610542,-0.0305252,-0.0183144,0.0183144,0.0793648,-0.128204,-0.00488472,0.00488472,-0.0329666,-0.0109901,
-11.9777,11.4484,-18.8229,1.96125,-22.3963,15.8411,6.16831,-4.21254,0.46877,0.186025,-12.1612,11.3797,-18.9011,1.51404,-22.7106,15.1893,6.51624,-4.79316,0.540661,0.0659332,0.00553131,0.0143051,-0.424392,0.544938,-1.99607,1.92969,-0.739872,0.653276,0.129511,-5.09556,-0.128165,0.141713,-0.633739,0.566933,-2.24309,2.10143,-0.568774,0.536017,0,0,-0.0183144,0.00610542,-0.00610542,0.00610542,0.054945,-0.128204,-0.00488472,-0.00488472,0.0109901,-0.0109901,
-11.9201,11.3414,-19.07,1.71584,-22.7854,16.6688,5.86376,-3.8904,0.430931,0.226452,-12.1612,11.3797,-18.9988,1.51404,-22.7106,16.0684,6.13334,-4.34188,0.46154,0.118683,0.00553131,0.0143051,-0.424392,0.546845,-1.99416,1.92588,-0.739872,0.653658,0.129511,-5.09556,-0.127117,0.140117,-0.636484,0.568963,-2.2455,2.10397,-0.577234,0.545836,0,0,-0.00610542,-0.00610542,-0.00610542,0.0915756,0.054945,-0.213675,-0.00488472,0.00488472,-0.0109901,-0.0109901,
-11.7135,11.1366,-19.7531,1.36989,-23.1205,16.8756,5.42917,-3.56281,0.377764,0.266335,-12.1612,11.2821,-19.1941,1.7094,-23.0037,16.3614,5.88718,-4.06838,0.435165,0.171429,0.00553131,0.0143051,-0.424392,0.547227,-1.9934,1.92283,-0.739872,0.653658,0.129511,-5.09556,-0.124822,0.137434,-0.644074,0.562651,-2.24968,2.10525,-0.589306,0.554935,0,0,-0.00610542,-0.0183144,-0.00610542,0.00610542,0.0183144,-0.152626,-0.00488472,0.00488472,-0.0109901,-0.0109901,
-11.3107,10.8692,-19.8794,1.49283,-23.8159,17.0664,5.17795,-3.43251,0.316673,0.298995,-11.9658,11.0867,-19.6825,1.51404,-23.3944,16.7521,5.50427,-3.74017,0.382416,0.197803,0.00553131,0.0143051,-0.424392,0.547227,-1.99226,1.92054,-0.739872,0.654802,0.129511,-5.09556,-0.120347,0.13487,-0.644663,0.563203,-2.25505,2.10671,-0.596284,0.562141,0,0,-0.00610542,-0.00610542,0.0183144,-0.0183144,0.054945,-0.103785,-0.00488472,0.0537243,0.0109901,-0.0109901,
-11.0848,10.552,-19.876,1.37361,-24.088,17.6688,4.93617,-3.08259,0.281793,0.326464,-11.6728,10.7937,-19.8779,1.22101,-23.7851,16.9475,5.24445,-3.49402,0.32967,0.250549,0.00591278,0.0139236,-0.424392,0.546845,-1.99149,1.91863,-0.740253,0.655565,0.129511,-5.09556,-0.117048,0.130965,-0.64544,0.561497,-2.25812,2.11149,-0.603382,0.571159,0,0,0.00610542,-0.00610542,-0.00610542,-0.0183144,0.0305252,-0.103785,-0.00488472,0.0244198,-0.0109901,-0.0109901,
-10.6691,10.1757,-19.8294,1.24621,-24.4198,17.9788,4.59437,-2.65908,0.226501,0.347436,-11.4774,10.696,-19.9756,1.31868,-24.0781,17.1429,4.94359,-3.30256,0.276924,0.276924,0.00591278,0.0139236,-0.424392,0.546845,-1.99111,1.91749,-0.740253,0.655565,0.129511,-5.09556,-0.112836,0.127191,-0.645329,0.559675,-2.26265,2.11542,-0.612876,0.581458,0,0,-0.00610542,0.00610542,-0.0183144,-0.0305252,-0.00610542,-0.054945,-0.00488472,-0.00488472,0.0109901,-0.0109901,
-10.3525,9.81945,-19.8092,0.967335,-24.6415,18.2622,4.40277,-2.49883,0.201327,0.348743,-11.0867,10.1099,-20.0733,1.02563,-24.4689,17.6313,4.65641,-2.81026,0.224174,0.303295,0.00629425,0.0139236,-0.424392,0.546845,-1.99111,1.91711,-0.740253,0.655947,0.129129,-5.09556,-0.108123,0.122418,-0.645105,0.55739,-2.26552,2.11941,-0.618198,0.587268,0,0,0.0183144,-0.0183144,-0.0183144,-0.00610542,-0.0183144,-0.0183144,-0.00488472,0.0146523,-0.0109901,0.0109901,
-9.85581,9.384,-20.0105,0.685573,-24.9251,18.6255,4.19747,-2.38743,0.172114,0.364583,-10.7937,10.0122,-19.9756,0.927963,-24.5665,17.8266,4.41026,-2.65983,0.197803,0.303295,0.00629425,0.0139236,-0.424392,0.546845,-1.99187,1.91711,-0.740253,0.656329,0.129129,-5.09556,-0.103418,0.117987,-0.646934,0.553852,-2.27024,2.12385,-0.623901,0.591721,0,0,-0.00610542,-0.00610542,-0.00610542,-0.0183144,-0.0427341,-0.00610542,-0.00488472,0.0341873,-0.0109901,-0.0109901,
-9.48759,9.06347,-19.9568,0.487333,-24.9204,18.9695,4.05489,-2.22888,0.137797,0.360675,-10.2076,9.42613,-20.1709,0.634918,-24.9573,18.315,4.17778,-2.41368,0.171429,0.32967,0.00667572,0.0135422,-0.424392,0.546845,-1.99302,1.91749,-0.740253,0.656711,0.129129,-5.09556,-0.0985384,0.113637,-0.645524,0.552057,-2.27215,2.12846,-0.627862,0.594553,0,0,0.00610542,-0.0183144,0.0183144,-0.00610542,-0.0671558,0.00610542,-0.00488472,-0.00488472,0.0109901,-0.0109901,
-9.00803,8.85927,-19.4346,0.872185,-25.2385,19.3493,3.8844,-2.00346,0.138585,0.347818,-9.91454,9.03542,-20.0733,0.43956,-24.9573,18.6081,4.01368,-2.27692,0.118683,0.32967,0.00705719,0.0131607,-0.424392,0.546464,-1.99416,1.91825,-0.740253,0.656711,0.129129,-5.09556,-0.0928285,0.110579,-0.640535,0.555544,-2.27642,2.13507,-0.632598,0.600815,0,0,0.00610542,-0.0305252,-0.00610542,-0.0183144,-0.054945,0.054945,-0.00488472,-0.00488472,-0.0109901,-0.0109901,
-8.75837,8.50613,-19.216,0.956951,-25.1943,20.0713,3.80409,-1.81681,0.13589,0.328459,-9.62149,8.84004,-19.6825,0.537247,-25.2503,19.0965,3.84957,-2.05812,0.118683,0.32967,0.00782013,0.0127792,-0.424392,0.546464,-1.99493,1.91901,-0.740253,0.656711,0.129129,-5.09556,-0.0880706,0.106274,-0.637699,0.5573,-2.27669,2.14305,-0.634828,0.605999,0,0,0.0427341,-0.0305252,0.00610542,0.00610542,-0.054945,0.0305252,-0.00488472,-0.00488472,-0.0109901,-0.0109901,
-8.56726,8.41236,-19.0895,1.00485,-25.1512,20.5657,3.84227,-1.73063,0.138492,0.303172,-9.32845,8.84004,-19.4872,0.732605,-25.2503,19.2918,3.79487,-2.03077,0.118683,0.303295,0.00972748,0.0116348,-0.424773,0.546464,-1.99645,1.92016,-0.740253,0.656711,0.129129,-5.09556,-0.0828188,0.10246,-0.636676,0.557425,-2.27815,2.15009,-0.633768,0.608393,0,0,0.0793648,-0.0793648,0.00610542,-0.00610542,-0.0671558,0.0427341,-0.00488472,-0.00488472,-0.0109901,-0.0109901,
-7.90196,8.18389,-18.4847,1.59178,-25.0069,21.144,3.74748,-1.60338,0.146648,0.271667,-8.74237,8.35165,-19.2918,0.830276,-25.348,20.1709,3.76752,-1.77094,0.118683,0.276924,0.00972748,0.0104904,-0.424392,0.546464,-1.9976,1.9213,-0.740253,0.656711,0.129129,-5.09556,-0.0782756,0.099998,-0.629574,0.563947,-2.27688,2.15766,-0.636401,0.611928,0,0,-0.00610542,-0.0427341,0.00610542,-0.00610542,-0.0427341,0.0427341,-0.00488472,-0.00488472,-0.0109901,-0.0109901,
-7.57933,7.94964,-18.3364,1.3646,-24.8848,21.0245,4.06066,-1.68369,0.160311,0.238565,-8.35165,8.35165,-18.7057,1.22101,-25.0549,20.6593,3.71282,-1.66154,0.092308,0.250549,0.00972748,0.00972748,-0.424392,0.546464,-1.99836,1.92283,-0.740253,0.656329,0.129129,-5.09556,-0.0738769,0.0958183,-0.628333,0.561423,-2.27669,2.15989,-0.627702,0.609316,0,0,0.0183144,-0.0671558,-0.00610542,-0.00610542,-0.054945,0.103785,-0.00488472,-0.00488472,-0.0109901,-0.0109901,
-7.62626,7.66719,-17.9471,1.60834,-24.714,21.2961,4.42824,-1.852,0.18301,0.201834,-8.1563,7.86325,-18.5104,1.31868,-25.0549,20.6593,3.98632,-1.66154,0.118683,0.224174,0.0112534,0.00858307,-0.424392,0.546082,-1.99912,1.92512,-0.740253,0.656329,0.129129,-5.09556,-0.0712443,0.0935705,-0.624007,0.563749,-2.27515,2.16398,-0.617491,0.604152,0,0,0.0671558,-0.00610542,-0.00610542,-0.00610542,-0.0427341,0.0671558,-0.00488472,-0.0146523,-0.0109901,-0.0109901,
-7.11337,7.40191,-18.324,1.09584,-24.9464,21.0848,4.7773,-2.03238,0.208701,0.160976,-7.76556,7.57021,-18.2173,1.41637,-24.8596,20.8547,4.30085,-1.79829,0.118683,0.197803,0.0120163,0.00858307,-0.424392,0.546082,-2.00027,1.92664,-0.740253,0.656329,0.129129,-5.09556,-0.0672247,0.090623,-0.628195,0.558055,-2.27887,2.16438,-0.607795,0.59963,0,0,-0.00610542,-0.00610542,-0.00610542,-0.00610542,-0.0427341,0.103785,-0.00488472,-0.00488472,-0.0109901,-0.0109901,
-6.91958,7.35033,-18.0343,1.26149,-24.9263,21.1161,5.03373,-1.98215,0.24247,0.118343,-7.66789,7.47253,-18.2173,1.31868,-24.9573,20.9524,4.54701,-1.83932,0.145054,0.145054,0.0120163,0.00858307,-0.424392,0.546082,-2.00103,1.92855,-0.740253,0.655184,0.129129,-5.09556,-0.0650714,0.0896429,-0.624569,0.559896,-2.27901,2.16582,-0.600672,0.596461,0,0,-0.00610542,-0.0183144,0.00610542,-0.00610542,-0.0305252,0.0793648,-0.00488472,-0.0732594,-0.0109901,-0.0109901,
-7.35953,7.07013,-18.5678,0.799039,-24.8417,20.9185,5.33318,-2.1914,0.279869,0.0784889,-7.66789,7.17949,-18.2173,1.31868,-24.9573,20.6593,4.91624,-2.01709,0.171429,0.092308,0.0139236,0.00858307,-0.424392,0.544938,-2.00217,1.93122,-0.740253,0.654802,0.129129,-5.09556,-0.0639824,0.0869366,-0.630498,0.552392,-2.28043,2.16711,-0.592354,0.592709,0,0,0.115995,-0.00610542,0.00610542,-0.0427341,-0.0671558,0.103785,-0.00488472,-0.0244198,-0.0109901,-0.0109901,
-7.13491,7.16209,-17.8459,1.14823,-24.9885,20.2604,5.89098,-2.38722,0.31766,0.0515115,-7.47253,6.98413,-18.5104,1.02563,-25.0549,20.5617,5.25812,-2.16752,0.224174,0.0659332,0.0154495,0.00858307,-0.42401,0.543794,-2.00294,1.93351,-0.740253,0.654039,0.129129,-5.09556,-0.0624028,0.0879583,-0.622502,0.554313,-2.2816,2.16371,-0.576859,0.58553,0,0,0.0427341,-0.00610542,-0.00610542,-0.0671558,-0.0305252,0.152626,-0.00488472,-0.0439568,0.0109901,-0.0329666,
-7.32882,7.12632,-17.2341,1.50825,-24.5538,20.1035,6.38877,-2.72081,0.381671,0.00762491,-7.57021,6.98413,-18.4127,0.927963,-25.1526,20.0733,5.6,-2.31795,0.250549,0.0395622,0.0165939,0.00858307,-0.424392,0.542649,-2.00294,1.93732,-0.740253,0.654039,0.129129,-5.09556,-0.0630059,0.0871539,-0.616492,0.557169,-2.27637,2.16578,-0.563032,0.57724,0,0,0.054945,-0.0183144,-0.0183144,-0.0671558,-0.0183144,0.152626,-0.00488472,-0.0244198,-0.0109901,-0.0109901,
-7.32297,7.15429,-17.5435,1.39082,-24.5211,19.8258,6.5321,-2.7066,0.428446,-0.0163734,-7.27716,6.88644,-17.6313,1.22101,-24.6642,19.6825,6.16068,-2.6735,0.303295,-0.0131874,0.0165939,0.00858307,-0.424392,0.540742,-2.00332,1.94076,-0.739872,0.653276,0.129129,-5.09556,-0.0653829,0.0874647,-0.619116,0.554771,-2.27679,2.16572,-0.55818,0.57736,0,0,-0.0183144,-0.0183144,0.00610542,-0.0427341,-0.0305252,0.140415,0.00488472,-0.0146523,-0.0109901,-0.0329666,
-7.5688,7.24334,-17.5918,0.745761,-23.9501,19.3188,7.11539,-3.29076,0.468245,-0.058358,-7.47253,6.98413,-17.6313,1.12332,-24.5665,19.8779,6.43419,-2.71453,0.32967,-0.0395622,0.0165939,0.00858307,-0.424392,0.541123,-2.00408,1.9419,-0.739872,0.652895,0.129129,-5.09556,-0.0681143,0.0888612,-0.619653,0.55002,-2.27162,2.15839,-0.542466,0.560264,0,0,-0.0183144,-0.00610542,0.00610542,0.0183144,-0.0427341,0.054945,-0.00488472,-0.0244198,-0.0109901,-0.0109901,
-7.86473,7.54469,-18.0591,0.493404,-24.2767,18.873,7.22739,-3.48115,0.504132,-0.0911873,-7.57021,6.98413,-17.7289,0.830276,-24.1758,19.1941,6.94017,-3.15214,0.408791,-0.0659332,0.0162125,0.00858307,-0.424392,0.541123,-2.00523,1.94305,-0.739872,0.652514,0.129129,-5.09556,-0.0717838,0.0922094,-0.625659,0.545995,-2.27639,2.15417,-0.539355,0.554594,0,0,-0.0183144,-0.00610542,-0.0183144,-0.0183144,-0.0427341,0.0427341,-0.00488472,-0.0244198,-0.0109901,-0.0109901,
-8.07483,7.78158,-18.0748,0.168386,-24.6991,17.9319,7.65923,-3.88033,0.542284,-0.119521,-7.96092,7.17949,-18.1197,0.537247,-24.4689,18.6081,7.17265,-3.46667,0.435165,-0.092308,0.0162125,0.00858307,-0.424392,0.540742,-2.00484,1.94419,-0.739872,0.652514,0.129129,-5.09556,-0.0737114,0.0948416,-0.625019,0.542409,-2.27908,2.14567,-0.52736,0.544482,0,0,-0.00610542,-0.00610542,0.00610542,-0.00610542,0.00610542,0.0671558,-0.00488472,-0.00488472,-0.0109901,-0.0109901,
-8.24605,8.11906,-18.3962,-0.102202,-25.0258,17.3318,7.88492,-4.27204,0.561993,-0.145425,-8.05861,7.47253,-18.2173,0.341873,-24.6642,18.1197,7.3641,-3.7265,0.46154,-0.118683,0.0162125,0.00858307,-0.424392,0.540742,-2.00484,1.94533,-0.739872,0.652514,0.129511,-5.09556,-0.0760207,0.0977774,-0.628998,0.538996,-2.28271,2.13933,-0.521091,0.533602,0,0,-0.0183144,-0.0305252,-0.00610542,-0.0183144,0.00610542,0.0427341,-0.00488472,-0.00488472,0.0109901,-0.0109901,
-8.43383,8.33813,-18.718,-0.114794,-25.3468,16.6838,8.0202,-4.53202,0.598042,-0.166197,-8.25397,7.76556,-18.5104,0.146515,-25.1526,17.1429,7.77436,-4.20513,0.514286,-0.171429,0.0154495,0.00896454,-0.424392,0.538453,-2.00484,1.94648,-0.739872,0.652514,0.129511,-5.09556,-0.0792772,0.101407,-0.632573,0.534125,-2.28668,2.13328,-0.517333,0.526868,0,0,-0.0305252,-0.00610542,-0.00610542,-0.0915756,-0.00610542,0.0427341,-0.00488472,0.00488472,-0.0109901,-0.0109901,
-8.42303,8.68016,-18.4549,-0.297055,-25.2438,16.1697,8.24451,-4.86857,0.614649,-0.181903,-8.25397,8.05861,-18.8034,-0.341873,-25.4457,16.7521,7.91111,-4.50598,0.540661,-0.197803,0.0139236,0.00858307,-0.424392,0.538072,-2.00484,1.94648,-0.739872,0.652514,0.129511,-5.09556,-0.0827181,0.104826,-0.629243,0.533754,-2.28553,2.12594,-0.511102,0.517031,0,0,-0.0915756,-0.00610542,0.00610542,-0.0305252,-0.00610542,-0.00610542,-0.00488472,-0.00488472,-0.0109901,-0.0109901,
-8.9239,8.97468,-18.6482,-0.511726,-25.2598,15.5453,8.52367,-5.24945,0.626834,-0.195138,-8.64468,8.35165,-18.7057,-0.244202,-25.4457,16.4591,8.00684,-4.65641,0.567032,-0.197803,0.0135422,0.00858307,-0.424392,0.537309,-2.00484,1.94648,-0.739872,0.652514,0.129511,-5.09594,-0.0862227,0.107691,-0.631391,0.529384,-2.28612,2.11859,-0.503348,0.506451,0,0,-0.0183144,-0.0183144,0.00610542,-0.0671558,-0.0183144,-0.0183144,-0.00488472,-0.00488472,-0.0109901,-0.0109901,
-8.99712,9.28185,-18.3481,-0.421359,-25.3758,14.8557,8.64778,-5.46994,0.63712,-0.204033,-8.84004,8.64468,-18.7057,-0.537247,-25.4457,15.4823,8.34872,-5.13504,0.567032,-0.224174,0.0127792,0.00896454,-0.42401,0.536164,-2.00484,1.94686,-0.739872,0.652514,0.129511,-5.09594,-0.0890203,0.111486,-0.628082,0.530465,-2.287,2.11172,-0.4999,0.500327,0,0,-0.054945,-0.0183144,-0.00610542,-0.0305252,-0.00610542,-0.00610542,-0.00488472,-0.00488472,-0.0109901,-0.0109901,
-8.89786,9.55613,-18.0451,-0.431256,-24.9022,14.2878,8.74394,-5.78337,0.639107,-0.206722,-8.93773,8.93773,-18.6081,-0.634918,-25.5434,14.7985,8.56752,-5.44957,0.593407,-0.250549,0.0104904,0.00858307,-0.42401,0.536164,-2.00484,1.94686,-0.739872,0.652514,0.129511,-5.09556,-0.0926482,0.114152,-0.625122,0.530762,-2.28174,2.10541,-0.497229,0.49162,0,0,-0.128204,-0.0183144,-0.0183144,-0.0183144,-0.00610542,-0.00610542,-0.00488472,-0.00488472,-0.0109901,-0.0109901,
-9.41319,9.79972,-18.0095,-0.538982,-24.5536,13.7655,8.99508,-6.12874,0.640825,-0.204763,-8.93773,9.13309,-18.4127,-0.634918,-25.2503,14.4078,8.64957,-5.58632,0.593407,-0.250549,0.00972748,0.00858307,-0.42401,0.536164,-2.00484,1.94648,-0.739872,0.652514,0.129511,-5.09556,-0.096695,0.116858,-0.62432,0.529972,-2.27787,2.09882,-0.490253,0.482027,0,0,-0.054945,-0.0183144,-0.00610542,-0.00610542,-0.00610542,-0.0183144,-0.00488472,-0.00488472,-0.0109901,-0.0109901,
-9.74907,10.0766,-17.8598,-0.377916,-24.1688,13.4653,9.07627,-6.40686,0.637595,-0.195523,-9.42613,9.42613,-18.2173,-0.634918,-24.7619,13.7241,8.86838,-6.06496,0.593407,-0.250549,0.00858307,0.00858307,-0.42401,0.535783,-2.00484,1.94648,-0.739872,0.652514,0.129511,-5.09556,-0.101164,0.120342,-0.622249,0.53138,-2.27318,2.09508,-0.487998,0.474301,0,0,-0.0427341,-0.00610542,0.00610542,-0.00610542,0.00610542,-0.0305252,-0.00488472,-0.00488472,-0.0109901,-0.0109901,
-10.3429,10.3729,-18.005,-0.382278,-23.9375,13.2401,9.12039,-6.62892,0.631594,-0.18011,-9.62149,9.62149,-18.1197,-0.634918,-24.4689,13.5287,8.97778,-6.21539,0.619781,-0.224174,0.00858307,0.00896454,-0.42401,0.535783,-2.00484,1.9461,-0.739872,0.652514,0.129511,-5.09594,-0.105728,0.124016,-0.624676,0.530925,-2.27061,2.09179,-0.486772,0.468133,0,0,0.0183144,-0.00610542,-0.0183144,-0.0183144,0.00610542,-0.0427341,-0.00488472,-0.00488472,-0.0109901,-0.0109901,
-10.6114,10.7701,-17.9884,-0.115708,-23.5228,13.088,9.1149,-6.75081,0.621713,-0.170131,-10.2076,10.1099,-18.1197,-0.43956,-24.0781,13.138,8.99145,-6.55726,0.593407,-0.224174,0.00858307,0.00896454,-0.42401,0.53502,-2.00484,1.94572,-0.739872,0.652132,0.129511,-5.09556,-0.109932,0.128022,-0.624491,0.531903,-2.26641,2.08971,-0.486924,0.463877,0,0,-0.0183144,-0.0183144,-0.0183144,-0.054945,-0.00610542,-0.0427341,-0.00488472,-0.0146523,-0.0109901,0.0109901,
-10.9493,11.1311,-18.1196,0.164201,-23.3444,13.0559,9.05415,-6.7208,0.608251,-0.130837,-10.4029,10.2076,-18.2173,-0.244202,-23.8828,12.9426,9.04615,-6.54359,0.593407,-0.224174,0.0082016,0.00896454,-0.42401,0.533875,-2.00446,1.94495,-0.739872,0.651369,0.129511,-5.09556,-0.114068,0.131626,-0.625543,0.533461,-2.26324,2.08941,-0.488612,0.462482,0,0,-0.0183144,-0.0305252,-0.00610542,-0.0671558,0.0183144,-0.0183144,-0.00488472,-0.0439568,-0.0109901,-0.0109901,
-11.0278,11.2727,-17.5479,0.572521,-22.5163,13.5445,9.06781,-6.73859,0.589655,-0.094967,-10.696,10.696,-18.2173,-0.244202,-23.6874,13.138,8.97778,-6.65299,0.567032,-0.171429,0.00705719,0.00934601,-0.42401,0.533875,-2.0037,1.94381,-0.739872,0.649843,0.129511,-5.09594,-0.118933,0.134801,-0.619598,0.54044,-2.25286,2.09125,-0.488233,0.458997,0,0,-0.103785,0.00610542,-0.0183144,0.00610542,0.0305252,-0.0915756,-0.00488472,-0.0732594,-0.0109901,-0.0109901,
-11.4323,11.5386,-17.5055,0.963199,-21.9752,13.9115,8.90632,-6.84071,0.565053,-0.0552302,-11.0867,10.989,-17.8266,0.146515,-22.906,13.3333,8.99145,-6.80342,0.567032,-0.145054,0.00553131,0.00934601,-0.42401,0.533875,-2.00294,1.94266,-0.739872,0.649462,0.129511,-5.09556,-0.12414,0.137349,-0.618719,0.544374,-2.24609,2.09459,-0.492719,0.458221,0,0,-0.0793648,-0.00610542,-0.00610542,-0.00610542,0.0305252,-0.0793648,-0.00488472,-0.0244198,-0.0109901,-0.0109901,
-11.7568,11.5435,-17.5468,1.1963,-21.6237,14.5065,8.62997,-6.83751,0.535311,-0.0112847,-11.1844,10.989,-17.7289,0.43956,-22.4176,13.8217,8.95043,-6.89915,0.567032,-0.118683,0.0043869,0.0101089,-0.42401,0.534257,-2.00217,1.94038,-0.739872,0.649462,0.129511,-5.09556,-0.128482,0.139794,-0.619585,0.54816,-2.24101,2.09769,-0.499906,0.459287,0,0,-0.0671558,0.0427341,-0.0183144,0.0183144,0.0427341,-0.115995,0.00488472,-0.00488472,-0.0109901,-0.0109901,
-12.1219,11.6032,-17.6966,1.52274,-21.5781,14.8846,8.54044,-6.73303,0.505093,0.0334162,-11.8681,11.1844,-17.7289,0.927963,-21.9292,14.4078,8.56752,-6.88547,0.514286,-0.092308,0.00400543,0.0108719,-0.42401,0.534257,-2.00141,1.93809,-0.739872,0.649462,0.129511,-5.09556,-0.130886,0.141628,-0.620436,0.55138,-2.23893,2.10001,-0.502882,0.462189,0,0,-0.00610542,0.054945,0.00610542,0.00610542,0.0671558,-0.103785,-0.00488472,-0.00488472,-0.0109901,-0.0109901,
-12.1433,11.8841,-17.1948,2.26704,-21.7658,15.368,8.41994,-6.54151,0.474567,0.076198,-12.1612,11.4774,-17.7289,1.22101,-22.0269,14.6032,8.49915,-6.84444,0.487911,-0.0395622,0.00400543,0.0112534,-0.42401,0.534257,-1.9995,1.93618,-0.739872,0.649462,0.129511,-5.09556,-0.130716,0.143095,-0.616081,0.559243,-2.23789,2.10388,-0.506229,0.467509,0,0,0.00610542,-0.00610542,-0.0305252,-0.00610542,0.103785,-0.0915756,-0.00488472,-0.00488472,-0.0109901,-0.0109901,
-12.2618,11.7748,-17.6539,2.09713,-21.9202,15.8323,8.07781,-6.1701,0.437085,0.11768,-12.3565,11.5751,-17.5336,1.80708,-21.9292,15.2869,8.38974,-6.59829,0.46154,0.0131874,0.00400543,0.0112534,-0.42401,0.534257,-1.9976,1.93465,-0.739872,0.649462,0.129511,-5.09556,-0.132034,0.141881,-0.619961,0.558169,-2.23892,2.10792,-0.515733,0.477826,0,0,0.00610542,-0.00610542,0.00610542,0.0183144,0.0671558,-0.0793648,-0.00488472,-0.00488472,-0.0109901,-0.0109901,
-12.1072,11.5775,-18.4156,1.65828,-22.3646,16.0129,7.68188,-5.96017,0.396053,0.159837,-12.3565,11.5751,-17.7289,2.00244,-22.0269,15.6777,8.15726,-6.42051,0.435165,0.0395622,0.00400543,0.0116348,-0.42401,0.534257,-1.99645,1.93236,-0.739872,0.649462,0.129129,-5.09556,-0.130722,0.140477,-0.629238,0.552072,-2.24393,2.10723,-0.526731,0.483657,0,0,-0.00610542,0.00610542,-0.0183144,-0.0183144,0.0305252,-0.0915756,-0.00488472,-0.00488472,-0.0109901,-0.0109901,
-11.8695,11.4508,-18.9167,1.19064,-22.6903,16.3223,7.49064,-5.94061,0.354046,0.199299,-12.3565,11.5751,-18.4127,1.7094,-22.5153,16.1661,7.70598,-6.07863,0.382416,0.092308,0.00400543,0.0112534,-0.42401,0.534638,-1.99607,1.92969,-0.739872,0.649843,0.129511,-5.09556,-0.128082,0.137874,-0.634806,0.548071,-2.24757,2.10678,-0.532043,0.48507,0,0,-0.00610542,-0.0183144,-0.0183144,0.00610542,0.0183144,-0.128204,-0.00488472,0.00488472,-0.0109901,-0.0109901,
-11.4807,11.2219,-18.9502,1.1569,-23.4524,16.4081,7.25437,-5.61305,0.313652,0.231062,-12.1612,11.3797,-18.9011,1.22101,-22.906,16.0684,7.51453,-5.92821,0.356045,0.145054,0.00400543,0.0112534,-0.424392,0.534638,-1.99493,1.92817,-0.739872,0.649843,0.129511,-5.09556,-0.123761,0.13533,-0.635967,0.547289,-2.25449,2.10865,-0.538606,0.493681,0,0,-0.00610542,-0.0183144,-0.0305252,-0.00610542,0.0305252,-0.054945,-0.00488472,-0.00488472,-0.0109901,-0.0109901,
-11.1761,10.8277,-18.9261,1.13395,-23.5603,16.6749,7.08388,-5.43742,0.273756,0.255957,-11.8681,11.0867,-19.1941,1.02563,-23.4921,16.1661,7.24102,-5.75043,0.303295,0.171429,0.00400543,0.0112534,-0.42401,0.533875,-1.99454,1.92779,-0.739872,0.649843,0.129129,-5.09556,-0.120377,0.131358,-0.634504,0.546271,-2.25653,2.11245,-0.543342,0.499048,0,0,-0.00610542,-0.00610542,-0.00610542,-0.00610542,-0.00610542,-0.0183144,-0.00488472,0.00488472,-0.0109901,-0.0109901,
-10.9094,10.4179,-19.2517,0.653888,-23.8999,17.0024,6.97058,-5.36804,0.235929,0.273979,-11.4774,10.7937,-19.0965,0.927963,-23.5897,16.4591,7.07692,-5.55898,0.250549,0.197803,0.0043869,0.0112534,-0.42401,0.533875,-1.99454,1.92741,-0.739872,0.649843,0.129129,-5.09556,-0.117032,0.126805,-0.638121,0.541344,-2.2603,2.1149,-0.546489,0.500487,0,0,-0.00610542,-0.00610542,-0.00610542,0.00610542,-0.00610542,-0.0427341,-0.00488472,-0.00488472,-0.0109901,-0.0109901,
-10.4709,10.0759,-19.1433,0.529309,-24.0996,17.2362,6.8354,-5.24888,0.20252,0.283391,-11.3797,10.5983,-19.0965,0.830276,-23.7851,16.6544,6.91282,-5.47692,0.224174,0.224174,0.0043869,0.0112534,-0.424392,0.533875,-1.99531,1.92741,-0.739872,0.649843,0.129129,-5.09556,-0.112567,0.123004,-0.637298,0.539553,-2.26451,2.11872,-0.550244,0.503797,0,0,-0.0183144,-0.00610542,-0.00610542,-0.00610542,-0.0427341,-0.00610542,-0.00488472,-0.00488472,-0.0109901,-0.0109901,
-10.0959,9.72316,-19.1617,0.394243,-24.4389,17.598,6.67197,-5.04775,0.175419,0.284686,-10.8913,10.1099,-19.2918,0.43956,-24.1758,16.9475,6.78975,-5.29914,0.171429,0.250549,0.0043869,0.0108719,-0.424773,0.533875,-1.99607,1.92817,-0.739872,0.649843,0.129129,-5.09556,-0.107993,0.118296,-0.637884,0.537645,-2.26904,2.12391,-0.554784,0.509384,0,0,-0.00610542,-0.0183144,-0.00610542,-0.0183144,-0.0427341,0.00610542,-0.00488472,-0.00488472,-0.0109901,-0.0109901,
-9.79213,9.32401,-19.4028,0.228864,-24.677,18.1669,6.34083,-4.7215,0.153186,0.278383,-10.5006,9.71918,-19.3895,0.244202,-24.4689,17.3382,6.65299,-5.25812,0.171429,0.250549,0.00476837,0.0108719,-0.424773,0.533875,-1.99683,1.92817,-0.739872,0.649843,0.129129,-5.09556,-0.103423,0.113861,-0.640157,0.536215,-2.27367,2.13023,-0.563982,0.518446,0,0,0.0183144,-0.0183144,0.00610542,-0.00610542,-0.0793648,0.00610542,-0.00488472,-0.00488472,-0.0109901,-0.0109901,
-9.17723,9.19626,-19.2391,0.397527,-24.89,18.5611,6.26463,-4.61714,0.138068,0.264572,-10.0122,9.5238,-19.4872,0.146515,-24.7619,17.8266,6.32479,-4.83419,0.118683,0.250549,0.00476837,0.00972748,-0.424773,0.533875,-1.99836,1.92893,-0.739872,0.649843,0.129129,-5.09556,-0.0974044,0.109263,-0.638338,0.538089,-2.27634,2.13578,-0.566099,0.520857,0,0,-0.00610542,-0.0793648,0.00610542,-0.00610542,-0.0427341,0.0183144,-0.00488472,-0.0146523,-0.0109901,-0.0109901,
-8.81705,9.03293,-18.8266,0.695157,-24.8502,19.29,6.0704,-4.3286,0.127463,0.256792,-9.5238,9.13309,-19.3895,0.244202,-24.8596,18.1197,6.25641,-4.61539,0.092308,0.224174,0.00514984,0.0082016,-0.425155,0.533875,-1.99912,1.92969,-0.739872,0.649843,0.129129,-5.09556,-0.0926139,0.105108,-0.63495,0.541803,-2.27747,2.14545,-0.571494,0.52936,0,0,0.00610542,-0.103785,-0.0183144,0.00610542,-0.0671558,0.0427341,-0.00488472,-0.00488472,-0.0109901,-0.0329666,
-8.52501,8.49302,-19.0055,0.758295,-25.0042,19.9031,6.00223,-4.06022,0.123709,0.218681,-9.5238,9.03542,-19.2918,0.341873,-24.9573,18.4127,6.09231,-4.57436,0.092308,0.224174,0.00553131,0.00743866,-0.425155,0.533494,-2.00027,1.93084,-0.739872,0.649843,0.129129,-5.09556,-0.0881735,0.100788,-0.636123,0.541716,-2.27992,2.153,-0.573388,0.536815,0,0,0.0305252,-0.0305252,0.00610542,-0.00610542,-0.054945,0.0305252,-0.00488472,-0.00488472,-0.0109901,-0.0109901,
-8.12409,8.52618,-18.4528,1.12883,-25.1043,19.9123,6.01275,-3.86765,0.127991,0.189906,-8.84004,8.64468,-19.0965,0.732605,-25.1526,19.1941,5.98291,-4.13675,0.092308,0.197803,0.00667572,0.00591278,-0.425155,0.533113,-2.00103,1.93313,-0.739872,0.649843,0.129129,-5.09556,-0.0821675,0.0975955,-0.630796,0.544231,-2.28139,2.15865,-0.573095,0.542164,0,0,0.0427341,-0.0915756,-0.0183144,-0.0427341,-0.0427341,0.128204,-0.00488472,-0.00488472,-0.0109901,-0.0109901,
-7.68233,7.94124,-18.3357,1.59791,-25.1183,20.362,6.00432,-3.59849,0.140646,0.146962,-8.44933,8.35165,-18.8034,1.12332,-25.1526,19.3895,5.91453,-3.9453,0.092308,0.171429,0.00667572,0.00591278,-0.425536,0.530823,-2.00179,1.93542,-0.739872,0.649843,0.129129,-5.09556,-0.078073,0.0943523,-0.630283,0.543897,-2.28272,2.16634,-0.57333,0.549152,0,0,0.0183144,0.00610542,-0.0305252,-0.140415,-0.054945,0.140415,-0.00488472,-0.0146523,-0.0109901,0.0109901,
-7.64861,7.60596,-18.2844,1.39086,-24.9028,20.3349,6.27266,-3.60832,0.158366,0.126877,-8.35165,8.05861,-18.6081,1.41637,-25.0549,19.7802,5.88718,-3.82222,0.092308,0.145054,0.0082016,0.00591278,-0.425155,0.529297,-2.00332,1.93885,-0.739872,0.649462,0.129129,-5.09556,-0.0741374,0.0906269,-0.628518,0.541291,-2.28226,2.16988,-0.565876,0.548498,0,0,0.0793648,0.00610542,-0.00610542,-0.103785,-0.0671558,0.152626,-0.00488472,-0.0146523,-0.0109901,-0.0109901,
-7.53724,7.41796,-18.1191,1.17568,-25.1225,20.3449,6.6185,-3.54096,0.184841,0.0894614,-8.1563,7.57021,-18.5104,1.12332,-25.0549,19.9756,6.21539,-3.56239,0.118683,0.118683,0.0104904,0.00591278,-0.425155,0.528534,-2.00446,1.94228,-0.739872,0.64908,0.129129,-5.09556,-0.0702042,0.088131,-0.626682,0.540579,-2.28503,2.17302,-0.556269,0.549011,0,0,0.0915756,-0.00610542,-0.00610542,-0.0305252,-0.0427341,0.140415,-0.00488472,-0.0341873,-0.0109901,-0.0109901,
-7.34922,7.17742,-18.2432,1.06479,-25.0437,20.3705,6.75121,-3.33843,0.213783,0.0534447,-7.76556,7.37485,-18.315,1.22101,-25.1526,19.8779,6.51624,-3.56239,0.118683,0.092308,0.0116348,0.00591278,-0.425155,0.527771,-2.00523,1.94457,-0.739872,0.647936,0.129129,-5.09556,-0.0673777,0.0858654,-0.628061,0.537363,-2.28573,2.17559,-0.552583,0.549585,0,0,0.0793648,0.00610542,-0.00610542,-0.0671558,-0.0671558,0.140415,-0.00488472,-0.112331,-0.0109901,-0.0109901,
-6.98099,7.12725,-18.1752,1.1781,-24.8841,20.4322,6.80618,-3.46004,0.244721,0.0286184,-7.57021,7.17949,-18.4127,1.22101,-25.0549,19.7802,6.58461,-3.54872,0.145054,0.0395622,0.0120163,0.00591278,-0.425155,0.526245,-2.00675,1.94762,-0.739872,0.647554,0.129129,-5.09556,-0.0657538,0.084901,-0.627712,0.537097,-2.28629,2.17892,-0.550567,0.551198,0,0,-0.00610542,-0.00610542,-0.0183144,-0.0671558,-0.0915756,0.128204,0.00488472,-0.00488472,-0.0109901,-0.0329666,
-6.9349,6.97276,-18.0266,0.847594,-24.6529,19.9067,7.28912,-3.53914,0.267202,-0.0166226,-7.27716,6.98413,-18.4127,0.927963,-25.0549,19.8779,6.72137,-3.39829,0.171429,-0.0131874,0.0123978,0.00553131,-0.424773,0.525864,-2.00828,1.95068,-0.739872,0.64641,0.129129,-5.09556,-0.0648602,0.08321,-0.624866,0.534264,-2.28444,2.17573,-0.537641,0.545414,0,0,-0.00610542,0.00610542,0.00610542,-0.0305252,-0.0671558,0.115995,-0.00488472,-0.0537243,0.0109901,-0.0109901,
-7.1987,7.02305,-17.7842,0.70412,-24.5888,19.5294,7.7013,-3.80268,0.31814,-0.0509011,-7.27716,6.88644,-18.2173,0.732605,-24.7619,19.5849,7.13162,-3.57607,0.224174,-0.0395622,0.0131607,0.00591278,-0.424773,0.525864,-2.00904,1.95296,-0.739872,0.645647,0.129129,-5.09556,-0.0654004,0.0837431,-0.622986,0.533484,-2.28408,2.17423,-0.526191,0.538308,0,0,0.0427341,-0.00610542,-0.0183144,-0.00610542,-0.054945,0.128204,-0.00488472,-0.0341873,-0.0109901,-0.0109901,
-7.49548,7.08539,-17.9746,0.691043,-24.5946,18.9899,8.01624,-3.82458,0.359328,-0.0823,-7.37485,6.78877,-18.022,0.927963,-24.6642,19.0965,7.48718,-3.54872,0.250549,-0.0659332,0.0146866,0.00591278,-0.424773,0.523956,-2.01019,1.95602,-0.739491,0.644503,0.129129,-5.09556,-0.066765,0.0848428,-0.624287,0.528582,-2.28529,2.1721,-0.516573,0.533624,0,0,0.054945,0.00610542,0.00610542,-0.0915756,-0.054945,0.152626,0.00488472,-0.0927963,-0.0109901,-0.0109901,
-7.52169,7.32751,-17.5468,0.777915,-24.507,18.5234,7.98519,-3.84977,0.403418,-0.112082,-7.47253,6.88644,-18.1197,0.732605,-24.7619,18.8034,7.69231,-3.87692,0.303295,-0.092308,0.0146866,0.00591278,-0.424773,0.522812,-2.01095,1.95945,-0.737965,0.642214,0.129129,-5.09556,-0.0690913,0.087126,-0.619534,0.528403,-2.28467,2.16913,-0.511026,0.531124,0,0,-0.00610542,-0.00610542,0.00610542,-0.0915756,-0.0427341,0.115995,0.102564,-0.0830288,-0.0109901,-0.0109901,
-7.67199,7.44649,-18.1158,0.309904,-24.8138,17.8709,8.27785,-4.02184,0.439545,-0.142178,-7.57021,7.0818,-17.9243,0.732605,-24.6642,18.1197,8.02051,-4,0.32967,-0.118683,0.0146866,0.00591278,-0.424773,0.520905,-2.01133,1.96174,-0.737583,0.642214,0.129129,-5.09556,-0.0707612,0.088448,-0.625856,0.522109,-2.28887,2.16539,-0.507399,0.529763,0,0,-0.00610542,-0.00610542,0.00610542,-0.0671558,-0.054945,0.152626,0.00488472,-0.0146523,-0.0109901,-0.0109901,
-7.9123,7.67977,-17.9312,0.405899,-24.5647,17.226,8.60242,-4.39346,0.474574,-0.165131,-7.66789,7.17949,-18.1197,0.634918,-24.8596,17.5336,8.19829,-4.04103,0.382416,-0.145054,0.0146866,0.00591278,-0.42401,0.518997,-2.01286,1.96441,-0.737202,0.642214,0.129129,-5.09556,-0.0734314,0.0914471,-0.622635,0.519234,-2.28844,2.15927,-0.49849,0.519929,0,0,-0.00610542,0.00610542,0.0183144,-0.128204,-0.0793648,0.103785,-0.00488472,-0.00488472,-0.0109901,-0.0109901,
-8.00484,7.83272,-17.7029,0.0434382,-24.8754,16.3817,9.05288,-4.77668,0.503884,-0.187096,-7.96092,7.37485,-18.022,0.146515,-24.9573,16.9475,8.43077,-4.34188,0.408791,-0.197803,0.0143051,0.00629425,-0.42401,0.517853,-2.01324,1.96708,-0.737202,0.641832,0.129129,-5.09556,-0.0752481,0.093528,-0.620099,0.516504,-2.28983,2.15256,-0.485977,0.508414,0,0,-0.0183144,0.00610542,0.0183144,-0.054945,-0.00610542,0.103785,-0.00488472,-0.0146523,-0.0109901,-0.0109901,
-8.20912,8.18213,-17.5253,0.191057,-25.0408,15.9158,9.09211,-4.86948,0.5139,-0.207215,-8.1563,7.57021,-17.8266,0.146515,-24.9573,16.1661,8.84103,-4.68376,0.435165,-0.224174,0.0139236,0.00629425,-0.424392,0.515945,-2.01362,1.96975,-0.73682,0.641451,0.129511,-5.09556,-0.0778993,0.0965964,-0.61932,0.514609,-2.29287,2.14924,-0.483041,0.504478,0,0,-0.0183144,-0.0183144,-0.00610542,-0.103785,-0.0305252,0.0793648,0.0244198,-0.0341873,0.0109901,-0.0109901,
-8.44413,8.40255,-17.8766,-0.07587,-25.4065,15.2744,9.25048,-5.08141,0.541076,-0.226915,-8.25397,7.76556,-17.7289,0.244202,-25.2503,15.7753,9.0188,-4.92991,0.46154,-0.224174,0.0139236,0.00629425,-0.42401,0.51442,-2.01362,1.97089,-0.736057,0.641069,0.129129,-5.09556,-0.0801035,0.0990454,-0.622029,0.510524,-2.29652,2.14244,-0.478855,0.499187,0,0,-0.00610542,-0.0183144,0.0183144,-0.0915756,-0.0183144,0.054945,0.00488472,-0.0146523,-0.0109901,-0.0109901,
-8.56933,8.6576,-17.7668,-0.119139,-25.5016,14.902,9.38935,-5.36144,0.548973,-0.243043,-8.44933,8.1563,-17.9243,-0.244202,-25.5434,15.2869,9.18291,-5.08034,0.487911,-0.250549,0.0135422,0.00629425,-0.42401,0.512894,-2.01362,1.97166,-0.736057,0.641069,0.129511,-5.09594,-0.0822831,0.101879,-0.621215,0.510552,-2.29677,2.13703,-0.475486,0.491896,0,0,-0.0183144,-0.0183144,0.00610542,-0.0305252,0.00610542,-0.00610542,-0.00488472,-0.00488472,-0.0109901,-0.0109901,
-8.78226,8.82935,-17.8695,-0.366288,-25.5454,14.345,9.55584,-5.67317,0.550199,-0.256109,-8.64468,8.35165,-17.9243,-0.244202,-25.641,14.8962,9.27863,-5.3265,0.514286,-0.276924,0.0135422,0.00629425,-0.42401,0.512512,-2.01362,1.97128,-0.736057,0.641069,0.129129,-5.09594,-0.0846489,0.104602,-0.62317,0.507425,-2.29725,2.12965,-0.470862,0.483237,0,0,-0.0183144,0.00610542,-0.0183144,-0.0305252,0.00610542,-0.0305252,-0.00488472,-0.00488472,-0.0109901,-0.0109901,
-8.81267,9.14613,-17.6776,-0.132881,-25.3509,13.66,9.59929,-5.83672,0.561998,-0.264269,-8.74237,8.64468,-18.1197,-0.341873,-25.641,14.2124,9.49744,-5.62735,0.514286,-0.276924,0.0127792,0.00629425,-0.42401,0.511749,-2.01362,1.97128,-0.736057,0.641069,0.129129,-5.09594,-0.0869708,0.107714,-0.619818,0.508034,-2.2955,2.12326,-0.469655,0.478694,0,0,-0.054945,-0.00610542,0.0183144,-0.0671558,-0.00610542,0.00610542,-0.00488472,-0.00488472,-0.0329666,-0.0109901,
-8.63819,9.41642,-17.1576,0.0302335,-24.7431,13.2572,9.78538,-6.14317,0.530946,-0.266658,-8.54701,8.74237,-18.022,-0.43956,-25.641,13.9194,9.49744,-5.75043,0.514286,-0.276924,0.0108719,0.00629425,-0.423629,0.510986,-2.01362,1.97128,-0.736057,0.641069,0.129511,-5.09594,-0.0897885,0.110311,-0.614065,0.510305,-2.28834,2.11797,-0.464485,0.470182,0,0,-0.140415,-0.0183144,0.00610542,-0.0305252,0.00610542,-0.0183144,-0.00488472,-0.00488472,0.0109901,-0.0109901,
-9.03078,9.55444,-16.9305,-0.121302,-24.2067,12.9863,10.0106,-6.50799,0.530044,-0.26409,-8.84004,9.13309,-17.3382,-0.244202,-24.9573,13.138,9.68889,-6.11966,0.514286,-0.303295,0.00934601,0.00629425,-0.423629,0.511368,-2.01362,1.97051,-0.736057,0.641069,0.129511,-5.09594,-0.0936414,0.112658,-0.611949,0.510224,-2.28238,2.11338,-0.458229,0.460048,0,0,-0.0793648,0.00610542,-0.00610542,0.00610542,0.00610542,-0.0427341,-0.00488472,-0.00488472,-0.0109901,-0.0109901,
-9.45407,9.9416,-16.3114,0.31936,-23.4956,12.6747,10.1865,-6.80859,0.517017,-0.242381,-9.03542,9.23077,-17.2405,-0.146515,-24.5665,12.9426,9.85299,-6.35214,0.514286,-0.303295,0.00896454,0.00629425,-0.423629,0.510986,-2.01362,1.97051,-0.736057,0.641451,0.129511,-5.09594,-0.0970982,0.116146,-0.60507,0.513517,-2.27488,2.11073,-0.453344,0.452079,0,0,-0.0305252,-0.0183144,-0.00610542,-0.0305252,-0.00610542,-0.0183144,-0.00488472,-0.00488472,-0.0109901,-0.0329666,
-9.82954,10.1636,-16.1082,0.440124,-23.0681,12.5924,10.3646,-7.01637,0.487857,-0.241105,-9.42613,9.5238,-16.7521,-0.0488434,-23.8828,12.6496,10.0718,-6.73504,0.487911,-0.303295,0.00858307,0.00629425,-0.423629,0.510605,-2.01324,1.97013,-0.736057,0.641069,0.129511,-5.09594,-0.100838,0.11902,-0.602405,0.514885,-2.26935,2.10944,-0.448395,0.445926,0,0,-0.00610542,-0.00610542,0.00610542,-0.0183144,0.00610542,-0.0183144,-0.00488472,-0.00488472,0.0109901,-0.0109901,
-10.1798,10.4823,-15.8397,0.708931,-22.5438,12.8201,10.2926,-7.18955,0.478213,-0.222891,-9.81685,9.91454,-16.2637,0.244202,-23.2967,12.6496,10.2769,-6.99487,0.46154,-0.276924,0.00858307,0.00629425,-0.423629,0.510605,-2.01324,1.96937,-0.736057,0.641069,0.129129,-5.09594,-0.105136,0.122561,-0.599829,0.518278,-2.26352,2.11039,-0.449908,0.441115,0,0,-0.0183144,-0.00610542,-0.00610542,-0.00610542,0.00610542,-0.0427341,0.00488472,-0.00488472,-0.0109901,-0.0109901,
-10.5989,10.7689,-15.928,0.886134,-22.0977,13.1248,10.2837,-7.35897,0.467419,-0.19881,-10.2076,10.1099,-16.0684,0.43956,-22.8083,12.7473,10.2496,-7.18633,0.46154,-0.276924,0.00858307,0.00629425,-0.423629,0.510605,-2.01286,1.96822,-0.736057,0.641069,0.129511,-5.09594,-0.1102,0.125745,-0.600403,0.520247,-2.25777,2.11141,-0.450643,0.436409,0,0,-0.0305252,-0.00610542,0.00610542,-0.00610542,0.0183144,-0.0793648,-0.00488472,-0.00488472,-0.0329666,-0.0109901,
-10.8812,11.0238,-15.5798,1.45573,-21.6082,13.3698,10.1806,-7.39113,0.432908,-0.166608,-10.5006,10.4029,-16.0684,0.634918,-22.4176,12.9426,10.2085,-7.33675,0.435165,-0.250549,0.00782013,0.00667572,-0.423247,0.510605,-2.01247,1.96708,-0.736057,0.641069,0.129129,-5.09594,-0.114507,0.129366,-0.596559,0.526169,-2.25155,2.11299,-0.453507,0.435516,0,0,-0.0427341,0.00610542,-0.00610542,-0.0183144,0.0305252,-0.0793648,-0.00488472,-0.00488472,-0.0109901,-0.0109901,
-11.0867,11.1636,-16.0268,1.4317,-21.0581,13.8415,9.84193,-7.43344,0.401824,-0.12749,-10.5983,10.696,-15.9707,0.927963,-21.7338,13.431,10.1128,-7.39145,0.435165,-0.224174,0.00553131,0.00705719,-0.422866,0.510986,-2.01209,1.96555,-0.736057,0.641069,0.129511,-5.09594,-0.1203,0.131301,-0.599517,0.527098,-2.24546,2.11589,-0.462914,0.434341,0,0,-0.0793648,0.00610542,0.0427341,0.00610542,0.0183144,-0.103785,-0.00488472,-0.00488472,-0.0109901,-0.0109901,
-11.4333,11.3539,-16.6707,1.35518,-20.8743,14.0961,9.47018,-7.38807,0.369949,-0.0821251,-10.8913,10.8913,-16.1661,1.22101,-21.2454,13.6264,9.97607,-7.4188,0.382416,-0.197803,0.00476837,0.00705719,-0.42134,0.511368,-2.01209,1.96326,-0.736057,0.641069,0.129129,-5.09594,-0.124507,0.133415,-0.604331,0.527036,-2.24464,2.11643,-0.473241,0.435601,0,0,-0.0671558,0.00610542,0.0671558,0.0183144,-0.0183144,-0.103785,-0.00488472,-0.00488472,-0.0109901,-0.0109901,
-11.6082,11.4036,-16.7796,1.69569,-20.9218,14.5719,9.32781,-7.35874,0.353571,-0.0322399,-11.5751,10.8913,-16.6544,1.22101,-21.2454,14.1148,9.51111,-7.4188,0.356045,-0.145054,0.00362396,0.00782013,-0.420577,0.510986,-2.01171,1.96097,-0.736057,0.641069,0.129129,-5.09556,-0.126374,0.135137,-0.606406,0.529624,-2.24316,2.1178,-0.477196,0.436416,0,0,-0.0305252,0.0183144,0.0183144,-0.00610542,0.0305252,-0.152626,-0.00488472,-0.00488472,-0.0329666,-0.0109901,
-11.6124,11.3778,-17.1101,1.59923,-21.6566,14.6381,9.12732,-7.18945,0.314987,0.0173294,-11.7704,11.0867,-16.8498,1.31868,-21.3431,14.4078,9.30598,-7.39145,0.303295,-0.092308,0.00362396,0.00896454,-0.420577,0.511749,-2.0098,1.9583,-0.736057,0.641069,0.129129,-5.09556,-0.126013,0.135588,-0.610893,0.529722,-2.24738,2.11749,-0.482765,0.441118,0,0,-0.0183144,0.00610542,-0.00610542,0.00610542,0.0915756,-0.103785,-0.00488472,-0.00488472,-0.0109901,-0.0109901,
-11.5768,11.3506,-17.0177,2.19646,-21.8489,15.3064,8.7157,-6.77113,0.283893,0.0647453,-11.7704,11.1844,-17.2405,1.51404,-21.9292,14.5055,9.07351,-7.2547,0.303295,-0.0395622,0.00362396,0.00896454,-0.420577,0.511368,-2.0079,1.9564,-0.736057,0.641451,0.129129,-5.09556,-0.125618,0.135286,-0.609866,0.535569,-2.24802,2.12342,-0.494199,0.45312,0,0,-0.0183144,0.00610542,-0.00610542,-0.00610542,0.0793648,-0.0915756,-0.00488472,-0.00488472,-0.0109901,-0.0109901,
-11.6117,11.1919,-18.0902,1.67174,-22.2995,15.7207,8.28338,-6.34532,0.248933,0.122437,-11.7704,11.2821,-17.2405,1.80708,-21.9292,15.1893,8.75898,-6.9265,0.276924,0.0131874,0.00362396,0.00896454,-0.420577,0.511368,-2.00675,1.95449,-0.736057,0.641451,0.129129,-5.09556,-0.125599,0.132709,-0.621375,0.529739,-2.25351,2.1253,-0.506208,0.465436,0,0,-0.00610542,-0.0183144,0.00610542,-0.00610542,0.0305252,-0.115995,-0.00488472,0.00488472,-0.0109901,-0.0329666,
-11.3949,10.9298,-18.6363,1.43917,-22.9514,15.8807,7.9111,-6.22602,0.213104,0.164291,-11.7704,11.0867,-18.022,1.7094,-22.5153,15.4823,8.23932,-6.59829,0.224174,0.0659332,0.00400543,0.00896454,-0.420577,0.511368,-2.00599,1.95296,-0.736057,0.641832,0.129129,-5.09556,-0.122401,0.130203,-0.62785,0.527155,-2.25958,2.12555,-0.516549,0.470108,0,0,0.00610542,-0.00610542,-0.00610542,-0.00610542,0.0427341,-0.115995,-0.00488472,0.0244198,-0.0109901,-0.0329666,
-11.0635,10.6395,-18.4836,1.50162,-23.3425,16.067,7.65362,-5.8393,0.178125,0.198268,-11.6728,10.7937,-18.6081,1.41637,-23.0037,15.58,7.99316,-6.29744,0.197803,0.092308,0.00400543,0.00896454,-0.420959,0.511368,-2.00484,1.95144,-0.736057,0.642595,0.129129,-5.09556,-0.118311,0.126978,-0.627757,0.527442,-2.2636,2.12854,-0.523701,0.480637,0,0,0.0183144,-0.00610542,-0.0427341,-0.0183144,0.0183144,-0.0427341,-0.00488472,0.00488472,-0.0109901,-0.0329666,
-10.7253,10.2386,-18.8139,1.2042,-23.5161,16.4023,7.4999,-5.66179,0.144118,0.210544,-11.3797,10.5983,-18.8034,1.31868,-23.3944,15.873,7.63761,-6.03761,0.171429,0.145054,0.00400543,0.00896454,-0.420577,0.511368,-2.00484,1.95068,-0.736057,0.642977,0.129129,-5.09556,-0.115368,0.122523,-0.629416,0.524544,-2.26634,2.1315,-0.527971,0.486437,0,0,-0.00610542,-0.00610542,0.00610542,-0.00610542,-0.00610542,-0.0427341,-0.00488472,0.0146523,-0.0109901,-0.0109901,
-10.3405,9.95406,-18.5774,1.22631,-23.8065,16.7785,7.32171,-5.59271,0.128411,0.224663,-10.989,10.3053,-18.7057,1.22101,-23.5897,16.0684,7.52821,-5.85983,0.145054,0.145054,0.00400543,0.00858307,-0.42134,0.510986,-2.00484,1.95068,-0.736057,0.644503,0.129129,-5.09556,-0.111093,0.118573,-0.628773,0.524408,-2.26997,2.13649,-0.532921,0.492813,0,0,-0.00610542,-0.0183144,-0.0305252,-0.00610542,-0.0183144,-0.0183144,-0.00488472,0.0732594,-0.0329666,-0.0109901,
-9.97898,9.56356,-18.4927,1.14655,-24.137,17.2492,7.16652,-5.16566,0.0952414,0.22891,-10.696,10.0122,-18.7057,1.12332,-23.8828,16.4591,7.3094,-5.55898,0.092308,0.171429,0.0043869,0.00858307,-0.422103,0.510986,-2.00523,1.95068,-0.736057,0.644503,0.129129,-5.09556,-0.106694,0.114234,-0.628595,0.523929,-2.27403,2.14213,-0.537231,0.501256,0,0,-0.00610542,-0.0183144,-0.0305252,0.00610542,-0.0183144,-0.00610542,-0.00488472,0.00488472,-0.0109901,-0.0109901,
-9.71315,9.15768,-18.6995,1.18287,-24.5781,17.8618,6.8844,-4.81469,0.0797209,0.224405,-10.4029,9.62149,-18.7057,1.02563,-24.1758,16.9475,7.1453,-5.42222,0.092308,0.197803,0.00476837,0.00858307,-0.422103,0.510986,-2.00561,1.95068,-0.736057,0.644503,0.129129,-5.09556,-0.102545,0.110132,-0.630485,0.524333,-2.27972,2.14894,-0.545068,0.510517,0,0,0.0183144,-0.00610542,-0.0183144,0.00610542,-0.0305252,-0.00610542,-0.00488472,-0.00488472,-0.0109901,-0.0109901,
-9.35052,8.88034,-18.7879,1.3201,-24.6712,18.3466,6.52716,-4.47911,0.0572139,0.214521,-10.1099,9.32845,-18.8034,1.02563,-24.5665,17.5336,6.8718,-4.97094,0.0659332,0.171429,0.00514984,0.0082016,-0.422103,0.510986,-2.00637,1.95106,-0.736057,0.644884,0.129129,-5.09556,-0.0977273,0.105855,-0.63106,0.524637,-2.28273,2.15552,-0.554991,0.521685,0,0,0.0305252,-0.0305252,-0.00610542,-0.0305252,-0.0671558,0.0183144,-0.00488472,0.0244198,0.0109901,-0.0109901,
-8.81907,8.92042,-18.942,1.30727,-24.7775,19.0055,6.34061,-4.21984,0.0604875,0.197087,-9.62149,9.32845,-18.9011,1.02563,-24.7619,18.022,6.54359,-4.65641,0.0395622,0.171429,0.00514984,0.00591278,-0.422103,0.510986,-2.00751,1.95106,-0.736057,0.645647,0.129129,-5.09556,-0.0926363,0.100755,-0.631959,0.525715,-2.28424,2.16243,-0.560174,0.52965,0,0,0.00610542,-0.128204,0.0183144,0.00610542,-0.0427341,0.00610542,-0.00488472,0.0244198,-0.0109901,-0.0109901,
-8.37389,8.35659,-18.6009,1.74933,-24.8766,19.695,6.07727,-3.77176,0.0599456,0.173574,-9.23077,8.74237,-18.9988,1.12332,-24.8596,18.6081,6.31111,-4.31453,0.0131874,0.171429,0.00553131,0.00514984,-0.422484,0.510986,-2.00828,1.95144,-0.736057,0.646029,0.129129,-5.09556,-0.0877154,0.0973904,-0.629365,0.53022,-2.2857,2.17129,-0.567488,0.54199,0,0,-0.00610542,-0.0183144,-0.00610542,-0.00610542,-0.0305252,0.0305252,-0.00488472,0.0146523,-0.0109901,-0.0109901,
-8.13907,8.33871,-18.1998,2.05699,-25.1268,20.0057,6.06064,-3.37588,0.0687581,0.147219,-9.03542,8.74237,-18.7057,1.41637,-25.0549,18.9011,6.10598,-4.02735,0.0131874,0.145054,0.00629425,0.00400543,-0.422866,0.510605,-2.00828,1.95296,-0.736057,0.646029,0.129129,-5.09556,-0.0823083,0.0936053,-0.626511,0.53285,-2.28767,2.1779,-0.56795,0.55201,0,0,0.054945,-0.0915756,-0.0427341,-0.0183144,-0.00610542,0.0793648,-0.00488472,-0.00488472,-0.0109901,-0.0109901,
-7.71605,7.83244,-17.6215,2.69293,-24.8665,20.4776,6.17697,-3.18497,0.0860364,0.120167,-8.44933,8.1563,-18.5104,2.00244,-25.1526,19.3895,5.99658,-3.53504,0.0395622,0.118683,0.00705719,0.00362396,-0.42401,0.509079,-2.00828,1.95487,-0.736057,0.646029,0.129129,-5.09556,-0.0780662,0.0904475,-0.62123,0.536355,-2.28518,2.18545,-0.564719,0.557313,0,0,0.0183144,-0.00610542,-0.0427341,-0.0793648,-0.0183144,0.0915756,-0.00488472,-0.00488472,-0.0109901,-0.0109901,
-7.3858,7.48815,-17.6974,2.58946,-25.059,20.7627,6.19001,-2.89823,0.105921,0.0873072,-8.1563,7.76556,-17.8266,2.29549,-24.8596,19.9756,6.14701,-3.22051,0.0395622,0.118683,0.00743866,0.00362396,-0.424392,0.509079,-2.00866,1.95716,-0.736057,0.646029,0.129129,-5.09556,-0.0740154,0.0866221,-0.62164,0.53724,-2.28689,2.19091,-0.564357,0.565278,0,0,0.0183144,-0.00610542,-0.0183144,-0.0183144,0.00610542,0.0915756,-0.00488472,-0.00488472,-0.0109901,-0.0109901,
-7.58853,7.12189,-17.9702,2.02968,-24.7374,20.4905,6.48954,-2.96638,0.131083,0.0563279,-8.1563,7.47253,-17.9243,2.39316,-24.8596,20.2686,6.11966,-3.00171,0.0395622,0.0659332,0.00972748,0.00362396,-0.424392,0.508698,-2.0098,1.95945,-0.736057,0.646029,0.129129,-5.09556,-0.0703161,0.0829596,-0.623857,0.530232,-2.28731,2.19099,-0.556037,0.563385,0,0,0.128204,0.00610542,0.00610542,-0.0305252,-0.0793648,0.115995,-0.00488472,-0.00488472,-0.0109901,-0.0109901,
-7.22506,6.97228,-18.1934,1.64198,-24.8452,20.3619,6.58153,-2.98044,0.169973,0.0227491,-7.86325,7.17949,-18.022,2.10013,-24.7619,20.0733,6.32479,-2.94701,0.0659332,0.0395622,0.0116348,0.00362396,-0.424392,0.508698,-2.01133,1.96212,-0.736057,0.646029,0.129129,-5.09556,-0.0664051,0.0808903,-0.626744,0.526738,-2.29003,2.19223,-0.553481,0.562506,0,0,0.0671558,-0.00610542,-0.00610542,-0.00610542,-0.0793648,0.115995,-0.00488472,-0.0146523,-0.0329666,-0.0109901,
-6.89319,6.90975,-17.9927,1.76653,-24.6314,19.9503,6.99173,-3.20406,0.190757,-0.00610253,-7.47253,6.88644,-18.2173,2.00244,-24.8596,19.8779,6.46154,-2.98803,0.092308,0.0131874,0.0120163,0.00324249,-0.424392,0.507172,-2.01324,1.96479,-0.736057,0.645647,0.129129,-5.09556,-0.0643712,0.079814,-0.624514,0.52334,-2.28956,2.19114,-0.542087,0.555913,0,0,0.00610542,-0.00610542,-0.00610542,-0.103785,-0.0793648,0.140415,-0.00488472,-0.0146523,-0.0109901,-0.0109901,
-6.81979,6.84547,-17.6515,1.56945,-24.8508,19.291,7.30495,-3.07697,0.230196,-0.0387942,-7.17949,6.69109,-18.2173,1.7094,-24.8596,19.4872,6.69402,-2.96068,0.118683,-0.0131874,0.0123978,0.00324249,-0.424392,0.506027,-2.014,1.9686,-0.736057,0.645266,0.129129,-5.09556,-0.0631741,0.0790997,-0.620723,0.521634,-2.29195,2.19048,-0.532409,0.55662,0,0,0.00610542,-0.00610542,-0.00610542,-0.054945,-0.054945,0.225885,0.0146523,-0.0634918,-0.0109901,-0.0109901,
-7.29735,6.77179,-17.5217,1.60274,-24.3994,19.239,7.24041,-2.88502,0.271978,-0.0666989,-7.37485,6.69109,-17.9243,1.7094,-24.8596,18.9988,6.96752,-3.01538,0.171429,-0.0659332,0.0135422,0.00362396,-0.424773,0.50412,-2.01514,1.97242,-0.73415,0.642214,0.129129,-5.09556,-0.064487,0.0790696,-0.619662,0.518876,-2.28849,2.19168,-0.527899,0.555969,0,0,0.0915756,0.00610542,-0.00610542,-0.0915756,-0.0671558,0.164835,0.102564,-0.122101,-0.0109901,-0.0109901,
-7.3571,6.89138,-17.4391,1.60318,-24.0805,18.8086,7.46555,-3.24985,0.301645,-0.095174,-7.27716,6.5934,-17.7289,1.51404,-24.5665,18.9011,7.10427,-3.09743,0.197803,-0.0659332,0.0146866,0.00400543,-0.424392,0.502975,-2.01667,1.97585,-0.732243,0.641832,0.129129,-5.09556,-0.0664485,0.0807799,-0.617956,0.51855,-2.28647,2.18911,-0.520226,0.550826,0,0,0.0183144,0.00610542,0.00610542,-0.0671558,-0.0671558,0.128204,0.0927963,-0.0146523,0.0109901,-0.0109901,
-7.50416,7.24223,-17.2847,1.65968,-23.7345,18.4441,7.84103,-3.41438,0.345914,-0.120247,-7.37485,6.78877,-17.6313,1.51404,-24.1758,18.6081,7.4735,-3.19316,0.224174,-0.118683,0.0146866,0.00324249,-0.424392,0.50145,-2.0182,1.9789,-0.732243,0.641832,0.129129,-5.09556,-0.0688965,0.0822873,-0.616241,0.518466,-2.28374,2.18852,-0.51468,0.546256,0,0,-0.00610542,-0.0427341,0.00610542,-0.0427341,-0.054945,0.140415,-0.00488472,-0.0146523,-0.0109901,-0.0109901,
-7.87033,7.22213,-16.7412,1.61785,-23.5719,17.9932,8.3278,-3.77804,0.384628,-0.14374,-7.57021,6.88644,-17.4359,1.41637,-23.9805,18.315,7.61026,-3.32991,0.276924,-0.118683,0.0146866,0.00362396,-0.424392,0.50145,-2.01858,1.98005,-0.731861,0.641451,0.129129,-5.09556,-0.072151,0.0848874,-0.610202,0.520036,-2.28069,2.18303,-0.499801,0.535284,0,0,0.0183144,0.0305252,0.00610542,0.0183144,-0.00610542,0.0915756,0.0146523,-0.0244198,-0.0109901,-0.0109901,
-8.00279,7.61735,-16.9764,1.33401,-23.5678,17.3983,8.67426,-4.16431,0.415812,-0.16804,-7.76556,6.98413,-17.0452,1.51404,-23.5897,18.022,7.95214,-3.56239,0.303295,-0.145054,0.0143051,0.00400543,-0.424392,0.501068,-2.01896,1.98196,-0.73148,0.641069,0.129129,-5.09594,-0.0756323,0.0880322,-0.612815,0.515687,-2.28225,2.1771,-0.490772,0.52515,0,0,-0.0305252,-0.0183144,0.00610542,-0.00610542,-0.0427341,0.054945,-0.00488472,-0.00488472,-0.0109901,-0.0109901,
-8.22629,7.91381,-17.5618,0.823761,-23.9484,16.9838,8.83523,-4.5828,0.435821,-0.192086,-7.96092,7.37485,-17.0452,1.31868,-23.6874,17.4359,8.51282,-4.1094,0.356045,-0.197803,0.0139236,0.00400543,-0.424392,0.501068,-2.01972,1.98196,-0.73148,0.641069,0.129129,-5.09594,-0.078904,0.0917332,-0.619726,0.509611,-2.28683,2.17005,-0.485812,0.513525,0,0,-0.0427341,-0.00610542,-0.00610542,-0.0183144,-0.0305252,-0.0183144,0.00488472,-0.00488472,-0.0109901,-0.0109901,
-8.4451,8.23617,-17.8896,0.312552,-24.6243,16.0709,9.11879,-4.92759,0.453709,-0.215025,-8.35165,7.57021,-17.5336,0.927963,-24.0781,16.8498,8.71795,-4.46496,0.382416,-0.197803,0.0135422,0.00362396,-0.424392,0.501068,-2.0201,1.98196,-0.73148,0.641069,0.129129,-5.09556,-0.0804958,0.0949335,-0.623369,0.503523,-2.29391,2.16032,-0.478424,0.503948,0,0,-0.00610542,-0.00610542,-0.00610542,-0.0305252,-0.00610542,-0.00610542,-0.00488472,-0.00488472,-0.0109901,-0.0109901,
-8.51706,8.47984,-18.0729,0.00116014,-24.9993,15.2306,9.38702,-5.3329,0.463451,-0.235249,-8.54701,7.96092,-18.022,0.732605,-24.6642,16.0684,8.99145,-4.88889,0.408791,-0.224174,0.0135422,0.00400543,-0.424392,0.499542,-2.0201,1.98234,-0.73148,0.641069,0.129129,-5.09594,-0.0812954,0.0980223,-0.625406,0.497317,-2.29808,2.15218,-0.470973,0.492201,0,0,-0.00610542,-0.00610542,-0.00610542,-0.0671558,-0.00610542,0.0183144,-0.00488472,-0.0146523,-0.0109901,-0.0109901,
-8.44857,8.73005,-18.2234,-0.123954,-25.4874,14.3877,9.57164,-5.6547,0.467673,-0.253702,-8.54701,8.1563,-18.315,0.244202,-25.1526,15.1893,9.25128,-5.29914,0.408791,-0.250549,0.0131607,0.00400543,-0.42401,0.498016,-2.01972,1.98272,-0.73148,0.641069,0.129129,-5.09594,-0.0821368,0.100803,-0.625882,0.493587,-2.30271,2.14401,-0.465845,0.48375,0,0,-0.0427341,-0.00610542,0.0183144,-0.0915756,0.00610542,0.0427341,-0.00488472,-0.00488472,-0.0109901,-0.0109901,
-8.25507,8.97427,-17.5342,0.0441803,-25.1623,13.8102,9.8973,-6.03127,0.46692,-0.266996,-8.35165,8.44933,-18.315,-0.0488434,-25.5434,14.4078,9.45641,-5.61368,0.435165,-0.276924,0.0116348,0.00400543,-0.42401,0.495728,-2.01972,1.98348,-0.73148,0.641069,0.129129,-5.09594,-0.0831407,0.103109,-0.619039,0.493166,-2.29951,2.13795,-0.456799,0.47329,0,0,-0.0915756,-0.0183144,-0.00610542,-0.0915756,-0.00610542,0.0305252,-0.00488472,-0.00488472,-0.0109901,-0.0109901,
-8.64729,9.01336,-16.9813,-0.258716,-24.6168,13.4518,10.289,-6.62942,0.458557,-0.27786,-8.54701,8.64468,-17.9243,-0.244202,-25.348,13.8217,9.68889,-5.91453,0.435165,-0.303295,0.0108719,0.00400543,-0.423629,0.495346,-2.01972,1.98348,-0.73148,0.641069,0.129129,-5.09594,-0.0854127,0.104357,-0.612513,0.491454,-2.29345,2.13234,-0.44543,0.456675,0,0,-0.00610542,0.00610542,-0.00610542,-0.0305252,-0.00610542,-0.0183144,0.00488472,-0.00488472,-0.0109901,-0.0109901,
-8.81212,9.31025,-16.1459,0.251765,-24.2481,13.1693,10.3144,-6.83111,0.451645,-0.286092,-8.74237,8.74237,-17.3382,-0.244202,-24.8596,13.3333,10.0034,-6.51624,0.408791,-0.303295,0.0108719,0.00400543,-0.423629,0.494202,-2.01972,1.98348,-0.730335,0.641069,0.129511,-5.09594,-0.0872441,0.107656,-0.603638,0.495168,-2.28935,2.1292,-0.440648,0.451072,0,0,-0.00610542,0.00610542,-0.0183144,-0.054945,-0.00610542,-0.0183144,0.0634918,-0.00488472,-0.0109901,-0.0109901,
-9.08378,9.61621,-15.7033,0.672165,-23.6209,13.0671,10.2997,-6.91155,0.44053,-0.292121,-8.93773,9.03542,-16.7521,-0.146515,-24.4689,13.0403,10.0034,-6.80342,0.408791,-0.32967,0.0108719,0.00400543,-0.423247,0.49382,-2.01972,1.98348,-0.729191,0.641069,0.129129,-5.09594,-0.0902625,0.110242,-0.597118,0.499864,-2.28238,2.12806,-0.439426,0.448838,0,0,-0.00610542,-0.0183144,0.0183144,-0.0427341,-0.00610542,-0.0183144,0.0732594,-0.00488472,-0.0109901,-0.0109901,
-9.51417,9.86445,-15.5101,1.26558,-22.8377,13.153,10.0354,-6.94991,0.425871,-0.292306,-9.03542,9.23077,-16.2637,0.341873,-23.8828,13.0403,10.1128,-6.91282,0.408791,-0.32967,0.0104904,0.0043869,-0.422103,0.493439,-2.01972,1.98272,-0.726521,0.641069,0.129129,-5.09594,-0.0954261,0.114195,-0.592199,0.506483,-2.27368,2.12744,-0.443119,0.447772,0,0,-0.00610542,0.00610542,0.0671558,-0.0305252,-0.00610542,-0.0427341,0.0927963,-0.00488472,-0.0109901,-0.0109901,
-9.5955,10.3283,-15.3939,2.28265,-22.1776,13.0402,9.96307,-7.02297,0.408357,-0.285912,-9.13309,9.5238,-15.7753,1.12332,-23.1013,12.9426,10.0718,-6.95385,0.408791,-0.32967,0.00934601,0.00476837,-0.420959,0.49115,-2.01972,1.98234,-0.724232,0.641069,0.129129,-5.09594,-0.100323,0.119731,-0.590577,0.511832,-2.26594,2.12621,-0.444794,0.446231,0,0,-0.0915756,0.00610542,0.0427341,-0.140415,0.00610542,-0.0305252,0.0537243,0.00488472,-0.0109901,-0.0109901,
-10.3691,10.4899,-15.4271,2.31551,-21.2683,13.5289,10.0146,-7.15046,0.386164,-0.272562,-9.62149,9.62149,-15.873,1.41637,-22.6129,13.138,9.98974,-7.00855,0.382416,-0.32967,0.00858307,0.00514984,-0.419433,0.490768,-2.01972,1.98081,-0.72385,0.641069,0.129129,-5.09594,-0.107239,0.122721,-0.587793,0.5167,-2.25583,2.12767,-0.444445,0.44269,0,0,-0.0183144,0.0305252,0.0915756,0.00610542,0.00610542,-0.103785,0.0244198,0.00488472,-0.0109901,-0.0109901,
-10.7992,10.8136,-15.4505,2.50808,-21.1726,13.786,9.97879,-7.22756,0.379316,-0.251449,-10.3053,10.1099,-15.4823,1.90475,-21.7338,13.5287,9.98974,-7.13162,0.382416,-0.303295,0.00858307,0.00667572,-0.419051,0.49115,-2.01896,1.97814,-0.723469,0.641069,0.129129,-5.09594,-0.112019,0.127845,-0.590927,0.519628,-2.25279,2.12664,-0.446524,0.44006,0,0,-0.0183144,0.0305252,-0.00610542,0.0183144,0.0427341,-0.140415,-0.00488472,-0.00488472,-0.0329666,-0.0109901,
-11.1685,11.1976,-15.1405,3.05489,-20.6107,14.1688,9.78167,-7.28947,0.347033,-0.220545,-10.7937,10.5006,-15.58,2.1978,-21.5385,13.7241,9.92137,-7.21367,0.356045,-0.303295,0.0082016,0.00667572,-0.419051,0.491531,-2.01781,1.97585,-0.723469,0.641069,0.129129,-5.09594,-0.116503,0.131297,-0.587889,0.526085,-2.24458,2.1286,-0.452,0.438828,0,0,-0.0183144,0.00610542,-0.0183144,0.0183144,0.0671558,-0.140415,-0.00488472,0.00488472,-0.0109901,-0.0109901,
-11.4638,11.4306,-15.6696,3.30658,-20.4383,14.655,9.34133,-7.12367,0.323794,-0.181838,-10.989,10.7937,-15.4823,2.58852,-20.9524,14.1148,9.78461,-7.29573,0.32967,-0.276924,0.00743866,0.00705719,-0.419051,0.491913,-2.01667,1.97318,-0.723469,0.641451,0.129129,-5.09594,-0.121769,0.134267,-0.593361,0.528856,-2.24193,2.13134,-0.464232,0.443327,0,0,-0.054945,0.00610542,-0.00610542,0.00610542,0.054945,-0.140415,-0.00488472,-0.00488472,-0.0109901,-0.0109901,
-11.5209,11.4271,-15.7305,3.74427,-20.3581,15.0529,9.15211,-7.0951,0.301374,-0.134279,-11.1844,10.7937,-15.6777,2.88156,-20.9524,14.6032,9.38803,-7.21367,0.303295,-0.250549,0.00591278,0.0082016,-0.41867,0.491913,-2.01476,1.97051,-0.723469,0.641451,0.129129,-5.09594,-0.12515,0.137001,-0.594063,0.534126,-2.2371,2.13187,-0.469488,0.444121,0,0,-0.0915756,0.054945,-0.0183144,0.0183144,0.115995,-0.177046,-0.00488472,-0.00488472,-0.0109901,-0.0109901,
-11.8853,11.5007,-16.0206,3.83994,-20.4043,15.0815,8.97504,-6.93116,0.282431,-0.0817872,-11.7704,11.1844,-15.873,3.36996,-20.757,14.7009,9.10085,-7.11795,0.276924,-0.197803,0.00553131,0.00934601,-0.41867,0.492294,-2.01247,1.96784,-0.723469,0.641451,0.129129,-5.09594,-0.127138,0.138149,-0.59688,0.534757,-2.23573,2.13195,-0.474406,0.449163,0,0,-0.0183144,0.0305252,-0.00610542,-0.00610542,0.103785,-0.103785,-0.00488472,0.00488472,-0.0109901,-0.0109901,
-12.0592,11.5304,-16.6865,3.61741,-20.631,15.5541,8.57196,-6.82884,0.260209,-0.0374495,-11.9658,11.3797,-16.0684,3.56532,-20.6593,15.1893,8.9641,-7.06325,0.250549,-0.145054,0.00553131,0.00934601,-0.41867,0.492294,-2.01019,1.96517,-0.723469,0.641832,0.129129,-5.09594,-0.128663,0.138072,-0.604686,0.532691,-2.23677,2.13331,-0.485603,0.453363,0,0,-0.00610542,0.0183144,-0.0183144,0.00610542,0.0793648,-0.140415,-0.00488472,0.0244198,-0.0109901,0.0109901,
-11.9979,11.5078,-17.7094,3.14238,-21.4615,15.8434,8.03813,-6.49056,0.234537,0.0319822,-12.1612,11.3797,-16.7521,3.36996,-20.9524,15.58,8.55384,-6.89915,0.224174,-0.092308,0.00553131,0.00972748,-0.419051,0.493057,-2.00828,1.96174,-0.723469,0.642595,0.129129,-5.09594,-0.127982,0.137389,-0.61684,0.529397,-2.24369,2.13309,-0.500432,0.463035,0,0,-0.00610542,-0.00610542,-0.0305252,0.0427341,0.0915756,-0.140415,-0.00488472,0.0146523,-0.0109901,-0.0109901,
-11.8187,11.326,-18.3125,2.66968,-21.7533,15.9796,7.76688,-6.28704,0.193874,0.0886972,-12.2589,11.3797,-17.2405,3.07692,-21.2454,16.1661,8.34872,-6.76239,0.224174,-0.0659332,0.00553131,0.00972748,-0.419051,0.494202,-2.00713,1.95945,-0.723469,0.642595,0.129129,-5.09556,-0.125991,0.134961,-0.623541,0.52651,-2.24701,2.13191,-0.507966,0.4682,0,0,-0.00610542,-0.0183144,-0.0305252,0.0793648,0.054945,-0.152626,-0.00488472,0.00488472,0.0109901,-0.0109901,
-11.5728,11.0978,-19.4486,2.28887,-22.4094,16.3432,7.25968,-6.13208,0.161506,0.139987,-12.0635,11.2821,-18.4127,2.88156,-21.7338,15.9707,7.78803,-6.54359,0.171429,0.0131874,0.00553131,0.00934601,-0.419433,0.494583,-2.00637,1.9564,-0.723469,0.64374,0.129129,-5.09556,-0.123665,0.132452,-0.635732,0.519405,-2.25475,2.13249,-0.522055,0.477067,0,0,-0.0183144,-0.00610542,-0.00610542,-0.0183144,0.0183144,-0.164835,-0.00488472,0.0732594,0.0109901,-0.0109901,
-11.1628,10.8982,-19.1969,2.49905,-22.9239,15.9946,7.10915,-6.42281,0.145812,0.183667,-11.8681,11.0867,-19.1941,2.39316,-22.7106,15.873,7.2547,-6.69402,0.145054,0.0659332,0.00553131,0.00896454,-0.419814,0.494202,-2.00484,1.95487,-0.723469,0.647936,0.129129,-5.09556,-0.118296,0.129038,-0.63413,0.520137,-2.25732,2.13198,-0.526237,0.48149,0,0,0.00610542,-0.0305252,-0.0305252,-0.054945,0.0671558,-0.0183144,-0.00488472,0.239317,-0.0109901,-0.0109901,
-10.8841,10.454,-18.5829,2.54965,-22.8032,16.341,7.24132,-6.64634,0.123571,0.216415,-11.5751,10.8913,-19.0965,2.1978,-23.1013,15.873,7.04957,-6.62564,0.145054,0.118683,0.00553131,0.00896454,-0.420577,0.49382,-2.00408,1.95487,-0.72385,0.652132,0.129129,-5.09556,-0.115607,0.124917,-0.629699,0.520725,-2.25562,2.13583,-0.522947,0.480942,0,0,-0.00610542,-0.00610542,-0.0793648,-0.0427341,0.054945,-0.0183144,-0.00488472,0.26862,-0.0109901,-0.0109901,
-10.7484,10.1985,-18.4049,2.40068,-23.3056,17.1242,7.11893,-6.00456,0.104367,0.235052,-11.3797,10.696,-18.8034,2.1978,-23.1013,15.9707,7.04957,-6.29744,0.118683,0.145054,0.00591278,0.00858307,-0.422866,0.494202,-2.00294,1.95449,-0.72385,0.655947,0.129129,-5.09556,-0.113311,0.121289,-0.630417,0.520672,-2.26046,2.14333,-0.526346,0.49184,0,0,0.00610542,-0.0183144,-0.0915756,-0.00610542,0.0427341,-0.0427341,-0.00488472,0.0537243,-0.0109901,-0.0109901,
-10.4267,9.83616,-18.0161,2.65053,-23.2608,17.6397,7.0516,-5.54594,0.078551,0.241367,-10.989,10.1099,-18.6081,2.1978,-23.2967,16.7521,7.13162,-6.07863,0.0659332,0.171429,0.00591278,0.00858307,-0.424773,0.494202,-2.00256,1.95411,-0.72385,0.655947,0.129129,-5.09556,-0.110143,0.11767,-0.625563,0.523449,-2.26081,2.15031,-0.528217,0.501649,0,0,-0.00610542,-0.00610542,-0.0183144,-0.00610542,0.00610542,0.00610542,-0.00488472,-0.00488472,0.0109901,-0.0109901,
-10.1331,9.53865,-17.9769,2.75639,-23.4541,18.2101,6.87757,-5.22623,0.070225,0.239056,-10.696,9.81685,-18.1197,2.29549,-23.2967,17.0452,7.02222,-5.80513,0.0659332,0.197803,0.00591278,0.00858307,-0.425155,0.494202,-2.00294,1.95449,-0.72385,0.655947,0.129129,-5.09556,-0.107288,0.113958,-0.625916,0.523811,-2.26456,2.15703,-0.533051,0.510529,0,0,-0.0183144,-0.0183144,-0.0305252,-0.0305252,-0.0305252,0.00610542,-0.00488472,-0.00488472,0.0109901,-0.0109901,
-9.90341,9.20241,-17.6191,2.9202,-23.8185,18.7399,6.69997,-4.88035,0.0820683,0.230355,-10.5006,9.5238,-17.9243,2.49084,-23.6874,17.8266,6.83077,-5.34017,0.0659332,0.197803,0.00629425,0.0082016,-0.426681,0.494202,-2.00294,1.95525,-0.72385,0.655947,0.129129,-5.09556,-0.102726,0.10984,-0.625501,0.526038,-2.26738,2.16449,-0.537984,0.520137,0,0,0.0305252,-0.0183144,-0.0915756,-0.0183144,0.00610542,0.0305252,-0.00488472,-0.00488472,-0.0109901,-0.0109901,
-9.50617,8.89146,-17.4343,3.06122,-23.6833,19.2532,6.65449,-4.60622,0.0746441,0.21355,-10.1099,9.32845,-17.8266,2.58852,-23.8828,18.315,6.73504,-5.16239,0.0395622,0.197803,0.00667572,0.00782013,-0.427444,0.494202,-2.00294,1.95602,-0.72385,0.655947,0.129129,-5.09556,-0.0987449,0.105597,-0.62299,0.528419,-2.2671,2.17136,-0.539248,0.527752,0,0,0.00610542,-0.0305252,-0.054945,0.00610542,-0.0305252,0.0427341,-0.00488472,-0.00488472,0.0109901,-0.0109901,
-9.10103,8.85815,-17.3091,2.93015,-23.6831,19.7494,6.69823,-4.48082,0.0910237,0.192166,-9.71918,9.23077,-17.4359,2.88156,-23.8828,18.9988,6.55727,-4.62906,0.0395622,0.171429,0.00667572,0.00553131,-0.429732,0.494202,-2.00332,1.95678,-0.72385,0.655947,0.129129,-5.09556,-0.0942433,0.100496,-0.624701,0.527369,-2.26667,2.17764,-0.538033,0.531235,0,0,0.00610542,-0.103785,-0.0793648,0.0183144,-0.00610542,0.0427341,-0.00488472,-0.00488472,-0.0109901,-0.0109901,
-8.79148,8.41663,-17.3561,3.24266,-23.8365,20.3071,6.59232,-4.17331,0.102282,0.162282,-9.5238,8.84004,-17.3382,2.88156,-23.7851,19.2918,6.62564,-4.56068,0.0395622,0.171429,0.00667572,0.00514984,-0.430495,0.494202,-2.0037,1.95792,-0.72385,0.655947,0.129129,-5.09556,-0.0908039,0.0976505,-0.624765,0.529621,-2.26957,2.18539,-0.540974,0.539777,0,0,0.00610542,-0.0305252,-0.0427341,-0.0183144,-0.0305252,0.054945,-0.00488472,-0.00488472,-0.0109901,-0.0109901,
-8.44367,8.36879,-16.7517,3.37884,-23.8202,20.4718,6.7655,-3.99841,0.119747,0.131468,-9.13309,8.54701,-17.4359,2.97925,-23.8828,19.6825,6.52991,-4.24615,0.0659332,0.145054,0.00705719,0.00362396,-0.432021,0.49382,-2.00408,1.96021,-0.72385,0.655947,0.129129,-5.09556,-0.0861509,0.093965,-0.620797,0.530752,-2.26936,2.19073,-0.536164,0.544636,0,0,0.0183144,-0.0793648,-0.0793648,-0.0183144,-0.0183144,0.0915756,-0.00488472,-0.00488472,-0.0109901,-0.0109901,
-8.373,7.72267,-17.1245,2.83712,-23.5947,20.6934,6.86573,-3.91456,0.136154,0.0975158,-9.03542,8.1563,-17.1429,3.17461,-23.6874,19.9756,6.66667,-4.0547,0.0659332,0.118683,0.0082016,0.00362396,-0.432784,0.49382,-2.00561,1.96212,-0.72385,0.655947,0.129129,-5.09556,-0.0830003,0.0900419,-0.624888,0.52514,-2.27082,2.1951,-0.53338,0.546965,0,0,0.054945,0.0183144,-0.054945,-0.00610542,-0.0915756,0.0915756,-0.00488472,-0.00488472,-0.0109901,-0.0109901,
-8.2408,7.58525,-16.6979,2.69607,-23.7456,20.6118,7.07961,-3.91394,0.148847,0.0617269,-8.84004,7.76556,-16.9475,2.88156,-23.7851,19.9756,6.73504,-4.04103,0.092308,0.092308,0.0101089,0.00362396,-0.433928,0.49382,-2.00675,1.96441,-0.72385,0.655947,0.129129,-5.09556,-0.078403,0.0881081,-0.623327,0.52398,-2.27324,2.1977,-0.527439,0.546982,0,0,0.0915756,0.00610542,-0.115995,0.00610542,-0.0793648,0.128204,-0.00488472,-0.00488472,0.0109901,-0.0109901,
-7.83151,7.33193,-16.5547,2.44108,-23.6049,20.1484,7.41487,-3.92054,0.174775,0.02578,-8.44933,7.57021,-16.9475,2.58852,-23.6874,19.9756,7.06325,-3.9453,0.118683,0.0395622,0.0108719,0.00324249,-0.435073,0.49382,-2.00828,1.9686,-0.72385,0.655565,0.129129,-5.09556,-0.0747205,0.0849119,-0.620439,0.52074,-2.27361,2.19878,-0.518126,0.54544,0,0,0.0427341,0.00610542,-0.0427341,-0.00610542,-0.0915756,0.189255,-0.00488472,-0.0244198,0.0109901,-0.0109901,
-7.65413,7.17923,-16.2908,2.43497,-23.5539,20.0271,7.75858,-4.05105,0.218586,-0.00979709,-8.05861,7.27716,-16.6544,2.58852,-23.5897,19.6825,7.13162,-3.91795,0.118683,0.0395622,0.0116348,0.00362396,-0.435836,0.493057,-2.01019,1.97204,-0.72385,0.655184,0.129129,-5.09556,-0.0723935,0.0835967,-0.618677,0.519095,-2.27454,2.20087,-0.508578,0.541922,0,0,0.0305252,0.00610542,-0.054945,-0.0305252,-0.0793648,0.189255,-0.00488472,-0.0146523,-0.0109901,-0.0109901,
-7.53326,7.13809,-16.4535,2.18866,-23.1673,19.7651,7.9828,-3.94161,0.247588,-0.0446788,-7.86325,7.0818,-16.6544,2.58852,-23.4921,19.4872,7.65128,-3.9453,0.145054,-0.0395622,0.0120163,0.00324249,-0.436599,0.491913,-2.01286,1.97623,-0.72385,0.654039,0.129129,-5.09556,-0.0718902,0.0823511,-0.619212,0.513586,-2.27495,2.20215,-0.50235,0.540399,0,0,-0.00610542,-0.00610542,0.00610542,-0.0793648,-0.140415,0.189255,-0.00488472,-0.0830288,-0.0109901,-0.0109901,
-7.55642,7.15654,-16.3583,1.95309,-23.1847,19.4843,8.22534,-4.03957,0.279193,-0.0805627,-7.66789,6.98413,-16.5568,2.10013,-23.2967,19.2918,7.85641,-3.90427,0.197803,-0.0659332,0.0120163,0.00324249,-0.436217,0.49115,-2.01514,1.97929,-0.72385,0.652895,0.129129,-5.09594,-0.0717404,0.0825561,-0.617773,0.511833,-2.27662,2.20168,-0.495613,0.53751,0,0,0.00610542,-0.00610542,0.00610542,-0.0305252,-0.115995,0.177046,-0.00488472,-0.0634918,-0.0109901,-0.0109901,
-7.59282,7.18788,-16.3265,1.6113,-23.1799,18.9938,8.43642,-4.02283,0.310931,-0.11357,-7.66789,6.98413,-16.5568,1.90475,-23.2967,19.0965,8.10257,-3.8906,0.224174,-0.092308,0.0120163,0.00324249,-0.436599,0.490387,-2.01667,1.9831,-0.723087,0.650606,0.129129,-5.09556,-0.0721448,0.0829043,-0.618208,0.507273,-2.27768,2.19882,-0.48801,0.533244,0,0,0.00610542,-0.00610542,-0.00610542,-0.0305252,-0.103785,0.140415,0.0146523,-0.112331,-0.0109901,-0.0109901,
-7.63186,7.38177,-16.6195,1.57492,-23.5699,18.3781,8.59985,-4.15773,0.341384,-0.145382,-7.66789,6.98413,-16.4591,1.90475,-23.2967,18.6081,8.26667,-3.98632,0.250549,-0.145054,0.0120163,0.00324249,-0.436217,0.48848,-2.01858,1.98692,-0.723087,0.648699,0.129129,-5.09556,-0.0729856,0.0846517,-0.621488,0.502926,-2.2827,2.1962,-0.483958,0.530032,0,0,-0.00610542,-0.0183144,-0.0183144,-0.0915756,-0.0671558,0.152626,0.00488472,-0.0634918,-0.0109901,-0.0109901,
-7.75952,7.41308,-16.7063,0.937067,-23.7469,17.7213,8.76281,-4.27673,0.370907,-0.174915,-7.76556,7.0818,-16.7521,1.51404,-23.6874,18.1197,8.38974,-4.2188,0.303295,-0.171429,0.0120163,0.00324249,-0.436217,0.488098,-2.01934,1.9892,-0.722324,0.647554,0.129129,-5.09556,-0.0739971,0.0858136,-0.622046,0.497492,-2.28503,2.18997,-0.477692,0.525093,0,0,0.00610542,0.00610542,-0.00610542,-0.0305252,-0.054945,0.115995,0.0244198,-0.0732594,-0.0109901,-0.0109901,
-7.8515,7.67723,-17.1409,0.775635,-24.1649,16.991,8.90485,-4.63937,0.394538,-0.203143,-7.76556,7.17949,-16.8498,1.41637,-23.7851,17.7289,8.5265,-4.28718,0.32967,-0.197803,0.0120163,0.00324249,-0.436217,0.486572,-2.0201,1.99187,-0.721561,0.647554,0.129129,-5.09594,-0.0754261,0.0883415,-0.626469,0.492138,-2.28962,2.18453,-0.473472,0.518439,0,0,-0.00610542,-0.00610542,0.00610542,-0.0915756,-0.0305252,0.115995,0.0146523,-0.00488472,-0.0109901,-0.0109901,
-7.97735,7.90641,-17.1531,0.582758,-24.4878,16.4161,9.01673,-4.61718,0.415362,-0.228845,-7.96092,7.37485,-17.1429,0.927963,-24.2735,17.0452,8.8,-4.50598,0.32967,-0.224174,0.0116348,0.00324249,-0.436217,0.485046,-2.02048,1.99416,-0.720798,0.64641,0.129129,-5.09594,-0.0772059,0.090888,-0.627417,0.488876,-2.29318,2.1784,-0.469601,0.514492,0,0,-0.00610542,-0.00610542,-0.0183144,-0.0793648,-0.0183144,0.054945,0.0146523,-0.0732594,-0.0109901,-0.0109901,
-8.13522,8.14991,-17.3119,0.553393,-24.7643,15.712,9.10675,-4.77702,0.431126,-0.254514,-8.05861,7.57021,-17.4359,0.537247,-24.5665,16.1661,8.95043,-4.69744,0.356045,-0.250549,0.0116348,0.00324249,-0.435836,0.483521,-2.02087,1.99607,-0.720798,0.645647,0.129129,-5.09594,-0.0785529,0.0931866,-0.627172,0.487838,-2.29623,2.17329,-0.468077,0.51222,0,0,0.00610542,-0.0183144,0.0305252,-0.054945,-0.00610542,0.0793648,-0.00488472,-0.0146523,-0.0109901,-0.0109901,
-8.34678,8.29014,-17.1986,0.5059,-24.5371,15.4223,9.2041,-5.05124,0.427444,-0.277585,-8.1563,7.76556,-17.4359,0.43956,-24.8596,15.873,9.0188,-4.83419,0.382416,-0.276924,0.0116348,0.00362396,-0.435454,0.483139,-2.02087,1.99607,-0.720798,0.645647,0.129129,-5.09594,-0.0809037,0.0959401,-0.625939,0.487336,-2.29452,2.16723,-0.465373,0.505091,0,0,0.00610542,0.00610542,0.0183144,-0.0427341,-0.0305252,-0.00610542,-0.00488472,-0.00488472,0.0109901,-0.0109901,
-8.42244,8.65326,-17.1544,0.66739,-24.5664,14.8359,9.39129,-5.38817,0.438587,-0.299126,-8.35165,8.05861,-17.4359,0.537247,-24.8596,15.2869,9.1282,-4.99829,0.382416,-0.303295,0.0112534,0.00324249,-0.435454,0.481613,-2.02087,1.99607,-0.720798,0.645647,0.129129,-5.09594,-0.0829398,0.0991863,-0.625855,0.486383,-2.29403,2.16071,-0.460174,0.495732,0,0,-0.0183144,-0.00610542,0.00610542,-0.0793648,-0.00610542,-0.00610542,-0.00488472,-0.00488472,-0.0109901,-0.0109901,
-8.65542,8.87662,-17.0718,0.696119,-24.5142,14.1813,9.49608,-5.57849,0.438326,-0.318236,-8.54701,8.25397,-17.6313,0.43956,-24.7619,14.7985,9.27863,-5.3265,0.382416,-0.32967,0.0112534,0.00324249,-0.433928,0.481232,-2.02087,1.99607,-0.720798,0.645647,0.129129,-5.09594,-0.0851215,0.101668,-0.621784,0.487949,-2.29345,2.15344,-0.457263,0.490445,0,0,-0.00610542,-0.00610542,0.054945,-0.0305252,-0.00610542,-0.00610542,-0.00488472,-0.00488472,-0.0109901,-0.0109901,
-8.74232,9.14361,-16.5695,0.970147,-24.0915,13.6048,9.98111,-6.12133,0.433096,-0.33421,-8.64468,8.54701,-17.2405,0.830276,-24.7619,14.2124,9.38803,-5.53162,0.408791,-0.356045,0.0112534,0.00362396,-0.433928,0.479324,-2.02048,1.99607,-0.720798,0.645647,0.129129,-5.09594,-0.0860871,0.104609,-0.61783,0.48583,-2.28837,2.14662,-0.44379,0.475366,0,0,-0.00610542,-0.0183144,0.00610542,-0.128204,-0.00610542,-0.0183144,-0.00488472,-0.00488472,-0.0109901,-0.0109901,
-8.86644,9.26862,-16.2156,0.950678,-23.8739,13.3496,10.0341,-6.33111,0.420967,-0.348138,-8.84004,8.84004,-16.9475,0.634918,-24.4689,13.5287,9.75726,-5.94188,0.408791,-0.356045,0.0108719,0.00362396,-0.433166,0.478943,-2.0201,1.99569,-0.720798,0.645647,0.129129,-5.09594,-0.0882546,0.106812,-0.611914,0.488895,-2.28517,2.143,-0.442318,0.469539,0,0,-0.0183144,0.00610542,0.0427341,-0.0183144,0.00610542,-0.0305252,-0.00488472,-0.00488472,-0.0109901,-0.0109901,
-9.05075,9.53249,-15.7193,1.07681,-23.3627,12.9029,10.3208,-6.67747,0.404043,-0.347077,-8.93773,9.03542,-16.4591,0.732605,-24.0781,13.2357,9.94872,-6.32479,0.408791,-0.382416,0.0108719,0.00362396,-0.433166,0.478561,-2.0201,1.99569,-0.720798,0.645647,0.129129,-5.09594,-0.0898955,0.109337,-0.608028,0.489101,-2.27908,2.13844,-0.434354,0.459918,0,0,-0.00610542,-0.00610542,-0.00610542,-0.0427341,0.0183144,-0.0183144,-0.00488472,-0.00488472,-0.0109901,-0.0329666,
-9.2873,9.69741,-15.1611,1.29797,-22.5527,12.8066,10.4617,-6.97288,0.381506,-0.365902,-9.03542,9.13309,-16.2637,0.830276,-23.7851,13.138,10.0718,-6.46154,0.382416,-0.382416,0.0108719,0.00400543,-0.432784,0.478561,-2.0201,1.99493,-0.720798,0.645647,0.129129,-5.09594,-0.0925239,0.112365,-0.601037,0.492373,-2.2713,2.1362,-0.430441,0.451712,0,0,-0.00610542,0.0183144,0.00610542,-0.0183144,-0.0183144,-0.0305252,-0.00488472,-0.00488472,-0.0109901,-0.0109901,
-9.46683,10.0482,-15.0869,1.73961,-22.1028,12.8635,10.542,-7.19158,0.354615,-0.369871,-9.23077,9.42613,-15.6777,1.22101,-22.8083,12.7473,10.3179,-6.89915,0.356045,-0.408791,0.0104904,0.00400543,-0.431258,0.477798,-2.0201,1.99416,-0.720798,0.645647,0.129129,-5.09594,-0.0957141,0.115856,-0.597059,0.495296,-2.26589,2.13526,-0.42772,0.445637,0,0,-0.0305252,0.00610542,0.054945,-0.054945,-0.00610542,-0.054945,0.00488472,-0.00488472,-0.0109901,-0.0109901,
-9.67813,10.3665,-15.0844,2.2025,-21.5096,13.0814,10.3395,-7.30612,0.322562,-0.366067,-9.32845,9.81685,-15.58,1.51404,-22.4176,12.7473,10.4,-7.15897,0.32967,-0.408791,0.00934601,0.0043869,-0.430114,0.476273,-2.0201,1.9934,-0.720036,0.645647,0.129129,-5.09594,-0.100427,0.119774,-0.595073,0.49932,-2.2593,2.13651,-0.431606,0.442455,0,0,-0.0671558,0.00610542,0.0793648,-0.0427341,-0.00610542,-0.0671558,0.0244198,-0.00488472,-0.0109901,-0.0109901,
-10.3644,10.6322,-15.2147,2.5987,-20.9275,13.419,9.99038,-7.29714,0.293244,-0.351745,-9.81685,9.91454,-15.3846,1.80708,-21.8315,13.0403,10.2906,-7.28205,0.303295,-0.408791,0.00896454,0.00476837,-0.428206,0.475891,-2.0201,1.99149,-0.719273,0.645647,0.129129,-5.09594,-0.106806,0.123514,-0.595427,0.504155,-2.25284,2.13754,-0.439564,0.443193,0,0,-0.0183144,0.0183144,0.054945,-0.0183144,-0.00610542,-0.0915756,0.0439568,0.00488472,-0.0109901,-0.0109901,
-10.9609,10.6567,-15.7995,2.54809,-20.5496,13.7922,9.9525,-7.3915,0.26544,-0.32826,-10.2076,10.0122,-15.58,2.1978,-21.3431,13.7241,10.0718,-7.33675,0.276924,-0.408791,0.00896454,0.00591278,-0.427062,0.476273,-2.01972,1.98959,-0.719273,0.646029,0.129129,-5.09594,-0.113027,0.126559,-0.599966,0.505195,-2.24744,2.13734,-0.443059,0.440465,0,0,-0.00610542,0.0671558,0.0793648,0.0183144,0.0183144,-0.164835,-0.00488472,-0.00488472,-0.0109901,-0.0109901,
-11.1532,11.1794,-15.8341,3.01974,-20.4722,13.9102,9.66329,-7.45992,0.242394,-0.291009,-10.8913,10.5983,-15.873,2.39316,-21.0501,13.7241,9.92137,-7.37778,0.250549,-0.382416,0.00858307,0.00667572,-0.425536,0.476273,-2.01858,1.98615,-0.719273,0.646029,0.129129,-5.09594,-0.115952,0.130688,-0.600454,0.509215,-2.24422,2.13603,-0.451092,0.438564,0,0,-0.0183144,-0.00610542,0.0305252,-0.0183144,0.054945,-0.140415,-0.00488472,-0.00488472,-0.0109901,-0.0109901,
-11.4201,11.3189,-15.5438,3.4764,-20.1838,14.4162,9.49604,-7.38566,0.221027,-0.244158,-11.1844,10.7937,-15.873,2.58852,-20.8547,13.9194,9.62051,-7.47351,0.224174,-0.356045,0.00858307,0.00667572,-0.425536,0.476654,-2.01705,1.98386,-0.719273,0.646029,0.129129,-5.09594,-0.118917,0.132237,-0.598855,0.515484,-2.23826,2.13896,-0.455738,0.440627,0,0,-0.0183144,-0.00610542,-0.0183144,0.00610542,0.0915756,-0.152626,-0.00488472,-0.00488472,-0.0109901,-0.0109901,
-11.6887,11.211,-15.9283,3.64822,-20.3909,15.0206,9.29787,-7.23937,0.201451,-0.190663,-11.4774,10.8913,-15.7753,3.07692,-20.6593,14.4078,9.48376,-7.45983,0.197803,-0.303295,0.0082016,0.00743866,-0.425536,0.476654,-2.01438,1.98043,-0.719273,0.646029,0.129129,-5.09594,-0.122283,0.133837,-0.602314,0.518207,-2.23708,2.14142,-0.461243,0.445179,0,0,-0.0183144,0.054945,0.00610542,0.0305252,0.115995,-0.177046,-0.00488472,0.00488472,-0.0109901,-0.0109901,
-11.8961,11.0708,-16.5255,3.82973,-20.9352,15.408,8.80034,-6.82343,0.184364,-0.130413,-11.7704,10.8913,-16.0684,3.46764,-20.6593,14.8962,9.27863,-7.32308,0.171429,-0.250549,0.0082016,0.00934601,-0.425536,0.477036,-2.01209,1.97776,-0.719273,0.646029,0.129129,-5.09594,-0.123774,0.135407,-0.609357,0.519792,-2.24125,2.14347,-0.475063,0.456733,0,0,0.00610542,0.0915756,-0.00610542,0.00610542,0.103785,-0.164835,-0.00488472,0.00488472,-0.0109901,-0.0109901,
-11.8529,11.3873,-16.6725,4.10121,-20.838,15.7907,8.45964,-6.56431,0.165914,-0.0658187,-11.9658,11.1844,-16.5568,3.66301,-21.3431,15.6777,8.78632,-6.9812,0.171429,-0.197803,0.0082016,0.00934601,-0.425536,0.477417,-2.0098,1.97433,-0.719273,0.64641,0.129129,-5.09594,-0.123294,0.134854,-0.611397,0.522782,-2.23828,2.14469,-0.484527,0.464312,0,0,0.00610542,-0.0305252,-0.0183144,-0.00610542,0.0915756,-0.152626,-0.00488472,0.00488472,-0.0109901,-0.0109901,
-11.789,11.15,-17.2662,3.93732,-21.386,16.1963,8.12532,-6.54823,0.159289,-0.0163733,-11.9658,11.0867,-16.7521,3.76068,-21.2454,15.7753,8.45812,-6.95385,0.145054,-0.145054,0.0082016,0.00972748,-0.425918,0.477798,-2.00713,1.97128,-0.719273,0.648699,0.129129,-5.09594,-0.122991,0.133413,-0.619189,0.522157,-2.24211,2.14615,-0.493814,0.473885,0,0,-0.00610542,-0.00610542,-0.0427341,0.0183144,0.0793648,-0.152626,-0.00488472,0.141636,-0.0329666,0.0109901,
-11.654,11.0051,-17.7659,3.64285,-21.8853,16.5975,7.7598,-6.26085,0.124449,0.0534492,-11.9658,11.1844,-17.1429,3.66301,-21.4408,16.2637,8.25299,-6.88547,0.118683,-0.092308,0.0082016,0.00934601,-0.426299,0.478561,-2.00523,1.9686,-0.719273,0.650988,0.129129,-5.09594,-0.12149,0.131014,-0.625123,0.520869,-2.24534,2.14753,-0.503967,0.48318,0,0,-0.00610542,-0.0183144,-0.0427341,0.054945,0.0915756,-0.164835,-0.00488472,0.122101,-0.0109901,-0.0109901,
-11.4803,10.7647,-18.3414,3.23025,-22.4131,16.6356,7.46701,-6.31744,0.101483,0.105579,-11.7704,10.8913,-17.6313,3.56532,-22.1245,16.3614,7.77436,-6.54359,0.092308,-0.0131874,0.0082016,0.00896454,-0.427444,0.479324,-2.00332,1.96593,-0.719273,0.655947,0.129129,-5.09594,-0.119154,0.127962,-0.633069,0.515419,-2.25011,2.14691,-0.5121,0.489498,0,0,0.00610542,-0.0183144,-0.054945,0.00610542,0.0671558,-0.115995,-0.00488472,0.180708,-0.0109901,-0.0109901,
-11.1017,10.48,-18.2394,3.12907,-23.0745,16.8989,7.22042,-5.74141,0.0826242,0.14711,-11.6728,10.696,-18.1197,3.17461,-22.6129,16.5568,7.45983,-6.24273,0.092308,0.0131874,0.0082016,0.00896454,-0.429351,0.479324,-2.00217,1.96479,-0.719273,0.657092,0.129129,-5.09594,-0.114947,0.124799,-0.636285,0.513888,-2.25591,2.1495,-0.51895,0.500783,0,0,0.00610542,-0.0183144,-0.128204,-0.00610542,0.0793648,-0.0915756,-0.00488472,0.0634918,-0.0109901,-0.0109901,
-10.7259,10.1204,-17.8087,3.34846,-23.3898,17.311,6.9965,-5.14721,0.0573313,0.175577,-11.3797,10.4029,-18.2173,2.97925,-23.199,16.5568,7.24102,-5.8188,0.0659332,0.092308,0.0082016,0.00896454,-0.431258,0.479706,-2.00027,1.96364,-0.719273,0.657474,0.129129,-5.09556,-0.110771,0.120803,-0.633407,0.517114,-2.25832,2.15497,-0.52517,0.51474,0,0,0.00610542,-0.0183144,-0.128204,0.00610542,0.054945,-0.0305252,-0.00488472,0.00488472,0.0109901,-0.0109901,
-10.5756,9.64533,-17.6516,3.42018,-23.2451,17.7438,6.98945,-5.12244,0.0760323,0.191973,-11.1844,10.1099,-18.022,3.07692,-23.3944,16.9475,6.95385,-5.66838,0.0395622,0.118683,0.00858307,0.00896454,-0.432784,0.479324,-1.9995,1.96364,-0.719273,0.658999,0.129129,-5.09556,-0.108313,0.115931,-0.631151,0.51753,-2.25717,2.16059,-0.525365,0.521349,0,0,0.0183144,-0.00610542,-0.0671558,0.00610542,0.0183144,-0.00610542,-0.00488472,0.0927963,-0.0329666,-0.0109901,
-10.2359,9.349,-17.1489,3.28775,-22.9254,17.9968,7.18102,-5.38134,0.0660737,0.198782,-10.7937,9.81685,-17.7289,3.17461,-23.2967,17.3382,6.91282,-5.25812,0.0395622,0.145054,0.00858307,0.00858307,-0.434691,0.479706,-1.99989,1.96403,-0.719273,0.662051,0.129129,-5.09556,-0.105353,0.11185,-0.62788,0.51644,-2.25482,2.16419,-0.520044,0.518186,0,0,-0.00610542,-0.0183144,-0.0793648,0.00610542,-0.00610542,0.00610542,-0.00488472,0.112331,-0.0109901,-0.0109901,
-10.0449,9.08288,-16.827,3.66278,-23.1049,18.9752,7.01926,-4.91301,0.070004,0.192599,-10.696,9.5238,-17.3382,3.17461,-23.199,17.6313,7.0359,-5.18974,0.0395622,0.145054,0.00896454,0.0082016,-0.435836,0.480087,-2.00027,1.96441,-0.719273,0.662814,0.129129,-5.09556,-0.102849,0.108919,-0.625448,0.521395,-2.25801,2.17545,-0.524537,0.527562,0,0,-0.00610542,-0.00610542,-0.0793648,0.0183144,-0.0305252,0.00610542,-0.00488472,0.0244198,-0.0109901,-0.0109901,
-9.72036,8.89521,-16.5726,3.94772,-23.2535,19.2909,6.92637,-4.40953,0.0788388,0.178212,-10.3053,9.23077,-17.0452,3.46764,-23.199,18.315,6.95385,-4.94359,0.0395622,0.171429,0.00896454,0.00743866,-0.43698,0.479706,-2.00027,1.96593,-0.719273,0.662814,0.129129,-5.09556,-0.0988359,0.104443,-0.622138,0.523773,-2.26006,2.18333,-0.527118,0.540571,0,0,0.00610542,-0.054945,-0.0305252,0.00610542,-0.0427341,0.0915756,-0.00488472,0.00488472,-0.0109901,-0.0109901,
-9.33369,8.7188,-16.4625,4.34377,-23.1994,20.0318,6.80395,-4.10075,0.0893746,0.158421,-10.1099,9.13309,-16.9475,3.76068,-23.2967,18.8034,6.91282,-4.67009,0.0395622,0.145054,0.00896454,0.00591278,-0.437362,0.479324,-2.00103,1.96708,-0.719273,0.662814,0.129129,-5.09556,-0.0953536,0.10055,-0.620889,0.526571,-2.26023,2.19148,-0.530518,0.54866,0,0,-0.0183144,-0.0671558,-0.0183144,-0.0305252,-0.0427341,0.054945,-0.00488472,-0.00488472,-0.0109901,-0.0109901,
-9.0292,8.16196,-17.3533,3.42744,-23.4037,20.0697,6.80632,-3.99931,0.0981209,0.132772,-9.71918,8.64468,-16.7521,4.05373,-23.199,19.6825,6.73504,-4.23248,0.0659332,0.145054,0.00934601,0.00553131,-0.437362,0.479324,-2.00256,1.96784,-0.719273,0.662814,0.129129,-5.09556,-0.0915889,0.0956093,-0.629972,0.517203,-2.26565,2.19308,-0.530452,0.551966,0,0,-0.0183144,-0.0183144,0.00610542,-0.00610542,-0.0915756,0.0671558,-0.00488472,0.00488472,-0.0109901,-0.0109901,
-8.6717,8.12483,-16.903,3.34231,-23.1711,20.2195,7.0535,-4.21196,0.112691,0.105516,-9.5238,8.54701,-16.9475,3.85837,-23.199,19.7802,6.74872,-4.08205,0.0395622,0.118683,0.00934601,0.00476837,-0.437743,0.479324,-2.00408,1.96937,-0.719273,0.662814,0.129129,-5.09556,-0.0872097,0.0932127,-0.626572,0.516665,-2.265,2.19586,-0.523586,0.545571,0,0,-0.00610542,-0.054945,-0.0305252,0.00610542,-0.103785,0.054945,-0.00488472,-0.00488472,-0.0109901,-0.0109901,
-8.25532,8.01615,-16.6413,2.83974,-23.4565,20.1052,7.61405,-4.58889,0.130673,0.0773653,-9.03542,8.1563,-16.8498,3.27228,-23.3944,19.7802,6.96752,-4.20513,0.0659332,0.092308,0.00934601,0.00286102,-0.439651,0.478943,-2.00523,1.97128,-0.719273,0.662814,0.129129,-5.09556,-0.0829902,0.0892838,-0.628014,0.510292,-2.26728,2.19731,-0.508015,0.535101,0,0,-0.0183144,-0.0793648,-0.103785,-0.00610542,-0.0427341,0.0793648,-0.00488472,-0.00488472,-0.0109901,-0.0109901,
-8.00451,7.80205,-16.3576,2.98121,-23.9368,20.3782,7.71381,-4.47023,0.142052,0.0424908,-8.64468,7.96092,-16.6544,2.97925,-23.5897,19.6825,7.4188,-4.45128,0.0659332,0.0659332,0.00934601,0.00209808,-0.441176,0.479324,-2.00561,1.97356,-0.719273,0.662814,0.129129,-5.09556,-0.0797966,0.08777,-0.626387,0.511838,-2.27218,2.20426,-0.505244,0.538397,0,0,-0.00610542,-0.0305252,-0.103785,-0.0183144,-0.0183144,0.128204,-0.00488472,-0.00488472,0.0109901,-0.0109901,
-7.97507,7.74161,-16.2296,2.78157,-23.4826,20.5564,8.05745,-4.49013,0.177428,0.00621776,-8.35165,7.86325,-16.7521,2.78389,-23.6874,19.8779,7.62393,-4.54701,0.092308,0.0131874,0.00972748,0.000953674,-0.441939,0.478561,-2.00675,1.97662,-0.719273,0.662814,0.129129,-5.09556,-0.0782739,0.0847331,-0.622878,0.509671,-2.27072,2.20889,-0.495699,0.537844,0,0,0.0183144,-0.0671558,-0.0183144,0.00610542,-0.0915756,0.115995,-0.00488472,-0.00488472,-0.0109901,-0.0109901,
-7.98088,7.5008,-16.5338,2.4568,-23.4029,20.4685,8.17317,-4.56943,0.200788,-0.0301807,-8.25397,7.47253,-16.5568,2.78389,-23.3944,20.1709,8.00684,-4.49231,0.118683,-0.0131874,0.0101089,0.000953674,-0.441939,0.478561,-2.00904,1.9789,-0.719273,0.662814,0.129129,-5.09556,-0.077143,0.0836854,-0.626258,0.504842,-2.27294,2.21061,-0.492484,0.535153,0,0,0.0427341,-0.0183144,-0.0183144,-0.0305252,-0.115995,0.128204,-0.00488472,-0.0146523,-0.0109901,-0.0109901,
-7.87514,7.46384,-16.1947,2.34895,-23.1369,20.1707,8.57366,-4.66192,0.227698,-0.063989,-8.1563,7.37485,-16.6544,2.49084,-23.3944,20.1709,8.06154,-4.47863,0.145054,-0.0395622,0.0108719,0.000572205,-0.441939,0.477798,-2.01133,1.98196,-0.719273,0.66167,0.129129,-5.09556,-0.0760192,0.0833003,-0.622084,0.502473,-2.27227,2.20994,-0.48136,0.528509,0,0,0.0183144,-0.00610542,-0.00610542,-0.0427341,-0.115995,0.115995,-0.00488472,-0.0732594,-0.0109901,-0.0109901,
-7.72617,7.53782,-16.1269,2.46418,-23.3776,19.504,8.99925,-4.97068,0.270497,-0.097688,-7.96092,7.27716,-16.4591,2.49084,-23.2967,19.3895,8.45812,-4.76581,0.171429,-0.092308,0.0112534,0.000572205,-0.441176,0.47551,-2.01324,1.98615,-0.719273,0.660907,0.129129,-5.09594,-0.0752035,0.0837153,-0.619347,0.49943,-2.27563,2.20958,-0.469538,0.522588,0,0,-0.0183144,-0.0183144,0.0305252,-0.103785,-0.0793648,0.201466,-0.00488472,-0.00488472,-0.0329666,-0.0109901,
-7.70715,7.54685,-15.463,2.56988,-23.5792,19.1703,9.29657,-4.94571,0.293915,-0.126993,-7.96092,7.27716,-16.1661,2.49084,-23.4921,19.0965,8.84103,-4.76581,0.197803,-0.118683,0.0112534,0.000572205,-0.441558,0.474365,-2.01362,1.98882,-0.719273,0.660144,0.129129,-5.09594,-0.0745852,0.0846296,-0.61398,0.498646,-2.27703,2.20895,-0.46079,0.520077,0,0,-0.00610542,0.00610542,-0.0183144,-0.128204,-0.0427341,0.213675,0.00488472,-0.0537243,-0.0109901,-0.0109901,
-7.91875,7.63289,-15.8472,2.25922,-23.473,18.6748,9.62313,-5.09715,0.321345,-0.155262,-7.96092,7.37485,-15.7753,2.58852,-23.5897,18.9011,9.15556,-4.87521,0.224174,-0.145054,0.0116348,0.000572205,-0.441176,0.471313,-2.01514,1.99378,-0.719273,0.658237,0.129129,-5.09556,-0.0761477,0.0851786,-0.616239,0.491735,-2.2786,2.20677,-0.452208,0.512986,0,0,0.00610542,-0.00610542,0.0305252,-0.140415,-0.0793648,0.164835,-0.00488472,-0.0732594,-0.0109901,-0.0109901,
-7.94973,7.79748,-16.287,1.29927,-23.818,17.9971,9.71537,-5.32466,0.340043,-0.184549,-7.96092,7.37485,-15.873,2.29549,-23.5897,18.6081,9.34701,-5.03932,0.276924,-0.171429,0.0116348,0.000572205,-0.440795,0.470169,-2.01629,1.99683,-0.718891,0.657092,0.129129,-5.09594,-0.077306,0.0870074,-0.621558,0.482367,-2.28358,2.20026,-0.448287,0.505033,0,0,-0.0183144,-0.00610542,0.00610542,-0.0671558,-0.0793648,0.103785,0.0146523,-0.0830288,-0.0109901,-0.0109901,
-8.06021,8.05812,-16.7227,0.675211,-24.0839,17.2736,9.69249,-5.64874,0.351344,-0.21433,-8.05861,7.57021,-16.3614,1.61172,-23.8828,17.9243,9.56581,-5.31282,0.276924,-0.224174,0.0116348,0.000572205,-0.440795,0.468642,-2.01781,1.99874,-0.717746,0.656329,0.129129,-5.09594,-0.0785336,0.0894964,-0.625993,0.474313,-2.28806,2.19413,-0.446312,0.497222,0,0,-0.0183144,-0.0183144,0.0183144,-0.054945,-0.0793648,0.103785,0.0439568,-0.0439568,-0.0109901,-0.0109901,
-8.12379,8.21825,-16.641,0.196204,-24.5385,16.467,9.54438,-5.69289,0.362494,-0.243023,-8.1563,7.76556,-16.6544,0.927963,-24.2735,17.0452,9.33333,-5.6547,0.303295,-0.224174,0.0112534,0.000572205,-0.440795,0.468261,-2.01858,2.00065,-0.71622,0.655184,0.129129,-5.09594,-0.0792145,0.0916826,-0.627119,0.46983,-2.29265,2.18667,-0.445482,0.493873,0,0,-0.00610542,-0.00610542,-0.0427341,-0.0183144,-0.0427341,0.0915756,0.112331,-0.0634918,-0.0109901,-0.0109901,
-8.11258,8.44187,-16.6164,0.714273,-24.8549,15.5981,9.61055,-5.86778,0.359767,-0.269745,-8.25397,7.96092,-16.8498,0.634918,-24.7619,16.1661,9.57949,-5.77778,0.303295,-0.276924,0.0112534,0.000953674,-0.441176,0.46559,-2.01858,2.00332,-0.71355,0.654802,0.129129,-5.09594,-0.0794969,0.0945487,-0.626414,0.469253,-2.29495,2.18131,-0.443415,0.491564,0,0,-0.0183144,-0.00610542,-0.0183144,-0.128204,-0.00610542,0.140415,0.0634918,-0.00488472,0.0109901,-0.0109901,
-8.20334,8.60573,-16.3448,1.05436,-24.7384,15.0261,9.79483,-5.97796,0.367402,-0.295004,-8.25397,8.1563,-16.9475,0.732605,-24.9573,15.3846,9.48376,-5.8188,0.303295,-0.303295,0.0112534,0.000953674,-0.440795,0.463302,-2.01858,2.00523,-0.712787,0.654802,0.129511,-5.09594,-0.0805053,0.0963694,-0.621794,0.470336,-2.29365,2.17605,-0.438022,0.488504,0,0,-0.0183144,-0.00610542,0.0183144,-0.140415,-0.00610542,0.115995,0.0537243,-0.00488472,0.0109901,-0.0109901,
-8.4464,8.78442,-16.2359,1.27356,-24.4865,14.7259,9.91774,-6.09284,0.379525,-0.319335,-8.35165,8.35165,-16.8498,0.732605,-24.9573,15.1893,9.66154,-6.01026,0.32967,-0.303295,0.0112534,0.000953674,-0.440032,0.461013,-2.01858,2.00713,-0.711642,0.654802,0.129511,-5.09594,-0.082392,0.0983548,-0.619007,0.472111,-2.29126,2.17259,-0.436394,0.485312,0,0,0.00610542,-0.00610542,0.0427341,-0.0915756,-0.0183144,0.054945,-0.00488472,-0.00488472,-0.0109901,-0.0109901,
-8.63388,9.04935,-16.0605,1.52759,-24.302,14.4563,9.97912,-6.30147,0.373915,-0.342174,-8.54701,8.54701,-16.4591,1.12332,-24.7619,14.7985,9.85299,-6.10598,0.356045,-0.32967,0.0112534,0.000953674,-0.438888,0.459868,-2.01858,2.00713,-0.711642,0.654802,0.129129,-5.09594,-0.0844751,0.101298,-0.617134,0.474196,-2.2888,2.16715,-0.434689,0.479517,0,0,0.00610542,-0.00610542,0.00610542,-0.0793648,-0.00610542,-0.0183144,-0.00488472,-0.00488472,-0.0109901,-0.0109901,
-8.67327,9.23789,-15.6921,1.63096,-23.885,13.8889,10.1759,-6.53818,0.350102,-0.377125,-8.64468,8.74237,-16.4591,1.22101,-24.5665,14.4078,9.92137,-6.24273,0.32967,-0.382416,0.0108719,0.000953674,-0.438125,0.458724,-2.01858,2.00713,-0.711642,0.654802,0.129129,-5.09594,-0.0857013,0.103393,-0.611464,0.476235,-2.28376,2.16125,-0.429223,0.472942,0,0,-0.00610542,-0.00610542,0.0305252,-0.0183144,0.00610542,-0.00610542,-0.00488472,-0.00488472,0.0109901,0.0109901,
-8.8061,9.39779,-15.5003,1.97829,-23.3986,13.5692,10.2843,-6.67559,0.347117,-0.386529,-8.74237,8.93773,-16.1661,1.51404,-24.0781,13.9194,10.0308,-6.47521,0.32967,-0.382416,0.0108719,0.00133514,-0.436599,0.458343,-2.01858,2.00675,-0.711642,0.654802,0.129129,-5.09594,-0.0871772,0.105552,-0.604958,0.479306,-2.27877,2.15691,-0.426213,0.469125,0,0,-0.00610542,-0.00610542,0.115995,-0.0305252,-0.00610542,-0.0183144,-0.00488472,-0.00488472,-0.0109901,-0.0109901,
-8.94065,9.7071,-15.2213,2.53295,-22.9777,13.1979,10.3983,-7.00671,0.32506,-0.403233,-8.74237,9.03542,-15.9707,1.90475,-23.8828,13.7241,10.1265,-6.58462,0.32967,-0.408791,0.0104904,0.00133514,-0.435836,0.456054,-2.0182,2.00637,-0.711642,0.654802,0.129129,-5.09594,-0.0890537,0.109802,-0.604758,0.479517,-2.2733,2.15281,-0.423045,0.459927,0,0,-0.00610542,0.0183144,0.00610542,-0.140415,0.00610542,-0.00610542,-0.00488472,-0.00488472,-0.0109901,-0.0109901,
-8.95718,9.98592,-14.8231,2.98763,-22.0109,13.3595,10.3832,-7.08916,0.297082,-0.413919,-8.84004,9.42613,-15.6777,2.10013,-23.199,13.2357,10.2906,-6.91282,0.303295,-0.435165,0.00934601,0.00133514,-0.433928,0.455291,-2.01858,2.00561,-0.711642,0.654802,0.129129,-5.09594,-0.0924167,0.112493,-0.595984,0.487062,-2.26375,2.15181,-0.423465,0.457637,0,0,-0.0671558,0.00610542,0.0793648,-0.0427341,-0.0183144,-0.0671558,-0.00488472,-0.00488472,-0.0109901,-0.0109901,
-9.28898,10.402,-14.3428,3.46608,-21.3944,13.0062,10.6578,-7.40551,0.254506,-0.420915,-9.13309,9.71918,-15.0916,2.58852,-22.5153,13.138,10.2769,-7.0906,0.276924,-0.435165,0.00896454,0.00133514,-0.433547,0.453765,-2.0182,2.00523,-0.711642,0.654802,0.129129,-5.09594,-0.0948568,0.116303,-0.592708,0.488003,-2.25489,2.14913,-0.415837,0.448849,0,0,-0.0183144,-0.0183144,0.00610542,-0.128204,0.0305252,-0.0183144,-0.00488472,-0.00488472,0.0109901,-0.0109901,
-9.67078,10.4066,-13.917,3.51163,-20.6373,13.2953,10.6839,-7.60246,0.231227,-0.381291,-9.42613,9.91454,-14.7009,2.88156,-21.6361,13.2357,10.4684,-7.3094,0.250549,-0.408791,0.00896454,0.00209808,-0.432784,0.454146,-2.01743,2.00408,-0.711642,0.654802,0.129129,-5.0967,-0.099099,0.119151,-0.5864,0.492554,-2.24613,2.14957,-0.415112,0.443379,0,0,-0.0183144,0.0427341,0.0305252,-0.0183144,0.0183144,-0.0671558,-0.00488472,-0.00488472,-0.0109901,-0.0769234,
-10.2458,10.5328,-14.5467,3.66033,-20.4451,13.6367,10.4655,-7.60966,0.199171,-0.315034,-9.71918,9.91454,-14.4078,3.17461,-20.8547,13.2357,10.6462,-7.62393,0.224174,-0.382416,0.00896454,0.00362396,-0.430877,0.454146,-2.01743,2.00217,-0.711642,0.654802,0.129129,-5.10014,-0.105081,0.123301,-0.589454,0.49502,-2.2444,2.15064,-0.421178,0.443667,0,0,-0.00610542,0.0793648,0.0915756,0.00610542,0.00610542,-0.0915756,-0.00488472,0.00488472,-0.0109901,-0.164837,
-10.724,10.7017,-15.2821,3.51016,-20.2357,13.5052,10.1533,-7.73772,0.169169,-0.373676,-10.2076,10.0122,-14.7985,3.46764,-20.5617,13.6264,10.4547,-7.63761,0.197803,-0.46154,0.00896454,0.00514984,-0.429351,0.454146,-2.01705,2.00065,-0.711642,0.654802,0.129129,-5.1009,-0.110802,0.12711,-0.595693,0.492945,-2.2421,2.14806,-0.429849,0.439133,0,0,-0.0183144,0.0915756,0.103785,-0.00610542,-0.00610542,-0.0793648,-0.00488472,-0.0146523,-0.0109901,-0.0109901,
-11.0179,11.1255,-15.3045,3.55162,-19.9562,13.5758,9.99889,-8.00479,0.131682,-0.356091,-10.696,10.5983,-15.1893,3.36996,-20.5617,13.6264,10.0991,-7.70598,0.145054,-0.408791,0.00896454,0.00629425,-0.428206,0.454146,-2.01667,1.99798,-0.711642,0.654802,0.129129,-5.1009,-0.113661,0.130115,-0.597239,0.493812,-2.23698,2.14536,-0.43414,0.432203,0,0,-0.00610542,0.00610542,0.0305252,0.00610542,0.0427341,-0.103785,-0.00488472,-0.00488472,0.0109901,0.0109901,
-11.133,11.2237,-14.944,3.75451,-19.7888,13.8414,9.92502,-8.13599,0.12012,-0.304016,-10.989,10.7937,-15.1893,3.27228,-20.464,13.5287,9.98974,-7.99316,0.118683,-0.408791,0.00858307,0.00629425,-0.428588,0.454146,-2.01514,1.99607,-0.711642,0.654802,0.129129,-5.1009,-0.116134,0.131613,-0.596056,0.496474,-2.23197,2.146,-0.436192,0.428558,0,0,-0.0305252,0.0183144,-0.0427341,0.0183144,0.0915756,-0.115995,-0.00488472,-0.00488472,-0.0109901,-0.0109901,
-11.3981,11.3557,-14.9658,4.14839,-20.0504,14.1956,9.64195,-7.89509,0.104037,-0.252898,-11.2821,10.989,-15.1893,3.46764,-20.2686,13.8217,9.83932,-8.14359,0.092308,-0.356045,0.00858307,0.00667572,-0.429351,0.454909,-2.01209,1.99378,-0.711642,0.654802,0.129129,-5.1009,-0.118266,0.132647,-0.596655,0.500799,-2.23141,2.14846,-0.444055,0.43525,0,0,-0.00610542,-0.00610542,-0.0305252,-0.00610542,0.103785,-0.0915756,-0.00488472,-0.00488472,-0.0109901,-0.0109901,
-11.6708,11.2352,-15.7487,4.22778,-20.0604,14.6848,9.27541,-7.72519,0.0759385,-0.193771,-11.4774,10.989,-15.2869,3.85837,-20.2686,14.3101,9.60684,-7.95214,0.092308,-0.32967,0.00858307,0.00705719,-0.428588,0.454528,-2.01057,1.99226,-0.711642,0.654802,0.129129,-5.1009,-0.121703,0.13291,-0.602556,0.500486,-2.23122,2.15115,-0.454236,0.440458,0,0,-0.0183144,0.0305252,0.0305252,-0.0305252,0.0671558,-0.128204,-0.00488472,0.00488472,0.0109901,-0.0109901,
-11.8207,10.9066,-16.3541,4.05545,-20.752,15.2999,8.88677,-7.54379,0.0739518,-0.129804,-11.6728,10.7937,-15.3846,3.95604,-20.5617,14.8962,9.34701,-7.81538,0.0659332,-0.276924,0.00858307,0.00896454,-0.428969,0.454909,-2.00828,1.98844,-0.711642,0.654802,0.129129,-5.1009,-0.122962,0.133609,-0.611292,0.50058,-2.23499,2.15213,-0.465032,0.445008,0,0,-0.00610542,0.103785,-0.0183144,0.0183144,0.115995,-0.189255,-0.00488472,-0.00488472,-0.0109901,-0.0109901,
-11.7487,11.1346,-16.4973,4.09519,-20.9375,15.5675,8.65144,-7.38131,0.0623289,-0.0643391,-11.9658,10.989,-16.2637,3.76068,-21.0501,15.1893,8.89573,-7.65128,0.0395622,-0.197803,0.00858307,0.00934601,-0.429351,0.455672,-2.00561,1.98539,-0.711642,0.655184,0.129129,-5.1009,-0.122162,0.132454,-0.613672,0.502192,-2.23479,2.15287,-0.471569,0.450392,0,0,-0.00610542,-0.0183144,-0.0305252,0.0305252,0.103785,-0.164835,-0.00488472,0.00488472,-0.0109901,-0.0109901,
-11.8152,10.8004,-17.0783,3.63477,-21.3055,15.9717,8.43303,-7.21359,0.0492766,-0.00369333,-12.0635,11.0867,-16.4591,3.66301,-21.2454,15.4823,8.71795,-7.51453,0.0395622,-0.145054,0.00858307,0.00934601,-0.429351,0.456817,-2.0037,1.98272,-0.711642,0.655184,0.129129,-5.1009,-0.122493,0.129961,-0.619313,0.499849,-2.23738,2.15428,-0.477636,0.455051,0,0,0.00610542,0.0183144,-0.00610542,0.0793648,0.0915756,-0.177046,-0.00488472,0.00488472,-0.0109901,-0.0109901,
-11.5465,10.8601,-17.3582,3.90677,-21.8947,16.4439,7.9742,-6.78937,0.0360526,0.0504776,-11.8681,10.8913,-16.9475,3.76068,-21.4408,15.9707,8.38974,-7.26838,0.0131874,-0.0659332,0.00858307,0.00896454,-0.430114,0.457198,-2.00217,1.97929,-0.711642,0.655184,0.129129,-5.1009,-0.119915,0.128615,-0.624001,0.50081,-2.24321,2.15813,-0.490381,0.466346,0,0,-0.00610542,-0.0305252,-0.0305252,0.00610542,0.0671558,-0.115995,-0.00488472,-0.00488472,-0.0109901,-0.0109901,
-11.3515,10.473,-17.5511,4.1061,-22.2031,16.7916,7.90355,-6.46127,0.0279607,0.0936415,-11.7704,10.696,-17.4359,3.76068,-22.1245,16.0684,8.17094,-7.06325,0.0131874,-0.0131874,0.00858307,0.00896454,-0.430114,0.457198,-2.00103,1.97776,-0.711642,0.655565,0.129129,-5.1009,-0.117748,0.125127,-0.624922,0.502211,-2.24549,2.16128,-0.492343,0.47633,0,0,-0.00610542,-0.00610542,0.00610542,-0.0183144,0.0671558,-0.0915756,-0.00488472,0.00488472,-0.0109901,-0.0109901,
-11.0298,10.2099,-17.0638,4.351,-22.4344,17.278,7.89455,-6.19443,0.0243119,0.125778,-11.6728,10.5006,-17.4359,3.85837,-22.4176,16.5568,7.84274,-6.63932,-0.0131874,0.0131874,0.00858307,0.00858307,-0.431258,0.456817,-1.9995,1.97662,-0.711642,0.655565,0.129129,-5.1009,-0.114581,0.121822,-0.622688,0.504958,-2.24654,2.16635,-0.492593,0.483742,0,0,-0.0183144,-0.00610542,-0.054945,-0.00610542,0.0671558,-0.0671558,-0.00488472,0.00488472,-0.0109901,-0.0109901,
-10.8249,9.84149,-17.1559,4.11154,-22.5874,17.649,7.80202,-5.97036,0.0223149,0.147009,-11.3797,10.2076,-17.1429,4.05373,-22.5153,16.9475,7.78803,-6.32479,-0.0131874,0.0659332,0.00858307,0.00858307,-0.432403,0.457198,-1.99836,1.97547,-0.711642,0.655565,0.129129,-5.1009,-0.112304,0.117729,-0.624448,0.502678,-2.24872,2.17055,-0.495164,0.489478,0,0,-0.0183144,-0.00610542,-0.0427341,-0.00610542,0.0183144,-0.0305252,-0.00488472,-0.00488472,-0.0109901,-0.0109901,
-10.5181,9.5513,-16.3949,4.15084,-22.4846,17.7907,8.07732,-6.35465,0.0295402,0.158433,-11.0867,9.91454,-16.9475,4.05373,-22.7106,17.2405,7.74701,-6.37949,-0.0131874,0.092308,0.00858307,0.00858307,-0.43431,0.457198,-1.99798,1.97547,-0.711642,0.657092,0.129129,-5.1009,-0.108489,0.114098,-0.620342,0.502708,-2.2472,2.17335,-0.487517,0.484726,0,0,-0.00610542,-0.0183144,-0.115995,-0.0183144,0.0183144,0.00610542,-0.00488472,0.0830288,-0.0109901,-0.0109901,
-10.3881,9.19916,-16.3591,3.92662,-22.4325,18.3473,8.22534,-6.78737,0.0361198,0.157958,-10.8913,9.5238,-16.5568,3.95604,-22.6129,17.3382,7.89743,-6.72137,-0.0131874,0.118683,0.00896454,0.0082016,-0.435454,0.457198,-1.99798,1.97623,-0.711642,0.660144,0.129129,-5.1009,-0.106663,0.109804,-0.619867,0.501031,-2.24784,2.1807,-0.483405,0.480641,0,0,-0.00610542,-0.0183144,-0.0793648,0.00610542,-0.0183144,0.0183144,-0.00488472,0.180708,-0.0109901,-0.0109901,
-9.91484,8.97998,-16.2375,3.59625,-22.8411,18.4192,8.39886,-6.88522,0.0330881,0.148102,-10.5983,9.5238,-16.3614,3.95604,-22.6129,17.7289,8.12991,-6.8718,-0.0131874,0.118683,0.00858307,0.00743866,-0.437743,0.457198,-1.99798,1.97776,-0.711642,0.663959,0.129129,-5.1009,-0.102599,0.105385,-0.620805,0.496953,-2.25238,2.18506,-0.478585,0.480273,0,0,-0.0305252,-0.054945,-0.0793648,-0.00610542,-0.0183144,0.0793648,-0.00488472,0.151403,0.0109901,-0.0109901,
-9.68169,8.90903,-15.6408,3.85503,-23.091,18.8475,8.64624,-6.86984,0.0591945,0.132678,-10.2076,9.13309,-16.1661,3.56532,-23.0037,17.9243,8.29402,-6.80342,0.0131874,0.118683,0.00896454,0.00514984,-0.439651,0.456435,-1.99798,1.98005,-0.711642,0.666247,0.129129,-5.1009,-0.0984062,0.101494,-0.617303,0.497437,-2.25475,2.19293,-0.471713,0.480547,0,0,0.00610542,-0.0793648,-0.115995,-0.054945,-0.00610542,0.103785,-0.00488472,0.102564,-0.0109901,-0.0109901,
-9.4558,8.61341,-16.0763,3.20528,-23.6499,19.3951,8.7,-6.62464,0.0712637,0.109497,-10.0122,8.93773,-15.7753,3.56532,-23.1013,18.5104,8.51282,-6.74872,0.0131874,0.118683,0.00896454,0.00362396,-0.441558,0.456435,-1.99836,1.98196,-0.711642,0.667773,0.129129,-5.1009,-0.0954895,0.09709,-0.624457,0.491439,-2.26215,2.1997,-0.47022,0.485465,0,0,0.0183144,-0.0671558,-0.128204,-0.0183144,-0.0305252,0.0671558,-0.00488472,0.0341873,-0.0109901,-0.0109901,
-9.03931,8.15568,-16.5068,2.6772,-23.8725,19.3153,8.89836,-6.5312,0.0850824,0.0802862,-9.71918,8.44933,-16.3614,3.36996,-23.3944,18.9011,8.5812,-6.65299,0.0395622,0.092308,0.00896454,0.00362396,-0.442321,0.456054,-1.9995,1.98386,-0.711642,0.667773,0.129129,-5.1009,-0.0916757,0.0940391,-0.626747,0.485597,-2.2674,2.20194,-0.46471,0.486107,0,0,-0.00610542,-0.00610542,-0.0305252,-0.00610542,-0.0793648,0.103785,-0.00488472,-0.00488472,-0.0109901,-0.0109901,
-8.71468,7.99982,-16.5218,2.51614,-23.8597,18.9543,9.21363,-6.76782,0.104604,0.0522838,-9.32845,8.1563,-16.6544,3.07692,-23.7851,18.5104,8.84103,-6.52991,0.0395622,0.0659332,0.00896454,0.00324249,-0.442321,0.454528,-2.00141,1.9873,-0.711642,0.667773,0.129129,-5.1009,-0.0880688,0.0919259,-0.626507,0.477804,-2.27079,2.20258,-0.455952,0.479534,0,0,-0.00610542,-0.00610542,-0.0183144,-0.140415,-0.128204,0.140415,-0.00488472,-0.00488472,-0.0109901,-0.0109901,
-8.36444,7.85237,-16.4514,2.27219,-24.247,18.8738,9.51082,-6.78533,0.139944,0.0202876,-9.03542,7.96092,-16.7521,2.78389,-23.8828,18.2173,9.04615,-6.77607,0.0395622,0.0395622,0.00934601,0.00324249,-0.442321,0.452239,-2.0037,1.99149,-0.711642,0.667773,0.129129,-5.1009,-0.0837958,0.0894735,-0.624503,0.473619,-2.27657,2.20792,-0.447697,0.479048,0,0,-0.00610542,-0.0305252,0.0183144,-0.115995,-0.103785,0.201466,-0.00488472,-0.00488472,-0.0329666,-0.0109901,
-8.09352,7.63886,-15.858,2.40897,-24.2106,18.6648,9.84571,-6.77637,0.154563,-0.02223,-8.74237,7.76556,-16.6544,2.58852,-24.0781,18.022,9.33333,-6.81709,0.0659332,-0.0131874,0.00934601,0.00286102,-0.442321,0.448806,-2.00599,1.99722,-0.711642,0.667773,0.129129,-5.1009,-0.0803785,0.0875338,-0.618317,0.470078,-2.27927,2.21335,-0.438395,0.479296,0,0,0.00610542,-0.00610542,0.00610542,-0.164835,-0.128204,0.262516,-0.00488472,-0.00488472,-0.0109901,0.0109901,
-8.09558,7.70528,-15.5842,2.28648,-24.065,18.752,10.1048,-6.82556,0.178141,-0.041116,-8.64468,7.76556,-16.2637,2.39316,-23.8828,17.9243,9.67521,-6.76239,0.092308,-0.0395622,0.0101089,0.00209808,-0.441939,0.446136,-2.00866,2.00217,-0.711642,0.667773,0.129129,-5.1009,-0.0784175,0.0858808,-0.613672,0.466453,-2.28114,2.21928,-0.431197,0.47793,0,0,0.0427341,-0.054945,0.0427341,-0.152626,-0.152626,0.262516,-0.00488472,-0.00488472,-0.0109901,-0.0109901,
-8.12281,7.73187,-15.0543,2.26827,-23.5354,18.6622,10.1678,-6.84832,0.183462,-0.0689281,-8.35165,7.57021,-15.873,2.39316,-23.8828,18.022,9.83932,-6.78974,0.118683,-0.0659332,0.0112534,0.000572205,-0.441176,0.443084,-2.01286,2.00828,-0.711261,0.667773,0.129129,-5.1009,-0.0775756,0.0850573,-0.607429,0.463199,-2.28108,2.2252,-0.427114,0.477298,0,0,0.0427341,-0.0427341,0.0305252,-0.152626,-0.201466,0.286936,0.0341873,-0.00488472,0.0109901,-0.0109901,
-7.8796,7.58043,-14.5759,2.77999,-23.5362,18.697,9.99151,-6.56626,0.217028,-0.0977703,-8.1563,7.57021,-15.4823,2.29549,-23.5897,18.1197,9.85299,-6.80342,0.145054,-0.092308,0.0112534,0.000953674,-0.440413,0.440413,-2.01591,2.01286,-0.709353,0.667773,0.129129,-5.1009,-0.0769082,0.0853842,-0.60135,0.466622,-2.28251,2.23016,-0.427172,0.485133,0,0,-0.0183144,0.00610542,0.0305252,-0.140415,-0.152626,0.286936,0.0927963,-0.00488472,-0.0109901,-0.0109901,
-8.05751,7.60211,-14.4508,3.33335,-23.008,18.4005,9.58906,-6.08783,0.240205,-0.121914,-8.1563,7.37485,-15.1893,2.78389,-23.199,17.9243,9.79829,-6.63932,0.145054,-0.118683,0.0112534,0.000572205,-0.438888,0.43698,-2.01934,2.01934,-0.706302,0.66701,0.129129,-5.1009,-0.0784781,0.0852437,-0.59762,0.467709,-2.28048,2.23336,-0.432369,0.496195,0,0,-0.00610542,0.00610542,0.054945,-0.189255,-0.164835,0.286936,0.151403,-0.0341873,-0.0109901,-0.0109901,
-8.19875,7.60989,-14.3472,3.29141,-22.4117,17.6433,9.75262,-6.05113,0.264847,-0.143058,-8.25397,7.47253,-14.8962,3.27228,-23.1013,17.8266,9.53846,-6.25641,0.197803,-0.145054,0.0112534,0.000572205,-0.437362,0.433166,-2.02277,2.02544,-0.703631,0.666629,0.129129,-5.1009,-0.0796404,0.0853301,-0.594537,0.463835,-2.2781,2.23023,-0.427109,0.497809,0,0,0.00610542,0.00610542,0.0671558,-0.177046,-0.189255,0.262516,0.112331,-0.0146523,-0.0109901,-0.0109901,
-8.33391,7.8189,-14.8748,3.01165,-22.5538,17.0543,9.69042,-5.893,0.282947,-0.165288,-8.25397,7.47253,-14.7985,3.36996,-22.5153,17.4359,9.70256,-6.02393,0.197803,-0.171429,0.0112534,0.000572205,-0.435454,0.430495,-2.02621,2.03002,-0.702487,0.666247,0.129129,-5.1009,-0.0807352,0.0868384,-0.598898,0.459278,-2.28271,2.22745,-0.431111,0.501332,0,0,0.0183144,-0.0183144,0.054945,-0.140415,-0.177046,0.238094,0.0439568,-0.0244198,-0.0109901,-0.0109901,
-8.3917,7.98744,-15.3858,2.17116,-22.3371,16.3017,9.94833,-6.07454,0.275932,-0.188068,-8.44933,7.66789,-14.9939,3.07692,-22.3199,17.0452,9.71624,-5.80513,0.224174,-0.197803,0.0112534,0.000572205,-0.433928,0.427825,-2.0304,2.03422,-0.702106,0.665484,0.129511,-5.1009,-0.0817842,0.0883041,-0.603457,0.448489,-2.28531,2.22044,-0.426007,0.492596,0,0,0.00610542,-0.0305252,0.0427341,-0.103785,-0.201466,0.152626,-0.00488472,-0.0830288,0.0109901,-0.0109901,
-8.22287,8.27746,-15.1748,1.66315,-22.7544,15.5671,10.2687,-6.57894,0.285813,-0.212571,-8.44933,7.86325,-15.2869,2.49084,-22.5153,16.2637,9.86666,-6.03761,0.250549,-0.224174,0.0112534,-0.000190735,-0.433928,0.426299,-2.03346,2.03727,-0.702106,0.66434,0.129129,-5.1009,-0.0807224,0.0903566,-0.602741,0.442133,-2.29056,2.2141,-0.417108,0.479882,0,0,-0.0183144,-0.0427341,-0.00610542,-0.0793648,-0.128204,0.115995,-0.00488472,-0.0341873,-0.0109901,-0.0109901,
-7.9787,8.32749,-14.6549,1.23248,-23.1881,15.009,10.5596,-6.79953,0.264308,-0.238897,-8.35165,7.96092,-15.2869,1.51404,-22.906,15.2869,10.1265,-6.39316,0.250549,-0.224174,0.0108719,-0.00133514,-0.43431,0.425918,-2.03536,2.03994,-0.702106,0.663577,0.129129,-5.1009,-0.0787978,0.090989,-0.59816,0.439001,-2.29525,2.20976,-0.408538,0.471038,0,0,-0.0305252,-0.00610542,-0.0305252,-0.0183144,-0.0671558,0.0915756,0.00488472,-0.0732594,0.0109901,-0.0109901,
-7.80581,8.39053,-14.8127,0.813363,-23.6844,14.3321,10.8353,-7.11065,0.260853,-0.271031,-8.25397,8.05861,-15.0916,1.41637,-23.199,14.8962,10.4684,-6.81709,0.250549,-0.250549,0.0104904,-0.000953674,-0.43431,0.425536,-2.03613,2.04147,-0.702106,0.662433,0.129129,-5.1009,-0.0768513,0.0920709,-0.598285,0.432335,-2.30193,2.20295,-0.40088,0.463205,0,0,-0.0183144,-0.00610542,0.0183144,-0.0671558,-0.0793648,0.0671558,0.00488472,-0.0341873,-0.0109901,-0.0109901,
-7.61978,8.53085,-14.8054,1.07985,-23.8114,13.8636,10.8129,-7.36095,0.235624,-0.303939,-7.96092,8.1563,-15.1893,1.22101,-23.6874,14.2124,10.6872,-7.17265,0.224174,-0.276924,0.0104904,-0.000953674,-0.433166,0.423247,-2.03803,2.04299,-0.702106,0.662051,0.129129,-5.1009,-0.0747842,0.094037,-0.596246,0.430565,-2.30525,2.19927,-0.401016,0.456848,0,0,-0.0183144,0.00610542,0.0427341,-0.140415,-0.0793648,0.0671558,0.0146523,-0.0146523,-0.0109901,-0.0109901,
-7.55685,8.56297,-14.6067,1.55521,-23.4222,13.5027,10.6128,-7.29386,0.211318,-0.33446,-7.86325,8.35165,-15.4823,1.02563,-23.7851,13.7241,10.5915,-7.29573,0.197803,-0.32967,0.0101089,-0.000953674,-0.430495,0.420577,-2.03956,2.04452,-0.70058,0.662051,0.129129,-5.1009,-0.0740595,0.0943939,-0.588926,0.434805,-2.30286,2.19638,-0.40163,0.4592,0,0,-0.00610542,0.00610542,0.115995,-0.0915756,-0.0915756,0.054945,0.0830288,-0.00488472,-0.0109901,-0.0109901,
-7.55928,8.90203,-14.7346,2.28042,-23.1637,13.2774,10.5912,-7.41494,0.181201,-0.363781,-7.76556,8.44933,-15.1893,1.51404,-23.6874,13.5287,10.5231,-7.37778,0.197803,-0.356045,0.0101089,-0.000953674,-0.427825,0.417525,-2.0407,2.04452,-0.699435,0.662051,0.129129,-5.1009,-0.0740865,0.0973473,-0.588898,0.437369,-2.2995,2.19225,-0.401573,0.455837,0,0,-0.00610542,-0.0183144,0.0793648,-0.164835,-0.0427341,0.00610542,0.0732594,-0.00488472,-0.0109901,-0.0109901,
-7.82481,9.05454,-15.0291,2.98171,-22.455,13.1522,10.3495,-7.26685,0.149717,-0.400038,-7.66789,8.54701,-15.58,1.90475,-23.2967,13.3333,10.5094,-7.4188,0.171429,-0.382416,0.0104904,-0.000953674,-0.423629,0.415236,-2.04185,2.04452,-0.697909,0.662051,0.129129,-5.1009,-0.0762484,0.0994488,-0.585124,0.445314,-2.29359,2.18964,-0.408713,0.45995,0,0,0.00610542,-0.00610542,0.164835,-0.0915756,-0.0671558,-0.0305252,0.0341873,-0.00488472,-0.0109901,0.0109901,
-7.97222,9.3493,-14.711,3.81762,-21.4123,12.8996,10.3872,-7.36016,0.130267,-0.408059,-7.86325,8.74237,-15.2869,2.78389,-22.8083,13.138,10.3179,-7.3094,0.118683,-0.408791,0.0101089,-0.000953674,-0.421721,0.413329,-2.04261,2.04376,-0.697146,0.662051,0.129129,-5.1009,-0.0786748,0.102724,-0.580497,0.450253,-2.28154,2.18566,-0.406417,0.457358,0,0,-0.00610542,-0.00610542,0.140415,-0.164835,-0.0305252,-0.0427341,0.0439568,-0.00488472,-0.0329666,-0.0109901,
-8.09245,9.70468,-14.3216,4.48144,-20.8648,12.7745,10.4969,-7.45497,0.0831484,-0.419816,-8.05861,8.93773,-15.1893,3.17461,-22.2222,12.9426,10.3179,-7.32308,0.092308,-0.435165,0.0101089,-0.000953674,-0.419433,0.411422,-2.04185,2.04299,-0.696765,0.662051,0.129129,-5.1009,-0.0804176,0.106673,-0.575509,0.45857,-2.27266,2.1831,-0.404939,0.454724,0,0,-0.0183144,-0.00610542,0.0915756,-0.0793648,0.0305252,-0.054945,0.00488472,-0.00488472,-0.0109901,-0.0109901,
-8.5072,9.9513,-13.6136,4.80044,-19.9204,13.2073,10.6132,-7.70962,0.0412647,-0.425125,-8.25397,9.23077,-14.4078,3.66301,-21.2454,13.0403,10.4273,-7.4188,0.0659332,-0.435165,0.0101089,-0.000572205,-0.41867,0.411803,-2.04109,2.04032,-0.696765,0.662051,0.129129,-5.1009,-0.084212,0.110201,-0.569728,0.465752,-2.26019,2.1828,-0.402199,0.447651,0,0,0.00610542,0.00610542,0.00610542,0.0183144,0.0671558,-0.128204,-0.00488472,-0.00488472,-0.0109901,-0.0109901,
-8.87507,10.1093,-13.2924,5.1068,-19.3636,13.4815,10.6704,-7.90913,-0.00219834,-0.411921,-8.44933,9.32845,-13.9194,4.24908,-20.464,13.2357,10.5231,-7.67863,0.0131874,-0.46154,0.0101089,0.000572205,-0.41867,0.412566,-2.03956,2.03689,-0.696765,0.662051,0.129129,-5.1009,-0.0887064,0.115136,-0.566566,0.47114,-2.25206,2.182,-0.40012,0.442109,0,0,-0.00610542,0.0671558,-0.00610542,0.054945,0.0793648,-0.140415,0.00488472,-0.00488472,-0.0109901,-0.0329666,
-9.49702,10.1665,-13.0435,5.72796,-18.9711,14.0793,10.3927,-7.81123,-0.0431518,-0.415566,-8.93773,9.5238,-13.5287,4.54213,-20.2686,13.7241,10.5094,-7.74701,0.0131874,-0.46154,0.0104904,0.00209808,-0.41867,0.414092,-2.03765,2.03384,-0.696383,0.662051,0.129129,-5.1009,-0.0948286,0.118926,-0.564207,0.481603,-2.24458,2.18397,-0.406966,0.444828,0,0,0.00610542,0.115995,-0.0183144,0.115995,0.115995,-0.189255,0.0146523,-0.00488472,-0.0109901,-0.0109901,
-10.1269,10.3536,-13.6769,5.96123,-19.0617,14.3951,10.0224,-7.74629,-0.0751335,-0.402274,-9.42613,9.71918,-13.3333,5.1282,-19.5849,14.5055,10.3863,-7.85641,-0.0659332,-0.46154,0.0104904,0.00514984,-0.41867,0.416762,-2.03384,2.0285,-0.695621,0.662051,0.129129,-5.1009,-0.102234,0.124056,-0.570431,0.486865,-2.24014,2.18091,-0.415998,0.446632,0,0,-0.00610542,0.115995,0.00610542,0.115995,0.164835,-0.225885,0.0244198,-0.00488472,-0.0109901,-0.0109901,
-10.8314,10.7254,-14.5338,5.98161,-19.0322,14.7379,9.30029,-7.63865,-0.0969546,-0.375771,-10.0122,10.2076,-13.6264,5.42125,-19.5849,14.8962,9.98974,-7.74701,-0.0659332,-0.435165,0.0104904,0.00705719,-0.41867,0.419433,-2.0304,2.02354,-0.694858,0.662051,0.129129,-5.1009,-0.109655,0.128059,-0.580766,0.491389,-2.23597,2.17813,-0.43383,0.449622,0,0,0.00610542,0.054945,-0.0183144,0.164835,0.177046,-0.274725,0.0537243,-0.00488472,-0.0109901,-0.0109901,
-11.3827,11.1719,-15.8056,5.84798,-19.2093,15.0647,8.81863,-7.58937,-0.107545,-0.335793,-10.5983,10.5006,-14.3101,5.61661,-19.4872,15.1893,9.51111,-7.70598,-0.118683,-0.435165,0.0104904,0.00705719,-0.419433,0.422484,-2.02621,2.01667,-0.694858,0.662051,0.128748,-5.1009,-0.115781,0.131393,-0.596474,0.490921,-2.23374,2.17286,-0.45014,0.450991,0,0,0.00610542,0.00610542,-0.0427341,0.103785,0.177046,-0.335775,-0.00488472,-0.00488472,-0.0109901,-0.0109901,
-11.5794,11.2565,-17.3888,5.20287,-19.7224,15.0646,8.22905,-7.41564,-0.110338,-0.276729,-11.1844,10.7937,-15.58,5.51892,-19.7802,15.4823,8.88205,-7.67863,-0.118683,-0.408791,0.00972748,0.00782013,-0.419433,0.425155,-2.02239,2.01057,-0.694858,0.662051,0.129129,-5.1009,-0.119543,0.133096,-0.613659,0.487238,-2.23604,2.16635,-0.466517,0.455817,0,0,-0.0183144,0.00610542,-0.0305252,0.128204,0.164835,-0.347986,-0.00488472,-0.00488472,-0.0109901,-0.0109901,
-11.6497,11.1131,-18.2541,5.18401,-20.0287,15.4445,7.72158,-7.14722,-0.0939253,-0.215419,-11.3797,10.7937,-16.3614,5.32356,-19.9756,15.7753,8.54017,-7.61026,-0.145054,-0.382416,0.00934601,0.00858307,-0.419814,0.427062,-2.01934,2.0037,-0.694858,0.662051,0.128748,-5.1009,-0.120298,0.133894,-0.62284,0.488936,-2.23557,2.16371,-0.480614,0.463273,0,0,-0.00610542,0.054945,-0.00610542,0.128204,0.189255,-0.347986,-0.00488472,-0.00488472,-0.0329666,0.0109901,
-11.3633,11.3819,-17.3767,5.79949,-20.1509,15.4423,7.67605,-7.0782,-0.0908171,-0.126094,-11.7704,11.0867,-17.6313,5.1282,-20.757,15.3846,7.70598,-7.18633,-0.145054,-0.276924,0.00934601,0.00896454,-0.422484,0.428206,-2.01362,1.99683,-0.694858,0.662051,0.129129,-5.1009,-0.11793,0.135226,-0.62146,0.49407,-2.22999,2.16007,-0.481878,0.46519,0,0,-0.0305252,-0.00610542,-0.177046,0.0427341,0.225885,-0.250305,-0.00488472,-0.00488472,-0.0109901,-0.0109901,
-11.4707,11.1854,-16.3773,6.18979,-20.2012,16.0944,7.86717,-7.1869,-0.0723864,-0.0556372,-11.6728,11.0867,-17.0452,4.83516,-20.9524,15.6777,7.63761,-7.37778,-0.118683,-0.197803,0.00934601,0.00896454,-0.425536,0.430495,-2.00828,1.99264,-0.694858,0.662814,0.128748,-5.1009,-0.11831,0.13345,-0.613001,0.503544,-2.22236,2.16353,-0.476569,0.465376,0,0,-0.00610542,0.00610542,-0.164835,0.128204,0.311356,-0.238094,-0.00488472,0.0439568,-0.0109901,-0.0109901,
-11.4989,11.1721,-15.3195,6.29566,-20.4898,17.1064,7.81418,-7.03195,-0.0561048,0.00396255,-11.5751,11.1844,-15.9707,5.32356,-20.757,16.2637,7.78803,-7.21367,-0.118683,-0.145054,0.00934601,0.00896454,-0.430495,0.434691,-2.00217,1.9873,-0.694858,0.663959,0.128748,-5.1009,-0.11903,0.132896,-0.609462,0.511359,-2.22027,2.16943,-0.478041,0.470825,0,0,-0.0183144,-0.00610542,-0.262516,0.201466,0.286936,-0.238094,-0.00488472,0.0439568,-0.0109901,-0.0109901,
-11.6584,10.9872,-15.0588,5.81797,-20.77,17.9759,7.80997,-6.98297,-0.0421777,0.0516841,-11.6728,11.0867,-15.1893,5.42125,-20.8547,17.1429,7.77436,-7.18633,-0.118683,-0.0659332,0.00934601,0.00896454,-0.435836,0.439651,-1.99722,1.98196,-0.694858,0.665103,0.129129,-5.1009,-0.120395,0.131248,-0.612314,0.513045,-2.22006,2.17294,-0.478158,0.474306,0,0,-0.00610542,0.00610542,-0.274725,0.262516,0.238094,-0.262516,-0.00488472,0.0634918,-0.0109901,-0.0109901,
-11.7037,10.8563,-15.2292,5.32678,-20.6398,18.3508,7.78889,-7.13609,-0.0303,0.0887098,-11.7704,10.989,-15.2869,5.61661,-20.9524,18.022,7.67863,-7.17265,-0.092308,-0.0131874,0.00934601,0.00896454,-0.438888,0.443847,-1.99454,1.97776,-0.694858,0.666247,0.128748,-5.1009,-0.121306,0.129387,-0.614002,0.510156,-2.22001,2.17372,-0.478744,0.471686,0,0,-0.0183144,-0.00610542,-0.177046,0.213675,0.115995,-0.238094,-0.00488472,0.0732594,-0.0109901,-0.0109901,
-11.6759,10.7181,-15.5301,4.61671,-20.8262,18.3642,7.91302,-7.52971,-0.00481928,0.114218,-11.8681,10.7937,-15.3846,5.32356,-20.8547,18.2173,7.76068,-7.21367,-0.0659332,0.0395622,0.00934601,0.00858307,-0.442321,0.44728,-1.99226,1.9728,-0.694858,0.668536,0.128748,-5.1009,-0.12059,0.127062,-0.618337,0.502036,-2.22183,2.17176,-0.475296,0.462552,0,0,-0.00610542,-0.0183144,-0.103785,0.103785,0.054945,-0.152626,-0.00488472,0.0634918,-0.0329666,-0.0109901,
-11.3767,10.4825,-15.3532,4.45324,-21.2768,18.31,8.02788,-7.63959,-0.000590391,0.128422,-11.7704,10.5006,-15.4823,5.03052,-21.1477,17.8266,7.87009,-7.3641,-0.0659332,0.0659332,0.00896454,0.00858307,-0.444228,0.447661,-1.99149,1.97204,-0.694858,0.668918,0.128748,-5.1009,-0.117647,0.124445,-0.618686,0.496938,-2.22688,2.17365,-0.472105,0.456951,0,0,-0.00610542,-0.0183144,-0.115995,-0.00610542,0.0305252,-0.054945,-0.00488472,0.00488472,-0.0109901,-0.0109901,
-10.9688,10.0784,-14.8353,4.46829,-21.8644,18.2837,8.25963,-7.69326,0.0184193,0.131035,-11.6728,10.4029,-15.3846,4.6398,-21.6361,17.8266,7.93846,-7.56923,-0.0395622,0.092308,0.00896454,0.00858307,-0.446136,0.446898,-1.98959,1.9728,-0.694858,0.668918,0.129129,-5.1009,-0.112707,0.119955,-0.615245,0.495122,-2.23069,2.17779,-0.465668,0.454972,0,0,0.00610542,-0.0183144,-0.128204,-0.0427341,0.054945,0.054945,-0.00488472,-0.00488472,-0.0109901,-0.0109901,
-10.8013,9.55329,-15.171,3.61192,-21.6914,18.5546,8.57731,-8.02358,0.0322311,0.122647,-11.2821,10.0122,-15.2869,4.34677,-21.7338,18.022,8.17094,-7.69231,-0.0131874,0.092308,0.00896454,0.00858307,-0.446898,0.446136,-1.9892,1.97395,-0.694858,0.668918,0.129129,-5.1009,-0.110846,0.114527,-0.615668,0.485657,-2.23083,2.18113,-0.456843,0.445796,0,0,0.00610542,-0.00610542,-0.00610542,-0.0183144,-0.0183144,0.0305252,-0.00488472,-0.00488472,-0.0109901,-0.0109901,
-10.4849,9.34971,-15.5549,2.71118,-22.1753,18.8206,8.61999,-8.44492,0.0452032,0.10547,-11.0867,9.81685,-15.1893,4.05373,-21.6361,18.315,8.33504,-7.81538,-0.0131874,0.092308,0.00934601,0.0082016,-0.44728,0.446136,-1.99035,1.97433,-0.694858,0.668918,0.129129,-5.1009,-0.107763,0.111477,-0.620723,0.475649,-2.23817,2.18365,-0.455658,0.434092,0,0,-0.0183144,-0.0183144,-0.0183144,-0.0183144,-0.0427341,0.00610542,-0.00488472,-0.00488472,-0.0109901,-0.0109901,
-10.0845,9.36053,-15.1977,2.48664,-22.7494,18.8435,8.9421,-8.83211,0.0664927,0.0819571,-10.7937,9.62149,-15.4823,3.17461,-22.3199,18.315,8.47179,-8.38974,0.0131874,0.0659332,0.00934601,0.00705719,-0.448043,0.444991,-1.99073,1.97547,-0.694858,0.668918,0.129129,-5.1009,-0.102501,0.108011,-0.619145,0.469161,-2.24411,2.18668,-0.44671,0.423337,0,0,0.00610542,-0.0915756,-0.0671558,-0.103785,-0.0183144,0.054945,-0.00488472,-0.00488472,-0.0109901,-0.0109901,
-9.64422,9.14229,-14.2565,2.9516,-22.9263,19.078,9.41754,-9.13547,0.090577,0.053163,-10.5006,9.42613,-15.4823,3.07692,-22.8083,18.1197,8.7453,-8.71795,0.0131874,0.0659332,0.00934601,0.00514984,-0.449187,0.441176,-1.99073,1.97814,-0.694858,0.668918,0.129129,-5.1009,-0.0972015,0.104492,-0.608204,0.466442,-2.24526,2.19561,-0.433503,0.41491,0,0,0.0183144,-0.0671558,-0.0183144,-0.225885,0.00610542,0.164835,-0.00488472,-0.00488472,-0.0109901,-0.0109901,
-9.20024,8.87597,-13.6481,3.25071,-23.3539,19.7479,9.8102,-8.998,0.128157,0.0157837,-9.91454,9.13309,-14.7985,3.17461,-22.906,18.4127,9.23761,-9.0735,0.0395622,0.0131874,0.00934601,0.00400543,-0.448424,0.43698,-1.99111,1.98234,-0.694858,0.668918,0.128748,-5.1009,-0.0926754,0.100796,-0.598646,0.466384,-2.25121,2.20847,-0.422596,0.418729,0,0,0.00610542,-0.054945,0.0427341,-0.201466,-0.0183144,0.201466,-0.00488472,-0.00488472,-0.0329666,-0.0109901,
-8.84313,8.51655,-12.6431,3.61515,-23.3099,20.1895,10.2385,-8.93405,0.140801,-0.0335294,-9.62149,8.74237,-14.1148,3.46764,-23.199,18.9011,9.64786,-9.0735,0.0659332,0.0131874,0.00972748,0.00400543,-0.448043,0.432784,-1.99187,1.98653,-0.694858,0.668536,0.129129,-5.1009,-0.0887331,0.0988372,-0.587911,0.465423,-2.25311,2.21839,-0.410699,0.420124,0,0,-0.00610542,0.00610542,0.0183144,-0.225885,-0.0671558,0.225885,-0.00488472,-0.00488472,-0.0109901,0.0109901,
-8.8728,8.42835,-12.4988,3.35742,-22.7928,20.2335,10.591,-9.01272,0.157766,-0.0601558,-9.42613,8.44933,-13.8217,3.76068,-22.8083,19.2918,10.0581,-8.97778,0.092308,-0.0395622,0.0104904,0.00362396,-0.44461,0.427825,-1.99493,1.99226,-0.694858,0.668918,0.129129,-5.1009,-0.0870788,0.0970688,-0.577584,0.457193,-2.2549,2.22623,-0.400908,0.41832,0,0,0.0305252,-0.00610542,0.177046,-0.238094,-0.201466,0.274725,-0.00488472,-0.00488472,-0.0109901,-0.0109901,
-8.57346,8.44837,-12.3381,3.11919,-22.5949,19.8166,10.8231,-9.28618,0.158901,-0.0977047,-9.03542,8.35165,-13.5287,4.1514,-22.3199,19.3895,10.4,-8.99145,0.118683,-0.0659332,0.0116348,0.00362396,-0.439269,0.42134,-2.00027,1.99874,-0.694476,0.668918,0.129129,-5.1009,-0.0838294,0.0972912,-0.567201,0.445212,-2.26007,2.22971,-0.393101,0.410724,0,0,-0.00610542,-0.00610542,0.274725,-0.323565,-0.262516,0.323565,0.0146523,-0.00488472,0.0109901,-0.0109901,
-8.11443,8.35389,-12.3075,2.9764,-22.833,19.5362,10.7568,-9.29933,0.181492,-0.133159,-8.84004,8.25397,-13.2357,3.95604,-22.1245,18.9011,10.5915,-9.14188,0.118683,-0.092308,0.0112534,0.00362396,-0.433547,0.415236,-2.00523,2.00523,-0.693713,0.668536,0.129129,-5.1009,-0.0795174,0.0962414,-0.560326,0.436708,-2.26849,2.23512,-0.393204,0.409977,0,0,-0.0183144,-0.00610542,0.299145,-0.347986,-0.286936,0.384615,0.0341873,-0.00488472,-0.0109901,-0.0109901,
-7.83173,8.3205,-12.8238,3.05751,-22.9186,18.9611,10.8059,-9.32464,0.191434,-0.164817,-8.54701,8.25397,-13.138,4.05373,-22.3199,18.7057,10.5368,-9.33333,0.118683,-0.145054,0.0112534,0.00362396,-0.426681,0.404936,-2.01171,2.014,-0.692187,0.668536,0.129129,-5.1009,-0.0759693,0.0950565,-0.558382,0.422425,-2.27633,2.23831,-0.389336,0.409274,0,0,-0.00610542,-0.0305252,0.323565,-0.494505,-0.299145,0.409035,0.0537243,-0.00488472,-0.0109901,-0.0109901,
-7.41586,8.08664,-12.9275,3.08447,-23.4685,18.3906,10.7363,-9.017,0.205038,-0.205445,-8.1563,8.1563,-13.7241,4.1514,-22.6129,17.8266,10.4957,-9.33333,0.145054,-0.171429,0.0112534,0.00362396,-0.420577,0.397306,-2.01667,2.02125,-0.690661,0.668536,0.129129,-5.1009,-0.0713486,0.093272,-0.552616,0.415095,-2.287,2.24085,-0.388767,0.41782,0,0,-0.00610542,-0.00610542,0.347986,-0.494505,-0.286936,0.457876,0.0732594,-0.00488472,-0.0109901,0.0109901,
-7.03188,7.97239,-12.6999,3.37403,-23.356,17.2249,10.9094,-8.9057,0.217187,-0.215664,-8.05861,8.05861,-13.7241,4.44444,-22.906,17.1429,10.4547,-9.21026,0.145054,-0.197803,0.0116348,0.00362396,-0.412566,0.383955,-2.02316,2.03346,-0.687991,0.668536,0.129129,-5.1009,-0.0667007,0.0920026,-0.544519,0.402519,-2.29182,2.24255,-0.378846,0.420911,0,0,-0.00610542,-0.00610542,0.274725,-0.567766,-0.274725,0.531136,0.122101,-0.00488472,-0.0109901,-0.0109901,
-6.88325,7.89133,-12.9239,2.6146,-23.644,16.7171,10.9161,-8.81997,0.218493,-0.238858,-7.57021,7.86325,-13.8217,3.85837,-22.906,16.4591,10.6188,-9.0188,0.171429,-0.250549,0.0123978,0.00362396,-0.406844,0.375181,-2.02811,2.04261,-0.686084,0.668536,0.129129,-5.1009,-0.0630653,0.0911019,-0.540065,0.38897,-2.3008,2.24403,-0.376754,0.423293,0,0,0.0305252,-0.00610542,0.311356,-0.457876,-0.299145,0.470085,0.122101,-0.00488472,-0.0109901,-0.0109901,
-6.9487,7.97436,-13.2902,2.04171,-23.6133,15.8998,11.0265,-8.85078,0.212057,-0.263481,-7.47253,7.76556,-14.1148,3.85837,-22.8083,15.9707,10.7692,-8.88205,0.171429,-0.250549,0.0139236,0.00362396,-0.398832,0.365644,-2.03536,2.05253,-0.683032,0.668536,0.129129,-5.1009,-0.0598246,0.0916175,-0.534902,0.374289,-2.30974,2.24364,-0.371123,0.422437,0,0,0.103785,-0.0183144,0.347986,-0.421246,-0.360195,0.433455,0.112331,-0.00488472,-0.0109901,-0.0109901,
-6.32788,8.10452,-12.7379,1.89637,-23.5121,15.0518,11.2744,-8.81748,0.196024,-0.288346,-7.0818,7.76556,-14.2124,2.97925,-23.1013,15.0916,10.7556,-8.89573,0.171429,-0.276924,0.0154495,0.00362396,-0.390059,0.355345,-2.04376,2.06245,-0.67998,0.668536,0.129129,-5.1009,-0.0538427,0.0938777,-0.519178,0.361967,-2.31701,2.24292,-0.35972,0.423362,0,0,0.0305252,0.00610542,0.372406,-0.433455,-0.360195,0.396826,0.141636,-0.00488472,-0.0109901,-0.0109901,
-5.85258,8.30582,-11.6847,2.17489,-23.185,14.6604,11.4349,-8.56819,0.159227,-0.314715,-6.69109,7.86325,-13.9194,2.58852,-22.906,14.2124,11.0017,-8.82735,0.171429,-0.303295,0.015831,0.00362396,-0.383574,0.348478,-2.04986,2.06893,-0.67731,0.668536,0.129129,-5.1009,-0.0481802,0.0953004,-0.500583,0.358195,-2.3207,2.24546,-0.352592,0.430287,0,0,0.0305252,-0.0183144,0.384615,-0.433455,-0.396826,0.409035,0.141636,-0.00488472,0.0109901,-0.0109901,
-5.38165,8.41401,-11.1697,3.29271,-22.7253,14.0069,11.7207,-8.14156,0.142922,-0.338614,-6.20268,8.05861,-13.3333,2.88156,-22.906,13.8217,11.1521,-8.64957,0.145054,-0.32967,0.0165939,0.00362396,-0.371748,0.337796,-2.05863,2.07923,-0.673114,0.668536,0.129129,-5.1009,-0.0425917,0.0977234,-0.478151,0.358712,-2.32314,2.24931,-0.338503,0.442137,0,0,0.0183144,0.0183144,0.531136,-0.470085,-0.360195,0.433455,0.180708,-0.00488472,-0.0109901,-0.0109901,
-4.9505,8.71573,-10.4511,4.97191,-21.6925,13.9424,11.7635,-7.65155,0.127434,-0.359228,-5.71428,8.25397,-12.6496,3.85837,-22.3199,13.3333,11.2342,-8.25299,0.145054,-0.356045,0.0165939,0.00400543,-0.359541,0.326734,-2.06703,2.08801,-0.668155,0.668536,0.129129,-5.1009,-0.0382081,0.100643,-0.457553,0.365901,-2.32087,2.25615,-0.328448,0.455749,0,0,0.00610542,-0.00610542,0.543346,-0.482296,-0.384615,0.396826,0.258852,-0.00488472,-0.0329666,-0.0109901,
-4.91824,8.66198,-10.387,6.04314,-21.2213,14.2481,11.805,-7.18543,0.0951094,-0.381112,-5.32356,8.25397,-12.5519,4.34677,-21.9292,13.3333,11.3436,-8.04786,0.118683,-0.382416,0.0169754,0.00400543,-0.351149,0.32063,-2.0716,2.09297,-0.66434,0.668536,0.129129,-5.1009,-0.0370613,0.10086,-0.447227,0.373328,-2.31899,2.26206,-0.32348,0.468697,0,0,0.0183144,0.0183144,0.579975,-0.433455,-0.347986,0.323565,0.258852,-0.00488472,-0.0329666,-0.0109901,
-5.30122,8.40355,-12.0565,6.70472,-21.0175,14.3529,11.5208,-6.84975,0.0674134,-0.401352,-5.42125,8.35165,-11.8681,5.32356,-20.9524,14.2124,11.3983,-7.29573,0.0659332,-0.408791,0.0185013,0.00476837,-0.335126,0.313764,-2.07961,2.09869,-0.655947,0.668536,0.129129,-5.1009,-0.0377557,0.0999726,-0.44894,0.382766,-2.32352,2.26366,-0.320051,0.47851,0,0,0.0793648,0.054945,0.604395,-0.164835,-0.311356,0.164835,0.317461,0.00488472,-0.0329666,-0.0109901,
-5.9959,7.46009,-14.571,6.74889,-21.4158,14.4425,10.5167,-6.37258,0.035668,-0.419491,-5.90965,8.05861,-12.8449,5.71428,-20.8547,14.5055,11.2342,-6.91282,0.0131874,-0.435165,0.0211716,0.00667572,-0.324063,0.313764,-2.08495,2.09983,-0.650606,0.668536,0.129129,-5.1009,-0.040769,0.0938391,-0.46541,0.389362,-2.33207,2.26132,-0.342115,0.491276,0,0,0.140415,0.128204,0.616606,0.0183144,-0.274725,0.0305252,0.327229,-0.00488472,-0.0109901,-0.0109901,
-6.89232,7.55629,-16.6142,6.27856,-21.0329,13.3677,10.4253,-6.66301,0.0406157,-0.426764,-6.30037,7.66789,-14.1148,6.30037,-20.9524,14.6032,10.865,-6.73504,0.0131874,-0.435165,0.0249863,0.00934601,-0.313001,0.314145,-2.08953,2.09945,-0.644121,0.668918,0.129129,-5.1009,-0.0448795,0.0971713,-0.480712,0.383296,-2.33076,2.24656,-0.339144,0.48359,0,0,0.201466,0.115995,0.506716,-0.0183144,-0.225885,-0.0427341,0.307692,-0.00488472,-0.0329666,-0.0109901,
-5.71043,8.33302,-14.567,5.55126,-19.0782,12.9595,12.4234,-7.71926,0.00554506,-0.424342,-6.39804,7.66789,-15.3846,6.30037,-21.5385,13.7241,10.7145,-6.62564,0.0131874,-0.46154,0.0272751,0.00896454,-0.308805,0.314145,-2.09258,2.09754,-0.640688,0.668536,0.129129,-5.1009,-0.0351567,0.0997221,-0.468014,0.375622,-2.30721,2.23767,-0.290953,0.453868,0,0,0.0305252,-0.054945,0.0793648,-0.00610542,-0.0793648,-0.115995,0.0927963,-0.00488472,-0.0109901,-0.0109901,
-3.37636,7.41092,-5.78813,3.5741,-11.8157,15.1209,18.8696,-9.02119,-0.0630098,-0.425496,-6.10501,7.96092,-14.3101,5.51892,-19.9756,13.3333,12.0137,-7.47351,-0.0131874,-0.46154,0.0261307,0.00896454,-0.31033,0.314145,-2.09144,2.09449,-0.640306,0.668536,0.129129,-5.1009,-0.0119949,0.0911046,-0.377695,0.354875,-2.22049,2.25701,-0.113952,0.417703,0,0,-0.0183144,-0.00610542,-0.0915756,0.0305252,0.0671558,-0.164835,0.0439568,-0.00488472,0.0109901,-0.0329666,
1.8287,-2.23098,1.09959,-4.59515,1.60687,21.465,27.4226,-9.93271,-0.074927,-0.517417,-4.24908,7.47253,-8.05861,4.24908,-13.8217,14.4078,15.8564,-8.82735,-0.0395622,-0.46154,0.0265121,0.00896454,-0.312619,0.314527,-2.08801,2.0922,-0.635347,0.668536,0.129129,-5.1009,0.0462206,-0.0160276,-0.300198,0.262859,-2.06059,2.32846,0.149101,0.391895,0,0,-0.0183144,-0.00610542,0.00610542,-0.0183144,0.286936,-0.0671558,0.454212,-0.0146523,-0.0109901,-0.0109901,
1.76737,-21.5075,-14.5918,-14.2092,11.1794,24.3523,0.421245,-15.3273,0.147415,-0.695898,-2.29549,3.27228,-3.17461,0.43956,-4.24908,18.7057,20.5333,-9.71624,-0.0659332,-0.487911,0.0295639,0.00858307,-0.306134,0.309949,-2.07694,2.09525,-0.603685,0.668536,0.128748,-5.1009,0.0583588,-0.232628,-0.453817,0.139249,-1.92322,2.3754,-0.484292,0.242046,0,0,0.274725,-0.0671558,0.433455,-0.384615,0.885225,0.286936,2.15385,-0.0146523,-0.0329666,-0.0109901,
-0.530654,-26.5937,-45.0783,-11.4121,11.6317,10.5029,-11.0302,-22.0253,0.769318,-0.656079,-1.31868,-7.57021,-9.23077,-2.00244,3.07692,20.2686,5.75043,-12.7795,0.0131874,-0.619781,0.0448236,-0.00629425,-0.298123,0.27409,-2.0552,2.10937,-0.552567,0.668155,0.128748,-5.1009,0.066807,-0.332102,-0.798383,0.0754532,-1.88261,2.2572,-0.700964,0.0531667,0,0,0.836386,-0.909645,0.0183144,-2.15507,1.30037,0.934067,3.15995,-0.0634918,-0.0109901,-0.0109901,
-7.72466,-0.553246,-44.248,6.18064,0.628548,8.79131,-5.63686,-11.0765,1.23077,-0.65042,0.244202,-13.5287,-17.5336,-0.537247,1.90475,12.1612,-1.37436,-15.9795,0.250549,-0.698902,0.0539789,-0.0455866,-0.324826,0.214961,-1.9995,2.13912,-0.53502,0.650225,0.126459,-5.10128,-0.0263561,-0.12479,-0.887492,0.166622,-1.89952,2.28341,-0.678657,0.295901,0,0,0.164835,-2.1917,-2.13065,-3.51038,2.78999,1.39805,0.258852,-0.932844,-0.0769234,-0.0109901,
-6.25924,8.47218,-30.6009,15.4834,-8.23448,-11.9059,-5.82412,-6.92924,1.15229,-0.559021,2.10013,-8.84004,-31.8925,-0.927963,-7.27716,9.5238,-2.52308,-12.9573,0.593407,-0.698902,0.0307083,-0.0867853,-0.412185,0.155832,-1.9213,2.15667,-0.554475,0.615511,0.129511,-5.1009,-0.0854404,-0.0518685,-0.877754,0.276792,-1.88072,2.04372,-0.77755,0.358807,0,0,-1.39805,-1.77656,-3.76679,-1.53236,3.96215,0.579975,-1.22589,-1.28449,0.31868,0.0109901,
-0.399001,3.97513,-11.9716,25.0496,-30.0124,-5.79506,0.115591,-2.88051,0.994804,-0.388298,-6.20268,-1.51404,-22.8083,6.5934,-13.3333,-2.1978,-2.93333,-11.7265,0.593407,-0.646152,0.0112534,-0.0844965,-0.504883,0.157741,-1.84577,2.15133,-0.581941,0.62047,0.141336,-5.1009,-0.00518649,-0.0222169,-0.796021,0.441157,-2.04798,2.05621,-0.66249,0.56512,0,0,-0.360195,0.543346,-4.74359,0.152626,3.93773,-0.921856,-1.67521,0.493284,0.78022,0.0109901,
-1.70353,8.52835,-5.71422,25.3292,-51.6248,13.4971,13.1863,0.0174434,0.687155,-0.0953164,-5.32356,-2.97925,-12.8449,8.84004,-22.2222,0.634918,-0.635897,-9.98974,0.540661,-0.487911,0.0108719,-0.0593195,-0.583848,0.177958,-1.78626,2.10822,-0.626192,0.648317,0.163463,-5.1009,-0.0066318,0.0922165,-0.809122,0.507216,-2.2803,2.16886,-0.372484,0.726213,0,0,0.0427341,1.7033,-4.85348,1.43468,2.38706,-2.6801,-2.25153,1.54823,1.1978,-0.0549469,
-9.83808,5.68821,-8.95962,9.88906,-34.7704,30.804,12.9813,-3.56365,0.0704161,0.0287718,-2.88156,-1.31868,-7.86325,11.7704,-39.4139,19.1941,6.42051,-4.57436,0.356045,-0.250549,0.0169754,-0.0150681,-0.652514,0.25349,-1.77939,2.03422,-0.649462,0.699435,0.200084,-5.1009,-0.0848071,0.115493,-0.840587,0.487707,-2.18669,2.25703,-0.298393,0.718882,0,0,0.225885,2.02076,-2.65568,3.73016,-0.628815,-3.58364,-0.190475,2.36874,1.72527,-0.0549469,
-15.112,5.75047,-10.7651,17.0802,-24.3998,42.2157,5.90832,-8.24502,0.49811,0.0756899,-5.81197,3.36996,-16.8498,6.98413,-40.0977,32.381,11.8222,-5.13504,1.09451,-0.118683,0.022316,0.0242233,-0.660144,0.328641,-1.77481,1.96364,-0.63611,0.753223,0.213817,-5.1009,-0.142542,0.144487,-0.759202,0.637469,-2.02049,2.32506,-0.453675,0.658261,0,0,0.0915756,1.69109,0.616606,3.57143,0.763126,-3.22955,0.366301,2.68132,0.362637,0.0109901,
-12.2206,14.4622,18.0132,27.5599,-5.00023,29.8777,14.2586,-21.018,0.329774,-0.0968964,-7.37485,8.74237,-14.5055,15.58,-31.5995,37.6557,9.08718,-6.65299,0.46154,-0.0395622,0.00514984,0.0329981,-0.647173,0.354963,-1.76184,1.92168,-0.634584,0.794042,0.226025,-5.1009,-0.155665,0.201219,-0.428915,0.689064,-1.79278,2.18915,-0.235337,0.315948,0,0,-0.750916,0.225885,0.543346,0.836386,0.738707,-1.93529,0.0634918,2.11477,0.78022,-0.0109901,
23.1892,14.5925,38.1067,34.3995,-36.7804,-6.40698,26.8141,-18.5056,0.731465,-0.553075,-5.42125,14.7985,9.71918,24.7619,-16.1661,28.8645,12.8068,-14.8171,0.435165,-0.0395622,-0.0314722,0.0188828,-0.649843,0.378614,-1.7237,1.90681,-0.643358,0.817311,0.23785,-5.1009,0.151094,0.159247,-0.233558,0.79156,-2.06053,1.8171,0.0909762,0.329884,0,0,-2.25275,-0.653236,-0.213675,0.921856,2.15507,-0.555555,-0.210012,0.532356,0.516483,-0.0329666,
45.2455,-10.3458,29.5772,44.3499,-36.8927,13.1583,27.2993,-1.88086,0.838265,-0.908879,2.58852,15.7753,28.1807,31.7949,-25.8364,7.96092,21.5043,-14.3521,0.540661,-0.276924,-0.0692377,0.0146866,-0.647936,0.381285,-1.69623,1.88659,-0.641069,0.797475,0.248531,-5.1009,0.38811,-0.107389,-0.313805,0.875078,-2.09211,1.98049,0.13214,0.67612,0,0,-1.36142,-0.213675,0.164835,0.0305252,0.421246,-1.56899,0.297924,-1.38217,0.42857,-0.0329666,
7.15417,-4.95178,-9.22301,9.52474,-7.52765,20.7715,25.5373,6.97694,0.295468,-1.0818,15.4823,3.56532,20.6593,36.3858,-27.9854,18.9988,25.347,-1.45641,0.646152,-0.646152,-0.0043869,0.0112534,-0.59453,0.404554,-1.72217,1.82822,-0.623522,0.731861,0.264172,-5.10128,0.212874,-0.0521099,-0.601973,0.550881,-1.86747,1.95828,0.125164,0.766202,0,0,4.13309,-0.250305,2.85104,1.2149,-1.84982,-3.02198,0.786325,-3.18925,0.714287,-0.0769234,
-21.9441,-0.544334,-55.5873,-28.6742,14.8767,40.4309,-0.776975,-5.997,0.029191,-1.0724,17.9243,-3.46764,3.46764,22.4176,-14.9939,23.7851,23.2684,3.34359,0.356045,-0.778023,0.0745783,-0.0249863,-0.545701,0.434691,-1.75536,1.76871,-0.595675,0.688373,0.280956,-5.10433,-0.0754311,-0.085369,-1.09394,0.158621,-1.62527,2.12413,-0.529101,0.433145,0,0,2.81441,-1.63004,2.08181,1.27595,-1.05617,-2.81441,1.76313,-1.77289,0.824177,-0.274727,
12.4207,-12.0821,-40.217,7.08964,-13.312,38.5283,-9.61237,-14.0511,0.30313,-0.456881,4.54213,-3.56532,-32.381,-8.44933,-3.56532,31.1111,7.00855,-3.48034,0.593407,-0.514286,0.0349054,-0.0238419,-0.543794,0.427825,-1.73095,1.74506,-0.56096,0.683795,0.293164,-5.11769,0.0896813,-0.152593,-1.00632,0.48808,-1.80702,2.15016,-0.748117,0.289824,0,0,-2.49695,0.164835,-0.470085,-0.555555,2.15507,-0.689865,1.59707,-0.0732594,0.516483,-0.802197,
18.0702,3.41673,11.8364,56.0271,-42.4034,6.78308,-2.44426,11.9461,1.03226,0.277955,9.32845,-1.31868,-24.8596,-5.32356,-16.5568,25.348,-0.00683784,-4.69744,0.619781,-0.46154,-0.0150681,-0.0406275,-0.636873,0.358397,-1.64054,1.77672,-0.566682,0.648317,0.295072,-5.14134,0.0674783,-0.0456024,-0.70377,0.840708,-1.93932,1.93654,-0.648986,0.863671,0,0,-3.54701,-1.28816,-5.95238,-4.20635,5.17094,2.53358,-0.288157,-2.32967,-0.0329666,-1.24176,
11.8619,15.3754,-0.776732,45.5693,-83.1997,-13.1439,7.31799,13.5471,1.10935,-0.0847942,7.47253,1.31868,-3.85837,36.9719,-40.8791,11.1844,-1.23761,3.64444,0.593407,-0.725273,-0.0307083,-0.0860224,-0.721943,0.306516,-1.54173,1.82898,-0.588044,0.581941,0.296979,-5.16194,0.122051,0.0162359,-0.797932,0.781298,-2.34184,1.72303,-0.443619,0.856907,0,0,0.628815,-2.05739,-2.02076,-0.946276,3.73016,1.20269,-1.17705,-2.02686,0.186813,-0.53846,
-11.2758,-0.172291,-34.5216,-2.41503,-63.7057,27.8825,11.1642,-2.61175,0.857232,-0.558117,2.1978,-2.29549,-10.5983,27.2039,-61.978,3.66301,3.75385,1.92137,0.698902,-0.540661,0.0131607,-0.0520716,-0.700961,0.382048,-1.53105,1.808,-0.606356,0.635729,0.304227,-5.16499,-0.0378489,0.0325017,-1.03834,0.484844,-2.25009,2.0533,-0.338974,0.74511,0,0,2.22833,2.59463,1.38584,3.88889,-0.335775,-1.93529,-0.8547,3.63858,0.42857,-0.0549469,
-22.0268,-6.08436,-40.4463,-32.7696,7.53108,43.144,9.87943,-17.2541,0.768584,-0.567797,-8.93773,-2.1978,-33.8462,-0.244202,-55.7265,29.7436,13.7504,-2.87863,0.540661,-0.382416,0.059701,-0.000953674,-0.668918,0.451858,-1.59094,1.72751,-0.628099,0.731098,0.318341,-5.16499,-0.0900068,0.0293259,-1.05503,0.227962,-1.60149,2.0793,-0.451595,0.454259,0,0,2.85104,2.93651,1.89866,4.20635,-2.82662,-3.82784,-1.95849,4.04884,0.758244,-0.0988998,
-18.8179,3.20577,-40.8962,-31.9516,5.22868,27.4495,1.14644,-35.8252,1.12463,-0.809992,-3.95604,2.58852,-30.3297,-15.2869,-13.138,34.2369,12.1231,-10.5231,0.98901,-0.46154,0.0448236,0.00743866,-0.667392,0.478561,-1.5898,1.68402,-0.688754,0.778782,0.332837,-5.16995,-0.241798,0.0294239,-1.15822,0.110316,-1.47615,1.97538,-0.773392,-0.139439,0,0,-2.32601,-0.409035,-1.0928,-0.396826,1.66667,-0.409035,-2.32967,1.53846,0.64835,-0.274727,
10.0623,7.09056,-4.00288,9.20247,-17.1567,-16.625,0.541594,-24.5143,1.55492,-0.907731,-1.80708,6.98413,-19.7802,-13.2357,-9.81685,17.3382,2.15385,-25.0872,1.04176,-0.540661,-0.0501642,-0.0165939,-0.764668,0.440413,-1.5444,1.71149,-0.706302,0.794042,0.342755,-5.17376,-0.0846772,0.0204725,-0.993719,0.442338,-1.61883,1.60267,-0.729108,0.165103,0,0,-4.3895,-1.25153,-5.53724,-3.00977,3.48596,2.27717,-0.757021,1.04029,0.736263,-0.274727,
57.6445,-8.67838,42.9122,51.5975,-53.6268,-34.059,14.4272,8.88413,1.98776,-0.854552,-4.24908,8.05861,-21.2454,-14.6032,-18.6081,11.8681,1.03248,-27.8222,0.751648,-0.725273,-0.0856409,-0.0268936,-0.813878,0.360685,-1.46544,1.75116,-0.724232,0.790227,0.353056,-5.18101,0.406502,-0.166666,-0.535488,0.759185,-1.88811,1.45433,-0.396982,1.01381,0,0,-4.45055,-1.30037,-5.95238,-5.2442,5.19536,2.44811,-1.47009,-0.46398,0.736263,-0.582417,
19.7222,-10.2173,13.5002,53.0946,-65.0636,13.1674,17.79,7.20538,1.52571,-1.30034,12.6496,-5.90965,9.42613,19.2918,-42.6374,-17.1429,6.95385,-7.35043,0.909889,-1.14725,-0.113108,-0.028038,-0.861563,0.322919,-1.35748,1.7771,-0.755894,0.749027,0.39044,-5.19551,0.193737,-0.102695,-0.67839,0.948878,-2.04602,1.86378,-0.263437,0.953328,0,0,2.63126,1.16606,0.995115,1.08059,1.03175,-1.78877,-0.0341873,0.0830288,1.52747,-0.42857,
-31.6493,13.6984,-38.4043,1.82024,-49.5015,16.0221,2.2437,-10.9516,0.568371,-1.75716,3.85837,-13.7241,-4.24908,25.2503,-43.2234,14.7985,11.0838,0.211966,0.98901,-1.06813,0.058938,-0.00743866,-0.741398,0.444228,-1.44141,1.69776,-0.697528,0.831426,0.444228,-5.20352,-0.0438399,0.181193,-0.970513,0.685251,-2.15483,1.78278,-0.493811,0.698398,0,0,7.46642,1.0928,5.92796,6.62393,-4.90232,-2.78999,2.82784,3.42369,2.38462,-0.472527,
-11.3335,-4.96317,-36.0809,-23.0501,-2.6775,56.1674,15.234,-24.0447,0.312923,-1.18439,-3.56532,-2.1978,-22.906,15.2869,-53.4799,23.6874,14.7077,-4.50598,0.725273,-0.593407,0.102427,0.022316,-0.662433,0.538835,-1.4971,1.61994,-0.705539,0.872244,0.495346,-5.22068,0.00152884,0.0109222,-0.989868,0.383862,-1.59543,2.1148,-0.391531,0.275398,0,0,0.750916,1.31258,2.20391,3.03419,-2.05739,-3.87668,-2.18315,1.42125,2.53846,-1.37363,
-1.34047,0.725403,-8.26837,-4.63017,-2.05692,29.5999,0.923863,-33.5847,0.399894,-1.12432,-0.146515,13.8217,-26.3248,-3.27228,-25.0549,39.3162,14.0376,-11.1932,0.725273,-1.12088,0.0555048,0.0112534,-0.668536,0.553712,-1.50206,1.5898,-0.74445,0.865759,0.529678,-5.25311,-0.0645989,0.0166679,-0.769564,0.541948,-1.52553,1.85987,-0.842108,-0.0976748,0,0,-3.15629,-0.0793648,-0.274725,1.19048,-0.0183144,-1.76435,-2.46642,-0.6105,2.14286,-1.65934,
36.3073,4.08165,23.2183,45.7824,-45.6586,-41.3965,6.40881,16.9106,0.589649,-0.785812,6.49573,12.6496,-8.74237,4.83516,-22.7106,23.1013,8.38974,-15.2,0.408791,-0.725273,-0.0104904,-0.0619898,-0.72118,0.484283,-1.41814,1.64359,-0.76543,0.779163,0.572404,-5.2924,0.276319,-0.143012,-0.575327,0.84137,-1.78768,1.27988,-0.611584,1.02937,0,0,-3.49817,-3.79121,-3.36386,-4.54823,4.13309,2.88767,-0.483517,-4.39072,2.05495,-1.96703,
31.9409,-6.81754,18.3841,69.6666,-69.08,13.6225,21.6453,17.2761,0.732059,-0.613547,17.7289,-0.0488434,11.3797,31.5995,-38.7302,-16.8498,6.42051,1.0188,0.46154,-0.672527,-0.0646601,-0.0680933,-0.766956,0.415236,-1.35061,1.65618,-0.804723,0.691043,0.617037,-5.3439,0.242416,-0.117592,-0.589347,1.1248,-2.06058,1.75442,-0.279411,1.0735,0,0,-1.43468,0.787546,-0.799755,-1.93529,1.72772,-1.59341,-1.51892,-1.94872,1.9011,-2.25275,
-5.35817,5.54508,-26.479,7.01566,-59.5654,16.7897,15.2538,-3.29134,0.133808,-0.911567,12.3565,-8.74237,1.41637,35.7998,-48.3028,10.3053,16.3761,5.5453,0.487911,-0.725273,0.00209808,-0.0539789,-0.704776,0.477417,-1.38418,1.58598,-0.815022,0.741779,0.662433,-5.38357,0.0844025,0.0326636,-0.865287,0.715116,-2.1492,1.6889,-0.402295,0.812746,0,0,4.25519,0.750916,4.01099,4.79243,-3.09524,-2.50916,-0.21978,3.24786,2.23077,-1.96703,
-21.2133,6.25689,-51.6642,-47.0818,-8.42483,54.8141,22.4563,-18.5179,-0.0951533,-0.453628,2.97925,-5.32356,-19.8779,9.5238,-54.652,27.4969,17.6889,-2.15385,0.382416,-0.408791,0.078393,-0.040246,-0.612459,0.609407,-1.44369,1.52304,-0.8196,0.807775,0.701343,-5.42439,-0.0521011,0.0587825,-1.02757,0.311958,-1.6417,1.97682,-0.220477,0.49925,0,0,3.15629,0.885225,4.76801,6.77045,-3.13187,-4.65812,-0.493284,4.11722,2.42857,-2.91209,
2.21582,-9.5194,-35.0695,-27.8497,3.21553,50.2568,1.58751,-33.0439,0.0406308,-0.162922,3.95604,8.74237,-30.232,-9.23077,-35.9951,34.6276,19.5214,-6.85812,0.46154,-0.32967,0.0616083,-0.0112534,-0.612841,0.66434,-1.47307,1.46811,-0.839437,0.857367,0.750935,-5.49115,0.025789,-0.102983,-1.02021,0.410455,-1.44283,2.0023,-0.824887,-0.0114364,0,0,-1.81319,0.421246,-0.531136,1.66667,-0.164835,-0.726496,-0.590965,0.981686,1.9011,-2.84615,
21.1306,2.38327,-10.8756,12.5395,-20.2373,-29.7629,-2.96761,-1.45889,0.315412,0.256584,10.2076,10.989,-23.7851,-11.4774,-17.7289,27.8877,7.4735,-15.1179,0.408791,-0.672527,-0.0196457,-0.0570307,-0.661288,0.609026,-1.41623,1.54974,-0.829518,0.803197,0.782979,-5.55028,0.0781826,-0.112967,-0.890593,0.616689,-1.51634,1.39426,-0.889241,0.575371,0,0,-4.10867,-2.47253,-3.25397,-3.94994,3.74237,5.25641,0.454212,-3.74603,1.54945,-2.82418,
28.7675,11.639,32.9679,76.1548,-79.4648,-16.4356,22.671,20.5329,0.960333,-0.0967888,10.0122,4.54213,-10.8913,16.8498,-25.2503,-12.7473,-0.047863,-8.32137,0.224174,-0.303295,-0.0543604,-0.121881,-0.752842,0.469025,-1.31666,1.61574,-0.841344,0.728046,0.810063,-5.58881,0.259784,-0.0591038,-0.471391,1.14567,-2.0773,1.45327,-0.241631,1.17459,0,0,-0.164835,-1.99634,-2.54579,-5.08547,3.66911,0.604395,-0.600733,-2.47619,1.3956,-1.98901,
4.44285,3.53201,-0.234868,36.2774,-81.178,17.0565,22.5147,10.0363,0.466127,-0.53171,9.13309,-1.31868,4.1514,27.79,-49.1819,-11.2821,10.3316,6.09231,0.46154,-0.276924,-0.0318537,-0.119593,-0.758945,0.479706,-1.29912,1.60201,-0.849356,0.718891,0.840581,-5.62581,0.0734739,-0.0577595,-0.763387,0.931832,-2.19112,1.76731,-0.235913,0.966663,0,0,1.67888,0.677656,-0.054945,1.47131,0.299145,-0.726496,-0.239317,-0.620268,1.50549,-1.61538,
-30.4301,14.7743,-48.493,-33.3997,-50.3831,30.7461,2.77155,-15.1585,-0.416892,-1.05692,4.34677,-2.39316,-4.93285,19.0965,-52.21,10.3053,13.5043,4.27351,0.356045,-0.487911,0.0585566,-0.0791559,-0.670062,0.637255,-1.40021,1.5547,-0.77306,0.777637,0.883688,-5.65938,-0.117366,0.148292,-1.02226,0.567124,-2.16006,1.81635,-0.48142,0.546311,0,0,4.86569,1.89866,5.59829,9.0293,-6.00122,-2.39927,4.29304,3.79487,2.07692,-1.46154,
-10.7076,1.8027,-39.062,-32.885,4.7394,48.2904,8.20006,-25.5835,-0.457545,-0.342726,-12.3565,10.5983,-32.5763,-5.71428,-51.917,26.5201,15.2957,-7.4188,0.224174,-0.698902,0.109293,-0.0692377,-0.588426,0.729954,-1.49672,1.50778,-0.779545,0.844778,0.921836,-5.69371,0.0145358,-0.0583653,-0.987242,0.441691,-1.56392,2.00873,-0.63748,0.236446,0,0,0.726496,-0.274725,1.05617,2.3138,-3.59585,-1.06838,-1.71428,2.0464,1.7033,-2.03297,
-9.55533,9.01206,-22.3458,-26.1141,1.66075,21.3955,-1.5522,-33.9479,0.235156,-0.191383,4.44444,13.9194,-28.083,-11.2821,-15.0916,23.8828,8.8547,-10.4137,0.435165,-0.487911,0.0509272,-0.0787745,-0.605593,0.699054,-1.51846,1.54746,-0.796712,0.81693,0.944343,-5.73949,-0.192199,-0.00611294,-0.88827,0.341539,-1.50103,1.89813,-0.874749,-0.241086,0,0,-4.10867,-0.824175,-1.03175,-2.02076,-0.0305252,3.38828,-0.698412,-2.30037,1,-2.0989,
24.7507,6.04393,3.25549,10.118,-25.9358,-41.2932,1.0546,7.27371,0.880868,-0.384768,-2.29549,14.7009,-10.2076,-6.10501,-11.3797,14.2124,2.57778,-23.2274,0.250549,-0.593407,-0.0295639,-0.134089,-0.668918,0.608263,-1.47383,1.65236,-0.816167,0.729191,0.955024,-5.77459,0.13535,-0.169294,-0.763189,0.540587,-1.6743,1.3533,-0.836445,0.73075,0,0,-3.30281,-3.07082,-3.91331,-5.40293,2.63126,4.79243,-0.991453,-4.00977,0.604397,-1.54945,
30.9579,15.8841,40.9267,76.5221,-84.4706,-10.3617,35.5814,25.3651,1.45823,-0.342885,1.41637,7.76556,-6.5934,2.00244,-23.199,-17.8266,0.868376,-7.2,0.593407,-0.567032,-0.0822077,-0.147058,-0.727283,0.479324,-1.4128,1.71302,-0.841344,0.647173,0.966468,-5.81159,0.203364,0.0353329,-0.321179,1.17674,-2.28074,1.63553,0.0964801,1.17227,0,0,-1.75214,0.177046,-1.4591,-4.58486,2.11844,1.12943,-1.01099,-3.58974,0.42857,-1.7033,
-14.2361,14.9847,18.9982,33.7434,-44.3331,15.1018,25.4644,6.3721,0.698147,-0.993326,3.27228,0.0488434,12.2589,32.5763,-54.7497,-4.6398,17.935,8.64957,0.698902,-0.804394,0.00972748,-0.132944,-0.70325,0.493439,-1.43072,1.69203,-0.842488,0.658237,0.982872,-5.83181,0.0206576,0.0756771,-0.431312,0.926363,-2.00329,1.83236,-0.104131,0.897022,0,0,5.07326,1.26374,1.8254,1.73993,-2.39927,-0.824175,0.620268,1.23565,0.978024,-1,
-36.8109,14.2766,-54.5405,-65.6539,-32.7375,17.4535,32.2187,-14.809,-0.0434659,-1.44393,-8.54701,-0.634918,-6.20268,14.0171,-31.5995,25.8364,24.9368,-0.047863,0.830769,-0.593407,0.0871668,-0.0570307,-0.558671,0.670062,-1.56119,1.63863,-0.745975,0.761616,1.01415,-5.8566,-0.170642,0.229193,-0.888934,0.263122,-2.13027,1.70659,0.347035,0.626446,0,0,4.53602,3.82784,8.27228,9.67643,-6.15995,-3.779,3.96093,5.52381,1.59341,-1.32967,
-7.86401,-4.04526,-16.4388,-26.1517,24.9169,52.5966,-1.02091,-25.1551,-0.235612,-1.10149,-20.757,14.1148,-30.1343,-21.4408,-33.0647,15.3846,26.4,-6.89915,0.171429,-0.962639,0.133326,0.00171661,-0.472076,0.717364,-1.66114,1.56653,-0.737202,0.842488,1.04429,-5.89437,0.0518493,-0.00802519,-0.656561,0.377747,-1.5131,2.09823,-0.724779,0.262661,0,0,0.177046,1.05617,-0.054945,-1.47131,-3.86447,-1.5812,0.815628,2.37851,1.48352,-1.81319,
-1.7463,-0.203566,-42.4932,-15.7241,3.68745,-0.0447817,-4.20782,-27.073,0.845551,-0.736997,3.07692,13.8217,-18.022,-9.42613,-3.17461,24.4689,8.04786,-10.8786,0.646152,-0.751648,0.0490198,-0.0291824,-0.485809,0.599489,-1.64588,1.63405,-0.723469,0.805867,1.06451,-5.94511,-0.125247,-0.0996169,-0.969555,0.237353,-1.51475,1.80348,-0.891391,-0.100739,0,0,-4.64591,-2.04518,-0.347986,-5.62271,2.70452,5.09768,-1.02076,-3.09158,0.472527,-2.23077,
20.5125,-16.2344,-33.912,14.9578,-8.70272,-48.5308,-5.86352,17.5478,0.712639,-0.41918,0.146515,4.24908,-27.6923,-1.51404,-3.46764,2.58852,-1.30598,-24.0615,0.619781,-0.883518,-0.00324249,-0.0730524,-0.506027,0.492294,-1.58026,1.72637,-0.748264,0.73415,1.07137,-5.9802,0.153245,-0.326084,-0.940825,0.44909,-1.55588,1.32287,-0.978783,1.01866,0,0,-2.14286,-2.17949,-1.73993,-6.28205,3.63248,4.07204,-1.35287,-4.05861,0.53846,-2.0989,
27.1968,-3.80951,3.51919,59.4204,-69.7973,-26.0682,12.6083,23.2778,1.22671,-0.0341635,-1.02563,-5.81197,-27.5946,-0.43956,-11.9658,-16.9475,-2.08547,-17.347,0.514286,-0.646152,-0.0322351,-0.0909815,-0.567826,0.383574,-1.50473,1.77176,-0.776493,0.673495,1.08129,-6.02293,0.229455,-0.155898,-0.62091,0.902367,-2.14859,1.54093,-0.501233,1.14013,0,0,-1.2149,-0.677656,-2.76557,-4.24298,3.94994,1.76435,-1.49939,-3.59951,0.626373,-2.20879,
10.1111,4.33748,14.3008,33.8988,-54.5936,5.11347,29.3752,5.07471,0.752224,-0.414552,6.88644,-14.7985,-6.69109,21.2454,-47.619,-15.873,6.46154,8.62222,0.514286,-0.751648,0.0211716,-0.0875483,-0.612078,0.409133,-1.47231,1.73514,-0.816548,0.688754,1.10494,-6.06641,0.25175,-0.0196146,-0.505072,0.882855,-2.0962,1.73111,-0.0491657,0.970622,0,0,3.54701,0.592186,-1.55678,2.91209,-0.518925,-1.8254,-0.971916,2.81807,1.10989,-1.50549,
-10.1404,9.37623,-25.6096,-30.2606,-31.0246,37.5094,21.5501,-16.7116,-0.212882,-0.916013,14.2124,-7.37485,-0.634918,10.3053,-40.8791,13.7241,12.9299,0.909401,0.197803,-0.936264,0.0741968,-0.0593195,-0.593003,0.581178,-1.53944,1.64969,-0.758945,0.808156,1.14729,-6.09846,-0.00693146,0.0991954,-0.82322,0.526389,-2.02153,1.91526,0.0552976,0.618181,0,0,0.946276,1.63004,1.63004,8.44322,-4.12088,-4.53602,4.31258,5.48474,2.07692,-1.35165,
-2.29889,-22.7781,-49.1704,-55.9512,15.9496,33.1558,-8.1968,-24.8046,0.0469188,-0.0907933,7.17949,-2.39316,-16.0684,-4.05373,-33.6508,22.7106,22.3385,-5.6547,1.2,0.145054,0.0669489,-0.0082016,-0.54799,0.684176,-1.61803,1.6104,-0.634966,0.870718,1.17933,-6.1408,0.0444582,-0.189863,-1.02656,0.195382,-1.53869,1.95987,-0.633351,0.296231,0,0,0.0915756,2.14286,2.03297,3.98657,-2.93651,-0.567766,4.58608,2.2906,0.868134,-2.53846,
-1.07426,-13.46,-43.7963,-18.6356,-7.41728,29.9622,-4.05715,-23.3333,0.603958,0.213642,0.634918,0.830276,-31.8925,-24.3712,-7.37485,16.9475,6.14701,-10.2769,0.46154,-0.145054,0.0539789,-0.00591278,-0.549134,0.667392,-1.62261,1.63863,-0.638018,0.851645,1.19154,-6.18772,0.00439512,-0.166661,-1.05224,0.405588,-1.68894,2.0507,-0.747542,0.115341,0,0,-1.12943,-0.335775,-0.494505,-1.64225,0.482296,2.37485,0.0634918,-1.76313,0.626373,-2.49451,
-15.2549,19.2996,-18.4707,4.78553,-21.163,-28.0355,-8.09988,-2.5453,1.89869,0.211201,7.27716,-1.22101,-26.0318,-3.17461,-20.9524,8.05861,-0.704273,-8.12992,0.540661,-0.514286,0.00782013,-0.0696192,-0.641451,0.544938,-1.55737,1.75612,-0.64641,0.731098,1.19879,-6.23732,-0.237177,0.0326925,-1.0223,0.375685,-1.68283,1.64832,-0.881907,0.338784,0,0,-2.26496,-3.36386,-5.26862,-6.67277,3.2906,6.11111,-0.210012,-6.43223,0.252747,-2.14286,
26.2678,-0.835077,8.48623,35.9032,-70.4387,-33.1528,5.66782,13.3594,1.54209,-0.36252,0.634918,0.43956,-25.4457,-1.41637,-23.9805,-8.44933,-4.30086,-12.7111,0.619781,-0.619781,-0.0333796,-0.110056,-0.694858,0.469406,-1.48833,1.83623,-0.656329,0.644884,1.21481,-6.26173,0.19886,-0.156575,-0.658971,0.778994,-2.16658,1.54296,-0.541136,0.895588,0,0,-1.78877,-1.11722,-1.75214,-2.6801,3.13187,2.25275,-0.844933,-2.40781,0.934067,-1.1978,
27.3067,-15.8274,-10.5278,22.4754,-79.4144,22.2439,26.6743,5.43225,1.18615,-1.02147,1.12332,-7.96092,-5.42125,10.1099,-49.3773,-17.3382,3.02906,1.82564,0.725273,-0.619781,-0.0562677,-0.0413904,-0.726139,0.464065,-1.47688,1.8164,-0.696002,0.641832,1.24571,-6.27775,0.246937,-0.0949464,-0.86082,0.739229,-2.3961,2.00392,-0.0314836,0.798833,0,0,-0.00610542,3.66911,-0.531136,0.763126,-1.10501,-1.78877,-1.52869,0.122101,1.65934,-0.714287,
-23.9003,11.0126,-32.6442,-23.3932,-17.182,31.4487,7.47152,-9.96028,0.238834,-1.23872,4.83516,-8.93773,-23.1013,1.7094,-58.3639,19.2918,14.9402,0.471794,1.06813,-1.22637,0.0253677,-0.0257492,-0.67731,0.554093,-1.56348,1.75383,-0.688754,0.686465,1.28691,-6.28729,-0.0682336,0.110247,-0.937256,0.482813,-1.94018,1.98991,-0.432128,0.55509,0,0,5.15873,0.409035,3.08303,5.65934,-5.57387,-3.40049,0.981686,2.90598,2.2967,-0.494507,
-11.29,-9.43267,-36.6239,-22.928,2.5585,32.5475,-0.480993,-24.1734,0.140967,-0.592906,2.00244,-0.0488434,-33.1624,-7.57021,-31.8925,27.2039,13.5043,-5.18974,0.567032,-0.98901,0.0856409,-0.021553,-0.603685,0.642595,-1.6371,1.72484,-0.657092,0.735294,1.32658,-6.30751,-0.0269826,-0.115575,-0.916397,0.458862,-1.66301,2.0297,-0.679488,0.141712,0,0,0.384615,0.323565,2.82662,2.13065,-1.63004,-1.7033,-0.180708,1.558,1.81319,-1.10989,
-7.95496,-13.8284,-36.2067,-28.8722,3.1717,20.7836,-4.57477,-35.3134,0.597392,-0.648915,3.07692,4.34677,-22.2222,-4.54213,-16.3614,23.0037,3.65812,-14.0786,0.382416,-0.883518,0.0185013,0.00667572,-0.605593,0.606737,-1.63024,1.72179,-0.668918,0.747501,1.35557,-6.32734,-0.208878,-0.0991503,-1.04106,0.207587,-1.57322,1.96757,-0.806495,-0.193133,0,0,-4.16972,1.43468,-0.995115,-2.35043,0.653236,0.445665,-0.210012,0.805861,1.7033,-1.1978,
2.41855,-0.865393,-26.5449,-16.7061,-18.736,-26.7229,-2.61754,-11.3819,1.56315,-0.497898,-4.54213,4.83516,-21.3431,-11.7704,-9.42613,10.5006,-1.0188,-24.2256,0.567032,-0.514286,-0.0448236,-0.0406275,-0.67731,0.53502,-1.5795,1.76642,-0.680362,0.719654,1.38571,-6.35939,-0.0906004,-0.167663,-1.1031,0.225872,-1.70322,1.55192,-0.804109,0.290426,0,0,-2.17949,-3.52259,-3.92552,-3.70574,2.53358,2.47253,-1.02076,-2.26129,1.35165,-1.46154,
31.2831,-5.79318,22.3349,44.1698,-36.8026,-18.4312,8.90502,22.0047,1.22424,-0.330174,-0.830276,0.43956,-27.0085,-14.0171,-22.7106,-16.9475,-0.868376,-12.9299,0.857143,-0.619781,-0.0978489,-0.108912,-0.749409,0.432403,-1.50397,1.80457,-0.71622,0.628481,1.42042,-6.39296,0.192965,-0.231685,-0.571857,0.826516,-1.81866,1.60324,-0.549689,1.05437,0,0,-1.7033,-1.75214,-2.11844,-2.89988,2.82662,0.103785,-1.61661,-3.70696,1.68132,-1.48352,
13.9327,2.3577,5.21421,34.3652,-55.0044,4.99977,19.4302,8.65548,0.696807,-0.755778,8.25397,-10.5983,-3.66301,8.44933,-27.3993,-12.5519,3.45299,3.28889,0.698902,-0.830769,-0.084115,-0.0989933,-0.753223,0.446136,-1.48985,1.7916,-0.738346,0.608263,1.45552,-6.40974,0.11648,-0.0461381,-0.662524,0.891666,-2.07802,1.8152,-0.264798,0.790818,0,0,1.37363,0.799755,0.982906,1.91087,0.689865,-0.958487,-1.32356,-1.15751,2.27473,-0.978024,
-14.1004,14.1225,-29.9639,-2.89707,-38.8588,31.9178,5.971,-13.3285,-0.172463,-0.938268,8.25397,-14.6032,-1.7094,11.1844,-28.1807,8.05861,9.21025,1.77094,0.593407,-0.672527,-0.00209808,-0.0757227,-0.67731,0.567826,-1.55318,1.70729,-0.724995,0.705157,1.52876,-6.4353,-0.0307681,0.120063,-0.881427,0.73934,-2.10847,1.93719,-0.500281,0.569597,0,0,3.84005,1.16606,3.86447,6.11111,-3.70574,-3.74237,1.17705,4.69353,2.6044,-0.956043,
-2.55058,-14.7941,-35.8775,-19.2034,5.89129,55.9651,-3.93823,-25.334,-0.57486,-0.562016,2.29549,-0.732605,-22.6129,6.69109,-38.5348,29.0598,11.2205,-5.69573,0.435165,-0.408791,0.021553,-0.0326166,-0.612841,0.659381,-1.60315,1.66838,-0.697146,0.754749,1.56615,-6.45209,-7.11631e-05,-0.119055,-0.932318,0.55244,-1.64657,2.18826,-0.717409,0.212445,0,0,0.201466,2.33822,2.37485,3.19292,-3.26618,-3.05861,1.78266,3.22833,2.64835,-1.32967,
4.29114,-14.8789,-29.4548,-5.03891,-3.67371,53.4831,0.849215,-26.6159,-0.109307,-0.766126,6.10501,2.78389,-24.2735,0.244202,-13.9194,40.8791,5.84615,-12.1231,0.224174,-1.12088,-0.0116348,0.000190735,-0.614748,0.659762,-1.62795,1.63558,-0.724995,0.753223,1.6146,-6.47879,-0.03864,-0.125855,-0.955658,0.591361,-1.6649,2.22719,-0.784678,-0.0249341,0,0,-2.24054,1.17827,-0.409035,-0.372406,0.115995,-0.0793648,-1.66545,-0.776556,2.05495,-0.736263,
20.0255,10.642,15.0824,17.8938,-25.0465,-33.2126,4.9338,0.48361,0.4624,-0.252542,7.37485,2.1978,-16.8498,4.6398,-14.3101,35.7998,3.09743,-18.3863,0.276924,-0.487911,-0.0570307,-0.0574121,-0.665103,0.606356,-1.58141,1.70233,-0.766575,0.703631,1.64282,-6.49519,0.0985237,-0.0630989,-0.61087,0.695083,-1.77036,1.47881,-0.731357,0.580557,0,0,-2.00855,-3.71795,-3.40049,-3.30281,2.6801,4.36508,-2.03663,-2.73016,1.30769,-1.06593,
30.7522,1.29525,40.3939,62.1333,-63.7413,-5.39942,25.3029,14.5626,1.11103,-0.453214,9.62149,1.02563,0.927963,18.7057,-25.7387,-6.49573,3.98632,-8.04786,0.303295,-0.540661,-0.0818262,-0.110819,-0.74979,0.521667,-1.51923,1.76909,-0.80663,0.63077,1.67296,-6.52075,0.233614,-0.130412,-0.391934,1.08648,-2.14342,1.75244,-0.17923,0.907082,0,0,-0.787546,-1.01954,-2.72894,-3.76679,2.52137,1.30037,-1.50916,-2.5641,1.24176,-1.04396,
5.31804,-8.15108,0.810801,13.7163,-49.9359,17.4906,24.6822,2.91764,0.818676,-1.03851,12.5519,-10.0122,14.5055,26.1294,-42.8327,-1.31868,16.1846,4.1094,0.619781,-0.830769,-0.0497828,-0.0528345,-0.717364,0.546464,-1.52991,1.73552,-0.823033,0.625811,1.69547,-6.53182,0.0900961,-0.0434834,-0.612914,0.813437,-2.12362,1.87187,-0.179663,0.697821,0,0,2.42369,2.99756,2.86325,3.43712,-1.16606,-1.73993,-0.844933,-0.180708,1.35165,-0.56044,
-30.3917,19.617,-45.4982,-31.9311,-40.8308,25.7378,11.1307,-13.3938,-0.141699,-1.3072,4.6398,-9.32845,-0.341873,14.3101,-38.7302,17.6313,18.1675,1.67521,0.540661,-0.382416,0.0368128,-0.0318537,-0.611315,0.679599,-1.60086,1.69661,-0.78336,0.67464,1.73667,-6.54746,-0.132985,0.207073,-0.90582,0.583051,-2.19394,1.89569,-0.369901,0.428352,0,0,5.03663,0.628815,6.33089,7.74725,-4.18193,-2.60684,2.08547,2.51526,1.83516,-0.934067,
-0.74727,-11.3751,-32.3136,-21.651,5.08427,46.7552,-2.33968,-18.9035,-0.268503,-1.05666,-2.78389,0.732605,-21.1477,1.31868,-41.2698,22.906,15.2821,-5.7094,0.303295,-0.883518,0.0642786,-0.0131607,-0.572785,0.70325,-1.668,1.6577,-0.748646,0.699817,1.77329,-6.57225,0.0346081,-0.10516,-0.907608,0.451491,-1.69881,2.13182,-0.757715,0.208175,0,0,-0.641026,1.03175,0.726496,-0.335775,-2.61905,-1.36142,1.11844,0.669109,1.81319,-1.28571,
21.3069,-13.3064,-15.0438,11.382,-12.5995,29.2723,-1.44584,-11.0219,0.105526,-0.950876,5.51892,9.91454,-28.9621,-6.69109,-20.1709,29.1575,5.46325,-9.1282,0.303295,-1.22637,-0.0299454,0.00667572,-0.574693,0.659762,-1.66342,1.67296,-0.749027,0.66701,1.79999,-6.59743,0.0344337,-0.127539,-0.746527,0.704219,-1.76089,2.05946,-0.806039,0.249246,0,0,-5.17094,0.409035,-0.140415,-2.46032,1.27595,1.83761,-0.336996,-2.23199,1.26374,-1.15385,
18.1089,23.9431,15.4791,41.8439,-47.2534,-36.1103,9.67138,6.71218,0.685805,-0.0362827,10.0122,6.88644,-10.5983,16.2637,-19.7802,16.8498,0.403419,-10.4684,0.32967,-0.540661,-0.0730524,-0.0928888,-0.618563,0.554856,-1.60391,1.7752,-0.771915,0.605211,1.81792,-6.63787,0.115744,0.0150261,-0.512304,0.87917,-2.04206,1.52029,-0.545024,0.689829,0,0,-0.372406,-4.74359,-1.97192,-4.21856,2.60684,4.3895,-0.835165,-2.03663,0.714287,-1.81319,
12.3186,8.23326,6.33459,38.188,-59.9876,-1.30444,23.3113,10.2984,0.656292,-0.135511,9.13309,2.78389,2.00244,25.9341,-36.6789,-13.9194,5.42222,-0.499146,0.382416,-0.487911,-0.0635157,-0.124933,-0.634584,0.523193,-1.58026,1.81411,-0.782216,0.575837,1.83089,-6.66648,0.0967599,-0.069472,-0.589638,0.896833,-2.21606,1.85028,-0.159834,0.771794,0,0,0.702076,-1.08059,-0.763126,-1.52015,0.921856,1.52015,-0.503052,-1.8022,0.802197,-1.79121,
-10.5308,-3.75569,-25.016,-22.3592,-34.5726,24.517,22.8649,-3.96021,0.252332,-0.508557,4.44444,-5.71428,-3.95604,16.6544,-43.2234,3.36996,18.3863,2.57778,0.435165,-0.540661,-0.0173569,-0.0516901,-0.591477,0.583848,-1.62108,1.771,-0.773823,0.592622,1.8534,-6.69585,-0.0490992,0.0427217,-0.776841,0.473996,-2.10392,1.98379,-0.116954,0.555632,0,0,2.558,4.08425,2.77778,4.15751,-2.96093,-1.78877,0.434677,1.46032,0.978024,-1.21978,
-14.1529,-5.87277,-46.7831,-54.0085,-4.64076,24.6572,20.0035,-15.5594,-0.105139,-0.502754,-4.93285,-1.02563,-24.4689,-10.7937,-34.4322,22.5153,21.012,-2.55043,0.408791,-0.751648,0.0432978,-0.021553,-0.518997,0.695621,-1.6825,1.73476,-0.770771,0.635347,1.87324,-6.71874,-0.0441562,-0.0780555,-0.939704,0.223935,-1.81648,1.94951,-0.205106,0.32158,0,0,2.09402,0.262516,2.97314,3.85226,-2.47253,-1.77656,0.200245,2.36874,1.06593,-1.48352,
4.46763,-15.2739,-42.5824,-24.623,-1.8131,30.3065,-3.01685,-15.9851,0.147528,-0.803141,0.0488434,0.43956,-30.0366,-20.5617,-17.8266,15.873,17.3333,-9.45641,0.408791,-0.593407,0.0253677,-0.0173569,-0.513657,0.659762,-1.69509,1.73133,-0.733006,0.654802,1.89231,-6.74086,0.0186386,-0.182387,-1.00246,0.290732,-1.71869,2.07315,-0.720348,0.238856,0,0,-1.69109,0.140415,-0.470085,-2.86325,-0.103785,0.152626,1.92918,0.561661,0.736263,-0.978024,
1.18787,14.9892,-15.9054,18.9192,-20.4994,6.79249,-2.47814,-3.84175,0.886809,-0.376011,6.5934,0.830276,-26.7155,-11.6728,-15.4823,13.7241,4.57436,-11.6991,0.382416,-0.382416,-0.0322351,-0.0490198,-0.573548,0.544175,-1.65312,1.77748,-0.704013,0.64374,1.90146,-6.76719,-0.112443,0.0403998,-0.876649,0.547836,-1.79115,1.96549,-0.71351,0.496731,0,0,-2.8022,-2.3138,-3.79121,-6.19658,2.69231,3.37607,1.18681,-0.805861,0.406593,-1.46154,
8.95567,21.687,-6.67478,39.9672,-82.638,-37.4454,3.38054,7.46027,0.605617,0.083609,2.39316,9.03542,-22.7106,3.36996,-26.9109,2.78389,-0.567522,-6.8718,0.46154,-0.514286,-0.0581751,-0.123789,-0.626955,0.457198,-1.57263,1.86904,-0.701343,0.617037,1.90833,-6.79885,0.0224068,0.0156309,-0.7465,0.816826,-2.36649,1.56877,-0.601822,0.784462,0,0,-0.567766,-3.0464,-1.36142,-2.53358,3.73016,3.47375,0.112331,-0.796093,0.362637,-1.48352,
13.2481,-4.41127,-26.891,28.8466,-94.8012,5.88325,-0.0266745,2.62406,-0.00590295,-0.100245,-0.146515,1.61172,-10.7937,23.0037,-63.2479,-16.1661,1.40171,0.389744,0.250549,-0.619781,-0.0635157,-0.091363,-0.650606,0.449569,-1.54173,1.88468,-0.700961,0.623522,1.92092,-6.81868,0.0781913,-0.0498195,-0.992741,0.762964,-2.57046,1.94048,-0.699016,0.71375,0,0,-0.164835,2.71673,-1.30037,-0.213675,0.738707,-0.286936,0.0537243,0.346764,0.802197,-1,
-23.5759,-1.26669,-43.208,-19.1512,-40.5104,45.1283,-2.06437,1.42916,0.0479857,-0.593533,-3.07692,-4.83516,-26.2271,12.1612,-69.6947,7.66789,2.14017,0.512821,0.224174,-0.646152,-0.0139236,-0.0200272,-0.635729,0.522812,-1.61345,1.80915,-0.695239,0.657474,1.94343,-6.83166,-0.167819,0.0658171,-1.07288,0.462036,-2.21233,2.19112,-0.756246,0.785329,0,0,3.24176,2.99756,1.28816,4.56044,-4.46276,-3.58364,-0.0732594,1.76313,0.89011,-0.45055,
-18.3899,11.8346,-35.4222,-18.1146,-24.8649,32.3959,8.17803,-11.202,0.187991,-0.327074,-12.2589,3.27228,-45.2747,-15.1893,-45.3724,40.9768,5.88718,0.882051,0.382416,-0.698902,0.0539789,-0.0101089,-0.588426,0.637255,-1.69471,1.76337,-0.735294,0.681125,1.95258,-6.84043,-0.120438,0.0992049,-0.926857,0.55625,-2.05828,2.03317,-0.655868,0.424902,0,0,0.897436,-0.665445,1.65446,3.60806,-2.61905,-2.70452,-2.95482,1.0989,0.516483,-0.626373,
10.0958,15.7068,13.0584,19.7554,-30.0544,15.7801,18.9819,-12.8391,0.461338,0.121695,-4.24908,8.84004,-33.6508,-10.989,-40.8791,28.3761,6.22906,-3.24786,0.514286,-0.145054,-0.0043869,-0.0185013,-0.598345,0.635347,-1.69509,1.75498,-0.804341,0.707446,1.95563,-6.85721,-0.0344576,0.139129,-0.495783,0.835112,-2.01173,1.95534,-0.405272,0.408191,0,0,-4.2674,-0.506716,-1.27595,-0.592186,0.518925,0.750916,-2.5641,1.14774,0.0329666,-1.02198,
29.9456,3.12914,15.3571,28.3088,-43.7838,-4.62104,18.4477,3.19753,0.308997,0.154746,5.61661,15.58,4.24908,14.6032,-32.5763,10.2076,8.07521,-5.39487,0.382416,-0.197803,-0.0856409,-0.0329981,-0.644503,0.60216,-1.66648,1.79999,-0.798238,0.668536,1.95563,-6.87476,0.175252,-0.0220394,-0.502562,0.888415,-2.12305,1.81234,-0.208879,0.636477,0,0,-2.15507,-0.714285,-0.860806,-0.848597,0.897436,1.91087,1.53846,-2.41758,0.0549469,-0.802197,
-8.15401,12.6121,-2.22058,13.2433,-39.9237,1.65862,13.4523,0.897143,-0.0960765,-0.0794457,7.76556,4.73749,1.61172,14.7009,-32.8694,2.6862,14.5709,-1.94872,0.356045,-0.408791,-0.0810633,-0.0322351,-0.617037,0.62047,-1.67639,1.81601,-0.756275,0.634203,1.95792,-6.88125,-0.148668,0.114208,-0.566618,0.817476,-2.15357,1.8611,-0.259768,0.562176,0,0,0.689865,0.189255,2.25275,1.49573,-1.00733,0.799755,2.45665,-1.93895,0.142857,-0.362637,
-23.9137,8.41078,-30.6161,-20.5894,-27.1415,24.8995,2.17241,-4.73392,-0.0785268,-0.359508,-7.0818,3.46764,-2.97925,10.5006,-30.232,6.39804,13.2718,-2.53675,0.197803,-0.276924,-0.000190735,-0.0211716,-0.554856,0.681506,-1.73095,1.80228,-0.710116,0.640306,1.95716,-6.88163,-0.128129,0.0920211,-0.815874,0.53963,-2.12918,2.05432,-0.55087,0.532008,0,0,4.13309,0.592186,2.37485,2.60684,-2.89988,-0.738707,1.97802,0.46398,-0.0988998,-0.0329666,
1.21571,-7.61606,-24.4119,-3.53413,-5.92688,32.833,-1.89264,-7.92881,-0.0767353,-0.348204,-6.88644,5.51892,-20.757,-2.58852,-27.4969,23.0037,8.34872,-2.97436,-0.0395622,-0.408791,-0.0112534,0.0226974,-0.539216,0.675021,-1.78779,1.77596,-0.689898,0.636873,1.9564,-6.88163,-0.059813,-0.0161379,-0.806186,0.606246,-1.91245,2.12551,-0.741739,0.402221,0,0,-1.86203,1.37363,0.128204,-0.885225,-1.76435,-0.457876,0.0146523,-0.288157,-0.0549469,0.0329666,
2.11309,12.0641,-4.13035,20.1421,-10.2474,19.1041,0.454425,-5.46534,0.167831,-0.192792,-2.58852,10.989,-20.3663,-1.31868,-18.9011,21.9292,3.01538,-5.95555,-0.0395622,-0.276924,-0.0444422,0.00247955,-0.553712,0.634966,-1.79656,1.79465,-0.697909,0.636492,1.95373,-6.88315,-0.0866939,0.081376,-0.637659,0.769023,-1.92446,2.06288,-0.710927,0.487851,0,0,-1.97192,-1.65446,-1.14164,-2.69231,-0.421246,1.67888,-0.512821,0.0634918,-0.164837,-0.186813,
6.85525,22.2387,15.9058,32.5867,-26.9897,-2.51441,16.371,-0.803859,0.129091,-0.0949546,0.146515,13.9194,-7.66789,14.7985,-15.2869,13.2357,2.1812,-6.25641,-0.0659332,-0.382416,-0.0650415,-0.065423,-0.589189,0.581941,-1.77825,1.86332,-0.730717,0.630388,1.95182,-6.88544,-0.00169262,0.0943724,-0.447256,0.887646,-2.04944,1.92472,-0.348981,0.596581,0,0,-0.384615,-2.61905,-1.04396,-1.69109,0.860806,2.6801,-1.46032,-0.229548,-0.0329666,-0.0769234,
0.372057,5.48735,0.902462,17.2508,-29.6917,8.69642,15.8197,-1.74116,-0.142071,-0.128863,-0.0488434,9.62149,5.51892,20.5617,-23.9805,5.61661,9.75726,-2.91966,0.0659332,-0.250549,-0.0593195,-0.0585566,-0.585755,0.590714,-1.76909,1.88087,-0.739109,0.634203,1.9522,-6.88468,-0.034225,0.0457595,-0.555174,0.820445,-2.0992,1.9781,-0.267683,0.603176,0,0,0.628815,1.30037,0.616606,1.14164,-0.00610542,0.0183144,0.639805,0.346764,-0.0329666,-0.0329666,
-17.2658,-0.181499,-27.8846,-12.2918,-35.6894,23.9157,7.02571,-3.46601,-0.174405,-0.179898,-6.30037,0.830276,-2.29549,11.1844,-22.4176,14.3101,11.8359,-2.19487,-0.0395622,-0.145054,-0.0123978,-0.000953674,-0.558671,0.625811,-1.78092,1.86446,-0.715075,0.641451,1.9522,-6.88392,-0.12345,0.0831103,-0.800734,0.574908,-2.21674,2.08033,-0.433226,0.568372,0,0,2.42369,2.58242,2.03297,2.57021,-1.17827,-1.49573,1.73382,0.46398,-0.0549469,-0.0109901,
-8.11782,-12.8206,-30.6007,-14.9126,-3.80081,33.7942,-3.9883,-9.52851,-0.173396,-0.214149,-11.7704,0.830276,-17.6313,0.634918,-28.2784,24.3712,9.55214,-2.44102,-0.171429,-0.197803,0.0207901,0.0276566,-0.525864,0.671588,-1.8267,1.82135,-0.675784,0.648699,1.95182,-6.88506,-0.00896838,-0.0673793,-0.850609,0.539877,-1.93588,2.14007,-0.712089,0.39696,0,0,1.81319,1.42247,0.457876,1.01954,-2.00855,-1.7033,1.48962,0.258852,0.0109901,-0.0329666,
-9.02317,9.54543,-30.3017,-1.14808,-22.2937,29.8722,1.68942,-3.37059,0.163924,-0.26108,-1.90475,1.51404,-21.6361,-1.7094,-12.9426,25.2503,2.86496,-7.45983,-0.197803,-0.224174,0.0104904,0.0196457,-0.543031,0.641832,-1.84119,1.81907,-0.673877,0.648317,1.95182,-6.88506,-0.132706,0.0974195,-0.919399,0.562124,-2.08585,2.17113,-0.642821,0.552492,0,0,-1.28816,-0.848597,-1.19048,-2.00855,0.0915756,0.604395,-0.317461,-0.0439568,0.0109901,0.0329666,
-1.78032,25.4091,5.91193,19.8819,-29.7268,3.19799,11.5382,-7.08753,0.201977,0.00314999,-2.58852,10.696,-23.8828,4.34677,-27.3016,22.0269,2.97436,-4.69744,-0.092308,-0.276924,-0.0257492,-0.0295639,-0.5869,0.581559,-1.81754,1.86065,-0.707828,0.64374,1.95296,-6.88506,-0.0941671,0.17604,-0.58857,0.712726,-2.10286,1.97168,-0.448128,0.442224,0,0,-1.4591,-2.30159,-2.02076,-2.69231,1.34921,2.26496,-1.21612,-0.0927963,0.12088,-0.0329666,
26.1936,-1.5294,22.4016,26.2458,-36.1675,-7.68712,23.9529,-3.03663,0.348706,-0.0832535,-3.95604,12.0635,-9.62149,8.35165,-31.4041,10.5983,7.3094,-5.62735,0.145054,-0.171429,-0.052453,-0.0310898,-0.615892,0.549516,-1.78512,1.89078,-0.718509,0.64374,1.9522,-6.88468,0.200125,-0.0324136,-0.3969,0.810814,-2.13427,1.83569,-0.0704881,0.557191,0,0,-1.15385,0.470085,-0.897436,-0.909645,1.5812,0.909645,-0.346764,-0.0439568,-0.0109901,-0.0549469,
1.35204,-6.49531,-2.01017,9.82401,-28.1789,18.7266,13.0306,-3.08858,0.047292,-0.148029,0.927963,1.22101,5.1282,12.4542,-27.2039,2.49084,15.6376,-3.42564,0.250549,-0.145054,-0.0303268,0.0139236,-0.584229,0.584992,-1.79084,1.87858,-0.704394,0.634584,1.95258,-6.88392,0.0528684,0.0188801,-0.536357,0.758658,-2.13548,2.0429,-0.268928,0.525103,0,0,2.04518,2.3138,2.10623,1.93529,-0.946276,-1.31258,1.47009,-0.473749,0.0329666,0.0549469,
-32.7375,7.8143,-34.4518,-15.9737,-16.3024,25.6271,-3.59835,-6.69553,-0.176374,-0.252069,-6.49573,-2.1978,-8.35165,4.24908,-20.464,12.2589,13.4769,-3.65812,0.224174,-0.118683,0.0543604,0.0291824,-0.522049,0.642214,-1.83852,1.84653,-0.655565,0.637255,1.95296,-6.88506,-0.140688,0.128422,-0.779287,0.579299,-2.11388,2.08142,-0.62243,0.460792,0,0,5.06105,0.372406,3.76679,3.43712,-2.82662,-1.49573,2.66178,0.190475,-0.0109901,-0.12088,
-8.76595,-7.34644,-34.0402,-5.01993,-7.91671,32.4179,-2.79078,-9.87581,-0.0370008,-0.319543,-10.989,2.88156,-22.7106,0.732605,-21.0501,24.3712,2.82393,-5.39487,-0.118683,-0.250549,0.0894556,0.0349054,-0.479324,0.659762,-1.88087,1.81678,-0.62314,0.635729,1.95182,-6.88506,-0.0215784,-0.0233192,-0.841473,0.577734,-2.0138,2.14055,-0.672579,0.356273,0,0,-0.409035,0.702076,0.482296,-0.787546,-1.34921,-1.0928,0.561661,-0.102564,0.0109901,0.0329666,
7.2044,3.71673,-2.36201,23.5682,-14.3276,21.842,2.55429,-7.75739,0.2234,-0.269496,-1.41637,2.78389,-24.2735,4.24908,-17.2405,24.6642,3.00171,-8.36239,-0.197803,-0.303295,0.0123978,0.0459681,-0.512512,0.597963,-1.87209,1.82364,-0.650988,0.630007,1.95144,-6.88544,-0.032706,0.0789216,-0.595533,0.761542,-2.00463,2.09828,-0.666238,0.400604,0,0,-3.75458,-0.250305,-1.7033,-2.94872,0.799755,0.958487,-1.72405,-0.278389,0.0109901,-0.0329666,
8.04347,19.9542,22.7222,30.7266,-25.3067,-7.23841,19.3545,-5.52221,0.474143,-0.22604,-0.43956,11.9658,-7.47253,15.0916,-19.0965,17.8266,3.22051,-8.07521,0.0395622,-0.356045,-0.0162125,-0.0249863,-0.544557,0.555619,-1.83242,1.86751,-0.695621,0.622377,1.9522,-6.88544,0.0648159,0.0935523,-0.319968,0.86996,-2.05927,1.84386,-0.247128,0.452621,0,0,-0.250305,-3.09524,-0.836386,-0.811966,1.63004,1.7033,-1.78266,-0.327229,-0.0109901,-0.0109901,
7.82408,3.41046,14.9342,25.6056,-21.5745,-1.20503,18.3093,-2.49341,0.497531,-0.260038,-0.146515,6.30037,8.64468,19.5849,-21.4408,4.54213,10.8239,-6.96752,0.303295,-0.303295,-0.0108719,-0.0326166,-0.547608,0.567063,-1.82135,1.87552,-0.714313,0.621614,1.9522,-6.88468,0.0892899,0.00344588,-0.385946,0.879857,-2.04133,1.86885,-0.255781,0.552109,0,0,0.396826,-0.054945,-0.128204,0.848597,0.592186,0.201466,-1.00122,-0.00488472,0.0109901,-0.0549469,
-13.317,-1.62885,-17.1343,-4.02666,-19.014,22.5984,11.8052,-4.32485,0.305622,-0.408647,-0.244202,-6.20268,2.39316,12.0635,-14.4078,10.7937,11.9453,-3.37094,0.487911,-0.276924,0.0177383,0.021553,-0.500305,0.618944,-1.83585,1.83471,-0.687228,0.625048,1.95258,-6.8843,-0.0714165,0.0993032,-0.594838,0.672494,-2.09087,2.0046,-0.272128,0.513948,0,0,1.76435,2.87546,2.87546,2.94872,-1.31258,-2.4359,1.74359,0.180708,0.0109901,-0.0329666,
-6.4193,-23.5142,-42.0078,-31.7649,10.4726,38.922,0.514158,-14.1357,0.315361,-0.616825,-10.696,-1.41637,-10.0122,2.29549,-14.6032,23.3944,11.3162,-3.39829,0.382416,-0.356045,0.0631342,0.0528345,-0.451476,0.685321,-1.8698,1.77939,-0.648699,0.628481,1.9522,-6.88506,0.0624232,-0.172008,-0.858196,0.418866,-1.81429,2.11967,-0.545284,0.238997,0,0,2.11844,1.0928,1.80098,2.59463,-1.8254,-2.76557,1.78266,0.0634918,-0.0329666,-0.0109901,
5.53102,-10.2595,-27.9026,-0.842172,-11.2421,36.3619,-0.943587,-12.8849,0.762259,-0.781407,0.43956,-7.76556,-25.2503,-9.03542,-2.88156,29.4505,6.16068,-8.8,0.250549,-0.540661,0.0429163,0.0562677,-0.470169,0.654039,-1.86828,1.75612,-0.631151,0.617037,1.95182,-6.88582,0.0439325,-0.0864198,-0.834532,0.568776,-1.94537,2.17174,-0.657118,0.214923,0,0,-1.81319,-0.860806,-1.63004,-2.27717,1.43468,0.347986,0.00488472,-0.884005,0.0109901,-0.0329666,
-5.87894,24.7416,5.40313,19.8685,-22.6419,-3.27845,-2.19584,-9.42947,1.17082,-0.683196,5.1282,-1.61172,-20.1709,3.36996,-16.4591,24.7619,1.22393,-11.4803,0.382416,-0.593407,0.0165939,-0.022316,-0.537309,0.568971,-1.81792,1.808,-0.639162,0.590333,1.95258,-6.88888,-0.0839331,0.112786,-0.588996,0.641787,-1.97935,1.87516,-0.714565,0.268086,0,0,-1.05617,-4.19414,-3.35165,-4.43834,2.70452,3.10745,-0.288157,-1.20635,0.0769234,-0.142857,
15.0042,5.53003,16.6979,33.8726,-42.2682,-13.5562,10.8542,1.11699,1.13092,-0.528497,-1.61172,6.10501,-5.32356,8.35165,-25.4457,4.73749,-1.04615,-10.906,0.751648,-0.540661,0.00514984,-0.053216,-0.572404,0.533113,-1.75154,1.84768,-0.645647,0.567063,1.95716,-6.89765,0.150903,0.0125022,-0.406611,0.893806,-2.13552,1.7229,-0.362457,0.570985,0,0,-0.628815,0.128204,-0.592186,-0.470085,2.57021,0.775335,-0.366301,-0.542124,0.20879,-0.42857,
5.72286,-13.1791,-24.779,3.17581,-44.4236,21.4631,14.3433,0.954981,0.855088,-0.752414,0.146515,-1.80708,3.66301,18.9988,-29.9389,-1.22101,6.37949,-3.54872,0.883518,-0.857143,-0.00247955,0.0135422,-0.555619,0.552949,-1.74506,1.84157,-0.655947,0.56363,1.96136,-6.89918,0.0690443,-0.0130306,-0.789631,0.63036,-2.26002,2.05909,-0.295372,0.574773,0,0,0.238094,3.59585,1.23932,1.26374,-0.641026,-0.628815,-0.757021,-0.307692,0.362637,-0.20879,
-25.837,-1.86974,-51.1927,-18.3094,-24.1709,44.2152,-3.60989,-5.45296,0.32875,-0.964935,-5.90965,-6.88644,-11.0867,7.27716,-29.6459,16.6544,11.4256,-1.92137,0.672527,-0.751648,0.0600824,0.0494013,-0.499161,0.62314,-1.79427,1.77939,-0.651369,0.580415,1.97738,-6.89956,-0.0924813,0.0805189,-0.955026,0.568868,-2.16927,2.18215,-0.748469,0.477539,0,0,4.03541,1.55678,3.38828,4.47497,-3.19292,-2.65568,0.0634918,0.971916,0.78022,-0.0988998,
-15.0619,-0.31678,-37.0226,-2.02517,-22.2186,44.4376,0.912123,-6.35489,0.355696,-0.741031,-9.62149,-1.31868,-38.1441,-3.76068,-31.2088,37.0696,3.56239,-4.84786,0.540661,-0.698902,0.107004,0.0459681,-0.474365,0.652514,-1.83318,1.74735,-0.659762,0.600634,1.99874,-6.90299,-0.0524137,0.0292208,-0.883082,0.619226,-2.10305,2.2234,-0.687905,0.46489,0,0,0.238094,-0.396826,0.0793648,-0.323565,-0.689865,-0.531136,-1.0696,0.815628,0.78022,-0.20879,
5.20653,9.3257,-0.637733,23.724,-35.0013,21.3006,7.69067,-5.7874,0.66611,-0.297649,-2.29549,2.49084,-29.8413,3.46764,-31.8925,35.116,3.28889,-5.85983,0.567032,-0.487911,0.0394831,0.0421534,-0.512131,0.6075,-1.80953,1.77024,-0.704013,0.614748,2.00904,-6.91558,-0.0286333,0.134987,-0.594715,0.791532,-2.14084,2.06613,-0.601494,0.483047,0,0,-3.779,-0.323565,-2.26496,-2.38706,1.72772,1.77656,-2.22222,0.581196,0.42857,-0.714287,
11.2052,15.0046,11.6816,36.0325,-49.2673,11.1094,13.6961,0.955345,0.661718,-0.114144,-0.0488434,11.3797,-8.64468,14.3101,-37.7534,20.1709,2.75556,-3.38461,0.382416,-0.487911,-0.00553131,0.0082016,-0.554475,0.572785,-1.7668,1.80877,-0.724232,0.61017,2.01591,-6.92702,0.0540545,0.101456,-0.498143,0.917998,-2.23546,2.00282,-0.385055,0.614486,0,0,-1.9475,-2.20391,-2.20391,-1.65446,2.36264,2.11844,-0.825397,-0.444445,0.472527,-0.692307,
-17.2961,11.9488,-20.8807,6.8523,-39.511,24.3627,-0.763359,-0.196833,0.170446,-0.178915,0.341873,7.66789,-0.43956,20.6593,-40.8791,15.873,7.45983,-0.211966,0.356045,-0.567032,-0.00743866,0.000572205,-0.551423,0.600252,-1.75689,1.83051,-0.702106,0.592622,2.03422,-6.93923,-0.177844,0.15389,-0.751481,0.740491,-2.2075,2.10914,-0.646387,0.559071,0,0,0.653236,0.616606,0.958487,1.92308,-0.347986,0.238094,1.53846,-0.561661,0.846153,-0.42857,
-19.8104,-1.80452,-38.2736,-15.2438,-23.939,29.6143,-6.55817,8.60965,0.127626,-0.389042,-15.7753,3.17461,-19.6825,7.47253,-32.1856,27.6923,2.42735,-0.403419,0.303295,-0.382416,0.0375757,0.0432978,-0.513275,0.660525,-1.8019,1.81144,-0.674258,0.593385,2.05367,-6.94457,-0.1221,0.0950831,-0.890715,0.566242,-2.14542,2.10813,-0.826881,0.832297,0,0,1.81319,2.15507,1.43468,2.25275,-2.32601,-0.970695,0.590965,-0.00488472,0.868134,-0.252747,
-4.59002,-1.12996,-19.9691,5.03389,-20.8416,37.7106,-3.90209,9.5674,0.212057,-0.376957,-12.6496,3.95604,-26.2271,-0.341873,-28.2784,27.3993,-1.52479,3.98632,0.435165,-0.46154,0.0246048,0.0726709,-0.520142,0.659762,-1.82708,1.79961,-0.676166,0.590714,2.06283,-6.94686,-0.0672989,0.0871814,-0.778447,0.7102,-2.10322,2.19929,-0.793592,0.845975,0,0,-1.22711,0.811966,-1.0928,-0.164835,-1.337,-0.579975,-0.180708,-0.210012,0.56044,-0.186813,
-2.63141,13.431,-1.18424,14.5397,-23.3418,25.7527,0.56727,1.46235,0.292416,-0.392866,-6.49573,8.93773,-21.4408,1.51404,-28.083,26.1294,-2.89231,4.83419,0.408791,-0.567032,-0.00247955,0.0455866,-0.561723,0.625811,-1.82746,1.81868,-0.699817,0.623522,2.07198,-6.94877,-0.083203,0.130717,-0.647938,0.72326,-2.07562,2.1559,-0.731678,0.752787,0,0,-1.54457,-1.92308,-2.1917,-1.92308,0.335775,1.53236,-0.952381,1.77289,0.31868,0.0109901,
-1.83754,15.2474,5.79035,20.8114,-29.6825,17.3968,-1.71611,0.798486,0.49747,-0.325974,-3.17461,13.6264,-7.47253,9.62149,-25.8364,22.7106,-2.30427,4.94359,0.514286,-0.487911,-0.0253677,-0.00324249,-0.588426,0.611315,-1.81258,1.86599,-0.702868,0.647936,2.07504,-6.94839,-0.0695943,0.102885,-0.551968,0.837873,-2.1198,2.1238,-0.740526,0.693803,0,0,-0.714285,-1.89866,-0.836386,-0.140415,0.677656,1.93529,0.200245,0.473749,0.0329666,0.0329666,
-5.13698,4.1334,-4.4927,7.94037,-26.2262,17.4803,-3.82944,4.85499,0.556137,-0.316228,-5.32356,7.96092,-1.12332,13.9194,-25.8364,20.1709,-2.33162,4.41026,0.487911,-0.382416,-0.0284195,-0.00171661,-0.591477,0.6178,-1.81182,1.88582,-0.694476,0.634203,2.07427,-6.94839,-0.0852935,0.0627285,-0.644042,0.718847,-2.11075,2.10752,-0.778139,0.72291,0,0,0.00610542,0.555555,-0.0793648,0.384615,-0.225885,0.824175,0.454212,-0.923077,0.0329666,-0.0109901,
-10.4224,3.84762,-22.1474,1.34877,-29.9137,20.031,-9.37425,7.7641,0.634071,-0.378352,-7.37485,3.36996,-6.5934,6.5934,-22.6129,18.9988,-3.09743,4.94359,0.514286,-0.382416,-0.0150681,0.0230789,-0.568208,0.647936,-1.83165,1.89231,-0.686847,0.611315,2.07389,-6.94839,-0.107877,0.0990007,-0.773794,0.714815,-2.20249,2.11874,-0.935765,0.7779,0,0,0.689865,0.995115,1.2149,1.55678,-1.15385,0.115995,0.229548,-0.981686,0.0109901,0.0109901,
-9.0739,7.65465,-30.0185,-0.500582,-34.1615,18.4583,-7.71652,6.95586,0.693775,-0.400362,-9.23077,4.93285,-15.3846,6.30037,-26.7155,19.5849,-6.52991,5.12137,0.567032,-0.382416,-0.00400543,0.0253677,-0.558671,0.650606,-1.85836,1.89307,-0.689517,0.606737,2.07351,-6.94877,-0.094448,0.105739,-0.894856,0.634666,-2.27924,2.1,-0.922668,0.80313,0,0,0.311356,-0.140415,-0.0793648,-0.311356,-1.23932,0.054945,-0.376068,0.0634918,-0.0329666,-0.0109901,
-6.2383,8.50516,-25.9065,4.96573,-39.7201,25.4173,-8.10882,8.12939,0.637103,-0.344685,-8.1563,7.66789,-20.0733,5.03052,-32.2833,18.7057,-7.07692,6.28376,0.593407,-0.408791,-0.00629425,0.0211716,-0.572785,0.64374,-1.87018,1.89536,-0.704013,0.611696,2.07389,-6.94877,-0.0847662,0.106516,-0.891771,0.686908,-2.32963,2.18042,-0.968574,0.847036,0,0,-0.274725,-0.274725,-0.934067,-0.360195,-0.543346,0.0793648,-0.786325,0.190475,-0.0109901,-0.0109901,
-2.53501,10.9438,-11.2901,4.07353,-32.2548,18.7357,-3.64745,4.34613,0.647349,-0.220897,-4.54213,10.7937,-23.7851,4.93285,-39.9023,22.3199,-8.48547,7.00855,0.619781,-0.408791,-0.0219345,0.00629425,-0.595293,0.627337,-1.87362,1.90185,-0.709735,0.615511,2.07389,-6.94877,-0.0771668,0.100013,-0.757165,0.646346,-2.23506,2.1265,-0.820088,0.753086,0,0,-0.811966,-0.836386,-1.0928,-0.787546,-0.0915756,0.494505,-0.180708,0.336996,-0.0329666,-0.0329666,
-1.03967,8.68962,0.952386,4.62573,-23.2491,13.8004,3.34815,-0.500801,0.700521,-0.206683,-3.85837,10.2076,-12.9426,2.39316,-33.7485,17.7289,-5.25812,5.6,0.567032,-0.356045,-0.0310898,-0.00858307,-0.62047,0.625048,-1.87133,1.91253,-0.715075,0.622759,2.07351,-6.94877,-0.0513922,0.0751478,-0.627593,0.677869,-2.1209,2.08683,-0.632084,0.628139,0,0,-0.262516,-0.384615,-0.531136,0.0427341,0.262516,0.628815,-0.200245,0.385836,-0.0988998,-0.0109901,
-4.57335,6.16702,-1.18619,3.73812,-20.1279,13.6052,1.10521,1.56614,0.681156,-0.241267,-3.17461,6.98413,-10.2076,1.41637,-28.7668,15.1893,-2.90598,3.58974,0.619781,-0.303295,-0.0314722,-0.00705719,-0.621996,0.628481,-1.87095,1.92512,-0.706302,0.62047,2.07427,-6.94839,-0.0816768,0.0665528,-0.637821,0.676731,-2.09927,2.09562,-0.649472,0.660311,0,0,0.0183144,0.152626,-0.0793648,0.201466,-0.140415,0.579975,0.522589,-0.0732594,-0.0329666,0.0109901,
-6.50252,6.36223,-8.46078,4.93619,-22.5318,13.3556,-6.9901,5.18998,0.709085,-0.260937,-4.44444,4.93285,-5.42125,3.56532,-18.9988,12.5519,-0.526495,2.86496,0.619781,-0.276924,-0.028038,0.00286102,-0.602922,0.631914,-1.87972,1.94038,-0.678073,0.605593,2.07389,-6.94839,-0.0960148,0.0863729,-0.664982,0.692662,-2.14534,2.1081,-0.812902,0.712396,0,0,0.128204,0.384615,0.958487,0.177046,-0.457876,0.579975,1.18681,-0.747253,-0.0329666,-0.0109901,
-7.74839,7.58883,-19.993,11.8597,-37.4163,21.9037,-10.0354,8.22533,0.78537,-0.245914,-5.81197,5.61661,-8.74237,5.1282,-21.8315,13.9194,-1.71624,4.27351,0.619781,-0.250549,-0.028038,0.00782013,-0.588044,0.631914,-1.88735,1.94648,-0.668155,0.591859,2.07351,-6.94839,-0.113928,0.102112,-0.780681,0.763078,-2.31753,2.20023,-0.936903,0.782489,0,0,0.00610542,0.299145,0.885225,-0.0183144,-0.433455,0.311356,0.200245,-0.757021,-0.0329666,-0.0109901,
-8.29077,9.21416,-24.4647,14.1594,-42.9955,26.7602,-8.15696,8.76439,0.834207,-0.181202,-6.78877,7.47253,-14.8962,9.71918,-32.0879,20.1709,-5.6547,5.91453,0.672527,-0.276924,-0.028801,0.00934601,-0.576219,0.628099,-1.89574,1.948,-0.685702,0.586137,2.07389,-6.94839,-0.122752,0.110708,-0.833193,0.775862,-2.39158,2.24758,-0.966253,0.825441,0,0,-0.054945,-0.0305252,0.445665,-0.286936,-0.543346,0.0671558,-1.07936,-0.0830288,0.0109901,-0.0109901,
-8.59475,10.8028,-19.768,8.70745,-37.9784,25.7933,-6.16139,8.40178,0.878938,-0.0930738,-7.57021,10.2076,-21.3431,12.8449,-42.2466,26.6178,-8.81367,7.87009,0.778023,-0.250549,-0.0303268,0.00209808,-0.577744,0.623522,-1.90261,1.94533,-0.702868,0.5869,2.07427,-6.94839,-0.132133,0.109715,-0.80329,0.720475,-2.33538,2.22847,-0.898194,0.821503,0,0,-0.189255,-0.372406,-0.177046,0.00610542,-0.323565,-0.103785,-0.483517,0.0244198,-0.0329666,-0.0109901,
-6.34942,10.8709,-11.4443,6.36582,-31.3327,21.5954,-5.848,6.7798,0.873813,-0.0434914,-7.57021,10.8913,-19.3895,8.44933,-39.6093,25.641,-7.73333,8.38974,0.830769,-0.171429,-0.0364313,-0.00591278,-0.584992,0.631151,-1.90413,1.94381,-0.702106,0.5869,2.07389,-6.94839,-0.11858,0.104903,-0.724565,0.713482,-2.25329,2.18355,-0.857468,0.774983,0,0,-0.347986,-0.299145,-0.372406,0.347986,-0.0305252,-0.00610542,0.141636,-0.00488472,-0.0329666,-0.0109901,
-4.63084,9.29903,-5.58981,4.07513,-23.659,16.3189,-4.03997,5.01242,0.799371,-0.0275207,-7.27716,10.4029,-16.7521,7.47253,-36.1905,23.0037,-6.78974,7.80171,0.804394,-0.145054,-0.0421534,-0.00705719,-0.591477,0.632677,-1.90413,1.9461,-0.699435,0.588044,2.07427,-6.94839,-0.106835,0.0944338,-0.67007,0.681009,-2.16762,2.13373,-0.803598,0.730453,0,0,-0.396826,-0.054945,-0.494505,0.0915756,-0.0183144,0.189255,0.161173,0.0634918,0.0109901,0.0109901,
-4.43365,8.38045,-5.74374,2.58229,-20.619,11.8018,-2.31558,3.42972,0.772892,-0.0156591,-5.51892,9.23077,-8.35165,4.73749,-24.4689,16.0684,-4.51966,5.3265,0.804394,-0.092308,-0.0478754,-0.00629425,-0.593003,0.634584,-1.90528,1.95182,-0.696002,0.587663,2.07427,-6.94839,-0.101005,0.0874323,-0.652956,0.663887,-2.13621,2.09089,-0.752265,0.682689,0,0,-0.115995,0.0183144,0.115995,0.0183144,-0.054945,0.238094,0.161173,-0.00488472,-0.0109901,0.0109901,
-5.14192,8.24448,-6.74911,3.01817,-21.717,11.7583,-2.9619,3.31515,0.744666,-0.00123923,-5.51892,8.64468,-7.17949,4.05373,-22.0269,13.2357,-3.7265,4.68376,0.778023,-0.0659332,-0.0474939,-0.00553131,-0.590333,0.633059,-1.90757,1.95678,-0.692569,0.587663,2.07389,-6.94839,-0.102388,0.0870915,-0.660236,0.661099,-2.15151,2.09414,-0.764343,0.679018,0,0,0.0671558,0.0305252,0.152626,-0.164835,-0.0793648,0.201466,0.210012,-0.0146523,-0.0329666,-0.0109901,
-5.7679,8.06435,-9.80418,2.89283,-24.3613,14.0138,-4.37268,4.12069,0.669118,-0.00496045,-5.42125,7.76556,-7.37485,3.27228,-21.6361,12.1612,-2.85128,3.43932,0.725273,-0.0395622,-0.0455866,-0.00324249,-0.584611,0.629625,-1.90871,1.9583,-0.686465,0.586137,2.07427,-6.94839,-0.106622,0.0906348,-0.684796,0.655052,-2.18082,2.113,-0.798893,0.696937,0,0,0.0915756,0.128204,0.262516,-0.201466,-0.0427341,-0.0305252,0.180708,-0.0732594,-0.0109901,-0.0109901,
-6.11457,8.39691,-11.5455,3.61011,-26.3243,15.9158,-4.48998,4.64961,0.608668,-0.00320797,-5.61661,7.66789,-9.32845,3.66301,-23.6874,13.7241,-3.16581,3.65812,0.672527,-0.0395622,-0.0444422,-0.00171661,-0.578889,0.624666,-1.90833,1.95602,-0.686465,0.584992,2.07389,-6.94839,-0.109329,0.0942279,-0.695572,0.654807,-2.20021,2.12655,-0.812408,0.709509,0,0,0.0915756,0.0793648,0.347986,-0.299145,0.0183144,-0.189255,-0.0244198,-0.0927963,-0.0329666,-0.0109901,
-6.11028,9.11579,-12.5701,5.00835,-28.1362,17.5922,-3.76243,4.61294,0.501308,0.0154813,-6.00732,8.35165,-12.0635,4.54213,-26.5201,15.873,-3.86325,4.31453,0.593407,-0.0131874,-0.0432978,-0.00171661,-0.570115,0.614748,-1.90642,1.95106,-0.691043,0.584611,2.07427,-6.94839,-0.110986,0.0977385,-0.696963,0.653506,-2.2164,2.13777,-0.808009,0.712504,0,0,0.00610542,-0.054945,0.384615,-0.506716,0.0793648,-0.262516,-0.249084,-0.00488472,0.0109901,-0.0329666,
-6.203,9.18321,-12.0331,6.48512,-28.9386,18.3352,-3.19975,4.35177,0.459464,0.0196542,-6.20268,8.74237,-13.5287,5.51892,-28.5714,17.4359,-3.80855,4.47863,0.514286,-0.0395622,-0.0432978,-0.00209808,-0.560197,0.603685,-1.90223,1.94648,-0.696002,0.584992,2.07389,-6.94839,-0.11161,0.0993271,-0.678228,0.659666,-2.21827,2.14308,-0.794896,0.706119,0,0,0.0183144,-0.0183144,0.470085,-0.482296,0.164835,-0.213675,-0.200245,0.00488472,-0.0329666,-0.0109901,
-6.42672,9.22114,-11.6416,7.57407,-29.1323,19.4129,-2.85606,4.37085,0.387955,0.039242,-6.30037,8.93773,-13.6264,6.49573,-29.4505,18.4127,-3.30256,4.19145,0.435165,-0.0131874,-0.0429163,-0.00209808,-0.551042,0.595675,-1.89879,1.94266,-0.699054,0.585374,2.07389,-6.94839,-0.113714,0.100156,-0.663909,0.664975,-2.21658,2.15206,-0.787913,0.708496,0,0,0.0183144,-0.00610542,0.494505,-0.445665,0.177046,-0.189255,-0.190475,0.0341873,-0.0109901,-0.0109901,
-6.70081,9.0756,-13.2048,7.2931,-29.3298,20.6901,-2.62689,4.10971,0.34188,0.0582606,-6.49573,9.03542,-13.3333,7.47253,-29.0598,19.5849,-2.94701,3.86325,0.382416,-0.0131874,-0.0429163,-0.00171661,-0.538453,0.588044,-1.89651,1.93771,-0.702868,0.589189,2.07389,-6.94839,-0.117166,0.0997339,-0.664619,0.657479,-2.22097,2.16047,-0.783408,0.714825,0,0,0.00610542,0.0183144,0.616606,-0.347986,0.0427341,-0.213675,-0.151403,0.229548,-0.0329666,-0.0109901,
-6.8121,9.15958,-13.9117,6.84219,-28.8481,20.9751,-2.04724,3.78388,0.265234,0.0846615,-6.69109,9.03542,-13.5287,7.96092,-29.3529,20.757,-2.6735,3.71282,0.32967,0.0131874,-0.0425348,-0.00133514,-0.526627,0.580415,-1.89651,1.93275,-0.70592,0.595293,2.07389,-6.94839,-0.118835,0.100641,-0.665939,0.643212,-2.21724,2.15827,-0.76987,0.715297,0,0,-0.0183144,0.00610542,0.457876,-0.396826,-0.00610542,-0.225885,-0.141636,0.297924,-0.0109901,-0.0109901,
-6.72332,9.19116,-14.0071,6.45666,-28.4619,20.5369,-1.57131,3.64919,0.204968,0.111331,-6.98413,9.03542,-14.3101,7.37485,-29.0598,21.0501,-2.27692,3.68547,0.250549,0.0395622,-0.0429163,-0.00133514,-0.520523,0.57393,-1.89612,1.92969,-0.707828,0.599489,2.07389,-6.94839,-0.118637,0.100585,-0.664151,0.633664,-2.21216,2.15279,-0.757092,0.712333,0,0,-0.0305252,-0.00610542,0.360195,-0.360195,0.00610542,-0.152626,-0.112331,0.229548,-0.0109901,-0.0109901,
-6.7747,9.31729,-13.1354,7.14243,-27.6711,20.2807,-1.17416,3.34784,0.164829,0.127744,-6.98413,9.03542,-14.2124,7.0818,-28.7668,20.464,-1.90769,3.71282,0.197803,0.0395622,-0.0425348,-0.00133514,-0.515182,0.5663,-1.89574,1.92702,-0.708209,0.603685,2.07389,-6.94839,-0.118013,0.10158,-0.653602,0.633247,-2.20259,2.1485,-0.741069,0.70474,0,0,-0.00610542,-0.0183144,0.225885,-0.372406,0.0183144,-0.115995,-0.00488472,0.161173,-0.0109901,0.0109901,
-6.83916,9.23227,-12.4543,7.3677,-26.2574,19.5915,-0.258309,2.74487,0.152171,0.167013,-6.88644,9.03542,-13.6264,7.37485,-28.083,20.1709,-1.34701,3.13846,0.145054,0.092308,-0.0429163,-0.00133514,-0.510986,0.559052,-1.89498,1.9255,-0.708591,0.607882,2.07389,-6.94839,-0.118703,0.101042,-0.643873,0.630537,-2.18571,2.14135,-0.716498,0.69414,0,0,0.00610542,-0.00610542,0.164835,-0.311356,0.0305252,-0.054945,-0.0146523,0.200245,-0.0329666,-0.0109901,
-6.86588,9.11907,-12.8831,6.96432,-25.6342,19.6615,0.299786,2.73277,0.12519,0.181519,-6.98413,9.03542,-12.9426,6.98413,-26.4225,19.7802,-0.663248,2.83761,0.118683,0.118683,-0.0425348,-0.00133514,-0.507935,0.555238,-1.89498,1.92397,-0.709353,0.610933,2.07351,-6.94839,-0.119433,0.100191,-0.6464,0.626718,-2.18001,2.13857,-0.703712,0.693925,0,0,-0.0183144,0.00610542,0.140415,-0.177046,-0.00610542,-0.115995,-0.0537243,0.141636,-0.0109901,-0.0109901,
-6.72566,9.06504,-13.2289,6.52499,-25.1763,19.7203,0.396975,2.4929,0.11888,0.186795,-7.0818,8.93773,-13.0403,6.49573,-25.8364,19.7802,-0.0888882,2.49573,0.092308,0.145054,-0.0429163,-0.000953674,-0.504501,0.553712,-1.89498,1.92092,-0.709353,0.614367,2.07351,-6.94839,-0.118256,0.0995655,-0.648436,0.624787,-2.17492,2.13495,-0.697594,0.692649,0,0,-0.0183144,-0.00610542,0.0915756,-0.0427341,-0.00610542,-0.152626,0.0146523,0.180708,-0.0109901,-0.0109901,
-6.74885,8.87991,-13.595,5.66219,-24.1617,19.4895,0.883701,2.09723,0.116236,0.189062,-6.98413,8.93773,-13.138,6.30037,-25.348,19.7802,0.252991,2.4,0.092308,0.145054,-0.0429163,-0.000953674,-0.50412,0.553712,-1.89498,1.91749,-0.709353,0.618563,2.07351,-6.94839,-0.1177,0.0979155,-0.654972,0.616422,-2.16365,2.12773,-0.68505,0.685855,0,0,0.00610542,0.00610542,0.00610542,-0.00610542,-0.00610542,-0.189255,-0.00488472,0.180708,-0.0109901,-0.0109901,
-6.79997,8.87451,-14.2352,4.5771,-23.2434,18.6726,1.7874,1.19994,0.117502,0.187542,-6.88644,8.84004,-13.431,5.71428,-24.4689,19.6825,0.649572,2.03077,0.0659332,0.145054,-0.0429163,-0.000953674,-0.504501,0.553712,-1.89498,1.91482,-0.709353,0.621614,2.07351,-6.94839,-0.118268,0.0974485,-0.664094,0.604772,-2.15344,2.11557,-0.659948,0.664958,0,0,0.00610542,-0.00610542,-0.0427341,0.00610542,-0.00610542,-0.201466,-0.00488472,0.200245,-0.0109901,-0.0109901,
-6.73466,9.06819,-14.801,4.11874,-23.1565,18.3788,2.42787,0.658834,0.140105,0.18083,-6.88644,8.74237,-13.6264,5.42125,-24.0781,19.3895,1.00513,1.72991,0.0659332,0.145054,-0.0432978,-0.000953674,-0.505646,0.55333,-1.89498,1.91062,-0.709353,0.624666,2.07351,-6.94839,-0.118738,0.0991935,-0.673154,0.598891,-2.15207,2.10893,-0.642157,0.649561,0,0,-0.0183144,-0.0183144,-0.0915756,-0.00610542,0.00610542,-0.177046,-0.00488472,0.131868,-0.0329666,-0.0109901,
-6.70092,9.15609,-14.9611,4.34948,-23.6408,18.2989,2.77698,0.377529,0.155786,0.169458,-6.98413,8.74237,-14.6032,4.44444,-23.6874,18.315,2.07179,0.936752,0.092308,0.145054,-0.0432978,-0.000953674,-0.507172,0.552949,-1.89345,1.90757,-0.708972,0.626955,2.07389,-6.94839,-0.117956,0.100577,-0.676459,0.599445,-2.15348,2.10621,-0.631101,0.64257,0,0,-0.00610542,-0.00610542,-0.0915756,-0.054945,0.0793648,-0.140415,0.0146523,0.102564,-0.0109901,-0.0109901,
-6.61141,9.1914,-14.4306,5.42687,-24.1163,18.9072,2.82138,0.543509,0.193964,0.156334,-6.88644,8.84004,-14.7009,4.54213,-24.1758,18.2173,2.63248,0.48547,0.118683,0.145054,-0.0432978,-0.000953674,-0.510605,0.549897,-1.8904,1.90566,-0.707828,0.628862,2.07351,-6.94839,-0.116961,0.101376,-0.675626,0.605922,-2.15327,2.11269,-0.628235,0.647623,0,0,-0.00610542,0.00610542,-0.140415,-0.128204,0.152626,-0.0915756,0.0244198,0.0732594,-0.0109901,-0.0109901,
-6.73992,9.03059,-14.2475,5.81713,-23.8952,19.2129,3.19414,0.689394,0.24194,0.134407,-6.88644,8.93773,-14.7985,5.03052,-24.3712,18.9011,2.83761,0.48547,0.118683,0.118683,-0.0429163,-0.000190735,-0.512131,0.547608,-1.88735,1.90452,-0.707828,0.629625,2.07351,-6.94839,-0.117601,0.10076,-0.671861,0.610412,-2.14899,2.11494,-0.619346,0.649508,0,0,0.00610542,0.0183144,-0.0427341,-0.054945,0.115995,-0.0915756,-0.00488472,0.0146523,-0.0109901,-0.0109901,
-6.9138,8.94514,-14.429,6.24754,-23.7105,20.0472,3.12122,0.588223,0.286867,0.107245,-6.88644,8.54701,-14.6032,5.61661,-24.1758,19.2918,3.08376,0.266666,0.171429,0.092308,-0.0429163,0.000190735,-0.512131,0.546845,-1.88621,1.90223,-0.707828,0.631533,2.07351,-6.94839,-0.119126,0.101006,-0.673063,0.613617,-2.1466,2.12152,-0.621371,0.654466,0,0,0.0183144,0.0427341,-0.0183144,-0.0793648,0.0915756,-0.103785,-0.00488472,0.131868,-0.0109901,-0.0109901,
-7.06015,8.93976,-14.3379,6.29738,-23.2607,20.4879,3.26226,0.230231,0.349453,0.0638946,-7.0818,8.84004,-14.6032,5.81197,-23.8828,20.2686,3.09743,0.211966,0.224174,0.0659332,-0.0425348,0.00171661,-0.512131,0.546464,-1.8843,1.89918,-0.708209,0.63611,2.07351,-6.94839,-0.12037,0.101658,-0.671644,0.615824,-2.14092,2.12214,-0.618323,0.653983,0,0,0.0183144,0.0183144,-0.00610542,-0.0183144,0.054945,-0.140415,-0.0146523,0.229548,-0.0329666,0.0109901,
-7.07132,9.18542,-14.1092,6.51289,-23.0482,20.7126,3.41208,0.0176099,0.387703,0.0451542,-7.0818,8.84004,-14.5055,6.00732,-23.5897,20.464,3.15214,0.157265,0.276924,0.0395622,-0.0425348,0.00171661,-0.512131,0.546464,-1.88315,1.89651,-0.708209,0.641069,2.07389,-6.94839,-0.122123,0.103166,-0.66951,0.618626,-2.13701,2.12197,-0.613673,0.652059,0,0,-0.0305252,-0.0183144,-0.0183144,-0.00610542,0.0671558,-0.140415,-0.00488472,0.210012,-0.0109901,-0.0109901,
-7.34936,9.28142,-13.8965,6.5305,-22.5526,20.6956,3.56521,0.0117884,0.435294,0.018839,-7.27716,8.93773,-14.4078,6.30037,-23.199,20.6593,3.35727,0.157265,0.32967,0.0131874,-0.0425348,0.00171661,-0.512512,0.546464,-1.88239,1.8946,-0.708209,0.64374,2.07389,-6.94839,-0.124805,0.10464,-0.667121,0.618415,-2.13196,2.12068,-0.60942,0.650661,0,0,-0.0183144,-0.00610542,-0.00610542,-0.0183144,0.0305252,-0.115995,-0.00488472,0.131868,-0.0109901,-0.0109901,
-7.66134,9.52259,-14.2098,6.20159,-22.5182,20.5539,3.70375,-0.201088,0.474226,-0.00623076,-7.47253,9.03542,-14.2124,6.30037,-22.7106,20.464,3.49402,-0.0205135,0.382416,-0.0131874,-0.0425348,0.00171661,-0.512131,0.546464,-1.88201,1.89269,-0.708209,0.646029,2.07389,-6.94839,-0.127457,0.106913,-0.670221,0.61476,-2.13119,2.11842,-0.605571,0.646548,0,0,0.00610542,-0.0183144,-0.00610542,-0.0183144,0.0305252,-0.0793648,-0.00488472,0.122101,-0.0109901,-0.0109901,
-7.84093,9.71085,-14.1368,5.87694,-22.286,20.0285,4.01023,-0.653112,0.513077,-0.024426,-7.66789,9.13309,-14.2124,6.10501,-22.6129,20.3663,3.61709,-0.19829,0.408791,-0.0395622,-0.0425348,0.00171661,-0.512131,0.546464,-1.88163,1.89193,-0.708209,0.649462,2.07389,-6.94839,-0.12986,0.109819,-0.66941,0.611153,-2.12945,2.11263,-0.597058,0.637913,0,0,-0.00610542,0.00610542,-0.00610542,-0.0183144,-0.00610542,-0.054945,-0.00488472,0.131868,-0.0109901,-0.0109901,
-8.06528,9.84264,-14.2947,5.31859,-22.2989,19.4595,4.54409,-1.09625,0.546953,-0.0366717,-7.96092,9.13309,-14.2124,5.81197,-22.5153,20.0733,3.8906,-0.403419,0.46154,-0.0395622,-0.0425348,0.00286102,-0.512512,0.546464,-1.88163,1.89078,-0.708209,0.650225,2.07389,-6.94839,-0.13276,0.113648,-0.671952,0.605356,-2.12919,2.10558,-0.582229,0.62246,0,0,-0.0183144,0.0427341,-0.0183144,-0.00610542,0.00610542,-0.0427341,-0.00488472,0.0537243,-0.0109901,-0.0109901,
-8.30982,9.99238,-14.4734,4.98111,-23.2879,18.9076,4.86971,-1.36744,0.581899,-0.0429741,-8.1563,9.32845,-14.1148,5.32356,-22.7106,19.4872,4.31453,-0.731625,0.487911,-0.0659332,-0.0425348,0.00476837,-0.513657,0.546464,-1.88048,1.88964,-0.708209,0.650988,2.07389,-6.94839,-0.13507,0.118847,-0.677525,0.601606,-2.137,2.09871,-0.573184,0.614224,0,0,-0.00610542,0.0915756,-0.0915756,-0.00610542,0.0671558,-0.0305252,-0.00488472,0.0244198,-0.0109901,-0.0109901,
-8.55179,10.2776,-14.6541,4.6791,-23.4181,18.363,5.10514,-1.56041,0.615778,-0.0413668,-8.35165,9.62149,-14.4078,4.93285,-23.2967,18.9011,4.73846,-1.25128,0.514286,-0.092308,-0.0425348,0.00667572,-0.514801,0.546464,-1.87934,1.88926,-0.708209,0.650606,2.07389,-6.94839,-0.137758,0.12311,-0.679049,0.598251,-2.13893,2.09187,-0.566644,0.607017,0,0,-0.00610542,0.0671558,-0.0427341,-0.00610542,0.0183144,-0.0427341,-0.00488472,-0.00488472,-0.0109901,-0.0109901,
-8.87774,10.8862,-15.1934,4.33281,-23.7528,17.9285,5.11268,-1.75707,0.652275,-0.0366867,-8.54701,10.1099,-14.7009,4.6398,-23.6874,18.315,4.99829,-1.49744,0.567032,-0.0659332,-0.0429163,0.00667572,-0.515945,0.546082,-1.87858,1.88849,-0.708209,0.650606,2.07389,-6.94839,-0.141761,0.12743,-0.686593,0.593207,-2.14148,2.08668,-0.565946,0.601555,0,0,-0.00610542,-0.00610542,-0.054945,-0.0305252,0.0305252,-0.0305252,0.00488472,-0.00488472,-0.0329666,-0.0109901,
-9.17379,11.201,-15.5807,3.85911,-23.8916,17.073,5.24755,-1.9637,0.662443,-0.038419,-8.93773,10.5006,-15.1893,4.24908,-23.8828,17.9243,5.08034,-1.77094,0.593407,-0.092308,-0.0429163,0.00667572,-0.516327,0.546082,-1.87819,1.88811,-0.708209,0.650606,2.07389,-6.94839,-0.145051,0.131334,-0.690057,0.588758,-2.14305,2.0768,-0.562688,0.595815,0,0,-0.00610542,0.00610542,-0.0183144,-0.00610542,0.0183144,-0.0305252,-0.00488472,-0.00488472,-0.0109901,0.0109901,
-9.32967,11.5205,-15.7417,3.78044,-23.9996,16.5378,5.28883,-2.10526,0.679068,-0.00885747,-9.23077,10.7937,-15.6777,3.85837,-23.9805,17.0452,5.17607,-1.96239,0.619781,-0.0659332,-0.0432978,0.00705719,-0.51709,0.545701,-1.87781,1.88735,-0.708209,0.650606,2.07389,-6.94839,-0.148385,0.136081,-0.693015,0.586688,-2.14427,2.07009,-0.561541,0.591883,0,0,-0.0427341,0.0305252,-0.0305252,-0.0305252,0.00610542,-0.0305252,-0.00488472,-0.00488472,-0.0109901,-0.0109901,
-9.8213,11.5479,-16.4802,3.41272,-24.0691,15.7514,5.52132,-2.47294,0.694058,0.0157971,-9.23077,10.696,-15.6777,4.05373,-24.0781,16.7521,5.20342,-2.07179,0.619781,-0.0659332,-0.0432978,0.00934601,-0.51709,0.544175,-1.87781,1.88697,-0.708209,0.650988,2.07389,-6.94839,-0.153034,0.141116,-0.700814,0.578635,-2.14545,2.06097,-0.555083,0.582051,0,0,-0.0183144,0.103785,-0.0183144,-0.103785,-0.00610542,-0.0305252,-0.00488472,-0.00488472,-0.0109901,-0.0109901,
-10.1457,12.3271,-16.2941,3.55618,-24.0332,15.2906,5.49821,-2.56895,0.696862,0.0456107,-9.71918,11.4774,-16.2637,3.36996,-24.2735,15.7753,5.42222,-2.46838,0.646152,-0.0395622,-0.0432978,0.00972748,-0.517471,0.543794,-1.87743,1.88659,-0.708209,0.650606,2.07389,-6.94839,-0.156232,0.146492,-0.699535,0.582696,-2.14426,2.05547,-0.555725,0.579002,0,0,-0.00610542,-0.00610542,-0.0305252,-0.0183144,0.00610542,-0.0305252,-0.00488472,-0.00488472,0.0109901,-0.0109901,
-10.3384,12.5203,-15.7663,3.77735,-24.1595,14.8292,5.81411,-2.78047,0.725196,0.0801022,-10.1099,11.6728,-16.1661,3.17461,-24.5665,15.2869,5.46325,-2.5094,0.646152,0.0131874,-0.0440607,0.0104904,-0.51976,0.543794,-1.87552,1.88582,-0.708209,0.650988,2.07389,-6.94839,-0.159542,0.150622,-0.698401,0.585561,-2.1405,2.04917,-0.54695,0.573508,0,0,-0.0183144,0.0305252,-0.103785,-0.00610542,0.103785,-0.0427341,-0.00488472,-0.00488472,-0.0109901,-0.0109901,
-10.7318,12.7546,-15.4638,4.30063,-24.5099,14.6481,5.73325,-2.5509,0.741787,0.118178,-10.3053,12.0635,-15.873,3.36996,-24.7619,14.7985,5.64103,-2.78291,0.672527,0.0395622,-0.0440607,0.0116348,-0.521286,0.543794,-1.87362,1.88544,-0.708209,0.650606,2.07389,-6.94839,-0.163099,0.155999,-0.697379,0.591375,-2.14127,2.04759,-0.549196,0.579504,0,0,0.00610542,0.0793648,-0.128204,-0.00610542,0.140415,-0.0183144,-0.00488472,-0.00488472,-0.0109901,-0.0109901,
-11.1156,13.2085,-15.3392,4.88174,-24.2641,15.0865,5.42566,-2.15722,0.750154,0.158798,-10.696,12.4542,-15.58,3.85837,-24.7619,14.7009,5.69573,-2.64615,0.698902,0.0659332,-0.0440607,0.0123978,-0.523193,0.543794,-1.87095,1.88468,-0.708209,0.650988,2.07389,-6.94839,-0.167364,0.159769,-0.695867,0.597832,-2.13628,2.05007,-0.55774,0.59082,0,0,0.00610542,0.0183144,-0.0671558,-0.00610542,0.128204,-0.0671558,-0.00488472,-0.00488472,-0.0109901,-0.0109901,
-11.4893,12.961,-15.9126,4.69753,-24.4181,15.0648,5.15621,-1.86432,0.753708,0.20049,-10.989,12.4542,-15.58,4.44444,-24.7619,14.9939,5.4359,-2.27692,0.698902,0.092308,-0.0444422,0.0150681,-0.524338,0.544175,-1.8679,1.88277,-0.708209,0.650988,2.07389,-6.94839,-0.172304,0.163759,-0.701755,0.596573,-2.13534,2.04751,-0.565225,0.599934,0,0,-0.00610542,0.140415,-0.0183144,0.00610542,0.115995,-0.0793648,-0.00488472,0.0146523,-0.0109901,-0.0109901,
-11.5464,13.4422,-16.287,5.318,-25.2276,15.5995,4.38913,-1.35396,0.750433,0.242469,-11.4774,12.7473,-15.873,4.54213,-24.7619,15.0916,5.12137,-2.19487,0.725273,0.145054,-0.0440607,0.0169754,-0.524338,0.544557,-1.86561,1.88087,-0.708209,0.652514,2.07389,-6.94839,-0.172557,0.168165,-0.705508,0.603442,-2.14164,2.05033,-0.586533,0.62052,0,0,-0.00610542,0.054945,-0.00610542,-0.00610542,0.128204,-0.115995,-0.00488472,0.112331,-0.0109901,-0.0109901,
-11.6346,13.3091,-16.4883,5.25106,-25.4266,15.6969,3.94963,-1.04626,0.743606,0.287573,-11.6728,12.9426,-16.3614,4.93285,-25.4457,15.58,4.54701,-1.75727,0.725273,0.197803,-0.0444422,0.0185013,-0.524338,0.544557,-1.86255,1.87896,-0.708209,0.655947,2.07389,-6.94839,-0.173512,0.169026,-0.708152,0.603512,-2.1408,2.0495,-0.599718,0.633477,0,0,0.00610542,0.0793648,-0.0183144,0.0183144,0.128204,-0.115995,-0.0244198,0.131868,-0.0109901,-0.0109901,
-11.5692,13.3231,-17.2286,4.93818,-25.8455,15.8469,3.39158,-0.587413,0.728315,0.330477,-11.7704,13.0403,-16.4591,5.1282,-25.7387,15.6777,4.04103,-1.30598,0.698902,0.224174,-0.0444422,0.0200272,-0.524719,0.544557,-1.86065,1.87705,-0.708591,0.657855,2.07389,-6.94839,-0.173193,0.169079,-0.716352,0.599222,-2.14355,2.04926,-0.615113,0.647155,0,0,-0.00610542,0.0305252,-0.00610542,-0.00610542,0.128204,-0.115995,-0.0146523,0.112331,-0.0109901,-0.0109901,
-11.364,13.2073,-17.624,4.6833,-26.1513,15.9976,3.32962,-0.631552,0.711234,0.372111,-11.7704,13.0403,-16.6544,5.03052,-26.0318,16.0684,3.98632,-1.18291,0.698902,0.250549,-0.0444422,0.0207901,-0.525101,0.544938,-1.85798,1.874,-0.710116,0.66167,2.07389,-6.94839,-0.171319,0.168148,-0.721534,0.597178,-2.14509,2.04748,-0.623244,0.653162,0,0,-0.0183144,0.0183144,-0.0183144,0.00610542,0.103785,-0.128204,-0.112331,0.180708,-0.0109901,-0.0109901,
-11.2374,13.1456,-17.6774,4.52837,-26.751,16.3113,3.79966,-0.697956,0.691996,0.411341,-11.6728,13.0403,-17.2405,4.54213,-26.5201,16.0684,3.69914,-0.704273,0.672527,0.303295,-0.0440607,0.0207901,-0.526627,0.544938,-1.85454,1.87095,-0.713931,0.66434,2.07389,-6.948,-0.169531,0.167055,-0.726095,0.595457,-2.14669,2.04669,-0.618886,0.649592,0,0,-0.0183144,0.00610542,-0.0915756,0.00610542,0.152626,-0.164835,-0.210012,0.0927963,-0.0109901,-0.0109901,
-11.1077,12.946,-17.5043,4.12606,-26.9329,16.3234,3.88327,-1.02322,0.670063,0.447465,-11.4774,13.0403,-17.3382,4.44444,-27.0085,16.2637,3.46667,-0.704273,0.672527,0.32967,-0.0440607,0.0207901,-0.529297,0.544938,-1.85149,1.86866,-0.716601,0.666247,2.07427,-6.948,-0.167276,0.164839,-0.729283,0.590173,-2.14566,2.04535,-0.613373,0.642953,0,0,0.00610542,0.00610542,-0.164835,-0.0183144,0.152626,-0.140415,-0.0927963,0.102564,-0.0109901,-0.0109901,
-10.8257,12.7785,-17.5683,3.89349,-27.3904,16.7059,3.72075,-0.988552,0.646009,0.479067,-11.3797,12.9426,-17.5336,3.85837,-27.3993,16.2637,3.64444,-0.827351,0.646152,0.382416,-0.0440607,0.0207901,-0.53235,0.54532,-1.84882,1.86637,-0.716983,0.667773,2.07389,-6.948,-0.16455,0.16257,-0.731826,0.589191,-2.14767,2.0469,-0.613873,0.643488,0,0,-0.00610542,-0.00610542,-0.128204,0.0183144,0.164835,-0.152626,-0.00488472,0.0634918,-0.0109901,-0.0109901,
-10.7764,12.4339,-17.829,3.53958,-27.4494,17.0738,3.43504,-0.703773,0.619869,0.507108,-11.0867,12.6496,-17.6313,3.66301,-27.3993,16.4591,3.76752,-0.977777,0.646152,0.408791,-0.0436792,0.0207901,-0.534257,0.546845,-1.84577,1.86332,-0.716983,0.667773,2.07389,-6.948,-0.163213,0.159148,-0.734596,0.587192,-2.1469,2.04916,-0.622298,0.648957,0,0,0.00610542,0.00610542,-0.0671558,0.0305252,0.115995,-0.115995,-0.0146523,0.0146523,-0.0109901,-0.0109901,
-10.461,12.1831,-17.7463,3.70554,-27.561,17.1737,3.36043,-0.565945,0.599081,0.529513,-10.989,12.3565,-17.9243,3.56532,-27.3993,16.7521,3.60342,-0.882051,0.593407,0.46154,-0.0432978,0.0207901,-0.535401,0.546464,-1.84501,1.86255,-0.718509,0.668918,2.07389,-6.948,-0.159735,0.155954,-0.734007,0.587433,-2.15063,2.05195,-0.629315,0.655395,0,0,-0.00610542,-0.00610542,-0.0427341,-0.00610542,0.0183144,-0.0427341,-0.0830288,0.0439568,-0.0109901,-0.0109901,
-10.2561,11.8679,-17.4931,3.70603,-27.3755,17.4937,3.52099,-0.858014,0.586385,0.534251,-10.7937,12.1612,-17.9243,3.56532,-27.6923,16.9475,3.34359,-0.786325,0.567032,0.46154,-0.0432978,0.0204086,-0.535783,0.546464,-1.84463,1.86141,-0.720417,0.670825,2.07389,-6.94762,-0.156644,0.151257,-0.731168,0.587439,-2.149,2.05477,-0.626763,0.651143,0,0,0.0183144,-0.0305252,-0.0305252,-0.00610542,-0.00610542,-0.0305252,-0.0830288,0.0830288,-0.0109901,0.0109901,
-9.90127,11.4149,-17.2771,3.67496,-27.485,17.696,3.46458,-1.07257,0.568015,0.442339,-10.5983,12.0635,-17.7289,3.46764,-27.5946,17.1429,3.28889,-0.868376,0.567032,0.382416,-0.0432978,0.0204086,-0.536546,0.546845,-1.84463,1.86141,-0.720798,0.672351,2.07389,-6.94457,-0.153108,0.147037,-0.729938,0.587475,-2.15022,2.05783,-0.625293,0.647686,0,0,0.00610542,-0.00610542,-0.0427341,-0.00610542,-0.00610542,-0.00610542,-0.0146523,0.102564,0.0109901,0.186813,
-9.59287,11.2549,-17.0059,4.1565,-27.6181,18.175,3.41018,-0.973072,0.583664,0.525452,-10.2076,11.5751,-17.5336,3.56532,-27.5946,17.4359,3.39829,-0.8547,0.540661,0.540661,-0.0432978,0.0196457,-0.536546,0.546464,-1.84463,1.86141,-0.720798,0.673495,2.07389,-6.94266,-0.150089,0.143682,-0.725704,0.592037,-2.1517,2.06315,-0.626316,0.648663,0,0,-0.00610542,-0.0305252,-0.00610542,-0.0183144,-0.00610542,-0.00610542,-0.00488472,0.0439568,-0.0109901,0.0329666,
-9.34616,11.0625,-16.8617,4.19791,-27.6921,18.7935,3.21706,-0.713887,0.593967,0.55071,-9.91454,11.3797,-17.1429,3.76068,-27.6923,17.9243,3.37094,-0.964102,0.540661,0.514286,-0.0432978,0.0188828,-0.537309,0.546464,-1.84463,1.86141,-0.720798,0.673495,2.07389,-6.94266,-0.147347,0.139561,-0.726492,0.592904,-2.15293,2.07043,-0.63168,0.653421,0,0,-0.00610542,-0.0671558,-0.054945,-0.00610542,-0.0183144,0.00610542,-0.00488472,-0.00488472,-0.0109901,-0.0109901,
-9.07014,10.6051,-16.9406,4.21324,-27.9303,19.448,3.20584,-0.745294,0.617945,0.54486,-9.62149,10.989,-16.8498,3.95604,-27.79,18.5104,3.30256,-0.882051,0.540661,0.514286,-0.0429163,0.0185013,-0.538835,0.546464,-1.84501,1.86103,-0.72118,0.674258,2.07389,-6.94266,-0.143492,0.135318,-0.730523,0.592667,-2.15555,2.07651,-0.63335,0.655265,0,0,0.00610542,-0.0305252,-0.103785,-0.0183144,-0.00610542,-0.0183144,-0.0244198,0.0341873,-0.0109901,-0.0109901,
-8.78407,10.3129,-16.8184,4.56623,-27.5919,19.778,3.15959,-0.716518,0.665579,0.533641,-9.42613,10.5983,-17.1429,3.95604,-27.9854,18.9988,3.13846,-0.8547,0.567032,0.514286,-0.0425348,0.0177383,-0.539598,0.546845,-1.84539,1.86141,-0.721561,0.675021,2.07389,-6.94266,-0.139525,0.131309,-0.727079,0.597785,-2.15339,2.08178,-0.634039,0.656827,0,0,0.0183144,-0.0305252,-0.0183144,0.00610542,-0.0427341,0.0183144,-0.00488472,0.0341873,-0.0329666,-0.0109901,
-8.68714,10.0636,-17.0527,4.82075,-27.8057,20.3079,3.09336,-0.6045,0.697948,0.517097,-9.32845,10.4029,-17.0452,4.24908,-27.79,19.4872,3.12479,-0.813675,0.593407,0.487911,-0.0413904,0.0173569,-0.539598,0.546845,-1.84577,1.86217,-0.721561,0.675784,2.07389,-6.94266,-0.136083,0.127751,-0.729683,0.600206,-2.15574,2.08883,-0.635879,0.660702,0,0,0.054945,-0.0427341,-0.0183144,-0.00610542,-0.0305252,0.0305252,-0.00488472,0.0341873,-0.0109901,-0.0109901,
-8.44974,9.97002,-16.6764,5.3656,-27.7252,20.6656,2.98064,-0.331088,0.749223,0.497274,-9.13309,10.2076,-17.0452,4.6398,-27.8877,19.8779,3.07009,-0.690598,0.646152,0.487911,-0.0398645,0.015831,-0.54036,0.546464,-1.84653,1.8637,-0.721561,0.676547,2.07389,-6.94266,-0.131512,0.12437,-0.726671,0.605471,-2.15602,2.09596,-0.639498,0.668083,0,0,0.0671558,-0.0671558,-0.0305252,-0.0183144,-0.0427341,0.0793648,-0.0146523,0.0146523,-0.0109901,-0.0109901,
-8.32416,9.42813,-16.7119,5.45524,-27.5623,21.2579,3.43591,-0.408066,0.80843,0.471224,-8.93773,9.81685,-16.9475,4.93285,-27.79,20.464,3.23419,-0.512821,0.672527,0.487911,-0.0379572,0.015831,-0.540742,0.546845,-1.8473,1.86446,-0.723469,0.67731,2.07389,-6.94266,-0.127802,0.120384,-0.726633,0.607663,-2.15578,2.10249,-0.633643,0.668173,0,0,0.0793648,-0.00610542,-0.00610542,0.00610542,-0.0671558,0.054945,-0.112331,0.0439568,-0.0109901,-0.0109901,
-7.9982,9.19569,-16.3236,5.72404,-27.3608,21.4797,3.81791,-0.826251,0.870002,0.442935,-8.64468,9.5238,-16.8498,5.22589,-27.6923,20.757,3.31624,-0.553846,0.751648,0.46154,-0.0368128,0.015831,-0.540742,0.547227,-1.84882,1.86599,-0.725376,0.679599,2.07389,-6.94266,-0.12385,0.117802,-0.722725,0.611031,-2.15466,2.1073,-0.623474,0.661776,0,0,0.054945,-0.00610542,-0.0183144,0.00610542,-0.054945,0.0793648,-0.0830288,0.102564,-0.0109901,-0.0109901,
-7.88499,9.00205,-15.8173,5.99701,-27.3141,21.5323,4.02622,-0.824208,0.936435,0.413874,-8.44933,9.13309,-16.5568,5.51892,-27.4969,20.9524,3.56239,-0.608547,0.804394,0.408791,-0.0349054,0.015831,-0.541505,0.547227,-1.8492,1.86751,-0.725376,0.680743,2.07389,-6.94266,-0.120685,0.116057,-0.717863,0.613657,-2.15452,2.11022,-0.613781,0.660046,0,0,0.054945,0.00610542,-0.0183144,-0.00610542,-0.054945,0.103785,-0.00488472,0.0439568,-0.0109901,-0.0109901,
-7.83557,8.8019,-15.7643,6.05523,-27.2843,21.8082,4.14591,-0.674315,0.997435,0.370897,-8.44933,9.03542,-16.4591,5.61661,-27.3993,20.9524,3.74017,-0.717949,0.830769,0.408791,-0.0341425,0.015831,-0.541505,0.546845,-1.85035,1.87018,-0.725376,0.680743,2.07389,-6.94266,-0.119373,0.11424,-0.717274,0.613922,-2.15534,2.11596,-0.610456,0.661768,0,0,0.054945,0.0183144,-0.0183144,-0.00610542,-0.054945,0.103785,-0.00488472,-0.00488472,-0.0109901,0.0109901,
-7.79223,8.64306,-15.8432,5.53892,-26.7449,21.8588,4.38835,-0.850156,1.03822,0.349408,-8.1563,8.84004,-15.9707,5.81197,-27.2039,21.3431,4.04103,-0.745298,0.909889,0.356045,-0.0326166,0.015831,-0.541505,0.546845,-1.85225,1.87209,-0.725376,0.680743,2.07427,-6.94305,-0.117772,0.112069,-0.718151,0.608592,-2.15329,2.11802,-0.603722,0.657372,0,0,0.0427341,0.00610542,-0.0183144,0.00610542,-0.115995,0.0915756,-0.00488472,0.00488472,0.0109901,-0.0109901,
-7.60131,8.72251,-15.65,5.50212,-26.5952,21.6982,4.70697,-1.07201,1.09636,0.315903,-7.96092,8.64468,-15.9707,5.81197,-26.9109,21.5385,4.17778,-0.731625,0.962639,0.356045,-0.0322351,0.015831,-0.541505,0.546845,-1.85416,1.874,-0.725376,0.680743,2.07427,-6.94305,-0.116491,0.11173,-0.716005,0.607777,-2.15312,2.11855,-0.594871,0.650721,0,0,0.00610542,-0.0305252,-0.0183144,-0.00610542,-0.103785,0.103785,-0.00488472,-0.00488472,-0.0109901,-0.0109901,
-7.79269,8.56055,-15.0161,5.42816,-26.1388,20.9991,5.4062,-1.57495,1.14001,0.285955,-8.05861,8.44933,-15.9707,5.32356,-26.5201,21.0501,4.58804,-1.0188,1.04176,0.303295,-0.0310898,0.015831,-0.541505,0.546845,-1.85645,1.87743,-0.725376,0.680743,2.07427,-6.94305,-0.11503,0.111152,-0.70896,0.606141,-2.15075,2.11584,-0.575448,0.63675,0,0,0.0793648,0.00610542,-0.0183144,-0.0305252,-0.115995,0.152626,-0.00488472,-0.00488472,-0.0109901,-0.0109901,
-7.68872,8.64236,-14.8037,5.1942,-26.0038,20.8897,5.98871,-2.04739,1.16517,0.254395,-7.86325,8.35165,-15.4823,5.22589,-26.2271,20.5617,5.12137,-1.36068,1.06813,0.276924,-0.0299454,0.015831,-0.541123,0.546845,-1.85874,1.88087,-0.725376,0.680743,2.07427,-6.94305,-0.115172,0.111654,-0.705813,0.604762,-2.15113,2.11806,-0.559267,0.623627,0,0,0.00610542,-0.00610542,-0.00610542,0.00610542,-0.103785,0.152626,-0.00488472,-0.00488472,-0.0109901,-0.0109901,
-7.71492,8.80805,-14.2292,5.07181,-25.3528,20.7117,6.51733,-2.59039,1.1603,0.224163,-7.76556,8.44933,-14.9939,5.1282,-25.7387,20.5617,5.79145,-1.93504,1.12088,0.224174,-0.0303268,0.015831,-0.541505,0.546845,-1.86065,1.88354,-0.725376,0.680743,2.07427,-6.94305,-0.116659,0.113088,-0.700217,0.602995,-2.14703,2.11916,-0.544583,0.608544,0,0,-0.0183144,-0.0183144,-0.0183144,-0.00610542,-0.140415,0.164835,-0.00488472,-0.00488472,0.0109901,-0.0109901,
-7.9833,8.96667,-14.1422,4.73763,-25.0594,20.4696,7.16796,-3.19432,1.16446,0.192416,-7.76556,8.44933,-14.7985,5.1282,-25.5434,20.3663,6.13334,-2.20855,1.12088,0.224174,-0.0299454,0.015831,-0.541123,0.546464,-1.8637,1.88659,-0.725376,0.680362,2.07427,-6.94266,-0.118852,0.115257,-0.698055,0.598901,-2.14722,2.11871,-0.52651,0.590898,0,0,-0.00610542,-0.00610542,0.00610542,-0.00610542,-0.152626,0.140415,-0.00488472,-0.0146523,-0.0109901,-0.0109901,
-7.91539,9.20334,-13.7577,4.63737,-25.4663,19.9636,7.78408,-3.65606,1.15026,0.1616,-8.05861,8.64468,-14.3101,4.73749,-25.1526,20.1709,6.9812,-3.04273,1.12088,0.171429,-0.0303268,0.015831,-0.541123,0.546464,-1.86637,1.88964,-0.725376,0.680362,2.07427,-6.94305,-0.119293,0.118294,-0.693783,0.596973,-2.15238,2.11654,-0.509396,0.577584,0,0,-0.0305252,0.00610542,0.00610542,-0.0305252,-0.0915756,0.152626,-0.00488472,-0.0244198,-0.0109901,-0.0109901,
-8.10352,9.43485,-13.5916,4.20583,-25.4662,19.8872,8.15665,-4.02644,1.12446,0.131899,-8.05861,8.84004,-14.0171,4.44444,-25.348,19.7802,7.55556,-3.57607,1.09451,0.145054,-0.0303268,0.0162125,-0.541123,0.546464,-1.86866,1.89231,-0.724995,0.679599,2.07465,-6.94305,-0.120976,0.120841,-0.691938,0.592992,-2.15548,2.11674,-0.498177,0.566532,0,0,-0.0183144,-0.00610542,0.00610542,-0.00610542,-0.115995,0.103785,0.00488472,-0.0244198,-0.0109901,-0.0109901,
-8.1594,9.67121,-13.7824,3.52142,-25.8916,19.2515,8.59156,-4.53144,1.09225,0.0914543,-8.1563,9.03542,-13.9194,4.34677,-25.348,19.5849,7.91111,-3.8906,1.09451,0.118683,-0.0307083,0.0162125,-0.540742,0.546082,-1.87057,1.8946,-0.724995,0.679599,2.07465,-6.94305,-0.121979,0.123467,-0.693677,0.585006,-2.16212,2.11156,-0.486096,0.553481,0,0,-0.0183144,-0.00610542,0.00610542,-0.00610542,-0.115995,0.0915756,0.00488472,-0.00488472,-0.0109901,0.0109901,
-8.38335,9.93065,-13.8773,2.90493,-25.9456,18.6598,8.89506,-5.08634,1.05444,0.080962,-8.35165,9.42613,-13.9194,3.66301,-25.9341,18.9011,8.44444,-4.41026,1.06813,0.092308,-0.0303268,0.0162125,-0.540742,0.546082,-1.87285,1.89689,-0.724995,0.679599,2.07427,-6.94305,-0.123272,0.12635,-0.694731,0.577342,-2.16582,2.10686,-0.477177,0.538067,0,0,0.00610542,-0.00610542,0.00610542,-0.0305252,-0.140415,0.0793648,0.0146523,-0.00488472,-0.0109901,-0.0109901,
-8.33516,10.1462,-14.0468,2.58679,-26.6075,17.4951,9.51428,-5.73763,1.0173,0.0667249,-8.44933,9.62149,-14.0171,3.36996,-26.0318,18.022,8.75898,-4.94359,1.01538,0.0659332,-0.0307083,0.0162125,-0.54036,0.543794,-1.87552,1.89994,-0.724995,0.679599,2.07427,-6.94305,-0.123118,0.129558,-0.696233,0.567448,-2.17422,2.0986,-0.460465,0.519488,0,0,0.00610542,0.0183144,0.00610542,-0.152626,-0.0915756,0.128204,0.00488472,-0.0146523,-0.0109901,-0.0109901,
-8.17118,10.4637,-13.8389,2.18266,-27.177,16.6648,9.97361,-6.13229,0.984322,0.0593213,-8.44933,9.91454,-14.3101,2.78389,-26.6178,17.0452,9.26496,-5.4906,0.98901,0.0395622,-0.0307083,0.0162125,-0.54036,0.541886,-1.87667,1.90223,-0.724995,0.679599,2.07427,-6.94305,-0.12211,0.131865,-0.693923,0.561051,-2.18169,2.09207,-0.448194,0.508525,0,0,-0.0183144,-0.0183144,0.00610542,-0.152626,-0.0915756,0.140415,-0.00488472,-0.0146523,-0.0109901,-0.0109901,
-8.43286,10.5228,-13.834,1.8851,-27.1196,15.8222,9.81491,-5.93365,0.9516,0.0725474,-8.44933,10.1099,-14.3101,2.49084,-27.0085,16.1661,9.49744,-5.61368,0.962639,0.0395622,-0.0307083,0.0165939,-0.538453,0.538072,-1.87934,1.90681,-0.723087,0.676547,2.07427,-6.94305,-0.124203,0.134125,-0.689925,0.55393,-2.18413,2.0877,-0.443857,0.502688,0,0,0.00610542,0.0183144,0.0671558,-0.152626,-0.103785,0.152626,0.131868,-0.180708,-0.0109901,-0.0329666,
-8.58754,10.867,-13.4675,1.91541,-27.0201,15.2126,9.63313,-5.90136,0.921681,0.0668727,-8.54701,10.3053,-14.0171,2.10013,-27.2039,15.58,9.66154,-5.8735,0.936264,0.0131874,-0.0307083,0.0169754,-0.538072,0.535783,-1.88048,1.90871,-0.720417,0.673114,2.07427,-6.94305,-0.126736,0.137924,-0.6871,0.551571,-2.18376,2.08283,-0.444283,0.499175,0,0,-0.0183144,0.00610542,0.0183144,-0.164835,-0.0915756,0.152626,0.17094,-0.200245,-0.0109901,-0.0109901,
-9.09342,10.9527,-13.0137,2.5731,-26.2994,15.0279,9.74642,-5.97982,0.885627,0.0780009,-8.64468,10.1099,-14.0171,2.10013,-27.1062,15.2869,9.68889,-5.91453,0.909889,0.0131874,-0.0307083,0.0181198,-0.537309,0.53235,-1.88201,1.91138,-0.717746,0.670444,2.07427,-6.94305,-0.131543,0.141648,-0.680074,0.556666,-2.17687,2.08141,-0.441884,0.498232,0,0,0.00610542,0.054945,0.054945,-0.128204,-0.0793648,0.0915756,0.102564,-0.122101,0.0109901,-0.0109901,
-9.56667,11.2191,-12.83,3.48814,-25.5268,14.8344,9.71326,-5.65693,0.875873,0.0943045,-8.93773,10.4029,-13.9194,2.39316,-26.3248,14.8962,9.72992,-5.90085,0.883518,0.0395622,-0.0307083,0.0204086,-0.533875,0.529297,-1.8843,1.91367,-0.71622,0.667392,2.07427,-6.94305,-0.137615,0.146897,-0.67175,0.563373,-2.17098,2.08074,-0.443721,0.503173,0,0,-0.0183144,0.054945,0.140415,-0.140415,-0.0915756,0.0671558,0.0537243,-0.141636,-0.0109901,-0.0109901,
-10.1976,11.4847,-12.2609,4.3135,-24.8413,14.845,9.61344,-5.69442,0.855598,0.113582,-9.42613,10.7937,-13.2357,3.07692,-25.9341,14.7009,9.66154,-5.8735,0.830769,0.0395622,-0.0307083,0.021553,-0.53235,0.52739,-1.88506,1.91482,-0.715457,0.666247,2.07427,-6.94305,-0.143811,0.151806,-0.666343,0.571044,-2.1625,2.08159,-0.447196,0.50636,0,0,0.00610542,0.0793648,0.0671558,-0.128204,-0.0427341,0.054945,0.0244198,-0.0341873,-0.0109901,-0.0109901,
-10.7158,11.9654,-12.3871,4.94207,-24.5399,15.362,9.22335,-5.34633,0.845091,0.135035,-10.1099,11.1844,-12.9426,3.56532,-25.2503,14.8962,9.59316,-5.8188,0.830769,0.0659332,-0.0314722,0.0226974,-0.529297,0.526245,-1.88544,1.91482,-0.714694,0.666247,2.07427,-6.94305,-0.151555,0.157071,-0.663472,0.580953,-2.1579,2.08408,-0.457757,0.517494,0,0,-0.0305252,0.0427341,0.103785,-0.00610542,0.00610542,-0.0427341,0.0146523,-0.00488472,-0.0329666,-0.0109901,
-11.4049,12.181,-13.1369,5.15046,-24.6601,15.3833,8.75832,-4.82302,0.826588,0.157302,-10.5983,11.3797,-12.8449,4.34677,-24.7619,15.2869,9.26496,-5.53162,0.804394,0.092308,-0.0314722,0.0249863,-0.527008,0.526627,-1.88506,1.91329,-0.714694,0.666247,2.07427,-6.94305,-0.158397,0.16257,-0.6687,0.584057,-2.15845,2.08238,-0.471651,0.53203,0,0,-0.00610542,0.0671558,0.128204,0.00610542,0.0183144,-0.054945,-0.00488472,-0.00488472,-0.0329666,-0.0109901,
-11.9158,12.393,-13.928,5.41874,-24.4634,15.3088,8.08126,-4.3134,0.808262,0.183972,-11.3797,11.6728,-13.3333,4.83516,-24.7619,15.2869,9.00513,-5.2718,0.778023,0.092308,-0.0314722,0.0261307,-0.523193,0.526627,-1.88506,1.91253,-0.714694,0.666247,2.07427,-6.94305,-0.163666,0.166476,-0.671641,0.586224,-2.15749,2.08039,-0.490459,0.546187,0,0,0.00610542,0.0793648,0.189255,-0.0183144,-0.0183144,-0.0671558,-0.00488472,-0.00488472,-0.0329666,-0.0109901,
-12.0297,12.6271,-14.6339,4.84481,-24.0872,15.1262,7.76311,-4.36102,0.774312,0.214726,-11.7704,12.1612,-13.9194,5.1282,-24.6642,15.4823,8.10257,-4.49231,0.751648,0.145054,-0.0318537,0.0272751,-0.520523,0.526627,-1.88506,1.91024,-0.714694,0.666629,2.07427,-6.94305,-0.166942,0.168594,-0.679255,0.580661,-2.15331,2.07444,-0.499296,0.545734,0,0,-0.0427341,0.0305252,0.115995,0.00610542,-0.0183144,-0.115995,-0.00488472,0.00488472,-0.0109901,-0.0109901,
-11.8706,12.6239,-15.5059,4.04142,-24.4283,14.7152,7.60268,-4.67736,0.746665,0.250226,-11.7704,12.2589,-14.5055,4.93285,-24.4689,15.2869,7.77436,-4.50598,0.751648,0.145054,-0.0329981,0.0284195,-0.518997,0.527008,-1.88468,1.90795,-0.714694,0.66701,2.07427,-6.94305,-0.168353,0.170516,-0.689453,0.572116,-2.15549,2.06677,-0.503753,0.537816,0,0,-0.103785,0.054945,0.054945,0.00610542,0.0183144,-0.140415,-0.00488472,0.0146523,-0.0109901,-0.0109901,
-11.7935,12.8479,-15.5231,3.59368,-23.9941,14.5031,7.8401,-5.45278,0.728793,0.29159,-11.8681,12.4542,-15.2869,4.24908,-24.7619,14.9939,7.55556,-4.64273,0.725273,0.197803,-0.0349054,0.028801,-0.518997,0.526627,-1.88392,1.90452,-0.714694,0.667392,2.07427,-6.94305,-0.167776,0.170945,-0.692086,0.565946,-2.14909,2.06057,-0.497158,0.517147,0,0,-0.054945,-0.0183144,-0.0183144,-0.0183144,0.0427341,-0.152626,-0.00488472,0.0244198,-0.0329666,-0.0109901,
-11.6686,12.8288,-15.758,2.98402,-24.5091,14.213,7.9191,-5.73883,0.684376,0.331802,-11.9658,12.6496,-15.4823,3.66301,-24.3712,14.5055,7.74701,-5.23077,0.698902,0.224174,-0.0364313,0.0284195,-0.519379,0.526627,-1.88277,1.90261,-0.714694,0.667773,2.07427,-6.94305,-0.1671,0.170351,-0.695485,0.559172,-2.15326,2.05707,-0.494963,0.508117,0,0,-0.0305252,-0.0183144,-0.0305252,-0.0183144,0.054945,-0.103785,-0.00488472,-0.00488472,-0.0109901,-0.0109901,
-11.5638,12.6235,-16.1249,2.49904,-24.7848,14.5346,7.75227,-5.81734,0.649154,0.36935,-11.9658,12.6496,-15.873,3.36996,-24.4689,14.4078,7.81538,-5.55898,0.672527,0.250549,-0.0364313,0.028801,-0.51976,0.526627,-1.88201,1.90032,-0.714694,0.667773,2.07427,-6.94305,-0.165528,0.168858,-0.699536,0.553783,-2.15679,2.05795,-0.499597,0.505936,0,0,-0.0183144,-0.00610542,-0.0183144,-0.0183144,0.0183144,-0.115995,-0.00488472,-0.00488472,-0.0109901,-0.0109901,
-11.4124,12.4541,-16.4967,2.02061,-25.185,14.5434,7.65592,-6.01256,0.614263,0.404062,-11.8681,12.5519,-16.1661,2.58852,-24.9573,14.4078,7.71966,-5.83248,0.646152,0.303295,-0.0364313,0.028801,-0.519379,0.526245,-1.88125,1.89841,-0.714694,0.667773,2.07427,-6.94305,-0.163439,0.16657,-0.703286,0.548493,-2.16006,2.05736,-0.502274,0.500514,0,0,-0.00610542,-0.0183144,-0.0183144,-0.00610542,0.0305252,-0.0793648,-0.00488472,-0.00488472,-0.0109901,-0.0109901,
-11.1169,12.2111,-16.2003,2.26366,-25.6375,14.7275,7.6104,-5.96915,0.583992,0.42168,-11.7704,12.3565,-16.4591,2.39316,-25.4457,14.2124,7.61026,-5.96923,0.593407,0.32967,-0.0360498,0.0284195,-0.51976,0.525482,-1.88048,1.89765,-0.714694,0.667773,2.07427,-6.94305,-0.159367,0.163488,-0.701188,0.549209,-2.16392,2.05986,-0.503538,0.501719,0,0,0.00610542,-0.0183144,-0.0427341,-0.0427341,0.0427341,-0.0427341,-0.00488472,-0.00488472,-0.0109901,0.0109901,
-10.993,11.852,-16.2641,2.2815,-25.4969,14.8138,7.72474,-6.16754,0.557385,0.444425,-11.4774,12.1612,-16.3614,2.58852,-25.641,14.4078,7.55556,-5.98291,0.567032,0.382416,-0.0356684,0.0284195,-0.520523,0.522049,-1.87972,1.89803,-0.714694,0.667773,2.07427,-6.94305,-0.157202,0.159905,-0.70266,0.542311,-2.16282,2.06283,-0.500362,0.496208,0,0,0.0183144,-0.00610542,-0.0427341,-0.152626,0.00610542,0.00610542,-0.00488472,-0.00488472,-0.0109901,0.0109901,
-10.7139,11.4851,-16.5516,1.84873,-25.6097,15.2114,7.57093,-6.23513,0.5451,0.473215,-11.1844,11.7704,-16.4591,2.49084,-25.641,14.6032,7.62393,-6.10598,0.540661,0.408791,-0.0356684,0.0284195,-0.520523,0.51976,-1.87972,1.89803,-0.714694,0.667773,2.07389,-6.94305,-0.155322,0.155828,-0.705041,0.536842,-2.16488,2.06684,-0.504635,0.494331,0,0,-0.0183144,-0.00610542,-0.0183144,-0.103785,-0.0183144,-0.00610542,-0.00488472,-0.00488472,-0.0329666,-0.0109901,
-10.3631,11.1511,-16.1526,2.46889,-25.8472,15.8934,7.39535,-5.95204,0.517113,0.485106,-10.989,11.4774,-16.5568,2.00244,-25.7387,14.8962,7.54188,-6.25641,0.514286,0.408791,-0.0356684,0.0284195,-0.520905,0.517853,-1.87972,1.89841,-0.714694,0.667773,2.07427,-6.94305,-0.151017,0.15171,-0.701395,0.542232,-2.16712,2.0748,-0.51,0.502194,0,0,-0.00610542,-0.0183144,-0.0305252,-0.0915756,-0.00610542,-0.00610542,-0.0146523,-0.00488472,-0.0109901,-0.0109901,
-10.1098,10.679,-15.8817,3.14282,-25.6946,16.4414,7.2739,-5.59767,0.509859,0.478539,-10.7937,11.0867,-16.4591,2.1978,-25.9341,15.58,7.33675,-5.99658,0.487911,0.435165,-0.0352869,0.0284195,-0.520905,0.515945,-1.87972,1.89879,-0.714694,0.667773,2.07389,-6.94305,-0.147414,0.146871,-0.697572,0.546999,-2.16583,2.0829,-0.512886,0.512038,0,0,0.00610542,-0.00610542,-0.00610542,-0.115995,-0.0183144,0.0427341,-0.00488472,-0.00488472,-0.0109901,0.0109901,
-10.2748,10.2398,-15.9401,3.22509,-25.6789,17.3527,7.01005,-5.12624,0.510891,0.501224,-10.8913,10.7937,-16.1661,2.39316,-25.8364,16.2637,7.24102,-5.72308,0.487911,0.46154,-0.033761,0.028038,-0.520905,0.515945,-1.8801,1.89918,-0.714694,0.667773,2.07389,-6.94305,-0.144873,0.14161,-0.698627,0.551576,-2.16644,2.09219,-0.520215,0.525133,0,0,0.0915756,-0.00610542,-0.0183144,-0.00610542,-0.0305252,0.00610542,-0.00488472,-0.00488472,-0.0109901,-0.0329666,
-10.0366,9.93078,-15.9503,3.7997,-25.9403,18.103,6.74916,-4.6013,0.525443,0.493636,-10.696,10.2076,-16.0684,2.88156,-25.8364,17.1429,7.00855,-5.23077,0.46154,0.46154,-0.0314722,0.028038,-0.521286,0.515945,-1.88087,1.89918,-0.714694,0.667773,2.07389,-6.94305,-0.140345,0.13777,-0.699529,0.557961,-2.17011,2.10012,-0.527462,0.539715,0,0,0.0793648,-0.0183144,-0.0305252,-0.00610542,-0.0305252,-0.00610542,-0.00488472,-0.00488472,-0.0109901,-0.0329666,
-9.6273,9.53367,-16.1293,4.24942,-26.2227,18.689,6.44539,-4.09135,0.563765,0.466569,-10.3053,9.91454,-16.1661,3.36996,-26.1294,17.7289,6.76239,-4.82051,0.487911,0.435165,-0.0299454,0.028038,-0.521286,0.515945,-1.88087,1.89918,-0.714694,0.667773,2.07389,-6.94305,-0.136305,0.133764,-0.701111,0.562958,-2.17325,2.10704,-0.5359,0.55388,0,0,0.0183144,-0.00610542,-0.0183144,-0.00610542,-0.0305252,0.00610542,-0.00488472,-0.00488472,-0.0329666,-0.0109901,
-9.23012,9.1268,-16.5008,4.43757,-26.3482,19.2744,6.03374,-3.56154,0.598052,0.444615,-9.91454,9.5238,-16.2637,3.95604,-26.1294,18.4127,6.52991,-4.39658,0.487911,0.435165,-0.0299454,0.028038,-0.521667,0.515945,-1.88163,1.89956,-0.714694,0.667773,2.07389,-6.94305,-0.132706,0.12965,-0.705213,0.565455,-2.17581,2.11392,-0.547334,0.569086,0,0,-0.00610542,0.00610542,-0.00610542,0.00610542,-0.0427341,0.00610542,-0.00488472,0.00488472,-0.0329666,-0.0109901,
-9.25786,8.9577,-17.0986,4.25102,-26.2537,19.7139,5.78446,-3.32784,0.62423,0.417713,-9.81685,9.32845,-16.5568,4.1514,-26.2271,18.9988,6.07863,-3.82222,0.540661,0.435165,-0.028801,0.0272751,-0.521667,0.516327,-1.88354,1.89956,-0.715075,0.668918,2.07389,-6.94305,-0.129021,0.125381,-0.712263,0.563764,-2.17789,2.1188,-0.555129,0.578187,0,0,0.0793648,-0.0427341,-0.0183144,0.00610542,-0.0793648,0.00610542,-0.0146523,0.0341873,-0.0109901,-0.0109901,
-8.44723,8.98508,-16.4528,5.04271,-26.3548,19.9496,5.3726,-2.58678,0.679414,0.388053,-9.32845,9.23077,-16.9475,4.24908,-26.3248,19.1941,5.7641,-3.38461,0.567032,0.408791,-0.0284195,0.0249863,-0.52243,0.516708,-1.88506,1.90108,-0.715075,0.668918,2.07389,-6.94305,-0.122888,0.122175,-0.707071,0.572535,-2.18054,2.12539,-0.566081,0.596819,0,0,-0.0183144,-0.0793648,-0.054945,-0.00610542,-0.0793648,0.0793648,-0.00488472,-0.00488472,-0.0329666,-0.0109901,
-8.01279,8.75078,-15.5793,5.74655,-26.2825,20.4183,5.47398,-2.23861,0.720849,0.372086,-8.93773,9.03542,-16.5568,4.54213,-26.6178,19.4872,5.39487,-2.86496,0.593407,0.356045,-0.0284195,0.0234604,-0.524338,0.516327,-1.88544,1.90223,-0.715075,0.668918,2.07389,-6.94305,-0.117654,0.118046,-0.701308,0.579567,-2.17849,2.13174,-0.563265,0.606978,0,0,-0.00610542,-0.0793648,-0.115995,-0.0183144,-0.0305252,0.0793648,-0.00488472,0.00488472,-0.0109901,-0.0329666,
-7.93641,8.16979,-15.235,6.1574,-26.1447,20.6681,5.42197,-1.8198,0.774235,0.329426,-8.54701,8.54701,-15.873,5.03052,-26.4225,19.5849,5.34017,-2.57778,0.619781,0.356045,-0.0276566,0.0234604,-0.525482,0.516708,-1.88621,1.90528,-0.715075,0.669681,2.07389,-6.94305,-0.114821,0.114846,-0.696998,0.585734,-2.17813,2.1392,-0.564709,0.619863,0,0,0.0305252,0.0183144,-0.0671558,0.0183144,-0.0427341,0.128204,-0.00488472,0.0146523,-0.0109901,-0.0109901,
-8.34873,7.93031,-15.3848,6.08336,-25.4127,21.0754,5.22065,-1.42975,0.821676,0.296009,-8.54701,8.25397,-15.58,5.71428,-25.9341,20.1709,5.36752,-1.97607,0.698902,0.303295,-0.0253677,0.0230789,-0.526245,0.51709,-1.88849,1.90795,-0.715075,0.670062,2.07427,-6.94305,-0.113044,0.11099,-0.69739,0.585293,-2.17472,2.1468,-0.570302,0.630591,0,0,0.152626,-0.00610542,-0.00610542,0.0183144,-0.115995,0.140415,-0.00488472,0.00488472,-0.0109901,-0.0109901,
-7.82418,7.72997,-15.0349,6.30293,-25.2984,20.9304,5.28712,-1.26739,0.859034,0.259498,-8.35165,7.96092,-15.4823,6.00732,-25.4457,20.5617,5.20342,-1.59316,0.751648,0.276924,-0.0238419,0.0234604,-0.526245,0.51709,-1.89116,1.911,-0.715075,0.670062,2.07427,-6.94305,-0.109353,0.109552,-0.694317,0.586512,-2.17612,2.14784,-0.568455,0.635101,0,0,0.0427341,0.00610542,-0.0305252,-0.0183144,-0.115995,0.128204,-0.00488472,0.00488472,0.0109901,-0.0109901,
-7.55594,7.61351,-14.5468,6.51978,-24.9672,20.9813,5.23994,-1.01954,0.912289,0.224037,-8.05861,7.76556,-15.2869,6.10501,-25.348,20.6593,5.20342,-1.40171,0.778023,0.250549,-0.0234604,0.0230789,-0.526245,0.51709,-1.89307,1.91367,-0.715075,0.670062,2.07427,-6.94305,-0.107212,0.10747,-0.688487,0.589735,-2.17394,2.1527,-0.569766,0.641497,0,0,0.00610542,-0.00610542,-0.0183144,0.00610542,-0.103785,0.177046,-0.00488472,-0.00488472,-0.0109901,-0.0109901,
-7.4637,7.49417,-14.6439,6.35158,-25.0912,20.8929,5.41519,-0.92877,0.951872,0.171977,-7.76556,7.57021,-14.8962,6.30037,-25.0549,20.6593,5.18974,-1.15556,0.857143,0.197803,-0.0234604,0.0230789,-0.526245,0.51709,-1.89536,1.91672,-0.715075,0.670062,2.07427,-6.94305,-0.10578,0.105737,-0.688752,0.587459,-2.1768,2.15314,-0.564898,0.644019,0,0,0.0183144,-0.0183144,0.00610542,-0.00610542,-0.0793648,0.128204,-0.00488472,-0.00488472,-0.0109901,0.0109901,
-7.30863,7.43699,-14.5926,6.10233,-25.2306,20.5313,5.59525,-0.976848,0.985536,0.143904,-7.66789,7.37485,-14.7985,6.30037,-25.1526,20.464,5.29914,-1.0188,0.883518,0.171429,-0.0230789,0.0230789,-0.526245,0.51709,-1.89689,1.91978,-0.715075,0.670062,2.07427,-6.94305,-0.104082,0.105102,-0.688182,0.583876,-2.17947,2.15177,-0.559408,0.642683,0,0,0.00610542,-0.0183144,0.00610542,-0.0305252,-0.0671558,0.115995,0.00488472,-0.00488472,-0.0109901,-0.0109901,
-7.31517,7.44724,-14.8976,5.48983,-25.3151,20.4921,5.79466,-1.15919,1.00342,0.116299,-7.47253,7.27716,-14.7009,5.90965,-25.2503,20.3663,5.50427,-1.00513,0.936264,0.118683,-0.0230789,0.0230789,-0.526245,0.51709,-1.89803,1.92168,-0.715075,0.670062,2.07427,-6.94305,-0.104562,0.105216,-0.691978,0.577884,-2.18155,2.15161,-0.554357,0.637618,0,0,-0.00610542,-0.0183144,-0.00610542,-0.00610542,-0.0671558,0.0671558,-0.00488472,-0.00488472,-0.0109901,-0.0329666,
-7.3349,7.55962,-15.0095,4.99955,-25.4858,19.9503,6.19499,-1.55981,1.01158,0.0657074,-7.47253,7.27716,-14.8962,5.71428,-25.348,20.2686,5.68205,-1.10085,0.962639,0.092308,-0.0230789,0.0230789,-0.526245,0.51709,-1.89918,1.92321,-0.715075,0.670062,2.07427,-6.94305,-0.104781,0.106871,-0.693221,0.57203,-2.18418,2.14712,-0.543237,0.62649,0,0,-0.00610542,-0.00610542,-0.00610542,-0.0183144,-0.054945,0.0671558,-0.00488472,-0.00488472,-0.0109901,-0.0109901,
-7.44391,7.83585,-14.8678,4.86128,-25.736,19.7334,6.58605,-1.87875,0.999342,0.0285522,-7.47253,7.27716,-15.0916,5.03052,-25.7387,19.6825,6.03761,-1.41538,0.962639,0.0395622,-0.0230789,0.0230789,-0.526245,0.516708,-1.89956,1.92474,-0.715075,0.669681,2.07427,-6.94305,-0.105993,0.109533,-0.691647,0.570519,-2.18653,2.14501,-0.532374,0.616272,0,0,-0.00610542,-0.0183144,-0.00610542,-0.00610542,-0.0305252,0.0305252,-0.00488472,-0.0244198,0.0109901,-0.0109901,
-7.57316,7.98847,-14.7826,4.42448,-25.8519,19.2064,6.988,-2.27517,1.00172,-0.00447217,-7.57021,7.47253,-14.9939,4.73749,-25.9341,19.4872,6.43419,-1.82564,0.962639,0.0131874,-0.0230789,0.0230789,-0.526245,0.516708,-1.89994,1.92588,-0.715075,0.669681,2.07427,-6.94305,-0.107429,0.112043,-0.690699,0.566073,-2.1882,2.14111,-0.521209,0.60526,0,0,-0.00610542,0.00610542,-0.00610542,0.00610542,-0.0305252,0.054945,-0.00488472,-0.0244198,-0.0109901,-0.0109901,
-7.75538,8.37196,-14.6303,4.39129,-26.0508,18.8969,7.36641,-2.7405,0.989415,-0.0321395,-7.66789,7.76556,-14.9939,4.6398,-25.9341,19.2918,6.66667,-2.04445,0.962639,-0.0131874,-0.0230789,0.0230789,-0.526245,0.516708,-1.89994,1.92664,-0.715075,0.669299,2.07427,-6.94305,-0.109453,0.11549,-0.688601,0.565297,-2.1896,2.13722,-0.510697,0.59293,0,0,-0.00610542,-0.0183144,0.00610542,-0.00610542,-0.00610542,0.0183144,-0.00488472,-0.00488472,-0.0109901,-0.0109901,
-7.86947,8.64138,-14.3155,4.24804,-26.1509,18.2842,7.72243,-3.1194,0.974765,-0.0530495,-7.86325,7.96092,-14.7985,4.34677,-26.2271,18.7057,7.2,-2.65983,0.962639,-0.0395622,-0.0234604,0.0230789,-0.526245,0.516708,-1.89994,1.92741,-0.715075,0.669299,2.07427,-6.94305,-0.111509,0.118891,-0.68551,0.563705,-2.19071,2.13158,-0.500808,0.582405,0,0,-0.0183144,-0.00610542,-0.00610542,-0.00610542,-0.00610542,0.0305252,-0.00488472,-0.00488472,-0.0109901,-0.0109901,
-8.07031,8.94574,-13.992,4.35736,-26.1751,17.6969,8.05607,-3.45795,0.973379,-0.0663852,-7.96092,8.35165,-14.6032,4.1514,-26.3248,18.1197,7.56923,-3.04273,0.936264,-0.0659332,-0.0234604,0.0230789,-0.525864,0.516327,-1.89994,1.92855,-0.715075,0.669299,2.07427,-6.94305,-0.113741,0.122273,-0.68072,0.564131,-2.19098,2.1262,-0.49154,0.573001,0,0,-0.0183144,-0.00610542,0.0183144,-0.0183144,-0.00610542,0.0305252,-0.00488472,-0.00488472,-0.0329666,-0.0109901,
-8.27647,9.21322,-13.7959,4.07669,-26.1216,17.1336,8.45979,-3.93904,0.945397,-0.0738686,-8.1563,8.54701,-14.2124,4.1514,-26.3248,17.6313,7.87009,-3.37094,0.936264,-0.092308,-0.0234604,0.0234604,-0.525864,0.516327,-1.89994,1.92893,-0.715075,0.669299,2.07427,-6.94305,-0.116032,0.125626,-0.678948,0.56142,-2.19038,2.11951,-0.480326,0.560126,0,0,-0.0183144,-0.00610542,0.00610542,-0.00610542,-0.00610542,0.00610542,-0.00488472,0.00488472,-0.0109901,-0.0109901,
-8.53582,9.59364,-14.0095,3.58752,-26.267,16.5378,8.78282,-4.41862,0.922801,-0.0764116,-8.25397,8.74237,-14.0171,4.1514,-26.2271,17.3382,8.11624,-3.61709,0.936264,-0.118683,-0.0238419,0.0234604,-0.525864,0.516327,-1.90032,1.92893,-0.715075,0.669299,2.07427,-6.94305,-0.118888,0.129446,-0.680915,0.555985,-2.19238,2.11248,-0.471352,0.546315,0,0,-0.00610542,-0.0183144,0.0183144,-0.00610542,-0.00610542,-0.00610542,-0.00488472,-0.00488472,-0.0109901,-0.0109901,
-8.74426,9.94415,-13.9667,3.37119,-26.4894,15.8729,8.99158,-4.76295,0.901715,-0.071676,-8.54701,9.23077,-14.1148,3.56532,-26.4225,16.4591,8.62222,-4.32821,0.883518,-0.118683,-0.0238419,0.0234604,-0.525864,0.516327,-1.90032,1.92931,-0.715075,0.669299,2.07427,-6.94305,-0.121611,0.133747,-0.681253,0.553174,-2.19485,2.10507,-0.465554,0.536751,0,0,-0.0183144,-0.00610542,-0.00610542,-0.0183144,-0.00610542,-0.0183144,-0.00488472,-0.00488472,-0.0109901,-0.0109901,
-8.94016,10.269,-14.1086,3.02947,-26.5167,15.2396,9.27011,-5.15744,0.879822,-0.0607314,-8.74237,9.62149,-14.2124,3.27228,-26.6178,15.9707,8.82735,-4.61539,0.883518,-0.092308,-0.0242233,0.0234604,-0.525482,0.516327,-1.90032,1.92893,-0.715075,0.669299,2.07427,-6.94305,-0.124169,0.137357,-0.681634,0.549377,-2.19515,2.09765,-0.457817,0.525793,0,0,-0.0183144,-0.00610542,0.0183144,-0.0183144,-0.00610542,-0.0183144,-0.00488472,-0.00488472,-0.0109901,-0.0109901,
-8.8614,10.5606,-14.1437,2.67298,-26.4851,14.528,9.56327,-5.67031,0.853589,-0.0431232,-8.74237,9.91454,-14.3101,2.97925,-26.7155,15.0916,9.14188,-5.09402,0.857143,-0.092308,-0.0253677,0.0238419,-0.525101,0.515945,-1.90032,1.92893,-0.715075,0.669299,2.07427,-6.94305,-0.126473,0.141385,-0.681643,0.544628,-2.1944,2.09015,-0.449673,0.511546,0,0,-0.0793648,0.00610542,0.0183144,-0.0305252,0.00610542,-0.00610542,-0.00488472,-0.00488472,-0.0109901,-0.0109901,
-9.22043,10.878,-14.047,2.39646,-26.0992,14.0656,9.94306,-6.2827,0.838772,-0.0189513,-9.03542,10.3053,-14.3101,2.97925,-26.6178,14.4078,9.44273,-5.61368,0.830769,-0.092308,-0.0261307,0.0238419,-0.525101,0.514801,-1.90032,1.92893,-0.715075,0.669299,2.07427,-6.94305,-0.12919,0.144912,-0.680568,0.538783,-2.19052,2.0846,-0.439124,0.494536,0,0,-0.0183144,0.00610542,0.0183144,-0.0793648,-0.00610542,-0.0183144,-0.00488472,-0.00488472,-0.0329666,-0.0109901,
-9.40544,11.3088,-13.9843,2.07116,-26.0877,13.6078,10.2635,-6.80472,0.79747,-0.00346558,-9.32845,10.5983,-14.3101,2.78389,-26.3248,13.9194,9.78461,-6.16068,0.804394,-0.0659332,-0.0261307,0.0238419,-0.524719,0.512512,-1.90032,1.92893,-0.714694,0.669299,2.07427,-6.94305,-0.130839,0.149291,-0.679897,0.532473,-2.18998,2.07993,-0.429842,0.480035,0,0,-0.00610542,-0.00610542,0.00610542,-0.0915756,0.00610542,-0.00610542,-0.00488472,-0.00488472,-0.0109901,0.0109901,
-9.66594,11.6421,-13.5966,2.33823,-25.5049,13.6509,10.3444,-7.13937,0.764197,0.0548764,-9.5238,10.8913,-14.3101,2.39316,-26.2271,13.5287,10.0718,-6.63932,0.778023,-0.0659332,-0.0261307,0.0242233,-0.523575,0.510223,-1.90032,1.92893,-0.714694,0.669299,2.07427,-6.94305,-0.133734,0.153376,-0.673224,0.532337,-2.18391,2.08,-0.427593,0.470739,0,0,-0.00610542,-0.00610542,0.0427341,-0.115995,-0.00610542,-0.0183144,-0.00488472,-0.00488472,-0.0109901,-0.0329666,
-10.074,11.8623,-13.1763,2.51423,-24.7072,13.6842,10.5286,-7.45343,0.741859,0.080223,-9.71918,11.1844,-14.1148,2.29549,-25.8364,13.5287,10.2496,-7.0906,0.751648,-0.0131874,-0.0265121,0.0246048,-0.52243,0.507553,-1.90032,1.92893,-0.714694,0.669299,2.07427,-6.94305,-0.138242,0.156611,-0.665781,0.53203,-2.17464,2.08077,-0.422477,0.462015,0,0,0.00610542,0.00610542,0.0915756,-0.103785,0.00610542,-0.00610542,-0.00488472,-0.00488472,-0.0329666,-0.0109901,
-10.529,11.7925,-12.7613,3.17771,-24.2911,14.1003,10.2308,-7.3537,0.696425,0.117608,-10.0122,11.1844,-13.8217,2.39316,-24.9573,13.6264,10.4137,-7.43248,0.698902,0.0395622,-0.0265121,0.0261307,-0.519379,0.505646,-1.90032,1.92855,-0.714694,0.669299,2.07427,-6.94305,-0.144112,0.161025,-0.657305,0.537901,-2.17042,2.08461,-0.43026,0.464785,0,0,-0.0183144,0.115995,0.115995,-0.0915756,-0.00610542,-0.0183144,0.00488472,-0.00488472,-0.0109901,-0.0109901,
-11.134,11.8622,-12.8776,3.49942,-23.829,14.0604,10.0467,-7.22933,0.666293,0.153759,-10.5006,11.2821,-13.5287,2.88156,-24.5665,13.8217,10.2359,-7.43248,0.672527,0.0659332,-0.0265121,0.028038,-0.516708,0.504501,-1.90032,1.92855,-0.714313,0.669299,2.07427,-6.94305,-0.149613,0.1633,-0.653891,0.539924,-2.16488,2.08539,-0.434505,0.46824,0,0,0.0183144,0.103785,0.177046,-0.103785,0.00610542,0.0183144,0.0146523,-0.00488472,-0.0109901,-0.0109901,
-11.4101,11.9209,-13.1632,3.9179,-23.9222,14.3219,9.6481,-6.9939,0.636879,0.189515,-11.1844,11.3797,-13.2357,3.46764,-24.0781,14.0171,10.0308,-7.29573,0.646152,0.092308,-0.0265121,0.0307083,-0.512894,0.502213,-1.90032,1.92855,-0.714313,0.669299,2.07427,-6.94305,-0.153495,0.166215,-0.654064,0.542285,-2.16633,2.08748,-0.446554,0.47478,0,0,-0.00610542,0.0915756,0.152626,-0.103785,-0.00610542,-0.00610542,-0.00488472,-0.00488472,-0.0109901,-0.0109901,
-11.6731,11.9519,-13.9712,3.72622,-23.8902,14.1829,9.46401,-7.09892,0.609521,0.224365,-11.4774,11.6728,-13.7241,3.95604,-24.0781,14.2124,9.64786,-7.06325,0.619781,0.145054,-0.0265121,0.0322351,-0.508698,0.499542,-1.90032,1.92817,-0.714313,0.669299,2.07389,-6.94305,-0.156417,0.166865,-0.658032,0.536671,-2.16556,2.08515,-0.451668,0.471863,0,0,-0.00610542,0.054945,0.177046,-0.128204,0.00610542,-0.0183144,-0.00488472,-0.00488472,-0.0109901,-0.0109901,
-11.7914,11.6282,-14.7184,2.9771,-24.0346,14.1639,9.19635,-7.29895,0.582081,0.257972,-11.6728,11.6728,-14.0171,3.95604,-24.0781,14.2124,9.48376,-7.0906,0.593407,0.171429,-0.0265121,0.0341425,-0.506027,0.497635,-1.90032,1.92741,-0.714313,0.669299,2.07389,-6.94305,-0.157731,0.166398,-0.664478,0.527661,-2.16757,2.08254,-0.459103,0.466306,0,0,-0.00610542,0.0915756,0.152626,-0.0915756,-0.00610542,-0.0671558,-0.00488472,-0.00488472,-0.0109901,-0.0109901,
-11.6571,11.7327,-15.5626,2.09499,-24.4163,14.0085,8.82773,-7.5987,0.566594,0.289414,-11.8681,11.6728,-14.6032,3.17461,-24.1758,14.3101,9.16923,-7.29573,0.567032,0.197803,-0.0265121,0.034524,-0.504501,0.495728,-1.90032,1.92626,-0.714313,0.669299,2.07389,-6.94305,-0.156646,0.164683,-0.67518,0.515546,-2.17182,2.07886,-0.469342,0.45798,0,0,-0.0183144,-0.00610542,0.0671558,-0.103785,-0.00610542,-0.0915756,-0.00488472,-0.00488472,-0.0329666,-0.0109901,
-11.5544,11.4929,-16.076,1.10474,-24.527,13.7169,8.78747,-8.14744,0.53065,0.317428,-11.9658,11.7704,-14.8962,2.97925,-24.3712,14.3101,9.00513,-7.40513,0.540661,0.224174,-0.0265121,0.0341425,-0.503738,0.494202,-1.89994,1.92435,-0.714313,0.669299,2.07389,-6.94305,-0.154691,0.161231,-0.681751,0.503017,-2.17226,2.07371,-0.47046,0.442737,0,0,0.00610542,-0.0183144,0.0183144,-0.103785,0.00610542,-0.0915756,-0.00488472,-0.00488472,-0.0109901,-0.0109901,
-11.321,11.1351,-15.9334,0.723325,-24.6158,13.8379,8.74547,-8.55596,0.50996,0.324457,-11.8681,11.5751,-15.873,1.7094,-24.6642,13.6264,8.7453,-7.96581,0.514286,0.250549,-0.0265121,0.0341425,-0.50412,0.492294,-1.89956,1.92283,-0.714313,0.669299,2.07389,-6.94305,-0.152098,0.157662,-0.680955,0.496872,-2.17286,2.07434,-0.471627,0.431389,0,0,0.00610542,-0.00610542,0.00610542,-0.103785,0.00610542,-0.0671558,-0.00488472,-0.00488472,-0.0109901,0.0109901,
-11.0237,10.8381,-15.4746,1.30974,-24.9534,14.3346,8.51685,-8.46933,0.491113,0.347054,-11.5751,11.1844,-16.1661,1.12332,-24.9573,13.431,8.70427,-8.47179,0.487911,0.276924,-0.0265121,0.033761,-0.503738,0.490005,-1.89918,1.92321,-0.714313,0.669299,2.07389,-6.94305,-0.149201,0.153574,-0.675474,0.501099,-2.17582,2.08269,-0.477978,0.433307,0,0,-0.00610542,-0.0183144,0.00610542,-0.103785,0.0183144,0.00610542,-0.00488472,-0.0146523,-0.0109901,-0.0109901,
-10.7333,10.348,-15.0048,1.93306,-24.9172,14.9273,8.66722,-8.3272,0.479531,0.348658,-11.2821,10.7937,-15.7753,1.22101,-25.1526,14.0171,8.48547,-8.51282,0.46154,0.303295,-0.0261307,0.033761,-0.503738,0.487717,-1.89803,1.92359,-0.714313,0.669299,2.07389,-6.94305,-0.145593,0.148535,-0.670662,0.505736,-2.17428,2.09006,-0.473801,0.437744,0,0,-0.00610542,-0.00610542,-0.00610542,-0.103785,0.0183144,0.0183144,-0.00488472,-0.00488472,-0.0109901,-0.0109901,
-10.5799,9.9401,-14.7344,2.33078,-24.6396,15.8446,8.55429,-8.16706,0.480481,0.344235,-11.1844,10.5983,-15.4823,1.41637,-25.0549,14.6032,8.54017,-8.43077,0.435165,0.303295,-0.0257492,0.033761,-0.503738,0.486191,-1.89803,1.92397,-0.714313,0.669299,2.07389,-6.94305,-0.1431,0.144003,-0.667657,0.510664,-2.17201,2.10023,-0.476938,0.442192,0,0,0.00610542,-0.00610542,-0.00610542,-0.0427341,-0.00610542,0.00610542,-0.00488472,-0.00488472,-0.0329666,-0.0109901,
-10.2628,9.61144,-14.4736,2.73558,-24.5213,16.5289,8.67724,-8.12101,0.479113,0.332569,-10.7937,10.0122,-14.9939,1.90475,-24.8596,15.58,8.5265,-8.22564,0.435165,0.303295,-0.0257492,0.0333796,-0.503738,0.485809,-1.89803,1.92359,-0.714313,0.669299,2.07389,-6.94305,-0.139984,0.139563,-0.665167,0.515187,-2.17069,2.10623,-0.473522,0.443471,0,0,-0.00610542,-0.0183144,-0.0183144,-0.0305252,-0.00610542,-0.0305252,-0.00488472,-0.00488472,-0.0329666,-0.0109901,
-9.93466,9.14051,-14.3725,2.75441,-24.6105,16.8212,8.81401,-8.0726,0.471529,0.316319,-10.5006,9.62149,-14.7009,2.29549,-24.6642,16.2637,8.5812,-8.15726,0.435165,0.303295,-0.0257492,0.0329981,-0.50412,0.486191,-1.89803,1.92397,-0.714313,0.669299,2.07389,-6.94305,-0.135931,0.134356,-0.664424,0.516592,-2.17168,2.11108,-0.469723,0.444816,0,0,0.00610542,-0.00610542,-0.0183144,-0.00610542,-0.00610542,0.00610542,-0.00488472,-0.00488472,-0.0109901,-0.0109901,
-9.54494,8.78988,-14.8179,2.74465,-25.1302,17.3136,8.7314,-7.89545,0.481316,0.310642,-10.2076,9.23077,-14.6032,2.58852,-24.7619,16.5568,8.70427,-8.10256,0.435165,0.303295,-0.0257492,0.0329981,-0.50412,0.485809,-1.89803,1.92397,-0.714313,0.669299,2.07389,-6.94305,-0.131601,0.130053,-0.669374,0.515695,-2.17746,2.11655,-0.472018,0.449737,0,0,0.00610542,-0.0183144,-0.0183144,-0.0183144,-0.00610542,0.00610542,-0.00488472,-0.00488472,-0.0109901,-0.0329666,
-9.07035,8.65685,-15.5052,2.61882,-25.7738,17.6506,8.59451,-7.61139,0.495804,0.280659,-9.91454,9.03542,-14.7985,2.58852,-25.1526,17.0452,8.6906,-7.96581,0.435165,0.276924,-0.0257492,0.0322351,-0.50412,0.485809,-1.89841,1.92435,-0.714313,0.669299,2.07389,-6.94305,-0.126734,0.125777,-0.677418,0.514297,-2.18499,2.12108,-0.475821,0.457627,0,0,-0.00610542,-0.0793648,-0.0305252,-0.0183144,-0.00610542,0.0183144,-0.00488472,-0.00488472,-0.0109901,-0.0109901,
-8.48674,7.81165,-17.9388,1.19321,-26.2273,19.2938,8.76815,-6.83011,0.533302,0.278542,-9.42613,9.23077,-15.58,2.78389,-25.7387,17.1429,8.56752,-7.70598,0.46154,0.250549,-0.0253677,0.0284195,-0.504501,0.483521,-1.89879,1.9255,-0.714313,0.669299,2.07389,-6.94305,-0.120275,0.109314,-0.704432,0.493319,-2.19082,2.14211,-0.470997,0.47933,0,0,-0.0183144,-0.177046,-0.0183144,-0.103785,-0.0183144,0.0671558,-0.00488472,-0.00488472,-0.0109901,-0.0109901,
-5.38635,5.70661,-6.17971,14.0549,-24.0039,20.3223,7.9407,-7.37059,0.516956,0.268266,-9.03542,8.44933,-17.1429,2.1978,-26.3248,18.315,8.6359,-7.13162,0.46154,0.250549,-0.0253677,0.0257492,-0.504501,0.48085,-1.89879,1.92779,-0.714313,0.669299,2.07389,-6.94305,-0.0850125,0.0840684,-0.574996,0.630707,-2.1653,2.15868,-0.493982,0.464316,0,0,0.00610542,-0.152626,-0.054945,-0.189255,0.00610542,0.152626,-0.00488472,-0.00488472,-0.0109901,-0.0109901,
-3.9232,3.79622,3.3661,25.3816,-18.7818,25.6959,9.35392,-5.21096,0.497406,0.254249,-8.64468,8.1563,-15.873,4.05373,-25.641,18.5104,8.38974,-7.00855,0.487911,0.250549,-0.0253677,0.022316,-0.506409,0.47551,-1.89879,1.9316,-0.714313,0.669299,2.07389,-6.94305,-0.0687553,0.0577807,-0.472467,0.746335,-2.10768,2.22586,-0.454726,0.524306,0,0,0.00610542,-0.201466,-0.103785,-0.335775,-0.00610542,0.262516,-0.00488472,-0.00488472,-0.0109901,-0.0109901,
-7.59077,5.67657,6.33761,29.6128,-14.3307,28.7536,8.5222,-2.74188,0.347268,0.218411,-5.90965,5.71428,-4.34677,15.873,-18.9988,24.3712,8.8,-6.22906,0.487911,0.250549,-0.0207901,0.0146866,-0.488861,0.49382,-1.90261,1.93694,-0.714313,0.669681,2.07389,-6.94305,-0.0951604,0.0669741,-0.384459,0.86579,-2.06815,2.26436,-0.47734,0.595715,0,0,0.299145,-0.323565,1.01954,1.28816,-0.189255,0.238094,0.00488472,0.0439568,-0.0109901,-0.0329666,
-10.2488,5.19963,4.99855,27.9518,-7.97997,29.1872,7.83022,-4.28798,0.20269,0.149805,-7.27716,4.34677,-1.22101,23.5897,-13.431,29.8413,8.6359,-4.32821,0.382416,0.197803,-0.0120163,0.00896454,-0.454909,0.534638,-1.91444,1.93351,-0.713931,0.675021,2.07389,-6.94305,-0.113072,0.0649067,-0.341779,0.901991,-2.02203,2.25069,-0.496181,0.574226,0,0,0.384615,-0.054945,1.72772,1.7033,-0.567766,-0.213675,0.00488472,0.366301,-0.0329666,-0.0109901,
-7.55107,1.27385,5.33686,20.1553,-6.44573,21.0129,13.6522,-8.74061,0.21251,0.0440701,-8.84004,3.85837,2.88156,25.5434,-8.64468,30.9158,8.06154,-3.27521,0.303295,0.171429,-0.0101089,0.0139236,-0.426299,0.550279,-1.92168,1.92512,-0.713931,0.678073,2.07389,-6.94305,-0.0917712,0.038863,-0.299235,0.814723,-2.01141,2.13845,-0.334947,0.442848,0,0,0.0671558,0.323565,2.03297,1.2149,-0.543346,-0.604395,-0.00488472,0.151403,-0.0109901,-0.0109901,
-5.24056,5.07301,3.73594,10.5638,-13.209,22.0099,14.8586,-10.0712,0.169868,-0.106874,-7.47253,3.66301,8.35165,21.3431,-6.00732,24.4689,11.7128,-5.80513,0.171429,0.092308,-0.0127792,0.0154495,-0.415618,0.578889,-1.93656,1.90604,-0.715457,0.675784,2.07351,-6.94305,-0.0789442,0.0663218,-0.369834,0.722923,-2.1047,2.11783,-0.304429,0.384552,0,0,-0.238094,-0.164835,0.128204,0.799755,-0.641026,-0.982906,-0.0341873,-0.229548,-0.0109901,-0.0109901,
-2.51148,5.50071,0.552297,6.78244,-14.3238,23.5859,12.6797,-9.25938,0.0812982,-0.204579,-4.73749,6.30037,3.66301,12.2589,-11.3797,21.8315,13.3675,-8.28034,0.145054,-0.0395622,-0.021553,0.00247955,-0.40608,0.594912,-1.94839,1.89155,-0.711261,0.657092,2.07389,-6.94343,-0.0647209,0.0393821,-0.385495,0.686756,-2.13257,2.13347,-0.338779,0.356175,0,0,-0.457876,-0.726496,0.433455,0.494505,-0.750916,-0.604395,0.405373,-0.874237,0.0109901,-0.0549469,
-0.276203,1.17112,-6.7034,7.19944,-17.9646,25.2204,7.94597,-8.98078,0.00638587,-0.330706,-3.27228,7.0818,-0.146515,10.5006,-14.0171,22.2222,13.1897,-8.48547,0.145054,-0.145054,-0.0295639,-0.00629425,-0.393873,0.594149,-1.95525,1.88468,-0.701343,0.646029,2.07351,-6.94343,-0.0483023,-0.00773028,-0.44129,0.670276,-2.16687,2.15453,-0.454492,0.36213,0,0,-0.470085,-0.433455,0.811966,-0.115995,-0.360195,-0.311356,0.522589,-0.688644,-0.0109901,-0.0109901,
-1.17421,4.38993,-10.6238,13.7121,-24.1505,22.5138,2.38411,-4.51774,-0.0571361,-0.352612,-1.80708,3.76068,-7.27716,9.71918,-18.022,23.0037,9.23761,-8.10256,0.0131874,-0.32967,-0.0360498,-0.0173569,-0.369841,0.583848,-1.95907,1.88735,-0.691806,0.621996,2.07351,-6.94343,-0.0533701,0.0137156,-0.45919,0.714838,-2.2329,2.14544,-0.617033,0.450838,0,0,-0.128204,-0.531136,0.860806,-0.641026,-0.164835,0.238094,0.17094,-0.913309,-0.0109901,-0.0109901,
-0.823447,5.76378,-12.3312,19.0042,-25.1332,24.4953,-0.786913,0.360772,-0.18364,-0.318501,-1.61172,4.1514,-8.93773,12.1612,-21.7338,21.9292,6.74872,-6.88547,-0.0395622,-0.382416,-0.0349054,-0.0291824,-0.361448,0.570497,-1.95983,1.89307,-0.692187,0.61017,2.07351,-6.94343,-0.0422233,0.010643,-0.482792,0.754996,-2.24133,2.17766,-0.717221,0.577945,0,0,0.054945,-0.726496,0.470085,-0.799755,-0.0671558,0.372406,-0.0634918,-0.844933,0.0109901,-0.0109901,
0.812444,1.56223,-16.7283,16.0283,-27.4858,25.9118,-1.21048,2.16863,-0.307117,-0.262961,-1.22101,3.56532,-10.7937,16.5568,-24.9573,24.2735,3.53504,-2.85128,-0.145054,-0.382416,-0.0356684,-0.0314722,-0.358397,0.562104,-1.96136,1.89727,-0.716601,0.605593,2.07351,-6.94343,-0.0292867,-0.0110616,-0.544063,0.73226,-2.26899,2.18904,-0.821288,0.671449,0,0,-0.0793648,0.0915756,0.00610542,-0.238094,-0.0671558,0.115995,-1.42125,0.112331,-0.0109901,-0.0109901,
1.86465,1.53525,-16,9.90937,-24.7294,17.8442,9.1621,-4.0317,-0.329435,-0.156551,-0.537247,2.78389,-15.6777,14.7009,-26.9109,25.2503,2.81026,-1.18291,-0.276924,-0.32967,-0.034524,-0.0310898,-0.358397,0.56363,-1.96517,1.89994,-0.763905,0.623522,2.07351,-6.94343,-0.00953212,-0.016677,-0.537598,0.681264,-2.24625,2.10248,-0.635165,0.56794,0,0,0.128204,-0.0793648,-0.0427341,0.225885,-0.189255,0.128204,-2.51526,1.1282,-0.0109901,-0.0109901,
-0.574717,3.11794,-12.2773,9.49365,-26.6151,17.8015,16.6739,-10.3569,-0.328533,-0.0549204,-1.02563,2.29549,-15.7753,10.5006,-27.6923,21.8315,4.50598,-2.65983,-0.32967,-0.276924,-0.0276566,-0.0341425,-0.361067,0.574311,-1.96174,1.90108,-0.80663,0.652132,2.07351,-6.94343,-0.0208148,-0.00621419,-0.503789,0.703199,-2.24668,2.09501,-0.440415,0.438433,0,0,0.396826,-0.201466,-0.189255,0.702076,0.323565,-0.115995,-1.93895,1.47985,0.0109901,-0.0329666,
-1.2178,2.12383,-6.3712,11.0268,-28.1929,21.0974,6.38334,-3.64882,-0.318277,0.00905626,-0.244202,1.02563,-12.1612,7.47253,-26.9109,17.8266,8.14359,-3.91795,-0.32967,-0.145054,-0.0204086,-0.0314722,-0.370604,0.591096,-1.95411,1.89727,-0.791753,0.644503,2.07313,-6.94343,-0.0251893,0.000876436,-0.456657,0.739053,-2.26065,2.12985,-0.53898,0.492109,0,0,0.262516,0.262516,-0.457876,0.763126,0.201466,-0.054945,1.50916,-1.02076,-0.0329666,-0.0329666,
-0.701751,1.497,-2.41632,17.7797,-22.2438,21.8725,4.35521,-1.43198,-0.334248,0.0402718,-0.732605,1.51404,-11.0867,8.84004,-27.8877,19.4872,9.19658,-4.51966,-0.356045,-0.092308,-0.0188828,-0.0257492,-0.370604,0.603304,-1.95068,1.89803,-0.765812,0.619707,2.07313,-6.94305,-0.0248485,-0.000772326,-0.391957,0.819782,-2.19233,2.14086,-0.594773,0.520589,0,0,0.054945,0.250305,0.164835,0.567766,0.164835,-0.00610542,1.00122,-1.18681,-0.0329666,0.0109901,
-1.7778,2.00862,-0.786434,22.8259,-15.9245,22.0149,4.53788,-2.77895,-0.38224,0.10802,-0.43956,1.61172,-6.69109,14.7009,-22.6129,21.2454,6.52991,-3.67179,-0.356045,-0.0395622,-0.0192642,-0.0230789,-0.358015,0.614748,-1.95182,1.89918,-0.764668,0.615892,2.07313,-6.94305,-0.041663,0.00432659,-0.344572,0.886888,-2.13344,2.14725,-0.639348,0.535525,0,0,-0.0793648,0.152626,0.665445,0.555555,-0.140415,0.103785,-0.0146523,-0.0634918,-0.0329666,-0.0109901,
-2.35724,3.0125,-0.483517,20.1811,-10.0914,15.734,11.2965,-6.13027,-0.412931,0.128727,-0.537247,1.7094,-4.73749,18.2173,-16.7521,22.5153,6.27008,-3.11111,-0.382416,0.0659332,-0.0238419,-0.0207901,-0.337415,0.632296,-1.95869,1.89841,-0.771534,0.615892,2.07313,-6.94305,-0.0571559,0.0145137,-0.308396,0.888886,-2.07712,2.07018,-0.476546,0.445363,0,0,-0.213675,0.054945,1.03175,0.970695,-0.189255,-0.0915756,-0.376068,-0.00488472,-0.0109901,0.0109901,
-6.00657,9.01891,2.13935,20.6658,-14.2928,20.5492,18.1042,-6.55627,-0.442143,0.209621,-1.51404,1.61172,-2.39316,17.1429,-12.9426,20.0733,8.47179,-4.0547,-0.435165,0.0659332,-0.0268936,-0.0196457,-0.322156,0.658618,-1.96059,1.89193,-0.78336,0.615129,2.07313,-6.94305,-0.0970928,0.0844309,-0.278239,0.938095,-2.12164,2.10458,-0.304643,0.428859,0,0,-0.103785,0.115995,0.604395,1.49573,-0.0671558,-0.470085,-0.483517,-0.0830288,-0.0109901,-0.0329666,
-5.30661,8.00883,4.75358,15.968,-16.5869,29.7484,26.4325,-5.76851,-0.488364,0.131777,-3.46764,3.46764,2.88156,18.2173,-14.2124,21.5385,15.3641,-4.87521,-0.46154,0.145054,-0.0295639,-0.00858307,-0.325589,0.684939,-1.96021,1.87667,-0.783742,0.605211,2.07313,-6.94305,-0.0980907,0.0977015,-0.27908,0.903672,-2.14309,2.1834,-0.0487733,0.411519,0,0,-0.286936,0.518925,-0.189255,1.23932,0.0427341,-0.714285,0.0146523,-0.669109,-0.0109901,-0.0109901,
-0.759745,-9.23218,-22.7223,-25.4409,-6.50881,29.0731,31.2678,-6.12278,-0.416269,-0.153319,-4.05373,6.30037,3.17461,17.6313,-15.7753,27.0085,19.3573,-5.42222,-0.487911,0.171429,-0.040246,0.00209808,-0.32063,0.704776,-1.95945,1.8637,-0.77039,0.590333,2.07313,-6.94305,-0.0676132,-0.0827772,-0.563536,0.454049,-2.03157,2.16537,0.144314,0.392173,0,0,-0.567766,0.531136,0.286936,0.958487,0.00610542,-0.641026,0.923077,-0.561661,-0.0109901,-0.0109901,
11.9831,-29.6547,-35.0103,-32.5246,5.80435,24.8826,-4.46073,-12.6543,-0.267191,-0.376155,-3.07692,3.07692,-11.7704,-4.44444,-10.2076,26.0318,25.3333,-5.75043,-0.46154,-0.0131874,-0.046731,-0.00209808,-0.318341,0.699817,-1.95678,1.86217,-0.724995,0.57927,2.07313,-6.94343,0.0792922,-0.34645,-0.717316,0.297529,-1.88109,2.14618,-0.72656,0.201143,0,0,-0.213675,-0.445665,-0.299145,-1.22711,0.335775,0.225885,2.44689,-0.532356,-0.0109901,-0.0329666,
1.48238,5.62228,-35.7469,-10.2979,-11.2875,8.68676,-5.01612,-3.48253,0.814485,-0.572177,6.88644,-10.2076,-20.464,-10.0122,-5.71428,15.1893,4.64273,-9.40171,-0.250549,-0.303295,-0.0513086,-0.053216,-0.372129,0.627337,-1.92893,1.89498,-0.670444,0.571259,2.07008,-6.94381,-0.0411462,-0.0849668,-0.869642,0.359273,-1.98699,2.06456,-0.670342,0.450347,0,0,-0.189255,-2.82662,-3.00977,-4.60928,2.02076,2.1917,2.78877,-0.483517,-0.186813,-0.0109901,
-3.21548,20.044,-24.1316,14.2669,-22.6742,-10.526,-5.37619,-3.49111,1.10985,-0.367459,12.5519,-14.2124,-24.0781,-7.96092,-13.138,7.47253,-0.77265,-8.47179,-0.145054,-0.408791,-0.0528345,-0.104715,-0.417144,0.512894,-1.8679,1.95449,-0.671206,0.546464,2.06474,-6.94419,-0.0960916,-0.000644581,-0.781122,0.497829,-2.01218,1.94234,-0.834953,0.386241,0,0,-0.225885,-3.55922,-2.87546,-5.20757,3.22955,3.14408,-0.288157,-1.26496,-0.164837,-0.0769234,
13.6267,-0.55158,-13.8954,18.5406,-45.7046,-10.6925,0.726835,-3.82835,0.859412,-0.261813,2.58852,0.244202,-25.348,-0.146515,-26.3248,-1.41637,-2.81026,-6.06496,0.250549,-0.46154,-0.0715265,-0.10586,-0.461776,0.467498,-1.78931,1.9934,-0.671969,0.557145,2.07465,-6.94381,0.0548511,-0.0714919,-0.696551,0.619577,-2.18949,1.9041,-0.661792,0.486211,0,0,-0.750916,1.2149,-2.41148,-1.61783,3.22955,0.885225,-0.200245,0.708181,0.604397,-0.0549469,
-6.69112,2.93858,-23.5177,1.29922,-50.8964,14.6953,15.8315,-0.949343,0.655348,-0.218695,-0.927963,-3.66301,-13.5287,6.00732,-36.4835,-1.41637,0.252991,-3.84957,0.46154,-0.356045,-0.053216,-0.0535975,-0.517471,0.475891,-1.76032,1.97166,-0.696002,0.556382,2.09411,-6.94381,-0.0667152,0.054552,-0.846951,0.534893,-2.32115,2.07938,-0.313137,0.529279,0,0,1.8254,2.26496,-2.04518,1.337,0.140415,-1.66667,-1.13797,-0.0146523,0.956043,-0.0549469,
-17.3552,2.17228,-33.366,-18.534,-29.3131,16.937,1.2923,-5.75291,0.413056,-0.23612,-7.47253,-1.7094,-25.5434,-2.39316,-44.3956,17.4359,9.51111,-2.97436,0.936264,-0.303295,0.0120163,-0.0192642,-0.529678,0.531204,-1.78779,1.92283,-0.696002,0.569352,2.117,-6.94343,-0.0996231,0.0514738,-0.907534,0.404433,-2.15887,2.04162,-0.619323,0.444958,0,0,2.4359,1.39805,-0.213675,2.37485,-1.36142,-2.08181,0.815628,0.708181,0.956043,-0.0329666,
-8.22811,5.7106,-35.8875,-8.68867,-38.027,13.2325,-1.26709,-3.62218,0.428138,-0.0865915,-4.44444,1.80708,-32.674,-9.5238,-37.6557,17.7289,7.1453,-5.36752,0.883518,-0.276924,0.0043869,0.00362396,-0.524719,0.549134,-1.78397,1.88811,-0.685702,0.581178,2.12501,-6.94572,-0.123463,0.105944,-0.916347,0.46867,-2.19204,1.97959,-0.723585,0.514994,0,0,-1.0928,1.16606,0.213675,0.482296,0.433455,-1.66667,-0.0537243,0.688644,0.64835,-0.0769234,
6.37572,12.7746,-0.599299,27.9185,-37.7479,9.03503,5.95636,-2.88249,0.498949,0.050372,-1.90475,7.27716,-30.9158,-5.71428,-40.7814,9.91454,2.98803,-4.43761,0.646152,-0.197803,-0.0371943,0.00743866,-0.539979,0.531968,-1.76261,1.87667,-0.715838,0.591477,2.13378,-6.94762,-0.0402236,0.140221,-0.585506,0.810631,-2.1456,1.97523,-0.621446,0.536561,0,0,-2.21612,-0.274725,-1.16606,-0.946276,1.0928,-0.054945,-1.42125,0.503052,0.406593,-0.12088,
20.8632,6.36259,0.545542,26.1913,-45.9727,-9.37223,20.7622,-0.242805,0.194737,0.0089866,1.22101,13.431,-12.8449,12.0635,-40.293,7.66789,6.46154,-2.85128,0.382416,-0.118683,-0.0753412,-0.0104904,-0.554093,0.528915,-1.73552,1.88506,-0.756275,0.599489,2.14752,-6.948,0.110684,0.0327326,-0.548235,0.841298,-2.20706,1.7913,-0.26917,0.604222,0,0,-1.37363,-0.824175,-0.00610542,0.641026,1.17827,0.311356,-1.79243,0.229548,0.516483,-0.0109901,
-10.465,11.1594,-27.1618,7.62422,-53.3258,16.1549,12.1137,-4.49225,-0.398224,-0.019795,2.29549,9.23077,-7.86325,12.7473,-39.6093,2.88156,14.6667,-1.93504,0.32967,-0.0659332,-0.0627527,-0.00743866,-0.525101,0.58957,-1.73781,1.86828,-0.785649,0.606356,2.15934,-6.94762,-0.135278,0.129375,-0.77175,0.789261,-2.34518,1.99507,-0.500685,0.501351,0,0,1.31258,0.384615,1.65446,3.44933,-0.445665,-1.5812,-1.03053,0.395605,0.626373,0.0109901,
-23.6709,8.65841,-30.8576,-16.1828,-25.7175,23.1219,7.29979,-6.88326,-0.536511,0.0461387,-4.93285,5.51892,-19.7802,7.96092,-47.033,16.3614,11.0154,-2.93333,-0.0395622,0.0131874,-0.00705719,0.000953674,-0.492294,0.654802,-1.75994,1.82593,-0.777256,0.616655,2.17079,-6.94572,-0.182765,0.112828,-0.800765,0.562295,-2.09188,2.02078,-0.548843,0.439373,0,0,2.61905,0.470085,1.03175,2.61905,-1.38584,-1.86203,0.512821,0.278389,0.56044,0.0109901,
-4.71339,1.20327,-29.1001,-18.061,-24.8909,20.6505,2.49014,-12.3978,-0.282897,0.0858716,-6.78877,10.2076,-21.7338,-3.07692,-33.8462,21.5385,8.44444,-3.49402,-0.0131874,-0.145054,-0.0165939,0.0135422,-0.510223,0.670062,-1.76719,1.79427,-0.775349,0.6075,2.17346,-6.94648,-0.113125,0.0466514,-0.870798,0.483833,-2.04233,1.97712,-0.709353,0.232591,0,0,-1.32479,0.592186,-1.11722,0.433455,0.0427341,-1.39805,-0.0634918,-0.6105,0.0549469,0.0988998,
7.89166,14.6781,1.58317,13.1051,-29.048,4.8019,1.93942,-11.0023,0.185796,0.148071,-1.02563,11.8681,-22.2222,-6.98413,-30.9158,13.431,4.49231,-10.0308,-0.092308,0.0659332,-0.0772486,-0.0082016,-0.547608,0.638781,-1.74735,1.79961,-0.777637,0.598345,2.16774,-6.9461,-0.0821561,0.10381,-0.595341,0.717441,-2.02879,1.88614,-0.7328,0.270502,0,0,-2.77778,-1.53236,-1.95971,-2.00855,1.23932,0.995115,-0.180708,-0.444445,-0.34066,-0.0109901,
27.9902,7.03798,14.6273,28.762,-39.0563,-12.439,20.1909,2.43913,0.16405,0.156351,2.00244,15.873,-6.98413,9.23077,-31.5018,3.17461,3.24786,-9.34701,-0.145054,0.092308,-0.106241,-0.0562677,-0.59453,0.581178,-1.71683,1.83661,-0.792516,0.572022,2.16545,-6.94572,0.182173,-0.0470546,-0.472501,0.822408,-2.10459,1.74704,-0.266579,0.575063,0,0,-0.677656,-2.0696,-1.2149,-2.35043,1.38584,1.4591,-0.698412,-1.29426,-0.0549469,0.0109901,
10.4177,1.781,-4.34627,17.6746,-38.8387,6.50968,18.7294,1.64402,-0.107001,0.0741933,2.58852,11.9658,-2.1978,12.2589,-32.0879,-1.41637,10.1949,-4.58803,-0.0395622,0.145054,-0.0986118,-0.0604639,-0.573548,0.588807,-1.71111,1.84463,-0.799001,0.552567,2.16583,-6.94572,0.038508,-0.0311105,-0.573611,0.821618,-2.14407,1.91594,-0.28045,0.551593,0,0,0.641026,0.286936,1.44689,1.0928,-0.0427341,-0.0305252,-0.0341873,-0.932844,0.0329666,-0.0329666,
-29.8924,22.0441,-36.1838,-8.59372,-47.4327,23.0417,2.32109,-5.37641,-0.53831,-0.0573619,3.66301,0.0488434,-8.44933,7.66789,-32.5763,7.0818,15.0496,-1.15556,-0.0131874,0.092308,-0.0246048,-0.0505457,-0.515564,0.650225,-1.73476,1.81334,-0.767338,0.56363,2.16659,-6.94495,-0.227113,0.205581,-0.821351,0.664019,-2.30717,2.02805,-0.623986,0.445299,0,0,3.88889,0.335775,2.88767,3.27839,-1.36142,-1.23932,1.57753,0.620268,-0.0329666,0.0109901,
-11.2292,0.998887,-38.9448,-14.0983,-25.0792,32.3999,-1.37269,-7.51179,-0.505132,0.111272,-7.47253,4.6398,-21.5385,5.32356,-44.0049,22.2222,8.18462,-2.78291,-0.32967,-0.145054,-0.000953674,-0.0242233,-0.490387,0.673114,-1.75689,1.79198,-0.743687,0.569352,2.16506,-6.94839,-0.127147,0.036326,-0.899705,0.521961,-2.07441,2.1009,-0.73957,0.367285,0,0,-0.0427341,1.48352,0.702076,0.164835,-1.16606,-1.53236,0.844933,0.131868,-0.0549469,-0.20879,
7.97213,-0.886005,-21.6221,17.5508,-27.9895,42.409,0.656406,0.178627,-0.234903,0.174515,-3.17461,8.93773,-29.2552,-0.146515,-33.5531,25.9341,5.62735,-6.44786,-0.356045,-0.0395622,-0.046731,0.00896454,-0.513657,0.642977,-1.76261,1.77672,-0.76276,0.565919,2.16392,-6.94839,-0.0678383,0.0611876,-0.795619,0.778767,-2.07136,2.23226,-0.811682,0.569171,0,0,-3.2906,1.86203,-1.25153,-1.77656,0.0671558,-0.470085,-1.3431,-0.0341873,-0.164837,-0.0988998,
5.62837,22.2654,6.35698,34.1074,-34.374,10.0477,8.38802,0.678981,-0.162387,0.353928,1.80708,13.431,-22.3199,13.7241,-33.3578,27.6923,2.49573,-3.00171,-0.408791,0.0131874,-0.0959415,-0.0314722,-0.54532,0.588426,-1.73743,1.82021,-0.806249,0.569734,2.15858,-6.94839,-0.0783777,0.120887,-0.520474,0.893119,-2.07398,2.02607,-0.659939,0.607398,0,0,-1.34921,-2.85104,-1.37363,-2.22833,1.36142,2.82662,-1.73382,0.376068,-0.186813,-0.0109901,
0.484075,14.8991,-10.2822,9.64513,-53.6323,-1.98781,17.6156,-1.18647,-0.25643,0.265075,-0.927963,14.3101,-3.76068,22.2222,-34.0415,14.7009,4.01368,-2.76923,-0.408791,0.0395622,-0.0833521,-0.0700006,-0.567826,0.582322,-1.71645,1.86408,-0.822652,0.588044,2.15667,-6.94762,-0.052943,0.0428384,-0.722977,0.694578,-2.27838,1.90569,-0.363855,0.61345,0,0,0.750916,-1.5812,-1.22711,0.152626,1.01954,1.91087,-0.6105,1.16728,0.0109901,0.0329666,
-5.81383,1.23653,-19.3682,-11.0608,-49.6353,11.1916,17.7634,-6.67074,-0.282355,0.0711563,-4.73749,4.05373,-10.4029,9.81685,-41.9536,9.71918,9.85299,-3.34359,-0.303295,0.197803,-0.0619898,-0.0329981,-0.551805,0.619326,-1.7195,1.86751,-0.814641,0.628481,2.15705,-6.94266,-0.0808004,0.0700777,-0.721219,0.571112,-2.29359,1.97579,-0.291176,0.545991,0,0,1.37363,2.6801,1.37363,2.24054,-0.677656,-0.482296,0.600733,2.05617,-0.0109901,0.20879,
-14.738,-2.21146,-30.3104,-24.7044,-19.7548,30.6193,0.691193,-9.22955,-0.39928,0.0495231,-8.1563,0.341873,-16.3614,-3.95604,-43.6142,14.7985,14.6256,-2.98803,-0.32967,0.224174,-0.022316,0.021553,-0.541886,0.644121,-1.75956,1.83432,-0.771534,0.64908,2.15705,-6.94076,-0.131329,0.0460248,-0.883349,0.382856,-2.04275,2.13282,-0.669062,0.403693,0,0,1.64225,1.47131,-0.140415,0.396826,-1.91087,-1.25153,1.66545,0.21978,0.0109901,-0.0549469,
-6.21604,4.08185,-25.2012,-2.00949,-24.9607,29.3723,-2.16521,-3.87773,-0.311768,0.0502725,-6.10501,5.61661,-26.5201,-12.0635,-23.199,22.1245,5.53162,-6.13333,-0.408791,0.0659332,-0.0139236,0.0204086,-0.541123,0.634966,-1.78283,1.83165,-0.755894,0.641451,2.15705,-6.94076,-0.0770893,0.056198,-0.82012,0.587201,-2.10229,2.17165,-0.779164,0.507607,0,0,0.177046,-0.286936,0.0305252,-0.763126,-1.26374,0.409035,0.737484,-0.522589,0.0549469,0.0329666,
6.94705,15.3734,3.71984,26.5135,-32.7881,5.23363,4.69045,-1.47092,0.0228008,0.265487,-0.634918,8.35165,-23.0037,3.56532,-28.9621,19.0965,1.19658,-4.95727,-0.32967,0.0131874,-0.0566492,-0.00858307,-0.562867,0.559434,-1.78283,1.88048,-0.761616,0.625811,2.15324,-6.94305,-0.0521094,0.115224,-0.553078,0.735387,-2.13106,2.02838,-0.649641,0.56566,0,0,-2.17949,-1.41026,-0.946276,-3.55922,0.482296,2.69231,-0.366301,-0.385836,-0.12088,-0.0109901,
6.23726,10.0946,-2.96862,18.6248,-40.5797,-9.51681,15.1282,-1.94305,-0.00713135,0.227735,1.12332,12.0635,-5.51892,15.0916,-31.1111,6.49573,4.73846,-2.71453,-0.197803,0.092308,-0.0745783,-0.0326166,-0.559815,0.531204,-1.7752,1.93389,-0.779545,0.625048,2.15438,-6.94305,-0.00547891,0.0618413,-0.560444,0.745268,-2.22669,1.87638,-0.395704,0.569853,0,0,-0.00610542,-0.531136,0.970695,0.213675,-0.0183144,1.44689,-0.727716,-0.0244198,0.0549469,0.0329666,
-5.27902,5.13433,-17.1355,4.35696,-37.7385,5.10319,15.7221,-2.58116,-0.0767001,0.172424,-2.58852,4.34677,-6.69109,10.989,-32.7717,0.732605,9.30598,-2.1265,-0.0659332,0.171429,-0.0581751,-0.0169754,-0.535401,0.551805,-1.78893,1.9358,-0.785649,0.625048,2.15438,-6.94266,-0.0734854,0.0838252,-0.665763,0.653736,-2.24264,1.99108,-0.357959,0.55164,0,0,1.30037,1.31258,1.80098,1.60562,-1.03175,-0.0427341,-0.180708,-0.0341873,-0.0329666,-0.0109901,
-18.3713,1.77056,-31.36,-19.414,-19.7922,23.3126,1.22835,-5.47605,-0.198756,0.091984,-5.51892,0.341873,-12.6496,4.93285,-31.0134,5.42125,10.988,-2.5641,0.0131874,0.197803,-0.0116348,0.0230789,-0.502594,0.601778,-1.83471,1.90604,-0.754368,0.626574,2.15438,-6.94266,-0.142297,0.0970863,-0.802809,0.461159,-2.13175,2.11603,-0.633556,0.480078,0,0,2.20391,1.63004,1.44689,2.25275,-2.3138,-1.47131,1.73382,0.112331,-0.0549469,-0.0109901,
-7.21631,5.1917,-25.6019,-9.15736,-19.8042,19.9803,2.24567,-10.6887,-0.223171,0.132014,-8.64468,5.90965,-24.7619,-8.1563,-23.3944,19.6825,6.48889,-4.58803,-0.171429,0.0659332,-0.000953674,0.0310898,-0.490387,0.613985,-1.87057,1.87972,-0.733387,0.626574,2.154,-6.94305,-0.100874,0.0824668,-0.781569,0.502672,-2.1189,2.09094,-0.661972,0.327955,0,0,-0.592186,-0.189255,-0.201466,-0.286936,-0.848597,-0.323565,0.180708,-0.0341873,-0.0329666,-0.0109901,
1.51928,12.9761,-5.91711,13.1115,-27.2737,17.3484,4.73942,-6.17691,-0.182331,0.191868,-1.7094,9.42613,-19.6825,-1.51404,-24.5665,13.431,4.79316,-9.38803,-0.32967,0.092308,-0.034524,0.0177383,-0.515182,0.581559,-1.87057,1.89193,-0.741016,0.626574,2.154,-6.94305,-0.0919206,0.132002,-0.638926,0.650523,-2.16811,2.11786,-0.634518,0.45426,0,0,-2.22833,-0.897436,-1.73993,-2.30159,0.164835,0.995115,-0.503052,-0.0146523,0.0329666,-0.0329666,
8.83417,11.4645,8.59016,25.9605,-30.4911,10.5194,15.089,-1.10292,-0.0254741,0.218764,-0.634918,12.1612,-12.8449,7.27716,-28.8645,12.4542,4.62906,-7.40513,-0.224174,0.118683,-0.0673304,-0.00705719,-0.543031,0.535783,-1.85454,1.92435,-0.758183,0.62047,2.15438,-6.94305,-0.0108904,0.0773881,-0.483197,0.758502,-2.16627,2.09598,-0.37543,0.572984,0,0,-1.25153,-1.28816,-1.06838,-1.97192,0.811966,1.64225,-0.727716,-0.336996,-0.0109901,-0.0109901,
0.68691,8.55522,-2.9834,16.0087,-33.0302,7.29301,13.8778,-0.57485,-0.111673,0.21064,-0.830276,8.25397,-2.10013,14.3101,-27.5946,12.7473,10.4957,-3.75385,-0.118683,0.145054,-0.0619898,-0.0139236,-0.537309,0.536546,-1.84882,1.94572,-0.758945,0.621233,2.15438,-6.94305,-0.048049,0.0801169,-0.556009,0.72602,-2.21318,2.05463,-0.369789,0.607463,0,0,0.189255,-0.0305252,0.433455,0.347986,0.0793648,0.836386,0.0732594,0.0439568,-0.0109901,-0.0109901,
-17.188,6.89852,-21.6026,-0.935779,-28.2478,21.2322,3.49535,-2.41895,-0.2001,0.15418,-2.78389,4.24908,-3.27228,11.8681,-25.1526,13.6264,11.2205,-3.00171,-0.092308,0.197803,-0.0341425,0.00286102,-0.505264,0.568589,-1.86713,1.94343,-0.73682,0.63611,2.15438,-6.94305,-0.15532,0.110647,-0.686481,0.618224,-2.22353,2.16245,-0.582828,0.604815,0,0,2.09402,0.934067,1.76435,1.80098,-1.27595,-0.506716,1.13797,0.717949,-0.0109901,-0.0549469,
-14.2794,3.60894,-27.0953,-10.1454,-17.3416,16.7703,5.72029,-8.65429,-0.21833,0.102386,-11.7704,3.46764,-18.022,4.24908,-25.0549,22.2222,6.37949,-2.07179,-0.171429,0.145054,0.00209808,0.0349054,-0.470169,0.590714,-1.90795,1.91901,-0.716983,0.649843,2.154,-6.94305,-0.137229,0.110617,-0.74864,0.481854,-2.15049,2.07706,-0.551492,0.426784,0,0,0.579975,1.06838,0.677656,0.115995,-1.49573,-0.848597,0.131868,0.346764,-0.0329666,-0.0329666,
-4.03647,9.36038,-22.5317,-4.14096,-26.2328,12.9229,4.70241,-8.74398,-0.204617,0.0748601,-9.13309,7.47253,-18.9988,1.31868,-22.6129,17.7289,6.61197,-4,-0.224174,0.092308,-0.0162125,0.0356684,-0.478943,0.581941,-1.92168,1.91634,-0.72385,0.655184,2.154,-6.94305,-0.104815,0.130922,-0.753104,0.512527,-2.23208,2.0581,-0.620822,0.430122,0,0,-1.31258,-0.262516,-0.714285,-0.702076,-0.567766,-0.054945,-0.551893,0.356533,-0.0109901,0.0109901,
-2.27379,13.2621,-5.99404,8.28036,-20.794,14.8622,10.0378,-6.98725,-0.216231,0.233713,-4.24908,10.7937,-19.3895,0.732605,-28.083,10.989,4.38291,-6.42051,-0.276924,0.0659332,-0.0440607,0.0207901,-0.507172,0.541886,-1.91939,1.92397,-0.736439,0.643358,2.15438,-6.94305,-0.105345,0.143931,-0.614676,0.564904,-2.14128,2.106,-0.467135,0.41337,0,0,-1.08059,-0.726496,-1.22711,-2.0696,0.274725,0.506716,-0.190475,-0.717949,0.0329666,-0.0329666,
3.52388,12.601,6.32195,8.95931,-20.1942,16.3552,17.4505,-5.9539,-0.0406687,0.186016,-4.44444,12.8449,-15.6777,1.41637,-25.5434,11.5751,6.02393,-7.28205,-0.250549,0.0659332,-0.053216,0.00553131,-0.51976,0.521667,-1.91482,1.9358,-0.736057,0.634584,2.15438,-6.94305,-0.0252543,0.117256,-0.466,0.603104,-2.12719,2.14092,-0.251076,0.447465,0,0,-0.335775,-0.848597,-0.494505,-0.543346,0.360195,0.702076,0.00488472,-0.434677,-0.0109901,-0.0109901,
1.30582,9.45757,11.1375,7.1385,-19.9444,20.6616,18.6662,-5.81263,0.0283874,0.082303,-3.27228,8.93773,-2.78389,5.61661,-19.9756,15.9707,13.0803,-7.2547,-0.118683,0.145054,-0.0482569,0.0108719,-0.511749,0.526627,-1.90986,1.94762,-0.725376,0.635729,2.15438,-6.94266,-0.0168572,0.137731,-0.367039,0.609403,-2.12922,2.18839,-0.16023,0.478418,0,0,0.506716,0.653236,0.628815,0.103785,0.0671558,0.335775,0.932844,0.0830288,-0.0329666,0.0109901,
-5.80568,7.13618,12.8125,4.52949,-10.1487,24.3405,17.9716,-6.43024,0.0999327,-0.0379372,-4.44444,5.81197,-0.341873,6.78877,-17.4359,19.2918,15.118,-6.55726,-0.0659332,0.118683,-0.0230789,0.028801,-0.484283,0.526627,-1.91978,1.94915,-0.703631,0.637636,2.15438,-6.94305,-0.0352869,0.142483,-0.283924,0.577565,-2.05391,2.22184,-0.137266,0.463658,0,0,1.56899,1.03175,1.73993,0.0183144,-0.641026,0.0671558,1.3431,0.0927963,-0.0329666,-0.0109901,
-5.80934,-1.64099,-6.12113,-0.146436,-9.84863,26.1104,18.0157,-7.76337,0.19557,-0.218529,-5.90965,5.03052,2.00244,6.00732,-10.5983,23.0037,14.3248,-6.21539,0.0395622,0.0131874,0.00896454,0.0535975,-0.423247,0.525482,-1.9358,1.9522,-0.653276,0.638399,2.15438,-6.94305,-0.0150871,0.0726047,-0.386864,0.518361,-2.06619,2.24944,-0.0324507,0.423971,0,0,1.2149,1.11722,3.13187,-0.164835,-0.628815,0.213675,2.40781,0.0244198,-0.0109901,-0.0109901,
5.95479,-32.1757,-27.2101,-5.68154,8.79561,26.2627,-4.14654,-12.2468,0.319168,-0.486186,-5.90965,1.02563,-2.49084,11.3797,-8.74237,23.8828,14.5983,-6.89915,0.118683,-0.145054,0.022316,0.0753412,-0.369841,0.497635,-1.94915,1.96136,-0.599108,0.638018,2.15438,-6.94305,0.10822,-0.247775,-0.603188,0.359008,-1.87604,2.26883,-0.573874,0.294653,0,0,0.592186,1.03175,2.0696,-2.26496,-0.738707,0.470085,2.8083,-0.0634918,-0.0109901,-0.0329666,
8.30372,-23.1292,-38.2926,6.52945,-1.29092,19.3999,-8.20767,-10.6096,0.864016,-0.72319,-2.1978,-4.6398,-14.3101,6.98413,-1.41637,22.6129,4.58804,-8.36239,0.197803,-0.32967,0.0322351,0.0677118,-0.354963,0.433166,-1.95182,1.97852,-0.54799,0.624666,2.15438,-6.94381,0.137319,-0.217566,-0.765988,0.400912,-1.95416,2.22969,-0.683917,0.283312,0,0,0.384615,-0.848597,0.433455,-3.14408,0.360195,1.06838,1.84127,-0.932844,-0.0329666,-0.0329666,
-10.137,12.3717,-28.4604,8.15681,-4.99664,12.7227,-3.24082,-6.35532,1.32265,-0.880082,7.47253,-13.0403,-23.1013,11.5751,-6.00732,17.3382,-2.55043,-9.38803,0.487911,-0.619781,0.0425348,-0.0173569,-0.401121,0.351149,-1.91138,2.01553,-0.552949,0.598726,2.15515,-6.94381,-0.0666394,0.00512862,-0.8018,0.323953,-1.90931,2.20023,-0.668124,0.369198,0,0,0.103785,-3.44933,-2.53358,-3.5348,1.72772,1.30037,-0.503052,-1.05983,0.0329666,-0.0109901,
-8.46388,10.2978,-11.8718,8.72951,-7.66015,5.44482,-1.48394,-7.68049,1.2058,-0.791088,7.47253,-11.4774,-20.8547,5.71428,-10.989,16.3614,-1.79829,-8.41709,0.619781,-0.778023,0.033761,-0.0429163,-0.457198,0.315671,-1.86751,2.0243,-0.571259,0.577744,2.16163,-6.94457,-0.0759516,0.0338564,-0.702049,0.380309,-1.87184,2.09273,-0.670355,0.31336,0,0,-0.470085,-1.12943,-3.38828,-0.970695,2.42369,0.238094,-1.15751,-1.02076,0.42857,-0.0549469,
-1.95488,3.93053,-12.4559,3.78454,-29.0982,6.40908,8.07156,-4.97476,1.05647,-0.580491,-5.61661,-0.244202,-13.138,0.43956,-10.7937,10.5006,-0.48547,-11.2342,0.778023,-0.804394,0.0101089,-0.0230789,-0.523193,0.331311,-1.81792,2.01629,-0.601015,0.592622,2.17689,-6.94724,-0.0460035,0.0700442,-0.750115,0.403683,-2.06696,2.06247,-0.446891,0.504983,0,0,-1.03175,1.48352,-2.65568,0.909645,2.22833,-0.750916,-1.40171,1.01099,0.78022,-0.142857,
-11.6803,8.34476,-12.8126,7.58044,-39.1738,18.2156,13.5587,-5.93751,0.856817,-0.502624,-9.03542,-2.49084,-9.81685,1.12332,-17.2405,11.0867,2.71453,-9.86667,0.778023,-0.698902,0.0169754,0.0154495,-0.56096,0.348097,-1.79656,1.99416,-0.623522,0.615129,2.19635,-6.94877,-0.0906241,0.176749,-0.772309,0.46468,-2.21168,2.14548,-0.299884,0.513935,0,0,0.665445,2.05739,-2.0696,0.970695,0.604395,-1.53236,-1.05983,1.27472,1.08791,-0.12088,
-13.2855,6.37113,-19.9762,2.67167,-34.2515,29.438,6.5951,-9.02732,0.79092,-0.563172,-9.71918,0.634918,-16.2637,3.07692,-33.5531,19.3895,8.02051,-6.20171,1.01538,-0.619781,0.0310898,0.0547419,-0.581559,0.371367,-1.80228,1.9564,-0.612841,0.644884,2.22305,-6.94877,-0.106555,0.182309,-0.815931,0.441955,-2.19608,2.22915,-0.38349,0.450047,0,0,0.299145,1.7033,-0.372406,1.22711,-0.396826,-1.63004,0.923077,1.11844,1.06593,-0.0329666,
-8.64148,1.80078,-21.0844,7.28313,-30.4924,33.9684,5.22743,-11.1968,0.657658,-0.56337,-9.62149,5.61661,-21.4408,2.88156,-36.6789,28.9621,8.67692,-8.88205,0.672527,-0.619781,0.0246048,0.0860224,-0.574311,0.39311,-1.80076,1.92893,-0.601015,0.662433,2.24212,-6.94877,-0.0895232,0.158738,-0.796168,0.509239,-2.14017,2.2565,-0.444331,0.402936,0,0,-0.543346,1.5812,0.372406,1.05617,-0.0183144,-1.49573,0.229548,1.03053,1.1978,-0.0109901,
-3.7272,10.7212,-5.40879,24.5656,-33.4437,27.5697,6.87872,-7.0665,0.651368,-0.574364,-7.47253,7.17949,-20.464,7.57021,-32.8694,30.232,6.43419,-9.51111,0.593407,-0.593407,0.00591278,0.0936518,-0.575074,0.399595,-1.79465,1.91596,-0.60216,0.678073,2.26921,-6.94877,-0.0662291,0.210945,-0.63741,0.674378,-2.15668,2.21639,-0.415724,0.501562,0,0,-0.921856,-0.054945,-0.0671558,0.054945,0.286936,-0.177046,-0.0927963,0.395605,1.26374,-0.0109901,
0.484772,10.8622,7.65082,35.1952,-29.7074,26.6228,10.9248,-1.38646,0.606381,-0.651283,-6.49573,11.8681,-8.74237,18.1197,-32.967,25.0549,6.88547,-8.56752,0.514286,-0.619781,-0.00324249,0.0799189,-0.580033,0.40341,-1.78817,1.92359,-0.609026,0.675403,2.29324,-6.94877,-0.0102697,0.171917,-0.50988,0.801591,-2.10787,2.2367,-0.327782,0.626389,0,0,-0.372406,-0.860806,-0.445665,0.213675,0.311356,0.518925,-0.444445,-0.210012,1.35165,0.0109901,
-9.84248,8.14892,-8.78656,22.0946,-28.2653,31.1793,8.53174,-1.67724,0.570496,-0.697843,-5.03052,10.5006,-1.7094,24.4689,-27.3016,26.6178,9.97607,-3.95897,0.540661,-0.593407,0.00476837,0.0696192,-0.562486,0.443084,-1.79541,1.93275,-0.618944,0.677691,2.32681,-6.94877,-0.083225,0.155075,-0.61799,0.759601,-2.12799,2.28468,-0.399778,0.644044,0,0,0.641026,-0.152626,1.26374,2.13065,-0.555555,0.164835,-0.356533,0.258852,1.3956,-0.0329666,
-11.988,7.43761,-13.4812,7.71523,-25.1716,24.3333,11.2013,-5.29265,0.558814,-0.749422,-11.5751,7.66789,-4.34677,23.4921,-24.2735,31.6972,8.99145,-2.20855,0.567032,-0.672527,0.0226974,0.0696192,-0.534638,0.470551,-1.80877,1.93046,-0.619326,0.68761,2.35122,-6.94877,-0.0671574,0.152056,-0.616664,0.615901,-2.12121,2.19248,-0.308422,0.569163,0,0,1.30037,-0.00610542,2.03297,1.78877,-0.982906,-0.250305,-0.00488472,0.571428,1.52747,0.0109901,
-11.6251,11.2151,-9.92,0.0635787,-22.3564,22.646,10.5236,-9.76518,0.483186,-0.77592,-9.42613,8.84004,-4.73749,13.9194,-23.7851,23.9805,11.5897,-3.20684,0.619781,-0.751648,0.0410089,0.0665674,-0.551423,0.482758,-1.8389,1.92893,-0.630388,0.69028,2.38594,-6.94877,-0.0899906,0.177952,-0.689118,0.482446,-2.11641,2.18361,-0.369078,0.410966,0,0,-0.054945,-0.396826,-0.824175,-0.0305252,-0.873016,0.0915756,-0.620268,-0.161173,1.37363,0.0109901,
-4.92874,12.076,-5.24207,4.05248,-27.2128,18.2753,9.36086,-9.23097,0.399798,-0.813155,-6.39804,10.2076,-7.37485,7.17949,-23.1013,20.6593,10.4684,-5.46325,0.540661,-0.830769,0.0261307,0.0558863,-0.555238,0.485046,-1.8473,1.93923,-0.633821,0.681888,2.4115,-6.94877,-0.0626177,0.166661,-0.619791,0.53394,-2.16533,2.16569,-0.375995,0.397389,0,0,-1.01954,-0.702076,-0.189255,0.115995,-0.470085,0.702076,-0.0439568,-0.561661,1.43956,0.0549469,
2.22295,7.44313,-0.0820391,12.3797,-26.2572,16.5435,11.4285,-4.08503,0.500027,-0.805055,-3.36996,10.989,-5.71428,6.78877,-26.6178,15.1893,9.19658,-7.43248,0.487911,-0.804394,-0.00553131,0.0509272,-0.566682,0.467116,-1.85454,1.96593,-0.633059,0.656329,2.44087,-6.94915,-0.0229564,0.129355,-0.581228,0.574754,-2.15789,2.18821,-0.315356,0.482539,0,0,-1.26374,-0.128204,-0.409035,-0.897436,-0.347986,1.15385,0.00488472,-1.20635,1.30769,0.0109901,
2.02473,4.17883,-6.03,14.1229,-28.4971,20.9304,10.0227,-1.0347,0.591331,-0.784212,-2.49084,8.25397,-4.83516,11.0867,-24.6642,14.4078,9.72992,-6.32479,0.46154,-0.778023,-0.015831,0.0505457,-0.562486,0.45758,-1.86255,1.98539,-0.633059,0.636873,2.46414,-6.94915,-0.00900348,0.0963667,-0.617479,0.596796,-2.19689,2.25763,-0.352942,0.556117,0,0,-0.470085,-0.0183144,0.360195,-0.531136,-0.531136,1.19048,0.0341873,-1.04029,1.26374,-0.0329666,
-5.6406,4.47332,-11.0365,10.0553,-23.8624,24.6815,7.52902,-2.54687,0.604123,-0.806735,-2.6862,5.22589,-8.44933,13.3333,-25.9341,18.9011,8.93675,-2.86496,0.514286,-0.830769,-0.00400543,0.0501642,-0.539216,0.448424,-1.88277,2.01209,-0.62047,0.624285,2.49886,-6.94915,-0.0424623,0.0992573,-0.630708,0.5514,-2.17701,2.31828,-0.382759,0.541573,0,0,0.726496,-0.0183144,0.934067,-0.262516,-0.873016,0.958487,0.571428,-0.239317,1.32967,-0.0109901,
-8.15616,6.37279,-12.6104,5.30621,-25.4608,23.5446,6.75448,-4.61852,0.606571,-0.831077,-3.95604,4.44444,-8.54701,11.8681,-24.2735,22.0269,8.64957,-2.89231,0.514286,-0.804394,0.00896454,0.0482569,-0.533494,0.445373,-1.89727,2.02773,-0.614748,0.625048,2.52022,-6.94915,-0.061106,0.116013,-0.668929,0.49558,-2.20479,2.32007,-0.414181,0.499442,0,0,0.616606,-0.0915756,0.140415,-0.262516,-0.738707,0.921856,0.258852,0.0537243,1.30769,-0.0329666,
-4.59017,8.27942,-12.1541,4.75584,-29.577,20.2031,7.30893,-4.06334,0.610238,-0.849359,-5.32356,6.98413,-10.5006,8.1563,-25.641,21.1477,7.2,-4.1094,0.514286,-0.883518,0.00743866,0.0413904,-0.538835,0.432784,-1.90757,2.05138,-0.614367,0.626574,2.55188,-6.94915,-0.0506857,0.118121,-0.685073,0.462631,-2.25024,2.31392,-0.41012,0.511994,0,0,-0.213675,-0.457876,-0.335775,-0.689865,-0.421246,1.14164,0.0244198,-0.0341873,1.32967,-0.0109901,
-2.19553,7.2485,-11.811,8.582,-32.7681,22.0513,4.87512,-0.912263,0.696419,-0.836379,-4.73749,7.47253,-11.1844,7.0818,-28.5714,17.9243,6.69402,-2.83761,0.487911,-0.883518,0.00247955,0.0352869,-0.546082,0.418288,-1.91444,2.07389,-0.612459,0.620089,2.57324,-6.94915,-0.0318868,0.107075,-0.691764,0.486171,-2.29379,2.36184,-0.469957,0.569107,0,0,-0.299145,-0.262516,-0.433455,-0.824175,-0.457876,1.28816,0.141636,-0.512821,1.32967,-0.0109901,
-1.56687,5.83813,-12.5945,12.1131,-32.9015,23.9644,0.829625,1.07169,0.778046,-0.82071,-3.85837,6.88644,-11.8681,10.0122,-31.1111,19.1941,4.92992,-1.27863,0.593407,-0.857143,0.000572205,0.0352869,-0.554475,0.395781,-1.92702,2.10441,-0.605974,0.605974,2.60643,-6.94915,-0.0170409,0.0991375,-0.704792,0.495979,-2.31478,2.4185,-0.572917,0.611567,0,0,-0.00610542,-0.0305252,-0.311356,-1.03175,-0.665445,1.43468,0.200245,-0.483517,1.41758,-0.0109901,
2.23393,3.67656,-13.5882,8.45332,-30.5574,17.1654,1.62006,0.612219,0.873238,-0.785465,-2.39316,6.00732,-14.1148,11.4774,-31.6972,21.5385,1.71624,0.0341873,0.672527,-0.883518,0.00171661,0.034524,-0.551805,0.379377,-1.94343,2.12959,-0.604067,0.601015,2.62932,-6.94915,0.0267416,0.0747642,-0.696069,0.453971,-2.3088,2.36814,-0.554914,0.602148,0,0,0.00610542,-0.0183144,0.201466,-0.579975,-0.775335,1.43468,0.0830288,-0.317461,1.46154,-0.0109901,
4.82679,0.994867,-10.8308,4.69121,-27.8116,7.80969,4.59214,0.00226977,0.878334,-0.726004,-1.61172,4.93285,-13.7241,9.91454,-30.525,18.022,1.26496,0.77265,0.672527,-0.830769,0.00171661,0.0360498,-0.550279,0.374037,-1.95602,2.15744,-0.604067,0.595293,2.66632,-6.94915,0.0555511,0.0517844,-0.670417,0.418225,-2.28844,2.28226,-0.474798,0.582413,0,0,0.00610542,0.140415,0.00610542,-0.238094,-0.702076,1.14164,0.0341873,-0.258852,1.57143,-0.0109901,
2.2496,1.15973,-13.6717,-5.25516,-26.2359,-0.110354,6.20668,0.0972586,0.7879,-0.628294,1.02563,2.58852,-10.989,4.93285,-27.3016,8.93773,2.37265,0.745298,0.698902,-0.830769,0.0101089,0.0364313,-0.554093,0.372892,-1.97166,2.17765,-0.596819,0.589952,2.69303,-6.94915,0.053216,0.0478927,-0.712309,0.315112,-2.28779,2.20309,-0.41098,0.575803,0,0,0.543346,-0.0427341,-0.189255,0.0183144,-0.738707,0.799755,0.26862,-0.336996,1.7033,-0.0329666,
-2.83454,4.14832,-15.919,-9.36036,-25.5849,-0.587741,4.52423,0.716516,0.655021,-0.564176,0.830276,1.51404,-11.8681,0.927963,-25.2503,3.85837,3.56239,0.622223,0.672527,-0.778023,0.0246048,0.0352869,-0.554856,0.375181,-1.9873,2.18872,-0.581559,0.57927,2.7369,-6.94877,0.0189544,0.0787339,-0.732752,0.275451,-2.30067,2.19745,-0.411686,0.576463,0,0,0.775335,-0.0793648,-0.0305252,0.128204,-0.873016,0.457876,0.884005,-0.454212,1.83516,0.0109901,
-2.25716,7.3256,-12.0863,-3.05602,-24.5155,4.46206,4.74625,1.41132,0.525662,-0.471887,1.02563,2.6862,-14.7985,-5.22589,-25.8364,0.537247,4.71111,0.362392,0.593407,-0.646152,0.0276566,0.0333796,-0.559815,0.362974,-2.00294,2.191,-0.563249,0.572404,2.78229,-6.94877,-0.00617353,0.11213,-0.701637,0.304395,-2.29263,2.2416,-0.402349,0.601595,0,0,-0.262516,-0.0793648,-0.225885,-0.738707,-0.518925,0.0305252,0.581196,-0.200245,1.9011,0.0109901,
1.34418,6.69106,-6.83823,4.56113,-23.4326,5.51844,7.42196,0.669255,0.476058,-0.421062,2.00244,4.1514,-13.5287,-3.07692,-25.9341,1.80708,5.21709,0.567522,0.567032,-0.593407,0.0146866,0.033761,-0.564393,0.345427,-2.00599,2.191,-0.558671,0.570878,2.81243,-6.94877,-0.000292654,0.10831,-0.650752,0.357644,-2.27062,2.25415,-0.342005,0.583852,0,0,-0.897436,0.00610542,-0.311356,-1.15385,-0.128204,0.054945,0.210012,-0.112331,1.85714,0.0109901,
5.624,2.70945,-6.5011,12.2382,-25.429,6.98758,6.68735,0.345818,0.522105,-0.435069,1.51404,6.78877,-9.71918,0.830276,-24.3712,2.39316,6.33846,0.663248,0.487911,-0.487911,-0.00553131,0.0326166,-0.564012,0.332837,-2.00523,2.20512,-0.552567,0.570497,2.85706,-6.94877,0.0347761,0.0600761,-0.629124,0.464544,-2.28594,2.30575,-0.347028,0.578882,0,0,-0.665445,-0.0793648,0.213675,-0.128204,0.054945,0.689865,0.395605,-0.0244198,1.81319,-0.0109901,
1.00414,2.3785,-9.73559,18.6519,-25.8476,16.6806,1.83568,2.06065,0.58103,-0.508299,1.61172,4.05373,-9.62149,7.47253,-25.0549,8.1563,6.37949,0.77265,0.487911,-0.487911,-0.0082016,0.033761,-0.55333,0.335889,-2.00523,2.20893,-0.541886,0.567445,2.88987,-6.94877,0.00315904,0.0624273,-0.640136,0.548626,-2.29344,2.39326,-0.463301,0.614184,0,0,0.00610542,0.0671558,0.641026,0.164835,-0.0305252,-0.0305252,0.551893,-0.210012,1.81319,0.0109901,
-5.2058,6.24507,-12.6493,21.1762,-26.098,23.1526,-1.90902,2.41214,0.648241,-0.582834,-0.732605,2.97925,-11.6728,12.8449,-25.4457,16.1661,3.91795,1.08718,0.567032,-0.487911,0.00324249,0.0303268,-0.53502,0.353437,-2.00828,2.20359,-0.538072,0.5663,2.92916,-6.94839,-0.0336392,0.092594,-0.647688,0.621899,-2.30375,2.45087,-0.593786,0.633549,0,0,0.628815,-0.213675,0.836386,0.995115,-0.164835,-0.299145,-0.0537243,0.00488472,1.76923,0.0109901,
-0.899983,3.64548,-8.32253,16.5324,-23.5653,18.9191,2.35924,1.06231,0.665687,-0.612013,-2.49084,4.1514,-12.0635,18.5104,-26.6178,23.4921,0.704273,1.83932,0.593407,-0.540661,0.00972748,0.0291824,-0.523193,0.36717,-2.00904,2.19062,-0.544557,0.567445,2.9654,-6.94877,0.00603616,0.0686703,-0.601217,0.575488,-2.27027,2.38028,-0.504663,0.602082,0,0,0.189255,-0.0305252,0.433455,0.738707,0.0183144,-0.616606,-0.512821,0.102564,1.79121,-0.0109901,
0.206745,2.78234,-6.95764,10.328,-22.5139,15.5229,8.33191,-1.40073,0.634145,-0.672871,-2.58852,4.73749,-8.44933,15.2869,-24.7619,21.9292,1.16923,1.67521,0.593407,-0.646152,0.00858307,0.028801,-0.522812,0.38777,-2.00637,2.17765,-0.559815,0.570115,2.99783,-6.94877,0.00864171,0.0578844,-0.601951,0.540172,-2.25225,2.32429,-0.370132,0.537311,0,0,-0.0671558,-0.054945,-0.054945,1.12943,0.128204,-0.775335,-0.835165,0.122101,1.79121,-0.0109901,
-2.96447,4.2455,-10.6306,4.6546,-23.2213,15.355,6.16642,-1.99277,0.508722,-0.786607,-1.31868,3.46764,-6.5934,12.2589,-22.8083,19.2918,2.48205,0.8547,0.593407,-0.672527,0.0123978,0.0284195,-0.525101,0.407607,-2.00713,2.16049,-0.558671,0.569352,3.03903,-6.94877,-0.0126043,0.0762022,-0.648713,0.488425,-2.27064,2.30851,-0.367601,0.5118,0,0,0.238094,0.0183144,-0.164835,0.873016,-0.164835,-0.677656,0.395605,-0.0439568,1.9011,0.0109901,
-3.09632,6.77647,-13.4592,4.86945,-26.3628,16.5463,1.51079,-1.07924,0.465115,-0.880185,-1.12332,3.17461,-9.03542,6.88644,-22.7106,16.0684,4.08205,-0.813675,0.487911,-0.725273,0.0131607,0.0284195,-0.529297,0.419433,-2.01171,2.14561,-0.53235,0.564775,3.08099,-6.94877,-0.0255163,0.102696,-0.68678,0.483102,-2.31053,2.30972,-0.429089,0.520876,0,0,-0.128204,-0.0305252,-0.238094,0.286936,-0.177046,-0.592186,1.22589,-0.278389,1.87912,-0.0109901,
-2.01389,8.02302,-14.6523,9.60272,-31.1215,18.9911,-0.0858697,0.511261,0.44885,-0.967596,-1.02563,4.24908,-10.1099,6.20268,-24.3712,15.6777,4.53333,-1.1282,0.487911,-0.830769,0.00743866,0.028801,-0.534638,0.419051,-2.01324,2.13989,-0.519379,0.557527,3.11494,-6.94915,-0.0281654,0.116928,-0.708634,0.522696,-2.36127,2.34093,-0.499542,0.552925,0,0,-0.396826,-0.0305252,-0.335775,-0.0915756,-0.0671558,-0.299145,0.444445,-0.376068,1.85714,-0.0109901,
-0.545997,8.23764,-14.5001,13.539,-36.4789,20.146,-0.754218,0.790208,0.47352,-0.998269,-1.7094,7.37485,-13.3333,9.42613,-30.8181,17.8266,1.79829,-0.567522,0.487911,-0.962639,-0.00286102,0.028801,-0.546845,0.413711,-2.014,2.1376,-0.523575,0.556001,3.16186,-6.94915,-0.0197131,0.120941,-0.72322,0.556207,-2.41993,2.36083,-0.559422,0.578195,0,0,-0.323565,0.0183144,-0.457876,-0.238094,-0.0183144,-0.0183144,-0.297924,0.00488472,1.81319,-0.0549469,
-1.3059,7.80165,-13.3009,14.4009,-36.5917,19.982,-2.05107,1.02278,0.541178,-1.03266,-2.39316,7.86325,-14.7009,11.4774,-34.6276,19.1941,0.252991,0.047863,0.435165,-1.04176,-0.00286102,0.028801,-0.55066,0.411422,-2.01476,2.13874,-0.525864,0.556001,3.19047,-6.94915,-0.0147255,0.115282,-0.703942,0.5696,-2.4248,2.36382,-0.586012,0.584167,0,0,0.0793648,-0.00610542,-0.164835,-0.054945,-0.103785,0.0915756,-0.0634918,-0.00488472,1.76923,-0.0109901,
-3.10777,7.49326,-10.6942,13.9569,-34.248,20.3707,-0.86954,0.342062,0.61096,-1.01328,-2.78389,7.66789,-14.3101,12.1612,-35.7021,20.0733,-1.42906,0.799999,0.514286,-1.04176,0.00324249,0.0295639,-0.551805,0.417144,-2.01934,2.13836,-0.527008,0.555619,3.22633,-6.94953,-0.0196888,0.114654,-0.67124,0.584634,-2.40944,2.3645,-0.55629,0.564877,0,0,0.347986,0.054945,-0.0183144,0.372406,-0.286936,-0.00610542,-0.102564,-0.00488472,1.76923,-0.0329666,
-4.16089,6.80297,-9.06651,12.2397,-30.666,20.1264,1.07801,-0.359022,0.665218,-1.02326,-3.17461,6.5934,-11.7704,12.6496,-32.967,20.2686,-1.49744,0.786325,0.540661,-1.06813,0.0104904,0.033761,-0.551423,0.424392,-2.02659,2.13798,-0.529297,0.555619,3.25914,-6.94915,-0.0282122,0.115251,-0.651552,0.575651,-2.38299,2.361,-0.503504,0.543937,0,0,0.225885,0.177046,0.0183144,0.457876,-0.470085,-0.0183144,-0.0830288,-0.0341873,1.79121,-0.0109901,
-4.6271,6.80955,-7.15385,11.7864,-27.0019,19.8625,1.91108,-0.512647,0.708404,-1.01861,-3.27228,6.20268,-10.5006,11.2821,-29.4505,19.7802,-0.950428,0.635897,0.567032,-1.06813,0.0116348,0.0379572,-0.548371,0.435454,-2.04185,2.13836,-0.525101,0.549897,3.29919,-6.94953,-0.0383529,0.121148,-0.621957,0.581676,-2.36324,2.36007,-0.457607,0.519296,0,0,0.0427341,0.225885,0.177046,0.457876,-0.641026,0.0305252,0.288157,-0.327229,1.83516,-0.0109901,
-4.95323,7.38179,-5.38248,11.947,-24.2059,20.0353,1.14886,-0.675239,0.738107,-1.01197,-4.1514,6.88644,-8.35165,10.8913,-25.9341,19.1941,-0.211966,0.157265,0.619781,-1.04176,0.0104904,0.040246,-0.544175,0.444991,-2.05596,2.14027,-0.510605,0.542268,3.33696,-6.94915,-0.046784,0.124097,-0.596044,0.592998,-2.34832,2.36797,-0.436934,0.502754,0,0,-0.0671558,0.054945,0.238094,0.457876,-0.702076,0.152626,0.835165,-0.41514,1.9011,-0.0109901,
-5.09669,7.43876,-3.99633,12.7849,-21.0007,20.1761,1.122,-1.07234,0.758873,-0.998527,-4.44444,7.0818,-6.98413,11.0867,-23.4921,19.3895,0.362392,-0.184616,0.619781,-1.06813,0.00782013,0.0417719,-0.536927,0.453765,-2.07313,2.14446,-0.490387,0.53235,3.3835,-6.94953,-0.0530833,0.126663,-0.570138,0.60864,-2.33109,2.37495,-0.421858,0.483271,0,0,-0.128204,0.0671558,0.335775,0.384615,-0.738707,0.189255,0.747253,-0.385836,1.94505,-0.0109901,
-5.96103,7.58951,-3.95266,13.328,-18.558,20.6713,0.372053,-0.851972,0.71518,-0.972576,-4.93285,7.0818,-5.22589,11.8681,-20.5617,19.7802,0.676924,-0.48547,0.646152,-1.04176,0.00553131,0.0429163,-0.530441,0.461394,-2.08801,2.14866,-0.476654,0.523956,3.42355,-6.94953,-0.0637549,0.12989,-0.563574,0.620269,-2.31883,2.38506,-0.431887,0.479045,0,0,-0.0915756,0.0793648,0.323565,0.323565,-0.738707,0.201466,0.688644,-0.424908,2.07692,-0.0109901,
-6.98127,7.84694,-5.65586,13.3494,-17.4417,21.4949,-1.08921,0.0648049,0.69818,-0.924899,-5.61661,6.98413,-4.44444,12.6496,-17.7289,20.1709,0.430769,-0.622223,0.619781,-1.01538,0.00362396,0.0459681,-0.523956,0.467116,-2.10555,2.15209,-0.46292,0.514038,3.46971,-6.94991,-0.0757772,0.136616,-0.578456,0.623787,-2.32479,2.39601,-0.464605,0.493128,0,0,-0.054945,0.103785,0.250305,0.250305,-0.763126,0.152626,0.571428,-0.454212,2.12088,-0.0109901,
-7.60712,8.57128,-6.37112,13.5578,-16.6301,21.799,-1.91264,0.648026,0.677038,-0.804214,-6.69109,7.57021,-4.93285,13.138,-16.8498,20.8547,-0.225641,-0.348719,0.593407,-0.857143,0.00362396,0.0463495,-0.521286,0.470551,-2.11852,2.15515,-0.454909,0.507172,3.50862,-6.95106,-0.0806961,0.140976,-0.587803,0.626687,-2.32752,2.40244,-0.488258,0.506857,0,0,0.00610542,-0.0183144,0.128204,0.164835,-0.726496,0.152626,0.395605,-0.366301,2.14286,-0.0988998,
-7.4531,9.0305,-6.22414,13.5477,-15.6785,21.2217,-1.87075,0.383055,0.611553,-0.618033,-6.98413,8.1563,-5.81197,13.138,-16.6544,21.5385,-1.55214,0.0752144,0.646152,-0.804394,0.00171661,0.046731,-0.521667,0.473602,-2.13073,2.1582,-0.448424,0.502213,3.55707,-6.95563,-0.0857761,0.146459,-0.591842,0.628812,-2.32142,2.39949,-0.486959,0.503329,0,0,-0.140415,-0.0183144,-0.0305252,0.140415,-0.494505,0.164835,0.26862,-0.190475,2.20879,-0.274727,
-7.31537,8.87964,-6.08868,13.4874,-14.673,21.3774,-2.23785,0.751867,0.559057,-0.465366,-7.0818,8.1563,-5.90965,13.0403,-16.1661,21.2454,-2.07179,0.540171,0.567032,-0.646152,-0.00209808,0.0478754,-0.522812,0.477036,-2.1376,2.16049,-0.443084,0.498398,3.6017,-6.96288,-0.0896885,0.149591,-0.593109,0.632797,-2.3106,2.40147,-0.491327,0.507317,0,0,-0.189255,0.0915756,-0.0793648,0.177046,-0.299145,0.103785,0.278389,-0.239317,2.23077,-0.362637,
-8.37593,8.41552,-7.33397,12.5177,-14.8443,22.5354,-2.89276,1.96256,0.50362,-0.438446,-7.76556,7.76556,-5.51892,12.8449,-15.0916,21.4408,-2.48205,1.00513,0.487911,-0.672527,-0.00362396,0.0535975,-0.527008,0.48085,-2.14218,2.16087,-0.435836,0.490768,3.65091,-6.9686,-0.0977074,0.155447,-0.616433,0.627058,-2.31301,2.41065,-0.500806,0.527457,0,0,-0.0305252,0.250305,-0.238094,0.213675,-0.177046,-0.0183144,0.307692,-0.356533,2.25275,-0.20879,
-8.77155,8.3245,-8.38048,12.7748,-16.1876,24.196,-3.25142,2.76509,0.493793,-0.327549,-8.44933,7.66789,-6.30037,12.6496,-15.2869,22.3199,-2.75556,1.63419,0.514286,-0.567032,-0.00324249,0.0585566,-0.531204,0.484283,-2.1437,2.16049,-0.431258,0.485809,3.69097,-6.97242,-0.0996866,0.161022,-0.633071,0.631314,-2.32702,2.42913,-0.509121,0.549675,0,0,0.0305252,0.299145,-0.262516,0.152626,-0.103785,-0.00610542,0.249084,-0.258852,2.20879,-0.20879,
-8.88548,9.4368,-8.01258,14.6178,-18.7,26.9019,-3.58973,3.70664,0.454088,-0.196921,-8.74237,7.96092,-5.90965,12.6496,-15.873,23.0037,-2.98803,2.05812,0.514286,-0.435165,-0.00286102,0.0627527,-0.541505,0.484665,-2.14332,2.16049,-0.427062,0.481995,3.7398,-6.977,-0.101385,0.170659,-0.648238,0.646881,-2.35049,2.46041,-0.518718,0.576898,0,0,0.00610542,0.0915756,-0.531136,-0.00610542,0.0183144,0.0305252,0.161173,-0.161173,2.23077,-0.252747,
-9.36804,9.46177,-8.2523,15.8131,-19.5903,30.5323,-3.6331,4.49001,0.469414,-0.184029,-9.42613,9.03542,-7.0818,14.2124,-18.5104,26.5201,-3.53504,3.09743,0.46154,-0.435165,-0.00209808,0.0642786,-0.551423,0.484283,-2.14332,2.16049,-0.424392,0.48085,3.77871,-6.97929,-0.104356,0.172055,-0.661634,0.659375,-2.36119,2.50035,-0.518718,0.602398,0,0,0.054945,0.0793648,-0.555555,-0.0183144,-0.00610542,0.0183144,0.131868,-0.0634918,2.16484,-0.0988998,
-9.08805,9.09772,-6.55609,16.6211,-18.2051,32.8456,-2.83551,4.35024,0.521092,-0.156382,-9.81685,9.23077,-8.35165,15.1893,-19.5849,29.8413,-3.68547,4.20513,0.514286,-0.303295,0.000572205,0.0646601,-0.559815,0.484665,-2.14332,2.16087,-0.422866,0.480469,3.82525,-6.9789,-0.0973536,0.166356,-0.643039,0.670361,-2.34662,2.52806,-0.498455,0.601064,0,0,0.0915756,0.0183144,-0.311356,0.0305252,-0.0305252,0.0671558,0.0634918,-0.00488472,2.07692,-0.0109901,
-9.42918,8.60058,-4.79468,17.7098,-17.561,35.632,-2.73708,4.05749,0.53739,-0.0971402,-9.62149,8.44933,-7.27716,15.873,-18.315,31.6972,-3.54872,4.27351,0.540661,-0.224174,0.00286102,0.0680933,-0.564775,0.487335,-2.14446,2.16506,-0.420196,0.48085,3.8714,-6.9789,-0.0980412,0.16915,-0.622729,0.687978,-2.3406,2.56728,-0.486702,0.593314,0,0,0.115995,0.164835,-0.140415,0.115995,-0.0305252,0.189255,0.190475,-0.00488472,2.0989,-0.0109901,
-10.6064,8.53171,-3.18267,18.5647,-16.291,38.6146,-2.80235,3.78137,0.584335,-0.0479009,-10.2076,7.76556,-5.61661,16.9475,-17.3382,33.9438,-3.68547,4.19145,0.514286,-0.171429,0.00743866,0.0730524,-0.567445,0.490005,-2.14752,2.1685,-0.414092,0.48085,3.90459,-6.9789,-0.102067,0.175786,-0.60586,0.699739,-2.33321,2.60752,-0.472643,0.585644,0,0,0.250305,0.238094,-0.0915756,0.103785,-0.140415,0.299145,0.385836,-0.00488472,2.0989,-0.0109901,
-11.1737,9.15893,-3.16266,18.4753,-15.6064,39.8418,-3.11102,3.86039,0.659014,-0.00386023,-10.696,7.86325,-3.95604,18.5104,-15.6777,36.4835,-3.61709,4.64273,0.514286,-0.145054,0.0116348,0.07763,-0.567445,0.490387,-2.15248,2.17918,-0.401884,0.477798,3.95457,-6.9789,-0.105802,0.187332,-0.603196,0.695872,-2.33667,2.63876,-0.461683,0.575019,0,0,0.201466,0.238094,-0.0183144,0.00610542,-0.323565,0.506716,0.532356,-0.200245,2.07692,-0.0109901,
-10.071,9.98252,-4.90877,17.966,-16.1513,37.8776,-3.63167,4.5011,0.699556,0.0334293,-11.0867,8.05861,-3.66301,18.6081,-14.7985,37.7534,-3.57607,5.09402,0.593407,-0.0659332,0.0143051,0.0833521,-0.566682,0.490005,-2.16087,2.19253,-0.388914,0.46559,4.0053,-6.9789,-0.0933212,0.203426,-0.620206,0.688611,-2.35437,2.63639,-0.463176,0.559608,0,0,0.128204,0.274725,0.0305252,-0.0305252,-0.421246,0.689865,0.532356,-0.620268,2.12088,-0.0109901,
-7.56903,10.8015,-8.40499,15.713,-18.0275,31.5587,-4.73341,4.5187,0.739045,0.0682138,-11.0867,8.64468,-4.34677,18.022,-14.9939,36.5812,-3.86325,5.34017,0.593407,-0.0395622,0.0165939,0.0898371,-0.566682,0.488861,-2.17079,2.20741,-0.378233,0.449569,4.04803,-6.9789,-0.0636399,0.221046,-0.661495,0.662432,-2.3888,2.58309,-0.483099,0.533818,0,0,0.115995,0.335775,-0.0427341,-0.0305252,-0.531136,0.750916,0.532356,-0.825397,2.14286,-0.0109901,
-1.88681,8.72387,-15.817,6.8482,-20.9211,9.28631,-6.03599,3.56699,0.732736,0.141183,-10.5983,9.03542,-5.81197,16.4591,-15.9707,31.6972,-4.65641,5.17607,0.646152,0.0131874,0.0230789,0.0982304,-0.570878,0.488861,-2.18452,2.22419,-0.366789,0.432021,4.09648,-6.9789,0.0128999,0.206762,-0.755781,0.564749,-2.43997,2.35281,-0.510279,0.492276,0,0,0.323565,0.347986,-0.274725,-0.00610542,-0.689865,0.763126,0.483517,-0.776556,2.20879,-0.0109901,
13.3032,-3.0503,-31.106,-20.7949,-28.4389,-42.1245,-7.28254,1.67956,0.68386,0.302329,-9.23077,8.93773,-9.13309,11.8681,-18.1197,18.4127,-5.44957,4.72478,0.646152,0.0395622,0.0329981,0.105478,-0.580033,0.489624,-2.19635,2.23602,-0.359541,0.417907,4.13767,-6.9789,0.198923,0.0852206,-0.944581,0.25918,-2.53574,1.78323,-0.54303,0.424268,0,0,0.543346,0.409035,-0.567766,0.0183144,-0.702076,0.457876,0.376068,-0.805861,2.25275,-0.0109901,
2.33937,-3.50136,-22.552,-14.8886,-24.4918,-8.53204,-5.49956,12.8247,0.240299,0.652289,-0.341873,2.39316,-20.5617,-8.93773,-25.5434,-20.464,-6.81709,2.41368,0.567032,0.118683,0.0577936,0.114634,-0.608263,0.486954,-2.21313,2.22152,-0.353819,0.402647,4.18917,-6.97814,0.12876,0.083666,-0.916432,0.303413,-2.51314,2.05529,-0.496572,0.725434,0,0,1.34921,0.238094,-1.72772,-0.543346,-0.836386,-2.14286,0.200245,-0.669109,2.36264,0.0549469,
-14.2683,-1.30933,-4.86712,-5.08532,7.983,33.2523,1.20459,13.5947,-0.279463,0.437657,2.78389,0.927963,-20.757,-15.873,-26.4225,-16.6544,-7.29573,4.08205,0.540661,-0.145054,0.0959415,0.106623,-0.645266,0.456435,-2.22038,2.16087,-0.346571,0.402266,4.23114,-6.97051,0.00394905,0.073963,-0.764668,0.358214,-2.14369,2.46664,-0.286981,0.796746,0,0,1.99634,-0.543346,-1.95971,-1.25153,-0.360195,-1.91087,0.522589,0.336996,2.2967,0.736263,
-2.82674,9.44643,7.97977,10.1142,-18.6955,16.5224,-3.22525,-1.7507,-0.206791,0.561086,0.537247,0.634918,-12.1612,-13.138,-6.98413,17.8266,-3.01538,4.69744,0.171429,0.435165,0.0928888,0.0829706,-0.659381,0.476273,-2.19787,2.14408,-0.321774,0.468642,4.28035,-6.95792,0.0311591,0.164528,-0.581502,0.61409,-2.34516,2.33601,-0.339814,0.606336,0,0,-0.909645,-0.702076,-0.323565,0.763126,1.81319,0.250305,1.43101,3.7265,2.14286,0.472527,
0.488139,6.46168,-0.833191,12.2322,-35.9637,6.48221,-11.7295,-4.79688,0.173788,0.954426,1.02563,3.95604,4.44444,9.23077,-17.3382,13.9194,-1.68889,3.43932,0.145054,0.857143,0.0463495,0.0818262,-0.67464,0.462157,-2.15972,2.18261,-0.296597,0.539216,4.31239,-6.95411,-0.0159923,0.154233,-0.702823,0.569377,-2.51964,2.27641,-0.587007,0.565921,0,0,-2.03297,0.0183144,-0.567766,-0.860806,1.19048,0.653236,0.708181,3.19902,1.63736,-0.12088,
-21.3622,8.63464,-27.7855,14.8963,-53.7842,30.2643,-13.0775,5.26622,0.523497,0.83621,-6.88644,0.732605,-4.73749,8.35165,-28.9621,12.7473,-6.84444,4.38291,0.171429,0.567032,0.046731,0.102427,-0.657474,0.466353,-2.15133,2.17384,-0.296979,0.516327,4.34672,-6.94686,-0.172108,0.247411,-0.924891,0.64713,-2.75117,2.4863,-0.671231,0.593014,0,0,0.555555,1.47131,1.23932,0.457876,-0.0671558,-0.714285,-0.21978,-1.39194,1.50549,0.34066,
-19.3682,14.5312,-22.9334,37.6936,-34.1386,36.4686,-10.0378,7.24186,0.755898,0.789237,-14.5055,4.83516,-22.6129,11.7704,-43.3211,26.4225,-11.7402,4.84786,0.276924,0.646152,0.0619898,0.128366,-0.629244,0.479324,-2.17842,2.15858,-0.314145,0.493057,4.3761,-6.93732,-0.144869,0.316889,-0.850075,0.918288,-2.61044,2.55829,-0.623985,0.644647,0,0,0.250305,0.811966,1.01954,0.604395,-1.5812,-0.164835,-0.620268,-0.991453,1.41758,0.406593,
-3.76252,9.56413,-33.1125,34.4665,-25.8112,13.0545,-10.3436,10.5829,1.02425,0.760346,-13.0403,15.873,-23.0037,30.232,-37.3626,36.9719,-12.9026,9.22393,0.751648,0.672527,0.0417719,0.129892,-0.618181,0.478561,-2.19558,2.15171,-0.311093,0.465209,4.40242,-6.92855,-0.0482634,0.230259,-0.965544,0.857249,-2.50415,2.28435,-0.580101,0.671021,0,0,-1.44689,-0.177046,0.616606,-0.128204,-0.653236,-0.372406,0.366301,-1.76313,1.41758,0.494507,
0.33417,-2.43796,-34.6347,12.1509,-23.1666,-14.6848,-11.4299,7.73154,1.39222,1.0898,-11.0867,16.5568,-23.199,26.8132,-31.7949,28.083,-11.6855,8.99145,0.751648,0.698902,0.0131607,0.122263,-0.620089,0.524719,-2.20169,2.13188,-0.297742,0.430114,4.43408,-6.91558,-0.0142619,0.084796,-1.02018,0.746216,-2.46377,1.91967,-0.589111,0.586515,0,0,-0.934067,-0.311356,-0.457876,2.59463,-0.140415,-1.47131,0.522589,-1.16728,1.52747,0.53846,
-11.2346,6.69379,-16.9494,-4.28616,-15.6769,-18.4761,-9.00571,7.50184,1.59375,1.5664,-5.51892,4.73749,-18.9988,7.37485,-25.7387,-2.58852,-11.9316,6.07863,0.98901,0.698902,0.0196457,0.105478,-0.689898,0.599108,-2.19711,2.08305,-0.283246,0.434691,4.47185,-6.89956,-0.0862573,0.146276,-1.00826,0.656286,-2.3597,1.78679,-0.499949,0.655042,0,0,0.567766,-1.00733,-3.9011,3.14408,0.347986,-2.72894,0.669109,0.239317,1.81319,0.758244,
-3.64381,6.94126,1.35828,-9.8691,-2.78242,3.1993,-6.65223,11.3655,1.32135,1.77201,-5.90965,7.17949,-10.696,-5.32356,-19.4872,-8.74237,-10.3727,5.10769,1.09451,0.98901,0.0226974,0.0764856,-0.781835,0.663196,-2.18338,2.0079,-0.269894,0.441176,4.50465,-6.88315,-0.0297959,0.109451,-0.91428,0.655493,-2.186,1.90527,-0.416338,0.783991,0,0,-0.360195,-1.32479,-4.42613,3.05861,0.848597,-4.1453,0.766788,0.542124,2.0989,1.04396,
15.0419,-3.91426,14.6814,-7.1735,3.71504,19.5699,-6.22062,5.71347,0.690757,1.41748,-2.58852,7.96092,-4.93285,-10.3053,-15.3846,-3.46764,-8.86838,4.09573,0.962639,0.936264,-0.00743866,0.0692377,-0.84287,0.702487,-2.16545,1.9522,-0.255398,0.476654,4.55882,-6.84997,0.0915208,0.0141464,-0.804081,0.703164,-2.08571,2.0567,-0.391807,0.733286,0,0,-2.04518,-0.347986,-3.73016,2.41148,1.15385,-3.38828,0.727716,1.95849,2.58242,1.72527,
1.80753,5.49709,13.7725,9.13447,-6.49547,33.4558,-6.4686,-2.31184,0.565506,1.13436,8.54701,3.07692,8.1563,-11.7704,-2.39316,10.8913,-6.58462,3.35727,0.593407,1.01538,-0.0436792,0.0440607,-0.899328,0.766193,-2.1231,1.90948,-0.234417,0.553712,4.63207,-6.7977,-0.040893,0.064236,-0.783948,0.943186,-2.14053,2.27246,-0.380156,0.627467,0,0,-0.518925,-1.22711,-1.12943,2.26496,1.64225,-0.262516,0.678877,2.75946,2.82418,2.12088,
-20.2743,10.7805,-3.95515,19.833,-23.5124,64.9786,-9.47241,5.15295,0.318786,0.80013,0.341873,4.1514,7.86325,4.34677,-4.54213,28.083,-5.29914,3.42564,0.593407,0.778023,-0.0131607,0.015831,-0.892462,0.786794,-2.09754,1.911,-0.232891,0.572785,4.68853,-6.75193,-0.177177,0.0943042,-0.915854,1.02812,-2.32766,2.63278,-0.499188,0.730331,0,0,1.83761,-1.23932,0.616606,0.628815,0.934067,-0.00610542,-0.0634918,0.288157,2.78022,2.38462,
-31.8773,3.2074,-9.16061,54.1907,-13.5373,115.885,-12.4987,13.6829,-0.165636,0.419372,-9.23077,0.830276,0.341873,16.7521,-17.7289,55.1404,-8.64957,8.23932,0.487911,0.725273,-0.000953674,0.0234604,-0.883307,0.799001,-2.09297,1.91596,-0.233273,0.556764,4.73354,-6.71492,-0.34721,0.0922686,-0.968608,1.41964,-2.23626,3.22128,-0.578261,0.874085,0,0,0.238094,0.995115,0.494505,0.555555,0.213675,0.531136,0.0439568,-1.25519,2.82418,2.40659,
-29.4576,3.64682,40.158,93.7256,94.3199,118.181,-2.08884,25.7405,-0.896463,-0.0525266,-18.5104,0.43956,-7.37485,47.4237,-17.1429,99.6825,-11.8222,14.7077,0.197803,0.698902,-0.0226974,0.0566492,-0.87377,0.797856,-2.08495,1.94953,-0.230221,0.514038,4.79038,-6.66876,-0.397013,0.144992,-0.413935,1.82277,-1.01193,3.33612,-0.277744,1.11159,0,0,-1.41026,1.43468,0.409035,-0.494505,0.750916,2.20391,0.210012,-2.34921,2.78022,2.23077,
-28.6905,27.4275,46.5965,58.543,68.2441,91.7456,-14.9743,27.5089,-1.21258,-1.01781,-23.3944,6.78877,24.5665,77.8999,47.2283,112.772,-5.77778,27.3299,-0.0395622,0.303295,-0.0669489,0.053216,-0.879873,0.795186,-2.02125,1.9995,-0.225262,0.432403,4.84875,-6.62146,-0.4478,0.339855,-0.36478,1.47192,-1.07678,3.09603,-0.614108,1.00924,0,0,-1.86203,-0.543346,-0.0793648,0.787546,5.58608,2.3138,0.542124,-3.74603,2.18681,1.94505,
-26.592,9.646,59.5694,60.9908,74.868,88.514,-8.39268,25.717,-0.18924,-1.66648,-29.3529,13.3333,55.5311,63.4432,62.4664,96.0684,-5.6547,27.9453,0.46154,-0.118683,-0.0928888,0.0707636,-0.916114,0.832952,-1.90681,2.02621,-0.242809,0.360304,4.86858,-6.58293,-0.402804,0.236346,-0.355778,1.532,-0.903388,3.03554,-0.583143,0.918621,0,0,-0.433455,1.75214,-3.0464,0.641026,5.14652,0.775335,-2.14408,-3.12088,0.186813,1.61538,
0.656222,-8.59366,47.5353,40.0364,43.6132,51.7601,-10.4696,15.9003,0.197251,-2.25146,-25.348,12.8449,52.6984,57.094,54.652,88.3517,-2.64615,24.4991,0.567032,-0.435165,-0.110819,0.114252,-0.944343,0.834859,-1.79961,2.0407,-0.304227,0.337415,4.86324,-6.56348,-0.154606,0.10322,-0.450564,1.29456,-1.08323,2.65224,-0.827284,0.708027,0,0,-1.53236,2.53358,-1.03175,0.445665,6.9536,1.0928,-4.64469,-1.42125,-0.758244,1.15385,
38.414,-22.0781,36.7356,21.4451,-2.39346,-10.3555,-15.9149,7.46328,0.252738,-2.24449,-6.10501,0.830276,43.6142,45.6655,27.3016,51.6239,-2.5094,16.4855,0.408791,-1.2,-0.151255,0.137522,-0.939002,0.844778,-1.59705,2.07809,-0.44728,0.315289,4.83692,-6.55585,0.237106,-0.0982256,-0.524114,1.07146,-1.33488,2.01207,-1.18167,0.480356,0,0,-1.15385,0.286936,0.201466,-0.347986,8.663,1.47131,-5.84615,-0.844933,-1.24176,-0.0769234,
70.0705,-38.7623,15.6131,-17.0739,-63.3108,-92.5134,-13.1696,-7.11185,0.816317,-2.01972,20.8547,-12.3565,26.9109,23.199,-4.44444,1.12332,-6.11966,7.0359,0.224174,-1.67472,-0.155451,0.127222,-0.909247,0.844015,-1.46277,2.10136,-0.53769,0.316815,4.82052,-6.56615,0.612731,-0.32728,-0.663119,0.66387,-1.89862,1.11067,-1.23245,0.132695,0,0,-0.311356,-0.714285,2.17949,0.286936,8.02808,1.11722,-6.57875,0.26862,-1.1978,-0.868134,
31.5873,-25.2996,-29.4394,-22.9538,-99.3697,-47.2571,6.61146,3.62951,1.20126,-1.77506,33.2601,-19.7802,11.3797,4.44444,-33.3578,-39.3162,-2.90598,0.444445,0.145054,-1.33187,-0.119593,0.103571,-0.824941,0.859655,-1.34909,2.0697,-0.743305,0.325208,4.79725,-6.59705,0.292631,-0.213555,-1.00614,0.636155,-2.3256,1.44673,-1.01606,0.446784,0,0,1.83761,-1.08059,4.37729,0.946276,3.82784,-2.93651,-9.12821,0.41514,-0.846153,-1.50549,
22.1794,-11.9745,-71.9477,-29.3176,-110.994,-24.6865,10.2981,8.60122,0.388865,-1.4461,45.2747,-24.8596,-28.6691,-19.6825,-82.2955,-40.293,3.01538,0.77265,-0.171429,-1.91209,-0.0730524,0.0730524,-0.707828,0.862707,-1.32238,1.96174,-0.919929,0.314527,4.80106,-6.6268,0.213475,-0.119217,-1.33244,0.542858,-2.5465,1.53665,-0.985274,0.532692,0,0,1.20269,-1.77656,5.2442,0.177046,0.274725,-4.52381,-7.02808,-0.41514,0.56044,-1.32967,
20.6049,-1.23596,-54.3871,-9.35317,-100,11.8833,12.6242,8.90477,-0.586211,-0.73596,30.525,-12.4542,-65.1038,-30.4274,-85.1282,-17.8266,2.04445,2.68718,-0.698902,-1.54286,-0.103952,0.0398645,-0.632677,0.860418,-1.37121,1.87133,-0.98745,0.332074,4.83043,-6.6516,0.0743196,-0.0322729,-1.09799,0.757105,-2.61074,1.83873,-0.781099,0.642188,0,0,-1.52015,-1.75214,4.16972,0.0183144,-3.85226,-4.93895,-2.88645,1.25519,1.92308,-1.48352,
-9.66409,18.6212,-42.1245,-25.7291,-73.1718,22.3976,15.986,2.8011,-0.989621,-0.539406,11.9658,-2.1978,-68.2296,-31.8925,-74.3834,6.49573,5.3812,2.59145,-1.22637,-0.883518,-0.065423,-0.00553131,-0.539979,0.927558,-1.53716,1.77558,-0.996223,0.390821,4.89109,-6.68402,-0.0846863,0.132385,-0.852352,0.786774,-2.63935,1.90702,-0.5319,0.621743,0,0,2.64347,-2.0696,4.67033,4.35287,-8.67521,-3.52259,0.405373,3.06227,2.97802,-1.50549,
-23.3464,9.48225,-61.1744,-53.1235,-47.6187,39.0767,37.2323,-0.38384,-0.334954,-0.461455,1.22101,0.634918,-44.9817,-20.6593,-85.0305,20.8547,17.0051,0.553846,-0.276924,-0.593407,-0.0127792,-0.00972748,-0.461394,0.995842,-1.60239,1.7195,-1.06413,0.472458,4.92161,-6.71378,-0.249595,0.135313,-1.06887,0.450961,-2.2253,2.07453,-0.144424,0.64812,0,0,0.677656,1.19048,2.16728,1.36142,-2.81441,-2.37485,-2.2906,3.7265,1.43956,-1.85714,
20.4429,-32.7313,-33.1136,-38.0211,-14.0846,22.3357,4.62993,-16.0845,-0.731768,-0.457547,5.90965,-0.634918,-41.9536,-22.7106,-66.4713,24.1758,17.5795,-0.239317,-0.250549,-0.32967,-0.078393,0.0650415,-0.461776,0.953116,-1.61574,1.70653,-1.02789,0.51976,4.94221,-6.75154,-0.00529902,-0.181219,-0.864096,0.420974,-1.79767,1.9488,-0.737371,0.214849,0,0,-4.62149,3.52259,-1.03175,-3.2906,-0.763126,-0.177046,3.23809,2.83761,1.37363,-1.79121,
35.4462,8.99535,-16.6026,0.221899,-40.7342,-2.33905,-12.4741,-0.431928,0.248415,0.498057,3.17461,14.7985,-36.7766,-16.9475,-46.4469,13.6264,14.6256,3.02906,0.0659332,0.514286,-0.176051,0.0535975,-0.532731,0.828374,-1.59705,1.77748,-0.895514,0.539598,4.96357,-6.81334,0.0547917,0.0772332,-0.85945,0.57911,-2.01241,1.88072,-0.96485,0.503424,0,0,-4.89011,-2.28938,-4.2674,-7.55189,1.11722,3.87668,5.54335,-0.483517,0.736263,-3.50549,
4.0237,25.9616,-59.9457,3.9456,-121.552,-44.103,-7.13257,3.71412,0.283348,0.615709,11.3797,14.3101,-29.3529,-13.3333,-41.3675,-7.86325,-1.18291,1.67521,0.145054,0.118683,-0.169185,-0.07763,-0.549897,0.733387,-1.55509,1.87018,-0.874533,0.463683,4.9651,-6.88621,-0.0538623,0.0185249,-1.19826,0.70824,-2.85988,1.52606,-1.05044,0.40153,0,0,2.11844,-5.76923,0.531136,-2.0696,1.37363,4.37729,0.444445,-3.30647,0.142857,-3.10989,
14.98,-22.4154,-61.4711,-6.4905,-108.935,-7.24481,-9.47404,1.81988,0.343504,0.603411,5.90965,0.634918,-46.5446,0.341873,-98.6081,-34.3345,-3.79487,0.758974,-0.171429,-0.250549,-0.107386,-0.0429163,-0.568589,0.695239,-1.58103,1.93313,-0.881018,0.440795,4.97311,-6.93046,0.101997,-0.181882,-1.31082,0.5753,-2.88075,1.8858,-1.17422,0.447147,0,0,1.28816,3.30281,-1.77656,-1.43468,-2.6801,0.995115,-0.600733,-0.884005,0.472527,-2.51648,
17.8582,-19.348,-43.982,-28.2794,-65.0202,-5.62422,1.15077,4.14482,0.27456,0.0717044,6.20268,-12.6496,-63.8339,-15.1893,-104.664,-21.1477,-4.51966,-0.663248,0.593407,-0.593407,-0.100138,0.00514984,-0.592622,0.707446,-1.63596,1.92512,-0.903906,0.435454,4.9918,-6.96098,0.123318,-0.105432,-1.12344,0.446344,-2.47867,1.83637,-0.93763,0.543018,0,0,0.750916,3.13187,-1.26374,1.59341,-3.60806,-0.787546,-1.3138,-0.151403,0.31868,-1.28571,
-3.60304,11.3661,-24.4128,-22.83,-30.4095,13.1403,9.43455,5.52196,-0.0182389,0.326159,14.2124,-5.81197,-53.2845,-25.8364,-76.044,-6.78877,-3.26154,1.48376,0.408791,-0.435165,-0.0600824,-0.0101089,-0.584611,0.747883,-1.6886,1.91482,-0.928702,0.439651,4.99256,-6.98157,-0.0510727,0.0394617,-0.851997,0.529829,-2.08815,2.05573,-0.684458,0.611842,0,0,1.47131,-2.30159,0.115995,1.06838,-1.84982,-0.152626,-0.356533,0.376068,0.0549469,-0.868134,
25.771,6.05368,7.33566,3.76672,-53.8035,-5.77789,8.34356,1.69025,-0.176712,0.21929,17.2405,5.22589,-21.1477,-13.7241,-41.4652,1.22101,1.83932,3.28889,0.118683,-0.435165,-0.110056,-0.0570307,-0.620852,0.723469,-1.69242,1.94724,-0.903143,0.458343,4.99752,-6.98882,0.0788116,-0.0261941,-0.604668,0.70244,-2.26805,1.94959,-0.591035,0.550959,0,0,-2.9243,-1.0928,-1.95971,-1.88645,0.665445,1.99634,1.60684,0.913309,0.23077,-0.274727,
27.156,-9.9348,-6.32383,5.85447,-72.5582,-6.0612,0.905906,0.998253,0.0278364,0.591335,16.1661,2.10013,-1.80708,1.7094,-45.9585,-6.88644,3.38461,2.82393,0.0131874,0.0659332,-0.151255,-0.0455866,-0.650606,0.682269,-1.69203,1.98692,-0.856222,0.475891,4.99676,-6.99645,0.0831204,-0.125245,-0.776833,0.662459,-2.50577,2.00077,-0.689666,0.549286,0,0,-2.02076,0.921856,-1.67888,-2.54579,-0.225885,2.4359,2.82784,0.913309,-0.0109901,-0.45055,
7.86457,-3.48093,-30.6408,-13.2176,-54.5663,-7.97827,-6.7038,1.57589,-0.0177273,0.304895,10.0122,-4.24908,-14.9939,-0.244202,-57.7778,-5.1282,2.22222,2.31795,-0.197803,0.0659332,-0.105097,-0.0383387,-0.620089,0.669681,-1.74811,2.02087,-0.795949,0.48085,4.99714,-6.99874,0.0805778,-0.0792542,-0.899288,0.530347,-2.45961,1.96905,-0.873985,0.528776,0,0,2.94872,-0.0671558,1.83761,0.225885,-3.15629,1.10501,2.16361,0.0830288,0.164837,0.0988998,
15.5249,-6.20562,-39.3059,-22.6048,-44.7342,-20.6941,-8.32447,1.18666,0.0423822,0.250723,14.1148,-5.42125,-29.8413,-7.86325,-52.0146,-7.37485,-0.280342,1.62051,0.0659332,0.197803,-0.0734339,-0.0444422,-0.589189,0.677691,-1.80114,2.03574,-0.777256,0.483902,4.99828,-6.99454,0.14648,-0.124586,-0.960597,0.438534,-2.40421,1.83939,-0.966245,0.527854,0,0,1.42247,-0.335775,1.95971,0.360195,-3.18071,1.00733,0.844933,0.21978,-0.0549469,0.186813,
29.1981,-7.44954,-26.078,-7.70182,-44.1336,-13.5195,-6.75193,5.98538,-0.0619395,0.502997,23.1013,-7.27716,-31.2088,-11.4774,-46.3492,-19.1941,-5.21709,0.77265,0.0659332,0.250549,-0.0967045,-0.034524,-0.580033,0.638781,-1.85149,2.04986,-0.778782,0.490387,4.99485,-6.99187,0.179082,-0.106104,-0.889936,0.480962,-2.39742,1.91368,-0.982209,0.673009,0,0,-1.4591,0.335775,-0.604395,-2.16728,-1.66667,0.421246,-0.317461,0.327229,-0.12088,0.0769234,
21.6238,1.20731,-5.89536,5.03907,-39.1857,2.6787,0.498596,6.71737,-0.257638,0.602749,26.0318,-3.07692,-23.5897,-7.17949,-46.3492,-14.5055,-6.69402,2.24957,-0.092308,0.276924,-0.117685,-0.0509272,-0.611696,0.596437,-1.86751,2.05596,-0.787175,0.502594,4.99409,-6.9873,0.100397,-0.0776022,-0.731128,0.586697,-2.32224,2.09203,-0.78871,0.727527,0,0,-0.665445,-1.20269,-1.61783,-1.97192,-0.579975,0.189255,-0.307692,0.766788,-0.0109901,0.23077,
7.45075,2.72538,2.78829,8.36579,-33.3599,6.1529,2.92324,3.74506,-0.224559,0.691982,22.2222,-3.17461,-14.4078,-0.927963,-41.3675,-3.17461,-4.97094,2.2906,-0.171429,0.32967,-0.108912,-0.0642786,-0.631914,0.566682,-1.87819,2.0552,-0.782979,0.538072,4.99409,-6.98234,-0.0084209,-0.0415261,-0.624743,0.617918,-2.26412,2.12662,-0.677602,0.741491,0,0,0.531136,-0.225885,-0.714285,-1.25153,-0.457876,0.0915756,0.483517,1.98779,-0.0109901,0.34066,
4.77094,-0.897596,-9.19829,-0.800016,-42.5614,2.05837,-4.16623,-1.91751,-0.101321,0.791202,13.2357,-4.93285,-4.6398,3.17461,-32.8694,3.07692,-1.75727,1.27863,-0.250549,0.593407,-0.107386,-0.0432978,-0.623903,0.562486,-1.89002,2.06588,-0.744831,0.597582,4.99447,-6.97585,-0.0533577,-0.00707654,-0.710437,0.560312,-2.38592,2.10646,-0.768008,0.670081,0,0,0.0305252,1.38584,0.470085,0.201466,-0.689865,0.531136,1.85104,2.51526,0.0329666,0.34066,
9.93672,-5.52276,2.55776,0.169739,-25.8918,2.32664,0.00889254,-3.61872,-0.0269803,0.977319,6.30037,-4.54213,-6.88644,4.44444,-36.0928,2.39316,-2.5094,-0.266666,-0.197803,0.778023,-0.108912,-0.0120163,-0.605593,0.56096,-1.91215,2.07542,-0.715075,0.634584,4.99409,-6.97166,0.00251404,-0.0190457,-0.544003,0.548804,-2.2444,2.11612,-0.627649,0.646152,0,0,0.0305252,1.63004,0.995115,-0.421246,-1.337,0.445665,1.74359,2.24176,-0.0109901,0.142857,
13.4611,-1.27188,7.71351,6.18858,-10.7338,10.0833,7.31615,-0.0101331,-0.211634,0.915885,11.1844,-2.10013,0.732605,6.49573,-27.1062,2.39316,-0.19829,-1.0735,-0.0131874,0.857143,-0.116159,0.00286102,-0.607119,0.522049,-1.93885,2.07961,-0.698672,0.663196,4.99332,-6.96746,0.00878505,-0.00536946,-0.515511,0.526708,-2.08437,2.19714,-0.462479,0.697835,0,0,-0.738707,0.177046,0.177046,-1.92308,-0.787546,0.164835,0.65934,0.698412,-0.12088,0.186813,
13.9249,1.47117,4.21083,7.37918,-12.5591,-1.75431,1.43644,0.394591,-0.453063,0.74246,15.3846,-0.830276,5.71428,9.32845,-13.9194,5.61661,2.71453,0.280342,-0.118683,0.672527,-0.137522,-0.00400543,-0.599489,0.486572,-1.9522,2.09182,-0.674258,0.662814,4.99447,-6.95945,-0.0192276,0.00481136,-0.540289,0.502426,-2.10701,2.0998,-0.553527,0.669624,0,0,-1.0928,-0.225885,0.372406,-1.98413,-0.457876,0.824175,1.61661,-0.0830288,-0.0769234,0.472527,
19.161,-0.679261,-4.25211,8.10523,-25.2709,-4.78965,-6.92067,0.546873,-0.656393,0.793337,16.7521,0.0488434,6.10501,11.5751,-13.431,-0.0488434,1.56581,0.553846,-0.408791,0.751648,-0.161174,-0.00362396,-0.599108,0.446898,-1.95525,2.10822,-0.639925,0.663577,4.99332,-6.95296,0.00838021,-0.0101538,-0.648185,0.463493,-2.23584,2.08248,-0.727892,0.681943,0,0,-1.30037,0.0305252,-0.054945,-2.20391,0.00610542,0.824175,2.08547,0.0634918,0.0109901,0.362637,
15.5732,-0.476693,-18.8156,1.12254,-34.1571,-5.84275,-8.64802,0.68094,-0.830245,0.805158,14.4078,0.43956,2.39316,10.989,-20.1709,-1.7094,0.444445,-1.29231,-0.567032,0.725273,-0.174525,-0.00133514,-0.601015,0.404936,-1.95258,2.11242,-0.621614,0.672732,4.99371,-6.94228,-0.00820531,-0.00602125,-0.808653,0.361446,-2.33068,2.04486,-0.858174,0.729987,0,0,-0.201466,0.0183144,0.0427341,-1.67888,0.0427341,-0.0793648,0.0732594,0.766788,0.0329666,0.406593,
6.97235,3.56982,-38.8461,-7.39636,-50.0856,-5.30434,-9.05452,2.18832,-0.894525,0.896461,13.5287,0.830276,-15.58,0.732605,-33.6508,-1.80708,-4.39658,0.252991,-0.751648,0.751648,-0.164607,-0.0101089,-0.599489,0.390059,-1.95182,2.09678,-0.64374,0.687228,4.99332,-6.93389,-0.0718739,0.0159212,-1.03254,0.294649,-2.50649,2.0063,-0.966317,0.768772,0,0,0.457876,-0.409035,-0.0427341,-0.396826,0.054945,-0.946276,-1.42125,0.41514,-0.0329666,0.384617,
5.61677,2.52203,-57.1772,-13.8514,-69.2186,-8.82661,-10.3565,5.74117,-0.803679,0.994765,12.1612,0.537247,-27.2039,-1.90475,-46.6422,-1.7094,-7.80171,1.34701,-0.778023,0.725273,-0.163844,-0.0101089,-0.609026,0.377089,-1.9419,2.07237,-0.66434,0.691043,4.99218,-6.92626,-0.105709,0.0217801,-1.26692,0.194084,-2.69899,1.93257,-1.02113,0.864439,0,0,-0.128204,0.115995,-0.677656,-0.873016,0.360195,-1.25153,-1.38217,0.278389,-0.0988998,0.53846,
6.7121,3.59509,-52.6538,-14.9337,-71.6221,-2.01885,-9.96088,8.68308,-0.61593,1.05162,10.8913,1.31868,-40.1954,-5.1282,-63.0525,-4.54213,-11.2752,2.59145,-0.725273,0.672527,-0.175288,-0.00553131,-0.636873,0.352674,-1.92817,2.0491,-0.680362,0.704394,4.9876,-6.91062,-0.128589,0.0427576,-1.2734,0.139736,-2.69772,1.98535,-0.970972,0.978558,0,0,-0.836386,0.250305,-1.54457,-1.41026,0.787546,-1.23932,-0.278389,0.65934,-0.296703,0.714287,
9.10095,8.16257,-23.4454,-1.46728,-61.1987,15.1263,-5.50751,7.83613,-0.502726,0.778979,10.0122,5.03052,-46.2515,-11.7704,-73.4066,-1.80708,-10.9607,4.38291,-0.672527,0.593407,-0.199321,-0.00972748,-0.686847,0.314145,-1.90681,2.02125,-0.67998,0.735294,4.98188,-6.88811,-0.135847,0.0657052,-1.03425,0.246356,-2.55321,2.1476,-0.830769,1.03819,0,0,-1.12943,-0.457876,-2.60684,-1.54457,1.00733,-1.25153,0.0439568,1.70452,-0.384617,1.21978,
11.6417,4.15944,-16.9082,6.4319,-63.5011,2.31601,-9.45828,-0.981844,0.0756597,0.712287,10.1099,5.90965,-34.3345,-11.1844,-64.42,7.47253,-8.56752,3.82222,-0.593407,0.46154,-0.221447,-0.0162125,-0.715075,0.322537,-1.88582,2.01209,-0.669299,0.787557,4.97349,-6.86103,-0.126486,0.028579,-0.924312,0.419441,-2.56107,2.04006,-0.893201,0.902164,0,0,-1.03175,-0.0427341,-0.641026,0.763126,0.909645,0.0671558,0.776556,2.83761,-0.45055,1.46154,
5.37501,2.53859,-22.0134,14.2979,-60.8111,8.0372,-10.3581,-2.60928,0.391097,1.01878,7.57021,4.34677,-21.4408,2.00244,-59.8291,5.1282,-9.0735,1.0188,-0.540661,0.672527,-0.223354,-0.0082016,-0.720036,0.328641,-1.88735,2.01629,-0.650225,0.84516,4.97082,-6.83547,-0.154475,0.0275345,-0.972158,0.485268,-2.57259,2.09074,-0.903517,0.879395,0,0,0.274725,0.225885,-0.225885,-0.0671558,-0.286936,-0.445665,0.688644,2.13431,-0.0769234,1.24176,
-1.29127,1.98106,-27.246,15.3392,-48.6428,20.122,-10.1223,0.303544,0.831086,1.10949,5.51892,2.97925,-22.7106,6.88644,-57.5824,9.23077,-10.0718,0.745298,-0.0659332,0.830769,-0.215343,-0.00743866,-0.712787,0.340848,-1.89879,2.00523,-0.64374,0.857748,4.97196,-6.80648,-0.212799,0.0147766,-0.999444,0.544047,-2.46715,2.20296,-0.905135,0.897193,0,0,0.506716,0.00610542,0.482296,0.982906,-0.836386,-0.775335,0.395605,0.620268,0.0549469,1.3956,
-1.06306,-5.04655,-11.2905,25.8657,-19.4986,31.932,-6.07854,3.09571,1.24969,1.25032,5.22589,2.49084,-24.7619,8.93773,-49.8657,17.4359,-11.1248,1.59316,0.356045,0.98901,-0.215343,-0.00514984,-0.710498,0.373274,-1.9213,1.98844,-0.631914,0.855841,4.97425,-6.77825,-0.235498,-0.0557281,-0.832489,0.711749,-2.17397,2.3178,-0.766819,0.932309,0,0,-0.250305,0.164835,0.103785,1.53236,-1.08059,-0.763126,0.678877,-0.190475,0.12088,1.41758,
9.93277,-21.6262,7.1827,39.3285,18.9427,39.3238,-3.09917,5.28664,1.61774,1.18886,4.93285,3.76068,-17.4359,14.5055,-34.6276,25.641,-9.26496,3.63077,0.751648,0.830769,-0.240139,-0.0162125,-0.721943,0.404554,-1.93198,1.98119,-0.615511,0.844397,4.97921,-6.7443,-0.17312,-0.285197,-0.670015,0.88936,-1.72578,2.411,-0.663259,0.95535,0,0,-1.30037,-0.860806,-0.836386,1.43468,-0.128204,-0.213675,0.766788,-0.717949,0.186813,1.61538,
20.7106,-17.6112,16.375,29.2401,38.2644,21.0127,-5.07075,3.49212,1.74193,0.969944,7.76556,-6.5934,0.146515,27.4969,1.90475,35.3114,-4.56068,5.23077,1.22637,0.98901,-0.266842,-0.0494013,-0.733006,0.456054,-1.91329,1.98692,-0.596437,0.829518,4.9876,-6.70424,-0.0711154,-0.303079,-0.561033,0.867839,-1.43583,2.23443,-0.69651,0.892578,0,0,-1.03175,-1.73993,-0.299145,2.60684,1.56899,0.421246,0.815628,-0.678877,0.494507,1.87912,
21.1054,-3.20693,25.6835,34.0778,15.5846,17.1396,-8.39894,2.7284,1.63018,0.602554,16.4591,-14.8962,22.3199,30.1343,15.3846,32.674,-2.37265,5.7641,1.25275,0.804394,-0.275234,-0.0928888,-0.751698,0.502594,-1.85912,1.98959,-0.591477,0.813115,5.00057,-6.66686,-0.0547716,-0.200764,-0.526358,0.953072,-1.59011,2.17494,-0.826979,0.841773,0,0,-0.421246,-2.16728,-1.80098,2.15507,2.87546,-0.152626,-0.0439568,-0.942614,0.846153,2.14286,
13.1554,-10.5812,26.109,27.0379,23.0045,27.9538,-1.94156,2.84657,1.44335,0.225419,17.3382,-12.9426,27.3993,29.4505,17.7289,23.4921,-2.76923,2.1812,1.35824,0.567032,-0.27943,-0.106241,-0.805486,0.540742,-1.81411,1.96593,-0.619326,0.80129,5.02041,-6.61688,-0.12166,-0.223606,-0.577861,0.908929,-1.49114,2.23441,-0.764345,0.865465,0,0,0.347986,0.00610542,-1.87424,2.03297,2.02076,-1.26374,-1.82173,-0.297924,1,2.27473,
4.78669,-8.03988,19.0168,20.4034,20.6548,35.2514,-0.0532298,3.89899,1.20038,-0.273795,7.86325,-12.2589,21.2454,23.7851,19.5849,29.4505,-0.704273,1.36068,1.3055,0.356045,-0.24815,-0.0940342,-0.811971,0.586137,-1.78626,1.92779,-0.669299,0.802052,5.04139,-6.57301,-0.128827,-0.160371,-0.602097,0.898108,-1.50935,2.24804,-0.81803,0.915974,0,0,1.98413,0.689865,-0.0427341,2.558,1.42247,-2.14286,-2.94506,0.112331,1.1978,2.45055,
9.33994,-0.628329,14.3747,20.9101,-5.0687,25.4643,-2.05321,1.27152,1.06578,-0.416108,6.78877,-10.3053,17.2405,21.8315,15.6777,35.409,0.676924,1.98974,1.06813,0.224174,-0.218777,-0.0890741,-0.803197,0.621996,-1.74201,1.88926,-0.725758,0.810445,5.07,-6.52304,-0.0883411,-0.093003,-0.624146,0.89849,-1.72446,2.12274,-0.896833,0.869941,0,0,0.799755,0.0915756,0.579975,1.32479,2.21612,-1.48352,-2.28083,0.483517,1.32967,2.14286,
4.27979,8.42584,-1.74406,13.6363,-40.6516,20.9702,1.09332,-2.11944,0.776403,-0.377395,6.00732,-5.81197,9.42613,19.8779,-2.49084,30.1343,-0.882051,1.33333,0.909889,0.092308,-0.203898,-0.0753412,-0.771915,0.645647,-1.69165,1.85035,-0.766193,0.827229,5.10243,-6.48184,-0.124396,0.0453448,-0.739401,0.828704,-2.09144,2.02332,-0.82398,0.800346,0,0,0.958487,0.811966,1.55678,0.946276,1.55678,-1.80098,-1.76313,0.639805,1.50549,1.7033,
-0.418344,8.5528,-18.3137,1.83914,-46.8666,24.8088,7.88949,-3.25904,0.341554,-0.415822,-0.341873,0.146515,-2.10013,12.7473,-24.5665,26.6178,0.430769,-0.362392,0.646152,0.0131874,-0.172999,-0.0581751,-0.738346,0.663959,-1.69203,1.81716,-0.799001,0.832189,5.1318,-6.45514,-0.108661,0.0712475,-0.869996,0.722041,-2.23089,2.01772,-0.670935,0.754114,0,0,2.0696,1.03175,2.15507,1.12943,-0.543346,-2.25275,-1.82173,0.249084,1.65934,1.41758,
-10.5202,5.24362,-35.4713,-11.4937,-29.4225,39.1312,8.1013,-3.72931,-0.31457,-0.359878,-4.24908,2.78389,-19.8779,5.51892,-36.2882,29.6459,5.14872,-2.31795,0.092308,0.0395622,-0.116159,-0.0181198,-0.687228,0.682651,-1.74048,1.75689,-0.82227,0.832952,5.17681,-6.43111,-0.163657,0.100175,-1.00708,0.564508,-2.1433,2.1056,-0.634108,0.729115,0,0,2.08181,1.80098,2.22833,0.286936,-2.27717,-2.58242,-0.737484,-0.00488472,2.20879,0.912086,
-7.66666,11.528,-39.8873,-4.21777,-49.2292,40.3888,10.2574,-5.36609,-0.891791,-0.222811,-6.5934,6.39804,-30.525,-3.85837,-38.0464,35.5067,10.2222,-3.67179,-0.250549,0.092308,-0.0879297,0.00286102,-0.651369,0.673495,-1.74926,1.71569,-0.864996,0.833714,5.22984,-6.41928,-0.134246,0.150689,-1.05488,0.613404,-2.27854,2.11541,-0.698507,0.687831,0,0,1.16606,0.592186,1.19048,-0.396826,0.531136,-1.47131,-2.36874,0.0634918,2.64835,0.42857,
5.1098,15.2457,-38.5901,5.1991,-77.9586,36.1737,-3.58272,2.27573,-0.948683,-0.219497,-2.88156,10.5983,-30.4274,-0.341873,-50.7448,33.7485,2.90598,-4.72479,-0.250549,0.0131874,-0.0932703,0.00324249,-0.66434,0.652132,-1.72828,1.71263,-0.861181,0.839818,5.26989,-6.41661,-0.0558273,0.171215,-1.13239,0.653937,-2.55195,2.11314,-0.908687,0.919394,0,0,-0.579975,-0.0427341,-1.17827,-1.67888,1.27595,-0.0427341,1.04029,0.327229,2.05495,0.12088,
11.5802,4.82895,-21.4162,14.0575,-66.9062,19.0674,-5.33721,-0.905394,-0.743311,-0.217302,-0.0488434,14.3101,-40.8791,6.39804,-73.3089,30.7204,0.417093,-0.923077,-0.356045,-0.145054,-0.102808,0.00629425,-0.67731,0.608263,-1.70729,1.73857,-0.83257,0.839818,5.30575,-6.41623,0.0305414,0.0605598,-0.906517,0.709716,-2.43828,1.9893,-0.959092,0.826146,0,0,0.140415,0.0183144,0.262516,-1.64225,0.372406,1.16606,0.434677,0.229548,1.48352,0.0549469,
-1.70551,4.08154,-16.1736,4.46374,-49.2756,17.064,17.2869,-6.7457,-0.297433,-0.0625621,-0.341873,6.30037,-29.0598,8.74237,-65.2015,19.9756,0.335043,-0.294018,-0.118683,-0.197803,-0.059701,0.0108719,-0.661288,0.5972,-1.7153,1.76032,-0.869955,0.857367,5.32864,-6.41623,-0.00559452,0.0674148,-0.806603,0.642931,-2.28377,1.97454,-0.4872,0.697581,0,0,2.1917,0.335775,1.03175,-0.115995,-0.628815,0.738707,-1.94872,0.551893,0.604397,0.0109901,
-7.95851,3.66731,-17.6203,-5.60117,-40.4053,21.1284,23.0353,-7.0335,-0.220519,-0.0394671,-0.0488434,2.49084,-23.4921,6.10501,-56.1172,18.315,4.08205,-1.49744,-0.145054,-0.224174,-0.0268936,0.0177383,-0.648317,0.6075,-1.73095,1.76871,-0.894751,0.854696,5.33475,-6.41623,-0.0394159,0.0774118,-0.818254,0.572737,-2.22161,2.02118,-0.332292,0.648332,0,0,2.27717,0.567766,0.775335,0.824175,-1.25153,0.531136,-1.54823,-0.21978,0.384617,0.0329666,
-3.39019,4.65303,-7.90878,0.0505006,-31.4682,18.6491,4.85998,-6.03453,0.186863,0.0141891,-0.732605,1.02563,-18.8034,-1.7094,-40.1954,18.4127,12.0684,-4.95727,0.118683,-0.0659332,-0.0131607,0.0406275,-0.627337,0.6178,-1.75879,1.78435,-0.838292,0.831807,5.33436,-6.41661,-0.0599869,0.121428,-0.690995,0.615715,-2.14242,2.01863,-0.540411,0.619493,0,0,-0.274725,0.873016,0.726496,-0.0793648,-1.01954,0.811966,3.25763,-0.893772,-0.186813,0.0109901,
-1.77936,7.1212,-4.14105,9.64068,-25.2164,15.8377,3.48629,-5.88228,0.252726,0.0431607,0.537247,4.83516,-11.2821,3.17461,-32.674,14.7985,8.67692,-6.59829,0.0395622,-0.0395622,-0.028801,0.0474939,-0.619326,0.599489,-1.77214,1.80648,-0.792516,0.822652,5.33284,-6.41623,-0.0801142,0.131299,-0.64804,0.665297,-2.07085,2.02661,-0.574307,0.636056,0,0,-0.946276,0.140415,0.518925,-1.23932,-0.555555,1.32479,2.42735,-0.46398,-0.0769234,-0.0109901,
-1.15032,6.27077,-7.48005,8.71273,-23.418,10.3787,9.33922,-6.92198,0.28374,0.0743921,0.146515,6.49573,-8.74237,8.05861,-24.9573,13.3333,6.17436,-6.31111,0.0131874,-0.0131874,-0.0494013,0.0494013,-0.5972,0.578507,-1.78664,1.83661,-0.774967,0.816167,5.33131,-6.41623,-0.0941322,0.122536,-0.64185,0.646622,-2.07269,2.00098,-0.476228,0.607528,0,0,-0.958487,0.103785,1.15385,-0.860806,-0.775335,1.47131,0.786325,-0.327229,0.0329666,-0.0109901,
-4.24432,6.54144,-2.75032,6.1077,-16.5569,10.9724,14.1507,-10.268,0.330459,0.10448,-2.39316,5.61661,-8.64468,8.84004,-20.757,10.4029,9.07351,-6.81709,0.250549,0.0131874,-0.0581751,0.0528345,-0.574311,0.567445,-1.81182,1.86141,-0.760471,0.812352,5.33169,-6.41623,-0.111643,0.133047,-0.572921,0.616383,-2.03506,2.01365,-0.343708,0.517118,0,0,-0.189255,0.225885,0.958487,-0.567766,-1.17827,0.909645,0.473749,-0.200245,-0.0329666,0.0109901,
-6.92438,10.9514,7.38241,0.247916,-12.5915,14.9618,18.9518,-12.6444,0.281912,0.126151,-4.05373,6.00732,-5.22589,6.30037,-17.0452,11.2821,13.094,-8.51282,0.276924,0.0659332,-0.0574121,0.0570307,-0.559815,0.559434,-1.83204,1.87285,-0.757038,0.805486,5.33169,-6.41623,-0.132925,0.182986,-0.453165,0.553845,-2.00186,2.05355,-0.220098,0.431542,0,0,0.0427341,0.128204,0.738707,-0.250305,-0.897436,0.433455,0.210012,-0.454212,-0.0109901,-0.0109901,
-6.65989,10.8132,16.0153,-7.97945,-6.37221,19.4177,28.3157,-14.4564,0.335115,0.0106726,-5.42125,8.44933,-0.537247,3.46764,-14.3101,13.431,14.612,-9.77094,0.276924,0.0659332,-0.0600824,0.058938,-0.541886,0.558671,-1.84539,1.87858,-0.748264,0.79366,5.33169,-6.41623,-0.137948,0.18173,-0.32914,0.468586,-1.93756,2.10349,0.0707605,0.353755,0,0,-0.115995,0.0793648,1.04396,-0.0427341,-0.641026,0.274725,0.649572,-0.766788,-0.0109901,-0.0109901,
-15.2683,-1.12197,-6.75016,-33.9971,5.17779,20.6781,35.5652,-20.3395,0.525345,-0.334797,-6.49573,9.03542,6.10501,-0.634918,-8.64468,17.1429,20.7795,-11.9043,0.250549,0.0395622,-0.0631342,0.0677118,-0.499924,0.542649,-1.8534,1.88621,-0.706302,0.76543,5.33169,-6.41623,-0.236649,0.0709149,-0.502276,0.127256,-1.8038,2.13123,0.4025,0.1328,0,0,-0.115995,0.470085,2.17949,-1.12943,-0.238094,0.457876,2.41758,-1.35287,-0.0109901,-0.0109901,
-16.2119,-32.691,-64.6983,-60.4776,19.7474,7.62229,-8.78922,-31.5585,1.32435,-1.10806,-10.8913,4.34677,-2.10013,-12.1612,0.537247,16.9475,26.4684,-15.5009,0.356045,-0.171429,-0.0635157,0.0738153,-0.455672,0.489243,-1.85607,1.90375,-0.627718,0.729954,5.33169,-6.41623,-0.247514,-0.285145,-1.11003,-0.305034,-1.63564,2.02365,-0.646466,-0.256318,0,0,-0.115995,0.128204,1.93529,-3.66911,0.0305252,1.05617,4.50794,-2.19292,-0.0109901,-0.0329666,
-18.8719,3.80737,-89.8245,-35.5062,-4.13525,-0.903595,-13.7988,-16.3984,2.61212,-2.05925,-10.5983,-9.42613,-34.823,-23.3944,6.20268,4.54213,0.362392,-21.5863,0.909889,-0.646152,-0.0890741,0.0497828,-0.460631,0.334744,-1.82174,1.9461,-0.512894,0.650988,5.33169,-6.41699,-0.346991,0.0324613,-1.51546,-0.34121,-1.78974,2.00016,-0.698635,-0.026989,0,0,-1.44689,-1.78877,-1.7033,-8.44322,2.33822,1.92308,3.95116,-4.44933,-0.0109901,-0.0329666,
-8.61066,7.98044,-74.4111,-11.7563,-7.76224,-16.8495,-9.85681,12.3825,3.25238,-2.19198,-8.1563,-1.31868,-68.6203,-34.2369,-15.1893,-3.95604,-5.06667,-14.4342,1.06813,-1.7011,-0.117685,-0.0230789,-0.542268,0.184443,-1.75307,1.97242,-0.504883,0.565919,5.33284,-6.4189,-0.284381,-0.099039,-1.51944,-0.220704,-1.68364,1.83954,-0.761833,0.599009,0,0,-2.13065,-4.93895,-4.5116,-8.23565,4.67033,1.63004,0.336996,-6.21734,0.186813,-0.186813,
34.5882,-44.9794,-41.1126,11.387,-20.2037,-30.0985,-6.42288,23.6909,1.53937,-1.25203,-8.05861,0.43956,-67.8388,-25.348,-21.5385,-14.1148,-4.39658,-2.24957,1.7011,-1.62198,-0.179103,-0.0410089,-0.6178,0.112345,-1.62375,2.0182,-0.531587,0.483902,5.3687,-6.43263,0.126049,-0.522668,-1.21604,0.142205,-1.64372,1.72182,-0.794249,1.09436,0,0,-2.37485,0.543346,-4.24298,-2.89988,6.13553,1.14164,-1.68498,-0.952381,2.14286,-0.78022,
22.9706,-1.82582,12.8277,40.6193,-65.7007,-10.2807,11.2158,20.9739,1.15141,-0.907244,3.46764,-20.6593,-31.9902,-6.30037,-24.8596,-20.1709,-2.70086,6.11966,0.830769,-1.33187,-0.189784,-0.0459681,-0.798238,0.0604639,-1.50664,2.01247,-0.588426,0.539598,5.43813,-6.45438,0.05588,-0.0632024,-0.942033,0.457048,-2.06998,1.87281,-0.413873,1.29876,0,0,-0.286936,0.0915756,-8.58974,-1.64225,5,-0.763126,-2.73993,3.53114,3.48352,-1.13187,
31.4203,7.5915,25.9511,40.7329,-65.8039,3.86582,22.2951,-1.59111,0.0840282,-0.664622,17.0452,-14.5055,1.51404,14.3101,-48.4005,-4.1514,5.02564,6.58461,0.382416,-0.936264,-0.148966,-0.0707636,-0.937095,0.102808,-1.46124,1.95716,-0.642214,0.69295,5.52892,-6.47688,0.27117,-0.0301661,-0.834138,0.658163,-2.17347,1.90793,-0.106666,1.05095,0,0,2.13065,-1.31258,-5.56166,3.08303,0.567766,-2.76557,-1.67521,8.04396,4.31868,-1.04396,
53.0915,-13.5253,-3.79249,3.40339,-64.1595,10.0325,12.5057,-15.3881,-0.951045,-0.5991,26.9109,-2.00244,13.431,18.4127,-51.1355,4.73749,8.40342,-0.868376,0.0131874,-0.593407,-0.164607,-0.0635157,-0.976006,0.196651,-1.48833,1.90642,-0.621996,0.858511,5.61856,-6.49863,0.366487,-0.186731,-1.08265,0.416192,-2.27101,1.92571,-0.178157,0.884543,0,0,-1.76435,0.811966,-1.93529,5.45177,-2.09402,-2.76557,1.92918,9.0696,5.04396,-1.28571,
18.3833,7.55849,36.81,34.0035,-17.8325,24.8556,0.110951,-2.03098,-1.06192,-0.437124,34.4322,1.90475,15.1893,20.5617,-40.6838,13.5287,2.55043,-5.6547,-0.646152,-0.32967,-0.137903,-0.0856409,-1.07557,0.221447,-1.6165,1.83127,-0.509079,0.969902,5.72995,-6.53868,0.160576,-0.0800053,-0.8369,0.594176,-2.05172,2.00875,-0.204898,1.07344,0,0,2.82662,-2.35043,-5.10989,-0.152626,-7.11233,-2.96093,6.02198,3.19902,5,-1.81319,
-15.1794,22.1085,46.6701,56.8168,2.04999,39.5974,-23.533,3.54044,0.493228,0.21253,19.3895,2.1978,15.0916,19.6825,-43.8095,19.9756,-9.79829,-0.0615387,2.22857,-0.197803,-0.0448236,-0.138285,-1.1244,0.24052,-1.70806,1.8019,-0.325589,0.982491,5.7948,-6.57073,-0.0447814,0.0400067,-0.626804,0.928595,-1.68792,2.19405,-0.433983,1.08743,0,0,5.06105,-2.02076,-0.628815,1.7033,-0.0793648,-1.43468,10.906,0.131868,1.50549,-1.9011,
-3.91184,9.22246,-0.983696,45.7219,-59.3261,80.6098,-19.7547,11.917,0.718445,0.47681,16.2637,1.22101,32.0879,38.2418,-30.6227,33.5531,-8.18462,1.97607,1.06813,-0.118683,-0.0413904,-0.126078,-1.10723,0.275234,-1.64321,1.76642,-0.205424,0.987831,5.80968,-6.62222,-0.1107,0.0266586,-1.11063,0.832298,-2.16787,2.60775,-0.533654,1.34304,0,0,-0.775335,1.50794,0.225885,1.47131,4.03541,-1.63004,4.41026,0.483517,0.714287,-2.31868,
12.2077,18.7632,-4.7088,45.9159,-80.2224,62.1319,-14.19,5.67746,0.370684,0.0392309,9.91454,14.0171,15.1893,56.5079,-49.5726,72.3321,-3.12479,5.18974,0.567032,-0.171429,-0.107767,-0.101664,-1.11067,0.271801,-1.56691,1.73896,-0.238995,1.02674,5.82303,-6.65465,-0.0887316,0.101322,-1.18883,0.745958,-2.39458,2.40062,-0.797019,1.30142,0,0,-3.49817,-0.164835,-0.775335,-1.08059,1.91087,-0.860806,-3.27717,2.33944,0.736263,-1.37363,
18.4151,12.2486,-2.49189,45.2895,-67.7474,40.5101,-4.52462,-5.88308,-0.145112,0.555577,7.27716,16.1661,-3.76068,49.9634,-67.1551,61.8803,-3.82222,4.35556,0.171429,0.092308,-0.158122,-0.124552,-1.11524,0.241283,-1.57034,1.75498,-0.342755,1.09045,5.85279,-6.69165,-0.010286,-0.00819558,-1.13133,0.712551,-2.3412,2.23623,-0.74463,1.08063,0,0,-1.7033,-0.592186,0.347986,-0.958487,-0.543346,0.934067,-5.52381,3.07204,1.48352,-1.85714,
-1.25901,17.743,-8.21797,12.1601,-42.9351,43.24,5.32288,-7.02479,0.272592,0.308844,3.95604,10.696,-5.90965,40.5861,-65.6899,45.177,-9.72991,0.376068,0.276924,0.0395622,-0.126078,-0.107767,-1.0996,0.241283,-1.58598,1.7546,-0.439269,1.12669,5.87987,-6.71607,-0.0808481,0.106268,-1.16792,0.401833,-2.0954,2.23158,-0.390801,0.951335,0,0,1.77656,0.506716,0.689865,0.763126,-0.970695,-0.103785,-1.98779,0.395605,0.89011,-1.10989,
-13.1639,23.4324,1.18011,10.5198,-17.0139,42.0253,6.8599,-9.96944,0.144406,0.160748,2.97925,9.13309,-7.86325,21.9292,-46.7399,43.7118,-6.57094,-1.27863,0.118683,-0.0659332,-0.0951786,-0.0978489,-1.08473,0.265316,-1.61803,1.75002,-0.438506,1.1141,5.89666,-6.72789,-0.1924,0.189983,-1.04455,0.424328,-1.861,2.20822,-0.218405,0.786133,0,0,1.47131,0.824175,0.811966,1.26374,-1.61783,-0.262516,0.590965,-1.02076,1.10989,-0.802197,
1.48498,15.7028,14.1691,26.1916,-22.5479,29.8093,-1.59122,-1.69486,0.296471,0.0924765,-0.634918,16.7521,0.43956,14.8962,-22.2222,34.6276,-0.704273,-5.3812,0.224174,-0.0659332,-0.107386,-0.0635157,-1.08854,0.264553,-1.63977,1.77558,-0.375944,1.06603,5.92069,-6.74201,-0.127719,0.160411,-0.936193,0.544785,-1.90516,2.16642,-0.268008,0.90247,0,0,-1.10501,1.48352,-0.152626,-0.323565,-0.445665,1.78877,3.04273,-2.32967,0.956043,-0.516483,
12.9433,-6.24812,1.60747,27.652,-50.1912,17.3535,-14.2493,1.92453,0.53387,-0.128901,-2.29549,10.1099,9.81685,23.9805,-22.1245,26.6178,0.225641,-2.97436,0.435165,-0.276924,-0.133326,-0.0112534,-1.08816,0.253872,-1.64397,1.82212,-0.32063,1.0275,5.93213,-6.74697,-0.010472,0.00865969,-1.06765,0.546261,-2.20714,2.08636,-0.588728,0.967898,0,0,-0.628815,2.6801,0.0793648,-0.445665,-0.164835,2.14286,2.55433,-2.26129,0.64835,-0.20879,
-3.91689,1.01195,-7.06865,14.0608,-58.6075,8.12999,-16.7266,0.185199,0.778331,-0.277603,-4.54213,3.46764,5.51892,27.0085,-33.3578,19.5849,-3.48034,-0.553846,0.487911,-0.171429,-0.111963,0.0249863,-1.07824,0.249294,-1.66266,1.85073,-0.309949,1.00042,5.94511,-6.74582,-0.0978937,0.103996,-1.13704,0.395961,-2.3629,1.99784,-0.74747,0.945735,0,0,1.72772,2.03297,0.592186,-0.286936,-1.47131,1.7033,0.542124,-1.19658,0.692307,0.0988998,
-24.1167,16.6084,-0.839149,8.57823,-27.9969,25.768,-3.767,-0.942127,0.864859,-0.033042,-10.2076,2.58852,-5.81197,16.5568,-46.0562,11.1844,-9.10085,-0.608547,0.514286,-0.303295,-0.033761,0.0307083,-1.06641,0.251965,-1.73056,1.87133,-0.348478,0.984398,5.96075,-6.7462,-0.174944,0.20446,-1.05112,0.353587,-2.15418,2.18023,-0.566182,0.935517,0,0,3.80342,-0.323565,0.738707,0.189255,-3.37607,0.677656,-2.26129,-0.454212,0.736263,0.0109901,
-9.19956,14.9768,8.59457,18.3857,-10.0044,37.4111,1.91285,-3.90779,0.68848,-0.184901,-9.23077,11.8681,-6.00732,7.76556,-31.4041,22.0269,-10.1402,-1.41538,0.725273,-0.171429,-0.0127792,0.0295639,-1.04543,0.263027,-1.79236,1.88163,-0.372892,0.981346,5.97372,-6.74659,-0.127817,0.194142,-0.912698,0.490308,-1.97984,2.31623,-0.364446,0.866691,0,0,-0.384615,-0.054945,1.11722,0.689865,-2.28938,0.567766,-0.893772,-0.122101,0.824177,-0.0109901,
5.48589,7.86471,11.4772,28.2988,-16.5651,34.3861,-2.15088,-1.80236,0.461604,-0.390843,-4.05373,13.6264,-1.61172,12.0635,-19.0965,28.4738,-5.73675,-1.56581,0.619781,-0.145054,-0.0593195,0.0364313,-1.02483,0.266079,-1.82059,1.89689,-0.350767,0.97448,5.99546,-6.7462,-0.0905508,0.139894,-0.863324,0.58397,-2.05084,2.31742,-0.358499,0.898285,0,0,-2.76557,0.482296,1.01954,0.103785,-1.38584,1.15385,1.04029,-0.522589,0.978024,-0.0109901,
-1.92001,2.69062,11.3152,33.3454,-26.3187,25.722,-9.31407,0.924556,0.597066,-0.426323,-1.7094,9.03542,10.2076,26.2271,-12.3565,29.7436,-3.93162,-0.252991,0.487911,-0.32967,-0.0898371,0.0474939,-1.0069,0.266842,-1.84997,1.93465,-0.316815,0.947013,6.01797,-6.7462,-0.129282,0.0946871,-0.863883,0.63348,-2.20365,2.27967,-0.498616,0.904563,0,0,-0.543346,0.518925,0.518925,-0.115995,-1.83761,1.77656,1.53846,-1.36264,1,0.0329666,
-13.9476,0.443008,10.9156,29.2386,-6.99782,27.2866,-10.4035,3.23015,0.849115,-0.237763,-8.54701,4.05373,8.1563,30.1343,-18.5104,26.5201,-8.60855,0.225641,0.514286,-0.408791,-0.0677118,0.052453,-0.994698,0.263409,-1.89155,1.95907,-0.288205,0.926032,6.03742,-6.74659,-0.174048,0.0640909,-0.847161,0.584416,-2.05375,2.29868,-0.500267,0.962767,0,0,1.4591,0.201466,0.787546,-0.115995,-2.53358,1.0928,1.53846,-1.05983,1.06593,0.0109901,
-8.0899,-13.7818,9.79429,26.2516,32.646,32.6464,-5.2081,3.7549,0.76776,-0.0889262,-9.81685,1.61172,8.54701,25.641,-7.17949,28.9621,-9.15556,1.11453,0.646152,-0.382416,-0.0490198,0.0551233,-0.970284,0.277905,-1.94762,1.96784,-0.268368,0.916877,6.06069,-6.74659,-0.12568,-0.0937348,-0.825438,0.589328,-1.65998,2.33282,-0.378117,1.01019,0,0,0.396826,0.128204,1.08059,0.592186,-2.25275,0.0671558,0.698412,-0.21978,1.10989,-0.0109901,
11.7948,-26.5969,29.0435,32.3439,72.9114,28.7978,-2.94535,2.95162,0.397639,-0.124426,-5.81197,-1.90475,9.91454,24.6642,17.3382,31.1111,-5.23077,2.82393,0.751648,-0.224174,-0.0642786,0.0429163,-0.958076,0.294309,-1.97395,1.97204,-0.264553,0.916495,6.08473,-6.74659,0.0384878,-0.286996,-0.620107,0.677902,-1.16402,2.30076,-0.342217,1.00019,0,0,-0.848597,-1.03175,0.457876,0.726496,-0.00610542,0.262516,0.0830288,0.0341873,1.10989,0.0109901,
14.8585,-16.3389,34.4715,34.1147,63.9923,22.5017,-5.97445,1.54617,0.41206,-0.187817,6.98413,-4.24908,18.1197,25.348,38.9255,29.7436,-2.3453,3.31624,0.830769,-0.118683,-0.0803003,0.00362396,-0.964942,0.306134,-1.948,1.97929,-0.267986,0.916495,6.10189,-6.74659,0.050403,-0.250569,-0.613467,0.705332,-1.2148,2.24416,-0.456654,0.957247,0,0,-1.03175,-2.17949,-0.946276,0.604395,0.665445,0.445665,-0.454212,-0.0439568,0.846153,-0.0329666,
4.06568,-3.34428,23.0935,28.7566,31.1396,29.3227,-7.82065,1.85432,0.608686,-0.283239,9.13309,-16.5568,33.3578,31.1111,49.9634,27.9854,-1.25128,2.6188,1.17363,-0.197803,-0.0787745,-0.0474939,-0.980965,0.329022,-1.87133,1.97128,-0.300412,0.912681,6.11067,-6.7462,-0.00979069,-0.13451,-0.739633,0.675606,-1.40425,2.26554,-0.606297,0.947828,0,0,0.714285,-1.49573,-0.457876,0.811966,3.63248,-0.946276,-1.77289,-0.327229,-0.0549469,-0.0109901,
-4.52312,2.4426,5.89602,16.2221,-3.35848,37.1638,-8.12545,3.89488,0.421036,-0.393158,4.93285,-10.5983,20.6593,27.3016,22.3199,33.8462,-2.41368,1.82564,0.646152,-0.303295,-0.0616083,-0.0547419,-0.968375,0.354582,-1.79732,1.94724,-0.345045,0.904669,6.10685,-6.74659,-0.0909047,-0.0282123,-0.877833,0.571661,-1.67815,2.30462,-0.705306,0.994545,0,0,0.628815,-0.0183144,0.750916,1.10501,4.69475,-1.66667,-2.69109,-0.366301,-0.274727,-0.0329666,
-5.53147,12.022,-6.31546,18.693,-52.3317,36.0178,-4.27926,2.46934,0.0572293,-0.525208,1.61172,-4.05373,5.61661,19.8779,-4.6398,39.6093,-2.24957,2.01709,0.435165,-0.303295,-0.0608454,-0.0505457,-0.947013,0.364882,-1.69165,1.90871,-0.415999,0.903524,6.108,-6.74582,-0.124138,0.091783,-0.96285,0.598019,-2.09383,2.24603,-0.722658,0.97578,0,0,-0.054945,0.262516,1.63004,0.763126,5.37851,-1.88645,-3.7558,0.0732594,0.12088,0.0329666,
2.36215,5.48114,-15.7941,23.5072,-63.833,34.0139,-0.912572,2.5798,-0.117687,-0.643102,-3.56532,3.95604,-6.49573,19.9756,-42.442,37.265,-1.63419,1.67521,0.0659332,-0.487911,-0.0688562,-0.0314722,-0.913062,0.369078,-1.62985,1.874,-0.50679,0.914207,6.10838,-6.74659,-0.0542097,0.0658559,-1.0448,0.63088,-2.29292,2.2094,-0.737512,1.01004,0,0,-0.347986,1.0928,1.31258,0.0183144,1.38584,-1.27595,-4.10745,0.483517,0.0769234,0.0109901,
-5.63428,8.29566,-21.5567,9.43545,-45.1513,31.8949,6.02308,-1.01349,-0.502869,-0.646325,-2.88156,5.42125,-21.3431,22.2222,-56.0195,36.4835,-1.10085,2.63248,-0.32967,-0.593407,-0.0658045,-0.00591278,-0.864996,0.36717,-1.61612,1.84463,-0.575837,0.919166,6.12135,-6.74697,-0.126169,0.119839,-1.01884,0.470991,-2.13388,2.15119,-0.568969,0.899072,0,0,0.0671558,1.00733,2.57021,-0.0305252,-0.482296,-1.43468,-3.20879,0.161173,0.692307,-0.0109901,
-7.62962,15.5365,-16.3669,-3.26859,-26.7856,22.974,17.5563,-10.4134,-0.534175,-0.594435,-4.6398,7.27716,-24.9573,9.5238,-37.6557,35.409,2.46838,0.157265,-0.672527,-0.672527,-0.052453,-0.000572205,-0.803578,0.386625,-1.67067,1.81258,-0.631533,0.927558,6.14614,-6.74697,-0.115859,0.178771,-0.909121,0.385513,-2.07391,2.01433,-0.235434,0.652705,0,0,0.641026,0.201466,2.28938,1.05617,-3.1685,-1.60562,-1.8315,0.288157,1.08791,-0.0109901,
-5.51725,11.1049,-3.83525,6.25356,-28.4101,32.8702,20.9745,-16.2661,-0.0508336,-0.491548,-7.0818,8.25397,-16.8498,-1.51404,-39.1209,25.9341,12.0547,-3.24786,0.118683,-0.619781,-0.0452051,0.0207901,-0.781453,0.402266,-1.68326,1.78512,-0.671969,0.926414,6.15492,-6.74697,-0.0896173,0.186302,-0.790489,0.50899,-1.97105,2.09763,-0.229759,0.465054,0,0,0.506716,1.26374,1.00733,1.11722,0.836386,-1.5812,-2.8083,-0.190475,0.0988998,-0.0549469,
-11.0772,9.94596,-23.6894,-1.59035,-32.098,38.4887,-4.66435,-0.0761886,-0.256484,-0.476105,-5.81197,9.71918,-6.00732,2.6862,-27.3993,28.9621,6.88547,-10.3727,-0.32967,-0.593407,-0.0440607,0.0474939,-0.773823,0.416381,-1.67144,1.7649,-0.627337,0.893606,6.16445,-6.74887,-0.165716,0.192396,-1.0291,0.412752,-2.03398,2.17688,-0.569112,0.795519,0,0,0.0427341,1.03175,0.238094,0.421246,-0.177046,-0.470085,3.7558,-1.91941,0.494507,-0.0549469,
-11.9047,12.7551,-11.7851,21.2191,-33.6507,24.6875,-13.001,5.02931,0.309329,-0.344928,-12.2589,11.5751,-19.0965,3.27228,-30.6227,33.2601,-0.252991,-3.82222,0.197803,-0.487911,-0.0299454,0.0593195,-0.762379,0.416762,-1.68288,1.77596,-0.538453,0.851263,6.16293,-6.75307,-0.133933,0.209386,-0.887016,0.63564,-2.07082,2.07407,-0.769434,0.945789,0,0,0.848597,0.250305,0.189255,-0.506716,-0.421246,0.714285,2.60317,-0.903542,-0.31868,-0.142857,
-8.26338,10.0124,-10.0241,28.2572,-37.5511,20.2741,-8.8326,2.2097,0.499726,-0.312991,-12.2589,12.9426,-16.2637,20.1709,-35.2137,23.0037,-3.30256,0.0341873,0.197803,-0.382416,-0.0204086,0.0558863,-0.769245,0.377089,-1.6783,1.80495,-0.541505,0.854315,6.15988,-6.75422,-0.103066,0.166118,-0.869838,0.63306,-2.09004,2.07601,-0.803705,0.925219,0,0,0.274725,-0.0305252,0.323565,-1.73993,0.164835,1.37363,-0.336996,0.190475,-0.23077,-0.12088,
-6.1978,4.91389,-13.2928,20.9941,-37.0594,20.2323,-0.155062,-1.07431,0.4796,-0.276559,-11.9658,12.5519,-13.7241,20.5617,-34.4322,22.8083,-2.1812,0.252991,0.092308,-0.408791,-0.0146866,0.0600824,-0.753223,0.38014,-1.68135,1.81525,-0.58957,0.876822,6.15797,-6.75727,-0.0711374,0.125467,-0.870599,0.634775,-2.10798,2.05247,-0.725501,0.908274,0,0,0.372406,0.323565,0.909645,0.641026,-0.445665,0.372406,-2.63248,1.22589,0.0549469,-0.142857,
-10.4891,5.57657,-5.10084,16.5261,-19.648,25.2003,16.469,-5.13304,0.517089,-0.260045,-11.1844,7.47253,-12.7473,17.0452,-34.823,23.0037,1.89402,0.936752,0.250549,-0.435165,0.00400543,0.0616083,-0.740635,0.409896,-1.70157,1.81029,-0.670444,0.888266,6.16064,-6.75765,-0.0769279,0.120925,-0.782455,0.637271,-1.95102,2.07829,-0.397341,0.751786,0,0,1.06838,-0.0793648,0.445665,1.31258,-0.934067,-0.360195,-3.68742,0.122101,0.20879,-0.0109901,
-14.5298,7.44515,-4.53125,13.5317,-14.5527,34.5469,11.1961,-7.38775,0.684618,-0.198689,-10.2076,5.81197,-6.5934,13.7241,-23.3944,26.2271,4.82051,-2.24957,0.514286,-0.32967,0.0272751,0.0574121,-0.739491,0.440413,-1.71225,1.79656,-0.692569,0.886358,6.16064,-6.75765,-0.111985,0.136677,-0.790448,0.641844,-1.88677,2.15864,-0.35153,0.667223,0,0,0.665445,-0.103785,-0.0183144,1.53236,-0.384615,-0.653236,0.600733,-0.278389,-0.0109901,-0.0109901,
-10.281,8.26041,-0.88585,13.1519,-13.3586,30.8769,4.54453,-7.24798,0.777636,-0.166014,-8.1563,6.49573,-4.05373,13.0403,-18.7057,29.5482,4.68376,-4.1641,0.593407,-0.303295,0.0192642,0.0581751,-0.738346,0.464446,-1.72026,1.78855,-0.648699,0.87377,6.16026,-6.75765,-0.11593,0.151382,-0.744322,0.657587,-1.88151,2.11718,-0.375209,0.631656,0,0,-0.628815,0.0427341,0.115995,1.41026,-0.384615,-0.433455,2.94506,-0.815628,-0.0329666,0.0109901,
-5.37687,10.2387,10.6151,26.7474,-16.3505,30.3923,2.94719,-5.78666,0.872908,-0.117602,-7.96092,7.47253,-0.537247,15.1893,-15.2869,30.0366,5.95555,-7.0906,0.672527,-0.224174,-0.00209808,0.0581751,-0.749027,0.477036,-1.71836,1.78817,-0.594149,0.857367,6.16064,-6.75765,-0.0954187,0.170921,-0.65774,0.780537,-1.8982,2.1285,-0.416312,0.668543,0,0,-1.00733,-0.0305252,-0.799755,0.189255,0.054945,0.0793648,1.91941,-0.561661,-0.0109901,-0.0329666,
-9.01688,8.49519,2.18548,21.6586,-16.6993,31.0697,4.9635,-3.33061,0.929406,-0.081914,-7.27716,9.62149,5.61661,24.0781,-15.3846,29.3529,5.85983,-6.50256,0.751648,-0.145054,-0.0169754,0.0574121,-0.750935,0.480469,-1.7195,1.79503,-0.578507,0.850119,6.16064,-6.75765,-0.12632,0.151193,-0.71261,0.736789,-1.91177,2.149,-0.426225,0.747101,0,0,-0.274725,-0.0183144,0.421246,0.470085,-0.201466,0.262516,0.288157,-0.210012,0.0109901,-0.0329666,
-12.7795,8.20567,-5.00092,15.4775,-15.0313,30.3413,4.50237,-4.09654,0.995325,-0.0562797,-9.5238,8.1563,3.76068,23.4921,-14.2124,31.4041,6.32479,-4.83419,0.857143,-0.145054,-0.0131607,0.0627527,-0.740253,0.486954,-1.73285,1.79541,-0.580415,0.849737,6.16064,-6.75765,-0.148032,0.163491,-0.785848,0.660351,-1.92246,2.13234,-0.463408,0.736677,0,0,0.213675,0.286936,0.299145,0.0427341,-0.677656,-0.00610542,-0.161173,0.0146523,-0.0109901,-0.0109901,
-11.1268,10.8914,-5.4875,14.3776,-16.0695,27.4466,6.78964,-6.0366,1.07138,0.016286,-10.3053,9.91454,-1.12332,17.5336,-15.2869,29.6459,6.51624,-4.04103,0.909889,-0.118683,-0.0150681,0.0608454,-0.740253,0.486954,-1.74201,1.79656,-0.593003,0.852026,6.16064,-6.75765,-0.145415,0.172296,-0.799801,0.648943,-1.93745,2.10539,-0.437858,0.687517,0,0,-0.201466,-0.286936,0.0427341,0.0671558,-0.506716,0.115995,-0.669109,0.0634918,-0.0109901,-0.0109901,
-9.52513,12.2561,-3.49788,15.6912,-18.9608,27.0081,6.63622,-6.43655,1.10047,0.0955735,-10.2076,10.989,-3.07692,15.4823,-16.8498,27.2039,5.39487,-5.35385,0.962639,-0.092308,-0.0226974,0.052453,-0.745975,0.485428,-1.74506,1.80228,-0.600634,0.85317,6.16102,-6.75765,-0.142574,0.176626,-0.799696,0.655501,-1.95757,2.11071,-0.423864,0.675598,0,0,-0.421246,-0.360195,-0.445665,-0.128204,-0.054945,0.250305,-0.151403,0.0244198,0.0329666,0.0109901,
-9.72521,10.3962,-4.21742,13.745,-20.5083,27.0377,5.28759,-5.2516,1.16929,0.189212,-10.3053,10.8913,-3.46764,14.8962,-18.9011,26.5201,5.68205,-6.16068,1.04176,0.0131874,-0.0291824,0.0509272,-0.756275,0.484283,-1.74468,1.808,-0.596056,0.852407,6.16102,-6.75765,-0.143142,0.167051,-0.813921,0.638023,-1.97316,2.11473,-0.438678,0.703355,0,0,-0.177046,0.0183144,-0.323565,0.0305252,-0.0183144,0.189255,0.210012,-0.0634918,0.0109901,-0.0109901,
-10.5669,9.78976,-4.483,14.1093,-20.1397,26.531,5.01955,-4.78077,1.23273,0.254772,-10.7937,10.4029,-4.73749,14.0171,-19.8779,26.4225,5.62735,-5.44957,1.06813,0.118683,-0.0268936,0.0516901,-0.758183,0.484665,-1.74735,1.81296,-0.594149,0.851645,6.16178,-6.75765,-0.14003,0.161076,-0.810639,0.640824,-1.97703,2.11528,-0.454472,0.718113,0,0,0.128204,0.0183144,-0.0793648,-0.0183144,-0.177046,0.225885,0.00488472,-0.0146523,0.0329666,-0.0109901,
-9.94189,9.40582,-4.19541,15.1889,-19.5649,27.7207,4.56878,-4.37267,1.16573,0.309959,-10.5006,9.81685,-4.93285,13.9194,-19.9756,26.3248,5.10769,-4.83419,0.98901,0.197803,-0.0253677,0.0516901,-0.758183,0.484283,-1.75193,1.81716,-0.594149,0.851645,6.16674,-6.75765,-0.136444,0.155589,-0.804188,0.652439,-1.97562,2.12985,-0.467482,0.729937,0,0,-0.0183144,-0.0183144,0.0183144,-0.0183144,-0.189255,0.140415,-0.00488472,-0.00488472,0.274727,-0.0329666,
-9.62594,8.91275,-3.95587,15.3494,-19.0562,28.3362,4.74409,-4.53553,1.04217,0.335664,-10.3053,9.5238,-4.54213,14.7009,-19.3895,27.3993,4.53333,-4.54701,0.804394,0.224174,-0.0261307,0.0516901,-0.758183,0.484283,-1.75498,1.81868,-0.594149,0.851645,6.17399,-6.75765,-0.13451,0.150517,-0.80234,0.654629,-1.97302,2.13699,-0.462613,0.725413,0,0,-0.0427341,-0.00610542,-0.00610542,-0.00610542,-0.189255,0.103785,-0.00488472,-0.00488472,0.582417,-0.0329666,
-9.38439,8.5429,-2.87767,16.4426,-18.7825,28.6271,5.26791,-4.88128,0.944521,0.334649,-10.0122,9.03542,-4.24908,15.0916,-19.2918,27.79,4.64273,-4.58803,0.778023,0.276924,-0.0257492,0.0509272,-0.757801,0.484665,-1.75879,1.82097,-0.594149,0.851645,6.1923,-6.75765,-0.129817,0.145238,-0.788351,0.667971,-1.97217,2.14251,-0.448062,0.715809,0,0,0.00610542,-0.0183144,0.0427341,0.0183144,-0.140415,0.103785,-0.00488472,-0.00488472,0.824177,-0.0109901,
-8.80475,8.00595,-1.75033,17.3011,-19.1622,28.6063,5.69629,-4.90088,0.84945,0.332283,-9.71918,8.64468,-3.46764,16.0684,-18.9988,28.083,5.08034,-4.84786,0.725273,0.303295,-0.0257492,0.0509272,-0.757801,0.484665,-1.7607,1.82441,-0.594149,0.851645,6.21481,-6.75765,-0.123376,0.139679,-0.776232,0.676696,-1.97626,2.14816,-0.435674,0.715265,0,0,0.00610542,-0.00610542,0.0305252,-0.00610542,-0.0793648,0.177046,0.00488472,-0.00488472,1.04396,-0.0109901,
-8.63228,7.7584,-1.62394,17.1436,-19.2052,29.5628,6.05717,-5.1173,0.781817,0.317056,-9.32845,8.25397,-2.49084,16.7521,-19.0965,28.2784,5.47692,-4.90257,0.672527,0.276924,-0.0253677,0.0505457,-0.757801,0.484665,-1.76223,1.82631,-0.593767,0.851645,6.2377,-6.75765,-0.121078,0.13614,-0.775641,0.674946,-1.97826,2.15825,-0.425268,0.709253,0,0,0.00610542,-0.0183144,0.00610542,-0.00610542,-0.0793648,0.103785,0.00488472,-0.00488472,1.17582,-0.0109901,
-8.92148,7.98826,-3.31266,15.5691,-19.4615,30.1874,5.80706,-5.25962,0.726869,0.289356,-8.93773,8.05861,-2.10013,16.9475,-18.8034,29.3529,5.75043,-5.14872,0.646152,0.276924,-0.0246048,0.0494013,-0.756275,0.484665,-1.76528,1.82784,-0.593003,0.851645,6.26593,-6.75727,-0.123936,0.135921,-0.790437,0.657451,-1.9866,2.16468,-0.428033,0.7053,0,0,-0.00610542,-0.0671558,0.0793648,-0.00610542,-0.152626,0.0427341,0.0732594,-0.00488472,1.24176,-0.0109901,
-8.97103,8.39514,-4.48282,14.2319,-19.9364,29.8041,5.63188,-5.4512,0.623469,0.253188,-8.93773,8.25397,-2.49084,16.6544,-18.9988,29.5482,5.83248,-5.20342,0.593407,0.276924,-0.0249863,0.0474939,-0.753986,0.484665,-1.76833,1.82898,-0.591477,0.851645,6.29072,-6.75765,-0.125275,0.137721,-0.800336,0.643,-1.99615,2.16319,-0.432838,0.699978,0,0,-0.0183144,-0.0915756,0.103785,0.00610542,-0.189255,0.0915756,0.0439568,-0.00488472,1.37363,-0.0109901,
-8.66868,8.93861,-5.10531,13.0509,-21.1129,29.242,6.07785,-5.83647,0.563586,0.211684,-8.93773,8.54701,-3.95604,14.7985,-19.8779,29.5482,5.69573,-5.46325,0.593407,0.224174,-0.0257492,0.0444422,-0.752842,0.483902,-1.77138,1.83051,-0.591096,0.851645,6.322,-6.75727,-0.123899,0.13908,-0.809364,0.627895,-2.00984,2.15766,-0.422511,0.689276,0,0,-0.054945,-0.140415,0.00610542,-0.0305252,-0.115995,0.0671558,-0.00488472,-0.00488472,1.41758,-0.0109901,
-8.6763,8.61505,-5.40609,11.8507,-21.5955,28.9083,6.51381,-6.30855,0.496049,0.15117,-9.03542,8.44933,-5.03052,13.0403,-21.0501,28.8645,5.9282,-5.73675,0.514286,0.197803,-0.0257492,0.0432978,-0.752842,0.483521,-1.77405,1.8328,-0.591096,0.851645,6.35443,-6.75727,-0.121949,0.138817,-0.812706,0.614584,-2.01828,2.15665,-0.410401,0.676163,0,0,0.00610542,-0.00610542,0.00610542,-0.0183144,-0.128204,0.0793648,-0.00488472,-0.00488472,1.46154,0.0109901,
-8.27766,8.62985,-4.99494,11.5129,-22.3953,28.56,6.76338,-6.36811,0.435045,0.108966,-8.93773,8.35165,-5.42125,12.2589,-21.5385,28.083,6.35214,-6.17436,0.487911,0.171429,-0.0257492,0.0432978,-0.753223,0.483521,-1.77558,1.83509,-0.591096,0.851263,6.38075,-6.75727,-0.11752,0.138982,-0.809333,0.610831,-2.02787,2.1571,-0.403469,0.67315,0,0,0.00610542,-0.00610542,-0.0183144,-0.0183144,-0.103785,0.140415,-0.00488472,-0.0244198,1.48352,-0.0109901,
-7.739,8.43866,-3.58477,12.9246,-21.6834,28.7349,7.11859,-6.51321,0.412175,0.0546109,-8.54701,8.44933,-5.32356,12.4542,-22.1245,27.3993,6.66667,-6.29744,0.46154,0.118683,-0.0257492,0.0432978,-0.753223,0.480087,-1.77825,1.83967,-0.591096,0.850882,6.40936,-6.75765,-0.112349,0.137264,-0.793258,0.616571,-2.02426,2.16729,-0.393601,0.667761,0,0,-0.0183144,0.00610542,-0.00610542,-0.213675,-0.152626,0.250305,-0.00488472,-0.0439568,1.41758,-0.0109901,
-7.42866,8.20409,-2.59331,14.4228,-21.6021,28.9582,7.01451,-5.85576,0.372317,-0.00478566,-8.25397,8.35165,-4.44444,13.3333,-21.7338,27.5946,6.85812,-6.39316,0.435165,0.0395622,-0.0253677,0.0432978,-0.75246,0.473221,-1.78168,1.84768,-0.591096,0.849356,6.43988,-6.75765,-0.108519,0.133844,-0.780258,0.622689,-2.02639,2.18144,-0.395516,0.684009,0,0,-0.0183144,-0.0183144,0.0305252,-0.323565,-0.140415,0.360195,0.0146523,-0.0537243,1.37363,-0.0109901,
-6.98918,7.50505,-1.72828,15.1785,-20.2067,28.2231,7.63737,-6.11017,0.377444,-0.0697347,-7.86325,8.1563,-4.05373,14.5055,-21.1477,27.9854,6.96752,-6.03761,0.408791,-0.0131874,-0.0249863,0.0432978,-0.748264,0.465972,-1.78588,1.85645,-0.589952,0.848211,6.47154,-6.75765,-0.101626,0.12567,-0.75831,0.623836,-2.01793,2.18245,-0.377558,0.676287,0,0,0.0305252,-0.0305252,0.274725,-0.323565,-0.225885,0.372406,0.00488472,-0.0439568,1.26374,-0.0109901,
-7.22221,7.40658,-2.21754,14.3184,-19.6404,28.1557,8.19325,-6.66847,0.319585,-0.138596,-7.76556,7.57021,-3.36996,14.8962,-19.8779,27.79,7.3641,-6.01026,0.435165,-0.0659332,-0.0234604,0.0432978,-0.740635,0.462157,-1.79084,1.86255,-0.589952,0.847448,6.49138,-6.75765,-0.101062,0.124983,-0.753675,0.614128,-2.01822,2.18577,-0.362117,0.65855,0,0,0.0793648,-0.0183144,0.347986,-0.213675,-0.274725,0.311356,0.00488472,-0.0732594,1.24176,-0.0109901,
-7.67351,7.64555,-2.90892,13.2252,-19.0844,27.7286,8.02152,-6.99915,0.337012,-0.190318,-7.57021,7.17949,-3.36996,14.6032,-19.0965,27.5946,7.62393,-6.28376,0.46154,-0.118683,-0.0219345,0.0432978,-0.732624,0.458343,-1.79809,1.86942,-0.588426,0.84516,6.51923,-6.75765,-0.104143,0.128045,-0.750904,0.600609,-2.02214,2.18708,-0.360478,0.645611,0,0,0.0915756,-0.00610542,0.421246,-0.140415,-0.360195,0.286936,0.102564,-0.102564,1.06593,-0.0329666,
-8.16148,8.51474,-3.68886,12.9238,-18.9282,27.1945,7.74817,-7.30472,0.25079,-0.253157,-7.57021,7.47253,-3.27228,14.2124,-18.5104,27.1062,7.81538,-6.88547,0.356045,-0.224174,-0.0200272,0.0432978,-0.724995,0.452621,-1.80686,1.87552,-0.584992,0.842488,6.54288,-6.75765,-0.109693,0.137295,-0.755603,0.585433,-2.02959,2.18725,-0.362684,0.633474,0,0,0.0305252,-0.0183144,0.311356,-0.323565,-0.372406,0.286936,0.141636,-0.122101,1.06593,-0.0329666,
-7.80149,8.80146,-4.11387,12.6929,-19.6643,25.846,7.64884,-7.18618,0.2336,-0.320588,-7.86325,7.86325,-4.05373,13.9194,-18.7057,26.3248,7.85641,-7.21367,0.382416,-0.276924,-0.0211716,0.0432978,-0.719654,0.446136,-1.81258,1.88201,-0.583467,0.841725,6.55966,-6.75765,-0.110093,0.140481,-0.754985,0.575569,-2.04104,2.18079,-0.367336,0.6404,0,0,-0.0671558,-0.0183144,0.311356,-0.347986,-0.299145,0.347986,0.0732594,-0.0341873,0.956043,-0.0109901,
-7.65782,8.72347,-3.81245,12.8275,-19.4367,24.2754,7.86147,-6.72812,0.25845,-0.365692,-8.1563,8.44933,-4.54213,13.3333,-19.3895,25.1526,7.76068,-6.99487,0.356045,-0.32967,-0.021553,0.0436792,-0.71355,0.437743,-1.81868,1.89078,-0.582704,0.838674,6.57836,-6.75765,-0.106436,0.14081,-0.747974,0.56745,-2.04421,2.17374,-0.364085,0.643723,0,0,0.00610542,0.00610542,0.238094,-0.384615,-0.286936,0.396826,0.00488472,-0.161173,0.802197,-0.0109901,
-7.5307,8.72561,-3.91025,12.3665,-19.4333,23.6369,8.07959,-6.97621,0.274579,-0.424029,-8.05861,8.54701,-4.24908,12.8449,-19.6825,24.0781,7.82906,-6.96752,0.382416,-0.382416,-0.0211716,0.0440607,-0.708972,0.43164,-1.82326,1.89803,-0.582704,0.837148,6.59361,-6.75765,-0.104642,0.141215,-0.746518,0.560702,-2.04631,2.17063,-0.358515,0.640678,0,0,0.00610542,0.00610542,0.177046,-0.250305,-0.213675,0.299145,-0.00488472,-0.0537243,0.67033,0.0109901,
-7.52973,8.91753,-4.1194,12.0543,-19.4736,23.0821,8.09251,-7.04992,0.303986,-0.45533,-7.76556,8.54701,-4.24908,12.4542,-19.4872,23.2967,8.00684,-7.04957,0.356045,-0.435165,-0.0211716,0.0440607,-0.705539,0.427062,-1.8267,1.90413,-0.582704,0.836766,6.6062,-6.75765,-0.105039,0.143348,-0.746222,0.555504,-2.04856,2.16813,-0.358156,0.640202,0,0,-0.00610542,0.00610542,0.152626,-0.164835,-0.164835,0.225885,-0.00488472,-0.0146523,0.516483,-0.0109901,
-7.63638,9.12338,-3.97835,12.3829,-19.1058,22.854,7.98007,-6.95539,0.292551,-0.493531,-7.66789,8.74237,-4.44444,12.2589,-19.3895,23.0037,8.02051,-7.13162,0.435165,-0.46154,-0.0207901,0.0440607,-0.703631,0.424773,-1.82898,1.90642,-0.582704,0.836385,6.61383,-6.75765,-0.105842,0.146042,-0.743155,0.557273,-2.04636,2.16626,-0.361279,0.642447,0,0,-0.00610542,0.0183144,0.140415,-0.152626,-0.152626,0.177046,-0.00488472,-0.0146523,0.45055,-0.0109901,
-7.66487,9.46288,-4.0495,12.7831,-18.6763,22.5189,8.12443,-7.14941,0.271696,-0.528969,-7.76556,8.93773,-4.44444,12.2589,-19.0965,22.906,7.97949,-7.00855,0.356045,-0.514286,-0.0207901,0.0440607,-0.700198,0.42134,-1.83165,1.90948,-0.582704,0.836385,6.62184,-6.75765,-0.106973,0.149407,-0.740105,0.558287,-2.04304,2.16315,-0.357269,0.637546,0,0,-0.0305252,0.00610542,0.152626,-0.152626,-0.115995,0.103785,-0.00488472,-0.00488472,0.406593,-0.0109901,
-7.8685,9.61771,-3.94785,13.2389,-18.0911,22.8,8.12307,-7.24421,0.38127,-0.55488,-7.66789,9.03542,-4.44444,12.4542,-18.9011,22.6129,8.04786,-7.13162,0.46154,-0.514286,-0.0211716,0.0444422,-0.697146,0.419814,-1.83394,1.91062,-0.582704,0.836385,6.62757,-6.75765,-0.10921,0.151916,-0.73511,0.564268,-2.03801,2.16416,-0.357307,0.634912,0,0,-0.0183144,0.0183144,0.177046,-0.0793648,-0.0915756,0.00610542,-0.00488472,-0.00488472,0.142857,-0.0109901,
-8.16484,9.94665,-3.69547,13.7297,-18.1892,22.7677,7.97148,-7.02717,0.439901,-0.57295,-7.96092,9.32845,-3.95604,12.8449,-18.5104,22.8083,8.04786,-7.24103,0.46154,-0.567032,-0.0211716,0.0452051,-0.695621,0.419051,-1.83432,1.91062,-0.582704,0.836385,6.62833,-6.75803,-0.111688,0.156741,-0.734443,0.570179,-2.03745,2.16298,-0.361518,0.640941,0,0,0.00610542,0.0305252,0.0671558,-0.0427341,-0.0305252,-0.0183144,-0.00488472,-0.00488472,0.0109901,-0.0109901,
-8.47616,10.1519,-3.50166,14.2814,-17.9596,22.9218,7.9172,-6.9501,0.424978,-0.583768,-8.1563,9.23077,-3.85837,13.0403,-18.6081,23.0037,8.02051,-7.2,0.408791,-0.593407,-0.0207901,0.0459681,-0.694858,0.419051,-1.83394,1.90948,-0.582704,0.836385,6.62833,-6.75803,-0.114359,0.160598,-0.732747,0.57753,-2.03288,2.16152,-0.363026,0.643082,0,0,0.0183144,0.054945,0.0305252,-0.00610542,0.0183144,-0.0793648,-0.00488472,-0.00488472,0.0329666,-0.0109901,
-8.70885,10.5859,-3.55069,14.8927,-17.5511,22.9902,7.79181,-6.85565,0.449476,-0.583737,-8.54701,10.0122,-3.85837,14.0171,-18.2173,22.8083,7.88376,-6.96752,0.408791,-0.619781,-0.0207901,0.0463495,-0.693332,0.419051,-1.83356,1.90795,-0.582704,0.836385,6.62833,-6.75803,-0.117759,0.164581,-0.730545,0.583916,-2.02837,2.16075,-0.366509,0.645706,0,0,-0.00610542,0.0183144,0.0671558,-0.0183144,0.00610542,-0.0793648,-0.00488472,-0.00488472,-0.0109901,-0.0109901,
-9.08967,10.9702,-3.52101,15.2597,-17.157,23.2673,7.63302,-6.80375,0.453714,-0.574128,-8.64468,10.2076,-3.66301,14.5055,-17.8266,23.0037,7.85641,-6.94017,0.408791,-0.619781,-0.0211716,0.046731,-0.69295,0.419051,-1.83318,1.90642,-0.582704,0.836385,6.62833,-6.75803,-0.122778,0.169232,-0.731462,0.5884,-2.02361,2.16149,-0.370919,0.647148,0,0,-0.0183144,0.0183144,0.0183144,-0.00610542,0.00610542,-0.103785,-0.00488472,-0.00488472,-0.0109901,-0.0109901,
-9.51125,11.2171,-3.56235,15.4476,-16.8432,23.4305,7.5517,-6.8403,0.463676,-0.540688,-9.13309,10.5983,-3.56532,14.9939,-17.4359,23.2967,7.61026,-6.84444,0.408791,-0.619781,-0.0211716,0.0474939,-0.69295,0.419433,-1.8328,1.90413,-0.582704,0.836385,6.62833,-6.75803,-0.127056,0.173146,-0.732735,0.591684,-2.01934,2.16101,-0.373178,0.646132,0,0,-0.00610542,0.0305252,-0.00610542,0.0183144,0.0183144,-0.103785,-0.00488472,-0.00488472,-0.0109901,-0.0329666,
-9.87526,10.9965,-3.72643,15.7564,-16.7648,23.4881,7.36241,-6.73571,0.480838,-0.518347,-9.5238,10.5006,-3.76068,15.1893,-17.1429,23.2967,7.56923,-6.85812,0.435165,-0.619781,-0.0211716,0.0497828,-0.692569,0.419433,-1.83242,1.90261,-0.582704,0.836385,6.62833,-6.75803,-0.130286,0.17624,-0.73377,0.594707,-2.01808,2.16094,-0.378437,0.649037,0,0,0.0183144,0.128204,0.00610542,0.00610542,0.0183144,-0.0793648,-0.00488472,-0.00488472,-0.0109901,-0.0109901,
-9.86905,10.9862,-3.57323,16.0826,-16.7988,23.447,7.26836,-6.64222,0.504393,-0.474597,-9.91454,10.5983,-3.76068,15.4823,-17.0452,23.3944,7.3641,-6.73504,0.435165,-0.567032,-0.0211716,0.052453,-0.69295,0.419814,-1.83127,1.90108,-0.582704,0.836385,6.62833,-6.75803,-0.130624,0.177981,-0.733263,0.59912,-2.0161,2.15937,-0.381049,0.651634,0,0,0.00610542,0.103785,-0.0183144,0.0183144,0.054945,-0.0671558,-0.00488472,-0.00488472,-0.0109901,-0.0109901,
-9.96958,10.6084,-3.47526,16.6296,-16.6245,23.6862,7.0633,-6.46403,0.531965,-0.420788,-10.1099,10.4029,-3.76068,15.7753,-17.0452,23.3944,7.21368,-6.68034,0.46154,-0.540661,-0.0207901,0.0558863,-0.69295,0.419814,-1.83013,1.89994,-0.582704,0.836385,6.62833,-6.75803,-0.130953,0.178438,-0.731768,0.604791,-2.01342,2.16129,-0.386745,0.656584,0,0,0.0183144,0.140415,-0.00610542,0.00610542,0.0427341,-0.054945,-0.00488472,-0.00488472,-0.0109901,-0.0109901,
-10.2091,10.5724,-3.90591,16.793,-16.4059,24.2124,6.59652,-6.09987,0.5689,-0.346817,-10.1099,10.4029,-3.76068,16.1661,-16.8498,23.5897,7.1453,-6.58462,0.46154,-0.514286,-0.0204086,0.0577936,-0.69295,0.420196,-1.82975,1.89879,-0.582704,0.836385,6.62833,-6.75803,-0.133232,0.178725,-0.736146,0.606581,-2.01183,2.16558,-0.399711,0.6667,0,0,0.0183144,0.103785,0.00610542,-0.00610542,0.00610542,-0.0671558,-0.00488472,-0.00488472,-0.0329666,-0.0329666,
-10.1605,10.7809,-3.91862,17.0546,-16.2149,24.2461,6.28073,-5.90323,0.570204,-0.291799,-10.3053,10.696,-3.95604,16.5568,-16.5568,23.9805,6.63932,-6.18803,0.514286,-0.408791,-0.0200272,0.058938,-0.69295,0.420196,-1.82937,1.89765,-0.582704,0.836766,6.62833,-6.75803,-0.132718,0.178115,-0.737508,0.609487,-2.00973,2.16563,-0.408483,0.67352,0,0,0.00610542,-0.0183144,-0.0305252,-0.00610542,-0.00610542,-0.0427341,-0.00488472,0.0146523,0.0109901,-0.0109901,
-10.1305,10.352,-3.93203,17.3812,-15.7843,24.8867,6.07019,-5.70297,0.615167,-0.224712,-10.3053,10.5983,-4.05373,16.6544,-16.4591,24.0781,6.42051,-5.99658,0.514286,-0.382416,-0.0200272,0.058938,-0.693332,0.420196,-1.82975,1.89689,-0.583085,0.836766,6.62833,-6.75765,-0.132791,0.17457,-0.737631,0.613931,-2.00533,2.17157,-0.415201,0.678595,0,0,-0.00610542,0.0183144,-0.0183144,0.0183144,-0.00610542,-0.054945,-0.0146523,0.00488472,-0.0329666,-0.0109901,
-10.1176,10.1157,-4.3731,16.839,-16.073,25.059,5.76858,-5.36313,0.624952,-0.159125,-10.3053,10.3053,-4.05373,16.9475,-15.9707,24.7619,6.05128,-5.80513,0.540661,-0.303295,-0.0200272,0.058938,-0.693713,0.421721,-1.82975,1.89574,-0.583085,0.836766,6.62833,-6.75765,-0.132648,0.171538,-0.743728,0.611874,-2.00854,2.17194,-0.423091,0.687546,0,0,-0.00610542,0.00610542,-0.0427341,0.0915756,-0.00610542,-0.0671558,-0.00488472,-0.00488472,-0.0109901,-0.0109901,
-10.1836,9.93387,-4.59016,17.1302,-16.0138,25.2756,5.37132,-5.10714,0.658993,-0.0952104,-10.4029,10.2076,-4.24908,16.9475,-16.0684,24.9573,5.75043,-5.58632,0.567032,-0.250549,-0.0196457,0.058938,-0.694095,0.422484,-1.82975,1.8946,-0.583085,0.836766,6.62833,-6.75765,-0.131779,0.169111,-0.746928,0.613023,-2.0087,2.17442,-0.434126,0.695146,0,0,0.0305252,-0.00610542,-0.054945,0.00610542,-0.0305252,-0.0305252,-0.00488472,0.00488472,-0.0329666,-0.0109901,
-10.1406,9.59459,-5.09118,17.0692,-16.7012,25.6501,4.80413,-4.69429,0.657519,-0.037751,-10.4029,9.91454,-4.44444,16.9475,-16.2637,25.0549,5.40855,-5.39487,0.593407,-0.171429,-0.0185013,0.058938,-0.696002,0.422484,-1.82975,1.89422,-0.583085,0.838292,6.62833,-6.75765,-0.130158,0.165748,-0.756437,0.611939,-2.01511,2.17901,-0.45037,0.712535,0,0,0.0305252,0.00610542,-0.115995,-0.00610542,0.00610542,-0.00610542,-0.0146523,0.0927963,0.0109901,-0.0109901,
-9.96384,9.17696,-5.61496,17.2427,-16.5648,25.934,4.88476,-4.90462,0.709006,0.0107834,-10.2076,9.62149,-5.22589,16.9475,-16.6544,25.4457,5.05299,-5.05299,0.619781,-0.118683,-0.0185013,0.058938,-0.696383,0.422484,-1.82975,1.89422,-0.583467,0.840581,6.62833,-6.75765,-0.129007,0.160294,-0.759382,0.613866,-2.01441,2.18217,-0.451442,0.710935,0,0,0.00610542,-0.0183144,-0.0183144,-0.00610542,-0.0183144,-0.00610542,-0.0732594,0.131868,-0.0109901,-0.0109901,
-9.79287,8.85126,-5.5027,17.2347,-16.7737,26.556,4.70141,-4.8498,0.75029,0.0649309,-10.1099,9.23077,-5.22589,17.0452,-16.7521,25.7387,4.82051,-4.98462,0.646152,-0.0659332,-0.0185013,0.058938,-0.698672,0.422484,-1.82975,1.89422,-0.585755,0.844397,6.62833,-6.75765,-0.127514,0.156675,-0.764901,0.614184,-2.01633,2.18908,-0.458824,0.717739,0,0,-0.00610542,-0.0183144,-0.152626,0.00610542,-0.00610542,-0.00610542,-0.0732594,0.161173,-0.0109901,-0.0329666,
-9.59382,8.32559,-5.42149,17.4391,-16.8932,27.0604,4.22707,-4.12452,0.813718,0.0871259,-10.0122,8.84004,-5.51892,17.0452,-16.8498,26.3248,4.58804,-4.71111,0.698902,-0.0131874,-0.0185013,0.0585566,-0.701724,0.422484,-1.82975,1.89422,-0.586137,0.844778,6.62833,-6.75765,-0.124896,0.15086,-0.765829,0.616455,-2.01765,2.19468,-0.469451,0.730941,0,0,0.00610542,-0.00610542,-0.115995,0.00610542,-0.00610542,-0.00610542,-0.0146523,0.0146523,-0.0329666,-0.0109901,
-9.24767,7.88327,-5.22223,17.6062,-17.2005,27.4331,3.85598,-3.64216,0.861554,0.111254,-10.0122,8.64468,-5.32356,17.0452,-16.9475,26.5201,4.39658,-4.41026,0.725273,0.0131874,-0.0185013,0.0585566,-0.703631,0.422866,-1.82975,1.89422,-0.586137,0.844778,6.62833,-6.75765,-0.121864,0.145945,-0.767151,0.6191,-2.02066,2.19923,-0.479759,0.743363,0,0,-0.0183144,-0.00610542,-0.164835,0.0183144,0.00610542,0.00610542,-0.0146523,-0.00488472,-0.0109901,-0.0109901,
-8.8551,7.26762,-4.88678,17.0754,-16.9523,27.1616,4.2428,-3.95159,0.950124,0.127236,-9.5238,7.96092,-5.22589,17.0452,-17.3382,27.2039,3.97265,-4.0547,0.778023,0.0659332,-0.0185013,0.0581751,-0.707065,0.425155,-1.82975,1.89422,-0.586518,0.84516,6.62833,-6.75765,-0.117095,0.137909,-0.765636,0.61712,-2.01831,2.19581,-0.470372,0.736614,0,0,-0.00610542,-0.0305252,-0.128204,0.0671558,-0.00610542,-0.00610542,-0.0341873,0.0244198,-0.0329666,-0.0109901,
-8.72622,6.92281,-4.80964,16.7804,-16.8902,27.446,4.60565,-4.58964,1.01353,0.135373,-9.23077,7.47253,-4.83516,16.7521,-17.1429,27.0085,4.09573,-4.02735,0.830769,0.092308,-0.0185013,0.0577936,-0.708972,0.427062,-1.82975,1.89422,-0.5869,0.84783,6.62833,-6.75765,-0.115663,0.134103,-0.767093,0.618191,-2.01803,2.19897,-0.459698,0.726445,0,0,-0.00610542,-0.0183144,-0.140415,0.140415,-0.0183144,-0.00610542,-0.0146523,0.122101,-0.0109901,-0.0109901,
-8.55303,7.14383,-4.7691,16.3096,-17.0674,27.5185,4.92469,-4.6602,1.09618,0.125272,-8.93773,7.27716,-4.73749,16.2637,-17.0452,27.2039,4.49231,-4.39658,0.962639,0.092308,-0.0185013,0.0562677,-0.711642,0.430114,-1.82975,1.89422,-0.5869,0.848593,6.62833,-6.75765,-0.114145,0.130963,-0.768499,0.616419,-2.01959,2.19977,-0.450347,0.718899,0,0,-0.0183144,-0.140415,-0.115995,0.152626,-0.00610542,-0.00610542,-0.00488472,-0.00488472,-0.0329666,0.0109901,
-8.52467,7.09827,-4.27845,16.3543,-16.9624,27.8537,5.452,-5.21544,1.14921,0.119276,-8.84004,7.17949,-4.73749,16.0684,-17.1429,27.3016,4.79316,-4.67009,0.98901,0.092308,-0.0185013,0.0535975,-0.713931,0.432784,-1.83013,1.89422,-0.5869,0.848593,6.62871,-6.75765,-0.113423,0.128194,-0.765336,0.617957,-2.0188,2.2035,-0.435211,0.703475,0,0,-0.00610542,-0.128204,-0.115995,0.103785,-0.00610542,-0.00610542,0.00488472,-0.00488472,-0.0109901,0.0109901,
-8.61872,6.83545,-4.71327,15.526,-17.5959,28.2236,5.65747,-5.36878,1.20301,0.114749,-8.74237,6.88644,-4.6398,15.873,-17.1429,27.5946,5.25812,-5.12137,1.06813,0.092308,-0.0185013,0.0520716,-0.715838,0.436217,-1.83013,1.89422,-0.5869,0.848593,6.62871,-6.75765,-0.114468,0.12619,-0.77004,0.612594,-2.02584,2.20761,-0.429992,0.699216,0,0,-0.00610542,-0.054945,-0.054945,0.115995,-0.00610542,-0.00610542,-0.00488472,-0.00488472,-0.0109901,-0.0109901,
-8.56042,6.91378,-4.61051,15.3685,-17.7075,28.2284,6.18151,-6.02624,1.2479,0.0935275,-8.74237,6.78877,-4.83516,15.6777,-17.5336,27.8877,5.57265,-5.3265,1.14725,0.092308,-0.0185013,0.0509272,-0.715838,0.437743,-1.83051,1.8946,-0.5869,0.848593,6.62909,-6.75765,-0.114228,0.126322,-0.767677,0.609928,-2.02787,2.20845,-0.415435,0.680953,0,0,-0.0183144,-0.0427341,-0.0183144,0.0427341,-0.0183144,0.00610542,-0.00488472,-0.00488472,-0.0109901,-0.0109901,
-8.77888,6.94593,-5.00966,14.8472,-18.2977,28.6774,6.31375,-6.22039,1.26502,0.0647196,-8.74237,6.69109,-4.93285,15.2869,-17.8266,27.9854,5.8735,-5.72308,1.17363,0.0659332,-0.0188828,0.0505457,-0.715838,0.438888,-1.83051,1.89498,-0.5869,0.848211,6.62909,-6.75765,-0.116629,0.127519,-0.771298,0.606094,-2.03402,2.21423,-0.411762,0.675178,0,0,-0.00610542,-0.00610542,0.00610542,0.0671558,-0.00610542,0.0183144,-0.00488472,-0.00488472,0.0109901,-0.0109901,
-8.71321,7.03469,-4.66807,14.6368,-18.5046,28.3825,6.64635,-6.66134,1.28374,0.0309088,-8.84004,6.69109,-5.03052,14.8962,-18.4127,28.2784,6.22906,-6.24273,1.22637,0.0395622,-0.0188828,0.0505457,-0.715838,0.439269,-1.83051,1.89612,-0.5869,0.848211,6.62947,-6.75765,-0.1159,0.128505,-0.768316,0.601697,-2.03632,2.21372,-0.402523,0.66293,0,0,-0.00610542,-0.00610542,-0.0183144,-0.00610542,-0.00610542,0.0671558,-0.00488472,-0.00488472,0.0109901,-0.0109901,
-8.57912,7.21011,-4.27942,14.5264,-18.7923,28.4158,7.06936,-6.9869,1.21734,-0.0215877,-8.93773,6.88644,-5.03052,14.6032,-18.6081,28.083,6.50256,-6.57094,1.01538,0.0131874,-0.0188828,0.0501642,-0.715838,0.438888,-1.83051,1.89727,-0.5869,0.848211,6.631,-6.75765,-0.11441,0.129259,-0.763591,0.600088,-2.03952,2.21565,-0.390773,0.653886,0,0,-0.00610542,-0.0305252,-0.00610542,-0.00610542,-0.00610542,0.0793648,-0.00488472,-0.00488472,0.142857,0.0109901,
-8.41203,7.35751,-3.94565,14.1895,-19.1459,27.7357,7.52701,-7.30191,0.890318,-0.0596777,-8.84004,7.0818,-4.6398,14.5055,-18.8034,27.6923,6.94017,-6.95385,0.804394,-0.0131874,-0.0188828,0.0497828,-0.715457,0.438125,-1.83051,1.90032,-0.5869,0.848211,6.64397,-6.75765,-0.112146,0.130515,-0.759094,0.593955,-2.04385,2.21317,-0.37806,0.645136,0,0,0.00610542,-0.0305252,0.00610542,-0.054945,-0.0183144,0.140415,-0.00488472,-0.00488472,0.692307,-0.0109901,
-8.09928,7.51675,-3.39781,13.9622,-19.1768,27.3426,7.99226,-7.66546,0.779235,-0.111908,-8.64468,7.27716,-4.1514,14.3101,-19.0965,27.2039,7.24102,-7.10427,0.751648,-0.0659332,-0.0188828,0.0490198,-0.715457,0.436599,-1.83127,1.90375,-0.5869,0.84783,6.65579,-6.75765,-0.109485,0.131522,-0.753414,0.588681,-2.04577,2.21428,-0.364648,0.633679,0,0,-0.0183144,-0.0305252,-0.00610542,-0.0915756,-0.0427341,0.201466,0.00488472,-0.0244198,0.78022,-0.0109901,
-8.07233,7.55084,-3.3509,13.5528,-19.049,27.0406,8.37502,-8.05783,0.591769,-0.16737,-8.44933,7.27716,-3.95604,14.2124,-19.1941,26.9109,7.84274,-7.55556,0.619781,-0.118683,-0.0188828,0.0486383,-0.714694,0.43431,-1.83318,1.90833,-0.5869,0.847448,6.67868,-6.75765,-0.108779,0.132333,-0.749688,0.580624,-2.04789,2.2155,-0.354505,0.622399,0,0,-0.00610542,-0.00610542,0.0671558,-0.128204,-0.0915756,0.201466,-0.00488472,-0.0244198,0.978024,-0.0109901,
-7.93835,7.71521,-3.10674,12.9162,-19.1213,26.4357,8.71681,-8.34311,0.45465,-0.235985,-8.25397,7.37485,-3.85837,13.8217,-18.9011,26.6178,8.07521,-7.73333,0.593407,-0.145054,-0.0188828,0.0486383,-0.713168,0.432403,-1.83509,1.91215,-0.5869,0.846685,6.69547,-6.75765,-0.10729,0.134159,-0.745449,0.572457,-2.05141,2.213,-0.345011,0.611269,0,0,-0.00610542,-0.00610542,0.0671558,-0.103785,-0.115995,0.213675,-0.00488472,-0.0732594,1.06593,0.0109901,
-7.79149,7.78885,-2.45268,12.853,-18.9392,25.7238,9.03293,-8.52227,0.376637,-0.263687,-8.1563,7.47253,-3.36996,13.3333,-19.1941,25.7387,8.5812,-8.18462,0.487911,-0.224174,-0.0188828,0.0486383,-0.712024,0.428969,-1.83776,1.91825,-0.5869,0.844397,6.72255,-6.75765,-0.105251,0.135385,-0.738258,0.566286,-2.05206,2.21241,-0.336229,0.601562,0,0,0.00610542,0.00610542,0.0305252,-0.164835,-0.115995,0.250305,-0.00488472,-0.122101,1.04396,-0.0329666,
-7.4287,7.80348,-2.15236,12.4522,-18.7714,25.0149,9.4192,-9.09403,0.328644,-0.326713,-8.05861,7.57021,-3.36996,13.138,-18.8034,25.2503,8.7453,-8.51282,0.408791,-0.276924,-0.0188828,0.0486383,-0.710498,0.425918,-1.83967,1.92245,-0.5869,0.843633,6.73629,-6.75765,-0.102034,0.13514,-0.730546,0.558374,-2.05251,2.20914,-0.325499,0.590288,0,0,-0.0183144,-0.00610542,0.115995,-0.177046,-0.128204,0.262516,-0.00488472,-0.0146523,0.978024,-0.0109901,
-7.48099,7.94327,-2.13676,11.976,-18.4357,24.1383,9.54681,-9.22226,0.289288,-0.36542,-7.76556,7.66789,-2.88156,12.8449,-18.7057,24.4689,9.23761,-8.8547,0.408791,-0.32967,-0.0188828,0.0490198,-0.706683,0.421721,-1.8431,1.92893,-0.586518,0.842488,6.7607,-6.75765,-0.101801,0.137482,-0.72493,0.547665,-2.05384,2.2067,-0.321085,0.581186,0,0,0.00610542,0.00610542,0.164835,-0.213675,-0.177046,0.286936,0.00488472,-0.102564,0.89011,-0.0329666,
-7.54716,8.34655,-2.84549,11.6894,-18.7515,23.7943,9.47517,-9.19796,0.224932,-0.431933,-7.66789,7.76556,-2.97925,12.5519,-18.4127,23.8828,9.42906,-9.00513,0.382416,-0.382416,-0.0188828,0.0486383,-0.701724,0.416762,-1.84653,1.93275,-0.586518,0.840962,6.77253,-6.75765,-0.103351,0.141174,-0.72459,0.539115,-2.06078,2.20506,-0.323563,0.581312,0,0,-0.0183144,-0.00610542,0.262516,-0.225885,-0.177046,0.238094,-0.00488472,-0.0830288,0.846153,-0.0109901,
-7.69493,8.69239,-3.49631,11.5588,-18.9421,22.7725,9.36997,-9.04183,0.237971,-0.487318,-7.66789,7.96092,-3.56532,12.6496,-18.4127,23.199,9.40171,-9.08718,0.356045,-0.435165,-0.0188828,0.0486383,-0.696002,0.41104,-1.84958,1.93847,-0.586518,0.837911,6.79007,-6.75765,-0.104585,0.145017,-0.724471,0.529093,-2.06555,2.19984,-0.326486,0.581132,0,0,-0.00610542,-0.00610542,0.311356,-0.311356,-0.164835,0.250305,-0.00488472,-0.112331,0.67033,-0.0109901,
-7.84811,9.04467,-4.0575,11.7352,-18.4969,22.0827,9.24745,-9.16857,0.236333,-0.541708,-7.86325,8.35165,-4.05373,12.2589,-18.8034,22.4176,9.29231,-9.1282,0.32967,-0.514286,-0.0188828,0.0490198,-0.689517,0.403028,-1.85378,1.94381,-0.586518,0.836385,6.80342,-6.75765,-0.106694,0.14972,-0.723815,0.520599,-2.06561,2.19711,-0.329889,0.578528,0,0,-0.0183144,0.00610542,0.323565,-0.384615,-0.189255,0.238094,-0.00488472,-0.0634918,0.53846,-0.0109901,
-7.94998,9.41144,-4.57515,11.8548,-18.755,21.5766,9.08903,-9.14128,0.223705,-0.580737,-7.96092,8.64468,-4.73749,12.1612,-18.6081,21.9292,9.18291,-9.23761,0.356045,-0.540661,-0.0188828,0.0490198,-0.683795,0.396544,-1.85645,1.94762,-0.586518,0.836385,6.8122,-6.75803,-0.107826,0.153388,-0.723845,0.517071,-2.06871,2.19367,-0.334289,0.582216,0,0,-0.0183144,-0.00610542,0.323565,-0.335775,-0.115995,0.189255,-0.00488472,-0.00488472,0.45055,-0.0329666,
-8.08576,9.71721,-4.61965,12.7421,-18.349,21.3253,8.98857,-9.04588,0.26354,-0.635692,-8.05861,8.93773,-4.93285,12.4542,-18.8034,21.4408,9.07351,-9.22393,0.32967,-0.593407,-0.0188828,0.0490198,-0.676929,0.389296,-1.85874,1.95068,-0.586518,0.836385,6.81983,-6.75803,-0.108521,0.156785,-0.718693,0.519275,-2.06567,2.1919,-0.33708,0.584866,0,0,0.00610542,-0.00610542,0.286936,-0.347986,-0.0915756,0.128204,-0.00488472,-0.00488472,0.296703,-0.0109901,
-8.2049,9.87243,-4.49787,13.4785,-18.2407,21.4562,8.86944,-8.80414,0.304971,-0.659842,-8.1563,9.42613,-4.93285,12.4542,-18.8034,21.3431,8.92308,-9.0735,0.303295,-0.646152,-0.0192642,0.0494013,-0.672351,0.383192,-1.85912,1.95258,-0.586518,0.836385,6.82479,-6.75803,-0.110226,0.159705,-0.715612,0.525424,-2.062,2.19282,-0.340389,0.591581,0,0,0.00610542,0.0183144,0.201466,-0.225885,-0.00610542,0.054945,-0.00488472,-0.00488472,0.164837,-0.0329666,
-8.32705,10.0789,-4.37602,14.3097,-18.0909,21.522,8.81917,-8.63866,0.387809,-0.699879,-8.35165,9.62149,-5.03052,13.2357,-18.6081,21.4408,8.84103,-8.8547,0.356045,-0.672527,-0.0188828,0.0494013,-0.668536,0.38014,-1.85836,1.95258,-0.586518,0.836385,6.82517,-6.75803,-0.111609,0.161999,-0.710443,0.533642,-2.05713,2.19151,-0.341785,0.596178,0,0,-0.00610542,0.0183144,0.201466,-0.164835,0.0671558,-0.00610542,-0.00488472,-0.00488472,-0.0109901,-0.0109901,
-8.67677,10.2202,-4.21047,14.9648,-17.4654,21.657,8.63649,-8.36625,0.374447,-0.718757,-8.44933,9.71918,-4.83516,13.7241,-18.315,21.5385,8.75898,-8.71795,0.356045,-0.725273,-0.0188828,0.0501642,-0.665103,0.378233,-1.8576,1.9522,-0.586518,0.836385,6.82517,-6.75803,-0.115088,0.164739,-0.706391,0.54227,-2.05064,2.191,-0.34686,0.604233,0,0,0.00610542,0.0305252,0.164835,-0.0671558,0.0305252,-0.054945,-0.00488472,0.00488472,0.0109901,-0.0109901,
-9.35859,10.6399,-4.53209,15.2136,-17.1469,21.7148,8.49566,-8.427,0.390939,-0.73096,-8.74237,9.91454,-4.34677,14.6032,-17.7289,21.8315,8.60855,-8.47179,0.356045,-0.725273,-0.0185013,0.0516901,-0.662433,0.376707,-1.85683,1.95029,-0.586518,0.836385,6.82517,-6.75803,-0.121875,0.171743,-0.709737,0.542694,-2.04634,2.18852,-0.350772,0.602057,0,0,0.0183144,0.054945,0.0915756,-0.0915756,0.0305252,-0.0915756,-0.00488472,-0.00488472,-0.0109901,-0.0109901,
-9.49637,11.0223,-4.05183,15.4381,-16.3415,21.5619,8.64764,-8.86909,0.400161,-0.706965,-9.03542,10.3053,-4.54213,14.7985,-17.5336,21.7338,8.44444,-8.43077,0.32967,-0.725273,-0.0188828,0.0520716,-0.661288,0.376707,-1.85569,1.94839,-0.586518,0.836385,6.82517,-6.75879,-0.125008,0.174746,-0.703663,0.54763,-2.03502,2.18491,-0.34655,0.589777,0,0,-0.0183144,0.00610542,0.0793648,-0.0183144,0.0671558,-0.0915756,-0.00488472,-0.00488472,-0.0109901,-0.0549469,
-9.98152,10.8162,-4.10429,15.3343,-16.4119,21.843,8.60507,-8.89081,0.414727,-0.577946,-9.62149,10.2076,-4.1514,15.1893,-16.7521,21.7338,8.55384,-8.8,0.356045,-0.646152,-0.0192642,0.0547419,-0.661288,0.376707,-1.85416,1.94572,-0.586518,0.836385,6.82517,-6.76261,-0.129966,0.179602,-0.706688,0.547699,-2.03469,2.18455,-0.347733,0.589173,0,0,0.00610542,0.140415,0.00610542,0.0183144,0.054945,-0.115995,-0.00488472,-0.00488472,-0.0109901,-0.252747,
-10.3184,10.825,-4.2427,15.6202,-16.5158,21.8338,8.46897,-8.91791,0.433928,-0.562848,-10.1099,10.1099,-4.1514,15.2869,-16.7521,21.8315,8.54017,-8.9094,0.356045,-0.698902,-0.0188828,0.0570307,-0.660907,0.376707,-1.85302,1.94419,-0.586518,0.836385,6.82517,-6.76604,-0.132921,0.18321,-0.707437,0.550468,-2.03347,2.18333,-0.351513,0.588421,0,0,0.0183144,0.177046,0.0183144,0.00610542,0.0915756,-0.103785,-0.00488472,-0.00488472,-0.0109901,-0.20879,
-10.3324,10.8261,-3.85592,16.2359,-16.2281,22.0301,8.33743,-8.89014,0.458229,-0.634825,-10.2076,10.3053,-4.24908,15.2869,-16.8498,21.8315,8.47179,-8.92308,0.382416,-0.751648,-0.0185013,0.0604639,-0.661288,0.376707,-1.85111,1.94228,-0.586518,0.836385,6.82517,-6.76604,-0.133103,0.184621,-0.704742,0.556903,-2.02837,2.1836,-0.355167,0.589192,0,0,0.00610542,0.115995,-0.0183144,-0.00610542,0.0915756,-0.103785,-0.00488472,-0.00488472,-0.0109901,-0.0109901,
-10.5119,11.0976,-3.89985,16.7956,-15.7381,22.7163,8.09005,-8.83117,0.478828,-0.601072,-10.4029,10.8913,-4.05373,15.873,-16.5568,22.1245,8.29402,-8.88205,0.408791,-0.725273,-0.0185013,0.0616083,-0.66167,0.376707,-1.84882,1.93961,-0.586518,0.836385,6.82517,-6.76604,-0.135096,0.184711,-0.705205,0.563122,-2.02145,2.18815,-0.362039,0.59083,0,0,0.00610542,-0.00610542,-0.00610542,-0.00610542,0.0671558,-0.115995,-0.00488472,-0.00488472,-0.0109901,-0.0109901,
-10.7961,11.013,-4.41618,16.9075,-15.4885,23.231,7.84637,-8.8231,0.495878,-0.559411,-10.5006,10.8913,-4.05373,16.4591,-15.9707,22.7106,8.04786,-8.8547,0.435165,-0.672527,-0.0185013,0.0616083,-0.661288,0.377089,-1.84844,1.93771,-0.586518,0.836385,6.82517,-6.76604,-0.138254,0.184178,-0.709746,0.564746,-2.0187,2.19155,-0.368808,0.591054,0,0,0.00610542,0.00610542,0.0183144,-0.00610542,0.054945,-0.128204,-0.00488472,-0.00488472,-0.0109901,-0.0109901,
-10.8983,10.9227,-4.57815,16.9938,-15.2339,23.6336,7.66241,-8.83583,0.512716,-0.496761,-10.7937,10.8913,-4.44444,16.6544,-15.6777,23.2967,7.78803,-8.8547,0.435165,-0.619781,-0.0185013,0.0616083,-0.661288,0.377089,-1.8473,1.93503,-0.586518,0.836385,6.82517,-6.76604,-0.138983,0.182768,-0.711953,0.566112,-2.01554,2.19376,-0.373918,0.590701,0,0,0.0183144,-0.00610542,0.00610542,0.00610542,0.0305252,-0.115995,-0.00488472,-0.00488472,-0.0109901,-0.0329666,
-10.7834,10.719,-4.30581,17.4317,-14.9631,24.0636,7.59505,-8.88667,0.531606,-0.453679,-10.989,10.8913,-4.6398,16.8498,-15.4823,23.4921,7.66496,-8.86838,0.46154,-0.593407,-0.0185013,0.0612268,-0.661288,0.377089,-1.84691,1.93275,-0.586518,0.836385,6.82517,-6.76604,-0.137706,0.179717,-0.709741,0.570977,-2.01215,2.19747,-0.375789,0.589289,0,0,0.0183144,-0.0183144,-0.0183144,0.00610542,0.0305252,-0.0793648,-0.00488472,-0.00488472,-0.0109901,-0.0109901,
-10.542,10.3166,-3.99067,17.7775,-14.8572,24.6239,7.67753,-9.03593,0.555725,-0.401567,-10.8913,10.5983,-4.44444,17.1429,-15.1893,23.8828,7.52821,-8.88205,0.487911,-0.540661,-0.0185013,0.0616083,-0.662051,0.377089,-1.84615,1.93122,-0.586518,0.836385,6.82517,-6.76604,-0.135838,0.176034,-0.70741,0.57482,-2.0094,2.20217,-0.373498,0.585631,0,0,-0.00610542,-0.00610542,-0.0305252,0.00610542,0.054945,-0.0793648,-0.00488472,0.00488472,-0.0109901,-0.0109901,
-10.4753,10.0116,-3.6595,17.8793,-14.6035,25.2731,7.664,-9.11337,0.582138,-0.35243,-10.696,10.3053,-4.05373,17.3382,-15.0916,24.4689,7.5829,-9.05983,0.514286,-0.487911,-0.0185013,0.0616083,-0.663196,0.377851,-1.84501,1.92969,-0.586518,0.836385,6.82517,-6.76604,-0.135097,0.172238,-0.706502,0.577528,-2.00666,2.20786,-0.373874,0.582991,0,0,-0.00610542,-0.0183144,-0.0793648,0.0305252,0.0183144,-0.0793648,-0.00488472,-0.00488472,-0.0109901,-0.0109901,
-10.5084,9.61061,-4.09428,17.0956,-14.4707,25.6098,7.71799,-9.34371,0.611654,-0.307484,-10.696,10.0122,-4.05373,17.3382,-14.7985,24.9573,7.61026,-9.08718,0.514286,-0.435165,-0.0185013,0.0612268,-0.663196,0.38014,-1.84501,1.92817,-0.586518,0.836385,6.82517,-6.76604,-0.135464,0.167401,-0.708484,0.574365,-2.006,2.20967,-0.372374,0.576593,0,0,-0.00610542,-0.0183144,0.00610542,0.128204,-0.00610542,-0.0915756,-0.00488472,-0.00488472,-0.0109901,-0.0109901,
-10.5361,9.42172,-4.49744,17.0138,-14.7639,25.9854,7.58536,-9.57859,0.645812,-0.267726,-10.5983,9.62149,-3.95604,17.0452,-14.7009,25.4457,7.63761,-9.31966,0.540661,-0.382416,-0.0185013,0.0612268,-0.663959,0.381666,-1.84501,1.92664,-0.586518,0.836385,6.82517,-6.76604,-0.135772,0.165709,-0.714948,0.57254,-2.00925,2.21232,-0.376058,0.570069,0,0,-0.00610542,-0.00610542,-0.0305252,0.054945,-0.00610542,-0.0915756,-0.00488472,-0.00488472,-0.0109901,-0.0109901,
-10.4529,9.25681,-4.81944,16.5118,-15.0804,25.7434,7.5744,-9.83114,0.686276,-0.231719,-10.696,9.32845,-4.1514,17.0452,-14.8962,25.641,7.54188,-9.53846,0.593407,-0.32967,-0.0185013,0.0608454,-0.665103,0.382048,-1.84501,1.92588,-0.586518,0.836385,6.82517,-6.76604,-0.135256,0.163495,-0.721298,0.564901,-2.01277,2.2109,-0.376363,0.563053,0,0,-0.0183144,-0.00610542,-0.0793648,-0.0183144,-0.00610542,-0.0305252,-0.00488472,-0.00488472,-0.0109901,-0.0109901,
-10.4769,8.96715,-5.01979,15.9396,-15.2519,25.7483,7.64761,-10.097,0.732321,-0.20024,-10.696,9.13309,-4.73749,16.4591,-15.1893,25.5434,7.51453,-9.82564,0.619781,-0.303295,-0.0185013,0.0608454,-0.66701,0.382048,-1.84501,1.92588,-0.586518,0.836385,6.82517,-6.76566,-0.134708,0.160277,-0.725431,0.558544,-2.01508,2.21177,-0.374329,0.555668,0,0,0.00610542,-0.00610542,-0.0793648,-0.0183144,-0.0183144,-0.00610542,-0.00488472,-0.00488472,-0.0109901,-0.0109901,
-10.3013,8.83028,-5.23381,15.5634,-15.7388,26.0859,7.56622,-10.212,0.779241,-0.173324,-10.5983,8.84004,-4.93285,15.7753,-15.4823,25.5434,7.56923,-10.0718,0.646152,-0.276924,-0.0188828,0.0608454,-0.668918,0.382048,-1.84501,1.92588,-0.586518,0.836385,6.82555,-6.76566,-0.133953,0.158349,-0.731752,0.554771,-2.01968,2.21552,-0.37659,0.552473,0,0,-0.0183144,-0.0183144,-0.140415,-0.00610542,0.00610542,-0.00610542,-0.00488472,-0.00488472,-0.0109901,-0.0109901,
-10.1649,8.50088,-5.22252,15.2167,-15.9287,26.221,7.75458,-10.3781,0.829285,-0.151306,-10.5006,8.74237,-5.1282,15.4823,-15.873,25.7387,7.51453,-10.1675,0.698902,-0.224174,-0.0188828,0.0608454,-0.671206,0.382048,-1.84501,1.92626,-0.586518,0.836385,6.82517,-6.76566,-0.132437,0.155096,-0.733915,0.551326,-2.02179,2.21781,-0.371846,0.54786,0,0,-0.0183144,-0.00610542,-0.140415,0.00610542,0.00610542,0.00610542,-0.0146523,-0.00488472,-0.0109901,-0.0109901,
-10.0505,8.30904,-4.76936,15.3659,-15.861,26.7305,7.90082,-10.505,0.876273,-0.1343,-10.4029,8.54701,-5.22589,15.1893,-16.0684,25.8364,7.61026,-10.3453,0.751648,-0.197803,-0.0188828,0.0604639,-0.673877,0.382048,-1.84501,1.92702,-0.586518,0.836385,6.82517,-6.76566,-0.130352,0.152176,-0.732364,0.552984,-2.02185,2.22464,-0.367295,0.544334,0,0,0.00610542,-0.0183144,-0.164835,0.00610542,-0.0183144,0.0183144,-0.00488472,-0.00488472,-0.0109901,-0.0109901,
-9.68732,8.30502,-4.17756,15.7308,-16.0276,27.0843,8.1481,-10.559,0.919437,-0.123396,-10.2076,8.54701,-5.03052,15.2869,-16.0684,26.2271,7.78803,-10.4821,0.804394,-0.171429,-0.0188828,0.0593195,-0.676547,0.382048,-1.84501,1.92817,-0.586518,0.836385,6.82555,-6.76566,-0.126723,0.148952,-0.727238,0.556631,-2.02289,2.23175,-0.360427,0.542836,0,0,-0.00610542,-0.0793648,-0.128204,-0.00610542,0.00610542,0.0793648,-0.00488472,-0.00488472,-0.0109901,-0.0109901,
-9.37061,7.84044,-3.36764,15.636,-15.898,27.2426,8.65118,-10.9592,0.955398,-0.122827,-10.0122,8.1563,-4.6398,15.3846,-16.1661,26.4225,7.99316,-10.5368,0.857143,-0.171429,-0.0188828,0.0585566,-0.678073,0.381666,-1.84501,1.93046,-0.586518,0.836385,6.82555,-6.76566,-0.123611,0.145876,-0.718137,0.555603,-2.02145,2.2362,-0.346452,0.531719,0,0,-0.0183144,0.00610542,-0.0793648,0.00610542,0.00610542,0.0915756,-0.00488472,-0.00488472,-0.0109901,-0.0109901,
-9.15654,7.90187,-2.91603,14.7824,-16.0851,27.1601,8.96522,-11.3894,0.980392,-0.119498,-9.81685,7.96092,-4.44444,15.58,-16.0684,26.6178,8.23932,-10.7419,0.883518,-0.171429,-0.0188828,0.0585566,-0.678836,0.381666,-1.84501,1.93198,-0.586518,0.836385,6.82555,-6.76566,-0.120419,0.146152,-0.711847,0.546118,-2.02475,2.23722,-0.337729,0.519769,0,0,0.00610542,-0.00610542,-0.0183144,0.00610542,-0.0305252,0.103785,-0.00488472,-0.00488472,-0.0109901,-0.0329666,
-8.90684,7.94573,-2.31588,14.251,-16.3681,26.8183,9.22783,-11.9453,0.994318,-0.14544,-9.5238,7.66789,-3.36996,14.9939,-16.2637,26.5201,8.82735,-11.3709,0.936264,-0.171429,-0.0185013,0.0585566,-0.678073,0.381666,-1.84539,1.93542,-0.586518,0.836385,6.82555,-6.76566,-0.117263,0.147046,-0.703601,0.538993,-2.02787,2.23808,-0.330434,0.504326,0,0,0.00610542,0.00610542,0.00610542,-0.0305252,-0.0183144,0.140415,-0.00488472,-0.00488472,-0.0109901,-0.0109901,
-8.60117,8.14222,-2.00344,13.3534,-16.5115,26.8138,9.34065,-12.3872,0.992794,-0.165432,-9.23077,7.76556,-3.07692,14.7985,-16.2637,26.4225,8.99145,-11.5897,0.962639,-0.171429,-0.0185013,0.0585566,-0.678073,0.380522,-1.84615,1.93809,-0.586518,0.836385,6.82555,-6.76566,-0.114273,0.148415,-0.700537,0.526654,-2.03104,2.2407,-0.3273,0.492053,0,0,-0.00610542,-0.0183144,-0.00610542,-0.0671558,-0.0427341,0.140415,-0.00488472,-0.00488472,-0.0109901,-0.0109901,
-8.59797,8.15653,-2.24468,12.3857,-16.4072,26.9008,9.27285,-12.6919,0.972262,-0.187221,-8.84004,7.86325,-2.6862,13.8217,-16.4591,26.4225,9.23761,-12.1915,0.962639,-0.171429,-0.0181198,0.0585566,-0.67731,0.378614,-1.84806,1.94152,-0.586518,0.836385,6.82555,-6.76566,-0.113042,0.148981,-0.700419,0.513994,-2.03423,2.24551,-0.329183,0.483099,0,0,0.0183144,-0.00610542,0.054945,-0.0671558,-0.115995,0.152626,-0.00488472,-0.0146523,-0.0109901,-0.0109901,
-8.26886,8.42571,-1.99487,11.6622,-16.3537,26.3194,9.35853,-12.9739,0.942262,-0.210597,-8.74237,7.96092,-2.97925,13.2357,-16.3614,26.5201,9.22393,-12.3419,0.936264,-0.197803,-0.0185013,0.0585566,-0.674258,0.375563,-1.85035,1.94419,-0.586518,0.83524,6.82555,-6.76566,-0.110174,0.151972,-0.69215,0.500055,-2.03592,2.24253,-0.326803,0.468749,0,0,0.00610542,-0.00610542,0.128204,-0.152626,-0.115995,0.177046,-0.00488472,-0.122101,-0.0109901,-0.0109901,
-7.88483,8.58578,-1.21843,11.7993,-16.4151,25.9811,9.53534,-12.6825,0.913871,-0.233112,-8.64468,8.05861,-3.07692,13.138,-16.3614,25.9341,9.23761,-12.3419,0.936264,-0.250549,-0.0185013,0.058938,-0.670825,0.370222,-1.85225,1.94839,-0.586518,0.830663,6.82555,-6.76566,-0.105907,0.154539,-0.678055,0.491354,-2.0381,2.24378,-0.321892,0.46543,0,0,0.00610542,0.00610542,0.189255,-0.299145,-0.103785,0.201466,-0.00488472,-0.258852,-0.0109901,-0.0109901,
-7.53754,8.67653,-1.10804,12.2951,-16.4683,25.6594,9.70384,-11.9314,0.882185,-0.253651,-8.25397,8.35165,-2.97925,12.6496,-16.1661,25.348,9.41539,-12.1368,0.883518,-0.250549,-0.0185013,0.058938,-0.662814,0.361448,-1.85493,1.95411,-0.586518,0.823033,6.82555,-6.76566,-0.102048,0.155547,-0.661898,0.48524,-2.04218,2.24837,-0.317211,0.470849,0,0,0.00610542,0.00610542,0.396826,-0.384615,-0.128204,0.274725,-0.00488472,-0.41514,-0.0109901,-0.0109901,
-7.27569,8.84584,-0.685319,12.7868,-16.2663,25.4099,9.79627,-11.4086,0.844834,-0.275721,-8.05861,8.44933,-2.6862,13.5287,-16.1661,25.1526,9.53846,-11.7265,0.857143,-0.276924,-0.0177383,0.0593195,-0.653276,0.351912,-1.85798,1.95983,-0.586518,0.81426,6.82555,-6.76566,-0.0979689,0.15781,-0.645222,0.477503,-2.04543,2.25173,-0.314644,0.475131,0,0,0.0183144,0.00610542,0.470085,-0.494505,-0.201466,0.286936,-0.00488472,-0.444445,-0.0109901,-0.0109901,
-7.50789,9.04012,-0.674551,13.4184,-15.9006,25.2575,9.89902,-10.8017,0.804871,-0.297939,-8.05861,8.54701,-2.58852,13.9194,-15.9707,24.7619,9.70256,-11.1658,0.830769,-0.303295,-0.0154495,0.0593195,-0.639925,0.339322,-1.86332,1.96632,-0.586518,0.803197,6.82555,-6.76566,-0.09419,0.159969,-0.626052,0.468269,-2.04915,2.25693,-0.31179,0.480438,0,0,0.140415,0.00610542,0.641026,-0.604395,-0.274725,0.299145,-0.00488472,-0.454212,-0.0109901,-0.0109901,
-7.07092,8.85075,-0.464882,13.7829,-16.1058,24.8047,10.1164,-10.4161,0.751237,-0.324997,-7.86325,8.35165,-2.78389,14.4078,-15.7753,24.5665,9.83932,-10.7692,0.778023,-0.32967,-0.0127792,0.0612268,-0.624666,0.326734,-1.86866,1.9728,-0.586518,0.794805,6.82555,-6.76566,-0.0874785,0.163435,-0.604394,0.458103,-2.05758,2.25919,-0.305752,0.485689,0,0,0.115995,0.115995,0.763126,-0.653236,-0.299145,0.323565,-0.00488472,-0.395605,0.0109901,-0.0109901,
-6.35837,8.80239,-0.567829,14.021,-17.1851,24.7528,10.2773,-9.81919,0.719201,-0.359982,-7.57021,8.35165,-2.39316,14.7009,-15.9707,24.2735,10.0308,-10.3043,0.751648,-0.356045,-0.0120163,0.0627527,-0.613604,0.317578,-1.87209,1.97776,-0.586518,0.789464,6.82555,-6.76566,-0.0804264,0.164424,-0.594068,0.451593,-2.07097,2.26398,-0.301282,0.497905,0,0,0.0671558,0.115995,0.775335,-0.653236,-0.238094,0.335775,-0.00488472,-0.376068,-0.0109901,-0.0109901,
-6.06824,9.22464,-0.120403,13.2221,-16.3368,24.2117,11.1809,-10.0174,0.673316,-0.402978,-7.66789,8.35165,-2.78389,15.1893,-16.2637,24.2735,10.1402,-9.92137,0.725273,-0.356045,-0.00782013,0.0658045,-0.59224,0.301557,-1.87934,1.98463,-0.586518,0.781071,6.82555,-6.76566,-0.0697505,0.170946,-0.567327,0.429136,-2.06961,2.2624,-0.276183,0.486937,0,0,0.164835,0.0793648,0.787546,-0.579975,-0.262516,0.262516,-0.00488472,-0.317461,-0.0109901,-0.0109901,
-4.63952,8.85315,2.17892,11.916,-14.7076,24.5671,13.08,-10.303,0.612867,-0.468185,-6.69109,8.93773,-1.90475,14.6032,-16.2637,23.8828,10.9607,-9.96239,0.672527,-0.435165,-0.00514984,0.0669489,-0.57927,0.290494,-1.88354,1.98882,-0.586518,0.776493,6.82555,-6.76566,-0.0512055,0.166742,-0.532065,0.40234,-2.05408,2.26973,-0.223429,0.477356,0,0,0.164835,0.0427341,0.689865,-0.616606,-0.213675,0.238094,-0.00488472,-0.258852,-0.0109901,-0.0109901,
-2.04939,5.90009,5.16459,9.49358,-9.22748,25.8804,17.0667,-10.9217,0.531965,-0.572801,-5.42125,8.44933,-0.537247,13.6264,-14.8962,23.7851,12.3419,-10.1675,0.619781,-0.487911,-0.00209808,0.0692377,-0.561341,0.275234,-1.88811,1.99531,-0.585374,0.770771,6.82517,-6.76566,-0.0205956,0.139475,-0.47567,0.356502,-1.99654,2.29365,-0.105682,0.455425,0,0,0.128204,0.140415,0.848597,-0.726496,-0.177046,0.323565,0.112331,-0.239317,-0.0109901,-0.0109901,
-0.792035,-0.541091,2.67584,1.00907,2.22045,27.2011,22.5896,-13.2885,0.50685,-0.762399,-4.24908,6.5934,1.51404,12.6496,-10.3053,24.3712,14.7214,-10.4274,0.540661,-0.567032,0.0043869,0.0707636,-0.539598,0.254635,-1.89002,2.00484,-0.575837,0.764668,6.82517,-6.76566,0.006372,0.06699,-0.475881,0.22942,-1.86596,2.32275,0.0860838,0.377716,0,0,0.323565,0.0671558,1.01954,-1.0928,-0.0183144,0.470085,0.688644,-0.356533,-0.0329666,0.0109901,
-5.08231,-13.0899,-20.3073,-11.1599,14.0845,20.4632,-1.00308,-19.9971,0.703776,-1.09705,-3.17461,3.07692,1.61172,8.44933,-2.88156,24.9573,18.0444,-11.8359,0.487911,-0.672527,0.0139236,0.0707636,-0.519379,0.225643,-1.88544,2.01781,-0.551805,0.755894,6.82517,-6.76604,-0.02647,-0.0761039,-0.712659,0.0436467,-1.71287,2.26899,-0.502257,0.170871,0,0,0.482296,-0.0427341,0.970695,-1.73993,0.482296,0.714285,1.54823,-0.590965,-0.0329666,-0.0109901,
-8.75163,-9.90931,-48.7242,-10.315,4.03366,14.3494,-9.24089,-17.9782,1.13105,-1.29204,-3.27228,-4.34677,-9.32845,2.1978,4.83516,18.4127,4.45128,-15.8154,0.567032,-0.883518,0.0207901,0.0642786,-0.509079,0.180629,-1.86675,2.03727,-0.50946,0.739872,6.82555,-6.76604,-0.0656648,-0.0602733,-1.03682,-0.0216904,-1.78388,2.23273,-0.656018,0.186509,0,0,0.323565,-0.433455,0.409035,-2.63126,1.14164,1.08059,2.20269,-1.07936,0.0109901,-0.0109901,
-17.2336,23.1803,-21.6152,20.67,-9.51541,22.9779,-0.271871,-1.39673,1.43627,-1.28808,-4.54213,-6.00732,-24.3712,1.12332,-1.51404,12.5519,-2.14017,-15.0906,0.751648,-1.17363,0.0169754,0.0360498,-0.557145,0.0974674,-1.81029,2.06588,-0.509842,0.696765,6.82593,-6.76757,-0.188551,0.243751,-0.914734,0.187737,-1.82587,2.36454,-0.538151,0.553693,0,0,-0.421246,-1.49573,-3.52259,-4.18193,2.70452,1.30037,-0.41514,-2.08547,0.12088,-0.12088,
-10.1279,24.4912,5.2238,35.6768,-13.7452,-4.81368,4.04785,-9.49362,1.11633,-1.1314,-7.0818,7.66789,-21.5385,12.1612,-15.0916,20.5617,-0.553846,-6.10598,0.567032,-1.17363,-0.00896454,0.0154495,-0.640688,0.0173569,-1.74506,2.08343,-0.528915,0.657474,6.83356,-6.77329,-0.172168,0.263764,-0.693146,0.320767,-1.77345,2.0566,-0.461164,0.323188,0,0,-1.52015,-0.714285,-3.31502,-2.78999,3.73016,0.799755,-0.893772,-1.41148,0.67033,-0.362637,
32.6228,-8.6618,16.382,46.0127,-50.3428,-14.4339,15.0757,2.07272,0.763476,-1.12771,-12.4542,9.91454,-4.05373,20.5617,-15.58,5.51892,1.83932,-13.0393,0.672527,-1.12088,-0.0371943,0.065423,-0.676166,0.0295639,-1.68784,2.0922,-0.537309,0.675784,6.85111,-6.78206,0.305542,0.0650294,-0.563944,0.558113,-2.1481,1.92877,-0.137343,0.802957,0,0,-0.592186,2.87546,-2.09402,0.518925,2.97314,-0.0915756,-0.376068,1.39194,1.02198,-0.494507,
41.0498,-28.6159,-10.4077,30.645,-67.5113,1.56999,18.9975,2.90152,0.523714,-1.27134,-5.22589,0.732605,4.54213,27.3993,-32.7717,0.830276,8.30769,-6.43419,0.646152,-1.04176,-0.0242233,0.115015,-0.69295,0.0577936,-1.65732,2.0594,-0.535783,0.700961,6.87362,-6.79198,0.464649,-0.102614,-0.824261,0.456292,-2.37265,2.01152,-1.59144e-05,0.844318,0,0,0.982906,3.00977,-0.470085,1.73993,1.04396,-1.95971,0.161173,1.25519,1.10989,-0.494507,
-17.1912,2.40799,-10.0123,9.43689,-15.3596,23.9629,14.9158,1.62248,0.290723,-0.982886,9.62149,-14.0171,-13.5287,21.5385,-50.9402,12.2589,14.3111,-1.19658,0.619781,-1.09451,0.0864038,0.137522,-0.653276,0.149729,-1.69585,1.97433,-0.498398,0.760853,6.89879,-6.80495,0.121073,0.161632,-0.681293,0.399679,-1.95096,2.102,0.0114115,0.938522,0,0,6.77045,-0.0793648,2.49695,4.35287,-2.53358,-4.15751,1.90965,2.65201,1,-0.626373,
-25.3377,0.844099,-21.0375,-11.3155,18.2435,43.3558,15.8186,-12.3407,0.0223165,-0.671263,6.39804,-6.00732,-9.13309,10.4029,-28.9621,27.4969,17.3607,1.44274,0.382416,-0.725273,0.202373,0.110819,-0.633059,0.220303,-1.7298,1.89269,-0.483902,0.792516,6.92168,-6.82364,0.0012255,0.0927252,-0.859686,0.205482,-1.5737,2.2338,-0.0232514,0.526153,0,0,2.41148,-0.824175,0.213675,3.32723,-1.39805,-4.21856,0.424908,1.52869,1.13187,-1.13187,
-11.6559,-10.4543,-42.4671,-25.1383,11.735,28.4861,-10.0909,-40.8858,0.800869,-0.746883,7.17949,0.341873,-7.47253,5.32356,-12.2589,33.9438,16.1709,-3.68547,0.646152,-0.408791,0.124552,0.130274,-0.638781,0.250057,-1.69394,1.83127,-0.476273,0.824178,6.94038,-6.85492,-0.161857,0.0489131,-1.12956,0.00798357,-1.48643,2.08206,-0.733864,-0.253665,0,0,-4.70696,1.04396,-0.567766,1.11722,2.3138,-1.97192,0.454212,1.15751,0.64835,-1.54945,
-40.3668,29.3975,-63.888,-28.521,-15.116,-2.20665,-6.86528,-26.4765,2.40251,-1.2477,0.537247,4.1514,-15.1893,-3.95604,-4.05373,19.9756,0.841026,-20.9709,0.830769,-0.540661,0.0310898,0.0871668,-0.729191,0.208095,-1.59819,1.84997,-0.479706,0.785649,6.94877,-6.89193,-0.550315,0.322434,-1.61712,-0.208724,-1.60559,1.87124,-0.71705,-0.111715,0,0,-3.98657,-2.74115,-5.34188,-2.99756,4.81685,1.37363,-0.932844,-3.23809,0.274727,-1.74725,
-21.7065,26.2168,-24.5365,3.9752,-22.6439,-5.14433,2.85776,-6.98698,3.06975,-1.8284,-18.2173,17.5336,-39.5116,-8.25397,-25.8364,2.58852,-2.05812,-22.9949,1.3055,-1.06813,-0.0799189,0.0486383,-0.904287,0.0860224,-1.462,1.87514,-0.523956,0.702487,6.95564,-6.91978,-0.488176,0.321418,-1.42457,-0.0706634,-1.53066,1.86418,-0.59378,0.248819,0,0,-5.01221,-0.555555,-7.42979,-6.02564,5.4884,1.38584,-2.98413,-5.1917,0.45055,-1.74725,
65.4757,-31.2627,20.8012,29.1296,-62.1828,-22.8745,14.3683,25.9593,1.49409,-1.97053,-22.5153,14.8962,-36.6789,-15.58,-26.7155,0.732605,0.294018,-14.2838,1.22637,-1.35824,-0.164226,0.066186,-0.973335,0.0501642,-1.38113,1.86675,-0.583467,0.621996,6.9892,-6.95869,0.367719,-0.230099,-0.888527,0.334144,-1.88829,1.59407,-0.307179,1.18265,0,0,-5.86691,1.53236,-4.3895,-1.19048,5.51282,-0.555555,-2.45665,-3.20879,2.01099,-1.76923,
61.8439,-27.6655,29.4464,50.1679,-73.5329,-3.92772,21.3665,11.5399,0.962203,-1.71738,5.1282,-13.2357,-2.6862,8.05861,-42.8327,-7.37485,6.65299,4.94359,0.751648,-1.75385,-0.181773,0.130655,-1.02178,0.0677118,-1.33574,1.83242,-0.60483,0.625048,7.05596,-7.00103,0.553204,-0.0914721,-0.742015,0.659118,-2.14158,1.69171,-0.010095,1.06746,0,0,1.43468,2.558,-1.42247,1.01954,0.335775,-2.91209,0.0244198,2.43712,3.26374,-2.03297,
35.8543,-11.1652,15.4392,41.3014,-34.1896,10.2448,17.9157,2.1396,0.633258,-1.27585,33.9438,-23.6874,3.85837,25.348,-47.5214,2.29549,11.5487,2.48205,0.619781,-1.38462,-0.0226974,0.108149,-0.978676,0.139429,-1.41699,1.73857,-0.565537,0.753605,7.12844,-7.04871,0.657938,-0.0486725,-0.698663,0.745057,-1.95377,1.69551,0.0578842,1.16005,0,0,8.46764,-0.982906,3.25397,4.40171,-4.70696,-4.70696,2.51526,6.94017,3.57143,-2.49451,
62.1052,-21.1679,28.6437,41.2924,-30.542,16.6696,20.0529,-2.12316,0.660609,-0.821483,47.4237,-15.873,5.22589,34.5299,-47.7167,18.2173,21.2034,0.731625,1.06813,-0.646152,0.052453,0.126841,-0.852026,0.261883,-1.46735,1.65122,-0.520905,0.862707,7.18299,-7.10365,0.773647,-0.107748,-0.385411,0.895494,-1.8533,1.66,0.113532,1.0809,0,0,0.934067,0.0183144,4.45055,5.2442,-1.39805,-5.29304,1.54823,5.54335,2.69231,-3.21978,
51.6726,-4.45311,59.4961,75.9061,-46.2928,10.738,21.6347,-3.4255,0.479654,-0.302284,56.8987,-8.93773,19.9756,38.0464,-45.9585,18.022,21.2171,0.00683784,0.751648,-0.567032,0.0757227,0.0947971,-0.855841,0.287824,-1.44942,1.56271,-0.525101,0.965323,7.24708,-7.18757,0.704604,-0.0346575,-0.221024,1.18637,-1.92898,1.57763,0.0765969,1.09313,0,0,1.64225,-2.39927,-0.787546,1.65446,1.04396,-3.13187,0.0146523,4.4591,2.91209,-3.9011,
54.6635,-24.5043,16.0448,55.1971,-72.2876,33.2172,15.8294,-10.3883,0.459629,-0.261237,62.9548,-16.5568,47.326,63.4432,-47.1306,16.0684,22.4205,-0.540171,0.514286,-0.092308,0.0593195,0.0726709,-0.839818,0.350386,-1.41814,1.49748,-0.522049,1.02789,7.31117,-7.28218,0.616834,-0.163579,-0.60558,1.05302,-2.18572,1.76257,-0.0869824,0.844572,0,0,-1.49573,1.08059,1.67888,2.6801,1.06838,-3.11966,-0.0927963,2.10501,2.82418,-4.49451,
47.3949,-31.5484,-6.79298,24.9921,-44.6053,24.7008,21.203,-5.89416,0.304666,0.287433,51.5262,-24.7619,20.8547,48.5959,-59.536,33.1624,19.412,-3.02906,0.32967,0.0659332,0.0558863,0.129511,-0.781453,0.435454,-1.43568,1.43378,-0.538835,1.04353,7.36992,-7.3764,0.601828,-0.147563,-0.768408,0.859868,-1.98523,1.60831,0.00447085,0.890301,0,0,0.579975,2.20391,2.65568,4.40171,-1.61783,-2.99756,-0.913309,0.210012,3,-4.75824,
28.0794,-17.295,-8.33067,13.7188,-19.1104,16.993,10.9337,-3.34105,-0.138283,1.08419,49.0842,-28.083,-1.51404,24.1758,-47.2283,22.4176,19.412,-1.11453,0.356045,0.197803,0.0692377,0.131418,-0.733006,0.533113,-1.46391,1.40631,-0.554475,1.00309,7.4218,-7.46872,0.384283,-0.051591,-0.754547,0.82779,-1.71471,1.56846,-0.272983,0.803079,0,0,0.0915756,0.274725,2.13065,4.2674,-1.15385,-0.799755,-0.444445,-2.14408,2.84615,-5.1978,
20.0646,-16.2738,-5.84763,22.978,-19.0676,20.8152,-4.94463,-8.53059,-0.519938,1.54129,42.6374,-23.2967,-6.20268,9.13309,-28.1807,12.4542,11.6718,-1.05983,0.32967,0.224174,0.0570307,0.14477,-0.715838,0.594912,-1.47116,1.4086,-0.549897,0.973717,7.47826,-7.56828,0.248428,-0.00654233,-0.743572,1.00142,-1.6934,1.65433,-0.665514,0.634924,0,0,-0.946276,0.885225,1.11722,4.53602,-0.311356,0.433455,0.434677,-2.03663,2.78022,-4.93407,
-1.91904,-1.34335,-27.6555,5.14993,-47.2878,28.4589,-6.30498,-8.83762,-0.771075,1.26845,28.083,-15.873,-4.24908,15.4823,-24.3712,17.4359,0.526495,-4.1094,-0.0131874,0.145054,0.0116348,0.154688,-0.704776,0.694858,-1.44903,1.43263,-0.549134,0.915732,7.5412,-7.66937,-0.0623944,0.142814,-1.00575,0.871941,-1.94128,1.77631,-0.751867,0.537154,0,0,-1.5812,0.0915756,0.189255,3.59585,0.995115,0.824175,-0.551893,-2.66178,2.31868,-3.35165,
-15.9585,5.70538,-32.6926,-9.07075,-46.8646,35.3554,-6.23863,-2.88205,-0.922748,1.32604,8.1563,-7.17949,-18.4127,6.10501,-38.0464,26.0318,-2.16752,-2.5094,-0.0659332,0.197803,0.00400543,0.152399,-0.70592,0.763523,-1.44789,1.44331,-0.580033,0.83524,7.58049,-7.70714,-0.176771,0.213147,-1.07996,0.769168,-1.98591,1.85833,-0.844904,0.533205,0,0,-0.103785,-0.0793648,-0.323565,3.19292,-0.518925,0.665445,-1.8315,-4.43956,1.96703,-2.6044,
-6.30477,-0.790924,-26.8619,-4.40515,-38.534,40.8658,0.122864,4.40741,-0.586993,1.25953,-5.81197,-0.43956,-30.4274,-0.0488434,-45.5678,30.4274,-0.102564,-0.8547,-0.171429,0.276924,-0.0123978,0.162318,-0.723469,0.795186,-1.45552,1.45895,-0.62047,0.758945,7.60376,-7.75101,-0.119691,0.173677,-1.04615,0.789585,-1.89772,1.94578,-0.758937,0.646209,0,0,-1.11722,0.604395,-0.726496,1.30037,-0.421246,0.982906,-2.83761,-4.7033,1.32967,-1.79121,
-4.05086,0.245319,-25.8737,-11.2587,-38.9094,21.8707,12.3962,-2.76589,-0.0958627,1.06284,-9.62149,4.54213,-31.2088,-5.61661,-41.2698,32.674,1.96239,0.594872,-0.118683,0.356045,-0.0387201,0.164989,-0.724613,0.800527,-1.46544,1.49138,-0.704776,0.680362,7.62169,-7.77504,-0.120156,0.158557,-1.01515,0.699647,-1.91628,1.79116,-0.57753,0.423556,0,0,-1.0928,-0.274725,-0.0915756,0.726496,-0.555555,1.7033,-4.34188,-3.59951,0.736263,-1.04396,
-10.3882,8.73116,-10.8763,-10.6655,-39.9819,12.1301,15.427,-4.79301,0.23064,0.404684,-10.8913,3.17461,-30.1343,-12.3565,-35.5067,22.906,7.74701,-1.38803,-0.0131874,-0.0395622,-0.028801,0.142481,-0.705157,0.840962,-1.48566,1.5322,-0.779545,0.626955,7.63237,-7.77085,-0.11309,0.211614,-0.795684,0.764989,-1.96673,1.71276,-0.461151,0.39345,0,0,0.934067,-0.836386,0.909645,1.27595,-1.10501,1.37363,-2.20269,-2.00733,0.384617,0.20879,
-13.2245,-1.32903,-14.4159,-21.8841,-29.8753,24.031,14.8389,-7.11327,0.441148,0.0193508,-12.1612,-0.146515,-19.2918,-11.5751,-34.6276,15.58,10.4821,-6.17436,0.118683,0.0659332,-0.00476837,0.155451,-0.70058,0.846304,-1.51694,1.54364,-0.793279,0.596437,7.63809,-7.75978,-0.121386,0.173854,-0.84468,0.613526,-1.90933,1.82592,-0.416007,0.315086,0,0,0.909645,0.995115,0.482296,0.311356,-1.81319,0.457876,-0.698412,-1.67521,0.384617,0.692307,
-3.02542,-30.4949,-28.337,-32.7066,4.44624,38.4629,0.889206,-17.5371,0.630618,0.0404722,-12.8449,-4.24908,-20.6593,-16.8498,-24.2735,23.1013,9.97607,-9.18291,0.408791,0.250549,0.00743866,0.187495,-0.658999,0.864233,-1.56844,1.54364,-0.783742,0.591477,7.64343,-7.74796,-0.00277462,-0.0815367,-0.902019,0.524229,-1.61651,1.96633,-0.716795,0.109953,0,0,0.702076,2.09402,2.15507,0.702076,-2.9243,-0.140415,0.844933,0.112331,0.23077,0.45055,
5.25304,-24.4666,-31.4667,-15.3861,-7.12079,39.7809,-3.79944,-19.0109,1.21981,-0.0701558,-5.1282,-14.2124,-26.2271,-21.4408,-2.00244,30.232,2.26325,-14.735,0.672527,0.303295,0.0108719,0.198558,-0.629244,0.832189,-1.61612,1.56004,-0.750553,0.586518,7.64649,-7.74071,0.0682215,-0.101579,-0.944483,0.598351,-1.74266,2.05069,-0.810428,0.030843,0,0,-0.0305252,-0.848597,1.03175,-1.88645,-1.42247,1.4591,0.913309,-0.551893,0.0329666,0.142857,
-0.736661,-0.81037,-6.95898,3.27459,-14.8373,8.24331,-1.77482,-6.99056,1.41879,-0.189917,1.12332,-14.3101,-28.2784,-12.2589,-8.54701,31.3065,-1.42906,-17.0598,0.804394,0.092308,0.0143051,0.126078,-0.621996,0.779163,-1.62528,1.61955,-0.743305,0.567445,7.64725,-7.74186,0.0132425,0.015934,-0.700335,0.737607,-1.7997,1.80496,-0.783082,0.32369,0,0,0.213675,-3.03419,-0.0305252,-2.33822,-0.286936,2.81441,0.190475,-0.991453,0.12088,-0.0549469,
-11.078,-0.309548,-11.7562,8.17178,-28.4546,24.9033,5.5767,1.18975,1.28732,-0.259801,1.61172,-15.9707,-14.0171,-3.07692,-11.7704,15.873,-1.05983,-10.3727,0.751648,-0.145054,0.0234604,0.116159,-0.631533,0.745213,-1.63367,1.65351,-0.748646,0.550279,7.65526,-7.74147,-0.0908774,0.129204,-0.76643,0.795514,-1.97242,1.9646,-0.610099,0.524963,0,0,0.262516,0.494505,-0.128204,-1.2149,-0.677656,1.03175,-0.327229,-1.16728,0.582417,0.0109901,
-8.68481,-14.804,-25.9462,0.00406766,-17.1988,46.2723,0.851812,-0.105434,0.887758,-0.275459,-2.97925,-13.0403,-11.3797,2.39316,-17.3382,25.7387,2.24957,-3.31624,0.725273,-0.276924,0.0165939,0.157741,-0.615129,0.749027,-1.66381,1.65312,-0.753605,0.546845,7.67853,-7.74033,-0.0947595,0.0728207,-0.877983,0.755788,-1.91941,2.16502,-0.739467,0.544161,0,0,-0.445665,2.38706,0.763126,0.201466,-1.93529,-0.0671558,-0.190475,0.00488472,1.13187,0.0769234,
1.22165,-13.1985,-6.91244,16.2936,-0.506612,60.2126,-0.0823575,-0.9538,0.393947,-0.287336,-4.6398,-10.0122,-19.3895,3.95604,-12.0635,41.8559,-0.0752144,-3.41197,0.408791,-0.224174,-0.00591278,0.192073,-0.624285,0.739872,-1.72179,1.65579,-0.735676,0.567826,7.71363,-7.74262,-0.0369054,0.0704535,-0.723271,0.897102,-1.81594,2.34131,-0.691321,0.606533,0,0,-1.337,0.750916,-0.665445,-0.714285,-2.65568,0.494505,0.932844,1.30403,1.79121,-0.0988998,
0.00607157,0.390203,11.8433,16.4592,-3.22091,34.8747,2.52493,-3.39632,0.335834,-0.390202,0.0488434,-5.42125,-9.03542,15.1893,-6.20268,51.0379,-1.29231,-3.90427,1.91209,-0.197803,-0.0375757,0.173762,-0.652895,0.716601,-1.76184,1.68326,-0.723469,0.603304,7.7472,-7.74376,-0.0991688,0.134345,-0.586219,0.852473,-1.86784,2.13201,-0.62183,0.613235,0,0,-1.84982,-1.31258,-1.9475,-1.41026,-2.10623,1.83761,0.630037,2.08547,1.79121,-0.0549469,
-5.30386,3.43018,9.8781,18.6706,-14.9123,27.3511,3.85567,-2.78587,1.06679,-0.396917,1.22101,-6.30037,-4.73749,17.2405,-7.17949,45.3724,0.0615387,-1.78461,0.962639,-0.382416,-0.0482569,0.150492,-0.654421,0.703631,-1.75269,1.71797,-0.707446,0.633821,7.7594,-7.74643,-0.114311,0.16276,-0.542019,0.898669,-1.90231,2.07336,-0.571773,0.608451,0,0,-0.213675,-0.775335,0.0793648,-0.372406,0.482296,1.54457,0.571428,1.04029,0.582417,-0.0329666,
-8.23561,-10.1505,-5.05285,5.01852,-3.19243,30.9622,3.03006,-2.24261,0.822439,-0.499651,-5.32356,-6.78877,2.97925,15.3846,-9.03542,31.1111,1.96239,-0.239317,0.619781,-0.435165,-0.0486383,0.177196,-0.632296,0.704776,-1.77024,1.73285,-0.69028,0.631151,7.78115,-7.74643,-0.140756,0.123631,-0.643465,0.767253,-1.83806,2.08929,-0.558981,0.550053,0,0,-0.0183144,1.77656,1.34921,0.201466,-0.970695,0.372406,0.942614,-0.376068,1,0.0109901,
-4.23448,-12.8915,-21.4315,-5.70509,-2.05536,32.8154,-1.85595,-2.69359,0.497868,-0.586741,-6.5934,-7.27716,-3.76068,6.88644,-1.61172,31.7949,1.93504,-2.16752,0.593407,-0.46154,-0.0528345,0.206187,-0.595293,0.720036,-1.80381,1.73247,-0.662814,0.627718,7.80709,-7.74643,-0.107007,0.0896065,-0.782343,0.675978,-1.87813,2.09363,-0.654051,0.55021,0,0,-0.213675,0.799755,1.53236,0.579975,-1.54457,-0.103785,1.20635,-0.0537243,1.24176,-0.0329666,
-1.49156,-8.28293,-18.4375,-0.421929,-8.53335,31.7747,-0.281775,-0.474636,0.284807,-0.61963,-5.51892,-6.88644,-12.2589,2.1978,-0.43956,29.5482,3.07009,-2.86496,0.540661,-0.514286,-0.0570307,0.20161,-0.588807,0.715457,-1.82479,1.73781,-0.657855,0.626955,7.82883,-7.74681,-0.082761,0.0951285,-0.787766,0.695099,-1.96173,2.10572,-0.667391,0.611573,0,0,-0.274725,-0.433455,0.177046,-0.470085,-1.26374,0.445665,-0.0341873,-0.0439568,1.3956,-0.0549469,
-4.09446,-2.23564,-3.296,7.36654,-4.48593,28.2726,9.32476,-12.3063,0.288556,-0.522837,-3.95604,-5.61661,-13.5287,5.51892,-8.35165,30.3297,2.63248,-1.29231,0.408791,-0.619781,-0.0566492,0.181392,-0.611696,0.67731,-1.84119,1.75383,-0.687228,0.627337,7.8563,-7.74681,-0.0978698,0.121346,-0.684338,0.688139,-1.90304,2.08975,-0.500735,0.287204,0,0,0.128204,-1.05617,-1.08059,-2.13065,-0.360195,0.653236,-1.45055,0.0341873,1.24176,-0.0109901,
-3.90687,1.16247,2.12034,2.65055,-11.1623,21.743,10.5713,-8.84567,0.372868,-0.577346,-3.27228,-3.95604,-9.71918,0.830276,-7.47253,28.5714,4.41026,-7.39145,0.408791,-0.619781,-0.0555048,0.160792,-0.617037,0.674258,-1.83967,1.7668,-0.696383,0.625048,7.88148,-7.74643,-0.0987109,0.152341,-0.585948,0.716936,-1.95657,2.02121,-0.392723,0.344414,0,0,0.00610542,-0.641026,0.225885,0.396826,0.213675,0.384615,0.200245,-0.698412,1.10989,0.0109901,
