actor_direct_dq.dtarget0_dinput0,actor_direct_dq.dtarget0_dinput1,actor_direct_dq.dtarget1_dinput0,actor_direct_dq.dtarget1_dinput1,actor_direct_dq.spectral_norm,actor_direct_q.dtarget0_dinput0,actor_direct_q.dtarget0_dinput1,actor_direct_q.dtarget1_dinput0,actor_direct_q.dtarget1_dinput1,actor_direct_q.spectral_norm,all_history_coherent_bias_dq.dtarget0_dinput0,all_history_coherent_bias_dq.dtarget0_dinput1,all_history_coherent_bias_dq.dtarget1_dinput0,all_history_coherent_bias_dq.dtarget1_dinput1,all_history_coherent_bias_dq.spectral_norm,all_history_coherent_bias_q.dtarget0_dinput0,all_history_coherent_bias_q.dtarget0_dinput1,all_history_coherent_bias_q.dtarget1_dinput0,all_history_coherent_bias_q.dtarget1_dinput1,all_history_coherent_bias_q.spectral_norm,baseline.left_hip_target_rad,baseline.right_hip_target_rad,freeze_all_history_hip.left_hip_target_rad,freeze_all_history_hip.right_hip_target_rad,freeze_current_hip_actor_path.left_hip_target_rad,freeze_current_hip_actor_path.right_hip_target_rad,full_current_dq.dtarget0_dinput0,full_current_dq.dtarget0_dinput1,full_current_dq.dtarget1_dinput0,full_current_dq.dtarget1_dinput1,full_current_dq.spectral_norm,full_current_q.dtarget0_dinput0,full_current_q.dtarget0_dinput1,full_current_q.dtarget1_dinput0,full_current_q.dtarget1_dinput1,full_current_q.spectral_norm,header_time_s,history_filled,history_only_coherent_bias_dq.dtarget0_dinput0,history_only_coherent_bias_dq.dtarget0_dinput1,history_only_coherent_bias_dq.dtarget1_dinput0,history_only_coherent_bias_dq.dtarget1_dinput1,history_only_coherent_bias_dq.spectral_norm,history_only_coherent_bias_q.dtarget0_dinput0,history_only_coherent_bias_q.dtarget0_dinput1,history_only_coherent_bias_q.dtarget1_dinput0,history_only_coherent_bias_q.dtarget1_dinput1,history_only_coherent_bias_q.spectral_norm,model,row_index,run,zero_velocity_code.left_hip_target_rad,zero_velocity_code.right_hip_target_rad
-0.0017968006432056427,0.002597179263830185,0.0036213546991348267,-0.0039008446037769318,0.006176903252650074,-0.6868000626564026,0.8075758218765259,0.8833342790603638,-0.8166599869728088,1.600628433274095,-0.0018953345715999603,0.0021357089281082153,0.0036514364182949066,-0.004290696233510971,0.006316154938524992,-0.7476564049720764,0.7474570870399475,0.8432231545448303,-0.785405695438385,1.5635892045958697,-0.016734851524233818,0.017051616683602333,0.0014352352591231465,-0.004646728280931711,0.0017746776575222611,-0.003239125944674015,-0.0020269304513931274,0.0022778287529945374,0.0034590251743793488,-0.004216376692056656,0.006247257898144474,-0.7784738540649414,0.7128817439079285,0.7622502446174622,-0.9152628183364868,1.5879583202103587,48.446163203000005,False,0.00013476237654685974,-0.00014351680874824524,0.00019175931811332703,-7.282942533493042e-05,0.0002770360025564991,0.03083701990544796,0.034625642001628876,0.08096638321876526,0.12979935109615326,0.15967745520148421,ROA_1001_model49999_noise15,2422,2026-10-01_00-04-08,-0.014477891847491264,0.01670246198773384
-0.0017475336790084839,0.002660788595676422,0.0033818185329437256,-0.0038504600524902344,0.006021157723382794,-0.6907339692115784,0.8071232438087463,0.854698896408081,-0.8016228079795837,1.5793163075105106,-0.001864507794380188,0.0020714476704597473,0.0032296404242515564,-0.00407882034778595,0.005900049884059825,-0.7493346333503723,0.7588602304458618,0.8208863139152527,-0.7945857644081116,1.5627801682922293,-0.03329893574118614,0.028019510209560394,-0.017475249245762825,0.00784500315785408,-0.01754632033407688,0.009017527103424072,-0.0020561739802360535,0.0022483989596366882,0.003180094063282013,-0.004167482256889343,0.006058812446446444,-0.8077974915504456,0.6922911405563354,0.7416158318519592,-0.9092240929603577,1.5776097921330048,48.466167388,False,0.0001952052116394043,-0.0001778826117515564,5.0105154514312744e-05,8.791685104370117e-05,0.00026517636372994715,0.05856528505682945,0.06666034460067749,0.079145647585392,0.11460109800100327,0.16490948350193327,ROA_1001_model49999_noise15,2423,2026-10-01_00-04-08,-0.032708413898944855,0.02844325453042984
-0.0015620142221450806,0.0024709850549697876,0.0029843300580978394,-0.0034794211387634277,0.005424984808672661,-0.6460006833076477,0.7609947919845581,0.7614790797233582,-0.7264036536216736,1.4484999429943481,-0.0016946345567703247,0.0018579885363578796,0.002736039459705353,-0.0036925077438354492,0.005233939908439428,-0.6930510997772217,0.7287412285804749,0.7384735941886902,-0.7149707078933716,1.4377169957497458,-0.033245496451854706,0.028763949871063232,-0.027750326320528984,0.016198545694351196,-0.02729676105082035,0.017466342076659203,-0.001882016658782959,0.002039782702922821,0.002723000943660736,-0.0038506463170051575,0.005463417048477595,-0.7671117186546326,0.643031656742096,0.6396341919898987,-0.8486974835395813,1.4505353461528654,48.486163766000004,False,0.00018570572137832642,-0.0001825392246246338,1.5273690223693848e-05,0.00015664845705032349,0.0002825822875936919,0.07452443242073059,0.08600763231515884,0.09833089262247086,0.13338401913642883,0.20089041068146754,ROA_1001_model49999_noise15,2424,2026-10-01_00-04-08,-0.033197786659002304,0.029898863285779953
-0.00018011778593063354,0.0019213184714317322,0.0012448988854885101,-0.0028429552912712097,0.0036174644488493266,-0.1716194599866867,0.28073135018348694,0.18995533883571625,-0.1617744415998459,0.4081603958046579,-0.0003470107913017273,0.0014500692486763,0.0009690411388874054,-0.0032621435821056366,0.0037146104040194586,-0.2249414026737213,0.24998466670513153,0.18104350566864014,-0.14632846415042877,0.4078774470366256,-0.027406292036175728,0.024546921253204346,-0.027606520801782608,0.016537653282284737,-0.026530323550105095,0.018074750900268555,-0.0004023313522338867,0.0016044825315475464,0.0008891336619853973,-0.0033618882298469543,0.0038508072533718174,-0.2582818269729614,0.18933694064617157,0.029725952073931694,-0.3159027397632599,0.4112351544296613,48.506163503,False,5.457550287246704e-05,-0.00015227124094963074,7.841736078262329e-05,9.676441550254822e-05,0.00018047751789249488,0.033204443752765656,0.06061698868870735,0.15144142508506775,0.16961431503295898,0.23718497716323855,ROA_1001_model49999_noise15,2425,2026-10-01_00-04-08,-0.026662200689315796,0.026032177731394768
-0.00012526288628578186,0.0019002705812454224,0.0012228265404701233,-0.0029384158551692963,0.0036704819076776845,-0.17238593101501465,0.2848151922225952,0.1812158077955246,-0.1556798815727234,0.4051826176252526,-0.0003067776560783386,0.0014001503586769104,0.0008866190910339355,-0.0034321099519729614,0.0038232937061438333,-0.22965948283672333,0.2526668608188629,0.16822664439678192,-0.1428164541721344,0.4058433064894736,-0.02140435203909874,0.01823330484330654,-0.021208493039011955,0.009827964007854462,-0.020099930465221405,0.011526277288794518,-0.0003366731107234955,0.001573655754327774,0.0008527189493179321,-0.0034887343645095825,0.003935267517850795,-0.2552652657032013,0.19268690049648285,0.014818272553384304,-0.3113001585006714,0.4043837707262335,48.526162185000004,False,2.9709190130233765e-05,-0.00017462298274040222,3.222376108169556e-05,5.513429641723633e-05,0.00018411110878733736,0.02553500048816204,0.05987844988703728,0.15352945029735565,0.16860103607177734,0.2362349666480934,ROA_1001_model49999_noise15,2426,2026-10-01_00-04-08,-0.020971091464161873,0.020382381975650787
-0.0009763054549694061,0.0023684464395046234,0.0022506341338157654,-0.0035105273127555847,0.004878491499025555,-0.4776427149772644,0.5996664762496948,0.5485629439353943,-0.5160858631134033,1.0719572610853447,-0.0011879019439220428,0.0017428770661354065,0.0018350780010223389,-0.003929343074560165,0.004812771463841225,-0.5342969298362732,0.5606952905654907,0.5179503560066223,-0.5155689716339111,1.0647719650460652,-0.021111339330673218,0.017767926678061485,-0.0180509090423584,0.006004929076880217,-0.01664603129029274,0.007894506677985191,-0.0012257136404514313,0.0019861385226249695,0.0019192695617675781,-0.003977492451667786,0.004990567495699238,-0.5695614814758301,0.49628594517707825,0.40354856848716736,-0.6510726809501648,1.0638353730612915,48.546161571000006,False,3.864988684654236e-05,-0.000243261456489563,-8.530914783477783e-05,4.936009645462036e-05,0.00025478092127072445,0.03527943044900894,0.0644763931632042,0.11445581167936325,0.13546645641326904,0.19149075756487766,ROA_1001_model49999_noise15,2427,2026-10-01_00-04-08,-0.022078095003962517,0.020046792924404144
-0.0017356127500534058,0.0026965513825416565,0.0031876377761363983,-0.0038491562008857727,0.005929289096646109,-0.7082065343856812,0.8245874047279358,0.8351262211799622,-0.7876036167144775,1.578729454445935,-0.0020165927708148956,0.0019474886357784271,0.0027295202016830444,-0.0041571445763111115,0.0056833232221062836,-0.7568867802619934,0.7922378778457642,0.7978435158729553,-0.791912853717804,1.569638449890037,-0.027940725907683372,0.024173911660909653,-0.0200512558221817,0.007929010316729546,-0.017937587574124336,0.010216901078820229,-0.0020544975996017456,0.0022334977984428406,0.0028967857360839844,-0.004214979708194733,0.005935553703337459,-0.8209393620491028,0.7017962336540222,0.714139997959137,-0.8992626667022705,1.5691735709609316,48.566160796000005,False,3.976747393608093e-05,-0.00028600916266441345,-0.00016828998923301697,5.6531280279159546e-05,0.0003033489832119375,0.06390176713466644,0.09048543125391006,0.08406489342451096,0.10734609514474869,0.1756218824351294,ROA_1001_model49999_noise15,2428,2026-10-01_00-04-08,-0.03023619018495083,0.0250574741512537
-0.001794472336769104,0.002740509808063507,0.0033363699913024902,-0.0039072707295417786,0.006083242543328946,-0.7138214707374573,0.8250716924667358,0.8403071761131287,-0.7917889952659607,1.5864452546585592,-0.0021202489733695984,0.0019729137420654297,0.0028561800718307495,-0.004204735159873962,0.00582306693660042,-0.756008505821228,0.7970873117446899,0.8086552619934082,-0.7917442917823792,1.576968100452651,-0.0312065239995718,0.028049331158399582,-0.025504685938358307,0.014331066980957985,-0.02348586730659008,0.01618572324514389,-0.002131238579750061,0.0022765249013900757,0.0030411407351493835,-0.004252418875694275,0.006077201948178479,-0.8317008018493652,0.7024742364883423,0.7191141843795776,-0.9022698998451233,1.5786947230508876,48.586160182,False,1.4156103134155273e-05,-0.0003067776560783386,-0.00018887221813201904,5.21540641784668e-05,0.0003161885290696039,0.07738545536994934,0.09597837179899216,0.08772405982017517,0.10908301174640656,0.18653406388101043,ROA_1001_model49999_noise15,2429,2026-10-01_00-04-08,-0.03359748423099518,0.027950402349233627
-0.000624731183052063,0.002180039882659912,0.0019263476133346558,-0.003273226320743561,0.004396304214223802,-0.3231419026851654,0.42960140109062195,0.37978029251098633,-0.3409804701805115,0.7377833693155706,-0.0009447336196899414,0.001535750925540924,0.0014213845133781433,-0.003735162317752838,0.004373571955733979,-0.3704884946346283,0.4005664885044098,0.35767069458961487,-0.3361738920211792,0.733488185846394,-0.029176810756325722,0.026263918727636337,-0.027586016803979874,0.017823174595832825,-0.026498736813664436,0.018879327923059464,-0.0009028241038322449,0.0018088147044181824,0.0015709549188613892,-0.0037161633372306824,0.004511287651533257,-0.42555201053619385,0.32574403285980225,0.2353312373161316,-0.47244593501091003,0.7327847468946107,48.606159535,False,-4.153698682785034e-05,-0.0002734363079071045,-0.0001512467861175537,-1.6391277313232422e-05,0.0002803262442474054,0.05496479198336601,0.07479451596736908,0.12246518582105637,0.13631395995616913,0.2052524861341891,ROA_1001_model49999_noise15,2430,2026-10-01_00-04-08,-0.030378175899386406,0.026329122483730316
-0.00023525208234786987,0.0019628554582595825,0.0013358891010284424,-0.003019440919160843,0.003815587766090943,-0.20801740884780884,0.314419150352478,0.22533069550991058,-0.1926421970129013,0.4752067572381004,-0.0005412846803665161,0.0013768672943115234,0.0008062459528446198,-0.0035397708415985107,0.003914892511796204,-0.2611512243747711,0.27953460812568665,0.20133982598781586,-0.19106826186180115,0.4724423622234767,-0.025752099230885506,0.023732945322990417,-0.024393996223807335,0.015922700986266136,-0.023947931826114655,0.016545230522751808,-0.0004780478775501251,0.0016239471733570099,0.0009628012776374817,-0.003506522625684738,0.004010938948745616,-0.29958969354629517,0.21882261335849762,0.07025245577096939,-0.33423301577568054,0.47107303967608544,48.626159945000005,False,-6.277114152908325e-05,-0.00024847686290740967,-0.0001562759280204773,-3.166496753692627e-05,0.00026896405226570566,0.03833882510662079,0.06068963184952736,0.13119541108608246,0.1431778073310852,0.20669318727157213,ROA_1001_model49999_noise15,2431,2026-10-01_00-04-08,-0.02554147131741047,0.024366294965147972
-0.0003141351044178009,0.0020938925445079803,0.0013551674783229828,-0.003180932253599167,0.004028603699906861,-0.27942657470703125,0.3913007378578186,0.2943193316459656,-0.26345252990722656,0.6186398583735732,-0.0006186775863170624,0.001528952270746231,0.0007829628884792328,-0.0037117861211299896,0.004127944592002501,-0.33674201369285583,0.3488529324531555,0.2637626528739929,-0.26726070046424866,0.6132550525402636,-0.02311127260327339,0.022196916863322258,-0.02079395391047001,0.012338440865278244,-0.020332589745521545,0.012995751574635506,-0.0005404464900493622,0.001763179898262024,0.00096932053565979,-0.0037012621760368347,0.004246776003121771,-0.36506447196006775,0.2972222864627838,0.13704970479011536,-0.41306015849113464,0.6156775496107088,48.646159458,True,-7.636845111846924e-05,-0.00023562461137771606,-0.0001866370439529419,-8.847564458847046e-06,0.00026295958287962044,0.02826005034148693,0.051612962037324905,0.12679676711559296,0.1457948237657547,0.2016222124645196,ROA_1001_model49999_noise15,2432,2026-10-01_00-04-08,-0.02185114286839962,0.022771427407860756
-0.0008513219654560089,0.0024747103452682495,0.001975521445274353,-0.003603193908929825,0.004857368583503509,-0.4816260039806366,0.6025367975234985,0.5251774191856384,-0.495381623506546,1.053931802118464,-0.0011633150279521942,0.0018590129911899567,0.0013656914234161377,-0.004076864570379257,0.004804661741169251,-0.537236213684082,0.5569700002670288,0.486824631690979,-0.5044182538986206,1.044162011065909,-0.024741316214203835,0.024185659363865852,-0.020341524854302406,0.0111176036298275,-0.019480321556329727,0.011900627985596657,-0.0010894611477851868,0.002117455005645752,0.0015951693058013916,-0.004096515476703644,0.0049949309458353335,-0.5689998865127563,0.5037271976470947,0.37624499201774597,-0.6407536268234253,1.0496723484106687,48.666164924,True,-7.078051567077637e-05,-0.0002603977918624878,-0.00023152679204940796,2.169981598854065e-05,0.00027874231322611953,0.031626783311367035,0.053209248930215836,0.11070910096168518,0.13635680079460144,0.18603545617467349,ROA_1001_model49999_noise15,2433,2026-10-01_00-04-08,-0.02351376786828041,0.02437138371169567
-0.0008722767233848572,0.002494361251592636,0.0019690021872520447,-0.0035410746932029724,0.004822452115529207,-0.46496090292930603,0.5834530591964722,0.512790858745575,-0.48288607597351074,1.0234338650136992,-0.0012007541954517365,0.001849886029958725,0.0013731420040130615,-0.004001148045063019,0.004746688402565456,-0.5166921615600586,0.5423957109451294,0.4790434241294861,-0.4882160425186157,1.0143695856089017,-0.027762306854128838,0.025434348732233047,-0.023672644048929214,0.013064080849289894,-0.02272595465183258,0.013835016638040543,-0.0011288560926914215,0.0021208077669143677,0.0015941448509693146,-0.004017539322376251,0.004939579830680168,-0.5581508874893188,0.48099270462989807,0.36800557374954224,-0.6239721179008484,1.0195281644778975,48.686158965000004,True,-7.133930921554565e-05,-0.000271480530500412,-0.0002216547727584839,1.4435499906539917e-05,0.00028808721527287485,0.04130508378148079,0.06130896136164665,0.11118500679731369,0.13582128286361694,0.19035296254521283,ROA_1001_model49999_noise15,2434,2026-10-01_00-04-08,-0.02719879150390625,0.024985434487462044
-0.0009149312973022461,0.002483092248439789,0.002055056393146515,-0.003505498170852661,0.00483330139619798,-0.4491060674190521,0.5655158162117004,0.5030743479728699,-0.4730261564254761,0.996550873331969,-0.001259148120880127,0.0018114224076271057,0.001496635377407074,-0.003945827484130859,0.004738058009164948,-0.4956684708595276,0.5296207666397095,0.47370976209640503,-0.4754587709903717,0.9881347235779389,-0.03035089559853077,0.026993650943040848,-0.025754887610673904,0.015629129484295845,-0.025208771228790283,0.016043106094002724,-0.0011917203664779663,0.0020915642380714417,0.001702830195426941,-0.003947876393795013,0.0049220171215728515,-0.5504171848297119,0.45797598361968994,0.36520323157310486,-0.6040818691253662,0.991573583492927,48.706158415000004,True,-6.426125764846802e-05,-0.0002818182110786438,-0.0002035871148109436,2.60770320892334e-06,0.00029479756392272835,0.05464441701769829,0.07160939276218414,0.10861269384622574,0.1286342740058899,0.19089797157613922,ROA_1001_model49999_noise15,2435,2026-10-01_00-04-08,-0.029839185997843742,0.026470959186553955
-0.0009231269359588623,0.0024400651454925537,0.0020271167159080505,-0.003456510603427887,0.004767300085810126,-0.4315785765647888,0.5489513278007507,0.4811435639858246,-0.44935938715934753,0.9568960539585767,-0.0012544915080070496,0.0017849728465080261,0.0015033408999443054,-0.003859773278236389,0.004658654195374953,-0.47573816776275635,0.5147997140884399,0.45156291127204895,-0.4536583721637726,0.949080115126443,-0.030612723901867867,0.027584735304117203,-0.026037482544779778,0.016772864386439323,-0.02558922953903675,0.017126960679888725,-0.0011935830116271973,0.00205114483833313,0.0017004087567329407,-0.0038720667362213135,0.004843689629414514,-0.5324687361717224,0.44108739495277405,0.3491099774837494,-0.572014570236206,0.9497463820087493,48.726162120000005,True,-6.463378667831421e-05,-0.0002639368176460266,-0.0001950189471244812,9.872019290924072e-06,0.000276494843986514,0.05657225474715233,0.07369183003902435,0.10264105349779129,0.11837667971849442,0.1820891554045913,ROA_1001_model49999_noise15,2436,2026-10-01_00-04-08,-0.02975129894912243,0.027229174971580505
-0.001134537160396576,0.0025112181901931763,0.002237968146800995,-0.0035507604479789734,0.005010879157883147,-0.48150306940078735,0.6006788015365601,0.5341153144836426,-0.5022957921028137,1.0605163564753641,-0.0014575198292732239,0.0018406659364700317,0.001735985279083252,-0.003926828503608704,0.004865809645979823,-0.5244985222816467,0.5662776231765747,0.5023516416549683,-0.5083028078079224,1.0517648984220067,-0.0301066804677248,0.026805009692907333,-0.025739211589097977,0.01593310385942459,-0.024990569800138474,0.01660643145442009,-0.0014038756489753723,0.0021049752831459045,0.0019244849681854248,-0.003946572542190552,0.005059069123193446,-0.5858633518218994,0.488389253616333,0.4073902666568756,-0.6200987696647644,1.0525563616244034,48.746159298,True,-5.029141902923584e-05,-0.000264681875705719,-0.0001909211277961731,1.8067657947540283e-05,0.0002705975706616192,0.06124376878142357,0.07789582014083862,0.09511969238519669,0.11180154234170914,0.17707573483824987,ROA_1001_model49999_noise15,2437,2026-10-01_00-04-08,-0.029116323217749596,0.026492267847061157
-0.001204945147037506,0.0025818124413490295,0.0023093074560165405,-0.003618188202381134,0.005142443876573127,-0.5116015672683716,0.634528636932373,0.562623143196106,-0.5324408411979675,1.1219243843401527,-0.0015035271644592285,0.0019166618585586548,0.0018008053302764893,-0.003979727625846863,0.004975573762355051,-0.5557015538215637,0.5972887873649597,0.5276352167129517,-0.5406830310821533,1.1118095821262957,-0.030167827382683754,0.026990704238414764,-0.025909509509801865,0.015646707266569138,-0.024883706122636795,0.016534078866243362,-0.0014590099453926086,0.002181902527809143,0.0019980594515800476,-0.004008598625659943,0.005183434435700637,-0.6120036840438843,0.524295449256897,0.4365611672401428,-0.6503890752792358,1.1135304127902146,48.766160443000004,True,-4.116445779800415e-05,-0.0002637505531311035,-0.00019744038581848145,2.8312206268310547e-05,0.000266969487946571,0.05618854984641075,0.07295794785022736,0.09122676402330399,0.10975077003240585,0.16982131323650176,ROA_1001_model49999_noise15,2438,2026-10-01_00-04-08,-0.028804192319512367,0.026387277990579605
-0.001288391649723053,0.0026464462280273438,0.0023797154426574707,-0.00366847962141037,0.005262629100891847,-0.5309153199195862,0.6552208065986633,0.5796076655387878,-0.5507701635360718,1.159656571753094,-0.0015720725059509277,0.0019798055291175842,0.0018797814846038818,-0.004017539322376251,0.005079805816998345,-0.5758870244026184,0.6161462068557739,0.5438821315765381,-0.5591911673545837,1.1487623355107406,-0.030860180035233498,0.027063000947237015,-0.026823893189430237,0.016253801062703133,-0.025881275534629822,0.01702546887099743,-0.0015398487448692322,0.0022493302822113037,0.002073124051094055,-0.0040531158447265625,0.005297875942913426,-0.6315205097198486,0.5446858406066895,0.4543522298336029,-0.6690797805786133,1.1517387203620029,48.786161941,True,-3.259629011154175e-05,-0.00026691704988479614,-0.00019725412130355835,3.296881914138794e-05,0.00026922141372230494,0.05551986023783684,0.07144920527935028,0.08966586738824844,0.10992399603128433,0.168248151751843,ROA_1001_model49999_noise15,2439,2026-10-01_00-04-08,-0.029503775760531425,0.026144545525312424
-0.001420825719833374,0.0027213245630264282,0.0025061890482902527,-0.003746524453163147,0.00544667255021648,-0.5662254691123962,0.6924960613250732,0.6196936368942261,-0.592700183391571,1.236833416253514,-0.0016830861568450928,0.0020561739802360535,0.002007000148296356,-0.004074722528457642,0.005236407713819186,-0.6107296347618103,0.6525776982307434,0.5825915932655334,-0.6011826395988464,1.224568787549933,-0.03154611587524414,0.027615707367658615,-0.027254698798060417,0.016704197973012924,-0.02633821964263916,0.017420973628759384,-0.001667812466621399,0.002324208617210388,0.0022023916244506836,-0.004120916128158569,0.0054692927358737835,-0.6662476658821106,0.5819610953330994,0.4965038597583771,-0.7094395756721497,1.228834243865336,48.806161838,True,-1.3224780559539795e-05,-0.00026691704988479614,-0.0001993030309677124,4.451721906661987e-05,0.0002721431810833581,0.05542300269007683,0.07059238851070404,0.0862516388297081,0.1082979068160057,0.16499242837154088,ROA_1001_model49999_noise15,2440,2026-10-01_00-04-08,-0.030007073655724525,0.026385597884655
-0.0016301870346069336,0.0028325244784355164,0.002751871943473816,-0.0038776546716690063,0.0057640580372140425,-0.6205998063087463,0.7490571141242981,0.6857979893684387,-0.6597842574119568,1.358667930388487,-0.0018671154975891113,0.0021575018763542175,0.0022608786821365356,-0.0041738152503967285,0.005513042760715974,-0.6634164452552795,0.7090680003166199,0.6480011940002441,-0.6675980687141418,1.3447451418682272,-0.03231942281126976,0.028178885579109192,-0.027793340384960175,0.01742440089583397,-0.02696811780333519,0.01806488446891308,-0.0018784776329994202,0.0024275854229927063,0.0024596229195594788,-0.004236400127410889,0.005770624954420042,-0.7231905460357666,0.6367228627204895,0.564971923828125,-0.7737576365470886,1.3507125015814863,48.826156392,True,1.341104507446289e-05,-0.0002691522240638733,-0.00020042061805725098,6.07222318649292e-05,0.0002865215608240478,0.059582289308309555,0.07232464849948883,0.08320807665586472,0.10625272244215012,0.1642878700359423,ROA_1001_model49999_noise15,2441,2026-10-01_00-04-08,-0.030974870547652245,0.02667985111474991
-0.0017294660210609436,0.0028852373361587524,0.0029109418392181396,-0.003946758806705475,0.005941046617829321,-0.6449241042137146,0.7749236822128296,0.723229706287384,-0.6966758370399475,1.420821233520734,-0.0019447878003120422,0.0022005289793014526,0.002436898648738861,-0.004229508340358734,0.005674253900424206,-0.6856191754341125,0.7359757423400879,0.6847437024116516,-0.7048379182815552,1.4061250185540979,-0.03315989673137665,0.029029250144958496,-0.028415463864803314,0.018373487517237663,-0.027573304250836372,0.019075069576501846,-0.0019803643226623535,0.0024711713194847107,0.002631358802318573,-0.004294142127037048,0.005939586811970519,-0.7498841285705566,0.6606075763702393,0.6049517393112183,-0.8079372048377991,1.412852661319566,48.846156033,True,3.4458935260772705e-05,-0.0002734363079071045,-0.0001955777406692505,6.891787052154541e-05,0.0002998475294726814,0.06410107016563416,0.07530674338340759,0.07990188151597977,0.10314024239778519,0.16367373375087108,ROA_1001_model49999_noise15,2442,2026-10-01_00-04-08,-0.031978581100702286,0.027516808360815048
-0.001819804310798645,0.0029090791940689087,0.003035925328731537,-0.003979355096817017,0.006062817259920319,-0.6618853211402893,0.7913186550140381,0.7465667724609375,-0.7187984585762024,1.4601735139187495,-0.002020224928855896,0.002221018075942993,0.0025715678930282593,-0.004246458411216736,0.005780445480913526,-0.7018688917160034,0.7524974346160889,0.7081497311592102,-0.7265079617500305,1.4449600486332115,-0.03380267322063446,0.029250551015138626,-0.029462845996022224,0.01924138329923153,-0.028553703799843788,0.020032783970236778,-0.002074800431728363,0.0024920329451560974,0.0027593225240707397,-0.00431649386882782,0.006053345216201306,-0.7703303694725037,0.6746891736984253,0.6300173401832581,-0.8275284767150879,1.4522214329668328,48.866154939000005,True,5.62518835067749e-05,-0.00027008354663848877,-0.00018998980522155762,7.022172212600708e-05,0.00030499351670330616,0.06839632987976074,0.0777803361415863,0.07821805775165558,0.10109133273363113,0.16443800030844996,ROA_1001_model49999_noise15,2443,2026-10-01_00-04-08,-0.03280137851834297,0.02761790156364441
-0.001833401620388031,0.0029105693101882935,0.003082863986492157,-0.004004873335361481,0.006107747847904135,-0.6670504212379456,0.7969289422035217,0.7557719349861145,-0.7266327142715454,1.4740671755250223,-0.0020189210772514343,0.0022219493985176086,0.002613663673400879,-0.004260241985321045,0.005810580247668515,-0.7073990702629089,0.7574259638786316,0.716006338596344,-0.7352102398872375,1.4584492739286625,-0.03431881591677666,0.030047666281461716,-0.029798468574881554,0.01995214819908142,-0.028905240818858147,0.02075038105249405,-0.0020872801542282104,0.0024918466806411743,0.0028077512979507446,-0.00433996319770813,0.00609675096749876,-0.776248037815094,0.6794910430908203,0.6391052007675171,-0.8351467251777649,1.465905897650952,48.886155029,True,6.92903995513916e-05,-0.000268593430519104,-0.00019650906324386597,7.748603820800781e-05,0.0003143484005051669,0.06875582039356232,0.07787533104419708,0.07708743214607239,0.1000426635146141,0.16344496595174354,ROA_1001_model49999_noise15,2444,2026-10-01_00-04-08,-0.033260446041822433,0.028318658471107483
-0.0020211562514305115,0.0030351802706718445,0.003301165997982025,-0.004118308424949646,0.00640980123341697,-0.7157977223396301,0.8464213013648987,0.8006188869476318,-0.7708575129508972,1.5676604375192826,-0.0021867454051971436,0.002332031726837158,0.002830289304256439,-0.00436045229434967,0.006083714743080754,-0.7572043538093567,0.8052437901496887,0.76070237159729,-0.7787923812866211,1.5513686870583452,-0.03540175408124924,0.03132014721632004,-0.029968401417136192,0.020230019465088844,-0.02913662977516651,0.02101701870560646,-0.0022778287529945374,0.002606399357318878,0.0030271708965301514,-0.004447996616363525,0.006388044058124609,-0.827213704586029,0.7270686030387878,0.6828047037124634,-0.8805375099182129,1.5596030550396591,48.906155667,True,9.10833477973938e-05,-0.0002719461917877197,-0.00019595026969909668,8.586794137954712e-05,0.0003302528707881569,0.07074326276779175,0.07861106842756271,0.07708556950092316,0.10127200931310654,0.165341730095079,ROA_1001_model49999_noise15,2445,2026-10-01_00-04-08,-0.03440043330192566,0.029818467795848846
-0.001790747046470642,0.002935342490673065,0.003042072057723999,-0.004007481038570404,0.00608721374816654,-0.6515923738479614,0.7824953198432922,0.7193069458007812,-0.689012885093689,1.4221809989753782,-0.0019518658518791199,0.002271123230457306,0.0025719404220581055,-0.004276074469089508,0.00580354592651037,-0.6959773302078247,0.7394347190856934,0.6800405383110046,-0.6970800161361694,1.4068993088851898,-0.034614138305187225,0.03150513768196106,-0.029803065583109856,0.02050662972033024,-0.028988255187869072,0.02129107154905796,-0.002034194767475128,0.002534128725528717,0.0027572736144065857,-0.0043606385588645935,0.0060894872470469725,-0.7587074637413025,0.6671733856201172,0.595491349697113,-0.8042491674423218,1.4140426568830318,48.926156061,True,8.23289155960083e-05,-0.00025834888219833374,-0.00018347054719924927,8.270144462585449e-05,0.0003115213058038236,0.06261654198169708,0.07220916450023651,0.08472426980733871,0.10723992437124252,0.16673563681023265,ROA_1001_model49999_noise15,2446,2026-10-01_00-04-08,-0.033240798860788345,0.03034840151667595
-0.0016804784536361694,0.002913177013397217,0.002921000123023987,-0.003961846232414246,0.005953347273283753,-0.6191562414169312,0.7496159076690674,0.6732549071311951,-0.6425287127494812,1.343528202397172,-0.0018363818526268005,0.0022724270820617676,0.002458319067955017,-0.0042380765080451965,0.005691390003532897,-0.6676017642021179,0.7036141753196716,0.6350799798965454,-0.6505287885665894,1.3293570182374173,-0.03359026089310646,0.03109949827194214,-0.02901553548872471,0.019730832427740097,-0.02815803326666355,0.020599834620952606,-0.0019185245037078857,0.002520345151424408,0.0026324763894081116,-0.004323013126850128,0.005964384041054363,-0.7244683504104614,0.6364695429801941,0.5456339120864868,-0.761581540107727,1.33575470195538,48.946155655000005,True,8.475035429000854e-05,-0.0002477318048477173,-0.00017583370208740234,8.717179298400879e-05,0.0003049615353330563,0.056739892810583115,0.06714463233947754,0.0895969495177269,0.11104903370141983,0.16758408951054443,ROA_1001_model49999_noise15,2447,2026-10-01_00-04-08,-0.0320756696164608,0.03008543699979782
-0.001722387969493866,0.0029260292649269104,0.0029494985938072205,-0.003952905535697937,0.005980004393886305,-0.6254519820213318,0.753661572933197,0.6710849404335022,-0.6384699940681458,1.3457113026561964,-0.0018786638975143433,0.002280622720718384,0.0024907290935516357,-0.0042242929339408875,0.005711658539025427,-0.6770043969154358,0.704657256603241,0.6336159706115723,-0.646762490272522,1.3321433251379386,-0.0327296257019043,0.030177269130945206,-0.028036724776029587,0.018625294789671898,-0.027226973325014114,0.01949216239154339,-0.001965835690498352,0.002530403435230255,0.002656504511833191,-0.00431351363658905,0.005987042912175064,-0.7319915890693665,0.6399955153465271,0.5419105291366577,-0.7576718330383301,1.3375370347834987,48.966158513,True,8.940696716308594e-05,-0.0002512708306312561,-0.00016819685697555542,8.996576070785522e-05,0.0003085721053121629,0.05486420914530754,0.06470084190368652,0.09188241511583328,0.11090188473463058,0.16714421413035893,ROA_1001_model49999_noise15,2448,2026-10-01_00-04-08,-0.031364668160676956,0.02904389426112175
-0.0016236677765846252,0.0028131529688835144,0.0028498470783233643,-0.003878585994243622,0.0057989013732372184,-0.5900375247001648,0.7161367535591125,0.6266897320747375,-0.5918713212013245,1.2640582162124914,-0.0017579644918441772,0.0021940097212791443,0.002374313771724701,-0.00414140522480011,0.0055274147289495435,-0.6460379362106323,0.6630010604858398,0.5906363725662231,-0.6007207036018372,1.2516566109056928,-0.03102382831275463,0.029281839728355408,-0.026324767619371414,0.01757253147661686,-0.025583146139979362,0.01841137744486332,-0.001850724220275879,0.0024516135454177856,0.0025426968932151794,-0.004245340824127197,0.005817728496008027,-0.6897486448287964,0.6107892394065857,0.4920242130756378,-0.7141371965408325,1.2559917913899263,48.986156475,True,9.220093488693237e-05,-0.0002596527338027954,-0.00016670674085617065,0.00010151416063308716,0.0003206602131439205,0.04362687095999718,0.05218013748526573,0.09872391074895859,0.113429494202137,0.16503702780084908,ROA_1001_model49999_noise15,2449,2026-10-01_00-04-08,-0.029821893200278282,0.02796032279729843
-0.0014940276741981506,0.0026481226086616516,0.002677459269762039,-0.0037352554500102997,0.005503667143030643,-0.5369521379470825,0.6582848429679871,0.5661249160766602,-0.5296114683151245,1.1474848277793568,-0.0016158446669578552,0.0020442530512809753,0.0022036023437976837,-0.004016701132059097,0.005257091653267236,-0.5977730751037598,0.6013978123664856,0.5334596633911133,-0.538278341293335,1.137248464521716,-0.028641151264309883,0.02733008563518524,-0.02459022030234337,0.016388026997447014,-0.02396821230649948,0.017188794910907745,-0.0017149373888969421,0.0023107975721359253,0.0023552216589450836,-0.00411616638302803,0.005539452235489458,-0.6307829022407532,0.5603209137916565,0.4257606267929077,-0.6549981832504272,1.1395908876228162,49.006156773,True,9.685754776000977e-05,-0.00026673078536987305,-0.00015106052160263062,9.778887033462524e-05,0.00032210707965854617,0.032959505915641785,0.041050832718610764,0.10779592394828796,0.11671613156795502,0.16733851116434717,ROA_1001_model49999_noise15,2450,2026-10-01_00-04-08,-0.027527745813131332,0.026090281084179878
-0.001345854252576828,0.0024736858904361725,0.0024932436645030975,-0.003598444163799286,0.0051990967892419325,-0.4775356352329254,0.5951793789863586,0.49759724736213684,-0.45899394154548645,1.0172667893216383,-0.001467578113079071,0.001911073923110962,0.0020102597773075104,-0.0038969330489635468,0.004989151923623364,-0.5429377555847168,0.5346676111221313,0.4667946994304657,-0.4692971408367157,1.0093370205015375,-0.02556610479950905,0.025281326845288277,-0.022346030920743942,0.01498866081237793,-0.021787356585264206,0.015797115862369537,-0.0015478581190109253,0.002175755798816681,0.0021534040570259094,-0.003998074680566788,0.005260215601986007,-0.5627945065498352,0.5065612196922302,0.3499155640602112,-0.5887876749038696,1.0095292260976083,49.026156527000005,True,8.074566721916199e-05,-0.00026188790798187256,-0.00013718381524085999,9.723007678985596e-05,0.00030836428624972617,0.019672324880957603,0.028051434084773064,0.11706724017858505,0.11959205567836761,0.17073702728315138,ROA_1001_model49999_noise15,2451,2026-10-01_00-04-08,-0.024463161826133728,0.024199869483709335
-0.0011681579053401947,0.002307537943124771,0.0022244639694690704,-0.003423169255256653,0.0048270528365390196,-0.41383782029151917,0.5279890894889832,0.4207705855369568,-0.38164201378822327,0.8759894061624476,-0.0013047829270362854,0.0017739832401275635,0.0017415732145309448,-0.003754161298274994,0.004671870374050391,-0.4823067784309387,0.46617069840431213,0.39158573746681213,-0.39496830105781555,0.8713156979377948,-0.02232527732849121,0.02252804860472679,-0.019970854744315147,0.01292506791651249,-0.019471123814582825,0.01376204751431942,-0.001364387571811676,0.002028234302997589,0.001867394894361496,-0.00383574515581131,0.00490801384813636,-0.4941848814487457,0.44437310099601746,0.26701483130455017,-0.5142194628715515,0.8677762214813802,49.046163161,True,6.0908496379852295e-05,-0.0002548098564147949,-0.00012423843145370483,8.260831236839294e-05,0.0002868473074129368,0.011785886250436306,0.021781770512461662,0.12469290941953659,0.11925864219665527,0.17414842147388646,ROA_1001_model49999_noise15,2452,2026-10-01_00-04-08,-0.02140791155397892,0.021557413041591644
-0.0009802170097827911,0.0021843239665031433,0.0019567087292671204,-0.0032905489206314087,0.00450937251432567,-0.34504103660583496,0.4579908847808838,0.33874061703681946,-0.3029191792011261,0.728343199182146,-0.0011309981346130371,0.001671724021434784,0.0014525838196277618,-0.003631133586168289,0.004384333992064745,-0.4161614775657654,0.39544886350631714,0.3116605579853058,-0.3185867965221405,0.7266601002908022,-0.019452029839158058,0.02018001861870289,-0.0179953221231699,0.011061204597353935,-0.01748427003622055,0.01189817301928997,-0.0011719763278961182,0.0019215047359466553,0.0015795230865478516,-0.003716442734003067,0.004614178720286393,-0.42027604579925537,0.3787744641304016,0.17933081090450287,-0.4381835162639618,0.7198578483487996,49.066158628000004,True,3.948807716369629e-05,-0.00025136396288871765,-0.0001280568540096283,8.64267349243164e-05,0.0002792746856453287,0.0040335580706596375,0.016683712601661682,0.13242289423942566,0.11960416287183762,0.17900426720787346,ROA_1001_model49999_noise15,2453,2026-10-01_00-04-08,-0.018732938915491104,0.019320551306009293
-0.0007732771337032318,0.0020553357899188995,0.0016619451344013214,-0.0031740404665470123,0.004196004694617212,-0.2782754600048065,0.3896830379962921,0.2561854124069214,-0.2245735228061676,0.5841825527946545,-0.000942964106798172,0.0015574507415294647,0.001130811870098114,-0.003527943044900894,0.004110338580741272,-0.351348876953125,0.3271493911743164,0.23088043928146362,-0.24251918494701385,0.5850816725691886,-0.017267026007175446,0.017734061926603317,-0.016924535855650902,0.009374082088470459,-0.01644839718937874,0.010128045454621315,-0.0009632669389247894,0.0018048100173473358,0.0012712553143501282,-0.003619026392698288,0.004338573042172259,-0.3496221899986267,0.31317490339279175,0.09114015102386475,-0.36324185132980347,0.5755932911447744,49.086158158,True,2.1513551473617554e-05,-0.00024400651454925537,-0.0001414678990840912,9.024515748023987e-05,0.00027161265344236474,-0.001762993517331779,0.014060175977647305,0.13979430496692657,0.12063420563936234,0.18481599004385016,ROA_1001_model49999_noise15,2454,2026-10-01_00-04-08,-0.01644272729754448,0.017040124163031578
-0.0007155351340770721,0.0020012259483337402,0.0015278346836566925,-0.003096461296081543,0.004049199409521515,-0.25945714116096497,0.3689406216144562,0.23387278616428375,-0.20280945301055908,0.5435320951166993,-0.0009019859135150909,0.0014930963516235352,0.0009824521839618683,-0.0034279190003871918,0.003948336589140482,-0.3344723880290985,0.3065727651119232,0.21076573431491852,-0.2209572046995163,0.5466389638605799,-0.015942811965942383,0.014879470691084862,-0.016586165875196457,0.007581897545605898,-0.016088278964161873,0.008294112980365753,-0.0009138137102127075,0.001747719943523407,0.0011380761861801147,-0.003525707870721817,0.004186730277483632,-0.33052822947502136,0.29168835282325745,0.06981473416090012,-0.3374377191066742,0.5327101203952999,49.106157912,True,1.2293457984924316e-05,-0.00025350600481033325,-0.00015776604413986206,9.723007678985596e-05,0.0002827105916057542,-0.004330649971961975,0.0147819509729743,0.14128628373146057,0.11658667773008347,0.18327931821380922,ROA_1001_model49999_noise15,2455,2026-10-01_00-04-08,-0.015360413119196892,0.014334402978420258
-0.0006596557796001434,0.0016409903764724731,0.0014887191355228424,-0.0027921050786972046,0.0036211284284684456,-0.24416576325893402,0.34450364112854004,0.23542064428329468,-0.19486340880393982,0.5171970402094588,-0.0009130686521530151,0.001098494976758957,0.0009680166840553284,-0.0030848197638988495,0.0034989225747789955,-0.3155367374420166,0.28740426898002625,0.20821484923362732,-0.21723750233650208,0.5219502651537355,-0.014223437756299973,0.01116035133600235,-0.016440965235233307,0.005971770267933607,-0.015688927844166756,0.006822958122938871,-0.0009115785360336304,0.001347716897726059,0.0011298805475234985,-0.0031650997698307037,0.0037158251723211962,-0.3303326368331909,0.2556275427341461,0.08654314279556274,-0.31327733397483826,0.5040225985032523,49.126157378,True,2.60770320892334e-06,-0.00025015324354171753,-0.0001648440957069397,7.851049304008484e-05,0.00026980036997731197,0.014408490620553493,0.03168731927871704,0.1220162883400917,0.09609758108854294,0.15839482554163845,ROA_1001_model49999_noise15,2456,2026-10-01_00-04-08,-0.014709541574120522,0.010582966729998589
-0.00035669654607772827,0.00108424574136734,0.001181289553642273,-0.0022644177079200745,0.0027923374095194906,-0.17319339513778687,0.26303529739379883,0.17504578828811646,-0.12157856673002243,0.374367733204082,-0.0006770715117454529,0.0005629844963550568,0.0006804242730140686,-0.0025403685867786407,0.00272982945712521,-0.235536128282547,0.2147350311279297,0.13934820890426636,-0.15181489288806915,0.3792325817410531,-0.012925831601023674,0.00994841381907463,-0.016497768461704254,0.005977638531476259,-0.015322230756282806,0.007092020940035582,-0.0006454065442085266,0.0007725320756435394,0.0008521601557731628,-0.002587679773569107,0.0028831346905143084,-0.2713119387626648,0.16866809129714966,0.042290423065423965,-0.22696702182292938,0.3648123061028258,49.146155532,True,-3.1478703022003174e-05,-0.00021159648895263672,-0.0001708976924419403,4.777684807777405e-05,0.00021722995755003475,0.0354815274477005,0.04600267484784126,0.09732040762901306,0.07518380880355835,0.13535270473670288,ROA_1001_model49999_noise15,2457,2026-10-01_00-04-08,-0.013994600623846054,0.009244613349437714
-0.0002226792275905609,0.0007640570402145386,0.001016072928905487,-0.0019337981939315796,0.0023201606974105077,-0.14708469808101654,0.23044830560684204,0.15839746594429016,-0.09434296935796738,0.32217800340734565,-0.0006098300218582153,0.0002537854015827179,0.0005376525223255157,-0.0021906569600105286,0.002291356865462554,-0.20363833010196686,0.18697230517864227,0.11606699973344803,-0.13007037341594696,0.3264999099799267,-0.012136615812778473,0.008950630202889442,-0.01641707308590412,0.006040109787136316,-0.015266316011548042,0.007120034191757441,-0.0005416572093963623,0.00043353065848350525,0.000718235969543457,-0.002224370837211609,0.0024098907988424245,-0.2546235918998718,0.13123545050621033,0.040411945432424545,-0.1894403100013733,0.3184320776796174,49.166156502,True,-6.854534149169922e-05,-0.00017909333109855652,-0.00018030405044555664,3.287568688392639e-05,0.00020456193104474474,0.050611790269613266,0.05566700920462608,0.07597636431455612,0.059436071664094925,0.12192250713747751,ROA_1001_model49999_noise15,2458,2026-10-01_00-04-08,-0.013300066813826561,0.008182410150766373
-0.00013764947652816772,0.00077076256275177,0.0008501112461090088,-0.0018736347556114197,0.002193950927173047,-0.12209917604923248,0.20799225568771362,0.1261802315711975,-0.06372760981321335,0.2711355623055471,-0.0005397014319896698,0.0002849847078323364,0.00034924596548080444,-0.002127978950738907,0.0021893402834655003,-0.17895828187465668,0.1640496701002121,0.08458829671144485,-0.09823682904243469,0.2748863164577561,-0.011985553428530693,0.009705208241939545,-0.016465701162815094,0.0068734497763216496,-0.01540871150791645,0.007866723462939262,-0.0004369765520095825,0.0004493631422519684,0.0005441717803478241,-0.0021733343601226807,0.002306272281453255,-0.22418609261512756,0.11340527981519699,0.006906687747687101,-0.16144569218158722,0.26787781016258244,49.186157856,True,-0.00010300427675247192,-0.00016540288925170898,-0.00019427388906478882,4.6659260988235474e-05,0.00022644168893668295,0.04488136246800423,0.050543803721666336,0.07799174636602402,0.06328243762254715,0.12071905766179215,ROA_1001_model49999_noise15,2459,2026-10-01_00-04-08,-0.01280549168586731,0.009279729798436165
-8.605420589447021e-05,0.0009299255907535553,0.0007497146725654602,-0.0019764527678489685,0.002299579376211001,-0.11373124271631241,0.20585952699184418,0.10623782128095627,-0.05118175968527794,0.2554855806526915,-0.0004823319613933563,0.00046743080019950867,0.0002144835889339447,-0.002245139330625534,0.002314640225312697,-0.17423926293849945,0.15779583156108856,0.0679483637213707,-0.08139106631278992,0.25752643523413654,-0.012609340250492096,0.010165039449930191,-0.017122840508818626,0.006676281336694956,-0.016073474660515785,0.007671326864510775,-0.00035548582673072815,0.0006340444087982178,0.00042552128434181213,-0.002310425043106079,0.0024488346522002834,-0.20621715486049652,0.11875386536121368,-0.01992005668580532,-0.15688127279281616,0.2495708902714903,49.206155818000006,True,-0.00012656673789024353,-0.00016633421182632446,-0.00020880252122879028,6.48200511932373e-05,0.0002480392492414102,0.03168359398841858,0.03892555832862854,0.08813197910785675,0.0755777582526207,0.1262177448992947,ROA_1001_model49999_noise15,2460,2026-10-01_00-04-08,-0.012984083965420723,0.010149545967578888
-2.7939677238464355e-07,0.000978168100118637,0.0006338581442832947,-0.0020205043256282806,0.0023172319346702764,-0.10222288966178894,0.19797495007514954,0.08805002272129059,-0.04083383455872536,0.23647567219987312,-0.00040316954255104065,0.0005206093192100525,7.776543498039246e-05,-0.002307724207639694,0.002371584162259838,-0.16456934809684753,0.1482926309108734,0.05235615745186806,-0.06670504808425903,0.23681291747316383,-0.013895714655518532,0.00950399599969387,-0.01843261905014515,0.005712062586098909,-0.017381273210048676,0.006738710682839155,-0.0002571381628513336,0.0006882473826408386,0.0002919696271419525,-0.0023824162781238556,0.0025047848150974183,-0.19239912927150726,0.11251866072416306,-0.04422291740775108,-0.15399138629436493,0.22927885727829056,49.22615522,True,-0.00014454126358032227,-0.00016810372471809387,-0.0002168118953704834,7.692724466323853e-05,0.00026370648293086863,0.027443280443549156,0.035665929317474365,0.09688454866409302,0.08739064633846283,0.13780449331373215,ROA_1001_model49999_noise15,2461,2026-10-01_00-04-08,-0.013773804530501366,0.009618101641535759
8.754432201385498e-05,0.0007997266948223114,0.0006096437573432922,-0.0018996186554431915,0.0021291156777683336,-0.09855534136295319,0.19145476818084717,0.0883098617196083,-0.040243376046419144,0.22935233595833812,-0.0003586523234844208,0.000314321368932724,7.329508662223816e-05,-0.002199597656726837,0.0022254443947638267,-0.15893018245697021,0.14436709880828857,0.05082040652632713,-0.06597023457288742,0.22988681184262938,-0.015642866492271423,0.008714575320482254,-0.020159779116511345,0.0052223787643015385,-0.019076736643910408,0.0063196769915521145,-0.00019259750843048096,0.0004820525646209717,0.0002839602530002594,-0.0022574327886104584,0.002330184860516554,-0.19730626046657562,0.09934137761592865,-0.03868062049150467,-0.15074573457241058,0.22544478481351898,49.246156126,True,-0.00016605481505393982,-0.00016670674085617065,-0.00021206215023994446,5.6624412536621094e-05,0.00027891700305311787,0.038028694689273834,0.04499218985438347,0.09038857370615005,0.08482299000024796,0.13710536319826036,ROA_1001_model49999_noise15,2462,2026-10-01_00-04-08,-0.01554080843925476,0.00898444838821888
0.00022668391466140747,0.0004712957888841629,0.000562518835067749,-0.001663248986005783,0.0017968340682710012,-0.08265207707881927,0.1687735766172409,0.0852290466427803,-0.029373912140727043,0.19963908480476372,-0.000279303640127182,-5.275942385196686e-05,6.966292858123779e-05,-0.0019624829292297363,0.0019641954719136407,-0.13719964027404785,0.12885358929634094,0.04277564212679863,-0.05773920193314552,0.201114299617367,-0.01589886099100113,0.007658799644559622,-0.020694147795438766,0.004747715312987566,-0.01930396817624569,0.006123657803982496,-9.224750101566315e-05,0.00010686926543712616,0.00026226043701171875,-0.001990143209695816,0.0020108198617682,-0.19593466818332672,0.06548687815666199,-0.03126543015241623,-0.13129878044128418,0.20718664175880036,49.266155337,True,-0.00018738210201263428,-0.0001598615199327469,-0.00019408762454986572,2.598389983177185e-05,0.0002891364816352099,0.058694273233413696,0.06326986104249954,0.07420871406793594,0.07365178316831589,0.13554360746454994,ROA_1001_model49999_noise15,2463,2026-10-01_00-04-08,-0.01586262509226799,0.007834261283278465
0.0002462649717926979,0.0004572095349431038,0.000629667192697525,-0.0016903504729270935,0.0018375540043745256,-0.0730508416891098,0.15753670036792755,0.08796247839927673,-0.028772277757525444,0.1863915609399789,-0.00028812792152166367,-8.158385753631592e-05,0.00013867393136024475,-0.001996103674173355,0.0020018779307971633,-0.12590013444423676,0.11948099732398987,0.043732110410928726,-0.05832314118742943,0.18791923718799738,-0.015229275450110435,0.007810317445546389,-0.020398592576384544,0.004779078532010317,-0.018320852890610695,0.006670908536761999,-8.856877684593201e-05,8.628703653812408e-05,0.0003320164978504181,-0.00200662761926651,0.0020363496548644823,-0.18910200893878937,0.05263206362724304,-0.025766899809241295,-0.1279190182685852,0.19669626963673242,49.286154899,True,-0.00020032748579978943,-0.00016838312149047852,-0.0001909211277961731,1.043081283569336e-05,0.0003038925539702844,0.06311642378568649,0.06683426350355148,0.06957072764635086,0.06962846964597702,0.1346667213615554,ROA_1001_model49999_noise15,2464,2026-10-01_00-04-08,-0.015671169385313988,0.007743863854557276
0.00020759180188179016,0.0006421469151973724,0.0006644055247306824,-0.0018747523427009583,0.0020628043102156393,-0.08066742867231369,0.16899219155311584,0.08672940731048584,-0.033153221011161804,0.20026722384283802,-0.00031227245926856995,0.0001017935574054718,0.00014184042811393738,-0.002206210047006607,0.0022141722864557588,-0.13628974556922913,0.12877769768238068,0.04665273800492287,-0.05842186138033867,0.20162891692584853,-0.015156129375100136,0.008242236450314522,-0.020197777077555656,0.004856763873249292,-0.017942316830158234,0.006894855294376612,-0.00011334195733070374,0.0002827495336532593,0.00034049153327941895,-0.0022229738533496857,0.0022683982728437476,-0.19094718992710114,0.06757955998182297,-0.03570783883333206,-0.13998709619045258,0.20339213733358522,49.306154205000006,True,-0.0001989305019378662,-0.0001837499439716339,-0.00019650906324386597,1.94646418094635e-05,0.0003092157506017793,0.05445628985762596,0.06121117249131203,0.08312425762414932,0.08159409463405609,0.14233414796736854,ROA_1001_model49999_noise15,2465,2026-10-01_00-04-08,-0.015486860647797585,0.008594708517193794
6.118789315223694e-05,0.0010778196156024933,0.0007992610335350037,-0.0022613443434238434,0.0026019766641928355,-0.10574887692928314,0.20123644173145294,0.10078027099370956,-0.055429521948099136,0.2480503617227807,-0.00041760504245758057,0.0005454756319522858,0.00021951273083686829,-0.002621673047542572,0.0026948790158351815,-0.16827507317066193,0.15434995293617249,0.06844848394393921,-0.07332116365432739,0.24930104572626274,-0.015116797760128975,0.008822204545140266,-0.02009679190814495,0.004829491022974253,-0.017852839082479477,0.006895217578858137,-0.0002250075340270996,0.0007552094757556915,0.00043939799070358276,-0.002662837505340576,0.002809927641330081,-0.20170582830905914,0.10887998342514038,-0.037007033824920654,-0.17416197061538696,0.24007843084972605,49.326153511,True,-0.00019418075680732727,-0.00020833685994148254,-0.00021979212760925293,4.069879651069641e-05,0.00032111770966291117,0.033360905945301056,0.0454634390771389,0.10554957389831543,0.10087340325117111,0.15624296061814058,ROA_1001_model49999_noise15,2466,2026-10-01_00-04-08,-0.01496044173836708,0.009858587756752968
-1.2479722499847412e-05,0.001311860978603363,0.0008615665137767792,-0.002461671829223633,0.0028946455937790797,-0.11656339466571808,0.21588894724845886,0.10298005491495132,-0.06293971091508865,0.2677036352432159,-0.0004639849066734314,0.0007889233529567719,0.00025061890482902527,-0.002851337194442749,0.002981301012316409,-0.18246005475521088,0.1660240739583969,0.07534120231866837,-0.07583573460578918,0.26880958641215214,-0.015308674424886703,0.00912298820912838,-0.020585112273693085,0.0049307397566735744,-0.018208395689725876,0.00714034354314208,-0.00027837231755256653,0.0010093674063682556,0.00047814100980758667,-0.0028973445296287537,0.003115883602165773,-0.20506325364112854,0.1279599964618683,-0.043299976736307144,-0.19023659825325012,0.2583761832348757,49.346157105,True,-0.00018719583749771118,-0.00021811574697494507,-0.00022565945982933044,4.302710294723511e-05,0.00032215249849274245,0.022458842024207115,0.037964433431625366,0.11888052523136139,0.11451075971126556,0.17047372681008996,ROA_1001_model49999_noise15,2467,2026-10-01_00-04-08,-0.015117939561605453,0.010380415245890617
-2.60770320892334e-06,0.001440383493900299,0.0008448027074337006,-0.002569146454334259,0.003038134322185523,-0.11399760097265244,0.21751131117343903,0.09554251283407211,-0.05956645682454109,0.2649423442637391,-0.0004427507519721985,0.0009238719940185547,0.00021569430828094482,-0.0029801391065120697,0.0031384594272153704,-0.1825280338525772,0.16530509293079376,0.07079914212226868,-0.07005687803030014,0.2656051364791765,-0.0157901793718338,0.008929593488574028,-0.020889602601528168,0.004866520408540964,-0.018875746056437492,0.006901057902723551,-0.0002545304596424103,0.0011470168828964233,0.0004488043487071991,-0.003025401383638382,0.0032754906076030224,-0.19816307723522186,0.13243407011032104,-0.05591753497719765,-0.19224172830581665,0.25510534683955327,49.366156731000004,True,-0.0001880340278148651,-0.0002216547727584839,-0.00023348256945610046,4.433095455169678e-05,0.00032760550442405766,0.015428288839757442,0.03277044743299484,0.1269252896308899,0.12226215749979019,0.17947027790715586,ROA_1001_model49999_noise15,2468,2026-10-01_00-04-08,-0.015334701165556908,0.01033737137913704
-1.648440957069397e-05,0.001401454210281372,0.0008801929652690887,-0.002541951835155487,0.003007255292716968,-0.12029241025447845,0.22297164797782898,0.10209250450134277,-0.06496347486972809,0.2754719809967077,-0.00046892091631889343,0.0008722767233848572,0.00026086345314979553,-0.002957414835691452,0.0031073994737595818,-0.18820910155773163,0.17153750360012054,0.07682014256715775,-0.07584970444440842,0.2765619798989956,-0.016100404784083366,0.008319718763232231,-0.02108379639685154,0.004586039576679468,-0.019374268129467964,0.006470318417996168,-0.00027837231755256653,0.0010960735380649567,0.0004919245839118958,-0.0029898248612880707,0.0032329075783951115,-0.20808911323547363,0.1342780888080597,-0.046704892069101334,-0.19600240886211395,0.2655864092289448,49.386154853,True,-0.00018989667296409607,-0.00022491440176963806,-0.00023115426301956177,3.2689422369003296e-05,0.000332409088773578,0.019805504009127617,0.037243589758872986,0.12360884994268417,0.12014712393283844,0.1770196876202053,ROA_1001_model49999_noise15,2469,2026-10-01_00-04-08,-0.01579810120165348,0.009890669956803322
2.16066837310791e-05,0.0012174248695373535,0.0008890405297279358,-0.0023978762328624725,0.0028034129991434636,-0.11839088052511215,0.21768337488174438,0.10266992449760437,-0.06121117249131203,0.2693441931340451,-0.0004559289664030075,0.0006684102118015289,0.000287126749753952,-0.002807844430208206,0.0029122912463352088,-0.18348661065101624,0.16887415945529938,0.07519032806158066,-0.07469672709703445,0.2709338639346918,-0.015598740428686142,0.007692594546824694,-0.020591096952557564,0.004522905219346285,-0.019090665504336357,0.006281240377575159,-0.00025816261768341064,0.0008916947990655899,0.0005169771611690521,-0.002826005220413208,0.003017849859059308,-0.21274782717227936,0.12382189184427261,-0.04069320484995842,-0.18716882169246674,0.2597041796232653,49.406155855,True,-0.00019883736968040466,-0.00022156164050102234,-0.00022957101464271545,1.7974525690078735e-05,0.0003407839468052812,0.029183922335505486,0.04504527524113655,0.1159571036696434,0.1124795451760292,0.16984673986354243,ROA_1001_model49999_noise15,2470,2026-10-01_00-04-08,-0.015683962032198906,0.009375354275107384
4.2049214243888855e-05,0.0010324642062187195,0.0008760951459407806,-0.0022472813725471497,0.0025956557943644498,-0.11576338857412338,0.2118544578552246,0.10123848170042038,-0.05600414797663689,0.2615243090466555,-0.00045923516154289246,0.0004712957888841629,0.0002923421561717987,-0.0026523135602474213,0.0027194584988456806,-0.17822346091270447,0.16571255028247833,0.07132161408662796,-0.0719139352440834,0.2635684056156494,-0.015010600909590721,0.007290076930075884,-0.020351070910692215,0.004856748040765524,-0.018968986347317696,0.006536665838211775,-0.00025490298867225647,0.0006888527423143387,0.0005159527063369751,-0.002653989940881729,0.002799322479173843,-0.21649709343910217,0.11360691487789154,-0.03701355308294296,-0.17702485620975494,0.2537641293450381,49.426143929000006,True,-0.000202888622879982,-0.00022035092115402222,-0.00022388994693756104,4.0978193283081055e-06,0.00034445876749122987,0.0382070429623127,0.05206558480858803,0.10842922329902649,0.10512582212686539,0.1639519177302886,ROA_1001_model49999_noise15,2471,2026-10-01_00-04-08,-0.015303133055567741,0.009049126878380775
8.870847523212433e-05,0.0009887386113405228,0.0008042901754379272,-0.0021986663341522217,0.002512191518602562,-0.09741680324077606,0.19361962378025055,0.079109326004982,-0.03504566848278046,0.2274334233160913,-0.00040116719901561737,0.00044158659875392914,0.0002076849341392517,-0.002603325992822647,0.002654731184873759,-0.16052833199501038,0.14624837040901184,0.049289312213659286,-0.05161389335989952,0.22853698302375905,-0.014342052862048149,0.0073907519690692425,-0.01989493891596794,0.005352241452783346,-0.01865624636411667,0.006916271988302469,-0.00020060688257217407,0.0006571412086486816,0.00043762847781181335,-0.0026102177798748016,0.0027330155274074936,-0.19525176286697388,0.09771808236837387,-0.06104819104075432,-0.15746335685253143,0.21972824135951563,49.446157635000006,True,-0.00020409934222698212,-0.00021462328732013702,-0.00022649765014648438,6.51925802230835e-06,0.0003433797654825216,0.034580472856760025,0.04848278686404228,0.11050979793071747,0.10591185837984085,0.16391814237972485,ROA_1001_model49999_noise15,2472,2026-10-01_00-04-08,-0.014878947287797928,0.009006921201944351
8.023343980312347e-05,0.000940077006816864,0.0008069910109043121,-0.002147909253835678,0.002451680795723903,-0.09566637873649597,0.19082006812095642,0.07261987775564194,-0.02798437885940075,0.2215265987107683,-0.00040996819734573364,0.0003916211426258087,0.00021262094378471375,-0.0025579705834388733,0.002602352069257544,-0.15952716767787933,0.14263902604579926,0.04247482493519783,-0.044753771275281906,0.22266175066145874,-0.01422141119837761,0.007540578488260508,-0.01991892047226429,0.005504520144313574,-0.018711457028985023,0.007012106012552977,-0.00020652078092098236,0.0006095971912145615,0.0004380941390991211,-0.002562999725341797,0.0026768555244651247,-0.1934124082326889,0.09466474503278732,-0.06735604256391525,-0.15103350579738617,0.21553236002262713,49.466155949000004,True,-0.00020368024706840515,-0.00021690502762794495,-0.00022677704691886902,4.842877388000488e-06,0.000344661356408132,0.03382796421647072,0.047985926270484924,0.10988115519285202,0.10630487650632858,0.16345136998108697,ROA_1001_model49999_noise15,2473,2026-10-01_00-04-08,-0.014994250610470772,0.009386662393808365
0.0001171603798866272,0.0009973999112844467,0.0007050111889839172,-0.002149399369955063,0.00244393007551965,-0.08520064502954483,0.1846817284822464,0.0505056194961071,-0.006545334588736296,0.2052677137677542,-0.0003458932042121887,0.000471482053399086,0.00010887160897254944,-0.002562999725341797,0.0026116059472943995,-0.15213386714458466,0.13305991888046265,0.019262544810771942,-0.02491753362119198,0.2044640047301742,-0.013898637145757675,0.007589998189359903,-0.019676126539707184,0.005010757129639387,-0.018466772511601448,0.006527322810143232,-0.0001492910087108612,0.0006881542503833771,0.00034365803003311157,-0.002565048635005951,0.002681498958754506,-0.17569632828235626,0.09407242387533188,-0.08895806223154068,-0.12955069541931152,0.201171884210172,49.486173719,True,-0.00019818544387817383,-0.00021597370505332947,-0.00023152679204940796,2.1420419216156006e-06,0.0003434764837880795,0.023379920050501823,0.038887374103069305,0.10840687155723572,0.10469461977481842,0.15698739225969974,ROA_1001_model49999_noise15,2474,2026-10-01_00-04-08,-0.014542443677783012,0.009538188576698303
0.00010775402188301086,0.0009472481906414032,0.0007068738341331482,-0.0020829960703849792,0.002367450927541974,-0.09206774830818176,0.1914568692445755,0.05140620842576027,-0.007628462743014097,0.2145174132350956,-0.0003429129719734192,0.0004234723746776581,0.00011762604117393494,-0.0025010667741298676,0.002542665482603738,-0.16024591028690338,0.1388154923915863,0.01957826316356659,-0.02662651054561138,0.21444952030132516,-0.014163635671138763,0.007654126267880201,-0.020126579329371452,0.005049505736678839,-0.018897583708167076,0.0065300301648676395,-0.00015320256352424622,0.0006390735507011414,0.00035353004932403564,-0.0024983659386634827,0.002606737908458102,-0.18055619299411774,0.10164780169725418,-0.0858241617679596,-0.1294165849685669,0.20789349040997795,49.506163810000004,True,-0.0001912936568260193,-0.00021816231310367584,-0.00023273751139640808,-1.955777406692505e-06,0.00034141882312543865,0.02025393582880497,0.037192367017269135,0.10547506809234619,0.10277330130338669,0.15275976728296708,ROA_1001_model49999_noise15,2475,2026-10-01_00-04-08,-0.014737630262970924,0.009954070672392845
0.0001701992005109787,0.0007168389856815338,0.0006327405571937561,-0.0018544495105743408,0.0020597851067839616,-0.09612599015235901,0.19123870134353638,0.054395753890275955,-0.0051455567590892315,0.21609149142774764,-0.00029657967388629913,0.00018328428268432617,8.01868736743927e-05,-0.002252776175737381,0.002262649639128641,-0.16216745972633362,0.1411624252796173,0.01786649227142334,-0.028982756659388542,0.21744885699109404,-0.013935819268226624,0.007064392324537039,-0.020265230908989906,0.004805501084774733,-0.01896793395280838,0.0062898616306483746,-0.00010202638804912567,0.0003893394023180008,0.00030295923352241516,-0.002237129956483841,0.0022926436716674487,-0.19010713696479797,0.0964142307639122,-0.07369648665189743,-0.11900066584348679,0.21373603744257638,49.526154764000005,True,-0.00019576400518417358,-0.00020586885511875153,-0.00022472813725471497,-1.7508864402770996e-05,0.0003400700683500163,0.02785026840865612,0.044754236936569214,0.09167566150426865,0.09001697599887848,0.13839468944435623,ROA_1001_model49999_noise15,2476,2026-10-01_00-04-08,-0.014726076275110245,0.00914037972688675
0.0002782326191663742,0.0002389773726463318,0.0005958601832389832,-0.0014030374586582184,0.0015285978174283952,-0.09546241909265518,0.1801089346408844,0.066329725086689,-0.002389773726463318,0.20674880026880163,-0.0002339482307434082,-0.00031460076570510864,0.00011390075087547302,-0.0017595477402210236,0.0017888867630025472,-0.1564202755689621,0.13629160821437836,0.018512830138206482,-0.038059428334236145,0.21111600219195895,-0.014214010909199715,0.006669586058706045,-0.02075265161693096,0.0048777018673717976,-0.019295871257781982,0.006372835021466017,-3.189779818058014e-05,-0.00012367963790893555,0.0003227032721042633,-0.001705717295408249,0.0017398229801922455,-0.2038152813911438,0.07399217784404755,-0.03909692168235779,-0.09622517228126526,0.21687641636179475,49.546173846,True,-0.00020223669707775116,-0.00019292347133159637,-0.00021029263734817505,-5.206093192100525e-05,0.0003425822189597295,0.04732934385538101,0.06224214658141136,0.057646069675683975,0.05813873931765556,0.11297135458085485,ROA_1001_model49999_noise15,2477,2026-10-01_00-04-08,-0.01541776955127716,0.008298229426145554
0.00026584602892398834,0.0001701992005109787,0.0006477348506450653,-0.0013504177331924438,0.001498244784636472,-0.09854137152433395,0.180831640958786,0.0804876834154129,-0.011333263479173183,0.21214330106096096,-0.00026687048375606537,-0.0003938097506761551,0.00018477439880371094,-0.0017006881535053253,0.0017499199803710358,-0.15606777369976044,0.14041875302791595,0.02916622720658779,-0.04953611269593239,0.21702176990472066,-0.013609759509563446,0.007380218710750341,-0.020019661635160446,0.005756013561040163,-0.018530339002609253,0.0072419955395162106,-6.291083991527557e-05,-0.00020819716155529022,0.00038566067814826965,-0.0016342848539352417,0.0016897283703729287,-0.21254177391529083,0.07104594260454178,-0.01805368810892105,-0.10005011409521103,0.2246953569226365,49.566158272,True,-0.00020316801965236664,-0.00018705613911151886,-0.0002032145857810974,-6.686896085739136e-05,0.00034195341171290057,0.056408341974020004,0.06933789700269699,0.04727020487189293,0.050465572625398636,0.1129439386275437,ROA_1001_model49999_noise15,2478,2026-10-01_00-04-08,-0.015129255130887032,0.008682943880558014
0.00031245872378349304,6.891787052154541e-05,0.0006205402314662933,-0.0012374483048915863,0.0013866608776634394,-0.09169242531061172,0.1710224747657776,0.07537659257650375,-0.0011790543794631958,0.19790714211157975,-0.00022491440176963806,-0.0004871748387813568,0.00018132850527763367,-0.001573655754327774,0.001650886598390058,-0.14800484478473663,0.13182777166366577,0.019880009815096855,-0.04387087747454643,0.2030769755712348,-0.013314496725797653,0.008311396464705467,-0.0193621926009655,0.006376584526151419,-0.017824584618210793,0.00784374214708805,-1.685693860054016e-05,-0.00031087547540664673,0.0003777444362640381,-0.001498684287071228,0.0015739931185676827,-0.20672287046909332,0.061040740460157394,-0.015306285582482815,-0.08366069942712784,0.21576904154623464,49.586179594,True,-0.0002059154212474823,-0.00018011778593063354,-0.00019529834389686584,-7.450580596923828e-05,0.00033929134941784305,0.05869939550757408,0.07082242518663406,0.03524310886859894,0.0397656075656414,0.10621909098607525,ROA_1001_model49999_noise15,2479,2026-10-01_00-04-08,-0.015029758214950562,0.00948387011885643
0.0003501772880554199,4.3120235204696655e-05,0.0005109235644340515,-0.001167692244052887,0.001278861497857556,-0.08447840064764023,0.16371159255504608,0.05868170037865639,0.014494172297418118,0.18481628962686258,-0.00016186386346817017,-0.0004932284355163574,7.599592208862305e-05,-0.0015019439160823822,0.001581008143365419,-0.142022967338562,0.12375599890947342,0.002718530362471938,-0.02885330282151699,0.18955798518774106,-0.013252757489681244,0.009256795048713684,-0.018908215686678886,0.006650569383054972,-0.017367174848914146,0.008099889382719994,4.032626748085022e-05,-0.00032512471079826355,0.00027175992727279663,-0.0014334917068481445,0.0014952146326479183,-0.19452254474163055,0.056507062166929245,-0.03245193511247635,-0.06935838609933853,0.20296355403449004,49.606155572000006,True,-0.0002020038664340973,-0.00016987323760986328,-0.0001967884600162506,-6.919726729393005e-05,0.0003312528765824844,0.05246232822537422,0.06726197898387909,0.03519747406244278,0.04050973430275917,0.10075013943176328,ROA_1001_model49999_noise15,2480,2026-10-01_00-04-08,-0.015000646933913231,0.010449899360537529
0.0003332272171974182,7.972121238708496e-05,0.0004892237484455109,-0.0011543743312358856,0.0012551402162206805,-0.10249669849872589,0.18292571604251862,0.07335003465414047,-0.0004144385166000575,0.21309175109011083,-0.00016130506992340088,-0.00046156346797943115,6.025657057762146e-05,-0.001485086977481842,0.0015551909119126894,-0.16105081140995026,0.14170445501804352,0.01647789031267166,-0.04425830766558647,0.2185564681052589,-0.013763057067990303,0.009704602882266045,-0.01904383674263954,0.006216897163540125,-0.017395494505763054,0.007748520467430353,3.520399332046509e-05,-0.000287126749753952,0.0002566725015640259,-0.0014222227036952972,0.0014737782108489503,-0.20972172915935516,0.07686950266361237,-0.016371719539165497,-0.0842055231332779,0.22384862922823529,49.626155262000005,True,-0.00019706785678863525,-0.00017276033759117126,-0.00019595026969909668,-6.509944796562195e-05,0.0003274035198126382,0.04861130937933922,0.06490014493465424,0.03290735185146332,0.03990437462925911,0.0961571166759688,ROA_1001_model49999_noise15,2481,2026-10-01_00-04-08,-0.015423199161887169,0.011035777628421783
0.0003818422555923462,-2.384185791015625e-05,0.00043781474232673645,-0.0010428018867969513,0.0011448969310920837,-0.11399853229522705,0.19297654926776886,0.08301343023777008,-0.008964911103248596,0.23013051581681104,-0.00011110678315162659,-0.0005764886736869812,2.8219074010849e-05,-0.0013737939298152924,0.0014899458558908323,-0.17255450785160065,0.15235598385334015,0.024194827303290367,-0.05420669540762901,0.23650994775765022,-0.014942169189453125,0.009165242314338684,-0.019975576549768448,0.00537068909034133,-0.01830923929810524,0.0069245328195393085,7.757917046546936e-05,-0.0004020519554615021,0.00021578744053840637,-0.0012987293303012848,0.0013787034969834826,-0.22427736222743988,0.08426326513290405,-0.0028265637811273336,-0.08955876529216766,0.24155786800254977,49.646152392000005,True,-0.00019297003746032715,-0.0001728534698486328,-0.00018924474716186523,-7.087364792823792e-05,0.00032324072308921424,0.051691193133592606,0.06810668855905533,0.027035361155867577,0.03532320261001587,0.09638005172368193,ROA_1001_model49999_noise15,2482,2026-10-01_00-04-08,-0.016458502039313316,0.010524364188313484
0.0003489665687084198,-0.000173225998878479,0.0005665235221385956,-0.0009234994649887085,0.00113425643280389,-0.1416970044374466,0.21384096145629883,0.1332675963640213,-0.05065276846289635,0.2836969396022275,-0.00018458813428878784,-0.0007647089660167694,0.00020526349544525146,-0.0012195669114589691,0.0014415538220725714,-0.1948559582233429,0.17893685400485992,0.06869155913591385,-0.10009854286909103,0.29001180111890534,-0.01628524251282215,0.008763017132878304,-0.02077658846974373,0.005066331010311842,-0.01902511902153492,0.006659045349806547,1.1082738637924194e-05,-0.000593625009059906,0.00038100406527519226,-0.001131836324930191,0.0013238929144074772,-0.26627814769744873,0.0946875587105751,0.06212945654988289,-0.11923535913228989,0.30092917563192956,49.666155858,True,-0.00019446015357971191,-0.0001708976924419403,-0.0001755543053150177,-9.08970832824707e-05,0.0003234974321157075,0.07137376815080643,0.08422787487506866,0.006644986104220152,0.019181519746780396,0.11201978776593997,ROA_1001_model49999_noise15,2483,2026-10-01_00-04-08,-0.0179315023124218,0.009624134749174118
0.00040121376514434814,-0.000272504985332489,0.0005866400897502899,-0.0008580274879932404,0.001135436852570438,-0.14243553578853607,0.21040718257427216,0.14203692972660065,-0.05537271127104759,0.28616448291538105,-0.00014705583453178406,-0.0008877366781234741,0.00024531036615371704,-0.0011497177183628082,0.0014564272768212946,-0.19277910888195038,0.17873290181159973,0.07436331361532211,-0.10728555917739868,0.2924217052947152,-0.017141899093985558,0.009007589891552925,-0.020818160846829414,0.004946514498442411,-0.01906045526266098,0.006547629367560148,4.712492227554321e-05,-0.0007084570825099945,0.00041211023926734924,-0.001044943928718567,0.0013160006718651732,-0.2735638916492462,0.08678249269723892,0.07739290595054626,-0.11841579526662827,0.3089890747911553,49.68615254,True,-0.0001934356987476349,-0.0001759268343448639,-0.0001671724021434784,-0.00010486692190170288,0.0003263888276195191,0.08070840686559677,0.09189731627702713,-0.0029550862964242697,0.011180526576936245,0.12247788307993288,ROA_1001_model49999_noise15,2484,2026-10-01_00-04-08,-0.018965689465403557,0.009504558518528938
0.0003816559910774231,-0.0002973712980747223,0.0006531365215778351,-0.0008560717105865479,0.0011750840696093704,-0.15698185563087463,0.2220943421125412,0.16825924813747406,-0.07663387805223465,0.3191377181842949,-0.0001751817762851715,-0.0009281560778617859,0.0003287568688392639,-0.0011339783668518066,0.0014728012933698327,-0.20470096170902252,0.19300168752670288,0.09807198494672775,-0.13058632612228394,0.32441408358804813,-0.01748913712799549,0.009473351761698723,-0.020384088158607483,0.004927892703562975,-0.018645666539669037,0.006525194738060236,1.555308699607849e-05,-0.0007538124918937683,0.0004946254193782806,-0.0010233372449874878,0.0013375866972007832,-0.2926792800426483,0.09464564919471741,0.10945647209882736,-0.1346692442893982,0.3428614972127309,49.706153703000005,True,-0.00019082799553871155,-0.00017778947949409485,-0.00016540288925170898,-0.00010970979928970337,0.0003267208620179913,0.0878944918513298,0.09831785410642624,-0.011281109414994717,0.0041155144572257996,0.13195374675117577,ROA_1001_model49999_noise15,2485,2026-10-01_00-04-08,-0.01939748227596283,0.009816093370318413
0.000437907874584198,-0.00029066577553749084,0.0005895271897315979,-0.0008662231266498566,0.0011584053963260349,-0.15183258056640625,0.2178465873003006,0.16456376016139984,-0.07268507033586502,0.31063433595033757,-0.00011138617992401123,-0.000921543687582016,0.00026132911443710327,-0.001150369644165039,0.0014802583997657165,-0.19911302626132965,0.1888209879398346,0.09440816193819046,-0.12652109563350677,0.31571433566947815,-0.01734762266278267,0.009945940226316452,-0.01970478892326355,0.004771710839122534,-0.017931921407580376,0.006407576147466898,7.562339305877686e-05,-0.0007459893822669983,0.00042766332626342773,-0.0010405667126178741,0.001340047261693767,-0.2855900526046753,0.09159836173057556,0.10425037890672684,-0.13147294521331787,0.33323562766134707,49.726154065,True,-0.00018887221813201904,-0.00017471611499786377,-0.00016540288925170898,-0.00011008232831954956,0.0003241126595909615,0.08638947457075119,0.09721982479095459,-0.009725801646709442,0.004979781340807676,0.13008605316061836,ROA_1001_model49999_noise15,2486,2026-10-01_00-04-08,-0.01933988183736801,0.01050415076315403
0.0005695968866348267,-0.00031227245926856995,0.00040587037801742554,-0.0008405186235904694,0.0010903824937016655,-0.12320465594530106,0.1906016767024994,0.1272270381450653,-0.04060938581824303,0.25201558770043375,3.082677721977234e-05,-0.0009338371455669403,6.454065442085266e-05,-0.0011544674634933472,0.0014865016079531634,-0.17116403579711914,0.16101261973381042,0.058939676731824875,-0.09248870611190796,0.25816078384573216,-0.0172160305082798,0.009925046935677528,-0.019362464547157288,0.004157551098614931,-0.017425887286663055,0.005948548670858145,0.0002207234501838684,-0.0007556751370429993,0.00022742897272109985,-0.001039355993270874,0.0013228212227349818,-0.2533234655857086,0.06670039147138596,0.06014294549822807,-0.10487063974142075,0.2767583499406342,49.746151739000005,True,-0.00018812716007232666,-0.00017443671822547913,-0.0001666136085987091,-0.0001148320734500885,0.00032594878490079643,0.08209607750177383,0.09428057074546814,-0.0011101365089416504,0.012394039891660213,0.12531259191674096,ROA_1001_model49999_noise15,2487,2026-10-01_00-04-08,-0.019301889464259148,0.010699965059757233
0.0006728805601596832,-0.0003154389560222626,0.00021299347281455994,-0.0008242204785346985,0.0010251394474133904,-0.09918398410081863,0.16855540871620178,0.09005981683731079,-0.009385868906974792,0.20386779686526565,0.0001491047441959381,-0.0009234994649887085,-0.00015273690223693848,-0.00117449089884758,0.001494347572119099,-0.14808866381645203,0.13753491640090942,0.02472568117082119,-0.05805492028594017,0.21027863110871897,-0.016819823533296585,0.00945829413831234,-0.019023677334189415,0.003664908464998007,-0.016933413222432137,0.005612237844616175,0.000339653342962265,-0.0007485039532184601,1.2852251529693604e-05,-0.0010583549737930298,0.0013133718275606713,-0.22417864203453064,0.04897918179631233,0.013780779205262661,-0.08176545798778534,0.23179550955883088,49.766152773,True,-0.00018831342458724976,-0.00017425045371055603,-0.00016540288925170898,-0.00011846423149108887,0.00032683318719441747,0.07599685341119766,0.08853896707296371,0.011165625415742397,0.023729166015982628,0.1193978662771963,ROA_1001_model49999_noise15,2488,2026-10-01_00-04-08,-0.018990736454725266,0.01052812859416008
0.0006983056664466858,-0.0002277083694934845,0.00013634562492370605,-0.0008928589522838593,0.0010032820869362391,-0.08962768316268921,0.16202497482299805,0.0788988471031189,-0.0011883676052093506,0.1898795828293797,0.0001843087375164032,-0.0008276663720607758,-0.00024205073714256287,-0.0012662261724472046,0.0015162785633081983,-0.13964064419269562,0.1286771148443222,0.015409662388265133,-0.04734843596816063,0.19486500829741818,-0.01626768335700035,0.008314492180943489,-0.018423989415168762,0.002428309991955757,-0.016416912898421288,0.004373506177216768,0.0003760680556297302,-0.0006516464054584503,-7.711350917816162e-05,-0.001152046024799347,0.001329256513119983,-0.21118110418319702,0.045246440917253494,-0.002613290911540389,-0.07898639142513275,0.21649365267283852,49.786151407000006,True,-0.00019157305359840393,-0.00017676502466201782,-0.00016596168279647827,-0.00011371448636054993,0.0003284689037795682,0.07150322198867798,0.08343718200922012,0.018066726624965668,0.0316305086016655,0.11558020801194983,ROA_1001_model49999_noise15,2489,2026-10-01_00-04-08,-0.01847219094634056,0.009749755263328552
0.0007130671292543411,-0.0001885928213596344,0.0001194886863231659,-0.0009352341294288635,0.0010147906280702048,-0.08039222657680511,0.1535802036523819,0.07169600576162338,0.003691762452945113,0.17632650623800988,0.0001953914761543274,-0.0008001923561096191,-0.0002635642886161804,-0.0013311393558979034,0.0015583767137377317,-0.12962612509727478,0.1212637796998024,0.009478069841861725,-0.04040822014212608,0.18088555631823258,-0.016226928681135178,0.007377471309155226,-0.018531547859311104,0.0019409800879657269,-0.01660262607038021,0.0038626394234597683,0.0003875233232975006,-0.0006216578185558319,-0.00010123476386070251,-0.0012121163308620453,0.0013652420724325923,-0.20274752378463745,0.03528827801346779,-0.012516043148934841,-0.07790233939886093,0.20579858713646051,49.806156153,True,-0.00019008293747901917,-0.0001783948391675949,-0.00016456469893455505,-0.00012051314115524292,0.0003304242037621391,0.07303757220506668,0.08594384044408798,0.022055579349398613,0.03753043711185455,0.12069269593779135,ROA_1001_model49999_noise15,2490,2026-10-01_00-04-08,-0.018667569383978844,0.008846590295433998
0.000741099938750267,-0.0001666136085987091,0.00014426186680793762,-0.000993441790342331,0.00106754275126565,-0.07149390876293182,0.1449640840291977,0.06503332406282425,0.008312985301017761,0.1632684739574826,0.0002069864422082901,-0.0008028000593185425,-0.00025015324354171753,-0.0014130957424640656,0.0016294446475011318,-0.11964095383882523,0.11547421663999557,0.0038091090973466635,-0.034125521779060364,0.16840234559875608,-0.01602870225906372,0.00646832725033164,-0.01852370984852314,0.0013314122334122658,-0.016593722626566887,0.0032695760019123554,0.0004038214683532715,-0.0006109941750764847,-8.735805749893188e-05,-0.0012802891433238983,0.0014220692489430012,-0.19621987640857697,0.02345302887260914,-0.021739860996603966,-0.07585622370243073,0.1980898813661584,49.826152227,True,-0.0001937616616487503,-0.0001911073923110962,-0.00016381964087486267,-0.00013373792171478271,0.0003443005885974382,0.07650861144065857,0.09199510514736176,0.025657935068011284,0.04176608845591545,0.1291417460210563,ROA_1001_model49999_noise15,2491,2026-10-01_00-04-08,-0.018689503893256187,0.007778096478432417
0.0007872935384511948,-0.00019292347133159637,0.00013029202818870544,-0.0009883195161819458,0.0010786739898170712,-0.05797296389937401,0.13154186308383942,0.050920989364385605,0.023148952051997185,0.14375193797645733,0.0002469867467880249,-0.0008411705493927002,-0.0002705492079257965,-0.0014328397810459137,0.0016651914152532106,-0.10406877100467682,0.10537821054458618,-0.009638257324695587,-0.017974525690078735,0.14822858139835407,-0.015892162919044495,0.005608125124126673,-0.01881628856062889,0.0010385005734860897,-0.01677640900015831,0.003046794328838587,0.00043851323425769806,-0.0006417278200387955,-0.00010589137673377991,-0.0012820586562156677,0.0014376624368471374,-0.18425796926021576,0.008387491106987,-0.03656744956970215,-0.06222352012991905,0.18789668430641376,49.846151853,True,-0.0001930631697177887,-0.00019874423742294312,-0.00016149133443832397,-0.00014938414096832275,0.00035367079826055476,0.08002714812755585,0.0969138890504837,0.027095897123217583,0.044253651052713394,0.13580785749094884,ROA_1001_model49999_noise15,2492,2026-10-01_00-04-08,-0.01872146502137184,0.00682679982855916
0.0007566530257463455,-8.968636393547058e-05,0.00018533319234848022,-0.001112092286348343,0.001160302647362745,-0.06086285784840584,0.13810023665428162,0.05398131534457207,0.018984079360961914,0.15099181434194373,0.00021602027118206024,-0.0007446855306625366,-0.00023562461137771606,-0.00157821923494339,0.0017493949088541005,-0.10707228630781174,0.11220294237136841,-0.003838911419734359,-0.019574537873268127,0.15552474965318566,-0.014701008796691895,0.004830112215131521,-0.017777977511286736,0.0005824766121804714,-0.01583077944815159,0.0024852934293448925,0.000409688800573349,-0.0005336944013834,-6.454065442085266e-05,-0.0014251098036766052,0.0015242134044704276,-0.18435809016227722,0.016495119780302048,-0.03820937126874924,-0.07027760148048401,0.18828713801801972,49.866154999,True,-0.0001955777406692505,-0.00021010637283325195,-0.00016996636986732483,-0.00015422701835632324,0.00036720789719450926,0.0771903395652771,0.09570875763893127,0.03447197377681732,0.05075335130095482,0.13734067310798265,ROA_1001_model49999_noise15,2493,2026-10-01_00-04-08,-0.017603036016225815,0.0065973480232059956
0.0007013790309429169,3.012828528881073e-05,0.0002460554242134094,-0.0012355856597423553,0.001266375528213044,-0.06917957216501236,0.14852266013622284,0.060150396078825,0.010769813321530819,0.16469766513955608,0.00016442500054836273,-0.0006274785846471786,-0.00019650906324386597,-0.0017241574823856354,0.0018393437707523964,-0.11625512689352036,0.12186820805072784,0.005394219886511564,-0.02465117536485195,0.16980797708090908,-0.01366019994020462,0.004434495698660612,-0.01706378534436226,0.0004636058583855629,-0.01519491896033287,0.002342001534998417,0.0003637745976448059,-0.0004116445779800415,-2.076849341392517e-05,-0.0015701167285442352,0.0016248661370932148,-0.1895073652267456,0.02839602343738079,-0.037511810660362244,-0.08391308784484863,0.19361942182203118,49.886151137000006,True,-0.0002009328454732895,-0.00021723099052906036,-0.00017657876014709473,-0.00015208497643470764,0.000376089253381376,0.07322616875171661,0.09344331175088882,0.04295538738369942,0.059283334761857986,0.13945572237590237,ROA_1001_model49999_noise15,2494,2026-10-01_00-04-08,-0.01655910722911358,0.006776568945497274
0.0006773043423891068,0.00012093223631381989,0.0002654269337654114,-0.001317635178565979,0.0013442198159907398,-0.06900262087583542,0.15027959644794464,0.055409032851457596,0.012801027856767178,0.1658133469821918,0.00013723038136959076,-0.0005344860255718231,-0.00020284205675125122,-0.0018275342881679535,0.0019105456475151197,-0.11703604459762573,0.12278462946414948,0.0042710453271865845,-0.018890947103500366,0.17044266722116597,-0.012933207675814629,0.004262206610292196,-0.016544179990887642,0.0007436997257173061,-0.014874789863824844,0.0025174678303301334,0.0003421679139137268,-0.0003121327608823776,-1.94646418094635e-05,-0.001675821840763092,0.0017052207761393478,-0.18730758130550385,0.031970907002687454,-0.048564743250608444,-0.08778832107782364,0.1937676980671681,49.906150028000006,True,-0.00020312145352363586,-0.0002200249582529068,-0.00018347054719924927,-0.00015385448932647705,0.0003826673939249218,0.07020868360996246,0.09081465750932693,0.052887942641973495,0.06890110671520233,0.14394791058670445,ROA_1001_model49999_noise15,2495,2026-10-01_00-04-08,-0.01601143181324005,0.006789501290768385
0.000636884942650795,0.00021997839212417603,0.0003044493496417999,-0.0014146789908409119,0.0014499494324084442,-0.07515400648117065,0.1576184183359146,0.05861930176615715,0.007386318873614073,0.17571376697881516,9.890645742416382e-05,-0.00042654573917388916,-0.00019008293747901917,-0.0019438564777374268,0.0019969219066098367,-0.12399023026227951,0.12920376658439636,0.010176560841500759,-0.021614132449030876,0.1805013241386377,-0.012049291282892227,0.004537684377282858,-0.01569524221122265,0.0011803805828094482,-0.014153433963656425,0.002880243118852377,0.00030640512704849243,-0.00020209699869155884,1.4901161193847656e-06,-0.0017931684851646423,0.0018048865051558465,-0.19067151844501495,0.04151882231235504,-0.051019709557294846,-0.09838863462209702,0.19814102099719982,49.926155552000004,True,-0.00020707957446575165,-0.0002250075340270996,-0.00019297003746032715,-0.00015050172805786133,0.0003904015197675122,0.06663240492343903,0.08764443546533585,0.06127915903925896,0.07680244743824005,0.14755415979364236,ROA_1001_model49999_noise15,2496,2026-10-01_00-04-08,-0.01532994955778122,0.007198316510766745
0.0005606561899185181,0.0003248918801546097,0.0003807246685028076,-0.001518893986940384,0.0015779323703594326,-0.09026936441659927,0.17475289106369019,0.06765313446521759,-0.002545304363593459,0.19975613141882,2.658925950527191e-05,-0.00031478703022003174,-0.00012973323464393616,-0.0020641833543777466,0.002091742643381632,-0.13996194303035736,0.14501483738422394,0.021442769095301628,-0.028938984498381615,0.20468213704547045,-0.011675266548991203,0.004915457684546709,-0.015527356415987015,0.0017398255877196789,-0.014119552448391914,0.0033511300571262836,0.00023581087589263916,-8.991919457912445e-05,6.835907697677612e-05,-0.0019137747585773468,0.0019175530542769284,-0.20380038022994995,0.059856098145246506,-0.04620477184653282,-0.11314823478460312,0.21294886923990458,49.946152596000005,True,-0.00020838342607021332,-0.00022356398403644562,-0.00020079314708709717,-0.00015087425708770752,0.00039410742218711083,0.06379932165145874,0.08518527448177338,0.06771273910999298,0.0842241495847702,0.15165366342648295,ROA_1001_model49999_noise15,2497,2026-10-01_00-04-08,-0.014924315735697746,0.007938912138342857
0.0005594920367002487,0.0003250781446695328,0.0003791414201259613,-0.0015295110642910004,0.0015880166352146338,-0.08729565143585205,0.1720697581768036,0.06297975778579712,0.0018179415492340922,0.1949823978259335,2.2584572434425354e-05,-0.0003078486770391464,-0.00014659017324447632,-0.002076663076877594,0.002104135494107282,-0.13673119246959686,0.14234426617622375,0.01858361065387726,-0.023453494533896446,0.19961165252781243,-0.01108841598033905,0.0049626934342086315,-0.015358440577983856,0.002251044847071171,-0.014017043635249138,0.0038552689366042614,0.0002345070242881775,-9.010545909404755e-05,5.690380930900574e-05,-0.0019307248294353485,0.0019340314227579494,-0.20112422108650208,0.057151537388563156,-0.053588297218084335,-0.11080130189657211,0.2106964697105065,49.966162857,True,-0.00021210871636867523,-0.00021834857761859894,-0.0002035871148109436,-0.0001455657184123993,0.00039256479393185497,0.0643380880355835,0.08517270535230637,0.0722622498869896,0.08734780550003052,0.15567093786471067,ROA_1001_model49999_noise15,2498,2026-10-01_00-04-08,-0.014282312244176865,0.007949694991111755
0.0005269423127174377,0.00037956051528453827,0.00041248276829719543,-0.001588277518749237,0.0016602464867801947,-0.08713500201702118,0.17447629570960999,0.0582011379301548,0.005743465851992369,0.19623056817419104,-5.867332220077515e-06,-0.00024866312742233276,-0.00012079253792762756,-0.0021484680473804474,0.0021661737724782974,-0.13717029988765717,0.1434418261051178,0.01640617847442627,-0.017259269952774048,0.19989569466234536,-0.011114336550235748,0.0052158343605697155,-0.015686532482504845,0.002884529996663332,-0.014383550733327866,0.004452412482351065,0.0002061016857624054,-2.8265640139579773e-05,8.353963494300842e-05,-0.0020046718418598175,0.002006753153710485,-0.20009836554527283,0.060912683606147766,-0.062268223613500595,-0.11003854870796204,0.21188707020925499,49.986158973,True,-0.00021248124539852142,-0.00021997839212417603,-0.00020228326320648193,-0.00014333054423332214,0.0003920689341768312,0.06285030394792557,0.08251936733722687,0.07872282713651657,0.09280349314212799,0.15985040944194645,ROA_1001_model49999_noise15,2499,2026-10-01_00-04-08,-0.014110809192061424,0.008489307016134262
0.0005106441676616669,0.00047800131142139435,0.00041350722312927246,-0.00168532133102417,0.0017732391832825608,-0.07747206836938858,0.168339803814888,0.04131905362010002,0.01834426075220108,0.18531218608815583,-3.166496753692627e-06,-0.00013201497495174408,-0.0001407228410243988,-0.002256035804748535,0.002264268745427158,-0.1300969123840332,0.13378354907035828,0.0025983897503465414,-0.0028433275874704123,0.18664958209956292,-0.010286202654242516,0.005692899692803621,-0.015221677720546722,0.0035241139121353626,-0.0139699038118124,0.005072921980172396,0.00020517036318778992,8.745118975639343e-05,6.621703505516052e-05,-0.0021257437765598297,0.0021283324099164933,-0.18432734906673431,0.05953013524413109,-0.08608213812112808,-0.10348483175039291,0.20382084627805724,50.006153841,True,-0.00020777806639671326,-0.00021872110664844513,-0.0002057291567325592,-0.00013317912817001343,0.0003860802879813255,0.054062340408563614,0.07420685142278671,0.08882395178079605,0.1006741002202034,0.1624942826084787,ROA_1001_model49999_noise15,2500,2026-10-01_00-04-08,-0.013115184381604195,0.009202804416418076
0.0005628913640975952,0.0003800727427005768,0.0003327615559101105,-0.0015896745026111603,0.0016476990930141136,-0.05934387072920799,0.1496276706457138,0.02240855060517788,0.03658141940832138,0.16310591699520802,4.4191256165504456e-05,-0.00022677704691886902,-0.0002123415470123291,-0.002152472734451294,0.002174227704756353,-0.1113843098282814,0.11560878902673721,-0.01619569957256317,0.01486856397241354,0.16202916514715227,-0.009986357763409615,0.005195608828216791,-0.015367509797215462,0.0035806396044790745,-0.014168225228786469,0.005089453887194395,0.0002516433596611023,-1.6391277313232422e-05,-1.3783574104309082e-05,-0.0020232051610946655,0.00202330618030238,-0.16914354264736176,0.038772355765104294,-0.10452232509851456,-0.08511821925640106,0.19927643404376807,50.026158757000005,True,-0.00020782463252544403,-0.00020973384380340576,-0.00019883736968040466,-0.00012507662177085876,0.00037497301329147774,0.05770008638501167,0.0768597200512886,0.08832196891307831,0.09994394332170486,0.16427904422214315,ROA_1001_model49999_noise15,2501,2026-10-01_00-04-08,-0.012546190991997719,0.008479997515678406
0.0005946960300207138,0.0003441702574491501,0.00033248215913772583,-0.0015805475413799286,0.0016319888308559015,-0.05262065306305885,0.14257431030273438,0.017093494534492493,0.04136096313595772,0.1556293521349032,7.292255759239197e-05,-0.00026118941605091095,-0.00021569430828094482,-0.0021443702280521393,0.0021699715547892503,-0.10485341399908066,0.10814191401004791,-0.021517274901270866,0.019453465938568115,0.15338460663584652,-0.009745731949806213,0.0050248815678060055,-0.015146639198064804,0.003534484189003706,-0.013950558379292488,0.005045799072831869,0.0002766028046607971,-5.5553391575813293e-05,-1.555308699607849e-05,-0.0020148232579231262,0.0020156048545172836,-0.16418145596981049,0.030568333342671394,-0.11010746657848358,-0.08054542541503906,0.19884836446032572,50.046152985000006,True,-0.00020656734704971313,-0.00020670704543590546,-0.00019902363419532776,-0.00012973323464393616,0.00037466503124061555,0.05912547558546066,0.07754331082105637,0.08877459168434143,0.10002962499856949,0.1654124630383529,ROA_1001_model49999_noise15,2502,2026-10-01_00-04-08,-0.012441568076610565,0.008065909147262573
0.0006221234798431396,0.00024391338229179382,0.0003434717655181885,-0.001520104706287384,0.0015623904596262733,-0.05085626244544983,0.1386157125234604,0.018505379557609558,0.042399387806653976,0.15155981410892735,8.423812687397003e-05,-0.0003689900040626526,-0.00019418075680732727,-0.0020808540284633636,0.0021206957834225856,-0.10172276943922043,0.10541825741529465,-0.021607613191008568,0.019381754100322723,0.14932804684356357,-0.009659139439463615,0.004924841690808535,-0.015091707929968834,0.003675736952573061,-0.01385192759335041,0.005193257238715887,0.0002891756594181061,-0.00016423873603343964,-3.725290298461914e-07,-0.0019441358745098114,0.0019512114445708148,-0.16698193550109863,0.023350117728114128,-0.10567530244588852,-0.07657893002033234,0.19894816588638517,50.066156813000006,True,-0.000205356627702713,-0.00020475126802921295,-0.0001925043761730194,-0.00013755634427070618,0.0003730657520393757,0.06507616490125656,0.08205975592136383,0.08424091339111328,0.095944844186306,0.16508855330700406,ROA_1001_model49999_noise15,2503,2026-10-01_00-04-08,-0.012474454939365387,0.007703655865043402
0.0006881542503833771,0.00011450611054897308,0.00028079375624656677,-0.0014193356037139893,0.0014470471101872759,-0.03628106787800789,0.12239626795053482,0.0034924594219774008,0.05943141505122185,0.13963919044955195,0.00013951212167739868,-0.0004952307790517807,-0.00025061890482902527,-0.001976173371076584,0.0020480918028750713,-0.08550798147916794,0.09102001041173935,-0.03769807517528534,0.03531668335199356,0.13511253834202996,-0.009372387081384659,0.004969506990164518,-0.01495465636253357,0.00403616251423955,-0.013743169605731964,0.005505603272467852,0.0003456138074398041,-0.0002995133399963379,-6.016343832015991e-05,-0.001835450530052185,0.0018597314882850238,-0.15556812286376953,0.005018431227654219,-0.11869146674871445,-0.057763416320085526,0.19828182781934367,50.086152577,True,-0.00020796433091163635,-0.00019585713744163513,-0.00018794089555740356,-0.00014156103134155273,0.0003695575485002859,0.06968015432357788,0.08588702976703644,0.0813240110874176,0.09319837391376495,0.16589964543703414,ROA_1001_model49999_noise15,2504,2026-10-01_00-04-08,-0.012161361053586006,0.007549422327429056
0.0007448252290487289,8.353963494300842e-05,0.00019883736968040466,-0.001382920891046524,0.0013974151547441966,-0.021636949852108955,0.10690698027610779,-0.02036336623132229,0.08142925053834915,0.13759923201279314,0.00020791776478290558,-0.0005155801773071289,-0.00033834949135780334,-0.0019505620002746582,0.0020364448575718006,-0.07255421578884125,0.07402849942445755,-0.06082187965512276,0.057617198675870895,0.13325738295881637,-0.00909678265452385,0.005286744330078363,-0.014434395357966423,0.004287654999643564,-0.013395383954048157,0.005612982902675867,0.00041420571506023407,-0.000323588028550148,-0.00014938414096832275,-0.0018103048205375671,0.0018405808565010871,-0.1372033655643463,-0.007939524948596954,-0.14562532305717468,-0.03901869058609009,0.20295141338086536,50.106153526,True,-0.00020489096641540527,-0.00019297003746032715,-0.0001903623342514038,-0.00014081597328186035,0.0003671837021602285,0.06461282819509506,0.08198851346969604,0.08486862480640411,0.09662657231092453,0.1655828172318512,ROA_1001_model49999_noise15,2505,2026-10-01_00-04-08,-0.011821310967206955,0.007897630333900452
0.0007852911949157715,3.67872416973114e-06,0.000134296715259552,-0.0012961216270923615,0.0013066231733527768,-0.01755543053150177,0.10033277422189713,-0.029229557141661644,0.09172967821359634,0.13983611295695583,0.00025173649191856384,-0.0005963724106550217,-0.0003968365490436554,-0.0018627382814884186,0.001979717091290467,-0.0687907412648201,0.0675935298204422,-0.07060635834932327,0.06720609962940216,0.13711959112958375,-0.009151855483651161,0.0049314615316689014,-0.014364458620548248,0.004093256313353777,-0.013510208576917648,0.0052403672598302364,0.00045355409383773804,-0.0004052184522151947,-0.00020889565348625183,-0.0017263926565647125,0.0017763433356484067,-0.134080171585083,-0.01562526449561119,-0.1534065157175064,-0.02870522253215313,0.20622713774267992,50.126155370000006,True,-0.00020158477127552032,-0.00018998980522155762,-0.00018933787941932678,-0.00013653188943862915,0.00036149134048001677,0.0652591660618782,0.08322670310735703,0.08282250910997391,0.09589920938014984,0.16500567098474256,ROA_1001_model49999_noise15,2506,2026-10-01_00-04-08,-0.011672887951135635,0.007561797741800547
0.0007707159966230392,-3.864988684654236e-06,0.0001426786184310913,-0.0012843869626522064,0.0012969756833098433,-0.021938232704997063,0.10403664410114288,-0.025593673810362816,0.08932127803564072,0.14111487949021168,0.00023818574845790863,-0.000607641413807869,-0.0003866851329803467,-0.0018469057977199554,0.001966932396969971,-0.07335934787988663,0.07142964750528336,-0.06798375397920609,0.06442423909902573,0.13876305358012714,-0.008881593123078346,0.00476510776206851,-0.01419161632657051,0.003836256917566061,-0.01324751041829586,0.005020992364734411,0.00043981708586215973,-0.0004128552973270416,-0.00019818544387817383,-0.0017127953469753265,0.0017643046967313041,-0.1383633315563202,-0.012008006684482098,-0.14921370148658752,-0.03086775355041027,0.20581801096971658,50.146155646000004,True,-0.000202888622879982,-0.00018994323909282684,-0.00018849968910217285,-0.00013718381524085999,0.00036208993895038376,0.06495602428913116,0.08345441520214081,0.08128023892641068,0.09529012441635132,0.1638825589458481,ROA_1001_model49999_noise15,2507,2026-10-01_00-04-08,-0.011414607986807823,0.0074098682962358
0.0007694121450185776,-2.60770320892334e-05,0.00015078112483024597,-0.001272093504667282,0.0012890983576167912,-0.019346363842487335,0.10154302418231964,-0.024992039427161217,0.08875223994255066,0.1383895138978961,0.00023958273231983185,-0.0006233341991901398,-0.0003727152943611145,-0.0018298625946044922,0.001953291167556785,-0.07022218406200409,0.06967736035585403,-0.06851181387901306,0.06280466914176941,0.13571003174094748,-0.008448399603366852,0.00521600479260087,-0.013926077634096146,0.004188562277704477,-0.012831918895244598,0.005476302932947874,0.0004391651600599289,-0.0004377216100692749,-0.00018719583749771118,-0.0016897916793823242,0.0017471255656603896,-0.13581663370132446,-0.014643183909356594,-0.14732125401496887,-0.030254943296313286,0.202945791021005,50.166152114000006,True,-0.00019795261323451996,-0.0001875218003988266,-0.00018533319234848022,-0.00013746321201324463,0.00035657639037556737,0.06558792293071747,0.08432193845510483,0.07883365452289581,0.09305960685014725,0.16209733218573882,ROA_1001_model49999_noise15,2508,2026-10-01_00-04-08,-0.011270368471741676,0.00761606777086854
0.0007835216820240021,-9.075738489627838e-05,0.00013355165719985962,-0.0012067146599292755,0.0012348303581831148,-0.02008676342666149,0.10132509469985962,-0.02202950231730938,0.08774454891681671,0.13726963459958774,0.0002451706677675247,-0.0006897374987602234,-0.0003791414201259613,-0.0017561949789524078,0.0019057645870540895,-0.06995350122451782,0.07079355418682098,-0.06720423698425293,0.06064027175307274,0.1344773950268737,-0.00864235870540142,0.005286142695695162,-0.014190101996064186,0.004209387581795454,-0.012995962053537369,0.0055558024905622005,0.0004453584551811218,-0.0005103647708892822,-0.00019650906324386597,-0.001617148518562317,0.001696685314886991,-0.13890396058559418,-0.016629695892333984,-0.14130212366580963,-0.02887844853103161,0.2007551095892907,50.186152806,True,-0.00019907020032405853,-0.00018333084881305695,-0.00018142163753509521,-0.00013764947652816772,0.00035330637512428234,0.0689113512635231,0.0874251052737236,0.0741882249712944,0.08951219916343689,0.16094830922998546,ROA_1001_model49999_noise15,2509,2026-10-01_00-04-08,-0.01148228906095028,0.00750042824074626
0.000763358548283577,-4.712492227554321e-05,0.00015776604413986206,-0.0012381002306938171,0.001260791607465465,-0.0257552582770586,0.10798684507608414,-0.016825273633003235,0.08246488124132156,0.13929530226642964,0.0002377200871706009,-0.0006491784006357193,-0.0003530643880367279,-0.0017846934497356415,0.001916095629190234,-0.07592607289552689,0.07687275856733322,-0.06224028393626213,0.05523673817515373,0.13630980191958478,-0.008768409490585327,0.005659695249050856,-0.014097785577178001,0.004275233950465918,-0.012854598462581635,0.005634827073663473,0.00043227337300777435,-0.0004613306373357773,-0.00017331913113594055,-0.0016480684280395508,0.0017122189818444694,-0.14288537204265594,-0.00848434865474701,-0.13621710240840912,-0.033915042877197266,0.19962922726297244,50.206154522000006,True,-0.00019362196326255798,-0.00018668361008167267,-0.00018058344721794128,-0.00013560056686401367,0.00035055050271960524,0.06694765388965607,0.08537852764129639,0.07399637252092361,0.08914525806903839,0.1587103286222273,ROA_1001_model49999_noise15,2510,2026-10-01_00-04-08,-0.011610833927989006,0.007994521409273148
0.0007883179932832718,-6.700865924358368e-05,0.00011231750249862671,-0.0012112781405448914,0.0012297573084644028,-0.018305610865354538,0.09940098226070404,-0.029155051335692406,0.09407847374677658,0.14087852494116382,0.00027101486921310425,-0.0006604474037885666,-0.0003993511199951172,-0.0017628073692321777,0.0019039259881858785,-0.06865569949150085,0.06826967000961304,-0.0742124393582344,0.06713904440402985,0.1392074496151373,-0.008838105946779251,0.006126989144831896,-0.01402764581143856,0.004528138320893049,-0.012744525447487831,0.005911208223551512,0.00046207569539546967,-0.00047585926949977875,-0.00021941959857940674,-0.0016248784959316254,0.0016952346290230768,-0.13413605093955994,-0.01579849049448967,-0.14981068670749664,-0.023383645340800285,0.20302150576740996,50.226154446,True,-0.00019273720681667328,-0.0001828651875257492,-0.00017797574400901794,-0.00013671815395355225,0.00034732752279653824,0.06544217467308044,0.08409702777862549,0.07561873644590378,0.09050405770540237,0.1589233187010748,ROA_1001_model49999_noise15,2511,2026-10-01_00-04-08,-0.01175171323120594,0.008396066725254059
0.000771787017583847,-4.0046870708465576e-05,0.00010272487998008728,-0.0012211501598358154,0.0012327106144390987,-0.025050247088074684,0.10608275979757309,-0.024854203686118126,0.0895010232925415,0.14318392798489718,0.00026407651603221893,-0.0006312970072031021,-0.0004085712134838104,-0.0017723068594932556,0.0019055545386344231,-0.07592839747667313,0.07434794306755066,-0.0702347606420517,0.062365081161260605,0.14178606561789864,-0.008840013295412064,0.006483863573521376,-0.013955479487776756,0.004555815365165472,-0.012631425634026527,0.005978494416922331,0.00044922344386577606,-0.0004448462277650833,-0.00023040920495986938,-0.0016378238797187805,0.001700678020748079,-0.13924576342105865,-0.007877126336097717,-0.14590099453926086,-0.028770415112376213,0.2033936507340486,50.246166211,True,-0.00018496066331863403,-0.00018794089555740356,-0.00017853453755378723,-0.00013336539268493652,0.0003442773030271558,0.06327172368764877,0.08223717659711838,0.07573980838060379,0.09112618118524551,0.1574741954124544,ROA_1001_model49999_noise15,2512,2026-10-01_00-04-08,-0.011796562001109123,0.008703473955392838
0.0007611699402332306,2.7939677238464355e-06,8.353963494300842e-05,-0.001247599720954895,0.0012518550169583185,-0.02786284126341343,0.10980059951543808,-0.023153608664870262,0.0865524560213089,0.1444268260550408,0.00026426278054714203,-0.0005838461220264435,-0.00042766332626342773,-0.0017912127077579498,0.0019128982930917827,-0.07926392555236816,0.0774306207895279,-0.0683031976222992,0.059609297662973404,0.14311303585954432,-0.008568819612264633,0.006766788195818663,-0.013541590422391891,0.00460198475047946,-0.012212246656417847,0.006031404715031385,0.00044708140194416046,-0.0003967899829149246,-0.00024922192096710205,-0.0016689300537109375,0.0017215776043718507,-0.13955682516098022,-0.002525746589526534,-0.1457640826702118,-0.03341399133205414,0.20347131978914382,50.266154615000005,True,-0.00018272548913955688,-0.0001866370439529419,-0.0001775100827217102,-0.00012349337339401245,0.0003376439343493427,0.060237009078264236,0.07995962351560593,0.0775093212723732,0.09301210939884186,0.15705617191846719,ROA_1001_model49999_noise15,2513,2026-10-01_00-04-08,-0.011660812422633171,0.008910251781344414
0.0007377006113529205,6.863847374916077e-05,8.707866072654724e-05,-0.001289602369070053,0.0012927421181450354,-0.033574178814888,0.11658760905265808,-0.018863938748836517,0.08085928112268448,0.14697505432579758,0.00025243498384952545,-0.0005139969289302826,-0.00042477622628211975,-0.0018350780010223389,0.001937021650767554,-0.08562299609184265,0.08345907181501389,-0.06371550261974335,0.05435198172926903,0.145910304583999,-0.008663270622491837,0.007067741360515356,-0.01345503143966198,0.00458545284345746,-0.012094022706151009,0.006039140280336142,0.00043045729398727417,-0.0003255903720855713,-0.0002459622919559479,-0.0017172656953334808,0.0017558714041258495,-0.14264369010925293,0.0060419547371566296,-0.14286766946315765,-0.040928829461336136,0.20343280602378228,50.286153931,True,-0.00017955899238586426,-0.0001898501068353653,-0.0001775100827217102,-0.00011818483471870422,0.0003352255853949728,0.056991349905729294,0.07741805166006088,0.079206183552742,0.09526032209396362,0.15674694255089813,ROA_1001_model49999_noise15,2514,2026-10-01_00-04-08,-0.011798927560448647,0.009260732680559158
0.0007247086614370346,9.294599294662476e-05,8.950009942054749e-05,-0.0013000331819057465,0.0013041400104457058,-0.0368836335837841,0.12047029286623001,-0.014998017810285091,0.07673539221286774,0.14811822904551616,0.0002451706677675247,-0.0004895031452178955,-0.0004194676876068115,-0.001845136284828186,0.0019404430209881813,-0.08890637755393982,0.08746608346700668,-0.059952955693006516,0.05039479210972786,0.14717929821892847,-0.008787669241428375,0.00711172865703702,-0.013475293293595314,0.004539597313851118,-0.01211584359407425,0.005993538070470095,0.00042174942791461945,-0.00030011869966983795,-0.00024335458874702454,-0.001727137714624405,0.0017615842791287965,-0.14544278383255005,0.01020729448646307,-0.1389468014240265,-0.04518776759505272,0.20260944333582245,50.306156767000004,True,-0.00017588026821613312,-0.00018854625523090363,-0.00017294660210609436,-0.00011790543794631958,0.0003301559041277303,0.056515444070100784,0.0772862657904625,0.07907207310199738,0.09559187293052673,0.15664254806947808,ROA_1001_model49999_noise15,2515,2026-10-01_00-04-08,-0.011976990848779678,0.009259933605790138
0.0007195398211479187,0.000106077641248703,8.810311555862427e-05,-0.0013083219528198242,0.001313097009429073,-0.03939494118094444,0.12310407310724258,-0.010951421223580837,0.07265433669090271,0.14832723154223643,0.00024228356778621674,-0.00047655776143074036,-0.00041527673602104187,-0.0018554739654064178,0.0019469088913199992,-0.09104329347610474,0.09041605144739151,-0.05612335726618767,0.04608369991183281,0.1473156227966331,-0.008786376565694809,0.007211877498775721,-0.013313822448253632,0.004532917868345976,-0.011967292055487633,0.005979669746011496,0.00041546300053596497,-0.000285077840089798,-0.0002455897629261017,-0.0017357058823108673,0.001768245113138449,-0.14762859046459198,0.013136769644916058,-0.13477447628974915,-0.04896055534482002,0.20132123198801755,50.326159539,True,-0.00017168931663036346,-0.0001916196197271347,-0.00017229467630386353,-0.00011976808309555054,0.00032984845647482765,0.05656806379556656,0.0772806778550148,0.07870792597532272,0.09505729377269745,0.1561495069739094,ROA_1001_model49999_noise15,2516,2026-10-01_00-04-08,-0.012105200439691544,0.009213350713253021
0.0007213559001684189,0.00010496005415916443,8.009374141693115e-05,-0.0013020820915699005,0.001306570379110446,-0.0418173111975193,0.12528756260871887,-0.006170011591166258,0.06852485239505768,0.1482571437631932,0.0002485699951648712,-0.0004840083420276642,-0.0004196539521217346,-0.0018482096493244171,0.001942076473793975,-0.09289709478616714,0.09339767694473267,-0.05187373235821724,0.04158727452158928,0.14740774415456628,-0.008950924500823021,0.006938892882317305,-0.01317259855568409,0.004203134682029486,-0.01187964715063572,0.00560337258502841,0.0004143454134464264,-0.0002907589077949524,-0.00024866312742233276,-0.001725461333990097,0.0017592711587087887,-0.1504509598016739,0.01472653727978468,-0.1290440559387207,-0.0523645393550396,0.19961723536942233,50.346160359,True,-0.0001707114279270172,-0.00019283033907413483,-0.00016819685697555542,-0.0001212581992149353,0.0003287027180736992,0.057489607483148575,0.07868743687868118,0.07720664143562317,0.09394529461860657,0.15577102529674364,ROA_1001_model49999_noise15,2517,2026-10-01_00-04-08,-0.012263413518667221,0.008865604177117348
0.0007344409823417664,9.345822036266327e-05,6.034970283508301e-05,-0.0012847594916820526,0.0012881817686162338,-0.037900637835264206,0.12106308341026306,-0.008731149137020111,0.07095187902450562,0.14517832823033175,0.00026156194508075714,-0.0004985369741916656,-0.00043548643589019775,-0.0018340535461902618,0.001934048434256351,-0.08830054849386215,0.09017577022314072,-0.0543622262775898,0.044255513697862625,0.14420440301825788,-0.008915839716792107,0.006614270154386759,-0.012964269146323204,0.004008835647255182,-0.011758849024772644,0.005341726820915937,0.00042854808270931244,-0.00030547380447387695,-0.00027222558856010437,-0.0017124228179454803,0.0017509236392920212,-0.14691007137298584,0.010024289600551128,-0.13165827095508575,-0.05014799162745476,0.19906639300953888,50.366154811,True,-0.0001671724021434784,-0.00019241124391555786,-0.00016475096344947815,-0.00012330710887908936,0.00032581964666260907,0.05858484283089638,0.08016730844974518,0.07735844701528549,0.09438860416412354,0.15727132077162723,ROA_1001_model49999_noise15,2518,2026-10-01_00-04-08,-0.012250907719135284,0.008480234071612358
0.0007811468094587326,4.316680133342743e-05,2.7939677238464355e-06,-0.0012349337339401245,0.0012360918525336124,-0.0273315217345953,0.10879383981227875,-0.021032987162470818,0.08326209336519241,0.14127302103680134,0.00030728988349437714,-0.0005524139851331711,-0.0004935078322887421,-0.0017945654690265656,0.0019180764869667765,-0.0772206112742424,0.079109326004982,-0.06631296128034592,0.05696061626076698,0.14080840839299755,-0.008765853941440582,0.0060816737823188305,-0.012611202895641327,0.0037226895801723003,-0.011586809530854225,0.0049231876619160175,0.0004728790372610092,-0.0003593042492866516,-0.00032885000109672546,-0.0016652047634124756,0.001719406561612981,-0.13734306395053864,-0.003317370777949691,-0.14474521577358246,-0.03869086503982544,0.2018635425300997,50.386155280000004,True,-0.00016544945538043976,-0.0001923646777868271,-0.00016279518604278564,-0.00012833625078201294,0.00032618187532441266,0.06008194386959076,0.08244998008012772,0.07848720252513885,0.09564495831727982,0.16029846354894367,ROA_1001_model49999_noise15,2519,2026-10-01_00-04-08,-0.012031691148877144,0.007915977388620377
0.0007438007742166519,0.00012684613466262817,4.3120235204696655e-05,-0.0013146549463272095,0.0013212111485075572,-0.03306521102786064,0.11621182411909103,-0.013578682206571102,0.07401127368211746,0.14220825358370426,0.0002743210643529892,-0.00046906061470508575,-0.00046370550990104675,-0.0018821097910404205,0.001978659082791204,-0.08374172449111938,0.08600949496030807,-0.058026980608701706,0.048772428184747696,0.14182852589345515,-0.008266374468803406,0.00579082639887929,-0.012028193101286888,0.0034361141733825207,-0.011005707085132599,0.004638088401407003,0.00043939799070358276,-0.00027045607566833496,-0.00029616057872772217,-0.0017568469047546387,0.0017929294149386554,-0.1409938484430313,0.005248002242296934,-0.14005693793296814,-0.05062482878565788,0.20138866351210236,50.406154436,True,-0.00016409903764724731,-0.00019827857613563538,-0.00016624107956886292,-0.0001257285475730896,0.0003290632553301762,0.05724932625889778,0.08076103031635284,0.08207838237285614,0.09939725697040558,0.16242885899794102,ROA_1001_model49999_noise15,2520,2026-10-01_00-04-08,-0.011620260775089264,0.0077346996404230595
0.000726478174328804,0.00018347054719924927,6.542541086673737e-05,-0.0013729091733694077,0.001385605367879443,-0.035163480788469315,0.11928378790616989,-0.00931834802031517,0.06814301013946533,0.14182153134010783,0.0002556014806032181,-0.0004163011908531189,-0.0004491768777370453,-0.0019438564777374268,0.0020260941571340002,-0.08619855344295502,0.08924956619739532,-0.05296943336725235,0.04383455589413643,0.14169702749257004,-0.007714137900620699,0.005444334354251623,-0.011466698721051216,0.0030434546060860157,-0.01039615087211132,0.004290957469493151,0.00042030587792396545,-0.00021522864699363708,-0.0002832617610692978,-0.0018217135220766068,0.0018499130715721426,-0.14247511327266693,0.00826176255941391,-0.13813678920269012,-0.058618370443582535,0.20166681178251405,50.426154136,True,-0.0001667998731136322,-0.00020172446966171265,-0.00016652047634124756,-0.00012400560081005096,0.0003318258823388214,0.056276094168424606,0.08100689947605133,0.08522439002990723,0.10243919491767883,0.165646704921948,ROA_1001_model49999_noise15,2521,2026-10-01_00-04-08,-0.011143721640110016,0.007354639936238527
0.0007133930921554565,0.00023744069039821625,8.079223334789276e-05,-0.0014192424714565277,0.00143963557965064,-0.037964899092912674,0.1226053535938263,-0.005210749339312315,0.06255041807889938,0.14235315004412402,0.0002401880919933319,-0.0003652647137641907,-0.0004452187567949295,-0.002000248059630394,0.0020722013149436333,-0.08893943578004837,0.09308288991451263,-0.04784855619072914,0.0393199697136879,0.14270683553591848,-0.007611308712512255,0.005108605604618788,-0.011169206351041794,0.0025232560001313686,-0.010082431137561798,0.003778527956455946,0.0004070345312356949,-0.00015962868928909302,-0.00027706846594810486,-0.001877080649137497,0.001900108003656635,-0.14472194015979767,0.011666211299598217,-0.1361258327960968,-0.06625381857156754,0.20236098281753762,50.446151660000005,True,-0.0001661013811826706,-0.00020517036318778992,-0.0001695007085800171,-0.0001244712620973587,0.00033486527901148996,0.05575781315565109,0.08140037953853607,0.08834665268659592,0.10557425767183304,0.16919377040621494,ROA_1001_model49999_noise15,2522,2026-10-01_00-04-08,-0.011051008477807045,0.007037905510514975
0.000676419585943222,0.00031925737857818604,0.0001193024218082428,-0.0014952383935451508,0.0015291890513484084,-0.04442548006772995,0.13059283792972565,0.0025806946214288473,0.05338526889681816,0.14677944244325544,0.00020400620996952057,-0.00028600916266441345,-0.0004198402166366577,-0.0020859763026237488,0.0021415102127604908,-0.09561049938201904,0.10115280002355576,-0.038458965718746185,0.03168918192386627,0.14772484154939391,-0.007538356352597475,0.004884278867393732,-0.01091451570391655,0.0021619293838739395,-0.00980730727314949,0.0033984831534326077,0.0003715045750141144,-7.692724466323853e-05,-0.00024344772100448608,-0.0019626226276159286,0.0019779097351810752,-0.14987726509571075,0.020399687811732292,-0.13121728599071503,-0.07794377952814102,0.20288893263707178,50.466164032,True,-0.00016959384083747864,-0.00020721927285194397,-0.0001730397343635559,-0.0001237727701663971,0.0003391803811592576,0.054247207939624786,0.08077965676784515,0.09278440475463867,0.1096334233880043,0.1732533857939478,ROA_1001_model49999_noise15,2523,2026-10-01_00-04-08,-0.01093798503279686,0.0069548278115689754
0.0006503425538539886,0.0004177447408437729,0.00013546086847782135,-0.0015913508832454681,0.0016456904740594705,-0.0516488179564476,0.13887695968151093,0.01068506296724081,0.042708586901426315,0.15267125679923896,0.00017904676496982574,-0.00018998980522155762,-0.00042566098272800446,-0.002192659303545952,0.0022388331343731168,-0.10367342829704285,0.1089475080370903,-0.028541309759020805,0.0223857332020998,0.15462033416997933,-0.00728802802041173,0.004648586269468069,-0.010399926453828812,0.0016552964225411415,-0.009278738871216774,0.0028831283561885357,0.0003477092832326889,2.4354085326194763e-05,-0.00024237670004367828,-0.002072099596261978,0.0020872541709640036,-0.15476159751415253,0.029748303815722466,-0.12751109898090363,-0.0925268903374672,0.20447375111628344,50.486150708000004,True,-0.00017206184566020966,-0.00021541491150856018,-0.00018151476979255676,-0.0001184176653623581,0.0003464945943295197,0.05102110654115677,0.07922155410051346,0.09901634603738785,0.11488794535398483,0.178210347642205,ROA_1001_model49999_noise15,2524,2026-10-01_00-04-08,-0.010538946837186813,0.006787750404328108
0.0005926471203565598,0.0005698762834072113,0.00016223639249801636,-0.0017189886420965195,0.0018113182864874994,-0.05923723429441452,0.1488206833600998,0.014920718036592007,0.033369287848472595,0.1622453348288883,0.00013257376849651337,-3.189779818058014e-05,-0.0004280824214220047,-0.0023364555090665817,0.002375359991402448,-0.11306674778461456,0.11714733392000198,-0.020310746505856514,0.016393139958381653,0.16485956270896376,-0.007414355408400297,0.004788902122527361,-0.010188868269324303,0.0016137990169227123,-0.009161388501524925,0.0027998764999210835,0.000304635614156723,0.00018635764718055725,-0.0002371612936258316,-0.002231309190392494,0.0022545633951845732,-0.15751270949840546,0.043032221496105194,-0.13156560063362122,-0.10991235822439194,0.20994684730542879,50.506154184,True,-0.00017415732145309448,-0.0002207234501838684,-0.000189291313290596,-0.0001071486622095108,0.00034925544199602537,0.044447366148233414,0.07414212077856064,0.11126277595758438,0.12628640234470367,0.1886931502524031,ROA_1001_model49999_noise15,2525,2026-10-01_00-04-08,-0.010494645684957504,0.007020594086498022
0.000549759715795517,0.0007079914212226868,0.0002098269760608673,-0.0018566381186246872,0.001987047304318207,-0.0559869185090065,0.1484360545873642,0.012849456630647182,0.029203014448285103,0.16030416620367638,9.164214134216309e-05,0.00011236406862735748,-0.0004119705408811569,-0.002498878166079521,0.002535733401156681,-0.11135125160217285,0.11560972034931183,-0.018066726624965668,0.016266480088233948,0.16233543579004997,-0.007529039401561022,0.0051043215207755566,-0.010105952620506287,0.0018903575837612152,-0.009142812341451645,0.0030909269116818905,0.0002705492079257965,0.00033993273973464966,-0.00021634623408317566,-0.002398807555437088,0.0024359864651242475,-0.1500551551580429,0.04525342583656311,-0.14290446043014526,-0.12228125333786011,0.21626916161275353,50.526150044000005,True,-0.00017811544239521027,-0.0002284068614244461,-0.00019650906324386597,-9.94652509689331e-05,0.0003557704836010598,0.03868015483021736,0.07038377225399017,0.12488476186990738,0.13855285942554474,0.20237531157180605,ROA_1001_model49999_noise15,2526,2026-10-01_00-04-08,-0.010720301419496536,0.007124798838049173
0.0005236361175775528,0.0007679220288991928,0.00026104971766471863,-0.001933285966515541,0.002080850140934099,-0.050136350095272064,0.14458875358104706,0.00760517967864871,0.03186846151947975,0.1555385628142743,6.221234798431396e-05,0.0001710839569568634,-0.00038477592170238495,-0.002600066363811493,0.0026344281734967142,-0.10517937690019608,0.1123109757900238,-0.02105533890426159,0.021783167496323586,0.15682496613067495,-0.00760822044685483,0.005414394196122885,-0.01018683984875679,0.00230106757953763,-0.009236684069037437,0.0035239350982010365,0.00024102628231048584,0.0003999099135398865,-0.00018314458429813385,-0.002493336796760559,0.0025347479843755797,-0.14332541823387146,0.04135816916823387,-0.15362444519996643,-0.1250365674495697,0.22273175785972685,50.546154641,True,-0.00017797574400901794,-0.00022938475012779236,-0.00020139850676059723,-0.00010319054126739502,0.0003598911041711155,0.038115307688713074,0.07093511521816254,0.13264873623847961,0.14690355956554413,0.21293361480179251,ROA_1001_model49999_noise15,2527,2026-10-01_00-04-08,-0.010773072019219398,0.007373153697699308
0.00042729079723358154,0.0009824521839618683,0.0003720168024301529,-0.002147955819964409,0.00236772996778768,-0.05308724567294121,0.15419907867908478,0.0068885269574820995,0.028431879356503487,0.16494964428151845,-1.8766149878501892e-05,0.00039068982005119324,-0.0003003515303134918,-0.0028454698622226715,0.002887283047847245,-0.10970187932252884,0.12020579725503922,-0.017920508980751038,0.022430436685681343,0.16524153344684195,-0.007608863990753889,0.006009518634527922,-0.010145191103219986,0.0029886667616665363,-0.009336210787296295,0.004180124495178461,0.00015934929251670837,0.0006296206265687943,-9.10833477973938e-05,-0.002736225724220276,0.0028104961543754694,-0.14127464592456818,0.05427514761686325,-0.1613064557313919,-0.13508135080337524,0.22885361314911792,50.56615149300001,True,-0.00017550773918628693,-0.0002387911081314087,-0.00021294690668582916,-0.00011012889444828033,0.00037162399161623326,0.03154948353767395,0.06589432805776596,0.14343158900737762,0.1575760394334793,0.22436933274521084,ROA_1001_model49999_noise15,2528,2026-10-01_00-04-08,-0.010384518653154373,0.008168518543243408
0.0003532972186803818,0.001166015863418579,0.00045639462769031525,-0.0023346394300460815,0.0026221030833882583,-0.04551885277032852,0.15135900676250458,-0.0072708348743617535,0.037700869143009186,0.16260812877950434,-7.3947012424469e-05,0.0005951616913080215,-0.0002494547516107559,-0.0030635856091976166,0.0031293944763964823,-0.10454980283975601,0.11457455903291702,-0.027466097846627235,0.035620760172605515,0.1614572219591781,-0.007364986930042505,0.006814578082412481,-0.0102338045835495,0.004124102648347616,-0.00942380540072918,0.00535370921716094,0.00010081566870212555,0.0008342787623405457,-2.8684735298156738e-05,-0.0029558315873146057,0.003071805336936767,-0.12734532356262207,0.05578714981675148,-0.18410895764827728,-0.1336410641670227,0.24148369649807877,50.586155545000004,True,-0.00017532147467136383,-0.00024028122425079346,-0.00021867454051971436,-0.00010677613317966461,0.00037348501911343117,0.022563615813851357,0.0587785579264164,0.15688127279281616,0.16931118071079254,0.23817603733619885,ROA_1001_model49999_noise15,2529,2026-10-01_00-04-08,-0.009773721918463707,0.009044378995895386
0.00031283125281333923,0.0012483913451433182,0.0005136243999004364,-0.002428703010082245,0.0027493817465910077,-0.0412454791367054,0.14904141426086426,-0.01572025939822197,0.04423129931092262,0.16157897324650755,-0.00010980293154716492,0.0006790272891521454,-0.000208243727684021,-0.003168918192386627,0.0032458917551216365,-0.10129855573177338,0.11118500679731369,-0.03325566649436951,0.04466017335653305,0.16030406211924608,-0.007027177605777979,0.007174924481660128,-0.01022212766110897,0.004802277777343988,-0.009389746934175491,0.006049294490367174,6.584450602531433e-05,0.000919681042432785,1.3737007975578308e-05,-0.003058789297938347,0.003194063068675628,-0.12197251617908478,0.05370843783020973,-0.1965654045343399,-0.13063707947731018,0.2493578059710642,50.606150957000004,True,-0.00017243437469005585,-0.00023827888071537018,-0.00022761523723602295,-0.00010887160897254944,0.00037585907252385203,0.020257195457816124,0.05728704482316971,0.16369390487670898,0.17544673383235931,0.2463956421012117,ROA_1001_model49999_noise15,2530,2026-10-01_00-04-08,-0.009100638329982758,0.009341329336166382
0.0002769753336906433,0.0012367963790893555,0.0005859415978193283,-0.002472149208188057,0.0027940611849318797,-0.033058226108551025,0.14123879373073578,-0.0255084577947855,0.05539832264184952,0.15695067739859034,-0.00015366822481155396,0.000665523111820221,-0.00014137476682662964,-0.003213202580809593,0.0032831590065743833,-0.09322771430015564,0.10367947816848755,-0.04084175080060959,0.05779135599732399,0.15618644187260436,-0.006836967077106237,0.0074010021053254604,-0.010318748652935028,0.00575298024341464,-0.009614573791623116,0.006899707484990358,1.909211277961731e-05,0.000906083732843399,8.167698979377747e-05,-0.003100186586380005,0.0032307089782404727,-0.11639948189258575,0.043100208044052124,-0.20844301581382751,-0.1192781999707222,0.25503384102425736,50.626152545000004,True,-0.00017262063920497894,-0.00024167820811271667,-0.00022226013243198395,-0.00011497177183628082,0.00037787677597140624,0.022778285667300224,0.059833280742168427,0.16793560981750488,0.1776777058839798,0.2515983385447341,ROA_1001_model49999_noise15,2531,2026-10-01_00-04-08,-0.008677288889884949,0.009534094482660294
0.00028219074010849,0.0011675059795379639,0.0005693640559911728,-0.002446770668029785,0.0027402525861721237,-0.01599639654159546,0.12519116699695587,-0.04062242433428764,0.07027806341648102,0.14764144420776426,-0.0001457519829273224,0.0006143003702163696,-0.0001698266714811325,-0.00318172387778759,0.003243476838190348,-0.07717497646808624,0.08658132702112198,-0.05458807200193405,0.07275119423866272,0.1472702202003049,-0.0064059109427034855,0.00837642326951027,-0.010343313217163086,0.007251193281263113,-0.009653028100728989,0.008406803011894226,2.6356428861618042e-05,0.0008467584848403931,5.667097866535187e-05,-0.003071129322052002,0.0031860797132261735,-0.09742099046707153,0.02949219010770321,-0.22634723782539368,-0.10523991286754608,0.26169616781129185,50.646152021000006,True,-0.0001728534698486328,-0.00023441389203071594,-0.0002255663275718689,-0.00011026859283447266,0.0003737393071833667,0.019949859008193016,0.05699880048632622,0.17202457785606384,0.1780148446559906,0.2536149587964969,ROA_1001_model49999_noise15,2532,2026-10-01_00-04-08,-0.008355887606739998,0.01022152416408062
0.0003369525074958801,0.0009283889085054398,0.000519375316798687,-0.0022758496925234795,0.0024843335153258536,-0.0019883736968040466,0.10649812966585159,-0.05097360908985138,0.08634081482887268,0.1414862509485862,-0.00011916272342205048,0.00036368146538734436,-0.0001971842721104622,-0.0029840972274541855,0.0030116525003336067,-0.06119394302368164,0.07011555135250092,-0.06701307743787766,0.08702533692121506,0.14389607050309774,-0.005164821166545153,0.007558173965662718,-0.009483430534601212,0.007185573223978281,-0.008768375962972641,0.00831642933189869,5.466863512992859e-05,0.0005858950316905975,1.8742866814136505e-05,-0.002871314063668251,0.002930490186452159,-0.0926838219165802,0.0038184223230928183,-0.23077963292598724,-0.08323182910680771,0.2601928897373013,50.666150985,True,-0.00017676502466201782,-0.00022402964532375336,-0.00021408777683973312,-0.00011213123798370361,0.00036596331302258427,0.031097790226340294,0.06616627424955368,0.16410881280899048,0.17033261060714722,0.24653816888409238,ROA_1001_model49999_noise15,2533,2026-10-01_00-04-08,-0.007218920160084963,0.009291892871260643
0.0003537628799676895,0.0008889473974704742,0.0005174428224563599,-0.0022519147023558617,0.002447580033083687,0.0011213123798370361,0.10425969213247299,-0.05130050331354141,0.08641695231199265,0.13944919693870472,-0.00010682269930839539,0.00033299438655376434,-0.0002000248059630394,-0.002931011840701103,0.002955779790168467,-0.058914996683597565,0.06652902811765671,-0.06870249658823013,0.08526536822319031,0.1409857945404174,-0.00428784592077136,0.00751247676089406,-0.008718220517039299,0.0072885132394731045,-0.008067002519965172,0.008386863395571709,6.901100277900696e-05,0.0005535315722227097,1.8905848264694214e-05,-0.0028363894671201706,0.002889901540887487,-0.08980742841959,0.0023045577108860016,-0.23064365983009338,-0.08111050724983215,0.25871496856430176,50.686152542,True,-0.00017480924725532532,-0.0002216082066297531,-0.00021941959857940674,-9.627547115087509e-05,0.0003595295208630948,0.030738765373826027,0.06423284858465195,0.16209086775779724,0.16635330021381378,0.241946466446683,ROA_1001_model49999_noise15,2534,2026-10-01_00-04-08,-0.006611173506826162,0.009172044694423676
0.00037904828786849976,0.0008556991815567017,0.0004909001290798187,-0.0022128690034151077,0.0023953015840974703,0.007699708919972181,0.09694648534059525,-0.06104283779859543,0.09650270640850067,0.1425224621735164,-7.767230272293091e-05,0.00031101517379283905,-0.00022624153643846512,-0.0028673093765974045,0.002892255824521574,-0.05441484600305557,0.05686003342270851,-0.07871421426534653,0.09476789087057114,0.14611362466382957,-0.003976550884544849,0.007694265339523554,-0.008363641798496246,0.007631906773895025,-0.007993863895535469,0.008550634607672691,9.573996067047119e-05,0.0005275476723909378,-5.448237061500549e-06,-0.002792198210954666,0.0028416919020420473,-0.08210818469524384,-0.0031450761016458273,-0.241222083568573,-0.07088948041200638,0.2638122257267924,50.706152402,True,-0.00017494894564151764,-0.0002146698534488678,-0.00021890737116336823,-7.622875273227692e-05,0.0003479436752539008,0.027662141248583794,0.0599999874830246,0.16255931556224823,0.16566482186317444,0.24035960027056175,ROA_1001_model49999_noise15,2535,2026-10-01_00-04-08,-0.006302387919276953,0.009408557787537575
0.0004359520971775055,0.0007822178304195404,0.0004394911229610443,-0.002138991840183735,0.002293627551682596,0.01828465610742569,0.08433590829372406,-0.07753190398216248,0.11415965110063553,0.15263181925955674,-1.6391277313232422e-05,0.000251084566116333,-0.0002675456926226616,-0.0027788104489445686,0.00280268847236989,-0.04614702984690666,0.04170648381114006,-0.09493692219257355,0.11256546527147293,0.15966573228902153,-0.004118537995964289,0.00812382623553276,-0.00832383893430233,0.008123394101858139,-0.008390754461288452,0.008761996403336525,0.00015739351511001587,0.00045960769057273865,-4.919711500406265e-05,-0.0027188798412680626,0.0027584686413514247,-0.07047411054372787,-0.014028511010110378,-0.2577621340751648,-0.053862106055021286,0.2729567903417526,50.72615363800001,True,-0.00017685815691947937,-0.00020815059542655945,-0.00021725427359342575,-6.004702299833298e-05,0.000339115480950077,0.024283302947878838,0.055738721042871475,0.16285128891468048,0.1664140671491623,0.23972767841717815,ROA_1001_model49999_noise15,2536,2026-10-01_00-04-08,-0.006092361640185118,0.009915823116898537
0.0005130656063556671,0.0005887821316719055,0.00032924581319093704,-0.0019461382180452347,0.002040676485801626,0.02390146069228649,0.07425807416439056,-0.08880672603845596,0.12903288006782532,0.1648466171965848,7.441267371177673e-05,7.310882210731506e-05,-0.000360351987183094,-0.0025441404432058334,0.0025708690760726433,-0.04297773912549019,0.029012558981776237,-0.10931561142206192,0.12400047481060028,0.1727973032980921,-0.0037848353385925293,0.008666811510920525,-0.008528204634785652,0.008249156177043915,-0.008321782574057579,0.00902624987065792,0.00024847686290740967,0.000276416540145874,-0.0001455424353480339,-0.0025118933990597725,0.002532941805573463,-0.06232689693570137,-0.02104509435594082,-0.2650781273841858,-0.036822862923145294,0.2753318931910295,50.746154074,True,-0.0001728534698486328,-0.00020284205675125122,-0.00021615996956825256,-3.182794898748398e-05,0.00032360626188198993,0.019330531358718872,0.05008373036980629,0.15577301383018494,0.16080331802368164,0.2293166280953707,ROA_1001_model49999_noise15,2537,2026-10-01_00-04-08,-0.00610807491466403,0.01034509390592575
0.0005490146577358246,0.0004908069968223572,0.00030528753995895386,-0.001865648664534092,0.0019360758319959229,0.03098137490451336,0.06541982293128967,-0.09259394556283951,0.13401778042316437,0.16750878176463446,0.00010095536708831787,-2.2444874048233032e-05,-0.0003676861524581909,-0.00245487317442894,0.0024822666987416257,-0.0345548614859581,0.021976416930556297,-0.11463858932256699,0.12781725823879242,0.17618252246872343,-0.0033500096760690212,0.008769582957029343,-0.008365368470549583,0.008376331999897957,-0.007941847667098045,0.009262524545192719,0.00027567148208618164,0.00017546117305755615,-0.00016225967556238174,-0.0024221837520599365,0.002435402497807942,-0.057726163417100906,-0.031325966119766235,-0.26645299792289734,-0.029768560081720352,0.27498353270756604,50.766150958000004,True,-0.0001739710569381714,-0.00019650906324386597,-0.000206800177693367,-3.259629011154175e-05,0.0003170967992365025,0.023175960406661034,0.0533573292195797,0.15181489288806915,0.15751853585243225,0.22550969455199696,ROA_1001_model49999_noise15,2538,2026-10-01_00-04-08,-0.005839974153786898,0.010229332372546196
0.0005956739187240601,0.00036694109439849854,0.0002270098775625229,-0.001746881753206253,0.0017881808135955337,0.03121606819331646,0.06346683949232101,-0.0973408967256546,0.14015449583530426,0.17454384903271333,0.00014761462807655334,-0.00013345852494239807,-0.0004279427230358124,-0.002316082827746868,0.0023576119263675043,-0.03418978303670883,0.020720062777400017,-0.12158089876174927,0.1305064558982849,0.18247947216147276,-0.003152070101350546,0.00910860300064087,-0.008432796224951744,0.008402420207858086,-0.007834728807210922,0.009373480454087257,0.00032102689146995544,5.187466740608215e-05,-0.00022726599127054214,-0.002287025563418865,0.002299829947808317,-0.05742441490292549,-0.033400021493434906,-0.2679009735584259,-0.019564060494303703,0.2752429682289542,50.786154690000004,True,-0.0001737847924232483,-0.00018579885363578796,-0.00020058359950780869,-2.8032809495925903e-05,0.00030765865617269283,0.02318527363240719,0.0541638545691967,0.1463785171508789,0.1500367522239685,0.21676618175650603,ROA_1001_model49999_noise15,2539,2026-10-01_00-04-08,-0.006048701237887144,0.010309142991900444
0.0006353482604026794,0.00019744038581848145,0.00017050188034772873,-0.0015882542356848717,0.0016035627625869996,0.03166217356920242,0.06107240542769432,-0.09758374094963074,0.1435689628124237,0.17704854312932963,0.00017629936337471008,-0.0003080815076828003,-0.00045781489461660385,-0.0021365471184253693,0.002201159688095278,-0.03289710730314255,0.02043507806956768,-0.1252707988023758,0.13037793338298798,0.1846708375567233,-0.0035130521282553673,0.00918423943221569,-0.008997159078717232,0.008467592298984528,-0.008337801322340965,0.009417908266186714,0.0003484077751636505,-0.0001317821443080902,-0.0002620276063680649,-0.0021048355847597122,0.002122950487605744,-0.06109661981463432,-0.03979168459773064,-0.2610352635383606,-0.009341863915324211,0.2687161947776301,50.806150710000004,True,-0.0001735985279083252,-0.00017797574400901794,-0.00019408762454986572,-3.210734575986862e-05,0.0003021974052450737,0.02815294824540615,0.06026960536837578,0.13589486479759216,0.1397062987089157,0.20488665753307717,ROA_1001_model49999_noise15,2540,2026-10-01_00-04-08,-0.006583335343748331,0.010177133604884148
0.0006774440407752991,3.725290298461914e-07,0.00014952383935451508,-0.0014080433174967766,0.0014182679130479042,0.03693625330924988,0.05126651003956795,-0.09636138379573822,0.14941532909870148,0.17946165745920895,0.00020405277609825134,-0.0005125999450683594,-0.00044528860598802567,-0.001924321986734867,0.0020277899723343774,-0.026267020031809807,0.013162381015717983,-0.12931273877620697,0.1308431327342987,0.18605907490253584,-0.003565018530935049,0.009276112541556358,-0.009096680209040642,0.008435873314738274,-0.008293192833662033,0.009411681443452835,0.00037783756852149963,-0.0003427267074584961,-0.0002580229192972183,-0.0018862541764974594,0.0019266150319483893,-0.060945745557546616,-0.05464255437254906,-0.24955043196678162,0.006225425284355879,0.2569822835946374,50.826151211,True,-0.00017117708921432495,-0.00016801059246063232,-0.00019010622054338455,-4.176981747150421e-05,0.0002974354047630122,0.034656375646591187,0.06783753633499146,0.12025701999664307,0.12460024654865265,0.188077549310053,ROA_1001_model49999_noise15,2541,2026-10-01_00-04-08,-0.006928606424480677,0.009987972676753998
0.000683218240737915,-0.00014370307326316833,0.00015380792319774628,-0.0012613367289304733,0.0012973805148910546,0.044986601918935776,0.03973580524325371,-0.0962158590555191,0.15631666779518127,0.18387431786461306,0.00020675361156463623,-0.0006549060344696045,-0.00040142331272363663,-0.0017508165910840034,0.0018945608547476403,-0.01878291368484497,0.0023953616619110107,-0.13358145952224731,0.13313674926757812,0.18919588092663647,-0.003681853413581848,0.009665306657552719,-0.009087884798645973,0.00856962613761425,-0.008134925737977028,0.009587649255990982,0.0003769993782043457,-0.0004902482032775879,-0.00022624153643846512,-0.0017020385712385178,0.0017750597359483828,-0.054785046726465225,-0.06811320781707764,-0.240181565284729,0.02203183062374592,0.24643934860630254,50.846152127,True,-0.00016987323760986328,-0.00016689300537109375,-0.00017525162547826767,-4.754401743412018e-05,0.00029046679978125746,0.035948120057582855,0.07053464651107788,0.10663317143917084,0.11106672883033752,0.17190844833287153,ROA_1001_model49999_noise15,2542,2026-10-01_00-04-08,-0.007146944757550955,0.010199248790740967
0.0007111579179763794,-0.0002639368176460266,0.00012603122740983963,-0.001119379885494709,0.001200139115762927,0.04665832594037056,0.035502947866916656,-0.09827059507369995,0.1637725979089737,0.1911131720158799,0.00023525208234786987,-0.0007729046046733856,-0.0004064524546265602,-0.0015823636204004288,0.0017813847810097243,-0.01820828765630722,-0.0019464640645310283,-0.1405908167362213,0.134982630610466,0.19525810564097268,-0.0037628458812832832,0.009567532688379288,-0.009157247841358185,0.008018378168344498,-0.008045194670557976,0.009101562201976776,0.0004030764102935791,-0.0006076879799365997,-0.00022705644369125366,-0.0015312107279896736,0.001648667703454563,-0.05372333899140358,-0.07348041981458664,-0.23383483290672302,0.037576768547296524,0.24087797546319195,50.866151603000006,True,-0.00017080456018447876,-0.00016205012798309326,-0.00017641577869653702,-5.259644240140915e-05,0.0002911882349328856,0.0354936346411705,0.07149204611778259,0.093254953622818,0.0973711684346199,0.15530972928750603,ROA_1001_model49999_noise15,2543,2026-10-01_00-04-08,-0.007115431595593691,0.010009223595261574
0.0007397495210170746,-0.00038510188460350037,9.229406714439392e-05,-0.0009706942364573479,0.0011328241427687785,0.03320351243019104,0.04499032720923424,-0.08816574513912201,0.15963450074195862,0.18397183310008763,0.0002546235918998718,-0.0009103678166866302,-0.00040766317397356033,-0.0014154240489006042,0.0016962400693539877,-0.030982306227087975,0.008812174201011658,-0.13598565757274628,0.1254209727048874,0.18722722398353225,-0.004055142402648926,0.008850378915667534,-0.009587349370121956,0.007074305322021246,-0.008343635126948357,0.008213764056563377,0.000424310564994812,-0.0007488764822483063,-0.00023646280169487,-0.001351209357380867,0.001544857321744994,-0.07156096398830414,-0.06796885281801224,-0.21364818513393402,0.041851770132780075,0.2261369868558542,50.886152839000005,True,-0.00016652047634124756,-0.00015869736671447754,-0.00017152633517980576,-6.472691893577576e-05,0.0002885799764261651,0.04057585820555687,0.07683411240577698,0.07765204459428787,0.08351820707321167,0.14222009929621748,ROA_1001_model49999_noise15,2544,2026-10-01_00-04-08,-0.007119006011635065,0.009222757071256638
0.0008117407560348511,-0.0005583278834819794,2.835877239704132e-05,-0.0007699476554989815,0.0011281438532410716,0.03407057374715805,0.03893021494150162,-0.08607003092765808,0.16354303061962128,0.18580825033480902,0.00031776726245880127,-0.0010848045349121094,-0.00044016633182764053,-0.0011943280696868896,0.001617814511952683,-0.027543863281607628,0.0059241424314677715,-0.13856379687786102,0.12464331835508347,0.187980123034617,-0.0046842885203659534,0.00857509858906269,-0.010023914277553558,0.00650060037150979,-0.008638953790068626,0.007700861897319555,0.00048493966460227966,-0.0009350478649139404,-0.00027425121515989304,-0.001116073690354824,0.0014600877295581779,-0.07596053183078766,-0.07775332778692245,-0.20128370821475983,0.05533243343234062,0.2168114730057359,50.906151384000005,True,-0.00016828998923301697,-0.00015189871191978455,-0.0001669861376285553,-7.667113095521927e-05,0.00028860536113872525,0.048393379896879196,0.08367560058832169,0.0627441331744194,0.06930064409971237,0.1337228517522825,ROA_1001_model49999_noise15,2545,2026-10-01_00-04-08,-0.007635950576514006,0.00871613435447216
0.0008366070687770844,-0.000605359673500061,-1.3131648302078247e-05,-0.0006541609764099121,0.0011168353467588443,0.012955627404153347,0.05724373832345009,-0.06773927807807922,0.15005119144916534,0.17145179276439648,0.0003452412784099579,-0.001136772334575653,-0.00044854823499917984,-0.0010601477697491646,0.0015554587256638233,-0.046154480427503586,0.026117077097296715,-0.12461910396814346,0.10690464824438095,0.17226670637758443,-0.005524239968508482,0.008521929383277893,-0.01046387106180191,0.005947326775640249,-0.009035475552082062,0.007159050088375807,0.0005083158612251282,-0.0009893439710140228,-0.00029008369892835617,-0.0009712763130664825,0.0013973386756174907,-0.09997933357954025,-0.06042234227061272,-0.1737603396177292,0.05013495311141014,0.20098966995018067,50.926158768,True,-0.00016158446669578552,-0.00014882534742355347,-0.00015881378203630447,-8.89413058757782e-05,0.00028341213158979963,0.053804364055395126,0.08653382956981659,0.04915846139192581,0.05673942714929581,0.1262076403894713,ROA_1001_model49999_noise15,2546,2026-10-01_00-04-08,-0.00837889313697815,0.00843970850110054
0.0008596107363700867,-0.0006620772182941437,-6.826594471931458e-05,-0.0005478039383888245,0.0011281629791338292,0.004195608198642731,0.06461329758167267,-0.054039523005485535,0.1399400532245636,0.16142339002047193,0.00037923455238342285,-0.0011893920600414276,-0.0004743225872516632,-0.0009325332939624786,0.0015113939484977799,-0.053458843380212784,0.03464333713054657,-0.11417502164840698,0.09361793845891953,0.1606723768492902,-0.006983886007219553,0.008803484961390495,-0.011310689151287079,0.005686183925718069,-0.009860489517450333,0.0069013903848826885,0.0005329959094524384,-0.001048203557729721,-0.0003232154995203018,-0.0008401460945606232,0.0013640332357943937,-0.11004134267568588,-0.053598541766405106,-0.15228892862796783,0.04706438258290291,0.18802725523758848,50.946157352,True,-0.00015422701835632324,-0.0001405365765094757,-0.0001537613570690155,-8.996576070785522e-05,0.000272891366523593,0.05655176565051079,0.08821207284927368,0.038187019526958466,0.046554483473300934,0.12069745025537656,ROA_1001_model49999_noise15,2547,2026-10-01_00-04-08,-0.009754100814461708,0.008388020098209381
0.0008924864232540131,-0.0007080845534801483,-0.00010710209608078003,-0.00047748908400535583,0.0011622546372297628,-0.006375833880156279,0.07378309965133667,-0.03443285822868347,0.12378859519958496,0.1478292521212149,0.00041481107473373413,-0.0012433156371116638,-0.000490434467792511,-0.0008446164429187775,0.001504916696152456,-0.061783935874700546,0.04594772681593895,-0.09811203181743622,0.07478613406419754,0.1454193448851223,-0.008456595242023468,0.008931493386626244,-0.012032920494675636,0.005314148496836424,-0.010491346940398216,0.006576582323759794,0.0005649402737617493,-0.0011060386896133423,-0.0003439374268054962,-0.0007481314241886139,0.0013699880826380513,-0.12397206574678421,-0.04678871110081673,-0.1254090964794159,0.03695394843816757,0.1764817299743119,50.966157887,True,-0.0001498498022556305,-0.00013802200555801392,-0.00014798715710639954,-9.834766387939453e-05,0.0002695033218966417,0.06215646490454674,0.09272526204586029,0.02731289528310299,0.037857331335544586,0.12098913432587535,ROA_1001_model49999_noise15,2548,2026-10-01_00-04-08,-0.011142263188958168,0.008231552317738533
0.0008751638233661652,-0.0007437542080879211,-4.079192876815796e-05,-0.00044191256165504456,0.0011793934320816462,-0.0210739653557539,0.08514615893363953,-9.872018563328311e-05,0.09441468119621277,0.1279386539479256,0.00038528814911842346,-0.0013037584722042084,-0.0003980472683906555,-0.0007868744432926178,0.0015285866632658044,-0.07308367639780045,0.06154179200530052,-0.06749574095010757,0.04344526305794716,0.124539265561614,-0.010210361331701279,0.008498724550008774,-0.01315927691757679,0.004761846270412207,-0.011523431167006493,0.006074701901525259,0.0005248002707958221,-0.0011702999472618103,-0.00025620684027671814,-0.0006816349923610687,0.0013978565924383638,-0.14810636639595032,-0.04244595393538475,-0.08177197724580765,0.015360302291810513,0.1718784569298749,50.986158487000004,True,-0.00013904646039009094,-0.00013569369912147522,-0.00014137476682662964,-0.000106077641248703,0.00026210650174352635,0.07497984915971756,0.10398029536008835,0.014318152330815792,0.028061678633093834,0.13192648545642915,ROA_1001_model49999_noise15,2549,2026-10-01_00-04-08,-0.01278826966881752,0.007524759974330664
0.0009053386747837067,-0.0007759779691696167,8.102506399154663e-06,-0.00044852495193481445,0.0012319556327706736,-0.024643724784255028,0.08476152271032333,0.01633167266845703,0.08065159618854523,0.11719852453599489,0.000398978590965271,-0.001364201307296753,-0.0003353692591190338,-0.0007888302206993103,0.001586862338314416,-0.0738995149731636,0.06465427577495575,-0.05369167402386665,0.028614884242415428,0.11490649093589733,-0.011410560458898544,0.008352585136890411,-0.013572445139288902,0.00451540807262063,-0.011939553543925285,0.0058228750713169575,0.0005356967449188232,-0.001222454011440277,-0.00019799917936325073,-0.0006722286343574524,0.0014490614604052777,-0.16015952825546265,-0.0483756847679615,-0.06072688475251198,0.00561959994956851,0.17674600096288096,51.006154511000005,True,-0.00013476237654685974,-0.0001412816345691681,-0.00013727694749832153,-0.00011827796697616577,0.0002660589701583165,0.0862274244427681,0.11304951459169388,0.007106922101229429,0.02298690192401409,0.14396958652645916,ROA_1001_model49999_noise15,2550,2026-10-01_00-04-08,-0.014073051512241364,0.007071309257298708
0.0009299255907535553,-0.000772625207901001,2.421438694000244e-06,-0.0004462897777557373,0.0012453226709795448,-0.022764315828680992,0.08006206899881363,0.022092832252383232,0.07749442011117935,0.11142885585461329,0.0004190020263195038,-0.0013736076653003693,-0.0003322027623653412,-0.0007813796401023865,0.0015942432879482973,-0.06956420838832855,0.062599778175354,-0.050346363335847855,0.023978760465979576,0.10807028174119754,-0.01188361644744873,0.008512284606695175,-0.01347145065665245,0.00433012330904603,-0.011630421504378319,0.00579563295468688,0.0005493871867656708,-0.001227017492055893,-0.00019641593098640442,-0.0006547197699546814,0.001450191725273792,-0.1617446392774582,-0.054407861083745956,-0.0509386844933033,0.006115063559263945,0.1769234399717891,51.026161511000005,True,-0.0001298263669013977,-0.00014780089259147644,-0.00013587996363639832,-0.00012433156371116638,0.00026908570595793975,0.09213759750127792,0.11699087172746658,0.000655651034321636,0.01785997301340103,0.14961837201422934,ROA_1001_model49999_noise15,2551,2026-10-01_00-04-08,-0.014589589089155197,0.007199276704341173
0.0009337905794382095,-0.000671064481139183,-2.8870999813079834e-06,-0.0005229376256465912,0.0011947307431921749,-0.02764630876481533,0.08640111982822418,0.02873223088681698,0.07049459964036942,0.11156519459886456,0.00042356550693511963,-0.0012767035514116287,-0.00033723190426826477,-0.0008570961654186249,0.0015474939017165149,-0.07411465048789978,0.06826594471931458,-0.04438589885830879,0.017005018889904022,0.11024894656939184,-0.0116388238966465,0.007693599443882704,-0.013137305155396461,0.0034454059787094593,-0.011266933754086494,0.0049752905033528805,0.0005550216883420944,-0.0011259224265813828,-0.00020097941160202026,-0.0007349997758865356,0.0013964593140383666,-0.16639357805252075,-0.046519093215465546,-0.04490743950009346,-0.000825151742901653,0.17818030719642525,51.046158335,True,-0.0001344829797744751,-0.000150362029671669,-0.00013457611203193665,-0.0001230277121067047,0.0002715812035085017,0.09222421050071716,0.11477479338645935,0.0005932524800300598,0.017813406884670258,0.14792872083036107,ROA_1001_model49999_noise15,2552,2026-10-01_00-04-08,-0.014290178194642067,0.006957354489713907
0.0009733717888593674,-0.0005409121513366699,-8.67992639541626e-05,-0.0006129033863544464,0.001142873487081083,-0.014930962584912777,0.07794145494699478,0.01016817893832922,0.08334870636463165,0.11414792847231017,0.0004680827260017395,-0.0011401716619729996,-0.00043446198105812073,-0.0009734183549880981,0.0015013932585068452,-0.0622444748878479,0.05667702853679657,-0.06037391349673271,0.03278814256191254,0.10790247329240694,-0.010546592995524406,0.006983823608607054,-0.01215280033648014,0.0028042872436344624,-0.010373318567872047,0.004313026089221239,0.0006087124347686768,-0.0009885523468255997,-0.0003023073077201843,-0.0008570030331611633,0.0013414457887019012,-0.14890171587467194,-0.050822269171476364,-0.07148925215005875,0.005253590177744627,0.1709556373880432,51.066157495000006,True,-0.00013974495232105255,-0.0001521781086921692,-0.0001325272023677826,-0.00011743977665901184,0.0002717560493395991,0.08669541776180267,0.10754307359457016,0.011116265319287777,0.027492640540003777,0.14103214711325293,ROA_1001_model49999_noise15,2553,2026-10-01_00-04-08,-0.013197038322687149,0.00706099858507514
0.0009851530194282532,-0.00039651058614254,-0.0001628883183002472,-0.000712275505065918,0.0010732266873751748,0.0030533408280462027,0.06350455433130264,-0.01258030440658331,0.098965123295784,0.11792936651500172,0.0004890840500593185,-0.0009822659194469452,-0.0005370005965232849,-0.0011109746992588043,0.001485647344769264,-0.04551699012517929,0.03941868990659714,-0.0787787064909935,0.05371681973338127,0.11261807714135073,-0.010275987908244133,0.0054598464630544186,-0.012172987684607506,0.001605660654604435,-0.010527161881327629,0.003059502225369215,0.0006346963346004486,-0.0008299015462398529,-0.0004085712134838104,-0.0009953044354915619,0.0013008513878812152,-0.12603075802326202,-0.060523856431245804,-0.10448227822780609,0.011766328476369381,0.1687026217322346,51.086154671,True,-0.00014719553291797638,-0.00015436671674251556,-0.00012945383787155151,-0.00011343508958816528,0.0002738199957032764,0.08061154931783676,0.09977071732282639,0.025643033906817436,0.042024996131658554,0.13725735144657975,ROA_1001_model49999_noise15,2554,2026-10-01_00-04-08,-0.012854522094130516,0.006210715975612402
0.0009638722985982895,-0.0003103632479906082,-0.00019604340195655823,-0.0007772818207740784,0.0010160644141192939,0.002829823410138488,0.06599724292755127,-0.017891637980937958,0.09884405136108398,0.11960260852933613,0.00046282075345516205,-0.0009032431989908218,-0.0005923211574554443,-0.001201685518026352,0.0015196588693156949,-0.04599522426724434,0.0419914685189724,-0.08049140870571136,0.05741230770945549,0.11667793417814575,-0.009793752804398537,0.0036585540510714054,-0.012070974335074425,0.00024761632084846497,-0.010385416448116302,0.001724831759929657,0.0006153713911771774,-0.0007370952516794205,-0.0004609115421772003,-0.0010907649993896484,0.001317266098090138,-0.1237010508775711,-0.05550915002822876,-0.11763162165880203,0.004845671355724335,0.17487717546119244,51.106156071,True,-0.00015189871191978455,-0.0001618172973394394,-0.00013113021850585938,-0.00011390075087547302,0.0002814833093895617,0.07765181362628937,0.09751226007938385,0.03723055124282837,0.05256570503115654,0.14027600564015,ROA_1001_model49999_noise15,2555,2026-10-01_00-04-08,-0.01234094612300396,0.0048318044282495975
0.0010019633919000626,-0.00031369272619485855,-0.00027976930141448975,-0.0007652677595615387,0.001051665366316625,0.014087184332311153,0.05399598553776741,-0.031750649213790894,0.1097051352262497,0.12438022200154401,0.0004941830411553383,-0.0009092967957258224,-0.0006966292858123779,-0.0012172386050224304,0.0015502935388119858,-0.03373599424958229,0.03183283656835556,-0.09010452032089233,0.07240381091833115,0.12450258632438235,-0.009123805910348892,0.0019053071737289429,-0.01183980144560337,-0.0011157859116792679,-0.009878981858491898,0.0005943453870713711,0.0006513670086860657,-0.0007410068064928055,-0.0005670823156833649,-0.0011016614735126495,0.0013349994460453158,-0.11134729534387589,-0.06599584221839905,-0.1378338783979416,0.010025686584413052,0.180717154769032,51.126160702,True,-0.0001591397449374199,-0.00016624107956886292,-0.00013150274753570557,-0.00011874362826347351,0.0002902589836175177,0.0775693878531456,0.09784078598022461,0.047765668481588364,0.0623827762901783,0.14751860761277508,ROA_1001_model49999_noise15,2556,2026-10-01_00-04-08,-0.011602012440562248,0.0032245847396552563
0.0010349787771701813,-0.0003146473318338394,-0.0003382563591003418,-0.0007763970643281937,0.0010925546602154536,0.016920967027544975,0.049302585422992706,-0.03351946175098419,0.10819942504167557,0.12134081232160025,0.000506197102367878,-0.0009186333045363426,-0.0007867813110351562,-0.0012496951967477798,0.0016014363757587446,-0.030639346688985825,0.028925247490406036,-0.0881410613656044,0.07418286800384521,0.1226470481240439,-0.007789027411490679,-0.0008321390487253666,-0.010680286213755608,-0.003548835404217243,-0.008494202047586441,-0.0016213872004300356,0.0006741611286997795,-0.000747176818549633,-0.0006482936441898346,-0.0011343974620103836,0.0013775409798793894,-0.11006532609462738,-0.07210415601730347,-0.1463785171508789,0.003056134795770049,0.18814535055205284,51.146154998,True,-0.00017224811017513275,-0.00017115380614995956,-0.00013634562492370605,-0.00011650845408439636,0.0003016787349235461,0.07938430458307266,0.10100565105676651,0.05827587842941284,0.07115280628204346,0.15798906328361081,ROA_1001_model49999_noise15,2557,2026-10-01_00-04-08,-0.0102394949644804,0.00040443846955895424
0.0009955605491995811,-0.00013569369912147522,-0.00031921081244945526,-0.0009367242455482483,0.0010889141353377946,0.012474250048398972,0.05752301961183548,-0.027365515008568764,0.0923285186290741,0.11011412739232208,0.00044909538701176643,-0.0007528113201260567,-0.0008207745850086212,-0.0014365185052156448,0.0017228568710706354,-0.0383366122841835,0.034750670194625854,-0.07490627467632294,0.06336253136396408,0.11090809567379824,-0.006312440615147352,-0.0030510295182466507,-0.008797451853752136,-0.005699557717889547,-0.006890776101499796,-0.003891834057867527,0.0006393296644091606,-0.0005684560164809227,-0.0006678514182567596,-0.0013412907719612122,0.0015218840009956162,-0.11041445285081863,-0.06250745803117752,-0.15386240184307098,-0.025464685633778572,0.19809139573200782,51.166154862000006,True,-0.00018903519958257675,-0.00018706778064370155,-0.0001525040715932846,-9.359791874885559e-05,0.00031873354721218754,0.07210299372673035,0.09728571772575378,0.07895472645759583,0.08880625665187836,0.16949011685910964,ROA_1001_model49999_noise15,2558,2026-10-01_00-04-08,-0.008406184613704681,-0.0014986726455390453
0.0009506475180387497,5.341134965419769e-05,-0.000267568975687027,-0.0011057127267122269,0.0012119778068546644,0.0013692768989130855,0.07339310646057129,-0.015581957064568996,0.07426831871271133,0.10490997066207249,0.00038708094507455826,-0.000577978789806366,-0.0008301343768835068,-0.0016531441360712051,0.001884950535885226,-0.05277828127145767,0.04883715510368347,-0.05730054900050163,0.05211494490504265,0.10568694352999755,-0.005773862358182669,-0.004510795697569847,-0.007771776523441076,-0.007479066029191017,-0.0059982710517942905,-0.005700123496353626,0.0005966983735561371,-0.0003770459443330765,-0.0006609130650758743,-0.0015643425285816193,0.0017029038966879734,-0.1181291788816452,-0.04711490869522095,-0.15373900532722473,-0.05611683800816536,0.20724456787188397,51.186154758,True,-0.00020782463252544403,-0.00019855797290802002,-0.00017094425857067108,-9.122304618358612e-05,0.0003438916038702771,0.06529223173856735,0.09592971205711365,0.09650131314992905,0.10823364555835724,0.1853454367383047,ROA_1001_model49999_noise15,2559,2026-10-01_00-04-08,-0.007349363062530756,-0.002684408100321889
0.0009161652997136116,0.00031066592782735825,-0.0001569744199514389,-0.0013724900782108307,0.00147360052185236,-0.005862442310899496,0.08663418143987656,-0.002142740413546562,0.05286535993218422,0.10167444619918112,0.0003412598744034767,-0.00031443778425455093,-0.0007967464625835419,-0.0019802944734692574,0.002141152415068607,-0.06219208985567093,0.06016436591744423,-0.037567224353551865,0.03678957000374794,0.10125364352109224,-0.005238255485892296,-0.004313871264457703,-0.006736608687788248,-0.00794827751815319,-0.004894135054200888,-0.0060027181170880795,0.0005647540092468262,-0.0001057283952832222,-0.0005928333848714828,-0.0018770340830087662,0.001969757743892876,-0.11944840103387833,-0.03163912147283554,-0.15299254655838013,-0.08881068229675293,0.21409635784261055,51.20615651000001,True,-0.00022780150175094604,-0.00020810402929782867,-0.00019844155758619308,-0.00010095536708831787,0.00037738676401119194,0.05721672996878624,0.09182630479335785,0.11548352986574173,0.12556718289852142,0.2012976784301456,ROA_1001_model49999_noise15,2560,2026-10-01_00-04-08,-0.006574937608093023,-0.0026480189990252256
0.000814592931419611,0.0005425885319709778,2.1792948246002197e-05,-0.0016113277524709702,0.0017212770720639746,-0.022997146472334862,0.10781583189964294,0.013048526830971241,0.030630499124526978,0.11365087857517712,0.00023781321942806244,-8.378410711884499e-05,-0.0006715301424264908,-0.0022751744836568832,0.002372244410647929,-0.07825367897748947,0.08154404163360596,-0.01741759479045868,0.020629258826375008,0.11618614161221326,-0.005276209209114313,-0.0033299769274890423,-0.006552680861204863,-0.007278855890035629,-0.004854368977248669,-0.00539800338447094,0.0004686415195465088,0.00013350509107112885,-0.0004425644874572754,-0.0021595973521471024,0.002216368754328834,-0.13318167626857758,-0.009501469321548939,-0.14700041711330414,-0.12182816118001938,0.2233151173252301,51.226158870000006,True,-0.00023080501705408096,-0.0002164626494050026,-0.00022780150175094604,-0.00011767260730266571,0.00040355230292115306,0.054904140532016754,0.09104457497596741,0.12963730096817017,0.14243949949741364,0.21924531609889844,ROA_1001_model49999_noise15,2561,2026-10-01_00-04-08,-0.006349063944071531,-0.0015672619920223951
0.0007192837074398994,0.0008218339644372463,0.00017022248357534409,-0.0018808525055646896,0.0020574094614074744,-0.03502541035413742,0.12606742978096008,0.008721137419342995,0.02685980685055256,0.1329731986901977,0.00013881362974643707,0.00018319115042686462,-0.0005626818165183067,-0.002567446790635586,0.0026366629668407903,-0.08969427645206451,0.09962228685617447,-0.016357284039258957,0.021471640095114708,0.1367243863276401,-0.005507463123649359,-0.0021270744036883116,-0.006853255908936262,-0.00603036442771554,-0.005465606227517128,-0.004499835427850485,0.00037973513826727867,0.00040963059291243553,-0.0003123888745903969,-0.002453126944601536,0.0025150204579088885,-0.1425851285457611,0.006905756425112486,-0.1566002517938614,-0.13113394379615784,0.23448388475540544,51.246179022,True,-0.00024040928110480309,-0.00022388994693756104,-0.0002514338120818138,-0.0001155538484454155,0.00042423780755826695,0.052830200642347336,0.09268370270729065,0.14032329618930817,0.1526060402393341,0.23217923291384546,ROA_1001_model49999_noise15,2562,2026-10-01_00-04-08,-0.00608844356611371,0.00016415631398558617
0.0006483634933829308,0.000997656024992466,0.0003139488399028778,-0.0021154526621103287,0.002338913840722578,-0.04203430935740471,0.13742467761039734,0.002477783476933837,0.030176246538758278,0.14645298282364208,6.754416972398758e-05,0.00034512486308813095,-0.00042798928916454315,-0.002826377749443054,0.002880110147767886,-0.09526882320642471,0.1113424003124237,-0.018502119928598404,0.02848496474325657,0.15035990649436798,-0.006173959467560053,-0.0011490234173834324,-0.007796571124345064,-0.0048970808275043964,-0.006584912072867155,-0.0035417608451098204,0.0003121327608823776,0.0005738809704780579,-0.00016544945538043976,-0.0026977621018886566,0.0027675229786029544,-0.1507619023323059,0.014427117072045803,-0.16607390344142914,-0.13086199760437012,0.2437252354873956,51.266156742,True,-0.0002459390088915825,-0.00022600870579481125,-0.00026370398700237274,-0.00013010576367378235,0.00044057741197902413,0.05547632277011871,0.09694334119558334,0.1476062387228012,0.1593269258737564,0.24319186980556481,ROA_1001_model49999_noise15,2563,2026-10-01_00-04-08,-0.006404073443263769,0.0014566597528755665
0.000535324215888977,0.0013288343325257301,0.0004309229552745819,-0.0024580396711826324,0.002797180655883143,-0.054778993129730225,0.15733739733695984,0.00046007332275621593,0.026922671124339104,0.16851272468604062,2.6775524020195007e-06,0.0007038237527012825,-0.0003526918590068817,-0.003211153671145439,0.003305452873664341,-0.11072447150945663,0.12683099508285522,-0.01450395118445158,0.03004213608801365,0.17141665055335578,-0.006685412954539061,0.00040002958849072456,-0.008497988805174828,-0.003249147906899452,-0.007525935303419828,-0.001993299461901188,0.0002360902726650238,0.0009316718205809593,-7.101334631443024e-05,-0.003081001341342926,0.003221682442988239,-0.1544416844844818,0.03931298479437828,-0.17986725270748138,-0.1443084329366684,0.25572394812288335,51.286157597000006,True,-0.00023462343961000443,-0.0002276850864291191,-0.0002796296030282974,-0.0001296401023864746,0.00044300599650144164,0.04368112236261368,0.08755619078874588,0.16539449989795685,0.1743389219045639,0.25810048460768203,ROA_1001_model49999_noise15,2564,2026-10-01_00-04-08,-0.006594946142286062,0.0029503186233341694
0.00044158659875392914,0.001504155807197094,0.0005340669304132462,-0.0026874709874391556,0.003090393932807745,-0.0623466894030571,0.16933073103427887,-0.00437488779425621,0.029893124476075172,0.1828524823444667,-4.854518920183182e-05,0.0009000301361083984,-0.0002650078386068344,-0.003476860001683235,0.003599776870914652,-0.12062722444534302,0.13465248048305511,-0.01512607466429472,0.036432407796382904,0.18459459897176933,-0.007524497341364622,0.0020765652880072594,-0.009436298161745071,-0.0013838165905326605,-0.008813416585326195,-0.00026003969833254814,0.00016477424651384354,0.001125992275774479,1.5273690223693848e-05,-0.00334717333316803,0.0035316964137511214,-0.15606358647346497,0.055307287722826004,-0.1937313824892044,-0.15108193457126617,0.2669678989071856,51.306157557000006,True,-0.0002116197720170021,-0.00022496096789836884,-0.0002786051481962204,-0.00013047829270362854,0.00042817000793418333,0.03543472662568092,0.07935240119695663,0.17862346768379211,0.18750177323818207,0.2717496065074894,ROA_1001_model49999_noise15,2565,2026-10-01_00-04-08,-0.006933341268450022,0.004540879745036364
0.0003845430910587311,0.0015082303434610367,0.0005624257028102875,-0.0027412548661231995,0.0031444235809659628,-0.06756698340177536,0.17684976756572723,-0.005043111275881529,0.031327828764915466,0.19185213905736742,-6.640329957008362e-05,0.0009331852197647095,-0.00024260953068733215,-0.0035495497286319733,0.0036766302109926398,-0.12844055891036987,0.13782036304473877,-0.01327413972467184,0.03906618803739548,0.19214178896355769,-0.008544763550162315,0.00437610549852252,-0.010293062776327133,0.0011756042949855328,-0.010140668600797653,0.002037493512034416,0.00012828968465328217,0.0011540483683347702,3.306195139884949e-05,-0.003425590693950653,0.003614774131712324,-0.15495996177196503,0.06895279139280319,-0.20120291411876678,-0.1574186533689499,0.27263376658234634,51.326159597,True,-0.0001955777406692505,-0.0002214685082435608,-0.0002766028046607971,-0.00012479722499847412,0.00041407996026508536,0.02648681215941906,0.06886059045791626,0.1879669576883316,0.196486696600914,0.2803927576534051,ROA_1001_model49999_noise15,2566,2026-10-01_00-04-08,-0.007672497536987066,0.0065751816146075726
0.0003337860107421875,0.0014778226613998413,0.0005861744284629822,-0.002743210643529892,0.003137123918632714,-0.06346171349287033,0.17210374772548676,-0.01029390748590231,0.037019141018390656,0.1873872106427432,-8.866190910339355e-05,0.0009218696504831314,-0.00020302832126617432,-0.003552064299583435,0.00367388187108072,-0.12578395009040833,0.13100680708885193,-0.017542392015457153,0.04502851143479347,0.18707217135757195,-0.00866963155567646,0.005671611521393061,-0.01064571924507618,0.0028875176794826984,-0.010681485757231712,0.0036523682065308094,8.647330105304718e-05,0.0011406373232603073,5.243346095085144e-05,-0.0034308992326259613,0.0036156090149878214,-0.14715874195098877,0.06846198439598083,-0.20952893793582916,-0.15485937893390656,0.27587853151855923,51.346157573000006,True,-0.0001759268343448639,-0.00021671876311302185,-0.0002557411789894104,-0.00012097880244255066,0.0003875517573743744,0.021344514563679695,0.06246752664446831,0.19204428791999817,0.19997823238372803,0.2837041878566064,ROA_1001_model49999_noise15,2567,2026-10-01_00-04-08,-0.007945215329527855,0.007490844931453466
0.00034384429454803467,0.001431535929441452,0.0005751848220825195,-0.0027282163500785828,0.0031014437904154754,-0.047835517674684525,0.15689431130886078,-0.026185063645243645,0.05335826054215431,0.17423283717590007,-5.8067962527275085e-05,0.0008939765393733978,-0.00018933787941932678,-0.0035237520933151245,0.003639325406148512,-0.11164648085832596,0.11464161425828934,-0.034115277230739594,0.05956273153424263,0.17340625088636433,-0.008795004338026047,0.0069442992098629475,-0.010495642200112343,0.004307399969547987,-0.010882124304771423,0.004907586146146059,0.00010225921869277954,0.0011076219379901886,4.2747706174850464e-05,-0.0034079886972904205,0.0035834753022939343,-0.12960284948349,0.055466774851083755,-0.22661592066287994,-0.13783201575279236,0.28002624110343705,51.36615839700001,True,-0.00016023404896259308,-0.0002142973244190216,-0.00023311004042625427,-0.0001150183379650116,0.0003627904412952915,0.017933081835508347,0.05917530134320259,0.19255465269088745,0.19737331569194794,0.28120556317183887,ROA_1001_model49999_noise15,2568,2026-10-01_00-04-08,-0.008129015564918518,0.008451616391539574
0.0003062654286623001,0.0013548880815505981,0.0006120651960372925,-0.0026971101760864258,0.0030468656875165274,-0.02474384196102619,0.13195769488811493,-0.048051584511995316,0.0763777643442154,0.1593338552804738,-7.962808012962341e-05,0.0008233822882175446,-0.00010747462511062622,-0.0034823082387447357,0.003579368284587191,-0.08963047713041306,0.08870846778154373,-0.055322419852018356,0.08187442272901535,0.15948190231619286,-0.009203877300024033,0.007536428514868021,-0.010080579668283463,0.005383748095482588,-0.011160586029291153,0.005623421166092157,6.58910721540451e-05,0.001037493348121643,8.922070264816284e-05,-0.0033697113394737244,0.003526427390151288,-0.10638730227947235,0.03189593553543091,-0.24870409071445465,-0.11319666355848312,0.2866101985701351,51.386160149000006,True,-0.00014379620552062988,-0.0002105720341205597,-0.00019660219550132751,-0.00011548399925231934,0.00033390681964657687,0.016644131392240524,0.05684000998735428,0.19353067874908447,0.19509343802928925,0.2797413940370523,ROA_1001_model49999_noise15,2569,2026-10-01_00-04-08,-0.008132336661219597,0.009249119088053703
0.00032242387533187866,0.0012547476217150688,0.0005656853318214417,-0.0026182271540164948,0.0029277538512080883,-0.009590759873390198,0.11480296403169632,-0.06567779928445816,0.09642540663480759,0.15856425610936264,-4.544854164123535e-05,0.0007452443242073059,-0.00012675300240516663,-0.0033828429877758026,0.0034658359612716465,-0.07561058551073074,0.07062428444623947,-0.073947012424469,0.10013579577207565,0.16120728539734866,-0.007936298847198486,0.00782417319715023,-0.008519299328327179,0.005553619470447302,-0.009752968326210976,0.005840675439685583,8.773058652877808e-05,0.0009501352906227112,4.5355409383773804e-05,-0.003281049430370331,0.0034159054356122046,-0.08846702426671982,0.01812889240682125,-0.2675473093986511,-0.09195692092180252,0.29366200602955456,51.406167341,True,-0.00013150274753570557,-0.00020563602447509766,-0.00017192214727401733,-0.00010048970580101013,0.00030662955556646273,0.01282826904207468,0.05249841883778572,0.19375303387641907,0.1921725869178772,0.2767960015638614,ROA_1001_model49999_noise15,2570,2026-10-01_00-04-08,-0.006989950779825449,0.009358566254377365
0.0002714339643716812,0.0011936761438846588,0.0005743000656366348,-0.002577807754278183,0.0028706439691897575,-0.015360302291810513,0.1193024143576622,-0.063946932554245,0.09818980097770691,0.163712002384688,-8.991919457912445e-05,0.0006803777068853378,-9.164214134216309e-05,-0.003308989107608795,0.003378973542451363,-0.08262088149785995,0.07431674748659134,-0.07373001426458359,0.09992438554763794,0.1658003733489778,-0.006475117523223162,0.007416509557515383,-0.007528845686465502,0.0051221479661762714,-0.008264560252428055,0.00562817370519042,2.6961788535118103e-05,0.0008864328265190125,5.918554961681366e-05,-0.0032191630452871323,0.0033393509337512127,-0.0952286571264267,0.02309260703623295,-0.26307207345962524,-0.0866064727306366,0.2895916651372028,51.426164101000005,True,-0.00011585652828216553,-0.00020656734704971313,-0.000150362029671669,-8.78702849149704e-05,0.00028468132049002645,0.012547708116471767,0.051254868507385254,0.18948222696781158,0.18655507266521454,0.26971080277768705,ROA_1001_model49999_noise15,2571,2026-10-01_00-04-08,-0.005755523685365915,0.008915573358535767
0.00031883828341960907,0.0011391937732696533,0.0004521571099758148,-0.0024825800210237503,0.002746025778284221,-0.0020568259060382843,0.1053130179643631,-0.07252371311187744,0.10578683018684387,0.15929818006595653,-3.473833203315735e-05,0.0006552319973707199,-0.00021085143089294434,-0.003166263923048973,0.0032394989794010615,-0.0696512833237648,0.0601205937564373,-0.0854274183511734,0.10369764268398285,0.1623317235456865,-0.004807691089808941,0.007258580531924963,-0.006848763208836317,0.005205456633120775,-0.0072694639675319195,0.005848423112183809,7.82310962677002e-05,0.0008472241461277008,-5.909241735935211e-05,-0.003110477700829506,0.0032247294757707426,-0.07850071042776108,0.012946314178407192,-0.2702772617340088,-0.0764622762799263,0.29009218647075014,51.446161372000006,True,-0.0001135747879743576,-0.00019264407455921173,-0.00015052501112222672,-5.501788109540939e-05,0.00026095173941642646,0.008849427103996277,0.04717986658215523,0.1848628669977188,0.1801690012216568,0.2611407132660769,ROA_1001_model49999_noise15,2572,2026-10-01_00-04-08,-0.004900883883237839,0.008294176310300827
0.00029439106583595276,0.0011501368135213852,0.00044403132051229477,-0.0024438370019197464,0.0027154674780355756,-0.01245457585901022,0.1172390729188919,-0.05911849066615105,0.0928221195936203,0.1570305479966883,-6.137415766716003e-05,0.0006693881005048752,-0.0002012588083744049,-0.0030853087082505226,0.0031624326859863473,-0.08005275577306747,0.07200706750154495,-0.07449672371149063,0.0883873999118805,0.15759961697067404,-0.004680313635617495,0.007287485990673304,-0.007136555854231119,0.005488523747771978,-0.00759177515283227,0.0059984843246638775,4.568137228488922e-05,0.0008553266525268555,-5.1106326282024384e-05,-0.0030503608286380768,0.003168607361726085,-0.08989544212818146,0.025054438039660454,-0.25143635272979736,-0.0844830572605133,0.27666673220268273,51.46616162,True,-0.00010868534445762634,-0.0001875218003988266,-0.00014861579984426498,-3.189779818058014e-05,0.0002453320831073758,0.009844078682363033,0.04695681482553482,0.17697246372699738,0.17286789417266846,0.2506174911668018,ROA_1001_model49999_noise15,2573,2026-10-01_00-04-08,-0.004887567367404699,0.008406849578022957
0.00031599774956703186,0.001101754605770111,0.0004064524546265602,-0.002365768887102604,0.002620632661228696,-0.012788920663297176,0.1157945916056633,-0.053366877138614655,0.08882488310337067,0.1523614747758833,-4.3958425521850586e-05,0.0006229616701602936,-0.0002200249582529068,-0.002963980659842491,0.003035761786448896,-0.07917451858520508,0.07157167047262192,-0.07132068276405334,0.0824131965637207,0.15225848058706548,-0.004300467669963837,0.006967660505324602,-0.007383354473859072,0.005446083378046751,-0.0075983270071446896,0.006020743865519762,6.384216248989105e-05,0.000807223841547966,-7.282942533493042e-05,-0.0029501505196094513,0.00305983425425436,-0.09201093763113022,0.023715661838650703,-0.23959343135356903,-0.08273287117481232,0.26604729114321257,51.486159660000006,True,-0.00010933727025985718,-0.0001851934939622879,-0.00014691613614559174,-1.4365650713443756e-05,0.0002374558648324825,0.012825707904994488,0.04787835851311684,0.1683039516210556,0.16511324048042297,0.23964762807619341,ROA_1001_model49999_noise15,2574,2026-10-01_00-04-08,-0.004908364731818438,0.007913975045084953
0.0003375578671693802,0.001044943928718567,0.0003668246790766716,-0.002290797419846058,0.0025255583581462585,-0.011523718945682049,0.11404929310083389,-0.04962039738893509,0.08575780689716339,0.14820006199881158,-2.8312206268310547e-05,0.0005663372576236725,-0.0002434244379401207,-0.0028552021831274033,0.0029201653382644817,-0.07726670801639557,0.07096165418624878,-0.06980262696743011,0.077858567237854,0.14794756523989858,-0.004603487439453602,0.006643239874392748,-0.008169040083885193,0.005300864111632109,-0.008090274408459663,0.0060154167003929615,8.367933332920074e-05,0.0007477588951587677,-0.0001009088009595871,-0.0028514303267002106,0.0029502415029992748,-0.0933096706867218,0.021593177691102028,-0.23095658421516418,-0.08033262193202972,0.258125078593064,51.506159748,True,-0.00010896474123001099,-0.0001821666955947876,-0.00014344695955514908,-4.6798959374427795e-06,0.0002309827329550554,0.016036909073591232,0.04935450479388237,0.16115231812000275,0.15818560123443604,0.23050722593174916,ROA_1001_model49999_noise15,2575,2026-10-01_00-04-08,-0.005565553437918425,0.007269751746207476
0.00040302984416484833,0.0008615665137767792,0.000299280509352684,-0.0021342653781175613,0.002305248816251517,0.0018500721780583262,0.09667733311653137,-0.05897856131196022,0.09814462810754776,0.14420915488618682,1.9511207938194275e-05,0.00037224963307380676,-0.0002905959263443947,-0.0026783673092722893,0.0027196737314419883,-0.0628218948841095,0.055590175092220306,-0.08160597085952759,0.08877645432949066,0.1467220122337286,-0.005230755545198917,0.006374476943165064,-0.008921034634113312,0.005337398033589125,-0.008758503943681717,0.00606924993917346,0.00013299286365509033,0.0005512498319149017,-0.00015459954738616943,-0.0026764115318655968,0.002738406426619787,-0.0856798067688942,0.00037392598460428417,-0.2348800152540207,-0.06327871233224869,0.25701058576763985,51.526163260000004,True,-0.00011255033314228058,-0.00017941929399967194,-0.00013781245797872543,-2.3050233721733093e-06,0.00022900074564807167,0.022836027666926384,0.055215783417224884,0.15331152081489563,0.15203025937080383,0.22290367297333094,ROA_1001_model49999_noise15,2576,2026-10-01_00-04-08,-0.0063284882344305515,0.006771100219339132
0.0004693400114774704,0.0007383525371551514,0.00023548491299152374,-0.002021482214331627,0.002152998121016393,0.010097398422658443,0.08513032644987106,-0.06666500121355057,0.10792398452758789,0.14591607656031702,7.897615432739258e-05,0.0002470333129167557,-0.00033960677683353424,-0.00256136991083622,0.0025963689963518785,-0.0546690970659256,0.044323500245809555,-0.09046587347984314,0.09767291694879532,0.15032994202125124,-0.005699787754565477,0.006098239216953516,-0.009099671617150307,0.005082311574369669,-0.008988259360194206,0.005749399308115244,0.00019506551325321198,0.0004219822585582733,-0.00020922161638736725,-0.0025567132979631424,0.0026022681372619367,-0.07921596616506577,-0.0118757588788867,-0.24082952737808228,-0.051612962037324905,0.2589526097469521,51.546165812000005,True,-0.00011669471859931946,-0.00017401762306690216,-0.0001295004040002823,-4.004687070846558e-06,0.0002262049643936285,0.024700069800019264,0.0561373271048069,0.15024374425411224,0.149338498711586,0.2194746599786811,ROA_1001_model49999_noise15,2577,2026-10-01_00-04-08,-0.006858268287032843,0.006442067679017782
0.0004917848855257034,0.0006225425750017166,0.00019758008420467377,-0.0019375234842300415,0.0020354552522715012,0.021564772352576256,0.07138215005397797,-0.07540732622146606,0.11770077049732208,0.1492808132822292,9.238719940185547e-05,0.00012922100722789764,-0.00037795398384332657,-0.0024733832105994225,0.0025061060131668193,-0.04334188625216484,0.03192434087395668,-0.10058748722076416,0.1068531945347786,0.15604588744708586,-0.005380675662308931,0.005887020844966173,-0.009128868579864502,0.005081505980342627,-0.008791906759142876,0.00587627524510026,0.00021345913410186768,0.00030105002224445343,-0.0002444721758365631,-0.0024687033146619797,0.002501521873091455,-0.06913300603628159,-0.02734130062162876,-0.2485504299402237,-0.040882498025894165,0.2621953973975666,51.566162860000006,True,-0.00011944212019443512,-0.000171782448887825,-0.00013462267816066742,-3.91155481338501e-06,0.00022814566864436337,0.025731509551405907,0.05922466143965721,0.14799320697784424,0.147708922624588,0.21764506903736222,ROA_1001_model49999_noise15,2578,2026-10-01_00-04-08,-0.0068543716333806515,0.0059703136794269085
0.00048317015171051025,0.0006743241101503372,0.00018754508346319199,-0.0019710976630449295,0.0020833653955493825,0.023576894775032997,0.07121217995882034,-0.07735937833786011,0.11748307943344116,0.14948822821064556,9.052455425262451e-05,0.00018584541976451874,-0.00039567239582538605,-0.0025037210434675217,0.0025424952754237473,-0.04293443262577057,0.03082863800227642,-0.10246992856264114,0.10685855150222778,0.15693854945769184,-0.005164721515029669,0.006146315950900316,-0.008926339447498322,0.00517264986410737,-0.008516807109117508,0.0060031176544725895,0.00021336600184440613,0.00036158598959445953,-0.00025925692170858383,-0.0025107525289058685,0.0025529180878365635,-0.0636465847492218,-0.025414394214749336,-0.2529134452342987,-0.04294398054480553,0.26516421414657854,51.586165764,True,-0.00012195669114589691,-0.00017546117305755615,-0.00013771932572126389,7.124617695808411e-06,0.00022980710436948254,0.020663252100348473,0.056251414120197296,0.15045934915542603,0.149765744805336,0.21922409059275502,ROA_1001_model49999_noise15,2579,2026-10-01_00-04-08,-0.0067733763717114925,0.0061413622461259365
0.0005539972335100174,0.00045816414058208466,0.00013997778296470642,-0.001778220757842064,0.0018362982764821196,0.02618413232266903,0.065656378865242,-0.07959198951721191,0.12441514432430267,0.15422233529699522,0.00014477409422397614,-5.0337985157966614e-05,-0.0004234490916132927,-0.002304883673787117,0.0023435753396643458,-0.03766873851418495,0.029013024643063545,-0.10838964581489563,0.11139572411775589,0.1624072024240189,-0.005272069945931435,0.005440909881144762,-0.009367117658257484,0.00461305258795619,-0.008776940405368805,0.005509115289896727,0.00026458874344825745,0.00011986121535301208,-0.0002866145223379135,-0.002296222373843193,0.0023190658885401502,-0.06834743171930313,-0.03737304359674454,-0.24684983491897583,-0.029882414266467094,0.25908929510574163,51.606166651,True,-0.00011976808309555054,-0.00016987323760986328,-0.0001369742676615715,-4.773028194904327e-06,0.00022825045023312725,0.030617693439126015,0.06637163460254669,0.13847951591014862,0.14121177792549133,0.20957225676930266,ROA_1001_model49999_noise15,2580,2026-10-01_00-04-08,-0.00673777936026454,0.005610703025013208
0.0005594454705715179,0.0005090143531560898,0.00012596137821674347,-0.0018113292753696442,0.0018817563519863945,0.029842833057045937,0.06323680281639099,-0.0844888836145401,0.12720514833927155,0.1576315395808986,0.00014933757483959198,9.499490261077881e-06,-0.000447174534201622,-0.0023319851607084274,0.002374769013823176,-0.035120639950037,0.02577202208340168,-0.1121542826294899,0.11473358422517776,0.1661114460733559,-0.0053200023248791695,0.005373587366193533,-0.009390529245138168,0.0043161301873624325,-0.008714521303772926,0.005252206232398748,0.0002759508788585663,0.00017974525690078735,-0.0003079185262322426,-0.002331659197807312,0.00236175887510009,-0.062111761420965195,-0.03755930811166763,-0.25496840476989746,-0.027298226952552795,0.2648341429060576,51.626163155,True,-0.00012544915080070496,-0.00017266720533370972,-0.00014081597328186035,-9.313225746154785e-08,0.000233568816651153,0.026939434930682182,0.06333645433187485,0.1428755819797516,0.14199711382389069,0.21143178730371345,ROA_1001_model49999_noise15,2581,2026-10-01_00-04-08,-0.0069316173903644085,0.005478894803673029
0.0005739741027355194,0.00041266903281211853,0.00012987293303012848,-0.0017272308468818665,0.001775859834045453,0.03151874989271164,0.06042094528675079,-0.08641299605369568,0.1316303312778473,0.16146260642586416,0.00014808028936386108,-0.00010309740900993347,-0.0004357658326625824,-0.002246210351586342,0.002289259900619669,-0.032596755772829056,0.024642793461680412,-0.11614756286144257,0.11799903213977814,0.17044207536675554,-0.005603942554444075,0.0048073106445372105,-0.009903565049171448,0.003954800311475992,-0.009154986590147018,0.004913430195301771,0.00027744099497795105,7.078051567077637e-05,-0.00029546208679676056,-0.00222986564040184,0.00225191582311983,-0.06536440551280975,-0.04457728564739227,-0.2524510324001312,-0.018371734768152237,0.26241404822870973,51.646166507000004,True,-0.00012870877981185913,-0.0001728534698486328,-0.00014062970876693726,-1.4808028936386108e-05,0.00024031207733648461,0.03274017944931984,0.06928341090679169,0.13633979856967926,0.13633094727993011,0.20606336854334226,ROA_1001_model49999_noise15,2582,2026-10-01_00-04-08,-0.0073910360224545,0.005006718914955854
0.0007576774805784225,-0.0001346692442893982,-9.688083082437515e-05,-0.0012123724445700645,0.0012199366957727678,0.04925299063324928,0.029711982235312462,-0.12838001549243927,0.17856596410274506,0.21997772479509994,0.00029997900128364563,-0.0006644520908594131,-0.0006399815902113914,-0.0017768703401088715,0.0019648066237813056,-0.013010109774768353,-0.0037271527107805014,-0.16497378051280975,0.1576363444328308,0.22828131025812606,-0.004592667333781719,0.0034382217563688755,-0.010616961866617203,0.0031243138946592808,-0.009716596454381943,0.004187637474387884,0.0004420056939125061,-0.0005010049790143967,-0.0004976755008101463,-0.0016935169696807861,0.0018045092836236076,-0.055652108043432236,-0.08233030885457993,-0.2826710641384125,0.03999098762869835,0.28913811291320907,51.666169955,True,-0.0001403503119945526,-0.00016256235539913177,-0.0001441221684217453,-8.35862010717392e-05,0.0002682939871412213,0.04269182309508324,0.07867766171693802,0.11768470704555511,0.11758249998092651,0.1875558585194314,ROA_1001_model49999_noise15,2583,2026-10-01_00-04-08,-0.005738200154155493,0.0036027398891747
0.0009046867489814758,-0.0005241716280579567,-0.00029115471988916397,-0.0008181668817996979,0.0010772996049405138,0.060317568480968475,0.007288762833923101,-0.1528230458498001,0.20966538786888123,0.2612100110154296,0.0004212837666273117,-0.0010591698810458183,-0.000820099376142025,-0.0013890676200389862,0.001803143066909082,-0.0007650814368389547,-0.023698898032307625,-0.19556166231632233,0.18109822273254395,0.2669897800793773,-0.00426141731441021,0.0023764558136463165,-0.011144232004880905,0.002336211036890745,-0.010155880823731422,0.003454436082392931,0.0005724141374230385,-0.0009129056707024574,-0.0006707152351737022,-0.001266365870833397,0.001580859777987636,-0.05205254629254341,-0.11154449731111526,-0.2959207594394684,0.08150631934404373,0.30775495700693817,51.686161467000005,True,-0.00015022233128547668,-0.0001474982127547264,-0.00015173573046922684,-0.00012058299034833908,0.00028576836658472535,0.0512516088783741,0.08786492794752121,0.10042101889848709,0.09955768287181854,0.17285746005109806,ROA_1001_model49999_noise15,2584,2026-10-01_00-04-08,-0.0050106956623494625,0.002497101668268442
0.0010135816410183907,-0.0008210772648453712,-0.00043457839637994766,-0.0005033332854509354,0.0013046467192486305,0.07500009983778,-0.01483969297260046,-0.17119966447353363,0.23517267405986786,0.29642313405594245,0.0005109468474984169,-0.0013555865734815598,-0.0009537208825349808,-0.0010580988600850105,0.0017353964661409426,0.013511626981198788,-0.045069724321365356,-0.21813297271728516,0.19917891919612885,0.2981519784744323,-0.004304887726902962,0.0021146638318896294,-0.011649370193481445,0.001995014026761055,-0.01060759648680687,0.003140388522297144,0.0006728107109665871,-0.00122173223644495,-0.0007926486432552338,-0.0009199371561408043,0.0015315757324630929,-0.0405777208507061,-0.13776564598083496,-0.30537575483322144,0.11661974340677261,0.32712510857496707,51.706163027,True,-0.0001635868102312088,-0.00013497192412614822,-0.00016023404896259308,-0.00013802200555801392,0.000299487889129734,0.05404720827937126,0.09269476681947708,0.08721835166215897,0.08252495527267456,0.15941745519719117,ROA_1001_model49999_noise15,2585,2026-10-01_00-04-08,-0.005199906416237354,0.00196774210780859
0.0010713934898376465,-0.0010229181498289108,-0.0004807952791452408,-0.0002646353095769882,0.0014917421413048432,0.0976719856262207,-0.0429181344807148,-0.17831985652446747,0.25074321031570435,0.3214151382426001,0.0005508307367563248,-0.00155596062541008,-0.0009783310815691948,-0.0007880385965108871,0.0017453282507326401,0.03843335434794426,-0.07034604996442795,-0.22760847210884094,0.21094967424869537,0.31956114749847264,-0.004715039394795895,0.0028227842412889004,-0.011726310476660728,0.0026312978006899357,-0.01070106029510498,0.0037121674977242947,0.0007182825356721878,-0.0014322809875011444,-0.0008152099326252937,-0.0006417976692318916,0.0016243874560179267,-0.021902842447161674,-0.1682496964931488,-0.30206143856048584,0.14284485578536987,0.3393497054542876,51.726163499,True,-0.0001682434231042862,-0.0001273583620786667,-0.00016293488442897797,-0.00014510005712509155,0.00030328549560398725,0.0603189654648304,0.09796162694692612,0.07443851232528687,0.0680147185921669,0.15152177258143035,ROA_1001_model49999_noise15,2586,2026-10-01_00-04-08,-0.005924553144723177,0.002391594462096691
0.0011148862540721893,-0.0011622905731201172,-0.0005257781594991684,-9.047798812389374e-05,0.0016401466712882987,0.11811497807502747,-0.06638653576374054,-0.1862463504076004,0.2654895484447479,0.3471853792212414,0.0005900394171476364,-0.001678941771388054,-0.0010044081136584282,-0.0005819834768772125,0.0018013609159989123,0.05939323082566261,-0.09329895675182343,-0.2365838587284088,0.2231844663619995,0.3425682131981214,-0.004478850401937962,0.004747963044792414,-0.010625755414366722,0.0038244188763201237,-0.00962967611849308,0.0048514422960579395,0.0007632188498973846,-0.0015626661479473114,-0.0008413568139076233,-0.00044121406972408295,0.0017393917753921275,-0.0004945322871208191,-0.19032414257526398,-0.30245211720466614,0.16508948802947998,0.3595055391755181,51.746166851000005,True,-0.00017620623111724854,-0.00011809170246124268,-0.00016496051102876663,-0.00014028046280145645,0.0003026306493350567,0.05987612158060074,0.09701260924339294,0.0658542811870575,0.05809031054377556,0.14244432472487176,ROA_1001_model49999_noise15,2587,2026-10-01_00-04-08,-0.005976965185254812,0.004023950081318617
0.001144222915172577,-0.0012539327144622803,-0.0005835667252540588,5.0943344831466675e-05,0.0017542391193232933,0.134862020611763,-0.08500134199857712,-0.1919143795967102,0.2737014889717102,0.3660462295256692,0.0006152782589197159,-0.0017494428902864456,-0.0010476447641849518,-0.0004095491021871567,0.0018551260339053225,0.07646065205335617,-0.11179269850254059,-0.242286816239357,0.2306033819913864,0.3599092853008898,-0.004429761786013842,0.0066078766249120235,-0.009605778381228447,0.004927888046950102,-0.008696474134922028,0.005886856932193041,0.000802893191576004,-0.0016469042748212814,-0.0008816132321953773,-0.00027942005544900894,0.0018388078860949767,0.018001534044742584,-0.20744045078754425,-0.30247679352760315,0.17832311987876892,0.37632205007576364,51.766164890000006,True,-0.00018356367945671082,-0.00010533258318901062,-0.00016863923519849777,-0.00012961681932210922,0.00029937371738676595,0.05844374746084213,0.0956677794456482,0.060198359191417694,0.05224207043647766,0.13610977065359406,ROA_1001_model49999_noise15,2588,2026-10-01_00-04-08,-0.005885715130716562,0.00573331443592906
0.0012067612260580063,-0.001339055597782135,-0.0007079681381583214,0.00023327302187681198,0.001919481231891627,0.11052051186561584,-0.06507989019155502,-0.1819867044687271,0.2620867192745209,0.3401844183717603,0.0006655696779489517,-0.0018439721316099167,-0.0011514406651258469,-0.00022740568965673447,0.001972594404514899,0.05366792529821396,-0.09088916331529617,-0.2362648844718933,0.2147781103849411,0.33497763307518963,-0.0049030291847884655,0.006667434703558683,-0.00990491546690464,0.004353807773441076,-0.00894254632294178,0.005354822147637606,0.0008561648428440094,-0.0017446000128984451,-0.000978889875113964,-7.511116564273834e-05,0.0019860458196892545,-0.010187736712396145,-0.19101564586162567,-0.28282448649406433,0.1755412518978119,0.34903555345836285,51.786167122,True,-0.0001909211277961731,-9.885989129543304e-05,-0.000171782448887825,-0.00015026889741420746,0.00031128715063989123,0.06383191794157028,0.10011298209428787,0.04667229577898979,0.039348144084215164,0.13250573006702515,ROA_1001_model49999_noise15,2589,2026-10-01_00-04-08,-0.005818661767989397,0.005663699936121702
0.0012431759387254715,-0.0013306736946105957,-0.00078580342233181,0.0002852175384759903,0.001972895476230556,0.07990560680627823,-0.03667082637548447,-0.15510571002960205,0.23204506933689117,0.289235844799068,0.0006961170583963394,-0.001845136284828186,-0.0012177042663097382,-0.00017988495528697968,0.0019990786195150326,0.02560904063284397,-0.06039347127079964,-0.21348939836025238,0.18133407831192017,0.2862382491927861,-0.005940471310168505,0.005999670829623938,-0.010495597496628761,0.003292474430054426,-0.009451350197196007,0.004325795453041792,0.0008886214345693588,-0.0017481856048107147,-0.0010388437658548355,-1.1082738637924194e-05,0.0020285154961209697,-0.04409439489245415,-0.1643858700990677,-0.25108689069747925,0.1504463106393814,0.2979888247482684,51.806165130000004,True,-0.00019320286810398102,-9.634532034397125e-05,-0.000178581103682518,-0.00016707926988601685,0.00032285653370378315,0.06964616477489471,0.10402499884366989,0.037645455449819565,0.030930617824196815,0.13368613279255964,ROA_1001_model49999_noise15,2590,2026-10-01_00-04-08,-0.006359787192195654,0.005103548523038626
0.0012621283531188965,-0.0012245960533618927,-0.0008113216608762741,0.00022677704691886902,0.0019146268607053295,0.04610837996006012,-0.0008326023234985769,-0.12623797357082367,0.19908089935779572,0.23713200516229094,0.0007243826985359192,-0.0017468351870775223,-0.0012452248483896255,-0.000235019251704216,0.0019214454961423947,-0.0066296192817389965,-0.02357642911374569,-0.18646007776260376,0.14821532368659973,0.23838171261627875,-0.0075881644152104855,0.005006653722375631,-0.01123780570924282,0.0017027505673468113,-0.010080765932798386,0.0027902391739189625,0.000910833477973938,-0.0016477890312671661,-0.0010623130947351456,-6.603077054023743e-05,0.0019543166019603624,-0.07966625690460205,-0.12900586426258087,-0.22128945589065552,0.11809169501066208,0.25111312350746423,51.826165154,True,-0.00018761493265628815,-0.00010156072676181793,-0.00018551945686340332,-0.0001696404069662094,0.0003273153426554872,0.07283035665750504,0.10545644164085388,0.035534147173166275,0.030161811038851738,0.13589531616549644,ROA_1001_model49999_noise15,2591,2026-10-01_00-04-08,-0.007834726944565773,0.004064923617988825
0.0012876000255346298,-0.0011987052857875824,-0.0008192844688892365,0.00022221356630325317,0.0019193581353098633,0.027742234990000725,0.015503260307013988,-0.10230670869350433,0.17514637112617493,0.20283808857634186,0.0007530674338340759,-0.001731840893626213,-0.001232977956533432,-0.00023096799850463867,0.0019229862035163305,-0.023922881111502647,-0.005230772774666548,-0.16503314673900604,0.12310686707496643,0.2065208416244169,-0.009336026385426521,0.004275920335203409,-0.011909397318959236,0.0004050182178616524,-0.010583635419607162,0.0016010161489248276,0.0009349547326564789,-0.0016287900507450104,-0.0010546296834945679,-5.6996941566467285e-05,0.0019549630195301883,-0.1004096046090126,-0.11392728984355927,-0.19368435442447662,0.09847990423440933,0.2230444822401097,51.846163674,True,-0.0001803971827030182,-0.00010496005415916443,-0.0001778826117515564,-0.00017480924725532532,0.00032275620138974537,0.07649417966604233,0.10873004049062729,0.02868659608066082,0.024634411558508873,0.13792468032831576,ROA_1001_model49999_noise15,2592,2026-10-01_00-04-08,-0.009594548493623734,0.002956066746264696
0.0013045500963926315,-0.0011937692761421204,-0.0008124858140945435,0.0001925043761730194,0.0019193433529065803,0.025419050827622414,0.015261116437613964,-0.09209941327571869,0.1661982238292694,0.19001377372054523,0.0007716473191976547,-0.001726485788822174,-0.0012205913662910461,-0.0002621673047542572,0.0019205639528103126,-0.02533709444105625,-0.002323649823665619,-0.15644170343875885,0.11506117135286331,0.19513614144316674,-0.010431168600916862,0.0038374471478164196,-0.012096932157874107,-0.0006185071542859077,-0.010369086638092995,0.0008620517328381538,0.0009429175406694412,-0.0016204547137022018,-0.001048855483531952,-8.149072527885437e-05,0.001946474953043581,-0.10387180000543594,-0.1135566234588623,-0.18278507888317108,0.09039602428674698,0.21243501588587538,51.866165426,True,-0.00017173588275909424,-0.00010766088962554932,-0.00017248094081878662,-0.00017937272787094116,0.0003186438858676064,0.07848674058914185,0.11122459173202515,0.02638995461165905,0.024661419913172722,0.14065983575857244,ROA_1001_model49999_noise15,2593,2026-10-01_00-04-08,-0.010956978425383568,0.0019961241632699966
0.001322571188211441,-0.001134118065237999,-0.0008342787623405457,0.00010589137673377991,0.001886828410294668,0.024450475350022316,0.01625344157218933,-0.08717364817857742,0.1582978218793869,0.1807306648347448,0.0007904134690761566,-0.0016619451344013214,-0.0012479722499847412,-0.00036852434277534485,0.0018616414221763462,-0.025451181456446648,-0.0013965180842205882,-0.15185028314590454,0.10877381265163422,0.18785161347488138,-0.010371960699558258,0.003037372138351202,-0.011077001690864563,-0.0018639015033841133,-0.009329108521342278,-0.00036841677501797676,0.0009647104889154434,-0.0015538185834884644,-0.0010817311704158783,-0.0001778826117515564,0.0018950766830135488,-0.10357657074928284,-0.10846135765314102,-0.18203164637088776,0.07827766239643097,0.2102594087104214,51.886166954000004,True,-0.0001741107553243637,-0.00010747462511062622,-0.00016828998923301697,-0.00018849968910217285,0.00032190733454543955,0.07896264642477036,0.10900525003671646,0.02933572791516781,0.028512438759207726,0.1405184464210169,ROA_1001_model49999_noise15,2594,2026-10-01_00-04-08,-0.01099184900522232,0.0011409302242100239
0.0013177981600165367,-0.0010191462934017181,-0.0008414499461650848,-4.190951585769653e-06,0.0018039993288096762,0.030455177649855614,0.010479473508894444,-0.08789076656103134,0.15838070213794708,0.1812229368354533,0.0007971888408064842,-0.0015428289771080017,-0.001263245940208435,-0.0005080364644527435,0.0017484973027287595,-0.017161713913083076,-0.006843357812613249,-0.15243515372276306,0.11080409586429596,0.18871109386529883,-0.009920991957187653,0.002079604659229517,-0.010119212791323662,-0.0030401700641959906,-0.008353034034371376,-0.0015311846509575844,0.0009709503501653671,-0.0014331657439470291,-0.0010993331670761108,-0.0003152526915073395,0.0017880935953662439,-0.09669828414916992,-0.11148954927921295,-0.185091033577919,0.07356423884630203,0.20956508222855671,51.906169338000005,True,-0.00017562415450811386,-0.00010710209608078003,-0.00016177073121070862,-0.00019632279872894287,0.00032280572378387117,0.07951515167951584,0.10494700819253922,0.03266334533691406,0.036939047276973724,0.1405550878310228,ROA_1001_model49999_noise15,2595,2026-10-01_00-04-08,-0.010525496676564217,0.0006434726528823376
0.0012987758964300156,-0.0008460832759737968,-0.0008787959814071655,-0.0001780688762664795,0.0016959642433196376,0.025272367522120476,0.017972663044929504,-0.086726613342762,0.14835037291049957,0.17186394781018813,0.0007898546755313873,-0.0013853656128048897,-0.0013274140655994415,-0.0007305294275283813,0.0015963572372289013,-0.02259085699915886,-0.0018856952665373683,-0.1478167176246643,0.10328832268714905,0.1811747622914097,-0.008963208645582199,0.0009584701620042324,-0.008847454562783241,-0.004158666357398033,-0.007190614473074675,-0.002773414831608534,0.0009645940735936165,-0.0012633856385946274,-0.0011624768376350403,-0.0005346722900867462,0.001646689122700128,-0.09720026701688766,-0.10139890760183334,-0.19328667223453522,0.05326978489756584,0.2163640086788954,51.926166096,True,-0.00017702113837003708,-0.00012135133147239685,-0.00016400590538978577,-0.00019660219550132751,0.0003310392711006852,0.07459381222724915,0.09952182322740555,0.04549231007695198,0.0500241257250309,0.141453625641389,ROA_1001_model49999_noise15,2596,2026-10-01_00-04-08,-0.009369445964694023,0.00015115924179553986
0.0012397300451993942,-0.0006596092134714127,-0.000832974910736084,-0.0003448687493801117,0.0015441847792579699,0.00581634184345603,0.038864556699991226,-0.06764661520719528,0.1224493533372879,0.14342767442767704,0.000742240808904171,-0.0012298347428441048,-0.0013045966625213623,-0.0009302049875259399,0.0016194003285265766,-0.04171440005302429,0.019441824406385422,-0.1255059540271759,0.08189491182565689,0.15664534924986362,-0.00847923755645752,-0.0008621816523373127,-0.008311504498124123,-0.005646349862217903,-0.0067238216288387775,-0.00436350516974926,0.0009138835594058037,-0.0010846881195902824,-0.001140311360359192,-0.0007477588951587677,0.001476090171630251,-0.11280830204486847,-0.07946369796991348,-0.1840554028749466,0.014883465133607388,0.21805257103822523,51.946182278,True,-0.00017276033759117126,-0.00014475081115961075,-0.00016316771507263184,-0.0001837499439716339,0.00033255011785749365,0.07106573134660721,0.09890691936016083,0.058606263250112534,0.06702635437250137,0.1507087781004438,ROA_1001_model49999_noise15,2597,2026-10-01_00-04-08,-0.008657988160848618,-0.0011425171978771687
0.0011434312909841537,-0.0005083740688860416,-0.0007077120244503021,-0.0005061738193035126,0.0013585562147759057,-0.014783697202801704,0.06064155325293541,-0.042064111679792404,0.09100231528282166,0.11765109839313985,0.0006351503543555737,-0.0011325930245220661,-0.0012229196727275848,-0.0011387281119823456,0.0017301787477398021,-0.06332282721996307,0.04291766881942749,-0.09337625652551651,0.059718262404203415,0.13466360790640305,-0.00820799171924591,-0.0030750788282603025,-0.007891589775681496,-0.007504329551011324,-0.006415643263608217,-0.006324093788862228,0.0008126604370772839,-0.0009440700523555279,-0.0010593794286251068,-0.0009668990969657898,0.0014361243838560218,-0.1334027498960495,-0.05841406434774399,-0.17343181371688843,-0.03299955278635025,0.22746826766927675,51.966168251000006,True,-0.00017865095287561417,-0.00018958235159516335,-0.0001627020537853241,-0.00017210841178894043,0.0003520664952304047,0.070027656853199,0.10134290903806686,0.08010490983724594,0.0926954597234726,0.17348073357415292,ROA_1001_model49999_noise15,2598,2026-10-01_00-04-08,-0.008336393162608147,-0.003132074838504195
0.0010845484212040901,-0.0003832625225186348,-0.0006071291863918304,-0.0007039867341518402,0.0012429818780384275,-0.0208604596555233,0.0695246234536171,-0.025561543181538582,0.06909575313329697,0.103372607782999,0.0005502253770828247,-0.0010433606803417206,-0.0011795200407505035,-0.0014072749763727188,0.0019148620647256483,-0.07089413702487946,0.052351269870996475,-0.07086386531591415,0.046399883925914764,0.12218607284096532,-0.007301193196326494,-0.004350574221462011,-0.006798341404646635,-0.008604702539741993,-0.005328507628291845,-0.007351726293563843,0.0007414491847157478,-0.0008226605132222176,-0.0010067131370306015,-0.0012142118066549301,0.0015926195800869982,-0.139507457613945,-0.05114986374974251,-0.17111840844154358,-0.06763916462659836,0.23648858892945535,51.986167184,True,-0.00018998980522155762,-0.000219675712287426,-0.00017150305211544037,-0.00019259750843048096,0.0003883978111116346,0.0686708316206932,0.1035444363951683,0.10070809721946716,0.11426908522844315,0.19612116637242202,ROA_1001_model49999_noise15,2599,2026-10-01_00-04-08,-0.007647916208952665,-0.004713124129921198
0.001005665399134159,-0.0002369750291109085,-0.0005285255610942841,-0.0008765608072280884,0.0011753967755673113,-0.015309079550206661,0.06767385452985764,-0.010679475031793118,0.052004583179950714,0.08736097546601077,0.00042491592466831207,-0.0009221956133842468,-0.0011233147233724594,-0.0015902332961559296,0.002026972751791019,-0.06325868517160416,0.05419202893972397,-0.057152003049850464,0.030104534700512886,0.10479269494419403,-0.006066040601581335,-0.005883930716663599,-0.005698691587895155,-0.009806103073060513,-0.0043109445832669735,-0.008573663420975208,0.0006333691999316216,-0.0006922753527760506,-0.0009381677955389023,-0.0013751909136772156,0.0016842651510235625,-0.13915006816387177,-0.0594826377928257,-0.15278857946395874,-0.08215056359767914,0.2299786913200742,52.006170054,True,-0.00020794104784727097,-0.00022817403078079224,-0.0001855660229921341,-0.00021909363567829132,0.0004215226979368873,0.07590697705745697,0.11371774226427078,0.09565147757530212,0.11223414540290833,0.20075195594343778,ROA_1001_model49999_noise15,2600,2026-10-01_00-04-08,-0.0067959860898554325,-0.006691440008580685
0.0008933478966355324,-8.402857929468155e-05,-0.0004920875653624535,-0.0009470386430621147,0.0011700147059122952,-0.019885830581188202,0.07652630656957626,-0.021806683391332626,0.05767238140106201,0.10013085334899344,0.0002514570951461792,-0.0008117407560348511,-0.0010799849405884743,-0.0016123056411743164,0.002021319545226101,-0.0643143430352211,0.06660795211791992,-0.06811739504337311,0.03470596671104431,0.11848614529692869,-0.0047425138764083385,-0.006448232103139162,-0.004847094416618347,-0.010195689275860786,-0.00362682668492198,-0.009103968739509583,0.00048764050006866455,-0.0005731359124183655,-0.0008820788934826851,-0.0014055520296096802,0.0016781789440995824,-0.15140579640865326,-0.0616488941013813,-0.15428149700164795,-0.0664861872792244,0.23439685607056962,52.026172475,True,-0.0002366490662097931,-0.0002378597855567932,-0.00019774306565523148,-0.00020654406398534775,0.0004408234827361488,0.08715292811393738,0.12832693755626678,0.08610984683036804,0.10112020373344421,0.2039197510030289,ROA_1001_model49999_noise15,2601,2026-10-01_00-04-08,-0.005491040647029877,-0.007418993394821882
0.0008588656783103943,1.1152587831020355e-05,-0.0004904111847281456,-0.0009981216862797737,0.0012191858212010156,-0.009644543752074242,0.07092812657356262,-0.04394538328051567,0.07571535557508469,0.11102101848243894,0.0001962529495358467,-0.0007217051461338997,-0.0010935589671134949,-0.0016436679288744926,0.002039541487574371,-0.05262414738535881,0.06226915493607521,-0.08760112524032593,0.05344533920288086,0.12946250798338252,-0.0036872639320790768,-0.00645030103623867,-0.004454071167856455,-0.009756283834576607,-0.003325145225971937,-0.008745020255446434,0.0004527624696493149,-0.000483938492834568,-0.0008810078725218773,-0.0014524208381772041,0.0017096516249933236,-0.1396704465150833,-0.06946129351854324,-0.1748131960630417,-0.04851748049259186,0.23819900519675183,52.046169265,True,-0.0002543441951274872,-0.00023888424038887024,-0.00021548476070165634,-0.00019327271729707718,0.000453341514000745,0.08703511953353882,0.1317516416311264,0.08721859008073807,0.1019376739859581,0.20681297716436864,ROA_1001_model49999_noise15,2602,2026-10-01_00-04-08,-0.00405241409316659,-0.007142779417335987
0.0007912050932645798,0.0001262873411178589,-0.0004143454134464264,-0.0011038966476917267,0.0012707085009086008,-0.0073637343011796474,0.07274304330348969,-0.058025117963552475,0.08834990859031677,0.12532684071618327,0.00012442469596862793,-0.0006180489435791969,-0.0010470161214470863,-0.0017694197595119476,0.0021108648352619924,-0.049395717680454254,0.06324425339698792,-0.09802286326885223,0.06902054697275162,0.14293732808066334,-0.003607405349612236,-0.0064322566613554955,-0.005253767129033804,-0.009528969414532185,-0.003982834052294493,-0.00833624042570591,0.00039548613131046295,-0.0003768596798181534,-0.0008099246770143509,-0.0015780329704284668,0.0017811126409930263,-0.13444945216178894,-0.06805127114057541,-0.19146127998828888,-0.041474584490060806,0.24527925126753908,52.066171654,True,-0.0002716202288866043,-0.00024295877665281296,-0.00023406464606523514,-0.0001905485987663269,0.0004730589856073848,0.08499877899885178,0.13130344450473785,0.09344983100891113,0.11044950038194656,0.21263494294147325,ROA_1001_model49999_noise15,2603,2026-10-01_00-04-08,-0.003575210925191641,-0.006833275314420462
0.0007263384759426117,0.00038959551602602005,-0.00032854732125997543,-0.0013295793905854225,0.0014973546462889048,-0.004098750650882721,0.0785498395562172,-0.07310439646244049,0.10125967115163803,0.14280402566869801,8.244533091783524e-05,-0.00033921096473932266,-0.0010064104571938515,-0.002023600973188877,0.0022759217125199365,-0.04796520620584488,0.06509525328874588,-0.10581174492835999,0.08746515214443207,0.15841540099892407,-0.004252512939274311,-0.004819546826183796,-0.0066149248741567135,-0.007831394672393799,-0.005270481109619141,-0.006499527022242546,0.0003545312210917473,-9.061768651008606e-05,-0.0007555587217211723,-0.0018444843590259552,0.0019938988122423797,-0.12320768088102341,-0.057683322578668594,-0.21702632308006287,-0.038612399250268936,0.25727167123499906,52.086170396,True,-0.00027171336114406586,-0.0002462882548570633,-0.00025259796530008316,-0.00018149148672819138,0.00048011375669550975,0.07524178177118301,0.12279953062534332,0.11127348244190216,0.1261730194091797,0.22064712391202465,ROA_1001_model49999_noise15,2604,2026-10-01_00-04-08,-0.0038145841099321842,-0.005147453397512436
0.000572658609598875,0.000852800440043211,-0.00012097880244255066,-0.00175482127815485,0.001985703222615903,-0.020357197150588036,0.11212588101625443,-0.061485446989536285,0.08509447425603867,0.15113462517158027,-1.1210795491933823e-05,0.0001839245669543743,-0.0008342089131474495,-0.002477201633155346,0.002619465807666718,-0.06751971691846848,0.09225017577409744,-0.08725793659687042,0.07718358933925629,0.16227872461368154,-0.005151727702468634,-0.0024962855968624353,-0.008244449272751808,-0.005682701710611582,-0.006706856656819582,-0.004098597448319197,0.00024490291252732277,0.00041838502511382103,-0.0005616806447505951,-0.0023031840100884438,0.002415908425303788,-0.12745846807956696,-0.014786025509238243,-0.21523119509220123,-0.06387871503829956,0.25787472156064245,52.106171153000005,True,-0.00025883782655000687,-0.00023243483155965805,-0.00027262140065431595,-0.00017259735614061356,0.00047283452296905775,0.059898123145103455,0.10705645382404327,0.12806336581707,0.1411137580871582,0.2254290365699291,ROA_1001_model49999_noise15,2605,2026-10-01_00-04-08,-0.004516463726758957,-0.002748022321611643
0.0005380250513553619,0.0009553739801049232,-0.00011487863957881927,-0.0018338672816753387,0.002098538066675463,-0.010237562470138073,0.10964180529117584,-0.060863789170980453,0.08672987669706345,0.14771120532465498,1.41095370054245e-05,0.00035299453884363174,-0.0007766764611005783,-0.0025402288883924484,0.002678222369144965,-0.059067267924547195,0.08564884215593338,-0.08361972123384476,0.0793985053896904,0.1544829235476959,-0.0070502576418221,-0.0007938481867313385,-0.010251138359308243,-0.0032970397733151913,-0.008896023035049438,-0.001835786271840334,0.00025297049432992935,0.0005601206794381142,-0.0005255453288555145,-0.002365047112107277,0.002496508561956834,-0.1088150292634964,-0.008871546015143394,-0.21058739721775055,-0.05788635089993477,0.24348752856767308,52.126171239,True,-0.00024009495973587036,-0.00020810402929782867,-0.0002507120370864868,-0.000171782448887825,0.0004389745382289083,0.04969071224331856,0.09455321729183197,0.12702028453350067,0.1372503936290741,0.21399313838876688,ROA_1001_model49999_noise15,2606,2026-10-01_00-04-08,-0.006566761527210474,-0.0010620229877531528
0.0005258480086922646,0.0009955139830708504,-8.689239621162415e-05,-0.0018574297428131104,0.0021333128510333996,-0.00783940777182579,0.11107301712036133,-0.05074869468808174,0.07831212133169174,0.14083650010690596,4.437752068042755e-05,0.0004329485818743706,-0.0006847083568572998,-0.0025354325771331787,0.002661180349416319,-0.05708611384034157,0.0844222903251648,-0.0734720379114151,0.06960052996873856,0.14277424820440157,-0.008720189332962036,0.0010514878667891026,-0.011765282601118088,-0.0011686468496918678,-0.01053859293460846,0.00017892196774482727,0.00026032794266939163,0.0006234506145119667,-0.0004657544195652008,-0.002360530197620392,0.0024957209839094234,-0.10229507088661194,-0.003056600457057357,-0.19349250197410583,-0.06011407449841499,0.22565465294448864,52.1461751,True,-0.00021560117602348328,-0.00019141007214784622,-0.00021941959857940674,-0.0001728534698486328,0.000401255414429984,0.04520290344953537,0.0874970555305481,0.12006237357854843,0.12971088290214539,0.20101162994304467,ROA_1001_model49999_noise15,2607,2026-10-01_00-04-08,-0.008404551073908806,0.0006409930065274239
0.0004890374839305878,0.0009685521945357323,-3.818422555923462e-05,-0.0018336810171604156,0.002090938759524488,-0.0072510442696511745,0.11083296686410904,-0.03745127469301224,0.06611645221710205,0.1316542077234438,3.7299469113349915e-05,0.0004298519343137741,-0.0005784444510936737,-0.0024879351258277893,0.0025897802538923037,-0.057916853576898575,0.08156033605337143,-0.06087962165474892,0.05638692155480385,0.12930387033994586,-0.010451158508658409,0.0024929135106503963,-0.013266660273075104,0.0006243628449738026,-0.012192480266094208,0.001859830692410469,0.00023476313799619675,0.0006124842911958694,-0.00039534643292427063,-0.0023223459720611572,0.002442220662222508,-0.09996536374092102,-0.0010174699127674103,-0.17549096047878265,-0.06805732846260071,0.21079681698293673,52.166175602,True,-0.00019581057131290436,-0.00018349383026361465,-0.00018328428268432617,-0.0001628883183002472,0.00036347583072179597,0.04200613871216774,0.08263624459505081,0.11462624371051788,0.12439022958278656,0.19160912358038468,ROA_1001_model49999_noise15,2608,2026-10-01_00-04-08,-0.010276785120368004,0.0017645489424467087
0.00047083012759685516,0.0009563751518726349,-2.7474015951156616e-05,-0.0018417835235595703,0.002089820593579333,-0.004958826582878828,0.10813353210687637,-0.02800859324634075,0.05809403583407402,0.12405150910694668,4.353933036327362e-05,0.00044475309550762177,-0.000521540641784668,-0.0024762004613876343,0.0025692293689150185,-0.057588327676057816,0.07589627057313919,-0.05235336348414421,0.04712212458252907,0.1180002419399729,-0.011752225458621979,0.004284219350665808,-0.014192694798111916,0.0023041279055178165,-0.013144047930836678,0.0035190717317163944,0.0002216082066297531,0.0006169546395540237,-0.00037439167499542236,-0.0023165717720985413,0.002433711914848072,-0.09543215483427048,-0.0005997717380523682,-0.16288085281848907,-0.07280148565769196,0.1993933385549987,52.186171143,True,-0.00017774291336536407,-0.00017136335372924805,-0.00014491379261016846,-0.00015776604413986206,0.00032672866010828957,0.03781076520681381,0.07652491331100464,0.11056381464004517,0.11988355964422226,0.18281267279569408,ROA_1001_model49999_noise15,2609,2026-10-01_00-04-08,-0.011788059026002884,0.0032719415612518787
0.00037010759115219116,0.001004338264465332,0.00011399388313293457,-0.0018955208361148834,0.0021464223920903613,-0.015113036148250103,0.11806841194629669,-0.004268251359462738,0.03471318632364273,0.12406348883203215,-2.9476359486579895e-05,0.0005041249096393585,-0.0003423541784286499,-0.002512708306312561,0.002583952064577107,-0.07052579522132874,0.08217430859804153,-0.028691252693533897,0.02417340688407421,0.1144618550574529,-0.013840550556778908,0.006007910240441561,-0.01595204882323742,0.0040231612510979176,-0.014907896518707275,0.005227358546108007,0.0001287553459405899,0.0006701797246932983,-0.00022510066628456116,-0.0023622065782546997,0.0024683095994664068,-0.10478123277425766,0.010612419806420803,-0.13959594070911407,-0.09679793566465378,0.19030995361120553,52.206172349000006,True,-0.00015688128769397736,-0.00016847625374794006,-0.00011781230568885803,-0.000147894024848938,0.00029769361790874546,0.03427639603614807,0.07165782153606415,0.1108851209282875,0.12088845670223236,0.18104752090806975,ROA_1001_model49999_noise15,2610,2026-10-01_00-04-08,-0.013762468472123146,0.004808217752724886
0.00030389055609703064,0.001149345189332962,0.00017993152141571045,-0.0020489096641540527,0.0023492753906049135,-0.02068839780986309,0.12665334343910217,-0.0024763864930719137,0.03045797161757946,0.13189822722024735,-6.426125764846802e-05,0.0006738118827342987,-0.00025043264031410217,-0.0026579946279525757,0.0027514677187714187,-0.08100177347660065,0.08530914038419724,-0.026122665032744408,0.0204723309725523,0.12214193701631001,-0.01512051373720169,0.008028881624341011,-0.016775064170360565,0.005558910313993692,-0.0158308707177639,0.006640505511313677,7.813796401023865e-05,0.0008345581591129303,-0.00016540288925170898,-0.0025233253836631775,0.002663949944190572,-0.10470020771026611,0.02394895814359188,-0.14249327778816223,-0.10418052971363068,0.19281502637989242,52.226174962,True,-0.00014193356037139893,-0.00016298145055770874,-8.456408977508545e-05,-0.00013280659914016724,0.0002667129483958225,0.0236732866615057,0.06139650568366051,0.11640693247318268,0.1246156096458435,0.18131124823308728,ROA_1001_model49999_noise15,2611,2026-10-01_00-04-08,-0.014690199866890907,0.006779229734092951
0.00029867514967918396,0.0010715797543525696,0.00019418075680732727,-0.002005603164434433,0.0022741332013236407,0.008644536137580872,0.09490455687046051,-0.03163330256938934,0.05904398486018181,0.1121977989154445,-5.504116415977478e-05,0.0006066635251045227,-0.0002098269760608673,-0.0026123598217964172,0.0026887462721511186,-0.05432217940688133,0.05198642238974571,-0.05459226295351982,0.0491337813436985,0.10509683660624762,-0.017356563359498978,0.00933077558875084,-0.018753068521618843,0.0068047228269279,-0.017925342544913292,0.007753818761557341,7.105991244316101e-05,0.0007550232112407684,-0.0001539476215839386,-0.0024910084903240204,0.0026083308439168256,-0.07633678615093231,-0.008871778845787048,-0.17434637248516083,-0.07787812501192093,0.20470970889050824,52.24617197600001,True,-0.0001280568540096283,-0.00015171244740486145,-5.6531280279159546e-05,-0.00011902302503585815,0.00023660929424069912,0.02201739512383938,0.06085820123553276,0.11975317448377609,0.12703239917755127,0.18459311950734078,ROA_1001_model49999_noise15,2612,2026-10-01_00-04-08,-0.01657506264746189,0.008233742788434029
0.000264681875705719,0.0011150725185871124,0.0002411194145679474,-0.002105068415403366,0.0023838674752062706,0.029108485206961632,0.07588881999254227,-0.05658994987607002,0.08164718002080917,0.11432417401895233,-7.646158337593079e-05,0.0006732530891895294,-0.00015133991837501526,-0.0027189962565898895,0.0028040604445807313,-0.03709830343723297,0.030415130779147148,-0.0780271366238594,0.07243175059556961,0.11674214110070077,-0.018504705280065536,0.010267052799463272,-0.019348660483956337,0.007504323963075876,-0.01874609664082527,0.00823286734521389,4.6659260988235474e-05,0.0008133240044116974,-0.00012209638953208923,-0.002606399357318878,0.002733465118390158,-0.0530267097055912,-0.025712883099913597,-0.20652449131011963,-0.06045307591557503,0.22291428079454828,52.266173917,True,-0.00012312084436416626,-0.00014100223779678345,-2.7008354663848877e-05,-0.00010803341865539551,0.000213210411920083,0.015935860574245453,0.05618016794323921,0.12849363684654236,0.13289320468902588,0.19203061226448911,ROA_1001_model49999_noise15,2613,2026-10-01_00-04-08,-0.01757410354912281,0.009106136858463287
0.0002596527338027954,0.000910833477973938,0.0002814456820487976,-0.0019779428839683533,0.0021826767554850228,0.05520693585276604,0.04666391387581825,-0.07731281220912933,0.10438355803489685,0.13001655703645024,-8.838251233100891e-05,0.00046174973249435425,-9.713694453239441e-05,-0.002575945109128952,0.002618228243636199,-0.00892486423254013,0.004077330231666565,-0.0990312471985817,0.09417253732681274,0.13697360386576587,-0.018539920449256897,0.01002749428153038,-0.019467409700155258,0.007624761667102575,-0.018907954916357994,0.008273597806692123,2.0116567611694336e-05,0.0005914829671382904,-9.220093488693237e-05,-0.0024711713194847107,0.0025427233196635432,-0.03511644899845123,-0.06044283136725426,-0.22912582755088806,-0.03686174750328064,0.23648594232125925,52.286176467000004,True,-0.00010672956705093384,-0.00013150274753570557,-6.798654794692993e-06,-0.0001039355993270874,0.00019156877616459292,0.025937331840395927,0.06452109664678574,0.1302948147058487,0.13106222450733185,0.19579506565315372,ROA_1001_model49999_noise15,2614,2026-10-01_00-04-08,-0.018209677189588547,0.008686084300279617
0.00026477500796318054,0.0007666647434234619,0.00028889626264572144,-0.0019153580069541931,0.0020702832679611732,0.07857288420200348,0.020864417776465416,-0.10668951272964478,0.13464967906475067,0.17549200044129817,-8.055940270423889e-05,0.00033173710107803345,-9.73232090473175e-05,-0.0025128014385700226,0.002536063186804664,0.016009435057640076,-0.019632278010249138,-0.12622401118278503,0.1246035024523735,0.17914515341974852,-0.018483560532331467,0.010981252416968346,-0.018889188766479492,0.00830906629562378,-0.018527081236243248,0.008782576769590378,1.7974525690078735e-05,0.00044927000999450684,-0.00010654330253601074,-0.002413801848888397,0.0024576318161744037,-0.013874842785298824,-0.08650309592485428,-0.26531144976615906,-0.009268522262573242,0.26607228436254937,52.306176616,True,-9.844079613685608e-05,-0.00012042000889778137,7.729977369308472e-06,-9.685754776000977e-05,0.00017314512056801847,0.029894521459937096,0.06690807640552521,0.1390557736158371,0.1338450163602829,0.20481965869143032,ROA_1001_model49999_noise15,2615,2026-10-01_00-04-08,-0.018755536526441574,0.009345164522528648
0.00018943101167678833,0.0008043833076953888,0.00036675482988357544,-0.0019907020032405853,0.002164226312424689,0.08098780363798141,0.020028090104460716,-0.12138019502162933,0.1470036804676056,0.19462008928595434,-0.00014239922165870667,0.0003795139491558075,-5.4016709327697754e-05,-0.0025879591703414917,0.0026158443699692453,0.018573366105556488,-0.020082106813788414,-0.1393575221300125,0.1371959149837494,0.19745858010542186,-0.01730685494840145,0.011930566281080246,-0.017653055489063263,0.008862078189849854,-0.017234351485967636,0.009379098191857338,-5.150213837623596e-05,0.0004954636096954346,-5.9232115745544434e-05,-0.0025093555450439453,0.002558254810441775,-0.00946875661611557,-0.08511728793382645,-0.2899886965751648,-0.004073604941368103,0.29023164476404784,52.326177278,True,-9.005889296531677e-05,-0.00011706724762916565,6.05359673500061e-06,-7.366761565208435e-05,0.00015853555017201123,0.027894971892237663,0.06494484841823578,0.15070568025112152,0.14127324521541595,0.21665180812087262,ROA_1001_model49999_noise15,2616,2026-10-01_00-04-08,-0.017845187336206436,0.0099467933177948
0.0001039355993270874,0.0009533017873764038,0.000400003045797348,-0.0021375715732574463,0.002362958688740267,0.07107574492692947,0.03284867852926254,-0.13704876601696014,0.15845148265361786,0.21077592928609296,-0.0002057291567325592,0.0005484558641910553,-6.062909960746765e-05,-0.0027388334274291992,0.0027932736242031525,0.0074831764213740826,-0.007404945325106382,-0.15208403766155243,0.14961230754852295,0.21359828480509432,-0.01641491800546646,0.01341862604022026,-0.016416845843195915,0.009422600269317627,-0.015981975942850113,0.009964203462004662,-0.00011855736374855042,0.0006628222763538361,-5.448237061500549e-05,-0.0026864930987358093,0.0027671609864467466,-0.012695788405835629,-0.06720330566167831,-0.31709763407707214,-0.0017872079042717814,0.31738469987259443,52.346177683,True,-8.596107363700867e-05,-0.00011594966053962708,-6.05359673500061e-06,-5.243346095085144e-05,0.0001516234627569559,0.01966673694550991,0.05916691944003105,0.1655844897031784,0.1518959105014801,0.23132549091091528,ROA_1001_model49999_noise15,2617,2026-10-01_00-04-08,-0.016637612134218216,0.011362859979271889
8.91275703907013e-05,0.0009540468454360962,0.0003509223461151123,-0.002115592360496521,0.0023381457319996456,0.05393381789326668,0.049005258828401566,-0.1424606889486313,0.16287992894649506,0.21639562305301407,-0.00020926818251609802,0.0005559995770454407,-0.00012908130884170532,-0.0027080997824668884,0.0027658825023302203,-0.008660368621349335,0.010659917257726192,-0.15846824645996094,0.15162023901939392,0.21974209272972506,-0.015843089669942856,0.014707516878843307,-0.015420045703649521,0.009825235232710838,-0.015061024576425552,0.010344019159674644,-0.0001317821443080902,0.0006662681698799133,-0.00010151416063308716,-0.002672988921403885,0.002755582680179669,-0.027420928701758385,-0.04919431731104851,-0.3243377208709717,-0.0007720663561485708,0.3255327433725952,52.366178825000006,True,-8.372589945793152e-05,-0.00010943040251731873,-2.346932888031006e-05,-3.213062882423401e-05,0.0001434137488899948,0.018742866814136505,0.059872861951589584,0.1659272164106369,0.15239976346492767,0.23186568343807587,ROA_1001_model49999_noise15,2618,2026-10-01_00-04-08,-0.015447430312633514,0.01274891383945942
7.459893822669983e-05,0.0009224750101566315,0.0003594905138015747,-0.0020679086446762085,0.0022840205190896826,0.032220035791397095,0.06605032831430435,-0.13149435818195343,0.1529976725578308,0.20408145150066245,-0.00022025778889656067,0.0005141831934452057,-0.00013150274753570557,-0.0026331283152103424,0.0026842790030632783,-0.030295921489596367,0.028700565919280052,-0.14973337948322296,0.13887043297290802,0.20843814444303863,-0.014859961345791817,0.014434617012739182,-0.013975486159324646,0.009262524545192719,-0.013873996213078499,0.00962008535861969,-0.000147894024848938,0.0006244517862796783,-8.121132850646973e-05,-0.0026154331862926483,0.0026893180092643055,-0.05106813833117485,-0.033826567232608795,-0.31045544147491455,-0.010097398422658443,0.31501081101250555,52.386176382,True,-7.459893822669983e-05,-0.00010998919606208801,-4.824250936508179e-05,-1.816079020500183e-05,0.00013971366587603592,0.020788049325346947,0.06255228072404861,0.16070528328418732,0.14893338084220886,0.22673991781926695,ROA_1001_model49999_noise15,2619,2026-10-01_00-04-08,-0.013887075707316399,0.012545451521873474
4.256144165992737e-05,0.0008955597877502441,0.0004194676876068115,-0.002040620893239975,0.0022587602262513747,0.0256709735840559,0.06927736103534698,-0.12330523878335953,0.14689098298549652,0.19564955994950287,-0.00026049092411994934,0.00046957284212112427,-7.80448317527771e-05,-0.002576131373643875,0.0026187526228470762,-0.03698468208312988,0.03272201865911484,-0.141781747341156,0.1321658492088318,0.20001731532721564,-0.012993736192584038,0.012613572180271149,-0.012457691133022308,0.0078489501029253,-0.012338018044829369,0.008210837841033936,-0.00019706785678863525,0.0005840323865413666,-2.3562461137771606e-05,-0.002567470073699951,0.0026331404830643437,-0.0626472756266594,-0.034564174711704254,-0.2996586263179779,-0.012945382855832577,0.3067798748547594,52.40618242,True,-6.472691893577576e-05,-0.00011296942830085754,-5.6158751249313354e-05,-9.685754776000977e-06,0.00013573955172421567,0.025673767551779747,0.06731413304805756,0.1579187661409378,0.14507770538330078,0.22411338088089938,ROA_1001_model49999_noise15,2620,2026-10-01_00-04-08,-0.012269247323274612,0.010450107976794243
3.7997961044311523e-05,0.0008685514330863953,0.0004655681550502777,-0.00204453244805336,0.0022599096343581997,0.026346182450652122,0.06661936640739441,-0.11807958781719208,0.14185160398483276,0.18812926965146626,-0.0002648681402206421,0.00043604522943496704,-5.5693089962005615e-05,-0.0025532208383083344,0.0025902083967245565,-0.0362517312169075,0.030558554455637932,-0.13795122504234314,0.12498720735311508,0.19208763498579626,-0.010759405791759491,0.011172037571668625,-0.010690763592720032,0.006611188407987356,-0.010373685508966446,0.007113352883607149,-0.0002035871148109436,0.0005560927093029022,1.7695128917694092e-05,-0.002552848309278488,0.0026134209667468874,-0.06206333264708519,-0.03694556653499603,-0.29443761706352234,-0.014932825230062008,0.3017376924667838,52.426182601,True,-6.444752216339111e-05,-0.00012237578630447388,-6.91041350364685e-05,3.259629011154175e-06,0.0001421132560727644,0.025488434359431267,0.06743986159563065,0.15673786401748657,0.14000199735164642,0.21988890001293024,ROA_1001_model49999_noise15,2621,2026-10-01_00-04-08,-0.010635003447532654,0.008534988388419151
2.514570951461792e-05,0.0008091330528259277,0.0004983507096767426,-0.0020069070160388947,0.0022111664607005156,0.017991289496421814,0.07256492972373962,-0.1080445870757103,0.13299378752708435,0.17787886141256595,-0.00028619542717933655,0.00036172568798065186,-3.511086106300354e-05,-0.002489890903234482,0.0025160372980726447,-0.043775882571935654,0.03753043711185455,-0.128868967294693,0.11524650454521179,0.18224302489953356,-0.008704589679837227,0.009587515145540237,-0.008923755958676338,0.005431561265140772,-0.008550280705094337,0.0059699746780097485,-0.00023273751139640808,0.0004869885742664337,4.814937710762024e-05,-0.0024993903934955597,0.0025480570863712342,-0.07409229874610901,-0.0334717333316803,-0.2831909656524658,-0.020449979230761528,0.29409538754482306,52.446184031,True,-5.280598998069763e-05,-0.00012638047337532043,-8.437782526016235e-05,1.1548399925231934e-05,0.00013962040788819877,0.03032851777970791,0.07096398621797562,0.15433505177497864,0.1357290893793106,0.21727301859928327,ROA_1001_model49999_noise15,2622,2026-10-01_00-04-08,-0.009045375511050224,0.006677553523331881
6.677582859992981e-05,0.0006439164280891418,0.0004840083420276642,-0.001882435753941536,0.0020373591086083817,0.016629695892333984,0.07066689431667328,-0.107449010014534,0.13492907583713531,0.17887802212672113,-0.00025350600481033325,0.00018700957298278809,-5.573965609073639e-05,-0.0023475848138332367,0.0023552914217399392,-0.04402640834450722,0.036733224987983704,-0.12975837290287018,0.11604977399110794,0.18327285962350717,-0.007107826415449381,0.008235333487391472,-0.0074394806288182735,0.004360319580882788,-0.0070879519917070866,0.004901172127574682,-0.000205356627702713,0.000315345823764801,3.562308847904205e-05,-0.0023594126105308533,0.002381219497393662,-0.07934960722923279,-0.038020312786102295,-0.28158023953437805,-0.015827827155590057,0.2936740256921047,52.466183124000004,True,-4.852190613746643e-05,-0.00012814998626708984,-9.266659617424011e-05,1.3178214430809021e-05,0.00013967853170700477,0.03532133996486664,0.07481593638658524,0.15184469521045685,0.13181613385677338,0.21518973301335215,ROA_1001_model49999_noise15,2623,2026-10-01_00-04-08,-0.007458603475242853,0.005327316466718912
3.650784492492676e-05,0.0007091555744409561,0.000506080687046051,-0.0019712839275598526,0.00214616145736776,0.003394204890355468,0.08387630432844162,-0.10090413689613342,0.12855790555477142,0.1766871498248462,-0.00027781352400779724,0.00025797635316848755,-6.495974957942963e-05,-0.0024120789021253586,0.0024260918565748137,-0.05795806273818016,0.0492599755525589,-0.12406287342309952,0.10920780897140503,0.18194006382346595,-0.005763173568993807,0.0075389123521745205,-0.005993958096951246,0.003589338157325983,-0.005677720997482538,0.004117886070162058,-0.00022905878722667694,0.0003893394023180008,5.0943344831466675e-05,-0.0024498440325260162,0.0024820999888649354,-0.09000952541828156,-0.022183170542120934,-0.2774870693683624,-0.023420432582497597,0.2931736677283677,52.486177994,True,-4.954636096954346e-05,-0.00013201497495174408,-0.00011408701539039612,3.757886588573456e-05,0.00014131214311440996,0.032052863389253616,0.07144687324762344,0.1534596085548401,0.1326301097869873,0.21517272613487068,ROA_1001_model49999_noise15,2624,2026-10-01_00-04-08,-0.005899243522435427,0.00471517676487565
1.3550743460655212e-05,0.0006920192390680313,0.0004871748387813568,-0.001976056955754757,0.002142983299455718,0.002688728040084243,0.08245184272527695,-0.1080932542681694,0.1357586532831192,0.18552469910713681,-0.0002894550561904907,0.0002470333129167557,-0.00010735820978879929,-0.0024065840989351273,0.0024204815437114807,-0.06131594628095627,0.04588393121957779,-0.13028526306152344,0.117082379758358,0.19107067685012594,-0.00494170980527997,0.006946633104234934,-0.004943417850881815,0.003006508108228445,-0.0048389979638159275,0.0034352545626461506,-0.00024479813873767853,0.00038566067814826965,2.230517566204071e-05,-0.0024642329663038254,0.0024949544850795423,-0.08661951124668121,-0.019849741831421852,-0.29017123579978943,-0.020698875188827515,0.3038985871824211,52.506178527,True,-5.1176175475120544e-05,-0.00013676472008228302,-0.00012819655239582062,5.811452865600586e-05,0.00014882075862672562,0.0252979788929224,0.06574345380067825,0.15990784764289856,0.13776472210884094,0.2202120799361087,ROA_1001_model49999_noise15,2625,2026-10-01_00-04-08,-0.004729968961328268,0.0041017173789441586
1.555308699607849e-05,0.0007648486644029617,0.00048303045332431793,-0.002065650187432766,0.0022480111645021695,0.004567205905914307,0.08193077147006989,-0.11415476351976395,0.1401635706424713,0.19154338991032663,-0.00027068890631198883,0.0003223307430744171,-0.0001500127837061882,-0.0024863751605153084,0.002509804787562983,-0.06260862201452255,0.042226627469062805,-0.1355833262205124,0.12217158824205399,0.19727281878173727,-0.0036261803470551968,0.006010502111166716,-0.003974528051912785,0.0021784603595733643,-0.003819667734205723,0.002671963069587946,-0.00022696331143379211,0.00047781504690647125,1.955777406692505e-06,-0.0025707529857754707,0.0026151434420585125,-0.07715635001659393,-0.013837124221026897,-0.30300670862197876,-0.021664656698703766,0.3136277564996102,52.526183029,True,-4.628673195838928e-05,-0.00015213154256343842,-0.0001512467861175537,8.130446076393127e-05,0.00018207289364024085,0.014520714990794659,0.05594640597701073,0.16746786236763,0.14393240213394165,0.22597618778194764,ROA_1001_model49999_noise15,2626,2026-10-01_00-04-08,-0.0032501621171832085,0.002968753222376108
2.5937333703041077e-05,0.0008432194590568542,0.0004791654646396637,-0.002145674079656601,0.00234666457092186,-0.0034729016479104757,0.09105260670185089,-0.11347350478172302,0.13924342393875122,0.19497759328083414,-0.0002470333129167557,0.0004016794264316559,-0.0001848209649324417,-0.0025582965463399887,0.0025936987350333976,-0.07283920049667358,0.0489349439740181,-0.13446317613124847,0.12128054350614548,0.20090699794220201,-0.002745235338807106,0.0053468565456569195,-0.003324687946587801,0.0016483645886182785,-0.003297246526926756,0.0021017161197960377,-0.00020489096641540527,0.0005685258656740189,-1.1059455573558807e-05,-0.002664700150489807,0.002724862225197851,-0.07981573790311813,0.00019790603255387396,-0.30687567591667175,-0.026528721675276756,0.31811973271224064,52.546183914000004,True,-4.5355409383773804e-05,-0.00016391277313232422,-0.0001698266714811325,0.00010496005415916443,0.0002129628322162808,0.006918329279869795,0.048754267394542694,0.1725149303674698,0.1477617770433426,0.23019462089169404,ROA_1001_model49999_noise15,2627,2026-10-01_00-04-08,-0.0019663935527205467,0.0022895154543220997
3.2782554626464844e-05,0.000796094536781311,0.00045958440750837326,-0.002087606117129326,0.0022732481795816888,-0.0065634953789412975,0.09096599370241165,-0.11351471394300461,0.14220689237117767,0.19792490366812457,-0.0002479180693626404,0.00035474076867103577,-0.00020526349544525146,-0.0024961307644844055,0.0025268925097308987,-0.0756680965423584,0.04923110455274582,-0.1337313950061798,0.12524239718914032,0.2037584423838458,-0.0025741634890437126,0.004787728656083345,-0.00364334462210536,0.0014008269645273685,-0.003594685811549425,0.0019053975120186806,-0.00020186416804790497,0.0005199108272790909,-3.289896994829178e-05,-0.002608122304081917,0.0026594475673166204,-0.08272378891706467,0.0003175809688400477,-0.30665725469589233,-0.023509839549660683,0.31842358183109776,52.566184928000006,True,-4.558824002742767e-05,-0.00016889534890651703,-0.00017604324966669083,0.00011436641216278076,0.00022468488009283656,0.006895046215504408,0.04857359081506729,0.17302179336547852,0.14896294474601746,0.23133633447736615,ROA_1001_model49999_noise15,2628,2026-10-01_00-04-08,-0.001567046856507659,0.0021364539861679077
3.627501428127289e-05,0.000791577622294426,0.00044731423258781433,-0.002063671126961708,0.0022472889409126734,-0.009977257810533047,0.09306566417217255,-0.10993680357933044,0.14029838144779205,0.19622660447836293,-0.0002457760274410248,0.00034729018807411194,-0.0002198386937379837,-0.0024747569113969803,0.0025058192748811897,-0.08023762702941895,0.05012284591794014,-0.1285502165555954,0.12463982403278351,0.2017415776968282,-0.002704306971281767,0.0041367956437170506,-0.003953178878873587,0.0008109454065561295,-0.0038257241249084473,0.0013724938035011292,-0.00019655562937259674,0.0005194451659917831,-4.400499165058136e-05,-0.002586888149380684,0.0026385286578634107,-0.08495896309614182,0.0038123687263578176,-0.3044949769973755,-0.025085171684622765,0.3169718413786518,52.586185045,True,-4.996545612812042e-05,-0.00017210841178894043,-0.00017452985048294067,0.00011252705007791519,0.00022272123678862543,0.004396308213472366,0.04572467505931854,0.17623299360275269,0.15021534264087677,0.23395061269416523,ROA_1001_model49999_noise15,2629,2026-10-01_00-04-08,-0.001586731057614088,0.001722648274153471
8.326023817062378e-05,0.0007002614438533783,0.0003803987056016922,-0.00196630135178566,0.002113511654148359,-0.003930181264877319,0.08455197513103485,-0.11158081889152527,0.14422297477722168,0.19587096450332453,-0.00020936131477355957,0.00025937333703041077,-0.0002850079908967018,-0.002376781776547432,0.0024051950382316402,-0.07368717342615128,0.04215724393725395,-0.12994696199893951,0.12843962013721466,0.2004860878781403,-0.0021927920170128345,0.003587245475500822,-0.003915026318281889,0.00044845277443528175,-0.0035509509034454823,0.0011559436097741127,-0.00015534460544586182,0.00042831525206565857,-0.00011133961379528046,-0.0024853507056832314,0.0025233707612497876,-0.0795493796467781,-0.004308763891458511,-0.3057836890220642,-0.020083270967006683,0.3166273663539872,52.606184075,True,-5.550682544708252e-05,-0.00016731210052967072,-0.00017175916582345963,0.00010738149285316467,0.00021411617777169887,0.0058403233997523785,0.04649581015110016,0.17585884034633636,0.14850030839443207,0.23278464452046954,ROA_1001_model49999_noise15,2630,2026-10-01_00-04-08,-0.0012038496788591146,0.0012931074015796185
0.0001996522769331932,0.00047099310904741287,0.0002556946128606796,-0.0017416197806596756,0.0018148763413839372,0.01251953560858965,0.06274529546499252,-0.1158609464764595,0.1525096595287323,0.19645232059297904,-0.00012398231774568558,2.3795291781425476e-05,-0.000397232361137867,-0.002158782444894314,0.0021950253137953167,-0.05334871634840965,0.02413545548915863,-0.13578683137893677,0.13566389679908752,0.19969496836061026,-0.002211032435297966,0.0026185354217886925,-0.004384955856949091,0.00012962566688656807,-0.003963932394981384,0.0008737202733755112,-6.0512684285640717e-05,0.000180746428668499,-0.00022992026060819626,-0.0022504711523652077,0.0022688494434230802,-0.07084477692842484,-0.031014204025268555,-0.30459508299827576,-0.007068505045026541,0.31303719262681096,52.626179296000004,True,-6.121117621660233e-05,-0.00015741679817438126,-0.00016889534890651703,9.264331310987473e-05,0.0001971133401102374,0.01747184433043003,0.055161766707897186,0.16883550584316254,0.142725870013237,0.22653463720544456,ROA_1001_model49999_noise15,2631,2026-10-01_00-04-08,-0.0017338362522423267,0.00020696688443422318
0.0002973712980747223,0.0002866610884666443,0.00014987308531999588,-0.0015627127140760422,0.0015916675532267653,0.029981600120663643,0.040937911719083786,-0.12185074388980865,0.16081053018569946,0.20231520761019672,-5.352776497602463e-05,-0.00015900004655122757,-0.0004942994564771652,-0.0019795959815382957,0.0020472175514704063,-0.03174785524606705,0.006211455445736647,-0.1436222791671753,0.14325858652591705,0.20464043119847958,-0.0024495436809957027,0.0024499190039932728,-0.0047650765627622604,0.00045688776299357414,-0.004380123224109411,0.001169875729829073,1.718290150165558e-05,-1.541338860988617e-05,-0.0003262888640165329,-0.0020599691197276115,0.0020856879794184506,-0.05932384729385376,-0.05630147457122803,-0.30554458498954773,0.005165580194443464,0.3113035983123761,52.646185814000006,True,-7.1781687438488e-05,-0.00014137476682662964,-0.00016633421182632446,7.790513336658478e-05,0.00018394259191026197,0.027557367458939552,0.06254808604717255,0.1619739830493927,0.13808299601078033,0.2217208331539255,ROA_1001_model49999_noise15,2632,2026-10-01_00-04-08,-0.0023289904929697514,-1.5264376997947693e-06
0.00032708048820495605,0.00026188790798187256,0.00011415686458349228,-0.001514027826488018,0.0015376124367423186,0.033336225897073746,0.03632158041000366,-0.12102186679840088,0.1596459150314331,0.20053797660506414,-3.1245872378349304e-05,-0.00018635764718055725,-0.0005342066287994385,-0.0019394326955080032,0.0020204231370113154,-0.02631544880568981,0.0033448447939008474,-0.14321179687976837,0.14298175275325775,0.203461626171958,-0.0025265896692872047,0.0027508200146257877,-0.004942907951772213,0.0007949625141918659,-0.004382290877401829,0.0016053044237196445,4.3120235204696655e-05,-4.4284388422966003e-05,-0.0003638211637735367,-0.002012518234550953,0.002045454860399063,-0.056891001760959625,-0.06075179949402809,-0.3033657371997833,0.004504341632127762,0.30873132431494577,52.666184395,True,-7.692724466323853e-05,-0.0001457519829273224,-0.00016957055777311325,7.378403097391129e-05,0.0001867567751117609,0.030572058632969856,0.06411969661712646,0.1601623296737671,0.1384776532649994,0.22165848419991072,ROA_1001_model49999_noise15,2633,2026-10-01_00-04-08,-0.002430797554552555,0.0003122631460428238
0.0003200490027666092,0.00027134083211421967,9.504146873950958e-05,-0.0014947494491934776,0.0015196345606478202,0.035631004720926285,0.03384193405508995,-0.12362049520015717,0.16074836254119873,0.20285397438658692,-4.386529326438904e-05,-0.0001771841198205948,-0.000552646815776825,-0.0019177328795194626,0.0020040930298351805,-0.023236962035298347,0.0021941959857940674,-0.14546768367290497,0.14668865501880646,0.20736735777085616,-0.0027349726296961308,0.00300409784540534,-0.005292430520057678,0.0010003657080233097,-0.00442827632650733,0.002001661341637373,3.627501428127289e-05,-3.166496753692627e-05,-0.00038461294025182724,-0.001993146724998951,0.0020300610219607727,-0.05440320447087288,-0.06252992898225784,-0.30477994680404663,0.005584209691733122,0.3096481119367,52.686181728,True,-8.01868736743927e-05,-0.0001436099410057068,-0.0001692911610007286,7.497146725654602e-05,0.00018773176701636303,0.0311522725969553,0.06473343819379807,0.15933693945407867,0.14108209311962128,0.22304478791712867,ROA_1001_model49999_noise15,2634,2026-10-01_00-04-08,-0.0022573713213205338,0.0007938542403280735
0.00031015370041131973,0.0004003755748271942,0.00010223593562841415,-0.0015728641301393509,0.001623185995534525,0.03675161674618721,0.033470336347818375,-0.12442096322774887,0.1578817516565323,0.20104867588102482,-5.7998113334178925e-05,-6.367918103933334e-05,-0.0005458248779177666,-0.0020031584426760674,0.0020776071561945317,-0.02259388379752636,0.0003145541704725474,-0.14568887650966644,0.1460774689912796,0.2069471523677531,-0.003065964672714472,0.002425981219857931,-0.005760954227298498,0.0006637475453317165,-0.004995185881853104,0.0016272305510938168,3.0244700610637665e-05,8.952338248491287e-05,-0.00037723220884799957,-0.002085207961499691,0.002121116406012275,-0.05395244434475899,-0.06286566704511642,-0.30555108189582825,-9.778886123967823e-06,0.3104786483287312,52.706186134000006,True,-8.910428732633591e-05,-0.00015320256352424622,-0.00017024576663970947,8.356291800737381e-05,0.00019228609778764905,0.03136391565203667,0.06321491301059723,0.15988130867481232,0.1460530310869217,0.22644603715337533,ROA_1001_model49999_noise15,2635,2026-10-01_00-04-08,-0.001893497072160244,0.00016836775466799736
0.0003113178536295891,0.00048407819122076035,9.941868484020233e-05,-0.001614564098417759,0.0016855812524302868,0.04204641655087471,0.028483567759394646,-0.12595903873443604,0.15810130536556244,0.20218336962260264,-6.698537617921829e-05,6.6356733441352844e-06,-0.0005424022674560547,-0.002047722227871418,0.0021183677543945116,-0.016756588593125343,-0.005397945176810026,-0.14706164598464966,0.14838390052318573,0.20906615224892935,-0.0038011688739061356,0.002061141189187765,-0.0065465965308249,0.0005584056489169598,-0.005878299009054899,0.0014647343195974827,2.759043127298355e-05,0.00016435515135526657,-0.00037534628063440323,-0.002133520320057869,0.0021726863425573736,-0.05057220906019211,-0.06870296597480774,-0.30476832389831543,-0.0009357462986372411,0.3091873555401372,52.726186604000006,True,-9.508803486824036e-05,-0.0001589301973581314,-0.0001664506271481514,8.377246558666229e-05,0.00019244340706991395,0.03384682163596153,0.06325868517160416,0.15769292414188385,0.14934152364730835,0.2277064564619773,ROA_1001_model49999_noise15,2636,2026-10-01_00-04-08,-0.002071171533316374,-0.00027978699654340744
0.00033122487366199493,0.0005298526957631111,9.252689778804779e-05,-0.0016618520021438599,0.0017443214980928797,0.03326847031712532,0.0398375540971756,-0.11193612217903137,0.14399060606956482,0.1827426739986913,-7.061753422021866e-05,2.682209014892578e-05,-0.0005202367901802063,-0.0020860228687524796,0.002149934346191682,-0.02202763967216015,0.008943257853388786,-0.13663223385810852,0.13283616304397583,0.19183351607222746,-0.0045963856391608715,0.0016476581804454327,-0.007288394961506128,0.0002815946936607361,-0.006634301971644163,0.0011302605271339417,2.889428287744522e-05,0.00018808059394359589,-0.00035956036299467087,-0.002159038558602333,0.002197028595130959,-0.06685824692249298,-0.0629844143986702,-0.28147175908088684,-0.008482951670885086,0.29024008824646397,52.746189217,True,-9.711366146802902e-05,-0.0001607229933142662,-0.00016016419976949692,7.252674549818039e-05,0.00019378110732948454,0.04477868601679802,0.07196678221225739,0.14486372470855713,0.14130863547325134,0.21860143962868545,ROA_1001_model49999_noise15,2637,2026-10-01_00-04-08,-0.0021621771156787872,-0.0008441093377768993
0.0003623543307185173,0.0005615409463644028,7.71600753068924e-05,-0.0017122365534305573,0.0018024202840968395,0.031220491975545883,0.044126059859991074,-0.10784389078617096,0.13764923810958862,0.1756134636828998,-5.152542144060135e-05,4.530884325504303e-05,-0.0005082692950963974,-0.002129189670085907,0.00218925054928789,-0.021186422556638718,0.016371719539165497,-0.13493560254573822,0.12486869841814041,0.18577187138808274,-0.00558416498824954,0.0018917969428002834,-0.00816267915070057,0.0004820432513952255,-0.007507021073251963,0.0012696119956672192,5.0873495638370514e-05,0.00020279549062252045,-0.0003531109541654587,-0.002192240208387375,0.002230246231180908,-0.07336819171905518,-0.06325100362300873,-0.2706863284111023,-0.008892267942428589,0.2816277161909359,52.766183574,True,-0.0001032138243317604,-0.00015739351511001587,-0.00015497207641601562,6.272457540035248e-05,0.0001971337111531081,0.05211750790476799,0.07959803938865662,0.13580475747585297,0.13378913700580597,0.21229193619898581,ROA_1001_model49999_noise15,2638,2026-10-01_00-04-08,-0.0026538660749793053,-0.0007334440015256405
0.0003369525074958801,0.0005759298801422119,0.00011981464922428131,-0.001693936064839363,0.0017891730987316837,0.036670126020908356,0.039689239114522934,-0.11069885641336441,0.1392550766468048,0.17810388977617975,-8.866190910339355e-05,5.2014365792274475e-05,-0.00042654573917388916,-0.0021107494831085205,0.0021536768422508326,-0.012690666131675243,0.015307682566344738,-0.13969604671001434,0.1258309930562973,0.18903860924008253,-0.0066592092625796795,0.002053449861705303,-0.009164663031697273,0.0007024537771940231,-0.008459588512778282,0.0014930269680917263,1.6787089407444e-05,0.00019636936485767365,-0.00028247013688087463,-0.0021511223167181015,0.0021785041608819796,-0.0740312933921814,-0.07384130358695984,-0.26606395840644836,-0.0006458721472881734,0.2769779318966415,52.786184492000004,True,-0.00010584481060504913,-0.00014263205230236053,-0.00014225952327251434,3.9208680391311646e-05,0.0001931651724311173,0.06128591299057007,0.08917412906885147,0.12646940350532532,0.12643495202064514,0.20832985954223465,ROA_1001_model49999_noise15,2639,2026-10-01_00-04-08,-0.003967741969972849,-0.0005982941947877407
0.0003009568899869919,0.0006256857886910439,0.00017737038433551788,-0.0017242040485143661,0.0018353790293940905,0.031461939215660095,0.04650908336043358,-0.10205059498548508,0.1288629025220871,0.16534839404157703,-0.00012423843145370483,9.487848728895187e-05,-0.0003398861736059189,-0.00214320607483387,0.002171264576895456,-0.016425037756562233,0.023624392226338387,-0.13299845159053802,0.11381366848945618,0.17725260361232645,-0.007335247006267309,0.001784509513527155,-0.009783793240785599,0.0005883825942873955,-0.009122863411903381,0.0013016792945563793,-2.3026950657367706e-05,0.00023078173398971558,-0.0002078711986541748,-0.0021704472601413727,0.002192223931315053,-0.0829664021730423,-0.07258331775665283,-0.2520172595977783,-0.005939974915236235,0.2669332528502818,52.806188418000005,True,-0.00010230578482151031,-0.00013473909348249435,-0.0001346692442893982,2.691522240638733e-05,0.00018709318991666157,0.06653834134340286,0.09622982889413834,0.1190313994884491,0.11974619328975677,0.20470723638574023,ROA_1001_model49999_noise15,2640,2026-10-01_00-04-08,-0.004739905241876841,-0.0005139028653502464
0.00031904783099889755,0.0006236834451556206,0.00020191073417663574,-0.0017012935131788254,0.0018138403787563665,0.0530267097055912,0.02935877814888954,-0.11268257349729538,0.13664084672927856,0.1775010189266325,-0.00010067597031593323,9.338837116956711e-05,-0.00029513612389564514,-0.0021185725927352905,0.0021404791364128925,0.006148591171950102,0.00736629543825984,-0.14453287422657013,0.12093176692724228,0.18845223297774516,-0.007622876670211554,0.0017279493622481823,-0.010350720956921577,0.0009241830557584763,-0.009653761982917786,0.0016523431986570358,-1.4901161193847656e-06,0.00022382009774446487,-0.00017243437469005585,-0.0021366868168115616,0.002155199770674943,-0.0625930204987526,-0.09145680069923401,-0.25926458835601807,0.004378613084554672,0.2673384992994602,52.826184279,True,-9.848736226558685e-05,-0.00013136304914951324,-0.00012116506695747375,1.6810372471809387e-05,0.0001799576200571491,0.0687122792005539,0.09881937503814697,0.11476873606443405,0.11655315011739731,0.20241554882023488,ROA_1001_model49999_noise15,2641,2026-10-01_00-04-08,-0.0056380885653197765,-0.0004797419533133507
0.0003490131348371506,0.0005847541615366936,0.00018933787941932678,-0.0016578473150730133,0.001759119306000575,0.06563285738229752,0.01937197521328926,-0.1231171116232872,0.14578364789485931,0.19302555067558488,-4.9266964197158813e-05,5.9232115745544434e-05,-0.0002954155206680298,-0.002079363912343979,0.0021008809747699955,0.019407598301768303,-0.002130633220076561,-0.1561380922794342,0.12893694639205933,0.20315257963737612,-0.008231205865740776,0.0019798660650849342,-0.011005684733390808,0.0014657331630587578,-0.010363513603806496,0.0021119783632457256,4.1816383600234985e-05,0.0001844717189669609,-0.00017797574400901794,-0.0020897015929222107,0.0021056199364253027,-0.04904228076338768,-0.10219308733940125,-0.2677738666534424,0.014298594556748867,0.27226831263120177,52.846184332,True,-8.724164217710495e-05,-0.00012968666851520538,-0.00011660158634185791,1.3690441846847534e-05,0.00017043683903973569,0.0684536024928093,0.10006804764270782,0.11162365972995758,0.11464393883943558,0.20006711008361913,ROA_1001_model49999_noise15,2642,2026-10-01_00-04-08,-0.006368159782141447,-0.0002159643918275833
0.00038656871765851974,0.0004980014637112617,0.00017546117305755615,-0.0015787780284881592,0.001656300534203391,0.07915961742401123,0.006325775291770697,-0.13434606790542603,0.1588817536830902,0.21365693068532776,-1.5599653124809265e-06,-3.639142960309982e-05,-0.00029001384973526,-0.002004578709602356,0.0020257732263128984,0.03432133048772812,-0.01349556166678667,-0.1682787984609604,0.14112703502178192,0.22239798657125093,-0.008825482800602913,0.002180466428399086,-0.01177293248474598,0.0019067726098001003,-0.011147972196340561,0.0025324495509266853,7.718335837125778e-05,8.423812687397003e-05,-0.00018486753106117249,-0.002004392445087433,0.0020149566998862215,-0.03907596692442894,-0.11937412619590759,-0.27647706866264343,0.028971580788493156,0.27954245592762517,52.866189986,True,-7.939524948596954e-05,-0.00012246891856193542,-0.00010384246706962585,3.259629011154175e-06,0.00015965694828114118,0.07302430272102356,0.10579078644514084,0.10849720984697342,0.1122504398226738,0.201571580357009,ROA_1001_model49999_noise15,2643,2026-10-01_00-04-08,-0.007281538564711809,-5.447957664728165e-05
0.0004050787538290024,0.0004484318196773529,0.000180024653673172,-0.001561921089887619,0.0016262641813766614,0.09183911234140396,-0.005754176061600447,-0.14391914010047913,0.17011630535125732,0.232532809740156,3.4226104617118835e-05,-7.487833499908447e-05,-0.00027064234018325806,-0.0020048581063747406,0.002024241447314341,0.047143545001745224,-0.025263985618948936,-0.17764417827129364,0.15223677456378937,0.23972578806151643,-0.009806660935282707,0.0031437180005013943,-0.012772960588335991,0.0028775730170309544,-0.012146450579166412,0.0034909979440271854,0.00010416842997074127,3.6600977182388306e-05,-0.00017527490854263306,-0.0019941478967666626,0.0020023561165927544,-0.025422310456633568,-0.13229762017726898,-0.28640681505203247,0.03915000706911087,0.28918686459065124,52.886189752,True,-7.03614205121994e-05,-0.00011245720088481903,-9.546056389808655e-05,-5.587935447692871e-06,0.00014780084609355984,0.07220590114593506,0.10691303014755249,0.10907183587551117,0.11317338049411774,0.20261384580594216,ROA_1001_model49999_noise15,2644,2026-10-01_00-04-08,-0.008308826014399529,0.0011776424944400787
0.0004380941390991211,0.0004077330231666565,0.00018812716007232666,-0.0015426427125930786,0.0015972947728266343,0.09797652810811996,-0.010638031177222729,-0.14595220983028412,0.1734001487493515,0.23852460947747914,7.729977369308472e-05,-0.00012060627341270447,-0.00024512410163879395,-0.0019992701709270477,0.002017265174781509,0.053365711122751236,-0.030026303604245186,-0.17892195284366608,0.15597417950630188,0.24483705773256192,-0.010664191097021103,0.0036772419698536396,-0.013524515554308891,0.0032690786756575108,-0.012891633436083794,0.0038891746662557125,0.00013611279428005219,-1.564621925354004e-05,-0.00016372650861740112,-0.001981109380722046,0.001987868216193752,-0.021798068657517433,-0.14031025767326355,-0.28917938470840454,0.041061077266931534,0.2920877296080004,52.90619101,True,-5.7602301239967346e-05,-0.00010570511221885681,-8.419156074523926e-05,-1.555308699607849e-05,0.00013537482043925642,0.07497798651456833,0.11024530231952667,0.11040269583463669,0.11495500057935715,0.20708666344331753,ROA_1001_model49999_noise15,2645,2026-10-01_00-04-08,-0.009269017726182938,0.0019029956310987473
0.0004506204277276993,0.0003976747393608093,0.0002127140760421753,-0.0015622936189174652,0.0016151901225643528,0.10598031431436539,-0.017550773918628693,-0.15232059359550476,0.18195155262947083,0.25199858539715214,9.923242032527924e-05,-0.00012777745723724365,-0.00020563602447509766,-0.0020357780158519745,0.0020494987270758326,0.06009358540177345,-0.03765616565942764,-0.18421652913093567,0.16498377919197083,0.2570026698598049,-0.011502739042043686,0.004459823947399855,-0.014136634767055511,0.0036848424933850765,-0.013503793627023697,0.004311079625040293,0.0001494772732257843,-2.5425106287002563e-05,-0.000138208270072937,-0.00201324000954628,0.0020180354314590305,-0.015458556823432446,-0.14937342703342438,-0.2977316975593567,0.0472925566136837,0.3016112165342921,52.926190351,True,-5.085021257400513e-05,-0.00010067597031593323,-6.863847374916077e-05,-2.5052577257156372e-05,0.0001268278011499219,0.07532350718975067,0.11163996160030365,0.1137489378452301,0.11775828152894974,0.21122104658643667,ROA_1001_model49999_noise15,2646,2026-10-01_00-04-08,-0.010095154866576195,0.00296535762026906
0.000417931005358696,0.0004489440470933914,0.00028815120458602905,-0.0016433186829090118,0.001712484733093768,0.10494840890169144,-0.014688353054225445,-0.15451014041900635,0.18574948608875275,0.2550390207009663,7.865019142627716e-05,-7.478520274162292e-05,-0.00012656673789024353,-0.002131424844264984,0.0021363279758902336,0.05586165562272072,-0.03717653453350067,-0.18499045073986053,0.16932840645313263,0.2594169566579926,-0.012149842455983162,0.005130851175636053,-0.014362175017595291,0.003723521251231432,-0.013737473636865616,0.004357075784355402,0.00012177042663097382,2.6542693376541138e-05,-6.770715117454529e-05,-0.0021049752831459045,0.002106284663354392,-0.01629069447517395,-0.14708563685417175,-0.3035329282283783,0.04732980951666832,0.3072920903085588,52.946190685000005,True,-4.386529326438904e-05,-9.881332516670227e-05,-5.6996941566467285e-05,-2.6356428861618042e-05,0.00011926018752428503,0.07174815982580185,0.10979826748371124,0.11886189877986908,0.12207496166229248,0.21408395885567602,ROA_1001_model49999_noise15,2647,2026-10-01_00-04-08,-0.010646931827068329,0.003949843812733889
0.0003702472895383835,0.0004897359758615494,0.00038957223296165466,-0.001733284443616867,0.0018233155344030052,0.07964251190423965,0.011830589734017849,-0.13692769408226013,0.16838032007217407,0.22129383006265763,4.260800778865814e-05,-3.1711533665657043e-05,-3.511086106300354e-05,-0.0022195279598236084,0.0022200226545075275,0.0271750595420599,-0.013018026016652584,-0.16704294085502625,0.15092454850673676,0.22697456055363605,-0.012026751413941383,0.00536182289943099,-0.013859482482075691,0.0032859952189028263,-0.013166852295398712,0.003995041828602552,7.986091077327728e-05,6.84056431055069e-05,2.300366759300232e-05,-0.0021984800696372986,0.002199639772115584,-0.039979346096515656,-0.12096063792705536,-0.2902522683143616,0.026646068319678307,0.29319560071588674,52.966193258000004,True,-3.5390257835388184e-05,-0.0001019798219203949,-5.8300793170928955e-05,-2.207234501838684e-05,0.00011650598292900654,0.06714556366205215,0.10796123743057251,0.1232372522354126,0.1242961660027504,0.21510380222859085,ROA_1001_model49999_noise15,2648,2026-10-01_00-04-08,-0.010397927835583687,0.004469416569918394
0.00032708048820495605,0.0005223788321018219,0.0004897825419902802,-0.0018069520592689514,0.0019210646184746728,0.06794789433479309,0.02327794022858143,-0.12835393846035004,0.16091111302375793,0.20741505786834272,1.4342367649078369e-05,2.002343535423279e-06,6.30505383014679e-05,-0.0022854655981063843,0.002286335703706132,0.012150499038398266,-0.004585832357406616,-0.15807057917118073,0.1422334462404251,0.21298623117164095,-0.011252757161855698,0.004886187147349119,-0.012870138511061668,0.0023576579988002777,-0.012167295441031456,0.0030973278917372227,3.934837877750397e-05,0.00010896474123001099,0.0001191161572933197,-0.0022728927433490753,0.0022785151726898724,-0.050206199288368225,-0.1079845204949379,-0.2846326529979706,0.01742783933877945,0.28903179460840056,52.986189335000006,True,-2.658925950527191e-05,-0.00010682269930839539,-5.2712857723236084e-05,-1.210719347000122e-05,0.00011335718995988459,0.06235111132264137,0.10342197120189667,0.12659281492233276,0.12477859109640121,0.21344733040414968,ROA_1001_model49999_noise15,2649,2026-10-01_00-04-08,-0.009592758491635323,0.004143508616834879
0.00030868686735630035,0.0004273373633623123,0.0005130656063556671,-0.001766066998243332,0.0018689142761128862,0.058251429349184036,0.028891487047076225,-0.1235445886850357,0.15761981904506683,0.20075081095661576,2.1420419216156006e-06,-7.953494787216187e-05,7.962808012962341e-05,-0.0022351741790771484,0.002238006738466901,0.0007417983724735677,-0.00106077641248703,-0.15329569578170776,0.13714003562927246,0.20569041693583232,-0.009961053729057312,0.004081901628524065,-0.01149134524166584,0.0013418286107480526,-0.010762002319097519,0.0021390230394899845,2.3283064365386963e-05,2.6542693376541138e-05,0.00013438984751701355,-0.0022277235984802246,0.002231914598251083,-0.05824584141373634,-0.0995728150010109,-0.28230249881744385,0.013368203304708004,0.2883460752864615,53.006196068,True,-2.3283064365386963e-05,-0.00010747462511062622,-5.3923577070236206e-05,-5.774199962615967e-06,0.00011163581701383247,0.05896109715104103,0.09853485226631165,0.1290189027786255,0.12376903742551804,0.21092901152439988,ROA_1001_model49999_noise15,2650,2026-10-01_00-04-08,-0.008540354669094086,0.0031950087286531925
0.000249641016125679,0.00042887404561042786,0.0005479902029037476,-0.0018045306205749512,0.001917031522962795,0.03279140219092369,0.05149514973163605,-0.11174473166465759,0.1470465213060379,0.186021944229429,-4.3818727135658264e-05,-6.41215592622757e-05,9.015202522277832e-05,-0.0022629275918006897,0.0022655804739671894,-0.027670057490468025,0.01781480386853218,-0.1415591686964035,0.12421514093875885,0.19112422510431681,-0.008024023845791817,0.0031699840910732746,-0.009388783946633339,0.00013203127309679985,-0.008690929040312767,0.000945577397942543,-2.905726432800293e-05,5.029141902923584e-05,0.0001564621925354004,-0.002268236130475998,0.0022742246594236446,-0.07782457023859024,-0.07075769454240799,-0.2746993899345398,0.0006472691311500967,0.2861569367220086,53.02619944200001,True,-1.4808028936386108e-05,-0.00011627562344074249,-6.705522537231445e-05,5.029141902923584e-06,0.00011729168394188595,0.050150785595178604,0.08861953020095825,0.13314466178417206,0.12352223694324493,0.20643819226876248,ROA_1001_model49999_noise15,2651,2026-10-01_00-04-08,-0.0065615554340183735,0.002221063245087862
0.00021776650100946426,0.0003910856321454048,0.0005192123353481293,-0.0018018297851085663,0.0019022522090337952,0.02648494951426983,0.053407154977321625,-0.11575733870267868,0.15019066631793976,0.19156693793297103,-7.443595677614212e-05,-7.587950676679611e-05,2.346932888031006e-05,-0.0022483989596366882,0.0022497766063019164,-0.037371180951595306,0.016369856894016266,-0.14461390674114227,0.12577417492866516,0.195587881563111,-0.0065174647606909275,0.0025558462366461754,-0.00756841292604804,-0.0006512249819934368,-0.006976375821977854,0.00011384068056941032,-4.575122147798538e-05,3.83937731385231e-05,0.00010528601706027985,-0.0022720079869031906,0.002274806345250612,-0.07617101073265076,-0.061584167182445526,-0.2845809757709503,0.0006286426796577871,0.29501343970584765,53.04619395100001,True,-2.8801150619983673e-05,-0.00011532101780176163,-8.130446076393127e-05,2.491287887096405e-05,0.00011903416151477722,0.03878003731369972,0.07796473801136017,0.13999827206134796,0.12510456144809723,0.20483362578255684,ROA_1001_model49999_noise15,2652,2026-10-01_00-04-08,-0.005077071022242308,0.0015189549885690212
0.0001698499545454979,0.0004212604835629463,0.0005370005965232849,-0.0018751481547951698,0.0019838008383346204,0.01803319901227951,0.06096390634775162,-0.11842557787895203,0.1502416431903839,0.19505863695867018,-9.746290743350983e-05,-3.0011869966983795e-05,4.819594323635101e-06,-0.0023168977349996567,0.0023170948405602226,-0.05043507367372513,0.01951330341398716,-0.14473333954811096,0.12572109699249268,0.19840326188901006,-0.00510974507778883,0.0019358121789991856,-0.005620818119496107,-0.0016527953557670116,-0.005286744795739651,-0.0010185809805989265,-6.938353180885315e-05,0.00010149087756872177,0.00010242220014333725,-0.0023643020540475845,0.0023688228695901534,-0.07442431151866913,-0.04401383548974991,-0.2954590320587158,-0.006228219252079725,0.30515924339296885,53.066193708,True,-2.9476359486579895e-05,-0.00013320241123437881,-9.743962436914444e-05,4.868488758802414e-05,0.00014206045808765053,0.02396036684513092,0.06355275213718414,0.15073151886463165,0.13191577792167664,0.20927032430436035,ROA_1001_model49999_noise15,2653,2026-10-01_00-04-08,-0.0033760257065296173,0.0008440874516963959
0.0002436107024550438,0.0001778826117515564,0.0004160916432738304,-0.0017231330275535583,0.0017765277572835147,0.020428093150258064,0.04989956319332123,-0.12669780850410461,0.16055627167224884,0.20633036530316173,-2.3026950657367706e-05,-0.00026868656277656555,-0.00013569369912147522,-0.002166326157748699,0.002187250977633106,-0.05101225897669792,0.005273380782455206,-0.15309521555900574,0.1340133547782898,0.20781267008038465,-0.0031253895722329617,-0.0002315235324203968,-0.0033852546475827694,-0.003517807461321354,-0.0033469386398792267,-0.003043348900973797,9.685754776000977e-06,-0.00013005919754505157,-2.7194619178771973e-05,-0.0022218329831957817,0.002225795100273719,-0.06910879164934158,-0.05091214179992676,-0.30882421135902405,0.00046752390335313976,0.31664645321833723,53.086193145,True,-3.08966264128685e-05,-0.00013762619346380234,-0.00011213123798370361,5.53671270608902e-05,0.00014978673965990167,0.018089544028043747,0.05623767897486687,0.1557522863149643,0.1335141658782959,0.21136187125764913,ROA_1001_model49999_noise15,2654,2026-10-01_00-04-08,-0.001559192780405283,-0.0010922523215413094
0.00036724377423524857,-1.4388933777809143e-05,0.00024531036615371704,-0.0015552621334791183,0.0015761984416701887,0.016908161342144012,0.049096763134002686,-0.12585170567035675,0.166375994682312,0.2107004786137167,8.767237886786461e-05,-0.00046443892642855644,-0.0003178603947162628,-0.002011645119637251,0.0020849444356306496,-0.054062459617853165,0.004242174327373505,-0.15350081026554108,0.13713793456554413,0.2104212660007997,-0.0005006426945328712,-0.003072843886911869,-0.0013046690728515387,-0.005909731145948172,-0.0012188819237053394,-0.005389138124883175,0.00012172386050224304,-0.0003232969902455807,-0.00020833685994148254,-0.002051284536719322,0.0020850392775558424,-0.0734444409608841,-0.0515284463763237,-0.3095635771751404,0.008209608495235443,0.31818136242806067,53.106195046,True,-3.159511834383011e-05,-0.00014065299183130264,-0.00011079246178269386,3.905734047293663e-05,0.00014598093750984667,0.019354280084371567,0.05583162233233452,0.15609000623226166,0.12888827919960022,0.2087587677540303,ROA_1001_model49999_noise15,2655,2026-10-01_00-04-08,0.00043076276779174805,-0.0037317194510251284
0.000523705966770649,-0.0004436587914824486,6.075715646147728e-05,-0.0011722557246685028,0.0012801322232734885,0.04768604040145874,0.011514638550579548,-0.14879250526428223,0.1981518417596817,0.24858306470962127,0.00018922146409749985,-0.0009020790457725525,-0.000490719685330987,-0.001646712189540267,0.0019094451096081288,-0.01920154318213463,-0.029073793441057205,-0.18041841685771942,0.16228806972503662,0.24272510396705618,0.0008187165949493647,-0.00536291254684329,-0.00048193056136369705,-0.00779261440038681,-0.00021589873358607292,-0.007167677395045757,0.00023292377591133118,-0.0007796566933393478,-0.000382628059014678,-0.0016440171748399734,0.0018367777898647933,-0.05411333218216896,-0.09689991921186447,-0.3262042701244354,0.04954938590526581,0.3324839242230722,53.126197811000004,True,-4.377216100692749e-05,-0.0001239357516169548,-0.00010753865353763103,-3.725290298461914e-07,0.0001412997030814053,0.034928787499666214,0.06788037717342377,0.14580127596855164,0.11271040141582489,0.19716902513514134,ROA_1001_model49999_noise15,2656,2026-10-01_00-04-08,0.0011787529801949859,-0.005870843306183815
0.0006373971700668335,-0.0007434049621224403,-0.00013914541341364384,-0.000884645851328969,0.0012061466223736359,0.08991383761167526,-0.03603868931531906,-0.1924695521593094,0.2448175698518753,0.32277204034135254,0.00026440247893333435,-0.001191464252769947,-0.0007049820851534605,-0.0013359414879232645,0.001829127086395481,0.024005303159356117,-0.07584480941295624,-0.22578750550746918,0.2044454962015152,0.3123732169766684,0.001022373209707439,-0.0059111579321324825,-0.000540503766387701,-0.008342809043824673,-0.00010404898785054684,-0.007661722134798765,0.000332132913172245,-0.0010825926437973976,-0.0005722453352063894,-0.0013349403161555529,0.0017370813867847218,-0.015348660759627819,-0.14554917812347412,-0.3644425570964813,0.10377337038516998,0.3798989610506953,53.146199041,True,-7.015187293291092e-05,-0.00011103693395853043,-0.00013189855962991714,-1.752050593495369e-06,0.00016362506874755686,0.03936886414885521,0.06976909935474396,0.1386931985616684,0.10054726898670197,0.1866126952972538,ROA_1001_model49999_noise15,2657,2026-10-01_00-04-08,0.001195603283122182,-0.0062868548557162285
0.0007849652320146561,-0.0010597286745905876,-0.00034812837839126587,-0.0005660578608512878,0.0013478734716954668,0.12490804493427277,-0.07511698454618454,-0.22211308777332306,0.2767660617828369,0.3807513564891087,0.00035171397030353546,-0.0015035038813948631,-0.0009311363101005554,-0.0010021321941167116,0.001826072107201235,0.062344592064619064,-0.11192844063043594,-0.2575671374797821,0.23383471369743347,0.3687009730140697,0.0003573877038434148,-0.00619766628369689,-0.001438818173483014,-0.008377255871891975,-0.00094076176173985,-0.007698465138673782,0.0004459870979189873,-0.0014138873666524887,-0.0007738126441836357,-0.000990036642178893,0.0017284783199481971,0.011807306669652462,-0.18972623348236084,-0.38720840215682983,0.14353758096694946,0.4215208678772109,53.166195310000006,True,-9.685754776000977e-05,-8.968636393547058e-05,-0.00015443656593561172,-1.0011717677116394e-05,0.00019203245654209365,0.05058874189853668,0.0779121145606041,0.1296597719192505,0.09022454917430878,0.1806714530488245,ROA_1001_model49999_noise15,2658,2026-10-01_00-04-08,-0.00013273721560835838,-0.006619848310947418
0.0008897390216588974,-0.0012295087799429893,-0.0004911795258522034,-0.0003582681529223919,0.0015176737467250837,0.14166347682476044,-0.09399186074733734,-0.23426638543605804,0.292380690574646,0.40867672651594356,0.00041550956666469574,-0.0016624806448817253,-0.0010850024409592152,-0.0007911003194749355,0.00184481860808377,0.08231191337108612,-0.1271730214357376,-0.2713765501976013,0.24885089695453644,0.3965714285811483,-0.0005360089708119631,-0.005322472658008337,-0.0023776604793965816,-0.007422125898301601,-0.0018288823775947094,-0.006760855671018362,0.0005388865247368813,-0.001587369479238987,-0.0009116367436945438,-0.0007694587111473083,0.001767383749651343,0.02438155747950077,-0.21091847121715546,-0.3932605981826782,0.16552895307540894,0.4418620643693222,53.18619909900001,True,-0.00012386590242385864,-7.248017936944962e-05,-0.0001725275069475174,-2.1490268409252167e-05,0.00022099780901204292,0.05791755020618439,0.08375127613544464,0.12190651148557663,0.08329375833272934,0.17674636895573181,ROA_1001_model49999_noise15,2659,2026-10-01_00-04-08,-0.0016087910626083612,-0.005745909176766872
0.0009287381544709206,-0.00125436345115304,-0.0006140442565083504,-0.0002524815499782562,0.001570893839395518,0.14079372584819794,-0.09444122761487961,-0.23599199950695038,0.2966062128543854,0.41253037217242594,0.0004348461516201496,-0.0016738427802920341,-0.0012245727702975273,-0.0006931833922863007,0.0018142178436708655,0.08332262933254242,-0.12565334141254425,-0.2731471061706543,0.25411367416381836,0.4010481983805127,-0.0021014874801039696,-0.003851585788652301,-0.0036938879638910294,-0.0063099549151957035,-0.0031098173931241035,-0.005652177147567272,0.0005793990567326546,-0.001615285873413086,-0.0010266667231917381,-0.00066396314650774,0.0017572853232538173,0.024436157196760178,-0.21034687757492065,-0.39139458537101746,0.1724071204662323,0.44355520867066794,53.206198376,True,-0.000147323589771986,-5.9872400015592575e-05,-0.000195368193089962,-2.845190465450287e-05,0.0002517505725617017,0.059053998440504074,0.08517154306173325,0.11810100823640823,0.08126906305551529,0.17430895160578735,ROA_1001_model49999_noise15,2660,2026-10-01_00-04-08,-0.0032460750080645084,-0.004077914170920849
0.0009676092304289341,-0.0012786127626895905,-0.000698259100317955,-0.00015159603208303452,0.0016365239366255221,0.1359872967004776,-0.09117822349071503,-0.2325461208820343,0.2958734929561615,0.40773282797939553,0.00045921187847852707,-0.0017044367268681526,-0.0013162847608327866,-0.0006043119356036186,0.0018084302479271848,0.08099677413702011,-0.11895619332790375,-0.2701461613178253,0.2560941278934479,0.3980641608043316,-0.003764169290661812,-0.0026451589073985815,-0.005129985511302948,-0.00507869478315115,-0.00459410110488534,-0.004470714367926121,0.0006150105036795139,-0.0016546109691262245,-0.0011031050235033035,-0.000569317489862442,0.0017773335091841825,0.017870217561721802,-0.20968890190124512,-0.38446274399757385,0.17196474969387054,0.4359230381703081,53.226197205000005,True,-0.00015614787116646767,-5.0140079110860825e-05,-0.00021487940102815628,-3.4458935260772705e-05,0.0002717773765572223,0.06407708674669266,0.09223318099975586,0.11339899897575378,0.08261389285326004,0.17733804963842634,ROA_1001_model49999_noise15,2661,2026-10-01_00-04-08,-0.004569645039737225,-0.0026277147699147463
0.0010446412488818169,-0.0012998352758586407,-0.0007651746273040771,-0.00010456424206495285,0.00172236559632432,0.13574782013893127,-0.09314948320388794,-0.22719380259513855,0.29264527559280396,0.402788586554155,0.0005177920684218407,-0.0017419341020286083,-0.0013911398127675056,-0.0005682231858372688,0.0018351796915576832,0.08177733421325684,-0.1175427958369255,-0.2655121386051178,0.2566927373409271,0.3952511307083029,-0.005048473831266165,-0.0026510795578360558,-0.006636280100792646,-0.004942712374031544,-0.005928336177021265,-0.004188740160316229,0.0006839516572654247,-0.0016869627870619297,-0.0011688796803355217,-0.0005319714546203613,0.0018219163045560937,0.014365184120833874,-0.21500813961029053,-0.3778093755245209,0.16829253733158112,0.42857752777998526,53.246198178,True,-0.00016542617231607437,-5.4249539971351624e-05,-0.00022239983081817627,-3.6763958632946014e-05,0.00028403936104097,0.06765813380479813,0.09849923104047775,0.11196383088827133,0.08733569830656052,0.18347926620236013,ROA_1001_model49999_noise15,2662,2026-10-01_00-04-08,-0.00568000553175807,-0.0025667508598417044
0.0009311945177614689,-0.0011315802112221718,-0.0006346497684717178,-0.0002779066562652588,0.0014806249702602795,0.08880288153886795,-0.04545482620596886,-0.17339596152305603,0.23351888358592987,0.30457815556642753,0.00043265754356980324,-0.0015738653019070625,-0.0013069715350866318,-0.0007712747901678085,0.0017767204140758572,0.036020297557115555,-0.06855430454015732,-0.2101752758026123,0.2045915424823761,0.30246805505999913,-0.005901004653424025,-0.0015125987119972706,-0.0072616576217114925,-0.004481818992644548,-0.005998913664370775,-0.003342759795486927,0.0005856039933860302,-0.0014998018741607666,-0.001072091981768608,-0.0007386785000562668,0.0016735445545717903,-0.027175409719347954,-0.16177165508270264,-0.3334013521671295,0.10017351806163788,0.34889765911683457,53.266204272,True,-0.00015440164133906364,-7.314374670386314e-05,-0.00023646280169487,-3.427267074584961e-05,0.00029081847160459395,0.06307020783424377,0.09311560541391373,0.12334202975034714,0.10447482764720917,0.1953159001792458,ROA_1001_model49999_noise15,2663,2026-10-01_00-04-08,-0.006447292398661375,-0.0014180720318108797
0.000962521880865097,-0.001111102756112814,-0.0005800975486636162,-0.0003403518348932266,0.0014764123884871921,0.07515726238489151,-0.03310548886656761,-0.15275388956069946,0.21178972721099854,0.27078516765106353,0.0004511093720793724,-0.0015812227502465248,-0.0012578442692756653,-0.0008580507710576057,0.0018230777727011723,0.02328038588166237,-0.05446583777666092,-0.18876975774765015,0.1867760419845581,0.27119950439663054,-0.005543185397982597,-0.002444732002913952,-0.007118200417608023,-0.00541670760139823,-0.005410254932940006,-0.003923123702406883,0.0006098300218582153,-0.0014958903193473816,-0.001023290678858757,-0.0008158152922987938,0.0017050718917985257,-0.04368554428219795,-0.1520644873380661,-0.3142135441303253,0.07547484338283539,0.32324957897662787,53.286199485000004,True,-0.00015818513929843903,-8.756760507822037e-05,-0.00023508910089731216,-4.4284388422966003e-05,0.0002963415471217856,0.06655906140804291,0.0973946824669838,0.12578511238098145,0.11147302389144897,0.2039679336479812,ROA_1001_model49999_noise15,2664,2026-10-01_00-04-08,-0.005894290748983622,-0.002244594506919384
0.0009598210453987122,-0.0009933137334883213,-0.0005559995770454407,-0.00044582411646842957,0.0013833998357251109,0.07247389107942581,-0.030244698747992516,-0.1425817608833313,0.20070675015449524,0.2552901231297229,0.0004422035999596119,-0.0014798017218708992,-0.0012383097782731056,-0.0009681098163127899,0.0018204545631752903,0.020817037671804428,-0.05163752660155296,-0.17563392221927643,0.1799589842557907,0.2567145016360812,-0.00441455515101552,-0.00289022084325552,-0.006057757418602705,-0.005850684829056263,-0.004115571733564138,-0.004168336279690266,0.0006065121851861477,-0.0013804412446916103,-0.0010092975571751595,-0.0009313225746154785,0.0016674981003523184,-0.045998603105545044,-0.14831951260566711,-0.30588263273239136,0.06113573536276817,0.3124773891745581,53.306202698,True,-0.00016407575458288193,-9.98377799987793e-05,-0.00023264437913894653,-3.704335540533066e-05,0.000298467499335344,0.06674520671367645,0.09658117592334747,0.1303136795759201,0.11886376142501831,0.2107265771539303,ROA_1001_model49999_noise15,2665,2026-10-01_00-04-08,-0.004217064939439297,-0.0025039557367563248
0.0009675044566392899,-0.0007018214091658592,-0.0005233800038695335,-0.0006678979843854904,0.0011960813530859304,0.07020914554595947,-0.020596662536263466,-0.14501065015792847,0.19967670738697052,0.25369533278994943,0.00044244807213544846,-0.0012269942089915276,-0.0012070173397660255,-0.0012055505067110062,0.0018514022780140688,0.01831771805882454,-0.04484783485531807,-0.17645815014839172,0.1791708618402481,0.2554560578921928,-0.0029818792827427387,-0.003949657082557678,-0.00550392922013998,-0.006636063102632761,-0.0033068712800741196,-0.004720199853181839,0.0006159301847219467,-0.0010975869372487068,-0.0009777722880244255,-0.0011666212230920792,0.0016496875759182744,-0.04639359936118126,-0.13886600732803345,-0.30715832114219666,0.057322900742292404,0.31328564547734605,53.326199831000004,True,-0.00017385464161634445,-0.0001280568540096283,-0.00023068860173225403,-3.871973603963852e-05,0.0003097032749748346,0.06466661393642426,0.0940256267786026,0.13079866766929626,0.12183351814746857,0.21103470065806207,ROA_1001_model49999_noise15,2666,2026-10-01_00-04-08,-0.0021636211313307285,-0.0034708171151578426
0.000909389927983284,-0.0004438217729330063,-0.00043031759560108185,-0.000863964669406414,0.0010122427182316924,0.06495613604784012,-0.009265728294849396,-0.14035868644714355,0.19139167666435242,0.24190708534011657,0.0003891764208674431,-0.0009817536920309067,-0.0011235475540161133,-0.0014231307432055473,0.001910767826005446,0.012872157618403435,-0.03567139804363251,-0.16893282532691956,0.1739715188741684,0.24495624412697792,-0.0029288833029568195,-0.003643500152975321,-0.0058258106000721455,-0.006266972981393337,-0.003581735771149397,-0.004261920694261789,0.0005672103725373745,-0.000836013350635767,-0.0008955365046858788,-0.0013785669580101967,0.0017091043368110727,-0.0482972227036953,-0.12503446638584137,-0.30568286776542664,0.043950971215963364,0.3105929045476457,53.346206884000004,True,-0.00017795246094465256,-0.00014872057363390923,-0.00022798776626586914,-4.3958425521850586e-05,0.0003177363284798657,0.0611012764275074,0.08936342597007751,0.13685016334056854,0.12998072803020477,0.21668093909717795,ROA_1001_model49999_noise15,2667,2026-10-01_00-04-08,-0.001984627451747656,-0.0032074102200567722
0.0008114846423268318,-0.00017182901501655579,-0.0003055669367313385,-0.0010916264727711678,0.00113625134993869,0.05266908183693886,0.006840796675533056,-0.13429974019527435,0.18024256825447083,0.22633704991441952,0.0003027264028787613,-0.0007113674655556679,-0.00102948397397995,-0.001688580960035324,0.0020334337116026937,9.76724477368407e-05,-0.021290265023708344,-0.15882635116577148,0.16749952733516693,0.23135172095653242,-0.003417595289647579,-0.002560000168159604,-0.005977825727313757,-0.0051487889140844345,-0.0040846215561032295,-0.0033326735720038414,0.00048533547669649124,-0.0005463487468659878,-0.0007885508239269257,-0.0016387319192290306,0.0018436304138285866,-0.05483836680650711,-0.10446260869503021,-0.30715763568878174,0.02408423274755478,0.31206648971351386,53.366201329000006,True,-0.00018309801816940308,-0.00016477424651384354,-0.00023974571377038956,-5.213078111410141e-05,0.00033603995982650246,0.0549311488866806,0.08320552110671997,0.14833220839500427,0.14340946078300476,0.22831327779083094,ROA_1001_model49999_noise15,2668,2026-10-01_00-04-08,-0.0021988810040056705,-0.0020689526572823524
0.0007719616405665874,-6.28642737865448e-05,-0.00020693987607955933,-0.0011975644156336784,0.0012186240722037998,0.04105234891176224,0.020635778084397316,-0.12508615851402283,0.17082270979881287,0.2118668055684903,0.00026210909709334373,-0.0006161630153656006,-0.0009317183867096901,-0.0018145889043807983,0.002087161847571206,-0.011603696271777153,-0.007420544978231192,-0.14907562732696533,0.16032926738262177,0.21894091953429642,-0.0032686451449990273,-0.0026416070759296417,-0.0055273412726819515,-0.0049461075104773045,-0.004033820237964392,-0.003319066483527422,0.0004438101314008236,-0.0004429137334227562,-0.0006891088560223579,-0.0017547514289617538,0.0019033706394638123,-0.0661344900727272,-0.09157636016607285,-0.29930704832077026,0.011003109626471996,0.3066720224464815,53.386205503000006,True,-0.00018425052985548973,-0.00017570564523339272,-0.00024153850972652435,-5.902256816625595e-05,0.0003438273784112731,0.05450751259922981,0.08417339622974396,0.1502525955438614,0.1493082344532013,0.23356445843319137,ROA_1001_model49999_noise15,2669,2026-10-01_00-04-08,-0.0019389642402529716,-0.0020735005382448435
0.0007085269317030907,7.182825356721878e-05,-0.00011690426617860794,-0.0013432931154966354,0.0013572723710897734,0.03755674511194229,0.0268050916492939,-0.12589500844478607,0.16985273361206055,0.21142427964854177,0.00020881416276097298,-0.0004764529876410961,-0.0008613104000687599,-0.0019896309822797775,0.0021977016338536118,-0.017201410606503487,-0.0034268011804670095,-0.1477023959159851,0.16198469698429108,0.2194025289372325,-0.002764094155281782,-0.002231283811852336,-0.004796404857188463,-0.004385131411254406,-0.0035959817469120026,-0.0028788908384740353,0.0003943336196243763,-0.00029439106583595276,-0.0006109010428190231,-0.0019213883206248283,0.0020229491707709304,-0.06512773036956787,-0.08273369073867798,-0.30590081214904785,0.0032181849237531424,0.31309684844101554,53.406201452000005,True,-0.00018721912056207657,-0.00018321443349123,-0.0002466607838869095,-6.784684956073761e-05,0.0003544901249304195,0.047959037125110626,0.07934227585792542,0.1581534594297409,0.15873391926288605,0.24163408971007763,ROA_1001_model49999_noise15,2670,2026-10-01_00-04-08,-0.0014045159332454205,-0.001652838895097375
0.0007407041266560555,-6.5658241510391235e-06,-0.00012998934835195541,-0.001307344064116478,0.001316260809623145,0.04696589708328247,0.016398495063185692,-0.13411091268062592,0.17970938980579376,0.22475551436733973,0.00023778993636369705,-0.000549189280718565,-0.0008721370249986649,-0.001965230330824852,0.0021895493296650607,-0.007957336492836475,-0.013837357051670551,-0.1561013013124466,0.17173051834106445,0.23212706107145473,-0.001915100496262312,-0.0025128342676907778,-0.003971343394368887,-0.004318990744650364,-0.0029863775707781315,-0.002894185483455658,0.00042209867388010025,-0.00037247082218527794,-0.0006254995241761208,-0.0018902122974395752,0.0020041179191752257,-0.05651206895709038,-0.09417778253555298,-0.3147648870944977,0.011823371984064579,0.3198406014122693,53.426203513000004,True,-0.00018791761249303818,-0.00017444835975766182,-0.0002443324774503708,-7.520429790019989e-05,0.00035296404765099404,0.048554617911577225,0.08036405593156815,0.1586759388446808,0.15985988080501556,0.24316262397429123,ROA_1001_model49999_noise15,2671,2026-10-01_00-04-08,-0.0006634790915995836,-0.0019642047118395567
0.0006953254342079163,4.457542672753334e-05,-8.882489055395126e-05,-0.0013752840459346771,0.001382001563191735,0.05076068639755249,0.013856449164450169,-0.14235834777355194,0.18666288256645203,0.23562053954952153,0.00020657898858189583,-0.00048349611461162567,-0.0008436152711510658,-0.0020477804355323315,0.0022460352440320133,-0.00690901605412364,-0.018822144716978073,-0.1623619943857193,0.18012546002864838,0.24268206316955315,-0.00162535160779953,-0.0019998543430119753,-0.003471727017313242,-0.003645096905529499,-0.0028137732297182083,-0.0023878253996372223,0.00039119040593504906,-0.0003096298314630985,-0.0005998415872454643,-0.0019729486666619778,0.00207060055711349,-0.048827145248651505,-0.09410490095615387,-0.32818838953971863,0.013689626008272171,0.33180086241407697,53.446202534,True,-0.00018541468307375908,-0.0001744716428220272,-0.00024402979761362076,-7.561175152659416e-05,0.00035140085905487013,0.04192231968045235,0.07529021054506302,0.1658301204442978,0.16643443703651428,0.24927474359630414,ROA_1001_model49999_noise15,2672,2026-10-01_00-04-08,-0.0001268424093723297,-0.0012903218157589436
0.000715313944965601,-2.3259781301021576e-05,-0.00011511147022247314,-0.0013488810509443283,0.0013545090958825042,0.04973646625876427,0.015108146704733372,-0.14791648089885712,0.19378726184368134,0.2444923144310316,0.0002314336597919464,-0.0005495967343449593,-0.0008690287359058857,-0.0020166742615401745,0.0022359399524243067,-0.00978016760200262,-0.01856253854930401,-0.1679840385913849,0.1861432045698166,0.2508395938833929,-0.001430694479495287,-0.0022187165450304747,-0.003470445517450571,-0.0037248656153678894,-0.0028582350350916386,-0.0024913116358220577,0.0004100147634744644,-0.0003782333806157112,-0.0006271293386816978,-0.0019499449990689754,0.0020625489675808336,-0.04949350655078888,-0.09391095489263535,-0.3340246379375458,0.02021843008697033,0.33773414248963324,53.466208243000004,True,-0.00017898855730891228,-0.00017083948478102684,-0.00023936154320836067,-6.833579391241074e-05,0.00034075220935491594,0.03968947380781174,0.07538904249668121,0.16604794561862946,0.16586889326572418,0.2485416696901218,ROA_1001_model49999_noise15,2673,2026-10-01_00-04-08,0.00031104928348213434,-0.0013772242236882448
0.0006789108738303185,-1.3527460396289825e-05,-0.00010507646948099136,-0.0013899989426136017,0.00139463185202492,0.05773105472326279,0.00716501334682107,-0.16057932376861572,0.20404881238937378,0.26145746102909545,0.00022405292838811874,-0.0005166628398001194,-0.0008777482435107231,-0.002067326568067074,0.002280310353817155,-0.005646608304232359,-0.029135843738913536,-0.17753370106220245,0.19733105599880219,0.2660453550744396,-0.0017888648435473442,-0.0012734176125377417,-0.003581999335438013,-0.0029807102400809526,-0.0030990131199359894,-0.0018003478180617094,0.00039278529584407806,-0.0003504334017634392,-0.0006295507773756981,-0.002010841853916645,0.0021188399944281236,-0.03439723327755928,-0.09791249781847,-0.35339081287384033,0.02499832585453987,0.3554230859087193,53.486207745,True,-0.00017201527953147888,-0.00016707926988601685,-0.00024586915969848633,-5.41098415851593e-05,0.00033445475881931476,0.02877146378159523,0.068830206990242,0.17584708333015442,0.1722896695137024,0.25571520579543944,ROA_1001_model49999_noise15,2674,2026-10-01_00-04-08,0.00020465324632823467,-0.00031581008806824684
0.0008175848051905632,-0.0004052650183439255,-0.00023873290047049522,-0.0010412884876132011,0.001123075980013091,0.0847591981291771,-0.028750741854310036,-0.18539127707481384,0.23600760102272034,0.3095697962789115,0.0003336346708238125,-0.0009279581718146801,-0.0009580398909747601,-0.0017146812751889229,0.002082860473942594,0.025046754628419876,-0.06005540117621422,-0.20576581358909607,0.22535490989685059,0.31127690618109133,-0.0012165270745754242,-0.0024845802690833807,-0.003468757960945368,-0.0035984087735414505,-0.002952820621430874,-0.0024877027608454227,0.0005050096660852432,-0.000778853427618742,-0.0007345341145992279,-0.0016400008462369442,0.0018805030177128877,-0.018197810277342796,-0.14383089542388916,-0.3668179214000702,0.06579840183258057,0.3727609875903485,53.506209422000005,True,-0.00017301645129919052,-0.00014899997040629387,-0.00022366875782608986,-7.57165253162384e-05,0.00032243012190493603,0.043235599994659424,0.08381239324808121,0.16107478737831116,0.15952961146831512,0.24404223789544327,ROA_1001_model49999_noise15,2675,2026-10-01_00-04-08,0.0004455671878531575,-0.0014624204486608505
0.00104858772829175,-0.0009476323612034321,-0.00041067833080887794,-0.0005944049917161465,0.0014175233741609938,0.12844590842723846,-0.08408806473016739,-0.22447189688682556,0.28011423349380493,0.3879131452431278,0.0005159061402082443,-0.00148797407746315,-0.0010938732884824276,-0.001265527680516243,0.0019918467076319403,0.07246341556310654,-0.10991805791854858,-0.24812865257263184,0.2653904855251312,0.3858736040400023,-0.0008168506901711226,-0.003295447211712599,-0.0037032784894108772,-0.003855946008116007,-0.0031011984683573246,-0.002743952441960573,0.000699702650308609,-0.0013541430234909058,-0.0008887029252946377,-0.0011545023880898952,0.00178040437975916,0.012714182026684284,-0.20982405543327332,-0.3957953155040741,0.12112699449062347,0.4221862616738252,53.52620549900001,True,-0.0001858919858932495,-0.0001341337338089943,-0.00020401785150170326,-0.0001119798980653286,0.00032604747919655564,0.0597386360168457,0.09992112964391708,0.1476900577545166,0.14423158764839172,0.235559694838665,ROA_1001_model49999_noise15,2676,2026-10-01_00-04-08,0.00019102194346487522,-0.0024991652462631464
0.001191580668091774,-0.0012313248589634895,-0.0005111563950777054,-0.0003998284228146076,0.0017150612676183157,0.14885711669921875,-0.10922271013259888,-0.23485147953033447,0.2934102416038513,0.41648499387485594,0.0006268732249736786,-0.0017829122953116894,-0.0011867843568325043,-0.0010695308446884155,0.0020812881570596233,0.09423377364873886,-0.1322452425956726,-0.26101210713386536,0.2752346694469452,0.4120881268547935,-4.1667837649583817e-05,-0.0031918836757540703,-0.0028215013444423676,-0.003664436750113964,-0.0022188439033925533,-0.002590589225292206,0.0008142786100506783,-0.0016562058590352535,-0.0009876792319118977,-0.0009420793503522873,0.0019273672074797512,0.025298910215497017,-0.2415831983089447,-0.4027641713619232,0.13924506306648254,0.44233975099832223,53.54621796,True,-0.00018710270524024963,-0.0001262873411178589,-0.0001982436515390873,-0.00012849923223257065,0.00032674037807392883,0.06885278970003128,0.10934273898601532,0.14181631803512573,0.13596971333026886,0.23367650208106439,ROA_1001_model49999_noise15,2677,2026-10-01_00-04-08,0.0004046378890052438,-0.002662674291059375
0.001281325239688158,-0.0013352138921618462,-0.0006227986887097359,-0.0003075809217989445,0.001864061722571142,0.1519584208726883,-0.11115974932909012,-0.23811385035514832,0.29866623878479004,0.4235003008005967,0.0006988411769270897,-0.0018812716007232666,-0.0013053824659436941,-0.0009715498890727758,0.00211755381978443,0.09915301948785782,-0.13253767788410187,-0.2652775049209595,0.2787431478500366,0.4185026721195635,0.0005546073662117124,-0.0024095377884805202,-0.002147706225514412,-0.003026963910087943,-0.0015318312216550112,-0.0019570132717490196,0.0008926261216402054,-0.0017637386918067932,-0.0011012714821845293,-0.0008407107088714838,0.0020065206320195425,0.02617342211306095,-0.24446076154708862,-0.40460848808288574,0.1469086855649948,0.44800471481521364,53.566207861,True,-0.00019422732293605804,-0.00011846423149108887,-0.00020470470190048218,-0.0001293024979531765,0.0003322264535614703,0.07296167314052582,0.11194636672735214,0.13932666182518005,0.13182120025157928,0.2323399736765722,ROA_1001_model49999_noise15,2678,2026-10-01_00-04-08,0.000633878749795258,-0.0020931470207870007
0.0012469710782170296,-0.0012873904779553413,-0.0006631831638514996,-0.0002996239345520735,0.0018119104045383845,0.14024366438388824,-0.0967087671160698,-0.24228373169898987,0.30137020349502563,0.4201629333043661,0.0006798887625336647,-0.001823226921260357,-0.001370313111692667,-0.0009528885129839182,0.0020577812600935824,0.08619832247495651,-0.11981766670942307,-0.2685580253601074,0.28064921498298645,0.4150947286107051,0.000744390650652349,-0.0008245198987424374,-0.0016814335249364376,-0.0019298805855214596,-0.0012086951173841953,-0.000953329261392355,0.0008761882781982422,-0.0017040176317095757,-0.0011465337593108416,-0.0008362811058759689,0.0019421484003856093,0.019473256543278694,-0.22641754150390625,-0.4100531041622162,0.1495198756456375,0.44959083744232115,53.586209698000005,True,-0.00019578728824853897,-0.00011641532182693481,-0.00022249878384172916,-0.0001186795998364687,0.00033972657862166506,0.06671924889087677,0.10661756992340088,0.14163634181022644,0.13116420805454254,0.2287202111507702,ROA_1001_model49999_noise15,2679,2026-10-01_00-04-08,0.0010396664729341865,-0.00021973764523863792
0.00121390912681818,-0.0011887867003679276,-0.000676856143400073,-0.00030792434699833393,0.0017241144160066095,0.13322056829929352,-0.08553126454353333,-0.24559685587882996,0.3027471601963043,0.41821230802061077,0.0006604008376598358,-0.0017218291759490967,-0.0013900687918066978,-0.0009343435522168875,0.0019634866572179506,0.0767928957939148,-0.11082342267036438,-0.27164268493652344,0.2817519009113312,0.4134408979612572,0.0005014217458665371,9.875046089291573e-05,-0.001926786731928587,-0.0012268845457583666,-0.001676166895776987,-0.00038666557520627975,0.0008590752258896828,-0.001604272983968258,-0.0011483614798635244,-0.0008414790499955416,0.001845908008712422,0.018023885786533356,-0.212833970785141,-0.4115216135978699,0.15140487253665924,0.4497811218880813,53.606209552,True,-0.00019951257854700089,-0.00011927913874387741,-0.00023930915631353855,-9.121140465140343e-05,0.0003445568480543278,0.05875644087791443,0.10211695730686188,0.13989046216011047,0.13036413490772247,0.2226175834803478,ROA_1001_model49999_noise15,2680,2026-10-01_00-04-08,0.0010681395651772618,0.0010172044858336449
0.0012235483154654503,-0.0011806143447756767,-0.0007344991900026798,-0.0002601882442831993,0.0017421352246223356,0.13014091551303864,-0.08126185089349747,-0.25174659490585327,0.3073190748691559,0.42335778002275337,0.000677863135933876,-0.0017106998711824417,-0.0014345860108733177,-0.0008727191016077995,0.0019223362508811387,0.07258401811122894,-0.10722828656435013,-0.279011994600296,0.28505825996398926,0.4187920612443961,-0.000642105471342802,0.0005658385343849659,-0.0028776968829333782,-0.0010593277402222157,-0.002889217808842659,-0.0003985762596130371,0.0008759088814258575,-0.0015919096767902374,-0.001188239548355341,-0.0007864669896662235,0.00182635381688853,0.016975216567516327,-0.20809656381607056,-0.41300928592681885,0.15961413085460663,0.4538896339794957,53.626209021,True,-0.0001986045390367508,-0.00011872034519910812,-0.00024782493710517883,-8.874339982867241e-05,0.00034883693385974414,0.05557597428560257,0.10085570812225342,0.13403663039207458,0.1254187673330307,0.21453351281633612,ROA_1001_model49999_noise15,2681,2026-10-01_00-04-08,5.5311014875769615e-05,0.001603124663233757
0.0013126060366630554,-0.0013330485671758652,-0.0007276656106114388,-0.0001766369678080082,0.001914863909904961,0.1342850625514984,-0.08844024688005447,-0.2544816732406616,0.313795268535614,0.43246020434672794,0.0007439404726028442,-0.0018855324015021324,-0.0014003016985952854,-0.000817782711237669,0.002064452644489209,0.07939035445451736,-0.11037825047969818,-0.2852991223335266,0.29071909189224243,0.42896964630267326,-0.0015111209359019995,0.0004156939685344696,-0.0033939722925424576,-0.0011274716816842556,-0.0033902721479535103,-0.0005766558460891247,0.0009442446753382683,-0.001768604852259159,-0.001161650288850069,-0.0006873160600662231,0.0020064781262851255,0.013608717359602451,-0.222341850399971,-0.4093863368034363,0.17093318700790405,0.45689031699273586,53.646210442000005,True,-0.0002014683559536934,-0.00011853408068418503,-0.00023795291781425476,-0.00013023382052779198,0.0003580391981332098,0.06579351425170898,0.1120099276304245,0.12414203584194183,0.11983443051576614,0.2141401984358367,ROA_1001_model49999_noise15,2682,2026-10-01_00-04-08,-0.001283837715163827,0.0011140359565615654
0.001399405300617218,-0.0014559831470251083,-0.0007918686605989933,-9.773066267371178e-05,0.0020810450526923866,0.14506489038467407,-0.10139401257038116,-0.25712522864341736,0.31932303309440613,0.44421473760575936,0.0008091796189546585,-0.002012890763580799,-0.0014614546671509743,-0.0007377355359494686,0.0021796022744966018,0.09061535447835922,-0.12198182940483093,-0.2913232743740082,0.293405145406723,0.4400374262469727,-0.0007321641314774752,-0.00010983319953083992,-0.0028290217742323875,-0.0015006889589130878,-0.0026501258835196495,-0.0008398080244660378,0.0010182848200201988,-0.0018914462998509407,-0.0012208358384668827,-0.0005888170562684536,0.0021495331967599086,0.021388519555330276,-0.23708374798297882,-0.40900763869285583,0.18235574662685394,0.46621497348625,53.666212951000006,True,-0.00020863953977823257,-0.00012007076293230057,-0.0002387561835348606,-0.00014863908290863037,0.00037014243567614616,0.06917374581098557,0.11507072299718857,0.11778657138347626,0.11110863834619522,0.20845299906847733,ROA_1001_model49999_noise15,2683,2026-10-01_00-04-08,-0.0015833009965717793,-0.00045452313497662544
0.0014563091099262238,-0.0015560770407319069,-0.0007670838385820389,-9.44710336625576e-05,0.0021835449981085103,0.15461933612823486,-0.11169909685850143,-0.26127275824546814,0.3241938352584839,0.45567158681832504,0.0008421018719673157,-0.0021297717466950417,-0.0014427932910621166,-0.0007594120688736439,0.00230352238988187,0.10076071321964264,-0.1302591860294342,-0.2985725700855255,0.29677313566207886,0.45160145592148415,-0.00016762549057602882,-0.0001900247298181057,-0.002204500138759613,-0.001740804174914956,-0.0018436568789184093,-0.001003543846309185,0.0010514399036765099,-0.0020049279555678368,-0.001204910222440958,-0.0005812733434140682,0.002264585277098421,0.025747109204530716,-0.2519616186618805,-0.41305819153785706,0.1884417086839676,0.476320587984206,53.686212868000005,True,-0.00021113082766532898,-0.00012295786291360855,-0.0002389540895819664,-0.00017919810488820076,0.0003852589693787272,0.07500685751438141,0.12172594666481018,0.11449295282363892,0.10825750976800919,0.2109773406859856,ROA_1001_model49999_noise15,2684,2026-10-01_00-04-08,-0.0018642758950591087,-0.0014577838592231274
0.0014421762898564339,-0.0015514669939875603,-0.0008226023055613041,-5.6566204875707626e-05,0.002186592537857436,0.1516246646642685,-0.1085926741361618,-0.26481813192367554,0.3271932899951935,0.4581426696332889,0.0008365139365196228,-0.002114078961312771,-0.0014964432921260595,-0.0007210182957351208,0.002280244104204559,0.09761633723974228,-0.12819677591323853,-0.30401062965393066,0.29760608077049255,0.45439896761363274,0.00045496528036892414,0.00047212420031428337,-0.0014979243278503418,-0.0014390535652637482,-0.0010852920822799206,-0.0006997799500823021,0.0010497402399778366,-0.0019941944628953934,-0.0012538512237370014,-0.0005454639904201031,0.0022571992546730527,0.026973428204655647,-0.24582886695861816,-0.41639024019241333,0.1919371336698532,0.479984453774289,53.706215122,True,-0.000214320607483387,-0.00012046657502651215,-0.00024338369257748127,-0.00017497222870588303,0.00038710441857866493,0.07142731547355652,0.11924467235803604,0.1115952581167221,0.1039983406662941,0.20435940515908643,ROA_1001_model49999_noise15,2685,2026-10-01_00-04-08,-0.001274310052394867,-0.000897593330591917
0.0013431767001748085,-0.0014471588656306267,-0.0008038943633437157,-7.852213457226753e-05,0.0020406347623724355,0.12684565782546997,-0.08358456939458847,-0.2472846359014511,0.30870553851127625,0.42142645696972186,0.0007692258805036545,-0.0019923318177461624,-0.001472898293286562,-0.0007444992661476135,0.002150723923920881,0.07362709939479828,-0.10300450772047043,-0.28738588094711304,0.27902841567993164,0.4195381211593465,7.874099537730217e-06,0.0008910777978599072,-0.0019316570833325386,-0.0014256818685680628,-0.0014092291239649057,-0.0006565600633621216,0.0009712064638733864,-0.0018796417862176895,-0.0012274016626179218,-0.0005751033313572407,0.0021168282431262347,0.006396555807441473,-0.21736159920692444,-0.39807453751564026,0.172895610332489,0.4460623380291945,53.726217599,True,-0.00019848812371492386,-0.00011431984603404999,-0.0002484419383108616,-0.00016846461221575737,0.0003773488425832422,0.06659025698900223,0.11430354416370392,0.11121341586112976,0.1060955673456192,0.20083224432105906,ROA_1001_model49999_noise15,2686,2026-10-01_00-04-08,-0.0011509873438626528,-2.8122682124376297e-05
0.0012871809303760529,-0.0013935379683971405,-0.0008452101610600948,-3.988388925790787e-05,0.0019825097430635047,0.10514398664236069,-0.06405822932720184,-0.23338919878005981,0.29539141058921814,0.3939715849541327,0.0007334398105740547,-0.0019378727301955223,-0.0014939694665372372,-0.000703462865203619,0.0020827145302177623,0.05188421159982681,-0.0835256576538086,-0.27452874183654785,0.265279084444046,0.3935288733158107,-0.0007438457105308771,0.0005725622177124023,-0.0029320050962269306,-0.0018451509531587362,-0.002225604373961687,-0.0009618806652724743,0.000929669477045536,-0.0018259743228554726,-0.001253979280591011,-0.0005387933924794197,0.0020524518098511517,-0.013309064321219921,-0.196865975856781,-0.38108623027801514,0.16102507710456848,0.4199012533082344,53.746212588000006,True,-0.00019527506083250046,-0.00011248048394918442,-0.00024243490770459175,-0.00016567064449191093,0.0003698876530999191,0.06505054980516434,0.11320994049310684,0.10671396553516388,0.1043773889541626,0.1964824385990544,ROA_1001_model49999_noise15,2687,2026-10-01_00-04-08,-0.0012001520954072475,0.00013934168964624405
0.0012949341908097267,-0.0013406388461589813,-0.0008827890269458294,-5.3551048040390015e-05,0.001961758791420932,0.09666220098733902,-0.057232797145843506,-0.2253110110759735,0.28731778264045715,0.38000384348680555,0.0007448252290487289,-0.0018912367522716522,-0.0015086843632161617,-0.0007107504643499851,0.0020412335838530865,0.043386124074459076,-0.07603084295988083,-0.26688385009765625,0.25681963562965393,0.37982384511062034,-0.0013651975896209478,-0.00010287994518876076,-0.003695512656122446,-0.002517329528927803,-0.00290639977902174,-0.001565367914736271,0.000932975672185421,-0.0017819460481405258,-0.001278519630432129,-0.000547443050891161,0.002016905888896019,-0.024082370102405548,-0.19168363511562347,-0.37085333466529846,0.1545770764350891,0.4059403045206775,53.766214297000005,True,-0.00019024591892957687,-0.00011159572750329971,-0.0002295011654496193,-0.00016426201909780502,0.00035784298609017255,0.06736186146736145,0.11557130515575409,0.10410614311695099,0.10232824832201004,0.19625993009780465,ROA_1001_model49999_noise15,2688,2026-10-01_00-04-08,-0.0016638413071632385,-0.0004982803948223591
0.0013455050066113472,-0.0013459473848342896,-0.0009455019608139992,-3.655441105365753e-05,0.002022403511635089,0.09670434147119522,-0.0584237240254879,-0.21203140914440155,0.2752470076084137,0.36324740766082214,0.0007844297215342522,-0.0019118888303637505,-0.0015534227713942528,-0.0006906688213348389,0.0020683651731899194,0.044694866985082626,-0.07578358054161072,-0.2542233467102051,0.24505889415740967,0.3631806954261263,-0.0017404761165380478,-0.0010176356881856918,-0.004093080759048462,-0.003202374093234539,-0.003208043985068798,-0.0021629624534398317,0.000973767600953579,-0.0017957529053092003,-0.0013357028365135193,-0.0005248235538601875,0.002057186379791566,-0.027544328942894936,-0.1943540871143341,-0.3561619520187378,0.1432020217180252,0.3876401866521654,53.786214406000006,True,-0.00019059516489505768,-0.00011550728231668472,-0.00021597370505332947,-0.00016782432794570923,0.00035224801202742695,0.07251626253128052,0.11940695345401764,0.10164511948823929,0.10103196650743484,0.19866926351200823,ROA_1001_model49999_noise15,2689,2026-10-01_00-04-08,-0.0022917529568076134,-0.0017584741581231356
0.0013892538845539093,-0.00127407256513834,-0.0009443261660635471,-0.00011010561138391495,0.001999267478205676,0.08792522549629211,-0.04786054790019989,-0.19242718815803528,0.2547214925289154,0.33220027956485443,0.0008204136975109577,-0.001856870949268341,-0.0015424215234816074,-0.0007674098014831543,0.002035367289504047,0.03838573768734932,-0.06353913247585297,-0.2350546270608902,0.2256019413471222,0.33362224488233294,-0.001565856160596013,-0.0017416523769497871,-0.003704110626131296,-0.0038451850414276123,-0.0028177076019346714,-0.0027991272509098053,0.0010089250281453133,-0.0017356942407786846,-0.0013403361663222313,-0.0005973619408905506,0.002020435194949394,-0.038709606975317,-0.18388335406780243,-0.33683595061302185,0.1216462031006813,0.3594211399960842,53.806213587,True,-0.00018974533304572105,-0.00012195669114589691,-0.00020221341401338577,-0.00017182901501655579,0.00034751958409553156,0.07800338417291641,0.12226786464452744,0.10083883255720139,0.10204372555017471,0.2028580107014428,ROA_1001_model49999_noise15,2690,2026-10-01_00-04-08,-0.002388807013630867,-0.0027187755331397057
0.001395645085722208,-0.0012234784662723541,-0.0009545939974486828,-0.00013901153579354286,0.0019747526875293396,0.07835006713867188,-0.03930565342307091,-0.18083152174949646,0.24101392924785614,0.31151641198957786,0.0008287373930215836,-0.00181498471647501,-0.0015505822375416756,-0.0008207047358155251,0.0020062753250881774,0.029895685613155365,-0.05408981442451477,-0.22347968816757202,0.21316435933113098,0.31443807333564466,-0.0014317724853754044,-0.0024095934350043535,-0.0033816401846706867,-0.0045998129062354565,-0.002442670986056328,-0.003500967286527157,0.0010160496458411217,-0.0016854843124747276,-0.0013552838936448097,-0.0006381305865943432,0.0019817192769011932,-0.04807847738265991,-0.17501087486743927,-0.32566893100738525,0.10614154487848282,0.3426763484728814,53.826214753,True,-0.0001862761564552784,-0.0001278822310268879,-0.00019705621525645256,-0.00018423888832330704,0.00035093092540655315,0.07887615263462067,0.12283957749605179,0.10130530595779419,0.10511348396539688,0.2054604052542079,ROA_1001_model49999_noise15,2691,2026-10-01_00-04-08,-0.002340917941182852,-0.0034651667810976505
0.001406623050570488,-0.0012025819160044193,-0.0009550945833325386,-0.00015113037079572678,0.001970443245930979,0.0775090828537941,-0.039834409952163696,-0.17238034307956696,0.23398558795452118,0.3010943811077683,0.0008293543942272663,-0.0018081162124872208,-0.0015525729395449162,-0.0008573988452553749,0.002008656318175787,0.030647030100226402,-0.052146609872579575,-0.2151176929473877,0.20822881162166595,0.3050278742736758,-0.0013184337876737118,-0.0036663045175373554,-0.003357773181051016,-0.005481093190610409,-0.0024453233927488327,-0.004385227337479591,0.001017248723655939,-0.0016735401004552841,-0.001361581962555647,-0.0006593414582312107,0.0019710938746948185,-0.052569083869457245,-0.17778387665748596,-0.31728842854499817,0.09788339585065842,0.3320541900243672,53.846214702000005,True,-0.00018869759514927864,-0.00013451790437102318,-0.00018886057659983635,-0.00019671861082315445,0.0003563531903381685,0.08320877701044083,0.12568895518779755,0.10216514766216278,0.11030863225460052,0.21220096944323505,ROA_1001_model49999_noise15,2692,2026-10-01_00-04-08,-0.0021629026159644127,-0.004592640325427055
0.001418543979525566,-0.0010979827493429184,-0.0009477720595896244,-0.0002637389115989208,0.001906576743487378,0.07264409214258194,-0.035780712962150574,-0.15588732063770294,0.21376436948776245,0.2742943007882627,0.0008350936695933342,-0.0017168466001749039,-0.0015629571862518787,-0.0009807874448597431,0.0019804273441520804,0.026035353541374207,-0.04874728247523308,-0.19731348752975464,0.19063730537891388,0.2793773173146789,-0.0005906741134822369,-0.004607220180332661,-0.002241303212940693,-0.006373213604092598,-0.0014411916490644217,-0.005329260602593422,0.001034117303788662,-0.0015668105334043503,-0.0013736076653003693,-0.0007913564331829548,0.0018856213688453187,-0.05658669024705887,-0.17166881263256073,-0.30555620789527893,0.07196468859910965,0.3145017977017138,53.866216059,True,-0.00019909348338842392,-0.00015168916434049606,-0.00019033905118703842,-0.0001873355358839035,0.00036529365558845666,0.0826299637556076,0.12286867946386337,0.10825972259044647,0.11872243136167526,0.21790557798466811,ROA_1001_model49999_noise15,2693,2026-10-01_00-04-08,-0.001477335812523961,-0.00553977582603693
0.0013431999832391739,-0.0009638490155339241,-0.0008634990081191063,-0.00039681326597929,0.0017374766560028373,0.05226139724254608,-0.013847834430634975,-0.12716242671012878,0.1814325749874115,0.22547387128534205,0.0007549533620476723,-0.001607229933142662,-0.0015060650184750557,-0.001133012119680643,0.0020161895565518344,0.005008419509977102,-0.026730353012681007,-0.16714166104793549,0.161447212100029,0.2334425722967769,-0.00021381000988185406,-0.005447855219244957,-0.0014670880045741796,-0.007174104917794466,-0.000724798534065485,-0.006152722518891096,0.0009575625881552696,-0.0014364952221512794,-0.0013101613149046898,-0.0009463634341955185,0.0017344215758376422,-0.07538869976997375,-0.14896154403686523,-0.2825111150741577,0.032513052225112915,0.29251167022703517,53.88621604,True,-0.00020223669707775116,-0.0001701759174466133,-0.00019582221284508705,-0.00018551945686340332,0.00037749153623575635,0.08048652112483978,0.122280552983284,0.11585000157356262,0.12917885184288025,0.22641089225146527,ROA_1001_model49999_noise15,2694,2026-10-01_00-04-08,-0.0013284976594150066,-0.006566344760358334
0.0012841308489441872,-0.0008747214451432228,-0.0008153030648827553,-0.0004989386070519686,0.0016220833367825236,0.052095621824264526,-0.012362374924123287,-0.11031823605298996,0.15864473581314087,0.1974422469075543,0.0006954418495297432,-0.0015234574675559998,-0.0014842546079307795,-0.0012563832569867373,0.002073914783518688,0.005338806193321943,-0.025150364264845848,-0.1488082855939865,0.1421772688627243,0.20690916722199293,0.00034389307256788015,-0.005456737708300352,-0.0005604333709925413,-0.007165716961026192,0.0001570223830640316,-0.00615727249532938,0.0009032431989908218,-0.001336704008281231,-0.0012778968084603548,-0.001065223477780819,0.0017225455796564208,-0.07258006185293198,-0.14494173228740692,-0.269299179315567,0.00500300619751215,0.2814879973453453,53.906217479000006,True,-0.00020836014300584793,-0.00018440186977386475,-0.00020564766600728035,-0.0001926266122609377,0.00039595796637683213,0.07790420204401016,0.11981441080570221,0.12045929580926895,0.13715481758117676,0.2312656889265948,ROA_1001_model49999_noise15,2695,2026-10-01_00-04-08,-0.0010050872806459665,-0.006742008496075869
0.0012130709365010262,-0.0007889000698924065,-0.000758003443479538,-0.0005715934094041586,0.0015019934394205285,0.04289229214191437,-0.0026628838386386633,-0.09450246393680573,0.139033704996109,0.1702417072308128,0.0006204470992088318,-0.0014378223568201065,-0.0014482124242931604,-0.0013512035366147757,0.0021130280199444084,-0.0033299436327069998,-0.01584296114742756,-0.13152363896369934,0.12539029121398926,0.18191820864308503,0.0010630436008796096,-0.005252834875136614,0.0006099848542362452,-0.0072325109504163265,0.0013485464733093977,-0.0062826164066791534,0.0008387491106987,-0.0012473203241825104,-0.0012305041309446096,-0.0011489144526422024,0.0017435815437354845,-0.07847020775079727,-0.13349483907222748,-0.25457561016082764,-0.018309103325009346,0.27385590296203505,53.926217862,True,-0.0002168118953704834,-0.00019259750843048096,-0.00021782470867037773,-0.00020068255253136158,0.00041449748234792283,0.07510673999786377,0.11762789636850357,0.12310582399368286,0.1436973661184311,0.23459363284994994,ROA_1001_model49999_noise15,2696,2026-10-01_00-04-08,-6.386591121554375e-05,-0.006318944040685892
0.0011031748726963997,-0.0006235437467694283,-0.0006487127393484116,-0.0007060298230499029,0.0013048481711818176,0.03465218469500542,0.009286683052778244,-0.0996951088309288,0.1429785043001175,0.17474730279227915,0.0005064299330115318,-0.001295492984354496,-0.001347146462649107,-0.0014944234862923622,0.002152000441914239,-0.010525341145694256,-0.003172550117596984,-0.13636831939220428,0.13084900379180908,0.1890687571750424,0.001706062350422144,-0.005151534918695688,0.0010558125795796514,-0.0070013864897191525,0.0017356493044644594,-0.006163215730339289,0.0007298309355974197,-0.0010938150808215141,-0.0011187687050551176,-0.0012966978829354048,0.0017839034493664602,-0.08642486482858658,-0.124531090259552,-0.2597418427467346,-0.018111197277903557,0.28060322579985647,53.946237350000004,True,-0.0002246582880616188,-0.00020118895918130875,-0.00022724270820617676,-0.0001969747245311737,0.0004258811727916305,0.07586972415447235,0.1213778704404831,0.12337252497673035,0.14890077710151672,0.24009665556620052,ROA_1001_model49999_noise15,2697,2026-10-01_00-04-08,0.0012055765837430954,-0.005741583649069071
0.0009846407920122147,-0.0005048466846346855,-0.0005577458068728447,-0.0007839989848434925,0.0011353969269380453,0.03136065602302551,0.014565185643732548,-0.11102639138698578,0.15284323692321777,0.18903324085548345,0.0003803987056016922,-0.001194956712424755,-0.0012418837286531925,-0.0015544123016297817,0.002143245851087026,-0.012584728188812733,0.002824468305334449,-0.14641821384429932,0.14237086474895477,0.2045206670471173,0.0014839451760053635,-0.005060000345110893,0.0005780977662652731,-0.006774987559765577,0.0012973113916814327,-0.00590229919180274,0.0006081536412239075,-0.0009862007573246956,-0.0010153453331440687,-0.0013692246284335852,0.0017876025561827772,-0.0910474881529808,-0.12292945384979248,-0.26790720224380493,-0.006970890797674656,0.28739046587376305,53.966221957,True,-0.00023080501705408096,-0.0002071727067232132,-0.00022597960196435452,-0.00018987921066582203,0.00042809291303612254,0.07844226807355881,0.12577533721923828,0.12152455002069473,0.14931358397006989,0.24252510530292115,ROA_1001_model49999_noise15,2698,2026-10-01_00-04-08,0.001546233193948865,-0.005374097730964422
0.0009241513907909393,-0.00037709251046180725,-0.000442826421931386,-0.0008967588655650616,0.001034103043669518,0.039244767278432846,0.011151655577123165,-0.12311967462301254,0.16061343252658844,0.20295086974691423,0.00031690578907728195,-0.0010745599865913391,-0.0011251424439251423,-0.0016543956007808447,0.002146104825161071,-0.0052400860004127026,-0.0013709067134186625,-0.15655462443828583,0.15145190060138702,0.21784155955778825,0.0014643529430031776,-0.004675721284002066,0.00021872739307582378,-0.0060548242181539536,0.0008543437579646707,-0.005213837139308453,0.0005509704351425171,-0.0008591916412115097,-0.0009003211744129658,-0.0014750694390386343,0.0018042150598096215,-0.08271098881959915,-0.1277744174003601,-0.28005293011665344,7.8580342233181e-06,0.2947095704095377,53.986220484,True,-0.000231829471886158,-0.0002160901203751564,-0.00022476306185126305,-0.00018113059923052788,0.00042840498526042437,0.07745576649904251,0.12642261385917664,0.12343545258045197,0.15141721069812775,0.24473375223974705,ROA_1001_model49999_noise15,2699,2026-10-01_00-04-08,0.0016934017185121775,-0.005039871204644442
0.0008873641490936279,-0.00033045653253793716,-0.0003246357664465904,-0.000957451993599534,0.001014002210002449,0.05066254734992981,0.0026195773389190435,-0.13230857253074646,0.16711686551570892,0.21524566558025093,0.00027313362807035446,-0.001039169728755951,-0.0009970099199563265,-0.0017026206478476524,0.002133648012425233,0.006804242264479399,-0.010253162123262882,-0.16394315659999847,0.1589827537536621,0.2286863239580184,0.0012070744996890426,-0.004399814642965794,-0.00037240050733089447,-0.0052455817349255085,0.00016702106222510338,-0.004512775223702192,0.0005061039701104164,-0.0008213566616177559,-0.0007786613423377275,-0.0015339639503508806,0.001810707880446422,-0.07361382991075516,-0.13919290900230408,-0.28932327032089233,0.005246139597147703,0.30033825660616087,54.006230659,True,-0.0002326909452676773,-0.00021650921553373337,-0.00021631713025271893,-0.0001724052708595991,0.00042105042381149606,0.08039990812540054,0.12898094952106476,0.12540356814861298,0.15370087325572968,0.24943145670631323,ROA_1001_model49999_noise15,2700,2026-10-01_00-04-08,0.0016052580904215574,-0.004757710732519627
0.000877678394317627,-0.00035121338441967964,-0.0002798042260110378,-0.000969890970736742,0.0010344929565541986,0.06119464337825775,-0.007319380063563585,-0.14228670299053192,0.17706134915351868,0.23152808003152164,0.0002662651240825653,-0.0010537682101130486,-0.0009512761607766151,-0.0017066486179828644,0.0021284791337529583,0.016920849680900574,-0.021553248167037964,-0.17133063077926636,0.16953527927398682,0.24256073878946974,0.0009456475963816047,-0.003490929724648595,-0.0009230957366526127,-0.0041218469850718975,-0.0003891661763191223,-0.0034142942167818546,0.0004960922524333,-0.0008402741514146328,-0.0007394817657768726,-0.0015447498299181461,0.0018171583766136115,-0.06366322934627533,-0.14983582496643066,-0.3014541566371918,0.014405406080186367,0.3087059286137369,54.02622301,True,-0.00022978056222200394,-0.00021294690668582916,-0.00021166633814573288,-0.0001634878572076559,0.0004115137820516964,0.08057674765586853,0.12828920781612396,0.13010580837726593,0.155117005109787,0.25231620353777795,ROA_1001_model49999_noise15,2701,2026-10-01_00-04-08,0.0013802680186927319,-0.0038863650988787413
0.0008659320883452892,-0.00035475241020321846,-0.00019771396182477474,-0.0010153860785067081,0.0010887742774160563,0.0642150342464447,-0.009724986739456654,-0.14278565347194672,0.17729470133781433,0.2327991759152131,0.00025546178221702576,-0.0010542222298681736,-0.0008667295332998037,-0.0017378188204020262,0.0021312100169981214,0.019834375008940697,-0.02524198405444622,-0.1704174131155014,0.16967131197452545,0.24258217156992024,0.0012900687288492918,-0.0030240975320339203,-0.0006456042174249887,-0.003450468648225069,-0.00022787461057305336,-0.0028745336458086967,0.0004784669727087021,-0.0008443021215498447,-0.0006589049007743597,-0.0015863741282373667,0.001838683932758833,-0.06269395351409912,-0.15408067405223846,-0.3031783103942871,0.01390016358345747,0.31025418711339026,54.046246306,True,-0.00022440217435359955,-0.00021029263734817505,-0.00020643346942961216,-0.0001519918441772461,0.0003996920683383107,0.08251820504665375,0.12886826694011688,0.13273586332798004,0.15571899712085724,0.254960543389395,ROA_1001_model49999_noise15,2702,2026-10-01_00-04-08,0.0017320627812296152,-0.003418433014303446
0.0008771545253694057,-0.00026512425392866135,-0.0002309214323759079,-0.0011097639799118042,0.0011415067691109035,0.06325239688158035,-0.005537527147680521,-0.149335116147995,0.18247880041599274,0.24008127015899794,0.00027655623853206635,-0.0009429175406694412,-0.000918237492442131,-0.0018365331925451756,0.0021880140842454833,0.016652513295412064,-0.024471081793308258,-0.17467454075813293,0.17481505870819092,0.24883251402135373,0.0022669180762022734,-0.0025855174753814936,0.00019887741655111313,-0.0026827857363969088,0.0002755459863692522,-0.002353302901610732,0.0004953937605023384,-0.0007395865395665169,-0.0007108203135430813,-0.0016884994693100452,0.0019075532187204855,-0.05990033596754074,-0.14644546806812286,-0.31512346863746643,0.016861828044056892,0.3209952776614307,54.066227296,True,-0.0002180458977818489,-0.00020723091438412666,-0.00020851148292422295,-0.00014624092727899551,0.00039309340299145044,0.0765346884727478,0.12202176451683044,0.14047499001026154,0.15789827704429626,0.2549877336395163,ROA_1001_model49999_noise15,2703,2026-10-01_00-04-08,0.002204525051638484,-0.003495587036013603
0.0008326256647706032,-0.00017766142264008522,-0.00022692838683724403,-0.0011750147677958012,0.0011969588500331419,0.05996145308017731,0.000318861537380144,-0.15467748045921326,0.1861192137002945,0.24509026113884153,0.0002478365786373615,-0.0008396455086767673,-0.0009264855179935694,-0.0019030296243727207,0.002220266669455992,0.012208124622702599,-0.021076293662190437,-0.1779455840587616,0.1792248785495758,0.25365625391641783,0.0018918944988399744,-0.0012175701558589935,-0.00011613289825618267,-0.0008825981058180332,-0.0005536701064556837,-0.0009348532184958458,0.0004566623829305172,-0.0006357557140290737,-0.000722112599760294,-0.0017677084542810917,0.001959981536950989,-0.0608876533806324,-0.13725273311138153,-0.3264673054218292,0.016698846593499184,0.332235910325899,54.086226591000006,True,-0.00020550796762108803,-0.00020241132006049156,-0.0002076849341392517,-0.00013757962733507156,0.00037940606709118064,0.07308483868837357,0.11625757068395615,0.14849752187728882,0.16250844299793243,0.2586190866037909,ROA_1001_model49999_noise15,2704,2026-10-01_00-04-08,0.0015387812163680792,-0.0025439802557229996
0.0008051283657550812,-0.0001533888280391693,-0.00021478626877069473,-0.0011815223842859268,0.0012009237025371242,0.05230330675840378,0.007441732566803694,-0.1538279950618744,0.1852806806564331,0.24245775779037598,0.0002291286364197731,-0.0008019618690013885,-0.0009167299140244722,-0.0019061437342315912,0.0022109878394133437,0.0047406647354364395,-0.014507443644106388,-0.17671629786491394,0.1783689260482788,0.25145651397850266,0.0013863835483789444,0.0005147382616996765,-0.0001534903421998024,0.0008086701855063438,-0.0009781720582395792,0.00045898230746388435,0.00042943283915519714,-0.000606081448495388,-0.0007114838808774948,-0.001774512929841876,0.0019584782455692585,-0.06833159923553467,-0.12914346158504486,-0.3271065950393677,0.01467298623174429,0.33442272484532876,54.106229471000006,True,-0.00020100269466638565,-0.00019695144146680832,-0.00020440202206373215,-0.0001301232259720564,0.0003693869197027849,0.07309671491384506,0.11468212306499481,0.15037581324577332,0.16377125680446625,0.2598403630458593,ROA_1001_model49999_noise15,2705,2026-10-01_00-04-08,0.0010561005910858512,-0.0009192284196615219
0.0008271541446447372,-0.0002589309588074684,-0.00025386689230799675,-0.0010827789083123207,0.0011166253419224203,0.058134548366069794,-0.0032859386410564184,-0.15808896720409393,0.19202782213687897,0.2519370710563444,0.00025746412575244904,-0.000890018418431282,-0.0009221432264894247,-0.0017826678231358528,0.0021271452217114135,0.011216382496058941,-0.02443510852754116,-0.18130847811698914,0.18405243754386902,0.2595917618966348,0.0009183232905343175,0.0014229677617549896,-5.183229222893715e-05,0.001710093580186367,-0.0012173820286989212,0.0010919105261564255,0.00045285560190677643,-0.0007084570825099945,-0.000735744833946228,-0.0016606878489255905,0.0018839906442241084,-0.06402493268251419,-0.1401021033525467,-0.32770073413848877,0.025131622329354286,0.3339054874038987,54.126229406,True,-0.0001950422301888466,-0.00018151476979255676,-0.00018592108972370625,-0.00012533273547887802,0.0003471976357937651,0.07519032806158066,0.11572171747684479,0.14646077156066895,0.15889771282672882,0.2556593113546596,ROA_1001_model49999_noise15,2706,2026-10-01_00-04-08,0.0004889627452939749,-0.00014690402895212173
0.0008212868124246597,-0.00036444980651140213,-0.00022118911147117615,-0.0010035582818090916,0.0010741743406789811,0.04406552389264107,0.004859874024987221,-0.13770197331905365,0.17529655992984772,0.2241743326612765,0.0002463115379214287,-0.0010048504918813705,-0.0008601520676165819,-0.0016730977222323418,0.0020551822719359083,-0.001670094090513885,-0.01481617707759142,-0.1639001965522766,0.1655200570821762,0.2331262703648614,0.0008995719254016876,0.0010990425944328308,0.0005423089023679495,0.0014613759703934193,-0.0007685599848628044,0.0006033624522387981,0.00043495092540979385,-0.0008279690518975258,-0.0006878632120788097,-0.001557404175400734,0.001817303212584525,-0.08397082984447479,-0.13594235479831696,-0.30107009410858154,0.012343690730631351,0.31374675627099047,54.146227549,True,-0.00018756836652755737,-0.00017487909644842148,-0.00017508864402770996,-0.00011669471859931946,0.0003306676347661262,0.08228188008069992,0.12115388363599777,0.1371067464351654,0.15314795076847076,0.2518883159326628,ROA_1001_model49999_noise15,2707,2026-10-01_00-04-08,0.0005922614363953471,-0.000443287193775177
0.0008013332262635231,-0.00035979319363832474,-0.00021636951714754105,-0.0010333489626646042,0.0010978954488178,0.04156189784407616,0.006705987732857466,-0.13621395826339722,0.17452552914619446,0.22234329751039816,0.00023385509848594666,-0.0009943265467882156,-0.0008494476787745953,-0.0016925157979130745,0.0020661864157331994,-0.004844041541218758,-0.013431300409138203,-0.16275733709335327,0.16459542512893677,0.2315587999895989,0.002159795258194208,0.0002720393240451813,0.0016275991220027208,0.0006620502099394798,0.00047590688336640596,-0.00013493606820702553,0.00041280873119831085,-0.0008240807801485062,-0.0006836606189608574,-0.0015874626114964485,0.0018439431576172513,-0.08676689863204956,-0.13435538113117218,-0.30075639486312866,0.010931747034192085,0.31440609200864966,54.1662279,True,-0.00017941929399967194,-0.0001711072400212288,-0.0001667998731136322,-0.0001018051989376545,0.00031398182142450786,0.08191237598657608,0.12097367644309998,0.1379251480102539,0.1536414474248886,0.25240727344604297,ROA_1001_model49999_noise15,2708,2026-10-01_00-04-08,0.0016330536454916,-0.001631594030186534
0.0007721129804849625,-0.0002280576154589653,-0.00023440225049853325,-0.0011366093531250954,0.0011642495809575685,0.03319140523672104,0.020102595910429955,-0.13702687621116638,0.17399467527866364,0.2215258575155765,0.00021916348487138748,-0.0008512753993272781,-0.0008764327503740788,-0.0017947284504771233,0.002114602178168888,-0.013906042091548443,-0.000773463340010494,-0.16300693154335022,0.1643650382757187,0.2316737611561931,0.003519313409924507,-0.0002477080561220646,0.002558548469096422,-9.811017662286758e-05,0.0016560782678425312,-0.0007114694453775883,0.0003880588337779045,-0.0006858492270112038,-0.0007117399945855141,-0.0016997451893985271,0.001912173664396737,-0.09176413714885712,-0.11836922913789749,-0.30526378750801086,0.008136732503771782,0.3200021461837425,54.186228475,True,-0.00016943085938692093,-0.00016777776181697845,-0.00016477424651384354,-9.343493729829788e-05,0.0003020039430388065,0.0778518095612526,0.11763907223939896,0.14230258762836456,0.1562575250864029,0.2534569395939093,ROA_1001_model49999_noise15,2709,2026-10-01_00-04-08,0.002812444232404232,-0.002552908379584551
0.0007124850526452065,2.5588087737560272e-05,-0.00019313301891088486,-0.0012878910638391972,0.0013114770383604111,0.015584751032292843,0.045870427042245865,-0.12595216929912567,0.15948212146759033,0.20498936656275282,0.00017296988517045975,-0.0006049638614058495,-0.0008378643542528152,-0.0019460567273199558,0.002175957018056937,-0.032236333936452866,0.02344534546136856,-0.15208449959754944,0.14987517893314362,0.21713394080130288,0.003526640124619007,-0.0004072464071214199,0.0024308168794959784,-0.00029515335336327553,0.001427514012902975,-0.0010399902239441872,0.0003349035978317261,-0.0004311557859182358,-0.0006712274625897408,-0.0018570921383798122,0.001997295849585886,-0.10662688314914703,-0.09078578650951385,-0.29479140043258667,-0.007170484866946936,0.3158979218502685,54.206229178,True,-0.0001628650352358818,-0.00017427373677492142,-0.00016437843441963196,-8.557690307497978e-05,0.0002979993020071007,0.07439427822828293,0.11425511538982391,0.14269374310970306,0.15700282156467438,0.2515198622720289,ROA_1001_model49999_noise15,2710,2026-10-01_00-04-08,0.003001709468662739,-0.002833685139194131
0.0006764661520719528,0.00017248094081878662,-0.00018201535567641258,-0.00134612200781703,0.0013901544250472266,0.0069886441342532635,0.059626296162605286,-0.1223202496767044,0.15421386063098907,0.20155204541445454,0.00015401747077703476,-0.0004531117156147957,-0.0008192728273570538,-0.001996371429413557,0.00218850737464044,-0.04149158298969269,0.036277808248996735,-0.14782579243183136,0.1451234519481659,0.21433961468840862,0.0023603690788149834,0.00045189401134848595,0.001138044404797256,0.0003041159361600876,0.00014783255755901337,-0.00044332630932331085,0.0003121793270111084,-0.0002753688022494316,-0.0006584101356565952,-0.0019189435988664627,0.002035218713317513,-0.11141970008611679,-0.0738510861992836,-0.2906397879123688,-0.011606257408857346,0.31358741948342966,54.226229881,True,-0.0001582317054271698,-0.00017755664885044098,-0.0001627020537853241,-7.938360795378685e-05,0.00029367707701619415,0.0699220672249794,0.11015589535236359,0.14282482862472534,0.15668709576129913,0.24819899982975877,ROA_1001_model49999_noise15,2711,2026-10-01_00-04-08,0.002129198983311653,-0.0019833652768284082
0.0006752787157893181,0.0001783948391675949,-0.000219675712287426,-0.0013115466572344303,0.0013688926813759847,0.006747897248715162,0.06086518615484238,-0.12096045911312103,0.15329213440418243,0.20030677706937927,0.000154995359480381,-0.0004405854269862175,-0.0008435454219579697,-0.0019553466700017452,0.002157613574388788,-0.04184012860059738,0.038097843527793884,-0.14796048402786255,0.14337372779846191,0.2136527675738078,0.0016105645336210728,0.0010260124690830708,0.0001008880790323019,0.0006206026300787926,-0.000598548911511898,9.305868297815323e-05,0.00031068921089172363,-0.0002653570845723152,-0.0006833695806562901,-0.0018705963157117367,0.0019968089549332814,-0.11099525541067123,-0.07195235043764114,-0.2851228713989258,-0.009051989763975143,0.3079955529520466,54.246230648,True,-0.00015585683286190033,-0.00017695128917694092,-0.00016015255823731422,-8.423812687397003e-05,0.000292654804201806,0.06914394348859787,0.11007976531982422,0.1371641904115677,0.1523904949426651,0.24203311075234749,ROA_1001_model49999_noise15,2712,2026-10-01_00-04-08,0.0013359049335122108,-0.0016088553238660097
0.0006799586117267609,0.00018528662621974945,-0.000295083737000823,-0.0012615229934453964,0.0013494433432123844,0.010800081305205822,0.05749217048287392,-0.12126453965902328,0.15355634689331055,0.19959211468697718,0.0001735985279083252,-0.0004234258085489273,-0.0008929637260735035,-0.0018920516595244408,0.002115446255821216,-0.03794790059328079,0.03527523949742317,-0.14946533739566803,0.14216242730617523,0.21268309199504176,0.0009592791320756078,0.0013188519515097141,-0.0006197986658662558,0.0004896554164588451,-0.0009872405789792538,0.0002361801452934742,0.00032782554626464844,-0.0002510612830519676,-0.0007432827260345221,-0.0018051243387162685,0.001955239915046025,-0.10429997742176056,-0.07375050336122513,-0.279707133769989,-0.003589025931432843,0.3000148178171723,54.266236376,True,-0.00015669502317905426,-0.00017010606825351715,-0.00015181140042841434,-8.856295607984066e-05,0.0002874938716148987,0.06634531915187836,0.10905320942401886,0.13031437993049622,0.1457197219133377,0.23265645313717184,ROA_1001_model49999_noise15,2713,2026-10-01_00-04-08,0.0005410038866102695,-0.0016507729887962341
0.0006488058716058731,0.00019830185920000076,-0.000302016269415617,-0.0012473901733756065,0.0013395861090584335,0.007197260390967131,0.061077993363142014,-0.11212797462940216,0.14571250975131989,0.1893339479384734,0.00014866236597299576,-0.000406079925596714,-0.0008736853487789631,-0.001858884934335947,0.0020768810263588435,-0.04244479164481163,0.03870599716901779,-0.1419384479522705,0.13360171020030975,0.20321145967263254,-0.00011702114716172218,0.0014629173092544079,-0.0012816921807825565,0.0005910736508667469,-0.0017676460556685925,0.00022080447524785995,0.0002993503585457802,-0.00023653265088796616,-0.0007246970199048519,-0.0017705024220049381,0.00191609483765665,-0.10764481872320175,-0.07028737664222717,-0.264138787984848,-0.006658024620264769,0.28719110585459273,54.286237239,True,-0.00015203841030597687,-0.00016952399164438248,-0.00014615943655371666,-8.969800546765327e-05,0.0002823214471809794,0.06519467383623123,0.10902271419763565,0.12218276411294937,0.1402260959148407,0.2244586784769618,ROA_1001_model49999_noise15,2714,2026-10-01_00-04-08,-0.0003682707902044058,-0.0015650319401174784
0.0006224261596798897,0.00021336600184440613,-0.0003073364496231079,-0.001235480885952711,0.0013323123266566102,0.010159098543226719,0.05915830656886101,-0.10614783316850662,0.13994517922401428,0.18065916152447978,0.00012945383787155151,-0.0003857305273413658,-0.0008556409738957882,-0.001840165350586176,0.0020511265137602543,-0.0404873825609684,0.036529961973428726,-0.13747625052928925,0.12660537660121918,0.19468441692697028,-0.00020052213221788406,0.0006529358215630054,-0.0013447962701320648,-0.00021723099052906036,-0.0017474498599767685,-0.0005309190601110458,0.00027937348932027817,-0.00022044405341148376,-0.0007143476977944374,-0.0017418526113033295,0.0018852757790378675,-0.10272976756095886,-0.07179681956768036,-0.25281238555908203,-0.008045346476137638,0.27517874707996126,54.30623663,True,-0.00015283003449440002,-0.00016731210052967072,-0.00013846438378095627,-9.39355231821537e-05,0.0002799212998072083,0.06224890053272247,0.10833283513784409,0.11532019823789597,0.13463221490383148,0.2160397872289005,ROA_1001_model49999_noise15,2715,2026-10-01_00-04-08,-0.0003852562513202429,-0.0024558608420193195
0.000591576099395752,0.00031655654311180115,-0.0002844841219484806,-0.0012978329323232174,0.0014085346370867908,0.010958638973534107,0.06328383088111877,-0.09950599074363708,0.13222172856330872,0.17167744815761768,0.00011576339602470398,-0.0002771848812699318,-0.000817514955997467,-0.001894892193377018,0.0020743577139496127,-0.04069250822067261,0.039672475308179855,-0.1320311576128006,0.11795874685049057,0.18593205644863273,-1.273234374821186e-05,0.00037641171365976334,-0.0013265490997582674,-0.0008311145938932896,-0.0014394305180758238,-0.00090774055570364,0.00026507768779993057,-0.00010777730494737625,-0.0006822287105023861,-0.0017981627024710178,0.0019232450538291782,-0.09758490324020386,-0.06486009806394577,-0.24242068827152252,-0.012555158697068691,0.26388739056492144,54.32625864600001,True,-0.00014584511518478394,-0.00016731210052967072,-0.00013562384992837906,-0.00010136282071471214,0.0002777074987453678,0.05687214061617851,0.10453815758228302,0.1103978082537651,0.13050809502601624,0.2073357880322836,ROA_1001_model49999_noise15,2716,2026-10-01_00-04-08,-0.00015513249672949314,-0.0028779900167137384
0.0005776761099696159,0.00034568365663290024,-0.0002910615876317024,-0.001291732769459486,0.0014134655123503447,0.015487893484532833,0.060724325478076935,-0.09485717862844467,0.12827558815479279,0.16483656346675932,0.00011886004358530045,-0.00023881439119577408,-0.0007949071004986763,-0.0018898630514740944,0.0020576803418061,-0.03680028021335602,0.03676023334264755,-0.1291668713092804,0.11221877485513687,0.17880364430847262,-0.0006843763403594494,0.00019803829491138458,-0.001970201265066862,-0.0011874986812472343,-0.0019473577849566936,-0.0011501382105052471,0.00026100315153598785,-7.473863661289215e-05,-0.0006665359251201153,-0.0017801066860556602,0.0019009269071639627,-0.09048008173704147,-0.06623473018407822,-0.2313397079706192,-0.011791939847171307,0.25100842578257143,54.34623902800001,True,-0.00014209654182195663,-0.00016435515135526657,-0.000128068495541811,-0.00010711373761296272,0.0002731734654890572,0.05369865894317627,0.10300543904304504,0.10217702388763428,0.12402258813381195,0.19731122942450563,ROA_1001_model49999_noise15,2717,2026-10-01_00-04-08,-0.0006429918576031923,-0.002803855575621128
0.0005911802873015404,0.00033574178814888,-0.00034046825021505356,-0.0012591248378157616,0.001400394978084313,0.026795079931616783,0.0497654527425766,-0.09705638140439987,0.13213708996772766,0.16592023410383597,0.00014624092727899551,-0.00023026950657367706,-0.0008236616849899292,-0.001859304029494524,0.002039267044802624,-0.02652057260274887,0.025408340618014336,-0.13176746666431427,0.11538154631853104,0.17894664197737017,-0.0016554133035242558,0.0005550398491322994,-0.0029479260556399822,-0.0008814651519060135,-0.002787264995276928,-0.0007445821538567543,0.0002893386408686638,-7.576309144496918e-05,-0.0007008900865912437,-0.0017409794963896275,0.0018771574088779653,-0.0760587826371193,-0.07528997957706451,-0.22949020564556122,-0.0039709266275167465,0.24346022133580544,54.366240275,True,-0.00014354009181261063,-0.00015676487237215042,-0.00012118835002183914,-0.00011962838470935822,0.00027227108190564506,0.04953867569565773,0.10071368515491486,0.09774427860975266,0.1193295419216156,0.1896331020219315,ROA_1001_model49999_noise15,2718,2026-10-01_00-04-08,-0.0018910481594502926,-0.0023898701183497906
0.000612996518611908,0.0002956017851829529,-0.0003597233444452286,-0.0012159347534179688,0.0013602761599755913,0.04579918086528778,0.031947389245033264,-0.10315258800983429,0.13794726133346558,0.17226053926399665,0.00017264392226934433,-0.0002611195668578148,-0.000816071406006813,-0.0018185237422585487,0.00200039309807912,-0.00790855847299099,0.007898779585957527,-0.13840873539447784,0.12056296318769455,0.18389335050812866,-0.0029683606699109077,0.0006905277259647846,-0.004267385229468346,-0.0005864105187356472,-0.00404194975271821,-0.00041312165558338165,0.0003137858584523201,-0.00011026859283447266,-0.000707223080098629,-0.0016841571778059006,0.001826733754696949,-0.05669192969799042,-0.09306729584932327,-0.23191025853157043,0.005876179318875074,0.2393979195298321,54.386236178000004,True,-0.00014081597328186035,-0.00014817342162132263,-0.00010803341865539551,-0.00013487879186868668,0.0002674385864163618,0.0488148033618927,0.10096211731433868,0.09347311407327652,0.11468259245157242,0.18447897397855917,ROA_1001_model49999_noise15,2719,2026-10-01_00-04-08,-0.0035431808792054653,-0.0021483837626874447
0.000653555616736412,0.00023851171135902405,-0.0003582565113902092,-0.0011700903996825218,0.001308419470900343,0.07235700637102127,0.006895511876791716,-0.11264555901288986,0.14668120443820953,0.18939567708174707,0.00021348241716623306,-0.00030139926820993423,-0.0007868511602282524,-0.001768418587744236,0.001944987842642276,0.01860363408923149,-0.017015263438224792,-0.14774663746356964,0.1289842128753662,0.19774042555506008,-0.004297029692679644,0.0007764524780213833,-0.005584674421697855,-0.00026458408683538437,-0.005323279649019241,-7.97356478869915e-05,0.0003598164767026901,-0.00016044359654188156,-0.0006943941116333008,-0.0016250181943178177,0.001767174898955898,-0.0304693803191185,-0.11786002665758133,-0.23846442997455597,0.01927511766552925,0.24045139156017997,54.406238706,True,-0.00014435499906539917,-0.00013962853699922562,-9.541399776935577e-05,-0.00014852266758680344,0.0002656378949325665,0.04884414002299309,0.10073766857385635,0.09089893847703934,0.10974914580583572,0.17999013637097946,ROA_1001_model49999_noise15,2720,2026-10-01_00-04-08,-0.005407243501394987,-0.00208294321782887
0.0006564892828464508,0.00023383181542158127,-0.00033674295991659164,-0.0011629657819867134,0.001292650450737928,0.07710209488868713,0.0036642884369939566,-0.11229817569255829,0.1454099416732788,0.18962051691257795,0.000235019251704216,-0.000288570299744606,-0.0007449882104992867,-0.001763482578098774,0.0019225497110016197,0.022851161658763885,-0.02145860157907009,-0.14671729505062103,0.128176748752594,0.19732373129339492,-0.005392908584326506,0.0017984779551625252,-0.006412630435079336,0.000536719337105751,-0.006160987075418234,0.0006851633079349995,0.0003786059096455574,-0.00015289988368749619,-0.0006665242835879326,-0.0016122357919812202,0.0017445832517193275,-0.02267095074057579,-0.11807865649461746,-0.23895105719566345,0.01917756162583828,0.24019840672516174,54.426241969,True,-0.00013925600796937943,-0.00013543758541345596,-8.386559784412384e-05,-0.00015043187886476517,0.00025691521111281216,0.04550302028656006,0.09661423414945602,0.0922444686293602,0.10897195339202881,0.17688755217566046,ROA_1001_model49999_noise15,2721,2026-10-01_00-04-08,-0.006615604739636183,-0.0008760164491832256
0.0006738584488630295,0.0001284293830394745,-0.00031976960599422455,-0.001067807897925377,0.0011744341602877959,0.09225378185510635,-0.014488584361970425,-0.12022582441568375,0.15360209345817566,0.2078274961814995,0.00026687048375606537,-0.0003795139491558075,-0.0007175374776124954,-0.0016660429537296295,0.0018309814725415955,0.03640400245785713,-0.041522081941366196,-0.15501724183559418,0.13667483627796173,0.21380596038702324,-0.0070743015967309475,0.00277952803298831,-0.007970135658979416,0.0013651824556291103,-0.007693860214203596,0.0015260940417647362,0.00040670856833457947,-0.0002521555870771408,-0.0006424263119697571,-0.0015212688595056534,0.001653162291637757,-0.006314366590231657,-0.13572536408901215,-0.2473597228527069,0.026842111721634865,0.24901165219242635,54.446240336,True,-0.00013890676200389862,-0.00012754462659358978,-7.562339305877686e-05,-0.000146450474858284,0.0002466751880108495,0.04266202077269554,0.09419349581003189,0.09236949682235718,0.10982108861207962,0.17538843668723955,ROA_1001_model49999_noise15,2722,2026-10-01_00-04-08,-0.008074115961790085,0.0003659026697278023
0.000655418261885643,0.00012204982340335846,-0.00029336661100387573,-0.0010730698704719543,0.0011630137418314117,0.10649906098842621,-0.028682870790362358,-0.1322142779827118,0.16480869054794312,0.23076380266060806,0.0002669636160135269,-0.00036940909922122955,-0.0006740912795066833,-0.0016772188246250153,0.0018246572804772895,0.048002690076828,-0.05893688276410103,-0.16581173241138458,0.148556187748909,0.23497644498071713,-0.008798787370324135,0.00396034074947238,-0.009241627529263496,0.0020052450709044933,-0.009017357602715492,0.002122354693710804,0.00040228478610515594,-0.00025010667741298676,-0.0006131827831268311,-0.001536589115858078,0.0016566882627271995,0.009859445504844189,-0.14858320355415344,-0.26231351494789124,0.036269426345825195,0.2672368907624244,54.466244527,True,-0.00013443641364574432,-0.00011809170246124268,-6.239861249923706e-05,-0.00014510005712509155,0.00023291775252628878,0.03816001117229462,0.08965329825878143,0.09648780524730682,0.11224298924207687,0.17544995399443566,ROA_1001_model49999_noise15,2723,2026-10-01_00-04-08,-0.009415652602910995,0.0019973432645201683
0.000674370676279068,-3.199093043804169e-05,-0.0002698041498661041,-0.0010023824870586395,0.0010544234203497536,0.12693600356578827,-0.051232051104307175,-0.1462222933769226,0.17853638529777527,0.26199306327417854,0.00027408823370933533,-0.0005234498530626297,-0.0006356276571750641,-0.0015985220670700073,0.0017657385361260895,0.06790831685066223,-0.08238525688648224,-0.17961393296718597,0.16218236088752747,0.2641171899291962,-0.011224832385778427,0.0044939094223082066,-0.011440588161349297,0.0020413300953805447,-0.011092346161603928,0.00225803442299366,0.00040032900869846344,-0.00041029416024684906,-0.0005879439413547516,-0.0014569610357284546,0.0015900086385414877,0.02322625182569027,-0.17516034841537476,-0.2762274742126465,0.05038641020655632,0.2886188747793786,54.486249934,True,-0.00012759119272232056,-0.00011003576219081879,-4.563480615615845e-05,-0.00014165416359901428,0.00021657238802954271,0.044372860342264175,0.09268754720687866,0.09685567766427994,0.111925408244133,0.17878752986269916,ROA_1001_model49999_noise15,2724,2026-10-01_00-04-08,-0.011519629508256912,0.002667400985956192
0.0006339512765407562,-8.223578333854675e-05,-0.00022174790501594543,-0.0010224990546703339,0.0010484737462041636,0.0945790633559227,-0.019660217687487602,-0.12721307575702667,0.15766730904579163,0.21703410273055596,0.0002375338226556778,-0.0005714129656553268,-0.0005891546607017517,-0.001611560583114624,0.00177863687875163,0.035768840461969376,-0.05265790596604347,-0.16019585728645325,0.141805961728096,0.22270119700344523,-0.01240137405693531,0.005449721124023199,-0.012171803042292595,0.0019064429216086864,-0.011489350348711014,0.002407633699476719,0.0003534369170665741,-0.00046459026634693146,-0.0005504116415977478,-0.0014778226613998413,0.0016106973267922496,-0.012891831807792187,-0.14301621913909912,-0.2618608772754669,0.02587307058274746,0.2631400752046451,54.506242989,True,-0.00011702068150043488,-0.00010854564607143402,-3.7439167499542236e-05,-0.00013327226042747498,0.00020354201187373975,0.04945508763194084,0.09144516289234161,0.10084546357393265,0.11480505764484406,0.1838103831172549,ROA_1001_model49999_noise15,2725,2026-10-01_00-04-08,-0.012791642919182777,0.0037162364460527897
0.0004493165761232376,-0.00011967495083808899,-5.373731255531311e-05,-0.0010542571544647217,0.0010610321642638752,0.028537118807435036,0.04400172829627991,-0.07445551455020905,0.10450928658246994,0.12999377603819798,5.955807864665985e-05,-0.0006091315299272537,-0.0004432164132595062,-0.0016366131603717804,0.0017909315708756872,-0.02836948074400425,0.011798459105193615,-0.10896193981170654,0.08679180592298508,0.1424123842473001,-0.012238815426826477,0.005575431045144796,-0.011814286932349205,0.0014682011678814888,-0.01090969704091549,0.002186229918152094,0.00015827827155590057,-0.0005032867193222046,-0.0004040077328681946,-0.0015162862837314606,0.0016330961842328157,-0.08351774513721466,-0.08136405795812607,-0.21336878836154938,-0.03007054142653942,0.23684389998206348,54.526243468000004,True,-9.872019290924072e-05,-0.00010253861546516418,-4.2282044887542725e-05,-0.00012284144759178162,0.00018821249781799662,0.05508539825677872,0.0930987223982811,0.10447017103433609,0.11693685501813889,0.18971100937644572,ROA_1001_model49999_noise15,2726,2026-10-01_00-04-08,-0.013136638328433037,0.003770789597183466
0.0003771856427192688,-0.00011557713150978088,1.4435499906539917e-05,-0.0011000782251358032,0.001107606568312122,0.006114132236689329,0.06709247827529907,-0.06354600191116333,0.09291897714138031,0.12540504050264603,-1.3737007975578308e-05,-0.0006151851266622543,-0.00039106234908103943,-0.0016677193343639374,0.0018161760053440443,-0.05041574686765671,0.035224948078393936,-0.09825731813907623,0.07321219891309738,0.13709215129312438,-0.011393966153264046,0.0050692190416157246,-0.010600710287690163,0.0007227328605949879,-0.00980902649462223,0.00136105390265584,7.35744833946228e-05,-0.0005078967660665512,-0.0003520399332046509,-0.0015615485608577728,0.0016717885442025467,-0.1096092090010643,-0.06097368523478508,-0.2068532556295395,-0.043747011572122574,0.2437319826839954,54.546250188,True,-8.78702849149704e-05,-0.00010579824447631836,-3.986060619354248e-05,-0.00010505318641662598,0.00017527465230360165,0.05914037674665451,0.09612971544265747,0.10866391658782959,0.11698342114686966,0.19468745332437398,ROA_1001_model49999_noise15,2727,2026-10-01_00-04-08,-0.012179216369986534,0.0030674277804791927
0.00033867545425891876,-9.057112038135529e-05,1.778826117515564e-05,-0.0011284835636615753,0.0011330849836865009,-0.004396308213472366,0.07691001147031784,-0.06749015301465988,0.09665637463331223,0.13642404456300458,-5.587935447692871e-05,-0.0005836598575115204,-0.0004044733941555023,-0.0016907230019569397,0.0018330185376909949,-0.06062490493059158,0.04518171399831772,-0.10101310163736343,0.07563084363937378,0.1471068213390746,-0.010618172585964203,0.0051163542084395885,-0.009583454579114914,0.0007088356651365757,-0.009016329422593117,0.0011603510938584805,3.073364496231079e-05,-0.0004820059984922409,-0.00036461278796195984,-0.0015962868928909302,0.0017020291855782946,-0.12022954970598221,-0.0509810596704483,-0.21518206596374512,-0.04211905971169472,0.25414854132038917,54.566246091000004,True,-8.558854460716248e-05,-0.00010137446224689484,-4.2747706174850464e-05,-8.977949619293213e-05,0.00016454565029481148,0.05949940159916878,0.09611061960458755,0.11424347013235092,0.1178644523024559,0.19829467164781098,ROA_1001_model49999_noise15,2728,2026-10-01_00-04-08,-0.011273443698883057,0.003043087664991617
0.0002325046807527542,-4.87547367811203e-05,7.459893822669983e-05,-0.001183338463306427,0.001187440430644369,-0.03424333408474922,0.10641337931156158,-0.04937313124537468,0.07741712033748627,0.14352215639373744,-0.00015818513929843903,-0.0005368608981370926,-0.00037476420402526855,-0.0017346814274787903,0.0018604466593811714,-0.08880439400672913,0.07564015686511993,-0.08215102553367615,0.05609169229865074,0.1530943719346068,-0.009972972795367241,0.005318043287843466,-0.00874376855790615,0.000869235023856163,-0.008269933983683586,0.001239714678376913,-7.846392691135406e-05,-0.00043660402297973633,-0.00032689422369003296,-0.001653376966714859,0.0017427677144473063,-0.14969240128993988,-0.01969979889690876,-0.20127463340759277,-0.0639716163277626,0.25870706852102837,54.586246282000005,True,-7.762573659420013e-05,-0.00010039657354354858,-4.889443516731262e-05,-8.046627044677734e-05,0.00015779377421631897,0.06078369542956352,0.09528081119060516,0.11919251829385757,0.12013781070709229,0.20251479318834495,ROA_1001_model49999_noise15,2729,2026-10-01_00-04-08,-0.010635202750563622,0.0033059515990316868
9.289942681789398e-05,0.0001546461135149002,0.0001889653503894806,-0.0013822689652442932,0.0014022423896477886,-0.05862582102417946,0.13443034887313843,-0.03712158650159836,0.06230081990361214,0.16340403522916597,-0.0002807006239891052,-0.00031925737857818604,-0.0002962537109851837,-0.0019311904907226562,0.0019867679186288847,-0.11380714923143387,0.10224896669387817,-0.0682678073644638,0.04167202487587929,0.17214818610861052,-0.009252650663256645,0.006095394026488066,-0.0077843680046498775,0.001311278436332941,-0.007356404792517424,0.0016354355029761791,-0.00020354054868221283,-0.00021439045667648315,-0.00023301690816879272,-0.0018703751266002655,0.0018999177984793177,-0.16835005581378937,0.014087184332311153,-0.19699892401695251,-0.08610169589519501,0.2655815399512257,54.606249353,True,-7.762573659420013e-05,-0.00010351650416851044,-6.146728992462158e-05,-6.239861249923706e-05,0.00015594337780370428,0.05444790795445442,0.08814874291419983,0.12878607213497162,0.12778769433498383,0.2078540758605463,ROA_1001_model49999_noise15,2730,2026-10-01_00-04-08,-0.009412629529833794,0.004132911097258329
3.3574178814888e-05,0.0002546701580286026,0.0002062879502773285,-0.0014719553291797638,0.0015068554468613134,-0.06591202318668365,0.1431885063648224,-0.0404631681740284,0.06408616900444031,0.17467363856484924,-0.00033406540751457214,-0.00021099112927913666,-0.0002977438271045685,-0.002018362283706665,0.0020567388041283457,-0.1217634379863739,0.11053401231765747,-0.07007643580436707,0.04383455589413643,0.1835869907610616,-0.008673030883073807,0.006522934418171644,-0.007117636036127806,0.001652637030929327,-0.0067439149133861065,0.0019349334761500359,-0.00025532208383083344,-0.00010314397513866425,-0.00022863969206809998,-0.001969560980796814,0.001987235476769001,-0.17273099720478058,0.025958286598324776,-0.2050064355134964,-0.0876961201429367,0.27315272237323157,54.626252904000005,True,-7.702037692070007e-05,-0.00010775402188301086,-7.152557373046875e-05,-4.6659260988235474e-05,0.00015535438199331962,0.05088094249367714,0.08452543616294861,0.13497471809387207,0.13157445192337036,0.21158215449079892,ROA_1001_model49999_noise15,2731,2026-10-01_00-04-08,-0.008666928857564926,0.004493482876569033
-3.80445271730423e-05,0.0003957655280828476,0.0002548098564147949,-0.0015942379832267761,0.0016625330324814003,-0.07240799814462662,0.15185679495334625,-0.04273652657866478,0.06438232958316803,0.18487055744580452,-0.00039353035390377045,-6.360933184623718e-05,-0.00027706846594810486,-0.002141296863555908,0.002162229419819773,-0.1293802559375763,0.11836829781532288,-0.07065851241350174,0.04549603536725044,0.19403555923127466,-0.008292414247989655,0.006995155941694975,-0.006683237385004759,0.0020278776064515114,-0.006351228337734938,0.002283735666424036,-0.00031958334147930145,4.717148840427399e-05,-0.00019567087292671204,-0.0021039508283138275,0.002113103230514889,-0.17576384544372559,0.03823544830083847,-0.21258553862571716,-0.09180325269699097,0.280130040729514,54.646252423,True,-7.478520274162292e-05,-0.0001103617250919342,-8.279457688331604e-05,-3.6694109439849854e-05,0.00015585676860726684,0.04630256071686745,0.08006160706281662,0.14200620353221893,0.13737566769123077,0.21692990765703313,ROA_1001_model49999_noise15,2732,2026-10-01_00-04-08,-0.008064119145274162,0.004699853714555502
-4.521571099758148e-05,0.00041886232793331146,0.00025653280317783356,-0.0016388949006795883,0.0017114017606228598,-0.07285689562559128,0.15085701644420624,-0.04987744241952896,0.07204105705022812,0.18867475554440205,-0.0004052650183439255,-4.041939973831177e-05,-0.000288570299744606,-0.0021830201148986816,0.0022040468555064915,-0.13005220890045166,0.11776433885097504,-0.07797777652740479,0.053030434995889664,0.19885318490734083,-0.007441848050802946,0.006692894268780947,-0.005854097660630941,0.0019300519488751888,-0.00563690485432744,0.002105314750224352,-0.00032833777368068695,7.003545761108398e-05,-0.00019744038581848145,-0.0021550338715314865,0.0021644341453481617,-0.17665372788906097,0.0368533656001091,-0.22204917669296265,-0.08584977686405182,0.2874788579645546,54.666258343,True,-7.473863661289215e-05,-0.00010975636541843414,-9.094364941120148e-05,-2.691522240638733e-05,0.00015484955696050065,0.046506986021995544,0.08088163286447525,0.14411237835884094,0.13891839981079102,0.2195713441919066,ROA_1001_model49999_noise15,2733,2026-10-01_00-04-08,-0.007175125647336245,0.0041782488115131855
-5.443580448627472e-05,0.0004607252776622772,0.0002902466803789139,-0.0016796402633190155,0.0017663783137559887,-0.0710110142827034,0.14950287342071533,-0.0545005276799202,0.0758846253156662,0.18950047664597822,-0.00041066668927669525,3.073364496231079e-06,-0.0002750661224126816,-0.0022149179130792618,0.0022324567019682594,-0.12850481271743774,0.11678924411535263,-0.0820760577917099,0.05748401954770088,0.20018361248145403,-0.006980331148952246,0.006796182598918676,-0.005402399692684412,0.00207983935251832,-0.005238249432295561,0.0022217477671802044,-0.000337185338139534,0.00011273659765720367,-0.00017257407307624817,-0.0021960120648145676,0.002204501721361605,-0.1739901453256607,0.03624521195888519,-0.2289423644542694,-0.08362670987844467,0.29127499090077136,54.686254214,True,-7.203780114650726e-05,-0.00011115334928035736,-0.0001028645783662796,-1.848675310611725e-05,0.00015575958337739625,0.04541407898068428,0.08046160638332367,0.14693056046962738,0.1411731243133545,0.22240280773978413,ROA_1001_model49999_noise15,2734,2026-10-01_00-04-08,-0.006564308423548937,0.004016105551272631
-0.000142538920044899,0.0004763249307870865,0.0003970228135585785,-0.001733703538775444,0.0018465023528862678,-0.10081472992897034,0.17659644782543182,-0.02280203439295292,0.04348158463835716,0.2091831407043564,-0.0004906207323074341,2.0954757928848267e-05,-0.0001776963472366333,-0.002258503809571266,0.0022655551585024558,-0.15706194937229156,0.14472612738609314,-0.051775012165308,0.02564256824553013,0.22069366165920823,-0.0067081996239721775,0.0062611592002213,-0.005028646904975176,0.001886049285531044,-0.004995225928723812,0.0019316310063004494,-0.0004248227924108505,0.0001314561814069748,-6.034970283508301e-05,-0.0022522639483213425,0.002256386575185483,-0.20390795171260834,0.06447499245405197,-0.1975162774324417,-0.11762789636850357,0.2866639820694804,54.706253733000004,True,-6.956979632377625e-05,-0.00010826624929904938,-0.00011292286217212677,-7.497146725654602e-06,0.00015347066860961798,0.046791039407253265,0.08020223677158356,0.14578783512115479,0.1433272808790207,0.22342916565406298,ROA_1001_model49999_noise15,2735,2026-10-01_00-04-08,-0.006308548618108034,0.003576837945729494
-0.00015459954738616943,0.0004680827260017395,0.00044656917452812195,-0.0017473474144935608,0.0018693798208691784,-0.10529252886772156,0.17893639206886292,-0.015733763575553894,0.037443824112415314,0.21148506233464903,-0.0004993751645088196,1.1920928955078125e-05,-0.00012512318789958954,-0.0022635329514741898,0.002267045424236095,-0.1615523248910904,0.14741112291812897,-0.045279037207365036,0.019745899364352226,0.22366617874697942,-0.006382403429597616,0.0057347617112100124,-0.004481093026697636,0.0016897208988666534,-0.00469420850276947,0.0015606516972184181,-0.0004359055310487747,0.0001194886863231659,-8.102506399154663e-06,-0.002261251211166382,0.00226445699115105,-0.209002286195755,0.06642890721559525,-0.18990318477153778,-0.12350128591060638,0.285013293758345,54.726259012,True,-6.314367055892944e-05,-0.00010766088962554932,-0.00011818483471870422,-2.0489096641540527e-06,0.00014999996268590452,0.04740245267748833,0.08090445399284363,0.14465674757957458,0.14328350126743317,0.2230774146023854,ROA_1001_model49999_noise15,2736,2026-10-01_00-04-08,-0.005937216337770224,0.002828583586961031
-8.991919457912445e-05,0.0003943685442209244,0.00038067810237407684,-0.0016703736037015915,0.0017603055990820958,-0.0768415629863739,0.15012826025485992,-0.044163547456264496,0.06689131259918213,0.18655879675026935,-0.0004427041858434677,-6.50063157081604e-05,-0.00018570572137832642,-0.0021795742213726044,0.002189963129498714,-0.1332620084285736,0.11991429328918457,-0.07366295903921127,0.04900060221552849,0.19958031053657913,-0.005405082833021879,0.004909139592200518,-0.003798193298280239,0.0009310394525527954,-0.003913447726517916,0.0008734883740544319,-0.00038188882172107697,3.7671998143196106e-05,-7.213093340396881e-05,-0.002176174893975258,0.002177518082601261,-0.18283584713935852,0.0351807102560997,-0.21745170652866364,-0.09169568866491318,0.2884349773546508,54.746275684000004,True,-6.058253347873688e-05,-0.0001039355993270874,-0.00011259689927101135,1.6298145055770874e-07,0.000142964523385943,0.04947743937373161,0.08463626354932785,0.14384672045707703,0.14080199599266052,0.22266863846941173,ROA_1001_model49999_noise15,2737,2026-10-01_00-04-08,-0.004821630660444498,0.001774150412529707
-8.977949619293213e-05,0.0004811212420463562,0.0003920169547200203,-0.0017621088773012161,0.0018702883963571037,-0.06893416494131088,0.14283087849617004,-0.052927058190107346,0.0742182582616806,0.1824357909114203,-0.00043581239879131317,2.3562461137771606e-05,-0.00018442515283823013,-0.0022495631128549576,0.0022571441203682045,-0.12561678886413574,0.11294427514076233,-0.0825938731431961,0.05603162199258804,0.19585855324809942,-0.0051343669183552265,0.0048633175902068615,-0.003670869395136833,0.0009234943427145481,-0.0037173014134168625,0.000913750845938921,-0.00037509016692638397,0.00013094395399093628,-5.855690687894821e-05,-0.0022672349587082863,0.002271320299073771,-0.17247767746448517,0.029518267139792442,-0.22655491530895233,-0.0840679258108139,0.2892193481850303,54.76625395400001,True,-6.128102540969849e-05,-0.00010612420737743378,-0.00012526288628578186,1.7415732145309448e-05,0.00014613118674945686,0.04678358882665634,0.08334777504205704,0.14400434494018555,0.1401624083518982,0.22116086376903454,ROA_1001_model49999_noise15,2738,2026-10-01_00-04-08,-0.004225143231451511,0.0018036793917417526
-2.8870999813079834e-05,0.00044475309550762177,0.0003305962309241295,-0.0017318641766905785,0.0018178110244952666,-0.050692349672317505,0.1235743910074234,-0.06879353523254395,0.08991266787052155,0.17361252640212751,-0.00037532299757003784,-1.6298145055770874e-05,-0.00024079345166683197,-0.00220609363168478,0.0022199469548550613,-0.10732421278953552,0.0942121222615242,-0.09836675226688385,0.07116188853979111,0.18723958850193734,-0.005084589589387178,0.004628863651305437,-0.0037811752408742905,0.0008413349278271198,-0.003772744443267584,0.0008686985820531845,-0.00031585805118083954,9.047798812389374e-05,-0.00011490192264318466,-0.002229725942015648,0.0022339396982207498,-0.15419535338878632,0.009628012776374817,-0.24127237498760223,-0.06691040098667145,0.2909832511213825,54.786254177,True,-6.295740604400635e-05,-0.00010151416063308716,-0.0001251930370926857,2.146698534488678e-05,0.0001448441861398355,0.0470159538090229,0.08499062806367874,0.1427442729473114,0.13768649101257324,0.21932115547278122,ROA_1001_model49999_noise15,2739,2026-10-01_00-04-08,-0.004163835197687149,0.0015140040777623653
-5.3923577070236206e-05,0.0006137415766716003,0.0003955792635679245,-0.001960364170372486,0.0020916027939934367,-0.059810929000377655,0.13651464879512787,-0.045811522752046585,0.06659375131130219,0.1690162495414114,-0.00039623118937015533,0.00015096738934516907,-0.0001630745828151703,-0.0023963861167430878,0.0024052055476152367,-0.11355382949113846,0.10988441854715347,-0.0763600692152977,0.0470099002122879,0.180900792042044,-0.005463908892124891,0.004630034323781729,-0.004042492248117924,0.0009361649863421917,-0.004000096581876278,0.0009749839082360268,-0.00034314580261707306,0.00025848858058452606,-3.0314549803733826e-05,-0.0024342909455299377,0.002447984185807317,-0.1644161492586136,0.023428814485669136,-0.21150963008403778,-0.08508306741714478,0.2734157933491755,54.80625984,True,-5.452893674373627e-05,-0.00010589137673377991,-0.0001301988959312439,3.501772880554199e-05,0.00014183575258812443,0.05111796408891678,0.0869734138250351,0.13498030602931976,0.1315222978591919,0.212456315943217,ROA_1001_model49999_noise15,2740,2026-10-01_00-04-08,-0.004279996268451214,0.001744879875332117
-8.712522685527802e-05,0.0007256865501403809,0.0004161614924669266,-0.002027815207839012,0.0021945786170627707,-0.05261459946632385,0.132515549659729,-0.04691304266452789,0.06598420441150665,0.16309552692201976,-0.00041015446186065674,0.00027031637728214264,-0.00011981464922428131,-0.0024562235921621323,0.0024722013249820953,-0.10686507076025009,0.10535725951194763,-0.07617287337779999,0.04774238541722298,0.17412660518952175,-0.006799782160669565,0.005522002000361681,-0.005259157624095678,0.0017684828490018845,-0.005246704909950495,0.0017937482334673405,-0.0003621913492679596,0.00037923455238342285,2.7008354663848877e-06,-0.00249519944190979,0.0025245129217060995,-0.1533524990081787,0.023383179679512978,-0.21174129843711853,-0.08438340574502945,0.26747790491433815,54.826257823000006,True,-4.954636096954346e-05,-0.00011078082025051117,-0.00012167729437351227,4.046596586704254e-05,0.00013173048651551222,0.04676961898803711,0.0825873538851738,0.1352592259645462,0.13146968185901642,0.2097961347753005,ROA_1001_model49999_noise15,2741,2026-10-01_00-04-08,-0.0053632925264537334,0.0022309585474431515
-0.00024507753551006317,0.0008837319910526276,0.0005622394382953644,-0.0021609943360090256,0.0024138912470711253,-0.08932686597108841,0.17026065289974213,-0.006197019945830107,0.025062819942831993,0.19390013225411526,-0.0005346257239580154,0.00043408945202827454,5.019828677177429e-05,-0.0025902409106492996,0.0026301255315709397,-0.14456267654895782,0.14171050488948822,-0.03627734258770943,0.00770622817799449,0.20486410229628055,-0.007639788556843996,0.005942065734416246,-0.005976568441838026,0.002097995951771736,-0.005938877817243338,0.0021448596380650997,-0.0004955101758241653,0.0005465000867843628,0.00016237609088420868,-0.0026328954845666885,0.0027018852906357973,-0.18597719073295593,0.0653066635131836,-0.16888415813446045,-0.1257341355085373,0.25485328617082326,54.846269375000006,True,-4.01865690946579e-05,-0.00011208467185497284,-0.00011138617992401123,4.4796615839004517e-05,0.00012187354485617708,0.041345130652189255,0.07636518776416779,0.1326589733362198,0.13349716365337372,0.20605874715884218,ROA_1001_model49999_noise15,2742,2026-10-01_00-04-08,-0.00581313343718648,0.002608278300613165
-0.0002394896000623703,0.0008711125701665878,0.0005533918738365173,-0.0021360814571380615,0.0023843501910024508,-0.08735665678977966,0.16759707033634186,-0.002720393007621169,0.023514030501246452,0.19028855829416996,-0.0005171634256839752,0.00042389146983623505,8.651986718177795e-05,-0.0025671906769275665,0.0026076814194081394,-0.14474661648273468,0.1370343267917633,-0.03429781645536423,0.004464760422706604,0.20129760893683107,-0.008300162851810455,0.006135536823421717,-0.006662564817816019,0.0021570585668087006,-0.006539712194353342,0.002270333468914032,-0.00048335641622543335,0.0005331821739673615,0.00018170103430747986,-0.002609565854072571,0.0026780011637536675,-0.182671457529068,0.06261048465967178,-0.16027501225471497,-0.12541654706001282,0.24673396821773794,54.86625814200001,True,-3.497116267681122e-05,-0.00011008232831954956,-9.667128324508667e-05,4.069879651069641e-05,0.0001173743879542047,0.037878286093473434,0.07433583587408066,0.1260116696357727,0.13000424206256866,0.1980847402861281,ROA_1001_model49999_noise15,2743,2026-10-01_00-04-08,-0.006171571556478739,0.0028837271966040134
-0.00015916302800178528,0.0005973968654870987,0.00045355409383773804,-0.001889653503894806,0.0020392410002210647,-0.0844709500670433,0.15819630026817322,0.0008707865490578115,0.025449318811297417,0.1806919257490271,-0.00044014304876327515,0.00013979151844978333,3.1851232051849365e-05,-0.0023138709366321564,0.00231885079786991,-0.1404941976070404,0.12942169606685638,-0.03445986658334732,0.002457760041579604,0.19294392186449705,-0.008613500744104385,0.005076414439827204,-0.0073173209093511105,0.0014673913829028606,-0.007139397319406271,0.0016354741528630257,-0.00041709281504154205,0.0002343207597732544,0.00010719522833824158,-0.002336408942937851,0.002352949104986402,-0.18742726743221283,0.04687253013253212,-0.1450786292552948,-0.11486745625734329,0.24009618515446168,54.886260669,True,-2.2677704691886902e-05,-9.653158485889435e-05,-7.757917046546936e-05,2.561137080192566e-05,9.993062169213408e-05,0.0468953475356102,0.0825156420469284,0.11062155663967133,0.11737830191850662,0.18612846085738463,ROA_1001_model49999_noise15,2744,2026-10-01_00-04-08,-0.006710486952215433,0.0022942028008401394
-0.00014221295714378357,0.0003900844603776932,0.00043259933590888977,-0.0017295591533184052,0.0018300620834559086,-0.10011205077171326,0.16779498755931854,0.021948477253317833,0.007686204742640257,0.19544680704914025,-0.000428641214966774,-7.16187059879303e-05,2.738088369369507e-05,-0.002148095518350601,0.0021493305605438007,-0.1544044315814972,0.14059850573539734,-0.017457641661167145,-0.01889839768409729,0.20882696840315607,-0.008719202131032944,0.0040200394578278065,-0.007764129433780909,0.000665656290948391,-0.007427417207509279,0.0009780563414096832,-0.0004151836037635803,1.7043203115463257e-05,9.844079613685608e-05,-0.002157595008611679,0.002160150084885546,-0.20819808542728424,0.05305418372154236,-0.11760926991701126,-0.1275511384010315,0.2399682222063866,54.906262507,True,-1.6205012798309326e-05,-9.085051715373993e-05,-6.901100277900696e-05,1.080334186553955e-05,9.231229345494174e-05,0.05375826358795166,0.087496817111969,0.10017770528793335,0.10869930684566498,0.17925143142597436,ROA_1001_model49999_noise15,2745,2026-10-01_00-04-08,-0.00734178489074111,0.0016356203705072403
-0.00020316801965236664,0.0002007465809583664,0.000496208667755127,-0.0016023404896259308,0.0016963358712230939,-0.14302343130111694,0.20561668276786804,0.07009413093328476,-0.0384356826543808,0.2606813504875184,-0.0004834029823541641,-0.0002665910869836807,9.825453162193298e-05,-0.0020040199160575867,0.0020219719068190734,-0.1943204402923584,0.18148891627788544,0.025787388905882835,-0.06770715117454529,0.2738424803913901,-0.008625408634543419,0.0027975491248071194,-0.007961910218000412,-0.00020278804004192352,-0.007375940214842558,0.0003456859849393368,-0.0004925765097141266,-0.00017951242625713348,0.00016437843441963196,-0.0020012259483337402,0.0020130635527074578,-0.25738611817359924,0.08872383832931519,-0.06400793790817261,-0.16845668852329254,0.2723519200675328,54.926264182000004,True,8.288770914077759e-06,-8.470378816127777e-05,-6.770715117454529e-05,-3.632158041000366e-06,8.524970929622345e-05,0.06303004920482635,0.0927075669169426,0.08980090916156769,0.10078679025173187,0.17510783927151197,ROA_1001_model49999_noise15,2746,2026-10-01_00-04-08,-0.00839105062186718,0.0006686821579933167
-0.00029653310775756836,0.0001448206603527069,0.0005780719220638275,-0.0015942379832267761,0.0017126202483852752,-0.18712179362773895,0.2465653121471405,0.11191236972808838,-0.0794767364859581,0.33648249683350356,-0.0005759298801422119,-0.00032498501241207123,0.0001689419150352478,-0.0019887927919626236,0.0020166524789131815,-0.23651215434074402,0.22392812371253967,0.06418721377849579,-0.11107604205608368,0.3483869221245586,-0.0075501189567148685,0.0011460380628705025,-0.007057250011712313,-0.0015778772067278624,-0.00636791018769145,-0.0009293351322412491,-0.0005917157977819443,-0.00023767352104187012,0.0002394896000623703,-0.0019824597984552383,0.002004386023661304,-0.3048400282859802,0.12913042306900024,-0.020872334018349648,-0.20758481323719025,0.3397284244468912,54.94626205,True,1.8533319234848022e-05,-8.919741958379745e-05,-7.129274308681488e-05,-7.916241884231567e-06,9.17354616238343e-05,0.06826058775186539,0.0947413444519043,0.08508981764316559,0.09654974192380905,0.17356766612331856,ROA_1001_model49999_noise15,2747,2026-10-01_00-04-08,-0.0077511961571872234,-0.0005615483969449997
-0.00030472874641418457,0.00013867393136024475,0.000592600554227829,-0.0015855301171541214,0.0017094293894044342,-0.18911691009998322,0.24846985936164856,0.11271005123853683,-0.07968488335609436,0.33926690202484316,-0.0005843117833137512,-0.0003398396074771881,0.00017406418919563293,-0.001981481909751892,0.0020118615465996087,-0.23842647671699524,0.22568506002426147,0.0645248219370842,-0.11316779255867004,0.3514289901664521,-0.006808347534388304,2.1344050765037537e-05,-0.005952020641416311,-0.002796318382024765,-0.00540493568405509,-0.002281904686242342,-0.0006074318662285805,-0.00024992041289806366,0.000251084566116333,-0.0019717030227184296,0.0019958084232065197,-0.30887171626091003,0.12895417213439941,-0.01974496804177761,-0.20697759091854095,0.3431079655166476,54.966289358000004,True,2.1350570023059845e-05,-9.14325937628746e-05,-7.441267371177673e-05,-7.729977369308472e-06,9.508730352854407e-05,0.07037841528654099,0.09666545689105988,0.08432193845510483,0.09386520087718964,0.17360588500690988,ROA_1001_model49999_noise15,2748,2026-10-01_00-04-08,-0.006998046766966581,-0.0016229222528636456
-0.0003556022420525551,0.00019855797290802002,0.000618351623415947,-0.0016228295862674713,0.0017650970573558236,-0.20404088497161865,0.2637973427772522,0.11903419345617294,-0.08692684769630432,0.3626672974465898,-0.0006310408934950829,-0.0002916203811764717,0.00018570572137832642,-0.002023298293352127,0.0020465982088878724,-0.2528591752052307,0.24047842621803284,0.07148692011833191,-0.12044375389814377,0.3743382907940735,-0.006626106332987547,-0.0006432863883674145,-0.005626820493489504,-0.003454278688877821,-0.005184093024581671,-0.003052199026569724,-0.0006549293175339699,-0.000196089968085289,0.00026887282729148865,-0.002017710357904434,0.002038753267861711,-0.3235284090042114,0.1437372863292694,-0.015603377483785152,-0.21663913130760193,0.3650214583796115,54.98626757700001,True,2.216547727584839e-05,-9.452924132347107e-05,-8.326023817062378e-05,-4.889443516731262e-06,0.00010023135358999314,0.07061660289764404,0.09670154750347137,0.08711870014667511,0.09623309224843979,0.1763606162170493,ROA_1001_model49999_noise15,2749,2026-10-01_00-04-08,-0.0064224679954349995,-0.001941925147548318
-0.0004473840817809105,0.000290735624730587,0.0007010530680418015,-0.0017043668776750565,0.00189583187742375,-0.22931022942066193,0.2902061641216278,0.13632746040821075,-0.1051863580942154,0.40621038773717527,-0.0007197493687272072,-0.00020388979464769363,0.0002508983016014099,-0.0021080486476421356,0.002126615354243007,-0.27707287669181824,0.26636895537376404,0.0889836773276329,-0.13845552504062653,0.41661933270968776,-0.0065291146747767925,-0.0009465101175010204,-0.005382928531616926,-0.003885383252054453,-0.004980568774044514,-0.003544135019183159,-0.0007429393008351326,-0.00010030344128608704,0.0003477558493614197,-0.00210651196539402,0.002135153659085519,-0.3479540944099426,0.1710958182811737,-0.000643078179564327,-0.23839202523231506,0.4068036276394565,55.006271557000005,True,2.0349398255348206e-05,-0.00010193325579166412,-9.606592357158661e-05,-2.7939677238464355e-06,0.00010892856174909427,0.0708308070898056,0.09526684135198593,0.08966493606567383,0.09992066025733948,0.17902452759253523,ROA_1001_model49999_noise15,2750,2026-10-01_00-04-08,-0.006265853997319937,-0.002043029759079218
-0.0005202600732445717,0.000371783971786499,0.0007981900125741959,-0.00179363414645195,0.002041054885918049,-0.2520609200000763,0.31392380595207214,0.15326263010501862,-0.12280046194791794,0.4462890165799852,-0.0007919035851955414,-0.00012470409274101257,0.0003229361027479172,-0.002203928306698799,0.002227481136740384,-0.29900074005126953,0.2891743779182434,0.10588857531547546,-0.15597976744174957,0.45533266174453135,-0.006145724561065435,-0.0012581294868141413,-0.004781288094818592,-0.004314497113227844,-0.00442506093531847,-0.004040874540805817,-0.0008112285286188126,-1.6100239008665085e-05,0.00043320469558238983,-0.0022042542695999146,0.0022514515382058577,-0.3695353865623474,0.1963542252779007,0.013013835065066814,-0.25952932238578796,0.44587302253591327,55.026271856,True,1.7473939806222916e-05,-0.00010818475857377052,-0.0001094769686460495,-1.862645149230957e-07,0.00011785644700192696,0.0704997181892395,0.0927770733833313,0.09289336949586868,0.10358122736215591,0.18133776099293528,ROA_1001_model49999_noise15,2751,2026-10-01_00-04-08,-0.005880303215235472,-0.00237270537763834
-0.0005564186722040176,0.0003556022420525551,0.000851089134812355,-0.0017985235899686813,0.002069122639078449,-0.2599483132362366,0.32164445519447327,0.16233277320861816,-0.13244757056236267,0.46199654922706007,-0.0008360249921679497,-0.00013810349628329277,0.0003689434379339218,-0.0022060703486204147,0.0022367094084654185,-0.30588018894195557,0.2971975803375244,0.11442694067955017,-0.16531208157539368,0.47018132452710454,-0.005575278308242559,-0.0017070106696337461,-0.004124232567846775,-0.004788829479366541,-0.003805547021329403,-0.00455167843028903,-0.000851508229970932,-3.0035153031349182e-05,0.0004871748387813568,-0.002205371856689453,0.0022646424871353016,-0.37903571128845215,0.2043328583240509,0.02178875543177128,-0.2695314884185791,0.4625040410935618,55.04626729100001,True,1.534353941679001e-05,-0.00010632211342453957,-0.00011781230568885803,-2.561137080192566e-06,0.00012101802434025138,0.07312744855880737,0.09285169094800949,0.09263306111097336,0.10422127693891525,0.18271088504086666,ROA_1001_model49999_noise15,2752,2026-10-01_00-04-08,-0.005530482158064842,-0.002916706958785653
-0.0006063608452677727,0.00036653364077210426,0.0009158393368124962,-0.0018432503566145897,0.002146061216820315,-0.27976229786872864,0.34115079045295715,0.1767340451478958,-0.1469133347272873,0.49595541425301065,-0.0008908798918128014,-0.00012333039194345474,0.0004170229658484459,-0.0022543594241142273,0.0022930348726544936,-0.32534193992614746,0.31586071848869324,0.12743611633777618,-0.18121999502182007,0.5033037047072935,-0.004447490908205509,-0.002408465836197138,-0.0029044407419860363,-0.005437477491796017,-0.002664322964847088,-0.005266458727419376,-0.000903464388102293,-1.5273690223693848e-05,0.0005468958988785744,-0.00225151889026165,0.002326885404805062,-0.39945411682128906,0.224825918674469,0.03470666706562042,-0.28560683131217957,0.4971788585302048,55.066271847,True,1.4016404747962952e-05,-0.00010550720617175102,-0.00013320241123437881,-4.633329808712006e-06,0.00013433927771308444,0.07412105053663254,0.09105551987886429,0.09272805601358414,0.10438565909862518,0.18238668418605447,ROA_1001_model49999_noise15,2753,2026-10-01_00-04-08,-0.004382236395031214,-0.0035276401322335005
-0.0006248010322451591,0.00035315752029418945,0.0009523471817374229,-0.001863180659711361,0.002179270615633632,-0.28354859352111816,0.3444693088531494,0.1782609522342682,-0.14858388900756836,0.5014334258938892,-0.0009120674803853035,-0.00013103708624839783,0.00044314656406641006,-0.0022769439965486526,0.002320198747888807,-0.32941529154777527,0.31822696328163147,0.12836068868637085,-0.18420907855033875,0.5085976500974011,-0.0033461893908679485,-0.0032362807542085648,-0.0017568734474480152,-0.0062618982046842575,-0.0015608393587172031,-0.006122163496911526,-0.0009223585948348045,-2.698507159948349e-05,0.0005784910172224045,-0.002271076664328575,0.002353723935076802,-0.4041752219200134,0.22841057181358337,0.03436487168073654,-0.28907251358032227,0.503386083850357,55.086268594,True,8.288770914077759e-06,-0.0001051812432706356,-0.0001316424459218979,-4.353933036327362e-06,0.0001319565367374651,0.07468485087156296,0.08980021625757217,0.09393761307001114,0.10484246909618378,0.18288565755325942,ROA_1001_model49999_noise15,2754,2026-10-01_00-04-08,-0.0032205525785684586,-0.004396082367748022
-0.000612274743616581,0.0003067776560783386,0.00094554852694273,-0.0018438789993524551,0.0021471612138616284,-0.2819932997226715,0.341996431350708,0.17129814624786377,-0.14166882634162903,0.4944437718936253,-0.0009039882570505142,-0.00017890706658363342,0.0004258938133716583,-0.002255174331367016,0.0022950542404625127,-0.32852402329444885,0.3146950602531433,0.12125656008720398,-0.17879226803779602,0.5019462320382714,-0.002324194647371769,-0.004056757781654596,-0.0007741947192698717,-0.007030084729194641,-0.0006100668106228113,-0.006910217925906181,-0.0009146984666585922,-7.096678018569946e-05,0.0005663372576236725,-0.0022545456886291504,0.002330588269158405,-0.40345707535743713,0.22611358761787415,0.025035345926880836,-0.2835157513618469,0.4970577910665278,55.106271134,True,7.962808012962341e-06,-0.00010565854609012604,-0.0001389533281326294,-2.514570951461792e-06,0.00013928688029242692,0.0748860165476799,0.0885503813624382,0.0961671993136406,0.10469299554824829,0.18342375122458413,ROA_1001_model49999_noise15,2755,2026-10-01_00-04-08,-0.002065580803900957,-0.0052511077374219894
-0.0005912501364946365,0.00023029278963804245,0.0009349430911242962,-0.0017998856492340565,0.0020858315886164913,-0.27681559324264526,0.335656076669693,0.16233882308006287,-0.13289622962474823,0.48161830040549825,-0.0008917180821299553,-0.0002491055056452751,0.0004020053893327713,-0.002217106521129608,0.0022552278841071836,-0.32442039251327515,0.3073098957538605,0.1125093474984169,-0.17113110423088074,0.4896969470378972,-0.0012728322762995958,-0.0049162148497998714,0.0002452526241540909,-0.007885199971497059,0.0004152569454163313,-0.007753959856927395,-0.0008996110409498215,-0.0001464271917939186,0.0005434383638203144,-0.002212019171565771,0.0022791646652477993,-0.3995080292224884,0.21975253522396088,0.012961448170244694,-0.2760380506515503,0.4849639171169586,55.126276970000006,True,6.82193785905838e-06,-0.00010426156222820282,-0.00013952376320958138,-9.42964106798172e-07,0.00013982893686468817,0.07501453906297684,0.08749169856309891,0.09947805106639862,0.10490871220827103,0.18483329721693503,ROA_1001_model49999_noise15,2756,2026-10-01_00-04-08,-0.0010927373077720404,-0.006230616942048073
-0.0005973037332296371,0.0001984182745218277,0.000939203891903162,-0.0017960905097424984,0.0020790353160272377,-0.2769613564014435,0.3353131413459778,0.15480059385299683,-0.1250372678041458,0.47689378292337953,-0.000904034823179245,-0.00027581118047237396,0.00039318110793828964,-0.002207537181675434,0.0022457262543907597,-0.3259586989879608,0.30568286776542664,0.10533164441585541,-0.1646786630153656,0.48574620608773145,-0.00018598325550556183,-0.005615105852484703,0.0012544303899630904,-0.008600814267992973,0.0014350630808621645,-0.008451301604509354,-0.0009059207513928413,-0.00017348211258649826,0.0005375593900680542,-0.0022118445485830307,0.0022767713477186893,-0.39952269196510315,0.2199157476425171,0.002325396053493023,-0.26999586820602417,0.48061057534033164,55.146276693000004,True,2.398155629634857e-06,-0.00010184012353420258,-0.00014397082850337029,4.668254405260086e-06,0.00014427031943796463,0.07344712316989899,0.08574197441339493,0.10298378020524979,0.10530102998018265,0.18548644102415487,ROA_1001_model49999_noise15,2757,2026-10-01_00-04-08,0.00024403701536357403,-0.006868784781545401
-0.0006391201168298721,0.00027688220143318176,0.0009701179806143045,-0.001883780350908637,0.002189140503639032,-0.2862708568572998,0.34424149990081787,0.14801083505153656,-0.11889082938432693,0.4850558321027102,-0.0009406358003616333,-0.00019629951566457748,0.0003911613021045923,-0.0023010012228041887,0.0023343443177189487,-0.33681559562683105,0.31250596046447754,0.0998750850558281,-0.15960143506526947,0.49444247280386094,0.0007535249460488558,-0.0059523675590753555,0.002183908363804221,-0.009011765010654926,0.0023595639504492283,-0.00885749701410532,-0.0009368406608700752,-8.810311555862427e-05,0.0005500274710357189,-0.0023251923266798258,0.0023935216327803433,-0.40545639395713806,0.2308310866355896,-0.01242425013333559,-0.27068302035331726,0.4876044830788436,55.166273888000006,True,-3.632158041000366e-06,-0.00010565854609012604,-0.0001563515979796648,2.1373853087425232e-05,0.00015845437588894097,0.06857118010520935,0.08162203431129456,0.11229729652404785,0.11108338087797165,0.1903895628481986,ROA_1001_model49999_noise15,2758,2026-10-01_00-04-08,0.0015838483814150095,-0.007079053670167923
-0.0006415415555238724,0.000273645855486393,0.0009651528671383858,-0.001882435753941536,0.002185199797318869,-0.2840449810028076,0.3409809172153473,0.13326433300971985,-0.10427308082580566,0.47377895512265333,-0.0009425682947039604,-0.00020123552531003952,0.00037598656490445137,-0.002303358633071184,0.002334408090213242,-0.33585819602012634,0.3079357445240021,0.08714722841978073,-0.14519807696342468,0.4839929570508531,0.0015005128225311637,-0.006441066972911358,0.0028574843890964985,-0.009486086666584015,0.0030185834039002657,-0.009330261498689651,-0.0009360257536172867,-9.527429938316345e-05,0.0005364767275750637,-0.002337066689506173,0.0024011859486750445,-0.40132224559783936,0.2276657521724701,-0.031121190637350082,-0.2603701949119568,0.4761800749857667,55.18627540400001,True,-5.9371814131736755e-06,-0.00010756775736808777,-0.00016221310943365097,3.6135315895080566e-05,0.00016773803775606955,0.06542051583528519,0.08025415986776352,0.11848343163728714,0.11518049985170364,0.1947375968971153,ROA_1001_model49999_noise15,2759,2026-10-01_00-04-08,0.0025262925773859024,-0.007489562034606934
-0.000589294359087944,0.00016407575458288193,0.0009414041414856911,-0.0018152408301830292,0.0020889129966789924,-0.2660779058933258,0.3201037049293518,0.12035667151212692,-0.09000929445028305,0.4413164251005538,-0.0008980277925729752,-0.0003112712875008583,0.000354996882379055,-0.002230517566204071,0.002265955664410459,-0.3178114891052246,0.28780752420425415,0.07557240128517151,-0.13024882972240448,0.45235760813047016,0.002331935567781329,-0.007282445207238197,0.0035119401291012764,-0.010190483182668686,0.0036702468059957027,-0.01002525631338358,-0.0008904840797185898,-0.00020773150026798248,0.0005177222192287445,-0.0022644642740488052,0.002322897765507212,-0.3848313093185425,0.2056562751531601,-0.04276470094919205,-0.24408671259880066,0.4457384149515177,55.206274935,True,-7.124617695808411e-06,-0.0001037726178765297,-0.00016310950741171837,3.5099219530820847e-05,0.00016790113854377382,0.06690295040607452,0.08211563527584076,0.11829879879951477,0.11384405195713043,0.19508571951465162,ROA_1001_model49999_noise15,2760,2026-10-01_00-04-08,0.002940307604148984,-0.00835607759654522
-0.0005086418241262436,4.461035132408142e-05,0.0008903443813323975,-0.001741189043968916,0.0019752868538560845,-0.24693667888641357,0.29948678612709045,0.10900268703699112,-0.07775832712650299,0.40929104161156515,-0.0008308561518788338,-0.0004232628270983696,0.0002928660251200199,-0.002147653140127659,0.002193313766096587,-0.2982390522956848,0.268136590719223,0.06579700857400894,-0.11613684892654419,0.4207486672129937,0.0032066525891423225,-0.00759893050417304,0.004355050157755613,-0.010383091866970062,0.004511699080467224,-0.01020992174744606,-0.00081679318100214,-0.0003234483301639557,0.00045696506276726723,-0.002188852522522211,0.002241925263029909,-0.36618855595588684,0.1852046549320221,-0.055496230721473694,-0.23122945427894592,0.4156349003312748,55.226274179,True,-1.4738179743289948e-05,-9.98377799987793e-05,-0.00016497215256094933,4.011671990156174e-05,0.0001701678573582031,0.06784288585186005,0.08290586620569229,0.12130685150623322,0.1150902807712555,0.19826369074948777,ROA_1001_model49999_noise15,2761,2026-10-01_00-04-08,0.003144928952679038,-0.008868725970387459
-0.0004322268068790436,-6.07222318649292e-05,0.0008154194802045822,-0.0016830163076519966,0.0018751754531160286,-0.23057496547698975,0.2814987599849701,0.09767896682024002,-0.06815697997808456,0.3816279680772856,-0.0007725320756435394,-0.0005204230546951294,0.00019336584955453873,-0.002092309296131134,0.0021560612121854276,-0.2827434539794922,0.24977046251296997,0.056325919926166534,-0.10419822484254837,0.39348277677812893,0.004044682718813419,-0.007908899337053299,0.005130426026880741,-0.010568290948867798,0.005294115282595158,-0.010385573841631413,-0.0007438007742166519,-0.000423286110162735,0.0003669876605272293,-0.0021378742530941963,0.0021916416785514037,-0.34879612922668457,0.1684292107820511,-0.07123057544231415,-0.22394070029258728,0.38954340968279305,55.246281135000004,True,-2.8219074010849e-05,-9.788200259208679e-05,-0.00017229467630386353,4.791654646396637e-05,0.00017883740507870723,0.06592739373445511,0.08129840344190598,0.12769339978694916,0.11977366358041763,0.20361298466957437,ROA_1001_model49999_noise15,2762,2026-10-01_00-04-08,0.0033996812999248505,-0.009366577491164207
-0.00030919909477233887,-0.0001775100827217102,0.0007117399945855141,-0.0015939585864543915,0.0017460329099719862,-0.2020094394683838,0.25327640771865845,0.07696356624364853,-0.04866858571767807,0.3352885850778578,-0.0006603077054023743,-0.0006290152668952942,6.509944796562195e-05,-0.00200662761926651,0.0021077164792367943,-0.25531741976737976,0.2206568568944931,0.03802776336669922,-0.08130515366792679,0.3473693552576563,0.004535859450697899,-0.008152532391250134,0.005506655666977167,-0.010622917674481869,0.005664417520165443,-0.010439232923090458,-0.0006235670298337936,-0.0005301553755998611,0.00024510081857442856,-0.002062693238258362,0.0021314892179655916,-0.3177397847175598,0.14259758591651917,-0.09640305489301682,-0.20767095685005188,0.34829251720762416,55.266279482,True,-3.390014171600342e-05,-9.941868484020233e-05,-0.0001807231456041336,5.578622221946716e-05,0.00018917337115806365,0.062338072806596756,0.07800199091434479,0.13449856638908386,0.1264268010854721,0.20949639370910783,ROA_1001_model49999_noise15,2763,2026-10-01_00-04-08,0.0036599147133529186,-0.009758636355400085
-0.0002668239176273346,-0.00019264407455921173,0.0006465474143624306,-0.0015705358237028122,0.0017002011714826023,-0.19191135466098785,0.24428589642047882,0.06545940041542053,-0.03919797018170357,0.318780968578701,-0.0006174668669700623,-0.000640377402305603,-2.8777867555618286e-05,-0.0019965926185250282,0.002108772223444966,-0.2467823028564453,0.2102241814136505,0.028651205822825432,-0.06919936090707779,0.3310440661635557,0.004503948614001274,-0.007861457765102386,0.005383433308452368,-0.010233135893940926,0.005528487265110016,-0.010048940777778625,-0.0005694106221199036,-0.0005339737981557846,0.00016025733202695847,-0.002058432437479496,0.002126601043766357,-0.3026784360408783,0.13751232624053955,-0.11292984336614609,-0.2026481032371521,0.3334945348452576,55.286277445,True,-4.7637149691581726e-05,-0.00010728836059570312,-0.00019283033907413483,6.277114152908325e-05,0.00020332674902322472,0.05581625550985336,0.07264711707830429,0.1416492611169815,0.13349297642707825,0.21471628042535992,ROA_1001_model49999_noise15,2764,2026-10-01_00-04-08,0.0038436236791312695,-0.009088356047868729
-0.00023934990167617798,-0.00019776634871959686,0.0005942536517977715,-0.0015547499060630798,0.0016675003376072368,-0.1899339109659195,0.24115338921546936,0.06183725595474243,-0.0344407744705677,0.31389280925274693,-0.0005932990461587906,-0.0006542541086673737,-9.634532034397125e-05,-0.0019883736968040466,0.002112725001050311,-0.2456745058298111,0.20636430382728577,0.026219522580504417,-0.06298301368951797,0.32656863505742134,0.004514352418482304,-0.008186470717191696,0.005233283620327711,-0.010264312848448753,0.005366730969399214,-0.010080515407025814,-0.000541936606168747,-0.0005424022674560547,0.00010998919606208801,-0.002057524397969246,0.0021280719813159053,-0.29905372858047485,0.1343684196472168,-0.1174129992723465,-0.199922576546669,0.32973627086850865,55.306282225000004,True,-5.234032869338989e-05,-0.00011418014764785767,-0.00020507723093032837,6.926711648702621e-05,0.00021704674293711166,0.05330051854252815,0.07193395495414734,0.14365486800670624,0.13697239756584167,0.21729883635877456,ROA_1001_model49999_noise15,2765,2026-10-01_00-04-08,0.004159131087362766,-0.009129475802183151
-0.00013061799108982086,-0.00029765069484710693,0.0004869885742664337,-0.0014521414414048195,0.0015507963550579408,-0.1645674854516983,0.21242396533489227,0.04162406176328659,-0.011662951670587063,0.27096547530493553,-0.0005065463483333588,-0.0007798429578542709,-0.00020728912204504013,-0.0018911901861429214,0.002082819680386982,-0.2205488234758377,0.17839762568473816,0.006653600838035345,-0.03927852585911751,0.28525025638691515,0.003940187394618988,-0.0088506443426013,0.004547503776848316,-0.010775713250041008,0.004682052880525589,-0.010585684329271317,-0.0004459638148546219,-0.0006585381925106049,3.3993273973464966e-06,-0.001954473555088043,0.0020673312605009697,-0.27643653750419617,0.10159285366535187,-0.13635121285915375,-0.1756087839603424,0.30874773933476124,55.326278717,True,-5.955807864665985e-05,-0.00012158416211605072,-0.0002112705260515213,6.246846169233322e-05,0.00022212558057420277,0.0557824932038784,0.07673818618059158,0.1430685967206955,0.13639219105243683,0.218710752528996,ROA_1001_model49999_noise15,2766,2026-10-01_00-04-08,0.003481281688436866,-0.009758749045431614
-9.099021553993225e-05,-0.0003555789589881897,0.0004935311153531075,-0.001423107460141182,0.0015375894784729117,-0.1633101999759674,0.20948004722595215,0.05121063068509102,-0.019981756806373596,0.2698307966359343,-0.0004953239113092422,-0.0008454546332359314,-0.00021595042198896408,-0.0018788850866258144,0.0021000206238524204,-0.2178712636232376,0.17744673788547516,0.016237609088420868,-0.04488765075802803,0.2839783253611009,0.0038843215443193913,-0.008890712633728981,0.004205056931823492,-0.010668758302927017,0.004504056181758642,-0.010369686409831047,-0.0004244968295097351,-0.0007207505404949188,-1.4784745872020721e-06,-0.001932715531438589,0.002068367069569852,-0.2779788076877594,0.09670666605234146,-0.127398282289505,-0.18422630429267883,0.3061590668785057,55.346283304,True,-6.887130439281464e-05,-0.00012260861694812775,-0.0002148328348994255,5.103647708892822e-05,0.00022602272667441168,0.05998322367668152,0.08066603541374207,0.14372774958610535,0.13939057290554047,0.22356944724609232,ROA_1001_model49999_noise15,2767,2026-10-01_00-04-08,0.0028894159477204084,-0.009950376115739346
-9.64384526014328e-05,-0.00036600977182388306,0.0005390262231230736,-0.0014416174963116646,0.0015704172954562458,-0.17457453906536102,0.22028665244579315,0.07333187013864517,-0.04234304279088974,0.2920148158238988,-0.000520702451467514,-0.0008604023605585098,-0.0001917826011776924,-0.0019134953618049622,0.002134955751473205,-0.227317675948143,0.19050854444503784,0.038174912333488464,-0.06391666829586029,0.3048653934831637,0.004056094214320183,-0.008463513106107712,0.003987936303019524,-0.010147897526621819,0.004646008368581533,-0.009609105065464973,-0.0004416797310113907,-0.0007337424904108047,2.7404166758060455e-05,-0.0019541243091225624,0.0020915290907643725,-0.2913232743740082,0.1069614589214325,-0.10746926814317703,-0.20806211233139038,0.3133694190461984,55.366284372,True,-7.837079465389252e-05,-0.00012633390724658966,-0.00021844170987606049,4.16068360209465e-05,0.00023211418121974665,0.06392225623130798,0.08348049223423004,0.14569982886314392,0.14419294893741608,0.23002406560047461,ROA_1001_model49999_noise15,2768,2026-10-01_00-04-08,0.0025210746098309755,-0.009806130081415176
-0.00012665987014770508,-0.00030044466257095337,0.0005711102858185768,-0.00147141981869936,0.001596010787748282,-0.17615872621536255,0.21886032819747925,0.07516773790121078,-0.04474911466240883,0.29279350150319855,-0.0005674082785844803,-0.0008153263479471207,-0.0001768115907907486,-0.0019529834389686584,0.002152086513221937,-0.22787553071975708,0.18994370102882385,0.041041985154151917,-0.06518559157848358,0.30562406930546837,0.004025489091873169,-0.008035825565457344,0.004251938313245773,-0.009609628468751907,0.004724392667412758,-0.009195370599627495,-0.00047888606786727905,-0.0006828922778367996,5.811452865600586e-05,-0.0019931932911276817,0.002109440263440587,-0.2951030433177948,0.10298797488212585,-0.10571838170289993,-0.21129845082759857,0.3157861813987409,55.386283199000005,True,-9.112991392612457e-05,-0.00013220123946666718,-0.000230385921895504,4.1653402149677277e-05,0.0002480409793509511,0.06715208292007446,0.08687423169612885,0.1468411535024643,0.146161288022995,0.23414555390811945,ROA_1001_model49999_noise15,2769,2026-10-01_00-04-08,0.003021745942533016,-0.009441990405321121
-0.0002776738256216049,-7.969792932271957e-05,0.0006813788786530495,-0.001638184767216444,0.001774555787483783,-0.20306067168712616,0.24730035662651062,0.09444797784090042,-0.06452575325965881,0.3384629885302248,-0.000704638659954071,-0.0006105285137891769,-6.635673344135284e-05,-0.002131308428943157,0.0022333925416703547,-0.25387129187583923,0.2181348353624344,0.06082583963871002,-0.08479493856430054,0.34980851943824853,0.0036119655705988407,-0.007256226148456335,0.0038959686644375324,-0.008817523717880249,0.004316806793212891,-0.008436951786279678,-0.0006173038855195045,-0.0004678964614868164,0.00017583370208740234,-0.0021735206246376038,0.002223744842191612,-0.31952396035194397,0.13131648302078247,-0.08506955951452255,-0.23375101387500763,0.34576527049893185,55.40628353100001,True,-9.003560990095139e-05,-0.00014076940715312958,-0.00024059554561972618,3.9639417082071304e-05,0.0002573172994880249,0.06561120599508286,0.08674664050340652,0.14594686031341553,0.14902685582637787,0.23492283862681698,ROA_1001_model49999_noise15,2770,2026-10-01_00-04-08,0.0037535117007791996,-0.008421100676059723
-0.0003118300810456276,4.563480615615845e-06,0.0006776652298867702,-0.001647567842155695,0.001785832641570774,-0.19907717406749725,0.23972265422344208,0.08592498302459717,-0.05313672497868538,0.32613089085281083,-0.0007438939064741135,-0.0005468958988785744,-4.105968400835991e-05,-0.0021489569917321205,0.0022299311761849083,-0.2473946511745453,0.21227285265922546,0.05182460695505142,-0.07469253242015839,0.337695619807519,0.0029423602391034365,-0.007117175497114658,0.003189677372574806,-0.008635210804641247,0.0035679806023836136,-0.008278578519821167,-0.0006530666723847389,-0.0004062661901116371,0.00019908184185624123,-0.0021771062165498734,0.002216122970093503,-0.31852930784225464,0.11819250881671906,-0.0865556001663208,-0.2183159738779068,0.33982665384429495,55.426287222000006,True,-9.294599294662476e-05,-0.0001417938619852066,-0.00023673055693507195,2.825399860739708e-05,0.0002561686492239891,0.07104267925024033,0.09399791806936264,0.13854598999023438,0.14369235932826996,0.23146766619376333,ROA_1001_model49999_noise15,2771,2026-10-01_00-04-08,0.003815034870058298,-0.00822234433144331
-0.00023525208234786987,-8.242204785346985e-06,0.0006699352525174618,-0.0016426551155745983,0.0017759018907646492,-0.18340441584587097,0.22264103591442108,0.07460883259773254,-0.040782611817121506,0.2991727470013689,-0.0006834743544459343,-0.0005853362381458282,-2.4819746613502502e-05,-0.0021537416614592075,0.0022419501580682346,-0.23000779747962952,0.1967935711145401,0.04001345857977867,-0.0627887174487114,0.31101268357151285,0.002665135310962796,-0.007560807280242443,0.0029302765615284443,-0.009007657878100872,0.003281857818365097,-0.008669475093483925,-0.0005857087671756744,-0.0004389788955450058,0.0002055428922176361,-0.002163113094866276,0.0022089778334627892,-0.3071848750114441,0.09541212767362595,-0.09347253292798996,-0.2028498500585556,0.3241199189043425,55.446288002,True,-9.550713002681732e-05,-0.00014719553291797638,-0.00023017637431621552,1.0582152754068375e-05,0.0002553679646718926,0.07706577330827713,0.10126176476478577,0.1338391900062561,0.14021584391593933,0.2315724057875498,ROA_1001_model49999_noise15,2772,2026-10-01_00-04-08,0.003377519780769944,-0.009019876830279827
-0.00013727694749832153,-0.0001057283952832222,0.0005203648470342159,-0.001485506072640419,0.001574960274300648,-0.14332425594329834,0.1808307021856308,0.050893981009721756,-0.014447955414652824,0.2347712835138125,-0.0005904585123062134,-0.0006878282874822617,-0.00012669479474425316,-0.001987861469388008,0.002128068333464845,-0.18796882033348083,0.15702609717845917,0.015045864507555962,-0.03784126415848732,0.2475470918664041,0.0023165487218648195,-0.007337251678109169,0.0026761554181575775,-0.00862052757292986,0.00290375086478889,-0.008387966081500053,-0.00048743095248937607,-0.0005421694368124008,8.669449016451836e-05,-0.0019808532670140266,0.002054235116417279,-0.26844558119773865,0.051738690584897995,-0.10777508467435837,-0.16724620759487152,0.28982603800275747,55.466288269,True,-0.00010200310498476028,-0.0001450302079319954,-0.0002158922143280506,-7.112976163625717e-06,0.0002516472285050878,0.08033541589975357,0.105211041867733,0.12281676381826401,0.12946128845214844,0.22189685331322193,ROA_1001_model49999_noise15,2773,2026-10-01_00-04-08,0.00266341888345778,-0.009216458536684513
-8.707866072654724e-05,-0.00016852281987667084,0.0004693632945418358,-0.0014022341929376125,0.0014846477472352587,-0.12765870988368988,0.16532325744628906,0.047564271837472916,-0.009163166396319866,0.21208180124538972,-0.0005472684279084206,-0.0007479684427380562,-0.00014837132766842842,-0.0019039958715438843,0.002074805680729204,-0.17030280828475952,0.14409933984279633,0.010481801815330982,-0.032898154109716415,0.22500901734459056,0.0023765850346535444,-0.007162745110690594,0.0027629658579826355,-0.008356896229088306,0.0029683695174753666,-0.008153201080858707,-0.00044212210923433304,-0.0006096204742789268,5.5553391575813293e-05,-0.0018750899471342564,0.001973574605147428,-0.2549760937690735,0.03423169255256653,-0.10375619679689407,-0.15508289635181427,0.27717965152453833,55.486293017,True,-0.00010274816304445267,-0.00013993121683597565,-0.00020421575754880905,-2.6565976440906525e-05,0.0002484447824534668,0.08456362038850784,0.10976800322532654,0.11428643018007278,0.12226821482181549,0.2170429968050945,ROA_1001_model49999_noise15,2774,2026-10-01_00-04-08,0.002615703037008643,-0.009182345122098923
-5.974434316158295e-05,-0.00017175916582345963,0.0004279427230358124,-0.0013859709724783897,0.0014579530666298432,-0.12239929288625717,0.160121351480484,0.053083404898643494,-0.013471230864524841,0.20619362790645468,-0.0005139270797371864,-0.000750063918530941,-0.0001646461896598339,-0.0018890132196247578,0.0020623776805486663,-0.16427016258239746,0.13913795351982117,0.014284391887485981,-0.038624972105026245,0.21826920348874232,0.002379285404458642,-0.0069707175716757774,0.002786599099636078,-0.008138023316860199,0.002996132243424654,-0.007936210371553898,-0.0004077330231666565,-0.0006139278411865234,3.3550895750522614e-05,-0.0018474063836038113,0.0019492519893798375,-0.24912923574447632,0.028911743313074112,-0.09228416532278061,-0.15488649904727936,0.26768528605508163,55.506292164,True,-0.00010516960173845291,-0.0001375330612063408,-0.0001982436515390873,-4.103640094399452e-05,0.00025007814391508394,0.08477828651666641,0.11014216393232346,0.1065889298915863,0.11631729453802109,0.21007042108075027,ROA_1001_model49999_noise15,2775,2026-10-01_00-04-08,0.0026818495243787766,-0.008915258571505547
-7.313210517168045e-05,-9.906943887472153e-05,0.00042817555367946625,-0.001429469557479024,0.0014940566881017925,-0.12320372462272644,0.1642242968082428,0.053335387259721756,-0.014099640771746635,0.2099369292141058,-0.000509992241859436,-0.000676838681101799,-0.0001552165485918522,-0.0019423372577875853,0.0020818361164317285,-0.16554583609104156,0.14205695688724518,0.014110526069998741,-0.04025740548968315,0.22127326485309107,0.0018647030228748918,-0.006595125421881676,0.0023277662694454193,-0.007900675758719444,0.0025713248178362846,-0.007670504041016102,-0.00041050370782613754,-0.0005356268957257271,3.725872375071049e-05,-0.0018931517843157053,0.0019689936845035606,-0.24765333533287048,0.033886171877384186,-0.0909932404756546,-0.15540431439876556,0.26522740450736926,55.5262924,True,-0.00010069925338029861,-0.0001392792910337448,-0.00019247527234256268,-5.129259079694748e-05,0.00024822271360866487,0.0820036455988884,0.10808533430099487,0.10517064481973648,0.11521973460912704,0.206536105710705,ROA_1001_model49999_noise15,2776,2026-10-01_00-04-08,0.002403909806162119,-0.00831580813974142
-0.00013194512575864792,-3.159511834383011e-05,0.0004631117917597294,-0.0014768040273338556,0.0015477436647404373,-0.1433810591697693,0.1854163110256195,0.06846006214618683,-0.027796892449259758,0.24313371167786219,-0.000552530400454998,-0.0006148824468255043,-0.00010303338058292866,-0.002001406392082572,0.002110854729565292,-0.18549267947673798,0.16258563101291656,0.028383683413267136,-0.05490635335445404,0.2533348701260481,0.001510304631665349,-0.006642435677349567,0.001984233735129237,-0.007901027798652649,0.0021873502992093563,-0.007712983526289463,-0.00046261120587587357,-0.00047266948968172073,8.112983778119087e-05,-0.0019414525013417006,0.0019984107189315163,-0.26759132742881775,0.05406560003757477,-0.07371476292610168,-0.16931292414665222,0.2777150641504674,55.546291707,True,-9.085051715373993e-05,-0.00013972166925668716,-0.00018421560525894165,-6.37490302324295e-05,0.00024297194036806697,0.0820218101143837,0.10841874778270721,0.10212859511375427,0.11448579281568527,0.20482183930214887,ROA_1001_model49999_noise15,2777,2026-10-01_00-04-08,0.0022517319303005934,-0.007928339764475822
-0.00017224811017513275,1.6833655536174774e-05,0.0004789675585925579,-0.001511810114607215,0.0015873438011366411,-0.154620960354805,0.19823968410491943,0.07730384171009064,-0.036504585295915604,0.26298314152879737,-0.0005793292075395584,-0.0005645677447319031,-7.386552169919014e-05,-0.002044771099463105,0.002134029820524478,-0.1970399022102356,0.17455731332302094,0.037043821066617966,-0.06372510641813278,0.2724489768413804,0.0008344277739524841,-0.006445595063269138,0.0013702195137739182,-0.007736771367490292,0.0015542740002274513,-0.007562735583633184,-0.0004959991201758385,-0.0004250789061188698,0.00010527437552809715,-0.0019774597603827715,0.0020226322033262095,-0.2774665951728821,0.06792158633470535,-0.0647471696138382,-0.178787961602211,0.286940732640469,55.566294311,True,-8.614733815193176e-05,-0.00014123506844043732,-0.00018017017282545567,-6.586196832358837e-05,0.00023948060229828948,0.08033867180347443,0.10657216608524323,0.10183261334896088,0.11510762572288513,0.20339447382642747,ROA_1001_model49999_noise15,2778,2026-10-01_00-04-08,0.0013092770241200924,-0.0077386172488331795
-0.00016978010535240173,-4.684552550315857e-05,0.000473362160846591,-0.0014501798432320356,0.0015255034037688312,-0.1579073667526245,0.20202387869358063,0.0814817026257515,-0.03957480564713478,0.26928737103624945,-0.0005746260285377502,-0.0006316695362329483,-6.252666935324669e-05,-0.0019943108782172203,0.0021057743051819296,-0.19978009164333344,0.179098442196846,0.04067714139819145,-0.06701808422803879,0.2786658238429801,0.0005155619001016021,-0.006293642334640026,0.0010548653081059456,-0.007572795730084181,0.0012308860896155238,-0.007410772144794464,-0.0004949513822793961,-0.000491878017783165,0.00010592048056423664,-0.0019152590539306402,0.001977526757780995,-0.2826240360736847,0.06985338032245636,-0.05876825749874115,-0.18039339780807495,0.29169012895859625,55.586291794000005,True,-8.146744221448898e-05,-0.000138930045068264,-0.0001640582922846079,-7.907510735094547e-05,0.0002327474894456258,0.08278316259384155,0.10917195677757263,0.09945406764745712,0.11343828588724136,0.2036640708523743,ROA_1001_model49999_noise15,2779,2026-10-01_00-04-08,0.0004974756157025695,-0.0076518068090081215
-0.00015774276107549667,-9.783543646335602e-05,0.0004582223482429981,-0.0014123739674687386,0.001485519116711807,-0.15771877765655518,0.20310421288013458,0.0835513323545456,-0.0407836027443409,0.27065648935007497,-0.0005621695891022682,-0.0006845453754067421,-6.431946530938148e-05,-0.0019543804228305817,0.002086345831405724,-0.1996220052242279,0.18070195615291595,0.04281260445713997,-0.06802018731832504,0.28022703808542765,0.0005205731140449643,-0.006450176239013672,0.0010793186957016587,-0.00775492936372757,0.001266376581043005,-0.007582233287394047,-0.0004892237484455109,-0.0005489680916070938,9.220093488693237e-05,-0.0018679071217775345,0.0019475783115296887,-0.2845211327075958,0.06914138793945312,-0.05571497231721878,-0.17974227666854858,0.2931975057750563,55.606292734,True,-7.187481969594955e-05,-0.00013883691281080246,-0.00015988480299711227,-8.398783393204212e-05,0.00022812230149978153,0.08480972051620483,0.11148326843976974,0.0985732153058052,0.11177907884120941,0.2043964827064603,ROA_1001_model49999_noise15,2780,2026-10-01_00-04-08,0.0002701312769204378,-0.007765430957078934
-0.0002312706783413887,-6.225891411304474e-05,0.0005107605829834938,-0.001444225199520588,0.0015319955346655221,-0.17730401456356049,0.2247241735458374,0.09920604526996613,-0.05686888098716736,0.3056426770326592,-0.0006326241418719292,-0.000644288957118988,-1.019798219203949e-05,-0.0019882398191839457,0.0021009092763130907,-0.21941260993480682,0.2023717314004898,0.05799415335059166,-0.08383282274007797,0.3147061199647632,0.0002958923578262329,-0.0062086936086416245,0.0008902153931558132,-0.007620025891810656,0.0010926054092124104,-0.007435761392116547,-0.0005627982318401337,-0.0005077803507447243,0.00014076940715312958,-0.0019003171473741531,0.001967013128855563,-0.30416131019592285,0.09166541695594788,-0.040829528123140335,-0.1961517184972763,0.3184672819447444,55.626296938,True,-6.863847374916077e-05,-0.00013683456927537918,-0.0001537497155368328,-8.684583008289337e-05,0.0002237779196392222,0.08465209603309631,0.11063320189714432,0.09887810796499252,0.11236993968486786,0.20435462996252882,ROA_1001_model49999_noise15,2781,2026-10-01_00-04-08,0.00014427956193685532,-0.007245845161378384
-0.0002902466803789139,-1.7532147467136383e-05,0.0005621346645057201,-0.0014799530617892742,0.0015855616851830337,-0.19236700236797333,0.24112731218338013,0.10804889351129532,-0.0650787204504013,0.3307303126086876,-0.0006848946213722229,-0.0006020069122314453,4.196772351861e-05,-0.0020270701497793198,0.002120852784523993,-0.23457127809524536,0.21850968897342682,0.06692402064800262,-0.09213852882385254,0.33958040472798445,9.834766387939453e-05,-0.006161247380077839,0.0007259964477270842,-0.0076422798447310925,0.0009329993044957519,-0.0074575114995241165,-0.0006201909855008125,-0.00046528875827789307,0.000186823308467865,-0.0019374769181013107,0.0019929443036905254,-0.3204806447029114,0.10745064169168472,-0.033059388399124146,-0.20517763495445251,0.34066595439473707,55.646296053,True,-6.470363587141037e-05,-0.00013872049748897552,-0.00014771940186619759,-9.044306352734566e-05,0.00022150075192794614,0.0858185738325119,0.11100153625011444,0.1000572144985199,0.11307431012392044,0.2060025601914123,ROA_1001_model49999_noise15,2782,2026-10-01_00-04-08,0.00013794051483273506,-0.007004596292972565
-0.0003505498170852661,2.062879502773285e-05,0.0006241025403141975,-0.0015150639228522778,0.0016459342699265199,-0.20955152809619904,0.2595013678073883,0.11677224934101105,-0.0739440992474556,0.358680911989718,-0.0007419148460030556,-0.0005667330697178841,0.00010309740900993347,-0.002065009903162718,0.002143858682779516,-0.2522265911102295,0.23600108921527863,0.07610336691141129,-0.10098085552453995,0.36726766369267444,-0.0001723235473036766,-0.006189765874296427,0.0005104338051751256,-0.007769107352942228,0.0007214846555143595,-0.007578374817967415,-0.000681169331073761,-0.0004254281520843506,0.0002463115379214287,-0.001977919600903988,0.002025843294310069,-0.3386118710041046,0.12559139728546143,-0.026625346392393112,-0.21590302884578705,0.36633595911777805,55.666298689,True,-6.116461008787155e-05,-0.00014042016118764877,-0.00014289980754256248,-8.71601514518261e-05,0.00021642777231070646,0.08630658686161041,0.1103791818022728,0.10277702659368515,0.11495476961135864,0.20823881557177296,ROA_1001_model49999_noise15,2783,2026-10-01_00-04-08,2.6706140488386154e-05,-0.00692176166921854
-0.00041765160858631134,6.188638508319855e-05,0.0007032882422208786,-0.0015677534975111485,0.00173391261931437,-0.2313717156648636,0.2822023630142212,0.1276410073041916,-0.08583452552556992,0.39388759525891487,-0.0008019851520657539,-0.0005233101546764374,0.00017293496057391167,-0.0021153828129172325,0.002179314042845948,-0.2744958996772766,0.2578713297843933,0.08708924800157547,-0.11327012628316879,0.40224309927647833,-0.00015470036305487156,-0.006225325167179108,0.0005759585183113813,-0.007908044382929802,0.0007854233263060451,-0.007717476226389408,-0.0007469207048416138,-0.0003857305273413658,0.000320549588650465,-0.002036220394074917,0.002081152931743354,-0.3604104220867157,0.1483163684606552,-0.01852598413825035,-0.23064179718494415,0.3988425097461485,55.686299628,True,-5.434267222881317e-05,-0.0001407228410243988,-0.00014746328815817833,-7.731141522526741e-05,0.00021046326033855197,0.08583999425172806,0.109501414000988,0.10561639815568924,0.11740507930517197,0.21035175744476237,ROA_1001_model49999_noise15,2784,2026-10-01_00-04-08,0.00028152368031442165,-0.006815457250922918
-0.00047481153160333633,9.727664291858673e-05,0.0007750582881271839,-0.0016318750567734241,0.0018310448072575245,-0.25445663928985596,0.3063969612121582,0.13992108404636383,-0.10033068060874939,0.43204203796386115,-0.0008577015250921249,-0.00048531219363212585,0.00022702151909470558,-0.0021817046217620373,0.0022353628476781224,-0.298412024974823,0.28084006905555725,0.09962484985589981,-0.1277296096086502,0.44003421073157895,0.0001379696186631918,-0.0062619708478450775,0.0009109555976465344,-0.008048724383115768,0.001118502696044743,-0.007854020223021507,-0.0008016126230359077,-0.00034761615097522736,0.0003812718205153942,-0.0021118088625371456,0.0021569218907281293,-0.382665753364563,0.1730627715587616,-0.010215094313025475,-0.2498226761817932,0.4343331637527742,55.706298072,True,-5.417969077825546e-05,-0.00013725366443395615,-0.00015386613085865974,-7.128110155463219e-05,0.00020908875829191089,0.0841822400689125,0.10771699994802475,0.10987673699855804,0.1221126839518547,0.2135906001529401,ROA_1001_model49999_noise15,2785,2026-10-01_00-04-08,0.0007571758469566703,-0.006743795238435268
-0.0005040783435106277,9.918585419654846e-05,0.0008288421668112278,-0.001670164056122303,0.0018918545142502304,-0.26811423897743225,0.32012373208999634,0.1473739892244339,-0.10928353667259216,0.45439911849631365,-0.0008873641490936279,-0.0004772329702973366,0.0002685817889869213,-0.002220412716269493,0.0022726473729553598,-0.3125271499156952,0.29396170377731323,0.10755843669176102,-0.13666924834251404,0.46233985920324444,0.0007141450187191367,-0.006538551766425371,0.0015343674458563328,-0.008409040980041027,0.0017454359913244843,-0.008207857608795166,-0.000834721140563488,-0.0003434717655181885,0.0004259636625647545,-0.002155208494514227,0.0022052041429119007,-0.3971187174320221,0.1868239939212799,-0.005922803655266762,-0.2618041932582855,0.45622258023911083,55.72630361900001,True,-5.4854899644851685e-05,-0.00013364478945732117,-0.00015526311472058296,-6.401096470654011e-05,0.0002049343528640423,0.08450494706630707,0.10705459117889404,0.11350429058074951,0.12517480552196503,0.21702805710085382,ROA_1001_model49999_noise15,2786,2026-10-01_00-04-08,0.0012973523698747158,-0.007097317837178707
-0.0005323672667145729,7.799826562404633e-05,0.0008895178325474262,-0.0017022015526890755,0.0019477276309331376,-0.2814582288265228,0.33349984884262085,0.1554001271724701,-0.11907022446393967,0.4767519055753738,-0.0009228009730577469,-0.0004886416718363762,0.0003124179784208536,-0.0022544991225004196,0.0023100166339090904,-0.32624414563179016,0.3068367838859558,0.11589523404836655,-0.14653784036636353,0.4846137899565296,0.0016913923900574446,-0.006994588300585747,0.002554273698478937,-0.008933876641094685,0.002766692778095603,-0.008729107677936554,-0.0008690869435667992,-0.0003601890057325363,0.0004702247679233551,-0.0021946034394204617,0.0022521568553528363,-0.4116971790790558,0.20062386989593506,-0.0021167797967791557,-0.27467215061187744,0.47844667216806375,55.746306575000006,True,-5.627516657114029e-05,-0.00013117678463459015,-0.00015588011592626572,-5.926121957600117e-05,0.00020261013342063935,0.08538923412561417,0.10617612302303314,0.11804565787315369,0.128137469291687,0.22105838481084886,ROA_1001_model49999_noise15,2787,2026-10-01_00-04-08,0.0022147763520479202,-0.007611964363604784
-0.0005523674190044403,4.9266964197158813e-05,0.0009331735782325268,-0.0017214566469192505,0.0019833293225328995,-0.28905248641967773,0.3405776619911194,0.1585201770067215,-0.12344377487897873,0.48837112298836777,-0.0009487150236964226,-0.0005109934136271477,0.000340945553034544,-0.002272683195769787,0.002333495619414567,-0.33461394906044006,0.31318631768226624,0.11970428377389908,-0.15098217129707336,0.49647556921064073,0.0029372447170317173,-0.007582058198750019,0.00382482772693038,-0.00956571102142334,0.004034467041492462,-0.009357176721096039,-0.0008931849151849747,-0.00038603320717811584,0.0005021225661039352,-0.0022168271243572235,0.00228153473504246,-0.4204283356666565,0.2080565243959427,-0.003047403646633029,-0.28187093138694763,0.49039088015139526,55.76630249,True,-5.606561899185181e-05,-0.0001255422830581665,-0.00016030389815568924,-5.377223715186119e-05,0.0002005313460999333,0.0857100784778595,0.10505783557891846,0.12276693433523178,0.1309209018945694,0.22481050654412926,ROA_1001_model49999_noise15,2788,2026-10-01_00-04-08,0.0034687798470258713,-0.00823217909783125
-0.0005532987415790558,3.5390257835388184e-06,0.0009578187018632889,-0.0017228303477168083,0.001991009195332794,-0.2914466857910156,0.34181538224220276,0.1550791710615158,-0.12024514377117157,0.48881169440895994,-0.000960472971200943,-0.0005527865141630173,0.0003461260348558426,-0.00227438285946846,0.0023437465168021547,-0.3376542329788208,0.31381285190582275,0.11731241643428802,-0.14813266694545746,0.4974836455283939,0.004438761621713638,-0.0082691740244627,0.005322734825313091,-0.010269248858094215,0.005526668857783079,-0.010058397427201271,-0.0008997973054647446,-0.0004294794052839279,0.0005090143531560898,-0.002227863296866417,0.002297937592446468,-0.4239072799682617,0.20892265439033508,-0.010778195224702358,-0.2818107604980469,0.4914772879488045,55.786302086000006,True,-5.802139639854431e-05,-0.00012074597179889679,-0.00016670674085617065,-5.066394805908203e-05,0.00020277532681277127,0.08611752837896347,0.10479101538658142,0.12812623381614685,0.1337137073278427,0.22939844824980726,ROA_1001_model49999_noise15,2789,2026-10-01_00-04-08,0.004981089383363724,-0.008949648588895798
-0.0005313195288181305,-6.258487701416016e-05,0.000956445001065731,-0.0017077196389436722,0.0019687445741707397,-0.2898191809654236,0.3387508690357208,0.14607980847358704,-0.11067976802587509,0.4806505866538127,-0.0009513925760984421,-0.0006156507879495621,0.0003149965777993202,-0.00226383563131094,0.0023468234919087187,-0.3364388644695282,0.31050992012023926,0.10983133316040039,-0.13877427577972412,0.490172949026142,0.00597029086202383,-0.009031697176396847,0.006854379549622536,-0.011024527251720428,0.007045453879982233,-0.010817085392773151,-0.0008878298103809357,-0.0004996545612812042,0.0004900852218270302,-0.002223905175924301,0.0023007274315138505,-0.42363858222961426,0.20469723641872406,-0.02532684989273548,-0.2759459614753723,0.484390507118315,55.806302833000004,True,-6.370246410369873e-05,-0.00011688098311424255,-0.0001749955117702484,-3.8836151361465454e-05,0.00020539794098123085,0.08709634840488434,0.10576284676790237,0.13516657054424286,0.13718940317630768,0.23614341941540606,ROA_1001_model49999_noise15,2790,2026-10-01_00-04-08,0.00640629418194294,-0.00977129302918911
-0.00046673230826854706,-0.00017988495528697968,0.0009167008101940155,-0.0016429228708148003,0.0018827771824984176,-0.27491429448127747,0.3212578296661377,0.12999306619167328,-0.09338463842868805,0.45069844097881023,-0.0009082257747650146,-0.0007296446710824966,0.0002437969669699669,-0.0022055115550756454,0.002323816215693076,-0.3216988146305084,0.29369908571243286,0.09586498886346817,-0.12056645005941391,0.4614595798832935,0.007305585779249668,-0.009661691263318062,0.008120868355035782,-0.01156599074602127,0.008292537182569504,-0.011362334713339806,-0.0008356757462024689,-0.0006166752427816391,0.00042731408029794693,-0.0021709129214286804,0.0022656418058688683,-0.41049158573150635,0.18577462434768677,-0.046853672713041306,-0.262190580368042,0.4574876765078223,55.826307805000006,True,-7.16187059879303e-05,-0.0001105479896068573,-0.0001816311851143837,-3.301538527011871e-05,0.00021060691299629592,0.08875922858715057,0.10790395736694336,0.14325906336307526,0.1417989730834961,0.24497776994911988,ROA_1001_model49999_noise15,2791,2026-10-01_00-04-08,0.007313803769648075,-0.01056735124439001
-0.00043851323425769806,-0.00017704442143440247,0.0008929520845413208,-0.0017073005437850952,0.0019273098128130754,-0.2724551558494568,0.32077261805534363,0.13204802572727203,-0.09476672112941742,0.44965724784482664,-0.000888388603925705,-0.0007136724889278412,0.00017527490854263306,-0.002254173159599304,0.0023669728353867907,-0.31985947489738464,0.2930411100387573,0.09881285578012466,-0.12078507989645004,0.46053726983076676,0.00871015153825283,-0.009625276550650597,0.00949954055249691,-0.011539772152900696,0.00967048853635788,-0.011326741427183151,-0.0008095987141132355,-0.0006019137799739838,0.0003841705620288849,-0.0022446271032094955,0.0023304588615971032,-0.40439096093177795,0.18875952064990997,-0.04976708069443703,-0.2676360309123993,0.45404589175245375,55.846308552,True,-8.195638656616211e-05,-0.00010924413800239563,-0.00020638108253479004,-1.1408701539039612e-05,0.00022907256209305865,0.08446536213159561,0.10423967242240906,0.14863023161888123,0.14686258137226105,0.24800159856839146,ROA_1001_model49999_noise15,2792,2026-10-01_00-04-08,0.00816549826413393,-0.010428661480545998
-0.00039348378777503967,-0.0001996755599975586,0.0008542090654373169,-0.0017026439309120178,0.0019049078244085,-0.2631423771381378,0.3123544156551361,0.12819328904151917,-0.09221675992012024,0.43639411858075366,-0.0008441973477602005,-0.000720703974366188,9.844079613685608e-05,-0.0022506341338157654,0.00236967408744731,-0.31163355708122253,0.2843281030654907,0.09567709267139435,-0.1165107786655426,0.44751857275975865,0.009126631543040276,-0.0092046819627285,0.009911579079926014,-0.011059449054300785,0.010077390819787979,-0.010842576622962952,-0.0007531605660915375,-0.0006140675395727158,0.00032726675271987915,-0.002250727266073227,0.0023363552248096067,-0.3901394009590149,0.18408381938934326,-0.058070287108421326,-0.2691996991634369,0.43852989986794927,55.866306324,True,-9.033828973770142e-05,-0.00010789372026920319,-0.00022687017917633057,2.7474015951156616e-06,0.00024760318747244517,0.07840897887945175,0.10020937025547028,0.1538037210702896,0.1527075618505478,0.250952752754659,ROA_1001_model49999_noise15,2793,2026-10-01_00-04-08,0.008324850350618362,-0.00997142493724823
-0.0003293156623840332,-0.00018780119717121124,0.0007946975529193878,-0.0017281156033277512,0.0019023837255841348,-0.2518417239189148,0.3018476963043213,0.12206285446882248,-0.08772685378789902,0.4193978412858538,-0.0007702503353357315,-0.000703008845448494,7.729977369308472e-06,-0.002282857894897461,0.0023997472336172135,-0.3020837903022766,0.27228844165802,0.09024794399738312,-0.11015589535236359,0.4304251499990371,0.009284467436373234,-0.008735072799026966,0.009984344244003296,-0.010541662573814392,0.010155107825994492,-0.010311782360076904,-0.00067148357629776,-0.0005875248461961746,0.00025741755962371826,-0.0023033004254102707,0.0023786623998760963,-0.37189337611198425,0.17842184007167816,-0.0690314918756485,-0.27148517966270447,0.4189054947311994,55.886311551000006,True,-9.848736226558685e-05,-0.00011343508958816528,-0.00025136396288871765,1.708976924419403e-05,0.00027141305756074575,0.06970111280679703,0.09383446723222733,0.15935394167900085,0.161347433924675,0.2547116767892694,ROA_1001_model49999_noise15,2794,2026-10-01_00-04-08,0.00852588564157486,-0.009407914243638515
-0.00028437934815883636,-0.00015292316675186157,0.0007417984306812286,-0.0017618760466575623,0.0019119192281287264,-0.2431240677833557,0.2936101257801056,0.12010800838470459,-0.0866968110203743,0.4074878872481282,-0.0007271766662597656,-0.0006736256182193756,-5.709007382392883e-05,-0.0023191794753074646,0.0024299044200834334,-0.29409676790237427,0.2638590335845947,0.08813896775245667,-0.10785552859306335,0.41845752744202974,0.008803130127489567,-0.008914251811802387,0.009480183944106102,-0.01049073226749897,0.009578678756952286,-0.010304024443030357,-0.0006259419023990631,-0.0005553010851144791,0.00020363368093967438,-0.0023439060896635056,0.0024094370717676625,-0.3612651228904724,0.17106159031391144,-0.07061054557561874,-0.2727434039115906,0.4061986317908793,55.906308790000004,True,-9.764917194843292e-05,-0.00011920928955078125,-0.0002602115273475647,2.668239176273346e-05,0.00027856327488223536,0.0670817643404007,0.09272805601358414,0.15881749987602234,0.16493162512779236,0.25557481197842735,ROA_1001_model49999_noise15,2795,2026-10-01_00-04-08,0.008368132635951042,-0.009347046725451946
-0.00022505410015583038,-0.000118231400847435,0.0006847549229860306,-0.001753680408000946,0.0018828431879166867,-0.22304056584835052,0.27239227294921875,0.10431045293807983,-0.06968387961387634,0.37213559628257603,-0.0006713438779115677,-0.0006567686796188354,-0.00011371448636054993,-0.0023168977349996567,0.0024270931387040816,-0.2744579613208771,0.2428460717201233,0.07282756268978119,-0.08972733467817307,0.3838349616311806,0.008365768007934093,-0.008914539590477943,0.0090577881783247,-0.010410841554403305,0.009146538563072681,-0.010228656232357025,-0.0005691777914762497,-0.0005266629159450531,0.00014943070709705353,-0.0023436732590198517,0.002402217189455149,-0.33976414799690247,0.14929147064685822,-0.08478806912899017,-0.25626036524772644,0.37292909223518433,55.926317833000006,True,-0.00010062940418720245,-0.00013099052011966705,-0.000264681875705719,2.8032809495925903e-05,0.00028409799214629744,0.06518233567476273,0.09350384771823883,0.15770083665847778,0.16654467582702637,0.25566953422436794,ROA_1001_model49999_noise15,2796,2026-10-01_00-04-08,0.008338640443980694,-0.009293709881603718
-0.00016652047634124756,-0.0001564621925354004,0.000644405372440815,-0.0016589649021625519,0.001781810007012836,-0.19800102710723877,0.24492013454437256,0.09215506166219711,-0.056101471185684204,0.331106866132846,-0.000621424987912178,-0.0006970483809709549,-0.00013746321201324463,-0.0022247200831770897,0.0023540543221785655,-0.24848057329654694,0.2178708016872406,0.06108195334672928,-0.0733151063323021,0.34367474328030695,0.007481932174414396,-0.008386964909732342,0.008070403710007668,-0.009769944474101067,0.008172355592250824,-0.00958256609737873,-0.000517209991812706,-0.0005673151463270187,0.00011746305972337723,-0.0022443244233727455,0.0023149543048936673,-0.3158803880214691,0.1211734414100647,-0.09391945600509644,-0.23908144235610962,0.3383392386952282,55.9463135,True,-0.00010440126061439514,-0.00013140961527824402,-0.000253971666097641,2.0186416804790497e-05,0.00027686297079804607,0.06730155646800995,0.09663449227809906,0.1550600826740265,0.16582919657230377,0.25531627227189496,ROA_1001_model49999_noise15,2797,2026-10-01_00-04-08,0.0072911400347948074,-0.009012715891003609
-0.00016847625374794006,-0.00010349322110414505,0.0006659189239144325,-0.0016540521755814552,0.0017833800554367396,-0.18551991879940033,0.23002898693084717,0.08716736733913422,-0.05002063512802124,0.310202342084229,-0.0006244983524084091,-0.0006577698513865471,-0.00010076910257339478,-0.002219504676759243,0.002332112087976714,-0.23511284589767456,0.20435893535614014,0.05597713962197304,-0.06548477709293365,0.3229740302013036,0.007013401482254267,-0.007533129304647446,0.0075594414956867695,-0.008845876902341843,0.007664701901376247,-0.008663003332912922,-0.0005179084837436676,-0.0005177222192287445,0.00014675315469503403,-0.00223647803068161,0.0022957776279568,-0.30352452397346497,0.10626529902219772,-0.09627732634544373,-0.23108789324760437,0.3224079597303261,55.966310702,True,-0.00010635703802108765,-0.00013727694749832153,-0.00024887267500162125,1.5669502317905426e-05,0.0002743847557075626,0.06830599159002304,0.09801308065652847,0.1523164063692093,0.16567786037921906,0.25440146626043997,ROA_1001_model49999_noise15,2798,2026-10-01_00-04-08,0.006909196265041828,-0.00848468765616417
-0.00015727709978818893,-9.441282600164413e-05,0.0006711576133966446,-0.0016405712813138962,0.0017727688710850733,-0.17977876961231232,0.22089387476444244,0.08481205254793167,-0.04703341796994209,0.29889309634270533,-0.000620516948401928,-0.0006618909537792206,-7.23404809832573e-05,-0.0022173160687088966,0.0023279704769684963,-0.22833211719989777,0.1963665634393692,0.052366867661476135,-0.06257276982069016,0.3117499675372089,0.006813670974224806,-0.007334955036640167,0.007384472992271185,-0.008463616482913494,0.007426170632243156,-0.008336478844285011,-0.0005113193765282631,-0.0005242181941866875,0.0001653796061873436,-0.0022204825654625893,0.002281961313487233,-0.30025070905685425,0.09366893023252487,-0.09425263106822968,-0.22580961883068085,0.3165306498633638,55.986314817,True,-0.00010791700333356857,-0.00014104880392551422,-0.00024032779037952423,6.146728992462158e-06,0.0002701214245535376,0.07193838059902191,0.10263802856206894,0.14718109369277954,0.16354140639305115,0.2528698208018416,ROA_1001_model49999_noise15,2799,2026-10-01_00-04-08,0.006828801706433296,-0.008429380133748055
-0.00019897706806659698,-4.23286110162735e-05,0.0006635906174778938,-0.0016356585547327995,0.0017655066898642007,-0.18319253623485565,0.2197474092245102,0.09826593846082687,-0.05860603228211403,0.30607339139321427,-0.0006551388651132584,-0.0006196089088916779,-2.8242357075214386e-05,-0.0022106803953647614,0.0023056280114802765,-0.2294410914182663,0.19651463627815247,0.06322631984949112,-0.0755840390920639,0.3173825770266032,0.006481766700744629,-0.007270617410540581,0.007047311868518591,-0.008052557706832886,0.006954086944460869,-0.008042053319513798,-0.0005487352609634399,-0.0004820525646209717,0.0001950422301888466,-0.002195732668042183,0.0022492880642280442,-0.3047478199005127,0.09087053686380386,-0.07059890776872635,-0.23033468425273895,0.31801982295128367,56.006316371000004,True,-0.00010835938155651093,-0.0001383945345878601,-0.00022244639694690704,-1.210719347000122e-05,0.00026017426232980486,0.07519660890102386,0.10554864257574081,0.13387738168239594,0.15480396151542664,0.24202610015678183,ROA_1001_model49999_noise15,2800,2026-10-01_00-04-08,0.006647448521107435,-0.00839199684560299
-0.00015427358448505402,-0.00014989636838436127,0.0006391666829586029,-0.0015410594642162323,0.00167026558777179,-0.18232780694961548,0.21448777616024017,0.11516781151294708,-0.07183244079351425,0.31027899468658254,-0.0006306450814008713,-0.0007525086402893066,-5.611218512058258e-06,-0.002113846130669117,0.002255015173887257,-0.22622150182724,0.1939898282289505,0.07714726775884628,-0.09048846364021301,0.32039491782423724,0.006621509790420532,-0.008640162646770477,0.007182929199188948,-0.008820497430860996,0.006869088392704725,-0.00902494601905346,-0.0005227047950029373,-0.0006139278411865234,0.00019855797290802002,-0.0020732171833515167,0.002162642807146918,-0.3118892014026642,0.07841316610574722,-0.04178424924612045,-0.2336462438106537,0.3225061907113832,56.026319558000004,True,-0.00010896474123001099,-0.0001383945345878601,-0.00020398292690515518,-4.1746534407138824e-05,0.0002566390440106655,0.08555454760789871,0.11550401896238327,0.11900439113378525,0.14316220581531525,0.23511202367889816,ROA_1001_model49999_noise15,2801,2026-10-01_00-04-08,0.0064279683865606785,-0.009816691279411316
-4.889443516731262e-05,-0.00025136396288871765,0.0005474546924233437,-0.0014570076018571854,0.0015717813521871412,-0.1499410718679428,0.17982813715934753,0.09857071191072464,-0.0531047098338604,0.2567305459806951,-0.0005456153303384781,-0.0008665025234222412,-6.644986569881439e-05,-0.0020212726667523384,0.002217260887404697,-0.19284290075302124,0.16073183715343475,0.058199044317007065,-0.07399380952119827,0.2674840518751577,0.007706093601882458,-0.009924991056323051,0.00819287821650505,-0.010085804387927055,0.007952803745865822,-0.010270681232213974,-0.00043194741010665894,-0.0007281079888343811,0.0001277076080441475,-0.0019603176042437553,0.0020914045930670398,-0.28318676352500916,0.040278300642967224,-0.05030398815870285,-0.20621134340763092,0.2876679948741814,56.046319992,True,-0.00011641532182693481,-0.0001378823071718216,-0.00019157305359840393,-6.274785846471786e-05,0.0002604165120951103,0.09023211151361465,0.12037436664104462,0.10859034210443497,0.13221590220928192,0.22777097836164714,ROA_1001_model49999_noise15,2802,2026-10-01_00-04-08,0.007028450723737478,-0.011627723462879658
5.3783878684043884e-05,-0.00032316893339157104,0.00042654573917388916,-0.0013493001461029053,0.0014518476415011881,-0.10550207644701004,0.1334720253944397,0.07421709597110748,-0.027615109458565712,0.18376153809175932,-0.00045816414058208466,-0.0009381212294101715,-0.00015618279576301575,-0.001905066892504692,0.002151676928769653,-0.14789867401123047,0.11494754999876022,0.032141804695129395,-0.05035381391644478,0.19567257668529142,0.008447295986115932,-0.010283615440130234,0.00893314927816391,-0.010558104142546654,0.008784698322415352,-0.010692383162677288,-0.00033117830753326416,-0.00080084428191185,2.4633482098579407e-05,-0.0018290244042873383,0.001999786624545643,-0.23962090909481049,-0.006546265911310911,-0.06670504808425903,-0.172743558883667,0.2579589750277132,56.066317227000006,True,-0.0001234002411365509,-0.00013695098459720612,-0.00018365681171417236,-7.725320756435394e-05,0.00026496472831487864,0.09164958447217941,0.12144073098897934,0.09884591400623322,0.12235808372497559,0.21880695163638758,ROA_1001_model49999_noise15,2803,2026-10-01_00-04-08,0.007442261558026075,-0.012431500479578972
7.878988981246948e-05,-0.0003063119947910309,0.0003920402377843857,-0.0013166572898626328,0.0014096745625103689,-0.08766771852970123,0.11637899279594421,0.0641876831650734,-0.014845280908048153,0.15486621298742592,-0.0004443805664777756,-0.0009331852197647095,-0.00016195699572563171,-0.0018754974007606506,0.002123388634257554,-0.128700390458107,0.09928829222917557,0.0211042333394289,-0.038924627006053925,0.16757096108671315,0.009090902283787727,-0.011020286940038204,0.009408107027411461,-0.01131393201649189,0.009348456747829914,-0.011392977088689804,-0.0003139488399028778,-0.0007954426109790802,8.568167686462402e-06,-0.0017777085304260254,0.0019513589221922462,-0.22520776093006134,-0.02661859430372715,-0.06845127791166306,-0.15352758765220642,0.2500515077305316,56.086319197,True,-0.00013140961527824402,-0.00013816170394420624,-0.0001707114279270172,-9.890645742416382e-05,0.0002715916838316283,0.09647476673126221,0.12573738396167755,0.08951406180858612,0.1146816611289978,0.215130494434842,ROA_1001_model49999_noise15,2804,2026-10-01_00-04-08,0.008493658155202866,-0.012736737728118896
7.199123501777649e-05,-0.00019995495676994324,0.00037993304431438446,-0.0013581477105617523,0.001426129470459397,-0.0946270227432251,0.12446566671133041,0.05996599420905113,-0.008584931492805481,0.16261156657556325,-0.00045066699385643005,-0.0008499715477228165,-0.00014700926840305328,-0.001919083297252655,0.0021233503646537148,-0.13479869067668915,0.10796542465686798,0.016629695892333984,-0.03352761268615723,0.1760352503789854,0.009077020920813084,-0.011801108717918396,0.009325512684881687,-0.012134079821407795,0.00931485928595066,-0.0121786342933774,-0.00031818635761737823,-0.0007053837180137634,1.816079020500183e-05,-0.0018122605979442596,0.0019472533478628,-0.23482365906238556,-0.021867452189326286,-0.06804801523685455,-0.1445375382900238,0.25479186564371303,56.106325648,True,-0.00013224780559539795,-0.00014407560229301453,-0.000166427344083786,-0.00010826624929904938,0.00027648905164579814,0.10004173219203949,0.1304936558008194,0.08455616980791092,0.11026951670646667,0.21528133782959966,ROA_1001_model49999_noise15,2805,2026-10-01_00-04-08,0.009196992963552475,-0.012806832790374756
6.752088665962219e-05,-6.863847374916077e-05,0.0003494787961244583,-0.0014168210327625275,0.0014616370095002307,-0.10221730172634125,0.13323360681533813,0.05391053482890129,-0.001191161572933197,0.17149994049849918,-0.00044284388422966003,-0.000730808824300766,-0.00015674158930778503,-0.0019880011677742004,0.002139818070512104,-0.14257244765758514,0.11605070531368256,0.011779832653701305,-0.02579064853489399,0.1855900630047012,0.008454395458102226,-0.012457963079214096,0.008662696927785873,-0.012961167842149734,0.008728543296456337,-0.012917831540107727,-0.0003141816705465317,-0.0005837995558977127,3.5390257835388184e-06,-0.001872144639492035,0.0019631786790217684,-0.24255363643169403,-0.01473259087651968,-0.07288623601198196,-0.13680243492126465,0.26056031070838503,56.126328291,True,-0.0001298263669013977,-0.00014919787645339966,-0.00015832483768463135,-0.00011436641216278076,0.0002761371795463859,0.10015349090099335,0.13137468695640564,0.08446163684129715,0.11034821718931198,0.2158714548438582,ROA_1001_model49999_noise15,2806,2026-10-01_00-04-08,0.008573099970817566,-0.013489052653312683
4.7963112592697144e-05,-4.451721906661987e-05,0.00032761599868535995,-0.0014077406376600266,0.0014463778025860048,-0.10351184010505676,0.13590510189533234,0.05292053893208504,4.9360092816641554e-05,0.17399552122174092,-0.00043706968426704407,-0.0006942078471183777,-0.00016689300537109375,-0.0020022038370370865,0.002140997759765054,-0.14515593647956848,0.1168418601155281,0.012348637916147709,-0.022777121514081955,0.18787010117094,0.007691612001508474,-0.012316135689616203,0.007854527793824673,-0.012885870411992073,0.007953610271215439,-0.012791847810149193,-0.00031171366572380066,-0.0005482230335474014,-1.83936208486557e-05,-0.0018825754523277283,0.0019636386857177705,-0.2400493174791336,-0.010190530680119991,-0.07585202902555466,-0.138539120554924,0.25865520170795775,56.146337878000004,True,-0.00012386590242385864,-0.0001468230038881302,-0.00014989636838436127,-0.00011986121535301208,0.00027024644505943725,0.09446310997009277,0.12694159150123596,0.08848541975021362,0.11582066863775253,0.21512718335481992,ROA_1001_model49999_noise15,2807,2026-10-01_00-04-08,0.007280895486474037,-0.013751594349741936
-6.6123902797698975e-06,5.122274160385132e-06,0.00031795352697372437,-0.00141817145049572,0.0014533912907648335,-0.10742246359586716,0.14365603029727936,0.05647376924753189,-0.0034929250832647085,0.18329230870586663,-0.0004566274583339691,-0.0006246846169233322,-0.00016044359654188156,-0.002025044523179531,0.0021393379795618265,-0.149652361869812,0.1229667067527771,0.016781268641352654,-0.025206243619322777,0.19585069511119893,0.007185537833720446,-0.011786608025431633,0.0075103044509887695,-0.012409552931785583,0.0075446804985404015,-0.012371426448225975,-0.0003446359187364578,-0.00047977082431316376,-2.5494955480098724e-05,-0.001899711787700653,0.0019624808529914834,-0.23689305782318115,0.0033020039554685354,-0.0735921785235405,-0.14449678361415863,0.25257900471477523,56.166321671000006,True,-0.00011241063475608826,-0.00014514662325382233,-0.00013702083379030228,-0.00012533273547887802,0.00026017269304455645,0.08713965862989426,0.11958693712949753,0.09039812535047531,0.11930684000253677,0.21046716615461,ROA_1001_model49999_noise15,2808,2026-10-01_00-04-08,0.00653818529099226,-0.013309860602021217
-3.4086406230926514e-05,2.0116567611694336e-05,0.0003119697794318199,-0.0014025252312421799,0.0014370572374406857,-0.10595376789569855,0.1466316133737564,0.059382520616054535,-0.0067225187085568905,0.18558725728782632,-0.0004569999873638153,-0.000600004568696022,-0.0001453794538974762,-0.0020136358216404915,0.0021190051927601618,-0.14846305549144745,0.1252172440290451,0.019648808985948563,-0.028304986655712128,0.19705264707699505,0.006629559677094221,-0.011407802812755108,0.007087224163115025,-0.01208404079079628,0.007065265439450741,-0.012094710022211075,-0.00035515986382961273,-0.00045355409383773804,-1.9581057131290436e-05,-0.001888815313577652,0.0019452662498354832,-0.23186950385570526,0.008257105946540833,-0.06927339732646942,-0.14782370626926422,0.24569345626807243,56.186323642000005,True,-0.00010086223483085632,-0.0001453794538974762,-0.00012291129678487778,-0.000125751830637455,0.00024858398133967714,0.08333893120288849,0.11691031605005264,0.08895247429609299,0.11951568722724915,0.206894746794482,ROA_1001_model49999_noise15,2809,2026-10-01_00-04-08,0.0060261450707912445,-0.012716621160507202
0.00011115334928035736,-7.618218660354614e-05,0.00017951242625713348,-0.0012608012184500694,0.001276789810779091,-0.061973460018634796,0.10629463195800781,0.021493060514330864,0.03138883039355278,0.12420415275177446,-0.0003030523657798767,-0.000699702650308609,-0.0002455431967973709,-0.0018578022718429565,0.0020138043212062874,-0.10531860589981079,0.08489935845136642,-0.018115155398845673,0.008192844688892365,0.1366410648299163,0.005051648709923029,-0.010589651763439178,0.0057751769199967384,-0.011259470134973526,0.005524942651391029,-0.011488700285553932,-0.00020777806639671326,-0.0005591660737991333,-0.0001364387571811676,-0.0017258105799555779,0.0018245376493984042,-0.1890323907136917,-0.0348137691617012,-0.10280822962522507,-0.10399426519870758,0.2312937336970685,56.206348046,True,-9.387731552124023e-05,-0.00014118850231170654,-0.00010919757187366486,-0.0001310836523771286,0.00024017978893610796,0.08359550684690475,0.11958739906549454,0.08474010229110718,0.11225277185440063,0.2026258210224563,ROA_1001_model49999_noise15,2810,2026-10-01_00-04-08,0.0045962026342749596,-0.011682984419167042
-1.6530975699424744e-05,-1.7974525690078735e-05,0.0003132619895040989,-0.0013189855962991714,0.0013557444220935796,-0.09812181442975998,0.14680390059947968,0.0550842359662056,-0.005072797182947397,0.18018152710033647,-0.00040731392800807953,-0.0006196554750204086,-0.00010617077350616455,-0.0019271858036518097,0.0020372974593129752,-0.14143343269824982,0.12330477684736252,0.015707802027463913,-0.026842229068279266,0.18994441701415804,0.0033551016822457314,-0.009020712226629257,0.0039813704788684845,-0.009870290756225586,0.003822317812591791,-0.010008439421653748,-0.0003232620656490326,-0.0004803761839866638,-7.520429790019989e-06,-0.0018016784451901913,0.0018668793426481502,-0.22201937437057495,0.010333488695323467,-0.07302465289831161,-0.14562135934829712,0.23789992428449824,56.226326751,True,-8.344650268554688e-05,-0.00014007091522216797,-9.973300620913506e-05,-0.00012719538062810898,0.0002291157024473135,0.08046812564134598,0.11277291178703308,0.08878297358751297,0.11890800297260284,0.2030014642417061,ROA_1001_model49999_noise15,2811,2026-10-01_00-04-08,0.0026541680563241243,-0.010095162317156792
-8.260831236839294e-05,7.1711838245391846e-06,0.0003806198947131634,-0.001364119816571474,0.0014165254172845828,-0.13160192966461182,0.18457183241844177,0.08391867578029633,-0.03741180896759033,0.2406238017597687,-0.0004573725163936615,-0.0005929265171289444,-3.754394128918648e-05,-0.001975137274712324,0.0020693045877753554,-0.17599737644195557,0.15988689661026,0.04361185431480408,-0.05929800495505333,0.24852150572210197,0.0023333143908530474,-0.007858481258153915,0.003008065279573202,-0.00878949835896492,0.002876255428418517,-0.008910642005503178,-0.0003866385668516159,-0.00045034103095531464,5.5227428674697876e-05,-0.0018529011867940426,0.0019072306199756815,-0.2544098496437073,0.048838552087545395,-0.04682875797152519,-0.18019333481788635,0.2596258849471825,56.246326865,True,-7.334165275096893e-05,-0.00014095567166805267,-8.995411917567253e-05,-0.00012422678992152214,0.00022024763290495722,0.07833842933177948,0.1110231950879097,0.09045959264039993,0.12090976536273956,0.2031188311430283,ROA_1001_model49999_noise15,2812,2026-10-01_00-04-08,0.0015391161432489753,-0.008761312812566757
-0.00017134007066488266,8.691567927598953e-05,0.00048140063881874084,-0.0014422170352190733,0.001526620122304055,-0.15792831778526306,0.2160658985376358,0.1020178273320198,-0.058536939322948456,0.28896103303051346,-0.0005283160135149956,-0.0005145557224750519,6.256159394979477e-05,-0.0020531180780380964,0.002117771326995747,-0.20276334881782532,0.1911802589893341,0.060810238122940063,-0.08047511428594589,0.2959487749242969,0.0017962754936888814,-0.007059956900775433,0.002508345292881131,-0.00816534087061882,0.0024253360461443663,-0.008244049735367298,-0.0004722271114587784,-0.00037387944757938385,0.00015133991837501526,-0.0019341357983648777,0.0019708818667003403,-0.2804761528968811,0.07973680645227432,-0.03202294185757637,-0.20455533266067505,0.2937049906713331,56.26633034,True,-5.641486495733261e-05,-0.0001437496393918991,-8.761999197304249e-05,-0.00011736410669982433,0.00021094088798636373,0.07762666791677475,0.11138617247343063,0.09285640716552734,0.12411397695541382,0.20602803063441377,ROA_1001_model49999_noise15,2813,2026-10-01_00-04-08,0.001373077044263482,-0.007654186338186264
-0.00030046794563531876,0.00018491409718990326,0.0006218382623046637,-0.001546880230307579,0.0016915171705168893,-0.19594793021678925,0.25859078764915466,0.12317375093698502,-0.0819484069943428,0.35377823475403397,-0.0006359536200761795,-0.0004241243004798889,0.00020118895918130875,-0.002152740489691496,0.0021955122671032724,-0.2404765635728836,0.23400409519672394,0.0816665068268776,-0.10358849912881851,0.3601771082953976,0.0013135551707819104,-0.006773501634597778,0.001962363487109542,-0.007979759015142918,0.0019592700991779566,-0.007990319281816483,-0.0005999580025672913,-0.00028151553124189377,0.0002851185854524374,-0.0020473613403737545,0.0020773447355709753,-0.3200305998325348,0.12036645412445068,-0.014965305104851723,-0.23204553127288818,0.35285969610090284,56.286330742000004,True,-3.641471266746521e-05,-0.0001434003934264183,-8.42846930027008e-05,-0.00010410440154373646,0.00019499081842307657,0.07948814332485199,0.11358316242694855,0.09661976248025894,0.1284778118133545,0.21224641318391663,ROA_1001_model49999_noise15,2814,2026-10-01_00-04-08,0.0012861539144068956,-0.007135217078030109
-0.00033727847039699554,0.0001669861376285553,0.0006950111128389835,-0.0015754776541143656,0.001746500115052989,-0.21094827353954315,0.2735801935195923,0.12526835501194,-0.08384545147418976,0.37430537764617533,-0.0006671063601970673,-0.0004579545930027962,0.0002752058207988739,-0.002167897764593363,0.002220074112497147,-0.2554575800895691,0.2500433325767517,0.08405337482690811,-0.10520900040864944,0.381678489447254,0.0013715391978621483,-0.007118117995560169,0.001981577603146434,-0.008413954637944698,0.0020162630826234818,-0.008386669680476189,-0.0006485497578978539,-0.00031315721571445465,0.0003489316441118717,-0.002074986696243286,0.0021148716917973854,-0.3405129313468933,0.13082753121852875,-0.016440054401755333,-0.23595544695854187,0.37497769249859564,56.306334185000004,True,-1.5739351511001587e-05,-0.00014349352568387985,-7.405760698020458e-05,-9.112991392612457e-05,0.00017884473817654964,0.08496338874101639,0.11917132884263992,0.10052258521318436,0.13077247142791748,0.22047969137050535,ROA_1001_model49999_noise15,2815,2026-10-01_00-04-08,0.0014545076992362738,-0.007518669590353966
-0.0003592809662222862,9.345822036266327e-05,0.0007915892638266087,-0.0015798956155776978,0.0017843669766755628,-0.22279749810695648,0.2837085425853729,0.13174761831760406,-0.09035464376211166,0.3920656850156279,-0.0006872694939374924,-0.0005339505150914192,0.00036736601032316685,-0.0021563551854342222,0.0022307739391840857,-0.26775336265563965,0.2605849802494049,0.09038147330284119,-0.11257913708686829,0.4002099609302051,0.0015187798999249935,-0.00772405881434679,0.002105936873704195,-0.009060495533049107,0.002152146538719535,-0.009021060541272163,-0.0006836606189608574,-0.00039651058614254,0.0004397763404995203,-0.0020736537408083677,0.0021360064646561493,-0.3563235402107239,0.1384187489748001,-0.011906085535883904,-0.2429543435573578,0.393860388492387,56.326335900000004,True,-4.237517714500427e-06,-0.00014100223779678345,-7.094931788742542e-05,-7.8580342233181e-05,0.00016654182067458678,0.08846632391214371,0.12214946746826172,0.10230601578950882,0.13034754991531372,0.22402058357959895,ROA_1001_model49999_noise15,2816,2026-10-01_00-04-08,0.0016030098777264357,-0.008233798667788506
-0.00040405429899692535,1.6903504729270935e-05,0.0008993898518383503,-0.0015982775948941708,0.0018467106570389386,-0.24236132204532623,0.3013424575328827,0.14644499123096466,-0.10557856410741806,0.4245370336245894,-0.0007331371307373047,-0.0005945563316345215,0.0004546483978629112,-0.0021580373868346214,0.0022537091501547758,-0.2882010042667389,0.2772398293018341,0.10480684787034988,-0.12914742529392242,0.4327000207984009,0.0020520633552223444,-0.008230714127421379,0.0026305955834686756,-0.009558659046888351,0.002735535381361842,-0.009462619200348854,-0.0007341615855693817,-0.0004616100341081619,0.0005301320925354958,-0.0020928215235471725,0.0021781407975524896,-0.37573742866516113,0.15788058936595917,-0.0009179347543977201,-0.26025331020355225,0.425192396050851,56.346332686000004,True,1.3504177331924438e-06,-0.00013122335076332092,-7.490161806344986e-05,-6.591435521841049e-05,0.00015125008082476866,0.08742929995059967,0.11931545287370682,0.10574893653392792,0.1311182826757431,0.22411691743051268,ROA_1001_model49999_noise15,2817,2026-10-01_00-04-08,0.0021412901114672422,-0.008859813213348389
-0.0004818663001060486,4.1117891669273376e-05,0.0009493553079664707,-0.0017064157873392105,0.001972127981847602,-0.2678711712360382,0.3264439105987549,0.15418486297130585,-0.11540960520505905,0.4622208532447201,-0.0008109956979751587,-0.000546034425497055,0.000458303838968277,-0.002265989314764738,0.0023471916392298095,-0.3164866864681244,0.29901042580604553,0.11198373138904572,-0.1406806856393814,0.4704805191993242,0.0036929314956068993,-0.008422265760600567,0.004267377313226461,-0.009859196841716766,0.004403435625135899,-0.009741062298417091,-0.0008021946996450424,-0.000416068360209465,0.0005523324944078922,-0.002215057611465454,0.0022941344739565357,-0.39667680859565735,0.18843401968479156,-0.0017608980415388942,-0.27695098519325256,0.4608657023536903,56.366334849000005,True,-9.546056389808655e-06,-0.00013015232980251312,-9.306240826845169e-05,-4.898756742477417e-05,0.00014798396462546948,0.08010351657867432,0.11052283644676208,0.11374858766794205,0.13629160821437836,0.22381102483298418,ROA_1001_model49999_noise15,2818,2026-10-01_00-04-08,0.0038087202701717615,-0.009084690362215042
-0.0005016569048166275,5.261972546577454e-06,0.0009814975783228874,-0.001746579073369503,0.0020198008285108498,-0.27970781922340393,0.3374726474285126,0.15598814189434052,-0.11863512545824051,0.4784104128056292,-0.0008374918252229691,-0.0005666166543960571,0.0004528788849711418,-0.0023008324205875397,0.0023837596183386247,-0.3294339179992676,0.30917999148368835,0.11488701403141022,-0.14431191980838776,0.4873762758906759,0.005146173294633627,-0.008798700757324696,0.005878441501408815,-0.010165121406316757,0.005862902849912643,-0.010169435292482376,-0.0008245930075645447,-0.0004418659955263138,0.0005565816536545753,-0.0022681662812829018,0.0023490280406890103,-0.40737396478652954,0.20118336379528046,-0.007291323971003294,-0.2861730754375458,0.47642945850329915,56.386335315000004,True,-1.1082738637924194e-05,-0.00012638047337532043,-0.00010416842997074127,-3.264285624027252e-05,0.00014029935271231823,0.07786881178617477,0.10796728730201721,0.12218369543552399,0.1418839544057846,0.2295500014782483,ROA_1001_model49999_noise15,2819,2026-10-01_00-04-08,0.005402375943958759,-0.009483421221375465
-0.0005547888576984406,2.9010698199272156e-05,0.0009985407814383507,-0.0018189428374171257,0.0020965952487031324,-0.28749459981918335,0.34548062086105347,0.14782044291496277,-0.11203088611364365,0.48466214870312124,-0.000890856608748436,-0.000528944656252861,0.00041960738599300385,-0.0023812055587768555,0.002450566527119778,-0.33953458070755005,0.31492066383361816,0.10844459384679794,-0.13786344230175018,0.49454038235550946,0.006969474721699953,-0.008888295851647854,0.00786475371569395,-0.01037549413740635,0.007737869396805763,-0.010454274713993073,-0.0008662696927785873,-0.00039851292967796326,0.0005450332537293434,-0.0023644883185625076,0.002435543493410379,-0.4104343056678772,0.2145129144191742,-0.026406951248645782,-0.288038045167923,0.4816376644107298,56.406336678,True,-1.9418075680732727e-05,-0.00013168901205062866,-0.00012738164514303207,-1.655425876379013e-05,0.00014765789317935444,0.07081729918718338,0.10035651922225952,0.13487040996551514,0.15019182860851288,0.23597290218881561,ROA_1001_model49999_noise15,2820,2026-10-01_00-04-08,0.00727471150457859,-0.009688852354884148
-0.00063297338783741,7.837079465389252e-05,0.0010554678738117218,-0.001956615597009659,0.002255335856058343,-0.3132875859737396,0.37234461307525635,0.1560235321521759,-0.12102163583040237,0.5237313774668422,-0.000971602275967598,-0.00047208741307258606,0.00043190084397792816,-0.002517644315958023,0.002575505507318767,-0.36574292182922363,0.34112435579299927,0.1182854101061821,-0.14610588550567627,0.5337329351592208,0.009472157806158066,-0.009771067649126053,0.010375963523983955,-0.0111850555986166,0.01019287109375,-0.011298352852463722,-0.0009486451745033264,-0.00034212134778499603,0.0005790963768959045,-0.002521602436900139,0.002590574046901353,-0.435151606798172,0.2440079003572464,-0.025494487956166267,-0.30419230461120605,0.520841548407108,56.426340344,True,-2.2631138563156128e-05,-0.00012991949915885925,-0.00014635734260082245,4.470348358154297e-06,0.00015104908462240023,0.06933277100324631,0.09707687050104141,0.14392845332622528,0.1580864042043686,0.24451168454664665,ROA_1001_model49999_noise15,2821,2026-10-01_00-04-08,0.009694227948784828,-0.010485835373401642
-0.0006290152668952942,-3.46451997756958e-05,0.0010812655091285706,-0.00192178413271904,0.0022237706129657605,-0.315886914730072,0.37063562870025635,0.16023775935173035,-0.12339185178279877,0.5258806061801572,-0.000975513830780983,-0.0005880836397409439,0.00045085325837135315,-0.002482440322637558,0.0025619090684434157,-0.36829614639282227,0.33972272276878357,0.1241220086812973,-0.14798715710639954,0.5364991585174737,0.011241547763347626,-0.010995790362358093,0.012069853022694588,-0.01221020519733429,0.011837702244520187,-0.012355327606201172,-0.000948738306760788,-0.00045709311962127686,0.000603310763835907,-0.0024917535483837128,0.002575063850291609,-0.43934813141822815,0.24153104424476624,-0.02237781696021557,-0.30759161710739136,0.5239508979540827,56.446339307,True,-2.7101486921310425e-05,-0.00012996606528759003,-0.0001498498022556305,8.288770914077759e-06,0.00015470900851205616,0.07096678018569946,0.09817349910736084,0.14652031660079956,0.15958955883979797,0.2479094780756943,ROA_1001_model49999_noise15,2822,2026-10-01_00-04-08,0.011035352945327759,-0.011748983524739742
-0.0004868023097515106,-0.0002937391400337219,0.0009659677743911743,-0.0017739832401275635,0.002020098636264511,-0.29075050354003906,0.34141260385513306,0.14256127178668976,-0.10318587720394135,0.480164002718109,-0.0008659902960062027,-0.0008444767445325851,0.00033527612686157227,-0.002347491681575775,0.0024948823194973356,-0.34288501739501953,0.31133460998535156,0.10745040327310562,-0.12862029671669006,0.4920566849765735,0.01282847486436367,-0.012310957536101341,0.013573888689279556,-0.013450102880597115,0.013369392603635788,-0.013583032414317131,-0.0008285045623779297,-0.0007236376404762268,0.00047748908400535583,-0.0023392029106616974,0.002459201843951898,-0.4191524088382721,0.20883230865001678,-0.04157237336039543,-0.2849874794483185,0.48087967593762937,56.466340317000004,True,-3.958120942115784e-05,-0.00011827796697616577,-0.00013904646039009094,-1.0523945093154907e-05,0.0001565993505903766,0.07619289308786392,0.1024370938539505,0.14902092516422272,0.15638582408428192,0.2505668614157643,ROA_1001_model49999_noise15,2823,2026-10-01_00-04-08,0.011662093922495842,-0.013197960332036018
-0.0003254041075706482,-0.0004087574779987335,0.0008191913366317749,-0.0017959624528884888,0.001988946920568901,-0.25930067896842957,0.3132689595222473,0.13282056152820587,-0.09193363785743713,0.43566463848149733,-0.0007392838597297668,-0.0009327195584774017,0.00014472752809524536,-0.0023609958589076996,0.0025425940008089957,-0.31092390418052673,0.2837236821651459,0.09590479731559753,-0.11889542639255524,0.44724795762487024,0.014168530702590942,-0.01277807354927063,0.014837503433227539,-0.013861216604709625,0.01467963121831417,-0.013962838798761368,-0.0006846152245998383,-0.0008260365575551987,0.00030547380447387695,-0.0023562461137771606,0.0024976837153961803,-0.38785484433174133,0.1833275854587555,-0.054085623472929,-0.2744402587413788,0.437755469883877,56.486345488000005,True,-5.364418029785156e-05,-0.00010491348803043365,-0.00016065314412117004,-4.470348358154297e-06,0.00017530274774658802,0.07681408524513245,0.10032998025417328,0.1500248908996582,0.15559978783130646,0.2500632202231957,ROA_1001_model49999_noise15,2824,2026-10-01_00-04-08,0.012094210833311081,-0.01382051594555378
-0.0002849847078323364,-0.0004123896360397339,0.000773649662733078,-0.00186944380402565,0.002042220331126851,-0.2597067356109619,0.3173882067203522,0.14826561510562897,-0.10953377187252045,0.4476997838457608,-0.000702589750289917,-0.0009010080248117447,5.345791578292847e-05,-0.0024199485778808594,0.0025901356636501556,-0.3113839626312256,0.2866089344024658,0.109614796936512,-0.13676191866397858,0.4574141094261747,0.014560285955667496,-0.012282668612897396,0.015200687572360039,-0.013209491968154907,0.015006138011813164,-0.013335231691598892,-0.0006378628313541412,-0.0008018221706151962,0.00024149194359779358,-0.002428889274597168,0.002557997249734451,-0.3830161690711975,0.1956084668636322,-0.04159938171505928,-0.2944776713848114,0.44773263621431314,56.506341378,True,-6.51925802230835e-05,-9.927898645401001e-05,-0.00018747523427009583,8.568167686462402e-06,0.00020044888735416732,0.07156794518232346,0.09095295518636703,0.1512337476015091,0.15773995220661163,0.24707961274141788,ROA_1001_model49999_noise15,2825,2026-10-01_00-04-08,0.011998655274510384,-0.013349540531635284
-0.00040479935705661774,-0.0001962762326002121,0.0008021481335163116,-0.00207582488656044,0.0022257427697270236,-0.292046457529068,0.35526415705680847,0.18357019126415253,-0.14896690845489502,0.5153817634999418,-0.0008087605237960815,-0.0006561633199453354,4.731118679046631e-05,-0.002596341073513031,0.0026827166128400113,-0.3422316908836365,0.3245556652545929,0.1428471803665161,-0.17470400035381317,0.522230435757425,0.013390831649303436,-0.01081828586757183,0.014077652245759964,-0.011477869004011154,0.01374906301498413,-0.011691662482917309,-0.0007413793355226517,-0.0005596783012151718,0.0002614222466945648,-0.002635084092617035,0.0026959584471493154,-0.4099844694137573,0.2427631914615631,-0.008017756044864655,-0.33696088194847107,0.51688073107287,56.52634830900001,True,-6.94766640663147e-05,-9.811483323574066e-05,-0.00021327286958694458,4.116445779800415e-05,0.00022452362444198105,0.06764661520719528,0.08176825195550919,0.15089474618434906,0.1622149646282196,0.24558936036867787,ROA_1001_model49999_noise15,2826,2026-10-01_00-04-08,0.01197977177798748,-0.011691584251821041
-0.0004443340003490448,-8.726492524147034e-05,0.0007738359272480011,-0.002074986696243286,0.002215857119402984,-0.2755489945411682,0.33935484290122986,0.16507785022258759,-0.13253557682037354,0.48402717326032124,-0.000820402055978775,-0.0005366746336221695,3.175809979438782e-05,-0.0025906600058078766,0.0026494787503825814,-0.3276481032371521,0.30922842025756836,0.125006765127182,-0.15398766100406647,0.49166917318539005,0.012322012335062027,-0.00954153947532177,0.0129732396453619,-0.0101874228566885,0.012676803395152092,-0.010377950966358185,-0.0007545575499534607,-0.0004357658326625824,0.00024009495973587036,-0.002649519592523575,0.002687780232658964,-0.3876071274280548,0.23301224410533905,-0.029461456462740898,-0.32286158204078674,0.4855010856418998,56.546348007000006,True,-6.7148357629776e-05,-9.98377799987793e-05,-0.00020712614059448242,5.8300793170928955e-05,0.0002196306315337182,0.059825364500284195,0.07614213973283768,0.15447939932346344,0.16889719665050507,0.24843974507477334,ROA_1001_model49999_noise15,2827,2026-10-01_00-04-08,0.011618202552199364,-0.010383459739387035
-0.00044088810682296753,-1.1455267667770386e-05,0.0007526017725467682,-0.0020843930542469025,0.002220613276267828,-0.25669994950294495,0.317582368850708,0.15404540300369263,-0.12197531014680862,0.45148627311376627,-0.0007989350706338882,-0.00045886263251304626,4.33996319770813e-05,-0.002598855644464493,0.00264097997338543,-0.3107217848300934,0.28737539052963257,0.11307745426893234,-0.14235451817512512,0.45992687666214516,0.01123160868883133,-0.008718738332390785,0.011787263676524162,-0.009346988052129745,0.011561574414372444,-0.009502838365733624,-0.0007401686161756516,-0.00035706907510757446,0.000233575701713562,-0.0026633962988853455,0.002690811307703922,-0.3664451539516449,0.21328450739383698,-0.03849528729915619,-0.3128042221069336,0.4536234896409616,56.566349146,True,-5.820766091346741e-05,-0.00010365620255470276,-0.0001911073923110962,6.342306733131409e-05,0.0002032394875370444,0.05561159551143646,0.07404107600450516,0.15156902372837067,0.1704217791557312,0.2460511956782703,ROA_1001_model49999_noise15,2828,2026-10-01_00-04-08,0.010934188961982727,-0.009590930305421352
-0.00028992071747779846,-0.00016763806343078613,0.0007012858986854553,-0.0019338913261890411,0.002057979901524595,-0.2195979356765747,0.2731126546859741,0.14248676598072052,-0.10535958409309387,0.39062173674295597,-0.0006546732038259506,-0.0006276648491621017,4.6566128730773926e-05,-0.0024493783712387085,0.0025314344722196006,-0.272804856300354,0.24457646906375885,0.10059680044651031,-0.12642423808574677,0.3996637851431509,0.011254249140620232,-0.008884058333933353,0.011529218405485153,-0.009374694898724556,0.011451184749603271,-0.00945339910686016,-0.0006034970283508301,-0.0005300156772136688,0.00020284205675125122,-0.0025002285838127136,0.002556908194729321,-0.33484163880348206,0.16397516429424286,-0.04249810799956322,-0.29152724146842957,0.3942450991259861,56.586351149,True,-5.280598998069763e-05,-9.578652679920197e-05,-0.000155717134475708,4.852190613746643e-05,0.00016561594817514797,0.06193620711565018,0.08055566996335983,0.14314892888069153,0.16513092815876007,0.24094784771979166,ROA_1001_model49999_noise15,2829,2026-10-01_00-04-08,0.01061764545738697,-0.009978529065847397
-0.00011827796697616577,-0.0003395136445760727,0.0005795620381832123,-0.0017317011952400208,0.0018484422532595772,-0.17378897964954376,0.22017443180084229,0.12104305624961853,-0.07889046519994736,0.3127988030586767,-0.0004870351403951645,-0.000794045627117157,-3.03611159324646e-05,-0.0022396445274353027,0.0023842151718704214,-0.22544990479946136,0.19345338642597198,0.07924902439117432,-0.09984242916107178,0.32249857479555016,0.011033162474632263,-0.008689522743225098,0.011105025187134743,-0.00904920231550932,0.011140944436192513,-0.009062455035746098,-0.0004400499165058136,-0.0007050111889839172,9.564682841300964e-05,-0.0022765249013900757,0.002383520117156504,-0.2925228178501129,0.10942015051841736,-0.05762092396616936,-0.2583637833595276,0.3188517207578426,56.606350367000005,True,-4.805624485015869e-05,-8.684583008289337e-05,-0.00012563541531562805,3.67872416973114e-05,0.00013459367535617554,0.06698304414749146,0.0840011015534401,0.13690628111362457,0.15846918523311615,0.23533925984565734,ROA_1001_model49999_noise15,2830,2026-10-01_00-04-08,0.010052196681499481,-0.009978331625461578
-0.0001582317054271698,-0.0003238208591938019,0.0006572343409061432,-0.001796334981918335,0.0019293256246429185,-0.19440752267837524,0.23963160812854767,0.1586591750383377,-0.11905654519796371,0.3645545901954435,-0.000522984191775322,-0.0007718801498413086,5.289912223815918e-05,-0.0022950582206249237,0.0024243178472599155,-0.2440139502286911,0.2144714742898941,0.11620669811964035,-0.13742688298225403,0.37066327657940656,0.011411033570766449,-0.008364028297364712,0.010972846299409866,-0.008439663797616959,0.011237522587180138,-0.00831139087677002,-0.0004866160452365875,-0.0006825663149356842,0.0001582317054271698,-0.002327375113964081,0.0024254491871030575,-0.31526803970336914,0.1308005303144455,-0.01970771513879299,-0.2966448664665222,0.37139692142723374,56.626348529000005,True,-3.7439167499542236e-05,-8.889473974704742e-05,-0.00011092051863670349,3.2689422369003296e-05,0.00011714823895454777,0.07117306441068649,0.08359877020120621,0.13598427176475525,0.15931202471256256,0.23648760520231715,ROA_1001_model49999_noise15,2831,2026-10-01_00-04-08,0.010195545852184296,-0.009631168097257614
6.05359673500061e-07,-0.00042440369725227356,0.0005307607352733612,-0.0016604550182819366,0.0017897590124951552,-0.15791970491409302,0.2003437727689743,0.12161209434270859,-0.08104368299245834,0.2913030214852635,-0.0003844965249300003,-0.0009031966328620911,-5.159527063369751e-05,-0.002156198024749756,0.0023461084796931046,-0.2079131007194519,0.1761969029903412,0.07959361374378204,-0.10137631744146347,0.3005574588805409,0.011800775304436684,-0.009732027538120747,0.01158401370048523,-0.00977904349565506,0.01179639995098114,-0.009663095697760582,-0.00034766271710395813,-0.0008100643754005432,4.731118679046631e-05,-0.0021824613213539124,0.0023292364555165613,-0.28534045815467834,0.08403276652097702,-0.051728446036577225,-0.2535404562950134,0.3005245647824166,56.646353508000004,True,-3.604218363761902e-05,-9.285286068916321e-05,-9.909272193908691e-05,2.738088369369507e-05,0.00010641366077249565,0.07732445001602173,0.09208451211452484,0.13137701153755188,0.15220791101455688,0.23427298252345718,ROA_1001_model49999_noise15,2832,2026-10-01_00-04-08,0.011446285992860794,-0.010692975483834743
6.528571248054504e-05,-0.00040838494896888733,0.00044247135519981384,-0.0016127713024616241,0.001722189145840143,-0.13587762415409088,0.17574428021907806,0.08768028765916824,-0.04454329237341881,0.2397874881619973,-0.00032908283174037933,-0.0009228475391864777,-0.00011203810572624207,-0.002107769250869751,0.002313021851111297,-0.18601538240909576,0.15220092236995697,0.04608835652470589,-0.06760656833648682,0.25293919235346796,0.011490466073155403,-0.011174422688782215,0.011313941329717636,-0.0112184202298522,0.011464240029454231,-0.011123662814497948,-0.00029779039323329926,-0.0008240342140197754,-1.648440957069397e-05,-0.0021251849830150604,0.002282716964923823,-0.26852402091026306,0.051648352295160294,-0.07886252552270889,-0.21191498637199402,0.28033044318119554,56.666351158000005,True,-3.324821591377258e-05,-9.98377799987793e-05,-9.238719940185547e-05,1.862645149230957e-05,0.00010775606089920346,0.08238944411277771,0.10043661296367645,0.12502352893352509,0.14438758790493011,0.23096753786331828,ROA_1001_model49999_noise15,2833,2026-10-01_00-04-08,0.01243930496275425,-0.011457890272140503
0.00012246891856193542,-0.00041527673602104187,0.00041369348764419556,-0.0015547499060630798,0.0016660486747612122,-0.11605070531368256,0.15114480257034302,0.0553429089486599,-0.007320194970816374,0.19478270225630098,-0.0002837739884853363,-0.0009698327630758286,-0.00010523945093154907,-0.002050679177045822,0.0022788423205145425,-0.16499729454517365,0.12947897613048553,0.013817100785672665,-0.03278162330389023,0.2120448881725906,0.010428521782159805,-0.012509357184171677,0.01028059795498848,-0.012554371729493141,0.010391153395175934,-0.012472791597247124,-0.00025671906769275665,-0.0008658971637487411,-1.909211277961731e-05,-0.002053007483482361,0.00223126356943662,-0.2557709813117981,0.017475802451372147,-0.10274815559387207,-0.16902385652065277,0.2815602276811116,56.686350121000004,True,-2.6170164346694946e-05,-0.00010356307029724121,-8.502975106239319e-05,2.1420419216156006e-06,0.00011052570013791083,0.09066983312368393,0.11191702634096146,0.11669191718101501,0.13629066944122314,0.23006362025947863,ROA_1001_model49999_noise15,2834,2026-10-01_00-04-08,0.011810053139925003,-0.012462189421057701
0.00021113082766532898,-0.0004527159035205841,0.00037080608308315277,-0.0014890916645526886,0.0016112571063636551,-0.08856038749217987,0.1201871708035469,0.028409993276000023,0.021153593435883522,0.14929143100241735,-0.00020638108253479004,-0.0010308809578418732,-0.00012926757335662842,-0.0019873492419719696,0.0022486469434380638,-0.13624969124794006,0.09944568574428558,-0.012290663085877895,-0.004501082003116608,0.16883884122778478,0.009618491865694523,-0.013091042637825012,0.009452516213059425,-0.013223722577095032,0.009604834951460361,-0.013094007968902588,-0.0001759268343448639,-0.0009207054972648621,-4.991888999938965e-05,-0.001978455111384392,0.0021854787451474527,-0.23155099153518677,-0.01763366162776947,-0.12636277079582214,-0.1373235136270523,0.2783259060820915,56.706354491000006,True,-2.8777867555618286e-05,-0.00010933727025985718,-8.186325430870056e-05,-9.499490261077881e-06,0.00011964330328997639,0.09589827805757523,0.11818762123584747,0.11340900510549545,0.13171322643756866,0.23100560181321514,ROA_1001_model49999_noise15,2835,2026-10-01_00-04-08,0.010474070906639099,-0.013498332351446152
0.00023581087589263916,-0.00048261135816574097,0.00041583552956581116,-0.0014396850019693375,0.0015894988362766913,-0.07492303848266602,0.1061251312494278,0.027548054233193398,0.022981779649853706,0.1299423675251221,-0.00019073486328125,-0.0010729767382144928,-7.557682693004608e-05,-0.001934310421347618,0.0022176744985670793,-0.11984630674123764,0.08768587559461594,-0.012920702807605267,-0.001509208115749061,0.1488059733304739,0.009381607174873352,-0.013181682676076889,0.009238934144377708,-0.01329716108739376,0.009364044293761253,-0.013187592849135399,-0.00016335397958755493,-0.000959448516368866,1.6298145055770874e-06,-0.001914985477924347,0.002143100160670597,-0.22157560288906097,-0.034428201615810394,-0.12251594662666321,-0.1312214881181717,0.27236134924355426,56.726353806000006,True,-2.6263296604156494e-05,-0.00011529773473739624,-7.82310962677002e-05,-2.016313374042511e-05,0.00012651663658813046,0.10181497037410736,0.12286937981843948,0.10940711200237274,0.12895651161670685,0.23251033871483623,ROA_1001_model49999_noise15,2836,2026-10-01_00-04-08,0.009679615497589111,-0.01404789462685585
0.00018426217138767242,-0.00040708109736442566,0.0005184672772884369,-0.001537613570690155,0.0016825238793962884,-0.08871312439441681,0.12222537398338318,0.04373956099152565,0.00303331739269197,0.15291495700687957,-0.00024442560970783234,-0.0010014045983552933,1.4808028936386108e-05,-0.002035219222307205,0.0022702360550841023,-0.13309204578399658,0.10439985990524292,0.0035809350665658712,-0.019675584509968758,0.16981764899870466,0.009998008608818054,-0.012627726420760155,0.009916577488183975,-0.012701387517154217,0.009998008608818054,-0.012627726420760155,-0.00021285377442836761,-0.0008824281394481659,0.0001030508428812027,-0.0020163599401712418,0.0022010156800396606,-0.23458664119243622,-0.017351005226373672,-0.10901409387588501,-0.15319417417049408,0.2743882103293986,56.746354144,True,-3.4226104617118835e-05,-0.00011944212019443512,-8.372589945793152e-05,-1.671724021434784e-05,0.0001330687065185536,0.10220100730657578,0.12333038449287415,0.11176196485757828,0.13188086450099945,0.2356630023176684,ROA_1001_model49999_noise15,2837,2026-10-01_00-04-08,0.010142739862203598,-0.013630999252200127
0.00010035000741481781,-0.00031776726245880127,0.0006012618541717529,-0.001610349863767624,0.001750858501029218,-0.10302615910768509,0.13803178071975708,0.05159992352128029,-0.006343237590044737,0.17612769928620498,-0.00031869858503341675,-0.000919681042432785,0.00010030344128608704,-0.0021171756088733673,0.0023085699388194682,-0.1473100781440735,0.12014060467481613,0.011974944733083248,-0.0282581876963377,0.19202790449171878,0.010403839871287346,-0.012417461723089218,0.010346788913011551,-0.012465430423617363,0.010396536439657211,-0.012418708764016628,-0.0002878718078136444,-0.0007975846529006958,0.00018961727619171143,-0.0020981766283512115,0.0022459371509406935,-0.2484419196844101,-0.003479886567220092,-0.10129063576459885,-0.16447807848453522,0.27930513928851447,56.766355635000004,True,-3.1152740120887756e-05,-0.00012074597179889679,-8.968636393547058e-05,-1.8067657947540283e-05,0.00013451984430413425,0.10182521492242813,0.12511014938354492,0.11246557533740997,0.13464036583900452,0.23831736314259955,ROA_1001_model49999_noise15,2838,2026-10-01_00-04-08,0.01107669249176979,-0.01282853726297617
8.726492524147034e-05,-0.00030370429158210754,0.0005749054253101349,-0.0015902332961559296,0.0017201092304229822,-0.106667160987854,0.13910512626171112,0.04380382224917412,0.0029606742318719625,0.17704571090784696,-0.00032177194952964783,-0.0009245239198207855,8.568167686462402e-05,-0.0021083280444145203,0.0023026986859035815,-0.15084072947502136,0.12047122418880463,0.0038873401936143637,-0.02076476626098156,0.1937096174560716,0.010371379554271698,-0.013233538717031479,0.01034410297870636,-0.013264525681734085,0.010371379554271698,-0.013233538717031479,-0.0002936460077762604,-0.0008010305464267731,0.00017862766981124878,-0.002083275467157364,0.002232831761158305,-0.25327131152153015,-0.0067939977161586285,-0.10674166679382324,-0.15414319932460785,0.28510788939816195,56.786356037000004,True,-2.9336661100387573e-05,-0.00012274831533432007,-9.061768651008606e-05,-2.5704503059387207e-05,0.00013856500365659418,0.10265222936868668,0.12822355329990387,0.11036358028650284,0.13240332901477814,0.23808400709867195,ROA_1001_model49999_noise15,2839,2026-10-01_00-04-08,0.011552155017852783,-0.013106603175401688
7.627531886100769e-05,-0.0002668239176273346,0.0005848705768585205,-0.0016019679605960846,0.0017277163031021278,-0.11188163608312607,0.14240294694900513,0.04193093255162239,0.005973502527922392,0.18238642205498848,-0.0003277324140071869,-0.0009049661457538605,0.00010021030902862549,-0.0021251849830150604,0.0023101330458022216,-0.15559698641300201,0.12286937981843948,0.0023460015654563904,-0.018930062651634216,0.19872687220057475,0.010229675099253654,-0.01418890431523323,0.0102146677672863,-0.014207016676664352,0.010229675099253654,-0.01418890431523323,-0.0003071501851081848,-0.0007758848369121552,0.00018998980522155762,-0.002096407115459442,0.0022365539887625424,-0.25976261496543884,-0.0067381183616817,-0.10657309740781784,-0.15094131231307983,0.2898836767482063,56.80636165600001,True,-2.169981598854065e-05,-0.00013047829270362854,-9.043142199516296e-05,-2.775341272354126e-05,0.0001423136659532287,0.10402127355337143,0.12968014180660248,0.10936985909938812,0.131973996758461,0.23877318795835037,ROA_1001_model49999_noise15,2840,2026-10-01_00-04-08,0.011509042233228683,-0.013911772519350052
0.00010188668966293335,-0.00030836090445518494,0.0005914829671382904,-0.001554284244775772,0.0016943783034634647,-0.10594724863767624,0.13464781641960144,0.041326504200696945,0.00822264701128006,0.17244581160927996,-0.0003098510205745697,-0.0009602867066860199,0.00010998919606208801,-0.002078898251056671,0.0022901730009278133,-0.14828982949256897,0.11573358625173569,0.002119690179824829,-0.01661013811826706,0.18848362113495548,0.01010279543697834,-0.015011521056294441,0.010094938799738884,-0.015026764944195747,0.010110033676028252,-0.015010293573141098,-0.00029001384973526,-0.0008263625204563141,0.00019604340195655823,-0.00204332172870636,0.0022053346556164077,-0.2566725015640259,-0.016672536730766296,-0.10530463606119156,-0.1469734013080597,0.28865599015532933,56.826361771,True,-1.862645149230957e-05,-0.0001364387571811676,-8.67992639541626e-05,-3.762543201446533e-05,0.00014953369214617743,0.10830070078372955,0.1324731856584549,0.10794167965650558,0.13042613863945007,0.24070738916615952,ROA_1001_model49999_noise15,2841,2026-10-01_00-04-08,0.010850140824913979,-0.015172898769378662
0.00013336539268493652,-0.00034421682357788086,0.000574067234992981,-0.0015105120837688446,0.0016575482225606743,-0.09238998591899872,0.12167542427778244,0.03555137664079666,0.01391675230115652,0.15315326799729817,-0.0002841465175151825,-0.0009915791451931,8.67992639541626e-05,-0.0020330771803855896,0.002262484365635919,-0.1341635286808014,0.10360497236251831,-0.0036684793885797262,-0.010637565515935421,0.16954893386761674,0.010471111163496971,-0.015010247007012367,0.010513432323932648,-0.015006104484200478,0.010459410026669502,-0.01505865529179573,-0.00025918707251548767,-0.0008543021976947784,0.00017844140529632568,-0.0019922852516174316,0.002168625764179131,-0.24289822578430176,-0.02792663685977459,-0.11043715476989746,-0.13856495916843414,0.28178813661230045,56.846364637,True,-2.300366759300232e-05,-0.00013764947652816772,-9.145587682723999e-05,-3.8743019104003906e-05,0.00015337946135071033,0.10873376578092575,0.13160519301891327,0.10727810859680176,0.12804846465587616,0.2388457511837034,ROA_1001_model49999_noise15,2842,2026-10-01_00-04-08,0.010802987962961197,-0.015591010451316833
0.00010980293154716492,-0.00032028183341026306,0.0005736947059631348,-0.0015132129192352295,0.0016533187575877555,-0.08990428596735,0.121192067861557,0.035531818866729736,0.01276563759893179,0.15131652754405933,-0.0003089196979999542,-0.000972207635641098,8.279457688331604e-05,-0.00203792005777359,0.0022587098530912173,-0.1318361610174179,0.10314210504293442,-0.00382214761339128,-0.011523253284394741,0.16743916603544726,0.010652415454387665,-0.014614984393119812,0.01071612536907196,-0.014608290046453476,0.010662725195288658,-0.014659205451607704,-0.0002812594175338745,-0.0008315779268741608,0.00018086284399032593,-0.001996289938688278,0.0021633851074250657,-0.23868213593959808,-0.02767704240977764,-0.11043994873762131,-0.1398567110300064,0.27865618495324074,56.866364432000005,True,-2.738088369369507e-05,-0.0001389533281326294,-9.76957380771637e-05,-4.293397068977356e-05,0.00015934243171587044,0.10670255124568939,0.1308787614107132,0.10665132850408554,0.12822262942790985,0.23733704697939606,ROA_1001_model49999_noise15,2843,2026-10-01_00-04-08,0.011106638237833977,-0.015076801180839539
8.046627044677734e-05,-0.00029103830456733704,0.000573229044675827,-0.0015263445675373077,0.0016579483366902148,-0.09380652755498886,0.1253494918346405,0.039944421499967575,0.008347444236278534,0.1575660649788873,-0.00033723190426826477,-0.000944826751947403,8.64267349243164e-05,-0.0020499341189861298,0.0022580848886871825,-0.13576820492744446,0.10707508027553558,-0.00029336661100387573,-0.01684669405221939,0.17321312396444574,0.010922646149992943,-0.014768987894058228,0.010969167575240135,-0.014775874093174934,0.010927200317382812,-0.014816103503108025,-0.0003032386302947998,-0.0008061528205871582,0.00019101426005363464,-0.0020065344870090485,0.0021633993331274027,-0.2418830841779709,-0.023660248145461082,-0.10333302617073059,-0.14260411262512207,0.27692478734356796,56.886369218000006,True,-3.380700945854187e-05,-0.00014062970876693726,-0.00010309740900993347,-4.2747706174850464e-05,0.00016457561389122413,0.10585597902536392,0.13080984354019165,0.10318960249423981,0.12565404176712036,0.23399364745829182,ROA_1001_model49999_noise15,2844,2026-10-01_00-04-08,0.01178068108856678,-0.014876609668135643
6.379559636116028e-05,-0.00026226043701171875,0.0005883164703845978,-0.0015479512512683868,0.001677505167956725,-0.10321102291345596,0.13466179370880127,0.04493631049990654,0.004116445779800415,0.17145208211066496,-0.0003582797944545746,-0.0009298324584960938,0.0001019798219203949,-0.002077873796224594,0.002277072840636225,-0.14480295777320862,0.11627375334501266,0.004656612873077393,-0.021684912964701653,0.1865081131449911,0.010865192860364914,-0.015406496822834015,0.01092558354139328,-0.015420898795127869,0.010890739038586617,-0.01545434258878231,-0.0003244727849960327,-0.0007845461368560791,0.00020833685994148254,-0.0020275823771953583,0.0021754883109543046,-0.25309622287750244,-0.01676473766565323,-0.0970335602760315,-0.1462157815694809,0.28170996383788716,56.906367934,True,-3.3993273973464966e-05,-0.00014621764421463013,-0.00010309740900993347,-5.1409006118774414e-05,0.00017279670313399427,0.10813585668802261,0.13310368359088898,0.10177306085824966,0.12443307042121887,0.23505563203124102,ROA_1001_model49999_noise15,2845,2026-10-01_00-04-08,0.01190640777349472,-0.015294359996914864
5.206093192100525e-05,-0.0002479180693626404,0.0006073154509067535,-0.0015602447092533112,0.0016928353988786263,-0.10799429565668106,0.1385686844587326,0.04579498991370201,0.003533437615260482,0.17759151145063448,-0.0003696419298648834,-0.0009277835488319397,0.00012228265404701233,-0.00209147110581398,0.0022883463382443203,-0.1493804156780243,0.11981464177370071,0.005669891368597746,-0.022434627637267113,0.19238666097902504,0.010847853496670723,-0.015853721648454666,0.010899987071752548,-0.015863385051488876,0.010858697816729546,-0.0159042589366436,-0.00033602118492126465,-0.0007756985723972321,0.00022668391466140747,-0.002038106322288513,0.0021827504014038665,-0.25915631651878357,-0.014154239557683468,-0.09548290818929672,-0.1464085578918457,0.2854521272037991,56.926366994000006,True,-3.371387720108032e-05,-0.00015031546354293823,-0.00010635703802108765,-5.4016709327697754e-05,0.00017780084544844672,0.10955984890460968,0.13403500616550446,0.10126735270023346,0.12387148290872574,0.23572858184064138,ROA_1001_model49999_noise15,2846,2026-10-01_00-04-08,0.011738326400518417,-0.015857072547078133
4.386529326438904e-05,-0.00024186447262763977,0.0006067566573619843,-0.0015602447092533112,0.0016913887894516445,-0.11131539195775986,0.142022967338562,0.04504713788628578,0.004610046744346619,0.18213283424713658,-0.00037690624594688416,-0.000922568142414093,0.00011958181858062744,-0.0021010637283325195,0.0022950864286727796,-0.15230849385261536,0.12315063923597336,0.005200504790991545,-0.021276993677020073,0.19664400712686964,0.01099231094121933,-0.015960223972797394,0.010997442528605461,-0.016002260148525238,0.010979808866977692,-0.016017550602555275,-0.00034049153327941895,-0.0007751397788524628,0.00023134052753448486,-0.0020444393157958984,0.002188613801270474,-0.26210397481918335,-0.011387280188500881,-0.09644123911857605,-0.14652684330940247,0.28772766709834696,56.946367846,True,-3.4458935260772705e-05,-0.00015106052160263062,-0.00011185184121131897,-5.587935447692871e-05,0.00018113180216018608,0.10960827767848969,0.1345667988061905,0.10170786827802658,0.1251501888036728,0.2369161053808548,ROA_1001_model49999_noise15,2847,2026-10-01_00-04-08,0.011745171621441841,-0.016039744019508362
6.109476089477539e-05,-0.00022873282432556152,0.0005698762834072113,-0.0015594996511936188,0.0016770247607865317,-0.1097535640001297,0.14187860488891602,0.04137493297457695,0.007912516593933105,0.18043011896027644,-0.0003587454557418823,-0.0009124167263507843,7.944181561470032e-05,-0.0021032989025115967,0.0022937696162763812,-0.15066470205783844,0.12270360440015793,0.0009955838322639465,-0.018580816686153412,0.19471312633645002,0.011216927319765091,-0.015850365161895752,0.011200673878192902,-0.015996241942048073,0.011241093277931213,-0.015949567779898643,-0.0003207474946975708,-0.000763963907957077,0.00019669532775878906,-0.002045556902885437,0.0021847853095829425,-0.2585314214229584,-0.011523253284394741,-0.10003800690174103,-0.1439470797777176,0.2860101078950258,56.966372411,True,-3.995373845100403e-05,-0.00014863908290863037,-0.00011594966053962708,-5.559995770454407e-05,0.0001830207907641541,0.10782386362552643,0.13422127068042755,0.10098236799240112,0.1253131777048111,0.2356737874953484,ROA_1001_model49999_noise15,2848,2026-10-01_00-04-08,0.011903628706932068,-0.016023267060518265
6.137415766716003e-05,-0.000225752592086792,0.0005689449608325958,-0.0015703961253166199,0.0016864791784424148,-0.1157708391547203,0.1486232429742813,0.046140510588884354,0.002902932232245803,0.19026193347150325,-0.00036153942346572876,-0.0009139999747276306,7.245689630508423e-05,-0.002123787999153137,0.0023134062151669694,-0.15620887279510498,0.12978166341781616,0.005303881596773863,-0.023799946531653404,0.2040062483299995,0.01134563609957695,-0.01588863879442215,0.011329136788845062,-0.0160501841455698,0.01138087548315525,-0.015992421656847,-0.0003186054527759552,-0.000764802098274231,0.0001934356987476349,-0.002063438296318054,0.00220177951673383,-0.2643083930015564,-0.00599864823743701,-0.09520630538463593,-0.14967377483844757,0.28820070525699887,56.986375535,True,-4.163011908531189e-05,-0.00015050172805786133,-0.0001214444637298584,-5.802139639854431e-05,0.0001881206083948447,0.10801664739847183,0.13579055666923523,0.100493423640728,0.12579093873500824,0.23670424307524865,ROA_1001_model49999_noise15,2849,2026-10-01_00-04-08,0.01192990131676197,-0.016129830852150917
3.7066638469696045e-05,-0.00021709129214286804,0.0005957670509815216,-0.0015987083315849304,0.001719781643320343,-0.1258002519607544,0.16005708277225494,0.05271844193339348,-0.00470038503408432,0.20689849215512632,-0.0003863126039505005,-0.0009107403457164764,8.940696716308594e-05,-0.0021581538021564484,0.0023434605894107033,-0.16630998253822327,0.14145764708518982,0.01182407047599554,-0.031143425032496452,0.2202851864194979,0.011330248787999153,-0.01567164994776249,0.011312711983919144,-0.015824655070900917,0.011348264291882515,-0.015784336254000664,-0.0003429129719734192,-0.0007583759725093842,0.0002205371856689453,-0.0020965933799743652,0.002231444028434643,-0.27386656403541565,0.005357898306101561,-0.09006447345018387,-0.1586042195558548,0.2929567488980323,57.006372099000004,True,-4.628673195838928e-05,-0.00015227124094963074,-0.00012917444109916687,-6.258487701416016e-05,0.00019660589769721385,0.10747648030519485,0.13611465692520142,0.10189040750265121,0.1273900270462036,0.23809181623379524,ROA_1001_model49999_noise15,2850,2026-10-01_00-04-08,0.011835005134344101,-0.01591646298766136
1.080334186553955e-05,-0.0001782551407814026,0.0006154179573059082,-0.001643504947423935,0.0017632413820929608,-0.13897009193897247,0.17470400035381317,0.06037857010960579,-0.01280661579221487,0.22840739009159094,-0.00040512531995773315,-0.0008813105523586273,9.853392839431763e-05,-0.002207886427640915,0.002378028722515786,-0.17964373528957367,0.15595833957195282,0.01945067197084427,-0.03890879452228546,0.24128458818550033,0.011609138920903206,-0.015515973791480064,0.011611510068178177,-0.01567358896136284,0.011640815064311028,-0.015639225021004677,-0.00036479905247688293,-0.0007195398211479187,0.00023525208234786987,-0.002148933708667755,0.0022688248048731725,-0.2859951853752136,0.01986883394420147,-0.08384789526462555,-0.16888602077960968,0.30000084816891137,57.02637570300001,True,-4.628673195838928e-05,-0.00015702098608016968,-0.0001327134668827057,-6.07222318649292e-05,0.00019991442897152745,0.10628252476453781,0.13622641563415527,0.10327807813882828,0.12981797754764557,0.23952326035115784,ROA_1001_model49999_noise15,2851,2026-10-01_00-04-08,0.012122290208935738,-0.01568703167140484
-5.029141902923584e-06,-0.00016260892152786255,0.0006143935024738312,-0.001672748476266861,0.0017883974390263632,-0.1550484448671341,0.19235162436962128,0.06905384361743927,-0.022174788638949394,0.25456597570021594,-0.0004172325134277344,-0.000870879739522934,9.192153811454773e-05,-0.002241227775812149,0.0024054005039017548,-0.19618867337703705,0.17302295565605164,0.02763606421649456,-0.04835333302617073,0.26686689552553133,0.011793449521064758,-0.01554347574710846,0.011806614696979523,-0.015710534527897835,0.011831533163785934,-0.015679292380809784,-0.0003748573362827301,-0.0007108785212039948,0.00023748725652694702,-0.0021836720407009125,0.0022991870752594084,-0.30057504773139954,0.03742985427379608,-0.0759270042181015,-0.18033291399478912,0.31017089737735454,57.046375436000005,True,-4.4889748096466064e-05,-0.0001600012183189392,-0.00014454126358032227,-5.848705768585205e-05,0.00020468615369326616,0.10469648241996765,0.13646017014980316,0.10316631942987442,0.13103336095809937,0.23956943153216628,ROA_1001_model49999_noise15,2852,2026-10-01_00-04-08,0.012505872175097466,-0.015497153624892235
-3.4458935260772705e-05,-0.00012414529919624329,0.000618956983089447,-0.0017075799405574799,0.0018193335642655393,-0.1713847666978836,0.20864790678024292,0.07660221308469772,-0.030053777620196342,0.2796013669462273,-0.000444706529378891,-0.0008428469300270081,9.061768651008606e-05,-0.0022796913981437683,0.0024315311973997513,-0.2125389724969864,0.1896582394838333,0.035090371966362,-0.05569494888186455,0.2918235454528674,0.011797083541750908,-0.01579117774963379,0.011824162676930428,-0.015970662236213684,0.011848833411931992,-0.015940366312861443,-0.0004042871296405792,-0.0006784684956073761,0.00023925676941871643,-0.002223066985607147,0.0023270410187306275,-0.31670552492141724,0.0526597686111927,-0.06856955587863922,-0.18944311141967773,0.3243586255564095,57.06637318400001,True,-4.041939973831177e-05,-0.0001652166247367859,-0.00014891847968101501,-5.587935447692871e-05,0.00020609175597333733,0.10433792322874069,0.13770627975463867,0.10335444658994675,0.1330021768808365,0.2412860812756358,ROA_1001_model49999_noise15,2853,2026-10-01_00-04-08,0.012769235298037529,-0.015492739155888557
-0.00010747462511062622,-8.260831236839294e-05,0.0006761401891708374,-0.0017603859305381775,0.001886165359138745,-0.19508785009384155,0.23176799714565277,0.09335297346115112,-0.04732608422636986,0.318135410737746,-0.0005154870450496674,-0.0008026137948036194,0.00013792887330055237,-0.002335384488105774,0.0024697475951932432,-0.23611168563365936,0.21276062726974487,0.05260854586958885,-0.07124152034521103,0.32949519563522983,0.011807791888713837,-0.015756482258439064,0.011736320331692696,-0.01592094823718071,0.011823099106550217,-0.015833400189876556,-0.00047497451305389404,-0.0006322748959064484,0.0002937391400337219,-0.0022831372916698456,0.002374497003470561,-0.33939722180366516,0.077076256275177,-0.05392543599009514,-0.20920483767986298,0.3481305010040921,57.08637506,True,-4.0978193283081055e-05,-0.00016903504729270935,-0.00015301629900932312,-5.559995770454407e-05,0.0002101403505448286,0.10379216820001602,0.13679824769496918,0.10588391870260239,0.13678427040576935,0.24373453448755775,ROA_1001_model49999_noise15,2854,2026-10-01_00-04-08,0.01266886480152607,-0.015538457781076431
-0.00013308599591255188,-0.00017266720533370972,0.0007125549018383026,-0.0017095357179641724,0.0018552821101562283,-0.18810759484767914,0.22310110926628113,0.09343213587999344,-0.04632863774895668,0.3073712504157103,-0.0005417503416538239,-0.0008833594620227814,0.00016987323760986328,-0.0022872351109981537,0.002452181145914414,-0.2291221022605896,0.20445509254932404,0.054035332053899765,-0.06891228258609772,0.3189773985531421,0.012085361406207085,-0.015700193122029305,0.012067435309290886,-0.015846313908696175,0.012144124135375023,-0.015772130340337753,-0.0005023553967475891,-0.0007124617695808411,0.0003214925527572632,-0.002230145037174225,0.0023465253144445333,-0.33236944675445557,0.06987713277339935,-0.05546398088335991,-0.2079913318157196,0.33995885996241537,57.106383081000004,True,-4.116445779800415e-05,-0.0001708976924419403,-0.00015227124094963074,-5.681067705154419e-05,0.0002116387308217748,0.10311230272054672,0.13467203080654144,0.10951142013072968,0.13894960284233093,0.24508263782998196,ROA_1001_model49999_noise15,2855,2026-10-01_00-04-08,0.012276533991098404,-0.016014425083994865
-0.00027837231755256653,-0.00010989606380462646,0.0008019618690013885,-0.0017859041690826416,0.001957751517974927,-0.2021416872739792,0.24289916455745697,0.10873562842607498,-0.06347056478261948,0.33778170442620603,-0.0006670132279396057,-0.0007811933755874634,0.0002302229404449463,-0.002374686300754547,0.0024999024832458128,-0.24562980234622955,0.22153648734092712,0.07106829434633255,-0.08349213004112244,0.34820521612597866,0.012090882286429405,-0.014306975528597832,0.012167897075414658,-0.014488359913229942,0.012165937572717667,-0.014487015083432198,-0.0006251968443393707,-0.0006122514605522156,0.00039227306842803955,-0.002325698733329773,0.002415929032782591,-0.33759230375289917,0.0986223965883255,-0.047514211386442184,-0.2319076955318451,0.3526722607247209,57.12638041300001,True,-4.284083843231201e-05,-0.00017052516341209412,-0.00015897676348686218,-4.55416738986969e-05,0.00020932339708224705,0.09179859608411789,0.12281163781881332,0.11866166442632675,0.14846399426460266,0.24416566769903505,ROA_1001_model49999_noise15,2856,2026-10-01_00-04-08,0.012032385915517807,-0.014759102836251259
-0.0004453584551811218,-1.210719347000122e-06,0.0009208917617797852,-0.0019224360585212708,0.002140500115635165,-0.23957107961177826,0.285812646150589,0.14034099876880646,-0.09883566945791245,0.40857010936660615,-0.0008130446076393127,-0.0006493180990219116,0.0003186054527759552,-0.0025124289095401764,0.0025973692607878687,-0.2850079834461212,0.26209044456481934,0.10238773375749588,-0.11755245923995972,0.41709370721069955,0.012374145910143852,-0.013147212564945221,0.012537678703665733,-0.013345016166567802,0.012510346248745918,-0.013364067301154137,-0.00077076256275177,-0.00047674402594566345,0.0004901550710201263,-0.0024811364710330963,0.002551513716543202,-0.3681611120700836,0.14892126619815826,-0.02286769263446331,-0.274368554353714,0.41110894222138006,57.146400786,True,-4.041939973831177e-05,-0.00017154961824417114,-0.00017248094081878662,-3.091990947723389e-05,0.00020775353687866924,0.08302367478609085,0.11310166865587234,0.1252833753824234,0.15684403479099274,0.2448650927828176,ROA_1001_model49999_noise15,2857,2026-10-01_00-04-08,0.01231999322772026,-0.013525417074561119
-0.0005000270903110504,-4.284083843231201e-06,0.000963360071182251,-0.0019474886357784271,0.0021841119208804933,-0.25048011541366577,0.297257661819458,0.14890077710151672,-0.1071421355009079,0.4278959874096871,-0.0008638948202133179,-0.0006460584700107574,0.0003575347363948822,-0.0025443732738494873,0.0026290111495487272,-0.29588907957077026,0.27400580048561096,0.11159199476242065,-0.1256074756383896,0.43661400941681877,0.012830434367060661,-0.012896602042019367,0.012943161651492119,-0.013096179813146591,0.012924423441290855,-0.013108327984809875,-0.0008306466042995453,-0.0004782341420650482,0.0005285255610942841,-0.0025099143385887146,0.0025844953809753914,-0.3795856535434723,0.1603606939315796,-0.015397555194795132,-0.28380006551742554,0.43001202795905585,57.166385542,True,-3.543682396411896e-05,-0.00016707926988601685,-0.00017043203115463257,-3.3527612686157227e-05,0.0002032812940420704,0.0835983008146286,0.11357664316892624,0.12698955833911896,0.15820282697677612,0.2470208674155996,ROA_1001_model49999_noise15,2858,2026-10-01_00-04-08,0.012930147349834442,-0.013043316081166267
-0.0005064532160758972,-9.788200259208679e-05,0.0010000541806221008,-0.0019311904907226562,0.0021799242172062154,-0.26645416021347046,0.31060725450515747,0.15997885167598724,-0.11679436266422272,0.45279890378565435,-0.0008880160748958588,-0.0007466413080692291,0.0003939494490623474,-0.00253431499004364,0.0026455245262855713,-0.31146591901779175,0.28833186626434326,0.12336484342813492,-0.1354403793811798,0.46206526536825243,0.01326981745660305,-0.01373450830578804,0.013419849798083305,-0.013791926205158234,0.013340562582015991,-0.01385440118610859,-0.0008561648428440094,-0.0005815178155899048,0.0005606561899185181,-0.0024932436645030975,0.002588005400583596,-0.4014139771461487,0.17010046541690826,-0.00585243059322238,-0.29279011487960815,0.456536589332712,57.186385562000005,True,-3.436580300331116e-05,-0.0001652166247367859,-0.00016391277313232422,-4.10713255405426e-05,0.00020232304693411176,0.08981115370988846,0.11817178875207901,0.1292545348405838,0.15737487375736237,0.25195976135281384,ROA_1001_model49999_noise15,2859,2026-10-01_00-04-08,0.01331561803817749,-0.013816118240356445
-0.0004600733518600464,-0.00021597370505332947,0.0010025687515735626,-0.001894589513540268,0.0021436508057068055,-0.26841646432876587,0.3108009696006775,0.16017350554466248,-0.11529865860939026,0.4537300414059278,-0.0008625909686088562,-0.0008636154234409332,0.00038854777812957764,-0.0025049783289432526,0.00265127309262525,-0.31316837668418884,0.2893628478050232,0.12480559945106506,-0.1332014799118042,0.46365770400457007,0.013912368565797806,-0.01450800895690918,0.014002982527017593,-0.014563832432031631,0.013922654092311859,-0.014625433832406998,-0.0008289702236652374,-0.0007043592631816864,0.0005426816642284393,-0.0024580396711826324,0.0025763435691026396,-0.40853580832481384,0.16757285594940186,-0.010239890776574612,-0.29265880584716797,0.4593943432812904,57.206385774000005,True,-3.4831464290618896e-05,-0.00015674158930778503,-0.00015515834093093872,-4.76837158203125e-05,0.00019734749144067256,0.095235176384449,0.12172292172908783,0.13511069118976593,0.15947501361370087,0.25990371870536444,ROA_1001_model49999_noise15,2860,2026-10-01_00-04-08,0.013730157166719437,-0.014672279357910156
-0.0003621913492679596,-0.00034533441066741943,0.000955723226070404,-0.001832563430070877,0.002071722059330308,-0.2564759850502014,0.2971431016921997,0.15474016964435577,-0.1087551862001419,0.4337131238663847,-0.0007973052561283112,-0.000978820025920868,0.00032475218176841736,-0.0024559907615184784,0.0026438658138836896,-0.3011971712112427,0.27618929743766785,0.11956784129142761,-0.12651458382606506,0.4440401580934945,0.014512559399008751,-0.014892315492033958,0.014649860560894012,-0.014947736635804176,0.014578981325030327,-0.015004130080342293,-0.0007539987564086914,-0.0008334405720233917,0.00047516077756881714,-0.0023993663489818573,0.002549016973159693,-0.4008803367614746,0.15255063772201538,-0.019853001460433006,-0.2866182327270508,0.4419492932801949,57.22638576200001,True,-4.2282044887542725e-05,-0.00014528632164001465,-0.00015366822481155396,-5.774199962615967e-05,0.0001998643250555031,0.0996394008398056,0.1235920861363411,0.1399945467710495,0.1603318303823471,0.2654859784077635,ROA_1001_model49999_noise15,2861,2026-10-01_00-04-08,0.01403077319264412,-0.01523706503212452
-0.00030100345611572266,-0.0004227273166179657,0.0009250827133655548,-0.001811981201171875,0.0020492749737790637,-0.25395676493644714,0.29566138982772827,0.1614568680524826,-0.11638271808624268,0.4356389979338978,-0.0007482245564460754,-0.0010359100997447968,0.0002644956111907959,-0.0024403445422649384,0.0026516063913546504,-0.29953569173812866,0.2736123204231262,0.12659095227718353,-0.13319402933120728,0.4452097151215918,0.014872757717967033,-0.014737864956259727,0.014974331483244896,-0.014810487627983093,0.014919502660632133,-0.014853108674287796,-0.000697653740644455,-0.0008938834071159363,0.00042011961340904236,-0.0023830682039260864,0.002549990857684003,-0.3979811370372772,0.15506334602832794,-0.018819235265254974,-0.2965424060821533,0.4429095698467714,57.246400056000006,True,-5.317851901054382e-05,-0.00014202669262886047,-0.00015301629900932312,-5.6438148021698e-05,0.0002026135839118735,0.09830481559038162,0.11844000965356827,0.1456076204776764,0.16357748210430145,0.26764171400430586,ROA_1001_model49999_noise15,2862,2026-10-01_00-04-08,0.014295428991317749,-0.015134943649172783
-0.000240374356508255,-0.0004868023097515106,0.0008498318493366241,-0.001764204353094101,0.001987908971207116,-0.2452358454465866,0.2862717807292938,0.15452224016189575,-0.11006462574005127,0.41999746731968407,-0.0007010065019130707,-0.0010802410542964935,0.00016819685697555542,-0.002399180084466934,0.0026348560378049754,-0.2916008234024048,0.26260966062545776,0.1186886727809906,-0.12900958955287933,0.4295344288827482,0.015158180147409439,-0.014794392511248589,0.015215730294585228,-0.014869729056954384,0.015169741585850716,-0.01490841619670391,-0.0006346963346004486,-0.0009464100003242493,0.00033248215913772583,-0.0023373402655124664,0.002522731118944172,-0.38718801736831665,0.1494521200656891,-0.02831965498626232,-0.2914564609527588,0.4279681419640422,57.266388491,True,-6.69620931148529e-05,-0.0001341104507446289,-0.00016577541828155518,-6.100162863731384e-05,0.00021588420227566446,0.09545496851205826,0.11307838559150696,0.14705955982208252,0.16245058178901672,0.2643805022989252,ROA_1001_model49999_noise15,2863,2026-10-01_00-04-08,0.014752805233001709,-0.015040170401334763
-0.00017937272787094116,-0.0005612149834632874,0.0007583759725093842,-0.0016794539988040924,0.0018962891966743999,-0.23805256187915802,0.27936044335365295,0.14680065214633942,-0.10066106170415878,0.40574504222635116,-0.0006444752216339111,-0.0011360272765159607,6.100162863731384e-05,-0.0023311004042625427,0.002603710178670474,-0.285369336605072,0.2539586126804352,0.1104753389954567,-0.12172385305166245,0.41556435687735116,0.014839325100183487,-0.014782195910811424,0.014879660680890083,-0.014867400750517845,0.014849426224827766,-0.014895176514983177,-0.0005705282092094421,-0.0010085292160511017,0.00023273751139640808,-0.0022611580789089203,0.0024759618144568497,-0.377318799495697,0.14520156383514404,-0.0374792143702507,-0.2828659415245056,0.4141302971869366,57.286390239000006,True,-7.57165253162384e-05,-0.00012833625078201294,-0.00017005950212478638,-6.891787052154541e-05,0.00022450268817248507,0.09182187914848328,0.10868440568447113,0.148015096783638,0.16116629540920258,0.2609640371341248,ROA_1001_model49999_noise15,2864,2026-10-01_00-04-08,0.01464981958270073,-0.014856358990073204
-0.0001516193151473999,-0.0005851499736309052,0.0006911344826221466,-0.001634843647480011,0.00184126804333136,-0.24014058709144592,0.2806642949581146,0.15430152416229248,-0.10748113691806793,0.4123110344204811,-0.0006217509508132935,-0.001132860779762268,-3.0174851417541504e-05,-0.0022980384528636932,0.002580657199548496,-0.28830021619796753,0.25347620248794556,0.11692288517951965,-0.12997165322303772,0.42140862584419153,0.014522409066557884,-0.014359615743160248,0.014448316767811775,-0.014400102198123932,0.01450246199965477,-0.0143667571246624,-0.0005311332643032074,-0.0010146759450435638,0.00015385448932647705,-0.002228841185569763,0.0024503148271101506,-0.3745723366737366,0.151515930891037,-0.03199279308319092,-0.2914806604385376,0.4182191886700079,57.30639234,True,-8.773058652877808e-05,-0.00011650845408439636,-0.00018673017621040344,-7.068738341331482e-05,0.00023850059835497952,0.08615384995937347,0.10188202559947968,0.14894269406795502,0.16156862676143646,0.2570349142049782,ROA_1001_model49999_noise15,2865,2026-10-01_00-04-08,0.014225754886865616,-0.014532338827848434
-9.592622518539429e-05,-0.000608246773481369,0.0006088986992835999,-0.0015718862414360046,0.0017703367924095253,-0.23423227667808533,0.27505773305892944,0.15786661207675934,-0.108953557908535,0.4066649360392453,-0.0005692243576049805,-0.00113779678940773,-0.00013131648302078247,-0.0022494234144687653,0.0025492970630558733,-0.2824207544326782,0.2477560043334961,0.11964048445224762,-0.13170483708381653,0.4152994500888925,0.013555390760302544,-0.013698479160666466,0.013417484238743782,-0.013771843165159225,0.013498015701770782,-0.013720870018005371,-0.00047106295824050903,-0.0010271556675434113,6.30505383014679e-05,-0.002170354127883911,0.0024056472732345803,-0.3657163977622986,0.1487126499414444,-0.029200686141848564,-0.29339826107025146,0.4111967067931188,57.32639204,True,-9.853392839431763e-05,-0.0001105479896068573,-0.00019492581486701965,-8.028000593185425e-05,0.000251870419792235,0.08318758755922318,0.09895674139261246,0.14888308942317963,0.16169901192188263,0.2549511435968458,ROA_1001_model49999_noise15,2866,2026-10-01_00-04-08,0.013104164972901344,-0.013992829248309135
2.4586915969848633e-05,-0.0006964430212974548,0.0005007721483707428,-0.0014774501323699951,0.0016986579918581502,-0.217173233628273,0.2573122978210449,0.15017668902873993,-0.09836069494485855,0.3788415686934916,-0.00046389177441596985,-0.0012158416211605072,-0.00024726614356040955,-0.0021743588149547577,0.002530645150169463,-0.2665286660194397,0.22928322851657867,0.10974704474210739,-0.12370198220014572,0.3880078383311127,0.01348000019788742,-0.014113377779722214,0.013428913429379463,-0.014150766655802727,0.013486156240105629,-0.014113098382949829,-0.0003525055944919586,-0.0011135824024677277,-4.1443854570388794e-05,-0.0020745210349559784,0.0023633966807873863,-0.34815070033073425,0.13088154792785645,-0.0345129519701004,-0.27949827909469604,0.3836985143794742,57.346393468,True,-0.00011082738637924194,-0.00010151416063308716,-0.00020684674382209778,-9.94652509689331e-05,0.00027188391910283453,0.0815223827958107,0.09830574691295624,0.14428049325942993,0.15584193170070648,0.24774553162947344,ROA_1001_model49999_noise15,2867,2026-10-01_00-04-08,0.012872308492660522,-0.014569107443094254
9.08970832824707e-05,-0.0007399357855319977,0.0004303641617298126,-0.001433584839105606,0.0016683614873346559,-0.21057946979999542,0.25125405192375183,0.1479005366563797,-0.09537114948034286,0.36919223624874836,-0.00040549784898757935,-0.0012594275176525116,-0.0003345310688018799,-0.002145487815141678,0.002536597858488553,-0.26087090373039246,0.2227928340435028,0.10636448115110397,-0.121095210313797,0.3784610662558688,0.012728534638881683,-0.014225216582417488,0.012667529284954071,-0.01426599733531475,0.012716313824057579,-0.014233153313398361,-0.0002859160304069519,-0.001155957579612732,-0.00011213123798370361,-0.0020330771803855896,0.0023509682375769756,-0.34117791056632996,0.12470874190330505,-0.03685615956783295,-0.27559325098991394,0.3736072042175613,57.366396177000006,True,-0.00011846423149108887,-0.0001043081283569336,-0.00022118911147117615,-0.00011231750249862671,0.0002921234642902241,0.08018779754638672,0.09802914410829544,0.14328862726688385,0.15453527867794037,0.24577887891246034,ROA_1001_model49999_noise15,2868,2026-10-01_00-04-08,0.012096002697944641,-0.014723038300871849
2.8032809495925903e-05,-0.0006866641342639923,0.00046314671635627747,-0.0014812685549259186,0.0016894283942204176,-0.2333046793937683,0.2761492431163788,0.1552831381559372,-0.10592024028301239,0.40497964251230456,-0.0004649162292480469,-0.0012132339179515839,-0.0003180466592311859,-0.0022007152438163757,0.0025633131857479064,-0.2847649157047272,0.2460181564092636,0.11203809827566147,-0.1329062432050705,0.4137812623631524,0.012020910158753395,-0.013947216793894768,0.011990677565336227,-0.013966947793960571,0.012020910158753395,-0.013947216793894768,-0.00034403055906295776,-0.001103430986404419,-7.739290595054626e-05,-0.0020857900381088257,0.0023709347695771376,-0.36236175894737244,0.15046261250972748,-0.030251218006014824,-0.28718262910842896,0.40799928903841787,57.386398789000005,True,-0.00012386590242385864,-0.0001107342541217804,-0.0002389773726463318,-0.00011296942830085754,0.0003096043934100984,0.07751397788524628,0.09553133696317673,0.1423107385635376,0.15426519513130188,0.24318596486883587,ROA_1001_model49999_noise15,2869,2026-10-01_00-04-08,0.011567724868655205,-0.014325173571705818
-3.0174851417541504e-05,-0.0006352551281452179,0.0004775822162628174,-0.001522805541753769,0.0017057366569178548,-0.249965101480484,0.2951882779598236,0.1543872058391571,-0.10699498653411865,0.42774343980814916,-0.0005170702934265137,-0.0011790543794631958,-0.0003098510205745697,-0.002260599285364151,0.0026016242006784438,-0.30213499069213867,0.26369932293891907,0.10915565490722656,-0.13689789175987244,0.43663386237351454,0.011530077084898949,-0.01358531229197979,0.011484447866678238,-0.013611160218715668,0.011511502787470818,-0.013593072071671486,-0.0003962777554988861,-0.0010590068995952606,-5.7369470596313477e-05,-0.0021379441022872925,0.0023968653816944644,-0.37784498929977417,0.16826669871807098,-0.030434688553214073,-0.28983035683631897,0.4300758832278378,57.406400601,True,-0.00012256205081939697,-0.0001189298927783966,-0.00025331974029541016,-0.00012237578630447388,0.00032581662124437163,0.07561314851045609,0.0954037457704544,0.13958103954792023,0.15282444655895233,0.24000742576471767,ROA_1001_model49999_noise15,2870,2026-10-01_00-04-08,0.011491810902953148,-0.013696057721972466
-0.00012423843145370483,-0.0005437061190605164,0.0005064532160758972,-0.001603923738002777,0.0017511877537722683,-0.28206127882003784,0.32941529154777527,0.16236862540245056,-0.1190313994884491,0.47629529100687124,-0.0006032176315784454,-0.0011011958122253418,-0.00029029324650764465,-0.002354942262172699,0.0026522137972905817,-0.3346986770629883,0.29670119285583496,0.11623556911945343,-0.14996714890003204,0.4847740810964239,0.01063293032348156,-0.013198409229516983,0.010476497933268547,-0.01315060630440712,0.010576073080301285,-0.013082947582006454,-0.0004809349775314331,-0.0009753741323947906,-2.6356428861618042e-05,-0.0022308900952339172,0.002444735901668263,-0.4083523452281952,0.20208674669265747,-0.023486090824007988,-0.30519625544548035,0.47730271100590843,57.426401294,True,-0.0001216307282447815,-0.00012563541531562805,-0.000264681875705719,-0.0001234002411365509,0.000336027693046643,0.07356517016887665,0.09452923387289047,0.13973936438560486,0.15523935854434967,0.24066301065916643,ROA_1001_model49999_noise15,2871,2026-10-01_00-04-08,0.01071801595389843,-0.013208635151386261
-0.00012284144759178162,-0.0005652196705341339,0.0005042180418968201,-0.001584785059094429,0.0017390409117974109,-0.28526875376701355,0.33232101798057556,0.15869642794132233,-0.11374428123235703,0.47763288960110495,-0.0006020069122314453,-0.0011377036571502686,-0.00029001384973526,-0.0023604370653629303,0.002673194949101119,-0.33770498633384705,0.30006280541419983,0.11255498230457306,-0.14493706822395325,0.48660613109782325,0.010035654529929161,-0.013506399467587471,0.00987568125128746,-0.013453349471092224,0.00996946357190609,-0.013387858867645264,-0.0004838220775127411,-0.0010078772902488708,-2.0582228899002075e-05,-0.0022201798856258392,0.0024483460345681427,-0.41299498081207275,0.20195263624191284,-0.02555968053638935,-0.29999110102653503,0.4789457829187215,57.44640573,True,-0.00012088567018508911,-0.00012889504432678223,-0.00026635825634002686,-0.0001405365765094757,0.00034555091283593956,0.0752108171582222,0.09810551255941391,0.1380746215581894,0.1549394726753235,0.24143475361424013,ROA_1001_model49999_noise15,2872,2026-10-01_00-04-08,0.009866144508123398,-0.013753339648246765
-4.386529326438904e-05,-0.0006576068699359894,0.0004454050213098526,-0.0014998950064182281,0.0016843668517110336,-0.27188190817832947,0.3192024230957031,0.1565413475036621,-0.11053214967250824,0.4589655828683752,-0.0005305744707584381,-0.0012245029211044312,-0.0003520399332046509,-0.0022957567125558853,0.002662323304512622,-0.32355356216430664,0.28858426213264465,0.11077755689620972,-0.1398078054189682,0.46795505712572694,0.009784411638975143,-0.013465475291013718,0.0096832774579525,-0.013387376442551613,0.009739216417074203,-0.013345800340175629,-0.00040819868445396423,-0.0010981224477291107,-8.419156074523926e-05,-0.0021342188119888306,0.002414636129734802,-0.4005776643753052,0.18894857168197632,-0.028137115761637688,-0.294369637966156,0.4603915747287356,57.46640175,True,-0.00012181699275970459,-0.0001278705894947052,-0.0002677552402019501,-0.0001600012183189392,0.0003560448877705885,0.07694121450185776,0.09962636232376099,0.13893748819828033,0.15451478958129883,0.24281494457792827,ROA_1001_model49999_noise15,2873,2026-10-01_00-04-08,0.008920286782085896,-0.014320354908704758
-9.331852197647095e-05,-0.0006520655006170273,0.000409688800573349,-0.001482851803302765,0.001655472023484527,-0.29558035731315613,0.34712252020835876,0.17151793837547302,-0.13304874300956726,0.5033586533616938,-0.0005715526640415192,-0.001204339787364006,-0.0004149042069911957,-0.0023067928850650787,0.0026790186006734116,-0.34792718291282654,0.31404194235801697,0.12418254464864731,-0.16343405842781067,0.5104732392052356,0.010506398975849152,-0.0126191982999444,0.010420925915241241,-0.012512994930148125,0.010453162714838982,-0.01248838659375906,-0.00044475309550762177,-0.0010659918189048767,-0.00013085082173347473,-0.0021209008991718292,0.0023951758586014307,-0.41853028535842896,0.2242848128080368,-0.017101876437664032,-0.3160349726676941,0.5021796973655903,57.486405003,True,-0.00012810342013835907,-0.00013709068298339844,-0.0002818182110786438,-0.00018700957298278809,0.0003848949530235648,0.07048667967319489,0.08969893306493759,0.1413542777299881,0.1526540070772171,0.2371350743733338,ROA_1001_model49999_noise15,2874,2026-10-01_00-04-08,0.008998035453259945,-0.014004437252879143
-0.00022510066628456116,-0.000557582825422287,0.0004279427230358124,-0.0015332363545894623,0.00166511736058018,-0.3359867036342621,0.3902427554130554,0.19546596705913544,-0.16400869190692902,0.5735147311104334,-0.0006882008165121078,-0.00109928660094738,-0.0004013068974018097,-0.002366304397583008,0.002692208913280962,-0.38751912117004395,0.3565242290496826,0.14677922427654266,-0.19489972293376923,0.578969211684072,0.010688630864024162,-0.012455089017748833,0.010651648044586182,-0.012137200683355331,0.010590475052595139,-0.012170559726655483,-0.0005629844963550568,-0.0009600073099136353,-0.00011399388313293457,-0.0021751970052719116,0.0024015448037692073,-0.45512986183166504,0.27132266759872437,0.00601913733407855,-0.3476068079471588,0.5714486587182285,57.506406751,True,-0.0001261010766029358,-0.0001409091055393219,-0.0002886168658733368,-0.0001880340278148651,0.0003905484453219318,0.0674794390797615,0.08519645035266876,0.14083459973335266,0.15270616114139557,0.23433566365902705,ROA_1001_model49999_noise15,2875,2026-10-01_00-04-08,0.009026013314723969,-0.013960074633359909
-0.0002202112227678299,-0.0006454065442085266,0.0003205612301826477,-0.0013772398233413696,0.0015342827936893502,-0.32321780920028687,0.37645453214645386,0.17556732892990112,-0.14193914830684662,0.5438535231918646,-0.0006825663149356842,-0.0012093223631381989,-0.0004869885742664337,-0.0022151507437229156,0.002636248987403546,-0.3752037584781647,0.343356728553772,0.12618303298950195,-0.17493589222431183,0.5509597328438914,0.009960571303963661,-0.012739859521389008,0.010012748651206493,-0.01271340437233448,0.009964510798454285,-0.012742575258016586,-0.0005577690899372101,-0.0010605435818433762,-0.0002001877874135971,-0.0020155683159828186,0.0023203436096918377,-0.4418664276599884,0.25459563732147217,-0.009369105100631714,-0.32195353507995605,0.540559813562509,57.526404435,True,-0.00012353993952274323,-0.0001514330506324768,-0.0002859160304069519,-0.00019567087292671204,0.00039482020477361396,0.06659933924674988,0.08881556987762451,0.13566900789737701,0.14697107672691345,0.22854398283760713,ROA_1001_model49999_noise15,2876,2026-10-01_00-04-08,0.008710075169801712,-0.014018604531884193
-0.0002400018274784088,-0.0007243826985359192,0.000287126749753952,-0.0013010576367378235,0.0014954954789844538,-0.32957735657691956,0.38005223870277405,0.17591191828250885,-0.13819056749343872,0.5491781976941708,-0.0007137656211853027,-0.0013262033462524414,-0.00048261135816574097,-0.0021385960280895233,0.0026385454211890116,-0.3806697130203247,0.3493921756744385,0.12483680248260498,-0.17240409553050995,0.5574337719174609,0.008849646896123886,-0.013763194903731346,0.00888737104833126,-0.013729093596339226,0.008846178650856018,-0.013760298490524292,-0.000590737909078598,-0.0011679716408252716,-0.00020777806639671326,-0.0019262079149484634,0.002305606566794048,-0.45476478338241577,0.251288503408432,-0.003129243617877364,-0.31265708804130554,0.5472315997687415,57.546405223,True,-0.00011920928955078125,-0.00015934929251670837,-0.0002755317836999893,-0.00021029263734817505,0.00039685108246700614,0.073983334004879,0.09812413901090622,0.12798979878425598,0.14023016393184662,0.22595203957331708,ROA_1001_model49999_noise15,2877,2026-10-01_00-04-08,0.007947491481900215,-0.015036121010780334
-0.00018104910850524902,-0.0008177943527698517,0.00022104941308498383,-0.0012215226888656616,0.0014724245228867668,-0.3142198324203491,0.3616185784339905,0.17292563617229462,-0.12985803186893463,0.5239739783687353,-0.0006648711860179901,-0.0014418736100196838,-0.0005110166966915131,-0.0020562205463647842,0.0026368726351238482,-0.3643557131290436,0.33371615409851074,0.11968868225812912,-0.16450601816177368,0.5330119054985737,0.007829800248146057,-0.01488049328327179,0.007713334169238806,-0.014798246324062347,0.0077702016569674015,-0.014756957069039345,-0.0005448237061500549,-0.0012801028788089752,-0.0002555549144744873,-0.0018274877220392227,0.0022924826502399268,-0.44418030977249146,0.22897309064865112,-0.0009327195002697408,-0.29870283603668213,0.5240687679015795,57.56640646,True,-0.00011995434761047363,-0.00016475096344947815,-0.00025420449674129486,-0.00022640451788902283,0.0003949957789660051,0.0797416940331459,0.10473373532295227,0.12062768638134003,0.134176567196846,0.22317518068670672,ROA_1001_model49999_noise15,2878,2026-10-01_00-04-08,0.0068079703487455845,-0.01655053347349167
-3.46451997756958e-05,-0.000890437513589859,0.0001351814717054367,-0.001180986873805523,0.0014816320094106796,-0.27650314569473267,0.3263782560825348,0.1687605381011963,-0.12519046664237976,0.4746266960431356,-0.0005163252353668213,-0.001515354961156845,-0.0005784211680293083,-0.002016196958720684,0.002637920562965864,-0.3264574110507965,0.3008190393447876,0.11275894194841385,-0.159218892455101,0.4834631567746168,0.007322893012315035,-0.015137318521738052,0.00724482536315918,-0.015349013730883598,0.007420333568006754,-0.015215380117297173,-0.0004077330231666565,-0.001341104507446289,-0.0003416091203689575,-0.0017692800611257553,0.0022800272758710834,-0.4078289270401001,0.19644293189048767,-0.0043227337300777435,-0.28889089822769165,0.47551295222907686,57.586408208,True,-0.00010924413800239563,-0.00017192214727401733,-0.00023622997105121613,-0.00024705659598112106,0.00039642403523852356,0.0812821015715599,0.10434164851903915,0.11713360249996185,0.12967921793460846,0.21902514396797185,ROA_1001_model49999_noise15,2879,2026-10-01_00-04-08,0.00568817276507616,-0.017674120143055916
-6.873160600662231e-05,-0.0008045695722103119,0.00013280659914016724,-0.0012607313692569733,0.0014974777364355994,-0.2889837920665741,0.3431346118450165,0.20579597353935242,-0.1694166511297226,0.5201668189698793,-0.0005307607352733612,-0.001390744000673294,-0.0005685491487383842,-0.002079503610730171,0.0026170888938738144,-0.3395797610282898,0.315654993057251,0.14686398208141327,-0.2036762833595276,0.525473034146628,0.0076738689094781876,-0.014723625034093857,0.007595350034534931,-0.014936845749616623,0.00776412058621645,-0.014812923967838287,-0.0004239380359649658,-0.0012164004147052765,-0.00034365803003311157,-0.0018293969333171844,0.0022581141035630534,-0.41297170519828796,0.2239663004875183,0.03552250564098358,-0.3276855945587158,0.5186995129083616,57.606411076,True,-0.00010719522833824158,-0.00017564743757247925,-0.00022344756871461868,-0.00024782493710517883,0.0003906854077451726,0.07333420217037201,0.0916430652141571,0.11131539195775986,0.12400303035974503,0.2037514983581625,ROA_1001_model49999_noise15,2880,2026-10-01_00-04-08,0.005544046871364117,-0.01772494986653328
-0.0002535991370677948,-0.0006966292858123779,0.00020405277609825134,-0.001346692442893982,0.0015176480043869133,-0.3438051640987396,0.40074434876441956,0.25263381004333496,-0.22387270629405975,0.6254877388273608,-0.0006926245987415314,-0.0012821517884731293,-0.0004748813807964325,-0.0021474435925483704,0.002616862306001037,-0.3936998248100281,0.3718286454677582,0.19026359915733337,-0.2606883645057678,0.6283625524970317,0.008785465732216835,-0.014701547101140022,0.008739719167351723,-0.014724131673574448,0.008810402825474739,-0.014668254181742668,-0.0005977228283882141,-0.0010952353477478027,-0.0002614222466945648,-0.0018971972167491913,0.002254584389385384,-0.46528688073158264,0.28684455156326294,0.08666142076253891,-0.37767690420150757,0.6250252146615463,57.626409112000005,True,-9.695068001747131e-05,-0.00018533319234848022,-0.00021439045667648315,-0.0002525746822357178,0.000389840387909857,0.07152743637561798,0.08494871854782104,0.10358122736215591,0.11696898937225342,0.1916720639578467,ROA_1001_model49999_noise15,2881,2026-10-01_00-04-08,0.007354361470788717,-0.017050020396709442
-0.0003505498170852661,-0.0007362104952335358,0.0001543201506137848,-0.0012294389307498932,0.0014338664257109164,-0.34706106781959534,0.40097159147262573,0.2344711571931839,-0.20219780504703522,0.6128432540643285,-0.0007841736078262329,-0.0013583339750766754,-0.0004869885742664337,-0.0020269304513931274,0.002583917024967011,-0.39560532569885254,0.3741830289363861,0.17135915160179138,-0.2424972951412201,0.6180907552216619,0.00797521136701107,-0.015220286324620247,0.00795917958021164,-0.015436980873346329,0.00808064267039299,-0.015339015051722527,-0.0006989575922489166,-0.0011680647730827332,-0.0002864282578229904,-0.0017791986465454102,0.002221035512081869,-0.4729609787464142,0.2796649932861328,0.07246015220880508,-0.3548022210597992,0.6123619613771085,57.646424174,True,-8.558854460716248e-05,-0.00019082799553871155,-0.00020158477127552032,-0.0002477318048477173,0.0003790428483345902,0.07726717740297318,0.0945124700665474,0.09890458732843399,0.11226394772529602,0.1930698577346089,ROA_1001_model49999_noise15,2882,2026-10-01_00-04-08,0.007378562353551388,-0.016869600862264633
-0.00040261074900627136,-0.0007497146725654602,0.00016239937394857407,-0.0011825934052467346,0.0014026315737162413,-0.3542005717754364,0.40330830216407776,0.22943037748336792,-0.19272951781749725,0.6134605861932769,-0.0008385628461837769,-0.0014073215425014496,-0.0004343688488006592,-0.0019830185920000076,0.002576469127921062,-0.40125006437301636,0.3787446618080139,0.16575002670288086,-0.23470492660999298,0.6200356653004321,0.006850244011729956,-0.016445916146039963,0.006785350851714611,-0.016700852662324905,0.006923861801624298,-0.016582421958446503,-0.0007674098014831543,-0.0012166798114776611,-0.0002573477104306221,-0.0017281156033277512,0.002216515819401743,-0.48791614174842834,0.27360114455223083,0.07165735214948654,-0.3431113362312317,0.6148037805293438,57.666412353000005,True,-7.189810276031494e-05,-0.00019185245037078857,-0.0001748325303196907,-0.00025527551770210266,0.0003687989550310256,0.08655152469873428,0.10513327270746231,0.09412900358438492,0.10839919000864029,0.19785873038847812,ROA_1001_model49999_noise15,2883,2026-10-01_00-04-08,0.0067718359641730785,-0.01796034164726734
-0.000352226197719574,-0.0007725320756435394,0.00012775417417287827,-0.0011526281014084816,0.0013907005751798015,-0.34036579728126526,0.38799548149108887,0.22082844376564026,-0.18273013830184937,0.5890289928472254,-0.0007826834917068481,-0.0014531426131725311,-0.0004404457286000252,-0.001970818266272545,0.002584648980517447,-0.38605087995529175,0.36570242047309875,0.15751829743385315,-0.22381356358528137,0.5961074619770025,0.005436234176158905,-0.016934391111135483,0.0053145503625273705,-0.01724262535572052,0.005552726797759533,-0.01703507825732231,-0.0007278285920619965,-0.0012557022273540497,-0.0002905959263443947,-0.0017034588381648064,0.0022220960324541446,-0.47885066270828247,0.25410109758377075,0.062402334064245224,-0.3337063789367676,0.5915304359078806,57.686415605,True,-5.755573511123657e-05,-0.00019762665033340454,-0.00014945399016141891,-0.00026598572731018066,0.00036598181519342354,0.09273364394903183,0.11160317063331604,0.09510572254657745,0.10987906157970428,0.20535098602647087,ROA_1001_model49999_noise15,2884,2026-10-01_00-04-08,0.004897383973002434,-0.01929241605103016
-0.00018514692783355713,-0.0007946044206619263,2.2188760340213776e-05,-0.001139170490205288,0.0013917292072794902,-0.28836631774902344,0.34037137031555176,0.20467442274093628,-0.16608810424804688,0.5164373390506236,-0.0005991198122501373,-0.0014606863260269165,-0.0005373265594244003,-0.0019724247977137566,0.002578379033358075,-0.33395734429359436,0.31972768902778625,0.14125624299049377,-0.20449118316173553,0.5230373011885053,0.004846681375056505,-0.016079014167189598,0.004875653423368931,-0.016618728637695312,0.005128183402121067,-0.016413573175668716,-0.0005599111318588257,-0.0012631528079509735,-0.00041050370782613754,-0.0017010606825351715,0.0022210377295863353,-0.4252232313156128,0.21021625399589539,0.04059029370546341,-0.3198222219944,0.5180824489234541,57.706418698,True,-3.9674341678619385e-05,-0.00019706785678863525,-0.00012633390724658966,-0.00027061905711889267,0.00035782511181004894,0.09121372550725937,0.10955705493688583,0.10069878399372101,0.11531635373830795,0.20917639560316117,ROA_1001_model49999_noise15,2885,2026-10-01_00-04-08,0.0037526253145188093,-0.019057992845773697
-0.00010561197996139526,-0.0007405877113342285,-1.441221684217453e-05,-0.0012323260307312012,0.0014392944995947439,-0.2620480954647064,0.32015514373779297,0.21435318887233734,-0.18204306066036224,0.49849163815164904,-0.0004977919161319733,-0.0013774260878562927,-0.000589294359087944,-0.0020913779735565186,0.0026188850403657603,-0.30753666162490845,0.300193190574646,0.1501031219959259,-0.21707893908023834,0.5024778288683696,0.005572301335632801,-0.014343507587909698,0.00554204685613513,-0.015238745138049126,0.006028675474226475,-0.014861062169075012,-0.00046510249376296997,-0.001176726073026657,-0.00048268120735883713,-0.0018095597624778748,0.0022569429471683694,-0.39328446984291077,0.1982496976852417,0.04174839332699776,-0.340709924697876,0.49809131186140626,57.726421854,True,-3.1478703022003174e-05,-0.00019865110516548157,-0.00010766088962554932,-0.00028258655220270157,0.0003615319989820024,0.08559133112430573,0.10191089659929276,0.10854494571685791,0.12369616329669952,0.21163512001033355,ROA_1001_model49999_noise15,2886,2026-10-01_00-04-08,0.00438200868666172,-0.017230963334441185
-0.00014337711036205292,-0.0006995629519224167,7.217749953269958e-07,-0.0013164710253477097,0.0014922995429674751,-0.2742353677749634,0.337066113948822,0.24150264263153076,-0.21928058564662933,0.5419279915618094,-0.0005284789949655533,-0.0013194512575864792,-0.000585382804274559,-0.0021543586626648903,0.002642911763323785,-0.3192908763885498,0.3175772428512573,0.1759864240884781,-0.25370973348617554,0.5440684167364429,0.007250008173286915,-0.012918693013489246,0.007320186588913202,-0.013772660866379738,0.007780574727803469,-0.013430427759885788,-0.000506918877363205,-0.0011196359992027283,-0.0004786299541592598,-0.0018858350813388824,0.0022940095822211737,-0.40500888228416443,0.21929292380809784,0.06508105248212814,-0.37761589884757996,0.5416818369342656,57.746435123000005,True,-2.2398307919502258e-05,-0.00019688159227371216,-0.00010852236300706863,-0.0002714572474360466,0.00035046806711932035,0.08559226244688034,0.09819725155830383,0.11099222302436829,0.12385588139295578,0.2112493745199464,ROA_1001_model49999_noise15,2887,2026-10-01_00-04-08,0.006744463462382555,-0.014875592663884163
-0.00018067657947540283,-0.0007427297532558441,2.7474015951156616e-05,-0.0012839678674936295,0.001484832426223017,-0.28384289145469666,0.3438107371330261,0.2455538958311081,-0.2208305448293686,0.5534365215400727,-0.0005775131285190582,-0.0013972632586956024,-0.0005290377885103226,-0.002117874100804329,0.002649107736111491,-0.32895055413246155,0.3256807029247284,0.17727817595005035,-0.25866273045539856,0.5569548555810842,0.008244078606367111,-0.01361130177974701,0.008323307149112225,-0.014296220615506172,0.008663360029459,-0.014032937586307526,-0.0005663372576236725,-0.0011892057955265045,-0.0004377216100692749,-0.0018360558897256851,0.002290469309560517,-0.4232553541660309,0.21936184167861938,0.07394654303789139,-0.3756456971168518,0.5545873249818062,57.766424743,True,-1.1455267667770386e-05,-0.00020759180188179016,-9.178183972835541e-05,-0.00028223730623722076,0.0003596843961158026,0.09419488906860352,0.1063002198934555,0.10337772965431213,0.11692847311496735,0.21102517069468224,ROA_1001_model49999_noise15,2888,2026-10-01_00-04-08,0.00960893090814352,-0.014021044597029686
-5.718320608139038e-05,-0.000925455242395401,-2.5634653866291046e-05,-0.0010739313438534737,0.0014188084524101843,-0.24767404794692993,0.30045023560523987,0.20024389028549194,-0.16216769814491272,0.4649285132781244,-0.00047925859689712524,-0.001638755202293396,-0.0005360925570130348,-0.0018764752894639969,0.0025930094212268688,-0.2930927872657776,0.28410273790359497,0.1315891146659851,-0.20555825531482697,0.47313061964809666,0.006630807649344206,-0.015155373141169548,0.006860658060759306,-0.015835309401154518,0.007089225109666586,-0.015656400471925735,-0.0004799105226993561,-0.0014240853488445282,-0.0004588393494486809,-0.0015974277630448341,0.0022401090973963463,-0.40123704075813293,0.16199609637260437,0.039245232939720154,-0.30872806906700134,0.4709922254758607,57.786421179,True,5.587935447692871e-07,-0.00021634623408317566,-7.83940777182579e-05,-0.00028100330382585526,0.00036007586991023555,0.10804086178541183,0.12208706885576248,0.09236344695091248,0.10313698649406433,0.21388299525262838,ROA_1001_model49999_noise15,2889,2026-10-01_00-04-08,0.009399047121405602,-0.014387929812073708
5.066394805908203e-05,-0.0009340234100818634,-2.5099143385887146e-05,-0.0010525109246373177,0.0014072668506161542,-0.21916534006595612,0.26717129349708557,0.17307138442993164,-0.1283031851053238,0.40475321026770666,-0.0003859400749206543,-0.0016502104699611664,-0.0005230540409684181,-0.0018372200429439545,0.002552932460018838,-0.2634786069393158,0.2515958547592163,0.10728835314512253,-0.1699826568365097,0.4138572677117276,0.004804663360118866,-0.015624597668647766,0.00488166743889451,-0.01633910834789276,0.005198495462536812,-0.01606885902583599,-0.00038743019104003906,-0.0014408491551876068,-0.0004573259502649307,-0.0015657860785722733,0.002210525193440597,-0.3783944845199585,0.12501515448093414,0.014082993380725384,-0.2736160457134247,0.4177630456784014,57.806424591,True,5.587935447692871e-07,-0.00020992010831832886,-6.316695362329483e-05,-0.00027329660952091217,0.0003482302655025513,0.11485069245100021,0.12660957872867584,0.09326263517141342,0.1036282554268837,0.22058381733121032,ROA_1001_model49999_noise15,2890,2026-10-01_00-04-08,0.00708875572308898,-0.015206525102257729
0.00020563602447509766,-0.0008451752364635468,3.5832636058330536e-05,-0.001237797550857067,0.0015059414632096224,-0.20416079461574554,0.25280657410621643,0.18419255316257477,-0.14462949335575104,0.3982552452707784,-0.0002508983016014099,-0.0015157274901866913,-0.0004846835508942604,-0.002048932947218418,0.002605044106240459,-0.24873575568199158,0.23603996634483337,0.12098601460456848,-0.17925257980823517,0.40345386045887127,0.004779070615768433,-0.015356037765741348,0.004724526312202215,-0.01598655804991722,0.00510260509327054,-0.015663977712392807,-0.00023981556296348572,-0.0013212673366069794,-0.00043588224798440933,-0.001772935502231121,0.0022654193933922856,-0.36334896087646484,0.11600180715322495,0.017467886209487915,-0.297516793012619,0.4084965741298603,57.826427492,True,-1.2386590242385864e-05,-0.00019297003746032715,-4.7334469854831696e-05,-0.00027653295546770096,0.00034032411021551166,0.11451448500156403,0.11999624967575073,0.10354769974946976,0.11822417378425598,0.22844695234182613,ROA_1001_model49999_noise15,2891,2026-10-01_00-04-08,0.0065915947780013084,-0.01566915214061737
7.655471563339233e-05,-0.0006040558218955994,0.00028759241104125977,-0.0017907936125993729,0.0019131201366958447,-0.27203187346458435,0.32315027713775635,0.28952211141586304,-0.27253058552742004,0.5791361882095946,-0.0004202127456665039,-0.0012158416211605072,-0.00033047981560230255,-0.002651382237672806,0.002955640257662128,-0.3154761791229248,0.3052065074443817,0.2291938215494156,-0.29620805382728577,0.5755683417491471,0.009302785620093346,-0.013860408216714859,0.008587174117565155,-0.014093853533267975,0.009142659604549408,-0.013661440461874008,-0.00038277357816696167,-0.0010468997061252594,-0.00027585774660110474,-0.0023719388991594315,0.0026247030186089134,-0.43365636467933655,0.19354930520057678,0.09824195504188538,-0.44234699010849,0.5865466872744324,57.846429304000004,True,-3.417953848838806e-05,-0.00016847625374794006,-5.695037543773651e-05,-0.0002772081643342972,0.0003311194185780076,0.11809448897838593,0.11157523095607758,0.13094301521778107,0.14600622653961182,0.25446454553384534,ROA_1001_model49999_noise15,2892,2026-10-01_00-04-08,0.01101621799170971,-0.014531992375850677
0.00018030405044555664,-0.0007199123501777649,0.0002548098564147949,-0.0019531697034835815,0.0021033660372523602,-0.25885456800460815,0.313646137714386,0.3055836856365204,-0.30655598640441895,0.5932662215326651,-0.000370759516954422,-0.0013277865946292877,-0.0004373490810394287,-0.0028330832719802856,0.003177461993399186,-0.3006346523761749,0.29646509885787964,0.24781468510627747,-0.3243097960948944,0.5858148496571037,0.014954471960663795,-0.013785850256681442,0.014833029359579086,-0.013985857367515564,0.0151628777384758,-0.013753267005085945,-0.00031404197216033936,-0.0011720694601535797,-0.00036368146538734436,-0.002565421164035797,0.002858040930983018,-0.43226683139801025,0.18046888709068298,0.09707360714673996,-0.48692241311073303,0.6029187386937218,57.86643105300001,True,-5.83939254283905e-05,-0.00015618279576301575,-7.348135113716125e-05,-0.00026794150471687317,0.0003237734175940111,0.13151857256889343,0.11586210876703262,0.15081092715263367,0.16239842772483826,0.2822212567106944,ROA_1001_model49999_noise15,2893,2026-10-01_00-04-08,0.018832189962267876,-0.012636342085897923
0.00047013163566589355,-0.001178402453660965,-1.4901161193847656e-05,-0.001311860978603363,0.0017903445747283477,-0.1531057059764862,0.21498090028762817,0.11935177445411682,-0.098219133913517,0.3038557707567245,-0.0001189298927783966,-0.001859571784734726,-0.0005932524800300598,-0.0020626001060009003,0.002825997866720732,-0.20017753541469574,0.19431112706661224,0.058354806154966354,-0.13260357081890106,0.31051405811564364,0.017554938793182373,-0.015079600736498833,0.019067414104938507,-0.015377210453152657,0.01861392892897129,-0.015813102945685387,-4.349276423454285e-05,-0.0016908161342144012,-0.0005078501999378204,-0.001825764775276184,0.0025212190393826186,-0.33732500672340393,0.06629526615142822,-0.05154590681195259,-0.25010013580322266,0.3437957548326166,57.886429345,True,-7.525086402893066e-05,-0.00016968697309494019,-8.521601557731628e-05,-0.00023441389203071594,0.0003107463492965713,0.13704876601696014,0.1279124915599823,0.10998639464378357,0.11749378591775894,0.24693711095780047,ROA_1001_model49999_noise15,2894,2026-10-01_00-04-08,0.02473880909383297,-0.010181371122598648
0.0007030554115772247,-0.0011780299246311188,-0.0003024004399776459,-0.000809691846370697,0.0014993591850405799,-0.023758968338370323,0.06860680878162384,-0.09011197090148926,0.13763457536697388,0.17908202716029564,0.00012367963790893555,-0.0020339153707027435,-0.0007865019142627716,-0.0014756806194782257,0.002540940614566892,-0.08178035914897919,0.032532960176467896,-0.13973750174045563,0.0925632119178772,0.18863719214242405,0.01098659262061119,-0.014824450016021729,0.012204056605696678,-0.014933750033378601,0.011082103475928307,-0.01623442769050598,0.00020172446966171265,-0.0018131919205188751,-0.000697840005159378,-0.0012939795851707458,0.0022419199105433722,-0.2107098549604416,-0.10796263068914413,-0.23415124416351318,-0.001080334186553955,0.3238822093860841,57.906429467,True,-7.692724466323853e-05,-0.00022118911147117615,-8.931383490562439e-05,-0.0001816079020500183,0.00030895022737512253,0.12894625961780548,0.14057289063930511,0.09487196058034897,0.09376554936170578,0.23270557866681027,ROA_1001_model49999_noise15,2895,2026-10-01_00-04-08,0.01787962205708027,-0.007496862672269344
0.0005879905074834824,-0.001079123467206955,-8.137430995702744e-05,-0.0007842434570193291,0.0014070131194897223,-0.09119416773319244,0.11575454473495483,-0.023761995136737823,0.0829424187541008,0.16835121274738918,4.3120235204696655e-05,-0.0018585007637739182,-0.0005460111424326897,-0.0015133759006857872,0.0024175914349686307,-0.1428108662366867,0.0808546245098114,-0.07695657759904861,0.03515975549817085,0.18452253780615252,0.006008191034197807,-0.012555672787129879,0.006013604812324047,-0.013346277177333832,0.005752368830144405,-0.013628054410219193,0.00011962838470935822,-0.0016720965504646301,-0.00047355424612760544,-0.0012965872883796692,0.0021253470261318806,-0.26547256112098694,-0.05368003249168396,-0.1660832166671753,-0.06286496669054031,0.3229761132343169,57.926431084,True,-7.776543498039246e-05,-0.000183936208486557,-7.562339305877686e-05,-0.00021748710423707962,0.00030463477966904387,0.12251082062721252,0.13438518345355988,0.08921650797128677,0.09813205897808075,0.225072751967694,ROA_1001_model49999_noise15,2896,2026-10-01_00-04-08,0.010563787072896957,-0.008578534238040447
0.00018063001334667206,-0.0005822163075208664,0.00042035244405269623,-0.0015193363651633263,0.001690080870303512,-0.28586944937705994,0.326896995306015,0.21783819794654846,-0.18216854333877563,0.5175470913691678,-0.00028442591428756714,-0.0011661555618047714,-0.00014619436115026474,-0.0023595523089170456,0.0026445870297915905,-0.33502233028411865,0.2936404049396515,0.16126525402069092,-0.2160481959581375,0.5184765573791852,0.0063664112240076065,-0.011214259080588818,0.004267171025276184,-0.011731431819498539,0.005634536035358906,-0.010504459962248802,-0.0002146698534488678,-0.0010072719305753708,-7.718335837125778e-05,-0.00208844430744648,0.0023243963652525407,-0.4300325810909271,0.1994469165802002,0.04982040077447891,-0.3498673737049103,0.5279821677728312,57.946432765000004,True,-7.050111889839172e-05,-0.00015869736671447754,-6.7870132625103e-05,-0.00027080532163381577,0.00032779983270805733,0.09489291906356812,0.09413807839155197,0.11145788431167603,0.13380776345729828,0.21930099625589594,ROA_1001_model49999_noise15,2897,2026-10-01_00-04-08,0.007349863648414612,-0.012806430459022522
3.8743019104003906e-05,-0.0005083158612251282,0.000546034425497055,-0.001955591142177582,0.0020911874027769737,-0.3697527348995209,0.42184439301490784,0.3428654670715332,-0.3330763280391693,0.7364207818256416,-0.00042030587792396545,-0.0010358169674873352,-0.0001430511474609375,-0.002849288284778595,0.003044615154679623,-0.41807812452316284,0.3888932764530182,0.28893908858299255,-0.35404133796691895,0.7297064237439627,0.011547131463885307,-0.013404326513409615,0.00866604782640934,-0.012624196708202362,0.010336177423596382,-0.011410394683480263,-0.0003475695848464966,-0.000885501503944397,-4.721805453300476e-05,-0.0025830231606960297,0.0027351818060115073,-0.5071744918823242,0.3079380691051483,0.14637038111686707,-0.5165701508522034,0.7454105779657,57.966433806000005,True,-7.553026080131531e-05,-0.0001500360667705536,-9.573996067047119e-05,-0.0002660788595676422,0.0003284434640069464,0.08899065852165222,0.08091143518686295,0.14261434972286224,0.162395641207695,0.24705913413598712,ROA_1001_model49999_noise15,2898,2026-10-01_00-04-08,0.010757621377706528,-0.01697395369410515
0.000141095370054245,-0.0008891336619853973,0.0003098510205745697,-0.0017606653273105621,0.002001557796555194,-0.3115544021129608,0.3677271008491516,0.3254236578941345,-0.33233964443206787,0.6693722667486057,-0.00034850090742111206,-0.0014404766261577606,-0.0004268251359462738,-0.002636294811964035,0.003052661766416507,-0.35982391238212585,0.33810827136039734,0.2720244228839874,-0.3517744839191437,0.66242304770907,0.01821896992623806,-0.015545623376965523,0.01786007732152939,-0.014568623155355453,0.018078111112117767,-0.014419199898838997,-0.00026384368538856506,-0.001307763159275055,-0.00028815120458602905,-0.0024225562810897827,0.0027789847466422983,-0.4560304582118988,0.2454342246055603,0.11717341095209122,-0.5216151475906372,0.6772571255883594,57.986439135000005,True,-8.484348654747009e-05,-0.00013615936040878296,-0.00013867393136024475,-0.00021085143089294434,0.00029902434644615725,0.09611807018518448,0.09257811307907104,0.15492364764213562,0.16964784264564514,0.265586991371697,ROA_1001_model49999_noise15,2899,2026-10-01_00-04-08,0.019480712711811066,-0.016712216660380363
0.0008017756044864655,-0.0016036443412303925,-0.0004868023097515106,-0.0006603077054023743,0.0018383883180645582,-0.025966202840209007,0.10329484194517136,-0.026751307770609856,0.050152648240327835,0.12011259785609274,0.0002862885594367981,-0.0023286789655685425,-0.000994466245174408,-0.0013103708624839783,0.002684370186866674,-0.09100976586341858,0.06881635636091232,-0.08783954381942749,0.004177913069725037,0.1380906043481596,0.020246943458914757,-0.019617954269051552,0.024152500554919243,-0.018490957096219063,0.021595925092697144,-0.020583191886544228,0.00038873404264450073,-0.002149399369955063,-0.0008654780685901642,-0.0011479482054710388,0.002437755559754255,-0.18267332017421722,-0.04991236701607704,-0.17304717004299164,-0.08665955811738968,0.2694500332367218,58.006435536000005,True,-9.890645742416382e-05,-0.000180024653673172,-0.00013206154108047485,-0.00016456469893455505,0.0002933597096479503,0.09153875708580017,0.11860951036214828,0.08527933806180954,0.09088962525129318,0.1946690141665627,ROA_1001_model49999_noise15,2900,2026-10-01_00-04-08,0.026863375678658485,-0.014332123100757599
0.000652950257062912,0.0002777203917503357,-0.0004898756742477417,-0.0015810132026672363,0.0017241918917697636,-0.08459947258234024,0.159025177359581,-0.10393885523080826,0.13601453602313995,0.24766534595696788,0.0002588145434856415,-0.0005033798515796661,-0.0010117888450622559,-0.0023473985493183136,0.0025821087235004853,-0.1786043792963028,0.08367187529802322,-0.1392969787120819,0.10633467882871628,0.2623531987121268,0.008038841187953949,-0.02117665484547615,0.010546131059527397,-0.020524319261312485,0.006683676037937403,-0.02535521797835827,0.00036014243960380554,-0.0002162531018257141,-0.0008969567716121674,-0.002254219725728035,0.0024270909876501854,-0.20477546751499176,0.029675660654902458,-0.2743583023548126,-0.04311510920524597,0.3427736869452545,58.026441825000006,True,-0.00010356307029724121,-0.0002866610884666443,-0.00011324882507324219,-9.350478649139404e-05,0.0003312694328934603,0.026111489161849022,0.053985971957445145,0.13529415428638458,0.1494763344526291,0.20971645646053522,ROA_1001_model49999_noise15,2901,2026-10-01_00-04-08,0.017080754041671753,-0.013204300776124
0.0010825693607330322,-0.0016704201698303223,-0.000406650360673666,-0.00013707904145121574,0.0019934981545424333,0.05329027399420738,-0.05615222826600075,-0.1448436975479126,0.23230478167533875,0.2841034020451168,0.0005554407835006714,-0.0026131048798561096,-0.0007467810064554214,-0.0008921022526919842,0.0027774448809417007,-0.0021317973732948303,-0.0806078240275383,-0.2039027065038681,0.18263712525367737,0.2789190193415852,-0.000562738161534071,-0.01891816221177578,-0.0012382990680634975,-0.019044876098632812,-0.0021032700315117836,-0.02028624340891838,0.0005901791155338287,-0.002396572381258011,-0.0007081544026732445,-0.0006014015525579453,0.0025069958780515596,-0.13965833187103271,-0.25739240646362305,-0.25925877690315247,0.10884738713502884,0.3020883534014252,58.046532729000006,True,-3.473833203315735e-05,-0.0002166256308555603,-3.912718966603279e-05,-0.00029046786949038506,0.000366082624427182,0.1374129205942154,0.1767687350511551,0.0553278923034668,0.07372698187828064,0.2421244325514478,ROA_1001_model49999_noise15,2902,2026-10-01_00-04-08,0.004219324328005314,-0.015406297519803047
-0.00021765008568763733,-0.00022957101464271545,0.0009957002475857735,-0.0021569663658738136,0.0023786287470091276,-0.41658151149749756,0.4507181942462921,0.4226951599121094,-0.39420321583747864,0.8424844262138782,-0.0005920417606830597,-0.000802893191576004,0.00041672028601169586,-0.003088556695729494,0.0032018049746852404,-0.46253201365470886,0.42452383041381836,0.36364489793777466,-0.4114439785480499,0.8329582417119821,0.0027807028964161873,-0.014608407393097878,-0.002713944297283888,-0.014601022005081177,-0.00030908919870853424,-0.012279784306883812,-0.0005805864930152893,-0.0006048008799552917,0.0004680594429373741,-0.002729427069425583,0.0028163649441050554,-0.5531962513923645,0.3379722833633423,0.25091609358787537,-0.5634664297103882,0.8545144809635022,58.066443459000006,True,-9.592622518539429e-06,-0.00019920989871025085,-5.229376256465912e-05,-0.00035640550777316093,0.0004113960691469524,0.09061115980148315,0.08642859011888504,0.11262553185224533,0.15209417045116425,0.22622410265952342,ROA_1001_model49999_noise15,2903,2026-10-01_00-04-08,0.002075379015877843,-0.020411919802427292
-0.0008503906428813934,-6.556510925292969e-05,0.0015525147318840027,-0.0033251941204071045,0.003682645499489959,-0.6259567737579346,0.6580771803855896,0.783250629901886,-0.8468478322029114,1.4681351008191965,-0.0013036653399467468,-0.0006494112312793732,0.0006707385182380676,-0.0043664127588272095,0.004442277589537934,-0.6647323966026306,0.6376336812973022,0.7493188381195068,-0.8169440031051636,1.4405797475063018,0.020773010328412056,-0.02182459644973278,0.00945714395493269,-0.017765872180461884,0.012897998094558716,-0.015391316264867783,-0.001306924968957901,-0.000466126948595047,0.0007378868758678436,-0.004074443131685257,0.004147621988679972,-0.7930425405502319,0.5398876667022705,0.5130637288093567,-1.0682166814804077,1.474883270618039,58.08644546,True,2.1420419216156006e-06,-0.00018440186977386475,-6.603077054023743e-05,-0.00029206275939941406,0.000349756551967323,0.12824776768684387,0.0975569635629654,0.23616570234298706,0.25070735812187195,0.3794952120214769,ROA_1001_model49999_noise15,2904,2026-10-01_00-04-08,0.016513267531991005,-0.030161306262016296
0.0006220303475856781,-0.0017772428691387177,0.002652592957019806,-0.004469789564609528,0.005517055622990001,0.11709331721067429,-0.14887377619743347,1.6232411861419678,-1.8077473640441895,2.4369212847668043,-0.00020889565348625183,-0.0025587156414985657,0.001261197030544281,-0.005664117634296417,0.006306702325468925,0.08957366645336151,-0.11816154420375824,1.5843435525894165,-1.713510513305664,2.3383841394763603,0.06121840327978134,-0.021589292213320732,0.06474384665489197,-0.019164200872182846,0.0636582151055336,-0.020067768171429634,-0.00014621764421463013,-0.0024529173970222473,0.0014569610357284546,-0.005545280873775482,0.006197624330108357,-0.1636100858449936,-0.3420645296573639,1.2081563472747803,-2.127237558364868,2.4561108196395995,58.106448742000005,True,-6.183981895446777e-05,-0.00010570511221885681,-0.00019632279872894287,-0.0001212581992149353,0.00025605608198255757,0.25320330262184143,0.22368411719799042,0.37582215666770935,0.41399893164634705,0.6525117888843939,ROA_1001_model49999_noise15,2905,2026-10-01_00-04-08,0.07035660743713379,-0.01853298395872116
0.0008062459528446198,0.0008032657206058502,-0.0008998438715934753,-0.002133473753929138,0.0025502495307617827,-0.12202001363039017,0.2874862253665924,0.037532299757003784,-0.04803388938307762,0.3178248482457193,0.0005354173481464386,0.00023655593395233154,-0.0014334917068481445,-0.00283997505903244,0.0032136942515822464,-0.22963526844978333,0.19826646149158478,-0.022230667993426323,-0.09978003054857254,0.30757463038072225,0.04190482571721077,-0.02717667631804943,0.0589032843708992,-0.034256890416145325,0.04970770329236984,-0.039682015776634216,0.0006537884473800659,0.0005087815225124359,-0.0012803822755813599,-0.0027978792786598206,0.0031646957269346725,-0.19429530203342438,0.2035386711359024,-0.1400914043188095,-0.21909548342227936,0.30284230177440585,58.126446134000005,True,-0.00011855736374855042,-0.00027175992727279663,-0.0001516193151473999,-4.190951585769653e-05,0.00031535967236913777,-0.03535952419042587,-0.005203298758715391,0.11785700172185898,0.11926143616437912,0.17012408066488402,ROA_1001_model49999_noise15,2906,2026-10-01_00-04-08,0.059745028614997864,-0.017168251797556877
-0.0007018446922302246,0.006147660315036774,0.0011563301086425781,-0.006023421883583069,0.008706061104006861,-1.0385149717330933,1.4667640924453735,0.7693282961845398,-0.973839282989502,2.183406515968047,-0.0007552094757556915,0.007405970245599747,0.0005103647708892822,-0.008146651089191437,0.01104540577599123,-1.2136855125427246,1.2489733695983887,0.7743667364120483,-0.9578298330307007,2.131114035499353,-0.032374221831560135,0.022650420665740967,0.003793770680204034,-0.030130013823509216,-0.020706988871097565,-0.05806993693113327,-0.0004009343683719635,0.007648579776287079,0.0005070120096206665,-0.008101575076580048,0.011160238215438687,-0.900184690952301,1.821197509765625,0.4398636221885681,-1.4512584209442139,2.527200533547137,58.146450344,True,-0.0003567896783351898,-0.00024177134037017822,5.029141902923584e-06,-4.731118679046631e-05,0.00043157590079426217,-0.313442200422287,-0.5721719861030579,0.33446213603019714,0.49335694313049316,0.8827010977460041,ROA_1001_model49999_noise15,2907,2026-10-01_00-04-08,0.016338320448994637,0.00034356163814663887
0.0004493049345910549,-0.0005858833901584148,0.0004991888999938965,-0.0008944422006607056,0.0012596851871518753,-0.048386164009571075,0.033064279705286026,-0.05322880670428276,0.11918134242296219,0.14019692871371536,-0.00014344695955514908,-0.0016704900190234184,0.000260770320892334,-0.0017033889889717102,0.002387368662769333,-0.10979524254798889,-0.020226694643497467,-0.11532939225435257,0.06010382995009422,0.162326237880756,-0.03452685475349426,-0.002046292880550027,-0.0353236123919487,-0.002391092013567686,-0.0372808501124382,-0.005082785617560148,-4.563480615615845e-05,-0.0012723146937787533,0.00026132911443710327,-0.001325458288192749,0.0018440678113419461,-0.2398376762866974,-0.1597270518541336,-0.133562833070755,0.005355104338377714,0.3091091967029912,58.16644856800001,True,-9.848736226558685e-05,-0.0003998982720077038,-2.421438694000244e-06,-0.0003783032298088074,0.0005553992042005787,0.12999318540096283,0.13948999345302582,0.018298625946044922,0.05483626946806908,0.19789615921060183,ROA_1001_model49999_noise15,2908,2026-10-01_00-04-08,-0.026910636574029922,0.002742887008935213
-0.0050067901611328125,0.0036660581827163696,0.0050827860832214355,-0.009160116314888,0.011961107925175202,-1.2381709814071655,0.9593590497970581,1.2102313041687012,-1.4367661476135254,2.432668115312471,-0.006020069122314453,0.002284720540046692,0.004011020064353943,-0.010824203491210938,0.0124259245841935,-1.2479126453399658,0.9916610717773438,1.2554004192352295,-1.3012959957122803,2.40525549287518,0.07036228477954865,-0.07730374485254288,-0.014699410647153854,-0.016246620565652847,-0.014246894046664238,-0.0162995345890522,-0.006264448165893555,0.0030081719160079956,0.0036422163248062134,-0.009977445006370544,0.01193547852494474,-1.6545392274856567,0.7011964321136475,0.761590838432312,-1.7315893173217773,2.42574110354115,58.186455146,True,0.00024437904357910156,-0.0007230788469314575,0.00036992132663726807,-0.000850483775138855,0.0012001078176703428,0.4064105153083801,0.29031187295913696,0.4938766062259674,0.42991337180137634,0.8226411421484058,ROA_1001_model49999_noise15,2909,2026-10-01_00-04-08,0.06407583504915237,-0.10968737304210663
-0.002102181315422058,0.00039748847484588623,0.00605657696723938,-0.006089359521865845,0.00877128758717607,-0.3951638638973236,0.28624385595321655,1.4360918998718262,-1.258984088897705,1.9706768547847842,-0.0028017908334732056,-0.00028759241104125977,0.005710870027542114,-0.006356090307235718,0.008715868512250403,-0.4896521270275116,0.24181975424289703,1.3673304319381714,-1.2668296098709106,1.9365726923648021,0.20575986802577972,-0.10063549131155014,0.14372272789478302,-0.08483926951885223,0.1467745006084442,-0.08837119489908218,-0.0027161091566085815,0.00010058283805847168,0.005862116813659668,-0.00615045428276062,0.008727554066101352,-0.6179437041282654,0.1721903532743454,1.3721733093261719,-1.2975482940673828,1.973803598267998,58.20645033,True,-8.791685104370117e-05,-0.00038705766201019287,-0.0001475214958190918,-0.0001989305019378662,0.0004598470493292913,0.12822076678276062,0.06959959864616394,-0.004917382728308439,0.030703840777277946,0.14627289175764613,ROA_1001_model49999_noise15,2910,2026-10-01_00-04-08,0.21061256527900696,-0.10632345825433731
-0.00402890145778656,0.004812981933355331,0.005860254168510437,-0.007969420403242111,0.01171067972756493,-0.9209355115890503,1.1548641920089722,1.3529555797576904,-1.1588716506958008,2.304150688860117,-0.004134606570005417,0.004416890442371368,0.005317386239767075,-0.008160248398780823,0.011430817435054275,-1.0581947565078735,1.0199546813964844,1.2525626420974731,-1.2594395875930786,2.3053442527595815,0.02537618950009346,-0.01958545111119747,0.11644423753023148,-0.06958926469087601,0.11418105661869049,-0.0859372541308403,-0.004045106470584869,0.004840176552534103,0.005661323666572571,-0.008118059486150742,0.01172726557681245,-0.9180306792259216,1.1414214372634888,1.2709637880325317,-1.1954166889190674,2.272847052751539,58.226459180000006,True,-9.238719940185547e-05,-0.00042049214243888855,-0.00034496188163757324,-4.712492227554321e-05,0.00046271837324501984,-0.14020130038261414,-0.12129823863506317,-0.018396414816379547,-0.06413180381059647,0.1939222610138364,ROA_1001_model49999_noise15,2911,2026-10-01_00-04-08,0.02219567447900772,-0.012291083112359047
-0.00024065375328063965,0.00799819827079773,0.0010311603546142578,-0.0069648027420043945,0.010640463137187854,-1.044861912727356,1.5117822885513306,0.8940547108650208,-1.0815187692642212,2.3102033447661787,0.00023767352104187012,0.010704994201660156,-9.834766387939453e-05,-0.009644776582717896,0.014411015903454808,-1.184418797492981,1.4066247940063477,0.8900537490844727,-1.150757074356079,2.344277392014653,-0.20304200053215027,0.19959957897663116,-0.01787724159657955,-0.021996797993779182,-0.055177055299282074,-0.03324303403496742,0.0004932284355163574,0.010505318641662598,0.00010505318641662598,-0.009209662675857544,0.013973928048489364,-0.8281394243240356,2.074256420135498,0.5942806601524353,-1.5585049390792847,2.7874772230825844,58.246455485000006,True,-0.00025853514671325684,0.00019669532775878906,-0.00019669532775878906,-0.0004336237907409668,0.0004856147311584904,-0.3562643826007843,-0.6676688194274902,0.29568374156951904,0.40774789452552795,0.9072423414132699,ROA_1001_model49999_noise15,2912,2026-10-01_00-04-08,-0.10171841830015182,0.1188131719827652
-0.014600157737731934,0.01775287091732025,0.015706196427345276,-0.018894672393798828,0.033645423425529605,-1.0403282642364502,0.9870752096176147,1.0020769834518433,-0.8010398149490356,1.9224612450002292,-0.016273558139801025,0.018028542399406433,0.016305968165397644,-0.020562857389450073,0.035739033582080734,-0.9677484035491943,1.0364725589752197,0.887870728969574,-0.9129624366760254,1.9058477496054027,0.04361211135983467,-0.06920928508043289,-0.11733569949865341,0.09420466423034668,-0.12266459316015244,0.08119533210992813,-0.015789270401000977,0.018234550952911377,0.016115792095661163,-0.02005305141210556,0.03525942293191957,-1.3559385538101196,1.0703392028808594,1.0886788368225098,-1.0685659646987915,2.3013165428243245,58.26645687800001,True,-0.0004760921001434326,-0.00020302832126617432,0.0001862645149230957,-0.0005166977643966675,0.000555158359405857,0.3881603181362152,-0.03392621874809265,-0.20080430805683136,0.15552900731563568,0.44960076147821904,ROA_1001_model49999_noise15,2913,2026-10-01_00-04-08,0.091887928545475,-0.11100253462791443
-0.008447468280792236,0.0016555190086364746,0.01153498888015747,-0.008847564458847046,0.016557228930099036,0.3276914060115814,-0.5855560302734375,0.08940695971250534,-0.13907253742218018,0.6910108755688924,-0.008511543273925781,-0.0009551644325256348,0.011452287435531616,-0.01006200909614563,0.016473782782681818,0.3542601764202118,-0.6065666675567627,0.05890428647398949,-0.16523896157741547,0.7233275440508907,0.15181191265583038,-0.28975170850753784,0.1289367526769638,-0.14111949503421783,0.10834135860204697,-0.18618015944957733,-0.00911802053451538,0.0008031725883483887,0.011298060417175293,-0.009114295244216919,0.016569171932579552,0.09538232535123825,-0.8734166026115417,-0.059075649827718735,-0.22923199832439423,0.90632313342691,58.286460159,True,0.0006049871444702148,-0.0017628073692321777,0.0001519918441772461,-0.0009462237358093262,0.00209062748999995,0.25878846645355225,0.2669095993041992,0.11793523281812668,0.06399303674697876,0.39341874514166325,ROA_1001_model49999_noise15,2914,2026-10-01_00-04-08,0.18739627301692963,-0.21097753942012787
-0.010941736400127411,0.006754230707883835,0.00993805006146431,-0.007385853677988052,0.017834451279480013,-0.6136577129364014,1.102887749671936,0.5244696140289307,-0.8294935822486877,1.59817995012192,-0.011228583753108978,0.006499979645013809,0.009897258132696152,-0.00830693170428276,0.018242103232067906,-0.7732678055763245,0.9440948963165283,0.5116313695907593,-0.7948064804077148,1.541251115348601,-0.019282612949609756,0.008589372038841248,0.19352631270885468,-0.20006518065929413,0.1757998764514923,-0.19830207526683807,-0.011103227734565735,0.007328856736421585,0.009970366954803467,-0.008301157504320145,0.01855402154798857,-0.4023658037185669,1.1434519290924072,0.18200556933879852,-0.9603481292724609,1.552930482307727,58.306475057,True,-0.00012619420886039734,-0.0008318573236465454,-6.826594471931458e-05,-1.6763806343078613e-06,0.0008414594568863644,-0.37085357308387756,-0.19934958219528198,0.3295801281929016,0.16554071009159088,0.5596785728820293,ROA_1001_model49999_noise15,2915,2026-10-01_00-04-08,0.022118907421827316,-0.018476923927664757
-0.005509704351425171,0.006080418825149536,0.008356571197509766,-0.00877678394317627,0.014634358041991015,-0.8798017501831055,0.9766965508460999,1.2100785970687866,-0.9587406516075134,2.0207476351433695,-0.00669434666633606,0.005426257848739624,0.00817328691482544,-0.008997321128845215,0.014861733175454634,-0.9354724884033203,0.87153160572052,1.1103451251983643,-1.0549426078796387,1.9950824554522415,-0.3128102421760559,0.22819238901138306,-0.05107983946800232,0.05136348679661751,-0.08514564484357834,0.03276515007019043,-0.006254017353057861,0.005783140659332275,0.00839531421661377,-0.008797645568847656,0.014840730864402123,-1.1121779680252075,0.9112133979797363,1.2130886316299438,-0.9794830679893494,2.1208874843181404,58.326460129000004,True,-0.0004552304744720459,-0.0003598630428314209,-0.00020563602447509766,-0.00019073486328125,0.0006442093356225861,0.1769438236951828,-0.03936886414885521,-0.10260938853025436,-0.07547438144683838,0.20458569396038345,ROA_1001_model49999_noise15,2916,2026-10-01_00-04-08,-0.31906670331954956,0.26818984746932983
-0.017305463552474976,0.021778792142868042,0.017295777797698975,-0.02206265926361084,0.03949282073433241,-1.9771828651428223,1.9738374948501587,1.6883163452148438,-1.5727280378341675,3.622897601812294,-0.01871064305305481,0.023048371076583862,0.017840415239334106,-0.02462044358253479,0.04247829858009916,-1.9455103874206543,2.051494836807251,1.6001312732696533,-1.7377212047576904,3.684159046240748,0.18417195975780487,-0.19916380941867828,-0.12921889126300812,0.13393305242061615,-0.1295836865901947,0.10073685646057129,-0.019331276416778564,0.023089349269866943,0.01859217882156372,-0.024099647998809814,0.04280826597903883,-2.2927000522613525,2.168893814086914,1.8187835216522217,-1.9669606685638428,4.1374920578967656,58.346478451,True,0.0006213784217834473,-5.289912223815918e-05,-0.0007495284080505371,-0.0005125999450683594,0.0010471211472303681,0.34727898240089417,-0.11745094507932663,-0.2186521738767624,0.22930650413036346,0.4708027918768334,ROA_1001_model49999_noise15,2917,2026-10-01_00-04-08,0.21216697990894318,-0.21699339151382446
-0.007168948650360107,0.0013172626495361328,0.0070154666900634766,-0.006654858589172363,0.011650367829564601,-0.2559572458267212,0.09104608744382858,0.2926439046859741,-0.3903507888317108,0.5417828704293159,-0.008223950862884521,-0.0006899237632751465,0.0068441033363342285,-0.008533895015716553,0.012267759633030305,-0.31913813948631287,-0.009015202522277832,0.23795662820339203,-0.421926349401474,0.516046103521067,0.37197136878967285,-0.43051454424858093,0.3040620684623718,-0.2540510296821594,0.2912557125091553,-0.28637781739234924,-0.007706880569458008,0.0007137656211853027,0.0068128108978271484,-0.0070154666900634766,0.011746973190110187,-0.4171430766582489,-0.1577138751745224,0.06870925426483154,-0.5272626876831055,0.5563803642317926,58.366466019,True,-0.0005245208740234375,-0.0013962388038635254,3.5762786865234375e-05,-0.001531839370727539,0.0020993232121205097,0.0982135459780693,0.14886260032653809,0.1691877692937851,0.10535120218992233,0.26135368907835765,ROA_1001_model49999_noise15,2918,2026-10-01_00-04-08,0.41285818815231323,-0.4009891152381897
-0.010278075933456421,0.0075563788414001465,0.011475756764411926,-0.008616223931312561,0.019200541668836398,-1.222785472869873,1.6898623704910278,1.1298209428787231,-1.179467797279358,2.6433436519957816,-0.010200589895248413,0.008185207843780518,0.011372566223144531,-0.009379163384437561,0.01970625299015987,-1.413796067237854,1.5177018642425537,1.096215009689331,-1.2171454429626465,2.6428965909965423,-0.07619387656450272,0.12567754089832306,0.25000670552253723,-0.22286352515220642,0.24198386073112488,-0.2393941432237625,-0.010088831186294556,0.008274614810943604,0.011430308222770691,-0.009166449308395386,0.019619327668851702,-1.013252854347229,1.79470694065094,0.9569339156150818,-1.2400895357131958,2.582508193045136,58.386469332000004,True,-0.00010505318641662598,-8.64267349243164e-05,-6.258487701416016e-05,-0.00021755695343017578,0.00025510121689462095,-0.4004761278629303,-0.2770274877548218,0.13932213187217712,0.022988764569163322,0.5036460501065526,ROA_1001_model49999_noise15,2919,2026-10-01_00-04-08,-0.04490704834461212,0.1003609374165535
-0.00922083854675293,0.016948580741882324,0.011178851127624512,-0.016573071479797363,0.027751896958704683,-0.7430761456489563,1.2011677026748657,0.7281004786491394,-0.7342844605445862,1.7402707820794732,-0.009799003601074219,0.01897662878036499,0.011229515075683594,-0.018303096294403076,0.030265409415077965,-0.7209926247596741,1.123383641242981,0.5830526351928711,-0.8361636996269226,1.6792789612045649,-0.3291744291782379,0.3799690902233124,-0.11818273365497589,0.1250002533197403,-0.14830690622329712,0.10378862917423248,-0.009423494338989258,0.0186234712600708,0.0110626220703125,-0.017686188220977783,0.029479420410767676,-0.7738768458366394,1.629695177078247,0.690087616443634,-0.9937732815742493,2.166021573385502,58.406468933000006,True,-0.00037997961044311523,0.00035315752029418945,0.0001609325408935547,-0.000616908073425293,0.0007906556183567414,0.053063031286001205,-0.5062371492385864,-0.10725855082273483,0.15750525891780853,0.5367287701280626,ROA_1001_model49999_noise15,2920,2026-10-01_00-04-08,-0.3067752420902252,0.33684226870536804
-0.013650953769683838,0.012323260307312012,0.01901090145111084,-0.018361210823059082,0.032194737536183446,-0.25898218154907227,0.3320276439189911,0.40486451983451843,-0.6135404109954834,0.846655733826325,-0.012899935245513916,0.010822713375091553,0.0194549560546875,-0.020688772201538086,0.03297182892525398,-0.2911984920501709,0.30772387981414795,0.364899605512619,-0.6406306624412537,0.8457780100208669,0.5392181277275085,-0.4886283576488495,-0.11826137453317642,0.16325750946998596,-0.034077249467372894,0.051905613392591476,-0.013025104999542236,0.011411309242248535,0.01991093158721924,-0.02014338970184326,0.033180563804103384,-0.2552419900894165,0.1748502105474472,0.36102530360221863,-1.0361075401306152,1.125878120208113,58.426467766,True,9.98377799987793e-05,-0.0005781650543212891,-0.0004410743713378906,-0.0005394220352172852,0.0008317934959234112,-0.035881996154785156,0.13281404972076416,0.003606080776080489,0.3954469859600067,0.417231878482861,ROA_1001_model49999_noise15,2921,2026-10-01_00-04-08,0.5709933638572693,-0.498178094625473
-0.010575354099273682,0.0037670135498046875,0.014106929302215576,-0.008666515350341797,0.019909825347768605,-0.044420357793569565,0.16775725781917572,0.46633180975914,-0.4209875762462616,0.6452122446051033,-0.010888278484344482,0.0037536025047302246,0.014066696166992188,-0.009928643703460693,0.020538825990149823,-0.17215310037136078,0.07168948650360107,0.3546923100948334,-0.5437582731246948,0.6677038888383674,0.3624795973300934,-0.32209837436676025,0.26133525371551514,-0.26106709241867065,0.2014605551958084,-0.24743898212909698,-0.010788440704345703,0.0037461519241333008,0.014474987983703613,-0.008732080459594727,0.0203057141036571,0.0025033948477357626,0.14787912368774414,0.345438688993454,-0.43350455164909363,0.5662515010253223,58.446470215000005,True,-8.64267349243164e-05,8.940696716308594e-06,-0.00042319297790527344,-0.0011965632438659668,0.001269359458859804,-0.17465649545192719,-0.07627904415130615,0.009432435035705566,-0.11026858538389206,0.19517546578730094,ROA_1001_model49999_noise15,2922,2026-10-01_00-04-08,0.4651801586151123,-0.3741942048072815
-0.012655556201934814,0.004361569881439209,0.012629479169845581,-0.00486522912979126,0.019032719084853985,-0.9936391711235046,1.3124792575836182,0.9609683752059937,-1.083098292350769,2.190741496629559,-0.01348927617073059,0.004778057336807251,0.013371556997299194,-0.006303936243057251,0.02054920136863762,-1.1183544397354126,1.1955946683883667,0.9004920125007629,-1.151546835899353,2.1926765248658713,-0.151107057929039,0.21935640275478363,0.18111668527126312,-0.13543099164962769,0.15089501440525055,-0.11582281440496445,-0.013175606727600098,0.004776567220687866,0.013249367475509644,-0.005486607551574707,0.020046424004778286,-0.9238495826721191,1.3167558908462524,0.8246451020240784,-1.1362507343292236,2.1349854792389142,58.466474424000005,True,-0.00030472874641418457,1.4901161193847656e-06,0.00011026859283447266,-0.0008188188076019287,0.0008274492964179384,-0.19452719390392303,-0.12123584002256393,0.07588416337966919,-0.015191732905805111,0.23639875405416222,ROA_1001_model49999_noise15,2923,2026-10-01_00-04-08,-0.06632156670093536,0.15888655185699463
-0.014400482177734375,0.013908743858337402,0.016041100025177002,-0.018361210823059082,0.031520808317855295,-0.6486027836799622,0.8184909224510193,0.9410678744316101,-1.0751187801361084,1.7692944924353848,-0.014525651931762695,0.013551115989685059,0.014889240264892578,-0.020962953567504883,0.0323368015544367,-0.673949658870697,0.7634162306785583,0.8866190314292908,-1.232638955116272,1.826309266204657,0.3191024363040924,-0.28346410393714905,-0.04011926427483559,0.06894843280315399,-0.0705520510673523,0.04697205498814583,-0.014515221118927002,0.01437366008758545,0.0155717134475708,-0.020495057106018066,0.03278368461485771,-0.7383524775505066,0.877112090587616,0.8297412991523743,-1.5156267881393433,2.064988977218264,58.486475689,True,-2.384185791015625e-05,-0.000832974910736084,-0.0006660819053649902,-0.00047087669372558594,0.001043201738848345,0.06449222564697266,-0.11377035826444626,0.05698203667998314,0.28301775455474854,0.30648913636055636,ROA_1001_model49999_noise15,2924,2026-10-01_00-04-08,0.31340262293815613,-0.256940096616745
-0.012817978858947754,0.01042187213897705,0.014521181583404541,-0.016185641288757324,0.027230624668698633,-0.12885034084320068,0.012084840796887875,0.25235116481781006,-0.33858415484428406,0.43154080654861265,-0.012989342212677002,0.010189414024353027,0.015598535537719727,-0.0166475772857666,0.028086312932370527,-0.18002091348171234,0.03552436828613281,0.3246217668056488,-0.2329796403646469,0.4340743770796316,0.49333932995796204,-0.3224157989025116,0.22711357474327087,-0.19342993199825287,0.22890138626098633,-0.2218688726425171,-0.01299828290939331,0.010463595390319824,0.014320015907287598,-0.016576051712036133,0.027432616101123103,-0.2393573373556137,-0.07900594919919968,0.13352930545806885,-0.41294094920158386,0.43399750074623344,58.506476474,True,-5.9604644775390625e-06,-0.0002637505531311035,0.0012814998626708984,-4.172325134277344e-05,0.0012821817051326982,0.05932151898741722,0.11453031748533249,0.19094346463680267,0.18024443089962006,0.28999720605377727,ROA_1001_model49999_noise15,2925,2026-10-01_00-04-08,0.48535507917404175,-0.3590574562549591
-0.01332256942987442,0.00609327107667923,0.013899803161621094,-0.007203221321105957,0.021434394582556106,-0.5191713571548462,0.7467790842056274,0.5346164107322693,-0.4094280004501343,1.119307205519136,-0.015510991215705872,0.007946044206619263,0.015801191329956055,-0.009540095925331116,0.02537007350844756,-0.6631724238395691,0.5881525278091431,0.39392706751823425,-0.5135908722877502,1.0930449266193698,0.0425431951880455,-0.059726033359766006,0.25392797589302063,-0.23922216892242432,0.21953794360160828,-0.23497699201107025,-0.01399703323841095,0.00712517648935318,0.014539062976837158,-0.008143112063407898,0.022894844756608815,-0.3748852610588074,0.7925126552581787,0.42163577675819397,-0.435128778219223,1.053262513307779,58.526473579000005,True,-0.0015156343579292297,0.0008234754204750061,0.0012665987014770508,-0.0014059245586395264,0.002523962203221303,-0.28834304213523865,-0.2044346034526825,-0.027682630345225334,-0.07844343036413193,0.36005035220872117,ROA_1001_model49999_noise15,2926,2026-10-01_00-04-08,0.19445714354515076,-0.18994054198265076
