actor_direct_dq.dtarget0_dinput0,actor_direct_dq.dtarget0_dinput1,actor_direct_dq.dtarget1_dinput0,actor_direct_dq.dtarget1_dinput1,actor_direct_dq.spectral_norm,actor_direct_q.dtarget0_dinput0,actor_direct_q.dtarget0_dinput1,actor_direct_q.dtarget1_dinput0,actor_direct_q.dtarget1_dinput1,actor_direct_q.spectral_norm,all_history_coherent_bias_dq.dtarget0_dinput0,all_history_coherent_bias_dq.dtarget0_dinput1,all_history_coherent_bias_dq.dtarget1_dinput0,all_history_coherent_bias_dq.dtarget1_dinput1,all_history_coherent_bias_dq.spectral_norm,all_history_coherent_bias_q.dtarget0_dinput0,all_history_coherent_bias_q.dtarget0_dinput1,all_history_coherent_bias_q.dtarget1_dinput0,all_history_coherent_bias_q.dtarget1_dinput1,all_history_coherent_bias_q.spectral_norm,baseline.left_hip_target_rad,baseline.right_hip_target_rad,freeze_all_history_hip.left_hip_target_rad,freeze_all_history_hip.right_hip_target_rad,freeze_current_hip_actor_path.left_hip_target_rad,freeze_current_hip_actor_path.right_hip_target_rad,full_current_dq.dtarget0_dinput0,full_current_dq.dtarget0_dinput1,full_current_dq.dtarget1_dinput0,full_current_dq.dtarget1_dinput1,full_current_dq.spectral_norm,full_current_q.dtarget0_dinput0,full_current_q.dtarget0_dinput1,full_current_q.dtarget1_dinput0,full_current_q.dtarget1_dinput1,full_current_q.spectral_norm,header_time_s,history_filled,history_only_coherent_bias_dq.dtarget0_dinput0,history_only_coherent_bias_dq.dtarget0_dinput1,history_only_coherent_bias_dq.dtarget1_dinput0,history_only_coherent_bias_dq.dtarget1_dinput1,history_only_coherent_bias_dq.spectral_norm,history_only_coherent_bias_q.dtarget0_dinput0,history_only_coherent_bias_q.dtarget0_dinput1,history_only_coherent_bias_q.dtarget1_dinput0,history_only_coherent_bias_q.dtarget1_dinput1,history_only_coherent_bias_q.spectral_norm,model,row_index,run,zero_velocity_code.left_hip_target_rad,zero_velocity_code.right_hip_target_rad
-0.0006360933184623718,0.0010754913091659546,0.0007556751370429993,-0.001282012090086937,0.0019431660156300889,-0.563747227191925,0.5984445810317993,0.43647733330726624,-0.3342055678367615,0.9862576278589429,-0.0013529323041439056,0.0011784955859184265,0.0006531365215778351,-0.0016700942069292068,0.0024636128957739502,-0.59157794713974,0.5436194539070129,0.3989054560661316,-0.3579687178134918,0.9657774106413973,-0.013066157698631287,0.02426227740943432,-0.002243262715637684,0.0005184859037399292,-0.0022060296032577753,0.00012260349467396736,-0.0010186806321144104,0.0007255934178829193,0.0005006324499845505,-0.0014325138181447983,0.0018778351884894365,-0.6745969653129578,0.4568677246570587,0.32916104793548584,-0.4098224341869354,0.9606693856499697,48.446163203000005,False,-0.000338628888130188,0.00045355409383773804,0.00015380792319774628,-0.00023702159523963928,0.0006324090254948604,0.08297803997993469,0.08674430847167969,0.06975699216127396,0.05186302214860916,0.14773564746923074,ROA_1001_model33000_noise15,2422,2026-10-01_00-04-08,-0.010058454237878323,0.021088462322950363
-0.00046584755182266235,0.0009603798389434814,0.0005515292286872864,-0.0012367963790893555,0.001724084196808539,-0.5818493366241455,0.5985553860664368,0.4871189296245575,-0.3711636960506439,1.032717136175128,-0.0012099742889404297,0.000928342342376709,0.0003824010491371155,-0.0014990568161010742,0.0020528688369963557,-0.6085838675498962,0.5428586006164551,0.4540029764175415,-0.3908146023750305,1.0118557381337088,-0.03367841616272926,0.04020136222243309,-0.01772553101181984,0.01527357567101717,-0.017796173691749573,0.014804732985794544,-0.0009402632713317871,0.0005355104804039001,0.0003514811396598816,-0.0013707205653190613,0.0016521121819045926,-0.7185507416725159,0.4392377734184265,0.4061683714389801,-0.43582168221473694,1.0231379500254034,48.466167388,False,-0.00027026981115341187,0.00039711594581604004,3.222376108169556e-05,-0.00013243407011032104,0.0004971766032052649,0.10995938628911972,0.10361521691083908,0.04785135015845299,0.04501454159617424,0.1647520497683562,ROA_1001_model33000_noise15,2423,2026-10-01_00-04-08,-0.03269956633448601,0.039279550313949585
-0.0004030764102935791,0.00096149742603302,0.0005444511771202087,-0.0013696029782295227,0.001805252585458017,-0.5675013661384583,0.5884170532226562,0.48522648215293884,-0.37341561913490295,1.0188018899129516,-0.001169554889202118,0.0008840113878250122,0.0003479421138763428,-0.0015962868928909302,0.002060540104368633,-0.5949754118919373,0.5363858938217163,0.4538874924182892,-0.3928039073944092,1.0009592645888614,-0.038531165570020676,0.042801130563020706,-0.025144150480628014,0.02273010089993477,-0.025062626227736473,0.02250070311129093,-0.0008750706911087036,0.0005083158612251282,0.0003607943654060364,-0.0014912337064743042,0.0017181332971451075,-0.710325300693512,0.4226732850074768,0.41483527421951294,-0.4288926422595978,1.0113873588319593,48.486163766000004,False,-0.00029001384973526,0.00037588179111480713,-1.471489667892456e-05,-0.00010505318641662598,0.0004806652208913098,0.11541879922151566,0.11373310536146164,0.03906525671482086,0.0361073762178421,0.17054015614744203,ROA_1001_model33000_noise15,2424,2026-10-01_00-04-08,-0.0389825664460659,0.04462960362434387
-0.00017620623111724854,0.0007810071110725403,0.00035781413316726685,-0.00120457261800766,0.0014892987513233586,-0.5155876278877258,0.5440841913223267,0.431458443403244,-0.33490264415740967,0.9250246900489597,-0.0008983537554740906,0.0007005408406257629,9.294599294662476e-05,-0.001451745629310608,0.001697386690485116,-0.5458518862724304,0.49609503149986267,0.40454602241516113,-0.3526909053325653,0.9121581955913738,-0.030888864770531654,0.034054405987262726,-0.023473788052797318,0.02148650772869587,-0.023288264870643616,0.021653562784194946,-0.0005871057510375977,0.0003349035978317261,0.00013336539268493652,-0.0013491138815879822,0.0014205347953594272,-0.6460286378860474,0.38350558280944824,0.34848320484161377,-0.39485839009284973,0.9076792626241548,48.506163503,False,-0.0003131106495857239,0.0003674998879432678,-3.995373845100403e-05,-0.00010346993803977966,0.0004858031374511669,0.10252184420824051,0.11470168083906174,0.05438271537423134,0.04064198210835457,0.1677019234814045,ROA_1001_model33000_noise15,2425,2026-10-01_00-04-08,-0.03191186860203743,0.03799431398510933
0.00010970979928970337,0.0005409121513366699,0.000106077641248703,-0.0009157694876194,0.0010641935030449555,-0.4549603760242462,0.49035993218421936,0.3730337917804718,-0.2839956283569336,0.814184943474754,-0.0005127862095832825,0.00042719766497612,-0.00029886141419410706,-0.0011680647730827332,0.0012493448109269997,-0.48911941051483154,0.4438459575176239,0.35238543152809143,-0.2994956374168396,0.8062002775513412,-0.02338271774351597,0.02520556002855301,-0.01759088970720768,0.01404592301696539,-0.017436441034078598,0.014403068460524082,-0.00024046748876571655,0.00013075768947601318,-0.00018263235688209534,-0.0011070631444454193,0.0011258198058471183,-0.5728266835212708,0.33999791741371155,0.27210915088653564,-0.3563016355037689,0.7904401701024527,48.526162185000004,False,-0.0002707354724407196,0.0002973712980747223,-0.00011539086699485779,-6.128102540969849e-05,0.0004035956166048437,0.0835498720407486,0.10376422852277756,0.08041969686746597,0.056869346648454666,0.16422641529851395,ROA_1001_model33000_noise15,2426,2026-10-01_00-04-08,-0.024783095344901085,0.030318526551127434
-0.0002823770046234131,0.0008591450750827789,0.00033890828490257263,-0.00106077641248703,0.0014345516490702893,-0.555152952671051,0.5945395231246948,0.45207884907722473,-0.35622620582580566,0.9939007448738936,-0.0008818693459033966,0.0006875023245811462,-0.00013476237654685974,-0.0012928619980812073,0.001506891416966934,-0.5871559977531433,0.5479789972305298,0.4312666058540344,-0.372036337852478,0.9844313694230031,-0.02368106134235859,0.025433072820305824,-0.015162058174610138,0.00944442581385374,-0.014650211669504642,0.010011434555053711,-0.0006555579602718353,0.00044386833906173706,4.2654573917388916e-05,-0.0012643635272979736,0.0013703605033248496,-0.6771422624588013,0.4430170953273773,0.3495141565799713,-0.4326905906200409,0.9715696934074862,48.546161571000006,False,-0.0002271495759487152,0.00024279579520225525,-0.00017648562788963318,-2.9616057872772217e-05,0.00035001110593512315,0.08998344838619232,0.10500102490186691,0.08177197724580765,0.06062164530158043,0.17072640320366467,ROA_1001_model33000_noise15,2427,2026-10-01_00-04-08,-0.025477861985564232,0.030217329040169716
-0.0005161389708518982,0.0009743496775627136,0.0005811452865600586,-0.0011867843568325043,0.0017208194405373932,-0.5916543006896973,0.617800235748291,0.5001388192176819,-0.3876844346523285,1.0613878013422278,-0.0011982396245002747,0.0007499009370803833,0.00012349337339401245,-0.0013687647879123688,0.0017661068986738276,-0.6178896427154541,0.5752891302108765,0.4755370020866394,-0.40592437982559204,1.0503265615539552,-0.029026539996266365,0.03257763013243675,-0.016800105571746826,0.011114310473203659,-0.01566614955663681,0.012044789269566536,-0.0009616836905479431,0.0005217269062995911,0.0003390014171600342,-0.0013443641364574432,0.0016276202976341903,-0.7328670024871826,0.4536229968070984,0.4164921045303345,-0.45161786675453186,1.0497535883293283,48.566160796000005,False,-0.00023562461137771606,0.00022649765014648438,-0.00021578744053840637,-2.3096799850463867e-05,0.00036259831962816,0.11497362703084946,0.1216847375035286,0.05905050411820412,0.04568881914019585,0.1830000560340972,ROA_1001_model33000_noise15,2428,2026-10-01_00-04-08,-0.031427331268787384,0.035473961383104324
-0.000545009970664978,0.0009743496775627136,0.0006891787052154541,-0.001259148120880127,0.0018184467744612228,-0.5861650705337524,0.6043612957000732,0.5033798217773438,-0.3821123242378235,1.049953524728975,-0.0012692064046859741,0.0007385388016700745,0.0002561137080192566,-0.0014163553714752197,0.001867013273909738,-0.6117112636566162,0.561252236366272,0.47787463665008545,-0.4015899896621704,1.0384420227585647,-0.03455350548028946,0.03898085281252861,-0.0210342425853014,0.016990745440125465,-0.02006603591144085,0.017709650099277496,-0.001010298728942871,0.0005144625902175903,0.0004772096872329712,-0.0013828277587890625,0.0017263759800204782,-0.7342658638954163,0.435320645570755,0.4309806823730469,-0.43608060479164124,1.0432690715876767,48.586160182,False,-0.0002566725015640259,0.00022388994693756104,-0.00022035092115402222,-3.390014171600342e-05,0.0003768161392489987,0.12256763130426407,0.1259204000234604,0.04689581319689751,0.03452040255069733,0.18489909138003893,ROA_1001_model33000_noise15,2429,2026-10-01_00-04-08,-0.036950305104255676,0.04061653092503548
-0.00042729079723358154,0.0008845701813697815,0.0007063150405883789,-0.001278892159461975,0.0017599736622156573,-0.5638189315795898,0.5840398073196411,0.47558730840682983,-0.3635976314544678,1.0060569233716035,-0.001146458089351654,0.0006547197699546814,0.00026281923055648804,-0.0014295801520347595,0.0017829526238639652,-0.592960000038147,0.5381889343261719,0.4529244899749756,-0.38236749172210693,0.9961436147680715,-0.03299851343035698,0.037664830684661865,-0.022229274734854698,0.020388564094901085,-0.02199038863182068,0.020607002079486847,-0.0008786097168922424,0.00043548643589019775,0.0004934147000312805,-0.0013926997780799866,0.001666859684142298,-0.7075033783912659,0.4148688018321991,0.40369293093681335,-0.41275468468666077,0.9951626805342928,48.606159535,False,-0.0002698972821235657,0.00021979212760925293,-0.00022742897272109985,-4.0046870708465576e-05,0.0003870511566779909,0.11451727896928787,0.12329965084791183,0.04923902079463005,0.030364839360117912,0.17734030367035708,ROA_1001_model33000_noise15,2430,2026-10-01_00-04-08,-0.034583695232868195,0.03938213363289833
-0.00028908252716064453,0.0008119270205497742,0.000470038503408432,-0.0011504627764225006,0.0015120325044413313,-0.5486477017402649,0.5736387968063354,0.44661664962768555,-0.3445865511894226,0.9713415422177437,-0.0009663403034210205,0.0005789101123809814,-2.9243528842926025e-05,-0.0012984499335289001,0.0014936143601494804,-0.5834866166114807,0.522723376750946,0.42851734161376953,-0.36121809482574463,0.9631268295068068,-0.027905460447072983,0.03200915455818176,-0.019129421561956406,0.01783033274114132,-0.019408848136663437,0.01776067353785038,-0.0007096678018569946,0.0003818422555923462,0.00021997839212417603,-0.0012909993529319763,0.0014219723243636211,-0.6828289031982422,0.4099663197994232,0.3615412712097168,-0.4035569429397583,0.9539812312316972,48.626159945000005,False,-0.00025741755962371826,0.00019744038581848145,-0.00024847686290740967,-8.102506399154663e-06,0.0003867339773514856,0.09933672100305557,0.1127924695611,0.06697699427604675,0.04232301935553551,0.1687390596422816,ROA_1001_model33000_noise15,2431,2026-10-01_00-04-08,-0.02829992212355137,0.03401435539126396
-0.00022854655981063843,0.0008245930075645447,0.0002409331500530243,-0.0010576099157333374,0.001381232650236599,-0.5460408926010132,0.5782935619354248,0.4408610761165619,-0.3436459004878998,0.969648116426033,-0.000856257975101471,0.0005849637091159821,-0.0003363005816936493,-0.0012035481631755829,0.0013417880759073733,-0.5868486762046814,0.5218190550804138,0.4260418713092804,-0.3582881689071655,0.9625028285401933,-0.024772947654128075,0.028595030307769775,-0.01557060144841671,0.013312549330294132,-0.015839166939258575,0.013341967947781086,-0.0006253831088542938,0.0004234723746776581,-5.587935447692871e-05,-0.0012557022273540497,0.0013354382613945967,-0.6687501072883606,0.42440834641456604,0.33855995535850525,-0.42293497920036316,0.9483224313221501,48.646159458,True,-0.0002321787178516388,0.00016177073121070862,-0.0002814456820487976,5.168840289115906e-05,0.0003933102441302203,0.08186976611614227,0.09741167724132538,0.08750799298286438,0.06463751196861267,0.16628124323404478,ROA_1001_model33000_noise15,2432,2026-10-01_00-04-08,-0.024246567860245705,0.030597155913710594
-0.0003205612301826477,0.0008741393685340881,0.000250060111284256,-0.0011090189218521118,0.001466497509925151,-0.5645108819007874,0.5975449085235596,0.4747183620929718,-0.37485265731811523,1.018133372954544,-0.0009637326002120972,0.0006141141057014465,-0.000322144478559494,-0.001239962875843048,0.0013981349999772647,-0.6055971384048462,0.5392813682556152,0.4567596912384033,-0.39096641540527344,1.0094388860520505,-0.02700795792043209,0.031001420691609383,-0.015198464505374432,0.011932889930903912,-0.01511600986123085,0.012175673618912697,-0.0007271766662597656,0.0004636123776435852,-4.5262277126312256e-05,-0.0013086013495922089,0.0014073525404058591,-0.689544677734375,0.44288578629493713,0.3750361204147339,-0.4574218690395355,0.9995967611118448,48.666164924,True,-0.0002386048436164856,0.00014826655387878418,-0.00027548521757125854,6.94766640663147e-05,0.0003947856372098743,0.08390098065137863,0.09639746695756912,0.08176266402006149,0.06646756082773209,0.16504504452411015,ROA_1001_model33000_noise15,2433,2026-10-01_00-04-08,-0.02670782245695591,0.032984573394060135
-0.0003548339009284973,0.0009005889296531677,0.00035855919122695923,-0.0011808238923549652,0.0015672008831832244,-0.5714893341064453,0.6036832928657532,0.48956552147865295,-0.3860723078250885,1.0365992790304237,-0.0010501593351364136,0.0006271526217460632,-0.00018300488591194153,-0.0013018026947975159,0.0014990335078183693,-0.6098076701164246,0.546593189239502,0.47046783566474915,-0.4027876853942871,1.02668459620809,-0.030855536460876465,0.03405562788248062,-0.01793312467634678,0.014175004325807095,-0.017783090472221375,0.014394045807421207,-0.0007864087820053101,0.0004760921001434326,8.596107363700867e-05,-0.0013587996363639832,0.001491300572717237,-0.7038060426712036,0.44367459416389465,0.39918625354766846,-0.46140605211257935,1.0215428434226563,48.686158965000004,True,-0.0002643093466758728,0.00015087425708770752,-0.0002671964466571808,5.4854899644851685e-05,0.00040365284120641144,0.09393877536058426,0.10310298949480057,0.07132627069950104,0.058511268347501755,0.16685863281271293,ROA_1001_model33000_noise15,2434,2026-10-01_00-04-08,-0.03125479444861412,0.0360468290746212
-0.00037923455238342285,0.0009268522262573242,0.00047963112592697144,-0.001216493546962738,0.0016470192926690656,-0.5784127712249756,0.6109904050827026,0.49354320764541626,-0.388279527425766,1.0472897680363864,-0.0011069700121879578,0.0006470829248428345,-2.5890767574310303e-05,-0.0013284385204315186,0.0015930850075428944,-0.614657998085022,0.5543138384819031,0.47499310970306396,-0.40507686138153076,1.0366211459699473,-0.033772747963666916,0.036774225533008575,-0.020039016380906105,0.01673460192978382,-0.020144954323768616,0.01664743386209011,-0.0008199363946914673,0.0004976987838745117,0.00023208558559417725,-0.0013630837202072144,0.001554420854826131,-0.7157269716262817,0.4459581971168518,0.412238746881485,-0.4519093632698059,1.03297739739684,48.706158415000004,True,-0.00028815120458602905,0.00015404075384140015,-0.0002564862370491028,3.4831464290618896e-05,0.00041061690046353814,0.1010708436369896,0.10835937410593033,0.06276927888393402,0.04682130739092827,0.16714065059070654,ROA_1001_model33000_noise15,2435,2026-10-01_00-04-08,-0.034419044852256775,0.03910604119300842
-0.00040177255868911743,0.0009316951036453247,0.0005418434739112854,-0.0012531876564025879,0.0017010437943030313,-0.5833227038383484,0.6135739088058472,0.4926733374595642,-0.3860425055027008,1.0502879476732583,-0.0011296942830085754,0.0006547197699546814,5.457550287246704e-05,-0.0013560056686401367,0.0016508236519770603,-0.6195008754730225,0.5567837357521057,0.47460755705833435,-0.4032514691352844,1.039933055316913,-0.03392486274242401,0.03732335940003395,-0.020224833860993385,0.017503639683127403,-0.020412752404808998,0.017362773418426514,-0.0008383765816688538,0.0004986301064491272,0.00030547380447387695,-0.0013828277587890625,0.001600337044716327,-0.7229167819023132,0.44540128111839294,0.41472724080085754,-0.44310835003852844,1.0354624890415578,48.726162120000005,True,-0.00028833746910095215,0.00015683472156524658,-0.0002557411789894104,2.514570951461792e-05,0.00040904593857917404,0.10339542478322983,0.1113898977637291,0.05988962575793266,0.03986060246825218,0.16745784619843404,ROA_1001_model33000_noise15,2436,2026-10-01_00-04-08,-0.0342894122004509,0.039552073925733566
-0.00042244791984558105,0.0009527429938316345,0.0005960464477539062,-0.001278892159461975,0.001754072447116425,-0.5922559499740601,0.6204656958580017,0.4956517219543457,-0.3882087469100952,1.0614965897204316,-0.001140683889389038,0.0006835907697677612,0.00010579824447631836,-0.0013772398233413696,0.001703719116400221,-0.6280038356781006,0.563889741897583,0.47828999161720276,-0.40578094124794006,1.0514656075144162,-0.033526577055454254,0.037243422120809555,-0.01984604448080063,0.01695783995091915,-0.019862189888954163,0.017052095383405685,-0.0008663162589073181,0.0005174428224563599,0.0003652647137641907,-0.0013995915651321411,0.0016511501538115847,-0.7336679697036743,0.4496387839317322,0.41895729303359985,-0.44197773933410645,1.0461557127365293,48.746159298,True,-0.0002769753336906433,0.00016577541828155518,-0.00025890767574310303,2.2351741790771484e-05,0.0004043232484727321,0.10568834096193314,0.11430121213197708,0.059310343116521835,0.03614462912082672,0.16957124787131123,ROA_1001_model33000_noise15,2437,2026-10-01_00-04-08,-0.03361334279179573,0.03903178498148918
-0.00043567270040512085,0.0009521842002868652,0.0005941838026046753,-0.0013224780559539795,0.0017884166930146645,-0.5996078252792358,0.624934196472168,0.49931180477142334,-0.39103811979293823,1.0710042014314027,-0.001134537160396576,0.0006878748536109924,0.00010784715414047241,-0.0014198943972587585,0.0017323990386370334,-0.6378888487815857,0.5663111805915833,0.48111748695373535,-0.4093330204486847,1.0613781961112707,-0.03336494415998459,0.03704090788960457,-0.01963178813457489,0.016395244747400284,-0.01947903446853161,0.016739681363105774,-0.000877678394317627,0.0005181878805160522,0.0003680586814880371,-0.0014405697584152222,0.0016864996507673928,-0.7398276925086975,0.4538576900959015,0.42240506410598755,-0.4447921812534332,1.0548179182230555,48.766160443000004,True,-0.0002596527338027954,0.00016819685697555542,-0.0002562999725341797,2.216547727584839e-05,0.00039084097542587846,0.10193697363138199,0.11247395724058151,0.05872174724936485,0.03545545041561127,0.16559208524831745,ROA_1001_model33000_noise15,2438,2026-10-01_00-04-08,-0.03310105949640274,0.03822571039199829
-0.0004341825842857361,0.0009626150131225586,0.0006066635251045227,-0.001370348036289215,0.0018333031844811056,-0.5980730056762695,0.6222612857818604,0.49644705653190613,-0.38847512006759644,1.0663560551706255,-0.0011358410120010376,0.0006984919309616089,0.00013969838619232178,-0.0014662742614746094,0.0017812047881769193,-0.6368960738182068,0.5619339346885681,0.4777200222015381,-0.40741077065467834,1.0561885265081385,-0.03360416740179062,0.03723638504743576,-0.01994071528315544,0.016749827191233635,-0.0198451429605484,0.017060987651348114,-0.0008799135684967041,0.0005312263965606689,0.0003864988684654236,-0.0014862045645713806,0.00173522658556279,-0.7382519245147705,0.45095008611679077,0.4207100570201874,-0.4406440854072571,1.0501746935937577,48.786161941,True,-0.0002561137080192566,0.00016652047634124756,-0.00024866312742233276,2.0489096641540527e-05,0.00038296350616828843,0.10137259215116501,0.1109987422823906,0.05698762461543083,0.03320164978504181,0.1631500576507707,ROA_1001_model33000_noise15,2439,2026-10-01_00-04-08,-0.0333179347217083,0.037923187017440796
-0.00044461339712142944,0.0009840354323387146,0.0006249174475669861,-0.0014113262295722961,0.0018837000647592762,-0.6004068851470947,0.6251968145370483,0.4977993369102478,-0.3892425298690796,1.070246330879283,-0.0011401250958442688,0.0007269904017448425,0.00018700957298278809,-0.0015089288353919983,0.0018445654355417117,-0.6401221752166748,0.5634874105453491,0.4772878885269165,-0.40957701206207275,1.0596182054935177,-0.03377892076969147,0.03737136721611023,-0.019957931712269783,0.016724925488233566,-0.019880162551999092,0.017022399231791496,-0.0008856877684593201,0.0005574896931648254,0.0004155561327934265,-0.0015169382095336914,0.0017833416494062633,-0.7393937110900879,0.4544779360294342,0.4248730540275574,-0.4380103051662445,1.0536703161156156,48.806161838,True,-0.0002525746822357178,0.00017024576663970947,-0.00023171305656433105,9.12696123123169e-06,0.0003693785137113781,0.09926966577768326,0.10906345397233963,0.05238502845168114,0.02839602343738079,0.15800076024972037,ROA_1001_model33000_noise15,2440,2026-10-01_00-04-08,-0.03348338603973389,0.03770259767770767
-0.00047087669372558594,0.0010246410965919495,0.0006726011633872986,-0.0014513731002807617,0.0019571616658308763,-0.6053000688552856,0.6309486627578735,0.5000755190849304,-0.3897901475429535,1.0775163274567943,-0.0011570751667022705,0.0007763504981994629,0.00025425106287002563,-0.0015525147318840027,0.0019316471863598088,-0.6447545886039734,0.5688126683235168,0.4776622951030731,-0.411747008562088,1.0662640943866457,-0.03404935449361801,0.03784969821572304,-0.01992117427289486,0.01658775843679905,-0.019887631759047508,0.01680864952504635,-0.0009067356586456299,0.0006025657057762146,0.00047385692596435547,-0.0015469267964363098,0.0018547228614758389,-0.7436926960945129,0.46078673005104065,0.43005308508872986,-0.43433716893196106,1.0607279220818795,48.826156392,True,-0.0002518296241760254,0.0001734122633934021,-0.00021960586309432983,-2.421438694000244e-06,0.00036086922326069036,0.09891576319932938,0.10804831236600876,0.04758685454726219,0.022608784958720207,0.15453471106705843,ROA_1001_model33000_noise15,2441,2026-10-01_00-04-08,-0.03396373614668846,0.037955909967422485
-0.0004976987838745117,0.0010525807738304138,0.0007353723049163818,-0.0014677643775939941,0.0020125275485019627,-0.6116013526916504,0.6370320320129395,0.5055088400840759,-0.3921072781085968,1.0878612891020885,-0.0011764466762542725,0.0008126720786094666,0.0003419816493988037,-0.0015757977962493896,0.002006983488442514,-0.6501842141151428,0.5750004053115845,0.48139315843582153,-0.4158504009246826,1.0761042205928912,-0.03487811237573624,0.03884527087211609,-0.02027505822479725,0.016988709568977356,-0.020201658830046654,0.017209965735673904,-0.0009335577487945557,0.0006334856152534485,0.0005511566996574402,-0.0015554949641227722,0.0019141956174775882,-0.7504410743713379,0.4660654664039612,0.43916699290275574,-0.4309080243110657,1.0708138876619238,48.846156033,True,-0.00024531036615371704,0.00018104910850524902,-0.0002080574631690979,-2.4028122425079346e-05,0.00034807746465220915,0.1002587303519249,0.1089349314570427,0.04221312329173088,0.015042721293866634,0.15336504621261707,ROA_1001_model33000_noise15,2442,2026-10-01_00-04-08,-0.03493494167923927,0.038981158286333084
-0.0005336478352546692,0.0010618939995765686,0.0008244067430496216,-0.0015072524547576904,0.0020887069902725645,-0.6159152388572693,0.6390306949615479,0.5133486986160278,-0.39667633175849915,1.0967052671499014,-0.001214444637298584,0.000829063355922699,0.000463239848613739,-0.0016167759895324707,0.0021041203035682466,-0.65340656042099,0.5766134262084961,0.48718971014022827,-0.42163020372390747,1.0837545704002844,-0.035778678953647614,0.03961505368351936,-0.020809371024370193,0.017340045422315598,-0.020682264119386673,0.017579631879925728,-0.0009767711162567139,0.0006388872861862183,0.0006591901183128357,-0.0015741214156150818,0.0019899501558672925,-0.7580965161323547,0.4650670886039734,0.4519819915294647,-0.4293229281902313,1.0808471677191733,48.866154939000005,True,-0.0002384185791015625,0.00018831342458724976,-0.0001948326826095581,-3.9674341678619385e-05,0.0003361409076534712,0.10466574877500534,0.11154449731111526,0.03520585596561432,0.007709487807005644,0.15586945273313443,ROA_1001_model33000_noise15,2443,2026-10-01_00-04-08,-0.035861536860466,0.039521537721157074
-0.0005470588803291321,0.0010585412383079529,0.0008584931492805481,-0.0015147030353546143,0.0021094255539818602,-0.6181429624557495,0.639915406703949,0.5199145078659058,-0.40120628476142883,1.1031660006243058,-0.0012202188372612,0.0008324161171913147,0.0005088746547698975,-0.0016259029507637024,0.0021328760601056792,-0.655164897441864,0.5768872499465942,0.4924684464931488,-0.42686980962753296,1.0893880946492263,-0.0364464707672596,0.040479183197021484,-0.020888211205601692,0.01756720058619976,-0.020748211070895195,0.017786171287298203,-0.0009927898645401,0.0006321817636489868,0.0006992369890213013,-0.0015791505575180054,0.002013816087388606,-0.761195957660675,0.4651769697666168,0.4596411883831024,-0.4322156012058258,1.087506631668086,48.886155029,True,-0.0002292916178703308,0.00019855797290802002,-0.0001905485987663269,-4.936009645462036e-05,0.0003293510565456374,0.10597146302461624,0.11175311356782913,0.03283098340034485,0.005293637048453093,0.1562984106088936,ROA_1001_model33000_noise15,2444,2026-10-01_00-04-08,-0.03650578483939171,0.04020030051469803
-0.0005694106221199036,0.0010814517736434937,0.0009203329682350159,-0.0015247613191604614,0.0021592156790167004,-0.6216223835945129,0.6460844874382019,0.5252491235733032,-0.40930506587028503,1.1142027072337455,-0.0012231990694999695,0.0008597970008850098,0.0005640089511871338,-0.0016432255506515503,0.0021830568059310663,-0.6579458117485046,0.5818027853965759,0.49792414903640747,-0.43430736660957336,1.0990567085060015,-0.03697273135185242,0.04167062044143677,-0.020836899057030678,0.017946038395166397,-0.02069440484046936,0.0180894173681736,-0.001006200909614563,0.0006569549441337585,0.0007523223757743835,-0.0015923753380775452,0.0020633245069074345,-0.7636080980300903,0.4720110297203064,0.46226006746292114,-0.44200193881988525,1.0968624366976396,48.906155667,True,-0.0002169981598854065,0.00020600855350494385,-0.00018700957298278809,-5.066394805908203e-05,0.00032146102740648733,0.1056622639298439,0.10985507816076279,0.03565661609172821,0.007653608452528715,0.1554437388822812,ROA_1001_model33000_noise15,2445,2026-10-01_00-04-08,-0.03707251325249672,0.041735582053661346
-0.0005388632416725159,0.0010564923286437988,0.0009180977940559387,-0.0015495344996452332,0.0021555949332506858,-0.6144791841506958,0.6397440433502197,0.52320396900177,-0.40958261489868164,1.1057659237875426,-0.0011743977665901184,0.0008454546332359314,0.0005479902029037476,-0.0016681849956512451,0.0021682265537193374,-0.6519667506217957,0.5735698938369751,0.49646010994911194,-0.4337932765483856,1.0902702243782576,-0.03662070631980896,0.041876718401908875,-0.020665237680077553,0.01841570995748043,-0.020533036440610886,0.01854790933430195,-0.000971183180809021,0.0006396323442459106,0.0007366761565208435,-0.0016240403056144714,0.0020601693809208952,-0.7534101009368896,0.4673134386539459,0.45557689666748047,-0.4463493525981903,1.086224394761754,48.926156061,True,-0.00020470470190048218,0.00020693987607955933,-0.00018794089555740356,-4.32133674621582e-05,0.0003144302913704711,0.10144337266683578,0.1062881126999855,0.040918584913015366,0.012520699761807919,0.15168043674819745,ROA_1001_model33000_noise15,2446,2026-10-01_00-04-08,-0.036463141441345215,0.04218677431344986
-0.0005355104804039001,0.0010609626770019531,0.0009212642908096313,-0.0015391036868095398,0.002150559275028726,-0.6117820739746094,0.639125645160675,0.5207005739212036,-0.4103928506374359,1.10309645821656,-0.0011635944247245789,0.0008573755621910095,0.0005373731255531311,-0.0016687437891960144,0.0021668831339192464,-0.6485655307769775,0.5723572969436646,0.49487125873565674,-0.4339888393878937,1.0869550763028384,-0.03597394749522209,0.04151913523674011,-0.020209453999996185,0.01818830519914627,-0.020054275169968605,0.018320830538868904,-0.0009624287486076355,0.000648200511932373,0.0007245689630508423,-0.0016305595636367798,0.0020604197490263036,-0.7485039234161377,0.468388170003891,0.4472024440765381,-0.45270657539367676,1.0817917448633743,48.946155655000005,True,-0.00020060688257217407,0.0002119690179824829,-0.00018794089555740356,-4.0046870708465576e-05,0.00031454181775944685,0.0999644324183464,0.10398588329553604,0.0476594977080822,0.01870468258857727,0.1517016638578663,ROA_1001_model33000_noise15,2447,2026-10-01_00-04-08,-0.03574293479323387,0.04199090227484703
-0.0005075708031654358,0.0010281801223754883,0.0008996576070785522,-0.0014878809452056885,0.002081177293099362,-0.5944687724113464,0.6228964328765869,0.5070399045944214,-0.3993045389652252,1.0735854679976378,-0.0011358410120010376,0.0008357688784599304,0.0004978850483894348,-0.0016262754797935486,0.0021018385600857954,-0.6302632093429565,0.5553439259529114,0.48227232694625854,-0.42224860191345215,1.0566534352286001,-0.03537731617689133,0.04121271148324013,-0.01972569152712822,0.017888082191348076,-0.019602052867412567,0.017980339005589485,-0.0009357929229736328,0.0006210058927536011,0.0006871297955513,-0.0016015022993087769,0.0020029700215399944,-0.7287952899932861,0.45447981357574463,0.4271138310432434,-0.4482734799385071,1.0512676983727398,48.966158513,True,-0.00020097941160202026,0.00021327286958694458,-0.00018905848264694214,-2.6263296604156494e-05,0.00031922863617076967,0.09846500307321548,0.10084918886423111,0.05521811172366142,0.026030464097857475,0.15232600153891512,ROA_1001_model33000_noise15,2448,2026-10-01_00-04-08,-0.03514612093567848,0.041461121290922165
-0.00046510249376296997,0.0009747222065925598,0.0008756294846534729,-0.0014470890164375305,0.0020047681613734616,-0.5753654837608337,0.6040688157081604,0.49295833706855774,-0.38675960898399353,1.0408208409990514,-0.001093931496143341,0.0007854774594306946,0.0004505738615989685,-0.0015925616025924683,0.0020200623200981663,-0.6105005741119385,0.5363858938217163,0.46990063786506653,-0.40901076793670654,1.0239687218557765,-0.0341859832406044,0.040679849684238434,-0.018849963322281837,0.017491064965724945,-0.018780888989567757,0.017549721524119377,-0.0008909031748771667,0.0005763024091720581,0.0006433576345443726,-0.0015793368220329285,0.0019358448322487453,-0.7059965133666992,0.43940168619155884,0.40514951944351196,-0.4439670443534851,1.0173697261582393,48.986156475,True,-0.00020507723093032837,0.00020917505025863647,-0.00019147992134094238,-1.3783574104309082e-05,0.0003243228053984742,0.09541399031877518,0.09701772779226303,0.06488710641860962,0.03495439887046814,0.1535473232042783,ROA_1001_model33000_noise15,2449,2026-10-01_00-04-08,-0.034102946519851685,0.040758758783340454
-0.00043511390686035156,0.000918656587600708,0.0008612871170043945,-0.0013766810297966003,0.0019131717693448929,-0.5649085640907288,0.5937050580978394,0.4822295010089874,-0.3800187110900879,1.0215924577027906,-0.001070462167263031,0.0007340684533119202,0.0004120171070098877,-0.001527741551399231,0.0019260152560235046,-0.5992427468299866,0.5263872146606445,0.4611257314682007,-0.40168872475624084,1.0050682043091348,-0.032530445605516434,0.03941171243786812,-0.017880508676171303,0.01705631986260414,-0.017909355461597443,0.017060279846191406,-0.0008607283234596252,0.0005258247256278992,0.0006088986992835999,-0.0015294179320335388,0.001854342979609855,-0.6930454969406128,0.4310067594051361,0.3887731432914734,-0.4427749514579773,0.9968684432197116,49.006156773,True,-0.00020917505025863647,0.0002086162567138672,-0.0001989305019378662,-7.450580596923828e-07,0.00033354395812016047,0.09378790110349655,0.09538046270608902,0.0723954290151596,0.04105828329920769,0.15632899453522753,ROA_1001_model33000_noise15,2450,2026-10-01_00-04-08,-0.032495513558387756,0.03962169215083122
-0.00043138861656188965,0.0008976086974143982,0.0008516013622283936,-0.0013142824172973633,0.0018528371846522958,-0.5523562431335449,0.5810279250144958,0.47269460558891296,-0.3713732361793518,0.9996061811426885,-0.001052767038345337,0.0007180497050285339,0.0003812834620475769,-0.0014698132872581482,0.0018603706626961003,-0.5873646140098572,0.5141403079032898,0.45296919345855713,-0.39339715242385864,0.9845183747757412,-0.030264142900705338,0.03721058741211891,-0.01643621362745762,0.015811610966920853,-0.016546549275517464,0.01584031619131565,-0.0008461996912956238,0.0005180016160011292,0.0005892477929592133,-0.0014779157936573029,0.0017999941087030703,-0.6744004487991333,0.42404791712760925,0.3746989965438843,-0.4377141296863556,0.9731428990202392,49.026156527000005,True,-0.00020693987607955933,0.00020135194063186646,-0.0002064742147922516,5.774199962615967e-06,0.0003337586041274695,0.08702649921178818,0.0900961384177208,0.07826834917068481,0.04430953040719032,0.15278326862327773,ROA_1001_model33000_noise15,2451,2026-10-01_00-04-08,-0.030210012570023537,0.037618085741996765
-0.0003777444362640381,0.0008231028914451599,0.0007761642336845398,-0.0012129545211791992,0.0016978086395170455,-0.535720944404602,0.5641486048698425,0.45206117630004883,-0.35309138894081116,0.9641711080506927,-0.0009855255484580994,0.0006478279829025269,0.0002958811819553375,-0.001368299126625061,0.001699186671468285,-0.571047842502594,0.4989243745803833,0.4333937466144562,-0.37559399008750916,0.9507464291256275,-0.027488550171256065,0.033947959542274475,-0.014610572718083858,0.014103767462074757,-0.014832445420324802,0.014190440066158772,-0.0007851049304008484,0.00045355409383773804,0.0005093403160572052,-0.0013778917491436005,0.0016472255259530719,-0.6520021557807922,0.4121679663658142,0.351347953081131,-0.4207286834716797,0.9361139927110262,49.046163161,True,-0.00020042061805725098,0.00019334256649017334,-0.00021420419216156006,1.3131648302078247e-05,0.00033154514964055227,0.08093564957380295,0.08679180592298508,0.08207465708255768,0.04510767385363579,0.14937847718632377,ROA_1001_model33000_noise15,2452,2026-10-01_00-04-08,-0.02746628038585186,0.03453919291496277
-0.00028889626264572144,0.000733695924282074,0.0006690621376037598,-0.0011119991540908813,0.0015144007521584455,-0.520423948764801,0.5493638515472412,0.4331953525543213,-0.3361757695674896,0.9320629574817356,-0.0008760020136833191,0.0005651265382766724,0.00017117708921432495,-0.0012712553143501282,0.001509390371766676,-0.5564847588539124,0.4864139258861542,0.41544806957244873,-0.35960784554481506,0.9209691363438557,-0.024867668747901917,0.03079427219927311,-0.013133391737937927,0.012223550118505955,-0.01341380923986435,0.012384642846882343,-0.0006861984729766846,0.00037550926208496094,0.00039674341678619385,-0.0012849457561969757,0.0014742171902366711,-0.6311097741127014,0.40238720178604126,0.3298195004463196,-0.40531155467033386,0.9025953690536445,49.066158628000004,True,-0.00019259750843048096,0.00018980354070663452,-0.0002259388566017151,1.5366822481155396e-05,0.00033151167652687016,0.07452256977558136,0.08401087671518326,0.08570774644613266,0.04573724791407585,0.14620709415858754,ROA_1001_model33000_noise15,2453,2026-10-01_00-04-08,-0.025048747658729553,0.0317801870405674
-0.00020675361156463623,0.0006447546184062958,0.0005617737770080566,-0.0010164454579353333,0.0013395229200412943,-0.5156127214431763,0.544922411441803,0.4208963215351105,-0.3266688287258148,0.9177454214602493,-0.0007784925401210785,0.00047013163566589355,3.4831464290618896e-05,-0.0011727213859558105,0.0013199041225754546,-0.552542507648468,0.48379412293434143,0.4040272831916809,-0.350962370634079,0.9087187237527528,-0.022680969908833504,0.027623390778899193,-0.01225241832435131,0.010473676957190037,-0.012597300112247467,0.010662902146577835,-0.0005963258445262909,0.0002896413207054138,0.00027762725949287415,-0.001198798418045044,0.0013113354329765709,-0.621962308883667,0.40107032656669617,0.31325221061706543,-0.3987690210342407,0.886440797937346,49.086158158,True,-0.00018095597624778748,0.00017974525690078735,-0.00024372711777687073,2.7474015951156616e-05,0.0003342287098042776,0.06940960884094238,0.08274241536855698,0.09077972918748856,0.04783458635210991,0.14618881683010096,ROA_1001_model33000_noise15,2454,2026-10-01_00-04-08,-0.022905608639121056,0.02920055203139782
-0.00019073486328125,0.0006168149411678314,0.0005319714546203613,-0.000988692045211792,0.0012906023567110674,-0.5138543844223022,0.5434080958366394,0.4135938286781311,-0.32088997960090637,0.9105201241215102,-0.0007856637239456177,0.00043390318751335144,-8.940696716308594e-06,-0.0011410564184188843,0.0012654702469822665,-0.5479258894920349,0.48641204833984375,0.3947559595108032,-0.3474997282028198,0.9018894628814877,-0.02136107347905636,0.025097282603383064,-0.011979643255472183,0.009078504517674446,-0.012337377294898033,0.009274724870920181,-0.0006027519702911377,0.00024121254682540894,0.000251084566116333,-0.0011661089956760406,0.0012585189771170185,-0.6246519684791565,0.39510148763656616,0.30685773491859436,-0.3915363848209381,0.8798338421356957,49.106157912,True,-0.00018505379557609558,0.00019138678908348083,-0.0002573244273662567,2.2817403078079224e-05,0.0003476091289557402,0.07668323814868927,0.0913180336356163,0.08792243152856827,0.044029202312231064,0.1514754163235574,ROA_1001_model33000_noise15,2455,2026-10-01_00-04-08,-0.021899940446019173,0.0272804144769907
-0.00019120052456855774,0.0005513429641723633,0.000557582825422287,-0.0009539537131786346,0.0012455471396823788,-0.5143489241600037,0.5388697385787964,0.4099169671535492,-0.3135092556476593,0.9038259796738902,-0.0008529052138328552,0.0003587454557418823,2.5425106287002563e-05,-0.0011022202670574188,0.0012206571853832656,-0.5435915589332581,0.48680880665779114,0.387785941362381,-0.34317371249198914,0.8947706476923074,-0.020336730405688286,0.023622959852218628,-0.011860225349664688,0.008512245491147041,-0.012026753276586533,0.008772666566073895,-0.0006541609764099121,0.00014528632164001465,0.00029299408197402954,-0.001109577715396881,0.0012009841970302892,-0.6362115740776062,0.3807162642478943,0.30984076857566833,-0.3770654797554016,0.8766668873302716,49.126157378,True,-0.00019976869225502014,0.00021392479538917542,-0.0002691522240638733,8.102506399154663e-06,0.0003673966845268127,0.09340792149305344,0.10672769695520401,0.0773826614022255,0.03341306000947952,0.16190531946252093,ROA_1001_model33000_noise15,2456,2026-10-01_00-04-08,-0.021585974842309952,0.02568047307431698
8.66129994392395e-06,0.00036135315895080566,0.00040298327803611755,-0.0008414499461650848,0.0009885127452273317,-0.4530623257160187,0.4728417694568634,0.3625163733959198,-0.2621197998523712,0.7902721611844715,-0.0006780028343200684,0.0001605600118637085,-0.00014202669262886047,-0.0009826384484767914,0.000996591161049396,-0.4816753566265106,0.42387655377388,0.3393087387084961,-0.2935584485530853,0.7829303099399232,-0.01848624274134636,0.022860491648316383,-0.011440068483352661,0.009048697538673878,-0.011251874268054962,0.009548143483698368,-0.00046584755182266235,-4.954636096954346e-05,0.0001409091055393219,-0.0009920448064804077,0.001002174993419141,-0.5788775086402893,0.313694566488266,0.2649519443511963,-0.32455843687057495,0.7684089486962894,49.146155532,True,-0.00021224841475486755,0.00020954757928848267,-0.00028153881430625916,1.0710209608078003e-05,0.0003825629966904035,0.09701865911483765,0.11008325219154358,0.07450021803379059,0.03104470483958721,0.16446718197562588,ROA_1001_model33000_noise15,2457,2026-10-01_00-04-08,-0.020072482526302338,0.024399617686867714
0.00012228265404701233,0.00024884939193725586,0.0002750195562839508,-0.0007692724466323853,0.0008407964607632502,-0.41675007343292236,0.4326719641685486,0.3341650366783142,-0.2313367873430252,0.7222323022710985,-0.0006154179573059082,3.7439167499542236e-05,-0.00028386712074279785,-0.0009045004844665527,0.0009666856340765277,-0.44471117854118347,0.38640105724334717,0.30999723076820374,-0.26366114616394043,0.7160145286403802,-0.016623422503471375,0.022095972672104836,-0.010483657009899616,0.00948068592697382,-0.01033260952681303,0.010001965798437595,-0.00038119032979011536,-0.00017369166016578674,1.3783574104309082e-05,-0.0009220093488693237,0.0009402899318687573,-0.5487035512924194,0.2699512839317322,0.23871658742427826,-0.2939365804195404,0.7060602958793372,49.166156502,True,-0.00023273751139640808,0.00021224841475486755,-0.0002969987690448761,1.9837170839309692e-05,0.0004091868942789462,0.1034121885895729,0.11634919047355652,0.07213931530714035,0.030358320102095604,0.17151855004375738,ROA_1001_model33000_noise15,2458,2026-10-01_00-04-08,-0.018165145069360733,0.023205768316984177
0.0003045424818992615,0.00013774260878562927,5.4854899644851685e-05,-0.0006895978003740311,0.0007032501185548813,-0.36601534485816956,0.3824736773967743,0.2933633327484131,-0.19267620146274567,0.6317327261488849,-0.00043567270040512085,-8.549541234970093e-05,-0.0005424953997135162,-0.0008183065801858902,0.0010350183128805107,-0.39703676104545593,0.3372151255607605,0.2708318531513214,-0.2237614095211029,0.6282958077936108,-0.014840465039014816,0.021659251302480698,-0.009765425696969032,0.010244196280837059,-0.009644134901463985,0.01076558232307434,-0.00019297003746032715,-0.00028209760785102844,-0.00022849999368190765,-0.000864686444401741,0.0009513814697535651,-0.4959460198879242,0.22280214726924896,0.19152508676052094,-0.263287216424942,0.6175292023426451,49.186157856,True,-0.00024344772100448608,0.00019818544387817383,-0.00031460076570510864,4.493631422519684e-05,0.00043043224486946765,0.09860563278198242,0.11446233093738556,0.07958988845348358,0.039546746760606766,0.17266302207028297,ROA_1001_model33000_noise15,2459,2026-10-01_00-04-08,-0.01599670760333538,0.023022400215268135
0.0004320405423641205,0.00011278316378593445,-0.00012889504432678223,-0.0006629619747400284,0.0007146930034877483,-0.335163414478302,0.3563835918903351,0.26701343059539795,-0.1690443456172943,0.5786087779231376,-0.00027623027563095093,-0.00012228265404701233,-0.0007704365998506546,-0.0007861293852329254,0.0011362753023053335,-0.37133878469467163,0.31002238392829895,0.24636414647102356,-0.19860313832759857,0.5780347562133777,-0.014567879028618336,0.0210652444511652,-0.010487309657037258,0.010317482054233551,-0.0103242052718997,0.010891154408454895,-3.5762786865234375e-05,-0.00029280781745910645,-0.0004352070391178131,-0.0008595641702413559,0.0010029842515484947,-0.45937857031822205,0.20286719501018524,0.15946337580680847,-0.2474142163991928,0.5639503803157713,49.206155818000006,True,-0.00023990869522094727,0.0001673586666584015,-0.00033443793654441833,7.511116564273834e-05,0.000442374993573129,0.08788983523845673,0.10707135498523712,0.08703767508268356,0.04887720197439194,0.1681085895122963,ROA_1001_model33000_noise15,2460,2026-10-01_00-04-08,-0.015280988067388535,0.022879425436258316
0.0004861503839492798,0.0001339241862297058,-0.0002488028258085251,-0.0006822869181632996,0.0008020643055887581,-0.32320430874824524,0.3488454818725586,0.255982369184494,-0.15987268090248108,0.5592075261162416,-0.00019958242774009705,-0.00011632218956947327,-0.000925874337553978,-0.0008044298738241196,0.0012473650333737199,-0.36323627829551697,0.3017820417881012,0.2365587204694748,-0.18852995336055756,0.5607937873783022,-0.01550257857888937,0.019954266026616096,-0.011937103234231472,0.009652316570281982,-0.011723396368324757,0.010274467058479786,3.4924596548080444e-05,-0.00026244670152664185,-0.0005719717592000961,-0.0008943025022745132,0.0010811531993480663,-0.44497939944267273,0.19906553626060486,0.14468421041965485,-0.2441704124212265,0.5446989020192576,49.22615522,True,-0.00023562461137771606,0.0001455657184123993,-0.00035474076867103577,8.847564458847046e-05,0.0004536185232805402,0.081516794860363,0.1025935560464859,0.09205424785614014,0.05578668415546417,0.167024212513288,ROA_1001_model33000_noise15,2461,2026-10-01_00-04-08,-0.015810754150152206,0.02204369753599167
0.0005027279257774353,0.00012833625078201294,-0.00025797635316848755,-0.0006686896085739136,0.0007995111400619893,-0.3204587697982788,0.3464920222759247,0.25398749113082886,-0.1593204140663147,0.5551699683324919,-0.0001930631697177887,-0.00013960525393486023,-0.0009505078196525574,-0.0007946044206619263,0.0012614890869522357,-0.36076176166534424,0.30048564076423645,0.23520363867282867,-0.18686054646968842,0.5573544709190379,-0.016930732876062393,0.019722240045666695,-0.013218377716839314,0.009585833176970482,-0.012973522767424583,0.010230380110442638,5.066394805908203e-05,-0.0002726912498474121,-0.0005858950316905975,-0.0008895061910152435,0.0010843135036142607,-0.4438515603542328,0.1950608491897583,0.14259479939937592,-0.24419276416301727,0.5411553997810282,49.246156126,True,-0.0002462416887283325,0.00013504177331924438,-0.0003621913492679596,9.257346391677856e-05,0.00046417478297313287,0.08272099494934082,0.10528135299682617,0.09298323839902878,0.05748588219285011,0.17030465205012998,ROA_1001_model33000_noise15,2462,2026-10-01_00-04-08,-0.017158810049295425,0.021896973252296448
0.00047208741307258606,0.00010440126061439514,-0.00022621825337409973,-0.0006495043635368347,0.0007517011789841208,-0.32738688588142395,0.3498084545135498,0.26278942823410034,-0.16498936712741852,0.5668823101567616,-0.00027064234018325806,-0.00017080456018447876,-0.0008896924555301666,-0.0007754191756248474,0.0012218853466898555,-0.3660469949245453,0.3060120940208435,0.2425461858510971,-0.19248759746551514,0.5687443767312137,-0.017274800688028336,0.01960587501525879,-0.01364448107779026,0.009766466915607452,-0.013181447051465511,0.010616153478622437,-2.1420419216156006e-06,-0.00031227245926856995,-0.0005344860255718231,-0.0008503906428813934,0.001039784203596192,-0.4576183557510376,0.19220075011253357,0.1584784984588623,-0.24307797849178314,0.5563038499594145,49.266155337,True,-0.00027175992727279663,0.00014388933777809143,-0.00035334378480911255,7.553026080131531e-05,0.0004700581575016525,0.09139253944158554,0.11371354758739471,0.0842241495847702,0.05066021904349327,0.17358332878410568,ROA_1001_model33000_noise15,2463,2026-10-01_00-04-08,-0.017469486221671104,0.021390864625573158
0.000400003045797348,0.0001257285475730896,-0.00015329569578170776,-0.0006604939699172974,0.0007212875555017349,-0.3478294014930725,0.3651044964790344,0.27881374955177307,-0.17549654841423035,0.598486379955005,-0.0003715045750141144,-0.00015171244740486145,-0.0007945112884044647,-0.0007807277143001556,0.0011751641791550474,-0.3850124478340149,0.3229062855243683,0.2577016055583954,-0.20324717462062836,0.6001285327600219,-0.017033804208040237,0.020212557166814804,-0.013539421372115612,0.009748665615916252,-0.012568959034979343,0.011051848530769348,-8.568167686462402e-05,-0.0002960674464702606,-0.00044368207454681396,-0.0008424744009971619,0.0009990524673841907,-0.4814583659172058,0.20497943460941315,0.1800972819328308,-0.24784354865550995,0.5900630156796416,49.286154899,True,-0.0002870336174964905,0.00014528632164001465,-0.0003475695848464966,6.332993507385254e-05,0.0004729070929300137,0.09623634815216064,0.11782347410917282,0.07775798439979553,0.04468299075961113,0.17438306363643682,ROA_1001_model33000_noise15,2464,2026-10-01_00-04-08,-0.01748531311750412,0.02121686190366745
0.0004258006811141968,0.0001339241862297058,-0.00017238780856132507,-0.0006683170795440674,0.0007427434640182622,-0.3472575843334198,0.36497411131858826,0.2755839228630066,-0.17406883835792542,0.5962462095084057,-0.0003339722752571106,-0.0001455657184123993,-0.0008275732398033142,-0.0007874332368373871,0.001193057565765808,-0.3853449523448944,0.32240617275238037,0.2560550272464752,-0.19994376599788666,0.5982419576297153,-0.016658328473567963,0.02039625495672226,-0.013188633136451244,0.009835286997258663,-0.01203651912510395,0.01130967028439045,-4.991888999938965e-05,-0.0002853572368621826,-0.00047385692596435547,-0.0008590519428253174,0.0010189304548124372,-0.4791356325149536,0.20637734234333038,0.17428863048553467,-0.24911294877529144,0.5868607247350663,49.306154205000006,True,-0.0002835877239704132,0.00014156103134155273,-0.00035371631383895874,7.441267371177673e-05,0.00047688963320522456,0.09363237023353577,0.11590960621833801,0.08188094198703766,0.0492660291492939,0.17479978670416776,ROA_1001_model33000_noise15,2465,2026-10-01_00-04-08,-0.016924701631069183,0.021548504009842873
0.00045746564865112305,0.0001521781086921692,-0.0002234242856502533,-0.0006745569407939911,0.0007840446480531742,-0.34804266691207886,0.36730149388313293,0.2745929956436157,-0.1761196106672287,0.598408620205217,-0.0002794899046421051,-0.0001301988959312439,-0.0009017996490001678,-0.0007885508239269257,0.0012341633290146245,-0.388423889875412,0.3229919672012329,0.25725269317626953,-0.1997053474187851,0.6009773133838563,-0.01657409965991974,0.01997920125722885,-0.01304800994694233,0.009247567504644394,-0.011821853928267956,0.010801105760037899,-1.3969838619232178e-06,-0.00025955960154533386,-0.0005408190190792084,-0.0008802860975265503,0.0010570881607244,-0.4760604202747345,0.21112430095672607,0.16831140220165253,-0.25516748428344727,0.5857652190751509,49.326153511,True,-0.0002769753336906433,0.00013085082173347473,-0.00036172568798065186,8.828938007354736e-05,0.0004797958830037151,0.08747167140245438,0.1117149293422699,0.089073546230793,0.0555477999150753,0.17405551155613114,ROA_1001_model33000_noise15,2466,2026-10-01_00-04-08,-0.016436761245131493,0.021833788603544235
0.0005287118256092072,0.0001387670636177063,-0.0002721324563026428,-0.0006727874279022217,0.0008221523839995589,-0.3275507986545563,0.3499062657356262,0.25986599922180176,-0.16507412493228912,0.5659166987935839,-0.00016707926988601685,-0.0001387670636177063,-0.0009717419743537903,-0.0007893890142440796,0.0012706627608462591,-0.37002095580101013,0.3045201301574707,0.2443864792585373,-0.1873047947883606,0.5695394912549713,-0.016589326784014702,0.0195570457726717,-0.013253896497189999,0.008864124305546284,-0.011899684555828571,0.010560230351984501,9.415671229362488e-05,-0.0002567656338214874,-0.0006021000444889069,-0.0008909031748771667,0.0010876344418407039,-0.4498324990272522,0.19895191490650177,0.14877411723136902,-0.2484368085861206,0.5509538401895905,49.346157105,True,-0.00026347115635871887,0.00011920928955078125,-0.00036945566534996033,0.00010170042514801025,0.00047871737468045743,0.07966066896915436,0.10545644164085388,0.09571946412324905,0.061219554394483566,0.17161783221087099,ROA_1001_model33000_noise15,2467,2026-10-01_00-04-08,-0.016450103372335434,0.021566687151789665
0.0005767680704593658,0.00012926757335662842,-0.00033387914299964905,-0.0006583519279956818,0.0008611153838876743,-0.318389356136322,0.34348759055137634,0.25370436906814575,-0.16032065451145172,0.5524069841613082,-9.508803486824036e-05,-0.00014370307326316833,-0.0010409392416477203,-0.0007756054401397705,0.0013082241020784184,-0.36265698075294495,0.29666534066200256,0.23938621580600739,-0.1820167452096939,0.5566734537779338,-0.017189092934131622,0.0189360361546278,-0.013701876625418663,0.008544848300516605,-0.012606154195964336,0.010116714052855968,0.00015292316675186157,-0.00025741755962371826,-0.0006687827408313751,-0.0008810311555862427,0.0011122051525927143,-0.43747851252555847,0.19629019498825073,0.1407042145729065,-0.24624726176261902,0.5367268395660291,49.366156731000004,True,-0.00024745240807533264,0.00011334195733070374,-0.0003732740879058838,0.00010719522833824158,0.0004730650084418886,0.07463991641998291,0.10043288767337799,0.09882821887731552,0.06422214210033417,0.16920229087216587,ROA_1001_model33000_noise15,2468,2026-10-01_00-04-08,-0.016825495287775993,0.021056028082966805
0.0005736015737056732,0.00013168901205062866,-0.0003184191882610321,-0.000648200511932373,0.0008461185222189731,-0.3207530677318573,0.34733954071998596,0.2564685344696045,-0.16414372622966766,0.5585627123684914,-9.266659617424011e-05,-0.00014230608940124512,-0.0010298565030097961,-0.0007664784789085388,0.001293647224387454,-0.36454570293426514,0.30081623792648315,0.24204327166080475,-0.1862468123435974,0.5626548587188386,-0.017803872004151344,0.018749995157122612,-0.013954775407910347,0.00842469371855259,-0.013134285807609558,0.009860748425126076,0.00015012919902801514,-0.00025276094675064087,-0.0006533227860927582,-0.000870879739522934,0.0010948303374840424,-0.4394585192203522,0.19980034232139587,0.14342087507247925,-0.24938862025737762,0.5417431484386362,49.386154853,True,-0.00024493783712387085,0.00011110678315162659,-0.00037439167499542236,0.00010458752512931824,0.00047148510817771977,0.07477309554815292,0.10092462599277496,0.09872856736183167,0.06323214620351791,0.16900459540039015,ROA_1001_model33000_noise15,2469,2026-10-01_00-04-08,-0.017547570168972015,0.020890437066555023
0.0005642883479595184,0.00012246891856193542,-0.0002691522240638733,-0.0006376765668392181,0.0008046601580324485,-0.3230627477169037,0.34885478019714355,0.25907158851623535,-0.16523896157741547,0.5622829562801311,-0.00011781230568885803,-0.00015022233128547668,-0.0009762123227119446,-0.0007628463208675385,0.0012527239898185195,-0.36505329608917236,0.3028940260410309,0.24455878138542175,-0.18834415078163147,0.5658646802202084,-0.017944566905498505,0.01899058371782303,-0.013773838058114052,0.008622642606496811,-0.013201352208852768,0.009929398074746132,0.00013280659914016724,-0.00027026981115341187,-0.0005993060767650604,-0.0008548609912395477,0.001054706093198972,-0.4435814619064331,0.19978637993335724,0.14787445962429047,-0.24812574684619904,0.5462447481025309,49.406155855,True,-0.000251084566116333,0.00011799857020378113,-0.0003779307007789612,9.350478649139404e-05,0.0004759975000790706,0.07833074778318405,0.10303686559200287,0.09684077650308609,0.059842128306627274,0.1695213242723396,ROA_1001_model33000_noise15,2470,2026-10-01_00-04-08,-0.017884673550724983,0.02097063697874546
0.000546872615814209,0.00011045485734939575,-0.0002209097146987915,-0.0006505288183689117,0.0007748420197834276,-0.32549628615379333,0.34948715567588806,0.2625109553337097,-0.16813817620277405,0.5665713905833476,-0.0001600012183189392,-0.00016279518604278564,-0.0009262934327125549,-0.0007768161594867706,0.0012300818095285835,-0.3654416501522064,0.30492618680000305,0.24742631614208221,-0.19200797379016876,0.569674073053207,-0.017538059502840042,0.019438153132796288,-0.013239357620477676,0.009151903912425041,-0.012808912433683872,0.010397362522780895,9.974464774131775e-05,-0.000285077840089798,-0.0005465932190418243,-0.0008627772331237793,0.0010393294278045863,-0.4490855932235718,0.1976238489151001,0.15281978249549866,-0.24946032464504242,0.5516469027423866,49.426143929000006,True,-0.000261794775724411,0.00012293457984924316,-0.00037634745240211487,8.540228009223938e-05,0.00047968340918549826,0.08335895091295242,0.10717659443616867,0.09481608122587204,0.05755200609564781,0.17254330745776827,ROA_1001_model33000_noise15,2471,2026-10-01_00-04-08,-0.01749483309686184,0.021129297092556953
0.0005567446351051331,8.093193173408508e-05,-0.00023543834686279297,-0.0006564892828464508,0.0007773770521595631,-0.31508317589759827,0.33692827820777893,0.25503242015838623,-0.15804263949394226,0.5462992481127481,-0.00015543773770332336,-0.0001926906406879425,-0.0009494833648204803,-0.0007840804755687714,0.0012550788633984063,-0.3555798828601837,0.29231420159339905,0.23969168961048126,-0.18290428817272186,0.550188338651056,-0.01729007437825203,0.019488606601953506,-0.013055809773504734,0.009176893159747124,-0.01273772306740284,0.010375143960118294,0.00010784715414047241,-0.0003196299076080322,-0.0005668029189109802,-0.0008686445653438568,0.0010593834706860436,-0.43923500180244446,0.1847781091928482,0.14410540461540222,-0.24087819457054138,0.5326991567859679,49.446157635000006,True,-0.0002627260982990265,0.00012367963790893555,-0.0003825873136520386,8.689239621162415e-05,0.0004854900045050212,0.08348002284765244,0.10743363946676254,0.09571387618780136,0.058062370866537094,0.17337911197443778,ROA_1001_model33000_noise15,2472,2026-10-01_00-04-08,-0.017314860597252846,0.02073703519999981
0.000598374754190445,6.146728992462158e-05,-0.0002362765371799469,-0.0006479211151599884,0.0007801669392648166,-0.30016618967056274,0.3234669268131256,0.2430332750082016,-0.14773011207580566,0.5208560176382719,-0.00010691583156585693,-0.00021588057279586792,-0.0009642913937568665,-0.0007805414497852325,0.001259896371397755,-0.3403871953487396,0.27950945496559143,0.22759287059307098,-0.17321667075157166,0.525083766418049,-0.017019277438521385,0.01992843672633171,-0.01290910691022873,0.009527907706797123,-0.012649210169911385,0.010657445527613163,0.00015301629900932312,-0.00033602118492126465,-0.0005736947059631348,-0.000871904194355011,0.0010637880030852278,-0.4221424162387848,0.1725209802389145,0.12914370000362396,-0.23298150300979614,0.506312506805853,49.466155949000004,True,-0.0002586282789707184,0.00012293457984924316,-0.000392179936170578,9.220093488693237e-05,0.0004917851782208203,0.08158943802118301,0.10689906030893326,0.0985925942659378,0.059842128306627274,0.1741572486397877,ROA_1001_model33000_noise15,2473,2026-10-01_00-04-08,-0.017139781266450882,0.02119317650794983
0.000665523111820221,-5.21540641784668e-06,-0.0003195367753505707,-0.0006034970283508301,0.0008151486839691778,-0.28421634435653687,0.30838602781295776,0.22871698439121246,-0.13150739669799805,0.49083951021488464,-1.4342367649078369e-05,-0.00027995556592941284,-0.0010662712156772614,-0.0007431954145431519,0.0013113628599573982,-0.3263791799545288,0.2638576328754425,0.21325702965259552,-0.15788523852825165,0.496446778840173,-0.017326541244983673,0.019503463059663773,-0.013647343963384628,0.009109796956181526,-0.013354984112083912,0.010230334475636482,0.0002302229404449463,-0.0003957189619541168,-0.0006638467311859131,-0.0008354894816875458,0.0010824009483809574,-0.4029627740383148,0.1603187918663025,0.11224112659692764,-0.22024473547935486,0.47659880900936796,49.486173719,True,-0.00024670735001564026,0.0001148320734500885,-0.00040102750062942505,9.248033165931702e-05,0.0004911091388034204,0.07645413279533386,0.10347644984722137,0.10108853876590729,0.062366943806409836,0.17194553931263332,ROA_1001_model33000_noise15,2474,2026-10-01_00-04-08,-0.017161661759018898,0.020845254883170128
0.0007235445082187653,-3.3527612686157227e-05,-0.0003125518560409546,-0.0005933456122875214,0.000834756085822209,-0.2605020999908447,0.28725340962409973,0.2076662927865982,-0.1117568388581276,0.4487301738729791,5.941838026046753e-05,-0.0003086403012275696,-0.0010771676898002625,-0.0007472001016139984,0.0013174058982487959,-0.30378156900405884,0.24272221326828003,0.19196699559688568,-0.13925600051879883,0.4553592715500453,-0.017231354489922523,0.01966238208115101,-0.013773087412118912,0.009204084984958172,-0.013461309485137463,0.010277586989104748,0.00029979273676872253,-0.00041853636503219604,-0.0006651505827903748,-0.0008339062333106995,0.0010783132242000789,-0.3757346272468567,0.14200247824192047,0.08995550870895386,-0.20225903391838074,0.4349921487783368,49.506163810000004,True,-0.00024028122425079346,0.00010756775736808777,-0.0004110857844352722,8.773058652877808e-05,0.0004937588719557984,0.07189903408288956,0.10067968815565109,0.10201520472764969,0.06296392530202866,0.16888065299370614,ROA_1001_model33000_noise15,2475,2026-10-01_00-04-08,-0.016946686431765556,0.02130923978984356
0.0007092021405696869,-5.122274160385132e-05,-0.0002884306013584137,-0.0005928799510002136,0.0008049234851321482,-0.2575684189796448,0.28269457817077637,0.1978948563337326,-0.09850504994392395,0.43613020259015106,4.293397068977356e-05,-0.00032978132367134094,-0.0010561197996139526,-0.0007589347660541534,0.0013105373574596258,-0.3007175326347351,0.23870448768138885,0.18081161379814148,-0.12902729213237762,0.4434581084960573,-0.01748042367398739,0.019459985196590424,-0.014408642426133156,0.00907298643141985,-0.01404840312898159,0.010135083459317684,0.00028014183044433594,-0.0004393048584461212,-0.0006329268217086792,-0.0008324161171913147,0.0010651872895165663,-0.37460213899612427,0.13635680079460144,0.08217989653348923,-0.18776673078536987,0.42624449837707723,49.526154764000005,True,-0.00023655593395233154,0.00010915100574493408,-0.0004209578037261963,7.227063179016113e-05,0.0004969205553911132,0.07382407784461975,0.10227131843566895,0.09872204810380936,0.05882326140999794,0.16712359254840617,ROA_1001_model33000_noise15,2476,2026-10-01_00-04-08,-0.017117664217948914,0.020739559084177017
0.0006857328116893768,-9.30391252040863e-05,-0.00020693987607955933,-0.0005995854735374451,0.0007313350998502172,-0.2450551688671112,0.2644183039665222,0.17789936065673828,-0.07117912173271179,0.4015610876315769,-8.381903171539307e-06,-0.0003764405846595764,-0.0009794719517230988,-0.0007838942110538483,0.0012788442361516556,-0.28676167130470276,0.22240261733531952,0.15746986865997314,-0.10709091275930405,0.4096945476217874,-0.01802586391568184,0.020283272489905357,-0.015174168162047863,0.009656919166445732,-0.014707882888615131,0.01070321910083294,0.0002366490662097931,-0.0004909932613372803,-0.0005388632416725159,-0.0008303672075271606,0.0010392952992452605,-0.3665275573730469,0.11531635373830795,0.06640329957008362,-0.15725380182266235,0.4016100150772697,49.546173846,True,-0.00024475157260894775,0.00011455267667770386,-0.00044051557779312134,4.563480615615845e-05,0.0005131260086011794,0.07964390516281128,0.10703875869512558,0.09114760160446167,0.05022342875599861,0.16559707623392114,ROA_1001_model33000_noise15,2477,2026-10-01_00-04-08,-0.017674369737505913,0.02078719437122345
0.0006319023668766022,-6.0442835092544556e-05,-0.0001409091055393219,-0.0006330199539661407,0.0006806609145706052,-0.2614026665687561,0.27837231755256653,0.19024404883384705,-0.08190608769655228,0.4281283536082892,-9.071081876754761e-05,-0.00035082921385765076,-0.0009039416909217834,-0.0008206814527511597,0.0012588783633035482,-0.3008246421813965,0.23857130110263824,0.16847345232963562,-0.1187249943614006,0.4356432288828809,-0.017011376097798347,0.021234210580587387,-0.014116799458861351,0.010549667291343212,-0.013670826330780983,0.01160007156431675,0.0001691281795501709,-0.000469014048576355,-0.0004668720066547394,-0.0008541159331798553,0.0010358409239806631,-0.3865472674369812,0.12529361248016357,0.08209700882434845,-0.1648794710636139,0.4283370568786683,49.566158272,True,-0.0002590008080005646,0.00011818483471870422,-0.00043585896492004395,3.287568688392639e-05,0.0005149076871999191,0.08560995757579803,0.1132311224937439,0.08649192005395889,0.04619266465306282,0.1690315929293572,ROA_1001_model33000_noise15,2478,2026-10-01_00-04-08,-0.016937587410211563,0.021152252331376076
0.0006542541086673737,-8.558854460716248e-05,-0.00011147931218147278,-0.0006345100700855255,0.000668152123395185,-0.24896672368049622,0.263947993516922,0.17899459600448608,-0.06725918501615524,0.40310161694748803,-7.068738341331482e-05,-0.00037783756852149963,-0.0008816830813884735,-0.0008299946784973145,0.0012513624483492052,-0.28896796703338623,0.22499728202819824,0.15638209879398346,-0.10608694702386856,0.411964998513282,-0.016726819798350334,0.02243497036397457,-0.013845248147845268,0.01148828025907278,-0.013346998021006584,0.012524208053946495,0.0001912936568260193,-0.0004922039806842804,-0.0004348345100879669,-0.0008574686944484711,0.0010341958639364444,-0.3738524317741394,0.1116553246974945,0.07143337279558182,-0.15048588812351227,0.40734686670417536,49.586179594,True,-0.0002609565854072571,0.0001169741153717041,-0.0004470348358154297,2.5238841772079468e-05,0.000524073047418225,0.08476338535547256,0.1132497489452362,0.08507630974054337,0.04445667937397957,0.16731808231430725,ROA_1001_model33000_noise15,2479,2026-10-01_00-04-08,-0.01643054373562336,0.021833864971995354
0.0007364898920059204,-0.00012107193470001221,-0.0001695007085800171,-0.0006209127604961395,0.0007567341638941242,-0.21975579857826233,0.23762135207653046,0.154572531580925,-0.04466715827584267,0.3533301067556133,5.541369318962097e-05,-0.0004150904715061188,-0.0009635463356971741,-0.0008262693881988525,0.0012912585854057783,-0.26331469416618347,0.19800755381584167,0.1324126422405243,-0.08402112126350403,0.3647029189350816,-0.016611913219094276,0.023059258237481117,-0.013763772323727608,0.011952141299843788,-0.013207044452428818,0.012977535836398602,0.00029765069484710693,-0.0005149282515048981,-0.0005072914063930511,-0.0008597970008850098,0.0010532095402688874,-0.3386456370353699,0.09127146750688553,0.04220660403370857,-0.13334862887859344,0.3597057882843579,49.606155572000006,True,-0.00024531036615371704,0.00010030344128608704,-0.0004559755325317383,3.380700945854187e-05,0.0005236232533104417,0.07508788257837296,0.10660196840763092,0.09039416164159775,0.04943739250302315,0.16211734256024532,ROA_1001_model33000_noise15,2480,2026-10-01_00-04-08,-0.015910347923636436,0.022288473322987556
0.0007437542080879211,-0.00010337680578231812,-0.00018551945686340332,-0.0006279908120632172,0.0007718910734034463,-0.21777580678462982,0.238375723361969,0.15250499546527863,-0.04325899854302406,0.3514330578101302,8.177012205123901e-05,-0.00039888545870780945,-0.0009854324162006378,-0.000844709575176239,0.001314045699968062,-0.2631526291370392,0.19808392226696014,0.1296633780002594,-0.0833636075258255,0.3635139432825023,-0.01727466471493244,0.023331889882683754,-0.014225298538804054,0.011817669495940208,-0.013532484881579876,0.012886441312730312,0.0003191642463207245,-0.0004922039806842804,-0.0005253590643405914,-0.00087786465883255,0.00106538489996679,-0.33475735783576965,0.09361374378204346,0.038933008909225464,-0.13397261500358582,0.35624891413033466,49.626155262000005,True,-0.0002362765371799469,9.583309292793274e-05,-0.0004595145583152771,3.157183527946472e-05,0.0005217727307382592,0.07139425724744797,0.10431091487407684,0.09090173244476318,0.050704922527074814,0.15956961774563766,ROA_1001_model33000_noise15,2481,2026-10-01_00-04-08,-0.016138732433319092,0.022654453292489052
0.0007494352757930756,-0.00010868534445762634,-0.00019073486328125,-0.0006078742444515228,0.0007767817303697031,-0.21606962382793427,0.2381047159433365,0.15076994895935059,-0.04020519182085991,0.348769918696604,8.391216397285461e-05,-0.0004118308424949646,-0.0009709969162940979,-0.0008340924978256226,0.0012977253888545469,-0.2623880207538605,0.19719357788562775,0.12627895176410675,-0.08103064447641373,0.36075381615057683,-0.018621977418661118,0.02301744371652603,-0.015288098715245724,0.011359532363712788,-0.014553280547261238,0.012404746375977993,0.0003230758011341095,-0.0004998408257961273,-0.0005221925675868988,-0.0008527189493179321,0.0010440061880551117,-0.3345440924167633,0.09272991865873337,0.04053022339940071,-0.12858957052230835,0.3556865501797057,49.646152392000005,True,-0.00023962929844856262,8.903443813323975e-05,-0.0004470348358154297,1.825392246246338e-05,0.0005105962319828825,0.0721057876944542,0.10440870374441147,0.08579994738101959,0.04759709909558296,0.15646091676056342,ROA_1001_model33000_noise15,2482,2026-10-01_00-04-08,-0.017145298421382904,0.022241434082388878
0.0006065703928470612,-3.427267074584961e-05,-4.6100467443466187e-05,-0.0006777234375476837,0.0006794678635355821,-0.2556880712509155,0.27429312467575073,0.1833885759115219,-0.06894394755363464,0.4157165559322666,-0.00011976808309555054,-0.00034747645258903503,-0.0007706694304943085,-0.0009055249392986298,0.0012379110507661317,-0.29821041226387024,0.2356683760881424,0.15551596879959106,-0.1111375093460083,0.4253678288117355,-0.019435077905654907,0.023517554625868797,-0.015708932653069496,0.011594723910093307,-0.014919586479663849,0.012641463428735733,0.0001457519829273224,-0.00045318156480789185,-0.000346451997756958,-0.0008954666554927826,0.0010350570278668857,-0.38482990860939026,0.1199943870306015,0.08351727575063705,-0.1485021710395813,0.42322795029124616,49.666155858,True,-0.00026794150471687317,0.00010337680578231812,-0.00042440369725227356,-8.940696716308594e-06,0.000504239964899969,0.08649192005395889,0.11557619273662567,0.07210765033960342,0.03742985427379608,0.16265748878348937,ROA_1001_model33000_noise15,2483,2026-10-01_00-04-08,-0.018137671053409576,0.022085266187787056
0.0005512498319149017,-4.470348358154297e-06,4.433095455169678e-05,-0.0007029622793197632,0.0007071067988405728,-0.27040669322013855,0.2865726053714752,0.19365361332893372,-0.0753430649638176,0.43817446938067156,-0.00020517036318778992,-0.00032531097531318665,-0.0006479211151599884,-0.0009307637810707092,0.001197401924041299,-0.31155160069465637,0.24889594316482544,0.16421544551849365,-0.11819227784872055,0.44706561972902625,-0.020146876573562622,0.024441126734018326,-0.015920376405119896,0.01208092924207449,-0.015104084275662899,0.013118686154484749,7.82310962677002e-05,-0.00043530017137527466,-0.00023618340492248535,-0.0009023584425449371,0.0010181520724371947,-0.4040337800979614,0.12935976684093475,0.10099820047616959,-0.14883558452129364,0.4486926982080578,49.68615254,True,-0.00028209760785102844,0.00010896474123001099,-0.0004102475941181183,-2.8312206268310547e-05,0.0004994265381525927,0.0923164114356041,0.11944956332445145,0.06332714110612869,0.03068428300321102,0.16404381664389697,ROA_1001_model33000_noise15,2484,2026-10-01_00-04-08,-0.018860163167119026,0.02217356115579605
0.0004616566002368927,5.587935447692871e-05,0.00013653188943862915,-0.0007632188498973846,0.0007760285782715961,-0.2995384633541107,0.31372159719467163,0.21721979975700378,-0.09583122283220291,0.48782752218371994,-0.00032419338822364807,-0.0002689659595489502,-0.000516790896654129,-0.000993441790342331,0.00118643785323367,-0.3389734625816345,0.27748942375183105,0.18576903641223907,-0.13950280845165253,0.4957829012590079,-0.02034108340740204,0.025338880717754364,-0.01559352595359087,0.012593175284564495,-0.014745482243597507,0.013634094037115574,-2.8405338525772095e-05,-0.00038929283618927,-0.00012246891856193542,-0.0009459443390369415,0.001030416118768273,-0.43861380219459534,0.15172362327575684,0.1318845897912979,-0.16296467185020447,0.4987001093925424,49.706153703000005,True,-0.0002960674464702606,0.00011734664440155029,-0.0003937631845474243,-4.591420292854309e-05,0.0004938855705114467,0.09947269409894943,0.1256857067346573,0.05400180444121361,0.023526137694716454,0.1687206946651677,ROA_1001_model33000_noise15,2485,2026-10-01_00-04-08,-0.018893498927354813,0.022522911429405212
0.00045457854866981506,7.441267371177673e-05,0.00012703239917755127,-0.0007727183401584625,0.0007830906810547525,-0.3047650456428528,0.31957587599754333,0.22248271107673645,-0.09953323006629944,0.49770165487864965,-0.0003337860107421875,-0.00025210902094841003,-0.0005000270903110504,-0.0010055489838123322,0.0011852693092734522,-0.34542378783226013,0.28312578797340393,0.19024311006069183,-0.14316849410533905,0.5060548968437802,-0.02026420645415783,0.025630012154579163,-0.015192568302154541,0.012656047008931637,-0.014249956235289574,0.01375980768352747,-3.3620744943618774e-05,-0.00037159770727157593,-0.00011967495083808899,-0.0009499490261077881,0.001027517241849893,-0.44391489028930664,0.15743914246559143,0.140506774187088,-0.16431136429309845,0.5085284657267555,49.726154065,True,-0.0003020279109477997,0.00011576339602470398,-0.0003802590072154999,-5.457550287246704e-05,0.0004865534440320143,0.09831040352582932,0.12556742131710052,0.04986952617764473,0.02122577093541622,0.16655690781548896,ROA_1001_model33000_noise15,2486,2026-10-01_00-04-08,-0.01856433041393757,0.0226359274238348
0.0005197711288928986,6.30505383014679e-05,6.798654794692993e-05,-0.0007563270628452301,0.0007597078978069995,-0.28493067622184753,0.3024972975254059,0.20741669833660126,-0.08487700670957565,0.4647942341927531,-0.00024568289518356323,-0.0002571381628513336,-0.0005495734512805939,-0.0009913928806781769,0.001184872830669931,-0.32885369658470154,0.26411840319633484,0.17603206634521484,-0.12739281356334686,0.4743685065737551,-0.020292041823267937,0.02541707269847393,-0.015030505135655403,0.01225055567920208,-0.013935350812971592,0.013521851040422916,5.373731255531311e-05,-0.00036368146538734436,-0.00017937272787094116,-0.0009355135262012482,0.001014669038882734,-0.4196166694164276,0.14494173228740692,0.1259082853794098,-0.15023909509181976,0.47608677573766567,49.746151739000005,True,-0.00029597431421279907,0.00010710209608078003,-0.0003703869879245758,-5.541369318962097e-05,0.0004747416317689474,0.09059812128543854,0.11905188858509064,0.05026254430413246,0.022950580343604088,0.1575442127934378,ROA_1001_model33000_noise15,2487,2026-10-01_00-04-08,-0.018391497433185577,0.022240569815039635
0.0006100162863731384,-8.847564458847046e-06,-3.2316893339157104e-05,-0.0006823800504207611,0.000684563101237821,-0.2622073292732239,0.28188246488571167,0.1913849115371704,-0.06870273500680923,0.427180004010515,-0.00013140961527824402,-0.00031925737857818604,-0.0006407499313354492,-0.0009247101843357086,0.0011746679331740017,-0.3093741834163666,0.24196039140224457,0.16063357889652252,-0.11049210280179977,0.43835454966837145,-0.019837237894535065,0.024426467716693878,-0.014696130529046059,0.011618119664490223,-0.013450674712657928,0.013092593289911747,0.0001630745828151703,-0.0004178844392299652,-0.0002816319465637207,-0.0008667819201946259,0.000980868761977593,-0.3918381333351135,0.1284899115562439,0.10932794958353043,-0.1347539871931076,0.4385771416855127,49.766152773,True,-0.0002958811819553375,9.955838322639465e-05,-0.0003602355718612671,-5.7928264141082764e-05,0.00046655792045158516,0.08233356475830078,0.11338851600885391,0.05142110958695412,0.02431962452828884,0.14903534520188508,ROA_1001_model33000_noise15,2488,2026-10-01_00-04-08,-0.01780676282942295,0.021243492141366005
0.0006015412509441376,1.862645149230957e-07,-0.00010132789611816406,-0.0006293877959251404,0.0006701707595482547,-0.26912426948547363,0.2913540005683899,0.19496585428714752,-0.0712936744093895,0.4394094534780406,-0.00012312084436416626,-0.00030994415283203125,-0.0007008202373981476,-0.0008728355169296265,0.0011641853910775892,-0.31847038865089417,0.2505350708961487,0.1646689921617508,-0.11251679807901382,0.45146747257713093,-0.01947750523686409,0.022668488323688507,-0.014406966976821423,0.010043187998235226,-0.013170776888728142,0.01157208438962698,0.00016763806343078613,-0.00040549784898757935,-0.0003512948751449585,-0.0008140690624713898,0.0009441247146678723,-0.39586421847343445,0.13963598012924194,0.11198780685663223,-0.1378227025270462,0.44740948681996284,49.786151407000006,True,-0.0002927146852016449,9.685754776000977e-05,-0.00034961849451065063,-5.755573511123657e-05,0.0004563564854094131,0.07726810872554779,0.11080968379974365,0.05278642848134041,0.025400890037417412,0.14477597696090258,ROA_1001_model33000_noise15,2489,2026-10-01_00-04-08,-0.017399463802576065,0.019748015329241753
0.0005850568413734436,1.685693860054016e-05,-0.00012703239917755127,-0.0006258487701416016,0.0006827336285706368,-0.2742800712585449,0.2975817620754242,0.1999102383852005,-0.07611513137817383,0.44963013932308127,-0.0001409091055393219,-0.0002927146852016449,-0.0007109716534614563,-0.0008662231266498566,0.001164430777877053,-0.3243218958377838,0.25650206208229065,0.16984155774116516,-0.11648516356945038,0.46177478068737843,-0.01903776079416275,0.021593432873487473,-0.014185722917318344,0.009382789954543114,-0.012972413562238216,0.010942650958895683,0.00015795230865478516,-0.0003894791007041931,-0.00037336722016334534,-0.0008082017302513123,0.0009407300115041157,-0.4004631042480469,0.14609470963478088,0.11809821426868439,-0.1419251710176468,0.4563792527994745,49.806156153,True,-0.0002956017851829529,9.462237358093262e-05,-0.0003370456397533417,-5.904585123062134e-05,0.0004486924479461358,0.07597636431455612,0.11032725870609283,0.05187838897109032,0.025462357327342033,0.14348108945619456,ROA_1001_model33000_noise15,2490,2026-10-01_00-04-08,-0.017227744683623314,0.018687743693590164
0.0005437992513179779,5.19677996635437e-05,-0.00011762604117393494,-0.0006319954991340637,0.0006843913195178952,-0.2867085635662079,0.3091161847114563,0.2090129852294922,-0.08388607949018478,0.4701443841686679,-0.00019278377294540405,-0.00026151537895202637,-0.0006846152245998383,-0.0008697621524333954,0.0011535350352907358,-0.335945725440979,0.2689463794231415,0.1793028712272644,-0.1235799789428711,0.4820992514527004,-0.019108999520540237,0.020833561196923256,-0.014366298913955688,0.008840512484312057,-0.013191853649914265,0.01043129712343216,0.00010933727025985718,-0.00035976991057395935,-0.0003569759428501129,-0.0008045695722103119,0.000928340564120275,-0.41466763615608215,0.15563423931598663,0.1299576759338379,-0.14706701040267944,0.4768470929223642,49.826152227,True,-0.00030063092708587646,0.00010048970580101013,-0.00032885000109672546,-6.351619958877563e-05,0.0004460845949870594,0.0785617083311081,0.11320318281650543,0.049501653760671616,0.023550352081656456,0.1460528487751411,ROA_1001_model33000_noise15,2491,2026-10-01_00-04-08,-0.017628522589802742,0.017856527119874954
0.0005424953997135162,4.153698682785034e-05,-0.00012563541531562805,-0.0006122514605522156,0.0006694737271311341,-0.2910494804382324,0.3101825714111328,0.2107703983783722,-0.08553079515695572,0.47475388213713554,-0.00021159648895263672,-0.00027725473046302795,-0.0006755813956260681,-0.0008470378816127777,0.001138189916170901,-0.3379611074924469,0.2717440724372864,0.1818239539861679,-0.12435763329267502,0.4861653969935814,-0.018842795863747597,0.020263921469449997,-0.014432611875236034,0.008694514632225037,-0.013239216059446335,0.010375463403761387,9.98377799987793e-05,-0.00038063153624534607,-0.00035474076867103577,-0.0007733702659606934,0.0009078180636739316,-0.4215426445007324,0.15434156358242035,0.1359451562166214,-0.14472472667694092,0.483841365658207,49.846151853,True,-0.0003119930624961853,0.00010132789611816406,-0.0003213062882423401,-7.217749953269958e-05,0.0004482854630813826,0.08337105810642242,0.11730100214481354,0.046045515686273575,0.020423902198672295,0.1504776090744696,ROA_1001_model33000_noise15,2492,2026-10-01_00-04-08,-0.017583340406417847,0.017160549759864807
0.0005017966032028198,7.338821887969971e-05,-0.00012936070561408997,-0.000604335218667984,0.0006673751381917058,-0.3108661472797394,0.328317254781723,0.22325384616851807,-0.09801703691482544,0.5066903951460817,-0.00026961788535118103,-0.00024512410163879395,-0.0006760470569133759,-0.0008360482752323151,0.0011340303094825336,-0.35588255524635315,0.29108113050460815,0.19558611512184143,-0.13577379286289215,0.5174863471501824,-0.017966102808713913,0.01962393708527088,-0.013658133335411549,0.008188527077436447,-0.012588654644787312,0.009822840802371502,5.0012022256851196e-05,-0.0003565102815628052,-0.0003548339009284973,-0.0007621943950653076,0.0008959277521012379,-0.44330206513404846,0.1699644923210144,0.14939065277576447,-0.15540048480033875,0.5145134541767737,49.866154999,True,-0.00032121315598487854,0.00011138617992401123,-0.0003205612301826477,-7.404014468193054e-05,0.0004546489631908376,0.08716526627540588,0.12095551192760468,0.046405937522649765,0.019744036719202995,0.15538323143348806,ROA_1001_model33000_noise15,2493,2026-10-01_00-04-08,-0.016817672178149223,0.016919925808906555
0.0004909932613372803,9.285286068916321e-05,-0.00014584511518478394,-0.0006019137799739838,0.00067870105999024,-0.32049229741096497,0.33785587549209595,0.23101362586021423,-0.10754446685314178,0.5242949644456324,-0.00028330832719802856,-0.00022407621145248413,-0.0007056631147861481,-0.0008266419172286987,0.0011433916785698911,-0.364946186542511,0.30082184076309204,0.20540876686573029,-0.14366768300533295,0.5349827348687225,-0.01710202544927597,0.01912504993379116,-0.012977897189557552,0.007821165956556797,-0.01199741568416357,0.009441245347261429,3.8929283618927e-05,-0.00033872202038764954,-0.0003802590072154999,-0.0007613562047481537,0.0008997204688147554,-0.45238620042800903,0.17902253568172455,0.15445704758167267,-0.16639193892478943,0.5292923807519537,49.886151137000006,True,-0.0003214925527572632,0.00011390075087547302,-0.0003242865204811096,-6.26780092716217e-05,0.0004581426030540548,0.0872686430811882,0.12170429527759552,0.05108490213751793,0.022784804925322533,0.15759609778046152,ROA_1001_model33000_noise15,2494,2026-10-01_00-04-08,-0.016180694103240967,0.016925295814871788
0.0005301088094711304,7.050111889839172e-05,-0.0001955777406692505,-0.0005870126187801361,0.0006980985973177268,-0.3118962049484253,0.33026185631752014,0.22431275248527527,-0.10351090878248215,0.5105694183471284,-0.00023366883397102356,-0.0002405606210231781,-0.0007789582014083862,-0.0008056871592998505,0.001169776753097332,-0.3567356467247009,0.2920404076576233,0.20124389231204987,-0.13753119111061096,0.5211667643372286,-0.01617608219385147,0.018489135429263115,-0.012352649122476578,0.007665248587727547,-0.011526289395987988,0.009199002757668495,8.791685104370117e-05,-0.000352226197719574,-0.0004464760422706604,-0.0007566064596176147,0.0009188433229101222,-0.44149065017700195,0.1736525297164917,0.14338642358779907,-0.16589833796024323,0.5141098793082929,49.906150028000006,True,-0.00031944364309310913,0.00011082738637924194,-0.0003335997462272644,-4.991888999938965e-05,0.00046377594355605933,0.0845789834856987,0.11829006671905518,0.05798507109284401,0.028448177501559258,0.15655243228932167,ROA_1001_model33000_noise15,2495,2026-10-01_00-04-08,-0.01566288247704506,0.016365105286240578
0.0005372799932956696,7.664784789085388e-05,-0.0002132263034582138,-0.0005888752639293671,0.0007144185812194593,-0.3137206435203552,0.33256036043167114,0.22764550149440765,-0.10874634236097336,0.5159134063983506,-0.00021960586309432983,-0.0002302229404449463,-0.0008125323802232742,-0.0008001923561096191,0.001183914828666163,-0.3587901294231415,0.2935566008090973,0.20638573169708252,-0.14111772179603577,0.5263624945835961,-0.01540681067854166,0.018400682136416435,-0.011566877365112305,0.007648942060768604,-0.010843669064342976,0.009143010713160038,9.909272193908691e-05,-0.00034011900424957275,-0.00047441571950912476,-0.0007642898708581924,0.000932793863038235,-0.441143274307251,0.177533358335495,0.14305812120437622,-0.17404648661613464,0.5167156980112442,49.926155552000004,True,-0.000315345823764801,0.00010877847671508789,-0.0003396999090909958,-3.59024852514267e-05,0.0004660829756420405,0.08221528679132462,0.11593940854072571,0.06345053762197495,0.03298977389931679,0.15631008496149887,ROA_1001_model33000_noise15,2496,2026-10-01_00-04-08,-0.015243629924952984,0.016304610297083855
0.0005706213414669037,7.050111889839172e-05,-0.00023888424038887024,-0.0005955807864665985,0.0007443430082380376,-0.31489503383636475,0.33468565344810486,0.22989743947982788,-0.1143864318728447,0.5205083708716813,-0.00017685815691947937,-0.00023348256945610046,-0.0008618459105491638,-0.0008037779480218887,0.001213367285825832,-0.35897547006607056,0.2957768738269806,0.2101752758026123,-0.14558061957359314,0.5304394538706135,-0.01492526289075613,0.018666017800569534,-0.011103346943855286,0.008069345727562904,-0.010529657825827599,0.009462890215218067,0.00013317912817001343,-0.0003441236913204193,-0.0005123205482959747,-0.000777142122387886,0.0009577194575707256,-0.4409700334072113,0.18000973761081696,0.1417510211467743,-0.18235155940055847,0.5186531636145755,49.946152596000005,True,-0.00031227245926856995,0.0001103617250919342,-0.00034742988646030426,-2.6496127247810364e-05,0.00047040696275295633,0.08178967237472534,0.11563114076852798,0.0685565173625946,0.0368533656001091,0.15861542892309738,ROA_1001_model33000_noise15,2497,2026-10-01_00-04-08,-0.01491331122815609,0.016883190721273422
0.0005834735929965973,5.122274160385132e-05,-0.000256858766078949,-0.0005957670509815216,0.000752681234923463,-0.31211599707603455,0.33144092559814453,0.23206555843353271,-0.11728330701589584,0.5184930666314762,-0.00017136335372924805,-0.00024344772100448608,-0.0008851289749145508,-0.0008004717528820038,0.0012283223852363773,-0.35569441318511963,0.29214656352996826,0.21337157487869263,-0.14787399768829346,0.528130957971667,-0.01448704581707716,0.01859011873602867,-0.010711674578487873,0.008227961137890816,-0.010188380256295204,0.009595539420843124,0.00014407560229301453,-0.00036247074604034424,-0.0005350913852453232,-0.0007805414497852325,0.0009740383205513008,-0.4385858476161957,0.1765284538269043,0.14207790791988373,-0.18675623834133148,0.5162019043049079,49.966162857,True,-0.0003123655915260315,0.00011492520570755005,-0.000353250652551651,-1.9418075680732727e-05,0.0004757333507477889,0.08270050585269928,0.11550913751125336,0.07143942266702652,0.03896746784448624,0.1606995337315965,ROA_1001_model33000_noise15,2498,2026-10-01_00-04-08,-0.01445744838565588,0.016763878986239433
0.0006365589797496796,1.7136335372924805e-05,-0.0002941582351922989,-0.0005963258445262909,0.0007887539808410665,-0.30087584257125854,0.3209998607635498,0.22678960859775543,-0.11530192196369171,0.5025384967966368,-0.00011809170246124268,-0.0002773478627204895,-0.0009402167052030563,-0.0007963273674249649,0.0012615649634766162,-0.3440314829349518,0.28114205598831177,0.20947864651679993,-0.14497525990009308,0.5118469378605339,-0.01397370919585228,0.018807535991072655,-0.010324433445930481,0.008691131137311459,-0.00984575878828764,0.010019101202487946,0.00019706785678863525,-0.00039087608456611633,-0.0005819369107484818,-0.0007879920303821564,0.0010027481253566534,-0.4266127645969391,0.16712117195129395,0.13371789455413818,-0.1873052567243576,0.4996188097879384,49.986158973,True,-0.0003155320882797241,0.00011445954442024231,-0.0003559514880180359,-7.35744833946228e-06,0.00048104371411502195,0.08244066685438156,0.11401157081127167,0.07584970444440842,0.04238076135516167,0.16228313272124434,ROA_1001_model33000_noise15,2499,2026-10-01_00-04-08,-0.013899743556976318,0.017172234132885933
0.0007205642759799957,-4.544854164123535e-05,-0.0003631226718425751,-0.0005607958883047104,0.0008502548119728133,-0.2767760157585144,0.2985075116157532,0.2104691118001938,-0.10152626037597656,0.4633569676033578,-3.725290298461914e-06,-0.0003330409526824951,-0.0010343268513679504,-0.000757584348320961,0.0012982454067975834,-0.3223409652709961,0.2566240727901459,0.1951320916414261,-0.13059702515602112,0.4739285758325755,-0.013406842947006226,0.018692048266530037,-0.009935292415320873,0.008735796436667442,-0.009475967846810818,0.01007762085646391,0.0002975575625896454,-0.0004369765520095825,-0.0006701331585645676,-0.0007661525160074234,0.0010293519966085027,-0.397810697555542,0.14876388013362885,0.11152121424674988,-0.1787305772304535,0.4589776146469072,50.006153841,True,-0.0003024935722351074,0.00010598450899124146,-0.00036587007343769073,8.149072527885437e-06,0.0004805760458942864,0.07526576519012451,0.10776332765817642,0.0837729275226593,0.04819547384977341,0.15960512245778327,ROA_1001_model33000_noise15,2500,2026-10-01_00-04-08,-0.013131389394402504,0.01712963916361332
0.0007800757884979248,-0.00011185184121131897,-0.0004219822585582733,-0.0005333684384822845,0.0009070373143452225,-0.2592978775501251,0.2814391553401947,0.20014633238315582,-0.09205052256584167,0.435215263336162,6.332993507385254e-05,-0.00039320439100265503,-0.001103617250919342,-0.0007288064807653427,0.001333461636196696,-0.30640605092048645,0.23880134522914886,0.18509383499622345,-0.12130522727966309,0.44680839584527976,-0.013049129396677017,0.01801360212266445,-0.009770139120519161,0.008497352711856365,-0.009338212199509144,0.0098291439935565,0.00036032870411872864,-0.0004965811967849731,-0.0007347669452428818,-0.0007453840225934982,0.001053853519135881,-0.3788284659385681,0.13308319449424744,0.09906291216611862,-0.17137451469898224,0.43129395421388256,50.026158757000005,True,-0.00029550865292549133,0.00010523945093154907,-0.0003677327185869217,1.5227124094963074e-05,0.00047827460173431157,0.0722687691450119,0.10560265928506851,0.08613522350788116,0.05015218257904053,0.1584841843315687,ROA_1001_model33000_noise15,2501,2026-10-01_00-04-08,-0.012487580068409443,0.01629755087196827
0.0008010305464267731,-0.00014221295714378357,-0.0004309695214033127,-0.0005195848643779755,0.0009214334877680747,-0.25429853796958923,0.2759014964103699,0.19456492364406586,-0.08591356873512268,0.4247459388213068,9.052455425262451e-05,-0.0004188157618045807,-0.0011198688298463821,-0.0007160473614931107,0.0013384102080179262,-0.301661878824234,0.23312120139598846,0.17962510883808136,-0.11615780740976334,0.4368735449997666,-0.013143335469067097,0.01793108694255352,-0.00988597422838211,0.008330062963068485,-0.009471841156482697,0.009657968766987324,0.00038351863622665405,-0.0005267560482025146,-0.0007473863661289215,-0.0007322058081626892,0.0010531130083022485,-0.3734920024871826,0.1281900256872177,0.09224935621023178,-0.16609439253807068,0.42172449836787945,50.046152985000006,True,-0.0002937391400337219,0.0001064501702785492,-0.00037294812500476837,1.7601996660232544e-05,0.00048153121622375894,0.07170159369707108,0.10488181561231613,0.08749309182167053,0.04997290298342705,0.15825444327743443,ROA_1001_model33000_noise15,2502,2026-10-01_00-04-08,-0.012689817696809769,0.01594478264451027
0.0007811933755874634,-0.0001414678990840912,-0.00038924627006053925,-0.0005326233804225922,0.0008839652280477726,-0.25957170128822327,0.2801269292831421,0.19608670473098755,-0.08626887202262878,0.4313363133706067,5.727633833885193e-05,-0.0004182569682598114,-0.0010734423995018005,-0.000728340819478035,0.0013118989618602303,-0.3057243227958679,0.23807863891124725,0.1805000901222229,-0.11790729314088821,0.44315566782371757,-0.013293839059770107,0.01835574023425579,-0.010015767067670822,0.008634948171675205,-0.009603126905858517,0.009958738461136818,0.00035278499126434326,-0.0005300156772136688,-0.0006987713277339935,-0.0007411930710077286,0.001034345772370792,-0.3806073069572449,0.13098399341106415,0.09532737731933594,-0.1644403636455536,0.42958718671215246,50.066156813000006,True,-0.00029690563678741455,0.0001103617250919342,-0.00037355348467826843,1.4295801520347595e-05,0.000483984161973204,0.07475074380636215,0.10708532482385635,0.0852714255452156,0.04654517024755478,0.15882774084741091,ROA_1001_model33000_noise15,2503,2026-10-01_00-04-08,-0.012918620370328426,0.01602635346353054
0.0007927417755126953,-0.00017723068594932556,-0.00038705766201019287,-0.0005217734724283218,0.0008866129963762014,-0.2513890862464905,0.2708137035369873,0.18912646174430847,-0.07817009091377258,0.41550462560264667,6.146728992462158e-05,-0.0004498288035392761,-0.0010709278285503387,-0.0007194466888904572,0.0013071805108717215,-0.29706767201423645,0.2294592410326004,0.17314869165420532,-0.11056288331747055,0.4276050105617495,-0.013120592571794987,0.01860608533024788,-0.009881689213216305,0.00895624328404665,-0.009505125693976879,0.010248366743326187,0.00035976991057395935,-0.0005637295544147491,-0.0006936490535736084,-0.0007282942533493042,0.0010267744759901094,-0.3730645179748535,0.12130755186080933,0.08920393139123917,-0.15537719428539276,0.416120389432495,50.086152577,True,-0.0003000721335411072,0.0001150183379650116,-0.00037509016692638397,9.73232090473175e-06,0.00048707353665551986,0.07580406963825226,0.10822246968746185,0.08406023681163788,0.0448254831135273,0.158893905396408,ROA_1001_model33000_noise15,2504,2026-10-01_00-04-08,-0.01265344861894846,0.0160019900649786
0.0009028241038322449,-0.0002567656338214874,-0.000459328293800354,-0.0004616100341081619,0.0010132114226828917,-0.21490825712680817,0.23590120673179626,0.1568365842103958,-0.047061122953891754,0.35037100910509483,0.00020796433091163635,-0.0005212612450122833,-0.0011704396456480026,-0.0006635207682847977,0.0013480270325609384,-0.26308372616767883,0.19360890984535217,0.1424308866262436,-0.0792778953909874,0.3645947974281837,-0.01311544980853796,0.018537074327468872,-0.00995052233338356,0.009089929051697254,-0.00971527025103569,0.010279626585543156,0.0004952773451805115,-0.0006262212991714478,-0.0007838942110538483,-0.0006841495633125305,0.0010421849742824972,-0.33032891154289246,0.09219254553318024,0.05245301499962807,-0.1284959614276886,0.35442733308842495,50.106153526,True,-0.00028582289814949036,0.00010635703802108765,-0.0003880355507135391,1.7462298274040222e-05,0.00048822257793369706,0.06713252514600754,0.10134651511907578,0.09007751196622849,0.04925950989127159,0.15459644906245232,ROA_1001_model33000_noise15,2505,2026-10-01_00-04-08,-0.012429474852979183,0.015833333134651184
0.0009601935744285583,-0.0003055669367313385,-0.0005003064870834351,-0.00042729079723358154,0.0010859544790925736,-0.19724200665950775,0.2186829149723053,0.14120246469974518,-0.031735748052597046,0.31892487475786685,0.0002777203917503357,-0.0005683861672878265,-0.0012205448001623154,-0.0006347429007291794,0.0013758440259195941,-0.2465164214372635,0.1760115772485733,0.12711668014526367,-0.06406567990779877,0.33410405711831703,-0.013118475675582886,0.018082456663250923,-0.010016970336437225,0.00896376185119152,-0.009943770244717598,0.010012874379754066,0.0005581416189670563,-0.000674370676279068,-0.0008279923349618912,-0.0006526242941617966,0.001054935814246882,-0.310806542634964,0.07662922143936157,0.0354573130607605,-0.11466722190380096,0.32668414133673757,50.126155370000006,True,-0.00028079375624656677,0.0001037493348121643,-0.00039301812648773193,1.7741695046424866e-05,0.0004889039619545891,0.0641457736492157,0.09939353168010712,0.09173480421304703,0.05062063783407211,0.1533139812367549,ROA_1001_model33000_noise15,2506,2026-10-01_00-04-08,-0.01215178519487381,0.015357346273958683
0.0009610317647457123,-0.0003187917172908783,-0.000496208667755127,-0.0004149042069911957,0.001086709134638279,-0.19542592763900757,0.21648405492305756,0.1378576159477234,-0.028057022020220757,0.3143956976337575,0.0002834014594554901,-0.0005812384188175201,-0.001224549487233162,-0.0006264075636863708,0.0013755381417389818,-0.24447216093540192,0.1744348406791687,0.12334202975034714,-0.06095273047685623,0.3297276027163324,-0.012869838625192642,0.017803067341446877,-0.009974979795515537,0.008700382895767689,-0.009863466024398804,0.009761716239154339,0.0005593523383140564,-0.000685080885887146,-0.0008268747478723526,-0.0006440561264753342,0.001048787782392563,-0.3086104989051819,0.07416028529405594,0.031600240617990494,-0.11120456457138062,0.32295931934056105,50.146155646000004,True,-0.0002767890691757202,0.00010468065738677979,-0.0003977213054895401,1.6670674085617065e-05,0.0004902325974693574,0.06401166319847107,0.10021588951349258,0.09184609353542328,0.050305385142564774,0.15358673349326676,ROA_1001_model33000_noise15,2507,2026-10-01_00-04-08,-0.01186954416334629,0.015112844295799732
0.0009232200682163239,-0.00029513612389564514,-0.00045923516154289246,-0.00043725594878196716,0.001034274116139783,-0.2007949948310852,0.2212701290845871,0.1405724287033081,-0.02960953675210476,0.3222103913017064,0.00024046748876571655,-0.0005547888576984406,-0.0011859927326440811,-0.0006515998393297195,0.0013546673259788309,-0.24896766245365143,0.17986539006233215,0.12536951899528503,-0.06319721788167953,0.33710397792846597,-0.012645410373806953,0.018269743770360947,-0.009843871928751469,0.008941429667174816,-0.00961857195943594,0.010064860805869102,0.0005185604095458984,-0.0006643123924732208,-0.0007885973900556564,-0.0006631482392549515,0.0010317318388701727,-0.3148317039012909,0.0783996656537056,0.03495858982205391,-0.11229561269283295,0.33071595755032307,50.166152114000006,True,-0.00027837231755256653,0.00010887160897254944,-0.00039837323129177094,1.3271346688270569e-05,0.0004916384952552746,0.06572902202606201,0.1015048399567604,0.09048869460821152,0.049114689230918884,0.15404095689937192,ROA_1001_model33000_noise15,2508,2026-10-01_00-04-08,-0.011783171445131302,0.015363230369985104
0.0008963979780673981,-0.000279303640127182,-0.0004326924681663513,-0.00045546330511569977,0.0009973745865091753,-0.20702648162841797,0.2272268682718277,0.1441701203584671,-0.032032839953899384,0.3318176983810667,0.0002078711986541748,-0.0005405396223068237,-0.0011514872312545776,-0.0006716698408126831,0.001337011818737554,-0.2544093728065491,0.18665193021297455,0.12788735330104828,-0.066366046667099,0.3462884338484622,-0.012869137339293957,0.018471509218215942,-0.010151954367756844,0.009095199406147003,-0.009840876795351505,0.01024504192173481,0.0004877336323261261,-0.0006522051990032196,-0.0007561873644590378,-0.0006787944585084915,0.001023141031067305,-0.3222105801105499,0.08330772817134857,0.04027923196554184,-0.11323624849319458,0.340175728305949,50.186152806,True,-0.00027976930141448975,0.00011306256055831909,-0.00039748847484588623,5.168840289115906e-06,0.0004911574372749516,0.06766244769096375,0.10326503962278366,0.08770915865898132,0.04692375287413597,0.1538671194745961,ROA_1001_model33000_noise15,2509,2026-10-01_00-04-08,-0.011991267092525959,0.015441604889929295
0.0008922070264816284,-0.0002712942659854889,-0.00042030587792396545,-0.00046030618250370026,0.0009879816809955668,-0.20937806367874146,0.2296818345785141,0.14517129957675934,-0.032333191484212875,0.3353095048685841,0.0002016313374042511,-0.0005302950739860535,-0.0011388212442398071,-0.0006779562681913376,0.0013297384419645342,-0.25665199756622314,0.18928757309913635,0.12846709787845612,-0.06699003279209137,0.34968046395241503,-0.013030695728957653,0.018785787746310234,-0.010296314023435116,0.009252571500837803,-0.009928778745234013,0.01041029579937458,0.00048195943236351013,-0.0006430782377719879,-0.0007403548806905746,-0.0006837770342826843,0.0010165671222421575,-0.32464319467544556,0.08547677844762802,0.041668299585580826,-0.11311377584934235,0.34337211698535797,50.206154522000006,True,-0.00028135254979133606,0.00011576339602470398,-0.0003957189619541168,2.60770320892334e-06,0.0004906322278183926,0.06785988807678223,0.10371114313602448,0.08688586950302124,0.04617636650800705,0.15354863696631618,ROA_1001_model33000_noise15,2510,2026-10-01_00-04-08,-0.01208549179136753,0.01580725610256195
0.0009493902325630188,-0.00031087547540664673,-0.000451086089015007,-0.00043688341975212097,0.0010566093505144658,-0.1892726719379425,0.210397869348526,0.12832646071910858,-0.016187317669391632,0.3008151719143918,0.0002769753336906433,-0.000566430389881134,-0.0011796597391366959,-0.0006604939699172974,0.0013525596691491733,-0.2378169298171997,0.1692306101322174,0.11224950850009918,-0.0505116730928421,0.316004569355227,-0.013077855110168457,0.019008895382285118,-0.010402457788586617,0.009441729635000229,-0.009987927041947842,0.010626479052007198,0.0005509704351425171,-0.0006735324859619141,-0.0007801689207553864,-0.0006658490747213364,0.0010262504824574336,-0.30146723985671997,0.06941612809896469,0.022836027666926384,-0.0989655926823616,0.3128289668662807,50.226154446,True,-0.00027334317564964294,0.0001085922122001648,-0.0003978610038757324,3.818422555923462e-06,0.0004871620738596587,0.06352458149194717,0.09973346441984177,0.08950242400169373,0.04852283373475075,0.1511715675698922,ROA_1001_model33000_noise15,2511,2026-10-01_00-04-08,-0.012130486778914928,0.015886234119534492
0.000951811671257019,-0.0002998858690261841,-0.0004590023308992386,-0.0004421919584274292,0.0010605338335449,-0.18979701399803162,0.21188612282276154,0.12762658298015594,-0.0153956925496459,0.3017528789227686,0.0002911314368247986,-0.0005556270480155945,-0.0011857599020004272,-0.0006659422069787979,0.0013601205738495823,-0.2390444129705429,0.17048697173595428,0.11116684973239899,-0.0498858243227005,0.31711764855711533,-0.013277621939778328,0.019222110509872437,-0.010605406947433949,0.009533041156828403,-0.010128466412425041,0.010758403688669205,0.0005612149834632874,-0.0006608664989471436,-0.0007892027497291565,-0.0006731599569320679,0.0010373028059198102,-0.30034780502319336,0.0723348930478096,0.021582001820206642,-0.0991756021976471,0.31237455860834024,50.246166211,True,-0.00026905909180641174,0.00010775402188301086,-0.0003972090780735016,3.864988684654236e-06,0.00048409917396771603,0.0611916147172451,0.09807105362415314,0.08966074883937836,0.04932423681020737,0.1494709636664402,ROA_1001_model33000_noise15,2512,2026-10-01_00-04-08,-0.012269744649529457,0.01597212627530098
0.0009560957551002502,-0.00030212104320526123,-0.00047655776143074036,-0.00044102780520915985,0.0010716357081045893,-0.18886755406856537,0.2117631882429123,0.12645171582698822,-0.013955867849290371,0.3004009263313666,0.00030798837542533875,-0.0005503185093402863,-0.0012050848454236984,-0.0006690621376037598,0.0013783611431586221,-0.2388758510351181,0.1701330691576004,0.1097419261932373,-0.04848185554146767,0.3160657786781986,-0.013050084933638573,0.01909661665558815,-0.01040584221482277,0.009367603808641434,-0.009890257380902767,0.010611709207296371,0.0005710870027542114,-0.0006567686796188354,-0.0008089933544397354,-0.0006760936230421066,0.001054742776478358,-0.29807910323143005,0.0733816996216774,0.019321683794260025,-0.09928689897060394,0.31018576488196764,50.266154615000005,True,-0.00026365742087364197,0.00010794028639793396,-0.0003975816071033478,7.683411240577698e-06,0.000481760086410468,0.059077512472867966,0.09667686372995377,0.09050825238227844,0.050859056413173676,0.14873747110466373,ROA_1001_model33000_noise15,2513,2026-10-01_00-04-08,-0.012062100693583488,0.01576065830886364
0.000962521880865097,-0.00029206275939941406,-0.0004872214049100876,-0.0004437752068042755,0.0010810111774216006,-0.18870270252227783,0.21268053352832794,0.12612295150756836,-0.013927462510764599,0.30078528805468907,0.00032261013984680176,-0.0005415640771389008,-0.001218542456626892,-0.000675814226269722,0.0013935733367101569,-0.23923161625862122,0.17096659541130066,0.10919942706823349,-0.048430632799863815,0.3165924916661035,-0.013029326684772968,0.019145091995596886,-0.01040087454020977,0.00934475939720869,-0.009838027879595757,0.010610786266624928,0.0005831010639667511,-0.0006446614861488342,-0.0008216593414545059,-0.0006817281246185303,0.001069542420731552,-0.2965042293071747,0.07543619722127914,0.018115155398845673,-0.10058748722076416,0.30915703881902,50.286153931,True,-0.00026030465960502625,0.00010579824447631836,-0.0003948342055082321,6.379559636116028e-06,0.000477309271250883,0.057159919291734695,0.09545683115720749,0.09117135405540466,0.05219550430774689,0.14806678189560668,ROA_1001_model33000_noise15,2514,2026-10-01_00-04-08,-0.01203140802681446,0.015875615179538727
0.0009530223906040192,-0.0002800486981868744,-0.00048535875976085663,-0.0004484783858060837,0.001070802890222605,-0.19229668378829956,0.21686962246894836,0.12844987213611603,-0.016306061297655106,0.30707410663122936,0.0003139488399028778,-0.0005274079740047455,-0.0012122094631195068,-0.0006848480552434921,0.0013923753195814736,-0.24286097288131714,0.17519107460975647,0.1111435666680336,-0.050836704671382904,0.3226810478708068,-0.013044013641774654,0.019095061346888542,-0.010446792468428612,0.009311535395681858,-0.009867804124951363,0.010581696406006813,0.0005734153091907501,-0.0006328336894512177,-0.0008207745850086212,-0.0006874091923236847,0.0010720192080394635,-0.2999892234802246,0.07970630377531052,0.020696314051747322,-0.10294652730226517,0.3141909998482315,50.306156767000004,True,-0.0002588145434856415,0.00010691583156585693,-0.00039157457649707794,6.379559636116028e-06,0.00047390561535128723,0.05699414387345314,0.0954577624797821,0.09053712338209152,0.052138227969408035,0.14765075593385224,ROA_1001_model33000_noise15,2515,2026-10-01_00-04-08,-0.012092315591871738,0.015819089487195015
0.0009321607649326324,-0.00026365742087364197,-0.00048321671783924103,-0.0004530418664216995,0.0010503772893373379,-0.19837169349193573,0.2230089008808136,0.13258308172225952,-0.02001877687871456,0.3170921248930401,0.00029047951102256775,-0.0005107372999191284,-0.0012017786502838135,-0.0006892252713441849,0.0013853912152639444,-0.2488400638103485,0.18136388063430786,0.11495733261108398,-0.05456199496984482,0.33245751440032434,-0.013036328367888927,0.019126128405332565,-0.010394253768026829,0.009302996098995209,-0.009809496812522411,0.010575857944786549,0.0005529262125492096,-0.0006170012056827545,-0.0008163508027791977,-0.0006912741810083389,0.0010703433807943512,-0.3063184916973114,0.08571426570415497,0.025649087503552437,-0.1061311885714531,0.32293921932774444,50.326159539,True,-0.0002614222466945648,0.00010551884770393372,-0.00038617290556430817,1.4435499906539917e-06,0.00047036224725647484,0.057372260838747025,0.09557510912418365,0.08942139893770218,0.051650214940309525,0.14714049445959518,ROA_1001_model33000_noise15,2516,2026-10-01_00-04-08,-0.012184479273855686,0.015697898343205452
0.0009071081876754761,-0.000251084566116333,-0.0004823785275220871,-0.000447174534201622,0.0010274811852504773,-0.2068411409854889,0.23140570521354675,0.13752047717571259,-0.024100298061966896,0.33050022849852745,0.00026263296604156494,-0.0004974193871021271,-0.001188879832625389,-0.0006856862455606461,0.0013726365967006145,-0.25721079111099243,0.18981283903121948,0.11943978816270828,-0.05874503031373024,0.34557835589179026,-0.01314381044358015,0.018920259550213814,-0.0104047991335392,0.009167012758553028,-0.009856054559350014,0.010410904884338379,0.0005265697836875916,-0.0006036832928657532,-0.0008089467883110046,-0.0006814952939748764,0.0010579577606254576,-0.31544360518455505,0.09340047091245651,0.03228895366191864,-0.1086825430393219,0.33523656266216334,50.346160359,True,-0.00026244670152664185,0.0001082196831703186,-0.0003798864781856537,-4.190951585769653e-06,0.00046550907916184143,0.058084722608327866,0.09631457924842834,0.08723931014537811,0.05000270530581474,0.1460997404826359,ROA_1001_model33000_noise15,2517,2026-10-01_00-04-08,-0.01225393358618021,0.015404223464429379
0.0008984468877315521,-0.0002468004822731018,-0.00048656947910785675,-0.0004434026777744293,0.0010217643088287166,-0.20792333781719208,0.23255495727062225,0.13848626613616943,-0.02501578815281391,0.33244542831274254,0.00025276094675064087,-0.0004930421710014343,-0.0011868774890899658,-0.0006789807230234146,0.0013676498933944178,-0.25854071974754333,0.19071343541145325,0.12047355622053146,-0.05920463800430298,0.3474865306792157,-0.012915847823023796,0.018667861819267273,-0.010110304690897465,0.009053056128323078,-0.0096284169703722,0.010254623368382454,0.000519677996635437,-0.0006035901606082916,-0.000810716301202774,-0.0006748829036951065,0.0010550520584624073,-0.3167381286621094,0.09443982690572739,0.03403564915060997,-0.10892608761787415,0.3371238705501949,50.366154811,True,-0.0002658925950527191,0.00010803341865539551,-0.0003752298653125763,-4.004687070846558e-06,0.00046383058813533767,0.058055851608514786,0.09616929292678833,0.08651706576347351,0.04977453127503395,0.14556774149423957,ROA_1001_model33000_noise15,2518,2026-10-01_00-04-08,-0.012048443779349327,0.015085711143910885
0.0009421259164810181,-0.00028973445296287537,-0.0005400273948907852,-0.00040116719901561737,0.001087480575777403,-0.19256676733493805,0.21695438027381897,0.1260409951210022,-0.013158190064132214,0.30600039375667665,0.00029886141419410706,-0.0005317851901054382,-0.0012371223419904709,-0.000637304037809372,0.001391845895783068,-0.24433059990406036,0.1743621975183487,0.10907789319753647,-0.04627881199121475,0.3218153154765334,-0.012566039338707924,0.018002284690737724,-0.00976647064089775,0.008784410543739796,-0.00943118054419756,0.009884278289973736,0.0005647540092468262,-0.000639352947473526,-0.0008653849363327026,-0.0006350688636302948,0.0010806225738723846,-0.3000926077365875,0.08017848432064056,0.02076476626098156,-0.09789364039897919,0.3141960581754402,50.386155280000004,True,-0.0002682209014892578,0.0001062639057636261,-0.000370759516954422,-2.2817403078079224e-06,0.0004617288011563669,0.05566328391432762,0.09409337490797043,0.08835875988006592,0.05167116969823837,0.14499167078806768,ROA_1001_model33000_noise15,2519,2026-10-01_00-04-08,-0.011677942238748074,0.01441433560103178
0.0009199604392051697,-0.0002748332917690277,-0.0005470123142004013,-0.00039138831198215485,0.0010710666770118726,-0.20288582146167755,0.22660194337368011,0.13483966886997223,-0.021945683285593987,0.32351927514387807,0.00027101486921310425,-0.0005202367901802063,-0.0012410804629325867,-0.0006252899765968323,0.001389728473815205,-0.25447922945022583,0.1841466724872589,0.11814757436513901,-0.05434685945510864,0.3391695098973688,-0.01194548886269331,0.017516283318400383,-0.009170055389404297,0.008431592024862766,-0.008850069716572762,0.009537184610962868,0.0005431473255157471,-0.000626780092716217,-0.0008724629878997803,-0.0006264541298151016,0.0010804606819893234,-0.3108689486980438,0.08902139216661453,0.02924306131899357,-0.10681058466434479,0.32889393344088175,50.406154436,True,-0.0002705492079257965,0.00010896474123001099,-0.00036763958632946014,5.122274160385132e-07,0.000461235234030991,0.05627050623297691,0.09506474435329437,0.08899065852165222,0.05251587927341461,0.14652476090883448,ROA_1001_model33000_noise15,2520,2026-10-01_00-04-08,-0.01114074420183897,0.014008370228111744
0.0008958391845226288,-0.0002571381628513336,-0.0005579553544521332,-0.00038063153624534607,0.0010555566833713257,-0.21259206533432007,0.23553240299224854,0.14272098243236542,-0.02964446134865284,0.3397905439336183,0.00024186447262763977,-0.000503193587064743,-0.0012509990483522415,-0.0006085727363824844,0.0013911749114260152,-0.2640625238418579,0.1932736337184906,0.1265164464712143,-0.061232127249240875,0.35538182726759915,-0.011434108950197697,0.016906265169382095,-0.008738039061427116,0.007929581217467785,-0.008383444510400295,0.009064717218279839,0.0005169771611690521,-0.0006103888154029846,-0.0008868984878063202,-0.0006139744073152542,0.001084720389704296,-0.3210911452770233,0.09712855517864227,0.036786776036024094,-0.1147179827094078,0.342990681601742,50.426154136,True,-0.000275392085313797,0.00010868534445762634,-0.0003648456186056137,4.889443516731262e-06,0.0004625259118065285,0.056933607906103134,0.0960836112499237,0.08979299664497375,0.05354778468608856,0.1482838891785171,ROA_1001_model33000_noise15,2521,2026-10-01_00-04-08,-0.010794163681566715,0.01346199307590723
0.0008702278137207031,-0.00022826716303825378,-0.0005680136382579803,-0.00036945566534996033,0.0010392675011879015,-0.22177769243717194,0.24450476467609406,0.15080580115318298,-0.038046855479478836,0.3560623740653282,0.00021178275346755981,-0.0004713423550128937,-0.0012569129467010498,-0.0005916692316532135,0.0013892441881131945,-0.2731494605541229,0.20223203301429749,0.13530859351158142,-0.06843963265419006,0.37142430032111995,-0.011270217597484589,0.01646779105067253,-0.008489171974360943,0.007497671991586685,-0.008115401491522789,0.008636601269245148,0.0004917383193969727,-0.0005827285349369049,-0.0008962582796812057,-0.0006007961928844452,0.001085357163981043,-0.33043044805526733,0.10566878318786621,0.044904179871082306,-0.12314505130052567,0.35691481590216917,50.446151660000005,True,-0.00027744099497795105,0.00011203810572624207,-0.00035990960896015167,1.0523945093154907e-05,0.0004610756889308515,0.05716364458203316,0.09648687392473221,0.09049753844738007,0.05474872514605522,0.14953626508713014,ROA_1001_model33000_noise15,2522,2026-10-01_00-04-08,-0.010743267834186554,0.013142631389200687
0.0008408911526203156,-0.00020088627934455872,-0.0005770474672317505,-0.0003557652235031128,0.0010205851358600314,-0.2344772070646286,0.25656723976135254,0.16262055933475494,-0.05009350925683975,0.3788123053580052,0.00017685815691947937,-0.0004454515874385834,-0.0012629199773073196,-0.000573229044675827,0.0013871417665624857,-0.28548574447631836,0.21426750719547272,0.14767655730247498,-0.07921363413333893,0.3936621771631612,-0.011070272885262966,0.016103677451610565,-0.00821539293974638,0.007205672562122345,-0.007837800309062004,0.008343768306076527,0.0004577450454235077,-0.0005603767931461334,-0.0009063631296157837,-0.0005856156349182129,0.0010844197510228607,-0.34404078125953674,0.1165643259882927,0.05678226798772812,-0.1350426971912384,0.37716514407085194,50.466164032,True,-0.0002820044755935669,0.0001126900315284729,-0.0003555323928594589,1.5506520867347717e-05,0.00046139486504242735,0.058431174606084824,0.09762681275606155,0.0909687876701355,0.055841632187366486,0.1515399913494426,ROA_1001_model33000_noise15,2523,2026-10-01_00-04-08,-0.010614209808409214,0.01297334861010313
0.0008108094334602356,-0.00017834827303886414,-0.0005998648703098297,-0.000321120023727417,0.001009879102338217,-0.24531081318855286,0.26711493730545044,0.17361481487751007,-0.06117205694317818,0.3990390802652224,0.00014593824744224548,-0.0004237517714500427,-0.0012914184480905533,-0.0005310401320457458,0.001396613491218662,-0.29687070846557617,0.2242787629365921,0.1595136672258377,-0.08886679261922836,0.41383554861999444,-0.010933843441307545,0.015429812483489513,-0.007951178587973118,0.006614265032112598,-0.0075486996211111546,0.007775573059916496,0.00042850151658058167,-0.0005360692739486694,-0.0009348616003990173,-0.0005549751222133636,0.0010938958412755125,-0.3545325994491577,0.1269383281469345,0.06620632112026215,-0.1478395313024521,0.3944600011107963,50.486150708000004,True,-0.0002829357981681824,0.00011213123798370361,-0.00035814009606838226,2.3562461137771606e-05,0.0004650362143966049,0.05753151699900627,0.09726080298423767,0.09339581429958344,0.05902070179581642,0.15363935885732402,ROA_1001_model33000_noise15,2524,2026-10-01_00-04-08,-0.01048499345779419,0.012515326961874962
0.0008333474397659302,-0.0001889653503894806,-0.0006580259650945663,-0.00027832575142383575,0.0010621278001172105,-0.23887212574481964,0.26123690605163574,0.17418664693832397,-0.063369981944561,0.3919951954139347,0.0001775100827217102,-0.0004323199391365051,-0.0013591255992650986,-0.0004799105226993561,0.001441579068145458,-0.29123666882514954,0.21789874136447906,0.16088782250881195,-0.08949031680822372,0.4070673802634582,-0.010455980896949768,0.014768480323255062,-0.007486505433917046,0.006297784857451916,-0.007115366868674755,0.007445852272212505,0.00046137720346450806,-0.0005407258868217468,-0.0010026153177022934,-0.0005197245627641678,0.0011471736962674597,-0.346220999956131,0.12257321923971176,0.06336160004138947,-0.1537003517150879,0.38553232513585184,50.506154184,True,-0.0002812594175338745,0.00010794028639793396,-0.0003563240170478821,4.009343683719635e-05,0.0004646605157645711,0.05489308014512062,0.0952286571264267,0.0976235568523407,0.06426171958446503,0.15612925305353878,ROA_1001_model33000_noise15,2525,2026-10-01_00-04-08,-0.010090910829603672,0.012165728025138378
0.0008163042366504669,-0.00016028061509132385,-0.0006732530891895294,-0.00027581118047237396,0.0010595139670246684,-0.23726466298103333,0.26094260811805725,0.1768409162759781,-0.06745149940252304,0.39283691217274647,0.0001607462763786316,-0.00040866434574127197,-0.0013908836990594864,-0.00046691857278347015,0.0014673507133269243,-0.2897353768348694,0.21704471111297607,0.16451533138751984,-0.09210686385631561,0.4075709953124578,-0.010084575973451138,0.014355375431478024,-0.007114131934940815,0.00606115534901619,-0.006756573915481567,0.007221877574920654,0.00044191256165504456,-0.0005112960934638977,-0.0010270625352859497,-0.0005241949111223221,0.0011694271592358684,-0.3444300889968872,0.12285540997982025,0.06314972043037415,-0.16124498844146729,0.3851260860310513,50.526150044000005,True,-0.0002820044755935669,0.00010468065738677979,-0.00036261044442653656,5.364418029785156e-05,0.00047170548702453875,0.054581087082624435,0.0941157266497612,0.10146433115005493,0.06920983642339706,0.16006761774144726,ROA_1001_model33000_noise15,2526,2026-10-01_00-04-08,-0.010135321877896786,0.011924440972507
0.000806804746389389,-0.00013168901205062866,-0.0006760936230421066,-0.00028884969651699066,0.001056336720657344,-0.23826396465301514,0.26200151443481445,0.1798616647720337,-0.0721784308552742,0.3965856576960073,0.00013830140233039856,-0.00038426369428634644,-0.0014075543731451035,-0.00047637149691581726,0.0014860030941872178,-0.28908345103263855,0.2185450792312622,0.16869929432868958,-0.09565101563930511,0.4104087789299024,-0.00974956527352333,0.014491288922727108,-0.006737780291587114,0.006281200796365738,-0.006436948198825121,0.007414686493575573,0.00042533501982688904,-0.0004910863935947418,-0.0010398682206869125,-0.0005379319190979004,0.0011844997073849075,-0.34745875000953674,0.12201349437236786,0.0645611435174942,-0.1671179085969925,0.38862993058023004,50.546154641,True,-0.00028759241104125977,0.00010682269930839539,-0.0003666151314973831,6.151385605335236e-05,0.00047990546174017385,0.0582132451236248,0.09644310176372528,0.10423874109983444,0.07154140621423721,0.16555628374429857,ROA_1001_model33000_noise15,2527,2026-10-01_00-04-08,-0.010130438953638077,0.012312575243413448
0.0007914379239082336,-0.00011119991540908813,-0.0006810296326875687,-0.0003116205334663391,0.0010515054480666212,-0.24316738545894623,0.2673966586589813,0.1869560182094574,-0.08086207509040833,0.40816853383598817,0.00010989606380462646,-0.00036284327507019043,-0.0014256685972213745,-0.000492902472615242,0.0015085471016297528,-0.2925684452056885,0.22413860261440277,0.17710959911346436,-0.10318401455879211,0.4211167464111856,-0.009201434440910816,0.014495658688247204,-0.0062041692435741425,0.006401369348168373,-0.006008608732372522,0.007458627223968506,0.000401865690946579,-0.00047245994210243225,-0.0010520219802856445,-0.0005647074431180954,0.0012035416228132075,-0.3544836938381195,0.12526939809322357,0.06918702274560928,-0.17749889194965363,0.39893478206585886,50.56615149300001,True,-0.0002919696271419525,0.00010989606380462646,-0.00037616118788719177,7.310882210731506e-05,0.000492460477467074,0.06179976835846901,0.09879189729690552,0.1080385372042656,0.0743861272931099,0.1718562439234967,ROA_1001_model33000_noise15,2528,2026-10-01_00-04-08,-0.009581097401678562,0.01280118152499199
0.0008567236363887787,-0.00016754493117332458,-0.0007198657840490341,-0.0002947170287370682,0.0011208511195472768,-0.21754203736782074,0.24237389862537384,0.1702415645122528,-0.06670504808425903,0.3662890533914717,0.00018812716007232666,-0.0004155561327934265,-0.0015001744031906128,-0.0004737637937068939,0.0015742249410769706,-0.26757270097732544,0.19838008284568787,0.1627807468175888,-0.08813058584928513,0.3803812858074726,-0.008569823578000069,0.014451607130467892,-0.005797176156193018,0.006536891683936119,-0.0056326501071453094,0.0076124947518110275,0.00047441571950912476,-0.000523589551448822,-0.0011082272976636887,-0.0005603302270174026,0.001261575005511711,-0.3268178403377533,0.102070152759552,0.04699825868010521,-0.1675216406583786,0.3577821378373984,50.586155545000004,True,-0.00028582289814949036,0.00010700896382331848,-0.00039171427488327026,8.619390428066254e-05,0.0005028260155235785,0.05911849066615105,0.09624659270048141,0.11585652083158493,0.07942923903465271,0.17650099775025466,ROA_1001_model33000_noise15,2529,2026-10-01_00-04-08,-0.008895564824342728,0.013083870522677898
0.000874791294336319,-0.00018654391169548035,-0.0007173046469688416,-0.00030747614800930023,0.0011325366671344561,-0.20579805970191956,0.23131629824638367,0.1626480221748352,-0.06094714254140854,0.34759580462057516,0.00021122395992279053,-0.00043334439396858215,-0.001520523801445961,-0.00048368237912654877,0.001597281836499115,-0.2558445334434509,0.18691828846931458,0.15619513392448425,-0.08254265040159225,0.36208757279921466,-0.007912103086709976,0.014311392791569233,-0.005317340139299631,0.006511228159070015,-0.0051774028688669205,0.007588036358356476,0.0004937872290611267,-0.0005434267222881317,-0.0011187512427568436,-0.000577559694647789,0.0012794601305067671,-0.31502076983451843,0.09090545773506165,0.036108773201704025,-0.16394326090812683,0.33973187158776064,50.606150957000004,True,-0.0002812594175338745,0.00011026859283447266,-0.0004037749022245407,9.471550583839417e-05,0.000511908873962202,0.058987174183130264,0.0960770919919014,0.12018833309412003,0.08140689879655838,0.17993693796803595,ROA_1001_model33000_noise15,2530,2026-10-01_00-04-08,-0.008121293038129807,0.013072676956653595
0.0008924864232540131,-0.00021904706954956055,-0.0006923917680978775,-0.0003273598849773407,0.001129957642797261,-0.1948084533214569,0.22025685012340546,0.1532735675573349,-0.05350238457322121,0.32827586696857364,0.00022677704691886902,-0.00046100467443466187,-0.0015201745554804802,-0.0005036825314164162,0.0016031589903671066,-0.24439114332199097,0.1756194829940796,0.1480213701725006,-0.07557286322116852,0.3430883486824598,-0.007462113630026579,0.014445706270635128,-0.004790392238646746,0.006644983775913715,-0.004804301541298628,0.007639339193701744,0.0005045905709266663,-0.0005720183253288269,-0.0011031050235033035,-0.0006024027243256569,0.0012739357378283617,-0.30421558022499084,0.07910839468240738,0.023519152775406837,-0.1571839600801468,0.3220211771046963,50.626152545000004,True,-0.0002755783498287201,0.00011306256055831909,-0.0004178611561655998,9.6089206635952e-05,0.0005205540545973386,0.05966517701745033,0.09644496440887451,0.12462003529071808,0.08164089918136597,0.1831211093989581,ROA_1001_model33000_noise15,2531,2026-10-01_00-04-08,-0.007644275203347206,0.013216215185821056
0.0009126961231231689,-0.00025872141122817993,-0.0006795162335038185,-0.00034065451472997665,0.0011378822454427829,-0.18162931501865387,0.20669026672840118,0.14429748058319092,-0.04540197178721428,0.30597302012978644,0.00025741755962371826,-0.000494346022605896,-0.0015293946489691734,-0.0005166046321392059,0.0016168589319319757,-0.23108719289302826,0.16213300824165344,0.1393211930990219,-0.06847595423460007,0.32147311063428,-0.007116987369954586,0.014964879490435123,-0.004229255951941013,0.006891671568155289,-0.004274850245565176,0.007916909642517567,0.0005255453288555145,-0.0006074085831642151,-0.0010993797332048416,-0.0006198184564709663,0.001278199453677583,-0.29002314805984497,0.06697885692119598,0.011146766133606434,-0.15165865421295166,0.3020469544277486,50.646152021000006,True,-0.00026924535632133484,0.00011185184121131897,-0.00042996834963560104,0.00010260846465826035,0.0005281130462879089,0.058815810829401016,0.09511131048202515,0.12825103104114532,0.08321134001016617,0.18526642222410586,ROA_1001_model33000_noise15,2532,2026-10-01_00-04-08,-0.007311228662729263,0.013411645777523518
0.0009606592357158661,-0.0003232620656490326,-0.0006678514182567596,-0.0003368128091096878,0.0011726993497459268,-0.16476957499980927,0.18867290019989014,0.12766708433628082,-0.02948916330933571,0.27383239118412167,0.00029690563678741455,-0.0005485489964485168,-0.0015226425603032112,-0.0005179084837436676,0.001612276601604459,-0.21238064765930176,0.14535430073738098,0.12183374911546707,-0.05437875911593437,0.28910190407662295,-0.006380275823175907,0.01508828904479742,-0.003467480419203639,0.0070233698934316635,-0.003523615887388587,0.008004430681467056,0.0005659647285938263,-0.0006699934601783752,-0.0010875752195715904,-0.0006148125976324081,0.001268902749897045,-0.27424097061157227,0.04852655902504921,-0.0054258848540484905,-0.13461709022521973,0.27926369117846644,50.666150985,True,-0.0002680346369743347,0.0001214444637298584,-0.00043674372136592865,9.690411388874054e-05,0.0005330559140208193,0.06168894097208977,0.09676533937454224,0.1273651123046875,0.08026766031980515,0.18505815418352417,ROA_1001_model33000_noise15,2533,2026-10-01_00-04-08,-0.0065586864948272705,0.013170956633985043
0.000993628054857254,-0.0003657303750514984,-0.0006703659892082214,-0.00032049138098955154,0.0012061512061865762,-0.16097071766853333,0.1834183782339096,0.12091057747602463,-0.021568264812231064,0.26384113476861487,0.00033034011721611023,-0.0005845911800861359,-0.0015352154150605202,-0.0005054054781794548,0.0016226084434161753,-0.2076420783996582,0.14032143354415894,0.11430307477712631,-0.04816823452711105,0.27878615961673137,-0.006380719132721424,0.015399365685880184,-0.00345115689560771,0.007163702510297298,-0.0035652327351272106,0.008103675208985806,0.0005939975380897522,-0.0007130205631256104,-0.001092487946152687,-0.0005977926775813103,0.0012714345520822834,-0.2706800401210785,0.04393700137734413,-0.013264360837638378,-0.12735579907894135,0.2743473081312101,50.686152542,True,-0.00026402994990348816,0.00012693926692008972,-0.00044407788664102554,9.41101461648941e-05,0.0005370681706291748,0.06283726543188095,0.09646638482809067,0.12769852578639984,0.07917987555265427,0.18508534707000687,ROA_1001_model33000_noise15,2534,2026-10-01_00-04-08,-0.006567410659044981,0.013267339207231998
0.001070648431777954,-0.0004236586391925812,-0.0007051508873701096,-0.0002928776666522026,0.0012986440591830244,-0.14097754657268524,0.16379402577877045,0.1026112511754036,-0.004547415301203728,0.22858541675191257,0.000424310564994812,-0.0006386078894138336,-0.0015830853953957558,-0.000478583388030529,0.0016720943608951988,-0.18824775516986847,0.12023606896400452,0.09653344005346298,-0.03153621032834053,0.24427103722877838,-0.006519367452710867,0.015694553032517433,-0.0035317447036504745,0.007475588470697403,-0.003888992825523019,0.00825454667210579,0.0006798654794692993,-0.0007589347660541534,-0.0011342577636241913,-0.0005802372470498085,0.001331266088065307,-0.24740536510944366,0.027679836377501488,-0.034890834242105484,-0.11290819197893143,0.25019821842817475,50.706152402,True,-0.0002561137080192566,0.00012228265404701233,-0.0004488043487071991,0.00010123476386070251,0.0005378881478409284,0.059005800634622574,0.09248824417591095,0.13154302537441254,0.08142133802175522,0.18545335869277974,ROA_1001_model33000_noise15,2535,2026-10-01_00-04-08,-0.006665647961199284,0.013639944605529308
0.0011652708053588867,-0.0004832632839679718,-0.0007394002750515938,-0.0002759275957942009,0.0014077279069557294,-0.11631380021572113,0.14107953011989594,0.08093984425067902,0.01502316351979971,0.1878781184167383,0.0005519017577171326,-0.0006956048309803009,-0.0016303500160574913,-0.0004663132131099701,0.001738857896312156,-0.1656254678964615,0.09605101495981216,0.07549719512462616,-0.012191710062325,0.2045773993786673,-0.006901904940605164,0.016011323779821396,-0.00378221133723855,0.007850461639463902,-0.004502828698605299,0.008393687196075916,0.0007961876690387726,-0.00080866739153862,-0.001176237128674984,-0.0005701091140508652,0.0014206112338559283,-0.21708476543426514,0.010482034645974636,-0.059408366680145264,-0.09587965160608292,0.22569045150696146,50.72615363800001,True,-0.0002409331500530243,0.00011129304766654968,-0.0004530651494860649,0.00010502990335226059,0.000533401139076855,0.05136895552277565,0.08554942160844803,0.13497866690158844,0.08369819074869156,0.18335641551848758,ROA_1001_model33000_noise15,2536,2026-10-01_00-04-08,-0.006848257500678301,0.014158095233142376
0.0012489967048168182,-0.0005706213414669037,-0.0007818685844540596,-0.00024707987904548645,0.0015203713403326086,-0.09838863462209702,0.12316274642944336,0.062242381274700165,0.03354111686348915,0.15826400171065316,0.0006736256182193756,-0.0007791444659233093,-0.0016864854842424393,-0.0004487577825784683,0.0018219316573336946,-0.14933012425899506,0.0779181718826294,0.05570938438177109,0.004586763679981232,0.17513370686587065,-0.007181285414844751,0.016355786472558975,-0.004488825332373381,0.008052513934671879,-0.005056789144873619,0.008667876943945885,0.0008981674909591675,-0.0008825212717056274,-0.0012249918654561043,-0.0005550449714064598,0.001522378067162839,-0.1933872550725937,-0.002230517566204071,-0.08100922405719757,-0.08082016557455063,0.21265010542543372,50.746154074,True,-0.00022454187273979187,0.00010188668966293335,-0.00046105124056339264,0.00010617077350616455,0.0005317400133363911,0.04393979534506798,0.0802408829331398,0.13676191866397858,0.0853910967707634,0.18103422188092586,ROA_1001_model33000_noise15,2537,2026-10-01_00-04-08,-0.007112137507647276,0.014454870484769344
0.0012388452887535095,-0.0005610287189483643,-0.0007667811587452888,-0.00025331974029541016,0.0015020907980245783,-0.09913834929466248,0.12394878268241882,0.0623227059841156,0.033601418137550354,0.1593446237196001,0.0006613321602344513,-0.000768713653087616,-0.001670699566602707,-0.0004544854164123535,0.0018039478175633542,-0.14928075671195984,0.07934495061635971,0.05568726733326912,0.0046531204134225845,0.17565816500905024,-0.006827331613749266,0.016557391732931137,-0.004298241809010506,0.00821291096508503,-0.004716469440609217,0.008887648582458496,0.000887550413608551,-0.0008702278137207031,-0.0012092292308807373,-0.0005603767931461334,0.0015025141413882081,-0.19391345977783203,-0.0009937211871147156,-0.08074170351028442,-0.08068349957466125,0.21279560267355885,50.766150958000004,True,-0.00022491440176963806,0.00010253861546516418,-0.0004628673195838928,0.0001046573743224144,0.0005331855818524697,0.0445125587284565,0.08056684583425522,0.1364922970533371,0.08523906022310257,0.18106889763735803,ROA_1001_model33000_noise15,2538,2026-10-01_00-04-08,-0.007012046407908201,0.014643424190580845
0.001234002411365509,-0.0005559064447879791,-0.0007608439773321152,-0.000266428105533123,0.0014926585191151589,-0.09339860826730728,0.1191040426492691,0.0534418486058712,0.04320172220468521,0.15136174790264598,0.0006709247827529907,-0.0007595866918563843,-0.001675402745604515,-0.0004723900929093361,0.0018135668399447832,-0.14344975352287292,0.07506553083658218,0.04581804201006889,0.01289322879165411,0.16570914086753635,-0.006991671863943338,0.016780054196715355,-0.0048322719521820545,0.008269981481134892,-0.005115120206028223,0.009014193899929523,0.0008858740329742432,-0.000860169529914856,-0.0012074131518602371,-0.000578584149479866,0.0014986834240609895,-0.18530058860778809,-0.002695247298106551,-0.09135366231203079,-0.07308343797922134,0.20979411736777515,50.786154690000004,True,-0.0002168118953704834,9.75094735622406e-05,-0.0004676869139075279,0.00010703224688768387,0.000533799432378019,0.04192255064845085,0.07831025868654251,0.13713747262954712,0.08564022928476334,0.1801561709616509,ROA_1001_model33000_noise15,2539,2026-10-01_00-04-08,-0.007453366182744503,0.014808244071900845
0.00118352472782135,-0.0005258247256278992,-0.0007021240890026093,-0.00031262170523405075,0.0014120537840865614,-0.0964263379573822,0.12192874401807785,0.05193566530942917,0.046149592846632004,0.15551350773014122,0.0006207264959812164,-0.0007329508662223816,-0.0016091391444206238,-0.0005228444933891296,0.001744002010839181,-0.14603137969970703,0.07892213016748428,0.04266924038529396,0.014485091902315617,0.16891032634568304,-0.0073906914331018925,0.01730593480169773,-0.005466544535011053,0.008750561624765396,-0.005695503670722246,0.009484533220529556,0.0008370727300643921,-0.0008323229849338531,-0.001143570989370346,-0.0006194924935698509,0.0014172482855753076,-0.1891106218099594,-0.0005690380930900574,-0.09055086225271225,-0.06850598752498627,0.21201788319767073,50.806150710000004,True,-0.0002142973244190216,9.704381227493286e-05,-0.0004674075171351433,9.648501873016357e-05,0.0005300486287533593,0.042951662093400955,0.07965880632400513,0.13329926133155823,0.08288700878620148,0.176732224024609,ROA_1001_model33000_noise15,2540,2026-10-01_00-04-08,-0.007984311319887638,0.015291712246835232
0.0011528842151165009,-0.0005142763257026672,-0.000641937367618084,-0.00033348333090543747,0.0013561999972099073,-0.09698885679244995,0.12151989340782166,0.04668905958533287,0.0540313757956028,0.15617025582197747,0.0005903653800487518,-0.0007224269211292267,-0.0015473226085305214,-0.0005520880222320557,0.0016834193633119177,-0.14578643441200256,0.07916613668203354,0.03566313534975052,0.020300036296248436,0.1673651053437705,-0.007499828469008207,0.01791011355817318,-0.005739964544773102,0.00913417898118496,-0.005844746716320515,0.009875301271677017,0.0008017756044864655,-0.0008217059075832367,-0.0010746531188488007,-0.0006362097337841988,0.0013411133092126487,-0.19000749289989471,-0.0005951151251792908,-0.093423992395401,-0.05883420631289482,0.21349016738623103,50.826151211,True,-0.00021280720829963684,9.844079613685608e-05,-0.0004727626219391823,8.307397365570068e-05,0.0005314453843737328,0.04450324550271034,0.08079781383275986,0.12893438339233398,0.07853446900844574,0.17229706859584,ROA_1001_model33000_noise15,2541,2026-10-01_00-04-08,-0.008372080512344837,0.015715880319476128
0.0010760501027107239,-0.0004650093615055084,-0.0005566747859120369,-0.00038123689591884613,0.0012402938168312827,-0.10444409400224686,0.12864451110363007,0.04725274443626404,0.05450844392180443,0.16628336747372618,0.000529363751411438,-0.000673346221446991,-0.0014687655493617058,-0.0006076646968722343,0.001612219784628334,-0.15290546417236328,0.08682626485824585,0.03463122993707657,0.019447412341833115,0.17707550469091074,-0.007447507698088884,0.018749229609966278,-0.005669952370226383,0.009710836224257946,-0.00565177109092474,0.010469653643667698,0.0007301568984985352,-0.0007672235369682312,-0.0009926734492182732,-0.0006835442036390305,0.0012438017150657515,-0.19625666737556458,0.008084811270236969,-0.09275460243225098,-0.058531757444143295,0.21784377651869533,50.846152127,True,-0.00020116567611694336,9.490177035331726e-05,-0.00047534704208374023,7.683411240577698e-05,0.0005274190508762891,0.043206844478845596,0.07867253571748734,0.12747476994991302,0.07802248001098633,0.16987510367403746,ROA_1001_model33000_noise15,2542,2026-10-01_00-04-08,-0.008370419964194298,0.01640787161886692
0.001025758683681488,-0.0004332512617111206,-0.0004955567419528961,-0.00039781443774700165,0.0011654027713716762,-0.11159665137529373,0.13669858872890472,0.04422012344002724,0.06001954525709152,0.177627760612126,0.0004988163709640503,-0.0006438232958316803,-0.001423712819814682,-0.0006318092346191406,0.0015738161969060889,-0.1606196016073227,0.09469780325889587,0.030458437278866768,0.023207159712910652,0.18703731632735435,-0.00807151012122631,0.019184762611985207,-0.00637739198282361,0.009842777624726295,-0.006261833012104034,0.010608037933707237,0.0006860122084617615,-0.0007286667823791504,-0.0009369105100631714,-0.0007042195647954941,0.0011892877372121375,-0.20077264308929443,0.019227154552936554,-0.09656137973070145,-0.0542718879878521,0.2228785539265495,50.866151603000006,True,-0.00018794089555740356,8.754432201385498e-05,-0.00048819929361343384,7.28759914636612e-05,0.0005325990172526795,0.04002544656395912,0.07535610347986221,0.12711341679096222,0.07753120362758636,0.16718003642256335,ROA_1001_model33000_noise15,2543,2026-10-01_00-04-08,-0.008780965581536293,0.016755210235714912
0.0010085292160511017,-0.0004216097295284271,-0.0004791188985109329,-0.0003832858055830002,0.0011428654964675262,-0.11281202733516693,0.1384066343307495,0.03626476973295212,0.06921961903572083,0.18166801998641885,0.0004925765097141266,-0.00063357874751091,-0.0014164485037326813,-0.0006333459168672562,0.001567147564920509,-0.16238538920879364,0.0964561402797699,0.021721700206398964,0.031097324565052986,0.1888939802031515,-0.008862614631652832,0.019221950322389603,-0.007269655354321003,0.009766194969415665,-0.007069152779877186,0.010532872751355171,0.0006742775440216064,-0.0007176771759986877,-0.0009192619472742081,-0.0006978865712881088,0.001169470524989482,-0.2010287642478943,0.021549871191382408,-0.10506854951381683,-0.04596402496099472,0.22684140319099147,50.886152839000005,True,-0.00018188729882240295,8.577480912208557e-05,-0.0004970934242010117,6.258487701416016e-05,0.0005367196522816267,0.03852974623441696,0.074777752161026,0.1268652230501175,0.07712561637163162,0.166073492535541,ROA_1001_model33000_noise15,2544,2026-10-01_00-04-08,-0.009160048328340054,0.016769587993621826
0.0009591691195964813,-0.0003916211426258087,-0.00042337924242019653,-0.0003980472683906555,0.00107256882094858,-0.12120231240987778,0.14769937098026276,0.0367448665201664,0.06939610093832016,0.19384205032039675,0.00044582411646842957,-0.0006058253347873688,-0.0013716518878936768,-0.000662636011838913,0.0015314420058136946,-0.17017404735088348,0.10587367415428162,0.020950565114617348,0.03007706068456173,0.2004299810268878,-0.009443649090826511,0.01964292675256729,-0.0078467121347785,0.009943162091076374,-0.007528113666921854,0.010729522444307804,0.0006259419023990631,-0.0006875954568386078,-0.0008688308298587799,-0.0007153954356908798,0.0011283872280676577,-0.20938459038734436,0.03194902092218399,-0.10415724664926529,-0.04621175676584244,0.23400612216741545,50.906151384000005,True,-0.00018123537302017212,8.009374141693115e-05,-0.0005044508725404739,5.3318217396736145e-05,0.0005416212223639577,0.039089471101760864,0.07384549826383591,0.1251986175775528,0.07636100053787231,0.1644300519661021,ROA_1001_model33000_noise15,2545,2026-10-01_00-04-08,-0.009562792256474495,0.01702849194407463
0.0009216368198394775,-0.000360049307346344,-0.00038868747651576996,-0.000401865690946579,0.0010205865307901763,-0.12780912220478058,0.1557525247335434,0.0371420755982399,0.07093464583158493,0.2042512241376971,0.000412575900554657,-0.0005725771188735962,-0.0013360753655433655,-0.0006825663149356842,0.0015051752131993008,-0.1767938882112503,0.11373124271631241,0.020107252523303032,0.03037182427942753,0.21021681818185478,-0.010531025938689709,0.020190589129924774,-0.008811536245048046,0.010196571238338947,-0.008419833146035671,0.010966225527226925,0.0005910173058509827,-0.0006542541086673737,-0.0008323695510625839,-0.0007220543920993805,0.0011023038058912429,-0.2159811407327652,0.04078354313969612,-0.10224664211273193,-0.04390906170010567,0.2396843173189138,50.926158768,True,-0.00017853453755378723,7.860362529754639e-05,-0.0005037058144807816,4.069879651069641e-05,0.0005383523875357465,0.039108097553253174,0.07285736501216888,0.12239440530538559,0.07433397322893143,0.1610950577468949,ROA_1001_model33000_noise15,2546,2026-10-01_00-04-08,-0.010332497768104076,0.01726624369621277
0.0008923932909965515,-0.000334717333316803,-0.0003836583346128464,-0.0004134606570005417,0.0009859177182790749,-0.1308917999267578,0.1595737338066101,0.03974092751741409,0.07030320912599564,0.20874266641945907,0.0003727152943611145,-0.000550784170627594,-0.001308973878622055,-0.0007016584277153015,0.00148712809784964,-0.1808544546365738,0.11679622530937195,0.02083508111536503,0.028796957805752754,0.21529822361012235,-0.011989644728600979,0.020683009177446365,-0.010003440082073212,0.010421304032206535,-0.009547276422381401,0.011183532886207104,0.0005570240318775177,-0.0006291083991527557,-0.0008127186447381973,-0.0007288064807653427,0.0010916682703550678,-0.22126173973083496,0.04328880086541176,-0.09613437205553055,-0.04220474138855934,0.24238765825550643,50.946157352,True,-0.00018263235688209534,7.813796401023865e-05,-0.0004961621016263962,2.6728957891464233e-05,0.0005313033597192781,0.04030949994921684,0.07339473813772202,0.11706025898456573,0.07103895395994186,0.15626114719733142,ROA_1001_model33000_noise15,2547,2026-10-01_00-04-08,-0.011446413584053516,0.017267799004912376
0.0008630566298961639,-0.0003164634108543396,-0.00036531127989292145,-0.0004229135811328888,0.0009491822777397353,-0.13691000640392303,0.16581638157367706,0.04630256071686745,0.06536440551280975,0.2161976294856487,0.0003283843398094177,-0.0005342997610569,-0.0012598466128110886,-0.0007186084985733032,0.0014505617522353295,-0.1873532235622406,0.12242700159549713,0.02575339563190937,0.023789236322045326,0.22397399155623554,-0.013109389692544937,0.0210373867303133,-0.010769433341920376,0.01055652555078268,-0.010199522599577904,0.011357349343597889,0.0005201436579227448,-0.0006173737347126007,-0.0007809605449438095,-0.0007322058081626892,0.0010724916569766684,-0.23055541515350342,0.04748068377375603,-0.0850902795791626,-0.044504642486572266,0.24757749744298999,50.966157887,True,-0.00019045546650886536,8.121132850646973e-05,-0.000479305163025856,1.3690441846847534e-05,0.0005175571852443447,0.043106261640787125,0.07482711225748062,0.1109032854437828,0.06837397813796997,0.15230676689438669,ROA_1001_model33000_noise15,2548,2026-10-01_00-04-08,-0.01229456439614296,0.01716165617108345
0.0008455477654933929,-0.00031227245926856995,-0.00032815150916576385,-0.00044601038098335266,0.0009207358963550014,-0.1348918229341507,0.16010737419128418,0.05480413883924484,0.06078416109085083,0.2097068850552762,0.0002530403435230255,-0.0005481764674186707,-0.0011646654456853867,-0.0007403083145618439,0.0013829235926404546,-0.18513387441635132,0.11713895201683044,0.03212178125977516,0.01939479261636734,0.21973663614239214,-0.013822275213897228,0.02102995663881302,-0.01123509556055069,0.010538260452449322,-0.010565980337560177,0.011390471830964088,0.0004705972969532013,-0.0006372109055519104,-0.0007165595889091492,-0.0007312744855880737,0.001041393760347161,-0.23893824219703674,0.03195274621248245,-0.06729596853256226,-0.04121427983045578,0.24903561347634606,50.986158487000004,True,-0.00021690502762794495,8.866190910339355e-05,-0.0004495494067668915,-7.2177499532699585e-06,0.0005001972462686515,0.053693536669015884,0.08511263132095337,0.09951227903366089,0.060690563172101974,0.15002218193171632,ROA_1001_model33000_noise15,2549,2026-10-01_00-04-08,-0.012863820418715477,0.0166694987565279
0.0007834285497665405,-0.0002682209014892578,-0.0002444721758365631,-0.0004995148628950119,0.0008332488874314137,-0.14866794645786285,0.17300991714000702,0.06764288991689682,0.04980945587158203,0.22821167454219088,0.0001630745828151703,-0.0005166977643966675,-0.0010333489626646042,-0.0007977243512868881,0.0013210146704350587,-0.19813700020313263,0.13002753257751465,0.04309089481830597,0.008709263056516647,0.23907835285184215,-0.01399384904652834,0.021339381113648415,-0.011137937195599079,0.010972222313284874,-0.010454443283379078,0.011835928075015545,0.00039460137486457825,-0.0006020069122314453,-0.0006119720637798309,-0.0007696915417909622,0.001028640828631949,-0.25669950246810913,0.042428258806467056,-0.047427598387002945,-0.046288590878248215,0.2632508586129179,51.006154511000005,True,-0.00023264437913894653,8.577480912208557e-05,-0.00042105093598365784,-2.5099143385887146e-05,0.0004814571632121157,0.05837250128388405,0.08744745701551437,0.09064748138189316,0.05508679524064064,0.1458148298352667,ROA_1001_model33000_noise15,2550,2026-10-01_00-04-08,-0.01313719991594553,0.016398310661315918
0.0007169321179389954,-0.00023078173398971558,-0.00016489066183567047,-0.0005599111318588257,0.0007535150067126651,-0.17067323625087738,0.1950673609972,0.0857105404138565,0.03289710730314255,0.26135547579708823,7.916241884231567e-05,-0.00047907233238220215,-0.0009115785360336304,-0.0008543021976947784,0.0012812660045078829,-0.2188626527786255,0.1525944024324417,0.05910498648881912,-0.008168164640665054,0.2721024607861019,-0.013741690665483475,0.021572843194007874,-0.010728259570896626,0.011400819756090641,-0.009873918257653713,0.012444043532013893,0.00032568350434303284,-0.0005679205060005188,-0.0005156733095645905,-0.0008109025657176971,0.0010291876290213738,-0.2810964286327362,0.06296951323747635,-0.022846737876534462,-0.057792287319898605,0.2882327743251238,51.026161511000005,True,-0.0002491287887096405,8.87550413608551e-05,-0.0003978610038757324,-4.307366907596588e-05,0.00046954864915402087,0.06211548671126366,0.0895066112279892,0.08205091208219528,0.04967394843697548,0.14202292680641285,ROA_1001_model33000_noise15,2551,2026-10-01_00-04-08,-0.012782461009919643,0.016241591423749924
0.0007458031177520752,-0.00022780150175094604,-0.0001809094101190567,-0.0005731824785470963,0.0007798669637569777,-0.17136147618293762,0.19380542635917664,0.09281653165817261,0.028239095583558083,0.26221964238910006,7.022172212600708e-05,-0.00048242509365081787,-0.0008848961442708969,-0.0008661765605211258,0.0012745762898107903,-0.22013019025325775,0.15161186456680298,0.06592925637960434,-0.011967959813773632,0.2742497321460124,-0.013351744040846825,0.02094130404293537,-0.010213536210358143,0.010910510085523129,-0.009293519891798496,0.012046811170876026,0.00034049153327941895,-0.0005794689059257507,-0.0005125999450683594,-0.0008129049092531204,0.001032749144664151,-0.2868044972419739,0.05565676465630531,-0.010323709808290005,-0.05720276013016701,0.29215595289903074,51.046158335,True,-0.0002691522240638733,9.760260581970215e-05,-0.0003712717443704605,-5.145557224750519e-05,0.000458851274069151,0.06653647869825363,0.09582284092903137,0.07632840424776077,0.04529952630400658,0.14348928619340645,ROA_1001_model33000_noise15,2552,2026-10-01_00-04-08,-0.012055530212819576,0.015666276216506958
0.0008331611752510071,-0.000243261456489563,-0.0002814922481775284,-0.0005566049367189407,0.0008823609576844441,-0.15404726564884186,0.1767389327287674,0.08612218499183655,0.03570038825273514,0.23662323365301063,0.00015012919902801514,-0.0004964880645275116,-0.0009576324373483658,-0.0008429866284132004,0.001296591359235031,-0.20526814460754395,0.13382452726364136,0.06059649959206581,-0.0026426275726407766,0.25062194659893594,-0.012373567558825016,0.01978636346757412,-0.009331985376775265,0.010150691494345665,-0.008414781652390957,0.011338301002979279,0.0004307366907596588,-0.0005955807864665985,-0.0006062444299459457,-0.0007917638868093491,0.0010377520977878428,-0.2692257761955261,0.0374671071767807,-0.015477648936212063,-0.047971490770578384,0.2719649234705581,51.066157495000006,True,-0.0002798624336719513,0.00010132789611816406,-0.0003512948751449585,-5.1315873861312866e-05,0.00044977170743918304,0.06382353603839874,0.09625031799077988,0.076173335313797,0.0454033687710762,0.14223076707612498,ROA_1001_model33000_noise15,2553,2026-10-01_00-04-08,-0.010895649902522564,0.015017234720289707
0.0008783303201198578,-0.0002427026629447937,-0.00036568380892276764,-0.0005287583917379379,0.0009517776945377503,-0.1474497765302658,0.17108021676540375,0.08805142343044281,0.03399094566702843,0.22846619271317326,0.00018617138266563416,-0.0004940666258335114,-0.0010085757821798325,-0.0008080154657363892,0.00130443015163015,-0.2009151428937912,0.12726615369319916,0.06391573697328568,-0.0021890737116336823,0.24425647478092768,-0.012000234797596931,0.017964476719498634,-0.009019683115184307,0.008779267780482769,-0.008148455992341042,0.009992029517889023,0.0004789792001247406,-0.0005973502993583679,-0.0006806571036577225,-0.0007566530257463455,0.0010337827490986245,-0.26309022307395935,0.02976599894464016,-0.011134426109492779,-0.046867407858371735,0.2648342740028613,51.086154671,True,-0.00029262155294418335,0.00010253861546516418,-0.0003289896994829178,-5.182810127735138e-05,0.0004413453594022645,0.06204098090529442,0.09755789488554001,0.0751563310623169,0.04462943971157074,0.14129346737693138,ROA_1001_model33000_noise15,2554,2026-10-01_00-04-08,-0.010495073162019253,0.013833853416144848
0.0008727423846721649,-0.00023525208234786987,-0.00043692998588085175,-0.00048442743718624115,0.0009760368156916792,-0.15710851550102234,0.1810714453458786,0.09721656888723373,0.023635568097233772,0.24473025479802948,0.00016810372471809387,-0.000486522912979126,-0.0010555144399404526,-0.000752648338675499,0.0013058803027353127,-0.21124909818172455,0.13633351027965546,0.07429905235767365,-0.010356771759688854,0.2605991809355681,-0.011273098178207874,0.015956362709403038,-0.008420206606388092,0.007242127321660519,-0.007526123430579901,0.008580095134675503,0.0004756264388561249,-0.0005862675607204437,-0.0007430557161569595,-0.000702589750289917,0.001026083822288036,-0.2724071741104126,0.03953557088971138,0.0005187466740608215,-0.05449121445417404,0.2753925365534537,51.106156071,True,-0.00030528753995895386,0.00010048970580101013,-0.00031264498829841614,-4.861503839492798e-05,0.0004384972355414505,0.06109661981463432,0.09671411663293839,0.07385574281215668,0.044187992811203,0.1395716617796112,ROA_1001_model33000_noise15,2555,2026-10-01_00-04-08,-0.009882078506052494,0.012294799089431763
0.0009410083293914795,-0.00030603259801864624,-0.0005743931978940964,-0.0003837980329990387,0.0011045729981024838,-0.141974538564682,0.16489996016025543,0.08923885971307755,0.029235610738396645,0.22110225349413673,0.0002448447048664093,-0.0005486421287059784,-0.0011881347745656967,-0.0006421934813261032,0.0013515365377464365,-0.19767506420612335,0.11927074939012527,0.06900401413440704,-0.0017364508239552379,0.2386916891032379,-0.01012866199016571,0.013686520047485828,-0.007643220946192741,0.005507659167051315,-0.00660067331045866,0.007130112498998642,0.0005521811544895172,-0.0006455928087234497,-0.0008827541023492813,-0.0006016809493303299,0.001078638210397783,-0.2539362609386444,0.02626236341893673,-0.008087605237960815,-0.04911282658576965,0.25530891664218197,51.126160702,True,-0.0003082677721977234,9.797513484954834e-05,-0.0003043096512556076,-4.083849489688873e-05,0.0004352091411796385,0.05615967884659767,0.09293108433485031,0.07716146856546402,0.04741642251610756,0.13754340843380966,ROA_1001_model33000_noise15,2556,2026-10-01_00-04-08,-0.009082830511033535,0.010373550467193127
0.0009762588888406754,-0.0003525521606206894,-0.0006897374987602234,-0.00028978101909160614,0.0012023515533595795,-0.14053191244602203,0.16070576012134552,0.09358673542737961,0.024537088349461555,0.21859234894803958,0.00027138739824295044,-0.0005865003913640976,-0.0013025477528572083,-0.0005309935659170151,0.001407024409182115,-0.19722291827201843,0.11476734280586243,0.07522106170654297,-0.004119705408811569,0.2380426031380051,-0.00845774170011282,0.010545451194047928,-0.006237877532839775,0.00299448543228209,-0.005052449181675911,0.0048486292362213135,0.0005920883268117905,-0.0006882473826408386,-0.0010004732757806778,-0.0005060341209173203,0.0011691144033788312,-0.2517769932746887,0.022557096555829048,-0.004011206328868866,-0.053851861506700516,0.25278679710098095,51.146154998,True,-0.00032139942049980164,9.997747838497162e-05,-0.00029997900128364563,-2.6309862732887268e-05,0.00044322472779723517,0.054426487535238266,0.09213154762983322,0.0793384313583374,0.04979781433939934,0.13826947973627543,ROA_1001_model33000_noise15,2557,2026-10-01_00-04-08,-0.007762034423649311,0.007356606423854828
0.0009922776371240616,-0.00035599805414676666,-0.0008155358955264091,-0.00018540304154157639,0.0012948550928265116,-0.1403917521238327,0.16095441579818726,0.10168179124593735,0.01430418249219656,0.2220668233090073,0.0002882909029722214,-0.0005912035703659058,-0.0014556339010596275,-0.00040351878851652145,0.001516332641381628,-0.19822408258914948,0.11434312164783478,0.08603231608867645,-0.010846647433936596,0.2426577659025742,-0.007006691303104162,0.007358198054134846,-0.004817517474293709,0.00039086630567908287,-0.0037719528190791607,0.002192837418988347,0.0006137415766716003,-0.0006866641342639923,-0.001150369644165039,-0.0004150904715061188,0.0013049894768585703,-0.25044938921928406,0.024147329851984978,-0.003685010364279151,-0.07189972698688507,0.25163339839287946,51.166154862000006,True,-0.00032456591725349426,9.667128324508667e-05,-0.00030901283025741577,1.3667158782482147e-05,0.00045523839479468296,0.052144747227430344,0.09014549851417542,0.0898013785481453,0.061122000217437744,0.14671896913186153,ROA_1001_model33000_noise15,2558,2026-10-01_00-04-08,-0.006514714099466801,0.004826811142265797
0.0009701121598482132,-0.0003125518560409546,-0.0008905306458473206,-0.00012638047337532043,0.0013252521951722235,-0.14954525232315063,0.1708492487668991,0.11531612277030945,-0.00038696450064890087,0.24129583181433542,0.000253552570939064,-0.0005480833351612091,-0.0015687895938754082,-0.0003349035978317261,0.00161054234847166,-0.20735104382038116,0.12486939877271652,0.10114838182926178,-0.023104481399059296,0.26163679529299116,-0.0058386498130857944,0.005015813745558262,-0.0037668030709028244,-0.0015509321819990873,-0.002766555640846491,0.0002576499246060848,0.0005842186510562897,-0.0006490852683782578,-0.0012413598597049713,-0.000369315966963768,0.0013736848226033568,-0.26152095198631287,0.031280796974897385,0.00608828803524375,-0.09167519956827164,0.26400078519878817,51.186154758,True,-0.000328943133354187,0.00010118819773197174,-0.00032745301723480225,3.6694109439849854e-05,0.0004743869353155781,0.053994353860616684,0.09352340549230576,0.09517254680395126,0.06861355900764465,0.155940209620416,ROA_1001_model33000_noise15,2559,2026-10-01_00-04-08,-0.005581995472311974,0.0032325966749340296
0.0008831266313791275,-0.00022263266146183014,-0.0008926494047045708,-0.00011438969522714615,0.0012580187945790881,-0.17703090608119965,0.1994352638721466,0.14273425936698914,-0.029287299141287804,0.29333580643585117,0.00015576370060443878,-0.00047050416469573975,-0.001620524562895298,-0.00030568335205316544,0.0016505453052320213,-0.23439432680606842,0.15315692126750946,0.1313243955373764,-0.04880712181329727,0.31185331814309153,-0.006201442796736956,0.00431146752089262,-0.00392743619158864,-0.0027432353235781193,-0.0028829022776335478,-0.0007658132817596197,0.0004920642822980881,-0.0005673151463270187,-0.0012682750821113586,-0.00037208665162324905,0.0013699914566161606,-0.2905498147010803,0.05734711512923241,0.026889143511652946,-0.12767896056175232,0.30135060522090323,51.20615651000001,True,-0.0003359746187925339,9.699724614620209e-05,-0.00035229604691267014,6.682239472866058e-05,0.0005003162033521736,0.05596596375107765,0.09570596367120743,0.10455678403377533,0.07891281694173813,0.16837099762801347,ROA_1001_model33000_noise15,2560,2026-10-01_00-04-08,-0.006429760251194239,0.0033464280422776937
0.0008763279765844345,-0.00016740523278713226,-0.0008543021976947784,-0.00016218982636928558,0.0012238582028923405,-0.17906631529331207,0.20368489623069763,0.14202365279197693,-0.033480580896139145,0.2982115948648718,0.00015515834093093872,-0.0004254281520843506,-0.0016133766621351242,-0.0003345077857375145,0.0016490967800890613,-0.23549188673496246,0.15672434866428375,0.1339055597782135,-0.05121994391083717,0.3158716340363904,-0.006778062786906958,0.00497810821980238,-0.004327166825532913,-0.0024113203398883343,-0.0034264042042195797,-0.00048732408322393894,0.0004914123564958572,-0.0005166977643966675,-0.0012429431080818176,-0.00042049214243888855,0.0013557972117131587,-0.29040592908859253,0.06211408972740173,0.022351739928126335,-0.13443058729171753,0.30203537221260135,51.226158870000006,True,-0.00033420510590076447,8.963979780673981e-05,-0.00036980491131544113,8.877832442522049e-05,0.0005141204302421101,0.05479016900062561,0.0945366844534874,0.11165276914834976,0.08329399675130844,0.1736456267295152,ROA_1001_model33000_noise15,2561,2026-10-01_00-04-08,-0.007460332475602627,0.004982234910130501
0.000865710899233818,-0.00010696239769458771,-0.0008386559784412384,-0.00019897706806659698,0.0012069481306599327,-0.17093168199062347,0.19836238026618958,0.13181473314762115,-0.02861674688756466,0.28494725073486354,0.00014523975551128387,-0.0003782100975513458,-0.001627020537853241,-0.000357581302523613,0.0016670232820498881,-0.2260361760854721,0.1509929895401001,0.1267460137605667,-0.04575261473655701,0.3019946072561794,-0.00825571734458208,0.005995309911668301,-0.005126729141920805,-0.001837936695665121,-0.004548985511064529,-0.00017770333215594292,0.00047874636948108673,-0.0004664529114961624,-0.0012402888387441635,-0.00046081840991973877,0.0013611559378815185,-0.2829921245574951,0.05372287333011627,0.009051524102687836,-0.13011972606182098,0.2903896241112396,51.246179022,True,-0.00033355318009853363,9.005889296531677e-05,-0.0003858935087919235,0.00010114163160324097,0.0005277386133641315,0.056869346648454666,0.09721284359693527,0.11777365207672119,0.08442624658346176,0.17976457023340187,ROA_1001_model33000_noise15,2562,2026-10-01_00-04-08,-0.00894212257117033,0.0070777777582407
0.0008661765605211258,-6.793998181819916e-05,-0.0008081551641225815,-0.00024638138711452484,0.0011907654588108954,-0.1668413132429123,0.1961258202791214,0.12761074304580688,-0.028121283277869225,0.27942828918850837,0.00014700926840305328,-0.00034086406230926514,-0.0016124919056892395,-0.00039134174585342407,0.001660536123474982,-0.21900515258312225,0.14883838593959808,0.1253373920917511,-0.045701391994953156,0.2950516572102049,-0.009928358718752861,0.007078411057591438,-0.0062606907449662685,-0.0012086250353604555,-0.005930818617343903,0.00025426363572478294,0.0004752539098262787,-0.0004386529326438904,-0.0012093223631381989,-0.0004945322871208191,0.0013415289804919897,-0.2812179625034332,0.04819035157561302,0.004161614924669266,-0.1264917552471161,0.28671157133542186,51.266156742,True,-0.00032745301723480225,9.774230420589447e-05,-0.0004029367119073868,0.00010402873158454895,0.000538387766116736,0.06210477650165558,0.1005716547369957,0.12126145511865616,0.08082109689712524,0.18351844751189622,ROA_1001_model33000_noise15,2563,2026-10-01_00-04-08,-0.01057677436619997,0.008734101429581642
0.0008648261427879333,-6.402842700481415e-05,-0.0007972121238708496,-0.0002697110176086426,0.0011843537609397986,-0.168484166264534,0.20047089457511902,0.130998894572258,-0.03360537812113762,0.28577916712905516,0.00017760321497917175,-0.000334717333316803,-0.0016336794942617416,-0.00041583552956581116,0.001688267559734884,-0.22054369747638702,0.15164725482463837,0.13062310218811035,-0.05182763189077377,0.3010152723966735,-0.010479983873665333,0.007698755711317062,-0.006427116692066193,-0.0010036106687039137,-0.006252567283809185,0.00034025334753096104,0.0004831235855817795,-0.00043082982301712036,-0.0012083910405635834,-0.0005242414772510529,0.0013513307536935637,-0.28072670102119446,0.05383928865194321,0.0031022352632135153,-0.13484060764312744,0.2876290025457717,51.286157597000006,True,-0.0003058928996324539,9.709037840366364e-05,-0.0004244968295097351,0.00010845251381397247,0.0005428970531832864,0.06006797403097153,0.09773857146501541,0.1276060938835144,0.08305394649505615,0.18635956617406452,ROA_1001_model33000_noise15,2564,2026-10-01_00-04-08,-0.010928715579211712,0.009391233325004578
0.0008553732186555862,-6.486661732196808e-05,-0.0007725320756435394,-0.00028242357075214386,0.0011616312593748022,-0.17506814002990723,0.20881648361682892,0.134224072098732,-0.039184000343084335,0.29791947549819076,0.00018957071006298065,-0.0003319699317216873,-0.0016322825103998184,-0.0004287809133529663,0.001690707734849205,-0.2264683097600937,0.15877744555473328,0.13534630835056305,-0.05820393189787865,0.3122441982462642,-0.011051198467612267,0.008729346096515656,-0.0066370065324008465,-0.00039594131521880627,-0.006674209609627724,0.0007643264252692461,0.00047446228563785553,-0.00042961910367012024,-0.0011922325938940048,-0.000541098415851593,0.00133954675327188,-0.28612184524536133,0.06226775795221329,0.002545770024880767,-0.14234286546707153,0.2951596265734634,51.306157557000006,True,-0.0002848915755748749,9.681098163127899e-05,-0.0004386529326438904,0.00011366792023181915,0.0005436251682073017,0.059489622712135315,0.09644729644060135,0.1329001933336258,0.08417758345603943,0.18944606181051699,ROA_1001_model33000_noise15,2565,2026-10-01_00-04-08,-0.01114716287702322,0.010457499884068966
0.0007897615432739258,-3.459863364696503e-05,-0.0007139053195714951,-0.00032028183341026306,0.001082289617853037,-0.1939772516489029,0.22946158051490784,0.14941486716270447,-0.0558425635099411,0.3328015234212877,0.0001380685716867447,-0.0003024004399776459,-0.0015854369848966599,-0.0004698988050222397,0.0016542857568583658,-0.24544213712215424,0.17751286923885345,0.15057715773582458,-0.0758846253156662,0.3458838647966728,-0.011267058551311493,0.010046109557151794,-0.0065559037029743195,0.0005761201027780771,-0.006887120194733143,0.0015008936170488596,0.0004104338586330414,-0.000394647940993309,-0.0011408701539039612,-0.0005849171429872513,0.0012981256385819256,-0.3027743399143219,0.0842055231332779,0.01378497015684843,-0.16227224469184875,0.32082303118475786,51.326159597,True,-0.0002716667950153351,9.308569133281708e-05,-0.00044410116970539093,0.00011562369763851166,0.0005410413508305305,0.057205554097890854,0.0932491347193718,0.1368657648563385,0.08641322702169418,0.1910284793826866,ROA_1001_model33000_noise15,2566,2026-10-01_00-04-08,-0.011069477535784245,0.01160744484513998
0.0007663387805223465,-3.4924596548080444e-05,-0.0006687827408313751,-0.0003436114639043808,0.0010380580774959048,-0.19797728955745697,0.23336660861968994,0.15124212205410004,-0.05845632031559944,0.3391981605396389,0.00011981464922428131,-0.0002979300916194916,-0.0015408266335725784,-0.0004936009645462036,0.0016181314416536278,-0.2490733563899994,0.18060626089572906,0.15234480798244476,-0.07923412322998047,0.3516443258329654,-0.01146580558270216,0.011384343728423119,-0.006633203011006117,0.0019227031152695417,-0.00712245237082243,0.002738254377618432,0.00038533471524715424,-0.0003905966877937317,-0.001100730150938034,-0.0006129499524831772,0.001270165384066349,-0.3053741455078125,0.08952850103378296,0.013950279913842678,-0.1667276918888092,0.3255590423112311,51.346157573000006,True,-0.000264681875705719,9.168870747089386e-05,-0.0004394911229610443,0.00011860392987728119,0.0005342329686254711,0.05619460344314575,0.09101814776659012,0.13847601413726807,0.08755223453044891,0.19150245985279052,ROA_1001_model33000_noise15,2567,2026-10-01_00-04-08,-0.011003371328115463,0.012392322532832623
0.0007925555109977722,-8.284114301204681e-05,-0.0006569083780050278,-0.0003269873559474945,0.0010404961105916764,-0.19332392513751984,0.22814282774925232,0.14536873996257782,-0.05214567855000496,0.3291760378069187,0.0001560896635055542,-0.0003343448042869568,-0.0015312805771827698,-0.00048214569687843323,0.0016061639349997838,-0.24437297880649567,0.17443764209747314,0.1467638611793518,-0.0737430527806282,0.341513744943028,-0.011636365205049515,0.012269172817468643,-0.006575988605618477,0.0029806934762746096,-0.007333183661103249,0.0035994763020426035,0.00041564926505088806,-0.0004273373633623123,-0.0010950025171041489,-0.0006006564944982529,0.0012616161245315347,-0.29859083890914917,0.08729612082242966,0.005420296918600798,-0.16296188533306122,0.3165247914949683,51.36615839700001,True,-0.00025937333703041077,9.238719940185547e-05,-0.0004361383616924286,0.00011916272342205048,0.0005290667428631107,0.05407165363430977,0.08726352453231812,0.14143110811710358,0.08915270864963531,0.1922474552160511,ROA_1001_model33000_noise15,2568,2026-10-01_00-04-08,-0.01085704006254673,0.012787213549017906
0.0009033363312482834,-0.00019506551325321198,-0.0006754416972398758,-0.0002852175384759903,0.0011280391626368959,-0.16341637074947357,0.19735516607761383,0.11690007150173187,-0.02637971006333828,0.274489455529107,0.0002891290932893753,-0.00043744221329689026,-0.0015434343367815018,-0.00043851323425769806,0.0016131638654561715,-0.21526356041431427,0.14244112372398376,0.11969683319330215,-0.04742061346769333,0.2874673272639476,-0.01110024843364954,0.012748479843139648,-0.0060241189785301685,0.004230552352964878,-0.007333457004278898,0.004463842138648033,0.0005433335900306702,-0.0005256384611129761,-0.0011205673217773438,-0.0005627516657114029,0.0012892651701511507,-0.26372212171554565,0.06129499152302742,-0.025142448022961617,-0.13783620297908783,0.27086517378721525,51.386160149000006,True,-0.00025210902094841003,8.880160748958588e-05,-0.0004232395440340042,0.00012400560081005096,0.000515561292740511,0.04837242513895035,0.08112470805644989,0.14489330351352692,0.09040999412536621,0.19131293683797984,ROA_1001_model33000_noise15,2569,2026-10-01_00-04-08,-0.00981735810637474,0.013240673579275608
0.001028226688504219,-0.0003109686076641083,-0.0007445923984050751,-0.0002227257937192917,0.0012757970864253616,-0.1332554966211319,0.16592302918434143,0.093670554459095,-0.0027539206203073263,0.22228000157953484,0.00044871121644973755,-0.0005359761416912079,-0.001632561907172203,-0.00038403086364269257,0.0017107122049953222,-0.186630517244339,0.11057545989751816,0.09751319140195847,-0.0241245124489069,0.2375921093480803,-0.009901143610477448,0.012458096258342266,-0.005146625451743603,0.00440690852701664,-0.006611502729356289,0.004606042988598347,0.0006828457117080688,-0.00062575563788414,-0.0012086238712072372,-0.0005132518708705902,0.00139846260141558,-0.22791045904159546,0.03570271655917168,-0.053851861506700516,-0.11882325261831284,0.23434939071358515,51.406167341,True,-0.00023292377591133118,8.98260623216629e-05,-0.00042384490370750427,0.00012945383787155151,0.0005084116124917372,0.041161660104990005,0.07501710206270218,0.15144142508506775,0.09462236613035202,0.19424860505322106,ROA_1001_model33000_noise15,2570,2026-10-01_00-04-08,-0.008387681096792221,0.012468624860048294
0.0010578427463769913,-0.0003670342266559601,-0.000750366598367691,-0.00018882565200328827,0.0013119770635803966,-0.13595819473266602,0.1672562062740326,0.09306053817272186,-0.0028051433619111776,0.22487421704141503,0.0004899688065052032,-0.0005728565156459808,-0.0016479752957820892,-0.0003594905138015747,0.0017303765860701649,-0.18716229498386383,0.11419038474559784,0.09663122892379761,-0.024705657735466957,0.239374132416855,-0.008560489863157272,0.012541145086288452,-0.004265838302671909,0.004516410641372204,-0.005472205579280853,0.004870579577982426,0.000710831955075264,-0.0006773509085178375,-0.0012232456356287003,-0.0004916451871395111,0.0014186516548859054,-0.2291342169046402,0.03789365291595459,-0.05739647522568703,-0.12100580334663391,0.23637406986699394,51.426164101000005,True,-0.0002182554453611374,0.00010561197996139526,-0.0004256144165992737,0.0001308973878622055,0.0005059871546812352,0.04187551885843277,0.07624784111976624,0.15408870577812195,0.09634298831224442,0.19765956894229497,ROA_1001_model33000_noise15,2571,2026-10-01_00-04-08,-0.006976354401558638,0.012078232131898403
0.0011069700121879578,-0.0004014931619167328,-0.0008003320544958115,-0.00018838327378034592,0.0013842229489704043,-0.12070173025131226,0.15141256153583527,0.0786706730723381,0.01280475314706564,0.19806959789236261,0.0005598179996013641,-0.0005919020622968674,-0.0017012469470500946,-0.00036351848393678665,0.0017993195532934097,-0.17293494939804077,0.0986047014594078,0.08110561966896057,-0.010551651008427143,0.21326297799811292,-0.00712303351610899,0.012143596075475216,-0.003668985329568386,0.00448249839246273,-0.004643814638257027,0.004972939379513264,0.0007654540240764618,-0.0007037073373794556,-0.0012798234820365906,-0.0004952074959874153,0.0014932992666410875,-0.21076062321662903,0.025958286598324776,-0.0737726166844368,-0.10857567936182022,0.2236828324518943,51.446161372000006,True,-0.00020461156964302063,0.00011171214282512665,-0.0004213070496916771,0.00013315584510564804,0.0004979875190376321,0.037738122045993805,0.07261242717504501,0.15494157373905182,0.09803054481744766,0.19709322171791588,ROA_1001_model33000_noise15,2572,2026-10-01_00-04-08,-0.0059364656917750835,0.011062327772378922
0.0011059921234846115,-0.00038831494748592377,-0.000789714977145195,-0.00020433217287063599,0.0013744942774364293,-0.13258028030395508,0.1644235998392105,0.08594709634780884,0.004348112270236015,0.21785386968074502,0.0005521811544895172,-0.0005716923624277115,-0.001681409776210785,-0.00038354191929101944,0.0017810698553090206,-0.1830155849456787,0.11333822458982468,0.08685537427663803,-0.019643453881144524,0.2313884868347649,-0.006682513747364283,0.012788208201527596,-0.0035309679806232452,0.005387703888118267,-0.004523273091763258,0.005770429968833923,0.00075572170317173,-0.0006915070116519928,-0.0012638280168175697,-0.000514020211994648,0.0014763492746802344,-0.22285430133342743,0.03895442932844162,-0.06597442179918289,-0.11681368947029114,0.2324673903228777,51.46616162,True,-0.00020740553736686707,0.0001180451363325119,-0.00041583552956581116,0.00013154931366443634,0.0004952147591323889,0.03973906487226486,0.07432186603546143,0.15292292833328247,0.09720958024263382,0.19615070310059265,ROA_1001_model33000_noise15,2573,2026-10-01_00-04-08,-0.005524990148842335,0.011805713176727295
0.0011527910828590393,-0.00042654573917388916,-0.0008289702236652374,-0.0001844950020313263,0.0014414451397848735,-0.12123211473226547,0.15237879753112793,0.07559359073638916,0.015591270290315151,0.19823910825659322,0.0006047077476978302,-0.0006079673767089844,-0.0017064856365323067,-0.00036766286939382553,0.0018171102633404315,-0.17279060184955597,0.1012580394744873,0.07514399290084839,-0.008965609595179558,0.21218188521449344,-0.006777568720281124,0.013177136890590191,-0.004192699212580919,0.006108440458774567,-0.004957516677677631,0.0065372409299016,0.000810530036687851,-0.0007241033017635345,-0.0013002194464206696,-0.000493205152451992,0.0015327746629907213,-0.21053476631641388,0.028602777048945427,-0.07438752800226212,-0.10447413474321365,0.2234692877770902,51.486159660000006,True,-0.00020479783415794373,0.00011567026376724243,-0.0004073604941368103,0.00012707896530628204,0.00048530833420128475,0.037647783756256104,0.07259193807840347,0.1496756374835968,0.09546241909265518,0.1917412407310433,ROA_1001_model33000_noise15,2574,2026-10-01_00-04-08,-0.005818439181894064,0.011915305629372597
0.001144595444202423,-0.0004334375262260437,-0.0008295057341456413,-0.00018228311091661453,0.0014362352843974614,-0.1231226995587349,0.1538451761007309,0.07695634663105011,0.016510719433426857,0.2005995576797396,0.0005989335477352142,-0.0006097368896007538,-0.001683458685874939,-0.0003648456186056137,0.0017932174634607036,-0.17484183609485626,0.10345596075057983,0.07489719241857529,-0.008596107363700867,0.21473314797909884,-0.007503577508032322,0.013566442765295506,-0.005297839641571045,0.006606251932680607,-0.00580016290768981,0.007126607000827789,0.0008041039109230042,-0.0007241033017635345,-0.0012856675311923027,-0.00048370566219091415,0.001516753923144941,-0.2127382755279541,0.03155972808599472,-0.06987620145082474,-0.10104057937860489,0.2239270829922833,51.506159748,True,-0.00020489096641540527,0.00011557713150978088,-0.0003982335329055786,0.00011629890650510788,0.0004746223015779922,0.037748366594314575,0.07183104753494263,0.14487490057945251,0.09249453246593475,0.18642072220736464,ROA_1001_model33000_noise15,2575,2026-10-01_00-04-08,-0.0067429919727146626,0.012035421095788479
0.0011711381375789642,-0.000475812703371048,-0.0008309260010719299,-0.00015944242477416992,0.0014685761263117333,-0.1111859381198883,0.14094169437885284,0.06892485171556473,0.02586655132472515,0.181152150421062,0.0006236135959625244,-0.0006537884473800659,-0.0016746576875448227,-0.0003448221832513809,0.001790031677172258,-0.16324593126773834,0.09145680069923401,0.06548501551151276,0.00032503154943697155,0.1958316343130733,-0.008086166344583035,0.01373805571347475,-0.005940692499279976,0.006878625601530075,-0.006408724933862686,0.007410231977701187,0.0008298084139823914,-0.000764802098274231,-0.0012822914868593216,-0.0004606321454048157,0.0015277799561309695,-0.20141711831092834,0.019026920199394226,-0.07588276267051697,-0.08972035348415375,0.21577580415556616,51.526163260000004,True,-0.0002062879502773285,0.00011278316378593445,-0.0003929249942302704,0.00011227093636989594,0.00046929467036194324,0.0380268320441246,0.07237587124109268,0.14146555960178375,0.09005143493413925,0.1828017753410729,ROA_1001_model33000_noise15,2576,2026-10-01_00-04-08,-0.007498324383050203,0.012086817063391209
0.0012297183275222778,-0.000532250851392746,-0.000864081084728241,-0.00011408701539039612,0.0015509302722425608,-0.0939108356833458,0.12258812040090561,0.053736377507448196,0.04159332811832428,0.1544255005432951,0.0006883405148983002,-0.0007106922566890717,-0.0017093494534492493,-0.0003003980964422226,0.0018427964726581854,-0.1468900591135025,0.0732075423002243,0.05061737820506096,0.016395002603530884,0.1686809118442577,-0.008531157858669758,0.01356146577745676,-0.006370939780026674,0.0068078478798270226,-0.00692500825971365,0.007279357872903347,0.0008950941264629364,-0.0008201226592063904,-0.0013161450624465942,-0.0004141125828027725,0.0015982271332941902,-0.1833280473947525,0.002086162567138672,-0.09173154085874557,-0.07433490455150604,0.20766743397202125,51.546165812000005,True,-0.0002078711986541748,0.00010933727025985718,-0.00039208680391311646,0.00011418014764785767,0.0004693314370873253,0.03634486347436905,0.07105525583028793,0.14241737127304077,0.09076203405857086,0.1830343554228982,ROA_1001_model33000_noise15,2577,2026-10-01_00-04-08,-0.007988964207470417,0.011867537163197994
0.0012352131307125092,-0.0005550682544708252,-0.0008576549589633942,-9.904615581035614e-05,0.001559485881879977,-0.08736922591924667,0.11484510451555252,0.04856008663773537,0.047307923436164856,0.14460168441043353,0.0006940215826034546,-0.0007372349500656128,-0.001699104905128479,-0.0002876855432987213,0.0018354328643114851,-0.1404993236064911,0.0664321705698967,0.04449393227696419,0.022009944543242455,0.15863078901751412,-0.008004681207239628,0.013282165862619877,-0.006054616533219814,0.0065468112006783485,-0.006476563401520252,0.007120437920093536,0.0009010545909404755,-0.0008410774171352386,-0.0013068784028291702,-0.00040032900869846344,0.0015976600276455058,-0.17654894292354584,-0.005466863047331572,-0.09638582915067673,-0.06758933514356613,0.2048348687982303,51.566162860000006,True,-0.0002084299921989441,0.00010617077350616455,-0.00039297156035900116,0.0001103617250919342,0.00046875033080014686,0.0359509140253067,0.07191114127635956,0.14097940921783447,0.08963606506586075,0.18144089673881972,ROA_1001_model33000_noise15,2578,2026-10-01_00-04-08,-0.007778389845043421,0.011394946835935116
0.0012167729437351227,-0.0005426350980997086,-0.0008537666872143745,-9.94652509689331e-05,0.0015393910869377172,-0.09006261080503464,0.11690379679203033,0.048683952540159225,0.04876195266842842,0.14791498907057218,0.0006779562681913376,-0.0007249414920806885,-0.0016931211575865746,-0.0002891290932893753,0.0018238106679381294,-0.1431475281715393,0.06899004429578781,0.04389183223247528,0.023200873285531998,0.16178848325322753,-0.007652720436453819,0.013099150732159615,-0.00590476393699646,0.0062736812978982925,-0.006241756957024336,0.006868432275950909,0.0008829869329929352,-0.0008316244930028915,-0.001298077404499054,-0.00039997976273298264,0.0015788804231740947,-0.17938250303268433,-0.003059860086068511,-0.09607453644275665,-0.06603402644395828,0.20651789433054452,51.586165764,True,-0.00020517036318778992,0.00010617077350616455,-0.0003941822797060013,0.00011094380170106888,0.0004683957177259534,0.036146026104688644,0.0719795897603035,0.14005763828754425,0.08927029371261597,0.18064646428304795,ROA_1001_model33000_noise15,2579,2026-10-01_00-04-08,-0.007639184128493071,0.0112905977293849
0.0012394972145557404,-0.0005657784640789032,-0.0008491799235343933,-7.967464625835419e-05,0.0015642265801102035,-0.0828760638833046,0.1094411090016365,0.04319636896252632,0.05302764102816582,0.13851550006925656,0.0006887130439281464,-0.000750366598367691,-0.001692306250333786,-0.00027241185307502747,0.0018273964251174133,-0.1347721517086029,0.0630328431725502,0.038293421268463135,0.028320586308836937,0.1506471802866466,-0.007650984916836023,0.013170373626053333,-0.00602715602144599,0.006437079049646854,-0.006255354732275009,0.007062891498208046,0.0008990056812763214,-0.0008602626621723175,-0.001294049434363842,-0.0003856141120195389,0.0015901827843081099,-0.1737074851989746,-0.01262966450303793,-0.10082823783159256,-0.06110826134681702,0.20534056853261373,51.606166651,True,-0.00021187588572502136,0.00011017546057701111,-0.0003975816071033478,0.00011264346539974213,0.00047542730020645323,0.03880634903907776,0.0756196677684784,0.13919709622859955,0.08947215229272842,0.18194008553444874,ROA_1001_model33000_noise15,2580,2026-10-01_00-04-08,-0.007622421253472567,0.011615896597504616
0.0012256205081939697,-0.0005527865141630173,-0.000853370875120163,-7.934868335723877e-05,0.0015517091156558632,-0.08050165325403214,0.10694888979196548,0.03805849701166153,0.06021139770746231,0.13693698772997467,0.0006839167326688766,-0.0007381197065114975,-0.0016990117728710175,-0.0002707354724407196,0.0018316979479358465,-0.13328762352466583,0.059695445001125336,0.0328700989484787,0.035114586353302,0.1469688972701412,-0.007955487817525864,0.012626071460545063,-0.006543509196490049,0.005756980739533901,-0.006683547515422106,0.006405184976756573,0.000889832153916359,-0.0008449424058198929,-0.0012978911399841309,-0.00037867575883865356,0.0015865584054670456,-0.17098848521709442,-0.013811047188937664,-0.10607810318470001,-0.053405292332172394,0.20527446293605722,51.626163155,True,-0.0002076849341392517,0.0001071486622095108,-0.0004014931619167328,0.00010863877832889557,0.00047514139949869676,0.037540681660175323,0.07346970587968826,0.13903900980949402,0.08855666220188141,0.18033639349703098,ROA_1001_model33000_noise15,2581,2026-10-01_00-04-08,-0.0081434715539217,0.011194748803973198
0.0012142583727836609,-0.0005378853529691696,-0.0008114147931337357,-8.3213672041893e-05,0.0015177794886822903,-0.08108000457286835,0.10780803114175797,0.036428216844797134,0.06078648939728737,0.1382603249541497,0.0006594695150852203,-0.0007300172001123428,-0.0016621313989162445,-0.00027585774660110474,0.0017882347769456028,-0.13212253153324127,0.06176018714904785,0.030973924323916435,0.03583962097764015,0.1464733732259844,-0.008043099194765091,0.012682593427598476,-0.006694816052913666,0.0057836007326841354,-0.00680397916585207,0.0064276522025465965,0.0008718576282262802,-0.0008382834494113922,-0.001257471740245819,-0.0003821682184934616,0.0015434460833579073,-0.17293494939804077,-0.014455056749284267,-0.10762502998113632,-0.052025072276592255,0.20765620435462004,51.646166507000004,True,-0.00021392479538917542,0.00010807998478412628,-0.0004048924893140793,0.00010542571544647217,0.00048015285067841483,0.040741633623838425,0.07614586502313614,0.13865576684474945,0.08792196959257126,0.18148343709431855,ROA_1001_model33000_noise15,2582,2026-10-01_00-04-08,-0.008440258912742138,0.011351917870342731
0.0011677853763103485,-0.0006250105798244476,-0.0006667338311672211,-6.170012056827545e-05,0.0014450970742567006,-0.10813585668802261,0.12864451110363007,0.05049211531877518,0.0480986163020134,0.1681231580843637,0.0005857087671756744,-0.0008279457688331604,-0.0015180092304944992,-0.00026067718863487244,0.0016283736932575378,-0.15857349336147308,0.08308793604373932,0.045998018234968185,0.022904014214873314,0.18167623915726552,-0.00860313605517149,0.013569013215601444,-0.007052088622003794,0.005719616077840328,-0.007035175338387489,0.006380513310432434,0.0008079223334789276,-0.0009423121809959412,-0.0010974705219268799,-0.0003512948751449585,0.001414217498894676,-0.20351353287696838,0.0014696269063279033,-0.08824373781681061,-0.06097135692834854,0.22308169460824395,51.666169955,True,-0.00022174790501594543,0.00011576339602470398,-0.0004221685230731964,9.015202522277832e-05,0.0004955096759974197,0.045143064111471176,0.0824788510799408,0.1341463029384613,0.0833813026547432,0.17924751534387393,ROA_1001_model33000_noise15,2583,2026-10-01_00-04-08,-0.008862549439072609,0.012303037568926811
0.0010965391993522644,-0.000626780092716217,-0.0005835667252540588,-4.8801302909851074e-05,0.0013574926318504973,-0.1245969831943512,0.1423051506280899,0.05314033105969429,0.04749279096722603,0.18914486149721854,0.0005122274160385132,-0.0008360482752323151,-0.0014688819646835327,-0.0002670101821422577,0.001555884998594009,-0.17307883501052856,0.09863636642694473,0.048595476895570755,0.020598525181412697,0.20188384620754024,-0.008925403468310833,0.01376571785658598,-0.007323358207941055,0.0056173838675022125,-0.007244269363582134,0.006268344819545746,0.000731833279132843,-0.0009485520422458649,-0.0010180287063121796,-0.0003470107913017273,0.0013170548849393033,-0.220939502120018,0.014245509169995785,-0.08444441109895706,-0.06172153726220131,0.23670039111323274,51.686161467000005,True,-0.00022081658244132996,0.00011455267667770386,-0.0004504341632127762,8.051283657550812e-05,0.0005166925931951919,0.047789882868528366,0.08426140248775482,0.1330692321062088,0.0823945701122284,0.179550724515202,ROA_1001_model33000_noise15,2584,2026-10-01_00-04-08,-0.009106040932238102,0.01282671932131052
0.0010304152965545654,-0.0006289221346378326,-0.0005566980689764023,-3.380700945854187e-05,0.001296207517420961,-0.13126897811889648,0.14711730182170868,0.049229707568883896,0.05568982660770416,0.19739455162764646,0.0004589557647705078,-0.0008432194590568542,-0.0014682766050100327,-0.0002699904143810272,0.0015383538781089646,-0.17906631529331207,0.10460055619478226,0.04327203705906868,0.025391576811671257,0.20889406715387873,-0.00933669600635767,0.013606726191937923,-0.007884688675403595,0.0053175874054431915,-0.007772719953209162,0.005968539975583553,0.0006676651537418365,-0.0009522773325443268,-0.0009888317435979843,-0.00033853575587272644,0.0012587765295501514,-0.22770743072032928,0.02031959407031536,-0.08780601620674133,-0.05459412559866905,0.24405135863701213,51.706163027,True,-0.00020945444703102112,0.00011064112186431885,-0.0004780944436788559,6.989575922489166e-05,0.0005333165772852017,0.04857126250863075,0.08417199552059174,0.13115815818309784,0.0800602063536644,0.177282362382557,ROA_1001_model33000_noise15,2585,2026-10-01_00-04-08,-0.009787340648472309,0.012948048301041126
0.0009723939001560211,-0.0006078742444515228,-0.0005111563950777054,-7.203780114650726e-05,0.0012181220277357753,-0.13441871106624603,0.14966540038585663,0.05049304664134979,0.05648564174771309,0.20136517078366198,0.0003966502845287323,-0.0008262693881988525,-0.0014466699212789536,-0.0003174878656864166,0.001503959049856565,-0.18093547224998474,0.10862666368484497,0.042278315871953964,0.023826954886317253,0.2124528410423071,-0.008728846907615662,0.01416457537561655,-0.0073019275441765785,0.005875562317669392,-0.007197178900241852,0.006490983068943024,0.0006054528057575226,-0.0009308569133281708,-0.0009483657777309418,-0.0003816094249486923,0.0011736034787842252,-0.23216474056243896,0.0231498833745718,-0.08613336086273193,-0.05474267154932022,0.24764277976500512,51.726163499,True,-0.00020954757928848267,0.00010710209608078003,-0.0004969537258148193,6.41215592622757e-05,0.0005488165662628976,0.05113612487912178,0.08537619560956955,0.12848618626594543,0.07862503826618195,0.17617834392214035,ROA_1001_model33000_noise15,2586,2026-10-01_00-04-08,-0.00955477450042963,0.01354112196713686
0.0009019859135150909,-0.0005746260285377502,-0.0004807254299521446,-0.00011485535651445389,0.0011291131194232846,-0.14144740998744965,0.15834997594356537,0.055722422897815704,0.05304906144738197,0.21234158532103667,0.00035585835576057434,-0.0007943250238895416,-0.0014404533430933952,-0.0003695487976074219,0.001497918553892853,-0.18833576142787933,0.11773406714200974,0.044783107936382294,0.017848797142505646,0.22398634595167408,-0.007761120796203613,0.015233420766890049,-0.006213914602994919,0.006732950918376446,-0.006115149240940809,0.00733580905944109,0.0005493871867656708,-0.0008887611329555511,-0.0009239418432116508,-0.0004291767254471779,0.0010926117122587251,-0.23697315156459808,0.03610365092754364,-0.08198921382427216,-0.06076367199420929,0.25119375725864973,51.746166851000005,True,-0.00019399449229240417,9.480863809585571e-05,-0.0005168607458472252,5.920883268117905e-05,0.0005592612879612858,0.048546116799116135,0.08152424544095993,0.12683309614658356,0.07866648584604263,0.17278185374750865,ROA_1001_model33000_noise15,2587,2026-10-01_00-04-08,-0.008819550275802612,0.014453648589551449
0.0008605420589447021,-0.0005600042641162872,-0.0004711328074336052,-0.00016530975699424744,0.0010777025455952277,-0.14259572327136993,0.15948991477489471,0.060447487980127335,0.048150304704904556,0.21399244359317593,0.00032102689146995544,-0.0007811002433300018,-0.0014528864994645119,-0.0004264526069164276,0.00151786477426455,-0.1900540590286255,0.11930893361568451,0.047683246433734894,0.011980299837887287,0.22702689704776524,-0.0069152857176959515,0.016332106664776802,-0.005152655299752951,0.007617352530360222,-0.005072868429124355,0.00818626768887043,0.0005094334483146667,-0.0008693896234035492,-0.0009204959496855736,-0.0004863133653998375,0.0010521559903105806,-0.2385750263929367,0.03833882510662079,-0.07796915620565414,-0.06755068898200989,0.2515159454198774,51.766164890000006,True,-0.00018831342458724976,9.043142199516296e-05,-0.0005334150046110153,6.0070306062698364e-05,0.0005723792232588108,0.048498619347810745,0.08087045699357986,0.12566544115543365,0.07958872616291046,0.17227858208513,ROA_1001_model33000_noise15,2588,2026-10-01_00-04-08,-0.007834451273083687,0.015468488447368145
0.0007700175046920776,-0.0005273148417472839,-0.00041974708437919617,-0.00016191042959690094,0.000973118583291479,-0.1588938683271408,0.17566977441310883,0.07208576053380966,0.038312748074531555,0.2378116070158633,0.00024186447262763977,-0.0007557682693004608,-0.0014215707778930664,-0.00044191256165504456,0.0014886944844138314,-0.20805558562278748,0.13497750461101532,0.05861976742744446,0.0013411043910309672,0.25277257288449384,-0.007916172966361046,0.017013099044561386,-0.005737392697483301,0.007873855531215668,-0.005585078150033951,0.008473563008010387,0.0004270114004611969,-0.0008356757462024689,-0.0008672475814819336,-0.0004918314516544342,0.001003549394107219,-0.2544764280319214,0.055716369301080704,-0.06499560177326202,-0.07831165194511414,0.26520681674518365,51.786167122,True,-0.00018421560525894165,7.813796401023865e-05,-0.000556139275431633,4.949979484081268e-05,0.0005902524173886503,0.04633888229727745,0.07915030419826508,0.12366938591003418,0.07969839125871658,0.16960681317943388,ROA_1001_model33000_noise15,2589,2026-10-01_00-04-08,-0.008282292634248734,0.01606590300798416
0.0007113441824913025,-0.0005153007805347443,-0.0003895256668329239,-0.00014882534742355347,0.0009124242934043856,-0.16670021414756775,0.18285399675369263,0.08302926272153854,0.02896087057888508,0.25011299769218975,0.00017099082469940186,-0.0007573515176773071,-0.0013886485248804092,-0.0004437752068042755,0.0014600158926352574,-0.21632200479507446,0.14266277849674225,0.06801355630159378,-0.008603092283010483,0.26642327430048124,-0.008874085731804371,0.017055347561836243,-0.006159632932394743,0.007593548856675625,-0.005930903367698193,0.008211019448935986,0.00035855919122695923,-0.0008323229849338531,-0.0008260831236839294,-0.0004771631211042404,0.0009879235053002072,-0.2659046947956085,0.059852372854948044,-0.05036824941635132,-0.085295170545578,0.27447396803206614,51.806165130000004,True,-0.00018831342458724976,7.739290595054626e-05,-0.0005618669092655182,3.301538527011871e-05,0.0005952446933262222,0.049351710826158524,0.08259992301464081,0.11861789226531982,0.07688254117965698,0.1671823214068597,ROA_1001_model33000_noise15,2590,2026-10-01_00-04-08,-0.008659178391098976,0.016189347952604294
0.0006901100277900696,-0.0004896894097328186,-0.00034049153327941895,-0.00018719583749771118,0.000866206913782251,-0.17109698057174683,0.18876603245735168,0.09237369149923325,0.021770594641566277,0.25933573848719055,0.00013792887330055237,-0.0007387250661849976,-0.0013051088899374008,-0.0004895031452178955,0.0014023012869907173,-0.2218233346939087,0.1476835459470749,0.07489975541830063,-0.016367994248867035,0.27598733518224167,-0.010224001482129097,0.01677059754729271,-0.006930578034371138,0.006927965208888054,-0.006569754332304001,0.007596537470817566,0.00033676624298095703,-0.0008124858140945435,-0.000762939453125,-0.0005038920789957047,0.0009800002780223332,-0.2730740010738373,0.06391573697328568,-0.03625359386205673,-0.08852360397577286,0.2809137905103815,51.826165154,True,-0.00019855797290802002,7.217749953269958e-05,-0.0005414243787527084,1.7276033759117126e-05,0.0005781625783963638,0.05116685852408409,0.08370260894298553,0.11120503395795822,0.0722203403711319,0.16122827330366835,ROA_1001_model33000_noise15,2591,2026-10-01_00-04-08,-0.009659737348556519,0.01567201502621174
0.0006314367055892944,-0.0004737637937068939,-0.0002569984644651413,-0.00023585744202136993,0.0007925949051963166,-0.18500907719135284,0.20233634114265442,0.10893586277961731,0.006970017682760954,0.2833823097065988,6.584450602531433e-05,-0.0007236376404762268,-0.0011780299246311188,-0.0005417037755250931,0.0013271613009341392,-0.23583228886127472,0.16078072786331177,0.08930032700300217,-0.031229572370648384,0.2997883392277903,-0.011424703523516655,0.016598397865891457,-0.0075821601785719395,0.00644000805914402,-0.00705968402326107,0.0072287824004888535,0.00027352944016456604,-0.0007976777851581573,-0.0006569083780050278,-0.0005367211997509003,0.0009817516456197667,-0.2891719341278076,0.07702596485614777,-0.012869945727288723,-0.09751226007938385,0.299554277509881,51.846163674,True,-0.00020833685994148254,7.292255759239197e-05,-0.0005206558853387833,-2.2351741790771484e-06,0.0005613573392056332,0.05325022712349892,0.0836644247174263,0.10222429037094116,0.06632506847381592,0.15367753840404805,ROA_1001_model33000_noise15,2592,2026-10-01_00-04-08,-0.010812332853674889,0.01495142187923193
0.0005784444510936737,-0.000452529639005661,-0.0001750420778989792,-0.0002977438271045685,0.0007362292409819295,-0.20138639211654663,0.21943728625774384,0.12536905705928802,-0.008267350494861603,0.3124971983972051,-3.4458935260772705e-06,-0.0006956979632377625,-0.0010567717254161835,-0.0006087124347686768,0.0012823806744083005,-0.25155767798423767,0.17750728130340576,0.10327062755823135,-0.04580104351043701,0.32729155443250024,-0.011324669234454632,0.0162669625133276,-0.007353191729635,0.0060557154938578606,-0.006480784621089697,0.007191353477537632,0.00022277235984802246,-0.000771600753068924,-0.000561075285077095,-0.0005885958671569824,0.000991156992649163,-0.3065727651119232,0.09497068077325821,0.009095761924982071,-0.10894564539194107,0.32382595078596327,51.866165426,True,-0.00022491440176963806,7.525086402893066e-05,-0.0004932284355163574,-1.8998980522155762e-05,0.0005422719772349945,0.05484837666153908,0.08242762833833694,0.09445799142122269,0.06329314410686493,0.147919777581187,ROA_1001_model33000_noise15,2593,2026-10-01_00-04-08,-0.011066428385674953,0.013930517248809338
0.0005778856575489044,-0.00042421743273735046,-0.00014905817806720734,-0.0003369990736246109,0.0007226801340686998,-0.2136826366186142,0.23379641771316528,0.14011886715888977,-0.023050231859087944,0.3371499682859038,-1.7229467630386353e-05,-0.0006722286343574524,-0.000997120514512062,-0.0006468035280704498,0.0012616871768642859,-0.26413702964782715,0.19029806554317474,0.1172325536608696,-0.05866027995944023,0.35041118969287594,-0.010294866748154163,0.015286860056221485,-0.006066544912755489,0.005077621899545193,-0.005140646360814571,0.006286360323429108,0.000222865492105484,-0.0007437542080879211,-0.0005265697836875916,-0.0006220769137144089,0.0009900647303080212,-0.31905341148376465,0.11022946983575821,0.026447230949997902,-0.12268870323896408,0.34443257700325297,51.886166954000004,True,-0.00024177134037017822,7.003545761108398e-05,-0.000471482053399086,-2.3096799850463867e-05,0.0005299823387167913,0.054834406822919846,0.08000060170888901,0.09080348163843155,0.06406241655349731,0.1452198837752021,ROA_1001_model33000_noise15,2594,2026-10-01_00-04-08,-0.010178831405937672,0.012625215575098991
0.0006274320185184479,-0.00043800100684165955,-0.00017974525690078735,-0.0003620516508817673,0.0007683932010853989,-0.2136714607477188,0.23422947525978088,0.1490372121334076,-0.031297095119953156,0.3419023367640668,2.5331974029541016e-05,-0.0006814487278461456,-0.0009869225323200226,-0.0006703194230794907,0.001260631013059974,-0.2660723328590393,0.19022448360919952,0.12587383389472961,-0.0649401918053627,0.3559362348333116,-0.008677557110786438,0.014166370965540409,-0.004324393346905708,0.004118974320590496,-0.0033271750435233116,0.005433917976915836,0.0002771615982055664,-0.0007549300789833069,-0.000545848160982132,-0.0006411224603652954,0.0010059971532701355,-0.3188699185848236,0.10924040526151657,0.038380734622478485,-0.128603994846344,0.34693363738080113,51.906169338000005,True,-0.0002493150532245636,7.292255759239197e-05,-0.00044009648263454437,-2.9243528842926025e-05,0.0005059207672094535,0.052731480449438095,0.08091609179973602,0.08756620436906815,0.0636950135231018,0.14272744615190677,ROA_1001_model33000_noise15,2595,2026-10-01_00-04-08,-0.008463316597044468,0.0115456348285079
0.0006955116987228394,-0.00041783787310123444,-0.00027671921998262405,-0.00037385616451501846,0.0008131902688869964,-0.2133217602968216,0.2365056276321411,0.16109271347522736,-0.04688649997115135,0.35097196977292805,0.000100722536444664,-0.0006628688424825668,-0.0010442454367876053,-0.0006664544343948364,0.001276926446972421,-0.2696872651576996,0.1900419443845749,0.13881967961788177,-0.07655913382768631,0.36569586680504146,-0.007670497056096792,0.012636987492442131,-0.0030780432280153036,0.0027656571473926306,-0.00213554291985929,0.004066976718604565,0.00035408884286880493,-0.0007322058081626892,-0.0006330898031592369,-0.0006479211151599884,0.0010018162986643237,-0.31620168685913086,0.11184671521186829,0.05267537012696266,-0.1438395082950592,0.3510542981453872,51.926166096,True,-0.0002541579306125641,7.045455276966095e-05,-0.00041066668927669525,-1.8114224076271057e-05,0.00048344912487672067,0.046438999474048615,0.07807416468858719,0.08618830889463425,0.06732926517724991,0.13982138589484727,ROA_1001_model33000_noise15,2596,2026-10-01_00-04-08,-0.007354037836194038,0.010410310700535774
0.000817934051156044,-0.0004705507308244705,-0.00041937455534935,-0.0003196299076080322,0.0009726154011194715,-0.19084149599075317,0.21243466436862946,0.15717929601669312,-0.04715588688850403,0.32044385865251596,0.0002236105501651764,-0.0007154885679483414,-0.0011623837053775787,-0.0005987938493490219,0.0013167832520936656,-0.25058862566947937,0.16549648344516754,0.13746948540210724,-0.07392628490924835,0.33821680037263063,-0.006100463680922985,0.010436008684337139,-0.0015342262340709567,0.0011077926028519869,-0.0006502451142296195,0.0023943104315549135,0.00048587098717689514,-0.0007877126336097717,-0.0007744645699858665,-0.0005921116098761559,0.001002537003340651,-0.29252001643180847,0.08589448034763336,0.04828720912337303,-0.1437608152627945,0.3191167417613005,51.946182278,True,-0.00026063062250614166,7.534399628639221e-05,-0.00038747675716876984,-8.288770914077759e-06,0.000468326496677467,0.041862014681100845,0.0795070007443428,0.08921162039041519,0.06988947093486786,0.1416014031822196,ROA_1001_model33000_noise15,2597,2026-10-01_00-04-08,-0.005690594669431448,0.008836065419018269
0.0008658040314912796,-0.00046854838728904724,-0.0005232170224189758,-0.0002882210537791252,0.001050899620661032,-0.17593985795974731,0.19229808449745178,0.1595497578382492,-0.05179620161652565,0.3015926149847572,0.0002319924533367157,-0.0007180962711572647,-0.0012535834684967995,-0.0005420297384262085,0.0013684657999703592,-0.2360963076353073,0.1474190503358841,0.14199618995189667,-0.07680640369653702,0.3216523713370284,-0.004628202877938747,0.00839124247431755,0.0001241903519257903,-0.0005966923199594021,0.0008985695894807577,0.0006047715432941914,0.0005146488547325134,-0.000805780291557312,-0.0008826842531561852,-0.0005510635673999786,0.0010408753732206245,-0.28252553939819336,0.05706026777625084,0.04789046570658684,-0.14794453978538513,0.3006166013765351,51.966168251000006,True,-0.00028349459171295166,8.721835911273956e-05,-0.00037052668631076813,7.636845111846924e-06,0.00047033485241131914,0.04635564610362053,0.0902409628033638,0.09416928142309189,0.07122544944286346,0.1518631866471022,ROA_1001_model33000_noise15,2598,2026-10-01_00-04-08,-0.0043311272747814655,0.007401281036436558
0.0008575618267059326,-0.00043748877942562103,-0.0005656387656927109,-0.00026442576199769974,0.001055926896830328,-0.17205019295215607,0.18340395390987396,0.167250394821167,-0.05855387821793556,0.29986688862934,0.00016139820218086243,-0.0006970483809709549,-0.0012901145964860916,-0.0005053123459219933,0.0013907967248370035,-0.23253168165683746,0.13958056271076202,0.15273317694664001,-0.08211656659841537,0.32183306488533925,-0.004116595257073641,0.006983773782849312,0.0006956108845770359,-0.0019373325631022453,0.001448024995625019,-0.0006928993389010429,0.0004748348146677017,-0.0008009374141693115,-0.0009227544069290161,-0.0005135079845786095,0.0010573747691257828,-0.28627875447273254,0.03809202462434769,0.056891001760959625,-0.15172338485717773,0.3015539531769247,51.986167184,True,-0.0003138091415166855,0.00010388903319835663,-0.0003662891685962677,6.332993507385254e-06,0.0004878645884245564,0.05402136221528053,0.10290974378585815,0.09573692828416824,0.06878631561994553,0.161105804681405,ROA_1001_model33000_noise15,2599,2026-10-01_00-04-08,-0.004271244164556265,0.006341985426843166
0.0006986316293478012,-0.0003492925316095352,-0.0004522036761045456,-0.00032901298254728317,0.0008434617965621161,-0.20063666999340057,0.20861577987670898,0.1894833892583847,-0.0827382281422615,0.34960517188325047,-5.504116415977478e-05,-0.0006328802555799484,-0.0011465977877378464,-0.0005297362804412842,0.0013100409085850908,-0.25962990522384644,0.16550812125205994,0.1763184517621994,-0.10560126602649689,0.37015904235374386,-0.004097992088645697,0.006154660135507584,0.0010600308887660503,-0.0030855850782245398,0.0016918823821470141,-0.0018752608448266983,0.000291457399725914,-0.0007304362952709198,-0.0007939059287309647,-0.0005481066182255745,0.0010023178347581653,-0.32065248489379883,0.054630912840366364,0.0847293958067894,-0.1678343266248703,0.3481168105055332,52.006170054,True,-0.0003461260348558426,9.918585419654846e-05,-0.00035350676625967026,1.685693860054016e-05,0.0005014931837011275,0.06094527989625931,0.11082644760608673,0.09163258969783783,0.06224936619400978,0.16357206496634558,ROA_1001_model33000_noise15,2600,2026-10-01_00-04-08,-0.004831129219383001,0.005773242563009262
0.000591576099395752,-0.00026812776923179626,-0.00037692952901124954,-0.0004328787326812744,0.0007015175942809099,-0.23328419029712677,0.23825372755527496,0.2174007147550583,-0.11306139081716537,0.40911029149455735,-0.00022533349692821503,-0.0005733687430620193,-0.0010849209502339363,-0.0006079906597733498,0.0013398391064284804,-0.29032349586486816,0.19586597383022308,0.20668211579322815,-0.13504385948181152,0.4284818437532717,-0.004896706435829401,0.005847711116075516,0.0008174808463081717,-0.0036954833194613457,0.001276763970963657,-0.0025781020522117615,0.0001482199877500534,-0.0006843358278274536,-0.0007194001227617264,-0.0006353948265314102,0.00104804071695692,-0.36238038539886475,0.07197726517915726,0.11269258707761765,-0.19547994434833527,0.40412961252097873,52.026172475,True,-0.0003734137862920761,0.00011078082025051117,-0.0003630761057138443,2.7497299015522003e-05,0.000530187414917814,0.07210299372673035,0.12393760681152344,0.09392713755369186,0.060389745980501175,0.17701420241755117,ROA_1001_model33000_noise15,2601,2026-10-01_00-04-08,-0.006041829939931631,0.005993589758872986
0.0006641726940870285,-0.00028833746910095215,-0.00045641791075468063,-0.00040819868445396423,0.0008059219773545238,-0.21268007159233093,0.22330878674983978,0.20332027971744537,-0.1065344512462616,0.3797375461934276,-0.0001301988959312439,-0.00059506855905056,-0.0012069707736372948,-0.0005736248567700386,0.0013942103822827212,-0.27139389514923096,0.17959390580654144,0.19569601118564606,-0.12835882604122162,0.4008502665940512,-0.005235056858509779,0.004957255907356739,0.00037280688411556184,-0.004328095354139805,0.0007085960824042559,-0.003266691230237484,0.00022957101464271545,-0.0007006339728832245,-0.0008155591785907745,-0.0006143702194094658,0.0010684202760546874,-0.33844539523124695,0.05765584856271744,0.09508197754621506,-0.19052670896053314,0.3714590077997418,52.046169265,True,-0.00036009587347507477,0.00010398216545581818,-0.0003898283466696739,4.146713763475418e-05,0.0005402975752435086,0.06694020330905914,0.12187938392162323,0.10068248212337494,0.062178585678339005,0.17672996118293377,ROA_1001_model33000_noise15,2602,2026-10-01_00-04-08,-0.006568696349859238,0.0061670951545238495
0.0006369315087795258,-0.0002437736839056015,-0.0004579313099384308,-0.00043797772377729416,0.0007879929814925909,-0.22412776947021484,0.23758794367313385,0.210704043507576,-0.11574313789606094,0.40107031828188344,-0.0001500360667705536,-0.0005681067705154419,-0.0012577744200825691,-0.0006008893251419067,0.0014501472282452126,-0.2829154133796692,0.19267340004444122,0.20526185631752014,-0.13840895891189575,0.4224367235316635,-0.006052867975085974,0.004110198467969894,-0.0005437151994556189,-0.0055339038372039795,-8.087338937912136e-05,-0.00432445015758276,0.00020014122128486633,-0.0006635207682847977,-0.0008331378921866417,-0.000647478736937046,0.001099214246170086,-0.34981533885002136,0.06885640323162079,0.09874416887760162,-0.200469970703125,0.3877912106881192,52.066171654,True,-0.0003500375896692276,9.66247171163559e-05,-0.000424729660153389,4.791654646396637e-05,0.0005591695188550171,0.06680143624544144,0.12377043813467026,0.1065763607621193,0.062074508517980576,0.18020658003549703,ROA_1001_model33000_noise15,2603,2026-10-01_00-04-08,-0.007600765209645033,0.006479729898273945
0.000637490302324295,-0.00019567087292671204,-0.0004955567419528961,-0.00048407819122076035,0.0008271561954090702,-0.217128187417984,0.238992378115654,0.20860576629638672,-0.11643766611814499,0.3968654810124001,-0.0001030508428812027,-0.000525452196598053,-0.0013538636267185211,-0.0006418442353606224,0.0015345439596957614,-0.2782054841518402,0.1897505670785904,0.2053186595439911,-0.13933609426021576,0.41829851819789726,-0.007204413414001465,0.0040587615221738815,-0.001590132131241262,-0.006134868133813143,-0.0010368129005655646,-0.004781005904078484,0.00022249296307563782,-0.0006003770977258682,-0.0008943723514676094,-0.0007050111889839172,0.0011620793947229686,-0.3359828591346741,0.07623293995857239,0.08961138874292374,-0.20615918934345245,0.37646086675291784,52.086170396,True,-0.0003245193511247635,7.650814950466156e-05,-0.0004602130502462387,6.0908496379852295e-05,0.0005709119155815522,0.057475171983242035,0.11334474384784698,0.11593661457300186,0.06697606295347214,0.17697817158850707,ROA_1001_model33000_noise15,2604,2026-10-01_00-04-08,-0.008796729147434235,0.007171381264925003
0.0005539041012525558,-5.8999285101890564e-05,-0.00047138892114162445,-0.0005426816642284393,0.0008153302619211648,-0.23356078565120697,0.26437777280807495,0.2152831256389618,-0.12324563413858414,0.4261755330364222,-0.00016014091670513153,-0.0003884546458721161,-0.0013702549040317535,-0.0007051508873701096,0.001574954049280556,-0.2945498526096344,0.21179158985614777,0.21292920410633087,-0.14836899936199188,0.4460467737601157,-0.008415051735937595,0.004683339968323708,-0.0027110304217785597,-0.006341495551168919,-0.0019711952190846205,-0.004724464379251003,0.00015264376997947693,-0.00044833868741989136,-0.0008814968168735504,-0.0007623340934514999,0.00118104876657293,-0.34830111265182495,0.10618752986192703,0.09232060611248016,-0.21403048932552338,0.4010783188852534,52.106171153000005,True,-0.0003110617399215698,5.8673322200775146e-05,-0.0004909932613372803,5.9371814131736755e-05,0.0005869335628850099,0.05363951995968819,0.10554538667201996,0.12066028267145157,0.06567873060703278,0.1733988085209437,ROA_1001_model33000_noise15,2605,2026-10-01_00-04-08,-0.010137348435819149,0.007998653687536716
0.0005455687642097473,-1.6158446669578552e-05,-0.0004360917955636978,-0.0006056856364011765,0.0008305563805698921,-0.22307689487934113,0.261070191860199,0.21372129023075104,-0.12432783097028732,0.4177842144215086,-0.00012707896530628204,-0.0003373250365257263,-0.0013222917914390564,-0.0007661059498786926,0.0015540160576372284,-0.28624245524406433,0.2045319378376007,0.21048633754253387,-0.15198253095149994,0.4372301143481995,-0.009940206073224545,0.005957518704235554,-0.0034207093995064497,-0.0058603971265256405,-0.0028085520025342703,-0.004281274043023586,0.00016773119568824768,-0.00038421712815761566,-0.0008272472769021988,-0.0008150003850460052,0.0011721531145348816,-0.3318837583065033,0.10954076051712036,0.09294645488262177,-0.2121301293373108,0.3897578668677255,52.126171239,True,-0.000295788049697876,4.684552550315857e-05,-0.0004948582500219345,4.866160452365875e-05,0.0005802657399399281,0.04550302028656006,0.0950004830956459,0.11762789636850357,0.06018718332052231,0.16061003074258498,ROA_1001_model33000_noise15,2606,2026-10-01_00-04-08,-0.011577536351978779,0.008812766522169113
0.00047138892114162445,7.832422852516174e-05,-0.000347895547747612,-0.000665709376335144,0.0008185209835960202,-0.2443324625492096,0.2899947464466095,0.23441435396671295,-0.1468956470489502,0.46427038331680104,-0.00015310943126678467,-0.00022524036467075348,-0.0011674128472805023,-0.0008225906640291214,0.0014507812454709974,-0.3087599575519562,0.23077566921710968,0.22795981168746948,-0.1767813116312027,0.48144635581108075,-0.011632373556494713,0.008104565553367138,-0.003990247845649719,-0.0048354449681937695,-0.0034788709599524736,-0.0032724644988775253,0.00011492520570755005,-0.0002650078386068344,-0.0007047317922115326,-0.0008513685315847397,0.0011133587540650624,-0.3472133278846741,0.14537525177001953,0.12200930714607239,-0.22641009092330933,0.43375327632914357,52.1461751,True,-0.0002686399966478348,4.041939973831177e-05,-0.0004624016582965851,3.152526915073395e-05,0.0005368872146736206,0.03849714994430542,0.08605001121759415,0.10595563054084778,0.0492660291492939,0.14114983560879582,ROA_1001_model33000_noise15,2607,2026-10-01_00-04-08,-0.012786333449184895,0.01022422593086958
0.0003294553607702255,0.0002064276486635208,-0.0002037733793258667,-0.000749342143535614,0.0008329007228231728,-0.2928846478462219,0.3441516160964966,0.27382373809814453,-0.18873903155326843,0.5567104577939859,-0.00026384368538856506,-8.25151801109314e-05,-0.0009655021131038666,-0.0008973758667707443,0.0013417117488429945,-0.3565219044685364,0.2825227379798889,0.26364949345588684,-0.2199224978685379,0.569874200634505,-0.013429384678602219,0.010241040028631687,-0.004605987574905157,-0.0037726624868810177,-0.004226898308843374,-0.0022725362796336412,-1.4388933777809143e-05,-0.00011944212019443512,-0.0005334615707397461,-0.0009201467037200928,0.0010693439109696144,-0.39266327023506165,0.2039838433265686,0.16766226291656494,-0.2627982497215271,0.5250747020841008,52.166175602,True,-0.00024638138711452484,3.8137659430503845e-05,-0.0004332978278398514,2.1560117602348328e-05,0.0004998669084187777,0.036026351153850555,0.07843039929866791,0.09605194628238678,0.0429241880774498,0.12775590945889517,ROA_1001_model33000_noise15,2608,2026-10-01_00-04-08,-0.013958727940917015,0.01152869313955307
0.00021141022443771362,0.00029765069484710693,-8.884817361831665e-05,-0.0008068513125181198,0.0008746653505061925,-0.33173102140426636,0.39013752341270447,0.30505096912384033,-0.2238098382949829,0.6327672423221504,-0.00033960677683353424,2.1373853087425232e-05,-0.0008157920092344284,-0.0009502284228801727,0.0012698388106433952,-0.3950916826725006,0.3256159722805023,0.2920995354652405,-0.2558422088623047,0.6425062414465728,-0.014459122903645039,0.011934070847928524,-0.004857843741774559,-0.002770698396489024,-0.004539115354418755,-0.001241629128344357,-0.00011497177183628082,-7.2177499532699585e-06,-0.0004080589860677719,-0.0009686686098575592,0.0010523719634131512,-0.426077276468277,0.25781288743019104,0.20163458585739136,-0.29630258679389954,0.6009923910528462,52.186171143,True,-0.00022533349692821503,2.7660280466079712e-05,-0.00040601007640361786,2.0256265997886658e-05,0.00046539189735740654,0.0308696161955595,0.06769364327192307,0.09055155515670776,0.04048551991581917,0.1167319917195472,ROA_1001_model33000_noise15,2609,2026-10-01_00-04-08,-0.014581948518753052,0.012571502476930618
9.387731552124023e-05,0.0003933906555175781,3.03611159324646e-05,-0.000837910920381546,0.0009257465911667941,-0.3729965388774872,0.4351409077644348,0.33398622274398804,-0.2551460564136505,0.7071694845584228,-0.000444706529378891,0.00012870877981185913,-0.0006625428795814514,-0.0009753741323947906,0.0011891802919651309,-0.4335213303565979,0.36921536922454834,0.31878983974456787,-0.2875179052352905,0.7130634144501327,-0.016285192221403122,0.014196458272635937,-0.005950744263827801,-0.0012398911640048027,-0.005680405534803867,0.00025473698042333126,-0.00022826716303825378,9.5367431640625e-05,-0.0002827495336532593,-0.0009918585419654846,0.0010318093314044834,-0.4660663902759552,0.305379718542099,0.23197847604751587,-0.3261007070541382,0.6754239885477085,52.206172349000006,True,-0.00021792948246002197,3.203749656677246e-05,-0.0003798864781856537,1.4994293451309204e-05,0.00043891546960684723,0.03245752304792404,0.0637490302324295,0.08687096834182739,0.03863498568534851,0.11275234690694563,ROA_1001_model33000_noise15,2610,2026-10-01_00-04-08,-0.015916571021080017,0.014322192408144474
5.7835131883621216e-05,0.0004207715392112732,6.407499313354492e-05,-0.0008435919880867004,0.000943237589385951,-0.3872080445289612,0.45378923416137695,0.34393274784088135,-0.267617404460907,0.7353064589022135,-0.0004484318196773529,0.00016614794731140137,-0.0006175599992275238,-0.0009784474968910217,0.0011620673030360395,-0.4476378560066223,0.38541340827941895,0.3281831443309784,-0.29956454038619995,0.7390941841807045,-0.017164941877126694,0.015680735930800438,-0.00651269918307662,0.00012088008224964142,-0.006353197153657675,0.0015452101361006498,-0.00024782493710517883,0.00013513490557670593,-0.000254996120929718,-0.0010023824870586395,0.001036841295392187,-0.47633096575737,0.32945767045021057,0.23955291509628296,-0.34189316630363464,0.7039125255641464,52.226174962,True,-0.00020470470190048218,2.9988586902618408e-05,-0.0003593042492866516,2.086162567138672e-05,0.00041484000445308214,0.028570180758833885,0.05586770921945572,0.08869170397520065,0.042364928871393204,0.11168875558680948,ROA_1001_model33000_noise15,2611,2026-10-01_00-04-08,-0.016269538551568985,0.015572658739984035
9.853392839431763e-05,0.0003793276846408844,5.597248673439026e-05,-0.000817514955997467,0.0009012813491503505,-0.37598514556884766,0.44537055492401123,0.3251461088657379,-0.25212669372558594,0.7099611590309823,-0.0003871507942676544,0.00013746321201324463,-0.0006203539669513702,-0.0009579584002494812,0.0011457796235541506,-0.43616440892219543,0.3756452202796936,0.3101713955402374,-0.2831835150718689,0.7124965918364806,-0.018388669937849045,0.016301359981298447,-0.00813940167427063,0.0014097592793405056,-0.008118020370602608,0.0027118141297250986,-0.000197533518075943,0.00010877847671508789,-0.0002759508788585663,-0.0009932555258274078,0.001032245123278421,-0.4616090953350067,0.32575705647468567,0.2166498303413391,-0.33118200302124023,0.6790657771861319,52.24617197600001,True,-0.00019101426005363464,3.0454248189926147e-05,-0.00034384429454803467,3.6694109439849854e-05,0.00039612228407943646,0.02531893365085125,0.04982482269406319,0.09364447742700577,0.04801153764128685,0.11533919377656322,ROA_1001_model33000_noise15,2612,2026-10-01_00-04-08,-0.01702176406979561,0.016250351443886757
0.00010784715414047241,0.0003475695848464966,3.390014171600342e-05,-0.0007844530045986176,0.0008580996880120727,-0.3758296072483063,0.44520196318626404,0.3152461647987366,-0.24351383745670319,0.7023521846008489,-0.00036051496863365173,0.00011641532182693481,-0.0006551854312419891,-0.0009327195584774017,0.0011459313889895964,-0.4353262186050415,0.3748936355113983,0.3013973832130432,-0.27455389499664307,0.7044064733698674,-0.018790228292346,0.01633198745548725,-0.00890161469578743,0.0021105047781020403,-0.009069513529539108,0.0032447718549519777,-0.00017927959561347961,8.512288331985474e-05,-0.00031925737857818604,-0.0009806826710700989,0.001031666450751468,-0.45868751406669617,0.329291433095932,0.19970069825649261,-0.3290613889694214,0.6714898607734355,52.266173917,True,-0.00018142163753509521,2.9336661100387573e-05,-0.00033527612686157227,4.9173831939697266e-05,0.0003854827712366145,0.02326536737382412,0.04551931843161583,0.10173953324556351,0.05454942211508751,0.12327222686751241,ROA_1001_model33000_noise15,2613,2026-10-01_00-04-08,-0.01720510423183441,0.0162955392152071
0.00010719522833824158,0.00029979273676872253,3.734603524208069e-05,-0.0007514841854572296,0.000809092081299277,-0.3708963990211487,0.4373486042022705,0.29813310503959656,-0.22565852105617523,0.681134253685094,-0.0003742985427379608,7.962808012962341e-05,-0.0006699003279209137,-0.0009085051715373993,0.0011409195757993555,-0.4280451536178589,0.3679664731025696,0.2855537235736847,-0.25658029317855835,0.6826037323212806,-0.01894489862024784,0.016057707369327545,-0.009550867602229118,0.002327671041712165,-0.00976384337991476,0.0033363548573106527,-0.0001862645149230957,4.1816383600234985e-05,-0.0003402121365070343,-0.0009674578905105591,0.0010257855280673934,-0.4546143710613251,0.32103338837623596,0.17596407234668732,-0.3165425658226013,0.6502517415915922,52.286176467000004,True,-0.00018477439880371094,3.7997961044311523e-05,-0.0003312714397907257,5.83939254283905e-05,0.000385634936202885,0.02649705670773983,0.04686414822936058,0.10963528603315353,0.059998590499162674,0.13345874362302335,ROA_1001_model33000_noise15,2614,2026-10-01_00-04-08,-0.017624560743570328,0.015953242778778076
9.94652509689331e-05,0.00025890767574310303,1.5366822481155396e-05,-0.0007317401468753815,0.0007764225265675662,-0.3669201135635376,0.43223005533218384,0.27545446157455444,-0.20286346971988678,0.6587050478180876,-0.0003650784492492676,4.98257577419281e-05,-0.0007388181984424591,-0.0008980743587017059,0.0011801102960836403,-0.42242881655693054,0.3638877272605896,0.26504042744636536,-0.2340553253889084,0.6602084485673441,-0.017881888896226883,0.015552193857729435,-0.009176183491945267,0.002581686479970813,-0.009573499672114849,0.0033988228533416986,-0.0001860782504081726,9.406358003616333e-06,-0.0003952533006668091,-0.0009724870324134827,0.0010515836921242212,-0.4482925534248352,0.32016679644584656,0.1429133117198944,-0.3032572567462921,0.6287154034132382,52.306176616,True,-0.00017890706658363342,4.0978193283081055e-05,-0.0003434717655181885,7.236376404762268e-05,0.00039609115371769965,0.025791114196181297,0.04364549741148949,0.12220534682273865,0.06923079490661621,0.1473684644053806,ROA_1001_model33000_noise15,2615,2026-10-01_00-04-08,-0.01705959625542164,0.015430980361998081
0.00010523945093154907,0.000225752592086792,-3.69735062122345e-05,-0.0006993301212787628,0.0007380055164012553,-0.36105093359947205,0.423611581325531,0.24947243928909302,-0.17628911137580872,0.6314174913784132,-0.00035408884286880493,2.8964132070541382e-05,-0.0008399598300457001,-0.0008783303201198578,0.0012368118329982127,-0.41446787118911743,0.3574746549129486,0.24083255231380463,-0.20810867846012115,0.633151813802472,-0.016121182590723038,0.015589931048452854,-0.00809528585523367,0.002947879256680608,-0.0084720803424716,0.003721975488588214,-0.00017872080206871033,-1.955777406692505e-05,-0.0004811212420463562,-0.0009659677743911743,0.001083607029404313,-0.4409695863723755,0.3128093481063843,0.10696332156658173,-0.28525105118751526,0.6012775443737046,52.326177278,True,-0.00017527490854263306,4.945322871208191e-05,-0.00035855919122695923,8.89413058757782e-05,0.0004118435333970017,0.026409512385725975,0.04461453855037689,0.13396795094013214,0.07717777043581009,0.16122952251328976,ROA_1001_model33000_noise15,2616,2026-10-01_00-04-08,-0.01560241263359785,0.015431205742061138
0.00013578683137893677,0.0001925043761730194,-7.920898497104645e-05,-0.0006784219294786453,0.0007144574871640553,-0.3548623025417328,0.41742295026779175,0.2367691993713379,-0.1643267422914505,0.615547673217753,-0.00030742958188056946,5.587935447692871e-06,-0.0008997973054647446,-0.0008641742169857025,0.001267015855324187,-0.4073544144630432,0.3525884747505188,0.22833141684532166,-0.19660870730876923,0.6172892462650466,-0.014101816341280937,0.015269906260073185,-0.0068078129552304745,0.0029920099768787622,-0.00716593861579895,0.0037340244743973017,-0.00014100223779678345,-4.991888999938965e-05,-0.000529782846570015,-0.0009556300938129425,0.0010984312893604566,-0.4333206117153168,0.30847078561782837,0.09160581231117249,-0.2762954533100128,0.5859014695810275,52.346177683,True,-0.00016475096344947815,5.289912223815918e-05,-0.0003706198185682297,9.485520422458649e-05,0.0004197713092759369,0.025881452485919,0.044068317860364914,0.13677681982517242,0.07970071583986282,0.1645957015824864,ROA_1001_model33000_noise15,2617,2026-10-01_00-04-08,-0.013683171011507511,0.015449442900717258
0.00018123537302017212,0.0001739710569381714,-0.00013113021850585938,-0.0006615649908781052,0.0007064628449945464,-0.34440773725509644,0.4097912311553955,0.22083891928195953,-0.15291523933410645,0.5955356811555438,-0.00023525208234786987,-7.729977369308472e-06,-0.0009823590517044067,-0.000851927325129509,0.0013132608934486032,-0.3969864845275879,0.3459099531173706,0.21319043636322021,-0.18555717170238495,0.5976065363739006,-0.01224853191524744,0.014750362373888493,-0.005553270224481821,0.0029514010529965162,-0.005959311034530401,0.003635275410488248,-8.270144462585449e-05,-6.034970283508301e-05,-0.0005910173058509827,-0.0009565148502588272,0.0011283713091852464,-0.4192245900630951,0.30477529764175415,0.0711679458618164,-0.27025118470191956,0.5661800492137465,52.366178825000006,True,-0.00015283003449440002,5.21540641784668e-05,-0.00038724392652511597,0.00010672956705093384,0.00043283434148537405,0.022183170542120934,0.04107877239584923,0.14204764366149902,0.08471356332302094,0.17027545217683834,ROA_1001_model33000_noise15,2618,2026-10-01_00-04-08,-0.011634593829512596,0.015439077280461788
0.0002298504114151001,0.0001428648829460144,-0.00017494894564151764,-0.0006217975169420242,0.0006784295017475436,-0.33219343423843384,0.39865773916244507,0.20544183254241943,-0.14108046889305115,0.572402157036757,-0.00017713755369186401,-3.91155481338501e-05,-0.001039588823914528,-0.0008145812898874283,0.001330838840947375,-0.38449743390083313,0.3354106843471527,0.1975153535604477,-0.17416615784168243,0.5741804655112595,-0.01068588625639677,0.013415251858532429,-0.0043561565689742565,0.0023177305702120066,-0.00497222738340497,0.0028117767069488764,-3.380700945854187e-05,-9.043142199516296e-05,-0.0006424728780984879,-0.0009294599294662476,0.0011337699326111784,-0.4063597619533539,0.29453539848327637,0.05308491736650467,-0.2621794044971466,0.5435696052321128,52.386176382,True,-0.00014184042811393738,5.112960934638977e-05,-0.000397535040974617,0.00011185184121131897,0.0004395166469637116,0.021800396963953972,0.04082545265555382,0.14448630809783936,0.08804816007614136,0.17391736823918816,ROA_1001_model33000_noise15,2619,2026-10-01_00-04-08,-0.009748145937919617,0.014536005444824696
0.000256858766078949,0.00010263174772262573,-0.00017620623111724854,-0.0005641486495733261,0.0006196202524483359,-0.3214925229549408,0.3866786062717438,0.19616539776325226,-0.13176025450229645,0.5523060240383629,-0.00017364509403705597,-7.897615432739258e-05,-0.0010489020496606827,-0.0007563270628452301,0.0013066133724919523,-0.3721243441104889,0.32421618700027466,0.18804845213890076,-0.16464664041996002,0.5532297032628277,-0.009601365774869919,0.011980073526501656,-0.0036570655647665262,0.0013050141278654337,-0.0042381430976092815,0.0017282308544963598,-2.3934990167617798e-05,-0.00013844110071659088,-0.0006451737135648727,-0.0008681323379278183,0.0010888891870820755,-0.3994889259338379,0.27897998690605164,0.044547948986291885,-0.2522277534008026,0.5240324396031885,52.40618242,True,-0.00015045516192913055,6.100162863731384e-05,-0.0004035886377096176,0.00011352822184562683,0.0004492759130864148,0.02732127718627453,0.04519335553050041,0.1435256451368332,0.08759600669145584,0.17467820225166272,ROA_1001_model33000_noise15,2620,2026-10-01_00-04-08,-0.00886370986700058,0.013252790085971355
0.00025974586606025696,8.926726877689362e-05,-0.00016461126506328583,-0.0005187466740608215,0.0005724042786071036,-0.31834837794303894,0.38082149624824524,0.19568856060504913,-0.1285150647163391,0.5453276858767742,-0.0001923646777868271,-8.842907845973969e-05,-0.0010364223271608353,-0.0007091555744409561,0.001273051521524469,-0.3669974207878113,0.31946223974227905,0.18670780956745148,-0.16156676411628723,0.5456248160328405,-0.008316517807543278,0.011214358732104301,-0.0026093157939612865,0.00045480113476514816,-0.0029846460092812777,0.0009265209082514048,-3.459863364696503e-05,-0.00015883706510066986,-0.0006270594894886017,-0.0008202623575925827,0.001042975203559828,-0.3995126783847809,0.270733118057251,0.04488881304860115,-0.2483706772327423,0.5180314300340759,52.426182601,True,-0.0001564621925354004,7.078051567077637e-05,-0.00040815211832523346,0.00011078082025051117,0.00045574981101656107,0.03246543928980827,0.04867231100797653,0.14184275269508362,0.08684908598661423,0.1747538619485787,ROA_1001_model33000_noise15,2621,2026-10-01_00-04-08,-0.008183744736015797,0.012320907786488533
0.0002536457031965256,7.827766239643097e-05,-0.0001344829797744751,-0.0004803994670510292,0.0005235674571346622,-0.31647130846977234,0.37694254517555237,0.19417493045330048,-0.12523098289966583,0.5401537756524568,-0.00021755695343017578,-9.867362678050995e-05,-0.0010126503184437752,-0.0006691087037324905,0.0012364755349127774,-0.363357812166214,0.3162780702114105,0.18496623635292053,-0.15766894817352295,0.5395624984906476,-0.007288437336683273,0.010522435419261456,-0.0017884466797113419,-1.371721737086773e-05,-0.002074750140309334,0.00043782638385891914,-5.234032869338989e-05,-0.00017704442143440247,-0.0005991663783788681,-0.0007827533408999443,0.0010007770544599426,-0.40124309062957764,0.2643586993217468,0.04416075348854065,-0.24441441893577576,0.5141326405899992,52.446184031,True,-0.00016479752957820892,7.874332368373871e-05,-0.0004132511094212532,0.00011462252587080002,0.0004652014841126017,0.03781728446483612,0.0518714040517807,0.14084018766880035,0.08676666021347046,0.17596063159403202,ROA_1001_model33000_noise15,2622,2026-10-01_00-04-08,-0.00753985159099102,0.011535477824509144
0.000265706330537796,5.5320560932159424e-05,-0.00011145602911710739,-0.0004580710083246231,0.0004902729770493574,-0.31440144777297974,0.3721187710762024,0.19050994515419006,-0.12038367986679077,0.5331659099027575,-0.0002178829163312912,-0.00012121163308620453,-0.0010006129741668701,-0.0006376765668392181,0.0012123575942240613,-0.3602732717990875,0.31199631094932556,0.18201720714569092,-0.15144585072994232,0.5321532933550689,-0.00644994992762804,0.010063577443361282,-0.001056558801792562,-0.00023224600590765476,-0.0013511889846995473,0.00016947812400758266,-5.21540641784668e-05,-0.00020707957446575165,-0.0005803536623716354,-0.0007571186870336533,0.0009740524932078561,-0.4020579755306244,0.25714653730392456,0.04026898741722107,-0.2398502379655838,0.5081646073537441,52.466183124000004,True,-0.0001684296876192093,8.55419784784317e-05,-0.00041977036744356155,0.0001205597072839737,0.0004747078724077969,0.04172371327877045,0.05479435995221138,0.14180386066436768,0.08843908458948135,0.17931926654476144,ROA_1001_model33000_noise15,2623,2026-10-01_00-04-08,-0.006695319898426533,0.011017465963959694
0.0002920161932706833,4.195608198642731e-05,-0.00014780089259147644,-0.000406079925596714,0.00046373761209130536,-0.3062872886657715,0.3630285859107971,0.18188217282295227,-0.11130421608686447,0.5169669692979971,-0.00018188729882240295,-0.00013364478945732117,-0.0010428950190544128,-0.0005788169801235199,0.001213595324526321,-0.35283759236335754,0.3025946021080017,0.17406721413135529,-0.14100153744220734,0.5159521622957093,-0.005274633411318064,0.009106336161494255,-8.527770114596933e-05,-0.0009752338519319892,-0.00038514455081894994,-0.0005993376253172755,-2.0349398255348206e-05,-0.0002198386937379837,-0.0006202608346939087,-0.0007093418389558792,0.0009594181704501127,-0.39293569326400757,0.24943843483924866,0.030508030205965042,-0.23246276378631592,0.49264503824317735,52.486177994,True,-0.0001598615199327469,8.419156074523926e-05,-0.0004246598109602928,0.00013133976608514786,0.00047883219539761123,0.04003662243485451,0.05310261249542236,0.14360108971595764,0.09147985279560089,0.18148221752965363,ROA_1001_model33000_noise15,2624,2026-10-01_00-04-08,-0.005752125754952431,0.01018598023802042
0.0003218650817871094,1.2060627341270447e-05,-0.0001735985279083252,-0.0003712484613060951,0.0004519017017865568,-0.29932844638824463,0.35388439893722534,0.17386022210121155,-0.10418728739023209,0.5022598963641669,-0.00014225952327251434,-0.0001661013811826706,-0.0010799150913953781,-0.0005329027771949768,0.0012209975427509574,-0.346535325050354,0.2932744026184082,0.16729021072387695,-0.13248202204704285,0.5015920783404796,-0.0042040422558784485,0.00808743666857481,0.0008596652187407017,-0.001495556440204382,0.00038121736724860966,-0.001218050136230886,1.0617077350616455e-05,-0.0002494547516107559,-0.0006524380296468735,-0.0006812158972024918,0.0009595240032504671,-0.3847596049308777,0.24138855934143066,0.020151257514953613,-0.22837752103805542,0.47827868765507814,52.506178527,True,-0.0001543201506137848,8.386559784412384e-05,-0.0004259170964360237,0.00014691613614559174,0.0004828121346692102,0.03815907984972,0.051837410777807236,0.14715874195098877,0.09591783583164215,0.18585830548833737,ROA_1001_model33000_noise15,2625,2026-10-01_00-04-08,-0.004585924558341503,0.009199115447700024
0.0004136469215154648,-5.8999285101890564e-05,-0.00021457672119140625,-0.00032974639907479286,0.00048444672195876586,-0.2751680910587311,0.3258301615715027,0.16024218499660492,-0.08940509706735611,0.46038785836153057,-4.046596586704254e-05,-0.00023599714040756226,-0.001133279874920845,-0.0004864996299147606,0.0012403366597433028,-0.32272326946258545,0.2658297121524811,0.15524961054325104,-0.11620122939348221,0.4608188503926758,-0.0033391069155186415,0.0074627455323934555,0.0015566893853247166,-0.0020399088971316814,0.0011264188215136528,-0.0017321674386039376,0.00010957010090351105,-0.00031515955924987793,-0.0007016235031187534,-0.0006470945663750172,0.0009647332654858952,-0.3568534553050995,0.21604540944099426,0.00431109219789505,-0.21603749692440033,0.4361368479479107,52.526183029,True,-0.00015133991837501526,7.89295881986618e-05,-0.0004302477464079857,0.00016045523807406425,0.0004894914766395066,0.03406684845685959,0.049738675355911255,0.15098345279693604,0.09984906762838364,0.18955371754642364,ROA_1001_model33000_noise15,2626,2026-10-01_00-04-08,-0.0038060557562857866,0.008432641625404358
0.0005553476512432098,-0.0001701992005109787,-0.0003025750629603863,-0.0002580229192972183,0.0006331262488766085,-0.24068213999271393,0.2879714369773865,0.14208373427391052,-0.07011531293392181,0.40298958360454895,0.00010570511221885681,-0.00034566037356853485,-0.001242209691554308,-0.00041030580177903175,0.001308245296649834,-0.2888333797454834,0.22860568761825562,0.13931432366371155,-0.09550363570451736,0.4050974497766506,-0.0028422411996871233,0.007013319991528988,0.0019575024489313364,-0.002274608239531517,0.0014482070691883564,-0.0020496582146734,0.0002585817128419876,-0.00041997991502285004,-0.0007992610335350037,-0.0005846028216183186,0.0009912717675274936,-0.31908413767814636,0.18045677244663239,-0.01716800034046173,-0.20001885294914246,0.3787686974040753,52.546183914000004,True,-0.0001548323780298233,7.273629307746887e-05,-0.0004422035999596119,0.0001737615093588829,0.0005048684572415461,0.03020278923213482,0.048138197511434555,0.15652620792388916,0.10455282777547836,0.19534369744562338,ROA_1001_model33000_noise15,2627,2026-10-01_00-04-08,-0.0033180941827595234,0.008193792775273323
0.0006541609764099121,-0.00024889595806598663,-0.0003611203283071518,-0.0002160784788429737,0.0007574890008358236,-0.21834437549114227,0.2640019953250885,0.12812459468841553,-0.05785352364182472,0.36575511547308204,0.00020917505025863647,-0.00042496249079704285,-0.0013222219422459602,-0.00036726705729961395,0.0013754504089143731,-0.26679784059524536,0.2053789645433426,0.12731190025806427,-0.08157128095626831,0.3688936940818778,-0.002876800252124667,0.006781121715903282,0.0014643504982814193,-0.0018630842678248882,0.0009901009034365416,-0.0016423544147983193,0.00036065466701984406,-0.0004950445145368576,-0.000869319774210453,-0.0005485955625772476,0.0010291966601557842,-0.294887900352478,0.1578102707862854,-0.03253598511219025,-0.18934625387191772,0.34205454387489637,52.566184928000006,True,-0.00015292316675186157,7.119961082935333e-05,-0.000451656524091959,0.00018292339518666267,0.000515600229290773,0.028032807633280754,0.04751281440258026,0.15989258885383606,0.10779616236686707,0.19925294109517164,ROA_1001_model33000_noise15,2628,2026-10-01_00-04-08,-0.0031622687820345163,0.00836353749036789
0.0007280148565769196,-0.0003114808350801468,-0.0003919820301234722,-0.0001886044628918171,0.0008504141718885714,-0.2036946713924408,0.24733272194862366,0.12010719627141953,-0.05004869028925896,0.34106117979983197,0.0002827495336532593,-0.0004872214049100876,-0.0013749347999691963,-0.0003373133949935436,0.001426033209229126,-0.2522137761116028,0.18916325271129608,0.12084992229938507,-0.07257062941789627,0.3450961439920517,-0.0029590497724711895,0.0063753798604011536,0.001069363672286272,-0.0019044694490730762,0.0006510958774015307,-0.0016662300331518054,0.00043604522943496704,-0.0005563721060752869,-0.0009092502295970917,-0.0005262903869152069,0.0010587786063289814,-0.27966126799583435,0.1416187733411789,-0.04230649024248123,-0.18297286331653595,0.3182300357905018,52.586185045,True,-0.00015371479094028473,6.915070116519928e-05,-0.0004648813046514988,0.00018883729353547096,0.000529291474459134,0.027361324056982994,0.04748254641890526,0.16320589184761047,0.11044076830148697,0.20321251552457842,ROA_1001_model33000_noise15,2629,2026-10-01_00-04-08,-0.0031576519832015038,0.008266408927738667
0.000805174931883812,-0.0003812834620475769,-0.000443984754383564,-0.00015756813809275627,0.0009593407761330937,-0.18592876195907593,0.2266075313091278,0.11074262857437134,-0.039831265807151794,0.31069165432953133,0.00035674311220645905,-0.0005568377673625946,-0.001444830559194088,-0.00030566006898880005,0.001498942717969331,-0.23478221893310547,0.16893957555294037,0.11268746852874756,-0.06160197779536247,0.3161442467750479,-0.002533655147999525,0.005981261841952801,0.0010041004279628396,-0.0019190707243978977,0.0007836223812773824,-0.0015542556066066027,0.0005120411515235901,-0.0006254762411117554,-0.0009696930646896362,-0.0004998873919248581,0.0011167478852838425,-0.2613602876663208,0.1213718131184578,-0.052923332899808884,-0.17397011816501617,0.28996565971128085,52.606184075,True,-0.00015418045222759247,7.059425115585327e-05,-0.00047457870095968246,0.00019265571609139442,0.0005394874847987915,0.02650311030447483,0.04749418795108795,0.16564269363880157,0.1123947948217392,0.20607161899267812,ROA_1001_model33000_noise15,2630,2026-10-01_00-04-08,-0.002850476186722517,0.00801823940128088
0.0009129289537668228,-0.0004621688276529312,-0.0005225185304880142,-0.00011618249118328094,0.001111673009418751,-0.1566130667924881,0.1937723606824875,0.09438581019639969,-0.020673148334026337,0.2609288877492245,0.00044689513742923737,-0.0006337184458971024,-0.001521548256278038,-0.0002641812898218632,0.0015879871387512287,-0.2060537189245224,0.1366063952445984,0.09703262895345688,-0.04204397276043892,0.2683461304280318,-0.0024299519136548042,0.005564453080296516,0.0006247671553865075,-0.0016567453276365995,0.00046595101593993604,-0.0012445824686437845,0.0006105285137891769,-0.0007102731615304947,-0.0010433956049382687,-0.0004531233571469784,0.0012097324802484758,-0.23427511751651764,0.08663301914930344,-0.06747955828905106,-0.1534477323293686,0.25014717643526607,52.626179296000004,True,-0.00016302801668643951,7.511116564273834e-05,-0.0004795263521373272,0.0001882319338619709,0.0005454366028740677,0.028157604858279228,0.04990072548389435,0.1645459532737732,0.11142168194055557,0.2053352590319319,ROA_1001_model33000_noise15,2631,2026-10-01_00-04-08,-0.0032362588681280613,0.0075579918920993805
0.0009655021131038666,-0.0004976987838745117,-0.0005722744390368462,-9.969808161258698e-05,0.0011894046210699067,-0.13937893509864807,0.1742192506790161,0.08431088179349899,-0.0087380176410079,0.2314661944913575,0.0004831235855817795,-0.0006698071956634521,-0.0015614787116646767,-0.00024132896214723587,0.0016349104852387791,-0.18940305709838867,0.11768145114183426,0.08688727021217346,-0.029551912099123,0.24036319099078807,-0.0022692051716148853,0.005678183399140835,0.0004746314662043005,-0.0009602729696780443,0.00028787212795577943,-0.0005484991706907749,0.0006538350135087967,-0.0007492490112781525,-0.0010857474990189075,-0.00043119071051478386,0.0012676343007617908,-0.21928314864635468,0.06530992686748505,-0.07466144859790802,-0.1393711417913437,0.23272858428518925,52.646185814000006,True,-0.00017224811017513275,7.902272045612335e-05,-0.0004746834747493267,0.0001896754838526249,0.0005451021642093577,0.02969568409025669,0.052218787372112274,0.16169039905071259,0.1099342405796051,0.20294532074715002,ROA_1001_model33000_noise15,2632,2026-10-01_00-04-08,-0.003374705323949456,0.00756762083619833
0.0009891577064990997,-0.0005083158612251282,-0.0006102724000811577,-8.898787200450897e-05,0.0012297570178820452,-0.13160333037376404,0.16643105447292328,0.07743731141090393,-0.0025922779459506273,0.21845671607748407,0.0005059409886598587,-0.0006831716746091843,-0.0016017700545489788,-0.00022606691345572472,0.0016798098776361048,-0.18209870159626007,0.11062202602624893,0.0804845467209816,-0.02208695374429226,0.22782381602111185,-0.0018668444827198982,0.0059417420998215675,0.0005101296119391918,-0.00038870982825756073,0.0004617355589289218,0.00012746057473123074,0.000680750235915184,-0.0007593538612127304,-0.001127185532823205,-0.0004209345206618309,0.0013174991166608522,-0.21148984134197235,0.05818111449480057,-0.08085637539625168,-0.13369105756282806,0.22658331602301976,52.666184395,True,-0.00017373822629451752,7.743947207927704e-05,-0.000474805710837245,0.00019415747374296188,0.0005470727838337028,0.029315704479813576,0.0523407906293869,0.16138306260108948,0.1116415336728096,0.20362124892252176,ROA_1001_model33000_noise15,2633,2026-10-01_00-04-08,-0.0029955601785331964,0.007821359671652317
0.0010103918612003326,-0.0005249865353107452,-0.0006606103852391243,-7.466878741979599e-05,0.0012763355264174725,-0.12415041774511337,0.1600603461265564,0.06649043411016464,0.005176523234695196,0.20611309859776955,0.0005235429853200912,-0.0007004942744970322,-0.0016490870621055365,-0.0002047338057309389,0.0017302976037011039,-0.1748078465461731,0.10511045902967453,0.06936926394701004,-0.013030890375375748,0.21457391376069532,-0.0012273101601749659,0.005818852223455906,0.0006025871261954308,-0.00014867819845676422,0.0008206802885979414,0.0005681924521923065,0.0007023103535175323,-0.0007743481546640396,-0.0011811789590865374,-0.0004076340701431036,0.001375454511012341,-0.2047368288040161,0.05133542791008949,-0.09116873145103455,-0.12643273174762726,0.22419090113676857,52.686181728,True,-0.0001783948391675949,7.646158337593079e-05,-0.00046890927478671074,0.00020319130271673203,0.000546656367788045,0.0298586655408144,0.05370936915278435,0.1605868935585022,0.1134311854839325,0.20438739399888467,ROA_1001_model33000_noise15,2634,2026-10-01_00-04-08,-0.0019189888844266534,0.007823356427252293
0.0010868068784475327,-0.0005555804818868637,-0.0007334805559366941,-4.7334469854831696e-05,0.001385773410030926,-0.09560863673686981,0.12888619303703308,0.044955696910619736,0.027329426258802414,0.1605578264478681,0.0005662441253662109,-0.0007385388016700745,-0.0017104903236031532,-0.00017191050574183464,0.0018033763028398007,-0.1476714313030243,0.07334630936384201,0.04889693483710289,0.010551883839070797,0.16961365118510688,-0.0011400275398045778,0.005269324406981468,0.00038596216472797096,-0.0003906909842044115,0.0005364513490349054,0.00030836230143904686,0.0007627531886100769,-0.0008204951882362366,-0.001248420448973775,-0.00037760473787784576,0.00146905135576232,-0.18046702444553375,0.015121418051421642,-0.11167808622121811,-0.1033310517668724,0.21721064672997567,52.706186134000006,True,-0.0001986045390367508,8.093193173408508e-05,-0.0004622386768460274,0.00020583393052220345,0.0005495325984178797,0.032726675271987915,0.05814758688211441,0.16062210500240326,0.113919198513031,0.20612635304935825,ROA_1001_model33000_noise15,2635,2026-10-01_00-04-08,-0.0014231294626370072,0.007386041805148125
0.0011275522410869598,-0.0005634501576423645,-0.000781170092523098,-4.680478014051914e-05,0.001443854837130235,-0.07608719170093536,0.10824435949325562,0.027534492313861847,0.0444241426885128,0.13412215525000606,0.0005738809704780579,-0.0007517170161008835,-0.0017376674804836512,-0.00016595586203038692,0.0018320013895238752,-0.12892204523086548,0.05250237509608269,0.031947098672389984,0.028777925297617912,0.14056006546989191,-0.0014849441358819604,0.004766065627336502,-0.00020857533672824502,-0.0006443359889090061,-0.00012972840340808034,1.963297836482525e-05,0.0007910653948783875,-0.0008388888090848923,-0.0012881646398454905,-0.00037273275665938854,0.0015192509802425941,-0.16507504880428314,-0.010552349500358105,-0.12704269587993622,-0.08424825221300125,0.21738669707825956,52.726186604000006,True,-0.00021578744053840637,8.582137525081635e-05,-0.0004495552275329828,0.00020716688595712185,0.0005466462329550856,0.03609899431467056,0.06296904385089874,0.15900440514087677,0.1130504459142685,0.20616333601695333,ROA_1001_model33000_noise15,2636,2026-10-01_00-04-08,-0.0014312344137579203,0.006936611607670784
0.001170998439192772,-0.0005267560482025146,-0.0008554314263164997,-5.427282303571701e-05,0.001505588289572458,-0.05084415525197983,0.08306651562452316,0.0035788395907729864,0.06926536560058594,0.11484733217161229,0.0005693640559911728,-0.0007193535566329956,-0.001772027462720871,-0.0001705368049442768,0.0018623112466462802,-0.10295770317316055,0.027486121281981468,0.007015186827629805,0.05400494858622551,0.10688517948140301,-0.0021134312264621258,0.004227169789373875,-0.0011303506325930357,-0.0009252320742234588,-0.00106217956636101,-0.0003052318934351206,0.0008130911737680435,-0.0008149072527885437,-0.0013442127965390682,-0.0003677443601191044,0.0015763323418840412,-0.14601880311965942,-0.042140014469623566,-0.14581158757209778,-0.05382578447461128,0.2172399073301648,52.746189217,True,-0.00024372711777687073,9.499490261077881e-05,-0.0004264409653842449,0.0001987791620194912,0.0005381211588778475,0.04299450293183327,0.06953999400138855,0.15287798643112183,0.10788067430257797,0.20202552226314688,ROA_1001_model33000_noise15,2637,2026-10-01_00-04-08,-0.0019104930106550455,0.0063833920285105705
0.0011465279385447502,-0.00046426430344581604,-0.0008590053766965866,-9.654322639107704e-05,0.0014686487167125304,-0.044846322387456894,0.07718021422624588,-0.0018801073310896754,0.07674714922904968,0.11413748709420281,0.0005118781700730324,-0.0006592366844415665,-0.001742702443152666,-0.00020794104784727097,0.0018163841433620758,-0.09758572280406952,0.02080923691391945,0.0008384230895899236,0.061098482459783554,0.10087453997436308,-0.003068268997594714,0.003891004016622901,-0.002036105142906308,-0.001400369219481945,-0.0019724632147699594,-0.0007906482787802815,0.0007775845006108284,-0.0007619615644216537,-0.0013286713510751724,-0.00039385631680488586,0.0015404313400199906,-0.14462518692016602,-0.05204823985695839,-0.14682252705097198,-0.04137982428073883,0.21641618501695586,52.766183574,True,-0.0002644490450620651,0.00010146759450435638,-0.0004138215444982052,0.0001848442479968071,0.0005343016291163168,0.04705006629228592,0.07321417331695557,0.14764989912509918,0.102259561419487,0.19724763374304916,ROA_1001_model33000_noise15,2638,2026-10-01_00-04-08,-0.0027011395432054996,0.005924778990447521
0.0009976327419281006,-0.0003327615559101105,-0.000730506144464016,-0.000186823308467865,0.0012474009635501735,-0.07159774750471115,0.10644876956939697,0.012065981514751911,0.06070639565587044,0.13631634313362537,0.0003538094460964203,-0.0005276408046483994,-0.0015903031453490257,-0.00029795337468385696,0.0016400449427438964,-0.12378300726413727,0.05036545544862747,0.013845040462911129,0.0443803109228611,0.13370196303038365,-0.004227266646921635,0.004581904038786888,-0.002970918780192733,-0.0010643128771334887,-0.0028824503533542156,-0.0004363511689007282,0.0006221700459718704,-0.0006381887942552567,-0.0011801254004240036,-0.0004682689905166626,0.0013417917426117433,-0.17515894770622253,-0.027075408026576042,-0.12873345613479614,-0.05148164555430412,0.22366190369801478,52.786184492000004,True,-0.0002698507159948349,0.00011101365089416504,-0.00040759332478046417,0.0001710839569568634,0.0005296625999780726,0.05131540447473526,0.07735238969326019,0.1426178365945816,0.09591201692819595,0.19274522330123053,ROA_1001_model33000_noise15,2639,2026-10-01_00-04-08,-0.003743818961083889,0.006213882006704807
0.0009148381650447845,-0.00026514753699302673,-0.0006614718586206436,-0.00024188775569200516,0.0011315447759055427,-0.09432108700275421,0.12942589819431305,0.028612788766622543,0.04571233689785004,0.16153651254633494,0.0002830289304256439,-0.00045760534703731537,-0.0014929333701729774,-0.0003553694114089012,0.0015451027261041313,-0.14790938794612885,0.0724787786602974,0.029362503439188004,0.028321750462055206,0.16533206966056954,-0.005042553413659334,0.004766675643622875,-0.003538660239428282,-0.001217287266626954,-0.0034898302983492613,-0.0006178360199555755,0.0005408190190792084,-0.0005735550075769424,-0.0010936055332422256,-0.0005101785063743591,0.001245872061943631,-0.1983586549758911,-0.0060312445275485516,-0.1086466908454895,-0.06102118268609047,0.22893061521188862,52.806188418000005,True,-0.00025723129510879517,0.0001160893589258194,-0.00039795413613319397,0.00015655532479286194,0.0005122380748545665,0.05035800486803055,0.0784178227186203,0.13805575668811798,0.0893683135509491,0.18594096769926557,ROA_1001_model33000_noise15,2640,2026-10-01_00-04-08,-0.004478967282921076,0.006205854006111622
0.0008188188076019287,-0.0001817941665649414,-0.0005858484655618668,-0.0003093620762228966,0.0010074056227480012,-0.11303228884935379,0.15201465785503387,0.04167109355330467,0.03205239772796631,0.18943481563296674,0.00022137537598609924,-0.00037085264921188354,-0.001390255056321621,-0.0004265224561095238,0.0014581724724336174,-0.1671900898218155,0.09431736171245575,0.04052067920565605,0.013431067578494549,0.19414940298990363,-0.005688918754458427,0.005358356051146984,-0.003993798512965441,-0.0009901801822707057,-0.0038937246426939964,-0.00033983238972723484,0.00046226195991039276,-0.00047711655497550964,-0.0010080402716994286,-0.0005681999027729034,0.001174512110561471,-0.2127387523651123,0.020976176485419273,-0.09325611591339111,-0.07129693031311035,0.23249298046851402,52.826184279,True,-0.000241817906498909,0.00010528601706027985,-0.0003815162926912308,0.00014365650713443756,0.000485415083508114,0.04544108733534813,0.073261559009552,0.1338203400373459,0.08478806912899017,0.17720394015898475,ROA_1001_model33000_noise15,2641,2026-10-01_00-04-08,-0.0054380823858082294,0.006410789676010609
0.0007283873856067657,-0.00010873191058635712,-0.0005145091563463211,-0.0003903638571500778,0.0009043810729384398,-0.13869674503803253,0.18242000043392181,0.058459579944610596,0.014486954547464848,0.2304721701132255,0.00017657876014709473,-0.00029872171580791473,-0.0013009412214159966,-0.0005120411515235901,0.0013992287088731845,-0.19372300803661346,0.12312083691358566,0.05494360625743866,-0.0063027250580489635,0.23492339905484716,-0.0061163571663200855,0.005543773993849754,-0.004077768884599209,-0.001099457498639822,-0.0040146359242498875,-0.00048342952504754066,0.0004002358764410019,-0.0003878958523273468,-0.0009291106835007668,-0.0006438931450247765,0.001137110816205111,-0.23217032849788666,0.05848798528313637,-0.07477961480617523,-0.0870458260178566,0.24597700239035403,52.846184332,True,-0.000222865492105484,8.880160748958588e-05,-0.00037173740565776825,0.00013259705156087875,0.0004618109029419207,0.038289930671453476,0.06449734419584274,0.12980866432189941,0.08081667870283127,0.16737167167180045,ROA_1001_model33000_noise15,2642,2026-10-01_00-04-08,-0.006017209496349096,0.006308368407189846
0.0006415415555238724,-4.9406662583351135e-05,-0.0004308996722102165,-0.00045725610107183456,0.0008114297575055272,-0.16202497482299805,0.2092006504535675,0.07739779353141785,-0.00425032339990139,0.2696673096399318,0.0001169741153717041,-0.00023767352104187012,-0.0011938158422708511,-0.0005872920155525208,0.001330454125114667,-0.2165171205997467,0.14943581819534302,0.0710834264755249,-0.027330124750733376,0.27333904040382795,-0.00659265648573637,0.005659092217683792,-0.004177463706582785,-0.0013757295673713088,-0.004103122744709253,-0.000764313735999167,0.0003287568688392639,-0.00031762756407260895,-0.0008327187970280647,-0.0007026363164186478,0.0010907462894689125,-0.25267013907432556,0.08890683948993683,-0.0529182106256485,-0.1023407056927681,0.2684345308140342,52.866189986,True,-0.00021043233573436737,8.032657206058502e-05,-0.00036158598959445953,0.00011781230568885803,0.0004418887203302663,0.036028213798999786,0.06039952486753464,0.12408848106861115,0.0750788003206253,0.15832111634570595,ROA_1001_model33000_noise15,2643,2026-10-01_00-04-08,-0.006697753444314003,0.006289378739893436
0.0005411915481090546,2.0116567611694336e-05,-0.0003376975655555725,-0.0005145557224750519,0.0007306415871348464,-0.19236746430397034,0.24412664771080017,0.10070553421974182,-0.028049105778336525,0.3224755444073295,5.313195288181305e-05,-0.00016372650861740112,-0.0010846881195902824,-0.0006529968231916428,0.0012666867396677356,-0.24615180492401123,0.18389056622982025,0.09204679727554321,-0.05298200622200966,0.32487406459180124,-0.007133040577173233,0.006020630709826946,-0.004255046136677265,-0.0016203403938561678,-0.0041468082927167416,-0.0010196733055636287,0.000247173011302948,-0.00023827888071537018,-0.0007296213880181313,-0.0007568392902612686,0.0010512626128385163,-0.2793576419353485,0.12828782200813293,-0.0278700590133667,-0.12384191155433655,0.30875082489035516,52.886189752,True,-0.00019283033907413483,7.46455043554306e-05,-0.0003566034138202667,0.00010421499609947205,0.00042490772931437075,0.03313785418868065,0.05554966256022453,0.11995434015989304,0.07087154686450958,0.15092492735026813,ROA_1001_model33000_noise15,2644,2026-10-01_00-04-08,-0.0071885837242007256,0.006762320175766945
0.000462215393781662,8.009374141693115e-05,-0.0002548564225435257,-0.0005626585334539413,0.0006946768609305237,-0.21682631969451904,0.27180323004722595,0.11913710832595825,-0.046836674213409424,0.36548556940900373,-4.144385457038879e-06,-0.00010333023965358734,-0.0009916722774505615,-0.0007057562470436096,0.0012188230546632923,-0.26966211199760437,0.2109636515378952,0.10916473716497421,-0.0726594552397728,0.36651296127277816,-0.007867810316383839,0.0063009969890117645,-0.004524992313235998,-0.0019036089070141315,-0.0043758489191532135,-0.00131878606043756,0.00017443671822547913,-0.00017206184566020966,-0.0006405636668205261,-0.0007994472980499268,0.001024749221816321,-0.3027375638484955,0.15803378820419312,-0.008437782526016235,-0.14115706086158752,0.34714085332564143,52.90619101,True,-0.00018081627786159515,6.854534149169922e-05,-0.0003477092832326889,9.476207196712494e-05,0.0004086634889105122,0.033033546060323715,0.05290936306118965,0.1176416352391243,0.06848922371864319,0.14730075452285113,ROA_1001_model33000_noise15,2645,2026-10-01_00-04-08,-0.007879214361310005,0.0071192542091012
0.00037872232496738434,0.00013969838619232178,-0.00017220154404640198,-0.0006219372153282166,0.0006983529949358813,-0.24269333481788635,0.30050936341285706,0.13821572065353394,-0.0675572082400322,0.4112626034408116,-7.306225597858429e-05,-4.7497451305389404e-05,-0.0008984934538602829,-0.000764802098274231,0.0011830817020962343,-0.29427462816238403,0.23903045058250427,0.12707756459712982,-0.09377486258745193,0.41064549174505793,-0.008456849493086338,0.006661991588771343,-0.00467810919508338,-0.0020648592617362738,-0.004511130973696709,-0.0015058196149766445,9.397044777870178e-05,-0.00011259689927101135,-0.0005574896931648254,-0.0008605420589447021,0.0010262783801107405,-0.32889190316200256,0.18746452033519745,0.010382848791778088,-0.16228528320789337,0.3903882226105843,52.926190351,True,-0.00016633421182632446,6.807968020439148e-05,-0.00034584663808345795,9.117648005485535e-05,0.0003997318300336103,0.034539494663476944,0.05153147131204605,0.11673057079315186,0.06851134449243546,0.14680073104189467,ROA_1001_model33000_noise15,2646,2026-10-01_00-04-08,-0.008288990706205368,0.00757191888988018
0.00030030496418476105,0.00019310973584651947,-9.275972843170166e-05,-0.000673951581120491,0.0007249357918799693,-0.2680220603942871,0.32845836877822876,0.15483888983726501,-0.0860709622502327,0.45539019272964043,-0.00014100223779678345,5.9604644775390625e-06,-0.0008223112672567368,-0.0008235219866037369,0.0011677159742908064,-0.31783056259155273,0.26641830801963806,0.14306651055812836,-0.11255452036857605,0.45288495163557924,-0.00886442605406046,0.0069731902331113815,-0.004705481696873903,-0.0022702377755194902,-0.004528747405856848,-0.001750544528476894,1.4342367649078369e-05,-6.193295121192932e-05,-0.0004809815436601639,-0.0009159091860055923,0.0010356429756457597,-0.35532188415527344,0.21543027460575104,0.02494407631456852,-0.18311430513858795,0.4334162442373395,52.946190685000005,True,-0.00015641562640666962,6.812624633312225e-05,-0.00033923424780368805,9.355135262012482e-05,0.0003904706868115972,0.03745919093489647,0.0509326308965683,0.11812429130077362,0.07058819383382797,0.14975410654506374,ROA_1001_model33000_noise15,2647,2026-10-01_00-04-08,-0.008435701951384544,0.008035444654524326
0.00026063062250614166,0.0002198386937379837,-6.882473826408386e-05,-0.0006859656423330307,0.0007363029180890075,-0.2829963266849518,0.34549272060394287,0.16257305443286896,-0.09630992263555527,0.4811938833470123,-0.00017387792468070984,3.604218363761902e-05,-0.0008102506399154663,-0.0008400995284318924,0.0011710694937023193,-0.33152613043785095,0.28285056352615356,0.1506386250257492,-0.12320186197757721,0.47725365953424187,-0.008853078819811344,0.007122837007045746,-0.004481512121856213,-0.0023687034845352173,-0.004251641687005758,-0.0018298453651368618,-2.789311110973358e-05,-3.80445271730423e-05,-0.0004704110324382782,-0.0009382143616676331,0.0010505694290147843,-0.3704628646373749,0.2330504208803177,0.028485430404543877,-0.19834701716899872,0.45878273220370214,52.966193258000004,True,-0.00014756806194782257,7.35744833946228e-05,-0.000338209792971611,9.899958968162537e-05,0.000388169700703451,0.038875266909599304,0.049788035452365875,0.12215505540370941,0.07515307515859604,0.15539100115919333,ROA_1001_model33000_noise15,2648,2026-10-01_00-04-08,-0.008124196901917458,0.00826538261026144
0.00023362226784229279,0.0002253800630569458,-4.377216100692749e-05,-0.000684661790728569,0.0007306561955802787,-0.2920338809490204,0.35537219047546387,0.16640032827854156,-0.10210973769426346,0.49618363405349186,-0.00020265579223632812,4.363246262073517e-05,-0.0007959548383951187,-0.0008430331945419312,0.001164498844567503,-0.3394353985786438,0.2917996346950531,0.15513364970684052,-0.12876977026462555,0.4909189705862378,-0.008444398641586304,0.007052967324852943,-0.003965334035456181,-0.002642636187374592,-0.0037341017741709948,-0.002116552321240306,-5.9232115745544434e-05,-3.091990947723389e-05,-0.00045886263251304626,-0.0009490177035331726,0.0010554945669627124,-0.3807176649570465,0.24270404875278473,0.028302425518631935,-0.20922952890396118,0.47420265966884717,52.986189335000006,True,-0.00014426186680793762,7.757917046546936e-05,-0.0003383960574865341,0.00010561197996139526,0.00038948135022272995,0.04121660813689232,0.04908721521496773,0.12686103582382202,0.08043693006038666,0.16232805292235886,ROA_1001_model33000_noise15,2649,2026-10-01_00-04-08,-0.007525678724050522,0.008241413161158562
0.00023553147912025452,0.0002086162567138672,-5.67873939871788e-05,-0.0006590504199266434,0.0007035910080729606,-0.29362642765045166,0.356729120016098,0.1650720238685608,-0.10220891982316971,0.49779815797704574,-0.0002076849341392517,2.9569491744041443e-05,-0.0008341390639543533,-0.0008222414180636406,0.0011782896349707395,-0.3401027023792267,0.29231560230255127,0.15523982048034668,-0.1286764144897461,0.4916955172726575,-0.007731292862445116,0.006857646629214287,-0.003288197098299861,-0.0027200961485505104,-0.0030603085178881884,-0.00216473825275898,-6.351619958877563e-05,-4.9872323870658875e-05,-0.0004894798621535301,-0.000940496101975441,0.0010627983101636877,-0.383068323135376,0.24400463700294495,0.021279554814100266,-0.21604424715042114,0.4763290017911344,53.006196068,True,-0.0001453794538974762,7.995404303073883e-05,-0.00034405384212732315,0.0001200009137392044,0.00039958341013803444,0.042889729142189026,0.04824669659137726,0.13401103019714355,0.08738459646701813,0.171790662024711,ROA_1001_model33000_noise15,2650,2026-10-01_00-04-08,-0.006904688663780689,0.007879143580794334
0.00027315691113471985,0.00015744008123874664,-0.00010333023965358734,-0.0005870359018445015,0.0006349815364431933,-0.29146531224250793,0.3525144159793854,0.16159586608409882,-0.09734904766082764,0.4913476873137237,-0.0001748558133840561,-2.323649823665619e-05,-0.0008945586159825325,-0.000751810148358345,0.001178024640940894,-0.3376561105251312,0.2875686585903168,0.1529247909784317,-0.1239231750369072,0.4852123279344585,-0.00641019968315959,0.006406673230230808,-0.0020386355463415384,-0.0031154972966760397,-0.0018564340425655246,-0.0025630067102611065,-2.9476359486579895e-05,-0.00010118819773197174,-0.0005498994141817093,-0.0008808216080069542,0.0010433286765599062,-0.38031721115112305,0.240181565284729,0.01397984940558672,-0.21569545567035675,0.4701555630270305,53.02619944200001,True,-0.00014533288776874542,7.920898497104645e-05,-0.0003470340743660927,0.00012882519513368607,0.0004049143679846702,0.04259217157959938,0.04735914617776871,0.138983353972435,0.09175529330968857,0.17766782541552323,ROA_1001_model33000_noise15,2651,2026-10-01_00-04-08,-0.00564697477966547,0.007395961321890354
0.00032368116080760956,9.778887033462524e-05,-0.0001446809619665146,-0.0005113193765282631,0.0005714549622961304,-0.2850745618343353,0.3429250717163086,0.1584908366203308,-0.09282281994819641,0.4787557794447159,-0.0001257285475730896,-8.260831236839294e-05,-0.0009475043043494225,-0.0006766058504581451,0.0011739498127057157,-0.33189260959625244,0.2776589095592499,0.1505662202835083,-0.11978717148303986,0.47354788017368654,-0.0048588854260742664,0.005439634434878826,-0.0006144373910501599,-0.003704145085066557,-0.0005385887925513089,-0.003189214738085866,1.885928213596344e-05,-0.00015939585864543915,-0.000597652979195118,-0.0008132541552186012,0.0010161134130786543,-0.3722347021102905,0.23166415095329285,0.008408911526203156,-0.2144412100315094,0.45750318904347625,53.04619395100001,True,-0.00014333054423332214,7.795169949531555e-05,-0.00035192351788282394,0.00013748649507761002,0.000411119881439732,0.04027038440108299,0.045954711735248566,0.14218710362911224,0.09468453377485275,0.1808019664921727,ROA_1001_model33000_noise15,2652,2026-10-01_00-04-08,-0.004387891385704279,0.00648543331772089
0.0004129484295845032,1.2712553143501282e-05,-0.00017426209524273872,-0.0004398287273943424,0.0005284205905716205,-0.2750898599624634,0.3320337235927582,0.1514391005039215,-0.08720787614583969,0.4617548445863363,-1.1548399925231934e-05,-0.00016898848116397858,-0.001002440694719553,-0.0006059184670448303,0.0011754255551607174,-0.32227903604507446,0.26763927936553955,0.1454271823167801,-0.11408700793981552,0.4578616995996765,-0.0034636668860912323,0.004260416142642498,0.0008250558748841286,-0.004519846756011248,0.0006514174165204167,-0.004139226861298084,0.00012712553143501282,-0.00023455359041690826,-0.0006393063813447952,-0.0007558614015579224,0.0009950237499027706,-0.3558691740036011,0.2270103394985199,-0.002672546310350299,-0.21398217976093292,0.4399198701590667,53.066193708,True,-0.0001378823071718216,6.491318345069885e-05,-0.00036493875086307526,0.0001505366526544094,0.00042310610287899154,0.03355741500854492,0.04059774428606033,0.14810508489608765,0.09988422691822052,0.18569036958513696,ROA_1001_model33000_noise15,2653,2026-10-01_00-04-08,-0.003091365098953247,0.005505131557583809
0.0005339272320270538,-0.00010388903319835663,-0.00023102620616555214,-0.0003407592885196209,0.000583932963643462,-0.2564522325992584,0.31126078963279724,0.14245474338531494,-0.079847052693367,0.4315814741852,0.00015276018530130386,-0.0002852175384759903,-0.0011225929483771324,-0.0005113543011248112,0.0012337592747586291,-0.3047552704811096,0.2477688193321228,0.1387571543455124,-0.10728859156370163,0.4301328215043483,-0.0022000446915626526,0.0019601082894951105,0.00201624003238976,-0.00586631428450346,0.0015402297722175717,-0.005621104501187801,0.00027457717806100845,-0.0003296881914138794,-0.0007254187949001789,-0.0006810994818806648,0.0009954528970589358,-0.3286180794239044,0.21515390276908875,-0.019561732187867165,-0.21531827747821808,0.4092275825819507,53.086193145,True,-0.00012035015970468521,4.3958425521850586e-05,-0.00039761653169989586,0.00016826670616865158,0.00045032343344952413,0.023730795830488205,0.03259465843439102,0.15842832624912262,0.10800931602716446,0.19548428708091978,ROA_1001_model33000_noise15,2654,2026-10-01_00-04-08,-0.0019128572894260287,0.0034153370652347803
0.0006944057531654835,-0.0002771965228021145,-0.0003148219548165798,-0.0002056534867733717,0.0007837531864730803,-0.2285832166671753,0.2764075696468353,0.1328553706407547,-0.0661429911851883,0.38407440105205226,0.00032616080716252327,-0.00045259948819875717,-0.001255219103768468,-0.0003838737029582262,0.001327115283890183,-0.2766314148902893,0.21499744057655334,0.13125093281269073,-0.09342911094427109,0.38557328977051647,-0.00118490238673985,9.798980318009853e-05,0.002843923633918166,-0.0073517123237252235,0.002359239384531975,-0.0070879580453038216,0.00044016633182764053,-0.0004953588359057903,-0.0008303788490593433,-0.0005546433385461569,0.0010057573450399074,-0.2970592975616455,0.1831957995891571,-0.03261229395866394,-0.20473246276378632,0.3614325021408277,53.106195046,True,-0.00011154916137456894,4.3457839637994766e-05,-0.0004244677256792784,0.00016980920918285847,0.00047258725863644224,0.020367790013551712,0.03176112473011017,0.16386905312538147,0.11128704994916916,0.20111709354587598,ROA_1001_model33000_noise15,2655,2026-10-01_00-04-08,-0.0012927476782351732,0.0018695194739848375
0.0007953844033181667,-0.00042836181819438934,-0.00035667908377945423,-9.44710336625576e-05,0.0009456083454798651,-0.211016446352005,0.2547968626022339,0.12444037944078445,-0.05567358806729317,0.3533319353414134,0.000428943894803524,-0.0006015878170728683,-0.0013439275790005922,-0.00027496134862303734,0.0014135408890294848,-0.2583003342151642,0.19579549133777618,0.12473086267709732,-0.08275609463453293,0.356915216896743,-0.0007692690705880523,-0.0008455548668280244,0.003102777525782585,-0.008215186186134815,0.002762226155027747,-0.007887217216193676,0.0005349807906895876,-0.0006479676812887192,-0.0008866656571626663,-0.00045155175030231476,0.0010386167070403833,-0.27951252460479736,0.1613846868276596,-0.04280407726764679,-0.19515670835971832,0.3311241678296566,53.126197811000004,True,-0.00010516960173845291,4.550092853605747e-05,-0.000456441193819046,0.0001755543053150177,0.0005022626669074352,0.020875710994005203,0.034322842955589294,0.1679396629333496,0.11251479387283325,0.20542822567478136,ROA_1001_model33000_noise15,2656,2026-10-01_00-04-08,-0.0011599877616390586,0.001064755953848362
0.0008627306669950485,-0.0005185836926102638,-0.0004021610948257148,-1.203734427690506e-05,0.0010643291928696486,-0.19820551574230194,0.24012766778469086,0.10462388396263123,-0.03318709507584572,0.3251795831371475,0.0005114241503179073,-0.000687094870954752,-0.0013894721632823348,-0.00019362487364560366,0.001481961322504338,-0.24652928113937378,0.18240079283714294,0.10350215435028076,-0.06294047832489014,0.3295707198405521,-0.00043508820817805827,-0.0016135383630171418,0.0027847252786159515,-0.008687270805239677,0.0026071846950799227,-0.008277757093310356,0.000606081448495388,-0.00073285773396492,-0.0009200986823998392,-0.00035731500247493386,0.0011122873749599687,-0.2644652724266052,0.1495988667011261,-0.059515293687582016,-0.1683359593153,0.3062069215890854,53.146199041,True,-9.312061592936516e-05,4.611210897564888e-05,-0.00047034118324518204,0.0001652850187383592,0.0005091019097364352,0.017673125490546227,0.03273668512701988,0.163353830575943,0.10543028265237808,0.19715911272206169,ROA_1001_model33000_noise15,2657,2026-10-01_00-04-08,-0.0012164973886683583,0.0004445384256541729
0.0008968403562903404,-0.0005667447112500668,-0.0004330882802605629,3.085588105022907e-05,0.001129998788555154,-0.18057161569595337,0.2192637026309967,0.08515198528766632,-0.010586109943687916,0.2910854650268573,0.0005278852768242359,-0.0007372000254690647,-0.001417502062395215,-0.0001498148776590824,0.0015185315182901173,-0.2278994470834732,0.16417917609214783,0.08118919283151627,-0.043557386845350266,0.29537970973746464,-0.00046355798258446157,-0.0015387380262836814,0.002243164461106062,-0.00818309560418129,0.00215186201967299,-0.0077490005642175674,0.0006200803909450769,-0.0007903319783508778,-0.0009346840670332313,-0.00030276423785835505,0.0011524808656164427,-0.25007033348083496,0.12611842155456543,-0.07384038716554642,-0.13971292972564697,0.2800970831279853,53.166195310000006,True,-9.39355231821537e-05,5.230540409684181e-05,-0.0004815781721845269,0.00015342229744419456,0.0005163138262716899,0.021874554455280304,0.03795517608523369,0.15539267659187317,0.09626196324825287,0.186870306233076,ROA_1001_model33000_noise15,2658,2026-10-01_00-04-08,-0.0018082661554217339,0.0005396723281592131
0.0009196926839649677,-0.00058694276958704,-0.0004841276677325368,4.443863872438669e-05,0.0011764024523697003,-0.16294331848621368,0.19955302774906158,0.0639224648475647,0.012761592864990234,0.25952498579533806,0.0005337758921086788,-0.0007592607289552689,-0.0014868186553940177,-0.00013775716070085764,0.0015863365599535434,-0.20914971828460693,0.14743557572364807,0.05822533741593361,-0.02259458228945732,0.2629948127277317,-0.00027911565848626196,-0.0004509149584919214,0.0018850980559363961,-0.006683992221951485,0.0018522319151088595,-0.006240855902433395,0.0006327754817903042,-0.000821542926132679,-0.0009780313121154904,-0.00028388312784954906,0.0012009833673053316,-0.2365141361951828,0.10374950617551804,-0.09158927947282791,-0.11328872293233871,0.2622362690326556,53.18619909900001,True,-9.845243766903877e-05,6.402842700481415e-05,-0.000508228549733758,0.00014500401448458433,0.0005403446366661146,0.027090076357126236,0.04355725646018982,0.1501551866531372,0.0908287763595581,0.181444134108522,ROA_1001_model33000_noise15,2659,2026-10-01_00-04-08,-0.0021426770836114883,0.0015905818436294794
0.0009485520422458649,-0.0005963956937193871,-0.0005651148967444897,5.279434844851494e-05,0.0012343151207974776,-0.14718540012836456,0.1825658679008484,0.041597288101911545,0.03889348357915878,0.23454704891417966,0.0005603069439530373,-0.0007702503353357315,-0.001580873504281044,-0.0001375970896333456,0.0016833686221559487,-0.1940561830997467,0.13261497020721436,0.03412342444062233,0.0013466341188177466,0.23664663824892254,-0.0008964858716353774,0.0006235048640519381,0.0007407510420307517,-0.0053371768444776535,0.0007671256316825747,-0.004856901243329048,0.0006559421308338642,-0.000838062260299921,-0.0010468123946338892,-0.0002709974069148302,0.0012691859351731908,-0.22347083687782288,0.0844796821475029,-0.10966165363788605,-0.08457310497760773,0.25264000960348,53.206198376,True,-9.788200259208679e-05,6.903428584337234e-05,-0.0005339446943253279,0.0001325155608355999,0.0005614207448711242,0.02921186201274395,0.04805891960859299,0.14402379095554352,0.0859881341457367,0.17511618213855443,ROA_1001_model33000_noise15,2660,2026-10-01_00-04-08,-0.002810054225847125,0.002747976453974843
0.0010055722668766975,-0.0006267102435231209,-0.000665825791656971,5.5762939155101776e-05,0.0013330233871305347,-0.13034114241600037,0.1643814593553543,0.022856343537569046,0.05942803993821144,0.21244373879782402,0.0005967449396848679,-0.0008066184818744659,-0.0016986159607768059,-0.00014157849363982677,0.0018065914459187643,-0.1783582717180252,0.11635059118270874,0.014071410521864891,0.021154990419745445,0.2129534819328741,-0.0013122942764312029,0.0018347513396292925,-5.2025250624865294e-05,-0.003701158333569765,-2.7590198442339897e-05,-0.003235188312828541,0.0007034279406070709,-0.0008798437193036079,-0.001144426641985774,-0.00027240021154284477,0.0013764783081697553,-0.21053826808929443,0.061237484216690063,-0.12655502557754517,-0.06407307088375092,0.24652591743913568,53.226197205000005,True,-0.00010579824447631836,7.21542164683342e-05,-0.0005540146958082914,0.00012991949915885925,0.0005815294471062913,0.032137613743543625,0.0550483800470829,0.1406310349702835,0.08526240289211273,0.1740228138113212,ROA_1001_model33000_noise15,2661,2026-10-01_00-04-08,-0.0029465605039149523,0.003986751660704613
0.0010760268196463585,-0.0006735092028975487,-0.0007732596714049578,0.0001008214894682169,0.0014629109709543727,-0.114223912358284,0.1459338217973709,0.012614646926522255,0.07152178883552551,0.19210106026214063,0.0006446149200201035,-0.0008654547855257988,-0.0018189602997153997,-0.00010348157957196236,0.0019415315746584474,-0.1638999581336975,0.09887269139289856,0.0036496201064437628,0.03416021168231964,0.1919779522749416,-0.0019151114393025637,0.002206365345045924,-0.0009549376554787159,-0.003031739965081215,-0.0007849048124626279,-0.002426923019811511,0.0007637310773134232,-0.0009374925866723061,-0.0012520060408860445,-0.0002319691702723503,0.001511540041010673,-0.19837798178195953,0.038253143429756165,-0.1358879953622818,-0.05209393426775932,0.24046665562318323,53.246198178,True,-0.00011811498552560806,7.294584065675735e-05,-0.0005668378435075283,0.00012753880582749844,0.0005957322241588411,0.03444356843829155,0.06053945794701576,0.139531210064888,0.08628866076469421,0.17547817174575628,ROA_1001_model33000_noise15,2662,2026-10-01_00-04-08,-0.003429653123021126,0.004262021742761135
0.0010308809578418732,-0.0006200047209858894,-0.0007938593626022339,7.069320417940617e-05,0.001412147082832442,-0.1337558478116989,0.16741757094860077,0.023752856999635696,0.05765113607048988,0.21655036875981598,0.0006116228178143501,-0.0008142320439219475,-0.0018545601051300764,-0.0001380685716867447,0.0019575645684212937,-0.18468429148197174,0.12053664773702621,0.014775315299630165,0.0229287538677454,0.2205388775835122,-0.0017262843903154135,0.00248489691875875,-0.001057877205312252,-0.0027926918119192123,-0.0004316035774536431,-0.0017965168226510286,0.0007277354598045349,-0.0008773524314165115,-0.0012852484360337257,-0.0002711836714297533,0.0014971917341080727,-0.2168351709842682,0.061678696423769,-0.1270488053560257,-0.06990093737840652,0.25204576315955235,53.266204272,True,-0.00011683441698551178,6.323680281639099e-05,-0.0005698238965123892,0.00013529788702726364,0.0005995965540088326,0.032104551792144775,0.05878857150673866,0.14182831346988678,0.0928371399641037,0.1798141224053404,ROA_1001_model33000_noise15,2663,2026-10-01_00-04-08,-0.0030747076962143183,0.004418413154780865
0.0010319286957383156,-0.0006119254976511002,-0.0008100876584649086,7.593189366161823e-05,0.0014194672914608828,-0.1437854915857315,0.17748911678791046,0.029705753549933434,0.04901701956987381,0.22929147837617997,0.0006050802767276764,-0.0008127884939312935,-0.0018897349946200848,-0.00013597309589385986,0.001988482264323216,-0.1953856498003006,0.13056722283363342,0.022385094314813614,0.01811707578599453,0.23515398140399357,-0.0011916222283616662,0.0016067440155893564,-0.0008119179401546717,-0.003562548663467169,0.00019088867702521384,-0.0022135006729513407,0.000729667954146862,-0.0008732080459594727,-0.0013152370229363441,-0.00027992064133286476,0.0015203501553925159,-0.22762174904346466,0.07112579792737961,-0.12404197454452515,-0.08224183320999146,0.260457777634006,53.286199485000004,True,-0.0001251697540283203,6.111804395914078e-05,-0.0005737238097935915,0.0001457403413951397,0.0006074827373376789,0.03219256177544594,0.059393931180238724,0.14643481373786926,0.1003611758351326,0.1877001635168142,ROA_1001_model33000_noise15,2664,2026-10-01_00-04-08,-0.0021886774338781834,0.0034722767304629087
0.0010739779099822044,-0.0006472575478255749,-0.0008832750609144568,0.00010349031072109938,0.0015065871748678639,-0.14035764336585999,0.17280630767345428,0.03348872810602188,0.04331262409687042,0.2229981640089802,0.0006269197911024094,-0.0008473405614495277,-0.0019650848116725683,-0.00010122312232851982,0.002070175766528779,-0.19326980412006378,0.12532609701156616,0.028138192370533943,0.016846518963575363,0.2308070737199895,0.00044231649371795356,0.00045953504741191864,0.0005736936582252383,-0.004672363866120577,0.001838030875660479,-0.0030570297967642546,0.0007666414603590965,-0.0009101582691073418,-0.0013998855138197541,-0.00025959452614188194,0.00161633540095633,-0.22644932568073273,0.06448151171207428,-0.12339876592159271,-0.09138195961713791,0.258283892327494,53.306202698,True,-0.0001389533281326294,6.377231329679489e-05,-0.0005658075679093599,0.00015920086298137903,0.0006069010245389033,0.03312329947948456,0.060791727155447006,0.15156012773513794,0.10822620987892151,0.1966127203246352,ROA_1001_model33000_noise15,2665,2026-10-01_00-04-08,-8.116316166706383e-05,0.002448402112349868
0.0012152479030191898,-0.0007246737368404865,-0.0009948213119059801,0.000160484341904521,0.0017096142551299152,-0.10361742973327637,0.13283033668994904,0.017934711650013924,0.0600891038775444,0.17270892246580544,0.0007450929842889309,-0.0009294715709984303,-0.002080894773826003,-3.270106390118599e-05,0.002231604533695519,-0.15832704305648804,0.08524849265813828,0.015762226656079292,0.037751391530036926,0.17986600924084747,0.001261406927369535,-0.00040403404273092747,0.0011071775807067752,-0.005924115888774395,0.0026450299192219973,-0.004079732112586498,0.0009004492312669754,-0.000994501169770956,-0.0015229161363095045,-0.00021054293029010296,0.00181034474588024,-0.19214196503162384,0.020229721441864967,-0.14237156510353088,-0.0768289864063263,0.24113771587100438,53.326199831000004,True,-0.00015491386875510216,6.599584594368935e-05,-0.000558624742552638,0.00017766142264008522,0.0006097081603498222,0.033766843378543854,0.06493902206420898,0.1581672579050064,0.11460819840431213,0.20626704593337408,ROA_1001_model33000_noise15,2666,2026-10-01_00-04-08,0.0011816635960713029,0.0018616674933582544
0.0012736651115119457,-0.000712729524821043,-0.0010153104085475206,0.00013248063623905182,0.001754591885804142,-0.08096697181463242,0.11020607501268387,0.006580026354640722,0.07189740240573883,0.1481964740839658,0.0007827533408999443,-0.0009200535714626312,-0.0021020881831645966,-5.998881533741951e-05,0.002261469158708364,-0.13574188947677612,0.06229511648416519,0.006459420081228018,0.051528967916965485,0.15026751904207436,0.0010922779329121113,-0.00031209131702780724,0.0008441664976999164,-0.005997378379106522,0.0024584378115832806,-0.004063535947352648,0.0009546754881739616,-0.000990403350442648,-0.0015463156159967184,-0.00023804022930562496,0.0018550506139908933,-0.17160257697105408,-0.004406902007758617,-0.15367071330547333,-0.06505876034498215,0.2352156292438574,53.346206884000004,True,-0.0001728883944451809,6.73346221446991e-05,-0.0005561450961977243,0.00017920974642038345,0.0006129654349748776,0.03582483530044556,0.06661610305309296,0.160210520029068,0.116534523665905,0.20978433625276674,ROA_1001_model33000_noise15,2667,2026-10-01_00-04-08,0.0010221136035397649,0.0020377219188958406
0.0012607197277247906,-0.0006472459062933922,-0.001008945400826633,8.191273082047701e-05,0.0017116840780487532,-0.08582591265439987,0.1184447854757309,0.01031107921153307,0.06638318300247192,0.1546154601186611,0.0007811351679265499,-0.0008541159331798553,-0.0020896608475595713,-0.00010337098501622677,0.0022415101392905326,-0.14118163287639618,0.06923358887434006,0.011179886758327484,0.04777512699365616,0.15766652775510365,0.0003504886117298156,0.00011060619726777077,0.0004739129508379847,-0.005573936738073826,0.0017943341517820954,-0.003812126349657774,0.0009530805982649326,-0.0009157811291515827,-0.0015414116205647588,-0.00028516806196421385,0.0018333583705672006,-0.17384007573127747,0.006837071385234594,-0.15043558180332184,-0.0710161104798317,0.233815203690055,53.366201329000006,True,-0.0001707347109913826,6.062909960746765e-05,-0.0005482666892930865,0.00018143036868423223,0.0006052483562343777,0.032589420676231384,0.06232608109712601,0.1616095006465912,0.11882162094116211,0.2105121257620475,ROA_1001_model33000_noise15,2668,2026-10-01_00-04-08,0.0005069032777100801,0.0024098509456962347
0.0012517091818153858,-0.0006122048944234848,-0.0009740862878970802,6.0851743910461664e-05,0.0016725407159591762,-0.09118485450744629,0.12598733603954315,0.015190045349299908,0.0596403032541275,0.160894948869704,0.0007725437171757221,-0.0008185510523617268,-0.0020569947082549334,-0.00012201635399833322,0.0022051904258334,-0.1459420770406723,0.07633934170007706,0.01738215982913971,0.04265933111310005,0.16476494801449565,-0.0002995964896399528,0.00041687232442200184,0.0002870309690479189,-0.005075486376881599,0.0012013057712465525,-0.003543929662555456,0.0009462935850024223,-0.0008770031854510307,-0.0015085665509104729,-0.00030618684832006693,0.0017968003252164326,-0.17786793410778046,0.015017924830317497,-0.14579133689403534,-0.07772962003946304,0.23334315967222274,53.386205503000006,True,-0.00017469283193349838,5.824258551001549e-05,-0.0005484864232130349,0.000182483927346766,0.0006066691952135814,0.03188708797097206,0.06121676042675972,0.16318637132644653,0.12040164321660995,0.21225207684828154,ROA_1001_model33000_noise15,2669,2026-10-01_00-04-08,5.949707701802254e-05,0.002555820858106017
0.0012264237739145756,-0.0005803885869681835,-0.0009393872460350394,2.195010893046856e-05,0.0016190811690543058,-0.099134162068367,0.13603711128234863,0.020675498992204666,0.051996152848005295,0.17116710219386194,0.0007583177648484707,-0.000781589187681675,-0.002030633157119155,-0.00015810801414772868,0.0021717730496547292,-0.15356972813606262,0.08567270636558533,0.024091240018606186,0.035810332745313644,0.1758897373327184,-0.0002635092823766172,0.0007571892347186804,0.0006427710177376866,-0.004698966629803181,0.0012626036768779159,-0.0033146669156849384,0.0009293900802731514,-0.0008375849574804306,-0.001480944105423987,-0.000347396417055279,0.0017571904521322982,-0.1830807775259018,0.027266329154372215,-0.14257602393627167,-0.08760203421115875,0.2346317169770021,53.406201452000005,True,-0.0001712469384074211,5.5728014558553696e-05,-0.0005488065653480589,0.00018883147276937962,0.0006076748931490867,0.029403481632471085,0.058335598558187485,0.16673767566680908,0.12343952804803848,0.21565486080657878,ROA_1001_model33000_noise15,2670,2026-10-01_00-04-08,0.0002564096648711711,0.002633571857586503
0.0012175878509879112,-0.0005872687324881554,-0.0009371782653033733,1.5609839465469122e-05,0.001611595072637143,-0.09988212585449219,0.1368175595998764,0.02381943166255951,0.048447135835886,0.1713995398664013,0.0007458613254129887,-0.0007841037586331367,-0.0020311111584305763,-0.00016253761714324355,0.002167421040726817,-0.1539713591337204,0.08593138307332993,0.02806837297976017,0.032391324639320374,0.1765560771875053,7.345248013734818e-05,0.0008804448880255222,0.0011880835518240929,-0.004440860822796822,0.001593989203684032,-0.003142136614769697,0.0009194714948534966,-0.0008416478522121906,-0.0014817502815276384,-0.0003510169335640967,0.001752078881875465,-0.18349114060401917,0.02820696495473385,-0.14040778577327728,-0.09236989170312881,0.23392619556879637,53.426203513000004,True,-0.00017362181097269058,5.741603672504425e-05,-0.0005507594323717058,0.00018969003576785326,0.0006105364684546411,0.029403366148471832,0.05762790888547897,0.1685185581445694,0.12479981034994125,0.2176895158332923,ROA_1001_model33000_noise15,2671,2026-10-01_00-04-08,0.000620127422735095,0.0024616115260869265
0.001191196497529745,-0.0005753012374043465,-0.000909558730199933,-7.031485438346863e-06,0.0015692309289944803,-0.10952888429164886,0.1475251019001007,0.030494803562760353,0.04022948071360588,0.18432167427427706,0.0007258960977196693,-0.0007695518434047699,-0.002005940768867731,-0.00018560676835477352,0.002135309897322081,-0.16328388452529907,0.09586743265390396,0.03509189933538437,0.023612169548869133,0.19026651532008693,0.0005102942232042551,0.0011914863716810942,0.0019207628211006522,-0.00411620968952775,0.002049841219559312,-0.0029778426978737116,0.0008961302228271961,-0.0008278293535113335,-0.0014593591913580894,-0.00037949648685753345,0.0017173971680843844,-0.1917671114206314,0.04030274972319603,-0.13567525148391724,-0.10265210270881653,0.2367651008220393,53.446202534,True,-0.0001692911610007286,5.6356657296419144e-05,-0.0005475827492773533,0.00019309809431433678,0.0006074209710552496,0.02843560464680195,0.055485401302576065,0.17077991366386414,0.1262855976819992,0.2197357789509387,ROA_1001_model33000_noise15,2672,2026-10-01_00-04-08,0.0013261153362691402,0.002693617483600974
0.0012228614650666714,-0.0006280257366597652,-0.0009449897333979607,2.9336661100387573e-05,0.0016331246108245926,-0.10747043043375015,0.14451226592063904,0.030661610886454582,0.04071899130940437,0.18071168881616692,0.0007590162567794323,-0.0008194474503397942,-0.0020368171390146017,-0.00015099940355867147,0.0021792452715140133,-0.1613999456167221,0.09292025864124298,0.035351287573575974,0.023017169907689095,0.18726008844498865,0.0002844739647116512,0.0010605868883430958,0.0018432877259328961,-0.0043199434876441956,0.001912487088702619,-0.003214809112250805,0.0009246403351426125,-0.0008792034350335598,-0.001491262810304761,-0.000343119609169662,0.0017662236763305048,-0.18951517343521118,0.0365673303604126,-0.13554255664348602,-0.10241948813199997,0.23536584542659408,53.466208243000004,True,-0.00016379635781049728,6.0838647186756134e-05,-0.0005442940164357424,0.000194637686945498,0.0006038759998632421,0.028071923181414604,0.05627376586198807,0.1709011197090149,0.12548504769802094,0.2194010290238195,ROA_1001_model33000_noise15,2673,2026-10-01_00-04-08,0.0014034495688974857,0.0025502413045614958
0.0011889729648828506,-0.0006206217221915722,-0.0009192677680402994,9.496579878032207e-06,0.0015874079182891575,-0.12212304025888443,0.1603640764951706,0.03703954070806503,0.03334961086511612,0.20161471917971846,0.000748469028621912,-0.0008098315447568893,-0.0020189532078802586,-0.0001705280737951398,0.0021572328818609925,-0.17642776668071747,0.10871246457099915,0.04137653484940529,0.014035554602742195,0.2091462323995172,0.0002780183858703822,0.0009457999840378761,0.001999589614570141,-0.00459021981805563,0.001995102036744356,-0.003531857393682003,0.0009015202522277832,-0.0008681905455887318,-0.001469984999857843,-0.000367863685823977,0.0017324279103400316,-0.20118848979473114,0.0553550161421299,-0.1315159946680069,-0.11226973682641983,0.24100553973985678,53.486207745,True,-0.0001509208232164383,5.6496355682611465e-05,-0.0005484180292114615,0.00019854051060974598,0.0006051006216028255,0.024686798453330994,0.05333823710680008,0.1729007363319397,0.12633073329925537,0.22032038557905206,ROA_1001_model33000_noise15,2674,2026-10-01_00-04-08,0.0016372263198718429,0.0024750775191932917
0.001204723957926035,-0.0006828806363046169,-0.0008944945875555277,4.894682206213474e-05,0.0016134465507636998,-0.12025550752878189,0.15499593317508698,0.0355098731815815,0.0352030023932457,0.19627576707182828,0.0007443712092936039,-0.0008749542757868767,-0.001973856706172228,-0.00013265525922179222,0.0021192221870201,-0.17300108075141907,0.10489241033792496,0.0392959900200367,0.014628108590841293,0.2040264266423979,0.0007332161767408252,0.0010675585363060236,0.0024261889047920704,-0.004334018100053072,0.002381004625931382,-0.0033226856030523777,0.000903161708265543,-0.0009377137757837772,-0.0014355231542140245,-0.00032483949325978756,0.001717594761594792,-0.2023414671421051,0.04629988595843315,-0.1294708251953125,-0.10713224112987518,0.2411635340374873,53.506209422000005,True,-0.0001587788574397564,6.270129233598709e-05,-0.000539066968485713,0.00019157305359840393,0.0005969954002645255,0.029291024431586266,0.058516740798950195,0.1687808483839035,0.12178660184144974,0.21621664735642185,ROA_1001_model33000_noise15,2675,2026-10-01_00-04-08,0.0019476677989587188,0.0025089133996516466
0.0011572148650884628,-0.0007280847057700157,-0.0007993658073246479,6.582122296094894e-05,0.001551204416389079,-0.13266758620738983,0.16217142343521118,0.04623853415250778,0.0267555583268404,0.20971084533701068,0.0006774440407752991,-0.0009264098480343819,-0.001867528771981597,-0.0001165259163826704,0.002000079847271772,-0.18394900858402252,0.11313752830028534,0.05003192648291588,0.005394045263528824,0.21966427837525024,0.0006276634521782398,0.0019026717636734247,0.0025051638949662447,-0.003795687574893236,0.002501581097021699,-0.0027963565662503242,0.0008437316864728928,-0.0009922077879309654,-0.0013282988220453262,-0.00029965885914862156,0.0016132087464822854,-0.21757183969020844,0.05092983692884445,-0.11498498171567917,-0.11184059828519821,0.24622870495567642,53.52620549900001,True,-0.00016612466424703598,6.498303264379501e-05,-0.0005393463652580976,0.00018039136193692684,0.0005959723661269859,0.033543910831213,0.06213085353374481,0.1650097668170929,0.11725350469350815,0.21231156482675476,ROA_1001_model33000_noise15,2676,2026-10-01_00-04-08,0.0013104705139994621,0.0030863636638969183
0.0010980991646647453,-0.0007376540452241898,-0.000761076807975769,6.007612682878971e-05,0.001490755014339478,-0.1441158801317215,0.1706806868314743,0.05270872265100479,0.0216877069324255,0.22410746285124264,0.0006152549758553505,-0.0009311828762292862,-0.001848576357588172,-0.0001267006155103445,0.001958223891108195,-0.19298259913921356,0.1235438883304596,0.055370502173900604,-0.0014561809366568923,0.23406839067464397,0.0014000589726492763,0.002298813546076417,0.0034355984535068274,-0.003366641467437148,0.0033994840923696756,-0.002432259963825345,0.0007811468094587326,-0.0010020332410931587,-0.0012980191968381405,-0.00030655646696686745,0.0015518000812861676,-0.23025552928447723,0.059739451855421066,-0.10948418080806732,-0.11771783232688904,0.25499057240877787,53.54621796,True,-0.00016542617231607437,6.798654794692993e-05,-0.000550650293007493,0.0001793261617422104,0.0006059679237590543,0.03720051422715187,0.06374367326498032,0.1648617833852768,0.11626799404621124,0.21283961388777967,ROA_1001_model33000_noise15,2677,2026-10-01_00-04-08,0.0014779306948184967,0.003311319975182414
0.0010720454156398773,-0.0007580500096082687,-0.0007721362635493279,7.591443136334419e-05,0.001486950700604019,-0.14456267654895782,0.16988161206245422,0.051361504942178726,0.025706714019179344,0.2235140429082575,0.000586104579269886,-0.000952649861574173,-0.001879094634205103,-0.00011939555406570435,0.0019778331309775183,-0.19189853966236115,0.12439139187335968,0.05340936779975891,0.0012761446414515376,0.23297685883223934,0.002084969077259302,0.002732629654929042,0.00414260383695364,-0.0029637711122632027,0.004125978797674179,-0.0020482547115534544,0.0007506459951400757,-0.0010242918506264687,-0.0013136188499629498,-0.0002980465069413185,0.0015497568567243757,-0.2321368008852005,0.05911034345626831,-0.1112789586186409,-0.1147179827094078,0.25746633521446394,53.566207861,True,-0.00016312114894390106,7.138587534427643e-05,-0.0005663372576236725,0.000177859328687191,0.000619464825234516,0.040190525352954865,0.06519374251365662,0.16476638615131378,0.1159694492816925,0.21366424914491425,ROA_1001_model33000_noise15,2678,2026-10-01_00-04-08,0.001737171201966703,0.0037005881313234568
0.0010306714102625847,-0.0007292954251170158,-0.0007808557711541653,7.853377610445023e-05,0.0014478271740805116,-0.15767616033554077,0.18446402251720428,0.052040208131074905,0.026834778487682343,0.24306209783107968,0.0005776528269052505,-0.0009255018085241318,-0.0019206316210329533,-0.0001221778802573681,0.002012662152544086,-0.2058315873146057,0.1394113004207611,0.05382252484560013,0.0014008254511281848,0.2524848723963249,0.0020873232278972864,0.003116960870102048,0.004261040594428778,-0.0028321114368736744,0.004139421042054892,-0.0019848369993269444,0.0007239170372486115,-0.000987970270216465,-0.0013313954696059227,-0.00030440278351306915,0.0015396302108905417,-0.2415231317281723,0.07777334749698639,-0.11348619312047958,-0.11683883517980576,0.2679521402688434,53.586209698000005,True,-0.0001453561708331108,6.454065442085266e-05,-0.0005873385816812515,0.0001823646016418934,0.0006349764394950085,0.03566639497876167,0.061576250940561295,0.1674424260854721,0.11820916086435318,0.21510790412697176,ROA_1001_model33000_noise15,2679,2026-10-01_00-04-08,0.0019124670652672648,0.004296822473406792
0.0010499032214283943,-0.0007246155291795731,-0.0008197617717087269,8.266069926321507e-05,0.001479410565339547,-0.1511138379573822,0.1791466474533081,0.04451436549425125,0.0374792143702507,0.2343691880955246,0.000624428503215313,-0.0009256182238459587,-0.0019624829292297363,-0.00012362143024802208,0.0020674404506255332,-0.2009395807981491,0.13487902283668518,0.04464050009846687,0.0105446083471179,0.2440503704598073,0.0014901180984452367,0.0034284412395209074,0.0036994165275245905,-0.0027365144342184067,0.0034143931698054075,-0.0020164710003882647,0.0007526949048042297,-0.000985385850071907,-0.001365429488942027,-0.00030664377845823765,0.0015822367715808193,-0.2325097918510437,0.07336632907390594,-0.12202682346105576,-0.10739137977361679,0.2631540368785646,53.606209552,True,-0.0001278705894947052,5.934853106737137e-05,-0.0005965877790004015,0.0001824169885367155,0.000639303511297772,0.031531788408756256,0.06144307181239128,0.16668757796287537,0.11797813326120377,0.21339893189721876,ROA_1001_model33000_noise15,2680,2026-10-01_00-04-08,0.0015790793113410473,0.004969991743564606
0.0010310905054211617,-0.0007001450285315514,-0.0008315473678521812,6.633345037698746e-05,0.0014577333093024583,-0.1523897498846054,0.1814926415681839,0.04017902910709381,0.04483399912714958,0.23714830785479288,0.0006253598257899284,-0.0009025447070598602,-0.0019816362764686346,-0.00014935940271243453,0.0020829152774295696,-0.20413938164710999,0.137442946434021,0.03894949331879616,0.016907302662730217,0.24717910783882882,0.00010714292875491083,0.0033498613629490137,0.0024235208984464407,-0.002959354780614376,0.0019298879196867347,-0.002409134292975068,0.0007383059710264206,-0.0009586336091160774,-0.0013763230526819825,-0.0003243490937165916,0.001576732509670539,-0.2323107272386551,0.07638055831193924,-0.12636609375476837,-0.10079742968082428,0.2653251154681002,53.626209021,True,-0.0001141102984547615,5.5925920605659485e-05,-0.0006033500540070236,0.00017476559150964022,0.0006405145978452391,0.028098000213503838,0.06099254637956619,0.16529665887355804,0.11772029101848602,0.2113366739765006,ROA_1001_model33000_noise15,2681,2026-10-01_00-04-08,0.00042008599848486483,0.005043527111411095
0.0009632669389247894,-0.000653252936899662,-0.0007253169314935803,3.238965291529894e-05,0.0013308437634433927,-0.16779661178588867,0.19772210717201233,0.04379681125283241,0.04161800816655159,0.2593490006386105,0.0005553476512432098,-0.0008601462468504906,-0.0018858379917219281,-0.00019998988136649132,0.0019667405978772666,-0.21800944209098816,0.15428964793682098,0.0417240634560585,0.013768177479505539,0.2683782015791497,-0.0005886310827918351,0.0037118166219443083,0.0017416327027603984,-0.002232044003903866,0.0011584673775359988,-0.001764420885592699,0.0006705755367875099,-0.0009121373295783997,-0.0012682867236435413,-0.0003580789780244231,0.0014423491176964835,-0.24820105731487274,0.09307543933391571,-0.11999022960662842,-0.10177426040172577,0.2793055582183569,53.646210442000005,True,-0.0001150183379650116,5.0477683544158936e-05,-0.000617949990555644,0.00015948608051985502,0.0006501420097507761,0.030141321942210197,0.06118020787835121,0.16173723340034485,0.11556033045053482,0.20787792359315588,ROA_1001_model33000_noise15,2682,2026-10-01_00-04-08,-0.0007183842826634645,0.005059141665697098
0.0009405426681041718,-0.000670342706143856,-0.0007241673301905394,4.9243681132793427e-05,0.001323131499420957,-0.16443313658237457,0.19310390949249268,0.037104878574609756,0.05400145798921585,0.2542392347336856,0.0005224952474236488,-0.0008763512596487999,-0.0019075581803917885,-0.0001995882485061884,0.001978306488028948,-0.2149699628353119,0.14933571219444275,0.0346284918487072,0.025092506781220436,0.26214034923256724,-0.0008096005767583847,0.0036541030276566744,0.001280766213312745,-0.0022040114272385836,0.0008342110086232424,-0.0016386703355237842,0.0006444519385695457,-0.0009283656254410744,-0.001270999200642109,-0.00033924588933587074,0.0014340924060990512,-0.2459336370229721,0.08834036439657211,-0.12591786682605743,-0.08878617733716965,0.279499721157661,53.666212951000006,True,-0.00012160744518041611,5.2247196435928345e-05,-0.0006372167263180017,0.00013904646039009094,0.000665049107462719,0.030916182324290276,0.060932010412216187,0.16054894030094147,0.11390586942434311,0.20614700918381515,ROA_1001_model33000_noise15,2683,2026-10-01_00-04-08,-0.001891435356810689,0.0041869813576340675
0.0008795410394668579,-0.0006229151040315628,-0.0006303540430963039,3.50933987647295e-05,0.0012129406049782715,-0.16859406232833862,0.19843968749046326,0.03674975410103798,0.05649392306804657,0.26114621158085827,0.0004612840712070465,-0.000825757160782814,-0.0018272723536938429,-0.00022627064026892185,0.0018846970787219106,-0.21792249381542206,0.15512992441654205,0.0340065136551857,0.02728530578315258,0.26776893847617134,-0.0005293907597661018,0.00434564333409071,0.0014962702989578247,-0.001528317341580987,0.00116219581104815,-0.0008927467279136181,0.0005858950316905975,-0.0008749309927225113,-0.001178402453660965,-0.0003511755494400859,0.0013203510808367253,-0.24913017451763153,0.09591038525104523,-0.12432137131690979,-0.08437825739383698,0.2834229498905248,53.686212868000005,True,-0.00012614764273166656,4.814937710762024e-05,-0.0006506917998194695,0.00012348173186182976,0.0006755259505152214,0.03114808164536953,0.05918601155281067,0.1583741307258606,0.11167431622743607,0.20293559588738433,ROA_1001_model33000_noise15,2684,2026-10-01_00-04-08,-0.0025038928724825382,0.00408566277474165
0.0008461065590381622,-0.000575697049498558,-0.0006227695848792791,3.5960692912340164e-05,0.0011649624158126925,-0.17364461719989777,0.2045137733221054,0.03545282781124115,0.06187223643064499,0.2694505807968436,0.0004389788955450058,-0.0007786322385072708,-0.0018242164514958858,-0.00023414322640746832,0.0018769688307136356,-0.22465409338474274,0.16012834012508392,0.031878530979156494,0.031616684049367905,0.2759890510830815,-0.0006653429591096938,0.00500482227653265,0.0013375391718000174,-0.0011102382559329271,0.0010897269239649177,-0.00044978177174925804,0.0005593989044427872,-0.0008246861398220062,-0.0011688185622915626,-0.0003520399332046509,0.0012968791875834207,-0.25240516662597656,0.10272300988435745,-0.12533104419708252,-0.0790037140250206,0.28858155028344606,53.706215122,True,-0.00012088567018508911,4.591420292854309e-05,-0.0006563728675246239,0.00011629308573901653,0.0006786084999778726,0.027717554941773415,0.057339198887348175,0.15724048018455505,0.11066294461488724,0.20036322108489482,ROA_1001_model33000_noise15,2685,2026-10-01_00-04-08,-0.002530024852603674,0.004499190486967564
0.0008318107575178146,-0.0005311798304319382,-0.0006261107046157122,2.0727748051285744e-05,0.0011355113394057028,-0.1784595549106598,0.21097901463508606,0.03430357575416565,0.06319326162338257,0.27763818974507404,0.00042729079723358154,-0.0007379334419965744,-0.0018333957996219397,-0.0002574874088168144,0.00188474729696779,-0.23063132166862488,0.16658054292201996,0.030549997463822365,0.03354449197649956,0.2845466935024487,-0.0010588230798020959,0.005575221963226795,0.0008949385955929756,-0.0007739868015050888,0.000784105621278286,-8.414825424551964e-05,0.000547477975487709,-0.0007813330739736557,-0.001176138175651431,-0.00037436257116496563,0.0012973826531194187,-0.2561262547969818,0.10834912955760956,-0.12785114347934723,-0.07978378236293793,0.29402934330167246,53.726217599,True,-0.00012083910405635834,4.3725594878196716e-05,-0.000660185469314456,0.00011631636880338192,0.000682214782105501,0.025447921827435493,0.058183908462524414,0.15842221677303314,0.11333025246858597,0.2024742087114554,ROA_1001_model33000_noise15,2686,2026-10-01_00-04-08,-0.002205911558121443,0.005194217897951603
0.0008452218025922775,-0.0005497131496667862,-0.0006501853931695223,3.5390257835388184e-05,0.0011669691178487931,-0.17919670045375824,0.21094921231269836,0.03629148378968239,0.0615508146584034,0.2778374625397376,0.0004341825842857361,-0.0007616821676492691,-0.0018357764929533005,-0.00025022891350090504,0.0018879236014123731,-0.23286601901054382,0.16624154150485992,0.031536851078271866,0.031733300536870956,0.28621036312457065,-0.0016957068582996726,0.0054427385330200195,0.00015944548067636788,-0.0009854563977569342,0.00025912458659149706,-0.0001913192681968212,0.0005580950528383255,-0.0008080620318651199,-0.0011887983419001102,-0.00035932171158492565,0.0013135116440471906,-0.25810906291007996,0.10538007318973541,-0.12431147694587708,-0.08074083179235458,0.2938689755987402,53.746212588000006,True,-0.00012442469596862793,4.6426430344581604e-05,-0.0006460759323090315,0.0001082196831703186,0.0006679446847287849,0.02519320510327816,0.06077810749411583,0.15585187077522278,0.11251522600650787,0.2004535846884007,ROA_1001_model33000_noise15,2687,2026-10-01_00-04-08,-0.0019863948691636324,0.005294005386531353
0.0008678063750267029,-0.0005588401108980179,-0.000680598895996809,4.7322828322649e-05,0.0012047997811230648,-0.1729181855916977,0.20398710668087006,0.03381655365228653,0.06525369733572006,0.2689675471796906,0.0004495028406381607,-0.000776117667555809,-0.0018392456695437431,-0.00023759203031659126,0.001894077346007893,-0.22816145420074463,0.15881982445716858,0.028616048395633698,0.03568257391452789,0.2780130686878252,-0.0023268358781933784,0.0049266451969742775,-0.00047879305202513933,-0.001578282448463142,-0.0002731393906287849,-0.0007180462125688791,0.0005772802978754044,-0.0008209142833948135,-0.0012100674211978912,-0.0003402587026357651,0.0013421383116083512,-0.25248199701309204,0.09674997627735138,-0.12457160651683807,-0.07487379014492035,0.28746300698184185,53.766214297000005,True,-0.00012940727174282074,4.6426430344581604e-05,-0.0006285845302045345,0.00010174699127674103,0.0006509741109096512,0.02426607348024845,0.061988361179828644,0.1532018631696701,0.11059431731700897,0.1973355677024454,ROA_1001_model33000_noise15,2688,2026-10-01_00-04-08,-0.0023320133332163095,0.004731680266559124
0.0008984468877315521,-0.0006097368896007538,-0.0007305876351892948,8.832430467009544e-05,0.0012801378377873787,-0.16176466643810272,0.19061657786369324,0.03382749855518341,0.06710144132375717,0.251852004054665,0.0004556030035018921,-0.0008266884833574295,-0.0018555903807282448,-0.0001989305019378662,0.001910709033912334,-0.21822504699230194,0.14514009654521942,0.027924658730626106,0.037747085094451904,0.26209447118710266,-0.0020927961450070143,0.004124211147427559,-0.00031441537430509925,-0.0021370439790189266,-8.639239240437746e-06,-0.0011760065099224448,0.0006009824573993683,-0.0008753500878810883,-0.0012488337233662605,-0.00029141083359718323,0.0013945629153251117,-0.24416029453277588,0.08034798502922058,-0.12037692964076996,-0.06965885311365128,0.2757780621166025,53.786214406000006,True,-0.00014510005712509155,4.954636096954346e-05,-0.0006081885658204556,9.045470505952835e-05,0.0006331370967413621,0.02587074227631092,0.06471899896860123,0.14829762279987335,0.10741396993398666,0.19270634564014943,ROA_1001_model33000_noise15,2689,2026-10-01_00-04-08,-0.0023629460483789444,0.0036221903283149004
0.0009096693247556686,-0.0006195157766342163,-0.0007397437002509832,0.000100285978987813,0.001299537399850538,-0.15667591989040375,0.18435564637184143,0.03666040673851967,0.06514140963554382,0.24344537470696861,0.0004550674930214882,-0.0008340459316968918,-0.001837144372984767,-0.00018454156816005707,0.00189281834286226,-0.21388904750347137,0.13867159187793732,0.031132832169532776,0.03723916411399841,0.2549784368211758,-0.0017313460120931268,0.003727907547727227,0.00011003055260516703,-0.0024257462937384844,0.00041698981658555567,-0.0014363963855430484,0.0006092246621847153,-0.0008871778845787048,-0.0012498931027948856,-0.00027051428332924843,0.0014036681699701493,-0.24029366672039032,0.0729064866900444,-0.11448579281568527,-0.0688374787569046,0.2689599137359627,53.806213587,True,-0.00015550758689641953,5.287583917379379e-05,-0.0005884270649403334,8.59028659760952e-05,0.0006162581456303622,0.026263294741511345,0.06562820076942444,0.14586862921714783,0.10619102418422699,0.19047964499041242,ROA_1001_model33000_noise15,2690,2026-10-01_00-04-08,-0.002261120593175292,0.0030414361972361803
0.0009163748472929001,-0.0006305985152721405,-0.0007274444214999676,0.00010051880963146687,0.0013028809149554176,-0.15681934356689453,0.1842242181301117,0.04898657649755478,0.05064316466450691,0.24203615750093888,0.0004537869244813919,-0.0008455710485577583,-0.0017830112483352423,-0.0001757405698299408,0.001840360352747607,-0.214874267578125,0.138184055685997,0.043564822524785995,0.024882085621356964,0.256553913382595,-0.001318354974500835,0.003318605711683631,0.0006581970956176519,-0.0027331130113452673,0.001004753983579576,-0.001672141719609499,0.0006164191290736198,-0.0008958624675869942,-0.0012235483154654503,-0.00026269699446856976,0.0013883417516503435,-0.2406684160232544,0.07288739830255508,-0.09806546568870544,-0.08077982813119888,0.2629691693065204,53.826214753,True,-0.00016344711184501648,5.068723112344742e-05,-0.0005585083272308111,8.646748028695583e-05,0.0005900127303494511,0.025756655260920525,0.065229132771492,0.14162185788154602,0.10568211227655411,0.18689080124038787,ROA_1001_model33000_noise15,2691,2026-10-01_00-04-08,-0.001979624619707465,0.002542311092838645
0.0009783077985048294,-0.0007027527317404747,-0.0007521477527916431,0.00014442484825849533,0.0014003746422552915,-0.14517711102962494,0.1696208417415619,0.05159132555127144,0.04750881344079971,0.22328192594513802,0.0004958594217896461,-0.0009182607755064964,-0.0017830869182944298,-0.00012097734725102782,0.0018567301869937272,-0.20318593084812164,0.12443726509809494,0.047514110803604126,0.02407246083021164,0.23995645869701945,-0.000373505346942693,0.0028319365810602903,0.0016353711253032088,-0.0029423036612570286,0.0019488801481202245,-0.0019049288239330053,0.0006724847480654716,-0.0009748851880431175,-0.001241336576640606,-0.0002085653250105679,0.0014599612190491031,-0.2311142086982727,0.055751293897628784,-0.093305304646492,-0.08134019374847412,0.250298813030494,53.846214702000005,True,-0.00017632264643907547,5.5716373026371e-05,-0.0005405745469033718,8.885981515049934e-05,0.0005776548070461276,0.027825821191072464,0.06859050691127777,0.14093899726867676,0.1054597795009613,0.18755240331764875,ROA_1001_model33000_noise15,2692,2026-10-01_00-04-08,-0.0010376968421041965,0.002129364525899291
0.0010357238352298737,-0.0007388181984424591,-0.0007958617061376572,0.00015259429346770048,0.0014801624226916897,-0.13014696538448334,0.15202443301677704,0.056581176817417145,0.04345398023724556,0.20016513040855685,0.000523589551448822,-0.0009574461728334427,-0.001780847436748445,-9.591749403625727e-05,0.001867670237695584,-0.1897171586751938,0.10680174082517624,0.051831431686878204,0.02133699133992195,0.22057467689224544,0.000475034728879109,0.0017698032315820456,0.0026790068950504065,-0.003915333189070225,0.0029340547043830156,-0.0029007818084210157,0.0007162569090723991,-0.0010205898433923721,-0.001269002677872777,-0.00018747232388705015,0.0015228616641557102,-0.21991202235221863,0.033688731491565704,-0.08426599204540253,-0.0819224938750267,0.23551521425992522,53.866216059,True,-0.00019443687051534653,6.274785846471786e-05,-0.0005091656930744648,9.226787369698286e-05,0.0005557613587775061,0.030153196305036545,0.07304386049509048,0.1361100673675537,0.10326232016086578,0.18456690523029728,ROA_1001_model33000_noise15,2693,2026-10-01_00-04-08,-0.0002823747927322984,0.0010285009630024433
0.0010427553206682205,-0.0007262919098138809,-0.0008130446076393127,0.00015747500583529472,0.0014895543476928443,-0.12510734796524048,0.14498072862625122,0.06540241837501526,0.03304285928606987,0.19244365049431042,0.0005020643584430218,-0.0009516952559351921,-0.0017788494005799294,-7.275957614183426e-05,0.0018611599566134987,-0.1841105967760086,0.10052415728569031,0.06100482866168022,0.013235606253147125,0.2152046003059498,0.001580504234880209,0.0009531467221677303,0.004009749740362167,-0.00464323814958334,0.004217481706291437,-0.0036621098406612873,0.0007125199772417545,-0.001017970498651266,-0.001286831684410572,-0.00017870916053652763,0.0015344047289431167,-0.21786265075206757,0.022984806448221207,-0.0754920169711113,-0.09212898463010788,0.2307572793047957,53.88621604,True,-0.00021194573491811752,6.534392014145851e-05,-0.0004912726581096649,0.00010395888239145279,0.0005486440974440168,0.03370887041091919,0.07742759585380554,0.13652053475379944,0.105388343334198,0.18838271956951616,ROA_1001_model33000_noise15,2694,2026-10-01_00-04-08,0.000579358427785337,0.0002129587810486555
0.0010045361705124378,-0.0006892718374729156,-0.0007727416232228279,0.00012210803106427193,0.0014187047926863688,-0.13658496737480164,0.15538126230239868,0.08265604078769684,0.014606978744268417,0.2120034454471068,0.0004410743713378906,-0.0009215204045176506,-0.0017301295883953571,-9.624054655432701e-05,0.0017923043787464452,-0.19508983194828033,0.11133146286010742,0.07924018055200577,-0.0031696397345513105,0.23565207968821986,0.002456424990668893,0.0007579028606414795,0.005042668431997299,-0.004919698461890221,0.005246929824352264,-0.003956761211156845,0.000666850246489048,-0.000989716500043869,-0.0012435135431587696,-0.00020657898858189583,0.0014617816458647374,-0.23131397366523743,0.030164023861289024,-0.056859686970710754,-0.10975310206413269,0.2382258908337512,53.906217479000006,True,-0.00022312160581350327,6.806803867220879e-05,-0.0004855799488723278,0.00010988442227244377,0.0005495796628741394,0.036156851798295975,0.0810619667172432,0.13613083958625793,0.10667659342288971,0.1907180147259114,ROA_1001_model33000_noise15,2695,2026-10-01_00-04-08,0.0011585337342694402,0.00016879942268133163
0.0009267241694033146,-0.0006075482815504074,-0.0007034395821392536,5.915062502026558e-05,0.0012812936917782033,-0.16287876665592194,0.1835893988609314,0.1011192724108696,-0.009356648661196232,0.2572121471274478,0.00034028198570013046,-0.0008543021976947784,-0.0016350531950592995,-0.0001366250216960907,0.0016707509722751054,-0.2202887386083603,0.1398717164993286,0.09869213402271271,-0.025043727830052376,0.2785196285009888,0.002807074226438999,0.0009193157311528921,0.005666108801960945,-0.0052164532244205475,0.005856956355273724,-0.004274546168744564,0.0005802256055176258,-0.0009216717444360256,-0.0011652708053588867,-0.00025598565116524696,0.0013268952549485558,-0.25940603017807007,0.05475664138793945,-0.035453468561172485,-0.13075897097587585,0.26527258648684676,53.926217862,True,-0.00023937318474054337,6.672926247119904e-05,-0.00047081848606467247,0.00012068776413798332,0.0005458630341266603,0.039070844650268555,0.0850212499499321,0.13415829837322235,0.10575167089700699,0.19101481953389246,ROA_1001_model33000_noise15,2696,2026-10-01_00-04-08,0.001631446066312492,0.0008162632584571838
0.00090824905782938,-0.0005691428668797016,-0.0007035559974610806,3.466848284006119e-05,0.0012480579496123266,-0.16752897202968597,0.1882493942975998,0.09696546196937561,-0.007648369763046503,0.262252177394526,0.0002994667738676071,-0.0008315546438097954,-0.0016409088857471943,-0.0001427135430276394,0.0016680433826681469,-0.2247714400291443,0.1452869027853012,0.09668350219726562,-0.022425547242164612,0.28367789757834533,0.0030534137040376663,0.0008749030530452728,0.005942695774137974,-0.005467860493808985,0.0060485717840492725,-0.0046064588241279125,0.0005468609742820263,-0.0009050476364791393,-0.0011698459275066853,-0.0002763117663562298,0.0013053937839998223,-0.26776906847953796,0.05212216451764107,-0.04131893813610077,-0.12841226160526276,0.27341318875684656,53.946237350000004,True,-0.00024804612621665,7.34115019440651e-05,-0.00047230860218405724,0.00013239914551377296,0.0005545359926166035,0.04290800914168358,0.09309232234954834,0.13805679976940155,0.10601721704006195,0.19758731846463615,ROA_1001_model33000_noise15,2697,2026-10-01_00-04-08,0.0022067732643336058,0.0015189575497061014
0.000899855513125658,-0.0005678040906786919,-0.0007116701453924179,3.748573362827301e-06,0.001238527449950002,-0.16624829173088074,0.1876637041568756,0.09004805982112885,-0.004331581294536591,0.2590012372048454,0.000284356065094471,-0.0008378876373171806,-0.001672515645623207,-0.00016366830095648766,0.0016966886758445878,-0.22307875752449036,0.14456011354923248,0.09099102765321732,-0.018573714420199394,0.2797294793550844,0.0031090641859918833,0.0005904706194996834,0.005749954842031002,-0.005663825664669275,0.005873153451830149,-0.004771747160702944,0.0005330541171133518,-0.0009129289537668228,-0.0011900672689080238,-0.00030961818993091583,0.0013107672788295205,-0.2669471800327301,0.049118299037218094,-0.05229084938764572,-0.1277410089969635,0.27337504360570075,53.966221957,True,-0.0002487329766154289,7.370254024863243e-05,-0.00048226211220026016,0.0001475331373512745,0.0005671320838592301,0.043800681829452515,0.09535415470600128,0.14329956471920013,0.10918313264846802,0.20388442885523875,ROA_1001_model33000_noise15,2698,2026-10-01_00-04-08,0.0025620507076382637,0.001781785162165761
0.0009042327292263508,-0.0005615991540253162,-0.0007285620085895061,-2.310844138264656e-05,0.0012428319904579418,-0.16190017759799957,0.1859639286994934,0.07931654900312424,0.004078727215528488,0.2517012571997891,0.00029348302632570267,-0.0008375151082873344,-0.0017430982552468777,-0.00018817372620105743,0.0017684317763651963,-0.2180330753326416,0.14246441423892975,0.0822083055973053,-0.010587623342871666,0.27111223146118196,0.0025534185115247965,0.0007396242581307888,0.005138203967362642,-0.005667629651725292,0.005186842754483223,-0.004839707165956497,0.0005371519364416599,-0.0009067938663065434,-0.0012337928637862206,-0.00034568365663290024,0.0013472120901156528,-0.26136645674705505,0.04776310920715332,-0.07069727778434753,-0.12498313188552856,0.27120036458916486,53.986220484,True,-0.00024263281375169754,6.904592737555504e-05,-0.0005096429958939552,0.00015834812074899673,0.0005902695640889334,0.04317925497889519,0.09457894414663315,0.15313002467155457,0.114510178565979,0.21299176610728618,ROA_1001_model33000_noise15,2699,2026-10-01_00-04-08,0.001965089002624154,0.002194055123254657
0.0008738483302295208,-0.0005228212103247643,-0.0007098307833075523,-5.6030694395303726e-05,0.001191490942204987,-0.1696249097585678,0.19703757762908936,0.08180487155914307,-0.001101871021091938,0.2658938627803867,0.00025265617296099663,-0.0008011120371520519,-0.0017484999261796474,-0.00021836021915078163,0.0017703816405936,-0.22329027950763702,0.15370500087738037,0.08479627966880798,-0.0174881424754858,0.2827322878241827,0.0018805827712640166,0.0012680296786129475,0.004477770533412695,-0.005264575127512217,0.004431354813277721,-0.00453797634691,0.0004988163709640503,-0.0008718576282262802,-0.0012294505722820759,-0.0003803637810051441,0.0013272594532319929,-0.2701898217201233,0.05707493796944618,-0.07191427797079086,-0.13130232691764832,0.28069093788491534,54.006230659,True,-0.00024600885808467865,7.043126970529556e-05,-0.00051865354180336,0.0001639476977288723,0.0006011000208991647,0.04683225229382515,0.09653914719820023,0.15673372149467468,0.11384643614292145,0.2167862591257715,ROA_1001_model33000_noise15,2700,2026-10-01_00-04-08,0.0013367623323574662,0.0028665235731750727
0.0008278992027044296,-0.0004870584234595299,-0.0006894988473504782,-9.285868145525455e-05,0.001128211953829468,-0.1882675439119339,0.21979445219039917,0.09253271669149399,-0.013976706191897392,0.29830964992836756,0.0002110842615365982,-0.0007631722837686539,-0.0017545942682772875,-0.0002544722519814968,0.0017764092046567783,-0.24068878591060638,0.17524859309196472,0.09556399285793304,-0.031562693417072296,0.31291640763615824,0.0013535027392208576,0.0016407908406108618,0.004017635714262724,-0.0051191202364861965,0.003949821460992098,-0.004407236352562904,0.0004529021680355072,-0.0008294824510812759,-0.0012215226888656616,-0.0004189903847873211,0.0013110701332831921,-0.28784164786338806,0.08133263140916824,-0.06452615559101105,-0.14672695100307465,0.3002527691466567,54.02622301,True,-0.00023976899683475494,6.600748747587204e-05,-0.0005336827598512173,0.00016623525880277157,0.0006117518318268153,0.047079749405384064,0.0938386619091034,0.16012036800384521,0.11520017683506012,0.21911530453316955,ROA_1001_model33000_noise15,2701,2026-10-01_00-04-08,0.0009621456265449524,0.0031649807933717966
0.0008003087714314461,-0.0004527159035205841,-0.0006649119313806295,-0.0001181440893560648,0.0010805022778699288,-0.19909556210041046,0.23242178559303284,0.10088848322629929,-0.022963793948292732,0.3175386853162967,0.00017534475773572922,-0.0007291790097951889,-0.001742801396176219,-0.000281183747574687,0.001766458082822615,-0.2505725622177124,0.1869315654039383,0.10392232239246368,-0.04197883978486061,0.33101045700393755,0.0010646374430507421,0.002234024228528142,0.004001503344625235,-0.004838446620851755,0.003815016010776162,-0.004247594624757767,0.00041958410292863846,-0.0007959315553307533,-0.0012023490853607655,-0.00044303014874458313,0.0012918054324636476,-0.29878783226013184,0.0936945378780365,-0.057931579649448395,-0.15638458728790283,0.31329409269333314,54.046246306,True,-0.00024461187422275543,6.58910721540451e-05,-0.0005395384505391121,0.00016246922314167023,0.0006177609266228701,0.04813447222113609,0.09316345304250717,0.1618805080652237,0.11443532258272171,0.22000860171297928,ROA_1001_model33000_noise15,2702,2026-10-01_00-04-08,0.0008584900060668588,0.003628428326919675
0.000850483775138855,-0.0004752306267619133,-0.0007038528565317392,-0.00011859810911118984,0.0011464929063307587,-0.18616369366645813,0.21808873116970062,0.09885691851377487,-0.01680874265730381,0.2973781707089801,0.00022023450583219528,-0.0007526250556111336,-0.0017886923160403967,-0.00028578215278685093,0.0018146721630702685,-0.23994873464107513,0.1705188751220703,0.1033921092748642,-0.037660062313079834,0.3130602696095546,0.0011548212496563792,0.002575744641944766,0.0044839042238891125,-0.004724609199911356,0.004020984750241041,-0.00436182226985693,0.000463961623609066,-0.0008167466148734093,-0.0012388394679874182,-0.0004440720658749342,0.001334886329719151,-0.28507131338119507,0.07887300848960876,-0.061495110392570496,-0.15070299804210663,0.29665550568505283,54.066227296,True,-0.00024284236133098602,6.44708052277565e-05,-0.0005529029294848442,0.0001573236659169197,0.000627347309538047,0.04504364728927612,0.09157205373048782,0.1649312824010849,0.11307401955127716,0.2198390809725483,ROA_1001_model33000_noise15,2703,2026-10-01_00-04-08,0.0007478102343156934,0.0034322889987379313
0.0008618924766778946,-0.0004754401743412018,-0.0006967282388359308,-0.00014664256013929844,0.0011475123334846746,-0.18352583050727844,0.2141188532114029,0.10721757262945175,-0.023299245163798332,0.29594317551953264,0.00021327286958694458,-0.0007562804967164993,-0.0017785874661058187,-0.0003108696546405554,0.0018077225721296656,-0.23787665367126465,0.16599531471729279,0.11257454007863998,-0.044600628316402435,0.31326851378859083,0.0009167838143184781,0.0039191171526908875,0.004750643391162157,-0.0034404562320560217,0.0038481701631098986,-0.0034206679556518793,0.00046691857278347015,-0.000820402055978775,-0.0012286996934562922,-0.00046883360482752323,0.0013304780724197236,-0.2832236886024475,0.07283512502908707,-0.053411345928907394,-0.1568821519613266,0.29284052868193594,54.086226591000006,True,-0.00025206245481967926,6.37490302324295e-05,-0.0005488633178174496,0.00015884870663285255,0.0006277089625508034,0.04527147114276886,0.09305111318826675,0.1660078912973404,0.11230405420064926,0.2206182105706147,ROA_1001_model33000_noise15,2704,2026-10-01_00-04-08,0.00046314075007103384,0.004472831264138222
0.0008187256753444672,-0.0004318077117204666,-0.0006601519999094307,-0.00018692953744903207,0.0010781434333929519,-0.19653233885765076,0.22968974709510803,0.11306024342775345,-0.03150930255651474,0.31827172829823663,0.0001836102455854416,-0.00070938840508461,-0.0017443657852709293,-0.0003494831616990268,0.0017795902802480014,-0.2508139908313751,0.18051405251026154,0.11879908293485641,-0.05234336853027344,0.33425587803649476,0.00048647154471836984,0.005328982137143612,0.0047130826860666275,-0.0018653159495443106,0.003428931115195155,-0.002135533606633544,0.0004348810762166977,-0.0007682479918003082,-0.0012005112366750836,-0.0005134046659804881,0.0013122870374628274,-0.29395240545272827,0.09117414802312851,-0.04938586428761482,-0.16707196831703186,0.30778027118213924,54.106229471000006,True,-0.00024996697902679443,5.7835131883621216e-05,-0.0005458088708110154,0.0001651613274589181,0.0006251178361466557,0.04302011430263519,0.08919601887464523,0.16825580596923828,0.11480655521154404,0.22189694898831827,ROA_1001_model33000_noise15,2705,2026-10-01_00-04-08,0.0002568763738963753,0.005829952657222748
0.000766245648264885,-0.00039516016840934753,-0.0006256639608182013,-0.0002219603629782796,0.0010059342572801967,-0.20781810581684113,0.2440926432609558,0.11263483017683029,-0.03404500335454941,0.3360407014894765,0.00015059486031532288,-0.000666128471493721,-0.0017163533484563231,-0.0003817127435468137,0.001758288988919531,-0.2621961534023285,0.1935325413942337,0.11872714757919312,-0.05407075211405754,0.35012810182603793,0.00014803314115852118,0.005887581035494804,0.004655367229133844,-0.0009101592004299164,0.002996406750753522,-0.0014535014051944017,0.00039706937968730927,-0.0007184688001871109,-0.0011745040537789464,-0.0005530004273168743,0.0012999850248118854,-0.30199575424194336,0.1111011877655983,-0.05147451534867287,-0.172429159283638,0.3220679611375055,54.126229406,True,-0.0002475455403327942,5.015172064304352e-05,-0.0005430731107480824,0.00017105485312640667,0.0006224090063198651,0.039711590856313705,0.08233403414487839,0.1702493131160736,0.11839503049850464,0.2227303284845768,ROA_1001_model33000_noise15,2706,2026-10-01_00-04-08,0.00012605570373125374,0.00623734574764967
0.0007244758307933807,-0.00036992132663726807,-0.000607578840572387,-0.0002145316102541983,0.0009590268370014787,-0.22055160999298096,0.25864455103874207,0.10896219313144684,-0.03427783399820328,0.3538229002714554,0.00011171214282512665,-0.0006383750587701797,-0.0016982915112748742,-0.0003705616109073162,0.0017384915741456982,-0.2738470137119293,0.20744231343269348,0.11465784162282944,-0.05367277190089226,0.3652846566872215,0.00013947475235909224,0.005393549799919128,0.004676996264606714,-0.0006286390125751495,0.0027636641170829535,-0.0014015254564583302,0.0003577210009098053,-0.0006850343197584152,-0.0011628858046606183,-0.0005500740371644497,0.0012869861884693722,-0.31431156396865845,0.12786546349525452,-0.055998604744672775,-0.17405055463314056,0.33971393998250304,54.146227549,True,-0.0002444721758365631,4.805624485015869e-05,-0.0005378489731810987,0.00017780257621780038,0.0006181899815546777,0.040378883481025696,0.07951492071151733,0.1707007735967636,0.12040815502405167,0.2237732624727573,ROA_1001_model33000_noise15,2707,2026-10-01_00-04-08,0.00038919594953767955,0.005734827369451523
0.0007383059710264206,-0.0003984663635492325,-0.0006343121640384197,-0.00018400605767965317,0.0009935255193577303,-0.2163606584072113,0.25312739610671997,0.10387913137674332,-0.028894223272800446,0.34516556657228387,0.00011883676052093506,-0.0006613787263631821,-0.00172819709405303,-0.0003378314431756735,0.0017609424765504754,-0.2693449854850769,0.2016848772764206,0.11000775545835495,-0.04836427792906761,0.3563756908190862,0.001249243738129735,0.004292230121791363,0.005472776014357805,-0.0015489908400923014,0.003648843616247177,-0.0022980328649282455,0.000365404412150383,-0.0007192138582468033,-0.0011907832231372595,-0.0005203357432037592,0.0013008740407201161,-0.31165778636932373,0.12054247409105301,-0.0619194433093071,-0.16897007822990417,0.3341788649907063,54.1662279,True,-0.00024633482098579407,5.681067705154419e-05,-0.0005363777745515108,0.00018128775991499424,0.000619637447180829,0.04222569614648819,0.08109723776578903,0.17193715274333954,0.1206323429942131,0.22569166921222006,ROA_1001_model33000_noise15,2708,2026-10-01_00-04-08,0.0013805710477754474,0.004464002326130867
0.000795070081949234,-0.00044389162212610245,-0.000686943531036377,-0.00015475088730454445,0.0010808497904317433,-0.19909417629241943,0.2336469441652298,0.0977771058678627,-0.019957659766077995,0.31725315907491886,0.00016654375940561295,-0.0007054302841424942,-0.001781631726771593,-0.00030710361897945404,0.0018085518985814948,-0.2527071535587311,0.1829299032688141,0.1050209328532219,-0.03942544385790825,0.3303395350384491,0.002215905347838998,0.0035539178643375635,0.006105303298681974,-0.0025338628329336643,0.004574276972562075,-0.0031598377972841263,0.00041299499571323395,-0.0007698778063058853,-0.0012423028238117695,-0.0004899804480373859,0.001342078908183387,-0.29557615518569946,0.09822635352611542,-0.06842787563800812,-0.15941134095191956,0.3119678783417655,54.186228475,True,-0.0002460554242134094,6.556510925292969e-05,-0.0005407491698861122,0.00018239952623844147,0.0006247348669275231,0.042792174965143204,0.08467584103345871,0.17345544695854187,0.119982048869133,0.22741822987825333,ROA_1001_model33000_noise15,2709,2026-10-01_00-04-08,0.0020634792745113373,0.0037083507049828768
0.0008737668395042419,-0.0004618428647518158,-0.0007395399734377861,-0.00014097895473241806,0.0011781141565415135,-0.17442356050014496,0.20597000420093536,0.09312748163938522,-0.0119163878262043,0.2791188652360009,0.00022780150175094604,-0.0007242430001497269,-0.0018239603377878666,-0.0002866145223379135,0.0018504486646770111,-0.22933922708034515,0.15565763413906097,0.10161229223012924,-0.03098754584789276,0.29536666130299916,0.001824951614253223,0.004022157751023769,0.005806081462651491,-0.0022294630762189627,0.004289401229470968,-0.0030170571990311146,0.0004813075065612793,-0.0008008908480405807,-0.0012878444977104664,-0.0004686415195465088,0.0013908623698688865,-0.2732601463794708,0.06485823541879654,-0.072229765355587,-0.14859774708747864,0.2842266881908502,54.206229178,True,-0.00025401823222637177,7.71600753068924e-05,-0.0005353358574211597,0.00018117716535925865,0.0006243649086382743,0.043843869119882584,0.09071081131696701,0.1738564372062683,0.11763790994882584,0.22814812189543163,ROA_1001_model33000_noise15,2710,2026-10-01_00-04-08,0.0016241681296378374,0.004500787705183029
0.000876840204000473,-0.000433996319770813,-0.0007553957402706146,-0.00016347039490938187,0.00118129320775118,-0.17131352424621582,0.20367977023124695,0.09751202911138535,-0.01579156331717968,0.27705097494992476,0.00023855827748775482,-0.0006959307938814163,-0.001836020965129137,-0.0003043853212147951,0.001865750006338824,-0.22792023420333862,0.152443066239357,0.10694363713264465,-0.03357516601681709,0.2947703548900893,0.0005928560858592391,0.004985692910850048,0.004611917305737734,-0.001381153124384582,0.0032013817690312862,-0.002232229569926858,0.0004908069968223572,-0.0007719732820987701,-0.001304876059293747,-0.0004893227014690638,0.0014147073385666336,-0.2685999274253845,0.06293319165706635,-0.06805429607629776,-0.152177095413208,0.27861460417813105,54.226229881,True,-0.00025224871933460236,7.553026080131531e-05,-0.0005311856511980295,0.00018319697119295597,0.0006204491923096628,0.04037795215845108,0.08927471190690994,0.17528919875621796,0.11877463012933731,0.22842193851432066,ROA_1001_model33000_noise15,2711,2026-10-01_00-04-08,0.0006227389676496387,0.005627688951790333
0.0008688773959875107,-0.0004137866199016571,-0.0007704118615947664,-0.00018034843378700316,0.0011787781093059576,-0.16809114813804626,0.20261619985103607,0.10015842318534851,-0.01961982250213623,0.27553555035905125,0.0002420041710138321,-0.0006789807230234146,-0.001851747278124094,-0.00032225289032794535,0.0018841890235630192,-0.22628018260002136,0.15056970715522766,0.10960989445447922,-0.03658740594983101,0.2940141963256451,-0.00023713154951110482,0.005524739623069763,0.0036610823590308428,-0.0007966324919834733,0.0025410938542336226,-0.0015037428820505738,0.0004916451871395111,-0.0007445923984050751,-0.0013222874840721488,-0.0005085035809315741,0.0014370438946741256,-0.2631652057170868,0.06380164623260498,-0.06491542607545853,-0.15574420988559723,0.2728327491218077,54.246230648,True,-0.0002492684870958328,6.584450602531433e-05,-0.0005319576594047248,0.00018541031749919057,0.0006192735090509528,0.03634858876466751,0.08640298247337341,0.1754714995622635,0.11973841488361359,0.22727145741144808,ROA_1001_model33000_noise15,2712,2026-10-01_00-04-08,-0.0001454447628930211,0.006071137264370918
0.0008346978574991226,-0.00038295984268188477,-0.0007412454579025507,-0.00022953026928007603,0.0011256563192631403,-0.17021270096302032,0.20701390504837036,0.11399416625499725,-0.03644154593348503,0.2871950277621603,0.00021229498088359833,-0.0006498303264379501,-0.0017852580640465021,-0.0003675377229228616,0.0018245808748435532,-0.22987601161003113,0.15371058881282806,0.12187548726797104,-0.05320296436548233,0.30610903361187086,-0.0006585590308532119,0.005761431530117989,0.003146321279928088,-0.0005330070853233337,0.0023418550845235586,-0.0010199059033766389,0.00046230852603912354,-0.0007105991244316101,-0.0012709933798760176,-0.0005467096343636513,0.0013952055177339905,-0.2640672028064728,0.07011555135250092,-0.045503079891204834,-0.16877545416355133,0.27321864887410097,54.266236376,True,-0.0002489890903234482,6.0303136706352234e-05,-0.0005144043825566769,0.0001797743607312441,0.0006016985505799896,0.033956486731767654,0.08339481055736542,0.16754329204559326,0.11569633334875107,0.2178019347673117,ROA_1001_model33000_noise15,2713,2026-10-01_00-04-08,-0.0005918093957006931,0.006046939641237259
0.0007973518222570419,-0.0003439374268054962,-0.0007090682629495859,-0.0002726272214204073,0.0010702436464798207,-0.1777373105287552,0.2183033972978592,0.125268816947937,-0.05155423283576965,0.3067290161166206,0.000176113098859787,-0.0006170943379402161,-0.0017235404811799526,-0.00040740123949944973,0.0017713172122460958,-0.23840412497520447,0.16325664520263672,0.13156001269817352,-0.06827659159898758,0.32434841993100727,-0.0013849857496097684,0.005578952841460705,0.002695320872589946,-0.0004939264617860317,0.0017509645549580455,-0.0011111859930679202,0.00042784959077835083,-0.0006716232746839523,-0.001222366699948907,-0.0005783163942396641,0.0013577940862476968,-0.2715582847595215,0.08228374272584915,-0.029103828594088554,-0.1797286570072174,0.28547350941666966,54.286237239,True,-0.0002513173967599869,5.364418029785156e-05,-0.0005026115104556084,0.0001704611349850893,0.0005890559564274494,0.033062417060136795,0.08085648715496063,0.16072647273540497,0.11151684820652008,0.20958829326465514,ROA_1001_model33000_noise15,2714,2026-10-01_00-04-08,-0.0013161549577489495,0.005941358394920826
0.0007739756256341934,-0.0003296416252851486,-0.0006923684850335121,-0.0002874468918889761,0.0010401672492417627,-0.18092802166938782,0.2229004055261612,0.13392581045627594,-0.06285693496465683,0.31768373281083634,0.00014989636838436127,-0.000608665868639946,-0.0016820617020130157,-0.00042514875531196594,0.0017349639399052267,-0.24276457726955414,0.16625596582889557,0.13861815631389618,-0.08036236464977264,0.3348689722223608,-0.0010169106535613537,0.004640991799533367,0.0029752713162451982,-0.0012748038861900568,0.002088185166940093,-0.0018635359592735767,0.000406801700592041,-0.0006560701876878738,-0.0011910742614418268,-0.0005826586857438087,0.001329315206150454,-0.2745357155799866,0.0869915783405304,-0.015951285138726234,-0.18668517470359802,0.29277466787838485,54.30623663,True,-0.00025741755962371826,4.87547367811203e-05,-0.000490283127874136,0.00015782425180077553,0.0005771371218008745,0.031694769859313965,0.07918057590723038,0.15458016097545624,0.1063724011182785,0.20135657957886427,ROA_1001_model33000_noise15,2715,2026-10-01_00-04-08,-0.0010796714341267943,0.00502097699791193
0.0007561873644590378,-0.00028996728360652924,-0.0006675254553556442,-0.00032075331546366215,0.0010086831052466732,-0.18501374125480652,0.22838124632835388,0.14833477139472961,-0.07768239825963974,0.3331643894661445,0.00013620592653751373,-0.0005719251930713654,-0.0016274105291813612,-0.00045593478716909885,0.0016902515372909904,-0.2479855716228485,0.1709875613451004,0.15124614536762238,-0.09622982889413834,0.35048064262371326,-0.0007408707751892507,0.004398774355649948,0.0032738803420215845,-0.001972036901861429,0.0026984666474163532,-0.002371264388784766,0.00039152801036834717,-0.0006175599992275238,-0.001147011062130332,-0.0006003712769597769,0.0012966993879195271,-0.27779582142829895,0.09208544343709946,0.003925902768969536,-0.19536355137825012,0.3039228969069989,54.32625864600001,True,-0.00025657936930656433,4.2980536818504333e-05,-0.00048101646825671196,0.00014669203665107489,0.0005653985315692292,0.0295578483492136,0.0787004753947258,0.1475132256746292,0.09931404888629913,0.19140882438890583,ROA_1001_model33000_noise15,2716,2026-10-01_00-04-08,-0.0011155289830639958,0.004795392043888569
0.0007238704711198807,-0.0002476852387189865,-0.0006184680387377739,-0.00036244746297597885,0.0009535726466813137,-0.19188876450061798,0.238472580909729,0.1630638688802719,-0.09406712651252747,0.3545059981132626,0.00012866221368312836,-0.0005307607352733612,-0.0015388184692710638,-0.0004997942596673965,0.001618550797487537,-0.25724756717681885,0.17929495871067047,0.16359052062034607,-0.11373718082904816,0.3715117223715167,-0.0009140034671872854,0.004227711819112301,0.0032116828951984644,-0.0023979695979505777,0.0028116998728364706,-0.0027006473392248154,0.0003703869879245758,-0.000568712130188942,-0.0010729534551501274,-0.0006286834832280874,0.0012441599032263647,-0.2823285758495331,0.10410928726196289,0.025689484551548958,-0.20496316254138947,0.3223338983019722,54.34623902800001,True,-0.00024312175810337067,3.7765130400657654e-05,-0.0004653411451727152,0.0001283304300159216,0.0005412130649086718,0.024924518540501595,0.07506925612688065,0.13798649609088898,0.09131664037704468,0.1776684880612264,ROA_1001_model33000_noise15,2717,2026-10-01_00-04-08,-0.0013447041856124997,0.004815186373889446
0.0006594695150852203,-0.00019078142940998077,-0.0005610054358839989,-0.00040708109736442566,0.0008764748051968232,-0.20484019815921783,0.25639820098876953,0.1806422919034958,-0.11364114284515381,0.3869109016942359,9.932555258274078e-05,-0.00047497451305389404,-0.0014650169759988785,-0.0005453242920339108,0.0015650789134983567,-0.2727214992046356,0.19478005170822144,0.17949838936328888,-0.13434188067913055,0.4031952810123522,-0.0010299996938556433,0.004209390841424465,0.003265403676778078,-0.002649869304150343,0.0029963552951812744,-0.0028668527957051992,0.00032526440918445587,-0.0004981178790330887,-0.0009997864253818989,-0.0006635615136474371,0.0011999637519560706,-0.29103222489356995,0.12752041220664978,0.046801112592220306,-0.22150766849517822,0.3532657477436918,54.366240275,True,-0.00022635795176029205,2.3096799850463867e-05,-0.0004636473022401333,0.00011941301636397839,0.0005291960526153528,0.018178019672632217,0.06714649498462677,0.1327633410692215,0.08722173422574997,0.16782642743765655,ROA_1001_model33000_noise15,2718,2026-10-01_00-04-08,-0.001773645170032978,0.004788337275385857
0.0005887355655431747,-0.00012353993952274323,-0.0004890665877610445,-0.00043692998588085175,0.0007952415270196418,-0.22106151282787323,0.2774917483329773,0.19640730321407318,-0.1308668851852417,0.4217771950022791,5.94649463891983e-05,-0.0004087574779987335,-0.0013854471035301685,-0.0005761801730841398,0.0015042128225586666,-0.2896957993507385,0.21457438170909882,0.19394390285015106,-0.1529276967048645,0.436954369553631,-0.0016499306075274944,0.0042569078505039215,0.002977911848574877,-0.0029556143563240767,0.002757198642939329,-0.0031549297273159027,0.0002721324563026428,-0.00042212195694446564,-0.0009227544069290161,-0.0006831134669482708,0.0011486599267028135,-0.3041233718395233,0.1524737924337387,0.06449879705905914,-0.23542267084121704,0.3871303115175797,54.386236178000004,True,-0.0002127140760421753,1.2060627341270447e-05,-0.0004621047992259264,0.00010829535312950611,0.0005191628560062686,0.014238989911973476,0.06201443821191788,0.12954765558242798,0.08252827078104019,0.1606864808634764,ROA_1001_model33000_noise15,2719,2026-10-01_00-04-08,-0.0026732555124908686,0.0049648648127913475
0.00047385692596435547,-2.5052577257156372e-05,-0.0003777677193284035,-0.00048605725169181824,0.000696967464593031,-0.2499520629644394,0.31232598423957825,0.2207021415233612,-0.1576322764158249,0.4793598512230172,-2.859160304069519e-05,-0.0003050081431865692,-0.0012648641131818295,-0.000622984953224659,0.0014193749181367324,-0.317160964012146,0.24834926426410675,0.21651992201805115,-0.1809369921684265,0.4917657064420825,-0.0025997101329267025,0.004715364426374435,0.002508769743144512,-0.003052664455026388,0.0023245697375386953,-0.0032442589290440083,0.00017527490854263306,-0.00031031668186187744,-0.0008017639629542828,-0.0007236492820084095,0.0010831634291541014,-0.33084768056869507,0.19196978211402893,0.09008147567510605,-0.25973305106163025,0.44509180845432017,54.406238706,True,-0.0002030748873949051,6.798654794692993e-06,-0.0004633096978068352,9.841751307249069e-05,0.0005143501363523811,0.013565643690526485,0.05629332363605499,0.12647336721420288,0.0788302794098854,0.155048420473346,ROA_1001_model33000_noise15,2720,2026-10-01_00-04-08,-0.0038783946074545383,0.005305708386003971
0.0003742985427379608,5.862675607204437e-05,-0.0002808868885040283,-0.0005480367690324783,0.0006650610049531005,-0.28410646319389343,0.3529060482978821,0.24707567691802979,-0.18733657896518707,0.5454555413895722,-8.307397365570068e-05,-0.00021541491150856018,-0.0011714058928191662,-0.0006883055903017521,0.0013707631049765803,-0.3499123156070709,0.2881278991699219,0.2413126528263092,-0.21152278780937195,0.5553060003279698,-0.0031930417753756046,0.005492824129760265,0.0024909814819693565,-0.002925386419519782,0.0023055486381053925,-0.0031426073983311653,9.825453162193298e-05,-0.0002132263034582138,-0.0007050810381770134,-0.0007847440429031849,0.001059232721341434,-0.3613205552101135,0.23853172361850739,0.11585221439599991,-0.289606511592865,0.5119770406686655,54.426241969,True,-0.0001834239810705185,-2.002343535423279e-06,-0.000464532058686018,9.521609172224998e-05,0.0005071378734258752,0.011339782737195492,0.04951981455087662,0.12548023462295532,0.07812364399433136,0.15233576987828024,ROA_1001_model33000_noise15,2721,2026-10-01_00-04-08,-0.004404435399919748,0.0060541946440935135
0.00029955990612506866,0.0001257285475730896,-0.0001959037035703659,-0.0006023561581969261,0.0006731902322751161,-0.3146030902862549,0.38752004504203796,0.26940879225730896,-0.21356482803821564,0.6029332814375156,-0.0001283828169107437,-0.00014333054423332214,-0.0010737916454672813,-0.0007395166903734207,0.0013171693623039386,-0.37823429703712463,0.3222683370113373,0.2617402672767639,-0.23843486607074738,0.6100703080709508,-0.004268039017915726,0.006387731060385704,0.0018739794613793492,-0.0025928490795195103,0.0017130234045907855,-0.0028205665294080973,3.809109330177307e-05,-0.0001400243490934372,-0.000618654303252697,-0.0008388888090848923,0.0010462696108636536,-0.3898553252220154,0.2764398157596588,0.1374012678861618,-0.3166741132736206,0.5701709958901243,54.446240336,True,-0.00016470439732074738,-3.259629011154175e-06,-0.00045527704060077667,9.667128324508667e-05,0.0004924544195339739,0.01153582613915205,0.04574237018823624,0.12435693293809891,0.07827812433242798,0.15104230788787448,ROA_1001_model33000_noise15,2722,2026-10-01_00-04-08,-0.0049867406487464905,0.006880581378936768
0.0002464745193719864,0.00017015263438224792,-0.00014326069504022598,-0.0006421934813261032,0.0006969365914083725,-0.33840301632881165,0.41476961970329285,0.28346407413482666,-0.2309025675058365,0.6453561471717072,-0.00015557743608951569,-9.667128324508667e-05,-0.0010195188224315643,-0.0007857568562030792,0.0013000192812949187,-0.40065309405326843,0.3480696976184845,0.2746270000934601,-0.2561455965042114,0.6500683179498536,-0.0052810474298894405,0.006819579750299454,0.0011557446559891105,-0.0025461118202656507,0.0009491157252341509,-0.002836350817233324,-5.9138983488082886e-06,-8.91275703907013e-05,-0.0005725072696805,-0.0008799834176898003,0.0010527200303568317,-0.41276586055755615,0.30609965324401855,0.15009845793247223,-0.33589497208595276,0.6136853417796356,54.466244527,True,-0.00014761462807655334,-5.3551048040390015e-06,-0.0004472211003303528,9.4645656645298e-05,0.0004791834485362462,0.01206295471638441,0.04190578684210777,0.12455600500106812,0.07976987212896347,0.15162675788411398,ROA_1001_model33000_noise15,2723,2026-10-01_00-04-08,-0.005464222747832537,0.007424875162541866
0.00021746382117271423,0.00016740523278713226,-8.672941476106644e-05,-0.0006519723683595657,0.0006882709475843313,-0.3546276092529297,0.43270549178123474,0.28873467445373535,-0.2385561764240265,0.6705615333397118,-0.00019776634871959686,-9.229406714439392e-05,-0.0009577022865414619,-0.0007962342351675034,0.0012632585554317086,-0.4143579602241516,0.36467283964157104,0.27918535470962524,-0.26373329758644104,0.6723504437635592,-0.007031943649053574,0.006592206656932831,-0.0007128348806872964,-0.0028385273180902004,-0.0008200719021260738,-0.0030810243915766478,-4.847534000873566e-05,-9.085051715373993e-05,-0.0005217269062995911,-0.0008939532563090324,0.001040163350380621,-0.43179187178611755,0.32305994629859924,0.15389126539230347,-0.34515419602394104,0.6399529950062588,54.486249934,True,-0.0001494772732257843,-3.026798367500305e-06,-0.00043516047298908234,9.958166629076004e-05,0.000469513478077412,0.017371028661727905,0.04157842695713043,0.12531550228595734,0.08144694566726685,0.1541486474202419,ROA_1001_model33000_noise15,2724,2026-10-01_00-04-08,-0.006578263361006975,0.007174408063292503
0.00017629936337471008,0.0001860782504081726,-7.993075996637344e-05,-0.000669620931148529,0.0007065121852149418,-0.3761364817619324,0.4550441801548004,0.29067134857177734,-0.24235597252845764,0.6987912603940843,-0.00023534521460533142,-6.82193785905838e-05,-0.0009762821719050407,-0.0008196569979190826,0.0012944052446278692,-0.43469852209091187,0.38546648621559143,0.2814677953720093,-0.268127977848053,0.6989499436225528,-0.0073010572232306,0.00594255980104208,-0.0014986825408414006,-0.0034057246521115303,-0.001319306087680161,-0.0034162939991801977,-9.061768651008606e-05,-6.617046892642975e-05,-0.0005378853529691696,-0.0009271781891584396,0.0010768229589222067,-0.4532802700996399,0.34735023975372314,0.1498563140630722,-0.35508114099502563,0.6694740284264236,54.506242989,True,-0.00014295801520347595,-1.210719347000122e-06,-0.00043814070522785187,0.00010458752512931824,0.0004714508157896112,0.018566381186246872,0.038150232285261154,0.13156816363334656,0.08694850653409958,0.1619516083803374,ROA_1001_model33000_noise15,2725,2026-10-01_00-04-08,-0.0066019087098538876,0.0064466288313269615
0.0001234002411365509,0.00019748695194721222,-8.807983249425888e-05,-0.000673346221446991,0.0007119457828075592,-0.3877938687801361,0.4659462571144104,0.2832307815551758,-0.23668932914733887,0.7074640076384114,-0.0002823770046234131,-4.475004971027374e-05,-0.0010251998901367188,-0.0008412403985857964,0.001349176574622262,-0.44500312209129333,0.395851194858551,0.2752665877342224,-0.2634739279747009,0.7069504259212052,-0.00641254847869277,0.004596157930791378,-0.0012896303087472916,-0.004312415607273579,-0.0009055383270606399,-0.004131614230573177,-0.00014505349099636078,-4.6333298087120056e-05,-0.0005734385922551155,-0.0009542563930153847,0.0011192128032127303,-0.46417954564094543,0.36057502031326294,0.13413116335868835,-0.3580145835876465,0.6793883523890172,54.526243468000004,True,-0.0001369975507259369,-1.6763806343078613e-06,-0.00045124907046556473,0.00011660158634185791,0.0004845623415634556,0.019115395843982697,0.035241711884737015,0.1411193460226059,0.09453622251749039,0.17356954523981757,ROA_1001_model33000_noise15,2726,2026-10-01_00-04-08,-0.005786766763776541,0.004995102062821388
0.0001125037670135498,0.00017934944480657578,-0.00010954681783914566,-0.0006495974957942963,0.0006875762561573175,-0.38696789741516113,0.4629938304424286,0.2676485776901245,-0.22038863599300385,0.6936946451426858,-0.0003007007762789726,-5.580950528383255e-05,-0.0010839197784662247,-0.0008334871381521225,0.0013944629086133742,-0.4420265257358551,0.39383429288864136,0.26094305515289307,-0.24887847900390625,0.693120111392186,-0.00565276900306344,0.0036716770846396685,-0.0005745884263888001,-0.005251506343483925,-0.0002574858663138002,-0.005102981813251972,-0.000161794014275074,-6.163027137517929e-05,-0.0006228219717741013,-0.0009551644325256348,0.0011489128186685448,-0.463408499956131,0.35786497592926025,0.11022598296403885,-0.34937259554862976,0.6657254349552755,54.546250188,True,-0.00013825483620166779,4.307366907596588e-06,-0.0004631001502275467,0.00012379605323076248,0.0004979942225799057,0.021324491128325462,0.03593438118696213,0.15071313083171844,0.10049459338188171,0.1850590777496538,ROA_1001_model33000_noise15,2727,2026-10-01_00-04-08,-0.00492266146466136,0.0041198041290044785
0.00013920944184064865,0.00013695098459720612,-0.00015664845705032349,-0.0006131129339337349,0.0006550306355367645,-0.3743513822555542,0.44751420617103577,0.24257482588291168,-0.19211134314537048,0.6580710129081495,-0.00027189962565898895,-9.147915989160538e-05,-0.001177983358502388,-0.0008107628673315048,0.0014564659673398357,-0.42920440435409546,0.378955602645874,0.23792380094528198,-0.22216884791851044,0.6585805335227345,-0.0048438552767038345,0.003084067953750491,0.00012158535537309945,-0.0056876386515796185,0.00025619802181608975,-0.0056451307609677315,-0.00013327226042747498,-0.00010088551789522171,-0.0006973976269364357,-0.0009405193850398064,0.0011818268523973174,-0.4492925703525543,0.3432005047798157,0.07670582085847855,-0.3283892273902893,0.6295206342171907,54.566246091000004,True,-0.00013837125152349472,8.521601557731628e-06,-0.00048086512833833694,0.00012938398867845535,0.000516212649461546,0.019860917702317238,0.03562471643090248,0.16137421131134033,0.10630953311920166,0.19663346497641018,ROA_1001_model33000_noise15,2728,2026-10-01_00-04-08,-0.004114122129976749,0.0038230919744819403
0.0001651933416724205,8.85920599102974e-05,-0.00019812723621726036,-0.0005620066076517105,0.000612481412290304,-0.3637801706790924,0.4362105131149292,0.21882784366607666,-0.16734643280506134,0.6288743086056435,-0.00024635810405015945,-0.00013492535799741745,-0.001264922320842743,-0.0007718568667769432,0.001508151776153624,-0.41795775294303894,0.36876344680786133,0.21563376486301422,-0.19859300553798676,0.6297472742192352,-0.0038254375103861094,0.0023241385351866484,0.0006682485109195113,-0.005857603624463081,0.000715428963303566,-0.005841951817274094,-0.00010810326784849167,-0.00014544930309057236,-0.0007633469067513943,-0.0009076087735593319,0.00119965751116066,-0.43852972984313965,0.3327140510082245,0.04689115658402443,-0.30936044454574585,0.6008130431108454,54.586246282000005,True,-0.00013746321201324463,1.1245720088481903e-05,-0.0005016336217522621,0.00013390090316534042,0.0005366773577531368,0.020582227036356926,0.036100856959819794,0.16882304847240448,0.11076044291257858,0.20530639165324807,ROA_1001_model33000_noise15,2729,2026-10-01_00-04-08,-0.0031296715606004,0.0034399533178657293
0.000173947773873806,8.330680429935455e-05,-0.00022707972675561905,-0.000531983096152544,0.0005971339158986477,-0.3609512746334076,0.4335152804851532,0.2061489373445511,-0.15419593453407288,0.6176700418624822,-0.00023185275495052338,-0.00013578683137893677,-0.0013107783161103725,-0.0007486552931368351,0.0015332351540582015,-0.4147956967353821,0.3669934570789337,0.20322342216968536,-0.1864594966173172,0.6186975488593535,-0.002882742788642645,0.002350281225517392,0.001369036384858191,-0.005726606585085392,0.001355128944851458,-0.005726923234760761,-9.504146873950958e-05,-0.00014703255146741867,-0.0008011586032807827,-0.0008885166607797146,0.001208804048630334,-0.4345611333847046,0.3311487138271332,0.031240049749612808,-0.29892250895500183,0.5896849923279778,54.606249353,True,-0.00013727694749832153,1.3015232980251312e-05,-0.0005120411515235901,0.00013866228982806206,0.0005476472087992036,0.019727272912859917,0.03583240136504173,0.17201003432273865,0.11244566738605499,0.20867959004537068,ROA_1001_model33000_noise15,2730,2026-10-01_00-04-08,-0.0018613057909533381,0.0037855866830796003
0.00019297003746032715,6.638001650571823e-05,-0.0002507353201508522,-0.000502739567309618,0.000581513130007042,-0.354082316160202,0.4265541136264801,0.1973496377468109,-0.14534172415733337,0.6037025338784601,-0.00021548476070165634,-0.00015406403690576553,-0.0013428041711449623,-0.0007178517989814281,0.0015451416463857152,-0.4076228737831116,0.3608669936656952,0.19444367289543152,-0.17799575626850128,0.6048608549628413,-0.002076735720038414,0.0021905649919062853,0.001954169711098075,-0.0056947749108076096,0.0018725754925981164,-0.005718137137591839,-7.941853255033493e-05,-0.00016780104488134384,-0.0008219503797590733,-0.000859599094837904,0.001202339888548215,-0.42782163619995117,0.32440105080604553,0.022288760170340538,-0.2907768785953522,0.5761581720283571,54.626252904000005,True,-0.00013543758541345596,1.4225952327251434e-05,-0.0005210400559008121,0.00014172401279211044,0.0005564762727661263,0.020142177119851112,0.03644102066755295,0.17214863002300262,0.11278397589921951,0.2090999871636365,ROA_1001_model33000_noise15,2731,2026-10-01_00-04-08,-0.0009547586087137461,0.003861095989122987
0.00019920989871025085,6.819609552621841e-05,-0.00025625922717154026,-0.0004859757609665394,0.0005717727430669413,-0.35031789541244507,0.42304161190986633,0.19075161218643188,-0.13881665468215942,0.5953504125077664,-0.00020747538655996323,-0.00014957040548324585,-0.0013598008081316948,-0.0007033988367766142,0.0015517328657463146,-0.4035271406173706,0.3580564856529236,0.18800579011440277,-0.17139075696468353,0.5964478261015622,-0.0015770947793498635,0.0022243584971874952,0.0022987991105765104,-0.005552765913307667,0.002170399995520711,-0.005589675158262253,-7.450580596923828e-05,-0.00016517005860805511,-0.000830390490591526,-0.000846723560243845,0.0011981233306290352,-0.4240967929363251,0.3213295638561249,0.01482613105326891,-0.2854439616203308,0.5682697871399542,54.646252423,True,-0.00013317912817001343,1.487787812948227e-05,-0.0005292531568557024,0.0001447566319257021,0.000564458333703463,0.020527977496385574,0.036698997020721436,0.1731899082660675,0.11405651271343231,0.210734272441124,ROA_1001_model33000_noise15,2732,2026-10-01_00-04-08,-0.0003353118081577122,0.003993477672338486
0.0002135755494236946,5.5227428674697876e-05,-0.00027646892704069614,-0.0004564877599477768,0.0005583872811387239,-0.34462881088256836,0.4165932536125183,0.18322105705738068,-0.13120873272418976,0.5833182594911904,-0.00019497238099575043,-0.00016174744814634323,-0.0013864075299352407,-0.0006728048902004957,0.00156058068210414,-0.3975927531719208,0.3521445691585541,0.18046364188194275,-0.16351503133773804,0.584280596917751,-0.0009507861686870456,0.0017046888824552298,0.0027820179238915443,-0.005746414884924889,0.002551079960539937,-0.005835501477122307,-6.239861249923706e-05,-0.00018014106899499893,-0.0008506409358233213,-0.0008208618964999914,0.0011943420466671336,-0.4193653464317322,0.3141445219516754,0.006761110387742519,-0.27866169810295105,0.5565533426058503,54.666258343,True,-0.00013012904673814774,1.6670674085617065e-05,-0.0005373498424887657,0.0001491920556873083,0.0005726090727004293,0.021687939763069153,0.037987250834703445,0.17375317215919495,0.11511903256177902,0.2120885878104713,ROA_1001_model33000_noise15,2733,2026-10-01_00-04-08,0.0002671002584975213,0.0035363014321774244
0.00022130552679300308,5.904585123062134e-05,-0.00028783397283405066,-0.0004352215910330415,0.0005513928113072472,-0.34171968698501587,0.41344550251960754,0.17838630080223083,-0.12625843286514282,0.5767634849495177,-0.000186101533472538,-0.00015543773770332336,-0.0014037737855687737,-0.0006463989848271012,0.0015631008015519544,-0.3943147361278534,0.34965944290161133,0.17574195563793182,-0.15771731734275818,0.5774982081707775,-0.0006758866365998983,0.0017887235153466463,0.00298993824981153,-0.005557083524763584,0.0027218572795391083,-0.005669846199452877,-5.452893674373627e-05,-0.00017550773918628693,-0.0008616712875664234,-0.0008026167051866651,0.0011883896938492064,-0.41620534658432007,0.31141120195388794,0.0016266711754724383,-0.2742590010166168,0.5502457648052032,54.686254214,True,-0.00013133976608514786,2.016313374042511e-05,-0.000541232293471694,0.00015576952137053013,0.0005784296657195205,0.021791549399495125,0.03822706639766693,0.17416220903396606,0.11653502285480499,0.21325132500219543,ROA_1001_model33000_noise15,2734,2026-10-01_00-04-08,0.0005982259754091501,0.003579772310331464
0.000206648837774992,7.348135113716125e-05,-0.00026921479729935527,-0.00043733161874115467,0.0005430868673546202,-0.34536057710647583,0.4171711504459381,0.17770755290985107,-0.12731719017028809,0.5817272871024379,-0.00020141014829277992,-0.0001401756890118122,-0.001390352612361312,-0.0006460511940531433,0.001552074798524583,-0.3976329267024994,0.35337263345718384,0.17481860518455505,-0.1579582691192627,0.5818018285386833,-0.00024802496773190796,0.0009735245257616043,0.0032369678374379873,-0.005674500018358231,0.0028197048231959343,-0.005864615552127361,-7.2503462433815e-05,-0.0001650303602218628,-0.0008462964906357229,-0.0008057846571318805,0.001180364820090749,-0.42120087146759033,0.31512951850891113,0.000575528247281909,-0.276707261800766,0.5563598803269013,54.706253733000004,True,-0.0001296401023864746,2.314336597919464e-05,-0.0005438713124021888,0.00016153499018400908,0.0005822592694413669,0.023521946743130684,0.038232188671827316,0.17425039410591125,0.11873909085988998,0.2148320618751377,ROA_1001_model33000_noise15,2735,2026-10-01_00-04-08,0.0010785104241222143,0.002881531836465001
0.00019243452697992325,9.128125384449959e-05,-0.00026019697543233633,-0.00043725158320739865,0.0005401427089241404,-0.34677445888519287,0.4178846478462219,0.17447303235530853,-0.12443158775568008,0.5815370385057315,-0.00021300511434674263,-0.00012278323993086815,-0.0013826109934598207,-0.0006359856342896819,0.001541441804496772,-0.3985733389854431,0.3540997803211212,0.1719675362110138,-0.1538582146167755,0.5809406135998132,2.234368002973497e-05,0.0005526682361960411,0.003568760585039854,-0.00566888740286231,0.0028986078687012196,-0.006010717712342739,-8.371425792574883e-05,-0.00014755642041563988,-0.0008383183740079403,-0.000806724710855633,0.0011747670797575922,-0.42341822385787964,0.3157258927822113,-0.003403183538466692,-0.27469438314437866,0.5567609210460472,54.726259012,True,-0.00012977980077266693,2.4784822016954422e-05,-0.0005446592695079744,0.0001685257302597165,0.0005850700549252623,0.024798789992928505,0.03834487870335579,0.17535948753356934,0.12083887308835983,0.21712570955600502,ROA_1001_model33000_noise15,2736,2026-10-01_00-04-08,0.0014065677532926202,0.002297348575666547
0.00021081650629639626,5.8498699218034744e-05,-0.00026794150471687317,-0.0004075467586517334,0.0005170039531491159,-0.33813270926475525,0.4077473282814026,0.16835105419158936,-0.1175936758518219,0.5658236284689644,-0.00021094456315040588,-0.0001560896635055542,-0.00138869509100914,-0.0006057438440620899,0.001536524487186122,-0.3889126181602478,0.3446333408355713,0.16637176275253296,-0.1458006352186203,0.5647665840308946,0.0006435110699385405,0.0001290340442210436,0.004032120108604431,-0.0061449771746993065,0.0034660131204873323,-0.006446730345487595,-7.583294063806534e-05,-0.0001866137608885765,-0.0008471019100397825,-0.0007770722731947899,0.0011639335441116917,-0.4171043336391449,0.30320194363594055,-0.009139184840023518,-0.2671276926994324,0.5411251897376339,54.746275684000004,True,-0.000134296715259552,3.0372757464647293e-05,-0.0005439796950668097,0.00017228885553777218,0.0005868802254966949,0.02813071385025978,0.04139135032892227,0.17555521428585052,0.12131057679653168,0.2184703295222194,ROA_1001_model33000_noise15,2737,2026-10-01_00-04-08,0.0021556399296969175,0.0018433292862027884
0.00022972235456109047,5.8999285101890564e-05,-0.00030298251658678055,-0.000404485035687685,0.0005407403876971232,-0.32948002219200134,0.3990243375301361,0.15938276052474976,-0.10808265954256058,0.549791806026145,-0.00018567079678177834,-0.00015120021998882294,-0.0014178978744894266,-0.0005955109372735023,0.0015549743656656258,-0.3807634115219116,0.33579519391059875,0.15716707706451416,-0.13574130833148956,0.5485092772173056,0.0009689654689282179,-8.329516276717186e-05,0.004127918276935816,-0.006289503537118435,0.003672487335279584,-0.00656104926019907,-5.3888652473688126e-05,-0.0001836102455854416,-0.0008789298590272665,-0.0007716414984315634,0.0011807928740002864,-0.40756046772003174,0.29539814591407776,-0.017862940207123756,-0.2575054466724396,0.5253265072369702,54.76625395400001,True,-0.0001309206709265709,3.260793164372444e-05,-0.0005407724529504776,0.00017518759705126286,0.000584163209156141,0.02674851380288601,0.04037062078714371,0.17503072321414948,0.12176064401865005,0.21794773530528033,ROA_1001_model33000_noise15,2738,2026-10-01_00-04-08,0.0022557994816452265,0.0018915233667939901
0.0002517946995794773,4.9534719437360764e-05,-0.00033417600207030773,-0.00037817517295479774,0.0005476390781275717,-0.3202144205570221,0.38949131965637207,0.1524374783039093,-0.10035291314125061,0.5338022514416834,-0.00015924451872706413,-0.00015919795259833336,-0.0014438119251281023,-0.0005677691660821438,0.0015651583710705975,-0.37227559089660645,0.3259712755680084,0.1503765732049942,-0.12764142453670502,0.5326761666054044,0.0009456081315875053,-0.00015792064368724823,0.003925461322069168,-0.006268058903515339,0.0035670725628733635,-0.006505677476525307,-3.0174851417541504e-05,-0.0001914449967443943,-0.0009068346116691828,-0.0007453432772308588,0.001182846211246784,-0.3974016010761261,0.28662556409835815,-0.024828126654028893,-0.24998757243156433,0.5094299469943634,54.786254177,True,-0.00012954697012901306,3.157183527946472e-05,-0.0005364592652767897,0.00017925631254911423,0.0005810194070761405,0.025073064491152763,0.03932579234242439,0.17521820962429047,0.12231489270925522,0.21801354665276712,ROA_1001_model33000_noise15,2739,2026-10-01_00-04-08,0.0019884719513356686,0.001833680784329772
0.00019895960576832294,0.0001528009306639433,-0.0003771856427192688,-0.00044318148866295815,0.0006318827380105456,-0.32023885846138,0.39384907484054565,0.14434242248535156,-0.09447283297777176,0.5338048648877534,-0.0002116430550813675,-5.3906114771962166e-05,-0.001446157693862915,-0.0006198417395353317,0.001588128192418224,-0.37237709760665894,0.3290012776851654,0.13938546180725098,-0.12260250002145767,0.5304395122362993,0.0012984061613678932,-0.0011150531936436892,0.004081636667251587,-0.007005609571933746,0.003794538090005517,-0.007248356938362122,-7.71484337747097e-05,-8.231145329773426e-05,-0.0009306066203862429,-0.0007928116247057915,0.001227659533056188,-0.3975718021392822,0.29323258996009827,-0.02824142388999462,-0.23971804976463318,0.5111130472190273,54.80625984,True,-0.00013372628018260002,2.8964132070541382e-05,-0.0005131762009114027,0.0001724518369883299,0.0005582073268959872,0.025157524272799492,0.035719651728868484,0.16763432323932648,0.1171080470085144,0.2085946448467824,ROA_1001_model33000_noise15,2740,2026-10-01_00-04-08,0.001411930308677256,0.0014559237752109766
0.0001853681169450283,0.0001883949153125286,-0.0003484194166958332,-0.0004748580977320671,0.0006446197343359202,-0.31795892119407654,0.3923987150192261,0.1422765552997589,-0.09231241047382355,0.5304215490341249,-0.00020937295630574226,-1.7427373677492142e-05,-0.0013951706932857633,-0.0006413960363715887,0.0015482199474971582,-0.37139007449150085,0.3264818787574768,0.13753841817378998,-0.11959437280893326,0.5270102265654466,0.00042828419827856123,-0.00024212081916630268,0.003325077472254634,-0.0062971580773591995,0.0030415907967835665,-0.006555764004588127,-7.866183295845985e-05,-4.2712781578302383e-05,-0.0008944334695115685,-0.0008165079634636641,0.001214186623399347,-0.3931904137134552,0.2937825620174408,-0.02954224869608879,-0.23610980808734894,0.5074525462531156,54.826257823000006,True,-0.0001324922777712345,2.4121254682540894e-05,-0.0005008274456486106,0.00017626734916120768,0.0005473665668607545,0.021760467439889908,0.032662760466337204,0.16710112988948822,0.11651111394166946,0.20697488877010353,ROA_1001_model33000_noise15,2741,2026-10-01_00-04-08,0.0006199321942403913,0.001997856656089425
0.0001266016624867916,0.0002598389983177185,-0.00025545305106788874,-0.0005571855581365526,0.0006776566512198255,-0.33705005049705505,0.41352513432502747,0.15972277522087097,-0.11292041093111038,0.5660593776676905,-0.0002405722625553608,5.868496373295784e-05,-0.001270044595003128,-0.000714680936653167,0.0014686519221213524,-0.3917551040649414,0.34634172916412354,0.15401700139045715,-0.13929733633995056,0.5626232098148888,-0.00016967725241556764,0.00011986633762717247,0.002813998842611909,-0.005869350396096706,0.002573535777628422,-0.00610476266592741,-0.0001232489012181759,3.664754331111908e-05,-0.0007861257763579488,-0.0008890230674296618,0.0011879902313884565,-0.4093697965145111,0.31786632537841797,-0.00966290757060051,-0.25471559166908264,0.5426459466570525,54.846269375000006,True,-0.0001189415343105793,1.986045390367508e-05,-0.0004828390956390649,0.0001769192749634385,0.0005277352660501774,0.017579877749085426,0.028439562767744064,0.16364368796348572,0.1154162660241127,0.20260843905695153,ROA_1001_model33000_noise15,2742,2026-10-01_00-04-08,0.0006129199173301458,0.001984841888770461
0.00011473894119262695,0.0002914690412580967,-0.00019120052456855774,-0.0006052956450730562,0.0007075900053326035,-0.3479529321193695,0.424954891204834,0.17860135436058044,-0.13344711065292358,0.5906573360802585,-0.00023101456463336945,9.331852197647095e-05,-0.0011581869330257177,-0.0007561990059912205,0.0013906705164782693,-0.4038441479206085,0.35650956630706787,0.17178675532341003,-0.15919002890586853,0.5873793140952033,-0.0011705962242558599,0.0012820037081837654,0.001997776795178652,-0.005027545150369406,0.0018634340958669782,-0.005206533707678318,-0.0001248437911272049,7.422640919685364e-05,-0.0007043941877782345,-0.0009327894076704979,0.0011689855454068787,-0.4174111783504486,0.3311057686805725,0.013217911124229431,-0.27191293239593506,0.5664473212162525,54.86625814200001,True,-0.00010735820978879929,1.889420673251152e-05,-0.0004520057700574398,0.00017516431398689747,0.0004964342543178894,0.013540730811655521,0.025368526577949524,0.15854915976524353,0.11268886178731918,0.1962184567170185,ROA_1001_model33000_noise15,2743,2026-10-01_00-04-08,0.0002707232197280973,0.0026550183538347483
0.00012278323993086815,0.0002762768417596817,-0.0001526903361082077,-0.0006203888915479183,0.000705179582364333,-0.35396331548690796,0.4306350350379944,0.19289779663085938,-0.15042488276958466,0.6067600992562934,-0.00023441389203071594,8.095521479845047e-05,-0.0010760792065411806,-0.0007673341315239668,0.001329636035680999,-0.4100153148174286,0.3607134521007538,0.18526048958301544,-0.1754118651151657,0.6026989658738662,-0.0018938767025247216,0.001227197702974081,0.0011478596134111285,-0.004760592244565487,0.0010774367256090045,-0.004899739287793636,-0.00012578675523400307,5.958136171102524e-05,-0.0006492366082966328,-0.0009409908670932055,0.0011434512479860798,-0.42478376626968384,0.33563756942749023,0.03257795423269272,-0.2852456271648407,0.5828851365399358,54.886260669,True,-0.0001082313247025013,2.157175913453102e-05,-0.0004279834683984518,0.00017192796804010868,0.00047383216152648694,0.01475121732801199,0.02504151687026024,0.15266680717468262,0.10979180783033371,0.1899249124780723,ROA_1001_model33000_noise15,2744,2026-10-01_00-04-08,-7.6659707701765e-05,0.0024871050845831633
0.0001169857569038868,0.0002696644514799118,-0.00012704404070973396,-0.0006294692866504192,0.0007040224437923107,-0.3614424467086792,0.4372754991054535,0.20619207620620728,-0.16589833796024323,0.624136718195315,-0.0002484535798430443,7.409835234284401e-05,-0.0010216375812888145,-0.0007761875167489052,0.0012923823558273026,-0.4178933799266815,0.36604979634284973,0.19738757610321045,-0.19125430285930634,0.6196887850876328,-0.0020199150312691927,0.0005548011977225542,0.0006990890251472592,-0.0049788132309913635,0.0007814679993316531,-0.004996093921363354,-0.00013600802049040794,5.2747782319784164e-05,-0.000613031443208456,-0.0009448383934795856,0.001126689118846126,-0.4336300492286682,0.34186893701553345,0.049788035452365875,-0.29833555221557617,0.6012280614153382,54.906262507,True,-0.00011452939361333847,2.2677704691886902e-05,-0.00040475279092788696,0.0001673470251262188,0.0004527410769175884,0.015691854059696198,0.024189472198486328,0.14761537313461304,0.10704219341278076,0.18432155873477116,ROA_1001_model33000_noise15,2745,2026-10-01_00-04-08,-0.00036501375143416226,0.00184754584915936
6.006448529660702e-05,0.00028608483262360096,-6.199697963893414e-05,-0.0006601447239518166,0.0007239963576069484,-0.3807598054409027,0.4564802944660187,0.22413836419582367,-0.1887045055627823,0.6611175450154766,-0.0003272958565503359,9.503564797341824e-05,-0.0009389419574290514,-0.000805762829259038,0.0012520171750651005,-0.4348999857902527,0.38572975993156433,0.21394765377044678,-0.21455663442611694,0.6553340881533847,-0.001617108820937574,-0.0007224928122013807,0.00040115180308930576,-0.0052644326351583,0.0007235829252749681,-0.005064297467470169,-0.0002070737536996603,6.624031811952591e-05,-0.0005411449819803238,-0.0009719165973365307,0.0011132684104104354,-0.4571792483329773,0.3593832850456238,0.07169640809297562,-0.3187701106071472,0.6401590246853802,54.926264182000004,True,-0.00012258533388376236,3.0797673389315605e-05,-0.000397098483517766,0.00016353442333638668,0.0004473264849524973,0.02225104160606861,0.026307592168450356,0.14226697385311127,0.104204922914505,0.17950716783776757,ROA_1001_model33000_noise15,2746,2026-10-01_00-04-08,-0.0003603126388043165,0.000536823645234108
1.1129304766654968e-05,0.00031194649636745453,-2.5099143385887146e-05,-0.000690809974912554,0.0007584740151943051,-0.3995528519153595,0.4746421277523041,0.23940607905387878,-0.20769809186458588,0.6952975741401913,-0.000387395266443491,0.0001184176653623581,-0.0008992821676656604,-0.0008382819942198694,0.0012474006520255233,-0.4524003863334656,0.4042142331600189,0.2281952053308487,-0.23445142805576324,0.6889797321408458,-7.730163633823395e-05,-0.0027778076473623514,0.0014806415420025587,-0.006610947661101818,0.0019032004056498408,-0.0062761204317212105,-0.0002621673047542572,8.75210389494896e-05,-0.0005024994607083499,-0.0009986957302317023,0.0011187364457928921,-0.4792618453502655,0.3763187825679779,0.08869504183530807,-0.3372132480144501,0.6759405879628585,54.94626205,True,-0.00012590317055583,3.1257513910532e-05,-0.0003966270014643669,0.00015984114725142717,0.00044653261074622413,0.026817431673407555,0.027881817892193794,0.13948823511600494,0.10273934155702591,0.1773923516277189,ROA_1001_model33000_noise15,2747,2026-10-01_00-04-08,0.0009115659631788731,-0.0013256761012598872
1.050066202878952e-05,0.0003062887117266655,-3.4563709050416946e-05,-0.0006744114216417074,0.000741570036326076,-0.3990146517753601,0.47288063168525696,0.23306520283222198,-0.20119407773017883,0.6897419388734958,-0.00039548613131046295,0.00011031515896320343,-0.0009237497579306364,-0.000826327595859766,0.0012605755893871193,-0.4504241347312927,0.4037136435508728,0.2220403254032135,-0.22877612709999084,0.6834634688411482,0.0009093960979953408,-0.003921556286513805,0.002714305417612195,-0.007951673120260239,0.0030124965123832226,-0.007675603032112122,-0.00026656780391931534,7.499475032091141e-05,-0.000515632564201951,-0.0009888724889606237,0.0011167667693787325,-0.4804178476333618,0.37336814403533936,0.08057685941457748,-0.3318278193473816,0.6705256191234772,54.966289358000004,True,-0.0001287553459405899,3.3993273973464966e-05,-0.0004079833161085844,0.00016457634046673775,0.00045936392581808817,0.029955755919218063,0.030322814360260963,0.14143261313438416,0.10304303467273712,0.17998132312022683,ROA_1001_model33000_noise15,2748,2026-10-01_00-04-08,0.0019086709944531322,-0.002418607473373413
3.5390257835388184e-06,0.00031010713428258896,-3.691529855132103e-05,-0.0006756512448191643,0.0007442433900231716,-0.40088823437690735,0.4746354818344116,0.23097927868366241,-0.19979214668273926,0.6909639931415618,-0.00040247105062007904,0.00011066440492868423,-0.0009350769687443972,-0.000832119258120656,0.0012738052444873748,-0.4517756998538971,0.4059683680534363,0.21948373317718506,-0.2284173220396042,0.6847158062035319,0.0015220860950648785,-0.00503129605203867,0.003402009140700102,-0.009039468131959438,0.0036129786167293787,-0.008813879452645779,-0.0002750195562839508,7.478520274162292e-05,-0.0005196372512727976,-0.000992772402241826,0.0011223284336800672,-0.48375338315963745,0.3740521967411041,0.07814960181713104,-0.33134394884109497,0.6721704663448658,54.98626757700001,True,-0.00012801028788089752,3.3387914299964905e-05,-0.00041394378058612347,0.00016400590538978577,0.00046423052888216034,0.03192666918039322,0.03188289701938629,0.14130711555480957,0.10290130227804184,0.18040642975057428,ROA_1001_model33000_noise15,2749,2026-10-01_00-04-08,0.002516297623515129,-0.003098171204328537
-3.159511834383011e-05,0.0003376975655555725,-1.9511207938194275e-05,-0.0006878399290144444,0.0007662743195555665,-0.4100731909275055,0.48429074883461,0.23114407062530518,-0.20076769590377808,0.7033208296963428,-0.00043297186493873596,0.00013236422091722488,-0.0009385403245687485,-0.000845699105411768,0.0012867838928225196,-0.4599045217037201,0.41629675030708313,0.21917679905891418,-0.2300739735364914,0.6966708711848353,0.0020014550536870956,-0.005775276105850935,0.0039195287972688675,-0.00984002836048603,0.004094600211828947,-0.009643502533435822,-0.00031045638024806976,9.76957380771637e-05,-0.0005077337846159935,-0.0010105432011187077,0.0011322285434532872,-0.4936842918395996,0.38355401158332825,0.07677002251148224,-0.334171324968338,0.6850246406578135,55.006271557000005,True,-0.00012433156371116638,3.6135315895080566e-05,-0.0004302477464079857,0.00016442500054836273,0.0004783388293057471,0.03376719355583191,0.032714568078517914,0.14240334928035736,0.10405951738357544,0.18242307046490336,ROA_1001_model33000_noise15,2750,2026-10-01_00-04-08,0.0029515770729631186,-0.0036170799285173416
-6.998889148235321e-05,0.00037194695323705673,5.774199962615967e-06,-0.0006911694072186947,0.0007858314697962949,-0.42144113779067993,0.4964154064655304,0.23665405809879303,-0.20646430552005768,0.7217282179736225,-0.0004628673195838928,0.00016780104488134384,-0.000922835897654295,-0.0008535804226994514,0.0012798384240771219,-0.47071415185928345,0.42838695645332336,0.22426444292068481,-0.23629002273082733,0.7146783604150123,0.0025647454895079136,-0.006358759477734566,0.004607120994478464,-0.010502997785806656,0.00473605003207922,-0.010348598472774029,-0.0003471970558166504,0.00013434328138828278,-0.0004840199835598469,-0.0010177376680076122,0.0011273561239559108,-0.5053407549858093,0.39612850546836853,0.08097302168607712,-0.3414043188095093,0.7039871371752587,55.026271856,True,-0.0001176958903670311,3.371387720108032e-05,-0.00043675536289811134,0.00016401754692196846,0.0004822403675565056,0.034603290259838104,0.03224750980734825,0.14328385889530182,0.10507169365882874,0.1837903916376198,ROA_1001_model33000_noise15,2751,2026-10-01_00-04-08,0.0033898483961820602,-0.004187171347439289
-0.00010989606380462646,0.0003953929990530014,4.498288035392761e-05,-0.0007004360668361187,0.0008097555198285356,-0.4274146556854248,0.5028526782989502,0.2389903962612152,-0.2094804048538208,0.7312912173082933,-0.0005064066499471664,0.00018887221813201904,-0.000900996383279562,-0.0008651521056890488,0.0012746175593614352,-0.475307434797287,0.4351758062839508,0.22644385695457458,-0.23938946425914764,0.7234884361222359,0.0031328569166362286,-0.00674660038203001,0.0052457633428275585,-0.010908698663115501,0.0053305840119719505,-0.010788424871861935,-0.000391155481338501,0.00015310943126678467,-0.00045333290472626686,-0.0010289950296282768,0.0011245891799053387,-0.5129552483558655,0.4018014073371887,0.08146592229604721,-0.34596747159957886,0.7140088115971279,55.04626729100001,True,-0.00011692754924297333,3.618188202381134e-05,-0.00044921180233359337,0.00016379635781049728,0.0004935252439432857,0.03758911043405533,0.0333576463162899,0.14495593309402466,0.10654713958501816,0.18673621864019618,ROA_1001_model33000_noise15,2752,2026-10-01_00-04-08,0.0039277831092476845,-0.004726599436253309
-0.00014025717973709106,0.00041387975215911865,6.89411535859108e-05,-0.0006958143785595894,0.0008202379689190534,-0.4395744502544403,0.5150008797645569,0.24449777603149414,-0.21535250544548035,0.750248064923778,-0.000538211315870285,0.00020684674382209778,-0.0008905772119760513,-0.0008677830919623375,0.0012712981549219094,-0.4865433871746063,0.4470958113670349,0.2317333072423935,-0.2455483078956604,0.7417250476322842,0.0042454395443201065,-0.007468408904969692,0.0063808877021074295,-0.011494815349578857,0.006384723819792271,-0.011420270428061485,-0.0004269648343324661,0.00016954727470874786,-0.00043318141251802444,-0.0010331394150853157,0.0011203191216351605,-0.5266140103340149,0.41321149468421936,0.08507165312767029,-0.35381489992141724,0.733492954023443,55.066271847,True,-0.00011418014764785767,3.6228448152542114e-05,-0.0004566740244626999,0.00016461126506328583,0.0004999773739769328,0.04001753032207489,0.033881980925798416,0.146636500954628,0.10822084546089172,0.18961038571482558,ROA_1001_model33000_noise15,2753,2026-10-01_00-04-08,0.005155229475349188,-0.005521586164832115
-0.00016153790056705475,0.00042729079723358154,8.628703653812408e-05,-0.0006888760253787041,0.0008261692491064365,-0.4437388777732849,0.5187899470329285,0.24355155229568481,-0.21446122229099274,0.7547520970283488,-0.0005653593689203262,0.00021755695343017578,-0.0008871313184499741,-0.0008624978363513947,0.0012689227257599589,-0.4898523688316345,0.45080339908599854,0.23097357153892517,-0.24484282732009888,0.7456715955078556,0.005206890869885683,-0.008142270147800446,0.007383367512375116,-0.01218423992395401,0.007350392173975706,-0.012130195274949074,-0.0004541594535112381,0.0001789536327123642,-0.00042410101741552353,-0.0010299263522028923,0.001113857574587369,-0.5322456955909729,0.41588765382766724,0.08134660124778748,-0.35537591576576233,0.738163519271409,55.086268594,True,-0.00011110678315162659,3.869645297527313e-05,-0.0004624016582965851,0.00016880221664905548,0.0005061113666101888,0.04235514998435974,0.03488175570964813,0.14958110451698303,0.11050491034984589,0.1938784678330257,ROA_1001_model33000_noise15,2754,2026-10-01_00-04-08,0.006323342677205801,-0.00631755031645298
-0.0001491047441959381,0.00040242448449134827,7.91158527135849e-05,-0.000660168007016182,0.0007868259496435813,-0.44160985946655273,0.5157384872436523,0.23812752962112427,-0.2086821347475052,0.7480501388874496,-0.0005582813173532486,0.0001941341906785965,-0.0009019160643219948,-0.0008349539712071419,0.0012663131965601187,-0.4872819185256958,0.44751864671707153,0.22587086260318756,-0.2394467443227768,0.7386630942873949,0.006088686175644398,-0.008823486976325512,0.008231247775256634,-0.012815791182219982,0.008173755370080471,-0.012780643999576569,-0.000445730984210968,0.000153249129652977,-0.00043821055442094803,-0.0010068994015455246,0.0010989004627170492,-0.530907392501831,0.41222989559173584,0.0741579532623291,-0.3515067398548126,0.7316887007639201,55.106271134,True,-0.0001126900315284729,4.149042069911957e-05,-0.00046368222683668137,0.00017045531421899796,0.0005084060546648579,0.04348670691251755,0.035245902836322784,0.15199509263038635,0.11214310675859451,0.1969923934248216,ROA_1001_model33000_noise15,2755,2026-10-01_00-04-08,0.007314922753721476,-0.007005076855421066
-0.00012847594916820526,0.00036158598959445953,8.882489055395126e-05,-0.0006297603249549866,0.0007398577230299934,-0.43959495425224304,0.5119792222976685,0.23841111361980438,-0.2079373151063919,0.7441420441930698,-0.0005538109689950943,0.00015208497643470764,-0.0008977949619293213,-0.0008066184818744659,0.001252915923937145,-0.4842802584171295,0.4441402554512024,0.22669555246829987,-0.23867328464984894,0.7346648245006495,0.006871835794299841,-0.009436173364520073,0.008958762511610985,-0.013399163261055946,0.008910990320146084,-0.013361187651753426,-0.0004369765520095825,0.00010677613317966461,-0.00043173786252737045,-0.0009802402928471565,0.0010745587971371384,-0.5309399962425232,0.4066745638847351,0.07365340739488602,-0.3515535295009613,0.7279851729181891,55.126276970000006,True,-0.00011720694601535797,4.470348358154297e-05,-0.0004657544195652008,0.0001741340383887291,0.0005128206992628794,0.04660291224718094,0.037443358451128006,0.15305237472057343,0.11284858733415604,0.19931901181532413,ROA_1001_model33000_noise15,2756,2026-10-01_00-04-08,0.008255749009549618,-0.007742690853774548
-9.974464774131775e-05,0.00031031668186187744,8.326023817062378e-05,-0.0006050802767276764,0.0006905078836564077,-0.43836328387260437,0.5087730884552002,0.23595009744167328,-0.20459036529064178,0.7394975103125977,-0.0005409121513366699,0.00010016374289989471,-0.0009055715054273605,-0.0007797032594680786,0.001250019835941743,-0.4821684956550598,0.44149577617645264,0.22481007874011993,-0.23530305922031403,0.7300229860109676,0.007671891711652279,-0.010042513720691204,0.009688804857432842,-0.013981577940285206,0.009651703760027885,-0.013937592506408691,-0.00041886232793331146,4.800967872142792e-05,-0.000437907874584198,-0.0009548850357532501,0.0010599909800333245,-0.5319430232048035,0.40104565024375916,0.07145479321479797,-0.34840402007102966,0.7234587594701768,55.146276693000004,True,-0.0001225154846906662,5.061738193035126e-05,-0.00046798959374427795,0.0001757405698299408,0.0005171593250251874,0.049726568162441254,0.040432900190353394,0.15334178507328033,0.11307326704263687,0.20099394983683883,ROA_1001_model33000_noise15,2757,2026-10-01_00-04-08,0.009319432079792023,-0.008194424211978912
-6.528571248054504e-05,0.0002680812031030655,5.634501576423645e-05,-0.0005661509931087494,0.0006313739767266607,-0.4349401891231537,0.5034380555152893,0.22910720109939575,-0.19561173021793365,0.7291463431686707,-0.0004990957677364349,5.9138983488082886e-05,-0.0009372364729642868,-0.0007402151823043823,0.0012503877544033926,-0.4791044294834137,0.436572790145874,0.2185213267803192,-0.22650974988937378,0.7203216440246104,0.008535335771739483,-0.010923025198280811,0.010487979277968407,-0.014841827563941479,0.010457403026521206,-0.014792772009968758,-0.00038207508623600006,7.031485438346863e-06,-0.00046696513891220093,-0.0009205657988786697,0.0010471864948964813,-0.5271281003952026,0.3965040445327759,0.06370199471712112,-0.34071457386016846,0.7129970585900688,55.166273888000006,True,-0.00011995434761047363,5.2014365792274475e-05,-0.0004698522388935089,0.00018049031496047974,0.0005200035236281424,0.047993842512369156,0.04004593566060066,0.15479791164398193,0.11418433487415314,0.2022248861909288,ROA_1001_model33000_noise15,2758,2026-10-01_00-04-08,0.010181941092014313,-0.00864406954497099
-3.5390257835388184e-06,0.0001967884600162506,1.662410795688629e-05,-0.0005276408046483994,0.000563394347924661,-0.42502206563949585,0.4911389946937561,0.21753878891468048,-0.18334759771823883,0.7079070262089522,-0.0004355795681476593,-1.2246891856193542e-05,-0.0009822659194469452,-0.0007005408406257629,0.0012615466985266808,-0.4689534902572632,0.4254779517650604,0.2079666554927826,-0.21406075358390808,0.6998084557550802,0.008984537795186043,-0.01161361113190651,0.010844560340046883,-0.01545274630188942,0.010810350999236107,-0.015402107499539852,-0.00031818635761737823,-6.328336894512177e-05,-0.0005096662789583206,-0.0008915551006793976,0.001050019629177184,-0.5158758759498596,0.3845020830631256,0.051227860152721405,-0.3301403224468231,0.6914792392301353,55.18627540400001,True,-0.00011711381375789642,5.206093192100525e-05,-0.0004723668098449707,0.00018868595361709595,0.0005245342398371762,0.04684319347143173,0.04095024988055229,0.15674950182437897,0.11603440344333649,0.20465214757759997,ROA_1001_model33000_noise15,2759,2026-10-01_00-04-08,0.010600426234304905,-0.008953651413321495
5.96512109041214e-05,0.0001262873411178589,-1.6670674085617065e-05,-0.0004945788532495499,0.0005113930300657778,-0.41207391023635864,0.4752254784107208,0.2066013365983963,-0.1714075803756714,0.6827008115060728,-0.00036992132663726807,-8.204951882362366e-05,-0.0010281335562467575,-0.0006653368473052979,0.0012756270757996967,-0.4557487368583679,0.41079285740852356,0.19826319813728333,-0.2017035037279129,0.6754328167845973,0.009171844460070133,-0.012285442091524601,0.010919935069978237,-0.016012752428650856,0.010886854492127895,-0.015956100076436996,-0.000256858766078949,-0.00013513490557670593,-0.0005464069545269012,-0.0008589122444391251,0.001049266328335848,-0.5024680495262146,0.3687213063240051,0.039501577615737915,-0.3189588785171509,0.6662590206254573,55.206274935,True,-0.00011380761861801147,5.266629159450531e-05,-0.0004807952791452408,0.00019446015357971191,0.00053354381473244,0.046661119908094406,0.04205526411533356,0.15875929594039917,0.11721299588680267,0.207015192905236,ROA_1001_model33000_noise15,2760,2026-10-01_00-04-08,0.010371995158493519,-0.009459187276661396
0.00012274831533432007,5.206093192100525e-05,-5.881302058696747e-05,-0.00043674372136592865,0.0004462642481892455,-0.39858880639076233,0.45876434445381165,0.19873212277889252,-0.16146337985992432,0.6582120635140036,-0.0003045424818992615,-0.0001491047441959381,-0.0010828487575054169,-0.0006030779331922531,0.0012848907033504023,-0.441952109336853,0.3957641124725342,0.19176489114761353,-0.1909811943769455,0.6519417654489356,0.00954417698085308,-0.012470449320971966,0.011236504651606083,-0.01609138585627079,0.011203575879335403,-0.01602747105062008,-0.00019380822777748108,-0.0002054031938314438,-0.000592600554227829,-0.0007990282028913498,0.001033608157443708,-0.48809123039245605,0.35326600074768066,0.031119676306843758,-0.3091939687728882,0.6419425993826335,55.226274179,True,-0.00011110678315162659,5.611218512058258e-05,-0.0004897825419902802,0.00019692815840244293,0.000542267629648581,0.046082768589258194,0.04249764233827591,0.1606317162513733,0.11819414049386978,0.20894609185021998,ROA_1001_model33000_noise15,2761,2026-10-01_00-04-08,0.010015424340963364,-0.009642517194151878
0.00019567087292671204,-2.2817403078079224e-05,-0.00011324882507324219,-0.0003700610250234604,0.0003891537717498425,-0.3826408386230469,0.439845472574234,0.1908182054758072,-0.1513059139251709,0.6304584456178279,-0.00021513551473617554,-0.00022114254534244537,-0.0011576805263757706,-0.0005342531949281693,0.0013073613572959226,-0.42705562710762024,0.37764570116996765,0.18517252802848816,-0.1802774965763092,0.6258229783344701,0.01014748401939869,-0.012684611603617668,0.01176679227501154,-0.016175098717212677,0.011737947352230549,-0.016096023842692375,-0.00011147931218147278,-0.0002720393240451813,-0.0006550922989845276,-0.0007394235581159592,0.0010264595075117745,-0.4687020480632782,0.33768635988235474,0.02121366374194622,-0.30107423663139343,0.6142044250002884,55.246281135000004,True,-0.0001030508428812027,5.085021257400513e-05,-0.0005042180418968201,0.000206800177693367,0.0005569083886009083,0.04159705340862274,0.039913687855005264,0.16395513713359833,0.12079346179962158,0.21152817678543454,ROA_1001_model33000_noise15,2762,2026-10-01_00-04-08,0.009696325287222862,-0.009814903140068054
0.0002603977918624878,-9.057112038135529e-05,-0.00017043203115463257,-0.0003088265657424927,0.0003598038188061268,-0.3693937063217163,0.4229438304901123,0.18339882791042328,-0.14160339534282684,0.6060384307420725,-0.00013727694749832153,-0.0002848450094461441,-0.0012422911822795868,-0.00046938657760620117,0.0013481483617353446,-0.41431233286857605,0.3617773652076721,0.17952172458171844,-0.16906344890594482,0.6027242515171877,0.010356537997722626,-0.012621554546058178,0.011918787844479084,-0.015997685492038727,0.01188140269368887,-0.015914589166641235,-3.9814040064811707e-05,-0.00033616088330745697,-0.0007225200533866882,-0.0006828922778367996,0.0010290946714263905,-0.4536648988723755,0.32260221242904663,0.012270173989236355,-0.2931845188140869,0.5900492104960555,55.266279482,True,-9.704381227493286e-05,4.9173831939697266e-05,-0.0005194917321205139,0.00021457672119140625,0.0005724354542026992,0.03908760845661163,0.039097853004932404,0.16754072904586792,0.12415321171283722,0.21558848040418246,ROA_1001_model33000_noise15,2763,2026-10-01_00-04-08,0.009347409941256046,-0.009715486317873001
0.0003155786544084549,-0.0001548323780298233,-0.00022277235984802246,-0.0002618413418531418,0.0003882749605248533,-0.3611757159233093,0.41163942217826843,0.17680878937244415,-0.13251741230487823,0.589005255932512,-7.450580596923828e-05,-0.000347895547747612,-0.0013125594705343246,-0.00041890889406204224,0.0013896624160084756,-0.40684032440185547,0.3515174388885498,0.1738685965538025,-0.15910713374614716,0.5870187722171911,0.010307949967682362,-0.012342747300863266,0.011812957003712654,-0.015645615756511688,0.01176515407860279,-0.01556165236979723,1.802109181880951e-05,-0.00040028244256973267,-0.0007798895239830017,-0.0006416346877813339,0.0010410414931149227,-0.44416356086730957,0.3116438090801239,0.004337634891271591,-0.2855243980884552,0.5726635059058562,55.286277445,True,-9.299255907535553e-05,5.2247196435928345e-05,-0.0005345325917005539,0.00022132880985736847,0.0005881606318723495,0.037054531276226044,0.0398014634847641,0.16980011761188507,0.1264568418264389,0.21838164510293803,ROA_1001_model33000_noise15,2764,2026-10-01_00-04-08,0.009271621704101562,-0.009145074523985386
0.0003695487976074219,-0.00020330771803855896,-0.0002996530383825302,-0.00021546147763729095,0.00047661250468030786,-0.3533153533935547,0.4007723033428192,0.16544339060783386,-0.12012896686792374,0.5705290773850368,-2.621673047542572e-05,-0.0003968365490436554,-0.00141877681016922,-0.00037481077015399933,0.0014732921715527945,-0.3991359770298004,0.34174972772598267,0.16369158029556274,-0.14541250467300415,0.5692350595372817,0.010169862769544125,-0.012758302502334118,0.011458332650363445,-0.015672899782657623,0.011397132650017738,-0.015582622028887272,6.849877536296844e-05,-0.0004516448825597763,-0.0008690636605024338,-0.0006048008799552917,0.0010810166235156236,-0.43675023317337036,0.2997000515460968,-0.009019393473863602,-0.2758796215057373,0.5544267056547445,55.306282225000004,True,-9.494833648204803e-05,5.345791578292847e-05,-0.0005506444722414017,0.0002312939614057541,0.0006069822844578678,0.037328340113162994,0.04198262095451355,0.17301598191261292,0.13054999709129333,0.22365047913778127,ROA_1001_model33000_noise15,2765,2026-10-01_00-04-08,0.009242033585906029,-0.00921617541462183
0.00043474137783050537,-0.0002535991370677948,-0.0003672204911708832,-0.00015855766832828522,0.0005786872105135946,-0.33397364616394043,0.37876003980636597,0.15032663941383362,-0.10274722427129745,0.5351312453781029,2.291053533554077e-05,-0.00045071355998516083,-0.0015074387192726135,-0.0003221910446882248,0.0015433089877248244,-0.3800298869609833,0.3205290734767914,0.1495065987110138,-0.1272386759519577,0.5345117852137216,0.009404942393302917,-0.013041566126048565,0.010591221041977406,-0.0158423762768507,0.010529332794249058,-0.01574583351612091,0.00012652017176151276,-0.0005065929144620895,-0.0009432435035705566,-0.0005564652383327484,0.0011077232035066155,-0.4187076985836029,0.2761091887950897,-0.025221144780516624,-0.2596769332885742,0.5196711683679965,55.326278717,True,-0.00010472722351551056,5.583278834819794e-05,-0.0005636364221572876,0.00023404136300086975,0.0006216278210695777,0.038446392863988876,0.04438263922929764,0.1749521940946579,0.13241171836853027,0.2268261297151695,ROA_1001_model33000_noise15,2766,2026-10-01_00-04-08,0.008241750299930573,-0.009347062557935715
0.00043492764234542847,-0.00025848858058452606,-0.00039194710552692413,-0.0001482199877500534,0.0005949096453424517,-0.330661416053772,0.37402892112731934,0.14751078188419342,-0.09994068741798401,0.5284210429562651,2.7939677238464355e-06,-0.0004564877599477768,-0.0015568919479846954,-0.0003091525286436081,0.0015898283537637988,-0.37609365582466125,0.3168065845966339,0.1474251002073288,-0.12305052578449249,0.5279088829313234,0.009249779395759106,-0.01291058212518692,0.010129213333129883,-0.015444468706846237,0.010218886658549309,-0.015243994072079659,0.00011897645890712738,-0.0005177222192287445,-0.0009766779839992523,-0.0005461275577545166,0.0011313501748449427,-0.41748952865600586,0.26959553360939026,-0.02854037843644619,-0.2571549117565155,0.513545904702776,55.346283304,True,-0.00011497177183628082,6.002373993396759e-05,-0.0005805399268865585,0.00023706816136837006,0.0006402411557576328,0.04134745895862579,0.04716915637254715,0.17595383524894714,0.13407039642333984,0.2296194522431579,ROA_1001_model33000_noise15,2767,2026-10-01_00-04-08,0.007741978392004967,-0.009385897777974606
0.00040670856833457947,-0.0002368353307247162,-0.0004032161086797714,-0.00016386620700359344,0.000575911353384038,-0.3320998251438141,0.37507152557373047,0.15049892663955688,-0.10387971252202988,0.5317007607518826,-4.44706529378891e-05,-0.0004355795681476593,-0.0015798956155776978,-0.0003218650817871094,0.00161799966359282,-0.37667015194892883,0.31881824135780334,0.15041464567184448,-0.1257592737674713,0.5310030325220237,0.009580761194229126,-0.01243640761822462,0.009981484152376652,-0.014667917042970657,0.010408747009932995,-0.014237577095627785,8.279457688331604e-05,-0.0004997476935386658,-0.0009914860129356384,-0.0005612149834632874,0.001155212280205734,-0.42099642753601074,0.2692555785179138,-0.024854669347405434,-0.2605360746383667,0.517326864997189,55.366284372,True,-0.00012512318789958954,6.495974957942963e-05,-0.000590132549405098,0.0002371612936258316,0.0006513068967172859,0.044286247342824936,0.04952307417988777,0.17528606951236725,0.13484711945056915,0.23061827960849332,ROA_1001_model33000_noise15,2768,2026-10-01_00-04-08,0.0077586304396390915,-0.00927730556577444
0.00040959566831588745,-0.00022496096789836884,-0.00043101608753204346,-0.00017844140529632568,0.0005953122088425226,-0.3278055191040039,0.36917391419410706,0.14157871901988983,-0.09533669054508209,0.5208179053715942,-6.095506250858307e-05,-0.0004291068762540817,-0.001623295247554779,-0.0003337860107421875,0.001664097680130924,-0.3728400766849518,0.3125956058502197,0.1423642933368683,-0.11597107350826263,0.5200352984427139,0.009900713339447975,-0.012301187962293625,0.010423659346997738,-0.014426934532821178,0.010686810128390789,-0.014080899767577648,8.12578946352005e-05,-0.0004954170435667038,-0.0010221730917692184,-0.0005776528269052505,0.0011891285240990524,-0.4185680150985718,0.2613561153411865,-0.034718774259090424,-0.253190279006958,0.5073360258957588,55.386283199000005,True,-0.00014095567166805267,6.724148988723755e-05,-0.0006011221557855606,0.0002428889274597168,0.0006668184143890651,0.04568881914019585,0.05118827894330025,0.17704766988754272,0.13719871640205383,0.2339538777315141,ROA_1001_model33000_noise15,2769,2026-10-01_00-04-08,0.008421855047345161,-0.009196678176522255
0.00036973506212234497,-0.0001698266714811325,-0.00044032931327819824,-0.00022565945982933044,0.0005794979860428084,-0.3381972014904022,0.38028740882873535,0.1378641426563263,-0.09432434290647507,0.5342500320353121,-0.0001126900315284729,-0.0003786291927099228,-0.0016363803297281265,-0.00038156285881996155,0.0016921236995313849,-0.3828601837158203,0.3239060640335083,0.13839080929756165,-0.11403532326221466,0.5325864589243235,0.009991299360990524,-0.012480347417294979,0.010466981679201126,-0.014496127143502235,0.010698935948312283,-0.014152594842016697,3.878958523273468e-05,-0.00044708140194416046,-0.001034000888466835,-0.0006326474249362946,0.001230560578744484,-0.4307310879230499,0.2702283561229706,-0.0393381305038929,-0.25363731384277344,0.5210561147687138,55.40628353100001,True,-0.0001500360667705536,6.812624633312225e-05,-0.0006025657057762146,0.0002507586032152176,0.0006731206299950424,0.047788020223379135,0.05363206937909126,0.17771729826927185,0.13956241309642792,0.236801885471609,ROA_1001_model33000_noise15,2770,2026-10-01_00-04-08,0.009363011457026005,-0.009076511487364769
0.00035348348319530487,-0.00014500692486763,-0.0004614703357219696,-0.0002508983016014099,0.000594441578012821,-0.33874669671058655,0.3795628249645233,0.12464122474193573,-0.08289655297994614,0.5290591970393024,-0.00015022233128547668,-0.00036223791539669037,-0.0016591977328062057,-0.00040838494896888733,0.001724998458496429,-0.3837728798389435,0.32260918617248535,0.12601958215236664,-0.1016128733754158,0.5268344213468805,0.009329996071755886,-0.012722396291792393,0.009780578315258026,-0.014744121581315994,0.00997018814086914,-0.01441239658743143,1.5599653124809265e-05,-0.00043245963752269745,-0.0010557472705841064,-0.0006596092134714127,0.0012652258594253746,-0.43394553661346436,0.26591911911964417,-0.053227875381708145,-0.2430574893951416,0.5171234085445159,55.426287222000006,True,-0.00016498379409313202,6.938353180885315e-05,-0.0006026122719049454,0.0002524815499782562,0.0006774379359752399,0.050097234547138214,0.056634653359651566,0.17920415103435516,0.14144182205200195,0.24015500901318407,ROA_1001_model33000_noise15,2771,2026-10-01_00-04-08,0.009364786557853222,-0.009180979803204536
0.00029690563678741455,-6.780028343200684e-05,-0.00044065527617931366,-0.0002852175384759903,0.0005729755534003203,-0.34662240743637085,0.3887726664543152,0.12366193532943726,-0.08313822746276855,0.5405795880561585,-0.00021401792764663696,-0.0002910848706960678,-0.0016563571989536285,-0.000444706529378891,0.0017384679735830417,-0.3916569948196411,0.3314134478569031,0.12624961137771606,-0.10138004273176193,0.5379881125130541,0.008397696539759636,-0.013014962896704674,0.00891430489718914,-0.015083586797118187,0.009072663262486458,-0.014760361053049564,-4.237517714500427e-05,-0.00035795383155345917,-0.0010415446013212204,-0.0006961170583963394,0.001275486782007922,-0.44284385442733765,0.2743080258369446,-0.05589611455798149,-0.24406005442142487,0.5287388291200161,55.446288002,True,-0.00017113052308559418,6.528571248054504e-05,-0.0006168615072965622,0.0002508983016014099,0.0006906526461842282,0.05104764923453331,0.05704536661505699,0.1821899712085724,0.14264369010925293,0.24338654862018752,ROA_1001_model33000_noise15,2772,2026-10-01_00-04-08,0.008316747844219208,-0.009915085509419441
0.0002692919224500656,-3.632158041000366e-05,-0.00041816383600234985,-0.00032871030271053314,0.0005687729638360446,-0.3362637758255005,0.3808974027633667,0.12492015212774277,-0.08506327122449875,0.5288755199456207,-0.00025224871933460236,-0.0002659391611814499,-0.0016047153621912003,-0.0004818663001060486,0.0017057681606016156,-0.38207319378852844,0.3226063847541809,0.12722145020961761,-0.10341032594442368,0.5262369437542594,0.008061260916292667,-0.012349499389529228,0.008783290162682533,-0.01444985345005989,0.008805845864117146,-0.014217323623597622,-7.292255759239197e-05,-0.00032633543014526367,-0.0010041054338216782,-0.0007263384759426117,0.001265091180635779,-0.43324193358421326,0.265706330537796,-0.050894446671009064,-0.2419808804988861,0.5166910296092594,55.466288269,True,-0.00017974525690078735,6.291083991527557e-05,-0.0006003305315971375,0.00024177134037017822,0.0006745703160510014,0.05105649679899216,0.05687446892261505,0.1780930757522583,0.1385509967803955,0.23788667012483045,ROA_1001_model33000_noise15,2773,2026-10-01_00-04-08,0.00789559818804264,-0.009941337630152702
0.00021373853087425232,1.5273690223693848e-05,-0.0003798399120569229,-0.0003779307007789612,0.0005614198129685679,-0.34006449580192566,0.38780736923217773,0.13439495861530304,-0.09630433470010757,0.5404539457952435,-0.0003200490027666092,-0.00021350570023059845,-0.0015608500689268112,-0.0005300156772136688,0.0016899145769664723,-0.3854930102825165,0.32949912548065186,0.1365765929222107,-0.1143868938088417,0.5375027604222535,0.007982997223734856,-0.011716574430465698,0.008784491568803787,-0.013810531236231327,0.008777258917689323,-0.013601559214293957,-0.00013173557817935944,-0.0002739951014518738,-0.0009597279131412506,-0.0007653608918190002,0.0012580432089307552,-0.43837350606918335,0.2715880870819092,-0.03940146043896675,-0.25072693824768066,0.5272789660511087,55.486293017,True,-0.00018849968910217285,6.07222318649292e-05,-0.000598980113863945,0.00023567117750644684,0.0006733456656838792,0.05280086398124695,0.057872846722602844,0.17601484060287476,0.13622407615184784,0.23561404070722614,ROA_1001_model33000_noise15,2774,2026-10-01_00-04-08,0.007930113933980465,-0.009803935885429382
0.00019203871488571167,4.9872323870658875e-05,-0.00036032870411872864,-0.0004334840923547745,0.0005871559747337684,-0.3443281054496765,0.394514262676239,0.14606769382953644,-0.10884273052215576,0.5532264326542368,-0.0003411434590816498,-0.00018086284399032593,-0.0015230849385261536,-0.000585801899433136,0.00167630738222104,-0.39124393463134766,0.3348877429962158,0.14755874872207642,-0.1280563771724701,0.5508103913830796,0.008088996633887291,-0.011392159387469292,0.008946403861045837,-0.013517056591808796,0.00894093606621027,-0.013301069848239422,-0.00015129335224628448,-0.00023813918232917786,-0.0009304843842983246,-0.0008098315447568893,0.0012629631638258064,-0.442830353975296,0.2779257297515869,-0.025138722732663155,-0.2603921890258789,0.5387465105171722,55.506292164,True,-0.0001898501068353653,5.8067962527275085e-05,-0.0005941372364759445,0.00022482126951217651,0.0006654377708159108,0.05150492861866951,0.056914981454610825,0.17264996469020844,0.13228924572467804,0.2302810381677916,ROA_1001_model33000_noise15,2775,2026-10-01_00-04-08,0.008211754262447357,-0.00978867057710886
0.00018272548913955688,8.209608495235443e-05,-0.0003429129719734192,-0.00047278590500354767,0.0006100245283087942,-0.35062941908836365,0.40374043583869934,0.15567801892757416,-0.11880136281251907,0.5682473960236659,-0.0003307592123746872,-0.0001505482941865921,-0.0014893710613250732,-0.0006278511136770248,0.001656619981498927,-0.39851289987564087,0.34339770674705505,0.15625077486038208,-0.1392178237438202,0.5661448968245105,0.007985232397913933,-0.011110200546681881,0.008921809494495392,-0.013469954021275043,0.00897150207310915,-0.0132195595651865,-0.00015022233128547668,-0.00020102597773075104,-0.0009018927812576294,-0.0008431263267993927,0.001259113612936553,-0.4466869533061981,0.2890983521938324,-0.01369044091552496,-0.26785582304000854,0.5522120851052162,55.5262924,True,-0.00018058344721794128,4.959292709827423e-05,-0.0005873851478099823,0.00021713785827159882,0.000653453888395643,0.048106998205184937,0.054270025342702866,0.16992351412773132,0.12858304381370544,0.2246876521580897,ROA_1001_model33000_noise15,2776,2026-10-01_00-04-08,0.008267393335700035,-0.009561119601130486
0.00014775432646274567,0.00012079253792762756,-0.00030621886253356934,-0.000516185536980629,0.0006266664569810912,-0.36838042736053467,0.42298945784568787,0.17016193270683289,-0.13460777699947357,0.6002559722338374,-0.0003631226718425751,-0.00011809170246124268,-0.0014183111488819122,-0.0006736256182193756,0.0016152096278777236,-0.4166755676269531,0.36174896359443665,0.1691826581954956,-0.15642866492271423,0.5979375150244992,0.00786253996193409,-0.011464318260550499,0.008825601078569889,-0.013718056492507458,0.008832826279103756,-0.013500864617526531,-0.00018612481653690338,-0.0001669861376285553,-0.0008508563041687012,-0.0008750706911087036,0.0012457742362979257,-0.4651630222797394,0.30698952078819275,0.0048531219363212585,-0.2795862853527069,0.5832931561665381,55.546291707,True,-0.000176113098859787,4.689209163188934e-05,-0.0005692709237337112,0.0002027023583650589,0.0006310061011069742,0.048410143703222275,0.05471193790435791,0.16430625319480896,0.1231110617518425,0.21747583654377992,ROA_1001_model33000_noise15,2777,2026-10-01_00-04-08,0.008466069586575031,-0.009776110760867596
0.00011427327990531921,0.00015776604413986206,-0.00027851201593875885,-0.0005481299012899399,0.0006442994196321414,-0.379230797290802,0.4357350766658783,0.18068821728229523,-0.1451575607061386,0.6212460176564547,-0.0003832858055830002,-8.167698979377747e-05,-0.0013735610991716385,-0.0007049646228551865,0.0015897625506437149,-0.4284605085849762,0.3734472990036011,0.17872777581214905,-0.16821035742759705,0.6190360317391158,0.0076064495369791985,-0.011664115823805332,0.008649005554616451,-0.013972255401313305,0.008639226667582989,-0.013759491965174675,-0.0002129003405570984,-0.0001237727701663971,-0.0008146744221448898,-0.0009004492312669754,0.0012368312224769818,-0.4746750593185425,0.3210287392139435,0.01711444929242134,-0.28818821907043457,0.6036653520777432,55.566294311,True,-0.0001682434231042862,4.325993359088898e-05,-0.0005618669092655182,0.0001937616616487503,0.0006190604409035424,0.046135853976011276,0.05237990617752075,0.16157513856887817,0.11993408203125,0.2125390119041861,ROA_1001_model33000_noise15,2778,2026-10-01_00-04-08,0.008028149604797363,-0.010051320306956768
8.91275703907013e-05,0.00018905848264694214,-0.00023329630494117737,-0.0005740439519286156,0.0006538531848135339,-0.3842185139656067,0.4432922899723053,0.19388878345489502,-0.15935207903385162,0.6368758832652871,-0.0003950204700231552,-5.0337985157966614e-05,-0.0013159355148673058,-0.0007375609129667282,0.0015534667908532617,-0.4335520565509796,0.38053232431411743,0.19148549437522888,-0.1832554042339325,0.6347549711637868,0.007328189443796873,-0.011378852650523186,0.008452772162854671,-0.01369516272097826,0.008430925197899342,-0.013491434045135975,-0.00023208558559417725,-8.633360266685486e-05,-0.000761495903134346,-0.0009232200682163239,0.0012159809362643239,-0.4780632257461548,0.3306516408920288,0.03215111792087555,-0.3003615140914917,0.618839998699648,55.586291794000005,True,-0.000163959339261055,3.562308847904205e-05,-0.0005560228601098061,0.00018586870282888412,0.0006095522838117307,0.044432930648326874,0.0498378612101078,0.15930108726024628,0.11707236617803574,0.20825007420632777,ROA_1001_model33000_noise15,2779,2026-10-01_00-04-08,0.007529877591878176,-0.01000193040817976
7.320195436477661e-05,0.0002020038664340973,-0.00021122395992279053,-0.0005763955414295197,0.0006503929094983183,-0.3877677917480469,0.44865578413009644,0.20469212532043457,-0.17078988254070282,0.6489735824826363,-0.00040549784898757935,-3.855675458908081e-05,-0.0012949109077453613,-0.0007424037903547287,0.0015385819786772996,-0.4371134340763092,0.3852061629295349,0.20225368440151215,-0.19518983364105225,0.646781480582354,0.007410101126879454,-0.011485223658382893,0.008575976826250553,-0.013832653872668743,0.008568949066102505,-0.013616886921226978,-0.00024363398551940918,-7.003545761108398e-05,-0.0007393071427941322,-0.0009236158803105354,0.0012012932126484017,-0.4812879264354706,0.33686214685440063,0.04330090805888176,-0.31103402376174927,0.6307513444998595,55.606292734,True,-0.00016167759895324707,3.1245872378349304e-05,-0.0005548819899559021,0.00018083956092596054,0.0006060754160989602,0.044105105102062225,0.048309095203876495,0.15889619290828705,0.11582206189632416,0.2068518317759463,ROA_1001_model33000_noise15,2780,2026-10-01_00-04-08,0.007511163596063852,-0.010178975760936737
4.2514875531196594e-05,0.000222865492105484,-0.00017862766981124878,-0.0005952548235654831,0.0006612349372404176,-0.39597830176353455,0.45797786116600037,0.21120253205299377,-0.17784395813941956,0.6642359224178752,-0.0004345551133155823,-1.969747245311737e-05,-0.0012618489563465118,-0.0007651746273040771,0.0015252191060429073,-0.44486668705940247,0.39441555738449097,0.2084115892648697,-0.20298407971858978,0.6617840406393021,0.007642768323421478,-0.011504413560032845,0.00882713682949543,-0.013894006609916687,0.008830306120216846,-0.013675439171493053,-0.0002752058207988739,-4.852190613746643e-05,-0.0007062219083309174,-0.0009429175406694412,0.0011960238174789169,-0.48971685767173767,0.34631508588790894,0.0490737110376358,-0.3183525800704956,0.6459656850542955,55.626296938,True,-0.0001593027263879776,2.9616057872772217e-05,-0.000555720180273056,0.0001768115907907486,0.0006049521834818294,0.04475144296884537,0.04808418080210686,0.1593262404203415,0.11530844122171402,0.20700171365524786,ROA_1001_model33000_noise15,2781,2026-10-01_00-04-08,0.007914206013083458,-0.010055061429738998
9.825453162193298e-06,0.0002523418515920639,-0.0001446809619665146,-0.0006177462637424469,0.0006814106408158315,-0.40621262788772583,0.4689981937408447,0.2168416827917099,-0.18421606719493866,0.6814465370918159,-0.0004697125405073166,6.05359673500061e-06,-0.0012281816452741623,-0.0007871538400650024,0.0015121147916557834,-0.4543508291244507,0.4051327407360077,0.21388310194015503,-0.20975106954574585,0.6783407093131336,0.007625428959727287,-0.011588807217776775,0.008840884082019329,-0.01402644906193018,0.008844929747283459,-0.013813118450343609,-0.00031064264476299286,-2.169981598854065e-05,-0.0006758607923984528,-0.0009636394679546356,0.001193945604749549,-0.5012713074684143,0.3564753532409668,0.054208092391490936,-0.3248632252216339,0.6633318075213975,55.646296053,True,-0.00015953555703163147,2.9150396585464478e-05,-0.0005520880222320557,0.0001757405698299408,0.0006013258593978761,0.046797093003988266,0.04861456900835037,0.1596822291612625,0.11506722867488861,0.20775273782725082,ROA_1001_model33000_noise15,2782,2026-10-01_00-04-08,0.008113118819892406,-0.010038221254944801
-1.969747245311737e-05,0.00027515925467014313,-0.00012088567018508911,-0.0006320886313915253,0.0006971009445462843,-0.4168976843357086,0.48010095953941345,0.2203083038330078,-0.1877569556236267,0.6975207988041355,-0.0005004461854696274,2.7706846594810486e-05,-0.001207459717988968,-0.0008037779480218887,0.0015072043027478071,-0.46437230706214905,0.4158494770526886,0.21721933782100677,-0.21385027468204498,0.6937731851303931,0.007602909579873085,-0.011846751905977726,0.008833063766360283,-0.014345001429319382,0.008843337185680866,-0.01413117628544569,-0.00034351833164691925,-2.3283064365386963e-06,-0.000655418261885643,-0.0009797047823667526,0.0011953464702409197,-0.513104259967804,0.3667398989200592,0.05608447641134262,-0.3295852541923523,0.6795303263380852,55.666298689,True,-0.00015632249414920807,3.0174851417541504e-05,-0.0005516223609447479,0.0001755543053150177,0.0006001083453215095,0.04864111170172691,0.049075573682785034,0.16110995411872864,0.11569167673587799,0.20975529093074344,ROA_1001_model33000_noise15,2783,2026-10-01_00-04-08,0.008208701387047768,-0.010252033360302448
-4.363246262073517e-05,0.00029066577553749084,-0.00010780058801174164,-0.0006379559636116028,0.0007056688538339108,-0.42775970697402954,0.4911045432090759,0.221059188246727,-0.18839676678180695,0.7120245303885085,-0.0005237292498350143,4.176981747150421e-05,-0.0012035015970468521,-0.0008136499673128128,0.0015123661928397613,-0.47418659925460815,0.4271087050437927,0.2177390158176422,-0.21509824693202972,0.7076656146573967,0.0077962931245565414,-0.01214483380317688,0.00902872160077095,-0.014698145911097527,0.009042914025485516,-0.014488515444099903,-0.0003725290298461914,9.173527359962463e-06,-0.0006479211151599884,-0.0009929295629262924,0.001202892555254996,-0.5246754288673401,0.37702682614326477,0.054500993341207504,-0.3324302136898041,0.6940967288437965,55.686299628,True,-0.00015315599739551544,3.222376108169556e-05,-0.0005540437996387482,0.0001802109181880951,0.0006030542290279735,0.05042552575469017,0.050047408789396286,0.16316351294517517,0.11728889495134354,0.21287230924269093,ROA_1001_model33000_noise15,2784,2026-10-01_00-04-08,0.008578727953135967,-0.010429888032376766
-5.927868187427521e-05,0.00029830262064933777,-0.0001039355993270874,-0.0006369315087795258,0.0007067655656818566,-0.437112033367157,0.5009770393371582,0.22150947153568268,-0.1887367069721222,0.7246994953841452,-0.000535324215888977,5.257315933704376e-05,-0.001215282827615738,-0.0008204486221075058,0.0015266930216141835,-0.4827882945537567,0.4371716380119324,0.2181227207183838,-0.21617253124713898,0.7199688216459023,0.008182733319699764,-0.012489194050431252,0.009423618204891682,-0.015084950253367424,0.009434753097593784,-0.014880690723657608,-0.00038761645555496216,1.7881393432617188e-05,-0.0006556045264005661,-0.001003919169306755,0.001216403678743177,-0.5337930917739868,0.3869514763355255,0.051429491490125656,-0.3364211618900299,0.7067099248194812,55.706298072,True,-0.00014798715710639954,3.548339009284973e-05,-0.0005599576979875565,0.00018272548913955688,0.0006082445801166076,0.05091819539666176,0.05017779394984245,0.16666296124458313,0.12019369006156921,0.21731782181592102,ROA_1001_model33000_noise15,2785,2026-10-01_00-04-08,0.009097537025809288,-0.010646114125847816
-7.688067853450775e-05,0.00030370429158210754,-9.927898645401001e-05,-0.0006327871233224869,0.0007042024492786771,-0.4423307180404663,0.5059847235679626,0.21859024465084076,-0.18560512363910675,0.7296449762894813,-0.0005544163286685944,5.885958671569824e-05,-0.0012376811355352402,-0.0008203089237213135,0.0015490579054550657,-0.486799031496048,0.4425155818462372,0.21566124260425568,-0.2136174440383911,0.7244280856864151,0.008699959143996239,-0.012824033387005329,0.009926460683345795,-0.01544998399913311,0.009941184893250465,-0.015247357077896595,-0.00040708109736442566,2.193264663219452e-05,-0.0006664544343948364,-0.0010108109563589096,0.001229641460019463,-0.5393959283828735,0.39180973172187805,0.04438170790672302,-0.33738741278648376,0.7119035979320628,55.72630361900001,True,-0.0001480337232351303,3.8603320717811584e-05,-0.0005714595317840576,0.00018905848264694214,0.000620984874546262,0.05250749737024307,0.05067465454339981,0.17131724953651428,0.12366286665201187,0.22331826878048688,ROA_1001_model33000_noise15,2786,2026-10-01_00-04-08,0.00954410433769226,-0.011012478731572628
-9.08970832824707e-05,0.00029783695936203003,-9.41101461648941e-05,-0.0006146728992462158,0.0006845635029645158,-0.44726020097732544,0.5104816555976868,0.2174740582704544,-0.18411734700202942,0.7350552805591695,-0.000575091689825058,5.192123353481293e-05,-0.0012567732483148575,-0.0008068978786468506,0.0015651275751186009,-0.4906034767627716,0.44700175523757935,0.2149166464805603,-0.21235550940036774,0.7291519241472338,0.009569734334945679,-0.013237165287137032,0.01079331710934639,-0.015883376821875572,0.01080548670142889,-0.01568480022251606,-0.0004264526069164276,1.532025635242462e-05,-0.0006774906069040298,-0.0010019633919000626,0.0012324396321890235,-0.5454411506652832,0.39587539434432983,0.03964313864707947,-0.33922117948532104,0.7177833804061978,55.746306575000006,True,-0.00014794059097766876,3.795139491558075e-05,-0.0005789101123809814,0.00019506551325321198,0.00062959869844353,0.054535917937755585,0.050976403057575226,0.1758611649274826,0.12712691724300385,0.22930908067923206,ROA_1001_model33000_noise15,2787,2026-10-01_00-04-08,0.010373528115451336,-0.011489265598356724
-0.00010514631867408752,0.0002895016223192215,-7.35744833946228e-05,-0.0006196554750204086,0.0006843187434682699,-0.4531671106815338,0.515141487121582,0.22174043953418732,-0.18838699162006378,0.7442353440449975,-0.0006068497896194458,4.637986421585083e-05,-0.0012419652193784714,-0.000814022496342659,0.0015656994139506585,-0.4950812757015228,0.45191821455955505,0.2192905992269516,-0.21677649021148682,0.7377613426546901,0.010607757605612278,-0.013722429983317852,0.011830022558569908,-0.01638425886631012,0.011839536018669605,-0.01619095727801323,-0.00045173801481723785,9.313225746154785e-07,-0.0006621703505516052,-0.0010099727660417557,0.0012352275616382712,-0.5536414384841919,0.3988402783870697,0.04203011840581894,-0.34561100602149963,0.7274707054776463,55.76630249,True,-0.00015418045222759247,4.568137228488922e-05,-0.0005812384188175201,0.00019613653421401978,0.0006341389470606933,0.05846703052520752,0.05303928256034851,0.1772260218858719,0.12875720858573914,0.2327108449245844,ROA_1001_model33000_noise15,2788,2026-10-01_00-04-08,0.01140005886554718,-0.01201646402478218
-0.00010877847671508789,0.00026598572731018066,-6.835907697677612e-05,-0.0006139278411865234,0.0006693649758277546,-0.4566996097564697,0.5165426731109619,0.22287246584892273,-0.18919257819652557,0.747918704760003,-0.0006256625056266785,2.2444874048233032e-05,-0.0012509990483522415,-0.0008100178092718124,0.001580690624235862,-0.4973122477531433,0.4537557065486908,0.2206265777349472,-0.21767476201057434,0.7410474961600351,0.011726933531463146,-0.014341374859213829,0.01295081153512001,-0.01701461151242256,0.01295670960098505,-0.0168278981000185,-0.00046854838728904724,-2.7939677238464355e-05,-0.0006611458957195282,-0.0010098796337842941,0.0012423043487055304,-0.5596447587013245,0.39810359477996826,0.041849907487630844,-0.34835466742515564,0.7317234728850052,55.786302086000006,True,-0.00015902332961559296,5.0244852900505066e-05,-0.0005876645445823669,0.00020051375031471252,0.0006429268077362988,0.062245406210422516,0.055609267204999924,0.17875012755393982,0.13061751425266266,0.23647589976402486,ROA_1001_model33000_noise15,2789,2026-10-01_00-04-08,0.012486186809837818,-0.012557975947856903
-7.986091077327728e-05,0.0002205371856689453,-9.043142199516296e-05,-0.0005797948688268661,0.0006229324638526966,-0.4548500180244446,0.5122087597846985,0.21883471310138702,-0.18425284326076508,0.741369568219977,-0.0006077345460653305,-2.183951437473297e-05,-0.0012934673577547073,-0.0007750000804662704,0.0016022304650677756,-0.49445030093193054,0.45010167360305786,0.21759699285030365,-0.21258321404457092,0.7345184652304645,0.012757500633597374,-0.015108752995729446,0.013978165574371815,-0.017767339944839478,0.013974867761135101,-0.017589202150702477,-0.0004453584551811218,-7.762573659420013e-05,-0.0006945803761482239,-0.0009824056178331375,0.0012479780587041722,-0.5586197972297668,0.3930111229419708,0.035860575735569,-0.3460412621498108,0.7256371700840137,55.806302833000004,True,-0.00015990808606147766,5.587935447692871e-05,-0.000599399209022522,0.00020852312445640564,0.0006568518490857888,0.06408523768186569,0.057071443647146225,0.18171359598636627,0.13337470591068268,0.24107157925425327,ROA_1001_model33000_noise15,2790,2026-10-01_00-04-08,0.013247061520814896,-0.013148233294487
-3.632158041000366e-06,0.00013317912817001343,-0.00013587996363639832,-0.0005224253982305527,0.0005548359773921592,-0.44109901785850525,0.495356023311615,0.21005095541477203,-0.17438781261444092,0.7162709275695492,-0.0005265232175588608,-0.00010170042514801025,-0.001359870657324791,-0.0007172580808401108,0.0016215700657178237,-0.48052704334259033,0.43448153138160706,0.2101207971572876,-0.20250630378723145,0.7104704699466454,0.013502392917871475,-0.01555111538618803,0.014690005220472813,-0.01812887191772461,0.01467131543904543,-0.017956914380192757,-0.0003676861524581909,-0.0001609325408935547,-0.0007503200322389603,-0.0009286683052778244,0.0012470665378125655,-0.5427817702293396,0.37768667936325073,0.02560112439095974,-0.3381115198135376,0.7004506048326843,55.826307805000006,True,-0.00015655532479286194,5.6391581892967224e-05,-0.0006120651960372925,0.00021257437765598297,0.0006689527923585486,0.06217695400118828,0.05675386264920235,0.184477299451828,0.1355591118335724,0.24377245841443068,ROA_1001_model33000_noise15,2791,2026-10-01_00-04-08,0.013413922861218452,-0.013538097962737083
7.497146725654602e-05,5.681067705154419e-05,-0.00021904706954956055,-0.0004401896148920059,0.0004988975603239364,-0.4279608726501465,0.479509562253952,0.20122992992401123,-0.1631649136543274,0.6918895053443329,-0.00043977051973342896,-0.00017182901501655579,-0.001452118158340454,-0.0006291083991527557,0.0016513865690283,-0.46757885813713074,0.41992494463920593,0.2017221301794052,-0.19096721708774567,0.6870827683731813,0.01433985959738493,-0.01583983562886715,0.015466178767383099,-0.018358556553721428,0.015455747954547405,-0.01818002574145794,-0.0002864748239517212,-0.0002314336597919464,-0.0008334405720233917,-0.00084657222032547,0.0012431181829291222,-0.5272440314292908,0.36389750242233276,0.01689046621322632,-0.3277570903301239,0.6763064133405305,55.846308552,True,-0.0001533888280391693,5.8673322200775146e-05,-0.0006185844540596008,0.00021765008568763733,0.0006759958991705568,0.059553418308496475,0.05597434565424919,0.18480512499809265,0.13675586879253387,0.24383073164982375,ROA_1001_model33000_noise15,2792,2026-10-01_00-04-08,0.013518279418349266,-0.013546895235776901
0.0001530628651380539,-2.9336661100387573e-05,-0.0002830754965543747,-0.0003634020686149597,0.00046659410851993335,-0.4136520326137543,0.4612817168235779,0.1884908378124237,-0.14852219820022583,0.6633229649886049,-0.00034905970096588135,-0.00025318004190921783,-0.00153249129652977,-0.000551808625459671,0.0016809087844556452,-0.453984797000885,0.4032128155231476,0.18961726129055023,-0.1765414923429489,0.6601311318835279,0.01458731945604086,-0.015626100823283195,0.01564972847700119,-0.01807365193963051,0.015635740011930466,-0.017892608419060707,-0.00020186416804790497,-0.0003129243850708008,-0.0009013805538415909,-0.0007718801498413086,0.001239590171330846,-0.509955883026123,0.3473604917526245,0.003172550117596984,-0.3144163489341736,0.6473616017244566,55.866306324,True,-0.00014649704098701477,6.183981895446777e-05,-0.0006328802555799484,0.00022058375179767609,0.0006887539765253214,0.05586770921945572,0.05581415817141533,0.18641258776187897,0.1378399282693863,0.2446708259099802,ROA_1001_model33000_noise15,2793,2026-10-01_00-04-08,0.013431652449071407,-0.013102330267429352
0.00023278407752513885,-9.01985913515091e-05,-0.00033224932849407196,-0.0002950429916381836,0.0004629971438171785,-0.40067777037620544,0.4453859031200409,0.17270678281784058,-0.13015605509281158,0.6357368607551919,-0.00025634653866291046,-0.0003102235496044159,-0.0015999656170606613,-0.0004835892468690872,0.0017052906598301713,-0.44213420152664185,0.388544499874115,0.17393705248832703,-0.15894508361816406,0.6339945415524719,0.014414729550480843,-0.015466174110770226,0.015380141325294971,-0.017850086092948914,0.015370258130133152,-0.017662208527326584,-0.00011320225894451141,-0.00036885030567646027,-0.0009489711374044418,-0.000707525759935379,0.0012253470652651127,-0.4937928020954132,0.33339670300483704,-0.01211464311927557,-0.2959803640842438,0.6196697358122752,55.886311551000006,True,-0.0001430511474609375,5.8906152844429016e-05,-0.0006501097232103348,0.0002214685082435608,0.0007039433472907987,0.051555220037698746,0.05510402470827103,0.186018168926239,0.1369863748550415,0.2426722881101445,ROA_1001_model33000_noise15,2794,2026-10-01_00-04-08,0.013157766312360764,-0.01258980855345726
0.0002979300916194916,-0.0001287553459405899,-0.0003980472683906555,-0.00023702159523963928,0.0005134449688054654,-0.3889049291610718,0.4313550591468811,0.15836766362190247,-0.1146271750330925,0.6115782376873086,-0.00020577572286128998,-0.00035078264772892,-0.0016694888472557068,-0.0004254281520843506,0.0017470818152067096,-0.4303548336029053,0.37577560544013977,0.15949828922748566,-0.143128901720047,0.6101891251846542,0.013699951581656933,-0.01556862611323595,0.014590014703571796,-0.017678529024124146,0.014508495107293129,-0.01753043942153454,-5.820766091346741e-05,-0.0004149042069911957,-0.0010117888450622559,-0.0006500165909528732,0.0012353858253570482,-0.4833596646785736,0.3171795904636383,-0.025594139471650124,-0.28033646941185,0.5961984669563819,55.906308790000004,True,-0.00014724209904670715,6.449408829212189e-05,-0.0006564892828464508,0.00022388994693756104,0.0007118786605248231,0.05289306491613388,0.05858158320188522,0.18510034680366516,0.1371665745973587,0.24308100569016494,ROA_1001_model33000_noise15,2795,2026-10-01_00-04-08,0.012621014378964901,-0.012330647557973862
0.00035907141864299774,-0.00017257407307624817,-0.000467151403427124,-0.00018402934074401855,0.0005909149973815571,-0.3730887472629547,0.41304200887680054,0.13977427780628204,-0.09349686652421951,0.580108538979051,-0.00015925616025924683,-0.0003977678716182709,-0.001737195998430252,-0.0003734603524208069,0.0017935796054564244,-0.4150788187980652,0.3584795594215393,0.14092260599136353,-0.12126331776380539,0.57910438822021,0.013060313649475574,-0.01543244905769825,0.01386508159339428,-0.017465168610215187,0.013777966611087322,-0.017320280894637108,-3.166496753692627e-06,-0.00046710483729839325,-0.0010801013559103012,-0.0005980022251605988,0.0012580984553691046,-0.4688640832901001,0.2963109612464905,-0.04311743751168251,-0.2583083510398865,0.5658970300104521,55.926317833000006,True,-0.00015534460544586182,7.068738341331482e-05,-0.0006580259650945663,0.0002221670001745224,0.0007149847772316763,0.053674910217523575,0.06212526559829712,0.18400418758392334,0.13703246414661407,0.24309428215245008,ROA_1001_model33000_noise15,2796,2026-10-01_00-04-08,0.012221637181937695,-0.011991674080491066
0.00038780272006988525,-0.00019632279872894287,-0.0004929490387439728,-0.0001728534698486328,0.0006274096319632246,-0.3552711308002472,0.3939284682273865,0.12800376117229462,-0.08074472844600677,0.5502190531129163,-0.00015050172805786133,-0.0004193279892206192,-0.001748139038681984,-0.00035776756703853607,0.0018000274394400775,-0.3972086012363434,0.3403750956058502,0.12938538193702698,-0.10685528814792633,0.54934512883079,0.012383959256112576,-0.014573505148291588,0.013116388581693172,-0.01652759499847889,0.013044950552284718,-0.01637653075158596,1.9045546650886536e-05,-0.0004956033080816269,-0.0010965391993522644,-0.0005813315510749817,0.0012622774014752298,-0.4531112313270569,0.2749054431915283,-0.05304533615708351,-0.24330195784568787,0.537561720541825,55.9463135,True,-0.00016996636986732483,7.511116564273834e-05,-0.000651087611913681,0.0002244953066110611,0.0007131734570599681,0.055780164897441864,0.06542401015758514,0.18241581320762634,0.13641081750392914,0.2428123648191021,ROA_1001_model33000_noise15,2797,2026-10-01_00-04-08,0.011538161896169186,-0.011378908529877663
0.0003998167812824249,-0.00018863938748836517,-0.0005138572305440903,-0.0001794658601284027,0.0006516850406029173,-0.34359094500541687,0.38161545991897583,0.11748726665973663,-0.07001962512731552,0.5299566829232938,-0.00014710240066051483,-0.00041248276829719543,-0.001760059967637062,-0.00035385601222515106,0.0018100192678820082,-0.38602572679519653,0.3281007409095764,0.12001301348209381,-0.09338603913784027,0.5289144238919964,0.011904524639248848,-0.013510777615010738,0.01259709894657135,-0.015412896871566772,0.01252327486872673,-0.015262406319379807,3.2456591725349426e-05,-0.000487547367811203,-0.001118658110499382,-0.0005877111107110977,0.0012811867518462362,-0.4420289695262909,0.26215285062789917,-0.06321211904287338,-0.2320343554019928,0.5188737625596599,55.966310702,True,-0.00018081627786159515,7.739290595054626e-05,-0.0006409827619791031,0.0002314336597919464,0.0007092142771670308,0.05590449646115303,0.06590690463781357,0.1831836849451065,0.1386171132326126,0.24480205270102975,ROA_1001_model33000_noise15,2798,2026-10-01_00-04-08,0.011178570799529552,-0.010624018497765064
0.0003966968506574631,-0.00016889534890651703,-0.0005315989255905151,-0.00019189901649951935,0.0006657403216987411,-0.3386102318763733,0.3767711818218231,0.11204834282398224,-0.06539513915777206,0.5215009167807774,-0.00014756806194782257,-0.00039315782487392426,-0.0017742160707712173,-0.00035963021218776703,0.0018244860056093547,-0.38201871514320374,0.323008269071579,0.11560553312301636,-0.08625536412000656,0.520582502859728,0.01162276603281498,-0.013090673834085464,0.012317178770899773,-0.014770181849598885,0.012165222316980362,-0.014660339802503586,3.4831464290618896e-05,-0.0004680827260017395,-0.0011410098522901535,-0.0006044283509254456,0.001306527449593121,-0.43627944588661194,0.2578585147857666,-0.06969459354877472,-0.22866110503673553,0.510719184926802,55.986314817,True,-0.00018337741494178772,7.580965757369995e-05,-0.0006299931555986404,0.0002427026629447937,0.0007036682193022889,0.05415035039186478,0.06508687138557434,0.1852777749300003,0.14238011837005615,0.24791277616748036,ROA_1001_model33000_noise15,2799,2026-10-01_00-04-08,0.011089963838458061,-0.010443373583257198
0.0003693625330924988,-0.00014277175068855286,-0.0005587004125118256,-0.00022370368242263794,0.0006796385191106418,-0.33888357877731323,0.37577885389328003,0.10522547364234924,-0.060175541788339615,0.5190222807371333,-0.00019366852939128876,-0.0003715045750141144,-0.0017886050045490265,-0.00038691796362400055,0.001850079491418995,-0.38302081823349,0.32173189520835876,0.10985507816076279,-0.07818080484867096,0.5179653336742285,0.01128507312387228,-0.01293911226093769,0.012041496112942696,-0.014233495108783245,0.011727038770914078,-0.014218240976333618,1.0244548320770264e-06,-0.0004489906132221222,-0.0011715106666088104,-0.0006389804184436798,0.0013530822690380284,-0.4383716583251953,0.25455978512763977,-0.07731979340314865,-0.22522498667240143,0.5095850941749022,56.006316371000004,True,-0.00019408762454986572,7.566995918750763e-05,-0.0006160233169794083,0.00025336630642414093,0.0006978980564337174,0.05522090569138527,0.06712041795253754,0.18721865117549896,0.146943137049675,0.2527595478889117,ROA_1001_model33000_noise15,2800,2026-10-01_00-04-08,0.011125024408102036,-0.010473336093127728
0.0002838205546140671,-7.674098014831543e-05,-0.0005104579031467438,-0.0002665910869836807,0.0006194458016290452,-0.36268866062164307,0.3992807865142822,0.12670037150382996,-0.0848681628704071,0.559437311725716,-0.0003150664269924164,-0.00031352974474430084,-0.001712702214717865,-0.0004224013537168503,0.0018053496794440912,-0.4055960774421692,0.34501028060913086,0.1309937685728073,-0.10105734318494797,0.5575440108627907,0.01079566776752472,-0.013547427952289581,0.011676310561597347,-0.01412658765912056,0.01108897477388382,-0.014285562559962273,-0.00010188668966293335,-0.00039427541196346283,-0.001109810546040535,-0.0006722286343574524,0.0013313734671417522,-0.46739399433135986,0.27392151951789856,-0.05158176273107529,-0.24630872905254364,0.5489879883441837,56.026319558000004,True,-0.0002132263034582138,8.093193173408508e-05,-0.000602472573518753,0.0002505723387002945,0.0006911797844947655,0.06167636811733246,0.07103849202394485,0.18250009417533875,0.14519643783569336,0.2509651546851274,ROA_1001_model33000_noise15,2801,2026-10-01_00-04-08,0.010717906057834625,-0.011462736874818802
0.0002391170710325241,-4.838220775127411e-05,-0.0005041249096393585,-0.00027618370950222015,0.0006063799956281503,-0.3587081730365753,0.3958022892475128,0.12848712503910065,-0.08637923002243042,0.5549950032193881,-0.0003830995410680771,-0.0002893153578042984,-0.0017136801034212112,-0.0004350673407316208,0.0018231465024502794,-0.4021059572696686,0.3409143388271332,0.13300356268882751,-0.10289297997951508,0.5532967057917088,0.01149832084774971,-0.014499345794320107,0.012298100627958775,-0.015082322992384434,0.011764207854866982,-0.0152180390432477,-0.0001555308699607849,-0.000369315966963768,-0.001103617250919342,-0.0006773974746465683,0.0013365207808805825,-0.4657474160194397,0.2683987617492676,-0.049522608518600464,-0.24631711840629578,0.5448718634425888,56.046319992,True,-0.00022891908884048462,7.771886885166168e-05,-0.0006070360541343689,0.00024330802261829376,0.000697127233891229,0.06354507058858871,0.0724494457244873,0.18248380720615387,0.1433645337820053,0.2507426083272187,ROA_1001_model33000_noise15,2802,2026-10-01_00-04-08,0.011007806286215782,-0.012996544130146503
0.00023194588720798492,-2.7799978852272034e-05,-0.0005028676241636276,-0.00029280781745910645,0.0006126288170580996,-0.338556706905365,0.37785711884498596,0.12608477473258972,-0.08358480036258698,0.5281467417534866,-0.0004102010279893875,-0.00027278438210487366,-0.001715356484055519,-0.0004493165761232376,0.0018338735488718225,-0.382793128490448,0.3226175606250763,0.1308252066373825,-0.1008189246058464,0.5271103860618045,0.012315594591200352,-0.014016833156347275,0.013101726770401001,-0.014901198446750641,0.012689311988651752,-0.015003523789346218,-0.00016335397958755493,-0.0003466382622718811,-0.0011062249541282654,-0.0006881542503833771,0.0013429052829010558,-0.44601503014564514,0.25002050399780273,-0.05149701237678528,-0.24141556024551392,0.517866080727098,56.066317227000006,True,-0.0002464279532432556,7.539056241512299e-05,-0.0006110873073339462,0.00023618340492248535,0.0007037923145926806,0.0631287693977356,0.07252068817615509,0.18223746120929718,0.14054495096206665,0.24880332150897055,ROA_1001_model33000_noise15,2803,2026-10-01_00-04-08,0.011459031142294407,-0.013096403330564499
0.00023292377591133118,-9.872019290924072e-06,-0.0004788395017385483,-0.00032284297049045563,0.0006087941454950402,-0.34466663002967834,0.3857952356338501,0.13808812201023102,-0.0975029468536377,0.5430437284179671,-0.00041937455534935,-0.0002585817128419876,-0.0016640406101942062,-0.00048088841140270233,0.0017963370859547098,-0.38816171884536743,0.3309999406337738,0.14203786849975586,-0.11529167741537094,0.5419224798671292,0.012443063780665398,-0.013937404379248619,0.013107994571328163,-0.014884144067764282,0.012834985740482807,-0.014939812012016773,-0.00016400590538978577,-0.0003336463123559952,-0.0010596122592687607,-0.0006988644599914551,0.0013100175153264808,-0.45368725061416626,0.25585293769836426,-0.033332034945487976,-0.24786822497844696,0.5309661940982418,56.086319197,True,-0.0002547167241573334,7.497146725654602e-05,-0.0006046611815690994,0.00022058375179767609,0.0006960822679847781,0.06540817767381668,0.07508089393377304,0.17534102499485016,0.13252021372318268,0.24056606445444773,ROA_1001_model33000_noise15,2804,2026-10-01_00-04-08,0.011983444914221764,-0.012864218093454838
0.00020936131477355957,3.050081431865692e-05,-0.0004361383616924286,-0.0003856141120195389,0.0006094556504418582,-0.369157612323761,0.4095933139324188,0.15014874935150146,-0.11000315845012665,0.5808577953382109,-0.0004600267857313156,-0.000229664146900177,-0.0015789177268743515,-0.0005394220352172852,0.0017447128107004706,-0.4122038185596466,0.35449907183647156,0.1523592472076416,-0.12953345477581024,0.5792863726507222,0.01212618313729763,-0.014812241308391094,0.012719047255814075,-0.01585138961672783,0.012542078271508217,-0.01588433049619198,-0.00019720755517482758,-0.00030780211091041565,-0.0009877607226371765,-0.000740494579076767,0.001281575725777638,-0.4824325144290924,0.2741459608078003,-0.014058778993785381,-0.2524857223033905,0.5682851476680595,56.106325648,True,-0.0002633780241012573,7.902272045612335e-05,-0.0005911104381084442,0.00020004808902740479,0.0006818845404080669,0.07010483741760254,0.08029769361019135,0.16637378931045532,0.12289592623710632,0.23179128218360132,ROA_1001_model33000_noise15,2805,2026-10-01_00-04-08,0.012186874635517597,-0.013202778063714504
0.000180024653673172,7.012858986854553e-05,-0.0004217959940433502,-0.00043422915041446686,0.0006307606441705181,-0.388206422328949,0.42808520793914795,0.15542981028556824,-0.11477991193532944,0.6082667047875464,-0.00048102810978889465,-0.00019958242774009705,-0.001526298001408577,-0.0005917157977819443,0.0017177889675036799,-0.43228593468666077,0.3717820942401886,0.15604960918426514,-0.13654306530952454,0.6067007311527122,0.01153070293366909,-0.01565222628414631,0.012087322771549225,-0.01699444092810154,0.012038668617606163,-0.016951188445091248,-0.00022444874048233032,-0.0002730637788772583,-0.0009480398148298264,-0.0007764901965856552,0.0012736743771916967,-0.5021108984947205,0.2909833490848541,-0.004157423973083496,-0.2520694136619568,0.5951933490270299,56.126328291,True,-0.00025704503059387207,7.310882210731506e-05,-0.0005774665623903275,0.0001836102455854416,0.000662224198708575,0.06966479122638702,0.08071818947792053,0.16015347838401794,0.11546024680137634,0.22331714926928023,ROA_1001_model33000_noise15,2806,2026-10-01_00-04-08,0.011347138322889805,-0.014057069085538387
0.0001317821443080902,0.00012544915080070496,-0.0003911089152097702,-0.0004859175533056259,0.0006493493096796287,-0.39646121859550476,0.43938353657722473,0.16909930109977722,-0.12847547233104706,0.6276577790964828,-0.0004917383193969727,-0.00014388933777809143,-0.0014615245163440704,-0.0006449874490499496,0.0016764575453313388,-0.4432690143585205,0.38080382347106934,0.16744433343410492,-0.15262700617313385,0.6267320218169669,0.0114890206605196,-0.016047580167651176,0.0120093347504735,-0.017463980242609978,0.012028011493384838,-0.017368394881486893,-0.00025546178221702576,-0.00020684674382209778,-0.0008981209248304367,-0.0008132308721542358,0.0012552710663108067,-0.5061388611793518,0.30645912885665894,0.013418960385024548,-0.26191025972366333,0.6122539966469751,56.146337878000004,True,-0.0002359040081501007,6.295740604400635e-05,-0.000561075285077095,0.000169314444065094,0.0006348498062938905,0.06273854523897171,0.07426366209983826,0.1539722979068756,0.10922131687402725,0.21122830796634562,ROA_1001_model33000_noise15,2807,2026-10-01_00-04-08,0.01071188598871231,-0.014895182102918625
0.00010328367352485657,0.00016065314412117004,-0.0003756023943424225,-0.0005107372999191284,0.0006620235832895391,-0.40034249424934387,0.4480047821998596,0.1825569123029709,-0.14275126159191132,0.6428206880906138,-0.00047711655497550964,-0.00010766088962554932,-0.0014194753021001816,-0.0006740447133779526,0.0016425343927473494,-0.44907161593437195,0.3880387842655182,0.17920461297035217,-0.16834957897663116,0.6423443046595599,0.01171131245791912,-0.015836916863918304,0.01241597905755043,-0.017420383170247078,0.012388834729790688,-0.017372194677591324,-0.00026067718863487244,-0.000155717134475708,-0.0008713454008102417,-0.0008278526365756989,0.0012379801585042766,-0.504379153251648,0.32061663269996643,0.02989126183092594,-0.27294084429740906,0.624965691758214,56.166321671000006,True,-0.00021774321794509888,4.684552550315857e-05,-0.0005487818270921707,0.00015781261026859283,0.0006127588729848407,0.055186446756124496,0.06736628711223602,0.14926306903362274,0.10450556129217148,0.20082008862795467,ROA_1001_model33000_noise15,2808,2026-10-01_00-04-08,0.010619117878377438,-0.014864768832921982
6.91041350364685e-05,0.00020600855350494385,-0.00033830292522907257,-0.0005399342626333237,0.0006714663894231218,-0.4107588827610016,0.4626652002334595,0.19911955296993256,-0.16123847663402557,0.6685267161379033,-0.000487547367811203,-6.50063157081604e-05,-0.0013610348105430603,-0.0007005874067544937,0.0016000456612520763,-0.4599885940551758,0.4018838405609131,0.19433674216270447,-0.18796975910663605,0.6678642986923389,0.011997014284133911,-0.015880951657891273,0.012903009541332722,-0.017657704651355743,0.012825503014028072,-0.01766471192240715,-0.00028265640139579773,-0.00010142102837562561,-0.0008201226592063904,-0.000846153125166893,0.0012091791744174366,-0.5121952891349792,0.33806729316711426,0.04900246486067772,-0.2885251045227051,0.6491736644582627,56.186323642000005,True,-0.00020600855350494385,4.0140002965927124e-05,-0.0005384441465139389,0.00014510005712509155,0.0005956792066270848,0.05212705209851265,0.06377231329679489,0.14527234435081482,0.10049435496330261,0.19379304180736354,ROA_1001_model33000_noise15,2809,2026-10-01_00-04-08,0.01095917634665966,-0.014741124585270882
8.796341717243195e-05,0.00021890737116336823,-0.0003152526915073395,-0.0005320180207490921,0.0006610266391303375,-0.4044966697692871,0.46090129017829895,0.20615103840827942,-0.16661731898784637,0.666776849721203,-0.0004529021680355072,-5.373731255531311e-05,-0.0012990087270736694,-0.000697653740644455,0.0015350691071540795,-0.45464929938316345,0.39863863587379456,0.19948835670948029,-0.1950729489326477,0.6657914646889874,0.01100801769644022,-0.014965444803237915,0.01250408124178648,-0.017356466501951218,0.012231985107064247,-0.017572492361068726,-0.00025150366127491,-8.088536560535431e-05,-0.0007797498255968094,-0.0008279457688331604,0.0011608896530486464,-0.503420352935791,0.33919185400009155,0.059905923902988434,-0.28927063941955566,0.6466874630457169,56.206348046,True,-0.00019920989871025085,2.8265640139579773e-05,-0.0005207490175962448,0.000128941610455513,0.0005726449333144341,0.048649027943611145,0.05939369648694992,0.139554962515831,0.0941455289721489,0.1839204033826687,ROA_1001_model33000_noise15,2810,2026-10-01_00-04-08,0.010192954912781715,-0.01370153110474348
-8.381903171539307e-07,0.00030421651899814606,-0.00022049061954021454,-0.0006185844540596008,0.0007175918465588492,-0.4323008358478546,0.49381932616233826,0.2333037406206131,-0.196655735373497,0.7225643971156923,-0.0005121808499097824,3.455206751823425e-05,-0.0011848285794258118,-0.0007822643965482712,0.0014799472167448362,-0.483081191778183,0.4293951094150543,0.2251700460910797,-0.22559472918510437,0.7204519107771408,0.010111489333212376,-0.014251388609409332,0.011528522707521915,-0.016600850969552994,0.011326607316732407,-0.016756858676671982,-0.00032740645110607147,1.5133991837501526e-05,-0.0006801914423704147,-0.0009069684892892838,0.001149447588479636,-0.5293143391609192,0.37580588459968567,0.08810217678546906,-0.318702757358551,0.7024851856415207,56.226326751,True,-0.00018258579075336456,1.6670674085617065e-05,-0.0005049165338277817,0.00012898817658424377,0.0005517624546455161,0.04615820571780205,0.0535501129925251,0.13701942563056946,0.09304749965667725,0.17928290703795913,ROA_1001_model33000_noise15,2811,2026-10-01_00-04-08,0.009398888796567917,-0.013146329671144485
-5.94649463891983e-05,0.0003636348992586136,-0.0001528766006231308,-0.0006790272891521454,0.0007778123989711537,-0.4492960572242737,0.5148351192474365,0.2552368640899658,-0.22107036411762238,0.7610278030571129,-0.0005460809916257858,9.266659617424011e-05,-0.0011006370186805725,-0.0008383765816688538,0.001438626404043353,-0.5008466243743896,0.4486162066459656,0.24593107402324677,-0.2501946687698364,0.7581509610516559,0.009762920439243317,-0.01376540306955576,0.011194396764039993,-0.016008008271455765,0.010987749323248863,-0.016162415966391563,-0.00037741847336292267,8.167698979377747e-05,-0.0006103422492742538,-0.0009677838534116745,0.0011526208363639733,-0.544730544090271,0.3994120955467224,0.11055077612400055,-0.343525767326355,0.741132667844675,56.246326865,True,-0.0001680571585893631,1.0710209608078003e-05,-0.0004925765097141266,0.0001295004040002823,0.0005355483700865988,0.04380149394273758,0.04913797229528427,0.1353141814470291,0.09328219294548035,0.1764471201929681,ROA_1001_model33000_noise15,2812,2026-10-01_00-04-08,0.009246021509170532,-0.012683451175689697
-0.00011194497346878052,0.0004161149263381958,-0.00010128132998943329,-0.0007233582437038422,0.0008351370625484903,-0.46711087226867676,0.5351961255073547,0.26846954226493835,-0.23638176918029785,0.7942451129395713,-0.000589713454246521,0.00014440156519412994,-0.0010305549949407578,-0.0008851289749145508,0.0014098747272566542,-0.5176071524620056,0.4684417247772217,0.2576103210449219,-0.2655130624771118,0.7897879237814853,0.009458993561565876,-0.013384531252086163,0.010924716480076313,-0.015749497339129448,0.010750795714557171,-0.0158774983137846,-0.00043320469558238983,0.00013140961527824402,-0.0005537644028663635,-0.0010143965482711792,0.001160006868998327,-0.5633155703544617,0.4195789694786072,0.1241336539387703,-0.3594760596752167,0.7748002145444906,56.26633034,True,-0.00015776604413986206,1.30385160446167e-05,-0.00047637149691581726,0.00012926757335662842,0.0005176382151536395,0.04561245068907738,0.048801764845848083,0.13343150913715363,0.09391037374734879,0.17585415820350267,ROA_1001_model33000_noise15,2813,2026-10-01_00-04-08,0.009351146407425404,-0.012117882259190083
-0.00018351711332798004,0.00048121437430381775,-4.3958425521850586e-05,-0.0007764436304569244,0.0009154725378962071,-0.49475204944610596,0.5641747117042542,0.2811388075351715,-0.2522342801094055,0.839112387512327,-0.0006603077054023743,0.00020908191800117493,-0.0009647104889154434,-0.0009412411600351334,0.0013958989313408187,-0.542940080165863,0.4973788559436798,0.2694660723209381,-0.28119513392448425,0.8326769592917523,0.0092074666172266,-0.013492642901837826,0.010549170896410942,-0.015797648578882217,0.010445207357406616,-0.015876905992627144,-0.0005082227289676666,0.00019012950360774994,-0.0005037523806095123,-0.0010750256478786469,0.0011882052369075152,-0.593262255191803,0.446717232465744,0.1348433941602707,-0.37819331884384155,0.8201720672906556,56.286330742000004,True,-0.00015147961676120758,1.7462298274040222e-05,-0.00045998021960258484,0.0001344829797744751,0.0005023097181227311,0.05021923780441284,0.05061737820506096,0.13458634912967682,0.09695207327604294,0.18022481936986134,ROA_1001_model33000_noise15,2814,2026-10-01_00-04-08,0.00945998914539814,-0.012046035379171371
-0.0002196524292230606,0.000515347346663475,-1.2433156371116638e-05,-0.0008018221706151962,0.0009595402503361388,-0.504234790802002,0.5748280882835388,0.28611671924591064,-0.2584606409072876,0.855424830281693,-0.0006970018148422241,0.0002421904355287552,-0.0009379349648952484,-0.0009670853614807129,0.0013931985991256666,-0.5505508184432983,0.508102536201477,0.2744365334510803,-0.28729066252708435,0.8477250500064127,0.008989423513412476,-0.013642777688801289,0.010317577049136162,-0.0160211194306612,0.010251399129629135,-0.01606905646622181,-0.0005520414561033249,0.00022095628082752228,-0.0004832632839679718,-0.0011056195944547653,0.0012068125947235886,-0.6038513779640198,0.4569142758846283,0.1364922970533371,-0.3880867660045624,0.8369111286836136,56.306334185000004,True,-0.00014691613614559174,2.3050233721733093e-05,-0.0004541594535112381,0.00013760291039943695,0.0004969167335850629,0.05321716517210007,0.05115335434675217,0.13787764310836792,0.10071554780006409,0.18579438946738613,ROA_1001_model33000_noise15,2815,2026-10-01_00-04-08,0.009308076463639736,-0.01226417999714613
-0.00023827888071537018,0.000520097091794014,-5.587935447692871e-06,-0.0008005648851394653,0.000963217672822111,-0.5061779618263245,0.5776430368423462,0.2851499915122986,-0.25815653800964355,0.8580611782061613,-0.0007119961082935333,0.0002534128725528717,-0.0009498093277215958,-0.0009713694453239441,0.00140614996939031,-0.5510295629501343,0.5108853578567505,0.27435457706451416,-0.2869493067264557,0.8495888359564482,0.00881586130708456,-0.013667742721736431,0.010120083577930927,-0.016042500734329224,0.010067170485854149,-0.01608911342918873,-0.0005710870027542114,0.0002273358404636383,-0.0004971865564584732,-0.001119496300816536,0.001225250049467543,-0.6058858633041382,0.4603080153465271,0.12998142838478088,-0.39341625571250916,0.8399232296919531,56.326335900000004,True,-0.00014007091522216797,2.4354085326194763e-05,-0.0004530418664216995,0.00014742836356163025,0.000496810149686052,0.05474639683961868,0.0505535826086998,0.14433637261390686,0.1064022034406662,0.19403538720641464,ROA_1001_model33000_noise15,2816,2026-10-01_00-04-08,0.00915074534714222,-0.012454718351364136
-0.0002312939614057541,0.0004937872290611267,-2.6775524020195007e-05,-0.0007718335837125778,0.0009222480113143872,-0.5033518671989441,0.5745742917060852,0.27838441729545593,-0.25111016631126404,0.8499967318579352,-0.0007052905857563019,0.00023301690816879272,-0.0010136514902114868,-0.0009473878890275955,0.0014437326510658422,-0.5468385815620422,0.5081039667129517,0.26972684264183044,-0.2796412408351898,0.8413073555350431,0.009218026883900166,-0.01370475348085165,0.01034486759454012,-0.015884943306446075,0.01035081036388874,-0.015886934474110603,-0.0005689915269613266,0.00020381994545459747,-0.0005461741238832474,-0.0011136755347251892,0.001242791807653665,-0.6025712490081787,0.4582516551017761,0.11469236761331558,-0.3948672413825989,0.8321896569092421,56.346332686000004,True,-0.00013886019587516785,2.8545036911964417e-05,-0.00046533532440662384,0.00016540288925170898,0.0005134552295772795,0.05566607788205147,0.049822960048913956,0.15496136248111725,0.11509423702955246,0.2068826216850655,ROA_1001_model33000_noise15,2817,2026-10-01_00-04-08,0.009526949375867844,-0.0126793896779418
-0.00020819716155529022,0.00046654604375362396,-8.00006091594696e-05,-0.0007307622581720352,0.0008682182076355496,-0.4974803626537323,0.5680168867111206,0.2631959319114685,-0.23318873345851898,0.831960507811696,-0.0006640329957008362,0.0002110842615365982,-0.0011292286217212677,-0.000919681042432785,0.0015139108194921218,-0.5417023301124573,0.5013150572776794,0.25733697414398193,-0.26224926114082336,0.8243205735230655,0.010854578576982021,-0.014097064733505249,0.011897407472133636,-0.016272692009806633,0.011928346008062363,-0.016255363821983337,-0.0005324371159076691,0.00018700957298278809,-0.0006393063813447952,-0.0011041760444641113,0.0012811982814710503,-0.5919826030731201,0.45619717240333557,0.08767051249742508,-0.38863110542297363,0.8141083862016575,56.366334849000005,True,-0.0001323409378528595,2.4819746613502502e-05,-0.000489410012960434,0.0001837499439716339,0.0005393581072140447,0.05017360299825668,0.045079268515110016,0.16960500180721283,0.12631015479564667,0.22188934467663857,ROA_1001_model33000_noise15,2818,2026-10-01_00-04-08,0.01098665688186884,-0.01301620900630951
-0.00017276033759117126,0.0004127155989408493,-0.00012740492820739746,-0.0006614718586206436,0.000779858087579545,-0.48384159803390503,0.5509829521179199,0.2413312792778015,-0.20819203555583954,0.7985234946171715,-0.0006345566362142563,0.0001587904989719391,-0.0012324191629886627,-0.0008584931492805481,0.001568742311850984,-0.5268822312355042,0.4853615164756775,0.2383640855550766,-0.2371179759502411,0.7912563917089727,0.012061784975230694,-0.014515066519379616,0.013179631903767586,-0.016566455364227295,0.013052412308752537,-0.016643192619085312,-0.0005012378096580505,0.0001321546733379364,-0.0007206108421087265,-0.0010604038834571838,0.001295531420052381,-0.577934980392456,0.439217746257782,0.05670822784304619,-0.3725467026233673,0.7806686818792162,56.386335315000004,True,-0.0001344829797744751,2.9150396585464478e-05,-0.00051143579185009,0.0002012588083744049,0.0005661678235184798,0.05094101279973984,0.04611257091164589,0.18160229921340942,0.13530859351158142,0.23657970665564834,ROA_1001_model33000_noise15,2819,2026-10-01_00-04-08,0.012138775549829006,-0.013329906389117241
-0.00014007091522216797,0.0003729015588760376,-0.00016517005860805511,-0.0005886424332857132,0.0007000878318783386,-0.47271090745925903,0.5362708568572998,0.22215162217617035,-0.1833820641040802,0.769574382720042,-0.000597117468714714,0.00012130476534366608,-0.0013126060366630554,-0.0007922295480966568,0.001601883378301319,-0.5156309008598328,0.4715067148208618,0.22150388360023499,-0.21249613165855408,0.7631298791759757,0.013638261705636978,-0.014954349026083946,0.014864029362797737,-0.01712241768836975,0.01462492160499096,-0.017262542620301247,-0.00046370550990104675,9.462237358093262e-05,-0.00077798031270504,-0.001006200909614563,0.001290958364258656,-0.5637062191963196,0.4270956516265869,0.030660534277558327,-0.35416379570961,0.7516300040138597,56.406336678,True,-0.00013238750398159027,2.6728957891464233e-05,-0.0005337875336408615,0.00021280720829963684,0.0005898314457675233,0.04796357452869415,0.04437751695513725,0.1908256560564041,0.14158616960048676,0.24634239987921178,ROA_1001_model33000_noise15,2820,2026-10-01_00-04-08,0.013520265929400921,-0.013720446266233921
-0.00016083940863609314,0.00036135315895080566,-0.00015744008123874664,-0.0005834270268678665,0.0006882249936441189,-0.48408374190330505,0.5449186563491821,0.22552673518657684,-0.1867264360189438,0.7844013866101632,-0.0006268732249736786,0.00010943040251731873,-0.0013262499123811722,-0.0007831491529941559,0.0016195555869426917,-0.525070309638977,0.4815477728843689,0.22498005628585815,-0.2155536711215973,0.7775781115874473,0.015364530496299267,-0.0162370428442955,0.016537396237254143,-0.018198775127530098,0.016242429614067078,-0.018370935693383217,-0.000490434467792511,8.009374141693115e-05,-0.0007811933755874634,-0.0010096002370119095,0.001301056030965209,-0.5768266916275024,0.43479445576667786,0.03268243744969368,-0.3606984317302704,0.7675708696970924,56.426340344,True,-0.00013737007975578308,2.9988586902618408e-05,-0.0005456153303384781,0.0002260785549879074,0.0006066223730954478,0.051419246941804886,0.046640630811452866,0.19258353114128113,0.14514708518981934,0.25087591824728783,ROA_1001_model33000_noise15,2821,2026-10-01_00-04-08,0.014894668012857437,-0.014732466079294682
-8.307397365570068e-05,0.0002752058207988739,-0.000127498060464859,-0.00051865354180336,0.0005919955864685178,-0.4855962097644806,0.5405824184417725,0.2153133898973465,-0.1764325350522995,0.7771478658638197,-0.0005534850060939789,2.5797635316848755e-05,-0.001321546733379364,-0.0007184222340583801,0.00157953149958137,-0.5251215696334839,0.4789661467075348,0.21676252782344818,-0.20502600073814392,0.7708164813356929,0.01608533039689064,-0.01725652627646923,0.017156651243567467,-0.018962670117616653,0.016808608546853065,-0.019159166142344475,-0.0004178844392299652,-1.043081283569336e-05,-0.0007517635822296143,-0.0009436160326004028,0.0012380838803422122,-0.5772830843925476,0.43077486753463745,0.022526828572154045,-0.3497488498687744,0.7600729737760475,56.446339307,True,-0.00013690441846847534,3.715977072715759e-05,-0.000569317489862442,0.00022640451788902283,0.0006286971512516066,0.05205254629254341,0.04814471676945686,0.19419285655021667,0.14464184641838074,0.2522051009580284,ROA_1001_model33000_noise15,2822,2026-10-01_00-04-08,0.015208660624921322,-0.015700791031122208
2.2258609533309937e-05,0.0001512467861175537,-0.00011688098311424255,-0.00041546300053596497,0.00045749552213493797,-0.4725111424922943,0.5216560959815979,0.2039605677127838,-0.16248410940170288,0.749553933616508,-0.00045085325837135315,-8.819624781608582e-05,-0.001334957778453827,-0.000616908073425293,0.0015371554553468864,-0.5111675262451172,0.4614386558532715,0.20677408576011658,-0.1917397528886795,0.7441272356859375,0.016367606818675995,-0.018010342493653297,0.01735822670161724,-0.019666418433189392,0.017044486477971077,-0.019852139055728912,-0.00031813979148864746,-0.00012954697012901306,-0.0007356517016887665,-0.0008315779268741608,0.001152886423685202,-0.5640424489974976,0.4125572443008423,0.014059244655072689,-0.3310357928276062,0.7329394680847441,56.466340317000004,True,-0.00013690441846847534,4.116445779800415e-05,-0.0005971640348434448,0.00021569430828094482,0.000650775270209455,0.052712853997945786,0.04880409315228462,0.19270925223827362,0.13924668729305267,0.24822929295864463,ROA_1001_model33000_noise15,2823,2026-10-01_00-04-08,0.014797529205679893,-0.0164803434163332
0.00010896474123001099,6.370246410369873e-05,-0.0001734122633934021,-0.0003602355718612671,0.00041367087408461907,-0.45050492882728577,0.4969406723976135,0.19847041368484497,-0.1554097980260849,0.7154353130942995,-0.0003716908395290375,-0.00016177073121070862,-0.0013799406588077545,-0.000558607280254364,0.0015428868628302892,-0.48873013257980347,0.4379134476184845,0.19902175664901733,-0.185872420668602,0.7104622527421717,0.016776200383901596,-0.0181039497256279,0.017682204023003578,-0.019702544435858727,0.017438992857933044,-0.019866520538926125,-0.00023925676941871643,-0.00021327286958694458,-0.0007752329111099243,-0.0007558614015579224,0.0011290938738945898,-0.5432618260383606,0.3878725469112396,0.01583155244588852,-0.31695327162742615,0.700015561525061,56.486345488000005,True,-0.00013308599591255188,5.19677996635437e-05,-0.000605359673500061,0.0001973472535610199,0.0006524993619951146,0.05427468195557594,0.04999059811234474,0.18334200978279114,0.1310110092163086,0.2369552285774949,ROA_1001_model33000_noise15,2824,2026-10-01_00-04-08,0.014310799539089203,-0.01649876870214939
0.00016242265701293945,2.1513551473617554e-05,-0.00019865110516548157,-0.00032903626561164856,0.00039925497695336633,-0.43620166182518005,0.4809461236000061,0.19387434422969818,-0.14957040548324585,0.6927524434849107,-0.00031171366572380066,-0.00019026920199394226,-0.001413840800523758,-0.0005211681127548218,0.0015489342706176855,-0.4742909073829651,0.4230383634567261,0.19305570423603058,-0.18150544166564941,0.6885396941956143,0.016766998916864395,-0.017479993402957916,0.017589833587408066,-0.01882680505514145,0.017326727509498596,-0.01900581084191799,-0.00017937272787094116,-0.00024763867259025574,-0.0007923692464828491,-0.0007146038115024567,0.0011082589282240772,-0.5274069905281067,0.374921590089798,0.014051794074475765,-0.3084959387779236,0.6784080496733674,56.506341378,True,-0.00013243407011032104,5.6624412536621094e-05,-0.0006223097443580627,0.00019362196326255798,0.0006673059333334872,0.05275476351380348,0.048002224415540695,0.17930752038955688,0.12700259685516357,0.23086767448811749,ROA_1001_model33000_noise15,2825,2026-10-01_00-04-08,0.01400689035654068,-0.01599193550646305
0.00016083940863609314,6.407499313354492e-05,-0.00023096799850463867,-0.00037671998143196106,0.0004642294657176005,-0.4310011565685272,0.47778427600860596,0.18933600187301636,-0.14857202768325806,0.6859133717541727,-0.00031366944313049316,-0.00014193356037139893,-0.0014351680874824524,-0.000561494380235672,0.0015789908345698416,-0.4692896902561188,0.42038968205451965,0.18568894267082214,-0.18151475489139557,0.6813802600859129,0.016453642398118973,-0.01660607010126114,0.017218483611941338,-0.017502471804618835,0.016838032752275467,-0.017751473933458328,-0.00017862766981124878,-0.00020228326320648193,-0.0008159317076206207,-0.0007580965757369995,0.001145692970041894,-0.5218470096588135,0.3735208809375763,0.011054798029363155,-0.3059571385383606,0.6723557346118131,56.52634830900001,True,-0.00013550743460655212,5.988404154777527e-05,-0.000618956983089447,0.0001955777406692505,0.0006656236983823463,0.052418556064367294,0.046815719455480576,0.17460528016090393,0.12436508387327194,0.22547550443676848,ROA_1001_model33000_noise15,2826,2026-10-01_00-04-08,0.014306090772151947,-0.015067391097545624
0.00023297034204006195,2.682209014892578e-05,-0.0002857297658920288,-0.000349339097738266,0.0004853928039822709,-0.40804174542427063,0.45265209674835205,0.15771573781967163,-0.11708772927522659,0.6392269864672936,-0.00024442560970783234,-0.0001735985279083252,-0.0014845281839370728,-0.000524614006280899,0.0016007439076828913,-0.4468718469142914,0.3968914747238159,0.15440675616264343,-0.1491755247116089,0.6350120506580177,0.01578277163207531,-0.01549120619893074,0.016449127346277237,-0.016341814771294594,0.016095157712697983,-0.016578583046793938,-0.00010491348803043365,-0.0002416316419839859,-0.0008692964911460876,-0.0007302500307559967,0.0011597831732460527,-0.49910691380500793,0.3468906283378601,-0.02214684896171093,-0.27489522099494934,0.6260516639900383,56.546348007000006,True,-0.00013951212167739868,6.882473826408386e-05,-0.0006143935024738312,0.00020731240510940552,0.0006665255742246174,0.05210702866315842,0.04995846748352051,0.1764981895685196,0.12566149234771729,0.22815443293912818,ROA_1001_model33000_noise15,2827,2026-10-01_00-04-08,0.014545861631631851,-0.014265542849898338
0.0003016553819179535,4.0978193283081055e-06,-0.0003080349415540695,-0.00033956021070480347,0.0005120140166659656,-0.38627904653549194,0.4305001199245453,0.13848905265331268,-0.09637418389320374,0.6013505589126473,-0.00015692785382270813,-0.0001923646777868271,-0.0014820601791143417,-0.0005107838660478592,0.0015818495552145956,-0.42669472098350525,0.37499701976776123,0.1347060203552246,-0.12708082795143127,0.5974511113348064,0.014736142009496689,-0.014266787096858025,0.015278576873242855,-0.015097936615347862,0.014997885562479496,-0.015301895327866077,-2.5471672415733337e-05,-0.00025830231606960297,-0.0008820556104183197,-0.0007182825356721878,0.0011525035817756585,-0.4747067391872406,0.3267647624015808,-0.040306705981492996,-0.25273066759109497,0.5886008390818523,56.566349146,True,-0.0001325272023677826,6.686896085739136e-05,-0.0005999580025672913,0.0002071727067232132,0.0006515576425692956,0.04788022115826607,0.048161014914512634,0.1749885231256485,0.12559862434864044,0.2255958798348848,ROA_1001_model33000_noise15,2828,2026-10-01_00-04-08,0.01420756708830595,-0.01346072368323803
0.00035832636058330536,-2.4633482098579407e-05,-0.00030994415283203125,-0.0003377441316843033,0.00052917897705105,-0.3650053143501282,0.4084128737449646,0.1303972601890564,-0.08832057565450668,0.5687426308679996,-9.62521880865097e-05,-0.00021327286958694458,-0.0014621298760175705,-0.0005071517080068588,0.0015560220014758997,-0.4063187837600708,0.35253816843032837,0.12744124233722687,-0.1165890097618103,0.5649722668542804,0.013995026238262653,-0.013005728833377361,0.0143216447904706,-0.013683238066732883,0.014179626479744911,-0.013814813457429409,3.580935299396515e-05,-0.00028209760785102844,-0.0008868984878063202,-0.0007178634405136108,0.0011512359591639267,-0.45234429836273193,0.3059226870536804,-0.04821689426898956,-0.24469800293445587,0.556398911713492,56.586351149,True,-0.00013192184269428253,6.807968020439148e-05,-0.000575091689825058,0.00020954757928848267,0.0006295591374128269,0.04591280221939087,0.04655541479587555,0.17562182247638702,0.12805451452732086,0.22674604780099386,ROA_1001_model33000_noise15,2829,2026-10-01_00-04-08,0.01345894206315279,-0.012722097337245941
0.00045904889702796936,-0.00010756775736808777,-0.0003559514880180359,-0.00030212104320526123,0.0005924998808478425,-0.3287717401981354,0.3706570565700531,0.11990638077259064,-0.07777195423841476,0.5143509386093328,-2.1047890186309814e-05,-0.0002921558916568756,-0.0014699529856443405,-0.000468594953417778,0.0015467887352163933,-0.37003493309020996,0.3147064447402954,0.11775828152894974,-0.10347086191177368,0.5104247613656842,0.013872613199055195,-0.011558741331100464,0.014027677476406097,-0.012070143595337868,0.0139992106705904,-0.012144304811954498,0.00012945383787155151,-0.00036405399441719055,-0.000925036147236824,-0.0006745569407939911,0.0011507363759266345,-0.4179258644580841,0.26705068349838257,-0.055619977414608,-0.2316557765007019,0.5035439087282729,56.606350367000005,True,-0.00015115365386009216,7.194466888904572e-05,-0.0005444511771202087,0.00020558945834636688,0.0006054244831205474,0.04776659980416298,0.04759383946657181,0.1733396053314209,0.1281234323978424,0.22565452797009733,ROA_1001_model33000_noise15,2830,2026-10-01_00-04-08,0.013141152448952198,-0.011758669279515743
0.0004168599843978882,-8.954666554927826e-05,-0.0003291293978691101,-0.0003485940396785736,0.0005607959551113191,-0.33342602849006653,0.37392646074295044,0.1407703310251236,-0.10435701906681061,0.5296847288519654,-9.532086551189423e-05,-0.0002676621079444885,-0.0014289747923612595,-0.0005073845386505127,0.0015271777238452851,-0.37275439500808716,0.31898775696754456,0.13913492858409882,-0.12750130891799927,0.5256218740028948,0.014730975031852722,-0.010986748151481152,0.014486206695437431,-0.010945281945168972,0.014662097208201885,-0.010872786864638329,7.35744833946228e-05,-0.00035120174288749695,-0.000900542363524437,-0.0007186084985733032,0.0011643066420309526,-0.4278337359428406,0.2675507962703705,-0.03403704613447189,-0.2578780949115753,0.5189587687175775,56.626348529000005,True,-0.0001671724021434784,8.335337042808533e-05,-0.0005285255610942841,0.00021061860024929047,0.0005986447773900418,0.054972708225250244,0.051378268748521805,0.17313843965530396,0.13028550148010254,0.22925048471128945,ROA_1001_model33000_noise15,2831,2026-10-01_00-04-08,0.013798492029309273,-0.011324984021484852
0.0004771631211042404,-0.00011711381375789642,-0.00042188912630081177,-0.00030919909477233887,0.0006506755936343986,-0.31781893968582153,0.35723575949668884,0.12568198144435883,-0.08963094651699066,0.5013825816820806,-4.256144165992737e-05,-0.00029513612389564514,-0.0015062279999256134,-0.00046589411795139313,0.001581967114054001,-0.35790911316871643,0.3020092844963074,0.12538301944732666,-0.11092144250869751,0.49731220030290935,0.014854172244668007,-0.01133821066468954,0.014654397964477539,-0.011285980232059956,0.014814325608313084,-0.011215147562325,0.0001364387571811676,-0.0003811437636613846,-0.0009959563612937927,-0.0006844755262136459,0.00121341518005103,-0.4126834571361542,0.2502002716064453,-0.04983879253268242,-0.2444535344839096,0.49200774368336725,56.646353508000004,True,-0.00017746351659297943,8.665956556797028e-05,-0.000510411337018013,0.00021951273083686829,0.0005896004254004061,0.054683998227119446,0.05174800381064415,0.1751812994480133,0.13345526158809662,0.23261397108392054,ROA_1001_model33000_noise15,2832,2026-10-01_00-04-08,0.014355216175317764,-0.01139784138649702
0.0004999339580535889,-0.00011711381375789642,-0.0005117151886224747,-0.0002916436642408371,0.0007285756479154529,-0.3240974545478821,0.3616623282432556,0.10839848965406418,-0.07020868360996246,0.5014401213435395,-3.459863364696503e-05,-0.0002990942448377609,-0.0015715137124061584,-0.00044051557779312134,0.0016361856836865968,-0.3646449148654938,0.3067883551120758,0.10812002420425415,-0.09002815186977386,0.4968697452190732,0.014424081891775131,-0.01273913960903883,0.014242270961403847,-0.012678703293204308,0.01437743566930294,-0.012610729783773422,0.00014794059097766876,-0.0003931112587451935,-0.0010804273188114166,-0.0006665941327810287,0.001272365005046162,-0.42268726229667664,0.24952737987041473,-0.06489269435405731,-0.22419913113117218,0.49516839064286716,56.666351158000005,True,-0.00018440186977386475,9.420327842235565e-05,-0.000490853562951088,0.00022659078240394592,0.0005788779229472838,0.057705674320459366,0.05702254921197891,0.17363902926445007,0.13449926674365997,0.23396243342981302,ROA_1001_model33000_noise15,2833,2026-10-01_00-04-08,0.01479353103786707,-0.012162048369646072
0.0004813075065612793,-0.00011692754924297333,-0.000547291710972786,-0.0002910848706960678,0.0007446214784588769,-0.3422982692718506,0.37651413679122925,0.09954999387264252,-0.06182863935828209,0.5212330245316453,-8.507631719112396e-05,-0.00030491501092910767,-0.0015929806977510452,-0.0004357192665338516,0.0016596911971941894,-0.38127273321151733,0.323323518037796,0.10019726306200027,-0.07948791235685349,0.5159926501167369,0.013390091247856617,-0.0140602495521307,0.013235737569630146,-0.013994473032653332,0.013349845074117184,-0.013932980597019196,0.00010682269930839539,-0.0004154164344072342,-0.0011119060218334198,-0.0006728805601596832,0.001306169951309355,-0.4472569227218628,0.2565006613731384,-0.07371371239423752,-0.217075914144516,0.5179024747163216,56.686350121000004,True,-0.0001918058842420578,0.00011059455573558807,-0.0004813075065612793,0.0002378597855567932,0.0005805886448432651,0.065571628510952,0.0666002705693245,0.17456616461277008,0.13790185749530792,0.2410614577721393,ROA_1001_model33000_noise15,2834,2026-10-01_00-04-08,0.014045704156160355,-0.013134627602994442
0.0004605390131473541,-0.0001107342541217804,-0.0005767215043306351,-0.00028475187718868256,0.0007559856711306394,-0.3391941785812378,0.3717946708202362,0.09160814434289932,-0.05208374559879303,0.5131942980366988,-0.00012004747986793518,-0.0002987682819366455,-0.0016103964298963547,-0.00042566098272800446,0.001677046292089043,-0.37819144129753113,0.3189290761947632,0.09287427365779877,-0.0687791034579277,0.5079864699121907,0.012488785199820995,-0.014900587499141693,0.012310432270169258,-0.014995401725172997,0.012478296644985676,-0.014896316453814507,7.706694304943085e-05,-0.0004161614924669266,-0.0011373311281204224,-0.0006644055247306824,0.0013257268073573905,-0.4468317925930023,0.24865520000457764,-0.08154752850532532,-0.20678387582302094,0.5123874638611492,56.706354491000006,True,-0.0001984182745218277,0.000118231400847435,-0.00047390349209308624,0.00023939646780490875,0.0005788147399987353,0.06822124123573303,0.0700848177075386,0.1749759465456009,0.13828043639659882,0.24324631936359933,ROA_1001_model33000_noise15,2835,2026-10-01_00-04-08,0.012544487603008747,-0.014249268919229507
0.0004301778972148895,-0.00010416842997074127,-0.0005456153303384781,-0.0002871733158826828,0.0007159611555974937,-0.3337631821632385,0.36632266640663147,0.09785684943199158,-0.06030406430363655,0.507783724387093,-0.00016689300537109375,-0.00029010698199272156,-0.001580687239766121,-0.00042496249079704285,0.001654165377476288,-0.3711813986301422,0.3146328926086426,0.10060425102710724,-0.0748257115483284,0.5024240916330375,0.01220079604536295,-0.014508816413581371,0.012057773768901825,-0.014589626342058182,0.012197284959256649,-0.014510084874927998,3.9068982005119324e-05,-0.000415043905377388,-0.0011079944670200348,-0.0006658956408500671,0.0013063365879540175,-0.44433629512786865,0.24065932631492615,-0.0750664621591568,-0.21408823132514954,0.5069101249800195,56.726353806000006,True,-0.0002064742147922516,0.00012419186532497406,-0.0004705507308244705,0.00024284236133098602,0.0005815858118059444,0.07297098636627197,0.07388041913509369,0.17567722499370575,0.1392066478729248,0.24676581127735436,ROA_1001_model33000_noise15,2836,2026-10-01_00-04-08,0.011631934903562069,-0.01414283737540245
0.0003497116267681122,-2.6635825634002686e-05,-0.00050361268222332,-0.00034011900424957275,0.0006735739448183105,-0.3446829319000244,0.3786063492298126,0.11273845285177231,-0.07760012149810791,0.5291254589295662,-0.00023902393877506256,-0.0002123415470123291,-0.0015433412045240402,-0.00047301873564720154,0.0016403494714419319,-0.38189393281936646,0.32637733221054077,0.11654430627822876,-0.09119044244289398,0.523665714848493,0.012840255163609982,-0.014230320230126381,0.012748329900205135,-0.014280099421739578,0.012840255163609982,-0.014230320230126381,-3.390014171600342e-05,-0.0003370456397533417,-0.0010653864592313766,-0.0007180031388998032,0.0013036059384905182,-0.45546653866767883,0.25369691848754883,-0.062013041228055954,-0.23225879669189453,0.5254736922707757,56.746354144,True,-0.0002041459083557129,0.0001255422830581665,-0.00047851353883743286,0.0002450309693813324,0.000588353572299378,0.07336307317018509,0.07259798794984818,0.1786169558763504,0.1409933865070343,0.24965040692110366,ROA_1001_model33000_noise15,2837,2026-10-01_00-04-08,0.012001941911876202,-0.013990682549774647
0.0003030989319086075,2.7660280466079712e-05,-0.0004784204065799713,-0.0003810971975326538,0.000665695275178608,-0.3559998869895935,0.3904420733451843,0.1190914735198021,-0.08696084469556808,0.547833208955156,-0.0002779066562652588,-0.00015976838767528534,-0.0015182886272668839,-0.0005135778337717056,0.0016333964137090278,-0.39253708720207214,0.3386181592941284,0.12345565110445023,-0.09964033216238022,0.5421184941235184,0.013153214938938618,-0.014054233208298683,0.013103153556585312,-0.014087362214922905,0.013159085996448994,-0.01405794732272625,-7.878988981246948e-05,-0.0002868473529815674,-0.0010460615158081055,-0.0007642898708581924,0.001316697724928988,-0.4674801528453827,0.264055073261261,-0.05703093111515045,-0.24288751184940338,0.5425074295080409,56.766355635000004,True,-0.00019883736968040466,0.00012926757335662842,-0.00047297216951847076,0.0002498738467693329,0.0005848096248354243,0.07462920248508453,0.07441826164722443,0.18085072934627533,0.14335475862026215,0.2534691065612513,ROA_1001_model33000_noise15,2838,2026-10-01_00-04-08,0.012899511493742466,-0.01344380620867014
0.00030710361897945404,3.366731107234955e-05,-0.0004854053258895874,-0.0003918074071407318,0.0006790652680426397,-0.36312636733055115,0.3968132436275482,0.11911103129386902,-0.08522532135248184,0.5566984637745694,-0.00027408823370933533,-0.00015869736671447754,-0.0014902092516422272,-0.0005255918949842453,0.001610585575880453,-0.4005501866340637,0.34393739700317383,0.12176855653524399,-0.09900657087564468,0.5507694319326188,0.013076280243694782,-0.014927191659808159,0.013041212223470211,-0.014947790652513504,0.013076280243694782,-0.014927191659808159,-7.860362529754639e-05,-0.0002874992787837982,-0.0010349787771701813,-0.0007642433047294617,0.0013080991662136549,-0.47543734312057495,0.2681161165237427,-0.05274638161063194,-0.23783229291439056,0.5514018827868928,56.786356037000004,True,-0.00019529834389686584,0.000130385160446167,-0.00045569613575935364,0.0002382323145866394,0.0005648314525796055,0.07470138370990753,0.07573980838060379,0.17448188364505768,0.1387614756822586,0.24674302159918013,ROA_1001_model33000_noise15,2839,2026-10-01_00-04-08,0.013401728123426437,-0.014039301313459873
0.00029690563678741455,3.69735062122345e-05,-0.0004894565790891647,-0.00039064325392246246,0.0006788964070357269,-0.3753611743450165,0.40698376297950745,0.11638132482767105,-0.08098920434713364,0.5707469834227565,-0.00030333176255226135,-0.00016186386346817017,-0.001467391848564148,-0.0005288515239953995,0.001596496347290277,-0.4121078848838806,0.35402271151542664,0.1179007738828659,-0.09575485438108444,0.5641083789441923,0.012627781368792057,-0.016003187745809555,0.012607657350599766,-0.016015369445085526,0.012627781368792057,-0.016003187745809555,-0.00010281801223754883,-0.0002969987690448761,-0.0010273419320583344,-0.0007566995918750763,0.0013024377702364673,-0.4910607635974884,0.2739550471305847,-0.05205301195383072,-0.23073655366897583,0.5670357647373785,56.80636165600001,True,-0.00019995495676994324,0.0001366250216960907,-0.0004425179213285446,0.00022882595658302307,0.0005532861160218497,0.07883551716804504,0.07998104393482208,0.169880673289299,0.13489554822444916,0.24397087155836472,ROA_1001_model33000_noise15,2840,2026-10-01_00-04-08,0.013085808604955673,-0.014977723360061646
0.00027688220143318176,4.0046870708465576e-05,-0.00047725625336170197,-0.0003860797733068466,0.0006614252583419522,-0.37579888105392456,0.40626057982444763,0.11631054431200027,-0.08109258115291595,0.57053643426982,-0.0003480352461338043,-0.00016586855053901672,-0.0014557503163814545,-0.0005281064659357071,0.0015954435250548464,-0.41191837191581726,0.35276728868484497,0.11820392310619354,-0.0962275043129921,0.5633294106529827,0.01223989948630333,-0.01664883643388748,0.012216076254844666,-0.016657143831253052,0.012234101071953773,-0.01664547808468342,-0.0001344829797744751,-0.00029942020773887634,-0.001016072928905487,-0.0007524620741605759,0.0012968536927530714,-0.4942733645439148,0.2707233428955078,-0.05159945785999298,-0.23022526502609253,0.5680453705840353,56.826361771,True,-0.00021262094378471375,0.00013550743460655212,-0.0004404224455356598,0.0002216547727584839,0.0005533155351912023,0.08221714943647385,0.0819675549864769,0.16973865032196045,0.13391439616680145,0.24511701313134948,ROA_1001_model33000_noise15,2841,2026-10-01_00-04-08,0.012134131975471973,-0.015869539231061935
0.0002676621079444885,5.0477683544158936e-05,-0.00047874636948108673,-0.000395067036151886,0.0006667045034983081,-0.363768070936203,0.3956993818283081,0.11788680404424667,-0.08262646943330765,0.555642050178007,-0.0003651715815067291,-0.00015962868928909302,-0.001470278948545456,-0.0005405396223068237,0.0016162308014042608,-0.40031781792640686,0.3414824306964874,0.12062256783246994,-0.09802448749542236,0.548644314080211,0.012561984360218048,-0.016570737585425377,0.012655227445065975,-0.01667654700577259,0.012600468471646309,-0.01672610267996788,-0.0001409091055393219,-0.0002845190465450287,-0.0010234303772449493,-0.0007621012628078461,0.001307383033740783,-0.4816911816596985,0.2616690397262573,-0.05138199403882027,-0.23229466378688812,0.5529100136825076,56.846364637,True,-0.00022212043404579163,0.00012433156371116638,-0.00044801272451877594,0.0002205371856689453,0.0005603607944325805,0.08118803799152374,0.07972772419452667,0.17198546230793,0.13420496881008148,0.24577772472194215,ROA_1001_model33000_noise15,2842,2026-10-01_00-04-08,0.011967629194259644,-0.016056785359978676
0.00024363398551940918,7.385388016700745e-05,-0.000471482053399086,-0.0004119705408811569,0.0006687446227455053,-0.36295968294143677,0.3961249887943268,0.12453458458185196,-0.0909930020570755,0.5582026236820369,-0.00039599835872650146,-0.0001412816345691681,-0.0014699529856443405,-0.0005558598786592484,0.001626793990740003,-0.39916670322418213,0.34198257327079773,0.1274854838848114,-0.10653910785913467,0.5512581004052102,0.01296917349100113,-0.016247091814875603,0.0130415428429842,-0.016345983371138573,0.01299408357590437,-0.01639411970973015,-0.00016437843441963196,-0.0002633780241012573,-0.0010179821401834488,-0.0007786322385072708,0.0013143738526677693,-0.48146581649780273,0.2616904675960541,-0.04540755972266197,-0.24092614650726318,0.5542177913085473,56.866364432000005,True,-0.00023208558559417725,0.00012284144759178162,-0.00045318156480789185,0.00022174790501594543,0.0005687220207137622,0.08213239908218384,0.08021294325590134,0.1728581190109253,0.1343144029378891,0.246917824676587,ROA_1001_model33000_noise15,2843,2026-10-01_00-04-08,0.01245165430009365,-0.015631074085831642
0.00021960586309432983,0.00010291114449501038,-0.00045909546315670013,-0.000439351424574852,0.0006762502424155068,-0.37084704637527466,0.4041064381599426,0.12986873090267181,-0.09692692756652832,0.5711848798826411,-0.0004252418875694275,-0.00011688098311424255,-0.0014508143067359924,-0.0005850568413734436,0.0016245823289086504,-0.40697675943374634,0.34963616728782654,0.1321658492088318,-0.11311890184879303,0.5640382394466457,0.013295259326696396,-0.01651315577328205,0.01336426381021738,-0.016623735427856445,0.013328109867870808,-0.016666289418935776,-0.00019082799553871155,-0.000240374356508255,-0.0009968876838684082,-0.0008026603609323502,0.0013145029633415556,-0.49069055914878845,0.2680160105228424,-0.03828061744570732,-0.24517764151096344,0.5666529214341958,56.886369218000006,True,-0.0002360902726650238,0.00012228265404701233,-0.0004523899406194687,0.00021727755665779114,0.0005678976076531364,0.08351355046033859,0.08152331411838531,0.17042037844657898,0.1319735199213028,0.2448328175442761,ROA_1001_model33000_noise15,2844,2026-10-01_00-04-08,0.0131759662181139,-0.015608232468366623
0.00019846484065055847,0.0001189298927783966,-0.00044945627450942993,-0.0004482921212911606,0.0006735942925158793,-0.3827213943004608,0.4153009355068207,0.13340264558792114,-0.10062427818775177,0.5882580694116126,-0.0004628673195838928,-0.0001105479896068573,-0.0014300458133220673,-0.0005949754267930984,0.0016187161924327215,-0.418207585811615,0.36073845624923706,0.13511301577091217,-0.11731357872486115,0.5805579349007073,0.01311396062374115,-0.017185036092996597,0.01317994762212038,-0.017307311296463013,0.01315403077751398,-0.017344392836093903,-0.00022202730178833008,-0.00023208558559417725,-0.0009796582162380219,-0.0008092727512121201,0.0013101480041846842,-0.5053644776344299,0.276184618473053,-0.03253575414419174,-0.2466561198234558,0.5841512156750814,56.906367934,True,-0.00024046748876571655,0.00012433156371116638,-0.0004504341632127762,0.00021192245185375214,0.0005665737330952394,0.08702836185693741,0.08448491990566254,0.1675584316253662,0.12924614548683167,0.2436176060068331,ROA_1001_model33000_noise15,2845,2026-10-01_00-04-08,0.013156875967979431,-0.016093308106064796
0.00015702098608016968,0.00015059486031532288,-0.00041928142309188843,-0.00048154033720493317,0.0006742925070587391,-0.3989729881286621,0.43112969398498535,0.14036054909229279,-0.10721198469400406,0.6127067402426125,-0.0005082227289676666,-8.475035429000854e-05,-0.0013920944184064865,-0.0006300397217273712,0.001607646627233653,-0.4343697726726532,0.3757886290550232,0.14141947031021118,-0.12477672845125198,0.6045327483011649,0.012931815348565578,-0.017879439517855644,0.013020401820540428,-0.018002761527895927,0.012984960339963436,-0.01804904267191887,-0.0002660788595676422,-0.00020526349544525146,-0.0009432435035705566,-0.0008355360478162766,0.0013039460271478478,-0.5229403972625732,0.29082781076431274,-0.02333335392177105,-0.25122472643852234,0.6083860226705615,56.926366994000006,True,-0.00024242326617240906,0.00011883676052093506,-0.00044908374547958374,0.00020721927285194397,0.0005634503860554098,0.08842813968658447,0.08488445729017258,0.16469833254814148,0.12634508311748505,0.24078526107974374,ROA_1001_model33000_noise15,2846,2026-10-01_00-04-08,0.012834354303777218,-0.0168735533952713
0.00013373792171478271,0.00016838312149047852,-0.0004062894731760025,-0.0004975125193595886,0.000677363181584831,-0.4073129892349243,0.44004616141319275,0.1467093825340271,-0.11385650932788849,0.6270490515380394,-0.0005349516868591309,-7.133930921554565e-05,-0.0013751443475484848,-0.000645127147436142,0.0016046111142434592,-0.44259053468704224,0.3844853341579437,0.14735758304595947,-0.13199400901794434,0.6187438205978276,0.012953273952007294,-0.018222516402602196,0.012998140417039394,-0.018362730741500854,0.012986937537789345,-0.018388286232948303,-0.00029066577553749084,-0.0001889653503894806,-0.0009251292794942856,-0.0008481554687023163,0.0013009180122919015,-0.5312896966934204,0.2995850443840027,-0.015702564269304276,-0.2568242847919464,0.6218540357572362,56.946367846,True,-0.00024242326617240906,0.00011567026376724243,-0.0004507601261138916,0.00020600855350494385,0.0005636999711180246,0.08858087658882141,0.08480250090360641,0.16297166049480438,0.1247655525803566,0.23880921016669884,ROA_1001_model33000_noise15,2847,2026-10-01_00-04-08,0.0127847446128726,-0.01729847677052021
0.00013774260878562927,0.00016801059246063232,-0.0004191417247056961,-0.0005028676241636276,0.0006897488088716997,-0.4043876826763153,0.43861937522888184,0.14937248826026917,-0.11560646444559097,0.6250534297647251,-0.0005195848643779755,-7.208436727523804e-05,-0.0013864599168300629,-0.0006523914635181427,0.0016127877170926373,-0.4403637647628784,0.3826468884944916,0.14937669038772583,-0.13478006422519684,0.6170942475527459,0.013151406310498714,-0.018296146765351295,0.013195096515119076,-0.018650591373443604,0.013252022676169872,-0.018622899428009987,-0.00027939677238464355,-0.00018505379557609558,-0.0009328126907348633,-0.0008514150977134705,0.0013057015001408604,-0.5264468193054199,0.29966792464256287,-0.012088566087186337,-0.25771743059158325,0.6187294927456731,56.966372411,True,-0.00024186447262763977,0.00011119991540908813,-0.00045374035835266113,0.0001989305019378662,0.000562405694854797,0.08596479147672653,0.08287186920642853,0.16135954856872559,0.12288707494735718,0.2350597877725491,ROA_1001_model33000_noise15,2848,2026-10-01_00-04-08,0.012921983376145363,-0.017396755516529083
0.00010933727025985718,0.00019436702132225037,-0.0004084315150976181,-0.0005226582288742065,0.0006990772856487582,-0.4129372239112854,0.4483898878097534,0.1585981696844101,-0.12566474080085754,0.6415746192916791,-0.000547897070646286,-4.9173831939697266e-05,-0.0013791956007480621,-0.0006754882633686066,0.0016205810248142508,-0.44893842935562134,0.3920001685619354,0.15808874368667603,-0.14549213647842407,0.6335155555893579,0.013301069848239422,-0.018555689603090286,0.01333090290427208,-0.018928542733192444,0.013404633849859238,-0.018889037892222404,-0.0003053806722164154,-0.00015888363122940063,-0.0009205657988786697,-0.0008707866072654724,0.0013099112571232905,-0.534562349319458,0.31009408831596375,-0.0024223700165748596,-0.267714262008667,0.6341336279172237,56.986375535,True,-0.0002423301339149475,0.00010812655091285706,-0.0004597008228302002,0.0001959037035703659,0.0005657762652427161,0.08546746522188187,0.08181202411651611,0.1604519635438919,0.12216204404830933,0.23352514894324514,ROA_1001_model33000_noise15,2849,2026-10-01_00-04-08,0.012976647354662418,-0.017673498019576073
6.239861249923706e-05,0.00024223700165748596,-0.00037709251046180725,-0.00056498683989048,0.0007196570844964937,-0.42759066820144653,0.46538373827934265,0.17437058687210083,-0.14329467713832855,0.6704291067098188,-0.0005821697413921356,-9.499490261077881e-06,-0.0013526063412427902,-0.0007175374776124954,0.0016189097597689426,-0.4640873372554779,0.4078587293624878,0.17346394062042236,-0.16337259113788605,0.6621536878564329,0.013383107259869576,-0.018607432022690773,0.013464539311826229,-0.018977275118231773,0.013512871228158474,-0.018954666331410408,-0.00034458935260772705,-0.00010691583156585693,-0.0008873175829648972,-0.0009138137102127075,0.0013131979518430348,-0.5479761958122253,0.3289589583873749,0.013575888238847256,-0.28593510389328003,0.6614147507923863,57.006372099000004,True,-0.00023916363716125488,9.723007678985596e-05,-0.0004650093615055084,0.0001982320100069046,0.0005675980858499836,0.08375848829746246,0.07883737981319427,0.15982425212860107,0.12246984243392944,0.2316705732235794,ROA_1001_model33000_noise15,2850,2026-10-01_00-04-08,0.012966595590114594,-0.01776963472366333
2.9243528842926025e-05,0.00027818605303764343,-0.0003607477992773056,-0.0005912967026233673,0.000738486390896766,-0.4370892345905304,0.4763919711112976,0.1845136135816574,-0.1549045443534851,0.6893321610389306,-0.0006087124347686768,2.030283212661743e-05,-0.0013374723494052887,-0.0007423106580972672,0.0016196715390840606,-0.4739379286766052,0.4181898832321167,0.18306401371955872,-0.17527955770492554,0.6809138835550956,0.013539913110435009,-0.018642019480466843,0.013639616779983044,-0.01901090517640114,0.013673768378794193,-0.01899685524404049,-0.00037439167499542236,-6.91041350364685e-05,-0.0008707866072654724,-0.0009431503713130951,0.0013204281370854244,-0.5566198229789734,0.3407280743122101,0.024034174159169197,-0.29792869091033936,0.679263563026214,57.02637570300001,True,-0.00023301690816879272,9.145587682723999e-05,-0.0004689674824476242,0.00019962899386882782,0.0005678049718263888,0.08252914249897003,0.07741246372461319,0.1589539349079132,0.12256576865911484,0.23022163258460826,ROA_1001_model33000_noise15,2851,2026-10-01_00-04-08,0.013159923255443573,-0.017761681228876114
1.2852251529693604e-05,0.0002932734787464142,-0.0003604218363761902,-0.0006027054041624069,0.0007498444332897493,-0.44874194264411926,0.4885466396808624,0.19187526404857635,-0.16218236088752747,0.7087253239882532,-0.0006133690476417542,3.213062882423401e-05,-0.0013325363397598267,-0.0007569789886474609,0.0016211316351405485,-0.48630961775779724,0.42959487438201904,0.189590722322464,-0.18300114572048187,0.7002618640387493,0.013726675882935524,-0.01898152381181717,0.013841475360095501,-0.019357003271579742,0.013866067864000797,-0.019345609471201897,-0.00038659200072288513,-5.7462602853775024e-05,-0.0008639413863420486,-0.0009523704648017883,0.0013221639686687382,-0.5674706697463989,0.353164941072464,0.032646581530570984,-0.30534759163856506,0.6981203427324681,57.046375436000005,True,-0.00022780150175094604,8.810311555862427e-05,-0.00046850182116031647,0.00019613653421401978,0.0005635447629453994,0.08104182034730911,0.07634889334440231,0.15687894821166992,0.12226774543523788,0.22776048040602948,ROA_1001_model33000_noise15,2852,2026-10-01_00-04-08,0.013601916842162609,-0.017942404374480247
4.842877388000488e-06,0.0002930872142314911,-0.0003618188202381134,-0.0005927402526140213,0.0007407969575307956,-0.45926401019096375,0.4973606765270233,0.19289971888065338,-0.16313929855823517,0.7219892273772792,-0.0006285496056079865,2.5052577257156372e-05,-0.0013259239494800568,-0.000744406133890152,0.0016160969963901143,-0.4966016709804535,0.4383642077445984,0.19003915786743164,-0.18395482003688812,0.7131643376574235,0.013544688001275063,-0.01938844472169876,0.013660342432558537,-0.019771069288253784,0.01368069276213646,-0.019760530441999435,-0.00040121376514434814,-6.537884473800659e-05,-0.0008612405508756638,-0.0009418930858373642,0.001317011294168879,-0.5792230367660522,0.3596041202545166,0.03539351746439934,-0.305862158536911,0.711480151429863,57.06637318400001,True,-0.0002251937985420227,9.12696123123169e-05,-0.0004651956260204315,0.00019720755517482758,0.0005606496776587505,0.0825272798538208,0.0787125825881958,0.15458697080612183,0.12182164192199707,0.22728292384299842,ROA_1001_model33000_noise15,2853,2026-10-01_00-04-08,0.013680858537554741,-0.018072308972477913
-3.343448042869568e-05,0.00032177194952964783,-0.00033401884138584137,-0.0006139744073152542,0.0007510947404779809,-0.4778457581996918,0.5149598717689514,0.20266184210777283,-0.17458292841911316,0.7511952379033361,-0.0006658025085926056,4.7869980335235596e-05,-0.001306086778640747,-0.0007676426321268082,0.0016170617945756602,-0.5149058699607849,0.45561137795448303,0.19995029270648956,-0.195162832736969,0.7420365700231019,0.013512536883354187,-0.019764695316553116,0.013515410013496876,-0.020004818215966225,0.013583021238446236,-0.01994464360177517,-0.00044116750359535217,-3.986060619354248e-05,-0.0008377246558666229,-0.0009664334356784821,0.0013203859525551887,-0.5978960394859314,0.3768075108528137,0.04453397914767265,-0.3188643455505371,0.7402383598791578,57.08637506,True,-0.00022584572434425354,8.754432201385498e-05,-0.0004666857421398163,0.00019869767129421234,0.0005620458215994756,0.08282064646482468,0.07870326936244965,0.15534040331840515,0.12364330887794495,0.22890288081165286,ROA_1001_model33000_noise15,2854,2026-10-01_00-04-08,0.013532228767871857,-0.01846434734761715
-4.805624485015869e-05,0.0003307126462459564,-0.0003010965883731842,-0.0006250105798244476,0.0007504308779180417,-0.4693884253501892,0.5087414383888245,0.21167470514774323,-0.18564331531524658,0.7467635287450666,-0.000664684921503067,5.988404154777527e-05,-0.0013047829270362854,-0.0007783994078636169,0.0016181179187290552,-0.5066077709197998,0.4489859342575073,0.2102833092212677,-0.20581436157226562,0.7379974109547813,0.01378804910928011,-0.019669318571686745,0.013819324783980846,-0.019906386733055115,0.013877417892217636,-0.01985422894358635,-0.0004437752068042755,-1.7415732145309448e-05,-0.0008190982043743134,-0.0009860843420028687,0.0013180943382710133,-0.5855988264083862,0.3755967915058136,0.049260906875133514,-0.3340314030647278,0.7347830806345471,57.106383081000004,True,-0.00022100284695625305,7.664784789085388e-05,-0.0004832632839679718,0.0002066139131784439,0.000575087062468329,0.07878429442644119,0.07333420217037201,0.16101868450641632,0.128111332654953,0.2320986876131522,ROA_1001_model33000_noise15,2855,2026-10-01_00-04-08,0.013215124607086182,-0.018843084573745728
-3.632158041000366e-05,0.00031283125281333923,-0.00031283125281333923,-0.000602472573518753,0.0007301525430577177,-0.4558181166648865,0.49801820516586304,0.21217529475688934,-0.18594320118427277,0.7311412580162677,-0.000620819628238678,4.684552550315857e-05,-0.001355120912194252,-0.000759633257985115,0.001641572758996211,-0.49380770325660706,0.43813788890838623,0.2121310532093048,-0.20601040124893188,0.723258687055047,0.014276906847953796,-0.018626436591148376,0.014447186142206192,-0.018989773467183113,0.014433054253458977,-0.01899641752243042,-0.00040959566831588745,-1.816079020500183e-05,-0.0008554663509130478,-0.0009766314178705215,0.0013304961617888343,-0.5660271048545837,0.3713965117931366,0.043285541236400604,-0.3400663733482361,0.7179602844197418,57.12638041300001,True,-0.00021141022443771362,6.584450602531433e-05,-0.0004996545612812042,0.00021676532924175262,0.000587526656610881,0.07193349301815033,0.06665755063295364,0.1689842790365219,0.13397353887557983,0.23680171333812397,ROA_1001_model33000_noise15,2856,2026-10-01_00-04-08,0.013486403040587902,-0.018027080222964287
-5.0477683544158936e-05,0.00031888484954833984,-0.00029597431421279907,-0.0006064306944608688,0.0007280958698221468,-0.45220738649368286,0.496115505695343,0.21634389460086823,-0.19086943566799164,0.7300884148397183,-0.0006057322025299072,6.062909960746765e-05,-0.0013771932572126389,-0.0007681082934141159,0.0016576000565802476,-0.4904530644416809,0.4363600015640259,0.21718813478946686,-0.21098600327968597,0.7228381278731357,0.015193147584795952,-0.017839515581727028,0.015389540232717991,-0.01818935014307499,0.015357495285570621,-0.01821257919073105,-0.00040801241993904114,-8.381903171539307e-07,-0.0008588656783103943,-0.0009961891919374466,0.00134362598924725,-0.5578156113624573,0.374526709318161,0.041262708604335785,-0.35061824321746826,0.7160949927419434,57.146400786,True,-0.00019725412130355835,6.146728992462158e-05,-0.0005201436579227448,0.00022738240659236908,0.000603725459783856,0.06709899753332138,0.0617690347135067,0.17609120905399323,0.13948556780815125,0.24236917668867233,ROA_1001_model33000_noise15,2857,2026-10-01_00-04-08,0.014438599348068237,-0.01727181486785412
-3.6694109439849854e-05,0.00029169023036956787,-0.0002868473529815674,-0.0005804002285003662,0.0006948033063331286,-0.4481775462627411,0.4908926486968994,0.2115047425031662,-0.18648290634155273,0.7214992777046589,-0.0005912967026233673,3.46451997756958e-05,-0.0013910233974456787,-0.0007476657629013062,0.0016606062289400182,-0.48543882369995117,0.431902676820755,0.21348008513450623,-0.20631913840770721,0.7142885602923215,0.015595327131450176,-0.017302336171269417,0.015785744413733482,-0.017643291503190994,0.015755072236061096,-0.01766558177769184,-0.0003968365490436554,-2.5890767574310303e-05,-0.0008647330105304718,-0.0009804964065551758,0.00133875121968414,-0.5531859993934631,0.3696344494819641,0.032574404031038284,-0.34922730922698975,0.7071366388803918,57.166385542,True,-0.0001953914761543274,6.0908496379852295e-05,-0.0005274079740047455,0.00023366883397102356,0.0006116849449790637,0.06761029362678528,0.06219744309782982,0.18090707063674927,0.14276382327079773,0.24800594327377393,ROA_1001_model33000_noise15,2858,2026-10-01_00-04-08,0.015035356394946575,-0.016612039878964424
-2.169981598854065e-05,0.00025918707251548767,-0.00027604401111602783,-0.0005531124770641327,0.0006585489926892562,-0.45240017771720886,0.49267706274986267,0.2079913318157196,-0.18265096843242645,0.7233713006932923,-0.0005882233381271362,8.009374141693115e-06,-0.001406017690896988,-0.000722985714673996,0.0016664462519916593,-0.48822999000549316,0.4344973564147949,0.2112099826335907,-0.2025337815284729,0.7160219151762135,0.015943607315421104,-0.01783614233136177,0.016120029613375664,-0.017966000363230705,0.016021713614463806,-0.018028907477855682,-0.0003937631845474243,-6.575137376785278e-05,-0.0008645467460155487,-0.0009571202099323273,0.001328479980213787,-0.5600815415382385,0.36910173296928406,0.02618785761296749,-0.3472505807876587,0.7094570148693555,57.186385562000005,True,-0.000194646418094635,7.217749953269958e-05,-0.0005397945642471313,0.00023478642106056213,0.0006240857655271033,0.07168948650360107,0.06530992686748505,0.1849466860294342,0.1446343958377838,0.2539366124953379,ROA_1001_model33000_noise15,2859,2026-10-01_00-04-08,0.015343157574534416,-0.017134618014097214
2.8312206268310547e-05,0.00019166618585586548,-0.00027995556592941284,-0.0004905276000499725,0.0005933271208271048,-0.4467926621437073,0.4848977327346802,0.19788089394569397,-0.17019173502922058,0.7085773882147524,-0.0005463138222694397,-5.112960934638977e-05,-0.0014353543519973755,-0.0006653368473052979,0.0016654271537544772,-0.4815002679824829,0.42784956097602844,0.20226648449897766,-0.19084382057189941,0.701550181100566,0.016343776136636734,-0.01819833740592003,0.016515806317329407,-0.018315281718969345,0.016407212242484093,-0.01838238351047039,-0.0003555789589881897,-0.0001319684088230133,-0.0008772127330303192,-0.0008958391845226288,0.0013006053188335974,-0.5560330748558044,0.36015546321868896,0.014221294783055782,-0.334863543510437,0.6952643950739227,57.206385774000005,True,-0.00019194558262825012,7.944181561470032e-05,-0.0005573034286499023,0.0002298504114151001,0.0006376302794858945,0.07438752800226212,0.06763730198144913,0.18796603381633759,0.14389120042324066,0.25706631747963277,ROA_1001_model33000_noise15,2860,2026-10-01_00-04-08,0.015496422536671162,-0.017581675201654434
9.993091225624084e-05,0.00011026859283447266,-0.0002876855432987213,-0.0004234723746776581,0.0005327679327334591,-0.43150594830513,0.46779492497444153,0.18696393072605133,-0.15698744356632233,0.681022457551393,-0.0004799105226993561,-0.00012423843145370483,-0.0014685094356536865,-0.0006051734089851379,0.001662614160888108,-0.46556535363197327,0.4118717908859253,0.19209738075733185,-0.17889681458473206,0.6747271842825495,0.01681572198867798,-0.01806066930294037,0.01697438955307007,-0.018181227147579193,0.016882507130503654,-0.018242122605443,-0.0002898275852203369,-0.00021373853087425232,-0.000893324613571167,-0.000828225165605545,0.0012697142671188398,-0.5417512655258179,0.3426437973976135,0.002086162567138672,-0.32060497999191284,0.6683663421998419,57.22638576200001,True,-0.00019203871488571167,8.819624781608582e-05,-0.0005746260285377502,0.00022528693079948425,0.0006522863318714227,0.07605552673339844,0.06915256381034851,0.18993112444877625,0.14159734547138214,0.2580817477935318,ROA_1001_model33000_noise15,2861,2026-10-01_00-04-08,0.015640530735254288,-0.017611149698495865
0.0001436099410057068,5.811452865600586e-05,-0.0002693384885787964,-0.0003907829523086548,0.0004924454719348998,-0.42624396085739136,0.46121421456336975,0.18651875853538513,-0.1552775502204895,0.6726313254480196,-0.0004366971552371979,-0.00016568228602409363,-0.0014718621969223022,-0.0005722977221012115,0.001646828617972622,-0.45979300141334534,0.4064040184020996,0.1920275241136551,-0.17815734446048737,0.6671991553905332,0.01731339655816555,-0.017565228044986725,0.017441559582948685,-0.017695199698209763,0.01737384870648384,-0.0177424568682909,-0.00024847686290740967,-0.00026151537895202637,-0.0008769333362579346,-0.0007938593626022339,0.0012363991146773963,-0.5368804335594177,0.3365110456943512,0.0014081596164032817,-0.3176312744617462,0.660341979545709,57.246400056000006,True,-0.00018756836652755737,9.573996067047119e-05,-0.0005949288606643677,0.00021904706954956055,0.0006676112419173379,0.07697194814682007,0.06979331374168396,0.1905308961868286,0.13938173651695251,0.25773183674089173,ROA_1001_model33000_noise15,2862,2026-10-01_00-04-08,0.015994247049093246,-0.017197078093886375
0.00021615996956825256,-7.450580596923828e-07,-0.00027604401111602783,-0.000353250652551651,0.00047033193219942496,-0.41723063588142395,0.4503689408302307,0.1753130853176117,-0.14178919792175293,0.6533255371201203,-0.000357162207365036,-0.00022118911147117615,-0.0014806166291236877,-0.0005368143320083618,0.001627860200759236,-0.45082250237464905,0.39651986956596375,0.18011312186717987,-0.16573350131511688,0.6483451170908935,0.017438707873225212,-0.017126357182860374,0.017548060044646263,-0.017257999628782272,0.017492812126874924,-0.017301807180047035,-0.00017406418919563293,-0.00031832605600357056,-0.0008793547749519348,-0.000752229243516922,0.0012064382382673492,-0.5264645218849182,0.3271242380142212,-0.007990747690200806,-0.30279532074928284,0.6420614475706938,57.266388491,True,-0.00018328428268432617,9.73232090473175e-05,-0.0006011687219142914,0.00021550804376602173,0.0006709021879466758,0.07550790905952454,0.06933044642210007,0.1880386769771576,0.13694912195205688,0.25398638370460747,ROA_1001_model33000_noise15,2863,2026-10-01_00-04-08,0.016257312148809433,-0.016733279451727867
0.00029569491744041443,-7.189810276031494e-05,-0.0003051944077014923,-0.0003077089786529541,0.00047257477808731525,-0.40682870149612427,0.43891647458076477,0.16230995953083038,-0.12642890214920044,0.6320634318029794,-0.0002654269337654114,-0.00028563663363456726,-0.0015191733837127686,-0.0004936940968036652,0.0016337966211763125,-0.44073906540870667,0.38608813285827637,0.16615352034568787,-0.1514376997947693,0.6275653321110063,0.0171801894903183,-0.016770167276263237,0.017270462587475777,-0.01690593548119068,0.017229298129677773,-0.016943084076046944,-8.866190910339355e-05,-0.0003836117684841156,-0.0009091570973396301,-0.0007100403308868408,0.0011952243876002487,-0.5134139060974121,0.31819286942481995,-0.019837168976664543,-0.28708577156066895,0.621715628769459,57.286390239000006,True,-0.00017620623111724854,9.713694453239441e-05,-0.0006099231541156769,0.00021774321794509888,0.0006774605531132253,0.07253512740135193,0.06784126162528992,0.1859273612499237,0.1355297863483429,0.25035480558646567,ROA_1001_model33000_noise15,2864,2026-10-01_00-04-08,0.016184348613023758,-0.01630495674908161
0.0003598630428314209,-0.00012489035725593567,-0.00035101547837257385,-0.00029280781745910645,0.0005218056950295813,-0.3963354825973511,0.42652150988578796,0.1516072005033493,-0.11391843855381012,0.6115114623991547,-0.00018505379557609558,-0.00032959505915641785,-0.0015671364963054657,-0.0004811212420463562,0.0016625762704330265,-0.4312964081764221,0.37429293990135193,0.15410500764846802,-0.14000850915908813,0.6078180078460018,0.016852770000696182,-0.016279136762022972,0.016812950372695923,-0.016299908980727196,0.016849203035235405,-0.016280662268400192,-1.778826117515564e-05,-0.0004281289875507355,-0.0009506009519100189,-0.000695791095495224,0.0012104121913877103,-0.5003194808959961,0.3083813786506653,-0.029309650883078575,-0.2744542360305786,0.6020947177179276,57.30639234,True,-0.00016959384083747864,9.872019290924072e-05,-0.0006153248250484467,0.00021494925022125244,0.0006797489008386636,0.0688815489411354,0.06583705544471741,0.18335318565368652,0.13435165584087372,0.24620524792334675,ROA_1001_model33000_noise15,2865,2026-10-01_00-04-08,0.015811409801244736,-0.015976764261722565
0.00041066668927669525,-0.00017960555851459503,-0.0003723427653312683,-0.00027101486921310425,0.0005575657806273881,-0.38534262776374817,0.4142569303512573,0.14965328574180603,-0.11103226989507675,0.5947932280811865,-0.00013397075235843658,-0.00038333237171173096,-0.0015965662896633148,-0.0004626810550689697,0.0016795048141704711,-0.4202825725078583,0.36337459087371826,0.15086214244365692,-0.13753864169120789,0.5918862673907775,0.01655798777937889,-0.015492771752178669,0.01648990623652935,-0.015536326915025711,0.0165481586009264,-0.01549950148910284,3.4691765904426575e-05,-0.0004816334694623947,-0.0009720213711261749,-0.0006784684956073761,0.0012142231113818401,-0.48921069502830505,0.296620637178421,-0.02997368387877941,-0.271037220954895,0.5859796247896515,57.32639204,True,-0.0001700129359960556,9.960494935512543e-05,-0.0006244517862796783,0.00021588057279586792,0.0006884755554281876,0.06879632920026779,0.06671622395515442,0.18077901005744934,0.1334007829427719,0.24396951971286507,ROA_1001_model33000_noise15,2866,2026-10-01_00-04-08,0.01537033449858427,-0.015318465419113636
0.0004761386662721634,-0.00021331943571567535,-0.00043837353587150574,-0.00023767352104187012,0.0006472256558244833,-0.37230828404426575,0.4001641571521759,0.142756849527359,-0.1008724719285965,0.5728283836276112,-5.080364644527435e-05,-0.0004123430699110031,-0.001674797385931015,-0.00043530017137527466,0.0017375343231709646,-0.40914255380630493,0.3490433990955353,0.14378222823143005,-0.12781935930252075,0.5711623175350545,0.015796136111021042,-0.015174034982919693,0.01574528217315674,-0.01519745122641325,0.0157907847315073,-0.015168237499892712,0.00011301599442958832,-0.0005072914063930511,-0.0010396353900432587,-0.0006476417183876038,0.0012391455762906015,-0.47370463609695435,0.28515979647636414,-0.03722403198480606,-0.2617439925670624,0.5645968336912719,57.346393468,True,-0.00016363337635993958,9.620562195777893e-05,-0.000637490302324295,0.0002107582986354828,0.0006966776737535417,0.06441771984100342,0.06381422281265259,0.18095271289348602,0.13381056487560272,0.24233262716381582,ROA_1001_model33000_noise15,2867,2026-10-01_00-04-08,0.014475571922957897,-0.015218759886920452
0.000505056232213974,-0.00023385509848594666,-0.0004695262759923935,-0.0002127140760421753,0.0006902318051689916,-0.36776435375213623,0.3954232335090637,0.1451386958360672,-0.10063684731721878,0.5670196181259496,-1.103617250919342e-05,-0.0004318077117204666,-0.0017168931663036346,-0.00041890889406204224,0.0017710853035874344,-0.4058005213737488,0.3447304368019104,0.14533939957618713,-0.1279492825269699,0.5665663154062032,0.015092846937477589,-0.01497233472764492,0.015044601634144783,-0.014994069002568722,0.015084520913660526,-0.014969000592827797,0.00014943070709705353,-0.0005216337740421295,-0.0010679941624403,-0.000625336542725563,0.0012464749522976951,-0.46800774335861206,0.28195369243621826,-0.033867545425891876,-0.26097798347473145,0.5587900938495813,57.366396177000006,True,-0.0001578591763973236,9.08970832824707e-05,-0.0006507616490125656,0.00020568259060382843,0.0007053699858113082,0.0618351586163044,0.06258627027273178,0.17976386845111847,0.1332671344280243,0.24012216879250176,ROA_1001_model33000_noise15,2868,2026-10-01_00-04-08,0.013771291822195053,-0.015120258554816246
0.0004895497113466263,-0.00021490268409252167,-0.00046994537115097046,-0.00022244639694690704,0.0006786079828653544,-0.3802594542503357,0.40830856561660767,0.14738690853118896,-0.09996070712804794,0.5844565936397553,-2.468004822731018e-06,-0.0004150904715061188,-0.0017224345356225967,-0.00043977051973342896,0.0017809580606702427,-0.4197442829608917,0.357509583234787,0.1463117003440857,-0.12809084355831146,0.5846422218403017,0.014574846252799034,-0.015044438652694225,0.014548231847584248,-0.01506086066365242,0.014574846252799034,-0.015044438652694225,0.00014384277164936066,-0.0005019828677177429,-0.001063477247953415,-0.0006385147571563721,0.0012491933495950417,-0.4786783456802368,0.29656243324279785,-0.03051943890750408,-0.26023805141448975,0.5761514277283024,57.386398789000005,True,-0.0001446343958377838,8.656643331050873e-05,-0.0006581656634807587,0.00019813887774944305,0.0007065746594614407,0.058558765798807144,0.060758549720048904,0.17733219265937805,0.13237260282039642,0.23648795870315814,ROA_1001_model33000_noise15,2869,2026-10-01_00-04-08,0.01344186719506979,-0.015155339613556862
0.0004693400114774704,-0.00018742866814136505,-0.0004557892680168152,-0.00023422762751579285,0.0006550307163153117,-0.39703071117401123,0.42517247796058655,0.1483452469110489,-0.0984053984284401,0.6070681106193379,-1.1082738637924194e-05,-0.00039213337004184723,-0.0016955658793449402,-0.00046249479055404663,0.001761372087586407,-0.4375450909137726,0.37467944622039795,0.1456620991230011,-0.12736114859580994,0.6076718884669603,0.01375937182456255,-0.015295961871743202,0.013735897839069366,-0.015310226008296013,0.013756521977484226,-0.015298260375857353,0.00012652017176151276,-0.00047567300498485565,-0.0010369345545768738,-0.0006471294909715652,0.0012322564611903855,-0.4944424033164978,0.3132070302963257,-0.02675875835120678,-0.2563795745372772,0.5983314856074472,57.406400601,True,-0.00013764947652816772,8.330680429935455e-05,-0.0006609130650758743,0.00018686987459659576,0.0007041862833628117,0.05672871693968773,0.061417460441589355,0.1723468154668808,0.1289350837469101,0.23047022777036819,ROA_1001_model33000_noise15,2870,2026-10-01_00-04-08,0.01304153073579073,-0.015238353982567787
0.00042719766497612,-0.00016335397958755493,-0.00044265761971473694,-0.0002423301339149475,0.0006190013332778772,-0.4194662570953369,0.4464587867259979,0.14918343722820282,-0.09763100743293762,0.6367432776869648,-5.559995770454407e-05,-0.00037783756852149963,-0.001672934740781784,-0.00048279762268066406,0.0017486727399124052,-0.46005749702453613,0.3966856598854065,0.14460225403308868,-0.12776534259319305,0.6373705829726815,0.012986715883016586,-0.015766920521855354,0.012862002477049828,-0.01565125212073326,0.012942612171173096,-0.015594963915646076,7.860362529754639e-05,-0.0004627741873264313,-0.0010135117918252945,-0.00065583735704422,0.001223350919582088,-0.518246054649353,0.3321901857852936,-0.02335570566356182,-0.2539544105529785,0.6283024468183092,57.426401294,True,-0.0001327134668827057,8.502975106239319e-05,-0.0006608664989471436,0.00017308630049228668,0.0006994930618722953,0.05801580473780632,0.06444752216339111,0.16789789497852325,0.12611085176467896,0.22665822087617124,ROA_1001_model33000_noise15,2871,2026-10-01_00-04-08,0.012406597845256329,-0.015627261251211166
0.0004122033715248108,-0.00016978010535240173,-0.00043106265366077423,-0.00022137537598609924,0.0005983618006818763,-0.4267524778842926,0.452047199010849,0.14906376600265503,-0.09536556154489517,0.6450327841093331,-6.631016731262207e-05,-0.0003894791007041931,-0.0016784761101007462,-0.00047446228563785553,0.0017528429150743868,-0.467258483171463,0.4028342366218567,0.14453986287117004,-0.1258673071861267,0.6460181404130341,0.012540827505290508,-0.016250189393758774,0.012436829507350922,-0.016140680760145187,0.012509054504334927,-0.01608704961836338,6.193295121192932e-05,-0.0004735775291919708,-0.001002708449959755,-0.0006404239684343338,0.0012094157774180415,-0.5257138609886169,0.3370931148529053,-0.024219973012804985,-0.2523222863674164,0.6366647668515525,57.44640573,True,-0.00012833625078201294,8.316710591316223e-05,-0.0006752554327249527,0.0001666136085987091,0.0007104370289544758,0.058278437703847885,0.06569083780050278,0.16870301961898804,0.12635718286037445,0.2277541801246221,ROA_1001_model33000_noise15,2872,2026-10-01_00-04-08,0.011717181652784348,-0.016261903569102287
0.0004236586391925812,-0.00019613653421401978,-0.00042729079723358154,-0.00018943101167678833,0.0006017309827284819,-0.40966224670410156,0.43555161356925964,0.14935386180877686,-0.09359977394342422,0.6218935700221625,-4.5262277126312256e-05,-0.00041266903281211853,-0.0016987789422273636,-0.0004555564373731613,0.0017655615012048013,-0.45052027702331543,0.38639035820961,0.14537246525287628,-0.12450897693634033,0.6236197982673076,0.012510057538747787,-0.015960680320858955,0.012435747310519218,-0.015839889645576477,0.012481434270739555,-0.015801625326275826,8.139759302139282e-05,-0.0004909932613372803,-0.001003732904791832,-0.0006108079105615616,0.001192115984085857,-0.5063489079475403,0.3235805630683899,-0.02475455217063427,-0.2505248188972473,0.6132787856714653,57.46640175,True,-0.00013010576367378235,7.599592208862305e-05,-0.0006922055035829544,0.00015832483768463135,0.0007245459226148956,0.055672597140073776,0.0627497211098671,0.17006415128707886,0.12591667473316193,0.22705452664009604,ROA_1001_model33000_noise15,2873,2026-10-01_00-04-08,0.01102454774081707,-0.01643110066652298
0.00034300610423088074,-6.877817213535309e-05,-0.0003179069608449936,-0.00024973414838314056,0.00048686785722574843,-0.4197065532207489,0.45066696405410767,0.17537082731723785,-0.12017553299665451,0.6500123754869963,-9.904615581035614e-05,-0.0002864748239517212,-0.0015677884221076965,-0.0005251727998256683,0.0016639369793922825,-0.46179628372192383,0.4006628692150116,0.1694895178079605,-0.152370885014534,0.6524691218740362,0.012008118443191051,-0.015585378743708134,0.011942927725613117,-0.015444579534232616,0.011968002654612064,-0.015419580973684788,1.8766149878501892e-05,-0.00034673139452934265,-0.0008765142410993576,-0.0006576534360647202,0.0011138890818359845,-0.5109584927558899,0.345188170671463,0.007817521691322327,-0.2707061171531677,0.6391844284588907,57.486405003,True,-0.00011674128472805023,6.0535967350006104e-05,-0.0006923452019691467,0.0001317821443080902,0.0007159810139816773,0.04899454861879349,0.055413223803043365,0.16161705553531647,0.11823884397745132,0.21295781766034128,ROA_1001_model33000_noise15,2874,2026-10-01_00-04-08,0.010086175054311752,-0.01650991290807724
0.0002884306013584137,-7.776543498039246e-06,-0.00027245841920375824,-0.00029010698199272156,0.00045376129926299536,-0.429869145154953,0.46350154280662537,0.19125033915042877,-0.1378771811723709,0.6732787878402876,-0.00013918615877628326,-0.00023040920495986938,-0.001531234011054039,-0.0005724839866161346,0.0016484612599274482,-0.4726410508155823,0.4132212996482849,0.18421979248523712,-0.17083248496055603,0.6761770581430208,0.012286609970033169,-0.01549990102648735,0.01222937274724245,-0.015152834355831146,0.012176522053778172,-0.015168954618275166,-2.6263296604156494e-05,-0.00028209760785102844,-0.0008312519639730453,-0.0007019843906164169,0.0011072278291380218,-0.5191829800605774,0.3598443865776062,0.024061182513833046,-0.28837472200393677,0.6612659296308298,57.506406751,True,-0.00011157244443893433,5.341134965419769e-05,-0.0007009133696556091,0.0001271720975637436,0.0007223001796006941,0.04619313031435013,0.05323299765586853,0.16039980947971344,0.11753662675619125,0.2104572647393703,ROA_1001_model33000_noise15,2875,2026-10-01_00-04-08,0.010249024257063866,-0.016611851751804352
0.00028228387236595154,1.4016404747962952e-05,-0.00025890767574310303,-0.00026281923055648804,0.0004356016910554094,-0.42128515243530273,0.4565715491771698,0.18697696924209595,-0.13266363739967346,0.6606874762578172,-0.0001500360667705536,-0.00021848827600479126,-0.0015068333595991135,-0.0005560927093029022,0.0016208136920184866,-0.46360304951667786,0.4081651270389557,0.1780935525894165,-0.16696098446846008,0.6641306365779153,0.011571585200726986,-0.015511849895119667,0.011608094908297062,-0.015488765202462673,0.011568410322070122,-0.015508399344980717,-3.841705620288849e-05,-0.00027026981115341187,-0.0008067116141319275,-0.000671064481139183,0.0010692547008287617,-0.5101025700569153,0.35105085372924805,0.022689344361424446,-0.28035789728164673,0.6473283949610594,57.526404435,True,-0.00011352822184562683,5.2480027079582214e-05,-0.0006992369890213013,0.00011245720088481903,0.0007184096080852956,0.04632863774895668,0.05705048888921738,0.1553134024143219,0.11329678446054459,0.20505920676711129,ROA_1001_model33000_noise15,2876,2026-10-01_00-04-08,0.009876366704702377,-0.016481155529618263
0.0002123415470123291,5.0477683544158936e-05,-0.0002025160938501358,-0.00026086345314979553,0.00037731730820959983,-0.4374189078807831,0.4701525568962097,0.18870969116687775,-0.13517634570598602,0.6814519681007888,-0.000254996120929718,-0.00019492581486701965,-0.0014565885066986084,-0.0005676411092281342,0.0015935046022454108,-0.4773717224597931,0.4240926206111908,0.1788996011018753,-0.1703430861234665,0.6846143764270869,0.010636836290359497,-0.016004463657736778,0.010674186050891876,-0.015981871634721756,0.010639308020472527,-0.016007060185074806,-0.00013066455721855164,-0.00025657936930656433,-0.0007488299161195755,-0.0006693881005048752,0.0010400018453965933,-0.5314075350761414,0.35807114839553833,0.02578832022845745,-0.2816980481147766,0.6681569819943987,57.546405223,True,-0.00012265518307685852,6.211921572685242e-05,-0.0007085967808961868,0.00010281801223754883,0.0007278200365723494,0.053676772862672806,0.0658789649605751,0.15334412455558777,0.11135357618331909,0.2067295749912938,ROA_1001_model33000_noise15,2877,2026-10-01_00-04-08,0.009171506389975548,-0.016989003866910934
0.0001555308699607849,7.702037692070007e-05,-0.00015739351511001587,-0.00024349428713321686,0.00032870689951876845,-0.44494399428367615,0.4747612178325653,0.19467201828956604,-0.1411256343126297,0.6923550763031545,-0.0003630295395851135,-0.00018104910850524902,-0.001400010660290718,-0.0005602836608886719,0.0015612457488672943,-0.48279014229774475,0.4302067458629608,0.18311524391174316,-0.17768190801143646,0.6951004530898073,0.009490625001490116,-0.016656560823321342,0.00938569288700819,-0.01650865375995636,0.009433407336473465,-0.01647421158850193,-0.00021606683731079102,-0.0002514570951461792,-0.0006952788680791855,-0.0006432179361581802,0.001002885532561701,-0.5456106662750244,0.35566088557243347,0.03506103530526161,-0.2843518555164337,0.6798762486127088,57.56640646,True,-0.00014603137969970703,6.891787052154541e-05,-0.000704452395439148,8.42846930027008e-05,0.0007259059010572554,0.06264261901378632,0.07447507232427597,0.14798295497894287,0.10658660531044006,0.20563069048083865,ROA_1001_model33000_noise15,2878,2026-10-01_00-04-08,0.007987645454704762,-0.018141061067581177
0.00015990808606147766,7.105991244316101e-05,-0.00012172386050224304,-0.00020801089704036713,0.0002850426575274936,-0.40561097860336304,0.4385565221309662,0.1950724869966507,-0.14117638766765594,0.6425715168340816,-0.0003672204911708832,-0.00018244609236717224,-0.001374073326587677,-0.0005271751433610916,0.001527327957615381,-0.4438948631286621,0.39337387681007385,0.18377181887626648,-0.17812521755695343,0.6458917958323702,0.00919161457568407,-0.01568104885518551,0.0091259079053998,-0.015937073156237602,0.009290075860917568,-0.015826154500246048,-0.00020638108253479004,-0.000240374356508255,-0.0006632879376411438,-0.000604754313826561,0.0009511710219458804,-0.5043269991874695,0.3237747550010681,0.035256147384643555,-0.28301867842674255,0.6301514938589255,57.586408208,True,-0.00015972182154655457,5.85801899433136e-05,-0.0007108785212039948,7.487833499908447e-05,0.0007336625631460981,0.060270536690950394,0.06952695548534393,0.14846445620059967,0.1048017218708992,0.20273434131632376,ROA_1001_model33000_noise15,2879,2026-10-01_00-04-08,0.007102602627128363,-0.01815757341682911
9.075738489627838e-05,0.00016633421182632446,-3.520399332046509e-05,-0.00026724301278591156,0.00032457493975044906,-0.4019876718521118,0.4408550262451172,0.2224431335926056,-0.17095822095870972,0.6577727644383936,-0.00041779130697250366,-8.498318493366241e-05,-0.0012546312063932419,-0.0005825422704219818,0.001444389798287512,-0.44256773591041565,0.39316990971565247,0.2089361548423767,-0.20831961929798126,0.661263382085307,0.008679118938744068,-0.014899956993758678,0.00862560048699379,-0.015146171674132347,0.008784949779510498,-0.01504199393093586,-0.00025723129510879517,-0.0001271720975637436,-0.0005644746124744415,-0.0006522983312606812,0.0009028610960298781,-0.49687129259109497,0.33220040798187256,0.06695882976055145,-0.30928754806518555,0.6448560001801888,57.606411076,True,-0.00016139820218086243,4.307366907596588e-05,-0.0006893184036016464,6.984919309616089e-05,0.0007122322517884109,0.054049767553806305,0.060898713767528534,0.14209188520908356,0.10087433457374573,0.19161603055127466,ROA_1001_model33000_noise15,2880,2026-10-01_00-04-08,0.0062385061755776405,-0.018090585246682167
-4.195608198642731e-05,0.0003152526915073395,6.26780092716217e-05,-0.0003627035766839981,0.00048635355759840703,-0.43419328331947327,0.47643619775772095,0.2542855143547058,-0.2065235674381256,0.7217520630552097,-0.0005593989044427872,5.229376256465912e-05,-0.001134723424911499,-0.0006760470569133759,0.0014009896018136333,-0.47455400228500366,0.4286644756793976,0.23752543330192566,-0.24469800293445587,0.7244724755307681,0.009224426932632923,-0.014810509979724884,0.009179551154375076,-0.014854506589472294,0.00924639031291008,-0.014797723852097988,-0.00039408914744853973,1.3969838619232178e-05,-0.00046142376959323883,-0.0007400289177894592,0.0008976561614736235,-0.5293446183204651,0.3675045371055603,0.10087387263774872,-0.343034029006958,0.7081442463643691,57.626409112000005,True,-0.00016461126506328583,3.692694008350372e-05,-0.0006753019988536835,6.561167538166046e-05,0.0006988483173305848,0.05458900332450867,0.06109242886304855,0.1366613358259201,0.09823682904243469,0.1865010555268386,ROA_1001_model33000_noise15,2881,2026-10-01_00-04-08,0.007254648953676224,-0.01776573248207569
-1.0337680578231812e-05,0.000268593430519104,1.0337680578231812e-05,-0.00031562522053718567,0.00041469756626792876,-0.44671210646629333,0.4855599105358124,0.23644928634166718,-0.18626590073108673,0.7238904812527328,-0.0005540437996387482,-1.210719347000122e-05,-0.0011499039828777313,-0.0006285961717367172,0.0014027516102566116,-0.48718690872192383,0.4396219551563263,0.21583957970142365,-0.2261614352464676,0.7265749273861165,0.00878297071903944,-0.015155667439103127,0.00878818053752184,-0.01540494617074728,0.008893289603292942,-0.0153135871514678,-0.00038207508623600006,-5.802139639854431e-05,-0.000503193587064743,-0.0006912741810083389,0.0009013800349406688,-0.5463636517524719,0.3680451512336731,0.08594709634780884,-0.32162711024284363,0.7096268224508909,57.646424174,True,-0.00017122365534305573,4.5960769057273865e-05,-0.0006479211151599884,6.202608346939087e-05,0.0006739962425479613,0.05885213240981102,0.0714985653758049,0.13007596135139465,0.09541073441505432,0.18493653196646936,ROA_1001_model33000_noise15,2882,2026-10-01_00-04-08,0.0075845494866371155,-0.017764125019311905
-3.930181264877319e-05,0.00026831403374671936,2.9709190130233765e-05,-0.0003164168447256088,0.00041764224474874256,-0.4705120623111725,0.5033653974533081,0.2318834811449051,-0.1820041686296463,0.7482832718466045,-0.0006428919732570648,-3.3620744943618774e-05,-0.001095188781619072,-0.0006278045475482941,0.001392343504351255,-0.5089188814163208,0.4594894051551819,0.20949308574199677,-0.22184428572654724,0.750159376120139,0.00792278628796339,-0.016056273132562637,0.007909927517175674,-0.016326967626810074,0.008022951893508434,-0.016218552365899086,-0.0004497356712818146,-9.275972843170166e-05,-0.00046961940824985504,-0.0006847083568572998,0.0009024479140085002,-0.5788336992263794,0.37534159421920776,0.08517549932003021,-0.31497374176979065,0.7352400191661718,57.666412353000005,True,-0.0001923181116580963,5.8300793170928955e-05,-0.0006265472620725632,5.597248673439026e-05,0.0006592057002998652,0.06973091512918472,0.08409003913402557,0.12423982471227646,0.09301955997943878,0.18862861434829375,ROA_1001_model33000_noise15,2883,2026-10-01_00-04-08,0.0071704150177538395,-0.018715208396315575
-3.9674341678619385e-05,0.0002446584403514862,6.0070306062698364e-05,-0.00030994415283203125,0.0004013351070486644,-0.46086496114730835,0.49221140146255493,0.22831767797470093,-0.17928586900234222,0.7330029043212872,-0.0006553716957569122,-6.062909960746765e-05,-0.001058122143149376,-0.0006224494427442551,0.001370145263141263,-0.49848198890686035,0.44857802987098694,0.20585417747497559,-0.21922075748443604,0.7345806154606425,0.007212350144982338,-0.01629333198070526,0.007137490436434746,-0.016637125983834267,0.007338127586990595,-0.016448497772216797,-0.0004552304744720459,-0.00011855736374855042,-0.0004411209374666214,-0.0006792601197957993,0.0008911533371253842,-0.570660412311554,0.3635808527469635,0.08182878792285919,-0.31215253472328186,0.7208375816575237,57.686415605,True,-0.00020097941160202026,5.774199962615967e-05,-0.0006168382242321968,5.406327545642853e-05,0.0006524568370121434,0.0720098614692688,0.08492357283830643,0.12397579103708267,0.09284214675426483,0.18967499851300246,ROA_1001_model33000_noise15,2884,2026-10-01_00-04-08,0.005995891056954861,-0.019845683127641678
4.237517714500427e-05,0.0001544598489999771,4.3655745685100555e-05,-0.00026156194508075714,0.0003042036125024313,-0.4063783884048462,0.4393155574798584,0.22109782695770264,-0.1713353991508484,0.6592731482877189,-0.0005736015737056732,-0.00013811513781547546,-0.0010709511116147041,-0.0005770707502961159,0.001345182248153059,-0.4434301257133484,0.39572733640670776,0.19933468103408813,-0.21060554683208466,0.6609369638425326,0.007357411552220583,-0.014655384235084057,0.007435402367264032,-0.015309802256524563,0.007645361125469208,-0.015126470476388931,-0.0003641936928033829,-0.00019152648746967316,-0.00046333298087120056,-0.0006279675289988518,0.0008673529407527246,-0.5144621133804321,0.3153555989265442,0.07459846884012222,-0.302990198135376,0.6478866009124234,57.706418698,True,-0.00021201558411121368,5.406327545642853e-05,-0.0006072921678423882,4.945322871208191e-05,0.0006464734272110577,0.070890873670578,0.08030188828706741,0.12466892600059509,0.09229429811239243,0.1875971094583865,ROA_1001_model33000_noise15,2885,2026-10-01_00-04-08,0.005692946724593639,-0.01891852542757988
7.473863661289215e-05,0.00013294629752635956,5.490146577358246e-05,-0.00029332004487514496,0.0003226602358834075,-0.35963019728660583,0.39529937505722046,0.23644089698791504,-0.19409041106700897,0.6145634017184983,-0.0005297362804412842,-0.0001451931893825531,-0.0010917428880929947,-0.0006053131073713303,0.0013585891672134585,-0.39585164189338684,0.35177403688430786,0.21734321117401123,-0.23117148876190186,0.6168681216792091,0.008477138355374336,-0.011667586863040924,0.008569439873099327,-0.01269561517983675,0.008981418795883656,-0.012360920198261738,-0.00031408853828907013,-0.00019050203263759613,-0.0004748813807964325,-0.0006673857569694519,0.000887602474055693,-0.46403005719184875,0.2782936096191406,0.08433125168085098,-0.32865580916404724,0.6015704889057101,57.726421854,True,-0.00021685846149921417,4.66126948595047e-05,-0.0006143469363451004,6.114132702350616e-05,0.0006555994200177434,0.06804754585027695,0.07341895252466202,0.13293372094631195,0.09731388837099075,0.19208150995984366,ROA_1001_model33000_noise15,2886,2026-10-01_00-04-08,0.006564771290868521,-0.015897458419203758
6.882473826408386e-05,0.00013052485883235931,4.600733518600464e-05,-0.0003504101186990738,0.0003744410209005219,-0.34514811635017395,0.3809169828891754,0.24993762373924255,-0.21550384163856506,0.6098932840426112,-0.0005400273948907852,-0.000143563374876976,-0.001113303005695343,-0.0006513204425573349,0.0013989585794816676,-0.38096633553504944,0.3372081518173218,0.23192445933818817,-0.25137001276016235,0.6123712556454056,0.010075372643768787,-0.009814477525651455,0.010221468284726143,-0.01078654732555151,0.0106068579480052,-0.010481984354555607,-0.0003184657543897629,-0.0001875218003988266,-0.0004990026354789734,-0.0007271766662597656,0.0009450119055968815,-0.4496341347694397,0.26576173305511475,0.09329336881637573,-0.35273420810699463,0.5962978744837172,57.746435123000005,True,-0.0002205371856689453,4.698522388935089e-05,-0.0006141606718301773,7.338821887969971e-05,0.0006580673486079448,0.0685444101691246,0.07136724889278412,0.13857939839363098,0.10114441812038422,0.19748886198621743,ROA_1001_model33000_noise15,2887,2026-10-01_00-04-08,0.008669577538967133,-0.01332219410687685
6.365589797496796e-05,0.00013262033462524414,3.67872416973114e-05,-0.0004059635102748871,0.0004273550616462835,-0.3582439124584198,0.3906800150871277,0.25040748715400696,-0.22047942876815796,0.6256016180546302,-0.0005898997187614441,-0.00015418045222759247,-0.0011040829122066498,-0.000703195109963417,0.0014339250783749159,-0.39261531829833984,0.3483048379421234,0.23168091475963593,-0.2553267180919647,0.6271835698330795,0.011691864579916,-0.010164818726480007,0.011852219700813293,-0.010952277109026909,0.012112916447222233,-0.0107116075232625,-0.00035227276384830475,-0.00020978040993213654,-0.0005065463483333588,-0.0007812399417161942,0.001003332185433986,-0.4705604910850525,0.2671312391757965,0.09432388097047806,-0.3577987551689148,0.6124140175033734,57.766424743,True,-0.00023921020328998566,5.5925920605659485e-05,-0.0005953945219516754,7.795169949531555e-05,0.0006483901190456169,0.07784878462553024,0.08107954263687134,0.13727228343486786,0.10230624675750732,0.20421628823321214,ROA_1001_model33000_noise15,2888,2026-10-01_00-04-08,0.011706688441336155,-0.012510981410741806
0.00016782432794570923,-8.614733815193176e-06,-4.363246262073517e-05,-0.0003166496753692627,0.0003200863478375633,-0.36496156454086304,0.3905189037322998,0.2022748738527298,-0.15957699716091156,0.5923296372478642,-0.0005498994141817093,-0.0003132037818431854,-0.001109205186367035,-0.0006121117621660233,0.0014161372421354537,-0.3989916145801544,0.3497363030910492,0.18013128638267517,-0.19615887105464935,0.5931043391878039,0.011362671852111816,-0.01148946862667799,0.011656948365271091,-0.01237011794000864,0.011795921251177788,-0.01221712026745081,-0.00028996728360652924,-0.0003858935087919235,-0.0005520414561033249,-0.0006743241101503372,0.0009960667763225372,-0.4874458312988281,0.2537327706813812,0.056204382330179214,-0.28997424244880676,0.5848107922517103,57.786421179,True,-0.0002575572580099106,7.310882210731506e-05,-0.0005583278834819794,6.165355443954468e-05,0.0006209660405516403,0.08832196891307831,0.0958908274769783,0.12390361726284027,0.09371712058782578,0.20202124020079792,ROA_1001_model33000_noise15,2889,2026-10-01_00-04-08,0.012668374925851822,-0.013080323114991188
0.00024531036615371704,-0.00016293488442897797,-0.00015809200704097748,-0.00021969899535179138,0.0002955622425672997,-0.3492547869682312,0.36856576800346375,0.15870434045791626,-0.10761711001396179,0.5413841411893081,-0.00049578957259655,-0.00045835040509700775,-0.0012357719242572784,-0.0005168374627828598,0.0014854441954870554,-0.3831609785556793,0.328735888004303,0.13793770968914032,-0.14385859668254852,0.5424730126355274,0.011712362989783287,-0.012025531381368637,0.01186049822717905,-0.012955883517861366,0.012074860744178295,-0.012721545994281769,-0.00022891908884048462,-0.0005431938916444778,-0.0006800983101129532,-0.0005837529897689819,0.0010489192000637157,-0.4756687879562378,0.22830301523208618,0.008806586265563965,-0.24069751799106598,0.5415271008798731,57.806424591,True,-0.00026817433536052704,8.409842848777771e-05,-0.0005554407835006714,6.658956408500671e-05,0.0006243419009351064,0.09239231795072556,0.10034161806106567,0.12911902368068695,0.09671924263238907,0.21039500795413116,ROA_1001_model33000_noise15,2890,2026-10-01_00-04-08,0.012738499790430069,-0.014037823304533958
0.0003098510205745697,-0.0002766493707895279,-0.0002251937985420227,-0.00021765008568763733,0.00041683487546213734,-0.2996702492237091,0.31611368060112,0.15520304441452026,-0.10913656651973724,0.4738537226990779,-0.0004076864570379257,-0.0005421694368124008,-0.0013956334441900253,-0.0005180947482585907,0.001600050389539109,-0.3331126570701599,0.2758377194404602,0.1422869861125946,-0.14119409024715424,0.4764082170159489,0.014114776626229286,-0.010442386381328106,0.014153368771076202,-0.011190089397132397,0.014412003569304943,-0.010911029763519764,-0.0001416075974702835,-0.000627199187874794,-0.0008055008947849274,-0.0006141606718301773,0.0011425682950946924,-0.42255499958992004,0.1835618019104004,-0.010311602614820004,-0.25252577662467957,0.47255699738475154,57.826427492,True,-0.00026603229343891144,8.55419784784317e-05,-0.0005899928510189056,9.606592357158661e-05,0.0006587721476339764,0.08907680958509445,0.09203562140464783,0.1531895250082016,0.11156405508518219,0.2280037970507883,ROA_1001_model33000_noise15,2891,2026-10-01_00-04-08,0.014467214234173298,-0.01301062386482954
0.00015133991837501526,-0.0001750420778989792,-0.00021047890186309814,-0.00043958425521850586,0.000497988260998769,-0.3081667125225067,0.3183148503303528,0.23060943186283112,-0.21148471534252167,0.5421871776213659,-0.000580865889787674,-0.00041476450860500336,-0.0015293247997760773,-0.0007332302629947662,0.0018365782651585533,-0.33966264128685,0.27599743008613586,0.22719240188598633,-0.23546534776687622,0.5455299532932737,0.01837283745408058,-0.00918693095445633,0.017931167036294937,-0.009459462016820908,0.018323689699172974,-0.009053315967321396,-0.0003028661012649536,-0.0005084089934825897,-0.0008760020136833191,-0.0008785165846347809,0.0013682865704157372,-0.4346822202205658,0.19026221334934235,0.04179961606860161,-0.3721723258495331,0.5303665066794078,57.846429304000004,True,-0.0002789311110973358,9.336508810520172e-05,-0.0006511807441711426,0.00014435499906539917,0.0007284228128846118,0.09490455687046051,0.08559459447860718,0.18531455099582672,0.13645271956920624,0.2630048518510116,ROA_1001_model33000_noise15,2892,2026-10-01_00-04-08,0.018118705600500107,-0.012073446996510029
0.00016731210052967072,-0.0001851934939622879,-0.00032652169466018677,-0.0005688518285751343,0.0006611141707980132,-0.2930089831352234,0.29573217034339905,0.264151006937027,-0.26812589168548584,0.5612293643109012,-0.000639772042632103,-0.00041956081986427307,-0.0017636455595493317,-0.0008481554687023163,0.002099122614814789,-0.32224738597869873,0.25467294454574585,0.2665994465351105,-0.2849772572517395,0.5649724128134074,0.024371355772018433,-0.008970135822892189,0.02434859611093998,-0.00930948369204998,0.024502549320459366,-0.009073697030544281,-0.00032423995435237885,-0.0005306676030158997,-0.0010674819350242615,-0.0010429881513118744,0.0016105864548093258,-0.43097928166389465,0.16165895760059357,0.05436595156788826,-0.44345107674598694,0.5486864229605916,57.86643105300001,True,-0.0003171619027853012,0.00011208467185497284,-0.0006938353180885315,0.00019418075680732727,0.0007948923554220743,0.10858708620071411,0.09281700104475021,0.21214036643505096,0.1581413596868515,0.3005797602587011,ROA_1001_model33000_noise15,2893,2026-10-01_00-04-08,0.025801246985793114,-0.010484697297215462
0.0004241708666086197,-0.00027175992727279663,-0.00039795413613319397,-0.0004902482032775879,0.0006379420191642127,-0.29246601462364197,0.30529218912124634,0.1498134732246399,-0.12309382855892181,0.46464695834061087,-0.0003580469638109207,-0.0005280598998069763,-0.0016085803508758545,-0.0007458031177520752,0.0018581057025054725,-0.3281770944595337,0.2608615756034851,0.14103949069976807,-0.14688539505004883,0.46541931104146683,0.026514114812016487,-0.010994656011462212,0.0279040839523077,-0.011863372288644314,0.027319733053445816,-0.01224166713654995,-5.1548704504966736e-05,-0.0006313901394605637,-0.0010209158062934875,-0.000904034823179245,0.001445592691888608,-0.42683443427085876,0.16803479194641113,-0.03130640834569931,-0.2777334153652191,0.467262853885985,57.886429345,True,-0.00030673108994960785,0.00010379590094089508,-0.0005879439413547516,0.00015748664736747742,0.0006892002873624334,0.09855208545923233,0.09270384162664413,0.17227789759635925,0.13067573308944702,0.2547842555434355,ROA_1001_model33000_noise15,2894,2026-10-01_00-04-08,0.031838927417993546,-0.009736821055412292
0.0007062219083309174,-0.0004513189196586609,-0.0005543231964111328,-0.0002612359821796417,0.0009261027967554904,-0.3152885437011719,0.3189169764518738,0.05041900649666786,0.013930722139775753,0.44919263249800956,-9.178183972835541e-05,-0.0007615890353918076,-0.0015330500900745392,-0.0005056150257587433,0.0016536901909504104,-0.356583833694458,0.27447426319122314,0.034119002521038055,-0.017478130757808685,0.4515635336562862,0.01818006858229637,-0.01297792512923479,0.019738441333174706,-0.015157011337578297,0.01863222010433674,-0.016478097066283226,0.00020759180188179016,-0.0008717644959688187,-0.0010542571544647217,-0.0006183981895446777,0.0012725918020377038,-0.45312705636024475,0.1633218377828598,-0.10167434066534042,-0.11625419557094574,0.4852470958948481,57.906429467,True,-0.0002990942448377609,0.00011068768799304962,-0.0004766508936882019,0.00011306256055831909,0.000583639365893281,0.09639746695756912,0.11106020957231522,0.1357579529285431,0.0987425372004509,0.22176301148923963,ROA_1001_model33000_noise15,2895,2026-10-01_00-04-08,0.024406710639595985,-0.010405704379081726
0.00039958395063877106,-0.00020079314708709717,-0.0004034023731946945,-0.0004292931407690048,0.000615244968423376,-0.41918453574180603,0.41550955176353455,0.07804203778505325,-0.010914168320596218,0.5936093439141898,-0.00037960708141326904,-0.0004999805241823196,-0.001360476016998291,-0.0006977468729019165,0.001633140722577204,-0.457161545753479,0.3728656768798828,0.058737579733133316,-0.04318356141448021,0.594413339505013,0.01197048183530569,-0.013320550322532654,0.012424283660948277,-0.015103560872375965,0.012111755087971687,-0.015533004887402058,-0.00010174699127674103,-0.0006187241524457932,-0.0008909031748771667,-0.0007895752787590027,0.0012954466862296204,-0.5567082762718201,0.2595731019973755,-0.06858445703983307,-0.1408904790878296,0.6142553619795289,57.926431084,True,-0.00027781352400779724,0.00011860392987728119,-0.0004687812179327011,9.061768651008606e-05,0.0005623949157153312,0.09934882819652557,0.11317664384841919,0.127256840467453,0.09765429049730301,0.21897255147582798,ROA_1001_model33000_noise15,2896,2026-10-01_00-04-08,0.015382769517600536,-0.012827999889850616
-6.752088665962219e-06,0.0001339241862297058,2.9616057872772217e-05,-0.0008048024028539658,0.0008164325230908558,-0.4891534149646759,0.4985280930995941,0.22648413479328156,-0.17453590035438538,0.7538069960751311,-0.0006884802132844925,-0.00011594966053962708,-0.0009935349225997925,-0.0010887626558542252,0.0015807954019137623,-0.5246843099594116,0.45165184140205383,0.20830006897449493,-0.20272330939769745,0.7506668841082531,0.011895797215402126,-0.01274977158755064,0.010362447239458561,-0.012174678035080433,0.011372480541467667,-0.011165994219481945,-0.0004455447196960449,-0.0002125278115272522,-0.00047194771468639374,-0.0011700205504894257,0.0013164707036344588,-0.6133108139038086,0.36698439717292786,0.08212355524301529,-0.30833154916763306,0.753766506879553,57.946432765000004,True,-0.00024405308067798615,9.639188647270203e-05,-0.0005208421498537064,8.284114301204681e-05,0.0005868401216714648,0.08843978494405746,0.08458969742059708,0.12611597776412964,0.10548531264066696,0.20485770699951908,ROA_1001_model33000_noise15,2897,2026-10-01_00-04-08,0.011302130296826363,-0.01661812514066696
-0.00012498348951339722,0.00016652047634124756,6.854534149169922e-05,-0.0009350478649139404,0.0009540152509232355,-0.4620160758495331,0.4717702865600586,0.35758501291275024,-0.3413800001144409,0.8247765388906674,-0.000817514955997467,-7.23171979188919e-05,-0.0012343749403953552,-0.001255236566066742,0.0018771660162631013,-0.49371224641799927,0.4228949248790741,0.35406553745269775,-0.3611435890197754,0.8229056772120675,0.01660974510014057,-0.012949478812515736,0.014000150375068188,-0.011595198884606361,0.015302020125091076,-0.010511408559978008,-0.0005533453077077866,-0.00016065314412117004,-0.000566430389881134,-0.0013882294297218323,0.0015453146308838882,-0.5867350697517395,0.3485628366470337,0.17594824731349945,-0.5050143003463745,0.8180750726829156,57.966433806000005,True,-0.00026277266442775726,8.87550413608551e-05,-0.0006679445505142212,0.00013494864106178284,0.000735008497862972,0.09289057552814484,0.07422268390655518,0.17803627252578735,0.14354847371578217,0.2577606018015933,ROA_1001_model33000_noise15,2898,2026-10-01_00-04-08,0.014027207158505917,-0.01854514330625534
-2.0023435354232788e-05,0.00010589137673377991,-0.0002146698534488678,-0.0008584000170230865,0.0008902454214782409,-0.3817816972732544,0.3868834972381592,0.3751870095729828,-0.39260274171829224,0.768310048524231,-0.0007723458111286163,-0.000143563374876976,-0.0017177313566207886,-0.0011965632438659668,0.0022149301309830264,-0.4106755256652832,0.33824238181114197,0.3820461928844452,-0.4089474380016327,0.7705416494880883,0.022864066064357758,-0.012994823977351189,0.022212978452444077,-0.012389237992465496,0.022340336814522743,-0.012151660397648811,-0.0004631001502275467,-0.00023981556296348572,-0.000960472971200943,-0.0013898126780986786,0.0017522647484937996,-0.5142185688018799,0.2587791383266449,0.15637557208538055,-0.5841683149337769,0.7620782781742377,57.986439135000005,True,-0.00030854716897010803,9.774230420589447e-05,-0.0007569789886474609,0.00019082799553871155,0.0008449068744638226,0.10342662781476974,0.07924250513315201,0.22554023563861847,0.17478223145008087,0.3136769710317766,ROA_1001_model33000_noise15,2899,2026-10-01_00-04-08,0.022165320813655853,-0.0164357777684927
0.0007033348083496094,-0.0002705957740545273,-0.0004932284355163574,-0.0003123655915260315,0.0008603847418985343,-0.24823564291000366,0.2782256305217743,0.08929892629384995,-0.03547407686710358,0.38276257784430956,7.068738341331482e-05,-0.0005294103175401688,-0.0015839003026485443,-0.0006123445928096771,0.0017032100354134527,-0.29340943694114685,0.2267821580171585,0.07676146924495697,-0.06649736315011978,0.3844522729744012,0.023301398381590843,-0.014162798412144184,0.027367759495973587,-0.015150750987231731,0.024732230231165886,-0.016949933022260666,0.0003294553607702255,-0.000601448118686676,-0.0010285526514053345,-0.0007133930921554565,0.0012546797841967523,-0.359470933675766,0.1555606722831726,-0.07481314241886139,-0.17963162064552307,0.39169889403684605,58.006435536000005,True,-0.00025979243218898773,7.110647857189178e-05,-0.0005559995770454407,0.00010253861546516418,0.0006259180550449082,0.06597907841205597,0.07112417370080948,0.1515112817287445,0.11298897862434387,0.21186867317993696,ROA_1001_model33000_noise15,2900,2026-10-01_00-04-08,0.030452946200966835,-0.013220993801951408
0.0011965632438659668,-0.0006625428795814514,-0.0009465031325817108,3.720633685588837e-05,0.0016246197636736192,-0.214874729514122,0.21709127724170685,-0.06160186231136322,0.14136172831058502,0.33845876322587926,0.0004123896360397339,-0.001018773764371872,-0.0018979888409376144,-0.00025690533220767975,0.0019427124684705142,-0.2739233672618866,0.1658787876367569,-0.06809131801128387,0.11342158168554306,0.34161401033074573,0.009856164455413818,-0.018134256824851036,0.01230135839432478,-0.021416720002889633,0.009020956233143806,-0.027052752673625946,0.000704452395439148,-0.0011444091796875,-0.0014315824955701828,-0.00035460107028484344,0.001618908729413494,-0.3568353056907654,0.04151928797364235,-0.2170465737581253,0.010098329745233059,0.41964316838581955,58.026441825000006,True,-0.0002917833626270294,0.00012423843145370483,-0.0004657544195652008,0.00010025687515735626,0.0005701164811623177,0.08275359123945236,0.1243082731962204,0.1488937884569168,0.10324268788099289,0.23079171008417107,ROA_1001_model33000_noise15,2901,2026-10-01_00-04-08,0.019238345324993134,-0.014801932498812675
0.00047320500016212463,-0.00016619451344013214,-0.00026061898097395897,-0.00037675199564546347,0.0005430406192027418,-0.40261027216911316,0.39640718698501587,0.059176698327064514,0.01600012183189392,0.5658617822677076,-0.0003037974238395691,-0.0004859641194343567,-0.0010989140719175339,-0.0006729707820340991,0.001390234720349061,-0.4455540180206299,0.3506923019886017,0.041068967431783676,-0.014803167432546616,0.5685250222402475,0.00029902972164563835,-0.013554874807596207,0.0009494972182437778,-0.01593448780477047,0.00013331821537576616,-0.017329109832644463,-2.952292561531067e-05,-0.0006071757525205612,-0.0006760266842320561,-0.0007013382855802774,0.0010912626738162918,-0.5434443950653076,0.23241060972213745,-0.06502709537744522,-0.09675461798906326,0.5914708060314482,58.046532729000006,True,-0.00027674250304698944,0.00011869706213474274,-0.00042235187720507383,2.7092755772173405e-05,0.00051271430134035,0.0976598784327507,0.11814245581626892,0.10603749006986618,0.08191167563199997,0.20235574822977212,ROA_1001_model33000_noise15,2902,2026-10-01_00-04-08,0.0042709303088486195,-0.014516469091176987
-0.00043190084397792816,0.0004550907760858536,0.0006133224815130234,-0.001122686080634594,0.00141744840754575,-0.5739997029304504,0.5836663246154785,0.35732609033584595,-0.32394611835479736,0.9498411542840344,-0.0011438969522714615,0.0001828651875257492,-0.00039481092244386673,-0.0014351913705468178,0.0015016163567919635,-0.6054373979568481,0.5349437594413757,0.34246382117271423,-0.34304869174957275,0.9418103152426979,0.005157207138836384,-0.013766836374998093,0.0006063648033887148,-0.010370324365794659,0.002453581662848592,-0.00851414818316698,-0.0008946750313043594,9.788200259208679e-05,0.00012987293303012848,-0.001482316292822361,0.0015037201636976354,-0.7054283618927002,0.45053333044052124,0.2245376706123352,-0.4542686343193054,0.9508956963834472,58.066443459000006,True,-0.00025015324354171753,8.526258170604706e-05,-0.0005256384611129761,4.7194771468639374e-05,0.0005875480756893876,0.0997777059674263,0.08431123197078705,0.1178341880440712,0.1110469400882721,0.20796626296721835,ROA_1001_model33000_noise15,2903,2026-10-01_00-04-08,0.003709544660523534,-0.02267584577202797
-0.0009574927389621735,0.0005057547241449356,0.0005436129868030548,-0.0016840174794197083,0.0019590542842018526,-0.49795952439308167,0.46019068360328674,0.8713807463645935,-1.0065910816192627,1.4925678366576673,-0.001954752951860428,0.000228220596909523,-0.0015558674931526184,-0.0021083280444145203,0.0028870106509346844,-0.503839910030365,0.4175896644592285,0.9168553948402405,-0.9909262657165527,1.4982519012770885,0.024014074355363846,-0.01525375060737133,0.01287197507917881,-0.01149387750774622,0.015765327960252762,-0.009400629438459873,-0.001569138839840889,8.093193173408508e-05,-0.0005307607352733612,-0.0024114735424518585,0.002491128863778418,-0.6801173686981201,0.3055594861507416,0.5668150186538696,-1.2669320106506348,1.5079367618540427,58.08644546,True,-0.0003859400749206543,0.0001473352313041687,-0.001023896038532257,0.00030137598514556885,0.0011440875865010676,0.17603066563606262,0.1116548627614975,0.3497227728366852,0.27512943744659424,0.4910098313330246,ROA_1001_model33000_noise15,2904,2026-10-01_00-04-08,0.016822099685668945,-0.026969026774168015
-6.328336894512177e-05,-0.00011473894119262695,0.0011272728443145752,-0.0015798956155776978,0.001941657742040321,0.08024460822343826,-0.17081479728221893,1.461140751838684,-1.6243363618850708,2.192272658310989,-0.0013942830264568329,-0.00038724392652511597,-0.0011317431926727295,-0.0019550323486328125,0.002525124199142071,0.0745486468076706,-0.20053470134735107,1.4670714139938354,-1.6140080690383911,2.190157408674283,0.05864497274160385,-0.011013630777597427,0.05872097983956337,-0.010919774882495403,0.058344852179288864,-0.011222473345696926,-0.0008287839591503143,-0.0005417037755250931,-4.2282044887542725e-05,-0.0021979212760925293,0.002278056670441765,-0.14892266690731049,-0.3435699939727783,1.1223572492599487,-1.8873884677886963,2.207009238260447,58.106448742000005,True,-0.0005632173269987106,0.00015525147318840027,-0.0010922551155090332,0.0002460554242134094,0.0012626475498632914,0.22366130352020264,0.14300550520420074,0.3443267047405243,0.2732425928115845,0.5129928458136135,ROA_1001_model33000_noise15,2905,2026-10-01_00-04-08,0.06570380926132202,-0.01003205869346857
0.001157168298959732,-1.8812716007232666e-05,-0.0006860122084617615,-0.0007249414920806885,0.001402361866339274,-0.0991700142621994,0.18187890946865082,0.007141381036490202,0.033037737011909485,0.20875046947135417,0.0007596798241138458,-0.0003302469849586487,-0.001777149736881256,-0.0009652227163314819,0.0020923689239771273,-0.1787850558757782,0.10602734237909317,0.007705762516707182,0.012926756404340267,0.2078602768799224,0.04299518093466759,-0.021405812352895737,0.0502757802605629,-0.0241074375808239,0.04329753667116165,-0.029646743088960648,0.0009858980774879456,-0.00025313347578048706,-0.001278705894947052,-0.0012254342436790466,0.0018716264752097005,-0.16393697261810303,0.09712948650121689,-0.21384841203689575,-0.14996156096458435,0.2797059070588382,58.126446134000005,True,-0.00022612512111663818,-7.720664143562317e-05,-0.0004993751645088196,0.0002600252628326416,0.0005888541452496943,-0.014841555617749691,0.008925795555114746,0.2215653508901596,0.16283801198005676,0.2750492778774434,ROA_1001_model33000_noise15,2906,2026-10-01_00-04-08,0.06100204214453697,-0.01191334705799818
-0.0018688850104808807,0.005171634256839752,0.0018794089555740356,-0.0054582953453063965,0.007972455921933339,-0.80397629737854,1.2881922721862793,0.5498248934745789,-0.8005741834640503,1.8021534965047572,-0.0008993782103061676,0.005292613059282303,-0.00012442469596862793,-0.0061979517340660095,0.008165048053264963,-0.9797764420509338,1.1129025220870972,0.6203967928886414,-0.7561687231063843,1.776060476868828,-0.034530818462371826,0.017887888476252556,0.002455843612551689,-0.03487496078014374,-0.014257019385695457,-0.05764206126332283,-0.0011548399925231934,0.005955994129180908,0.0005459412932395935,-0.006891973316669464,0.009183796774424394,-0.6006034016609192,1.5033836364746094,0.10893120616674423,-1.2387148141860962,2.021076998296144,58.146450344,True,0.00025779008865356445,-0.0006624497473239899,-0.0006712973117828369,0.000690855085849762,0.001175489867891372,-0.3791544437408447,-0.39049795269966125,0.5114208459854126,0.4825405478477478,0.8889816269766744,ROA_1001_model33000_noise15,2907,2026-10-01_00-04-08,0.017830517143011093,-0.007652704603970051
-0.00031134113669395447,0.0009889714419841766,0.0015093013644218445,-0.0022390857338905334,0.002879262472007996,-0.3174207806587219,0.3663496971130371,0.2519562840461731,-0.17862951755523682,0.5713806492261998,-0.0008202157914638519,0.0006604008376598358,0.0010598450899124146,-0.0024886801838874817,0.0028646893322357026,-0.3690807819366455,0.2970462441444397,0.21132639050483704,-0.2107098549604416,0.5592814295928937,-0.03243373706936836,0.010293930768966675,-0.03361371159553528,0.009594282135367393,-0.03512171283364296,0.007317686453461647,-0.0006483867764472961,0.0006909947842359543,0.001301988959312439,-0.002428703010082245,0.002904761997378114,-0.4250369668006897,0.2599479556083679,0.19847600162029266,-0.2530626952648163,0.5852501033215178,58.16644856800001,True,-0.0001714564859867096,-3.1711533665657043e-05,-0.00024046748876571655,-5.62518835067749e-05,0.00030223699911534,0.055887266993522644,0.03709178417921066,0.012857838533818722,0.04233233258128166,0.0764606257421379,ROA_1001_model33000_noise15,2908,2026-10-01_00-04-08,-0.028248285874724388,0.009802290238440037
-0.0058885663747787476,0.0037919729948043823,0.002156198024749756,-0.005828961730003357,0.008889812241195257,-1.3865995407104492,0.940782904624939,1.5555469989776611,-2.0807981491088867,3.056265515105895,-0.008872337639331818,0.0029861927032470703,-0.0012174248695373535,-0.00660531222820282,0.00945686689015072,-1.270126461982727,0.9550749659538269,1.6859619617462158,-2.0213348865509033,3.0587143324986505,0.09999491274356842,-0.04478171095252037,-0.01115101482719183,0.002146325772628188,-0.009978970512747765,0.005252597853541374,-0.007989443838596344,0.0025037676095962524,0.0001169741153717041,-0.006997212767601013,0.008988907409100104,-1.9379256963729858,0.47641244530677795,1.0157599449157715,-2.5130248069763184,3.041335414394872,58.186455146,True,-0.0008879229426383972,0.00047907233238220215,-0.0013224780559539795,0.0003937631845474243,0.001701193429348933,0.6673838496208191,0.47860851883888245,0.6701126098632812,0.4916004538536072,1.1683961242709322,ROA_1001_model33000_noise15,2909,2026-10-01_00-04-08,0.06591729074716568,-0.090932697057724
-0.002788752317428589,0.0015895813703536987,0.006295740604400635,-0.005774199962615967,0.009101270818371195,-0.4597901999950409,0.3141835033893585,1.503787875175476,-1.3729034662246704,2.1096671578690582,-0.00406801700592041,0.0012937933206558228,0.005416572093963623,-0.0061064958572387695,0.008995614437294852,-0.4779845178127289,0.3063976764678955,1.4178379774093628,-1.4625786542892456,2.110930965282923,0.22861315310001373,-0.07238432765007019,0.16063238680362701,-0.06222876161336899,0.16022638976573944,-0.06125679984688759,-0.003563240170478821,0.0012136995792388916,0.0060014426708221436,-0.005806982517242432,0.009039247253201899,-0.6529651284217834,0.15854088962078094,1.411177158355713,-1.4213844537734985,2.0854669201628453,58.20645033,True,-0.0005055218935012817,7.972121238708496e-05,-0.0005856156349182129,-0.0002995133399963379,0.0007953117238080913,0.17495451867580414,0.14784932136535645,0.006593763362616301,-0.041246410459280014,0.230100028460728,ROA_1001_model33000_noise15,2910,2026-10-01_00-04-08,0.22866258025169373,-0.08023274689912796
-0.00310033792629838,0.0038128811866045,0.003746338188648224,-0.004521571099758148,0.007656931950265001,-0.8069329857826233,0.8947264552116394,0.8146352767944336,-0.6050522923469543,1.5677483693585748,-0.003432470839470625,0.0035478267818689346,0.0032827258110046387,-0.0045688822865486145,0.00746509216825473,-0.8629748821258545,0.8284386396408081,0.7518101334571838,-0.6614755392074585,1.5597094019065225,0.05374433845281601,-0.003281740238890052,0.10474199801683426,-0.06314202398061752,0.10052382200956345,-0.07154147326946259,-0.003222399391233921,0.003646372351795435,0.003525055944919586,-0.004581548273563385,0.007551988732954695,-0.8608058094978333,0.8381496667861938,0.7222834825515747,-0.671803891658783,1.5544104018932148,58.226459180000006,True,-0.00021335436031222343,-9.573996067047119e-05,-0.00023692846298217773,1.080334186553955e-05,0.00032402254908046717,-0.0022425083443522453,-0.009530805982649326,0.02962164394557476,0.010203569196164608,0.03179361214348073,ROA_1001_model33000_noise15,2911,2026-10-01_00-04-08,0.03396597132086754,0.020977210253477097
-0.0022329390048980713,0.006686151027679443,0.002415478229522705,-0.00635683536529541,0.009792580501894797,-0.8734315037727356,1.4585330486297607,0.6675868630409241,-0.9246542453765869,2.0455481752569886,-0.001115351915359497,0.007361173629760742,0.0005729496479034424,-0.007610023021697998,0.010654152315247264,-1.0316296815872192,1.2973769903182983,0.7095708847045898,-0.9144320487976074,2.0216322019887856,-0.1489173173904419,0.14444607496261597,-0.025170089676976204,-0.003297691233456135,-0.05026332288980484,-0.035666175186634064,-0.0012472271919250488,0.00808611512184143,0.0010930001735687256,-0.008163601160049438,0.011608896090580887,-0.6074011325836182,1.815840482711792,0.23032723367214203,-1.428566813468933,2.3926504978806675,58.246455485000006,True,0.0001341104507446289,-0.0007286667823791504,-0.0005140900611877441,0.0005610287189483643,0.0010207723561057346,-0.42416152358055115,-0.518500804901123,0.47919896245002747,0.5141422152519226,0.9704378116366147,ROA_1001_model33000_noise15,2912,2026-10-01_00-04-08,-0.0961170494556427,0.11070122569799423
-0.01731961965560913,0.0176355242729187,0.018481537699699402,-0.018907710909843445,0.03619458374112449,-1.1997371912002563,1.1930614709854126,1.2526623010635376,-1.0725035667419434,2.3610266771349866,-0.018941611051559448,0.017764046788215637,0.01945197582244873,-0.019525736570358276,0.037862484494031165,-1.0962672233581543,1.096300721168518,1.0741426944732666,-1.0649486780166626,2.165999423553579,0.11052832007408142,-0.07941544055938721,-0.08587465435266495,0.1041262075304985,-0.08107319474220276,0.08987622708082199,-0.0183984637260437,0.017512962222099304,0.019189342856407166,-0.01917034387588501,0.0371583056135041,-1.5651359558105469,1.1078417301177979,1.501254677772522,-1.1255255937576294,2.6825716214253363,58.26645687800001,True,-0.0005472451448440552,0.00025406479835510254,0.0002682209014892578,-0.0003587454557418823,0.0007306809622458173,0.4689357876777649,-0.011507420800626278,-0.4272386133670807,0.0604875348508358,0.636291386033428,ROA_1001_model33000_noise15,2913,2026-10-01_00-04-08,0.15716879069805145,-0.11955615133047104
-0.009226053953170776,0.0055946409702301025,0.00833272933959961,-0.011661648750305176,0.01760256692264822,0.12168287485837936,-0.48479434847831726,-0.03431737422943115,-0.5086958408355713,0.7052520893962836,-0.012341886758804321,0.004319101572036743,0.004012882709503174,-0.012884289026260376,0.016788827394698336,0.20382551848888397,-0.4953667223453522,0.17625091969966888,-0.4866122901439667,0.7446708244861772,0.22844618558883667,-0.2339554876089096,0.17369624972343445,-0.14241467416286469,0.13088317215442657,-0.17892590165138245,-0.011072307825088501,0.004004687070846558,0.0055655837059021,-0.013051927089691162,0.016973774209976863,-0.34210827946662903,-1.055985689163208,-0.8095427751541138,-1.0797679424285889,1.724575276664796,58.286460159,True,-0.0012680888175964355,0.00032335519790649414,-0.0015489757061004639,0.00016242265701293945,0.0020290863977155053,0.545792281627655,0.5607157945632935,0.9857639074325562,0.5930587649345398,1.3813935754465416,ROA_1001_model33000_noise15,2914,2026-10-01_00-04-08,0.23574770987033844,-0.19912512600421906
-0.010747089982032776,0.011181831359863281,0.010257028043270111,-0.01056920737028122,0.02138797323987333,-0.5897432565689087,1.1262706518173218,0.27789920568466187,-0.4518236815929413,1.3771396878842679,-0.009404867887496948,0.011092796921730042,0.007952377200126648,-0.010904483497142792,0.019827420101370882,-0.7234513163566589,1.0325870513916016,0.2849288284778595,-0.48775967955589294,1.3809082118339195,-0.037998370826244354,0.08236050605773926,0.16023702919483185,-0.1663336157798767,0.13412225246429443,-0.15097852051258087,-0.009791925549507141,0.011700019240379333,0.00890139490365982,-0.011241249740123749,0.02093543964298912,-0.17270444333553314,1.2968815565109253,-0.27581116557121277,-0.7346309423446655,1.4905703530606704,58.306475057,True,0.00038892030715942383,-0.0006120651960372925,-0.0009480863809585571,0.00033956021070480347,0.0011815876890153162,-0.5507767200469971,-0.2643018960952759,0.5607828497886658,0.2468656599521637,0.8651185497258953,ROA_1001_model33000_noise15,2915,2026-10-01_00-04-08,0.0017642491729930043,0.046426162123680115
-0.005233287811279297,0.004273653030395508,0.007995963096618652,-0.0066474080085754395,0.012400500165342955,-0.9506940245628357,0.8061825633049011,1.0595917701721191,-0.6295367479324341,1.746816762303395,-0.006946921348571777,0.0036001205444335938,0.009165704250335693,-0.006344914436340332,0.013595014801526483,-0.9289085268974304,0.786244809627533,0.9575411081314087,-0.7152184247970581,1.704928297798495,-0.23275651037693024,0.27446961402893066,-0.048628829419612885,0.08674509823322296,-0.05877877026796341,0.08591505885124207,-0.006374716758728027,0.003249943256378174,0.008951127529144287,-0.005807727575302124,0.012832359640626822,-1.322179913520813,0.48317012190818787,1.3541206121444702,-0.37967410683631897,1.988351894544188,58.326460129000004,True,-0.0005692243576049805,0.00034868717193603516,0.0002086162567138672,-0.0005401670932769775,0.0008381297673787755,0.39318200945854187,0.30313432216644287,-0.3964379131793976,-0.3355890214443207,0.7183292270243031,ROA_1001_model33000_noise15,2916,2026-10-01_00-04-08,-0.23195303976535797,0.27731940150260925
-0.01808851957321167,0.019203126430511475,0.018718838691711426,-0.01939237117767334,0.037714196338597204,-1.5020965337753296,1.5687345266342163,1.412466049194336,-1.3328640460968018,2.912632153913714,-0.019174814224243164,0.019347667694091797,0.019411742687225342,-0.01980513334274292,0.03887226775385895,-1.4740376472473145,1.4823226928710938,1.3164876699447632,-1.325219750404358,2.8034646836311796,0.3216283321380615,-0.27317094802856445,-0.04488346725702286,0.08345416188240051,-0.03161495923995972,0.05728821083903313,-0.0189363956451416,0.019983947277069092,0.019375979900360107,-0.0203549861907959,0.039340784063602044,-1.7792283296585083,1.55155348777771,1.6189961433410645,-1.3964920043945312,3.185001842705668,58.346478451,True,-0.0002339482307434082,-0.0006377696990966797,2.9802322387695312e-05,0.000552833080291748,0.0008670663272337861,0.3051459789276123,-0.06940960884094238,-0.3024935722351074,0.07137656211853027,0.4410505354791863,ROA_1001_model33000_noise15,2917,2026-10-01_00-04-08,0.3346050977706909,-0.283046156167984
-0.004470348358154297,0.0018790364265441895,0.0044092535972595215,-0.008328258991241455,0.010211858957041582,0.16522406041622162,-0.4901289641857147,-0.15909968316555023,-0.24490056931972504,0.5542011914183367,-0.007496774196624756,0.0015139579772949219,0.0016331672668457031,-0.009660422801971436,0.01048837178492251,0.2003908008337021,-0.5294829607009888,0.060513611882925034,-0.18744169175624847,0.5993497472994327,0.3426019847393036,-0.3426450490951538,0.3361378312110901,-0.32149165868759155,0.31323933601379395,-0.31959268450737,-0.006340444087982178,0.0005349516868591309,0.0021770596504211426,-0.009617209434509277,0.010147706567381398,-0.19730626046657562,-1.0605007410049438,-0.8850544095039368,-0.7766186594963074,1.5097869289102777,58.366466019,True,-0.0011667609214782715,0.0009685754776000977,-0.0005424022674560547,-2.9802322387695312e-05,0.001570796534692439,0.39789077639579773,0.5311369895935059,0.9454637169837952,0.5890876054763794,1.2796724755581286,ROA_1001_model33000_noise15,2918,2026-10-01_00-04-08,0.3860083520412445,-0.32784467935562134
-0.010132044553756714,0.011093169450759888,0.01064203679561615,-0.01120828092098236,0.021553464343655657,-1.1163800954818726,1.5262588262557983,1.0857023000717163,-1.1042356491088867,2.4379425956144245,-0.009126216173171997,0.011309981346130371,0.009195134043693542,-0.011810846626758575,0.0208618564956858,-1.2686549425125122,1.4293416738510132,1.1095050573349,-1.14277184009552,2.4872552561381664,-0.05584334582090378,0.15722611546516418,0.23509655892848969,-0.22804589569568634,0.23719820380210876,-0.239622563123703,-0.009514391422271729,0.011379271745681763,0.009923428297042847,-0.011541880667209625,0.021252753469255096,-0.7792189121246338,1.689545750617981,0.6959884762763977,-1.3176220655441284,2.382929955721463,58.386469332000004,True,0.00037848949432373047,-6.556510925292969e-05,-0.0007212162017822266,-0.00027529895305633545,0.0008433450612080518,-0.4894360601902008,-0.2602413296699524,0.4135016202926636,0.17484275996685028,0.7126504610074565,ROA_1001_model33000_noise15,2919,2026-10-01_00-04-08,-0.021391768008470535,0.12716044485569
-0.010274350643157959,0.011324882507324219,0.012203305959701538,-0.013595819473266602,0.023823902525434364,-0.8166729807853699,0.9488462805747986,0.7898434400558472,-0.6668269038200378,1.618565738731093,-0.011077523231506348,0.010766088962554932,0.012467056512832642,-0.01359507441520691,0.024050155280773092,-0.8149444460868835,0.8437036871910095,0.6871148347854614,-0.6973742842674255,1.5278653009941685,-0.22134968638420105,0.2704128623008728,-0.07564987987279892,0.113972969353199,-0.1034710630774498,0.12229002267122269,-0.010664761066436768,0.01086890697479248,0.012338906526565552,-0.013481825590133667,0.023784726367708817,-1.0790079832077026,0.8277594447135925,0.936582624912262,-0.6476640105247498,1.7732009846403456,58.406468933000006,True,-0.00040084123611450195,-0.00011026859283447266,0.00011846423149108887,-0.00011101365089416504,0.00042529034622099555,0.264093279838562,0.016167759895324707,-0.24943052232265472,-0.04986673220992088,0.3661780303157675,ROA_1001_model33000_noise15,2920,2026-10-01_00-04-08,-0.23290513455867767,0.2895415425300598
-0.017380714416503906,0.016388297080993652,0.021252036094665527,-0.019934773445129395,0.0376790054647234,-0.28783082962036133,0.3668665587902069,0.4750191867351532,-0.620812177658081,0.9102005615473758,-0.017249584197998047,0.016123056411743164,0.021776556968688965,-0.020632147789001465,0.0381757685833676,-0.2631545066833496,0.3798007667064667,0.42447444796562195,-0.6167292594909668,0.8797902864469765,0.6186321973800659,-0.5324241518974304,-0.046739935874938965,0.10441770404577255,0.008874199353158474,0.046028703451156616,-0.017344951629638672,0.016036629676818848,0.02155005931854248,-0.021073222160339355,0.038291459328026224,-0.3242492377758026,0.3108084201812744,0.43895837664604187,-0.863313615322113,1.0589483757908729,58.426467766,True,0.00010728836059570312,0.00010728836059570312,0.00021755695343017578,0.0004380941390991211,0.0005100263545386198,0.061273571103811264,0.06911158561706543,-0.014126299880445004,0.24658440053462982,0.2561043496685323,ROA_1001_model33000_noise15,2921,2026-10-01_00-04-08,0.653754472732544,-0.5335838198661804
-0.01750364899635315,0.018192827701568604,0.017570704221725464,-0.017818063497543335,0.035546052400013066,-0.5951002240180969,0.922299861907959,0.5002841353416443,-0.5355700850486755,1.315344831477092,-0.01736283302307129,0.017958134412765503,0.016914308071136475,-0.018014758825302124,0.035135761696820526,-0.8171200156211853,0.7148086428642273,0.530049204826355,-0.5060657858848572,1.3095769843549412,0.2245071530342102,-0.1710905283689499,0.14044930040836334,-0.11367565393447876,0.09613265097141266,-0.08472134917974472,-0.0173129141330719,0.018408149480819702,0.01727864146232605,-0.01808181405067444,0.035553909574737294,-0.5214735865592957,0.9644328951835632,0.36675480008125305,-0.6577893495559692,1.330111582899546,58.446470215000005,True,-4.9173831939697266e-05,-0.0004194676876068115,-0.0003695487976074219,4.6193599700927734e-05,0.0004223834157280593,-0.2957060933113098,-0.24953483045101166,0.1631826013326645,0.15159696340560913,0.44635771202162583,ROA_1001_model33000_noise15,2922,2026-10-01_00-04-08,0.2861988842487335,-0.1719953566789627
-0.011602044105529785,0.011896342039108276,0.011850520968437195,-0.012321770191192627,0.023840812751736974,-0.9204968214035034,1.2640057802200317,0.8466019630432129,-0.8347369432449341,1.9582655154251185,-0.010722130537033081,0.01260116696357727,0.010471045970916748,-0.013396888971328735,0.023719818738419073,-0.9754895567893982,1.2537463903427124,0.7563791871070862,-0.9779743552207947,2.012956828541566,-0.11106404662132263,0.24216201901435852,0.1766308695077896,-0.11430656164884567,0.16175667941570282,-0.10778962820768356,-0.01146271824836731,0.012252479791641235,0.011546909809112549,-0.012732669711112976,0.02401946085290331,-0.5777552723884583,1.4319120645523071,0.4378407895565033,-1.0746046304702759,1.9314872610013736,58.466474424000005,True,0.0007331371307373047,0.0003546476364135742,-0.0010695308446884155,-0.000669434666633606,0.0014999266364253078,-0.39783862233161926,-0.17812101542949677,0.31866875290870667,0.09653716534376144,0.547492330100998,ROA_1001_model33000_noise15,2923,2026-10-01_00-04-08,-0.033086229115724564,0.166335791349411
-0.01704394817352295,0.019213557243347168,0.018262863159179688,-0.020697712898254395,0.03770387201768318,-1.5222429037094116,1.6393660306930542,1.691028356552124,-1.7462371587753296,3.3034034366477587,-0.017173588275909424,0.017480552196502686,0.017818808555603027,-0.019471347332000732,0.03601028151545074,-1.7005501985549927,1.433789610862732,1.791670799255371,-1.6413180828094482,3.293490330085139,0.4479652941226959,-0.3319260776042938,-0.02339603379368782,0.08994997292757034,-0.03339175507426262,0.08684748411178589,-0.016361474990844727,0.01941472291946411,0.017344951629638672,-0.021281838417053223,0.037393842883541396,-1.7347036600112915,1.6093252897262573,1.7884372472763062,-1.8543450832366943,3.4966917740303938,58.486475689,True,-0.0008121132850646973,-0.0019147992134094238,0.00048726797103881836,0.0018075108528137207,0.002791737971397726,0.03428757190704346,-0.1755654662847519,0.003173947101458907,0.2129673808813095,0.27668972904063616,ROA_1001_model33000_noise15,2924,2026-10-01_00-04-08,0.38677355647087097,-0.28733932971954346
-0.0140458345413208,0.012684613466262817,0.013524293899536133,-0.01716315746307373,0.028806965692593587,-0.27317553758621216,0.038623809814453125,0.04965066537261009,-0.3401040732860565,0.36207847265487125,-0.015325099229812622,0.01239776611328125,0.01208484172821045,-0.018131732940673828,0.0290506257616043,-0.21691618859767914,-0.01458823587745428,0.18328426778316498,-0.2944469451904297,0.3669855197902598,0.5037771463394165,-0.244497612118721,0.2677636444568634,-0.23817035555839539,0.2274472564458847,-0.2114776074886322,-0.014993548393249512,0.012079626321792603,0.012433528900146484,-0.01804530620574951,0.028871569319239683,-0.5107522010803223,-0.23677943646907806,-0.27945637702941895,-0.6417333483695984,0.8429343058053462,58.506476474,True,-0.00034421682357788086,0.0003159046173095703,-0.0003546476364135742,-8.344650268554688e-05,0.0005294770688058195,0.293731689453125,0.22237001359462738,0.46247240900993347,0.3471076190471649,0.6856307287443012,ROA_1001_model33000_noise15,2925,2026-10-01_00-04-08,0.4751500189304352,-0.31524279713630676
-0.010620802640914917,0.010119378566741943,0.011768937110900879,-0.00999346375465393,0.02128873199872696,-0.48391517996788025,0.7717534303665161,0.5719736218452454,-0.5002841353416443,1.174048880565336,-0.011285766959190369,0.011433660984039307,0.012455135583877563,-0.011591613292694092,0.023395463829444293,-0.6116516590118408,0.6386227607727051,0.5341023206710815,-0.5513578653335571,1.1709853765221614,0.005173354409635067,0.07660412043333054,0.2631834149360657,-0.179719015955925,0.2244068682193756,-0.1574903130531311,-0.010740384459495544,0.010602548718452454,0.012049078941345215,-0.010377168655395508,0.021910788783801677,-0.22067128121852875,0.8861384987831116,0.3537684381008148,-0.5814433097839355,1.127017289677767,58.526473579000005,True,-0.0005479902029037476,0.0008411705493927002,0.000406801700592041,-0.0012226402759552002,0.0016208942270915887,-0.3910101652145386,-0.24758277833461761,0.18034128844738007,0.030152497813105583,0.49313101548369787,ROA_1001_model33000_noise15,2926,2026-10-01_00-04-08,0.15027911961078644,-0.07076035439968109
