actor_direct_dq.dtarget0_dinput0,actor_direct_dq.dtarget0_dinput1,actor_direct_dq.dtarget1_dinput0,actor_direct_dq.dtarget1_dinput1,actor_direct_dq.spectral_norm,actor_direct_q.dtarget0_dinput0,actor_direct_q.dtarget0_dinput1,actor_direct_q.dtarget1_dinput0,actor_direct_q.dtarget1_dinput1,actor_direct_q.spectral_norm,all_history_coherent_bias_dq.dtarget0_dinput0,all_history_coherent_bias_dq.dtarget0_dinput1,all_history_coherent_bias_dq.dtarget1_dinput0,all_history_coherent_bias_dq.dtarget1_dinput1,all_history_coherent_bias_dq.spectral_norm,all_history_coherent_bias_q.dtarget0_dinput0,all_history_coherent_bias_q.dtarget0_dinput1,all_history_coherent_bias_q.dtarget1_dinput0,all_history_coherent_bias_q.dtarget1_dinput1,all_history_coherent_bias_q.spectral_norm,baseline.left_hip_target_rad,baseline.right_hip_target_rad,freeze_all_history_hip.left_hip_target_rad,freeze_all_history_hip.right_hip_target_rad,freeze_current_hip_actor_path.left_hip_target_rad,freeze_current_hip_actor_path.right_hip_target_rad,full_current_dq.dtarget0_dinput0,full_current_dq.dtarget0_dinput1,full_current_dq.dtarget1_dinput0,full_current_dq.dtarget1_dinput1,full_current_dq.spectral_norm,full_current_q.dtarget0_dinput0,full_current_q.dtarget0_dinput1,full_current_q.dtarget1_dinput0,full_current_q.dtarget1_dinput1,full_current_q.spectral_norm,header_time_s,history_filled,history_only_coherent_bias_dq.dtarget0_dinput0,history_only_coherent_bias_dq.dtarget0_dinput1,history_only_coherent_bias_dq.dtarget1_dinput0,history_only_coherent_bias_dq.dtarget1_dinput1,history_only_coherent_bias_dq.spectral_norm,history_only_coherent_bias_q.dtarget0_dinput0,history_only_coherent_bias_q.dtarget0_dinput1,history_only_coherent_bias_q.dtarget1_dinput0,history_only_coherent_bias_q.dtarget1_dinput1,history_only_coherent_bias_q.spectral_norm,model,row_index,run,zero_velocity_code.left_hip_target_rad,zero_velocity_code.right_hip_target_rad
-0.0008841976523399353,-0.0004887580871582031,-0.000589713454246521,-0.0001737847924232483,0.0011771083162370468,-0.48800742626190186,0.38735565543174744,0.397463321685791,-0.43887829780578613,0.8566480163960616,-0.0015208497643470764,-0.0008517876267433167,-0.0008199363946914673,-0.000603310763835907,0.0020156852397337104,-0.6856582760810852,0.16897915303707123,0.21117737889289856,-0.5954084396362305,0.836241982958608,-0.030698344111442566,0.03034609742462635,-0.0064365193247795105,0.0039630308747291565,-0.003239931771531701,0.0030660387128591537,-0.0014964491128921509,-0.001062639057636261,-0.0008279457688331604,-0.0004634261131286621,0.002064139626203172,-0.7433164715766907,0.11082179099321365,0.25198420882225037,-0.5693528652191162,0.861297588582057,48.446163203000005,False,-2.5331974029541016e-05,0.00021103769540786743,7.450580596923828e-06,-0.00014137476682662964,0.0002552626388439261,0.05769915506243706,0.05816854164004326,-0.0408124141395092,-0.026090068742632866,0.09473673724554578,ROA_1003_model40000_std01,2422,2026-10-03_22-59-50,-0.030447643250226974,0.026026099920272827
-0.0012837350368499756,2.291053533554077e-05,-0.0004716217517852783,-0.0004900619387626648,0.0013765892168126745,-0.5084983706474304,0.4161391258239746,0.4290491044521332,-0.4651453197002411,0.9100143254448726,-0.0019187107682228088,-0.0005790963768959045,-0.0007936730980873108,-0.0009154900908470154,0.002271295380151788,-0.7160547971725464,0.19455140829086304,0.2441033571958542,-0.6340686082839966,0.8986415897413983,-0.053734537214040756,0.04795612022280693,-0.02463977411389351,0.017204096540808678,-0.022900354117155075,0.01730819046497345,-0.0018849968910217285,-0.000615045428276062,-0.0007536262273788452,-0.0007983297109603882,0.002217251637933852,-0.7644369602203369,0.14221295714378357,0.28296372294425964,-0.6067640781402588,0.9159384931779835,48.466167388,False,-3.6135315895080566e-05,3.7997961044311523e-05,-3.725290298461914e-05,-0.00011511147022247314,0.0001239562223975669,0.04834308847784996,0.05223415419459343,-0.03883428871631622,-0.027218831703066826,0.08511360123490648,ROA_1003_model40000_std01,2423,2026-10-03_22-59-50,-0.05397236347198486,0.04579692706465721
-0.0015338882803916931,0.0002982094883918762,-0.00017601996660232544,-0.0007368624210357666,0.0015630397870238912,-0.5071256160736084,0.413021057844162,0.4363842010498047,-0.4703309237957001,0.9139687688207119,-0.002113543450832367,-0.00019222497940063477,-0.0005003064870834351,-0.0010559335350990295,0.002224295002223625,-0.7028355598449707,0.2012457549571991,0.2701226472854614,-0.6270129084587097,0.9045293417815765,-0.05845531076192856,0.05241820216178894,-0.03362726792693138,0.026130830869078636,-0.0321754552423954,0.026511026546359062,-0.0021342188119888306,-0.0002982094883918762,-0.0004814937710762024,-0.0010382384061813354,0.002261389492575102,-0.7679126858711243,0.153983011841774,0.2877432703971863,-0.6112381815910339,0.9271554100078402,48.486163766000004,False,1.7881393432617188e-05,0.00010542571544647217,-2.123415470123291e-05,-1.955777406692505e-05,0.00010940583593107776,0.06507150828838348,0.04726647958159447,-0.017626211047172546,-0.0158064067363739,0.08380638346579558,ROA_1003_model40000_std01,2424,2026-10-03_22-59-50,-0.05918203294277191,0.05119839683175087
-0.0014338642358779907,0.00020451843738555908,-0.00011380761861801147,-0.0007513910531997681,0.001448397025286111,-0.49941983819007874,0.40236857533454895,0.4345755875110626,-0.472888320684433,0.9051030088493398,-0.0019224360585212708,-9.909272193908691e-05,-0.0004116445779800415,-0.0009609386324882507,0.0019944968864019272,-0.6792861819267273,0.20008346438407898,0.28195416927337646,-0.617993950843811,0.8928898555943762,-0.049390681087970734,0.0433337576687336,-0.03043496236205101,0.02299668826162815,-0.029147034510970116,0.023306475952267647,-0.0019941478967666626,-0.00030621886253356934,-0.0004163011908531189,-0.0010229647159576416,0.0021147939267200455,-0.7598101496696472,0.16410274803638458,0.28289294242858887,-0.6066914200782776,0.922074492288144,48.506163503,False,7.115304470062256e-05,0.0002078711986541748,4.0978193283081055e-06,6.183981895446777e-05,0.00022775299381740726,0.0804811641573906,0.0359807163476944,-0.0009629874839447439,-0.011330469511449337,0.08833180617377549,ROA_1003_model40000_std01,2425,2026-10-03_22-59-50,-0.04986794292926788,0.043793026357889175
-0.0009834766387939453,-0.0002214685082435608,-0.000539049506187439,-0.00037457793951034546,0.0011844671803314124,-0.49812623858451843,0.404658704996109,0.42869892716407776,-0.4776492416858673,0.9048403733198147,-0.0014523975551128387,-0.00048279762268066406,-0.0008441507816314697,-0.0005666166543960571,0.0018232634293339739,-0.668800413608551,0.20476336777210236,0.2799779176712036,-0.6209071278572083,0.8895002054100413,-0.040664058178663254,0.03123619593679905,-0.021661648526787758,0.010893722996115685,-0.02056184783577919,0.011229066178202629,-0.0015669502317905426,-0.0007426366209983826,-0.0008590519428253174,-0.000669434666633606,0.002037712480044487,-0.7552084922790527,0.16055162250995636,0.27306005358695984,-0.6130803227424622,0.9146086569799788,48.526162185000004,False,0.00011660158634185791,0.0002594664692878723,1.3969838619232178e-05,9.94652509689331e-05,0.0003005050854934181,0.08637923002243042,0.04419218376278877,0.0069458032958209515,-0.007826834917068481,0.09706314310153201,ROA_1003_model40000_std01,2426,2026-10-03_22-59-50,-0.040899474173784256,0.03352291136980057
-0.0008689239621162415,-0.00030957162380218506,-0.0008191913366317749,-0.00016726553440093994,0.001241900524598491,-0.5158036947250366,0.4257112443447113,0.4356875717639923,-0.4903506338596344,0.9339892853729707,-0.0015053898096084595,-0.0008162111043930054,-0.0011941418051719666,-0.0004999339580535889,0.0021441969912011838,-0.6880052089691162,0.22144614160060883,0.28169527649879456,-0.6415340900421143,0.9180933298781819,-0.03951127454638481,0.029462004080414772,-0.01636134646832943,0.0031465976499021053,-0.014847151935100555,0.0042260573245584965,-0.0015754252672195435,-0.0009994953870773315,-0.001177564263343811,-0.0005463138222694397,0.0022686193907733476,-0.7804333567619324,0.1481715589761734,0.2799481153488159,-0.63843834400177,0.938015568665603,48.546161571000006,False,6.649643182754517e-05,0.00018533319234848022,-2.0116567611694336e-05,4.6566128730773926e-05,0.00020045985775900708,0.0923704281449318,0.07310695946216583,0.0017657874850556254,-0.003175809746608138,0.1178018148968373,ROA_1003_model40000_std01,2427,2026-10-03_22-59-50,-0.039863478392362595,0.031814418733119965
-0.0009667128324508667,-0.0001989305019378662,-0.0007558614015579224,-0.00021904706954956055,0.00126136682843786,-0.5168672204017639,0.4275236129760742,0.4418529272079468,-0.49186310172080994,0.9392840651855253,-0.0018222257494926453,-0.0010209158062934875,-0.0012381002306938171,-0.000714324414730072,0.0025309495961540556,-0.6958450675010681,0.2151205986738205,0.28171202540397644,-0.6532799005508423,0.9247100224949826,-0.04447459802031517,0.035711098462343216,-0.01807110384106636,0.004357413854449987,-0.015804769471287727,0.006628246512264013,-0.0017756596207618713,-0.0010367482900619507,-0.0011570751667022705,-0.0006616115570068359,0.0024503600706383415,-0.7874704599380493,0.13446249067783356,0.2847015857696533,-0.6465818285942078,0.9420544924495908,48.566160796000005,False,-4.600733518600464e-05,1.3783574104309082e-05,-8.139759302139282e-05,-5.62518835067749e-05,0.0001040434176498458,0.09159370511770248,0.080661840736866,-0.0029820946510881186,-0.006668269168585539,0.12222897895316626,ROA_1003_model40000_std01,2428,2026-10-03_22-59-50,-0.04575181007385254,0.035753484815359116
-0.0012099742889404297,2.16066837310791e-05,-0.0005189329385757446,-0.00041313469409942627,0.0013250256424391688,-0.518018364906311,0.42848846316337585,0.44881176948547363,-0.4924572706222534,0.9441762605173757,-0.00212155282497406,-0.0009041279554367065,-0.0010369345545768738,-0.0009505078196525574,0.0026709408318224197,-0.6997361183166504,0.21309404075145721,0.2869758605957031,-0.6574075222015381,0.9305056749924068,-0.049920763820409775,0.04366849362850189,-0.023822080343961716,0.013230949640274048,-0.021555403247475624,0.015289830043911934,-0.0020014122128486633,-0.0007959082722663879,-0.0009061768651008606,-0.0008264556527137756,0.0024491284695995663,-0.7900874614715576,0.14292262494564056,0.2932604253292084,-0.641480028629303,0.950121625730752,48.586160182,False,-0.00011604279279708862,-0.00010989606380462646,-0.00012908130884170532,-0.00012181699275970459,0.0002388396859567909,0.09031406790018082,0.07015466690063477,-0.0062808389775455,-0.015947967767715454,0.11531233771538818,ROA_1003_model40000_std01,2429,2026-10-03_22-59-50,-0.051821041852235794,0.04223385825753212
-0.0013887882232666016,0.00012330710887908936,-0.00025760382413864136,-0.0005995854735374451,0.001412539009918908,-0.5132145881652832,0.4189051389694214,0.44708696007728577,-0.4871859848499298,0.9335903082916847,-0.0021997839212417603,-0.0006709247827529907,-0.0007607042789459229,-0.0010715797543525696,0.0025476711710071148,-0.6951689124107361,0.20706838369369507,0.2852901816368103,-0.6529185771942139,0.922261500030527,-0.04847964644432068,0.04180604964494705,-0.025462687015533447,0.017019279301166534,-0.023997116833925247,0.01779446378350258,-0.002080947160720825,-0.0005539506673812866,-0.000605359673500061,-0.0009447336196899414,0.0023246900777735124,-0.7803197503089905,0.15097856521606445,0.29294005036354065,-0.626692533493042,0.9419528987340732,48.606159535,False,-0.0001214444637298584,-0.00011790543794631958,-0.00015515834093093872,-0.00012833625078201294,0.0002628470826155137,0.0851564034819603,0.05605257675051689,-0.00764429522678256,-0.026263294741511345,0.10411602624575053,ROA_1003_model40000_std01,2430,2026-10-03_22-59-50,-0.049848075956106186,0.04098968580365181
-0.0012677162885665894,-1.5459954738616943e-05,-0.0004813075065612793,-0.00045336782932281494,0.0013684620024115319,-0.5133990049362183,0.4180576503276825,0.43953579664230347,-0.484177827835083,0.927949578760854,-0.002010166645050049,-0.0007057562470436096,-0.0009622424840927124,-0.0008743256330490112,0.0024569403270771587,-0.6970967650413513,0.2066846787929535,0.2728290855884552,-0.6536729335784912,0.9169320725413433,-0.041768983006477356,0.03626550734043121,-0.019945858046412468,0.013698659837245941,-0.01913115382194519,0.013552743941545486,-0.0019319355487823486,-0.0006517395377159119,-0.0008078292012214661,-0.0007733702659606934,0.0022866501443195722,-0.785935640335083,0.14919228851795197,0.28182005882263184,-0.6213579177856445,0.9374470812363431,48.626159945000005,False,-7.618218660354614e-05,-5.19677996635437e-05,-0.00015422701835632324,-0.00010337680578231812,0.00020730813532342455,0.08876807242631912,0.05739926919341087,-0.008985400199890137,-0.032335519790649414,0.10877593399279267,ROA_1003_model40000_std01,2431,2026-10-03_22-59-50,-0.042022861540317535,0.03694525733590126
-0.00109206885099411,-0.00014882534742355347,-0.0007934868335723877,-0.0002481043338775635,0.0013760819622897576,-0.5159322023391724,0.4250965714454651,0.4351325035095215,-0.48700717091560364,0.9318524105800977,-0.0018818303942680359,-0.0009180977940559387,-0.0012975186109542847,-0.0007150694727897644,0.002564262666241501,-0.7042064666748047,0.20943208038806915,0.26227906346321106,-0.6616934537887573,0.9202724416285469,-0.03699958696961403,0.03195714205503464,-0.014047310687601566,0.007217978592962027,-0.013036679476499557,0.007395066786557436,-0.0018054619431495667,-0.0008784234523773193,-0.0011438503861427307,-0.0006264075636863708,0.0023936002674392943,-0.7957936525344849,0.1406800001859665,0.27133709192276,-0.6344411373138428,0.9393375487208578,48.646159458,True,-7.301568984985352e-05,-4.0978193283081055e-05,-0.00015292316675186157,-8.810311555862427e-05,0.00019533927302380064,0.09157880395650864,0.06877817213535309,-0.009028241038322449,-0.02726726047694683,0.11698252792582318,ROA_1003_model40000_std01,2432,2026-10-03_22-59-50,-0.03618096932768822,0.03350229561328888
-0.001138634979724884,-2.384185791015625e-05,-0.0008055940270423889,-0.00028368085622787476,0.0014070885634971625,-0.5218926668167114,0.4351828098297119,0.4425346553325653,-0.4931855797767639,0.9466458319104226,-0.002066977322101593,-0.0010007992386817932,-0.0013550743460655212,-0.0008424744009971619,0.0027930201518479953,-0.7111504077911377,0.21665355563163757,0.26745161414146423,-0.6705745458602905,0.934230532718582,-0.038463834673166275,0.03454526513814926,-0.013250955380499363,0.005788600537925959,-0.011571928858757019,0.006918489467352629,-0.00193081796169281,-0.0008609145879745483,-0.001187250018119812,-0.0007128342986106873,0.0025233350926944093,-0.805992603302002,0.1398138701915741,0.27937254309654236,-0.6470866203308105,0.9540303162570626,48.666164924,True,-0.00013783574104309082,-0.0001387670636177063,-0.0001687556505203247,-0.00012926757335662842,0.00028821177793694324,0.09477882832288742,0.07693283259868622,-0.011937691830098629,-0.023499129340052605,0.12444190002923745,ROA_1003_model40000_std01,2433,2026-10-03_22-59-50,-0.03767233341932297,0.03562198579311371
-0.0011825934052467346,5.19677996635437e-05,-0.0007232651114463806,-0.00033192336559295654,0.0013925187295162696,-0.520674467086792,0.43203678727149963,0.44560056924819946,-0.4921853244304657,0.9455251189755223,-0.002154894173145294,-0.0010028481483459473,-0.0012978911399841309,-0.0009227544069290161,0.002850828494342903,-0.7073972225189209,0.21689383685588837,0.27311593294143677,-0.6658546328544617,0.9330849261619754,-0.04360903427004814,0.037165962159633636,-0.018388764932751656,0.008669259026646614,-0.01646365597844124,0.010048603639006615,-0.0019744038581848145,-0.0007903203368186951,-0.001115165650844574,-0.0007616356015205383,0.002506973422245665,-0.7998756766319275,0.14304369688034058,0.2842135727405548,-0.6453077793121338,0.9532093669617155,48.686158965000004,True,-0.00018347054719924927,-0.00021308660507202148,-0.0001821666955947876,-0.00015888363122940063,0.00036988244987458754,0.09244493395090103,0.07389113306999207,-0.011108814738690853,-0.020565463230013847,0.12029821794623814,ROA_1003_model40000_std01,2434,2026-10-03_22-59-50,-0.043619174510240555,0.037233464419841766
-0.0012196600437164307,6.798654794692993e-05,-0.0006230548024177551,-0.00036992132663726807,0.0013741300202242393,-0.5230512022972107,0.4333723187446594,0.4493500888347626,-0.49398836493492126,0.9501828886545947,-0.0021578744053840637,-0.0009560957551002502,-0.0012051314115524292,-0.0009505078196525574,0.0027969753580258175,-0.7078293561935425,0.22065265476703644,0.28048640489578247,-0.6642211079597473,0.9381936639141654,-0.047198958694934845,0.03919200599193573,-0.021794363856315613,0.012118304148316383,-0.020394589751958847,0.012712614610791206,-0.001961924135684967,-0.0006973743438720703,-0.001006200909614563,-0.0007664784789085388,0.0024134963227734826,-0.7922350764274597,0.15123561024665833,0.2907104790210724,-0.6445254683494568,0.9547456998308494,48.706158415000004,True,-0.00020116567611694336,-0.00026300549507141113,-0.00020116567611694336,-0.00018514692783355713,0.0004278391813830077,0.0843927189707756,0.06943754851818085,-0.010173766873776913,-0.019723547622561455,0.11118441600399649,ROA_1003_model40000_std01,2435,2026-10-03_22-59-50,-0.04752206429839134,0.039447516202926636
-0.0012813135981559753,8.791685104370117e-05,-0.0005690380930900574,-0.0003976747393608093,0.0014045342901530026,-0.5286372900009155,0.43575090169906616,0.45225581526756287,-0.49688106775283813,0.9571127612365011,-0.0021712854504585266,-0.0008456408977508545,-0.0011498108506202698,-0.0009335577487945557,0.0027339272525069,-0.7100756764411926,0.2280752956867218,0.28643569350242615,-0.6647854447364807,0.9462998538546216,-0.04665827751159668,0.04025766998529434,-0.021477675065398216,0.013878492638468742,-0.0204473864287138,0.014097221195697784,-0.0019999220967292786,-0.000636465847492218,-0.0009376555681228638,-0.0007705762982368469,0.002392053721441814,-0.7981117367744446,0.15283562242984772,0.29327720403671265,-0.6444249153137207,0.9606002725871692,48.726162120000005,True,-0.00017546117305755615,-0.00021141022443771362,-0.0002076849341392517,-0.00016707926988601685,0.0003808698343626633,0.0880565419793129,0.07527321577072144,-0.006822868715971708,-0.020384786650538445,0.11731491825021605,ROA_1003_model40000_std01,2436,2026-10-03_22-59-50,-0.04669380933046341,0.04095631092786789
-0.0012468546628952026,3.688037395477295e-05,-0.0005815178155899048,-0.0003643333911895752,0.0013814191113204171,-0.5262643098831177,0.4324391186237335,0.448869526386261,-0.4945806860923767,0.9514275975061315,-0.0021202489733695984,-0.0008605420589447021,-0.0011648982763290405,-0.0009018927812576294,0.002700535049371116,-0.7079429626464844,0.22500751912593842,0.282442182302475,-0.6642006039619446,0.9413382979608677,-0.04572919383645058,0.03935727849602699,-0.020803246647119522,0.012384867295622826,-0.019537974148988724,0.013117548078298569,-0.0019742175936698914,-0.0006901100277900696,-0.0009628012776374817,-0.0007484108209609985,0.0023970467033121276,-0.7951985597610474,0.1466609537601471,0.2869758605957031,-0.6446912288665771,0.9528619047523643,48.746159298,True,-0.00014416873455047607,-0.0001775100827217102,-0.00020302832126617432,-0.00015310943126678467,0.00033950740652966596,0.08722393959760666,0.07837079465389252,-0.004500150680541992,-0.0195428729057312,0.11841378830094482,ROA_1003_model40000_std01,2437,2026-10-03_22-59-50,-0.04544275626540184,0.03999684378504753
-0.0012429431080818176,4.4889748096466064e-05,-0.0006100162863731384,-0.0003635883331298828,0.0013900906623019475,-0.5237813591957092,0.4295129179954529,0.4461016356945038,-0.49229151010513306,0.9461944420911698,-0.0021219253540039062,-0.0008357688784599304,-0.0011915341019630432,-0.0008970499038696289,0.0027042337964394733,-0.7041282653808594,0.22554582357406616,0.278230756521225,-0.6620268821716309,0.9363517044273233,-0.04472040757536888,0.04007338359951973,-0.020107049494981766,0.012226372957229614,-0.01838899776339531,0.013614725321531296,-0.0019880011677742004,-0.0007135793566703796,-0.0009987503290176392,-0.0007718801498413086,0.0024374093970215183,-0.798363208770752,0.14017708599567413,0.2794470489025116,-0.6461068391799927,0.9487805555985716,48.766160443000004,True,-0.0001385807991027832,-0.00012032687664031982,-0.00019352883100509644,-0.00012721866369247437,0.0002948782863063448,0.09428150206804276,0.08540227264165878,-0.0012516974238678813,-0.015955418348312378,0.12774596642721311,ROA_1003_model40000_std01,2438,2026-10-03_22-59-50,-0.04401552304625511,0.040378324687480927
-0.0011991709470748901,1.173466444015503e-05,-0.0006211921572685242,-0.00034943222999572754,0.001359327359723215,-0.5172677040100098,0.42419692873954773,0.44209322333335876,-0.4891063868999481,0.9366404836464015,-0.002088025212287903,-0.0008558854460716248,-0.001208670437335968,-0.0008905306458473206,0.0026930426139552765,-0.6985123753547668,0.22044403851032257,0.272562712430954,-0.6594322323799133,0.9267488292699633,-0.04467666149139404,0.04009971767663956,-0.02030455879867077,0.012814616784453392,-0.018541572615504265,0.014140449464321136,-0.0019410625100135803,-0.0007418915629386902,-0.0010194256901741028,-0.000768713653087616,0.002419879398656687,-0.7917303442955017,0.1395195722579956,0.27171334624290466,-0.6451569199562073,0.9397643561822611,48.786161941,True,-0.00014230608940124512,-0.00011399388313293457,-0.0001901760697364807,-0.00012200325727462769,0.0002899580780425389,0.09317322820425034,0.08095613867044449,0.0008530914201401174,-0.014325602911412716,0.12374326700357534,ROA_1003_model40000_std01,2439,2026-10-03_22-59-50,-0.04392969608306885,0.039843592792749405
-0.001167692244052887,-1.862645149230957e-06,-0.0006459653377532959,-0.0003175809979438782,0.001343869054725566,-0.5145873427391052,0.4213489294052124,0.4397611916065216,-0.48669612407684326,0.9315072197924559,-0.002051703631877899,-0.000838935375213623,-0.0012390315532684326,-0.000856444239616394,0.0026663729775096992,-0.6952285170555115,0.21910293400287628,0.26963090896606445,-0.6572920680046082,0.9218340295088552,-0.04475894942879677,0.04083836078643799,-0.020433202385902405,0.013673665001988411,-0.018719805404543877,0.01490022987127304,-0.001907534897327423,-0.0007404014468193054,-0.0010497868061065674,-0.0007387250661849976,0.002401124214159528,-0.7863584756851196,0.13973936438560486,0.26848912239074707,-0.6437692642211914,0.9341629340283745,48.806161838,True,-0.00014472752809524536,-9.909272193908691e-05,-0.0001903623342514038,-0.00012237578630447388,0.00028629158944231905,0.09112431854009628,0.07938406616449356,0.0011362135410308838,-0.013524665497243404,0.1211215792501529,ROA_1003_model40000_std01,2440,2026-10-03_22-59-50,-0.0439930260181427,0.0401557981967926
-0.0011457130312919617,-1.9185245037078857e-05,-0.0006292015314102173,-0.0003196299076080322,0.0013186988743380437,-0.5120280981063843,0.4194173812866211,0.43883171677589417,-0.48695874214172363,0.9288953141301121,-0.0020226463675498962,-0.0008163973689079285,-0.0012315809726715088,-0.0008532777428627014,0.002632025603347032,-0.6920080184936523,0.21727009117603302,0.2702660858631134,-0.6559956669807434,0.9189547244677284,-0.04529542848467827,0.0407499335706234,-0.02056213468313217,0.013906298205256462,-0.01902439445257187,0.014848785474896431,-0.0018678605556488037,-0.000727921724319458,-0.001037493348121643,-0.0007404014468193054,0.002360644855886244,-0.778498113155365,0.1427680253982544,0.2664625644683838,-0.6456505060195923,0.9298819390934768,48.826156392,True,-0.00015478581190109253,-8.64267349243164e-05,-0.00019688159227371216,-0.00011194497346878052,0.0002876127471502104,0.08649937063455582,0.07454678416252136,0.003790482645854354,-0.010346992872655392,0.11425659649010556,ROA_1003_model40000_std01,2441,2026-10-03_22-59-50,-0.04478224366903305,0.039754290133714676
-0.0011302530765533447,-2.7008354663848877e-05,-0.0006010755896568298,-0.00033155083656311035,0.001293281668055958,-0.5104485750198364,0.4178546071052551,0.4395376741886139,-0.48776528239250183,0.9280708064972405,-0.0019880011677742004,-0.0007696449756622314,-0.0012036412954330444,-0.0008473172783851624,0.002573799951669443,-0.6894040703773499,0.21761281788349152,0.2725757658481598,-0.6546750068664551,0.9183098452939388,-0.046214379370212555,0.041508566588163376,-0.021559692919254303,0.014657709747552872,-0.019966404885053635,0.015670940279960632,-0.001833401620388031,-0.0007098540663719177,-0.0010078772902488708,-0.0007467344403266907,0.0023149434509410647,-0.7699001431465149,0.1439843326807022,0.2678278684616089,-0.6473101377487183,0.9261412756629146,48.846156033,True,-0.00015310943126678467,-6.183981895446777e-05,-0.00019613653421401978,-0.00010132789611816406,0.00027541326355279337,0.08045322448015213,0.07366761565208435,0.004777684807777405,-0.007389112841337919,0.10909538400973426,ROA_1003_model40000_std01,2442,2026-10-03_22-59-50,-0.045881353318691254,0.04040155187249184
-0.0011235475540161133,-2.775341272354126e-05,-0.0005727633833885193,-0.00034850090742111206,0.0012750847669653212,-0.5077998638153076,0.41596031188964844,0.4398021697998047,-0.48860904574394226,0.9263358728586166,-0.0019513070583343506,-0.0007178634405136108,-0.0011648982763290405,-0.0008422881364822388,0.0025071243541671564,-0.684319019317627,0.21870805323123932,0.2735797166824341,-0.6544514894485474,0.9165437604323231,-0.04710226505994797,0.04210679605603218,-0.022689908742904663,0.015312112867832184,-0.02096831426024437,0.016495123505592346,-0.0018052756786346436,-0.0006984919309616089,-0.0009734183549880981,-0.0007627531886100769,0.002276508680861612,-0.7632840275764465,0.14554522931575775,0.2679750323295593,-0.6482079029083252,0.9230126377132546,48.866154939000005,True,-0.0001475214958190918,-1.8440186977386475e-05,-0.00019147992134094238,-8.23289155960083e-05,0.00025375742165192775,0.07892958074808121,0.07312372326850891,0.005628913175314665,-0.006299465429037809,0.10759637941506124,ROA_1003_model40000_std01,2443,2026-10-03_22-59-50,-0.04693721607327461,0.04068383947014809
-0.001126900315284729,-1.5459954738616943e-05,-0.0005731359124183655,-0.0003593042492866516,0.0012773396247144704,-0.5082226991653442,0.4164091944694519,0.4401448965072632,-0.489411860704422,0.9273387493436067,-0.0019360333681106567,-0.0006565824151039124,-0.001154094934463501,-0.0008270144462585449,0.0024653992519916112,-0.683432400226593,0.22183170914649963,0.2742353677749634,-0.6542577743530273,0.9178202370600266,-0.047326650470495224,0.0429077185690403,-0.022918695583939552,0.01609187386929989,-0.02115308679640293,0.01730315573513508,-0.0018017366528511047,-0.000681169331073761,-0.0009713694453239441,-0.000772625207901001,0.002268723769453482,-0.7641929984092712,0.1473836600780487,0.26700830459594727,-0.6491578817367554,0.924233415631943,48.886155029,True,-0.00013243407011032104,2.6263296604156494e-05,-0.00018011778593063354,-5.476176738739014e-05,0.00022549019664670932,0.08076056092977524,0.07447600364685059,0.007262452971190214,-0.005107372533529997,0.10987486719404238,ROA_1003_model40000_std01,2444,2026-10-03_22-59-50,-0.04714619368314743,0.04127606377005577
-0.0010970979928970337,-3.557652235031128e-05,-0.0005517154932022095,-0.0003723427653312683,0.00124514355990452,-0.5069728493690491,0.4169009327888489,0.44023242592811584,-0.4911385178565979,0.927831814508121,-0.0018680468201637268,-0.0006387010216712952,-0.001111440360546112,-0.0008242204785346985,0.0023856209361014786,-0.6821303963661194,0.22259725630283356,0.27499905228614807,-0.6552003026008606,0.9183407334250558,-0.04760215803980827,0.04264507070183754,-0.02308395877480507,0.015898535028100014,-0.021336819976568222,0.017041949555277824,-0.0017404556274414062,-0.0006895512342453003,-0.0009451061487197876,-0.0007897615432739258,0.0022170507338617,-0.7570068836212158,0.15149451792240143,0.266537070274353,-0.6528254151344299,0.922668150554972,48.906155667,True,-0.00012200325727462769,5.2712857723236084e-05,-0.00016577541828155518,-3.632158041000366e-05,0.00020584138172600032,0.07489509880542755,0.07111765444278717,0.008489936590194702,-0.0023506581783294678,0.10338133163552739,ROA_1003_model40000_std01,2445,2026-10-03_22-59-50,-0.047463927417993546,0.04118325561285019
-0.0011019408702850342,-1.341104507446289e-05,-0.0005422160029411316,-0.00040177255868911743,0.0012439145866470545,-0.5070008039474487,0.41815078258514404,0.43942591547966003,-0.49210524559020996,0.9285192967338848,-0.0018384307622909546,-0.0005666166543960571,-0.0010792165994644165,-0.0008266419172286987,0.0023229427126157643,-0.6822682619094849,0.22552160918712616,0.27417391538619995,-0.6553958654403687,0.9194830861591186,-0.04651236534118652,0.04327261075377464,-0.02246146649122238,0.016784774139523506,-0.020706159994006157,0.017934460192918777,-0.0017348676919937134,-0.0006653368473052979,-0.0009274110198020935,-0.0008177012205123901,0.0022019659261169854,-0.7572881579399109,0.15290267765522003,0.2647861838340759,-0.6543024778366089,0.923107670064118,48.926156061,True,-0.00010523945093154907,9.611248970031738e-05,-0.00015087425708770752,-9.872019290924072e-06,0.00019123301658383155,0.07505342364311218,0.07265247404575348,0.009376555681228638,-0.0010933727025985718,0.10462931599691125,ROA_1003_model40000_std01,2446,2026-10-03_22-59-50,-0.04606932774186134,0.04216453433036804
-0.001064501702785492,-3.1478703022003174e-05,-0.0005517154932022095,-0.00040195882320404053,0.0012193298265731054,-0.5040466785430908,0.4168189764022827,0.4362184405326843,-0.4897974133491516,0.9235949142812303,-0.001765415072441101,-0.0005494803190231323,-0.0010659918189048767,-0.0008089467883110046,0.002251526593226729,-0.6793234348297119,0.22502055764198303,0.2704225480556488,-0.653590977191925,0.9148991694445302,-0.04559335112571716,0.04221499711275101,-0.021973999217152596,0.015895206481218338,-0.020139439031481743,0.017160041257739067,-0.0016847625374794006,-0.000673346221446991,-0.0009335577487945557,-0.000815466046333313,0.0021703510830546635,-0.7523595690727234,0.15428662300109863,0.2613682150840759,-0.6521120071411133,0.9180603058204455,48.946155655000005,True,-8.549541234970093e-05,0.00012367963790893555,-0.00013262033462524414,5.587935447692871e-06,0.00017999437809885994,0.07298775017261505,0.07073022425174713,0.009074807167053223,-0.0015050171641632915,0.10178433273056295,ROA_1003_model40000_std01,2447,2026-10-03_22-59-50,-0.045021653175354004,0.04126977175474167
-0.0010726973414421082,-3.166496753692627e-05,-0.0005336478352546692,-0.0004114583134651184,0.0012183506308938545,-0.503066897392273,0.41630303859710693,0.43398138880729675,-0.4869866967201233,0.9203239390189926,-0.0017583370208740234,-0.0005219131708145142,-0.0010319054126739502,-0.0008013099431991577,0.0022174284162244065,-0.6806570887565613,0.2229846864938736,0.2667047083377838,-0.6530340313911438,0.9124377004337746,-0.04433228820562363,0.0411718413233757,-0.020909277722239494,0.01497860811650753,-0.0190732479095459,0.016259508207440376,-0.0016842037439346313,-0.0006685033440589905,-0.0009085983037948608,-0.0008206814527511597,0.002157198939048742,-0.7520727515220642,0.15531480312347412,0.259891152381897,-0.6477683186531067,0.915924315773883,48.966158513,True,-7.543712854385376e-05,0.00014472752809524536,-0.00012293457984924316,1.955777406692505e-05,0.00018544772396200996,0.07139332592487335,0.06765127182006836,0.006776302587240934,-0.005260109435766935,0.09836364183307422,ROA_1003_model40000_std01,2448,2026-10-03_22-59-50,-0.0440051294863224,0.03991011530160904
-0.0011324882507324219,2.514570951461792e-05,-0.0004736706614494324,-0.00046119093894958496,0.0012386349631787743,-0.5039889216423035,0.4158727526664734,0.43259185552597046,-0.48372891545295715,0.9182828957232932,-0.0018069520592689514,-0.000455416738986969,-0.0009473413228988647,-0.0008312985301017761,0.002196206512658596,-0.6840322017669678,0.2212524265050888,0.26478245854377747,-0.6504579782485962,0.9111965355025217,-0.042506322264671326,0.040744535624980927,-0.019416458904743195,0.014652695506811142,-0.01759078912436962,0.01593734510242939,-0.001745857298374176,-0.000609271228313446,-0.0008370727300643921,-0.0008590519428253174,0.002155708256091406,-0.7567051649093628,0.15605613589286804,0.2605915069580078,-0.6406027674674988,0.916867214995902,48.986156475,True,-5.811452865600586e-05,0.00015757977962493896,-0.00010877847671508789,2.644956111907959e-05,0.00018293456974300795,0.0725872814655304,0.06522610783576965,0.004250556230545044,-0.009823589585721493,0.09764770552059066,ROA_1003_model40000_std01,2449,2026-10-03_22-59-50,-0.04250664636492729,0.039131712168455124
-0.001130625605583191,2.0489096641540527e-06,-0.000484660267829895,-0.000428222119808197,0.0012426426847004428,-0.5023665428161621,0.4148333966732025,0.42676177620887756,-0.4780385494232178,0.9112121893564105,-0.0017920508980751038,-0.00046119093894958496,-0.0009421259164810181,-0.000782310962677002,0.002173867880352575,-0.6859134435653687,0.21773388981819153,0.25697237253189087,-0.6472412347793579,0.905005443278563,-0.04070721194148064,0.03924247622489929,-0.018242988735437393,0.01366441696882248,-0.01648479513823986,0.014893151819705963,-0.0017452985048294067,-0.0006331130862236023,-0.0008400529623031616,-0.0008122995495796204,0.0021548590741976297,-0.7570515871047974,0.15434063971042633,0.25821104645729065,-0.6306226849555969,0.9115228859530977,49.006156773,True,-4.5262277126312256e-05,0.00017154961824417114,-0.00010486692190170288,2.8684735298156738e-05,0.00018824299874444617,0.07115304470062256,0.0634361058473587,-0.0012516974238678813,-0.016653910279273987,0.09609077981157314,ROA_1003_model40000_std01,2450,2026-10-03_22-59-50,-0.040816277265548706,0.03758113458752632
-0.0011550262570381165,7.82310962677002e-06,-0.0004906207323074341,-0.0004082918167114258,0.0012650364081893456,-0.49934905767440796,0.4118252396583557,0.4170890748500824,-0.468678742647171,0.8987618210075162,-0.001809932291507721,-0.00043492764234542847,-0.0009356066584587097,-0.0007426366209983826,0.00216914981107056,-0.685961902141571,0.21207517385482788,0.2474076896905899,-0.6388164758682251,0.8935723405644522,-0.03772641345858574,0.0376783087849617,-0.015867294743657112,0.012332053855061531,-0.014135962352156639,0.01360003836452961,-0.0017704442143440247,-0.0006211921572685242,-0.000835023820400238,-0.000774674117565155,0.002159103131465896,-0.7588546276092529,0.15074573457241058,0.2509448528289795,-0.6166864037513733,0.9026462876728218,49.026156527000005,True,-3.8370490074157715e-05,0.0001866370439529419,-9.872019290924072e-05,3.129243850708008e-05,0.00019880792069771515,0.07287226617336273,0.06133690103888512,-0.003520399099215865,-0.022150574252009392,0.09678276971791921,ROA_1003_model40000_std01,2451,2026-10-03_22-59-50,-0.03779599070549011,0.036206308752298355
-0.001082010567188263,-8.083879947662354e-05,-0.000577978789806366,-0.00030957162380218506,0.0012464763825067412,-0.493526428937912,0.40697675943374634,0.40906479954719543,-0.4626195728778839,0.886387457992199,-0.0017499551177024841,-0.0005098059773445129,-0.0010209158062934875,-0.000632554292678833,0.002165946172768274,-0.6850398778915405,0.20258872210979462,0.23924557864665985,-0.6335768699645996,0.8819737359766092,-0.0348488911986351,0.034892287105321884,-0.0135527728125453,0.009986991062760353,-0.011841935105621815,0.011320969089865685,-0.001708976924419403,-0.0007051974534988403,-0.0009229406714439392,-0.0006707385182380676,0.002160329718822563,-0.7567163109779358,0.14666840434074402,0.24345701932907104,-0.6076599955558777,0.8927180284531109,49.046163161,True,-4.041939973831177e-05,0.00019706785678863525,-9.685754776000977e-05,3.818422555923462e-05,0.000210647081825599,0.07166527211666107,0.05595758184790611,-0.004200264811515808,-0.025911254808306694,0.09301700080532795,ROA_1003_model40000_std01,2452,2026-10-03_22-59-50,-0.03501641005277634,0.03343961387872696
-0.001037493348121643,-0.00013168901205062866,-0.0006262212991714478,-0.00024009495973587036,0.0012350425358540378,-0.4904474914073944,0.40447524189949036,0.4043392539024353,-0.4595573842525482,0.8797045205695997,-0.0017158687114715576,-0.0005600973963737488,-0.001070648431777954,-0.0005491077899932861,0.002163482312680178,-0.6862133145332336,0.19576957821846008,0.23724882304668427,-0.6276480555534363,0.8757384319464244,-0.03226552903652191,0.03212558478116989,-0.011418129317462444,0.0076065934263169765,-0.009724131785333157,0.009034108370542526,-0.0016732141375541687,-0.0007580965757369995,-0.0009799376130104065,-0.0006021931767463684,0.0021638634614059345,-0.7554627656936646,0.14491379261016846,0.23762880265712738,-0.6046406626701355,0.8872303512108708,49.066158628000004,True,-4.600733518600464e-05,0.000194646418094635,-9.08970832824707e-05,4.861503839492798e-05,0.00021298688819671618,0.06928481161594391,0.05087442323565483,-0.00039488074253313243,-0.02304278127849102,0.08713438705503555,ROA_1003_model40000_std01,2453,2026-10-03_22-59-50,-0.032598622143268585,0.030817309394478798
-0.0009579584002494812,-0.00020954757928848267,-0.0006783753633499146,-0.0001821666955947876,0.00120592388568624,-0.48602741956710815,0.40494275093078613,0.4035159647464752,-0.4633590281009674,0.8790819863950939,-0.0016437843441963196,-0.0006509944796562195,-0.0011281110346317291,-0.0004813075065612793,0.0021516077708695967,-0.6853155493736267,0.19275209307670593,0.23894290626049042,-0.6285747289657593,0.8750549629864062,-0.030180806294083595,0.0289973895996809,-0.009642715565860271,0.005108433309942484,-0.008042761124670506,0.0064999754540622234,-0.0015828758478164673,-0.0008346512913703918,-0.0010392628610134125,-0.0005484558641910553,0.002140796521238146,-0.7494016885757446,0.148015096783638,0.23577454686164856,-0.610227644443512,0.885351792223156,49.086158158,True,-6.07222318649292e-05,0.00018347054719924927,-8.87550413608551e-05,6.7148357629776e-05,0.00021571501788199323,0.06407685577869415,0.044792886823415756,0.003181397682055831,-0.018349848687648773,0.07859875748902903,ROA_1003_model40000_std01,2454,2026-10-03_22-59-50,-0.030467651784420013,0.028236156329512596
-0.0008809380233287811,-0.0002673827111721039,-0.0006855465471744537,-0.00013774260878562927,0.0011548219251349536,-0.48155707120895386,0.4068249762058258,0.4057576656341553,-0.46786385774612427,0.8810597689623185,-0.001569744199514389,-0.0007410533726215363,-0.00113779678940773,-0.0004396773874759674,0.002120365270735308,-0.678844690322876,0.19607412815093994,0.24469289183616638,-0.6298562288284302,0.8765423768889595,-0.02975597232580185,0.02624945156276226,-0.00914990808814764,0.0027347500436007977,-0.0075994329527020454,0.0041124108247458935,-0.0014921650290489197,-0.0008909031748771667,-0.0010445713996887207,-0.0004991888999938965,0.002086302443790779,-0.7391292452812195,0.1556379646062851,0.24066118896007538,-0.6133392453193665,0.8854610634119761,49.106157912,True,-7.869675755500793e-05,0.0001491047441959381,-9.508803486824036e-05,6.081536412239075e-05,0.00019722543401034574,0.06031430885195732,0.04045571759343147,0.004038214683532715,-0.016520731151103973,0.07287262199414105,ROA_1003_model40000_std01,2455,2026-10-03_22-59-50,-0.03018244542181492,0.025809532031416893
-0.0008206814527511597,-0.00033546239137649536,-0.0006520189344882965,-0.00010877847671508789,0.0010996156930779312,-0.4785712659358978,0.4057949185371399,0.41139963269233704,-0.4724329113960266,0.8841191489076023,-0.0015310011804103851,-0.0008274801075458527,-0.0011118128895759583,-0.00041527673602104187,0.0021021396195364185,-0.6728376746177673,0.1966543346643448,0.25112366676330566,-0.6352150440216064,0.8792710414885074,-0.029670394957065582,0.024472756311297417,-0.009167241863906384,0.0010240497067570686,-0.007438569329679012,0.002692159730941057,-0.0014389865100383759,-0.0009455718100070953,-0.0010040588676929474,-0.0004527159035205841,0.002038753339087334,-0.7370030283927917,0.15890876948833466,0.25042611360549927,-0.6117597222328186,0.8899652720729553,49.126157378,True,-9.210780262947083e-05,0.00012172386050224304,-0.00010635703802108765,3.5297125577926636e-05,0.00018168899169795355,0.06414484232664108,0.03774557262659073,0.0007431953563354909,-0.023441387340426445,0.07533926314646815,ROA_1003_model40000_std01,2456,2026-10-03_22-59-50,-0.030903223901987076,0.023199867457151413
-0.0008391216397285461,-0.00033080577850341797,-0.0005887821316719055,-0.00010700896382331848,0.001078049304664063,-0.47823503613471985,0.40436628460884094,0.41694843769073486,-0.4749651849269867,0.8873022451837826,-0.001565646380186081,-0.0008474104106426239,-0.0010455027222633362,-0.00042067840695381165,0.0021042164697434385,-0.6716316342353821,0.1953141689300537,0.25731509923934937,-0.6385268568992615,0.8827314943623249,-0.02741643413901329,0.02442893013358116,-0.00788932666182518,0.0009405086748301983,-0.005767829716205597,0.003253198228776455,-0.0014726072549819946,-0.0009474344551563263,-0.0009344890713691711,-0.0004369765520095825,0.002028844465508732,-0.7404768466949463,0.16194115579128265,0.2595130205154419,-0.6072381138801575,0.896628064663169,49.146155532,True,-9.210780262947083e-05,0.00010170042514801025,-0.00011334195733070374,1.6670674085617065e-05,0.00016864496994386185,0.06883684545755386,0.03340095281600952,-0.0021765008568763733,-0.03128219395875931,0.0783031061193202,ROA_1003_model40000_std01,2457,2026-10-03_22-59-50,-0.02927612140774727,0.02233445830643177
-0.000829063355922699,-0.0003546476364135742,-0.0006078742444515228,-5.895271897315979e-05,0.0010780515804389558,-0.48044413328170776,0.40895211696624756,0.4229126274585724,-0.48121434450149536,0.89681245331437,-0.0015801750123500824,-0.0008995644748210907,-0.001074373722076416,-0.00038584694266319275,0.0021404544208325073,-0.6741499304771423,0.19724665582180023,0.2618711292743683,-0.6477581262588501,0.8916812401089391,-0.025734709575772285,0.02341032773256302,-0.005846703425049782,-3.206916153430939e-05,-0.0037406866904348135,0.0022352421656250954,-0.001480989158153534,-0.0009720213711261749,-0.0009550713002681732,-0.00038426369428634644,0.0020413232332189527,-0.7463144063949585,0.17026717960834503,0.265957772731781,-0.6109932065010071,0.9087042240590977,49.166156502,True,-0.00010021030902862549,7.553026080131531e-05,-0.0001169741153717041,7.450580596923828e-07,0.00016290671914860182,0.07237866520881653,0.026958992704749107,-0.004201196134090424,-0.03677047789096832,0.07940672235389322,ROA_1003_model40000_std01,2458,2026-10-03_22-59-50,-0.027756307274103165,0.021005753427743912
-0.0008159317076206207,-0.00035427510738372803,-0.0006182119250297546,-3.8743019104003906e-05,0.0010696957948779806,-0.48171913623809814,0.4137931168079376,0.42563396692276,-0.48371589183807373,0.902468548324548,-0.0015800818800926208,-0.0009482726454734802,-0.0010858289897441864,-0.0003841705620288849,0.002164338021222142,-0.6767604351043701,0.20004715025424957,0.26527419686317444,-0.6495360136032104,0.8970082401571517,-0.02431177720427513,0.022897737100720406,-0.0042337896302342415,-0.0005786519031971693,-0.0022023823112249374,0.001570515800267458,-0.0014676712453365326,-0.0009774230420589447,-0.0009713694453239441,-0.00037318095564842224,0.002037984336958802,-0.747934877872467,0.1803738921880722,0.2687806189060211,-0.6137946248054504,0.9166767736236104,49.186157856,True,-0.00011175870895385742,3.0174851417541504e-05,-0.00011557713150978088,-1.080334186553955e-05,0.00016133342682482412,0.07121730595827103,0.019649041816592216,-0.0035557893570512533,-0.035832636058330536,0.07528381351058686,ROA_1003_model40000_std01,2459,2026-10-03_22-59-50,-0.02592676319181919,0.021133627742528915
-0.0008177012205123901,-0.00032801181077957153,-0.0006251968443393707,-4.7963112592697144e-05,0.001070225681468359,-0.48223695158958435,0.41921156644821167,0.4261312782764435,-0.4843137860298157,0.9059604514683892,-0.0016083009541034698,-0.000988692045211792,-0.0011079944670200348,-0.0004248693585395813,0.00222214070810074,-0.6796261072158813,0.20201410353183746,0.2671321630477905,-0.6487853527069092,0.900082704296606,-0.025194544345140457,0.022030280902981758,-0.004912764765322208,-0.0018037987174466252,-0.0028729622717946768,0.0003696419298648834,-0.0014667399227619171,-0.0009542331099510193,-0.0009870156645774841,-0.00039944425225257874,0.002040887486411605,-0.7462277412414551,0.1905895620584488,0.2683298587799072,-0.6163743734359741,0.9208774980468106,49.206155818000006,True,-0.00013886019587516785,-3.287568688392639e-05,-0.00012172386050224304,-2.7101486921310425e-05,0.00018950612262705506,0.06663426756858826,0.011374241672456264,-0.0011557713150978088,-0.03243517130613327,0.06800863607478541,ROA_1003_model40000_std01,2460,2026-10-03_22-59-50,-0.0262519009411335,0.021243950352072716
-0.000780448317527771,-0.0003310851752758026,-0.0007016584277153015,-1.0710209608078003e-05,0.0010808444777633379,-0.4853205382823944,0.4253312647342682,0.42901837825775146,-0.48900485038757324,0.9143449761340586,-0.001586414873600006,-0.001056678593158722,-0.0011910684406757355,-0.00042188912630081177,0.0022721472089239432,-0.6817746758460999,0.20854173600673676,0.27128028869628906,-0.6509031653404236,0.9074839624931632,-0.02728884667158127,0.020527398213744164,-0.006870368495583534,-0.0035636872053146362,-0.004819291643798351,-0.0013701093848794699,-0.0014314427971839905,-0.0009695999324321747,-0.0010687857866287231,-0.000374671071767807,0.00205243581380937,-0.7478864789009094,0.19904690980911255,0.26979389786720276,-0.6232103109359741,0.9290278426788574,49.22615522,True,-0.0001562759280204773,-8.866190910339355e-05,-0.00012386590242385864,-4.218891263008118e-05,0.00022138817812088107,0.06608106195926666,0.009504146873950958,0.0014761461643502116,-0.0277105700224638,0.0668167509058482,ROA_1003_model40000_std01,2461,2026-10-03_22-59-50,-0.02790478989481926,0.020486904308199883
-0.0007235445082187653,-0.00037867575883865356,-0.0007459893822669983,2.123415470123291e-05,0.0010707390744785223,-0.48329493403434753,0.4230113625526428,0.4280526041984558,-0.488147109746933,0.9112664614071688,-0.001545250415802002,-0.0011672265827655792,-0.0012602657079696655,-0.00042011961340904236,0.002321567071403979,-0.6800200343132019,0.2029547393321991,0.27101951837539673,-0.6496710181236267,0.903188439347271,-0.029997682198882103,0.019393838942050934,-0.009747209027409554,-0.004562478978186846,-0.007678991183638573,-0.0023318221792578697,-0.0013692304491996765,-0.0009996816515922546,-0.0011284835636615753,-0.00034533441066741943,0.002040529302779574,-0.7411707043647766,0.19947810471057892,0.2669011950492859,-0.6247078776359558,0.9241212174255061,49.246156126,True,-0.0001796521246433258,-0.00016959384083747864,-0.0001344829797744751,-7.255002856254578e-05,0.0002885108710795331,0.06115249916911125,0.003473832970485091,0.004110857844352722,-0.024986451491713524,0.06132194314903434,ROA_1003_model40000_std01,2462,2026-10-03_22-59-50,-0.030594248324632645,0.019595041871070862
-0.0007388181984424591,-0.0004055909812450409,-0.000737607479095459,2.4028122425079346e-05,0.001081243334782877,-0.48248186707496643,0.41672584414482117,0.4296097755432129,-0.48597806692123413,0.9074442360456806,-0.0015800818800926208,-0.0012153759598731995,-0.0012636184692382812,-0.00042300671339035034,0.0023697013399187725,-0.6803078055381775,0.19524803757667542,0.27150192856788635,-0.6496570706367493,0.8999521887030643,-0.030680596828460693,0.01912187598645687,-0.011064603924751282,-0.005034212023019791,-0.008703738451004028,-0.0023264235351234674,-0.0014020130038261414,-0.0010157935321331024,-0.0011183321475982666,-0.0003241002559661865,0.0020600265821694216,-0.7441918849945068,0.1908968985080719,0.27042439579963684,-0.6186328530311584,0.9216230503131637,49.266155337,True,-0.00018114224076271057,-0.00019818544387817383,-0.00014677643775939941,-9.890645742416382e-05,0.0003196783958363536,0.06387848407030106,0.004377216100692749,0.0010710209608078003,-0.031016765162348747,0.0640395690047199,ROA_1003_model40000_std01,2463,2026-10-03_22-59-50,-0.03146037831902504,0.019022619351744652
-0.0008548609912395477,-0.0003526918590068817,-0.000711437314748764,-8.195638656616211e-06,0.0011472523872558544,-0.48848146200180054,0.4160469174385071,0.43237021565437317,-0.4832437038421631,0.9101477792440453,-0.0017452985048294067,-0.0011847354471683502,-0.0012469477951526642,-0.00045495107769966125,0.002476980092425137,-0.6877565383911133,0.1911260038614273,0.2717897295951843,-0.6515849232673645,0.9030475449372607,-0.03022625669836998,0.020766904577612877,-0.01157369650900364,-0.004763271659612656,-0.008489769883453846,-0.0009468419011682272,-0.0015565194189548492,-0.0009737908840179443,-0.0010839663445949554,-0.0003384426236152649,0.0021447060347465972,-0.7620323300361633,0.1847110539674759,0.275343656539917,-0.6097862124443054,0.929700510563618,49.286154899,True,-0.0001862645149230957,-0.0002100132405757904,-0.0001607462763786316,-0.00011753290891647339,0.0003424213882294145,0.07450021803379059,0.006314366590231657,-0.0036591661628335714,-0.041833143681287766,0.07525965944653677,ROA_1003_model40000_std01,2464,2026-10-03_22-59-50,-0.03144379332661629,0.019863780587911606
-0.0008501112461090088,-0.0003798864781856537,-0.0007241964340209961,-1.3317912817001343e-05,0.0011574539085164438,-0.4873359203338623,0.4120040535926819,0.43133366107940674,-0.48021969199180603,0.9055582062230434,-0.001745671033859253,-0.0012314878404140472,-0.001257099211215973,-0.00046482309699058533,0.002504753003263566,-0.68803870677948,0.18451733887195587,0.2693580389022827,-0.6509450674057007,0.8985287709618248,-0.029757630079984665,0.020532332360744476,-0.011705601587891579,-0.0052689858712255955,-0.008276555687189102,-0.0009745063725858927,-0.0015583820641040802,-0.0010191462934017181,-0.001094769686460495,-0.00034421682357788086,0.002170947443360551,-0.7623080015182495,0.17638316750526428,0.2747420072555542,-0.6065778136253357,0.9248315669716571,49.306154205000006,True,-0.00018496066331863403,-0.00021066516637802124,-0.000162515789270401,-0.00012209638953208923,0.0003446240414796711,0.0742720440030098,0.00811740756034851,-0.005375593435019255,-0.04437844827771187,0.07573992620841179,ROA_1003_model40000_std01,2465,2026-10-03_22-59-50,-0.03083759918808937,0.020006252452731133
-0.0008370727300643921,-0.0003841705620288849,-0.0007710419595241547,-2.9802322387695312e-06,0.0011748579989585377,-0.4898821711540222,0.41442549228668213,0.4293341040611267,-0.4788767397403717,0.9063524941784702,-0.0017366372048854828,-0.0012662261724472046,-0.0013086013495922089,-0.00046957284212112427,0.002538159421068206,-0.6916680932044983,0.18332618474960327,0.2668006122112274,-0.6509413719177246,0.8985836930085228,-0.02924344688653946,0.020255466923117638,-0.011356564238667488,-0.006245563738048077,-0.007708372548222542,-0.0016917458269745111,-0.0015418045222759247,-0.0010394491255283356,-0.001141522079706192,-0.0003477558493614197,0.002189378039902528,-0.7630269527435303,0.1741694211959839,0.2722386121749878,-0.6089974045753479,0.9238795368238352,49.326153511,True,-0.00019939616322517395,-0.00022677704691886902,-0.00016624107956886292,-0.00011986121535301208,0.0003629655334320945,0.07137749344110489,0.009077601134777069,-0.0054258848540484905,-0.04199891909956932,0.07309938963863345,ROA_1003_model40000_std01,2466,2026-10-03_22-59-50,-0.029732776805758476,0.020941684022545815
-0.0007528811693191528,-0.0004427507519721985,-0.0008202157914638519,2.551823854446411e-05,0.0011515234268976802,-0.48202645778656006,0.40956026315689087,0.4243273138999939,-0.4756515622138977,0.8958519043053931,-0.0016450881958007812,-0.001331232488155365,-0.0013666227459907532,-0.00044871121644973755,0.0025226627351598464,-0.683383047580719,0.17919670045375824,0.26168394088745117,-0.6472793817520142,0.8877865437845749,-0.028637008741497993,0.019280318170785904,-0.011411703191697598,-0.007446372881531715,-0.0074144573882222176,-0.002451761160045862,-0.001448206603527069,-0.0011030584573745728,-0.001199822872877121,-0.0003325752913951874,0.0021711472915985595,-0.7511162757873535,0.17221084237098694,0.26352888345718384,-0.609136164188385,0.9108008794782981,49.346157105,True,-0.00019920989871025085,-0.0002298504114151001,-0.0001646578311920166,-0.00011809170246124268,0.0003633455999645683,0.06777793169021606,0.006936490070074797,-0.00187195825856179,-0.03819819539785385,0.0684802375483122,ROA_1003_model40000_std01,2467,2026-10-03_22-59-50,-0.02906058169901371,0.020287606865167618
-0.000734720379114151,-0.0004495494067668915,-0.0008631497621536255,4.1816383600234985e-05,0.0011660713596129432,-0.48212891817092896,0.4108724892139435,0.4228483736515045,-0.4752231538295746,0.89558821868035,-0.001630093902349472,-0.001358427107334137,-0.001417938619852066,-0.00044712796807289124,0.0025479783648660157,-0.6830598711967468,0.18031615018844604,0.259796142578125,-0.6468929052352905,0.8869607075227885,-0.029263053089380264,0.018343472853302956,-0.011957893148064613,-0.008126458153128624,-0.008049028925597668,-0.0033886758610606194,-0.0014243647456169128,-0.0011191703379154205,-0.0012466683983802795,-0.00032670795917510986,0.00218189047599723,-0.7497844696044922,0.17227883636951447,0.2607572674751282,-0.611298680305481,0.9092985422270152,49.366156731000004,True,-0.00020284205675125122,-0.00023730099201202393,-0.00017136335372924805,-0.0001193024218082428,0.0003729695033041591,0.06671808660030365,0.008124858140945435,-0.0009881332516670227,-0.03561284393072128,0.06749609302603639,ROA_1003_model40000_std01,2468,2026-10-03_22-59-50,-0.029457172378897667,0.019754495471715927
-0.0006873160600662231,-0.0004823319613933563,-0.0008821487426757812,5.9138983488082886e-05,0.0011499674946467394,-0.47954076528549194,0.4087975025177002,0.42163020372390747,-0.47431883215904236,0.892195020030222,-0.0015661120414733887,-0.0013838522136211395,-0.0014454126358032227,-0.0004314817488193512,0.0025234204569388303,-0.6798840761184692,0.1800358146429062,0.2585444450378418,-0.6450740098953247,0.883620768338722,-0.029877856373786926,0.017826879397034645,-0.012523033656179905,-0.008313214406371117,-0.008679886348545551,-0.0037624354008585215,-0.0013626180589199066,-0.001133698970079422,-0.001268833875656128,-0.0003071501851081848,0.002149690053657852,-0.7423739433288574,0.17167161405086517,0.2587837874889374,-0.6121490001678467,0.9035219017481945,49.386154853,True,-0.00020405277609825134,-0.0002502463757991791,-0.00017294660210609436,-0.00012367963790893555,0.00038374136415791107,0.06254296749830246,0.008443370461463928,-0.00034272667835466564,-0.0329846516251564,0.06335348194905048,ROA_1003_model40000_std01,2469,2026-10-03_22-59-50,-0.030216798186302185,0.019164133816957474
-0.0006666406989097595,-0.0005080364644527435,-0.0008732080459594727,7.431954145431519e-05,0.0011316389348833764,-0.47754400968551636,0.4063080847263336,0.4206150472164154,-0.47200822830200195,0.8883008375052418,-0.0015402212738990784,-0.0014027580618858337,-0.0014369376003742218,-0.000412575900554657,0.0025042470214723736,-0.6763758063316345,0.18008796870708466,0.2573402523994446,-0.6426442265510559,0.8800036107774993,-0.0299039538949728,0.01814708486199379,-0.012562906369566917,-0.007777195889502764,-0.008736404590308666,-0.0033247165847569704,-0.0013372860848903656,-0.0011552125215530396,-0.0012600794434547424,-0.00028777867555618286,0.0021309514161939507,-0.7380321025848389,0.1694951057434082,0.25888344645500183,-0.608450710773468,0.8984974939528589,49.406155855,True,-0.00020442530512809753,-0.00025080516934394836,-0.00017834827303886414,-0.00012647360563278198,0.00038745728043311576,0.06161443516612053,0.010675749741494656,-0.0015338881639763713,-0.03419816493988037,0.06312992954384483,ROA_1003_model40000_std01,2470,2026-10-03_22-59-50,-0.03066099062561989,0.019073080271482468
-0.0006292015314102173,-0.0005535781383514404,-0.0008728355169296265,9.96515154838562e-05,0.0011100903141408134,-0.47327202558517456,0.4023369252681732,0.41936057806015015,-0.47020798921585083,0.8826684006244775,-0.001478288322687149,-0.0014301389455795288,-0.0014306046068668365,-0.0003828667104244232,0.002462227161413921,-0.6718551516532898,0.17771495878696442,0.2546384930610657,-0.6419364213943481,0.8747145061506661,-0.02934134565293789,0.018418828025460243,-0.012083996087312698,-0.0073860506527125835,-0.008188781328499317,-0.002914219629019499,-0.0012926757335662842,-0.0011902302503585815,-0.0012538395822048187,-0.0002590008080005646,0.002103324588253296,-0.7306011319160461,0.16601940989494324,0.2583879828453064,-0.6061587333679199,0.8911113822354901,49.426143929000006,True,-0.0001903623342514038,-0.0002430751919746399,-0.00017667189240455627,-0.00012293457984924316,0.00037269252725971304,0.05871057137846947,0.011729075573384762,-0.0037625429686158895,-0.035812146961688995,0.06125216237695808,ROA_1003_model40000_std01,2471,2026-10-03_22-59-50,-0.030350925400853157,0.018933240324258804
-0.0006831251084804535,-0.0005083158612251282,-0.0008783303201198578,0.00010672956705093384,0.0011403824920498762,-0.4753879904747009,0.4049343764781952,0.41883623600006104,-0.46889668703079224,0.8840915960351752,-0.0015295110642910004,-0.0013719312846660614,-0.0014275312423706055,-0.00036777928471565247,0.002464523570499829,-0.6736209392547607,0.18166470527648926,0.2538515031337738,-0.6403279900550842,0.8763586275073326,-0.028539467602968216,0.019239982590079308,-0.011293658055365086,-0.006513073109090328,-0.007420303300023079,-0.002130153588950634,-0.0013457611203193665,-0.0011479482054710388,-0.001256261020898819,-0.00025229528546333313,0.002121456867891288,-0.7353163957595825,0.16883200407028198,0.2580704092979431,-0.6037838459014893,0.894388328154292,49.446157635000006,True,-0.00018617138266563416,-0.0002259388566017151,-0.00017350539565086365,-0.0001193024218082428,0.00035747191087193316,0.06172898784279823,0.012832692824304104,-0.004208646714687347,-0.03655534237623215,0.06453065192634652,ROA_1003_model40000_std01,2472,2026-10-03_22-59-50,-0.029704246670007706,0.019355060532689095
-0.0005912967026233673,-0.0005720183253288269,-0.000888388603925705,0.0001473352313041687,0.001090862204459756,-0.4669399857521057,0.4009157121181488,0.41464340686798096,-0.46607571840286255,0.8743381325656551,-0.0014020130038261414,-0.0014151446521282196,-0.0014339573681354523,-0.0003228895366191864,0.0023858122649939822,-0.6640953421592712,0.17868633568286896,0.25074276328086853,-0.6357710361480713,0.8661121087372423,-0.02806573547422886,0.018753526732325554,-0.010979647748172283,-0.006584964692592621,-0.007136746309697628,-0.0022553775925189257,-0.0012248754501342773,-0.001189950853586197,-0.0012707896530628204,-0.00021811574697494507,0.0020519884824355857,-0.7183188199996948,0.1723896563053131,0.25163403153419495,-0.6031197905540466,0.8816031718093414,49.466155949000004,True,-0.00017695128917694092,-0.00022472813725471497,-0.00016475096344947815,-0.00010468065738677979,0.00034203755636515333,0.054218802601099014,0.006287358235567808,-0.0008791684522293508,-0.03264285624027252,0.05488243306689496,ROA_1003_model40000_std01,2473,2026-10-03_22-59-50,-0.029417438432574272,0.01877756230533123
-0.000608246773481369,-0.0005360692739486694,-0.0009251758456230164,0.00018058344721794128,0.001119377995859664,-0.4702061116695404,0.4077637493610382,0.41392070055007935,-0.4675285816192627,0.879721859009014,-0.0014032237231731415,-0.0013728626072406769,-0.001470465213060379,-0.00028368085622787476,0.0023727609180390578,-0.6677619814872742,0.18639209866523743,0.2511218190193176,-0.6345379948616028,0.8713406199883158,-0.027796531096100807,0.01831858605146408,-0.010825064033269882,-0.007108376361429691,-0.006975534372031689,-0.0027964813634753227,-0.0012286007404327393,-0.0011533498764038086,-0.0013123266398906708,-0.00019185245037078857,0.0020520471411566437,-0.7173604965209961,0.1802835464477539,0.25016069412231445,-0.6079552173614502,0.8856434544819269,49.486173719,True,-0.000173225998878479,-0.0002168118953704834,-0.00015851110219955444,-9.08970832824707e-05,0.00032736378219432526,0.0495668463408947,0.006121582817286253,0.0009648501290939748,-0.02660415880382061,0.05001726070650163,ROA_1003_model40000_std01,2474,2026-10-03_22-59-50,-0.028899649158120155,0.018624255433678627
-0.0005174428224563599,-0.0005830079317092896,-0.0009203329682350159,0.00020219013094902039,0.0010642054888613899,-0.46314018964767456,0.4084184467792511,0.4102773666381836,-0.46772414445877075,0.874787418266832,-0.0012653879821300507,-0.0014052726328372955,-0.0014632940292358398,-0.00026691704988479614,0.0022853867665479266,-0.6591072082519531,0.1877564787864685,0.24965590238571167,-0.6319442391395569,0.8653947239534266,-0.027608562260866165,0.017573503777384758,-0.01071818359196186,-0.007450689561665058,-0.0069397734478116035,-0.0032586809247732162,-0.001091044396162033,-0.0011719763278961182,-0.0013084150850772858,-0.00018067657947540283,0.0019605991523776616,-0.6960471868515015,0.18997769057750702,0.24530570209026337,-0.612996518611908,0.8766739503591594,49.506163810000004,True,-0.00017248094081878662,-0.00023581087589263916,-0.00014854595065116882,-8.605420589447021e-05,0.00033340975527008693,0.03693439066410065,-0.0022212043404579163,0.004320405423641205,-0.01896638423204422,0.03753097066632902,ROA_1003_model40000_std01,2475,2026-10-03_22-59-50,-0.028568502515554428,0.018288489431142807
-0.0005221925675868988,-0.0005689449608325958,-0.0009192153811454773,0.00021979212760925293,0.0010628127151799938,-0.4637548625469208,0.41218939423561096,0.41082313656806946,-0.46993231773376465,0.8783619470377968,-0.001261383295059204,-0.0013901852071285248,-0.001454632729291916,-0.0002477318048477173,0.002265251795462943,-0.658497154712677,0.19345152378082275,0.25064218044281006,-0.632611095905304,0.8686108956898382,-0.027424093335866928,0.017269060015678406,-0.01053656730800867,-0.00776695879176259,-0.006752627901732922,-0.0035866687539964914,-0.0010941177606582642,-0.0011537224054336548,-0.0013088807463645935,-0.00016940757632255554,0.0019517555579614129,-0.6942422986030579,0.19592511653900146,0.24629941582679749,-0.616476833820343,0.8803484046178377,49.526154764000005,True,-0.00017350539565086365,-0.0002319924533367157,-0.00014845281839370728,-7.767230272293091e-05,0.0003285176947280339,0.03569107502698898,-0.002459622686728835,0.004342757165431976,-0.016129575669765472,0.03628267553588472,ROA_1003_model40000_std01,2476,2026-10-03_22-59-50,-0.028533238917589188,0.017583563923835754
-0.0005405396223068237,-0.0005465932190418243,-0.0008581206202507019,0.00022742897272109985,0.001021311712776706,-0.46287474036216736,0.41597801446914673,0.41365715861320496,-0.47448739409446716,0.8835407248083221,-0.0012644566595554352,-0.0013523735105991364,-0.0013820827007293701,-0.0002362765371799469,0.0022111988285080392,-0.6555737853050232,0.1984480619430542,0.2530691921710968,-0.6363335847854614,0.8724942665976388,-0.027549436315894127,0.01741313748061657,-0.010582302697002888,-0.0075348736718297005,-0.006784972734749317,-0.0033683329820632935,-0.0010954216122627258,-0.0011014752089977264,-0.0012448988854885101,-0.00015916302800178528,0.0018945141801179114,-0.6905495524406433,0.2102842479944229,0.24868173897266388,-0.6204293966293335,0.8879163308335138,49.546173846,True,-0.00016586855053901672,-0.0002503395080566406,-0.00013550743460655212,-7.888302206993103e-05,0.0003329407989418136,0.035013072192668915,-0.011794268153607845,0.004431232810020447,-0.01587904989719391,0.03825470195827007,ROA_1003_model40000_std01,2477,2026-10-03_22-59-50,-0.029154518619179726,0.016713349148631096
-0.0005648471415042877,-0.0005424953997135162,-0.0008102506399154663,0.00021178275346755981,0.001001471480163848,-0.46348196268081665,0.4140157103538513,0.4158504009246826,-0.4741660952568054,0.8837923689493233,-0.0013012439012527466,-0.0013554468750953674,-0.0013336539268493652,-0.00024847686290740967,0.0022188536780148567,-0.6565805077552795,0.19634607434272766,0.25455185770988464,-0.6370683908462524,0.8731387973604081,-0.02633802965283394,0.0186252873390913,-0.009217767044901848,-0.006375318393111229,-0.005403539165854454,-0.0021855044178664684,-0.0011391006410121918,-0.0010987743735313416,-0.001198984682559967,-0.00016316771507263184,0.0019012720411369995,-0.6940578818321228,0.20734871923923492,0.25268828868865967,-0.6170449256896973,0.8891626023574157,49.566158272,True,-0.00016195699572563171,-0.0002545304596424103,-0.00013513490557670593,-8.502975106239319e-05,0.0003357588441534897,0.03751926124095917,-0.011033377610147,0.0018579884199425578,-0.020020639523863792,0.040000690957804876,ROA_1003_model40000_std01,2478,2026-10-03_22-59-50,-0.028483232483267784,0.017174802720546722
-0.0006398186087608337,-0.00048568472266197205,-0.0007498078048229218,0.00018486753106117249,0.0010057539871558333,-0.46724358201026917,0.4194425344467163,0.4191659092903137,-0.4771025478839874,0.891506282410659,-0.001382734626531601,-0.0013115815818309784,-0.001264084130525589,-0.0002827495336532593,0.0022334396304735057,-0.6603896021842957,0.20068231225013733,0.2572256922721863,-0.6409836411476135,0.8804600348259709,-0.025544174015522003,0.019824834540486336,-0.008263307623565197,-0.005319262854754925,-0.004443232901394367,-0.0011605373583734035,-0.0012160278856754303,-0.0010463409125804901,-0.0011312775313854218,-0.00019203871488571167,0.0019084937872284014,-0.6993850469589233,0.21475087106227875,0.2575628459453583,-0.6185369491577148,0.8989002514664349,49.586179594,True,-0.00016828998923301697,-0.00026728957891464233,-0.0001327134668827057,-9.015202522277832e-05,0.00034947233344200304,0.03900565207004547,-0.014049931429326534,-0.0003194436139892787,-0.02245604805648327,0.04231147143626593,ROA_1003_model40000_std01,2479,2026-10-03_22-59-50,-0.027815237641334534,0.017999200150370598
-0.0006738118827342987,-0.0004343688488006592,-0.0007035210728645325,0.00015264376997947693,0.0009964581380217045,-0.46911460161209106,0.4267459511756897,0.4220939874649048,-0.4826681315898895,0.9003711194242107,-0.0014045275747776031,-0.0012712553143501282,-0.001213420182466507,-0.00032372772693634033,0.002219393699817231,-0.6627859473228455,0.20741763710975647,0.26037076115608215,-0.6454139351844788,0.8886910065339302,-0.024839982390403748,0.019825512543320656,-0.00754537433385849,-0.005298240575939417,-0.003772350260987878,-0.0012083970941603184,-0.0012318603694438934,-0.0009892508387565613,-0.0010855495929718018,-0.00023460015654563904,0.0018858226012661388,-0.6972020268440247,0.22728925943374634,0.2603186070919037,-0.6265658736228943,0.9084387331767796,49.606155572000006,True,-0.00016838312149047852,-0.00028153881430625916,-0.000127498060464859,-8.959323167800903e-05,0.0003585115118738961,0.0343983992934227,-0.01988094113767147,4.8428770242026076e-05,-0.018845312297344208,0.04104871849489593,ROA_1003_model40000_std01,2480,2026-10-03_22-59-50,-0.026773998513817787,0.018199777230620384
-0.0007135793566703796,-0.00037355348467826843,-0.0006735324859619141,0.00011026859283447266,0.001003054063957666,-0.4737032353878021,0.4363180994987488,0.42466166615486145,-0.48765817284584045,0.9112624613973953,-0.00144224613904953,-0.0012312084436416626,-0.0011865980923175812,-0.0003878958523273468,0.002234191067419164,-0.6687706112861633,0.21415482461452484,0.26350095868110657,-0.6489595174789429,0.8983601019263922,-0.025517717003822327,0.019544828683137894,-0.008014404214918613,-0.006171051412820816,-0.00417329091578722,-0.0019836616702377796,-0.001257285475730896,-0.0009168870747089386,-0.0010585412383079529,-0.000285077840089798,0.0018752797656465241,-0.6968685984611511,0.2416968196630478,0.2619810402393341,-0.6354450583457947,0.9199386995365584,49.626155262000005,True,-0.00018570572137832642,-0.0003132037818431854,-0.00012721866369247437,-9.741634130477905e-05,0.0003939651670328106,0.028049571439623833,-0.027585772797465324,0.0015413387445732951,-0.01357309427112341,0.04081286514705416,ROA_1003_model40000_std01,2481,2026-10-03_22-59-50,-0.026991717517375946,0.018408704549074173
-0.0007176771759986877,-0.0003555789589881897,-0.0006541609764099121,8.596107363700867e-05,0.0009946161048881277,-0.47694888710975647,0.44144314527511597,0.4267990291118622,-0.49019694328308105,0.9177999663379691,-0.0014514662325382233,-0.0012415461242198944,-0.0011700205504894257,-0.0004273839294910431,0.0022501054041496864,-0.6729857921600342,0.2172514647245407,0.2651940882205963,-0.6511378884315491,0.9039656629115704,-0.02679877169430256,0.018445061519742012,-0.009282026439905167,-0.007255913689732552,-0.005477575585246086,-0.003135562175884843,-0.001255422830581665,-0.000888388603925705,-0.001042243093252182,-0.0003160908818244934,0.0018630221921184962,-0.6969356536865234,0.2494407743215561,0.2640625238418579,-0.6400206685066223,0.9268420396408091,49.646152392000005,True,-0.0001953914761543274,-0.0003525055944919586,-0.000127498060464859,-0.00011092051863670349,0.00043372625080530486,0.023933125659823418,-0.032162293791770935,0.0011632218956947327,-0.011143273673951626,0.04125340280544734,ROA_1003_model40000_std01,2482,2026-10-03_22-59-50,-0.0281023271381855,0.017570795491337776
-0.000760890543460846,-0.00033406540751457214,-0.0005979090929031372,4.5727938413619995e-05,0.0009974212342146785,-0.48052236437797546,0.4421537518501282,0.4321252703666687,-0.4917047619819641,0.9233146898742516,-0.0015216879546642303,-0.0012531876564025879,-0.0011146999895572662,-0.0004800036549568176,0.0022966831007393165,-0.6767352819442749,0.21708476543426514,0.26882344484329224,-0.6552170515060425,0.9096706345765313,-0.028039997443556786,0.018715526908636093,-0.010114189237356186,-0.007373903878033161,-0.006241398863494396,-0.003210553200915456,-0.0013171695172786713,-0.0008716247975826263,-0.0009760260581970215,-0.00034207478165626526,0.001875846843740854,-0.7046395540237427,0.24781747162342072,0.27330777049064636,-0.6372397541999817,0.933793569794681,49.666155858,True,-0.0002032145857810974,-0.0003816559910774231,-0.00013597309589385986,-0.0001369975507259369,0.0004707475958286963,0.02790801040828228,-0.03073829971253872,-0.004498288035392761,-0.01800619065761566,0.04296148487826995,ROA_1003_model40000_std01,2483,2026-10-03_22-59-50,-0.0298652034252882,0.017063695937395096
-0.0008384697139263153,-0.0002913177013397217,-0.0005268491804599762,6.51925802230835e-07,0.00102113440817004,-0.48412472009658813,0.4424797296524048,0.43593159317970276,-0.49197298288345337,0.9272830247432,-0.001615285873413086,-0.0012400560081005096,-0.0010378658771514893,-0.0005290843546390533,0.0023387609325499,-0.6811227202415466,0.21619348227977753,0.2712812125682831,-0.6574764251708984,0.9138900289979376,-0.028356917202472687,0.019587809219956398,-0.01057413499802351,-0.006382831372320652,-0.006675769574940205,-0.0022159339860081673,-0.0014130957424640656,-0.0008374452590942383,-0.0008992850780487061,-0.00037476420402526855,0.0019061913755073147,-0.7138363718986511,0.24492758512496948,0.28036999702453613,-0.6325467824935913,0.9391998528099652,49.68615254,True,-0.00020386651158332825,-0.0004013068974018097,-0.0001436099410057068,-0.00015292316675186157,0.0004937070380201771,0.032718293368816376,-0.02868473343551159,-0.009057112038135529,-0.024944541975855827,0.045013629747824524,ROA_1003_model40000_std01,2484,2026-10-03_22-59-50,-0.030713386833667755,0.017253099009394646
-0.0009194016456604004,-0.00024344772100448608,-0.0004692934453487396,-4.721805453300476e-05,0.0010595103373773284,-0.489025354385376,0.44461432099342346,0.4405378997325897,-0.4939920902252197,0.9340960259619027,-0.001721363514661789,-0.0012271106243133545,-0.0009815208613872528,-0.0005848705768585205,0.002401577742750483,-0.6879204511642456,0.21575576066970825,0.2740332782268524,-0.6622262001037598,0.9209331703412158,-0.028346536681056023,0.020604098215699196,-0.01032559759914875,-0.005675789434462786,-0.006393710151314735,-0.0014890993479639292,-0.00151023268699646,-0.000799819827079773,-0.000830087810754776,-0.0004100613296031952,0.0019434976705226675,-0.7235211730003357,0.24285724759101868,0.28765666484832764,-0.6315242052078247,0.947108606073618,49.706153703000005,True,-0.00020936131477355957,-0.0004256144165992737,-0.00014873221516609192,-0.00017415732145309448,0.0005242235149130155,0.035589560866355896,-0.027120111510157585,-0.013617797754704952,-0.030735505744814873,0.046092638692466034,ROA_1003_model40000_std01,2485,2026-10-03_22-59-50,-0.030912525951862335,0.01780216209590435
-0.00100601464509964,-0.0001817941665649414,-0.00043492764234542847,-9.94652509689331e-05,0.0011152647891020768,-0.4954393804073334,0.4488956034183502,0.44381338357925415,-0.4965401887893677,0.942351126856968,-0.0018209218978881836,-0.0011883676052093506,-0.0009442679584026337,-0.0006360933184623718,0.002454386686990119,-0.6970641613006592,0.21645984053611755,0.27625539898872375,-0.6655659079551697,0.928831223990866,-0.028078079223632812,0.021314160898327827,-0.010120956227183342,-0.005348241422325373,-0.006101958453655243,-0.001042271964251995,-0.0016132369637489319,-0.0007438473403453827,-0.000800006091594696,-0.0004581175744533539,0.00200013567104405,-0.7343506217002869,0.24442467093467712,0.29027366638183594,-0.6333999037742615,0.9563316924635775,49.726154065,True,-0.0002125278115272522,-0.00044135376811027527,-0.00014798715710639954,-0.00017816200852394104,0.0005394569756531597,0.03724545240402222,-0.027983447536826134,-0.013926065526902676,-0.032152049243450165,0.048011073358971944,ROA_1003_model40000_std01,2486,2026-10-03_22-59-50,-0.03051970899105072,0.018585605546832085
-0.0010577961802482605,-0.00014333054423332214,-0.0004123896360397339,-0.00014044344425201416,0.001150312474950898,-0.49660632014274597,0.44771748781204224,0.44331231713294983,-0.4948209822177887,0.9412343412700768,-0.0018926337361335754,-0.0011691823601722717,-0.0009368173778057098,-0.0006842426955699921,0.0025076926297777527,-0.6992136836051941,0.21337996423244476,0.27572736144065857,-0.6639398336410522,0.9274781068237989,-0.027938859537243843,0.021133864298462868,-0.010652057826519012,-0.005566033534705639,-0.00643125269562006,-0.0009720767848193645,-0.0016748905181884766,-0.000716187059879303,-0.0007791444659233093,-0.000500120222568512,0.0020387633686856687,-0.7400652170181274,0.24066118896007538,0.28865039348602295,-0.6309682130813599,0.9561553686001247,49.746151739000005,True,-0.00022007152438163757,-0.0004548579454421997,-0.00015702098608016968,-0.00018496066331863403,0.0005578179164974052,0.0408245213329792,-0.02720765583217144,-0.012924893759191036,-0.03295578062534332,0.05014794763645296,ROA_1003_model40000_std01,2487,2026-10-03_22-59-50,-0.030272210016846657,0.018571991473436356
-0.0010737217962741852,-0.00014081597328186035,-0.0004394911229610443,-0.00014295801520347595,0.0011748262072633208,-0.4976233243942261,0.44620129466056824,0.44172999262809753,-0.4922980070114136,0.938939342844511,-0.0019174069166183472,-0.001180451363325119,-0.0009691342711448669,-0.0006886199116706848,0.0025452962555799936,-0.7013156414031982,0.2103261500597,0.27325281500816345,-0.6623370051383972,0.9251255596358863,-0.02711922861635685,0.020152293145656586,-0.010846059769392014,-0.006416043266654015,-0.006360731087625027,-0.0014531477354466915,-0.0016995705664157867,-0.000724010169506073,-0.0008070841431617737,-0.0005020759999752045,0.0020734918115502396,-0.7445830702781677,0.23626814782619476,0.28602033853530884,-0.6280112862586975,0.9543176010627641,49.766152773,True,-0.00021830201148986816,-0.0004600733518600464,-0.0001605600118637085,-0.00018831342458724976,0.0005631883086062811,0.04344526305794716,-0.02600066177546978,-0.012831761501729488,-0.034333206713199615,0.05147381080118477,ROA_1003_model40000_std01,2488,2026-10-03_22-59-50,-0.02925504557788372,0.01786298118531704
-0.001094583421945572,-0.00012470409274101257,-0.0004811212420463562,-0.00014659017324447632,0.0012081874242476007,-0.5007171630859375,0.4474576413631439,0.440265029668808,-0.4910137355327606,0.9397663414237047,-0.0019585713744163513,-0.0012041069567203522,-0.0010258518159389496,-0.0007095746695995331,0.0026150051767090455,-0.7050651907920837,0.20895151793956757,0.2717263996601105,-0.6616972088813782,0.9254167953262695,-0.027146123349666595,0.018784625455737114,-0.010935232043266296,-0.007982081733644009,-0.006449499167501926,-0.0029988442547619343,-0.0017309561371803284,-0.0007234513759613037,-0.0008567236363887787,-0.0005140900611877441,0.00212170983815664,-0.7506040334701538,0.23308394849300385,0.2828230857849121,-0.6289724111557007,0.9552620206188375,49.786151407000006,True,-0.00023050233721733093,-0.0004830770194530487,-0.00017005950212478638,-0.00019604340195655823,0.0005915603660180155,0.0455658845603466,-0.02412032149732113,-0.01114047970622778,-0.03272108733654022,0.05206119622686121,ROA_1003_model40000_std01,2489,2026-10-03_22-59-50,-0.028975531458854675,0.0170572679489851
-0.001089833676815033,-0.00013308599591255188,-0.00050300732254982,-0.0001541338860988617,0.0012146206651456176,-0.49842798709869385,0.4428466558456421,0.43901240825653076,-0.488582044839859,0.934465753331456,-0.0019676052033901215,-0.001240801066160202,-0.0010600313544273376,-0.0007305294275283813,0.00265824890785971,-0.7019563913345337,0.2036038637161255,0.2705836594104767,-0.6597926616668701,0.9197268490877533,-0.027428165078163147,0.017946381121873856,-0.011440341360867023,-0.008548066020011902,-0.006953932344913483,-0.0035621223505586386,-0.0017376616597175598,-0.0007474794983863831,-0.0008856877684593201,-0.00052647665143013,0.0021508134912712,-0.7503917217254639,0.22540520131587982,0.2801399528980255,-0.6274971961975098,0.9496218948193081,49.806156153,True,-0.00023422762751579285,-0.0004971399903297424,-0.00017443671822547913,-0.00020507723093032837,0.000608650930218579,0.048432495445013046,-0.021782701835036278,-0.009533017873764038,-0.0323224812746048,0.05342629219707244,ROA_1003_model40000_std01,2490,2026-10-03_22-59-50,-0.029374495148658752,0.01616392843425274
-0.0010872259736061096,-0.00014156103134155273,-0.0005378387868404388,-0.00014994293451309204,0.00122835261886774,-0.4969089925289154,0.43612250685691833,0.4387367367744446,-0.48454102873802185,0.9282000828583984,-0.0019859522581100464,-0.0012779608368873596,-0.0011055730283260345,-0.0007322989404201508,0.002708414613895879,-0.6988411545753479,0.19773933291435242,0.2714795768260956,-0.6546834111213684,0.9134119593847922,-0.027800729498267174,0.017498036846518517,-0.012062725611031055,-0.008757193572819233,-0.007559098303318024,-0.00372469425201416,-0.0017507001757621765,-0.0007646158337593079,-0.0009207054972648621,-0.0005227513611316681,0.002182014660103163,-0.7532387375831604,0.2152230441570282,0.2792784869670868,-0.6218645572662354,0.9441247544051994,49.826152227,True,-0.0002339482307434082,-0.0005135312676429749,-0.0001817941665649414,-0.00021345913410186768,0.000626301886700451,0.05436036363244057,-0.017422251403331757,-0.0077653671614825726,-0.032791867852211,0.05717530488422165,ROA_1003_model40000_std01,2491,2026-10-03_22-59-50,-0.030125150457024574,0.015494674444198608
-0.001052767038345337,-0.0001923181116580963,-0.0005668960511684418,-0.00012489035725593567,0.0012173467645757686,-0.4938300549983978,0.4268726110458374,0.4383809566497803,-0.4798378646373749,0.9195513123672019,-0.001956801861524582,-0.001335330307483673,-0.001141335815191269,-0.0006913207471370697,0.002718231373055176,-0.6942320466041565,0.1906016767024994,0.2722274363040924,-0.6491774320602417,0.9054519394053367,-0.027393218129873276,0.016985120251774788,-0.012412372045218945,-0.008944434113800526,-0.0077368635684251785,-0.0036401068791747093,-0.0017344020307064056,-0.0008223578333854675,-0.0009570270776748657,-0.0004813075065612793,0.0021980692439040913,-0.7530999779701233,0.2026781290769577,0.27912667393684387,-0.6140395998954773,0.935373424716483,49.846151853,True,-0.0002278946340084076,-0.0005159527063369751,-0.0001884065568447113,-0.00021373853087425232,0.0006271718000362949,0.059073787182569504,-0.012061557732522488,-0.0069672237150371075,-0.035132281482219696,0.06029308803018347,ROA_1003_model40000_std01,2492,2026-10-03_22-59-50,-0.030271902680397034,0.014644354581832886
-0.0010625459253787994,-0.00020759180188179016,-0.0005973502993583679,-0.0001146458089351654,0.0012417995551735994,-0.4956815242767334,0.42418110370635986,0.4379842281341553,-0.4773363173007965,0.9177381132162928,-0.001978222280740738,-0.0013676472008228302,-0.001183338463306427,-0.0006752088665962219,0.0027621632776233507,-0.6948867440223694,0.188784658908844,0.2728961408138275,-0.6463741660118103,0.9040591393782322,-0.026636237278580666,0.016764415428042412,-0.011639373376965523,-0.009192787110805511,-0.0069960784167051315,-0.0038788397796452045,-0.0017537735402584076,-0.000849645584821701,-0.0009919516742229462,-0.00046622008085250854,0.0022358045249442748,-0.7571820020675659,0.1936163604259491,0.27910804748535156,-0.6114309430122375,0.9329819880335315,49.866154999,True,-0.0002253800630569458,-0.0005164183676242828,-0.00019297003746032715,-0.00021299347281455994,0.0006271405315634831,0.06233062222599983,-0.004820525646209717,-0.006190500687807798,-0.0350000336766243,0.06265820884173824,ROA_1003_model40000_std01,2493,2026-10-03_22-59-50,-0.02957594022154808,0.014927893877029419
-0.0010553747415542603,-0.00022081658244132996,-0.0006333924829959869,-0.00010300427675247192,0.0012544939002370208,-0.4955725371837616,0.4220409095287323,0.4361094832420349,-0.474839448928833,0.9144573872830789,-0.001971237361431122,-0.001383945345878601,-0.0012252479791641235,-0.0006631016731262207,0.002778933025917822,-0.6931014060974121,0.188170924782753,0.2723373472690582,-0.6428658366203308,0.9009280364180857,-0.025902489200234413,0.016395563259720802,-0.010874547064304352,-0.009720711968839169,-0.006205801852047443,-0.004347258247435093,-0.0017493031919002533,-0.0008850358426570892,-0.0010282732546329498,-0.0004597008228302002,0.002260492418116975,-0.7574027180671692,0.18565168976783752,0.27656739950180054,-0.6111729741096497,0.9281953570085064,49.886151137000006,True,-0.00022156164050102234,-0.0005033798515796661,-0.00019790604710578918,-0.00020172446966171265,0.0006117838632094984,0.0642482191324234,0.0025574115570634604,-0.004213303327560425,-0.03166217356920242,0.06460335373379925,ROA_1003_model40000_std01,2494,2026-10-03_22-59-50,-0.028760679066181183,0.01529642753303051
-0.0010015442967414856,-0.00028079375624656677,-0.0006747432053089142,-7.692724466323853e-05,0.0012389102942391382,-0.49045026302337646,0.41661036014556885,0.4327343702316284,-0.4708142578601837,0.9054857119658114,-0.0019174069166183472,-0.0014445744454860687,-0.0012715347111225128,-0.0006380490958690643,0.0027818206138717745,-0.6870291829109192,0.1839902102947235,0.26848167181015015,-0.6392216086387634,0.891964964810604,-0.024932613596320152,0.015426188707351685,-0.01010575145483017,-0.010168962180614471,-0.005502501502633095,-0.004930656403303146,-0.0016955658793449402,-0.0009568408131599426,-0.0010664574801921844,-0.00044116750359535217,0.00226007109560175,-0.7521966099739075,0.1777019202709198,0.2722265124320984,-0.6077829599380493,0.9178986063179116,49.906150028000006,True,-0.00022081658244132996,-0.00048726797103881836,-0.0002018176019191742,-0.00019781291484832764,0.0005980786362459482,0.06515998393297195,0.006349756848067045,-0.0037839633878320456,-0.03141164779663086,0.0659213291903801,ROA_1003_model40000_std01,2495,2026-10-03_22-59-50,-0.027925824746489525,0.014524700120091438
-0.0009933486580848694,-0.00029476359486579895,-0.000686105340719223,-7.664784789085388e-05,0.0012409336829273454,-0.48723161220550537,0.4136217534542084,0.43115484714508057,-0.4682941138744354,0.9003377038893363,-0.0019106082618236542,-0.0014584511518478394,-0.0012822449207305908,-0.0006339512765407562,0.002787053111191704,-0.6832871437072754,0.18281860649585724,0.26652589440345764,-0.6365132927894592,0.887112337735062,-0.02378143183887005,0.0155306626111269,-0.008981097489595413,-0.009949130937457085,-0.0043844860047101974,-0.004749269224703312,-0.0016907230019569397,-0.0009763985872268677,-0.0010792165994644165,-0.00043995678424835205,0.002269697384552354,-0.7490962147712708,0.17410887777805328,0.27036014199256897,-0.6048716306686401,0.9123338719626903,49.926155552000004,True,-0.00021792948246002197,-0.000477861613035202,-0.00020470470190048218,-0.00019138678908348083,0.0005875870845321075,0.06575603038072586,0.00869855284690857,-0.0038733703549951315,-0.03166496753692627,0.0669378577731116,ROA_1003_model40000_std01,2496,2026-10-03_22-59-50,-0.026863260194659233,0.014764191582798958
-0.0009160488843917847,-0.0003630295395851135,-0.0007193535566329956,-4.3585896492004395e-05,0.0012069425292310432,-0.48256009817123413,0.40928271412849426,0.4288330376148224,-0.4654582440853119,0.8932550617448876,-0.0018340535461902618,-0.0015166588127613068,-0.001329183578491211,-0.0006015412509441376,0.002772037114378362,-0.6783827543258667,0.17968563735485077,0.26364901661872864,-0.6342408657073975,0.8804165369151119,-0.023071864619851112,0.015179118141531944,-0.008139978162944317,-0.010172609239816666,-0.003588680876418948,-0.00506717711687088,-0.0016108155250549316,-0.0010409392416477203,-0.0011184252798557281,-0.0004095025360584259,0.0022464186198612444,-0.7408084273338318,0.1703612357378006,0.26732775568962097,-0.6030993461608887,0.9031214218471931,49.946152596000005,True,-0.00022221356630325317,-0.0004719942808151245,-0.00020880252122879028,-0.00019362196326255798,0.0005867620148102162,0.06237625703215599,0.009333714842796326,-0.0036731360014528036,-0.0311462190002203,0.06376199470741294,ROA_1003_model40000_std01,2497,2026-10-03_22-59-50,-0.026221878826618195,0.014774944633245468
-0.0009078532457351685,-0.0003803521394729614,-0.0007467344403266907,-2.682209014892578e-05,0.0012172463187506077,-0.48246511816978455,0.4073316156864166,0.4284139573574066,-0.46402865648269653,0.8913387213327596,-0.0018331222236156464,-0.0015293247997760773,-0.0013598240911960602,-0.0005852431058883667,0.0027857105923188327,-0.677230715751648,0.18018949031829834,0.26184412837028503,-0.6338264346122742,0.8788784829743234,-0.022333363071084023,0.015297317877411842,-0.007487984374165535,-0.010086262598633766,-0.002874973462894559,-0.004961059894412756,-0.0016126781702041626,-0.0010692514479160309,-0.0011429190635681152,-0.0003954395651817322,0.0022672088363245324,-0.7429187893867493,0.16545969247817993,0.26783159375190735,-0.6008222699165344,0.9018157136834107,49.966162857,True,-0.0002232380211353302,-0.0004583969712257385,-0.00021550804376602173,-0.00019008293747901917,0.0005770626036454609,0.06566382944583893,0.014754942618310452,-0.005936249624937773,-0.03299769014120102,0.06886135032014946,ROA_1003_model40000_std01,2498,2026-10-03_22-59-50,-0.025387536734342575,0.014953194186091423
-0.0008330680429935455,-0.0004529021680355072,-0.0007617287337779999,5.122274160385132e-06,0.0011797176992392544,-0.4791822135448456,0.4030475318431854,0.4270886778831482,-0.4620402753353119,0.8859213257186945,-0.0017463229596614838,-0.0015896745026111603,-0.0013809651136398315,-0.0005529262125492096,0.0027550459680265975,-0.6736218333244324,0.17712357640266418,0.25930255651474,-0.6329854726791382,0.873751492801866,-0.021867943927645683,0.015157757326960564,-0.0071236928924918175,-0.01009928248822689,-0.0024614939466118813,-0.0049621788784861565,-0.001522805541753769,-0.0011372379958629608,-0.0011562369763851166,-0.0003596767783164978,0.0022270666783840254,-0.7360725998878479,0.162178635597229,0.2671424150466919,-0.5989344716072083,0.8949096129683682,49.986158973,True,-0.0002185814082622528,-0.0004534609615802765,-0.00022565945982933044,-0.0001909211277961731,0.0005741416837797264,0.062463801354169846,0.0150045370683074,-0.007847324013710022,-0.03406591713428497,0.06662265345207374,ROA_1003_model40000_std01,2499,2026-10-03_22-59-50,-0.02493530698120594,0.015046525746583939
-0.0008069910109043121,-0.0004748813807964325,-0.0008083879947662354,3.4458935260772705e-05,0.001187994188297802,-0.4771305024623871,0.4032319188117981,0.42392218112945557,-0.4606339931488037,0.8826556503759446,-0.0017072074115276337,-0.0015886500477790833,-0.0014263205230236053,-0.0005166977643966675,0.0027356638530563475,-0.6717554926872253,0.17840693891048431,0.2553071677684784,-0.6320652961730957,0.8708065127815594,-0.02082422934472561,0.015376681461930275,-0.006255066022276878,-0.00986268650740385,-0.0015596644952893257,-0.004700507037341595,-0.001486949622631073,-0.001148134469985962,-0.0012029893696308136,-0.0003326684236526489,0.002219816598150347,-0.7315399050712585,0.16330088675022125,0.26331469416618347,-0.5987482070922852,0.8904235957843668,50.006153841,True,-0.0002191402018070221,-0.0004393048584461212,-0.00022696331143379211,-0.00018309801816940308,0.0005610439589467118,0.059748996049165726,0.01509301271289587,-0.008026137948036194,-0.03332924097776413,0.06422654177124285,ROA_1003_model40000_std01,2500,2026-10-03_22-59-50,-0.023567793890833855,0.0157448872923851
-0.0007730908691883087,-0.000501144677400589,-0.0008469447493553162,6.454065442085266e-05,0.0011877781867236294,-0.47657451033592224,0.40207427740097046,0.42268165946006775,-0.4597492218017578,0.8807390082305101,-0.0016699545085430145,-0.0015854835510253906,-0.0014635734260082245,-0.0004766508936882019,0.002712157869068201,-0.6705158948898315,0.1790383756160736,0.25289782881736755,-0.6315773129463196,0.8689370510593573,-0.020504005253314972,0.014597082510590553,-0.006112721748650074,-0.010345572605729103,-0.0014371289871633053,-0.005266924854367971,-0.0014551915228366852,-0.0011688098311424255,-0.0012347474694252014,-0.00030044466257095337,0.0022117156571954686,-0.7323091626167297,0.16212089359760284,0.2620769441127777,-0.5978243350982666,0.889444758636804,50.026158757000005,True,-0.00021606683731079102,-0.0004170462489128113,-0.00022742897272109985,-0.00017639249563217163,0.000540780553555392,0.06177276000380516,0.01694168895483017,-0.009114854037761688,-0.033770687878131866,0.06705672800784145,ROA_1003_model40000_std01,2501,2026-10-03_22-59-50,-0.02295260690152645,0.014924166724085808
-0.0007499009370803833,-0.0005193985998630524,-0.000861193984746933,8.288770914077759e-05,0.0011809030291189742,-0.47460848093032837,0.40077510476112366,0.4213442802429199,-0.4587247669696808,0.8779163436012519,-0.0016430392861366272,-0.0015778467059135437,-0.0014814548194408417,-0.0004452653229236603,0.0026879743085570216,-0.667725682258606,0.1797415167093277,0.2522524297237396,-0.6292312741279602,0.8663440055298777,-0.020701413974165916,0.014684149995446205,-0.006304166279733181,-0.010119812563061714,-0.0016498309560120106,-0.0050919800996780396,-0.0014299526810646057,-0.001179426908493042,-0.0012560747563838959,-0.00028349459171295166,0.002203503347353928,-0.7300506830215454,0.1633511781692505,0.25949904322624207,-0.5967113971710205,0.8868083315500542,50.046152985000006,True,-0.00021560117602348328,-0.00040028244256973267,-0.00022705644369125366,-0.00016326084733009338,0.0005230521388125751,0.06230640783905983,0.0163959339261055,-0.007255933713167906,-0.032541342079639435,0.06665257098632227,ROA_1003_model40000_std01,2502,2026-10-03_22-59-50,-0.023361962288618088,0.014658551663160324
-0.0007208436727523804,-0.000548921525478363,-0.0008631497621536255,0.00010188668966293335,0.0011642098450075455,-0.47251859307289124,0.39771568775177,0.4213927090167999,-0.45800113677978516,0.8750289739855365,-0.0016131438314914703,-0.0015761703252792358,-0.0014884397387504578,-0.0004166737198829651,0.0026608012340093466,-0.6649149060249329,0.17857736349105835,0.2528754770755768,-0.6274887919425964,0.8638053121409146,-0.020717879757285118,0.01512536033987999,-0.006301138550043106,-0.009572417475283146,-0.0016377796418964863,-0.004546308424323797,-0.001395493745803833,-0.0012011267244815826,-0.001257471740245819,-0.00026132911443710327,0.0021826846162472735,-0.7273386716842651,0.1620827168226242,0.25902315974235535,-0.5950629711151123,0.8836710980558099,50.066156813000006,True,-0.00021178275346755981,-0.0003798864781856537,-0.000229664146900177,-0.0001562759280204773,0.0005048037581861577,0.06241816654801369,0.01652538776397705,-0.006129033397883177,-0.03241468220949173,0.06649832494031217,ROA_1003_model40000_std01,2503,2026-10-03_22-59-50,-0.02376895397901535,0.014535443857312202
-0.0007220543920993805,-0.0005563721060752869,-0.0008607283234596252,0.00011334195733070374,0.0011627860194177954,-0.47242265939712524,0.39653199911117554,0.4219924807548523,-0.4585152268409729,0.8749643025142891,-0.0016059726476669312,-0.0015534460544586182,-0.001482851803302765,-0.0003871507942676544,0.002633083267325187,-0.6640888452529907,0.17906072735786438,0.25396421551704407,-0.6271684169769287,0.8640119933584257,-0.020225368440151215,0.01574258878827095,-0.00585413072258234,-0.008665354922413826,-0.0012519697193056345,-0.0037459132727235556,-0.0014010816812515259,-0.0011985190212726593,-0.0012556090950965881,-0.00024419277906417847,0.0021797030742107346,-0.7267119288444519,0.16122031211853027,0.26013049483299255,-0.5949716567993164,0.8834226034764049,50.086152577,True,-0.0002076849341392517,-0.00035408884286880493,-0.00022901222109794617,-0.00014398247003555298,0.00047990924558734944,0.06262026727199554,0.01785624772310257,-0.006169080268591642,-0.03221258521080017,0.06715196280844628,ROA_1003_model40000_std01,2504,2026-10-03_22-59-50,-0.023407213389873505,0.014830382540822029
-0.0007140450179576874,-0.0005620531737804413,-0.0008756294846534729,0.00012116506695747375,0.0011666897277331618,-0.4699639678001404,0.396836519241333,0.41954684257507324,-0.45821627974510193,0.8724629604260539,-0.0015686266124248505,-0.0015181489288806915,-0.0014889054000377655,-0.00036656856536865234,0.002586914601015872,-0.6612967252731323,0.18032638728618622,0.25271064043045044,-0.6250189542770386,0.8614523263217525,-0.019627604633569717,0.015294641256332397,-0.005544570274651051,-0.008179744705557823,-0.001203511143103242,-0.0036002700217068195,-0.0013692304491996765,-0.001193210482597351,-0.001269020140171051,-0.00023907050490379333,0.0021596503908260308,-0.7214285135269165,0.16419774293899536,0.25622546672821045,-0.5962252616882324,0.8797668770423943,50.106153526,True,-0.0001994892954826355,-0.0003296881914138794,-0.00022184103727340698,-0.00012656673789024353,0.0004498791539686097,0.06010382995009422,0.016145408153533936,-0.003531574970111251,-0.028833745047450066,0.063386775105508,ROA_1003_model40000_std01,2505,2026-10-03_22-59-50,-0.022651687264442444,0.014599189162254333
-0.0006885267794132233,-0.0005778856575489044,-0.0008918344974517822,0.00013737007975578308,0.0011600891818892502,-0.46898144483566284,0.3977380394935608,0.418110728263855,-0.4582330286502838,0.8716789136975301,-0.0015186145901679993,-0.0015068799257278442,-0.0014941208064556122,-0.0003361143171787262,0.002540172207783193,-0.6603933572769165,0.1815715730190277,0.2519367039203644,-0.6237131953239441,0.8605451560722368,-0.019440673291683197,0.014171579852700233,-0.0054049305617809296,-0.008488086983561516,-0.0013818806037306786,-0.004329279065132141,-0.0013268552720546722,-0.001202709972858429,-0.001280754804611206,-0.00022370368242263794,0.0021349864935232507,-0.7172841429710388,0.16586294770240784,0.2546533942222595,-0.5979490876197815,0.8776740026250529,50.126155370000006,True,-0.00019082799553871155,-0.00030659139156341553,-0.00021420419216156006,-0.00011315569281578064,0.0004221343502372002,0.05687679722905159,0.015739351511001587,-0.0027138737495988607,-0.025789251551032066,0.05991890664562261,ROA_1003_model40000_std01,2506,2026-10-03_22-59-50,-0.022266965359449387,0.013653680682182312
-0.0006593763828277588,-0.000593625009059906,-0.0009045004844665527,0.0001580454409122467,0.001148258537271753,-0.46803799271583557,0.39864423871040344,0.4172576367855072,-0.45862606167793274,0.8714035670293444,-0.0014763325452804565,-0.0015130266547203064,-0.0015011988580226898,-0.00031283125281333923,0.0025100960070606883,-0.659471333026886,0.18267612159252167,0.251973956823349,-0.6226571202278137,0.8601030878165111,-0.019000651314854622,0.01371704787015915,-0.005017015151679516,-0.008953514508903027,-0.0010261739371344447,-0.004778164438903332,-0.0012895092368125916,-0.0012132339179515839,-0.0012959353625774384,-0.00020852312445640564,0.002116215061894818,-0.7122735977172852,0.16792303323745728,0.2536577880382538,-0.6004161834716797,0.8758272527677662,50.146155646000004,True,-0.00018365681171417236,-0.000300724059343338,-0.00020312145352363586,-0.0001043081283569336,0.0004070557215541055,0.05269609019160271,0.014741904102265835,-0.0016121192602440715,-0.022275371477007866,0.05532525111835371,ROA_1003_model40000_std01,2507,2026-10-03_22-59-50,-0.021834654733538628,0.013220369815826416
-0.0006719492375850677,-0.0005805864930152893,-0.0008955597877502441,0.00015832483768463135,0.0011480670515361105,-0.4676896929740906,0.39925238490104675,0.4175724387168884,-0.4593208134174347,0.8720296042622763,-0.0014897435903549194,-0.0015060417354106903,-0.0014891847968101501,-0.00031925737857818604,0.0025124436646598554,-0.6589908003807068,0.18312780559062958,0.252553254365921,-0.6231870055198669,0.8606028729659172,-0.01865861937403679,0.014404317364096642,-0.004588785581290722,-0.008567753247916698,-0.0004915363388136029,-0.004228840582072735,-0.0013057142496109009,-0.001207832247018814,-0.0012908130884170532,-0.00021336600184440613,0.0021241655550803614,-0.7111718654632568,0.16885529458522797,0.2539614140987396,-0.6016576290130615,0.8761771855388371,50.166152114000006,True,-0.00018561258912086487,-0.00029904767870903015,-0.00020042061805725098,-0.00010440126061439514,0.00040617652896559394,0.0521242581307888,0.01426506694406271,-0.0013876705197617412,-0.021534038707613945,0.05456890367585674,ROA_1003_model40000_std01,2508,2026-10-03_22-59-50,-0.02167702279984951,0.013558836653828621
-0.0006703659892082214,-0.0005785375833511353,-0.0008927658200263977,0.00016335397958755493,0.0011437956162753736,-0.46851855516433716,0.3996407389640808,0.4184683561325073,-0.46023446321487427,0.8735474354130596,-0.0014911405742168427,-0.0015139579772949219,-0.0014873221516609192,-0.0003218650817871094,0.0025171042690591942,-0.6592012643814087,0.18368473649024963,0.2539055347442627,-0.6239162683486938,0.8620240689990125,-0.018977489322423935,0.014596397057175636,-0.004926441237330437,-0.008442450314760208,-0.000787972123362124,-0.004030434414744377,-0.0013078562915325165,-0.0012096017599105835,-0.0012909062206745148,-0.00021066516637802124,0.0021256658417337783,-0.7116263508796692,0.16833467781543732,0.2551805078983307,-0.6032856106758118,0.8774649418801136,50.186152806,True,-0.00018151476979255676,-0.0003048218786716461,-0.000197533518075943,-0.00011026859283447266,0.0004091327978321573,0.052333805710077286,0.015362164936959743,-0.0012386589078232646,-0.020631587132811546,0.05505272582802894,ROA_1003_model40000_std01,2509,2026-10-03_22-59-50,-0.022061308845877647,0.013516640290617943
-0.0006868503987789154,-0.0005587935447692871,-0.0008824281394481659,0.00015748664736747742,0.0011453962675525562,-0.46984103322029114,0.40224286913871765,0.4188753366470337,-0.4613175690174103,0.8762347893359907,-0.0015029683709144592,-0.0015027821063995361,-0.0014720484614372253,-0.0003316439688205719,0.002515998116853842,-0.6609334945678711,0.18561537563800812,0.25484710931777954,-0.6244294047355652,0.8645992909940144,-0.019076043739914894,0.01506994478404522,-0.00502501055598259,-0.00805240124464035,-0.0008928738534450531,-0.003619623137637973,-0.0013198703527450562,-0.0011842697858810425,-0.001276843249797821,-0.0002209097146987915,0.002119443177107261,-0.7108430862426758,0.1716846525669098,0.25601962208747864,-0.6049787402153015,0.8795664354244145,50.206154522000006,True,-0.00018812716007232666,-0.0003131106495857239,-0.00019585713744163513,-0.00011026859283447266,0.00041774740793559844,0.0498378612101078,0.013872980140149593,-0.0011175870895385742,-0.019472092390060425,0.05216914277025454,ROA_1003_model40000_std01,2510,2026-10-03_22-59-50,-0.022119885310530663,0.014112884178757668
-0.0006868503987789154,-0.0005584210157394409,-0.0008666887879371643,0.0001448206603527069,0.0011367966506459107,-0.467605859041214,0.40227824449539185,0.4178955852985382,-0.46168452501296997,0.8748084045217419,-0.0014882534742355347,-0.0014942139387130737,-0.0014482997357845306,-0.0003402121365070343,0.0024937918427397872,-0.6588063836097717,0.18591153621673584,0.2542175352573395,-0.6239060163497925,0.8630202149809719,-0.01874835416674614,0.015068456530570984,-0.005023104138672352,-0.0077262986451387405,-0.0008978656260296702,-0.00328968302346766,-0.0013075768947601318,-0.0011783093214035034,-0.001258309930562973,-0.00023245811462402344,0.0021026895073972757,-0.706753671169281,0.17442180216312408,0.25441962480545044,-0.6054918766021729,0.8776582004367655,50.226154446,True,-0.00017900019884109497,-0.0003166496753692627,-0.00019120052456855774,-0.00010896474123001099,0.0004133802794446406,0.04792771860957146,0.0115027641877532,-0.00019930301641579717,-0.01842901110649109,0.04952380637438793,ROA_1003_model40000_std01,2511,2026-10-03_22-59-50,-0.021801482886075974,0.014104599133133888
-0.0007016584277153015,-0.000537186861038208,-0.0008692033588886261,0.00013979151844978333,0.0011457630086612479,-0.46848782896995544,0.4042908251285553,0.41780897974967957,-0.46248453855514526,0.8765961155391557,-0.0014984048902988434,-0.0014826655387878418,-0.001449882984161377,-0.00035455450415611267,0.0025004920969442096,-0.6604697108268738,0.18723587691783905,0.2538217008113861,-0.6245989203453064,0.8646531945198372,-0.018719900399446487,0.015321504324674606,-0.0050290534272789955,-0.007571673020720482,-0.0008830586448311806,-0.003091139253228903,-0.0013181939721107483,-0.0011566095054149628,-0.0012598931789398193,-0.00023813918232917786,0.0021033210787267825,-0.7069725394248962,0.1765107661485672,0.2537732720375061,-0.6076693534851074,0.8792522839465745,50.246166211,True,-0.0001794658601284027,-0.0003264285624027252,-0.00018710270524024963,-0.00011632218956947327,0.00042217894339179155,0.04637986049056053,0.01069530751556158,0.0001676380488788709,-0.016886740922927856,0.04775408148743266,ROA_1003_model40000_std01,2512,2026-10-03_22-59-50,-0.021655233576893806,0.014329181984066963
-0.0007217749953269958,-0.0005175359547138214,-0.000865105539560318,0.00013345852494239807,0.0011545420914697258,-0.4697609543800354,0.4065409004688263,0.4179691672325134,-0.46351364254951477,0.8789391505620034,-0.001517031341791153,-0.001468602567911148,-0.0014442019164562225,-0.0003648921847343445,0.0025072348549573784,-0.6620389819145203,0.1895679086446762,0.254021018743515,-0.6252331137657166,0.8669989538224336,-0.018324555829167366,0.01543324813246727,-0.004656125791370869,-0.007552783004939556,-0.0004893663572147489,-0.003032816108316183,-0.0013367272913455963,-0.0011426396667957306,-0.001260172575712204,-0.0002495013177394867,0.002113958945677542,-0.7084486484527588,0.17840135097503662,0.2539548873901367,-0.6093065738677979,0.8817484777540331,50.266154615000005,True,-0.0001798383891582489,-0.00032708048820495605,-0.0001843087375164032,-0.00011408701539039612,0.00042118235103100443,0.046378929167985916,0.011174938641488552,8.102505671558902e-05,-0.015922822058200836,0.04786205383791307,ROA_1003_model40000_std01,2513,2026-10-03_22-59-50,-0.02114073745906353,0.014421751722693443
-0.0007272697985172272,-0.0005017034709453583,-0.0008636154234409332,0.0001253560185432434,0.0011560091360050123,-0.47019028663635254,0.40816885232925415,0.4178881347179413,-0.4642987549304962,0.8803087899422202,-0.0015254132449626923,-0.0014707446098327637,-0.0014434568583965302,-0.00038230791687965393,0.0025191466420204636,-0.6625968813896179,0.191421240568161,0.25416165590286255,-0.6253011226654053,0.8682831644176164,-0.018330305814743042,0.015700211748480797,-0.00472530722618103,-0.0074230581521987915,-0.0005191705422475934,-0.002829337492585182,-0.0013437122106552124,-0.0011264346539974213,-0.0012584030628204346,-0.00025918707251548767,0.0021140893529694523,-0.7072780132293701,0.18029844760894775,0.25403499603271484,-0.6112139225006104,0.882691158521943,50.286153931,True,-0.00018496066331863403,-0.00033909454941749573,-0.0001837499439716339,-0.00012228265404701233,0.0004354352112218136,0.044675540179014206,0.011131166480481625,0.00014156103134155273,-0.014094634912908077,0.04616855511865694,ROA_1003_model40000_std01,2514,2026-10-03_22-59-50,-0.021039703860878944,0.014811858534812927
-0.0007252208888530731,-0.0004993751645088196,-0.0008606351912021637,0.00012181699275970459,0.0011527496372974347,-0.470436155796051,0.40863731503486633,0.4182206392288208,-0.4648519456386566,0.8811070039933756,-0.0015232712030410767,-0.0014730729162693024,-0.0014444813132286072,-0.000392179936170578,0.0025224001016964687,-0.6626564860343933,0.1927073895931244,0.2545500099658966,-0.6252219676971436,0.8690918350763481,-0.01846938394010067,0.01572486385703087,-0.004851796664297581,-0.0074007585644721985,-0.0006390273338183761,-0.002797862980514765,-0.0013397075235843658,-0.0011228956282138824,-0.0012553296983242035,-0.0002643093466758728,0.00210976963826035,-0.7065012454986572,0.18040741980075836,0.25473347306251526,-0.6122570037841797,0.8830404595960626,50.306156767000004,True,-0.00018719583749771118,-0.0003477558493614197,-0.0001884065568447113,-0.00012656673789024353,0.0004457436754760489,0.04383083060383797,0.012338160537183285,-0.00019650904869195074,-0.012986361049115658,0.045697078907880474,ROA_1003_model40000_std01,2515,2026-10-03_22-59-50,-0.021189900115132332,0.014805763959884644
-0.0007491558790206909,-0.00048354268074035645,-0.0008487142622470856,0.00010533258318901062,0.0011614563189440543,-0.4715611934661865,0.4092296361923218,0.41896381974220276,-0.46555790305137634,0.8826924324414012,-0.001556146889925003,-0.0014718621969223022,-0.001430511474609375,-0.0004163011908531189,0.0025455287037188033,-0.6644306182861328,0.19302217662334442,0.25479960441589355,-0.6261849403381348,0.8707726141870445,-0.01845388486981392,0.016047785058617592,-0.004804777912795544,-0.0071329898200929165,-0.0005869901506230235,-0.002522536087781191,-0.0013663433492183685,-0.0011150725185871124,-0.0012398697435855865,-0.0002825632691383362,0.0021229914397563284,-0.7091406583786011,0.17959809303283691,0.25564152002334595,-0.6126612424850464,0.8848960759235197,50.326159539,True,-0.00018542632460594177,-0.00036191195249557495,-0.00018756836652755737,-0.00013401731848716736,0.00045790147184856443,0.044700685888528824,0.013424082659184933,-0.0008307396783493459,-0.013530253432691097,0.04692621297835353,ROA_1003_model40000_std01,2516,2026-10-03_22-59-50,-0.02123674936592579,0.014947649091482162
-0.0007787719368934631,-0.000462215393781662,-0.0008380971848964691,8.381903171539307e-05,0.0011752508664808095,-0.47387179732322693,0.4093143939971924,0.4202974736690521,-0.46594810485839844,0.8847668914327917,-0.0015897676348686218,-0.001469440758228302,-0.0014192424714565277,-0.00043781474232673645,0.0025690525034539184,-0.6670066714286804,0.1933155506849289,0.2557719051837921,-0.626732587814331,0.8730678371522067,-0.018593130633234978,0.015999874100089073,-0.00499960221350193,-0.007002663798630238,-0.0008484745630994439,-0.00246738875284791,-0.0014042481780052185,-0.001103430986404419,-0.0012286938726902008,-0.00030100345611572266,0.002144879990940003,-0.7141017913818359,0.1765889972448349,0.2575162649154663,-0.6125522255897522,0.8874723909846257,50.346160359,True,-0.00018654391169548035,-0.00036777928471565247,-0.0001911073923110962,-0.0001412816345691681,0.0004665587770525113,0.04708394035696983,0.016724690794944763,-0.0017443670658394694,-0.014201737008988857,0.05040198248094516,ROA_1003_model40000_std01,2517,2026-10-03_22-59-50,-0.021372778341174126,0.014795610681176186
-0.0008056871592998505,-0.0004527159035205841,-0.0008217990398406982,6.416812539100647e-05,0.0011856779578592186,-0.4749651849269867,0.40798258781433105,0.42142343521118164,-0.46578142046928406,0.8851497420279387,-0.0016279518604278564,-0.0014672055840492249,-0.001402292400598526,-0.00045979395508766174,0.002593458670170791,-0.6682378649711609,0.19240285456180573,0.25630834698677063,-0.6268787980079651,0.8736528138192476,-0.01850048638880253,0.01586267724633217,-0.004901035688817501,-0.006836237385869026,-0.0008399470243602991,-0.002429392421618104,-0.0014382414519786835,-0.001095607876777649,-0.0012079253792762756,-0.00031581148505210876,0.002160044175096516,-0.7171323299407959,0.17287488281726837,0.259700208902359,-0.6113173365592957,0.8883065709075662,50.366154811,True,-0.00018598511815071106,-0.00037420541048049927,-0.00019380822777748108,-0.0001432374119758606,0.00047251359746336945,0.04892423376441002,0.01955311745405197,-0.003377906745299697,-0.015594064258038998,0.05348578398882897,ROA_1003_model40000_std01,2518,2026-10-03_22-59-50,-0.02129243314266205,0.014524059370160103
-0.0008141621947288513,-0.0004636123776435852,-0.0008182600140571594,5.19677996635437e-05,0.0011938590959389495,-0.47419309616088867,0.40536466240882874,0.4214150607585907,-0.46511831879615784,0.8831390295459571,-0.0016228295862674713,-0.0014703720808029175,-0.0013937242329120636,-0.00046296045184135437,0.0025886186875753573,-0.6677740812301636,0.1901630163192749,0.2558920383453369,-0.6262938976287842,0.8718578855237125,-0.01810525171458721,0.015084665268659592,-0.0047358060255646706,-0.006804675795137882,-0.0008852906757965684,-0.0026786229573190212,-0.0014450401067733765,-0.0011060386896133423,-0.0012043863534927368,-0.0003242865204811096,0.002169983014241127,-0.7180226445198059,0.1689232736825943,0.2594711184501648,-0.60992032289505,0.8864249018536715,50.386155280000004,True,-0.0001798383891582489,-0.0003643333911895752,-0.00019166618585586548,-0.00013988465070724487,0.0004604009582328521,0.05022342875599861,0.02126488648355007,-0.003566965227946639,-0.016361474990844727,0.0554439400367395,ROA_1003_model40000_std01,2519,2026-10-03_22-59-50,-0.020867720246315002,0.013741414994001389
-0.0008209608495235443,-0.0004670582711696625,-0.0008387491106987,5.597248673439026e-05,0.001211723995987054,-0.4754420220851898,0.40433552861213684,0.42159852385520935,-0.4642018973827362,0.8829065074629868,-0.0016390345990657806,-0.0014909543097019196,-0.0014184974133968353,-0.00046212226152420044,0.002620440930811499,-0.6695855259895325,0.18879956007003784,0.2553500235080719,-0.6261728405952454,0.8718662283345878,-0.01760350912809372,0.014992967247962952,-0.004249162040650845,-0.006956699304282665,-0.0004170895554125309,-0.0028295007068663836,-0.0014633871614933014,-0.0011171214282512665,-0.0012236647307872772,-0.00031711533665657043,0.0021950338975414646,-0.7214136123657227,0.1645423322916031,0.2600485384464264,-0.6087235808372498,0.8864261962487843,50.406154436,True,-0.00017741695046424866,-0.00036712735891342163,-0.00019203871488571167,-0.00014221295714378357,0.0004623585014507236,0.05186348780989647,0.024248844012618065,-0.0046817585825920105,-0.01748930662870407,0.0584943460418034,ROA_1003_model40000_std01,2520,2026-10-03_22-59-50,-0.020320752635598183,0.013675367459654808
-0.00083213672041893,-0.0004692003130912781,-0.0008550472557544708,5.5693089962005615e-05,0.0012306781345743838,-0.476654589176178,0.40352436900138855,0.42213869094848633,-0.4638805687427521,0.8832406043576564,-0.0016617588698863983,-0.0014943070709705353,-0.0014375895261764526,-0.0004610978066921234,0.0026459160579401396,-0.6710001826286316,0.18762144446372986,0.2556135654449463,-0.6265360713005066,0.8723880717808975,-0.017221657559275627,0.014785250648856163,-0.003915348090231419,-0.007300093304365873,-4.7011475544422865e-05,-0.0030969451181590557,-0.0014880672097206116,-0.0011309981346130371,-0.0012442469596862793,-0.0003168359398841858,0.0022283837447705183,-0.7261298298835754,0.16011203825473785,0.2601016163825989,-0.6084078550338745,0.8873351394934977,50.426154136,True,-0.00017425045371055603,-0.00036563724279403687,-0.00019622966647148132,-0.00014407560229301453,0.00046163693970906455,0.055137086659669876,0.027487052604556084,-0.004468485713005066,-0.01813657581806183,0.06284690276864978,ROA_1003_model40000_std01,2521,2026-10-03_22-59-50,-0.019953954964876175,0.013441264629364014
-0.0008437782526016235,-0.00046780332922935486,-0.0008587725460529327,4.1443854570388794e-05,0.0012436669688646643,-0.47746485471725464,0.4024980366230011,0.422950804233551,-0.4636663794517517,0.8834588057840489,-0.0016900710761547089,-0.0015156343579292297,-0.001449882984161377,-0.0004854053258895874,0.002688665523168199,-0.6719846129417419,0.18600745499134064,0.2563232481479645,-0.6267120838165283,0.8726201790463047,-0.017288388684391975,0.014416858553886414,-0.003937834873795509,-0.007703172042965889,-6.462645251303911e-05,-0.0034770648926496506,-0.0015094876289367676,-0.001143384724855423,-0.0012501142919063568,-0.0003384426236152649,0.002257813436708549,-0.7287114262580872,0.1559089869260788,0.2605644762516022,-0.6087990403175354,0.8874956287933541,50.446151660000005,True,-0.00017834827303886414,-0.000370759516954422,-0.00019855797290802002,-0.00014659017324447632,0.00046897513598759575,0.05671754106879234,0.030110588297247887,-0.004251487553119659,-0.017930753529071808,0.06540949218736102,ROA_1003_model40000_std01,2522,2026-10-03_22-59-50,-0.020010696724057198,0.013168089091777802
-0.0008552335202693939,-0.00046957284212112427,-0.0008660368621349335,3.324821591377258e-05,0.0012583694350314916,-0.4795975685119629,0.4021124839782715,0.424321711063385,-0.46391597390174866,0.8851789284617432,-0.0017114914953708649,-0.001524854451417923,-0.001467578113079071,-0.000494346022605896,0.0027185378333565253,-0.674766480922699,0.18458811938762665,0.25715771317481995,-0.6279311776161194,0.874469562183828,-0.01725934073328972,0.014271285384893417,-0.0038947483990341425,-0.0079512819647789,-1.6424106433987617e-05,-0.0036991166416555643,-0.0015286728739738464,-0.0011477619409561157,-0.00125933438539505,-0.000345427542924881,0.0022798079633848663,-0.7317885160446167,0.152540385723114,0.26200151443481445,-0.6092767715454102,0.8888956863098917,50.466164032,True,-0.0001798383891582489,-0.00037532299757003784,-0.00020442530512809753,-0.00015068799257278442,0.00047628719114381653,0.05708448216319084,0.03206636756658554,-0.004832632839679718,-0.01869630068540573,0.0668861416068772,ROA_1003_model40000_std01,2523,2026-10-03_22-59-50,-0.019942540675401688,0.013247478753328323
-0.0008832663297653198,-0.0004519708454608917,-0.0008798204362392426,1.4249235391616821e-05,0.0012873102315291835,-0.4828292727470398,0.4034489095211029,0.42568424344062805,-0.46520304679870605,0.8888067630119653,-0.0017475336790084839,-0.0015206634998321533,-0.0014860183000564575,-0.0005155801773071289,0.0027563313872162464,-0.6787282824516296,0.18488894402980804,0.25806576013565063,-0.6301347017288208,0.8782595840576056,-0.017055125907063484,0.014003995805978775,-0.0036866178270429373,-0.00836755521595478,0.0001926141558215022,-0.004090131726115942,-0.0015642493963241577,-0.0011391937732696533,-0.0012754462659358978,-0.0003662891685962677,0.002315408788874122,-0.7375348210334778,0.15007518231868744,0.2627735733985901,-0.6112632751464844,0.8926128023067549,50.486150708000004,True,-0.000183936208486557,-0.00038016587495803833,-0.00020926818251609802,-0.00015208497643470764,0.00048363855133263823,0.05878880247473717,0.03484264016151428,-0.004715286195278168,-0.0189049169421196,0.06975240616789213,ROA_1003_model40000_std01,2524,2026-10-03_22-59-50,-0.0194869302213192,0.013358362019062042
-0.0008703209459781647,-0.00046482309699058533,-0.000899098813533783,8.66129994392395e-06,0.0012937649254603325,-0.48275941610336304,0.40288081765174866,0.42555105686187744,-0.4652710556983948,0.8884589674702082,-0.001733936369419098,-0.0015354715287685394,-0.0015106052160263062,-0.000528339296579361,0.0027691963813942116,-0.6793224811553955,0.1835618019104004,0.257207989692688,-0.6312075853347778,0.877992943390853,-0.01656349003314972,0.013434069231152534,-0.003330968553200364,-0.00870773009955883,0.0004978848155587912,-0.004492015577852726,-0.0015519559383392334,-0.0011602416634559631,-0.0012910924851894379,-0.00037886202335357666,0.002326408529007376,-0.737172544002533,0.14797504246234894,0.2621663510799408,-0.6122840046882629,0.8915068444511666,50.506154184,True,-0.00018123537302017212,-0.00037634745240211487,-0.0002169981598854065,-0.00014957040548324585,0.0004806873586836784,0.0578099824488163,0.035606324672698975,-0.004938803147524595,-0.018934719264507294,0.06940820599040423,ROA_1003_model40000_std01,2525,2026-10-03_22-59-50,-0.01876332238316536,0.013190850615501404
-0.0008734874427318573,-0.00045765191316604614,-0.0008995644748210907,-1.0244548320770264e-05,0.001298274211297264,-0.4825768768787384,0.40201282501220703,0.42670032382011414,-0.4664882719516754,0.8891277457251611,-0.0017374753952026367,-0.0015356577932834625,-0.001513306051492691,-0.0005505047738552094,0.0027799755839330326,-0.6785085201263428,0.18357856571674347,0.2586292028427124,-0.6320886015892029,0.8786908723471819,-0.016099082306027412,0.013560652732849121,-0.0028395825065672398,-0.008613267913460732,0.0009935277048498392,-0.004392819479107857,-0.001558195799589157,-0.001155957579612732,-0.001297052949666977,-0.00039925798773765564,0.002337768803065684,-0.737821638584137,0.14693568646907806,0.2627735733985901,-0.6134081482887268,0.8921843113122316,50.526150044000005,True,-0.0001802109181880951,-0.0003810971975326538,-0.00021709129214286804,-0.00015022233128547668,0.000483917730074859,0.059300098568201065,0.03664754331111908,-0.00413600355386734,-0.01869257539510727,0.07102499454528179,ROA_1003_model40000_std01,2526,2026-10-03_22-59-50,-0.018419576808810234,0.013291079550981522
-0.0008473172783851624,-0.00048605725169181824,-0.0009041279554367065,-1.3597309589385986e-05,0.0012890379232772216,-0.4826793074607849,0.39952245354652405,0.42930710315704346,-0.46868154406547546,0.8903873635324049,-0.0017075799405574799,-0.0015662051737308502,-0.001523829996585846,-0.0005545094609260559,0.002780325370369904,-0.6778361201286316,0.18193665146827698,0.2611372470855713,-0.6342949271202087,0.879863664766735,-0.015555167570710182,0.013567430898547173,-0.0022090927232056856,-0.008560897782444954,0.0016547481063753366,-0.004315790720283985,-0.0015323050320148468,-0.001184362918138504,-0.0013076700270175934,-0.0004034489393234253,0.002337733414941858,-0.7378290891647339,0.14464184641838074,0.26399269700050354,-0.6163697242736816,0.8928757218333241,50.546154641,True,-0.00017872080206871033,-0.0003824010491371155,-0.0002146698534488678,-0.00014957040548324585,0.00048322013886181194,0.05999952182173729,0.03729667514562607,-0.0028107312973588705,-0.01794472336769104,0.0716731538341038,ROA_1003_model40000_std01,2527,2026-10-03_22-59-50,-0.01825554110109806,0.013267192989587784
-0.0008134171366691589,-0.0005220994353294373,-0.0009266659617424011,7.916241884231567e-06,0.0012833883832995903,-0.4846052825450897,0.3988174498081207,0.4307520389556885,-0.4697180986404419,0.8922803023294374,-0.0016714446246623993,-0.0016005709767341614,-0.0015472527593374252,-0.0005323439836502075,0.0027760106854666546,-0.6785364747047424,0.18211360275745392,0.26203131675720215,-0.6365030407905579,0.8817975740367352,-0.014639384113252163,0.013732869178056717,-0.0010199836688116193,-0.008374822326004505,0.002781335962936282,-0.004264777060598135,-0.001500546932220459,-0.001223292201757431,-0.0013300683349370956,-0.00038654543459415436,0.002337952491526424,-0.7379529476165771,0.14217384159564972,0.2663670778274536,-0.6178253889083862,0.8936453506077084,50.56615149300001,True,-0.00016903504729270935,-0.00037997961044311523,-0.00021741725504398346,-0.00014761462807655334,0.0004768605626042708,0.05932990089058876,0.03990437462925911,-0.004264991730451584,-0.01868000254034996,0.07289666311120618,ROA_1003_model40000_std01,2528,2026-10-03_22-59-50,-0.017412429675459862,0.013804405927658081
-0.0007789582014083862,-0.0005587004125118256,-0.0009562820196151733,3.119930624961853e-05,0.0012824430177660851,-0.48312076926231384,0.39649659395217896,0.4295566976070404,-0.4696338176727295,0.8897456918142532,-0.0016201287508010864,-0.001608487218618393,-0.001572445034980774,-0.0004998408257961273,0.0027463597088135936,-0.6747170686721802,0.1823771595954895,0.26102736592292786,-0.6366949081420898,0.8794000402481406,-0.013149824924767017,0.013968778774142265,0.00018715730402618647,-0.007961934432387352,0.004019685089588165,-0.0038269818760454655,-0.0014638528227806091,-0.0012487173080444336,-0.0013587530702352524,-0.0003641005605459213,0.002330583141050814,-0.7358230352401733,0.14055612683296204,0.26490724086761475,-0.6175469160079956,0.8907164705853206,50.586155545000004,True,-0.00015962868928909302,-0.0003548339009284973,-0.00021741725504398346,-0.00013671815395355225,0.0004496832892649578,0.061081718653440475,0.041822899132966995,-0.003835186129435897,-0.01916429027915001,0.07538254090432377,ROA_1003_model40000_std01,2529,2026-10-03_22-59-50,-0.015920868143439293,0.01438944973051548
-0.0007195398211479187,-0.000612996518611908,-0.0009834766387939453,7.255002856254578e-05,0.001263862598201823,-0.4802904725074768,0.3933710753917694,0.4276916980743408,-0.4683583676815033,0.8852094704302887,-0.0015477649867534637,-0.0016298145055770874,-0.001599220559000969,-0.00045136548578739166,0.0027047306151206187,-0.6700716614723206,0.18164141476154327,0.2594715654850006,-0.6352522969245911,0.8750636506587279,-0.012247821316123009,0.013654766604304314,0.001018298789858818,-0.008162115700542927,0.004875664599239826,-0.004028536379337311,-0.0013972632586956024,-0.0012978911399841309,-0.0013832934200763702,-0.0003234017640352249,0.0023055114598263663,-0.7320176362991333,0.13906694948673248,0.26186275482177734,-0.6165117621421814,0.885672558475061,50.606150957000004,True,-0.00014808028936386108,-0.00032726675271987915,-0.00021723099052906036,-0.00012633390724658966,0.00042029268801568415,0.06195157393813133,0.042599622160196304,-0.002367887645959854,-0.018758699297904968,0.07626657172666079,ROA_1003_model40000_std01,2530,2026-10-03_22-59-50,-0.015022894367575645,0.014123652130365372
-0.0006479211151599884,-0.0006901100277900696,-0.0009964685887098312,0.00013010576367378235,0.0012295190415355386,-0.4748580753803253,0.3883596360683441,0.42437899112701416,-0.46582144498825073,0.8770788680247459,-0.0014543533325195312,-0.0016497448086738586,-0.0016148202121257782,-0.0003769993782043457,0.0026347143017718517,-0.6626136302947998,0.17921346426010132,0.2566505968570709,-0.6325472593307495,0.8671868135800554,-0.011604300700128078,0.013384710997343063,0.001724683796055615,-0.008008209988474846,0.005447977222502232,-0.004069039598107338,-0.00131288543343544,-0.001354701817035675,-0.0014001969248056412,-0.00026240013539791107,0.0022621647424104583,-0.7244292497634888,0.13837218284606934,0.2568913400173187,-0.6132316589355469,0.876754104125978,50.626152545000004,True,-0.00013923272490501404,-0.0002936460077762604,-0.00021620653569698334,-0.00011320225894451141,0.0003872813038025087,0.06177276000380516,0.04083942249417305,-0.0002528540790081024,-0.01934124156832695,0.07488463554561874,ROA_1003_model40000_std01,2531,2026-10-03_22-59-50,-0.014592868275940418,0.013767840340733528
-0.000624731183052063,-0.000713299959897995,-0.0010420102626085281,0.00018994323909282684,0.0012401056530307486,-0.4719933271408081,0.38573238253593445,0.42066720128059387,-0.46332037448883057,0.8712060599178426,-0.0014281831681728363,-0.0016182661056518555,-0.0016561709344387054,-0.0003001652657985687,0.002596025912089542,-0.6586713194847107,0.17838551104068756,0.2530030906200409,-0.6301742792129517,0.8616662991376105,-0.010841552168130875,0.014431644231081009,0.0025252881459891796,-0.0070022703148424625,0.006261294707655907,-0.0030439388938248158,-0.0012949109077453613,-0.0013676472008228302,-0.001444108784198761,-0.0001994892954826355,0.002256978376446616,-0.7234336733818054,0.13885274529457092,0.25123775005340576,-0.609171986579895,0.8719083302958336,50.646152021000006,True,-0.0001327134668827057,-0.00025117769837379456,-0.00020940788090229034,-0.00010104849934577942,0.00034956861969432306,0.06476230919361115,0.03953929618000984,0.0017797573236748576,-0.021016689017415047,0.07649997581936402,ROA_1003_model40000_std01,2532,2026-10-03_22-59-50,-0.01389915682375431,0.014318829402327538
-0.0005566515028476715,-0.0007887370884418488,-0.001032138243317604,0.00021588057279586792,0.0011983738505469107,-0.4645390212535858,0.3776978552341461,0.41842690110206604,-0.4608207046985626,0.8611945308446441,-0.001346692442893982,-0.0016205944120883942,-0.0016481149941682816,-0.0002462882548570633,0.0025210910492585326,-0.6495993137359619,0.17185229063034058,0.25056952238082886,-0.628737211227417,0.8518472539030779,-0.01043422520160675,0.013869516551494598,0.002866408322006464,-0.007117620203644037,0.006563242524862289,-0.0032185702584683895,-0.0012214295566082,-0.0014171935617923737,-0.001440802589058876,-0.00016279518604278564,0.0022160936641080764,-0.7150294184684753,0.13535656034946442,0.24822771549224854,-0.6047487258911133,0.8618591640865824,50.666150985,True,-0.00012600794434547424,-0.00020405277609825134,-0.00020498409867286682,-8.57282429933548e-05,0.0003113767935788022,0.06549805402755737,0.03650132566690445,0.0023222528398036957,-0.023977363482117653,0.07565709474807512,ROA_1003_model40000_std01,2533,2026-10-03_22-59-50,-0.01369671244174242,0.013222754001617432
-0.0005223788321018219,-0.0008150935173034668,-0.0010815449059009552,0.00025671906769275665,0.0012133409675399115,-0.460458904504776,0.37564894556999207,0.41494515538215637,-0.45825353264808655,0.855074820515277,-0.0013075768947601318,-0.0016011297702789307,-0.0016879290342330933,-0.00018863938748836517,0.002486456109517739,-0.6457213163375854,0.16988533735275269,0.2471487820148468,-0.6263353824615479,0.8459427233879441,-0.010619943961501122,0.014140883460640907,0.0028162174858152866,-0.006720175966620445,0.006452957168221474,-0.0029275647830218077,-0.001182500272989273,-0.0014328397810459137,-0.0014825258404016495,-0.00011641532182693481,0.0022020195782558047,-0.7105581164360046,0.13577565550804138,0.24454852938652039,-0.6012701988220215,0.8560225587197332,50.686152542,True,-0.00012284144759178162,-0.00016354024410247803,-0.00020242296159267426,-7.003545761108398e-05,0.0002832552380022459,0.06486661732196808,0.034086406230926514,0.0026253981050103903,-0.025062354281544685,0.07393506471666896,ROA_1003_model40000_std01,2534,2026-10-03_22-59-50,-0.013836560770869255,0.013240473344922066
-0.00046081840991973877,-0.0008537434041500092,-0.001117447391152382,0.0002969987690448761,0.0012111443605233006,-0.45439040660858154,0.37418025732040405,0.4104031026363373,-0.4562870264053345,0.8479915977171445,-0.0012208707630634308,-0.0015787780284881592,-0.0017101876437664032,-0.00012242235243320465,0.0024086263771812607,-0.6395829319953918,0.16872583329677582,0.2436404973268509,-0.6229234337806702,0.8387148854748314,-0.010966180823743343,0.013802183791995049,0.002672758884727955,-0.006345171481370926,0.005997800268232822,-0.002980094403028488,-0.0010944902896881104,-0.0014523044228553772,-0.0015134457498788834,-7.525086402893066e-05,0.002153671142475054,-0.6994949579238892,0.13886019587516785,0.23970705270767212,-0.6003714799880981,0.847550924603545,50.706152402,True,-0.00012312084436416626,-0.00012647360563278198,-0.0001984182745218277,-4.591420292854309e-05,0.0002588241019417626,0.05988403782248497,0.029830260202288628,0.0039529986679553986,-0.02259202115237713,0.06725887632621302,ROA_1003_model40000_std01,2535,2026-10-03_22-59-50,-0.013994122855365276,0.013070238754153252
-0.00039618462324142456,-0.000890437513589859,-0.0011327210813760757,0.00032479874789714813,0.0012001839592746648,-0.4473831355571747,0.37381890416145325,0.4052794277667999,-0.4543163478374481,0.8406886650045453,-0.001115351915359497,-0.0015879049897193909,-0.0017082318663597107,-7.729977369308472e-05,0.00232721815409008,-0.6326510906219482,0.1680143028497696,0.2400781810283661,-0.6190794110298157,0.8310606444007123,-0.01142983976751566,0.013094067573547363,0.002467701444402337,-0.005972156301140785,0.005272824317216873,-0.003275160677731037,-0.0009919516742229462,-0.001472514122724533,-0.0015236902981996536,-4.8941001296043396e-05,0.00209162505344765,-0.6841393113136292,0.14376360177993774,0.23430445790290833,-0.6009321212768555,0.837686588777597,50.72615363800001,True,-0.0001234002411365509,-0.00011082738637924194,-0.00018174760043621063,-2.7799978852272034e-05,0.00023740220680729663,0.05145929381251335,0.024293547496199608,0.0057760621421039104,-0.018159858882427216,0.0569686160323579,ROA_1003_model40000_std01,2536,2026-10-03_22-59-50,-0.014151315204799175,0.01272590458393097
-0.0003135763108730316,-0.0009134411811828613,-0.0012060627341270447,0.0004170462489128113,0.0012761370602565154,-0.44081729650497437,0.37772393226623535,0.39897623658180237,-0.45268934965133667,0.8352751267909403,-0.0009862706065177917,-0.00156378373503685,-0.0017603859305381775,3.6461278796195984e-05,0.002223942977376806,-0.6272168755531311,0.1703379601240158,0.2367086559534073,-0.6137838959693909,0.8250212583189083,-0.011015423573553562,0.012428618967533112,0.0023383344523608685,-0.006483494304120541,0.005159090273082256,-0.0036405050195753574,-0.0008642673492431641,-0.0014623627066612244,-0.0016014091670513153,3.6600977182388306e-05,0.002016368317212414,-0.6648674011230469,0.16064009070396423,0.22696051001548767,-0.6022560000419617,0.8307414134390083,50.746154074,True,-0.00012191012501716614,-0.00010225921869277954,-0.00015855766832828522,-1.862645149230957e-06,0.00021154661183151312,0.03761518746614456,0.009716488420963287,0.009762588888406754,-0.01156050618737936,0.039473926494485424,ROA_1003_model40000_std01,2537,2026-10-03_22-59-50,-0.013517689891159534,0.011854765936732292
-0.00031171366572380066,-0.0009110197424888611,-0.001189298927783966,0.0004127155989408493,0.0012588917168549886,-0.4404894709587097,0.3772377669811249,0.3995019793510437,-0.45312660932540894,0.8353679650222716,-0.0009747222065925598,-0.0015682540833950043,-0.0017282087355852127,2.728775143623352e-05,0.002203114512296069,-0.625630795955658,0.1709386557340622,0.23747652769088745,-0.6143478155136108,0.8251667814266823,-0.010722563602030277,0.012720638886094093,0.002543964423239231,-0.006256016902625561,0.0054521746933460236,-0.003297107759863138,-0.0008631497621536255,-0.0014672987163066864,-0.0015765894204378128,3.282912075519562e-05,0.0020052494222362626,-0.6633530855178833,0.15934276580810547,0.22964458167552948,-0.6024748682975769,0.8307505254186154,50.766150958000004,True,-0.0001103617250919342,-9.955838322639465e-05,-0.00015106052160263062,-1.0244548320770264e-06,0.00019807373996114016,0.03773067146539688,0.011594965122640133,0.0078580342233181,-0.01190462987869978,0.03970309241724755,ROA_1003_model40000_std01,2538,2026-10-03_22-59-50,-0.01334038283675909,0.011990074068307877
-0.0003024004399776459,-0.0008956529200077057,-0.0011883676052093506,0.00044032931327819824,0.001268000240303563,-0.4386296272277832,0.3808065950870514,0.3978064954280853,-0.453911691904068,0.8357331243248789,-0.0009554438292980194,-0.0015582889318466187,-0.0017201993614435196,5.5087730288505554e-05,0.0021727460632926226,-0.6233481168746948,0.1747785061597824,0.23777781426906586,-0.6126886606216431,0.8251676201787844,-0.010506344959139824,0.012843165546655655,0.002581251785159111,-0.006139356177300215,0.005544391460716724,-0.003081704257056117,-0.0008433125913143158,-0.0014493241906166077,-0.0015793368220329285,5.182810127735138e-05,0.001980132923635778,-0.6570256948471069,0.1673465520143509,0.22761476039886475,-0.6047976016998291,0.8308306644812911,50.786154690000004,True,-0.00011241063475608826,-0.00010700896382331848,-0.0001416075974702835,4.563480615615845e-06,0.0001940106174653342,0.03365892916917801,0.007470137905329466,0.010174698196351528,-0.007919501513242722,0.03552433102335833,ROA_1003_model40000_std01,2539,2026-10-03_22-59-50,-0.013263363391160965,0.011759476736187935
-0.0002855435013771057,-0.0008828006684780121,-0.0011784955859184265,0.00045746564865112305,0.001266580755548468,-0.4368312358856201,0.38259008526802063,0.3973650634288788,-0.4549757242202759,0.8360477579885915,-0.0009172596037387848,-0.0015488825738430023,-0.0016989652067422867,6.649643182754517e-05,0.002128732942834439,-0.620521605014801,0.17759855091571808,0.23815639317035675,-0.6126132607460022,0.8252255428227538,-0.011086427606642246,0.013035666197538376,0.002214018488302827,-0.0058496203273534775,0.005092189647257328,-0.002903676126152277,-0.0008099712431430817,-0.001427624374628067,-0.0015678349882364273,6.73346221446991e-05,0.0019385226306250756,-0.6506349444389343,0.17363017797470093,0.22808460891246796,-0.6063859462738037,0.8311721430778454,50.806150710000004,True,-0.00010905787348747253,-0.00012433156371116638,-0.0001300126314163208,-1.1641532182693481e-06,0.00019332542246793232,0.030112450942397118,0.00395067036151886,0.010071787051856518,-0.0062598842196166515,0.0318035973961003,ROA_1003_model40000_std01,2540,2026-10-03_22-59-50,-0.013959158211946487,0.011677209287881851
-0.00028777867555618286,-0.0008666887879371643,-0.001138867810368538,0.00045802444219589233,0.0012303878220761265,-0.43487825989723206,0.384705126285553,0.3975391983985901,-0.4572775065898895,0.8374065146736337,-0.0009152106940746307,-0.001529790461063385,-0.0016543082892894745,7.199123501777649e-05,0.0020929940759941766,-0.6174826622009277,0.18048378825187683,0.23936524987220764,-0.613767147064209,0.8262612066357179,-0.011028856970369816,0.013348691165447235,0.0022569887805730104,-0.0054283058270812035,0.0051124924793839455,-0.0024971324019134045,-0.0007995404303073883,-0.0013942830264568329,-0.0015274155884981155,7.301568984985352e-05,0.0018939156255180724,-0.6462298035621643,0.18187890946865082,0.22798822820186615,-0.6076213717460632,0.833190116893876,50.826151211,True,-0.00011110678315162659,-0.0001364387571811676,-0.00012391246855258942,-1.0710209608078003e-06,0.00019776215704316494,0.028731299564242363,-0.0014109535841271281,0.011402647010982037,-0.006175599526613951,0.031124996786258113,ROA_1003_model40000_std01,2541,2026-10-03_22-59-50,-0.014136393554508686,0.01165659911930561
-0.00029206275939941406,-0.0008542090654373169,-0.0010893214493989944,0.0004486646503210068,0.0011811967004026044,-0.43363216519355774,0.38697755336761475,0.39877739548683167,-0.4608379602432251,0.8403868725380613,-0.0008975155651569366,-0.001506507396697998,-0.0015921425074338913,6.966292858123779e-05,0.002039177320390548,-0.6162058115005493,0.18289032578468323,0.24090100824832916,-0.6163101196289062,0.8288358568740346,-0.010646505281329155,0.013673100620508194,0.0026118382811546326,-0.005046876147389412,0.005483267828822136,-0.002086276886984706,-0.0007877126336097717,-0.0013620592653751373,-0.0014775432646274567,6.882473826408386e-05,0.0018470390673109168,-0.641805112361908,0.1910114586353302,0.22875796258449554,-0.6104628443717957,0.8368873009391987,50.846152127,True,-0.00010849907994270325,-0.0001475214958190918,-0.00011133961379528046,2.7474015951156616e-06,0.00019676161880147197,0.025605781003832817,-0.008216127753257751,0.01215794961899519,-0.005800742190331221,0.030033349818482404,ROA_1003_model40000_std01,2542,2026-10-03_22-59-50,-0.013896957971155643,0.011758580803871155
-0.000322144478559494,-0.0008190050721168518,-0.0010350719094276428,0.00043101608753204346,0.001121579392435976,-0.4348447322845459,0.39199644327163696,0.3997892737388611,-0.46409663558006287,0.8456505109724889,-0.0009188428521156311,-0.0014677643775939941,-0.0015289057046175003,5.457550287246704e-05,0.002008616379868148,-0.6165662407875061,0.18862633407115936,0.2428525984287262,-0.6181672215461731,0.8337027646272053,-0.010621829889714718,0.013654684647917747,0.0026019581127911806,-0.005126046948134899,0.005477928556501865,-0.002141934586688876,-0.0008117407560348511,-0.0013195909559726715,-0.0014197081327438354,4.814937710762024e-05,0.0018206094956265714,-0.6417258977890015,0.19969511032104492,0.23011164367198944,-0.613579511642456,0.8432006123440972,50.866151603000006,True,-0.00010691583156585693,-0.00015208497643470764,-0.00010724179446697235,4.563480615615845e-06,0.00019700890085378467,0.02515408955514431,-0.011085531674325466,0.012727453373372555,-0.004612375050783157,0.03063020375680447,ROA_1003_model40000_std01,2543,2026-10-03_22-59-50,-0.013847548514604568,0.011755872517824173
-0.0003282912075519562,-0.000804755836725235,-0.0009997282177209854,0.00041546300053596497,0.0010826618131484314,-0.43499094247817993,0.39596760272979736,0.3994610011577606,-0.46677419543266296,0.8489176215568405,-0.0009256415069103241,-0.0014541670680046082,-0.001488393172621727,3.7299469113349915e-05,0.001992557094118387,-0.6170868873596191,0.19208620488643646,0.2422514259815216,-0.6204689741134644,0.8364614921639035,-0.010723050683736801,0.012786861509084702,0.0024686194956302643,-0.006091005634516478,0.005373155698180199,-0.003047009464353323,-0.0008116476237773895,-0.0012960284948349,-0.0013862736523151398,3.3387914299964905e-05,0.0017978693674203696,-0.640329897403717,0.20625068247318268,0.22991326451301575,-0.6173061728477478,0.8473149285496939,50.886152839000005,True,-0.00010924413800239563,-0.00016177073121070862,-9.96515154838562e-05,4.423782229423523e-06,0.00020345473584220804,0.02323463372886181,-0.014172866009175777,0.012315808795392513,-0.003195367520675063,0.029854974728433008,ROA_1003_model40000_std01,2544,2026-10-03_22-59-50,-0.01383162196725607,0.010995907709002495
-0.00038156285881996155,-0.000758003443479538,-0.0009120441973209381,0.0003582797944545746,0.000991189559286511,-0.437860369682312,0.4013534486293793,0.4031066596508026,-0.47162872552871704,0.8573296593687416,-0.000980868935585022,-0.0014165416359901428,-0.0013927463442087173,-2.0209699869155884e-05,0.0019851810463756133,-0.6198137998580933,0.19748879969120026,0.2448507398366928,-0.6257584095001221,0.8444259088292766,-0.010680831968784332,0.012550324201583862,0.002431026194244623,-0.00646447017788887,0.005415185354650021,-0.003335339482873678,-0.000867992639541626,-0.0012526288628578186,-0.0012948177754878998,-1.9278377294540405e-05,0.0017866902988045497,-0.6438344120979309,0.2129841446876526,0.23608560860157013,-0.6206994652748108,0.857205081455911,50.906151384000005,True,-0.00011613592505455017,-0.00017052516341209412,-0.00010100193321704865,-3.119930624961853e-06,0.00021607477309040725,0.024011356756091118,-0.01554842945188284,0.008742790669202805,-0.005087814759463072,0.030338343916873196,ROA_1003_model40000_std01,2545,2026-10-03_22-59-50,-0.013850736431777477,0.010627787560224533
-0.00047422945499420166,-0.0006707385182380676,-0.0008151400834321976,0.0002825167030096054,0.0009537473857933998,-0.44555121660232544,0.4108249843120575,0.4090554714202881,-0.47725623846054077,0.871651199832299,-0.0010864809155464172,-0.0013632699847221375,-0.0012934207916259766,-0.0001146458089351654,0.0020160097990034793,-0.6285821795463562,0.20570679008960724,0.2495315670967102,-0.6320676207542419,0.8583315122400981,-0.011156076565384865,0.012585597112774849,0.0021067007910460234,-0.006748684681952,0.005127652548253536,-0.003593689762055874,-0.0009651295840740204,-0.0011709518730640411,-0.0011906493455171585,-9.513460099697113e-05,0.0017886006573916778,-0.6538825035095215,0.22189970314502716,0.24427145719528198,-0.6254664063453674,0.8732904643285821,50.926158768,True,-0.00012023374438285828,-0.0001909211277961731,-0.00010291114449501038,-1.4994293451309204e-05,0.00023672783938777944,0.0252798181027174,-0.016167759895324707,0.005235895048826933,-0.006549991201609373,0.031048161340912116,ROA_1003_model40000_std01,2546,2026-10-03_22-59-50,-0.014348088763654232,0.01052301749587059
-0.0006034038960933685,-0.000551808625459671,-0.0007199589163064957,0.00020004808902740479,0.0009706523592822413,-0.45641881227493286,0.42137035727500916,0.4179379642009735,-0.4844073951244354,0.8903036653935603,-0.0012421980500221252,-0.0012721866369247437,-0.0011963769793510437,-0.00021010637283325195,0.00206495805696542,-0.6401864290237427,0.215680330991745,0.25712138414382935,-0.6400080919265747,0.8768334181309525,-0.012159962207078934,0.013049887493252754,0.001376464730128646,-0.00664600171148777,0.00441710464656353,-0.003503107000142336,-0.0011109746992588043,-0.0010591000318527222,-0.0010906718671321869,-0.00017923302948474884,0.0018167983401017388,-0.6690648794174194,0.23073142766952515,0.25522148609161377,-0.6315349340438843,0.8941151675762065,50.946157352,True,-0.00012861564755439758,-0.00021345913410186768,-0.00010458752512931824,-3.371387720108032e-05,0.0002636809101036069,0.028831882402300835,-0.015042721293866634,0.0018901190487667918,-0.008528120815753937,0.03302275439622608,ROA_1003_model40000_std01,2547,2026-10-03_22-59-50,-0.015222486108541489,0.010811951011419296
-0.0007330439984798431,-0.0004484318196773529,-0.0006211921572685242,0.0001137610524892807,0.0010035887238602883,-0.4670954942703247,0.4285471439361572,0.4276078939437866,-0.49044981598854065,0.907009640425781,-0.0014039687812328339,-0.0012097880244255066,-0.0011006370186805725,-0.0003146938979625702,0.0021382258493936354,-0.6523727774620056,0.22110527753829956,0.2649482190608978,-0.6480705738067627,0.893627367323177,-0.013230612501502037,0.013476360589265823,0.00036532231024466455,-0.0065730116330087185,0.003498712321743369,-0.0033390710595995188,-0.0012586824595928192,-0.0009670853614807129,-0.0009885989129543304,-0.00025602057576179504,0.001856294573956799,-0.6863800287246704,0.23540107905864716,0.26707723736763,-0.6345435380935669,0.9132241617105049,50.966157887,True,-0.0001426786184310913,-0.0002455897629261017,-0.00011217780411243439,-6.002373993396759e-05,0.00030492887253327707,0.03396160900592804,-0.014298594556748867,-0.0021085143089294434,-0.013531184755265713,0.03701886873173746,ROA_1003_model40000_std01,2548,2026-10-03_22-59-50,-0.01619904115796089,0.010947825387120247
-0.0008204951882362366,-0.00038333237171173096,-0.000560469925403595,5.317851901054382e-05,0.001036801812709185,-0.4761461019515991,0.430289626121521,0.43595579266548157,-0.49344030022621155,0.9180104976537952,-0.0015291385352611542,-0.0011825934052467346,-0.00103851780295372,-0.0003863126039505005,0.0022093691628177034,-0.6626359820365906,0.22111831605434418,0.27144744992256165,-0.6534009575843811,0.9048256432578315,-0.014849863946437836,0.013845857232809067,-0.0008118855766952038,-0.006817605812102556,0.002424495294690132,-0.003466273657977581,-0.001377146691083908,-0.000906921923160553,-0.0009211711585521698,-0.00030333176255226135,0.0019003405164898725,-0.7032285928726196,0.23369769752025604,0.27889710664749146,-0.6328527331352234,0.9271244855011772,50.986158487000004,True,-0.00015087425708770752,-0.0002711080014705658,-0.00012079253792762756,-8.298084139823914e-05,0.00033786807198944073,0.04062056168913841,-0.012552364729344845,-0.007451511453837156,-0.020566394552588463,0.04253330466354684,ROA_1003_model40000_std01,2549,2026-10-03_22-59-50,-0.017831183969974518,0.010744187980890274
-0.0008812174201011658,-0.0003587454557418823,-0.0005003996193408966,-2.2351741790771484e-06,0.0010619293536327896,-0.47762131690979004,0.42632219195365906,0.43941473960876465,-0.493227481842041,0.9184073288302753,-0.0016284175217151642,-0.0011848285794258118,-0.0009884126484394073,-0.0004521571099758148,0.0022804860254428847,-0.6657512784004211,0.2138633131980896,0.2731364071369171,-0.6559900641441345,0.9050836261980508,-0.01568717323243618,0.014352476224303246,-0.0017625500913709402,-0.006144315004348755,0.0015052247326821089,-0.002769629005342722,-0.0014617107808589935,-0.0008840113878250122,-0.0008556991815567017,-0.0003398396074771881,0.0019359211794415711,-0.7135103940963745,0.2280874103307724,0.2831490635871887,-0.6275670528411865,0.9303086926304358,51.006154511000005,True,-0.00016670674085617065,-0.0002987682819366455,-0.00013327226042747498,-0.00011147931218147278,0.00037962396477297933,0.04774145409464836,-0.014211981557309628,-0.0100405877456069,-0.02842303179204464,0.04984811221166046,ROA_1003_model40000_std01,2550,2026-10-03_22-59-50,-0.018955253064632416,0.010508846491575241
-0.0009409151971340179,-0.00033872202038764954,-0.00044927000999450684,-5.774199962615967e-05,0.0010941822761999375,-0.47764086723327637,0.4199221432209015,0.441974937915802,-0.4915520250797272,0.9157265449885614,-0.001716800034046173,-0.0011869706213474274,-0.0009428709745407104,-0.0005047768354415894,0.0023427516134650658,-0.6686728000640869,0.20346324145793915,0.2745557427406311,-0.6563942432403564,0.9025747270835324,-0.015417749062180519,0.014920974150300026,-0.002281774301081896,-0.00550441537052393,0.001229701330885291,-0.00177003163844347,-0.0015458092093467712,-0.0008674338459968567,-0.0008036382496356964,-0.00038016587495803833,0.001982241155191138,-0.7228171229362488,0.2193860560655594,0.285958856344223,-0.6208885312080383,0.9304378885815229,51.026161511000005,True,-0.00017061829566955566,-0.00032046809792518616,-0.00013867393136024475,-0.00012507662177085876,0.00040425201539041075,0.0541275329887867,-0.01589115709066391,-0.011402181349694729,-0.035497359931468964,0.05642596244532505,ROA_1003_model40000_std01,2551,2026-10-03_22-59-50,-0.018762608990073204,0.010515840724110603
-0.0009890645742416382,-0.00031813979148864746,-0.0004493631422519684,-8.903443813323975e-05,0.0011344488231110183,-0.4813242554664612,0.4181070029735565,0.44266411662101746,-0.48828402161598206,0.9153592300036928,-0.0018064863979816437,-0.00119674950838089,-0.0009549781680107117,-0.0005407258868217468,0.002428022426450986,-0.6749247908592224,0.19622965157032013,0.274716854095459,-0.6554377675056458,0.9020126502671912,-0.01583447866141796,0.014733202755451202,-0.002765086479485035,-0.005994507111608982,0.0008709351532161236,-0.002060802886262536,-0.0016198493540287018,-0.0008633360266685486,-0.0008030794560909271,-0.00040605664253234863,0.0020442056511135002,-0.7346569895744324,0.21207889914512634,0.2867700457572937,-0.615402102470398,0.9325145402668708,51.046158335,True,-0.00018635764718055725,-0.0003335997462272644,-0.00015012919902801514,-0.00013532117009162903,0.00042836813091637224,0.059691254049539566,-0.01585576683282852,-0.012028961442410946,-0.04006083682179451,0.0617880920112066,ROA_1003_model40000_std01,2552,2026-10-03_22-59-50,-0.018808625638484955,0.01058156043291092
-0.0010454095900058746,-0.00028619542717933655,-0.00047190114855766296,-0.00011837109923362732,0.0011880239135950512,-0.48539039492607117,0.41699594259262085,0.4416210353374481,-0.48484742641448975,0.9145837094329139,-0.0019016675651073456,-0.0012071803212165833,-0.0009902752935886383,-0.00058002769947052,0.0025277191878756407,-0.6812447309494019,0.18970946967601776,0.2733412981033325,-0.6535770297050476,0.90065787113638,-0.015765435993671417,0.013883505016565323,-0.003003276651725173,-0.00682328175753355,0.0006935663986951113,-0.0027987309731543064,-0.0017036683857440948,-0.0008605420589447021,-0.0008340924978256226,-0.0004382804036140442,0.002128528623349655,-0.7469439506530762,0.20388606190681458,0.2841576933860779,-0.612324059009552,0.933953039797934,51.066157495000006,True,-0.00019781291484832764,-0.0003443099558353424,-0.00015674158930778503,-0.0001405365765094757,0.00044558834792291554,0.06560329347848892,-0.01424457784742117,-0.010762362740933895,-0.0412575863301754,0.06717067461543824,ROA_1003_model40000_std01,2553,2026-10-03_22-59-50,-0.018202804028987885,0.010416865348815918
-0.001011975109577179,-0.0003125518560409546,-0.0005374662578105927,-0.00011902302503585815,0.0011929924234895769,-0.4834383428096771,0.4120236039161682,0.43765825033187866,-0.47949978709220886,0.9064851327410541,-0.001902412623167038,-0.0012877397239208221,-0.0010728836059570312,-0.000608246773481369,0.002605968524908511,-0.6807194948196411,0.17987562716007233,0.2692239284515381,-0.6496859192848206,0.8917864064486577,-0.016971895471215248,0.012295089662075043,-0.0043283486738801,-0.008395922370254993,-0.0006415910320356488,-0.004358742386102676,-0.001687556505203247,-0.0009170733392238617,-0.0009057112038135529,-0.00045206397771835327,0.0021708459062071174,-0.7491791248321533,0.19281169772148132,0.27758440375328064,-0.6093354821205139,0.9259500172942158,51.086154671,True,-0.00021336600184440613,-0.000370759516954422,-0.00016605481505393982,-0.00015599653124809265,0.0004810828666461814,0.06850715726613998,-0.012910923920571804,-0.008349306881427765,-0.04035699740052223,0.06971903002196644,ROA_1003_model40000_std01,2554,2026-10-03_22-59-50,-0.018915187567472458,0.00963701494038105
-0.0009636394679546356,-0.00036871060729026794,-0.0005899928510189056,-0.00012461096048355103,0.001192261047148189,-0.4801098108291626,0.4036463499069214,0.4357593059539795,-0.4750489890575409,0.8975596933081522,-0.001888815313577652,-0.0013797543942928314,-0.0011480413377285004,-0.0006270594894886017,0.002675863473343508,-0.6788763999938965,0.16756540536880493,0.26654452085494995,-0.6473967432975769,0.8826056030438395,-0.017375972121953964,0.010539848357439041,-0.005282193422317505,-0.010013118386268616,-0.0014732647687196732,-0.0057616811245679855,-0.0016637146472930908,-0.0009857118129730225,-0.0009705312550067902,-0.00045569613575935364,0.0022093189853410796,-0.7512485384941101,0.17897877097129822,0.2736710011959076,-0.6053494215011597,0.9177404493803393,51.106156071,True,-0.00022742897272109985,-0.000392179936170578,-0.00017881393432617188,-0.0001685693860054016,0.000511920733262546,0.07233675569295883,-0.011402181349694729,-0.007131136488169432,-0.04205945506691933,0.07323241990553135,ROA_1003_model40000_std01,2555,2026-10-03_22-59-50,-0.019030161201953888,0.008359884843230247
-0.0009375624358654022,-0.00041760504245758057,-0.000615045428276062,-0.00013932585716247559,0.001200019499924199,-0.4769218862056732,0.39446818828582764,0.43487825989723206,-0.47094371914863586,0.8890473018209876,-0.0018822960555553436,-0.0014341436326503754,-0.0011919066309928894,-0.0006381422281265259,0.002718959187956153,-0.6756670475006104,0.15735624730587006,0.2652769684791565,-0.6449501514434814,0.8743837458640842,-0.016491711139678955,0.008616544306278229,-0.005923890508711338,-0.011661723256111145,-0.001733878394588828,-0.006794578395783901,-0.001658312976360321,-0.0010363757610321045,-0.0010054558515548706,-0.00045923516154289246,0.0022428278047193877,-0.7538720369338989,0.1669553965330124,0.2713119387626648,-0.5993982553482056,0.9109909527869392,51.126160702,True,-0.00022621825337409973,-0.00039367005228996277,-0.0001884065568447113,-0.0001739710569381714,0.0005170886736750681,0.07813982665538788,-0.009599141776561737,-0.006069428753107786,-0.04556681588292122,0.07872933793019299,ROA_1003_model40000_std01,2556,2026-10-03_22-59-50,-0.018061840906739235,0.006694237235933542
-0.0009497161954641342,-0.0004585832357406616,-0.0006518326699733734,-0.00014547258615493774,0.0012415886057904036,-0.4804003834724426,0.3898870050907135,0.4373290240764618,-0.4689777195453644,0.8889288166545992,-0.0019267667084932327,-0.0014674849808216095,-0.001244526356458664,-0.0006387010216712952,0.002788745049669876,-0.6789098978042603,0.15216831862926483,0.26626884937286377,-0.6459671854972839,0.8747565940054866,-0.014909865334630013,0.005825194995850325,-0.0053829895332455635,-0.014589931815862656,-0.0008042864501476288,-0.009112220257520676,-0.0017012935131788254,-0.001087365671992302,-0.0010421499609947205,-0.0004614703357219696,0.002313689481954539,-0.7674642205238342,0.15594111382961273,0.27254968881607056,-0.5951229929924011,0.9147091014131095,51.146154998,True,-0.0002259388566017151,-0.00037904828786849976,-0.00020004808902740479,-0.00017629936337471008,0.0005107444250088591,0.08854269236326218,-0.00376859656535089,-0.0062528993003070354,-0.05087721720337868,0.08876346634875959,ROA_1003_model40000_std01,2557,2026-10-03_22-59-50,-0.016454847529530525,0.003974305931478739
-0.0009730923920869827,-0.00045620836317539215,-0.0007431022822856903,-0.0001280568540096283,0.0013025129900579196,-0.48662301898002625,0.393989235162735,0.4369104206562042,-0.466716468334198,0.8927216380029238,-0.0019707949832081795,-0.0014984048902988434,-0.0013465061783790588,-0.0006341841071844101,0.0028763291565336506,-0.6848340630531311,0.15361373126506805,0.2644634544849396,-0.6473315358161926,0.8782627021590803,-0.01395045779645443,0.003455513622611761,-0.0042389389127492905,-0.01710136979818344,0.00028308137552812696,-0.011719688773155212,-0.0017424346879124641,-0.0011201947927474976,-0.0011332333087921143,-0.0004550907760858536,0.002396394548541279,-0.7784661650657654,0.15203164517879486,0.2717832028865814,-0.5938894748687744,0.9199170117147157,51.166154862000006,True,-0.00022277235984802246,-0.0003748806193470955,-0.00021159648895263672,-0.00017690472304821014,0.0005100063447900723,0.09364215284585953,0.0015709082363173366,-0.0073206606321036816,-0.053454652428627014,0.09418426188416401,ROA_1003_model40000_std01,2558,2026-10-03_22-59-50,-0.015094127506017685,0.0027260021306574345
-0.000929064117372036,-0.0004886183887720108,-0.0008076895028352737,-0.00011045485734939575,0.0013102652592311174,-0.4918053448200226,0.39417898654937744,0.4400317370891571,-0.4687812030315399,0.8981043453650477,-0.0019531231373548508,-0.00155717134475708,-0.0014380086213350296,-0.0006285030394792557,0.002929694796557979,-0.6893467903137207,0.1530866026878357,0.2672192454338074,-0.6509730219841003,0.8836121941921955,-0.013243893161416054,0.001792526338249445,-0.003314186120405793,-0.019282706081867218,0.001303604687564075,-0.013853361830115318,-0.001720222644507885,-0.0011711381375789642,-0.0012134667485952377,-0.00045048072934150696,0.002436352691768653,-0.7846639156341553,0.14530913531780243,0.2732863426208496,-0.5997451543807983,0.9239664307975479,51.186154758,True,-0.00023711472749710083,-0.0003828899934887886,-0.00022239983081817627,-0.00017727725207805634,0.0005263125377357086,0.09529664367437363,0.007803784217685461,-0.006037298124283552,-0.05126138776540756,0.09636397950414514,ROA_1003_model40000_std01,2559,2026-10-03_22-59-50,-0.014354361221194267,0.001759436447173357
-0.0009456416592001915,-0.00045855995267629623,-0.000879308208823204,-0.0001194886863231659,0.0013588071656843437,-0.4950924515724182,0.3966137170791626,0.4424508512020111,-0.4721381366252899,0.9038472911441666,-0.0020022736862301826,-0.0015496741980314255,-0.001538451761007309,-0.0006421003490686417,0.0030094002642400658,-0.6892538666725159,0.1608182191848755,0.2704113721847534,-0.6530107855796814,0.8897406005405702,-0.013017936609685421,0.00275925500318408,-0.002729351632297039,-0.019608592614531517,0.002224327763542533,-0.013769006356596947,-0.001764204353094101,-0.0011611264199018478,-0.0013002194464206696,-0.00047334469854831696,0.0025105870808222533,-0.7923035621643066,0.14331959187984467,0.27116015553474426,-0.6070685982704163,0.9295939452907765,51.20615651000001,True,-0.00024202745407819748,-0.00038885045796632767,-0.00023641623556613922,-0.00017024576663970947,0.0005344624498276532,0.10304851084947586,0.0174790620803833,-0.0007804482593201101,-0.045942604541778564,0.10493903459022019,ROA_1003_model40000_std01,2560,2026-10-03_22-59-50,-0.014306270517408848,0.003206621389836073
-0.0008598435670137405,-0.0004902016371488571,-0.0008969567716121674,-0.00011753290891647339,0.0013159627746590881,-0.4878372251987457,0.3921792209148407,0.44212859869003296,-0.47280964255332947,0.8981938558250848,-0.0018965685740113258,-0.0015463680028915405,-0.0015791039913892746,-0.0006341841071844101,0.002950874565901043,-0.6741925477981567,0.1673162877559662,0.2730693519115448,-0.6497097015380859,0.8845924830614778,-0.012681077234447002,0.003225675318390131,-0.0020425741095095873,-0.019073612987995148,0.0029703446198254824,-0.01333785429596901,-0.0016598263755440712,-0.0011846423149108887,-0.0013300217688083649,-0.00048670917749404907,0.002463146721586473,-0.7745772004127502,0.14220084249973297,0.26858410239219666,-0.6114500164985657,0.9168834393615848,51.226158870000006,True,-0.0002396758645772934,-0.0003591645509004593,-0.0002502463757991791,-0.00014854595065116882,0.0005096991138989931,0.1004272997379303,0.02513662725687027,0.0044782646000385284,-0.03827642649412155,0.10366216267757042,ROA_1003_model40000_std01,2561,2026-10-03_22-59-50,-0.014331046491861343,0.004030533600598574
-0.0008100876584649086,-0.0004855683073401451,-0.0009176786988973618,-0.00011706724762916565,0.0012939774095933306,-0.4865780770778656,0.3941207826137543,0.4432019591331482,-0.47626158595085144,0.9007380559070778,-0.0018040882423520088,-0.001493631862103939,-0.0016089528799057007,-0.0006222166121006012,0.0028745560246956855,-0.6654285788536072,0.17986935377120972,0.2773967385292053,-0.6489534378051758,0.8877790589033487,-0.012203420512378216,0.003616674803197384,-0.0012313909828662872,-0.018196819350123405,0.0035576859954744577,-0.01297229714691639,-0.001574377529323101,-0.0011625001206994057,-0.0013519544154405594,-0.0004888046532869339,0.002405324302541641,-0.7613398432731628,0.14459830522537231,0.2689231038093567,-0.6191716194152832,0.9116879946466093,51.246179022,True,-0.00023227185010910034,-0.00033050309866666794,-0.0002559274435043335,-0.0001344829797744751,0.00048439401587831887,0.09588873386383057,0.035278964787721634,0.008462928235530853,-0.029802320525050163,0.1022023569485164,ROA_1003_model40000_std01,2562,2026-10-03_22-59-50,-0.013835321180522442,0.005450636614114046
-0.0007372815161943436,-0.0005363952368497849,-0.0009247101843357086,-0.00010468065738677979,0.0012596832150230304,-0.4854220747947693,0.3939664363861084,0.4443633258342743,-0.4789963960647583,0.9020443685540303,-0.001686951145529747,-0.0014782417565584183,-0.0016165431588888168,-0.0005942303687334061,0.002783700909434891,-0.6583211421966553,0.18895137310028076,0.27986940741539,-0.649438202381134,0.8899104318564705,-0.012020152993500233,0.003680572845041752,-0.0009097264846786857,-0.017964253202080727,0.00381730729714036,-0.013009265065193176,-0.0014784513041377068,-0.001195492222905159,-0.0013624783605337143,-0.00048140063881874084,0.0023561858102075658,-0.7527458667755127,0.14401832222938538,0.26926442980766296,-0.6243586540222168,0.9077768543135112,51.266156742,True,-0.00020745210349559784,-0.00028263311833143234,-0.0002558808773756027,-0.00011194497346878052,0.0004337165757036143,0.0944167822599411,0.044940035790205,0.010603106580674648,-0.025109386071562767,0.10457401971772383,ROA_1003_model40000_std01,2563,2026-10-03_22-59-50,-0.013852507807314396,0.006049501243978739
-0.000738026574254036,-0.0005270820111036301,-0.0009634997695684433,-8.181668817996979e-05,0.0012786987350715579,-0.4859447777271271,0.39699786901474,0.4430627226829529,-0.480050653219223,0.90358720496672,-0.001653796061873436,-0.0014200340956449509,-0.001641223207116127,-0.0005570705980062485,0.0027368441401286812,-0.6548494100570679,0.19854864478111267,0.2787238657474518,-0.649438202381134,0.8920263399058985,-0.01081444974988699,0.004401419777423143,0.0005100669804960489,-0.017242489382624626,0.005176905542612076,-0.012542679905891418,-0.001471070572733879,-0.001193629577755928,-0.0013922341167926788,-0.0004668254405260086,0.002361034307871154,-0.7501698136329651,0.14391355216503143,0.26686862111091614,-0.628099262714386,0.9061393664660535,51.286157597000006,True,-0.0001819804310798645,-0.00022891908884048462,-0.00024884939193725586,-9.052455425262451e-05,0.0003798379739030702,0.09532877802848816,0.05462392792105675,0.011855735443532467,-0.021330079063773155,0.10987017703195832,ROA_1003_model40000_std01,2564,2026-10-03_22-59-50,-0.012514248490333557,0.006980794947594404
-0.0007321126759052277,-0.0005325302481651306,-0.0009922776371240616,-4.819594323635101e-05,0.0012884188648893734,-0.48609820008277893,0.3995387554168701,0.4410724937915802,-0.480953574180603,0.9042851339320184,-0.0016039703041315079,-0.001388275995850563,-0.0016621313989162445,-0.0005178153514862061,0.0026886985495038354,-0.6532668471336365,0.2040737271308899,0.27648359537124634,-0.6499956250190735,0.8929204706516212,-0.010335560888051987,0.005085755605250597,0.001479721162468195,-0.016545666381716728,0.006008577533066273,-0.012174483388662338,-0.0014425721019506454,-0.0011979136615991592,-0.001419195905327797,-0.0004443340003490448,0.0023504310456750636,-0.7462412714958191,0.14384277164936066,0.264320969581604,-0.6324755549430847,0.9038463507926263,51.306157557000006,True,-0.00015846453607082367,-0.00018849968910217285,-0.00024209730327129364,-7.092021405696869e-05,0.0003374847321809394,0.09291478991508484,0.06028776615858078,0.012144445441663265,-0.017519574612379074,0.11076196987618324,ROA_1003_model40000_std01,2565,2026-10-03_22-59-50,-0.011884424835443497,0.007827678695321083
-0.0007187481969594955,-0.0005523674190044403,-0.0010445713996887207,1.5087425708770752e-05,0.0013080998453745478,-0.4861159026622772,0.40207335352897644,0.4367334544658661,-0.47948768734931946,0.9025292215741406,-0.0015622004866600037,-0.0013801734894514084,-0.0017043203115463257,-0.0004537869244813919,0.002659741894497762,-0.6541613936424255,0.2069929540157318,0.2712872624397278,-0.6491746306419373,0.891613555477694,-0.009892626665532589,0.0068209669552743435,0.0027409764006733894,-0.01485213078558445,0.0069934166967868805,-0.010965278372168541,-0.0014189165085554123,-0.0012252014130353928,-0.0014654826372861862,-0.00038924627006053925,0.002352515171202515,-0.7445229887962341,0.14275451004505157,0.2590515613555908,-0.6332988739013672,0.8998186142217114,51.326159597,True,-0.00014095567166805267,-0.00015655532479286194,-0.00023902393877506256,-6.332993507385254e-05,0.0003117136505181324,0.09032990038394928,0.06423704326152802,0.012249684892594814,-0.015891622751951218,0.11084451447830715,ROA_1003_model40000_std01,2566,2026-10-03_22-59-50,-0.01133431401103735,0.009486399590969086
-0.0007242895662784576,-0.0005513429641723633,-0.0010288786143064499,1.3178214430809021e-05,0.0013002044640125841,-0.4839971363544464,0.4008011817932129,0.4340563714504242,-0.4771784543991089,0.8983180531368217,-0.0015486963093280792,-0.0013514421880245209,-0.0016813632100820541,-0.0004502478986978531,0.0026257939742790463,-0.6535220742225647,0.2057701200246811,0.2665584683418274,-0.6489418148994446,0.8881162321406371,-0.01020995806902647,0.008590137585997581,0.0026701237075030804,-0.01284867525100708,0.006760911084711552,-0.009219558909535408,-0.0014221295714378357,-0.0012303702533245087,-0.0014459248632192612,-0.0003889668732881546,0.002346336581468656,-0.7430621981620789,0.13956613838672638,0.2575646936893463,-0.6291595697402954,0.8952141503519639,51.346157573000006,True,-0.00012470409274101257,-0.00012209638953208923,-0.00023660250008106232,-6.170012056827545e-05,0.00029147758866261334,0.0895429328083992,0.06623007357120514,0.009033363312482834,-0.01976173184812069,0.11146869533181443,ROA_1003_model40000_std01,2567,2026-10-03_22-59-50,-0.011657086201012135,0.010729756206274033
-0.0007375143468379974,-0.0005484558641910553,-0.0010236632078886032,1.6437843441963196e-05,0.0013035709632174413,-0.48371121287345886,0.4014558792114258,0.4322584569454193,-0.4763183891773224,0.8971353692870601,-0.0015271827578544617,-0.0012990087270736694,-0.0016555655747652054,-0.0004280358552932739,0.002569932523509657,-0.6558894515037537,0.20606255531311035,0.2637495994567871,-0.6480184197425842,0.8875307083584272,-0.010581735521554947,0.009686814621090889,0.002434251829981804,-0.01087510958313942,0.006165471859276295,-0.007707647979259491,-0.0014242716133594513,-0.0012151896953582764,-0.001425761729478836,-0.00037420541048049927,0.002326407503021011,-0.742652416229248,0.13990233838558197,0.25772255659103394,-0.6265085935592651,0.8942306222293791,51.36615839700001,True,-0.00010309740900993347,-8.614733815193176e-05,-0.0002284068614244461,-5.4016709327697754e-05,0.00026515491600531644,0.08675269037485123,0.06616022437810898,0.0060349698178470135,-0.021518206223845482,0.10942491657284263,ROA_1003_model40000_std01,2568,2026-10-03_22-59-50,-0.01194615475833416,0.011466346681118011
-0.0006953254342079163,-0.0006184913218021393,-0.0010044779628515244,3.180466592311859e-05,0.0012730173915744384,-0.47889721393585205,0.3982446789741516,0.4268116056919098,-0.473130464553833,0.8887663076278043,-0.0014310702681541443,-0.0012998469173908234,-0.0016098376363515854,-0.0003797002136707306,0.002465460090399497,-0.6541646718978882,0.20159965753555298,0.2575390934944153,-0.6448607444763184,0.8797311579723964,-0.009753641672432423,0.008976155892014503,0.003162377281114459,-0.00959765538573265,0.006138653494417667,-0.007326958701014519,-0.001348927617073059,-0.0012549571692943573,-0.0013871584087610245,-0.000341096892952919,0.0022614976024074914,-0.7324469685554504,0.13901013135910034,0.25467294454574585,-0.6213155388832092,0.8838812200146047,51.386160149000006,True,-8.186325430870056e-05,-4.433095455169678e-05,-0.0002212822437286377,-3.8975849747657776e-05,0.00024166425496911377,0.07827486842870712,0.06262212991714478,0.0028409992810338736,-0.023529862985014915,0.10104805000832234,ROA_1003_model40000_std01,2569,2026-10-03_22-59-50,-0.011022504419088364,0.011098844930529594
-0.0006829388439655304,-0.000642240047454834,-0.0010147690773010254,6.91041350364685e-05,0.0012688580676890229,-0.47201380133628845,0.39234381914138794,0.41894567012786865,-0.46785685420036316,0.8757735925480041,-0.0013737007975578308,-0.0012633390724658966,-0.001589721068739891,-0.00031404197216033936,0.0023812506016997453,-0.6489874720573425,0.1970827430486679,0.2513420581817627,-0.6370530128479004,0.86788409450531,-0.007842744700610638,0.009137401357293129,0.004508457146584988,-0.008345901034772396,0.007119166664779186,-0.006382627412676811,-0.0013173557817935944,-0.0012673437595367432,-0.0013898126780986786,-0.00029546208679676056,0.0022321723766673797,-0.724716067314148,0.13314466178417206,0.24612106382846832,-0.6154710054397583,0.8698132294248303,51.406167341,True,-5.681067705154419e-05,8.940696716308594e-06,-0.0002012588083744049,-2.0582228899002075e-05,0.00020984754338121783,0.07569417357444763,0.06394926458597183,0.005222856532782316,-0.021578742191195488,0.0996088935298461,ROA_1003_model40000_std01,2570,2026-10-03_22-59-50,-0.009021073579788208,0.011043408885598183
-0.0005942769348621368,-0.0007518567144870758,-0.0010745134204626083,0.00016060657799243927,0.0012583811342719471,-0.46647709608078003,0.3863554298877716,0.412948876619339,-0.46308523416519165,0.8646270779198005,-0.0012734904885292053,-0.0013527460396289825,-0.0016372650861740112,-0.00021648593246936798,0.0023441214000581865,-0.6467373967170715,0.18826591968536377,0.2445918321609497,-0.6331554055213928,0.857101195262133,-0.0067004309967160225,0.008801857009530067,0.005447475239634514,-0.008914021775126457,0.008168446831405163,-0.006572133395820856,-0.0012312084436416626,-0.0013804063200950623,-0.0014550983905792236,-0.0002087559551000595,0.0022280579635223464,-0.7162559628486633,0.12699328362941742,0.23985512554645538,-0.6121256947517395,0.8572541984502511,51.426164101000005,True,-4.0978193283081055e-05,2.9336661100387573e-05,-0.00018067657947540283,-6.193295121192932e-06,0.0001852658783941865,0.06947945803403854,0.06127915903925896,0.004718545824289322,-0.02105533890426159,0.09324741951594388,ROA_1003_model40000_std01,2571,2026-10-03_22-59-50,-0.007999870926141739,0.010108944028615952
-0.0006011687219142914,-0.0007526017725467682,-0.001100962981581688,0.0001948326826095581,0.0012762397434439555,-0.46373435854911804,0.3834720551967621,0.4095248579978943,-0.46186426281929016,0.8594821604368975,-0.0013023614883422852,-0.0013603828847408295,-0.001655425876379013,-0.00018337741494178772,0.0023657308362527046,-0.6447731852531433,0.18507054448127747,0.24298763275146484,-0.6298734545707703,0.8521395921711736,-0.005672244355082512,0.009979158639907837,0.006478751078248024,-0.007919282652437687,0.009226279333233833,-0.005417540669441223,-0.0012580305337905884,-0.0014097429811954498,-0.0014852732419967651,-0.00018486753106117249,0.002266198245671913,-0.7186978459358215,0.12157577276229858,0.2356511354446411,-0.6115496754646301,0.854039975394619,51.446161372000006,True,-4.423782229423523e-05,4.9173831939697266e-05,-0.00017099082469940186,2.7939677238464355e-07,0.00017710330032030057,0.0738995149731636,0.0635078176856041,0.007349065970629454,-0.01832609996199608,0.09765505804500214,ROA_1003_model40000_std01,2572,2026-10-03_22-59-50,-0.006935647688806057,0.01045483723282814
-0.000535137951374054,-0.0007894821465015411,-0.0011368654668331146,0.00025490298867225647,0.0012641936649978051,-0.46115273237228394,0.3835214078426361,0.4076678156852722,-0.46103817224502563,0.8568481019602018,-0.0012500211596488953,-0.001428462564945221,-0.0016911886632442474,-0.00014086253941059113,0.002363219832945806,-0.6426069736480713,0.18411408364772797,0.24212709069252014,-0.6276313066482544,0.8490332589323234,-0.0071502989158034325,0.010553138330578804,0.0058837393298745155,-0.007340419106185436,0.008351359516382217,-0.0051538231782615185,-0.0011861324310302734,-0.001454818993806839,-0.0015257857739925385,-0.00013532117009162903,0.0022418853086912556,-0.7114260792732239,0.12483726441860199,0.23593519628047943,-0.6120572686195374,0.8511726041525389,51.46616162,True,-6.0535967350006104e-05,2.2817403078079224e-05,-0.00016526319086551666,-5.820766091346741e-06,0.00017601790829506686,0.06881821900606155,0.05927867814898491,0.0061527821235358715,-0.0156378373503685,0.09100334894991259,ROA_1003_model40000_std01,2573,2026-10-03_22-59-50,-0.008298833854496479,0.010992968454957008
-0.0005402602255344391,-0.0007720664143562317,-0.0011106953024864197,0.00023925676941871643,0.0012454117388002194,-0.45774129033088684,0.3815162777900696,0.406835675239563,-0.46026331186294556,0.8533548444432556,-0.00126715749502182,-0.0014268793165683746,-0.0016650650650262833,-0.00015720725059509277,0.002364638538749625,-0.6405524611473083,0.18118973076343536,0.24188774824142456,-0.6256848573684692,0.8455149598160109,-0.008105916902422905,0.011478852480649948,0.004879044368863106,-0.006237494759261608,0.007285009138286114,-0.004056727048009634,-0.0011892057955265045,-0.0014250166714191437,-0.0014979392290115356,-0.00014062970876693726,0.002218590435707167,-0.7070470452308655,0.12637674808502197,0.23705556988716125,-0.6097326874732971,0.848829223457729,51.486159660000006,True,-8.25151801109314e-05,-3.166496753692627e-06,-0.00016586855053901672,-1.816079020500183e-05,0.00018610109766568575,0.06647221744060516,0.054830681532621384,0.004854518920183182,-0.015944242477416992,0.08641337326488846,ROA_1003_model40000_std01,2574,2026-10-03_22-59-50,-0.009297332726418972,0.011439712718129158
-0.0005676411092281342,-0.0007402151823043823,-0.0010989140719175339,0.00022463500499725342,0.0012494136480851105,-0.4585385024547577,0.38139334321022034,0.4080170691013336,-0.46058323979377747,0.8544601598635316,-0.001304876059293747,-0.001403316855430603,-0.0016516540199518204,-0.00016582198441028595,0.0023759650580051847,-0.640821635723114,0.18217693269252777,0.24355573952198029,-0.6250133514404297,0.8466741364340172,-0.009967165999114513,0.012566432356834412,0.0030279061757028103,-0.0052538104355335236,0.005486190319061279,-0.0029548723250627518,-0.0012177973985671997,-0.0013872049748897552,-0.0014833174645900726,-0.0001428648829460144,0.0022146204159973768,-0.710559070110321,0.1286771148443222,0.23978155851364136,-0.6069172620773315,0.8524552355383848,51.506159748,True,-9.285286068916321e-05,-1.3317912817001343e-05,-0.00016624107956886292,-2.3748725652694702e-05,0.00019235154517400563,0.06974302232265472,0.05352310463786125,0.0037676652427762747,-0.01810118556022644,0.08829322470290292,ROA_1003_model40000_std01,2575,2026-10-03_22-59-50,-0.011218488216400146,0.0119541697204113
-0.0005729496479034424,-0.0007363036274909973,-0.0010884366929531097,0.0002253800630569458,0.0012432549121912623,-0.4568668007850647,0.3797067105770111,0.40804779529571533,-0.46105074882507324,0.8530602917562973,-0.0012983568012714386,-0.001379009336233139,-0.0016351230442523956,-0.00015157274901866913,0.0023486477005738035,-0.6389217376708984,0.18151475489139557,0.24419742822647095,-0.6243288516998291,0.8453835087812012,-0.01115360762923956,0.012973792850971222,0.0016546687111258507,-0.004336658399552107,0.0040222881361842155,-0.0021058579441159964,-0.0012102536857128143,-0.0013629905879497528,-0.0014682766050100327,-0.00013308599591255188,0.0021883553736332904,-0.7086191177368164,0.13092997670173645,0.239988312125206,-0.6055882573127747,0.8518433290200115,51.526163260000004,True,-8.968636393547058e-05,-1.4435499906539917e-05,-0.00016582198441028595,-2.2631138563156128e-05,0.00019041394853160854,0.06970949470996857,0.050622034817934036,0.0042049214243888855,-0.018736347556114197,0.08650074279133074,ROA_1003_model40000_std01,2576,2026-10-03_22-59-50,-0.012519476935267448,0.011899970471858978
-0.0005702488124370575,-0.0007422640919685364,-0.0010884366929531097,0.00022989697754383087,0.0012416935583515207,-0.4549790024757385,0.3793574571609497,0.40616559982299805,-0.46023863554000854,0.8505754225610364,-0.0012840144336223602,-0.0013714656233787537,-0.0016247853636741638,-0.0001316424459218979,0.0023241790650944537,-0.6370320320129395,0.18121673166751862,0.24341557919979095,-0.6217471957206726,0.8426111455077071,-0.011582590639591217,0.01258961483836174,0.0008866462740115821,-0.003941025119274855,0.0030581431929022074,-0.0019290426280349493,-0.001196935772895813,-0.0013606622815132141,-0.0014638528227806091,-0.0001232139766216278,0.002172946005638886,-0.7059397101402283,0.13283546268939972,0.23759573698043823,-0.6040189862251282,0.849168839511995,51.546165812000005,True,-8.754432201385498e-05,-1.6763806343078613e-05,-0.0001594889909029007,-7.497146725654602e-06,0.00018252624091182255,0.0688694417476654,0.048391517251729965,0.005835201125591993,-0.01774262636899948,0.08435381468391241,ROA_1003_model40000_std01,2577,2026-10-03_22-59-50,-0.012974356301128864,0.011406660079956055
-0.0005426816642284393,-0.0007635913789272308,-0.0011065974831581116,0.0002580229192972183,0.0012400637587636403,-0.4514409005641937,0.37654954195022583,0.4048216938972473,-0.45985400676727295,0.8465749442806486,-0.001246575266122818,-0.0013762153685092926,-0.001632142812013626,-9.229406714439392e-05,0.002292656065395951,-0.6338571906089783,0.17858947813510895,0.24205398559570312,-0.6211767792701721,0.8387360641307658,-0.010654866695404053,0.01238192431628704,0.0014795820461586118,-0.0040627457201480865,0.0037255205679684877,-0.0018640760099515319,-0.0011628493666648865,-0.0013692304491996765,-0.001483876258134842,-9.44826751947403e-05,0.002154562010052769,-0.7015932202339172,0.13338308036327362,0.23504765331745148,-0.6031011939048767,0.8450089085021477,51.566162860000006,True,-8.204951882362366e-05,-6.51925802230835e-06,-0.00014640390872955322,1.210719347000122e-06,0.00016784151966032265,0.06771180778741837,0.0451747290790081,0.006994697730988264,-0.01811748370528221,0.08151452140303321,ROA_1003_model40000_std01,2578,2026-10-03_22-59-50,-0.012304714880883694,0.010656220838427544
-0.0005567446351051331,-0.0007457099854946136,-0.0011213123798370361,0.00027385540306568146,0.0012568308867327359,-0.4515405595302582,0.3780517578125,0.4035918712615967,-0.4597119688987732,0.8466483555600397,-0.0012705102562904358,-0.0013713724911212921,-0.0016451813280582428,-7.869675755500793e-05,0.0023100838115096976,-0.6335945725440979,0.1796027570962906,0.2419203370809555,-0.6201863288879395,0.838532472963631,-0.010401363484561443,0.012556027621030807,0.0018487314227968454,-0.004010973963886499,0.00407336326315999,-0.0018276796909049153,-0.0011826865375041962,-0.001363363116979599,-0.0014994293451309204,-8.475035429000854e-05,0.002170415988433439,-0.7028002142906189,0.13557541370391846,0.2334606796503067,-0.6030932664871216,0.8459126460439155,51.586165764,True,-8.335337042808533e-05,-6.332993507385254e-06,-0.00014174729585647583,7.1711838245391846e-06,0.00016446560970307886,0.06923824548721313,0.044080425053834915,0.008465256541967392,-0.01708604395389557,0.08210598918719146,ROA_1003_model40000_std01,2579,2026-10-03_22-59-50,-0.012081571854650974,0.010734610259532928
-0.0005049630999565125,-0.0007884576916694641,-0.0011089257895946503,0.0002832617610692978,0.0012221382326431229,-0.4483954906463623,0.3745788633823395,0.40396299958229065,-0.460243284702301,0.8438728898913266,-0.0012161210179328918,-0.001406203955411911,-0.001637730747461319,-7.301568984985352e-05,0.0022806294632968793,-0.6306310892105103,0.17497314512729645,0.24276505410671234,-0.6209527850151062,0.8356343998776229,-0.0109013756737113,0.011664384976029396,0.0012012198567390442,-0.004740393720567226,0.0034789154306054115,-0.0024485227186232805,-0.0011264346539974213,-0.0013970769941806793,-0.0014955177903175354,-7.604248821735382e-05,0.0021419529695982987,-0.695995032787323,0.1334957778453827,0.23403902351856232,-0.6051473021507263,0.8418087357337926,51.606166651,True,-8.69855284690857e-05,-1.257285475730896e-05,-0.00013969838619232178,6.51925802230835e-06,0.00016457024642941955,0.0653434544801712,0.04150904342532158,0.008709263056516647,-0.015813391655683517,0.07742165373377997,ROA_1003_model40000_std01,2580,2026-10-03_22-59-50,-0.012614515610039234,0.010017655789852142
-0.0005461275577545166,-0.0007484108209609985,-0.00110529363155365,0.0002746470272541046,0.0012378458055129064,-0.4487978219985962,0.3773765563964844,0.4027676582336426,-0.4601441025733948,0.844761611192703,-0.0012565404176712036,-0.0013712793588638306,-0.0016278121620416641,-7.436610758304596e-05,0.0022895401614425365,-0.6299707889556885,0.1784004122018814,0.24342116713523865,-0.6192098259925842,0.8364152379345763,-0.011071360670030117,0.011612795293331146,0.0009694091277197003,-0.004875499755144119,0.00323464791290462,-0.0025631734170019627,-0.001165829598903656,-0.001363549381494522,-0.0014852266758680344,-8.568167686462402e-05,0.0021520449919998595,-0.6984127163887024,0.13730022311210632,0.23260711133480072,-0.6038742065429688,0.8437833845200858,51.626163155,True,-9.192153811454773e-05,-9.220093488693237e-06,-0.0001391395926475525,9.266659617424011e-06,0.00016678266349704564,0.06840098649263382,0.04109926149249077,0.010820570401847363,-0.015364027582108974,0.079811074560569,ROA_1003_model40000_std01,2581,2026-10-03_22-59-50,-0.012814473360776901,0.01005563884973526
-0.0004645437002182007,-0.0008098781108856201,-0.0010987278074026108,0.0002934131771326065,0.001194669120097213,-0.4430273473262787,0.3732377588748932,0.40199652314186096,-0.45958763360977173,0.8392420771722519,-0.0011642463505268097,-0.0014343298971652985,-0.0016191508620977402,-5.94649463891983e-05,0.002242393194367391,-0.6237280964851379,0.17378850281238556,0.24328751862049103,-0.6186310052871704,0.8307043386748056,-0.011599725112318993,0.010548820719122887,0.00041178148239851,-0.005684460047632456,0.002668620552867651,-0.0033692484721541405,-0.001074373722076416,-0.0014076940715312958,-0.001484667882323265,-6.491318345069885e-05,0.002102670576633702,-0.6880629658699036,0.13753491640090942,0.23092328011989594,-0.6036418080329895,0.8365410405578264,51.646166507000004,True,-8.903443813323975e-05,-2.3562461137771606e-05,-0.00013629905879497528,4.842877388000488e-06,0.00016304618173136563,0.06430968642234802,0.036218203604221344,0.012387986294925213,-0.015025957487523556,0.07389206978103612,ROA_1003_model40000_std01,2582,2026-10-03_22-59-50,-0.013590427115559578,0.008999183773994446
-0.0004832632839679718,-0.0008126720786094666,-0.0011004041880369186,0.0003139488399028778,0.0012031942941096523,-0.4463679790496826,0.3764796853065491,0.404238224029541,-0.45667633414268494,0.8421284028411966,-0.0011929310858249664,-0.0014495104551315308,-0.0016040168702602386,-3.9068982005119324e-05,0.0022529579059087424,-0.6280950903892517,0.17386114597320557,0.24524609744548798,-0.6177951097488403,0.8335836816392469,-0.012234803289175034,0.011048154905438423,-8.247600635513663e-05,-0.005564665421843529,0.0022379758302122355,-0.0031528878025710583,-0.0011014752089977264,-0.0014213845133781433,-0.0014705117791891098,-3.087334334850311e-05,0.00210856067249306,-0.6963750123977661,0.13838522136211395,0.23720085620880127,-0.5950638651847839,0.8421119675485413,51.666169955,True,-8.950009942054749e-05,-2.430751919746399e-05,-0.0001339241862297058,-7.2177499532699585e-06,0.00016226618151354234,0.06827153265476227,0.03543868660926819,0.008081551641225815,-0.022751742973923683,0.0770001501126362,ROA_1003_model40000_std01,2583,2026-10-03_22-59-50,-0.013942920602858067,0.009559668600559235
-0.00043138861656188965,-0.000855419784784317,-0.0011135358363389969,0.0003598164767026901,0.0011949167853612657,-0.4444839358329773,0.37791672348976135,0.40377068519592285,-0.4552369713783264,0.8409268299127981,-0.0011349096894264221,-0.001495610922574997,-0.0016076955944299698,7.1711838245391846e-06,0.002220042398169155,-0.6261011362075806,0.1732129454612732,0.24522653222084045,-0.6168251633644104,0.8317765100306361,-0.011928883381187916,0.009479327127337456,0.0001495575997978449,-0.007118782494217157,0.0024901675060391426,-0.004663462750613689,-0.0010357238352298737,-0.001450907438993454,-0.0014760065823793411,2.2351741790771484e-05,0.002062986482311714,-0.691796600818634,0.14603044092655182,0.23822765052318573,-0.5915648937225342,0.8418922095365498,51.686161467000005,True,-9.508803486824036e-05,-4.284083843231201e-05,-0.0001291278749704361,-1.3550743460655212e-05,0.00016452811058085087,0.06571784615516663,0.027186235412955284,0.00704079819843173,-0.025288665667176247,0.07120016250883153,ROA_1003_model40000_std01,2584,2026-10-03_22-59-50,-0.013758166693150997,0.007935820147395134
-0.0004052184522151947,-0.0008613802492618561,-0.0011440366506576538,0.0004202127456665039,0.001225850851882681,-0.443869024515152,0.38313329219818115,0.4030275046825409,-0.456474244594574,0.8434124409198294,-0.0010940246284008026,-0.0015047378838062286,-0.0016302336007356644,6.69620931148529e-05,0.0021888721035937513,-0.624845027923584,0.17722812294960022,0.2461732178926468,-0.6163278222084045,0.8332866335065214,-0.011257455684244633,0.007846999913454056,0.0006941783940419555,-0.008829087018966675,0.0030484795570373535,-0.006329219788312912,-0.0009979121387004852,-0.0014468096196651459,-0.0015132129192352295,7.497146725654602e-05,0.0020368941583106806,-0.6875481605529785,0.15933741629123688,0.23676453530788422,-0.593795895576477,0.8453634998839448,51.706163027,True,-9.667128324508667e-05,-6.211921572685242e-05,-0.00011837109923362732,-8.475035429000854e-06,0.00016006705124242072,0.06263958662748337,0.01787487417459488,0.009417533874511719,-0.022542661055922508,0.06521342029684976,ROA_1003_model40000_std01,2585,2026-10-03_22-59-50,-0.013408110477030277,0.006121105048805475
-0.0003885943442583084,-0.0008557457476854324,-0.0010938849300146103,0.0004229135811328888,0.0011761885400911223,-0.4434143006801605,0.3866725564002991,0.40591877698898315,-0.46011850237846375,0.8482525501804525,-0.0010672025382518768,-0.0015061814337968826,-0.001569977030158043,6.807968020439148e-05,0.0021400616478060483,-0.6219597458839417,0.18154828250408173,0.2514398396015167,-0.6174514889717102,0.8371959435953287,-0.010297590866684914,0.007270958740264177,0.0017998027615249157,-0.009332839399576187,0.00409157807007432,-0.00689716637134552,-0.000967690721154213,-0.0014246441423892975,-0.0014652963727712631,7.627531886100769e-05,0.0019825320017277,-0.6831085681915283,0.17145787179470062,0.24061881005764008,-0.5967048406600952,0.8513592654346709,51.726163499,True,-9.899958968162537e-05,-8.4657222032547e-05,-0.00010575167834758759,-8.42846930027008e-06,0.0001601658888537068,0.06114504858851433,0.010083894245326519,0.010850838385522366,-0.020793171599507332,0.062464730355767585,ROA_1003_model40000_std01,2586,2026-10-03_22-59-50,-0.012857889756560326,0.005299134645611048
-0.00044191256165504456,-0.0007917173206806183,-0.0010130926966667175,0.00039283186197280884,0.001107626105626545,-0.4466187357902527,0.3938882052898407,0.41037750244140625,-0.46593692898750305,0.858601155345513,-0.0011310447007417679,-0.0014637596905231476,-0.0014913734048604965,2.60770320892334e-05,0.0021394567495746225,-0.6243174076080322,0.18780049681663513,0.25720149278640747,-0.6218594312667847,0.8465583152982058,-0.008664426393806934,0.007701506372541189,0.003574203234165907,-0.009020554833114147,0.005831205286085606,-0.006616278551518917,-0.0010269228368997574,-0.001352839171886444,-0.0013906974345445633,4.079192876815796e-05,0.0019654177962403208,-0.6846405863761902,0.18752901256084442,0.24600698053836823,-0.6011524200439453,0.8643118941445792,51.746166851000005,True,-0.00010295771062374115,-0.000112876296043396,-0.00010114163160324097,-1.3830140233039856e-05,0.0001746053798879341,0.060243528336286545,0.0002561137080192566,0.011204740963876247,-0.02071959711611271,0.06139131997667785,ROA_1003_model40000_std01,2587,2026-10-03_22-59-50,-0.011341462843120098,0.00546666095033288
-0.0005077570676803589,-0.0007227063179016113,-0.0009384471923112869,0.00034710392355918884,0.0010685993804286761,-0.45105788111686707,0.40142911672592163,0.41581642627716064,-0.4718010127544403,0.8702398924469668,-0.0012100674211978912,-0.0014152377843856812,-0.0014151446521282196,-3.0314549803733826e-05,0.0021533969074117943,-0.6286433935165405,0.19335070252418518,0.2635856866836548,-0.6271642446517944,0.8573544719760283,-0.007909934967756271,0.007918767631053925,0.004787042737007141,-0.009057708084583282,0.006973356008529663,-0.006750047672539949,-0.0010913237929344177,-0.0012685544788837433,-0.0013163313269615173,-7.35744833946228e-06,0.0019513427116698446,-0.6894503831863403,0.2019924521446228,0.2520992159843445,-0.6055403351783752,0.8788695295139182,51.766164890000006,True,-0.00011734664440155029,-0.00014239922165870667,-9.98377799987793e-05,-2.2724270820617676e-05,0.00020322814747831728,0.060799527913331985,-0.008665956556797028,0.011486931703984737,-0.021665820851922035,0.06326580145459497,ROA_1003_model40000_std01,2588,2026-10-03_22-59-50,-0.010285616852343082,0.005696047563105822
-0.0005673617124557495,-0.0006600748747587204,-0.0009039882570505142,0.0003057066351175308,0.0010744756217157699,-0.45699554681777954,0.4066142439842224,0.42121902108192444,-0.47252556681632996,0.878807382696974,-0.0012998469173908234,-0.0013770069926977158,-0.0013811979442834854,-8.326023817062378e-05,0.002198853805399701,-0.6351221799850464,0.19679753482341766,0.26860180497169495,-0.6300685405731201,0.8663267194460248,-0.008920698426663876,0.007685651537030935,0.003988617565482855,-0.009558617137372494,0.006157091818749905,-0.007252451963722706,-0.001166015863418579,-0.0012119300663471222,-0.0012691598385572433,-2.9942020773887634e-05,0.001963074326723884,-0.6996646523475647,0.20796968042850494,0.2621500492095947,-0.5992618203163147,0.8903887956939974,51.786167122,True,-0.00013224780559539795,-0.00016940757632255554,-0.00011087395250797272,-5.359761416912079e-05,0.00024297642810155458,0.06454391032457352,-0.011172144673764706,0.006471294444054365,-0.030830034986138344,0.06677061003479941,ROA_1003_model40000_std01,2589,2026-10-03_22-59-50,-0.01090790145099163,0.005460730288177729
-0.0005988404154777527,-0.0006203539669513702,-0.0009038485586643219,0.0002688262611627579,0.001094462741171113,-0.4636249244213104,0.41004499793052673,0.42684048414230347,-0.47352907061576843,0.8871242855509003,-0.0013614539057016373,-0.0013554003089666367,-0.0013850163668394089,-0.00013494864106178284,0.0022495305560824475,-0.6428374648094177,0.1976112723350525,0.2731177806854248,-0.6344234347343445,0.8751475091018254,-0.010691535659134388,0.007158268708735704,0.0024104760959744453,-0.010311918333172798,0.004570655524730682,-0.00799844041466713,-0.001208670437335968,-0.0011632218956947327,-0.0012574251741170883,-4.852190613746643e-05,0.0019725093642419395,-0.7086761593818665,0.21001416444778442,0.272249311208725,-0.5951249003410339,0.9003684131969183,51.806165130000004,True,-0.00015064142644405365,-0.0001923181116580963,-0.00012558884918689728,-8.78702849149704e-05,0.0002858576190128349,0.06584403663873672,-0.012389848940074444,0.0008679925813339651,-0.039289701730012894,0.06772160947902142,ROA_1003_model40000_std01,2590,2026-10-03_22-59-50,-0.012167162261903286,0.0051906597800552845
-0.0006488058716058731,-0.0005693640559911728,-0.0008495990186929703,0.0001973472535610199,0.0010917309759033138,-0.4684058725833893,0.41333863139152527,0.43217045068740845,-0.47726646065711975,0.8957076642821876,-0.0014286953955888748,-0.001329369843006134,-0.0013374723494052887,-0.00022477470338344574,0.0022897446605366144,-0.649939239025116,0.19646760821342468,0.2776542603969574,-0.6393706202507019,0.8830515504589197,-0.01263055857270956,0.006465826649218798,0.00045763677917420864,-0.011119960807263851,0.002661266131326556,-0.008737444877624512,-0.001257704570889473,-0.0010981690138578415,-0.0012036878615617752,-0.00011492520570755005,0.001973299893799779,-0.7121096849441528,0.21460558474063873,0.2787485718727112,-0.5987588763237,0.909322561411098,51.826165154,True,-0.00017043203115463257,-0.00022919848561286926,-0.00013336539268493652,-0.00010435469448566437,0.0003297772126781404,0.06216996908187866,-0.01815473660826683,-0.0011045485734939575,-0.040657348930835724,0.06603268225246656,ROA_1003_model40000_std01,2591,2026-10-03_22-59-50,-0.013845362700521946,0.004595997277647257
-0.0007049646228551865,-0.0005391892045736313,-0.0007896684110164642,0.00010873191058635712,0.0011024511590489415,-0.4714107811450958,0.41286924481391907,0.4380987882614136,-0.4800320267677307,0.9013944800691935,-0.0015029683709144592,-0.0013200100511312485,-0.0012760981917381287,-0.00032493844628334045,0.002339658474600361,-0.6555448770523071,0.19208388030529022,0.28195837140083313,-0.645817220211029,0.8893019527983057,-0.014636334031820297,0.006511107552796602,-0.0018419655971229076,-0.011154595762491226,0.000484117103042081,-0.008575058542191982,-0.0013251788914203644,-0.0010685529559850693,-0.0011339318007230759,-0.00019073486328125,0.001997400986382483,-0.7187868356704712,0.2107824981212616,0.28866294026374817,-0.5971574783325195,0.9161445639024163,51.846163674,True,-0.00017508864402770996,-0.000249641016125679,-0.00014421530067920685,-0.00013546086847782135,0.0003619007714906234,0.06320280581712723,-0.018693041056394577,-0.006695277523249388,-0.04868721216917038,0.06678317409809381,ROA_1003_model40000_std01,2592,2026-10-03_22-59-50,-0.01572864130139351,0.004273294936865568
-0.000806199386715889,-0.0004793517291545868,-0.0007119029760360718,8.568167686462402e-06,0.001137038818280215,-0.4740198850631714,0.4081558287143707,0.4437197744846344,-0.48188677430152893,0.9042399626971882,-0.001626182347536087,-0.001273350790143013,-0.0011999160051345825,-0.0004332512617111206,0.0024033363769513675,-0.661421537399292,0.18348032236099243,0.2855108976364136,-0.6505399346351624,0.8925201827323144,-0.014838023111224174,0.00685220817103982,-0.0031817632261663675,-0.010831166058778763,-0.00044810876715928316,-0.007619807962328196,-0.0014475081115961075,-0.0010123010724782944,-0.0010505318641662598,-0.00027585774660110474,0.0020480699058079478,-0.729064404964447,0.2029668390750885,0.2953326106071472,-0.5948934555053711,0.9216112912075407,51.866165426,True,-0.0001757405698299408,-0.000262213870882988,-0.00014994293451309204,-0.00015636906027793884,0.00038159249472921776,0.06761681288480759,-0.01949770376086235,-0.009804031811654568,-0.05567026883363724,0.07105298717193755,ROA_1003_model40000_std01,2593,2026-10-03_22-59-50,-0.016098596155643463,0.0038502714596688747
-0.0009134877473115921,-0.00041299499571323395,-0.0006669666618108749,-8.25151801109314e-05,0.0011952648528763112,-0.4779123365879059,0.40660610795021057,0.44623246788978577,-0.48195475339889526,0.9067664244759124,-0.0017529353499412537,-0.0012244097888469696,-0.0011626631021499634,-0.0005343463271856308,0.002484120562113053,-0.6688786149024963,0.17601948976516724,0.28640076518058777,-0.6528421640396118,0.8945100807694983,-0.014287429861724377,0.006501657422631979,-0.0031451277900487185,-0.010941566899418831,-0.0003045598277822137,-0.007600641809403896,-0.001571793109178543,-0.0009552575647830963,-0.0010080169886350632,-0.00036545097827911377,0.002121121409166964,-0.7397974729537964,0.19768112897872925,0.29639387130737305,-0.5936678051948547,0.9261729872041332,51.886166954000004,True,-0.0001809094101190567,-0.00026761554181575775,-0.0001548323780298233,-0.00016707926988601685,0.0003942415810085824,0.07087597250938416,-0.02168956957757473,-0.010024289600551128,-0.05921255424618721,0.07519716304403226,ROA_1003_model40000_std01,2594,2026-10-03_22-59-50,-0.015501607209444046,0.0031345481984317303
-0.000980263575911522,-0.0003814231604337692,-0.0006366521120071411,-0.00015762634575366974,0.0012375294195504597,-0.4805507957935333,0.402553915977478,0.44912096858024597,-0.48178014159202576,0.9075663684097782,-0.0018351711332798004,-0.0012328382581472397,-0.0011454802006483078,-0.0006262678653001785,0.00256545891507677,-0.6758472323417664,0.16560404002666473,0.2874126434326172,-0.6547807455062866,0.8948489512767208,-0.014041936956346035,0.0063677155412733555,-0.0031797413248568773,-0.011283298023045063,-0.00017253123223781586,-0.007703850977122784,-0.00165523961186409,-0.0009412411600351334,-0.0009861774742603302,-0.00044191256165504456,0.002187577628279045,-0.7458333373069763,0.18638278543949127,0.29822948575019836,-0.5947453379631042,0.9264274778519159,51.906169338000005,True,-0.00017969869077205658,-0.00029080547392368317,-0.00015599653124809265,-0.00018295831978321075,0.0004168582065677036,0.07001543045043945,-0.02074427716434002,-0.010788905434310436,-0.060041896998882294,0.0739586579814735,ROA_1003_model40000_std01,2595,2026-10-03_22-59-50,-0.014940155670046806,0.003162435721606016
-0.0010690651834011078,-0.00031013041734695435,-0.0006500165909528732,-0.00023692846298217773,0.0013100306557108218,-0.48438316583633423,0.4021604359149933,0.44781991839408875,-0.4791519343852997,0.9073063945477747,-0.0019616447389125824,-0.0012351665645837784,-0.00116787850856781,-0.0007329043000936508,0.0026971785713042606,-0.6821956038475037,0.1591467261314392,0.284537672996521,-0.6530857086181641,0.892897093981121,-0.013590587303042412,0.005605056416243315,-0.0027721314691007137,-0.012171976268291473,0.00026866019470617175,-0.008577101863920689,-0.0017649959772825241,-0.0009127426892518997,-0.0010068528354167938,-0.0005420763045549393,0.002292517830882397,-0.7560215592384338,0.17681343853473663,0.29369860887527466,-0.5972543358802795,0.927445610076367,51.926166096,True,-0.00019962899386882782,-0.00031902454793453217,-0.0001616310328245163,-0.00018863938748836517,0.00044986914991715745,0.07378635555505753,-0.017720740288496017,-0.009170733392238617,-0.055856067687273026,0.07613328058030659,ROA_1003_model40000_std01,2596,2026-10-03_22-59-50,-0.013963182456791401,0.0032934327609837055
-0.0010402640327811241,-0.0003366032615303993,-0.0006909016519784927,-0.00026761554181575775,0.0013203064910468408,-0.48328909277915955,0.3986768126487732,0.44594934582710266,-0.47463175654411316,0.901878547141511,-0.0019540544599294662,-0.0013541895896196365,-0.0012132804840803146,-0.0007967930287122726,0.002785342500691694,-0.6819157600402832,0.15149009227752686,0.28002166748046875,-0.6508631110191345,0.885794935658113,-0.0134592829272151,0.003440307918936014,-0.0027584575582295656,-0.01438470184803009,0.00034887154470197856,-0.010720357298851013,-0.001749349758028984,-0.0009820330888032913,-0.001047411933541298,-0.0005879439413547516,0.0023382393802027,-0.7563908100128174,0.16517052054405212,0.2922555208206177,-0.5959933400154114,0.9215375144281887,51.946182278,True,-0.00020617153495550156,-0.00037176068872213364,-0.00016596168279647827,-0.00020917505025863647,0.0005006335920233553,0.0744285061955452,-0.013675539754331112,-0.012201721780002117,-0.05488097295165062,0.07573817038583093,ROA_1003_model40000_std01,2597,2026-10-03_22-59-50,-0.013347847387194633,0.002160437870770693
-0.0009988201782107353,-0.00039336737245321274,-0.0006821472197771072,-0.00029783695936203003,0.0013061061135904424,-0.487936407327652,0.39691662788391113,0.4515717625617981,-0.47539499402046204,0.9067308360848596,-0.0019400613382458687,-0.001497776247560978,-0.0012182630598545074,-0.0008556526154279709,0.00286708551526935,-0.6854650378227234,0.14792823791503906,0.28429272770881653,-0.6528841257095337,0.8893627620528216,-0.013616105541586876,0.0015778210945427418,-0.0028340178541839123,-0.016263077035546303,0.0003057505819015205,-0.012625280767679214,-0.0017288140952587128,-0.0010667834430932999,-0.001043872907757759,-0.000622868537902832,0.0023673233408631413,-0.7615801692008972,0.1548684537410736,0.2993582487106323,-0.5988450646400452,0.9252875486512999,51.966168251000006,True,-0.0002110842615365982,-0.0004294794052839279,-0.00017583370208740234,-0.00023366883397102356,0.0005588659003316133,0.07609999179840088,-0.006883637513965368,-0.015066470019519329,-0.05403579771518707,0.07775333316197328,ROA_1003_model40000_std01,2598,2026-10-03_22-59-50,-0.013446176424622536,0.0008841026574373245
-0.0009716954082250595,-0.0004384201020002365,-0.0007022172212600708,-0.0003088265657424927,0.0013133361818971384,-0.48790520429611206,0.39093661308288574,0.45499202609062195,-0.47522827982902527,0.9056424155785582,-0.0019338913261890411,-0.0015894649550318718,-0.0012559350579977036,-0.0008912291377782822,0.002937580214364193,-0.6819471716880798,0.14672404527664185,0.28705036640167236,-0.6523844599723816,0.8882353740961944,-0.012719902209937572,0.0009800069965422153,-0.0019111691508442163,-0.017252113670110703,0.001403403002768755,-0.013437794521450996,-0.00172443687915802,-0.0011284137144684792,-0.0010750256478786469,-0.0006407033652067184,0.0024106359341757953,-0.7649885416030884,0.1445433497428894,0.2994094789028168,-0.6002140641212463,0.9237516320180887,51.986167184,True,-0.00021012965589761734,-0.0004630535840988159,-0.00018281862139701843,-0.0002514570951461792,0.0005935937374832126,0.08309794962406158,0.0022186432033777237,-0.012386123649775982,-0.05216570198535919,0.084926008960823,ROA_1003_model40000_std01,2599,2026-10-03_22-59-50,-0.012824480421841145,0.00010295421816408634
-0.0009268405847251415,-0.0004416448064148426,-0.0007143709808588028,-0.0002919696271419525,0.0012839133083458983,-0.4876360595226288,0.3877886235713959,0.4592966139316559,-0.4745847284793854,0.9060299914189811,-0.0018814229406416416,-0.001572025939822197,-0.0012903008610010147,-0.0008735805749893188,0.0029019740667971536,-0.6710540652275085,0.15582819283008575,0.2915542423725128,-0.651165783405304,0.8884960121660832,-0.011553035117685795,-0.00020488351583480835,-0.0005672726547345519,-0.01832008734345436,0.0027972261887043715,-0.014681285247206688,-0.0016775913536548615,-0.0011221272870898247,-0.001097051426768303,-0.0006201211363077164,0.0023780501023010873,-0.7582228779792786,0.145668163895607,0.3029066026210785,-0.5991379618644714,0.9211933585595654,52.006170054,True,-0.0002018176019191742,-0.00045481137931346893,-0.00019469298422336578,-0.00025602057576179504,0.0005891667376437379,0.08715874701738358,0.010143382474780083,-0.0113523555919528,-0.05205859988927841,0.09019094268119217,ROA_1003_model40000_std01,2600,2026-10-03_22-59-50,-0.01209887396544218,-0.0016440106555819511
-0.0009068869985640049,-0.00043530017137527466,-0.0007645227015018463,-0.0002673827111721039,0.0012895791382258703,-0.48427513241767883,0.38507673144340515,0.4597674012184143,-0.4742988049983978,0.9031912304131816,-0.0018592108972370625,-0.0015394878573715687,-0.001361314207315445,-0.0008608214557170868,0.002896833871618512,-0.6586278080940247,0.16393046081066132,0.2937726676464081,-0.6491267085075378,0.8859931104994866,-0.00990877952426672,-0.0005267681553959846,0.0014358432963490486,-0.018452204763889313,0.004705248400568962,-0.015125228092074394,-0.0016590696759521961,-0.0010990188457071781,-0.0011615455150604248,-0.000603916123509407,0.002379271932788913,-0.7508708834648132,0.14672788977622986,0.2985191345214844,-0.6018643975257874,0.9153718363585707,52.026172475,True,-0.0002032145857810974,-0.00043959589675068855,-0.00020354054868221283,-0.00025779008865356445,0.0005816869889803597,0.092274971306324,0.017192097380757332,-0.004727393388748169,-0.047283243387937546,0.09508046428884889,ROA_1003_model40000_std01,2601,2026-10-03_22-59-50,-0.010744251310825348,-0.002023504115641117
-0.00088538508862257,-0.0004459638148546219,-0.0008423347026109695,-0.0002239365130662918,0.0013130946485042172,-0.48167115449905396,0.3849826455116272,0.45824095606803894,-0.4757041931152344,0.9017094156087619,-0.001810805406421423,-0.0014994759112596512,-0.0014658086001873016,-0.0008167233318090439,0.002877610633630148,-0.6508259773254395,0.1711367964744568,0.2952529788017273,-0.6478005051612854,0.8854718937611515,-0.0074109286069869995,-0.0015381965786218643,0.003945514559745789,-0.019213831052184105,0.007134442217648029,-0.016051840037107468,-0.001619115937501192,-0.0010885880328714848,-0.0012653879821300507,-0.0005774199962615967,0.0023889031790723858,-0.7424575686454773,0.15054817497730255,0.28866806626319885,-0.6105983257293701,0.9093348026796054,52.046169265,True,-0.00018882565200328827,-0.00041035236790776253,-0.000201445072889328,-0.00024344772100448608,0.0005471688762535598,0.09162118285894394,0.020590726286172867,0.006561167072504759,-0.037250109016895294,0.09392625377040584,ROA_1003_model40000_std01,2602,2026-10-03_22-59-50,-0.008297252468764782,-0.002440453739836812
-0.0008167698979377747,-0.00047871144488453865,-0.0009651295840740204,-0.00010249204933643341,0.0013254408217899282,-0.480449378490448,0.3847605288028717,0.4526246190071106,-0.47039610147476196,0.89535485357292,-0.0017243612091988325,-0.0014838878996670246,-0.001606810837984085,-0.0006883870810270309,0.0028377900806223796,-0.6444541215896606,0.1780533790588379,0.2940688133239746,-0.6387131214141846,0.8802791680283429,-0.006653244607150555,-0.0018882377771660686,0.005135201849043369,-0.02074415795505047,0.008540836162865162,-0.017335494980216026,-0.0015337893273681402,-0.001109525328502059,-0.0014017801731824875,-0.0004680827260017395,0.002375583245624286,-0.7326326966285706,0.15105393528938293,0.28066521883010864,-0.6115031242370605,0.8993803115823187,52.066171654,True,-0.00019230064935982227,-0.00037350691854953766,-0.00020409934222698212,-0.00022384338080883026,0.0005138858296777517,0.08815846592187881,0.027007946744561195,0.013400333933532238,-0.027237923815846443,0.09234426425124255,ROA_1003_model40000_std01,2603,2026-10-03_22-59-50,-0.007497901096940041,-0.002090261783450842
-0.0007855473086237907,-0.00047206413000822067,-0.0010652467608451843,-2.323649823665619e-05,0.0013594658809332953,-0.48190200328826904,0.3936781883239746,0.4501640498638153,-0.4733423590660095,0.9003993132439985,-0.0016550649888813496,-0.00142690259963274,-0.0017350539565086365,-0.0005817506462335587,0.0027985496899484274,-0.6425155401229858,0.19193114340305328,0.29900622367858887,-0.6337710618972778,0.8858927695580351,-0.006238297559320927,-0.0010751932859420776,0.005875891074538231,-0.020735783502459526,0.009401011280715466,-0.01711088977754116,-0.0014702323824167252,-0.0010929652489721775,-0.001522386446595192,-0.00041848979890346527,0.0023779145683429474,-0.7248356342315674,0.16337887942790985,0.2711545526981354,-0.6251446604728699,0.9000489880037701,52.086170396,True,-0.00018739374354481697,-0.00033355318009853363,-0.00021308660507202148,-0.00016069971024990082,0.0004578202637736052,0.08231540769338608,0.028560984879732132,0.027865169569849968,-0.0086282379925251,0.09035844448103737,ROA_1003_model40000_std01,2604,2026-10-03_22-59-50,-0.006819821894168854,-0.0006779141258448362
-0.0007287133485078812,-0.0004779547452926636,-0.0011294614523649216,7.60890543460846e-05,0.0013598979051415061,-0.4831843376159668,0.39969614148139954,0.44684064388275146,-0.47436073422431946,0.9026438563097338,-0.0015742378309369087,-0.0013962853699922562,-0.0018350780010223389,-0.00046980567276477814,0.0027527507494735327,-0.6405904293060303,0.2029852420091629,0.3015226423740387,-0.6285845041275024,0.8888225373328875,-0.006957469508051872,0.0006979396566748619,0.005547143518924713,-0.020412800833582878,0.009395413100719452,-0.01636897586286068,-0.0013940036296844482,-0.0010942807421088219,-0.001608673483133316,-0.00034980475902557373,0.0023578668375933824,-0.7170910835266113,0.16958382725715637,0.26286205649375916,-0.6367759704589844,0.8984587043278905,52.106171153000005,True,-0.00018004793673753738,-0.00030081719160079956,-0.00022649765014648438,-0.000116787850856781,0.0004185469992494581,0.07648928463459015,0.033369287848472595,0.03865640610456467,0.008168164640665054,0.09204856860096959,ROA_1003_model40000_std01,2605,2026-10-03_22-59-50,-0.0072525255382061005,0.0012612626887857914
-0.0007403315976262093,-0.00044994521886110306,-0.0010944902896881104,7.022172212600708e-05,0.0013369949057410316,-0.483968049287796,0.40312016010284424,0.44657102227211,-0.4767691493034363,0.9057204707061637,-0.0015417346730828285,-0.00129633117467165,-0.001797778531908989,-0.0004463363438844681,0.0026663116063501027,-0.6381585001945496,0.21198926866054535,0.3054817020893097,-0.6262640953063965,0.892740995134016,-0.007868078537285328,0.001897172536700964,0.004786859266459942,-0.01889677904546261,0.008488547056913376,-0.0150454081594944,-0.0013801269233226776,-0.0010543502867221832,-0.0015734229236841202,-0.0003730878233909607,0.0023212850558135103,-0.7125371694564819,0.1749950349330902,0.25799402594566345,-0.6439568996429443,0.8987087333225313,52.126171239,True,-0.00016493722796440125,-0.0002437969669699669,-0.00022402964532375336,-7.404014468193054e-05,0.00035818441061525474,0.07435562461614609,0.037057556211948395,0.04755192995071411,0.017671845853328705,0.09723300730525616,ROA_1003_model40000_std01,2606,2026-10-03_22-59-50,-0.007926726713776588,0.0023803049698472023
-0.0007709022611379623,-0.00041476450860500336,-0.0010484829545021057,3.2782554626464844e-05,0.00132113642374635,-0.48681578040122986,0.4065548777580261,0.4493980407714844,-0.4823766350746155,0.9130516621073403,-0.001543574035167694,-0.001193862408399582,-0.0017490703612565994,-0.00046924687922000885,0.0026104427825454756,-0.6407829523086548,0.2184174805879593,0.3091031610965729,-0.631118655204773,0.9013697909063257,-0.00939217023551464,0.004235594067722559,0.0035587968304753304,-0.01658414863049984,0.007135432213544846,-0.012865087017416954,-0.0013893935829401016,-0.0009921379387378693,-0.0015276484191417694,-0.00041374005377292633,0.0022915256694999247,-0.7114533185958862,0.17907214164733887,0.2576299011707306,-0.6526354551315308,0.9034970973741389,52.1461751,True,-0.0001533888280391693,-0.0002009328454732895,-0.00022044405341148376,-5.32250851392746e-05,0.0003203255977123505,0.07059331983327866,0.039386093616485596,0.051512379199266434,0.021534038707613945,0.09810725885019224,ROA_1003_model40000_std01,2607,2026-10-03_22-59-50,-0.00907996203750372,0.004468938801437616
-0.0007902737706899643,-0.00039711594581604004,-0.0010324176400899887,1.955777406692505e-05,0.0013208940309808721,-0.4908749461174011,0.41011950373649597,0.4521668553352356,-0.48738715052604675,0.9207293627275185,-0.0015333760529756546,-0.0010858755558729172,-0.001718243584036827,-0.00044656917452812195,0.002542920789890532,-0.6462125778198242,0.22407713532447815,0.3106808066368103,-0.6371437907218933,0.9105549924674722,-0.011000849306583405,0.006441476289182901,0.0024394758511334658,-0.014484606683254242,0.0058770813047885895,-0.01090419851243496,-0.0013974495232105255,-0.0009553041309118271,-0.0015072990208864212,-0.00042654573917388916,0.0022763887460703165,-0.7141348719596863,0.18236133456230164,0.2577509582042694,-0.6584422588348389,0.9091340013449214,52.166175602,True,-0.0001344829797744751,-0.00013029202818870544,-0.00021173618733882904,-2.0070001482963562e-05,0.00026767815897353733,0.06790272891521454,0.041719987988471985,0.05293171480298042,0.021308658644557,0.09770586921768556,ROA_1003_model40000_std01,2608,2026-10-03_22-59-50,-0.01036242488771677,0.006291465368121862
-0.0008430331945419312,-0.0003520399332046509,-0.000985618680715561,-3.692694008350372e-05,0.0013230474357646415,-0.4939920902252197,0.4140073359012604,0.45630893111228943,-0.4947902262210846,0.9300016993605843,-0.0015594996511936188,-0.0009617768228054047,-0.0016518402844667435,-0.0004639383405447006,0.0024859080029049976,-0.6510708332061768,0.22978706657886505,0.313395619392395,-0.6446893811225891,0.9208374957658214,-0.011752510443329811,0.008823858574032784,0.0014476901851594448,-0.011938255280256271,0.004903922788798809,-0.008338149636983871,-0.001438334584236145,-0.0009006820619106293,-0.001450302079319954,-0.000483635812997818,0.0022682239046035646,-0.7182350158691406,0.1858360916376114,0.259036660194397,-0.6673596501350403,0.9176496204537792,52.186171143,True,-0.00011986121535301208,-6.332993507385254e-05,-0.00020004808902740479,1.778826117515564e-05,0.0002338988544836075,0.06715208292007446,0.04394352063536644,0.05437014251947403,0.02266606129705906,0.09916568879787838,ROA_1003_model40000_std01,2609,2026-10-03_22-59-50,-0.010748530738055706,0.008373729884624481
-0.0008859671652317047,-0.00031264498829841614,-0.0009356997907161713,-7.07339495420456e-05,0.0013163303655929022,-0.4974668622016907,0.4171077013015747,0.459170401096344,-0.499605655670166,0.9371200343683982,-0.001568533480167389,-0.0008475035429000854,-0.0015719328075647354,-0.0004555564373731613,0.0024064884498070714,-0.6559593081474304,0.23440828919410706,0.31376582384109497,-0.6502936482429504,0.9284323466971413,-0.013405471108853817,0.011003052815794945,-9.429838974028826e-05,-0.009913703426718712,0.0034295362420380116,-0.006274363026022911,-0.0014638528227806091,-0.0008579343557357788,-0.001386646181344986,-0.0005122274160385132,0.0022417824696863487,-0.7203444242477417,0.18919910490512848,0.2623000144958496,-0.6719189286231995,0.924134873204611,52.206172349000006,True,-0.000106077641248703,1.2665987014770508e-05,-0.00018640421330928802,5.671754479408264e-05,0.0002215946278787302,0.06439536809921265,0.04519614949822426,0.05147978290915489,0.021618323400616646,0.09598001870950448,ROA_1003_model40000_std01,2610,2026-10-03_22-59-50,-0.012187950313091278,0.010463995859026909
-0.0009178183972835541,-0.00028135254979133606,-0.000920519232749939,-0.00010575167834758759,0.0013286213597323373,-0.4983786344528198,0.41925904154777527,0.45893386006355286,-0.5029392838478088,0.9401541817597635,-0.0015761703252792358,-0.0007511116564273834,-0.0015272293239831924,-0.00045388005673885345,0.0023565557247708343,-0.6578890085220337,0.23788492381572723,0.31111153960227966,-0.6542941331863403,0.9316164993570848,-0.013884115032851696,0.012962734326720238,-0.000756556517444551,-0.007480007596313953,0.0026308579836040735,-0.004022099543362856,-0.0014930963516235352,-0.0008326955139636993,-0.0013620592653751373,-0.0005499925464391708,0.00224967992341067,-0.7251538038253784,0.18769128620624542,0.260555624961853,-0.6764251589775085,0.9271797290408785,52.226174962,True,-8.689239621162415e-05,8.102506399154663e-05,-0.0001680571585893631,9.75094735622406e-05,0.00022660839697726082,0.06722752004861832,0.050210390239953995,0.05055544525384903,0.022109130397439003,0.09987151768059886,ROA_1003_model40000_std01,2611,2026-10-03_22-59-50,-0.011991945095360279,0.012720990926027298
-0.0009063631296157837,-0.00029401853680610657,-0.0008952803909778595,-0.00012619420886039734,0.0013086078170614,-0.49694716930389404,0.4188148081302643,0.45745864510536194,-0.5059111714363098,0.9399609554828525,-0.001529790461063385,-0.0006966292858123779,-0.0014727003872394562,-0.00042673200368881226,0.002269242810515153,-0.6573050618171692,0.23835431039333344,0.3080861568450928,-0.6570457220077515,0.9313198984404985,-0.014945507049560547,0.013289792463183403,-0.0023539878893643618,-0.006074238568544388,0.0008157793781720102,-0.0028748854529112577,-0.0014661811292171478,-0.000839773565530777,-0.0013355165719985962,-0.0005762092769145966,0.002226000112399131,-0.7241479754447937,0.18818210065364838,0.25724247097969055,-0.6823609471321106,0.9277918668037448,52.24617197600001,True,-6.556510925292969e-05,0.0001424923539161682,-0.00013634562492370605,0.00014901161193847656,0.00025286066497146357,0.06679072976112366,0.05017872527241707,0.05086883530020714,0.02529006265103817,0.10066063022515562,ROA_1003_model40000_std01,2612,2026-10-03_22-59-50,-0.012535637244582176,0.013435496017336845
-0.0008696690201759338,-0.0003307126462459564,-0.0009252224117517471,-0.00011101365089416504,0.0013070500153244992,-0.4955362379550934,0.418256938457489,0.4551745653152466,-0.5079032778739929,0.9388187293165502,-0.0014720484614372253,-0.0006659887731075287,-0.0014742370694875717,-0.00036335550248622894,0.0022079157511386664,-0.6562647819519043,0.239399254322052,0.3045559823513031,-0.658423125743866,0.9301305197710859,-0.014807824045419693,0.013376237824559212,-0.0026754422578960657,-0.004793846979737282,0.0001295415568165481,-0.0020161322318017483,-0.0014263205230236053,-0.0008743256330490112,-0.001358846202492714,-0.0005604233592748642,0.002220070596606334,-0.7278062105178833,0.18638278543949127,0.2525346279144287,-0.6843679547309875,0.9273921860754223,52.266173917,True,-4.209578037261963e-05,0.0002074986696243286,-0.00011557713150978088,0.0001957174390554428,0.00030634986921833823,0.07153023034334183,0.05300435796380043,0.05198083445429802,0.025946179404854774,0.10596806243974016,ROA_1003_model40000_std01,2613,2026-10-03_22-59-50,-0.012184249237179756,0.013638913631439209
-0.0008342787623405457,-0.0003789551556110382,-0.0009224284440279007,-9.42964106798172e-05,0.0012864900205997955,-0.49491968750953674,0.4160078167915344,0.45515501499176025,-0.5097934007644653,0.9383826255512921,-0.0014316290616989136,-0.0006677582859992981,-0.0014571473002433777,-0.00031371600925922394,0.002158295120937563,-0.6559956669807434,0.23810191452503204,0.30277296900749207,-0.6609656810760498,0.9297229931717578,-0.014606851153075695,0.013025997206568718,-0.002649557776749134,-0.0047078621573746204,8.930062176659703e-05,-0.0020447606220841408,-0.0013986602425575256,-0.0009193085134029388,-0.0013655517250299454,-0.0005387701094150543,0.0022147339305614183,-0.7304874658584595,0.18592549860477448,0.251455694437027,-0.6853407025337219,0.928524457633895,52.286176467000004,True,-2.6542693376541138e-05,0.0002496875822544098,-8.777715265750885e-05,0.0002241227775812149,0.00034472984616508575,0.07446948438882828,0.05220062658190727,0.051341015845537186,0.024352220818400383,0.10692926698521049,ROA_1003_model40000_std01,2614,2026-10-03_22-59-50,-0.012627246789634228,0.01271822676062584
-0.0008209608495235443,-0.00040493905544281006,-0.0009143725037574768,-0.00010007061064243317,0.0012779744795115263,-0.4936065375804901,0.4134019613265991,0.4547121822834015,-0.5114451050758362,0.9370988331365983,-0.0014174729585647583,-0.0006469897925853729,-0.0014321878552436829,-0.0002841465175151825,0.0021210208885975236,-0.6528924703598022,0.23835337162017822,0.30213266611099243,-0.6616674065589905,0.9283317207432001,-0.013232127763330936,0.01305791363120079,-0.0017878403887152672,-0.003476866753771901,0.0006850550416857004,-0.0011416927445679903,-0.0013981014490127563,-0.0009482726454734802,-0.0013574492186307907,-0.0005434732884168625,0.00222161738740218,-0.73533034324646,0.18391570448875427,0.24926893413066864,-0.6851651668548584,0.9290388734303757,52.306176616,True,-1.825392246246338e-05,0.0003022141754627228,-7.534399628639221e-05,0.0002571847289800644,0.0004018256211234388,0.08243787288665771,0.054436732083559036,0.052844636142253876,0.02347305230796337,0.11417039509620105,ROA_1003_model40000_std01,2615,2026-10-03_22-59-50,-0.011917183175683022,0.012174375355243683
-0.0007665716111660004,-0.000466126948595047,-0.0009652227163314819,-3.627501428127289e-05,0.0012761126954938242,-0.49049776792526245,0.4072580337524414,0.4503149390220642,-0.5071498155593872,0.9281554573970736,-0.0013748183846473694,-0.0006883405148983002,-0.001476425677537918,-0.0002110842615365982,0.0021143314919616703,-0.6478177309036255,0.23470911383628845,0.29641667008399963,-0.6586927771568298,0.9196020267111908,-0.011619139462709427,0.013645313680171967,-0.000430676038376987,-0.002753366017714143,0.0021126437932252884,-0.0003899212460964918,-0.00136522576212883,-0.00102166086435318,-0.0014082994312047958,-0.0004735775291919708,0.0022336992575753755,-0.737428605556488,0.1762937605381012,0.24715669453144073,-0.6774942874908447,0.9221835966330643,52.326177278,True,-1.0058283805847168e-05,0.0003330409526824951,-6.989575922489166e-05,0.0002612825483083725,0.00042641082319437395,0.0895792543888092,0.058453526347875595,0.04926323518157005,0.018788035959005356,0.11882637589080283,ROA_1003_model40000_std01,2616,2026-10-03_22-59-50,-0.010761640965938568,0.012323450297117233
-0.0007369555532932281,-0.0004963018000125885,-0.0009946059435606003,-7.82310962677002e-06,0.0012778772572431287,-0.48752591013908386,0.40254366397857666,0.44548463821411133,-0.5033523440361023,0.9199921197177241,-0.001354515552520752,-0.0007048249244689941,-0.001497240737080574,-0.00017909333109855652,0.002111185872613539,-0.642106831073761,0.23319756984710693,0.2909637987613678,-0.6555048227310181,0.9116146947356346,-0.010082163847982883,0.013748012483119965,0.0007884999504312873,-0.002275849226862192,0.0033381853718310595,4.8971036449074745e-05,-0.0013493932783603668,-0.0010656192898750305,-0.001432141289114952,-0.00044335611164569855,0.0022434223501231554,-0.7378328442573547,0.16911140084266663,0.24553945660591125,-0.6721117496490479,0.9159206922332556,52.346177683,True,-9.499490261077881e-06,0.00036014243960380554,-6.91041350364685e-05,0.00026421621441841125,0.0004493308394445777,0.09573622792959213,0.06407313048839569,0.045435965061187744,0.01659383997321129,0.12448976721030355,ROA_1003_model40000_std01,2617,2026-10-03_22-59-50,-0.009118173271417618,0.01264195516705513
-0.0006849877536296844,-0.0005319714546203613,-0.0010241754353046417,8.42846930027008e-06,0.001270153578953367,-0.482806921005249,0.398051917552948,0.4401169419288635,-0.5008312463760376,0.9114499223078608,-0.001307763159275055,-0.0007349997758865356,-0.0015244819223880768,-0.00016242265701293945,0.0021009713436804774,-0.6346040964126587,0.23228487372398376,0.2851751446723938,-0.653131365776062,0.9033063785040738,-0.008902188390493393,0.013110937550663948,0.0016114269383251667,-0.0021586697548627853,0.004047584719955921,-3.203563392162323e-05,-0.0012956559658050537,-0.0011111609637737274,-0.0014538876712322235,-0.00042766332626342773,0.0022324995072534773,-0.7342556118965149,0.1628286987543106,0.2425694763660431,-0.6694989204406738,0.9082775729124712,52.366178825000006,True,-1.3690441846847534e-05,0.0003783963620662689,-7.03614205121994e-05,0.000264681875705719,0.0004646809476315094,0.09969248622655869,0.06943941116333008,0.042609866708517075,0.016357284039258957,0.1293762170862584,ROA_1003_model40000_std01,2618,2026-10-03_22-59-50,-0.007477821782231331,0.012709338217973709
-0.0006131827831268311,-0.0005949288606643677,-0.0010683201253414154,3.855675458908081e-05,0.0012654458737557236,-0.47893261909484863,0.3945920467376709,0.43521445989608765,-0.49847593903541565,0.9041444842396316,-0.0012254342436790466,-0.0007654540240764618,-0.0015520956367254257,-0.00011869706213474274,0.0020628244445288824,-0.6291046142578125,0.23160967230796814,0.27927011251449585,-0.6515732407569885,0.896469012114614,-0.007651032879948616,0.01118377223610878,0.002567259594798088,-0.0029236027039587498,0.004657923709601164,-0.0012685132678598166,-0.0012120231986045837,-0.0011703930795192719,-0.0014841556549072266,-0.00038570724427700043,0.002204216045299482,-0.7308283448219299,0.15753041207790375,0.24086934328079224,-0.6657726764678955,0.9013808511582656,52.386176382,True,-9.033828973770142e-06,0.00040121376514434814,-7.092021405696869e-05,0.0002664979547262192,0.0004839506594041599,0.1017153188586235,0.07406901568174362,0.03838399425148964,0.014202202670276165,0.13188944462424945,ROA_1003_model40000_std01,2619,2026-10-03_22-59-50,-0.005841763690114021,0.011462215334177017
-0.0005603767931461334,-0.0006536021828651428,-0.0010727904736995697,5.932524800300598e-05,0.0012437622659541802,-0.4760613441467285,0.3906320631504059,0.4333476424217224,-0.4965783655643463,0.8989061667285845,-0.001172814518213272,-0.0008117407560348511,-0.0015485100448131561,-9.41101461648941e-05,0.0020303252724316813,-0.6254342794418335,0.22902432084083557,0.27612316608428955,-0.6519765257835388,0.8920615544716991,-0.007130932062864304,0.009496219456195831,0.002859396394342184,-0.004295674152672291,0.0049201613292098045,-0.0027027511969208717,-0.0011669471859931946,-0.0012262724339962006,-0.0014771241694688797,-0.00034584663808345795,0.002179396630897844,-0.7293903827667236,0.15174970030784607,0.24277947843074799,-0.6604511141777039,0.8966632108211098,52.40618242,True,-3.4458935260772705e-06,0.00041425228118896484,-6.896443665027618e-05,0.0002520158886909485,0.000486459110915454,0.10391882807016373,0.07728859782218933,0.033377669751644135,0.008444767445325851,0.1333987266028662,ROA_1003_model40000_std01,2620,2026-10-03_22-59-50,-0.005662630312144756,0.009624052792787552
-0.0005644746124744415,-0.0006614252924919128,-0.0010660849511623383,6.142072379589081e-05,0.0012415048559848991,-0.4759765863418579,0.3896290361881256,0.4347115457057953,-0.49613553285598755,0.8988719810364267,-0.0011860392987728119,-0.0008069910109043121,-0.0015264376997947693,-8.991919457912445e-05,0.002021433521930601,-0.6244070529937744,0.2297907918691635,0.27655017375946045,-0.6531765460968018,0.8927983158792062,-0.005988539196550846,0.009423714131116867,0.003958842251449823,-0.004786178469657898,0.006211623549461365,-0.002930253278464079,-0.0011863186955451965,-0.0012421980500221252,-0.001458311453461647,-0.00033117830753326416,0.002182739056973675,-0.7337713241577148,0.14812591671943665,0.2488763928413391,-0.6542284488677979,0.8982720026771646,52.426182601,True,1.210719347000122e-06,0.0004391185939311981,-6.868503987789154e-05,0.00023767352104187012,0.0005003292360609122,0.10931584239006042,0.08167605102062225,0.027670057490468025,0.0010612420737743378,0.13837495244511472,ROA_1003_model40000_std01,2621,2026-10-03_22-59-50,-0.005205600522458553,0.008723104372620583
-0.0005697831511497498,-0.0006763264536857605,-0.001031346619129181,5.336478352546692e-05,0.0012222485496879098,-0.4751644730567932,0.3873705565929413,0.4361560344696045,-0.49590548872947693,0.8980411954168436,-0.0011865049600601196,-0.0008074566721916199,-0.0014758668839931488,-9.080395102500916e-05,0.0019871201797090773,-0.6227660775184631,0.2291761189699173,0.27732178568840027,-0.6545772552490234,0.8928731274179982,-0.005029540508985519,0.009016906842589378,0.004731430672109127,-0.0050493101589381695,0.0070215072482824326,-0.003144986229017377,-0.0012031756341457367,-0.001263245940208435,-0.0014143530279397964,-0.0003194902092218399,0.002174898537643429,-0.7361713647842407,0.14279688894748688,0.25452205538749695,-0.649398148059845,0.8983753784722168,52.446184031,True,1.5366822481155396e-05,0.00045439228415489197,-6.360933184623718e-05,0.0002262648195028305,0.000507823422419554,0.11333636194467545,0.08636712282896042,0.022792721167206764,-0.005212146323174238,0.14329019429548506,ROA_1003_model40000_std01,2622,2026-10-03_22-59-50,-0.0048158131539821625,0.007628391031175852
-0.0005871057510375977,-0.0006721355020999908,-0.001007039099931717,4.7264620661735535e-05,0.0012151471373777903,-0.47586947679519653,0.3877943158149719,0.43517592549324036,-0.49385368824005127,0.897023375591571,-0.001195073127746582,-0.0007836148142814636,-0.0014339108020067215,-9.280629456043243e-05,0.001959558760027372,-0.6236815452575684,0.23011675477027893,0.27622291445732117,-0.6533557176589966,0.8925388778436469,-0.0040686000138521194,0.008569896221160889,0.005566855892539024,-0.005262030754238367,0.007811638526618481,-0.00340257678180933,-0.0012273900210857391,-0.0012606382369995117,-0.0013757497072219849,-0.00030850060284137726,0.002166066457481134,-0.7399692535400391,0.139483243227005,0.25725165009498596,-0.6436324715614319,0.8984342840407002,52.466183124000004,True,2.8964132070541382e-05,0.0004789792001247406,-5.904585123062134e-05,0.00021629966795444489,0.000525557878845345,0.1162635087966919,0.09066051989793777,0.018987804651260376,-0.00972021371126175,0.14771214614536776,ROA_1003_model40000_std01,2623,2026-10-03_22-59-50,-0.004032165743410587,0.007001387421041727
-0.0005794689059257507,-0.0006783287972211838,-0.0010118004865944386,4.775356501340866e-05,0.0012151972481864953,-0.4733095169067383,0.3872813880443573,0.4311515688896179,-0.4908892810344696,0.8919090244211864,-0.0011804047971963882,-0.0007716473191976547,-0.0014257500879466534,-8.278293535113335e-05,0.0019393895900896552,-0.6230363845825195,0.22880569100379944,0.27203696966171265,-0.6504231095314026,0.8878919805002986,-0.0024164144415408373,0.0077240620739758015,0.0070380717515945435,-0.0057489266619086266,0.009200166910886765,-0.003985750023275614,-0.0012281350791454315,-0.0012659933418035507,-0.0013742479495704174,-0.00030011869966983795,0.002165334993454527,-0.7406256198883057,0.13631604611873627,0.2546280026435852,-0.6382603645324707,0.8940380123253896,52.486177994,True,4.996545612812042e-05,0.0004983041435480118,-4.939502105116844e-05,0.0002189655788242817,0.0005449147556747605,0.1175880879163742,0.09250757098197937,0.017435988411307335,-0.012166331522166729,0.14974489523614576,ROA_1003_model40000_std01,2624,2026-10-03_22-59-50,-0.002396885072812438,0.006137335207313299
-0.0005481299012899399,-0.000704452395439148,-0.0010369694791734219,7.243361324071884e-05,0.0012145401258421425,-0.4700198471546173,0.38560476899147034,0.4263870418071747,-0.4870285987854004,0.8850434510594717,-0.0011416152119636536,-0.0007838942110538483,-0.001439964398741722,-5.1176175475120544e-05,0.0019190643360094796,-0.6223008632659912,0.22551463544368744,0.26706039905548096,-0.6464278101921082,0.8812871421234728,-0.0009391818894073367,0.006517885718494654,0.008278599008917809,-0.006170777138322592,0.010205899365246296,-0.004722787998616695,-0.0012038741260766983,-0.0012948643416166306,-0.0013946671970188618,-0.00027051428332924843,0.002162322509748027,-0.7399283051490784,0.13369880616664886,0.2507048547267914,-0.6322948932647705,0.8881953271757844,52.506178527,True,6.100162863731384e-05,0.0005097594112157822,-4.52680978924036e-05,0.00021901214495301247,0.0005561467115187165,0.11765117943286896,0.09182187914848328,0.016385164111852646,-0.014149874448776245,0.14930223279962748,ROA_1003_model40000_std01,2625,2026-10-03_22-59-50,-0.0008425010601058602,0.005135293584316969
-0.0005082227289676666,-0.0007393304258584976,-0.0010755291441455483,0.00011034135241061449,0.0012191399213378653,-0.4658209979534149,0.3828694820404053,0.4216212332248688,-0.4821244776248932,0.8766965617734203,-0.0011183321475982666,-0.0008252914994955063,-0.0014774530427530408,-1.906591933220625e-05,0.0019313860020094681,-0.6220834255218506,0.21907080709934235,0.2613895833492279,-0.6427499651908875,0.8732229019245901,-6.772583583369851e-05,0.006022450979799032,0.00931815430521965,-0.007033161818981171,0.011275345459580421,-0.00546774547547102,-0.0011759810149669647,-0.001332070678472519,-0.0014317192835733294,-0.00022886379156261683,0.0021649718061302003,-0.7384856939315796,0.13022449612617493,0.24746133387088776,-0.6245038509368896,0.8812663374007801,52.526183029,True,5.951151251792908e-05,0.0005078036338090897,-4.566099960356951e-05,0.00020923616830259562,0.0005505271433135063,0.11639109998941422,0.08885189145803452,0.013941607438027859,-0.01827685534954071,0.146429323728637,ROA_1003_model40000_std01,2626,2026-10-03_22-59-50,-4.457589238882065e-05,0.0046095107682049274
-0.0004814937710762024,-0.0007671304047107697,-0.001120136585086584,0.00015146215446293354,0.0012369170434414847,-0.4639015197753906,0.38262221217155457,0.4172658622264862,-0.47833800315856934,0.8714472624945915,-0.001112278550863266,-0.0008861534297466278,-0.001528632128611207,3.6030542105436325e-06,0.001970764483976244,-0.6240205764770508,0.21430429816246033,0.25681447982788086,-0.639657199382782,0.86788539772888,-0.00019240658730268478,0.005659915041178465,0.009748443961143494,-0.007598177529871464,0.011606406420469284,-0.006157290190458298,-0.0011608470231294632,-0.0013740267604589462,-0.001477735349908471,-0.00018811551854014397,0.0021830201351050633,-0.7376400232315063,0.12722377479076385,0.244707852602005,-0.6198315620422363,0.8763447638484129,52.546183914000004,True,4.7031790018081665e-05,0.0004873611032962799,-4.8585934564471245e-05,0.00018978607840836048,0.0005236751580689715,0.11365161836147308,0.08707726001739502,0.012125295586884022,-0.019863013178110123,0.1431968240227066,ROA_1003_model40000_std01,2627,2026-10-03_22-59-50,-3.3527088817209005e-05,0.004631323274224997
-0.00048479996621608734,-0.0007782597094774246,-0.0011008698493242264,0.0001428532414138317,0.001225646057206826,-0.4619634449481964,0.38155633211135864,0.4144721031188965,-0.4770129323005676,0.8678619068375959,-0.0011318828910589218,-0.0009153969585895538,-0.001517467899248004,-1.1292286217212677e-05,0.0019852824577938906,-0.6248987913131714,0.2099405825138092,0.2542170584201813,-0.6383972764015198,0.8642128088269175,-0.0008468797896057367,0.005278460215777159,0.008905293419957161,-0.007888718508183956,0.010746740736067295,-0.00639530923217535,-0.0011618249118328094,-0.001384364441037178,-0.0014630088116973639,-0.00019507133401930332,0.002183094846141526,-0.7350388765335083,0.12479768693447113,0.24339579045772552,-0.6187050938606262,0.8725318771242144,52.566184928000006,True,2.9848888516426086e-05,0.00046924687922000885,-5.710753612220287e-05,0.00018106657080352306,0.0005030226076491866,0.11016195267438889,0.08513591438531876,0.01082912739366293,-0.019751081243157387,0.139271018703664,ROA_1003_model40000_std01,2628,2026-10-03_22-59-50,-0.0004195233341306448,0.004918680060654879
-0.0004787929356098175,-0.0007946044206619263,-0.0010957359336316586,0.00014764955267310143,0.0012195125579708174,-0.4613732099533081,0.38172489404678345,0.4121583104133606,-0.4756027162075043,0.8657403801120626,-0.0011323485523462296,-0.0009417533874511719,-0.0015177181921899319,-1.280568540096283e-05,0.001992065483369316,-0.6261691451072693,0.20727699995040894,0.25243306159973145,-0.6368632912635803,0.8618369116253168,-0.0013591526076197624,0.004596305545419455,0.008323549292981625,-0.008643263950943947,0.010153480805456638,-0.007059425115585327,-0.001149578019976616,-0.001394469290971756,-0.0014536897651851177,-0.00018476275727152824,0.0021713961060307826,-0.734084963798523,0.1246691644191742,0.24222028255462646,-0.6161546111106873,0.8703619432901641,52.586185045,True,2.193264663219452e-05,0.0004495494067668915,-6.534392014145851e-05,0.00017031561583280563,0.0004807381776928908,0.10788998752832413,0.08259666711091995,0.01020578108727932,-0.020718084648251534,0.1359529278510786,ROA_1003_model40000_std01,2629,2026-10-03_22-59-50,-0.0008163586026057601,0.004730545450001955
-0.00047921203076839447,-0.0008113216608762741,-0.001103198155760765,0.000176113098859787,0.0012221781946098814,-0.46112385392189026,0.3812461793422699,0.41072791814804077,-0.47397926449775696,0.8638230879616258,-0.0011527910828590393,-0.0009733717888593674,-0.0015352386981248856,9.068753570318222e-06,0.002019443978889479,-0.6281148791313171,0.20389187335968018,0.2513895034790039,-0.635136604309082,0.859739816396712,-0.0010341028682887554,0.004168685059994459,0.008440351113677025,-0.00938928872346878,0.01040390320122242,-0.0074912793934345245,-0.001162942498922348,-0.0014120712876319885,-0.001465261448174715,-0.000150647247210145,0.002182438452262,-0.7361378073692322,0.12379348278045654,0.24129769206047058,-0.6127822995185852,0.8696979346182723,52.606184075,True,9.266659617424011e-06,0.0004384201020002365,-7.290509529411793e-05,0.0001612585037946701,0.00046743372099582463,0.10803108662366867,0.0801084041595459,0.010093964636325836,-0.022373685613274574,0.13459642970054267,ROA_1003_model40000_std01,2630,2026-10-03_22-59-50,-0.000529981916770339,0.004316227976232767
-0.0004909699782729149,-0.0008210539817810059,-0.0011004973202943802,0.00019069993868470192,0.001224532054694176,-0.4608011543750763,0.37919098138809204,0.41192978620529175,-0.4728336036205292,0.8627104279278368,-0.0011947937309741974,-0.0010177260264754295,-0.001545820850878954,2.514570951461792e-06,0.0020666832557497614,-0.6291263103485107,0.19952164590358734,0.2521786391735077,-0.6351296901702881,0.8585461500524955,-0.001749203773215413,0.0039945621974766254,0.00773842167109251,-0.00958480965346098,0.009722981601953506,-0.007602914236485958,-0.0011941185221076012,-0.0014443416148424149,-0.0014624092727899551,-0.00013669487088918686,0.0022120243126455535,-0.7409099340438843,0.12105120718479156,0.24376994371414185,-0.6083076000213623,0.8714797301349609,52.626179296000004,True,-1.0477378964424133e-06,0.0004227505996823311,-8.279457688331604e-05,0.00013924436643719673,0.0004459299590251401,0.111787810921669,0.07849372178316116,0.008436152711510658,-0.026849446818232536,0.13686985147149322,ROA_1003_model40000_std01,2631,2026-10-03_22-59-50,-0.0016310850623995066,0.0035291467793285847
-0.0005468260496854782,-0.000790134072303772,-0.0010607531294226646,0.00016908161342144012,0.00122459737660618,-0.46207568049430847,0.37815234065055847,0.41508030891418457,-0.4735010266304016,0.8648100698923914,-0.0012847594916820526,-0.0010184943675994873,-0.001514144241809845,-3.100140020251274e-05,0.0021160010008910747,-0.631693959236145,0.19665805995464325,0.25561580061912537,-0.63575279712677,0.8605546774616684,-0.002142232609912753,0.004732256289571524,0.007366667501628399,-0.00864100456237793,0.009278751909732819,-0.006734969560056925,-0.0012639909982681274,-0.0014236196875572205,-0.0014219782315194607,-0.00015441328287124634,0.0022363396610150235,-0.7473793625831604,0.12133409827947617,0.24841491878032684,-0.6053557991981506,0.877389205963555,52.646185814000006,True,-1.8067657947540283e-05,0.00040442682802677155,-9.086215868592262e-05,0.00012136297300457954,0.0004245564574496669,0.11561717092990875,0.07530906796455383,0.007197726052254438,-0.030400346964597702,0.1384037408145,ROA_1003_model40000_std01,2632,2026-10-03_22-59-50,-0.0023235189728438854,0.0037788921035826206
-0.0005871057510375977,-0.0007682479918003082,-0.001034571323543787,0.00015014084056019783,0.0012297343021371743,-0.46330130100250244,0.3771623373031616,0.41756242513656616,-0.4741753041744232,0.8665729321019083,-0.0013434328138828278,-0.0010159797966480255,-0.0014969613403081894,-5.516922101378441e-05,0.002151455820229749,-0.6343386769294739,0.19473767280578613,0.2580854296684265,-0.6359447240829468,0.8623439576292901,-0.0018212711438536644,0.005344564560800791,0.007289951667189598,-0.008036098442971706,0.009314696304500103,-0.00589882954955101,-0.0013125129044055939,-0.0013981480151414871,-0.0013959826901555061,-0.0001662643626332283,0.0022494434084691078,-0.7515214085578918,0.1223045364022255,0.25205114483833313,-0.6033582091331482,0.8818437458970934,52.666184395,True,-2.728775143623352e-05,0.0003825873136520386,-9.96515154838562e-05,0.00011085066944360733,0.00040214107910359006,0.11717388033866882,0.07244804501533508,0.006008776370435953,-0.03259582445025444,0.13831406531427956,ROA_1003_model40000_std01,2633,2026-10-03_22-59-50,-0.0020495010539889336,0.00431756442412734
-0.0005961395800113678,-0.0007762107998132706,-0.0010264338925480843,0.00014283577911555767,0.0012330064880899214,-0.46294039487838745,0.374695748090744,0.41902151703834534,-0.4751409590244293,0.8664695147910905,-0.001358846202492714,-0.0010155141353607178,-0.0014948484022170305,-6.0105230659246445e-05,0.002162073061074938,-0.6345500946044922,0.1931046098470688,0.2594776451587677,-0.6361628770828247,0.8625151739628493,-0.0007441769121214747,0.004790603648871183,0.007437419146299362,-0.008482007309794426,0.00969658698886633,-0.0059050219133496284,-0.001324014738202095,-0.001387856900691986,-0.0013916403986513615,-0.00016630510799586773,0.002250643711277992,-0.7523272037506104,0.12234644591808319,0.25336501002311707,-0.6034809350967407,0.8831227861378349,52.686181728,True,-3.3853575587272644e-05,0.00037048012018203735,-0.00010414514690637589,0.00010750372894108295,0.0003909143816435086,0.11775828152894974,0.0707642138004303,0.006115762051194906,-0.032702576369047165,0.1379001640057331,ROA_1003_model40000_std01,2634,2026-10-03_22-59-50,-0.000622029067017138,0.0044024973176419735
-0.0005553476512432098,-0.0008131377398967743,-0.001062755472958088,0.00015528639778494835,0.0012387668011850624,-0.4613378345966339,0.3722093403339386,0.41773051023483276,-0.47368210554122925,0.863081836194425,-0.001339055597782135,-0.0010897871106863022,-0.0015420722775161266,-6.650807335972786e-05,0.0021999524633571953,-0.6322741508483887,0.18991459906101227,0.25775015354156494,-0.6353703737258911,0.8585668656673743,-0.0013255940284579992,0.0037589631974697113,0.0070663029327988625,-0.009498539380729198,0.009289618581533432,-0.007025027647614479,-0.0012931181117892265,-0.001445249654352665,-0.0014316407032310963,-0.00016654375940561295,0.002274665870895894,-0.7530760169029236,0.11759041249752045,0.251361608505249,-0.6033797264099121,0.880599960933295,52.706186134000006,True,-4.521571099758148e-05,0.0003566266968846321,-0.00011224765330553055,9.799841791391373e-05,0.0003775437209685568,0.12079741805791855,0.07233349233865738,0.006428453605622053,-0.03200850635766983,0.1412428262437218,ROA_1003_model40000_std01,2635,2026-10-03_22-59-50,-0.0007533676689490676,0.004054337274283171
-0.0005240319296717644,-0.0008376780897378922,-0.001061230432242155,0.00014229444786906242,0.0012274007481343889,-0.4594844877719879,0.36838090419769287,0.41700780391693115,-0.47230449318885803,0.8592751435109758,-0.001332070678472519,-0.001162104308605194,-0.0015533878467977047,-0.00010589137673377991,0.002234873180479521,-0.629611074924469,0.18541188538074493,0.2564384937286377,-0.6350107192993164,0.8542490875254057,-0.002315500285476446,0.002919535618275404,0.006093948148190975,-0.010193416848778725,0.008280199952423573,-0.007837706245481968,-0.0012741424143314362,-0.001488695852458477,-0.0014346325770020485,-0.0001877197064459324,0.0022907706148869184,-0.7513593435287476,0.11035612970590591,0.25082167983055115,-0.6043758392333984,0.8764664608367893,52.726186604000006,True,-5.825422704219818e-05,0.00033034011721611023,-0.0001183943822979927,8.417991921305656e-05,0.0003524211590178608,0.12175388634204865,0.07505761086940765,0.005656969267874956,-0.030665773898363113,0.14349308892518486,ROA_1003_model40000_std01,2636,2026-10-03_22-59-50,-0.0013528983108699322,0.0037501491606235504
-0.0004850095137953758,-0.0008720206096768379,-0.0010208459571003914,0.00011145602911710739,0.0011933640186707227,-0.45856040716171265,0.3633636236190796,0.4183960556983948,-0.47313687205314636,0.8576083611519676,-0.0013181939721107483,-0.00124278012663126,-0.001524551771581173,-0.0001626787707209587,0.002253165659796933,-0.628213107585907,0.1796034574508667,0.25634223222732544,-0.6375429034233093,0.8520628023671775,-0.0037212942261248827,0.002024417743086815,0.004692499525845051,-0.01099539827555418,0.006895400583744049,-0.008694780990481377,-0.0012448756024241447,-0.0015285564586520195,-0.0013987300917506218,-0.00022302847355604172,0.0022870732937015853,-0.7490270733833313,0.10155769437551498,0.25352659821510315,-0.6074144840240479,0.873604605729264,52.746189217,True,-7.038470357656479e-05,0.00028491485863924026,-0.00012761447578668594,6.228219717741013e-05,0.0003091926368949088,0.12080976366996765,0.07805018126964569,0.0028377396520227194,-0.03012339398264885,0.1445294601091961,ROA_1003_model40000_std01,2637,2026-10-03_22-59-50,-0.002403716556727886,0.003063369542360306
-0.0005431007593870163,-0.0008156988769769669,-0.0009974464774131775,6.062909960746765e-05,0.0012132928336989895,-0.46365076303482056,0.3648742437362671,0.42132192850112915,-0.47409671545028687,0.8628552205066153,-0.0014004763215780258,-0.0012045959010720253,-0.001511257141828537,-0.0002289656549692154,0.0023078997038105975,-0.6304089426994324,0.18455763161182404,0.25780078768730164,-0.6398903131484985,0.8574345278592105,-0.0050011491402983665,0.0026608826592564583,0.0034303641878068447,-0.010388273745775223,0.005663758143782616,-0.008132005110383034,-0.0013195909559726715,-0.0014853430911898613,-0.0013717450201511383,-0.00027650967240333557,0.002320839468014266,-0.7569757103919983,0.09859585762023926,0.2566841244697571,-0.6087110042572021,0.8798909522107428,52.766183574,True,-7.981434464454651e-05,0.0002801651135087013,-0.0001364387571811676,4.838220775127411e-05,0.00030518989701417126,0.12655742466449738,0.08597317337989807,0.0011189840734004974,-0.031162051483988762,0.15392068336774242,ROA_1003_model40000_std01,2638,2026-10-03_22-59-50,-0.003322446485981345,0.00362437404692173
-0.0005405396223068237,-0.0007977476343512535,-0.0009070616215467453,-1.0989606380462646e-05,0.0011737092138649633,-0.46285727620124817,0.36181506514549255,0.4248162508010864,-0.47562316060066223,0.8636638114238138,-0.0013987533748149872,-0.0011858996003866196,-0.0014319084584712982,-0.0003123655915260315,0.0022814977407118286,-0.6255372166633606,0.18610943853855133,0.2603013813495636,-0.6427270770072937,0.8585870854547902,-0.006535744294524193,0.0034347032196819782,0.0017343249637633562,-0.009515911340713501,0.0040381355211138725,-0.007219967897981405,-0.0013169599696993828,-0.0014588003978133202,-0.0012866687029600143,-0.00034943222999572754,0.002293111358108617,-0.7527533173561096,0.09496509283781052,0.2591595947742462,-0.6115408539772034,0.8776904414215921,52.786184492000004,True,-8.195638656616211e-05,0.00027408823370933533,-0.0001480337232351303,3.7904828786849976e-05,0.00029917905025249667,0.12722493708133698,0.09110569208860397,0.001112464815378189,-0.031196510419249535,0.1574568097916678,ROA_1003_model40000_std01,2639,2026-10-03_22-59-50,-0.004713778384029865,0.004121801350265741
-0.0005572102963924408,-0.0007704831659793854,-0.0009044073522090912,-2.5425106287002563e-05,0.0011775575284296903,-0.46549317240715027,0.36371612548828125,0.42565304040908813,-0.4754215180873871,0.8661913130065784,-0.0014154240489006042,-0.0011612195521593094,-0.001437729224562645,-0.0003389548510313034,0.002294549120659917,-0.6268284916877747,0.19006453454494476,0.25941523909568787,-0.6435447931289673,0.861027670360572,-0.007402356714010239,0.004020217806100845,0.0010919197229668498,-0.009024450555443764,0.0033900828566402197,-0.006829021032899618,-0.0013293232768774033,-0.0014333287253975868,-0.0012868549674749374,-0.0003727152943611145,0.0022959083521715182,-0.7528061866760254,0.09624519944190979,0.25782686471939087,-0.6142370104789734,0.8783904775606513,52.806188418000005,True,-8.866190910339355e-05,0.000270036980509758,-0.00015120021998882294,3.525055944919586e-05,0.0002981485128284469,0.12602563202381134,0.0938151478767395,0.0016335396794602275,-0.02931896410882473,0.15796373706291364,ROA_1003_model40000_std01,2640,2026-10-03_22-59-50,-0.00517863966524601,0.004635978024452925
-0.0005539972335100174,-0.0007655471563339233,-0.0008673407137393951,-5.1176175475120544e-05,0.001161113683908854,-0.464307576417923,0.3629899322986603,0.42712733149528503,-0.47654983401298523,0.8666265355707331,-0.0014162622392177582,-0.001148926094174385,-0.0014162156730890274,-0.0003657303750514984,0.0022869261822860217,-0.6249106526374817,0.18971598148345947,0.26051419973373413,-0.6443080306053162,0.8609197919587135,-0.00802419800311327,0.004721555393189192,0.0006287710857577622,-0.00858281273394823,0.0030180858448147774,-0.0063135880045592785,-0.001321546733379364,-0.0014073215425014496,-0.0012618955224752426,-0.00040638260543346405,0.002277891631399436,-0.7486685514450073,0.09950342774391174,0.25488901138305664,-0.6183418035507202,0.8767048190588158,52.826184279,True,-9.41101461648941e-05,0.00026402994990348816,-0.00015245750546455383,4.23286110162735e-05,0.00029797187729068206,0.12374668568372726,0.09021861106157303,0.005643348675221205,-0.025952698662877083,0.15352755071594154,ROA_1003_model40000_std01,2641,2026-10-03_22-59-50,-0.005859412252902985,0.004755670670419931
-0.00055655837059021,-0.0007546041160821915,-0.0008601229637861252,-7.087364792823792e-05,0.001161215981490571,-0.4650144577026367,0.3635822534561157,0.4279487431049347,-0.4780958294868469,0.8684716499423978,-0.0014167744666337967,-0.0011187978088855743,-0.0014137942343950272,-0.00037690624594688416,0.002277770217601634,-0.6243716478347778,0.19161029160022736,0.2621845304965973,-0.6437143087387085,0.862127590407913,-0.008105484768748283,0.005009734537452459,0.0004807701043318957,-0.007994936779141426,0.002807063050568104,-0.005850967485457659,-0.0013203825801610947,-0.0013898592442274094,-0.0012663193047046661,-0.000437907874584198,0.00228078087781466,-0.7471427917480469,0.10347039997577667,0.2514617443084717,-0.6232103109359741,0.8771340118175551,52.846184332,True,-9.85804945230484e-05,0.0002734363079071045,-0.00014845281839370728,5.871988832950592e-05,0.0003123383129756867,0.12273620069026947,0.08814269304275513,0.010766553692519665,-0.020488163456320763,0.15114175181671477,ROA_1003_model40000_std01,2642,2026-10-03_22-59-50,-0.0059596942737698555,0.004746018443256617
-0.000532856211066246,-0.0007625669240951538,-0.0008478295058012009,-7.157213985919952e-05,0.0011427860124282835,-0.463912695646286,0.3630765676498413,0.4286584258079529,-0.48005345463752747,0.8690705273947936,-0.001378171145915985,-0.0010936055332422256,-0.0014061573892831802,-0.0003661494702100754,0.002234475900785265,-0.6210529208183289,0.192816823720932,0.2650078237056732,-0.6429198980331421,0.8621896377508669,-0.008880309760570526,0.005058018956333399,-0.0002315364545211196,-0.007873417809605598,0.0020583823788911104,-0.005777590908110142,-0.0012773089110851288,-0.0013805925846099854,-0.001262826845049858,-0.00044694170355796814,0.002249519672915573,-0.7412689328193665,0.10760314017534256,0.24893738329410553,-0.6280913352966309,0.8753536186536214,52.866189986,True,-9.881332516670227e-05,0.0002857297658920288,-0.00014640390872955322,7.939524948596954e-05,0.0003293887908504696,0.12023420631885529,0.08520530164241791,0.016067177057266235,-0.014859250746667385,0.1474349232970412,ROA_1003_model40000_std01,2643,2026-10-03_22-59-50,-0.006813338026404381,0.004653419833630323
-0.0005270820111036301,-0.0007515773177146912,-0.0008470378816127777,-7.674098014831543e-05,0.0011360793453913203,-0.4654354155063629,0.36525213718414307,0.4292013943195343,-0.4828297197818756,0.8725314646830434,-0.0013432465493679047,-0.0010540708899497986,-0.0014028511941432953,-0.00035138800740242004,0.002189864832683318,-0.6195553541183472,0.19796238839626312,0.2687685191631317,-0.6415619850158691,0.8651764659935484,-0.009530835784971714,0.005295919720083475,-0.0008221282623708248,-0.007643495220690966,0.001426445203833282,-0.005585424602031708,-0.0012512318789958954,-0.0013597309589385986,-0.0012643635272979736,-0.0004600267857313156,0.002227347210551009,-0.7378966212272644,0.1132129654288292,0.2467641532421112,-0.6347829103469849,0.8768076016527224,52.886189752,True,-9.522773325443268e-05,0.0003077555447816849,-0.00014025717973709106,0.00011175870895385742,0.0003572932169790368,0.11831986904144287,0.08474615961313248,0.02202298305928707,-0.006820074748247862,0.14621471401114047,ROA_1003_model40000_std01,2644,2026-10-03_22-59-50,-0.0073221540078520775,0.005166011396795511
-0.0005190260708332062,-0.0007486902177333832,-0.0008297618478536606,-9.667128324508667e-05,0.0011274965635761638,-0.4672412574291229,0.3676670491695404,0.4313490092754364,-0.48698902130126953,0.8778064638868439,-0.0013006385415792465,-0.001024920493364334,-0.0013750046491622925,-0.00035460107028484344,0.0021357562969031843,-0.6189327239990234,0.2024434357881546,0.2734004259109497,-0.6430158019065857,0.8701973752656921,-0.010591483674943447,0.005230616312474012,-0.0017968583852052689,-0.007772971875965595,0.00043708767043426633,-0.0057288603857159615,-0.0012181233614683151,-0.0013526063412427902,-0.0012476462870836258,-0.0004871748387813568,0.0022047810003879105,-0.7352744936943054,0.11654244363307953,0.24722468852996826,-0.6420374512672424,0.8795118090245466,52.90619101,True,-8.190982043743134e-05,0.00032926909625530243,-0.00012549571692943573,0.0001317821443080902,0.0003763835874682286,0.11635617911815643,0.08591776341199875,0.02620275877416134,-0.000976957380771637,0.14610320282533534,ROA_1003_model40000_std01,2645,2026-10-03_22-59-50,-0.008283011615276337,0.005324857775121927
-0.0005234964191913605,-0.0007399823516607285,-0.000817934051156044,-0.000116787850856781,0.0011275704713968608,-0.4700785279273987,0.3712167739868164,0.4333480894565582,-0.49100860953330994,0.8839651995340957,-0.0012619886547327042,-0.0009888317435979843,-0.0013360287994146347,-0.0003516674041748047,0.0020736576888414748,-0.6198817491531372,0.20787490904331207,0.2769920825958252,-0.6453920602798462,0.8763489122326034,-0.010894735343754292,0.005223248619586229,-0.0020187508780509233,-0.007837923243641853,0.0002017091028392315,-0.005823243409395218,-0.0012017320841550827,-0.0013473443686962128,-0.0012301374226808548,-0.0005086883902549744,0.0021917308691031486,-0.7352772951126099,0.11925119161605835,0.2487916350364685,-0.6483341455459595,0.8839175347688596,52.926190351,True,-6.132759153842926e-05,0.000360049307346344,-0.00010784715414047241,0.0001560896635055542,0.000405188386021018,0.1153978481888771,0.0886283740401268,0.02822698839008808,0.002929474925622344,0.14751907302386064,ROA_1003_model40000_std01,2646,2026-10-03_22-59-50,-0.008547424338757992,0.005522037390619516
-0.00054934062063694,-0.0007177703082561493,-0.0007868744432926178,-0.0001471489667892456,0.0011286898704534994,-0.47418147325515747,0.3756759464740753,0.43514835834503174,-0.4945564866065979,0.890821030659865,-0.0012456905096769333,-0.0009504146873950958,-0.0012753531336784363,-0.00037066638469696045,0.002020143128805468,-0.6222273111343384,0.21332921087741852,0.27984192967414856,-0.6482866406440735,0.8830564589305189,-0.01088978536427021,0.004970599431544542,-0.0019363535102456808,-0.00815676897764206,0.0002662589540705085,-0.006179904565215111,-0.0012081582099199295,-0.0013242941349744797,-0.0011888332664966583,-0.0005405861884355545,0.002177132080430538,-0.7375655174255371,0.12279441207647324,0.25076231360435486,-0.6533632874488831,0.8898660340120716,52.946190685000005,True,-3.511086106300354e-05,0.0003763008862733841,-8.870847523212433e-05,0.00017047859728336334,0.0004189160298756288,0.11533032357692719,0.09057530760765076,0.029056796804070473,0.0050882804207503796,0.14895189181153573,ROA_1003_model40000_std01,2647,2026-10-03_22-59-50,-0.008496537804603577,0.005477581638842821
-0.0005618669092655182,-0.0007038470357656479,-0.0007948372513055801,-0.00014873221516609192,0.0011354930353886065,-0.4777619242668152,0.3801407217979431,0.43600282073020935,-0.4968135356903076,0.8962705080452507,-0.0012118369340896606,-0.0009078998118638992,-0.001249648630619049,-0.00035730190575122833,0.001963268117796177,-0.6252617835998535,0.2181897759437561,0.2800915241241455,-0.6513473987579346,0.8885363616955854,-0.009806996211409569,0.004663958679884672,-0.001100581488572061,-0.008483977057039738,0.0011752634309232235,-0.00641287537291646,-0.0012075062841176987,-0.0013113953173160553,-0.001183943822979927,-0.0005387235432863235,0.002167140507689489,-0.7408440113067627,0.12589618563652039,0.25266826152801514,-0.6554549932479858,0.8950586303609063,52.966193258000004,True,-5.261972546577454e-06,0.0004041939973831177,-6.547197699546814e-05,0.0001809094101190567,0.0004439746030138713,0.11558550596237183,0.09230104833841324,0.027414875105023384,0.00411132350564003,0.14986629766654339,ROA_1003_model40000_std01,2648,2026-10-03_22-59-50,-0.007407461293041706,0.0052382065914571285
-0.0005697133019566536,-0.0007034512236714363,-0.0007864087820053101,-0.0001591164618730545,0.0011394697547436475,-0.4792378544807434,0.38317611813545227,0.4359418451786041,-0.49788084626197815,0.8989362326815202,-0.0011840835213661194,-0.0008989125490188599,-0.001209275797009468,-0.0003635883331298828,0.0019203557213466264,-0.6275509595870972,0.22008664906024933,0.2789553105831146,-0.653850793838501,0.8912438832853778,-0.008541174232959747,0.003960572648793459,0.0001306830090470612,-0.009223567321896553,0.002435967093333602,-0.007146080955862999,-0.0012086471542716026,-0.0013148412108421326,-0.001165224239230156,-0.0005465000867843628,0.002164224648948499,-0.7422393560409546,0.12788012623786926,0.2537425458431244,-0.6557800769805908,0.8974838680910324,52.986189335000006,True,2.260785549879074e-05,0.00041709281504154205,-4.6426430344581604e-05,0.00018426217138767242,0.0004559854095699461,0.11476338654756546,0.092202328145504,0.02518482320010662,0.001921784016303718,0.14869472852679433,ROA_1003_model40000_std01,2649,2026-10-03_22-59-50,-0.006252243183553219,0.0045014782808721066
-0.0005549518391489983,-0.0007295049726963043,-0.0007952563464641571,-0.00014994293451309204,0.0011427944002838496,-0.476630836725235,0.3825030028820038,0.43526989221572876,-0.496921569108963,0.8965029671928405,-0.001139962114393711,-0.0009045237675309181,-0.0011946074664592743,-0.00034761615097522736,0.0018796462023808612,-0.6269577145576477,0.2180698662996292,0.27580323815345764,-0.65577632188797,0.8893729089667076,-0.006627626717090607,0.0033469796180725098,0.0017376085743308067,-0.009689109399914742,0.0041263289749622345,-0.007515880279242992,-0.0011914875358343124,-0.001338939182460308,-0.0011644791811704636,-0.0005283858627080917,0.0021592248010309633,-0.7409294843673706,0.1273231953382492,0.254393994808197,-0.6516854763031006,0.8952055779837578,53.006196068,True,5.115289241075516e-05,0.0004307599738240242,-3.0314549803733826e-05,0.00018025748431682587,0.0004683154418913968,0.11396663635969162,0.09074247628450394,0.02141576074063778,-0.004107598215341568,0.14637863296739936,ROA_1003_model40000_std01,2650,2026-10-03_22-59-50,-0.004794800654053688,0.003409336321055889
-0.0005142996087670326,-0.0007762806490063667,-0.0008872710168361664,-6.30505383014679e-05,0.0011557946863576087,-0.4726436138153076,0.38047948479652405,0.4284639060497284,-0.489288330078125,0.8861213127382905,-0.0010868068784475327,-0.000948016531765461,-0.001266133040189743,-0.00026407651603221893,0.0018749488600234693,-0.6250603795051575,0.2147904485464096,0.26575568318367004,-0.6523079872131348,0.8798513416893545,-0.004215479828417301,0.0024024429731070995,0.003908566199243069,-0.01057649590075016,0.006327037699520588,-0.008371377363801003,-0.0011621275916695595,-0.0013909069821238518,-0.0012463424354791641,-0.000432552769780159,0.0021687622200381573,-0.7406214475631714,0.12268102169036865,0.24997441470623016,-0.6403506994247437,0.8863680891677552,53.02619944200001,True,6.996560841798782e-05,0.0004444969817996025,-2.0582228899002075e-05,0.00016796402633190155,0.0004787509080392988,0.11555011570453644,0.09207659959793091,0.01580687239766121,-0.011951196007430553,0.14783264969325108,ROA_1003_model40000_std01,2651,2026-10-03_22-59-50,-0.002634360920637846,0.0023177051916718483
-0.0004914356395602226,-0.0008059898391366005,-0.0009835581295192242,2.112938091158867e-05,0.0011821085950476208,-0.467048704624176,0.3771358132362366,0.4196484684944153,-0.47977882623672485,0.8723337153328878,-0.001073163002729416,-0.0009586336091160774,-0.0013509765267372131,-0.00018081627786159515,0.0018949627088230012,-0.6218124032020569,0.21058785915374756,0.25462567806243896,-0.6459550857543945,0.8671858438793248,-0.001786435255780816,0.0014491714537143707,0.0060118818655610085,-0.011095480062067509,0.008369047194719315,-0.008995100855827332,-0.0011547934263944626,-0.001424551010131836,-0.0013308832421898842,-0.00033136457204818726,0.002182473195647529,-0.7418226003646851,0.11645280569791794,0.24387891590595245,-0.6250814199447632,0.8758008171298106,53.04619395100001,True,8.167698979377747e-05,0.0004657311365008354,-2.126907929778099e-05,0.00015129335224628448,0.000494868473412345,0.12000975757837296,0.09418557584285736,0.010784132406115532,-0.020907025784254074,0.15262141844960408,ROA_1003_model40000_std01,2652,2026-10-03_22-59-50,-0.00041939294897019863,0.0011612963862717152
-0.00044725602492690086,-0.0008479692041873932,-0.0010256539098918438,6.354821380227804e-05,0.0011824284821279434,-0.4624512195587158,0.3750256597995758,0.4132840633392334,-0.47456854581832886,0.8631016650727948,-0.0010197749361395836,-0.0009907991625368595,-0.0013863493222743273,-0.00013649987522512674,0.0018790019294855507,-0.6200124025344849,0.20639736950397491,0.24741648137569427,-0.6416538953781128,0.8583312517645136,3.798631951212883e-06,-0.00042004347778856754,0.007740981876850128,-0.012324165552854538,0.009878057986497879,-0.010545989498496056,-0.0011074240319430828,-0.0014627119526267052,-0.0013653218047693372,-0.00028494687285274267,0.002170489820144977,-0.7378658652305603,0.11417874693870544,0.2391796112060547,-0.6171875596046448,0.867101915303172,53.066193708,True,8.688075467944145e-05,0.000470760278403759,-2.2703898139297962e-05,0.00014564720913767815,0.0004986996080805291,0.11780799180269241,0.09221350401639938,0.008239556103944778,-0.024513544514775276,0.1498612698769471,ROA_1003_model40000_std01,2653,2026-10-03_22-59-50,0.001204122556373477,-0.0004294218961149454
-0.0003802473656833172,-0.0009238137863576412,-0.0010858173482120037,0.0001046457327902317,0.0011934959070335827,-0.45584338903427124,0.37136974930763245,0.4062388837337494,-0.4712696969509125,0.8527651043381601,-0.0009381212294101715,-0.001048017293214798,-0.0014405581168830395,-8.004717528820038e-05,0.00186178670223512,-0.6185327172279358,0.1981622725725174,0.23979878425598145,-0.639248251914978,0.8484603176224251,0.0022439765743911266,-0.0035460139624774456,0.00947523396462202,-0.014206744730472565,0.011293630115687847,-0.012802977114915848,-0.001024547964334488,-0.0015200115740299225,-0.001418392639607191,-0.0002289307303726673,0.00215090147549587,-0.7306829690933228,0.1114741861820221,0.23204565048217773,-0.6119269728660583,0.855740394820102,53.086193145,True,8.650822564959526e-05,0.0004718545824289322,-2.1280720829963684e-05,0.00014903489500284195,0.0005006961498167264,0.11211970448493958,0.08671008795499802,0.007742899004369974,-0.02733827382326126,0.14214718819721314,ROA_1003_model40000_std01,2654,2026-10-03_22-59-50,0.003199021564796567,-0.003312133252620697
-0.0002895249053835869,-0.0010292045772075653,-0.0011692289263010025,0.0002055545337498188,0.0012083807404810263,-0.44801923632621765,0.3651638925075531,0.395608127117157,-0.4627067744731903,0.8360742538530554,-0.0008594244718551636,-0.0011782627552747726,-0.0015347846783697605,1.2794043868780136e-05,0.0018842204517808,-0.6146630644798279,0.18717417120933533,0.22894364595413208,-0.6324245929718018,0.83214183850321,0.003158692503347993,-0.006018584594130516,0.010346297174692154,-0.016889162361621857,0.012160965241491795,-0.015355177223682404,-0.0009393785148859024,-0.001627020537853241,-0.001508218701928854,-0.00012172386050224304,0.0021539189121186145,-0.7210596799850464,0.10415515303611755,0.22185394167900085,-0.602163553237915,0.837730385920561,53.106195046,True,7.98376277089119e-05,0.00044868793338537216,-2.498272806406021e-05,0.00013480894267559052,0.000473645960169329,0.10639707744121552,0.08301226794719696,0.007064663339406252,-0.03030884452164173,0.1356099445282757,ROA_1003_model40000_std01,2655,2026-10-03_22-59-50,0.0035866117104887962,-0.0057524568401277065
-0.0002050073817372322,-0.001158122904598713,-0.0012023607268929482,0.00028708018362522125,0.0012522332556346987,-0.43920356035232544,0.35634496808052063,0.38663166761398315,-0.4567822813987732,0.8198410713204957,-0.0007892027497291565,-0.0013366108760237694,-0.0015887082554399967,8.874339982867241e-05,0.0018993336114192763,-0.6098737716674805,0.1728278547525406,0.2208612710237503,-0.6275359392166138,0.8162133756347173,0.003152567660436034,-0.007679902482777834,0.010218465700745583,-0.018800267949700356,0.012135019525885582,-0.01699071191251278,-0.0008594710379838943,-0.0017648562788963318,-0.0015552970580756664,-4.557659849524498e-05,0.002173724108750197,-0.7111110687255859,0.09204959124326706,0.21128693222999573,-0.5980691313743591,0.819157060098708,53.126197811000004,True,6.959307938814163e-05,0.00042978208512067795,-3.3818650990724564e-05,0.00013441313058137894,0.00045386792424019967,0.10123056918382645,0.08080480247735977,0.009569572284817696,-0.02947775460779667,0.13000893312507264,ROA_1003_model40000_std01,2656,2026-10-03_22-59-50,0.003076303517445922,-0.007451477460563183
-0.00016978010535240173,-0.001190556213259697,-0.0012570759281516075,0.0003708992153406143,0.001359236463500745,-0.4296949803829193,0.3530043065547943,0.37780192494392395,-0.4517994523048401,0.8064918037375,-0.0007685273885726929,-0.0013964716345071793,-0.0016611767932772636,0.00017189886420965195,0.0019258576889114238,-0.6017037630081177,0.16699637472629547,0.21528172492980957,-0.6199938654899597,0.8026834228177143,0.004463248886168003,-0.008535139262676239,0.011164109222590923,-0.01957797445356846,0.013145276345312595,-0.017558705061674118,-0.0008190516382455826,-0.0017913058400154114,-0.0016185455024242401,3.608874976634979e-05,0.0021586203976317665,-0.6994082927703857,0.09313970059156418,0.2003311961889267,-0.5934640765190125,0.8046584619858436,53.146199041,True,5.387701094150543e-05,0.00039422884583473206,-4.456378519535065e-05,0.0001362524926662445,0.0004187253820275714,0.09768734872341156,0.07386412471532822,0.014947260729968548,-0.026514751836657524,0.12254122550375406,ROA_1003_model40000_std01,2657,2026-10-03_22-59-50,0.003914283122867346,-0.008407479152083397
-0.0001412816345691681,-0.0011991709470748901,-0.001231115311384201,0.0004020053893327713,0.001376472447912595,-0.42228445410728455,0.35186296701431274,0.3791535198688507,-0.45394521951675415,0.8041781738748859,-0.0007417052984237671,-0.0014485325664281845,-0.001649046316742897,0.00020349398255348206,0.0019064643856115432,-0.5952939391136169,0.16453023254871368,0.21962401270866394,-0.6192126274108887,0.8003268445445997,0.0044283634051680565,-0.008814632892608643,0.01120814960449934,-0.01978648453950882,0.013148309662938118,-0.017719293013215065,-0.0007747672498226166,-0.0017889775335788727,-0.001600547693669796,7.012858986854553e-05,0.0021113193266397274,-0.6869993805885315,0.10517099499702454,0.2013428509235382,-0.5934377908706665,0.8022596005866376,53.166195310000006,True,3.1013041734695435e-05,0.00033956021070480347,-4.8405490815639496e-05,0.0001369975507259369,0.0003663135817931744,0.09173154085874557,0.059410460293293,0.018297694623470306,-0.025766434147953987,0.10929899610668695,ROA_1003_model40000_std01,2658,2026-10-03_22-59-50,0.0031643640249967575,-0.009183264337480068
-0.00015883706510066986,-0.0011630821973085403,-0.0011767726391553879,0.0003916211426258087,0.0013184588808472903,-0.419723778963089,0.35331210494041443,0.38338544964790344,-0.45821768045425415,0.8080794703099733,-0.0007867347449064255,-0.0014815479516983032,-0.0016145408153533936,0.0001791398972272873,0.001932615478332332,-0.5946946144104004,0.16307969391345978,0.2261386215686798,-0.6213423013687134,0.8039001370043988,0.004751566797494888,-0.00825079157948494,0.011654876172542572,-0.019170451909303665,0.0135636692866683,-0.017097072675824165,-0.0007889699190855026,-0.001749768853187561,-0.0015548896044492722,5.327165126800537e-05,0.0020856851965410602,-0.6832317113876343,0.11862906813621521,0.20616640150547028,-0.5955649018287659,0.8091039703421592,53.18619909900001,True,1.7229467630386353e-06,0.000267568975687027,-5.9977173805236816e-05,0.00012526288628578186,0.00029643555872482455,0.08852732926607132,0.04449905455112457,0.019967088475823402,-0.02575991488993168,0.09930322506199979,ROA_1003_model40000_std01,2659,2026-10-03_22-59-50,0.0029810271225869656,-0.008915381506085396
-0.00022489111870527267,-0.0010853633284568787,-0.0011488096788525581,0.0003878725692629814,0.0012457879191771428,-0.42173823714256287,0.35858267545700073,0.3860187530517578,-0.4617511034011841,0.8147954930229059,-0.000890018418431282,-0.0014745164662599564,-0.0016118399798870087,0.00014957040548324585,0.002004906080378231,-0.598103940486908,0.1658494472503662,0.2312166541814804,-0.6225816607475281,0.8101272050636678,0.004578240681439638,-0.007410116493701935,0.011552701704204082,-0.018425866961479187,0.013450715690851212,-0.01631711609661579,-0.0008610542863607407,-0.0016746576875448227,-0.0015424564480781555,3.939494490623474e-05,0.0020864899559522748,-0.6860871315002441,0.13217981159687042,0.2083582729101181,-0.5983482003211975,0.8191758708914977,53.206198376,True,-2.9150396585464478e-05,0.00020081643015146255,-7.031485438346863e-05,0.00010742805898189545,0.00023555390476445053,0.08799786865711212,0.03371387720108032,0.022884689271450043,-0.024232080206274986,0.0951863549586592,ROA_1003_model40000_std01,2660,2026-10-03_22-59-50,0.002758850809186697,-0.007996339350938797
-0.00028670765459537506,-0.0010211020708084106,-0.0010973657481372356,0.00036263372749090195,0.0011616825679134596,-0.4265766739845276,0.3642176687717438,0.39353370666503906,-0.4666518568992615,0.8262599226563458,-0.000982731580734253,-0.0014808494597673416,-0.0015812227502465248,8.712522685527802e-05,0.0020724019717967288,-0.6034059524536133,0.16923829913139343,0.24059157073497772,-0.6263508200645447,0.821148369548427,0.003912722691893578,-0.007263165898621082,0.01092031691223383,-0.018095683306455612,0.012740140780806541,-0.016061833128333092,-0.000931229442358017,-0.0016146106645464897,-0.0014985911548137665,9.872019290924072e-06,0.0020904853302135,-0.6924988627433777,0.14230282604694366,0.21704262495040894,-0.6021252870559692,0.8336576125249916,53.226197205000005,True,-5.3714029490947723e-05,0.00013131648302078247,-8.281785994768143e-05,7.806811481714249e-05,0.00017796896609231135,0.08909682929515839,0.026927094906568527,0.023553961887955666,-0.024241626262664795,0.0945075952950452,ROA_1003_model40000_std01,2661,2026-10-03_22-59-50,0.002431491855531931,-0.0074594030156731606
-0.0003437511622905731,-0.0009772833436727524,-0.0010603340342640877,0.00032817479223012924,0.0011150225467292051,-0.43261095881462097,0.3668470084667206,0.4037887454032898,-0.472505658864975,0.8387689443573868,-0.0010897871106863022,-0.001496216282248497,-0.001567578874528408,2.0186416804790497e-05,0.0021653206379585446,-0.6117410659790039,0.16754981875419617,0.25174009799957275,-0.6319950222969055,0.833180565554924,0.0025574469473212957,-0.007949378341436386,0.009245979599654675,-0.018958913162350655,0.011200180277228355,-0.016666138544678688,-0.0010041985660791397,-0.0015655066817998886,-0.001468299888074398,-1.9278377294540405e-05,0.002108880732880292,-0.7025929689407349,0.14760181307792664,0.22759228944778442,-0.6062854528427124,0.8493388994935448,53.246198178,True,-8.526258170604706e-05,6.575137376785278e-05,-9.94652509689331e-05,4.07220795750618e-05,0.00015076638666780188,0.09086960554122925,0.019949859008193016,0.024160485714673996,-0.02574128843843937,0.09496957794171984,ROA_1003_model40000_std01,2662,2026-10-03_22-59-50,0.0012855832464993,-0.008021663874387741
-0.0004089437425136566,-0.0009456183761358261,-0.0010157003998756409,0.00027515925467014313,0.001114115546172014,-0.4354207515716553,0.3669257164001465,0.4091581702232361,-0.4759228229522705,0.8447308090153831,-0.0011757947504520416,-0.001500966027379036,-0.0015367288142442703,-4.7869980335235596e-05,0.002232263681295217,-0.6169960498809814,0.16243475675582886,0.25796982645988464,-0.6353293657302856,0.8383841349479352,0.0028368597850203514,-0.008073713630437851,0.008067524991929531,-0.01919291913509369,0.010495781898498535,-0.01613469608128071,-0.0010753050446510315,-0.0015146099030971527,-0.0014268793165683746,-6.544869393110275e-05,0.0021270666512230216,-0.7073911428451538,0.15210360288619995,0.23224273324012756,-0.6072425246238708,0.8571269439798057,53.266204272,True,-9.960494935512543e-05,1.3224780559539795e-05,-0.0001096515916287899,1.902226358652115e-05,0.00014990851562237133,0.09039881825447083,0.010337679646909237,0.025721963495016098,-0.028104053810238838,0.09401704255133747,ROA_1003_model40000_std01,2663,2026-10-03_22-59-50,0.001723673427477479,-0.007995393127202988
-0.00040223821997642517,-0.0009802170097827911,-0.0010320334695279598,0.00027224887162446976,0.0011311096287257739,-0.4360116720199585,0.3637629449367523,0.41017910838127136,-0.47572430968284607,0.8439384933384346,-0.0011806841939687729,-0.0015604309737682343,-0.0015653320588171482,-5.76837919652462e-05,0.0022798757812993154,-0.6188154220581055,0.15472294390201569,0.2591511905193329,-0.6366683840751648,0.8370391902415705,0.0034640179947018623,-0.00997593067586422,0.0073342518880963326,-0.021118443459272385,0.010198003612458706,-0.017376329749822617,-0.0010726973414421082,-0.0015368685126304626,-0.0014497549273073673,-5.7730358093976974e-05,0.0021440768388636044,-0.7089157104492188,0.14878715574741364,0.23273389041423798,-0.6062629222869873,0.8564723875169433,53.286199485000004,True,-0.00011026859283447266,-2.2631138563156128e-05,-0.00011713709682226181,1.932494342327118e-06,0.00016149818429368745,0.09008961915969849,0.00594509718939662,0.026425695046782494,-0.030420253053307533,0.09393407707222766,ROA_1003_model40000_std01,2664,2026-10-03_22-59-50,0.0025988572742789984,-0.009539375081658363
-0.00041835010051727295,-0.0009939074516296387,-0.001057283952832222,0.00025746412575244904,0.001166287005032764,-0.4392089247703552,0.36407166719436646,0.4119970500469208,-0.4760892689228058,0.8467482840755235,-0.001211557537317276,-0.0016034580767154694,-0.0015962403267621994,-8.91275703907013e-05,0.0023457816353427362,-0.6231078505516052,0.15063489973545074,0.2590380609035492,-0.6409482955932617,0.8393785474752031,0.005289371125400066,-0.011686231940984726,0.00840932410210371,-0.02324301190674305,0.01164745818823576,-0.018947582691907883,-0.001100543886423111,-0.0015593133866786957,-0.0014724209904670715,-7.129274308681488e-05,0.0021883681703390528,-0.7141581177711487,0.14618970453739166,0.2358006238937378,-0.606101930141449,0.8601385998283593,53.306202698,True,-0.00011520460247993469,-4.2747706174850464e-05,-0.0001246575266122818,-1.7369166016578674e-05,0.00017486706974866964,0.09103304892778397,0.004454515874385834,0.02322997711598873,-0.034877099096775055,0.09406467409350194,ROA_1003_model40000_std01,2665,2026-10-03_22-59-50,0.00485907681286335,-0.01073521003127098
-0.0004093162715435028,-0.000996515154838562,-0.001123175024986267,0.0002882443368434906,0.0012033682222233387,-0.44328251481056213,0.3663543462753296,0.4106706380844116,-0.47226107120513916,0.847090336183883,-0.0012510456144809723,-0.0016870908439159393,-0.0016775447875261307,-0.0001030508428812027,0.0024546100542247517,-0.6274422407150269,0.1480383723974228,0.25702032446861267,-0.6400265097618103,0.8386998016282187,0.004801254719495773,-0.011636201292276382,0.008411550894379616,-0.025034833699464798,0.012147687375545502,-0.02005103975534439,-0.0011181458830833435,-0.0015993602573871613,-0.001538218930363655,-5.7462602853775024e-05,0.0022446068350833364,-0.7203900814056396,0.14027021825313568,0.2360539436340332,-0.6048092246055603,0.8611649202184497,53.326199831000004,True,-0.00013262033462524414,-8.195638656616211e-05,-0.00013685785233974457,-4.4424086809158325e-05,0.00021064076980343335,0.09291618317365646,0.00778026832267642,0.02098735235631466,-0.035185832530260086,0.09525711066183423,ROA_1003_model40000_std01,2666,2026-10-03_22-59-50,0.0046312930062413216,-0.010129038244485855
-0.00039427541196346283,-0.0010077841579914093,-0.0011231284588575363,0.0002700719051063061,0.001200786897839081,-0.44378963112831116,0.3642663061618805,0.41066014766693115,-0.47033777832984924,0.8453425098046953,-0.0012773554772138596,-0.0017659738659858704,-0.0016946811228990555,-0.00015210825949907303,0.002535119762196792,-0.6271805167198181,0.14456407725811005,0.2568639814853668,-0.6387366056442261,0.836241400166574,0.0035906375851482153,-0.010564429685473442,0.007511132396757603,-0.02510887011885643,0.011601699516177177,-0.019681157544255257,-0.0011265743523836136,-0.001650070771574974,-0.0015442143194377422,-8.902279660105705e-05,0.0022893821305276676,-0.7225293517112732,0.13153254985809326,0.23685045540332794,-0.604305624961853,0.8589484807246319,53.346206884000004,True,-0.000153249129652977,-0.00011273659765720367,-0.00014962861314415932,-6.245682016015053e-05,0.0002482343059133935,0.09530316293239594,0.01304782833904028,0.0200091153383255,-0.03444298356771469,0.0975740488140249,ROA_1003_model40000_std01,2667,2026-10-03_22-59-50,0.0033653941936790943,-0.008937295526266098
-0.0004020519554615021,-0.0010070856660604477,-0.0011023483239114285,0.00023855827748775482,0.00119689220946301,-0.4440387487411499,0.36301183700561523,0.40968936681747437,-0.46828362345695496,0.843298578010936,-0.0012969132512807846,-0.001801876351237297,-0.0016772188246250153,-0.00020028091967105865,0.0025751052529064226,-0.6275609731674194,0.14307023584842682,0.2559749186038971,-0.636115312576294,0.833923448069604,0.002928862813860178,-0.009411415085196495,0.0069528985768556595,-0.023867441341280937,0.011032991111278534,-0.01853705197572708,-0.00113598071038723,-0.001666788011789322,-0.001520337536931038,-0.00012383097782731056,0.0023061387563433,-0.7226578593254089,0.12531504034996033,0.2354372888803482,-0.6035858392715454,0.8553514902888473,53.366201329000006,True,-0.0001635868102312088,-0.00013755634427070618,-0.00015944242477416992,-7.800990715622902e-05,0.00027583400106648905,0.0950843021273613,0.017770566046237946,0.020511098206043243,-0.03253190964460373,0.09792335743935854,ROA_1003_model40000_std01,2668,2026-10-03_22-59-50,0.0028771180659532547,-0.007469735108315945
-0.000382913276553154,-0.0010350719094276428,-0.0010861782357096672,0.00021347077563405037,0.0011902368853703973,-0.4449770450592041,0.36029982566833496,0.41139379143714905,-0.46840155124664307,0.8434278115117073,-0.0012676697224378586,-0.001821666955947876,-0.0016591046005487442,-0.0002255546860396862,0.002567735880800372,-0.6282599568367004,0.14277034997940063,0.25586456060409546,-0.6369799375534058,0.8345073034396503,0.0024454807862639427,-0.009130040183663368,0.00644213892519474,-0.023215165361762047,0.010434998199343681,-0.018135439604520798,-0.0011109281331300735,-0.0016869977116584778,-0.0014983932487666607,-0.00014067627489566803,0.0022978077862347594,-0.722963809967041,0.1176176518201828,0.23794569075107574,-0.6038064360618591,0.8536069272688203,53.386205503000006,True,-0.00016111880540847778,-0.00013541430234909058,-0.00016390113160014153,-8.811475709080696e-05,0.0002794730310294965,0.09467265754938126,0.025161074474453926,0.017917249351739883,-0.0331740565598011,0.09841653483948706,ROA_1003_model40000_std01,2669,2026-10-03_22-59-50,0.0025171495508402586,-0.007035241462290287
-0.0003775116056203842,-0.0010540708899497986,-0.0010948744602501392,0.000216637272387743,0.0011977687800746072,-0.44630512595176697,0.36003437638282776,0.4111008942127228,-0.46736475825309753,0.8432593263502046,-0.0012511387467384338,-0.0018256250768899918,-0.0016623642295598984,-0.00022138701751828194,0.002559184180092759,-0.6295880079269409,0.14454032480716705,0.25323742628097534,-0.6369573473930359,0.8345235464101987,0.0033721488434821367,-0.008806178346276283,0.0073514655232429504,-0.022779302671551704,0.011353272013366222,-0.017812976613640785,-0.0011031515896320343,-0.0017026439309120178,-0.0015012803487479687,-0.00013743992894887924,0.0023015640560869913,-0.7232264280319214,0.11331680417060852,0.23683881759643555,-0.6046352982521057,0.8516437135095457,53.406201452000005,True,-0.00015133991837501526,-0.00012344680726528168,-0.0001612585037946701,-8.723000064492226e-05,0.00026669098672062007,0.0936281830072403,0.03120768629014492,0.0164200309664011,-0.032370675355196,0.09885859872173132,ROA_1003_model40000_std01,2670,2026-10-03_22-59-50,0.0035259828437119722,-0.006801024544984102
-0.0004042871296405792,-0.0010523945093154907,-0.0011037569493055344,0.0002112705260515213,0.0012210158003044657,-0.44986557960510254,0.36098527908325195,0.4138503968715668,-0.4687694311141968,0.8476105613844062,-0.0012712087482213974,-0.0017978250980377197,-0.001668115146458149,-0.0002187676727771759,0.002558908698788983,-0.6343922019004822,0.14741206169128418,0.25214114785194397,-0.6405348777770996,0.8394108831788627,0.004314413294196129,-0.00854564644396305,0.008250354789197445,-0.022579142823815346,0.012339013628661633,-0.017625603824853897,-0.0011334195733070374,-0.0017017591744661331,-0.0015094876289367676,-0.00013990793377161026,0.00232459306952374,-0.7293615341186523,0.1099221333861351,0.23936432600021362,-0.6067535877227783,0.8562756557504732,53.426203513000004,True,-0.00013560056686401367,-9.024515748023987e-05,-0.00015478581190109253,-7.834751158952713e-05,0.00023755091574056443,0.0949939638376236,0.03752531483769417,0.012754927389323711,-0.03381259739398956,0.10213892873446259,ROA_1003_model40000_std01,2671,2026-10-03_22-59-50,0.004468842409551144,-0.00695072952657938
-0.00038640573620796204,-0.0010749325156211853,-0.0011279713362455368,0.0002377200871706009,0.0012237366904791504,-0.44954192638397217,0.3605796694755554,0.4117204546928406,-0.4669562578201294,0.8452101712468808,-0.0012331176549196243,-0.0017947517335414886,-0.0016813632100820541,-0.00018654391169548035,0.0025272146636223856,-0.6346811652183533,0.14853104948997498,0.2481592744588852,-0.6390120387077332,0.8371488420875035,0.0052931830286979675,-0.008425846695899963,0.009284074418246746,-0.022196410223841667,0.013289924710988998,-0.01747577078640461,-0.001111254096031189,-0.0017270911484956741,-0.0015295576304197311,-0.00012223608791828156,0.002326361138696952,-0.7275061011314392,0.10805157572031021,0.23576848208904266,-0.6074532866477966,0.8526159528708528,53.446202534,True,-0.00012223608791828156,-7.012858986854553e-05,-0.00015362165868282318,-6.719492375850677e-05,0.00021871784339922898,0.092839814722538,0.04050973430275917,0.012391245923936367,-0.031548552215099335,0.10130181149991051,ROA_1003_model40000_std01,2672,2026-10-03_22-59-50,0.005601390264928341,-0.006732047535479069
-0.00035050325095653534,-0.001107528805732727,-0.0011881813406944275,0.0002814456820487976,0.0012436397957473258,-0.4497668445110321,0.36120784282684326,0.41041848063468933,-0.46596860885620117,0.8444265808197985,-0.0011805444955825806,-0.0017982441931962967,-0.0017437618225812912,-0.00013438984751701355,0.00250466647308337,-0.6359573006629944,0.15022605657577515,0.24422582983970642,-0.6397398710250854,0.8368128467889766,0.005476727150380611,-0.00878957286477089,0.009531660005450249,-0.02271968685090542,0.013609007932245731,-0.017985284328460693,-0.0010684598237276077,-0.0017541926354169846,-0.0015924684703350067,-7.962808012962341e-05,0.002324555712632351,-0.7265018820762634,0.10703130811452866,0.2344590574502945,-0.6077922582626343,0.8509501265536787,53.466208243000004,True,-0.0001103617250919342,-4.544854164123535e-05,-0.00014905817806720734,-5.480833351612091e-05,0.00019863087565322497,0.09054271131753922,0.04313001036643982,0.00974070280790329,-0.031958334147930145,0.10042735874853745,ROA_1003_model40000_std01,2673,2026-10-03_22-59-50,0.005970075726509094,-0.007066281978040934
-0.00032885000109672546,-0.0011143740266561508,-0.0012420117855072021,0.000334298238158226,0.001287837743982869,-0.4474315643310547,0.36240506172180176,0.4042913019657135,-0.4619494676589966,0.8385894844449977,-0.001133279874920845,-0.0017684884369373322,-0.0017927028238773346,-6.514601409435272e-05,0.0024582995503589075,-0.6321342587471008,0.15446217358112335,0.23992452025413513,-0.6327624320983887,0.8310838579055355,0.00660359300673008,-0.009007528424263,0.010516749694943428,-0.02253110706806183,0.014450974762439728,-0.01800297014415264,-0.0010326504707336426,-0.0017555896192789078,-0.0016456469893455505,-3.6368146538734436e-05,0.0023094028950719457,-0.7204273343086243,0.1100124716758728,0.2266191840171814,-0.6061223745346069,0.8435868137059909,53.486207745,True,-9.75094735622406e-05,-1.4156103134155273e-05,-0.00014454126358032227,-2.9942020773887634e-05,0.00017740617700533787,0.08825770765542984,0.04442501440644264,0.013297888450324535,-0.026669817045331,0.09880799013131024,ROA_1003_model40000_std01,2674,2026-10-03_22-59-50,0.007234382443130016,-0.006992379203438759
-0.00025602057576179504,-0.0011711381375789642,-0.0012439675629138947,0.00034975819289684296,0.0013043126631305624,-0.44306784868240356,0.35763901472091675,0.4055415987968445,-0.4619867205619812,0.8348682225541809,-0.00104513019323349,-0.0017927493900060654,-0.001796521246433258,-3.557652235031128e-05,0.0024046301210524684,-0.6261951923370361,0.15316903591156006,0.24059739708900452,-0.6328318119049072,0.8279406378916261,0.006497667171061039,-0.009476272389292717,0.010504409670829773,-0.022803548723459244,0.01437915489077568,-0.018375203013420105,-0.0009465962648391724,-0.001803738996386528,-0.0016420148313045502,-9.825453162193298e-06,0.0022704095270727398,-0.7113795280456543,0.10751699656248093,0.23100709915161133,-0.6040893197059631,0.8381859106203471,53.506209422000005,True,-9.438954293727875e-05,6.332993507385254e-06,-0.00015185214579105377,-2.6309862732887268e-05,0.00017981578372775484,0.08517130464315414,0.045649703592061996,0.009616836905479431,-0.028790438547730446,0.09678368343641969,ROA_1003_model40000_std01,2675,2026-10-03_22-59-50,0.0068517932668328285,-0.007739344146102667
-0.00024316832423210144,-0.0011801719665527344,-0.0012311618775129318,0.00034510158002376556,0.0012980146626073907,-0.44209110736846924,0.3563433289527893,0.40954023599624634,-0.46211105585098267,0.835955427724535,-0.0010304618626832962,-0.0017756130546331406,-0.0017777550965547562,-2.2491440176963806e-05,0.0023732607268958567,-0.6228619813919067,0.15526683628559113,0.24462303519248962,-0.6330073475837708,0.8295313742209445,0.005519535392522812,-0.007968979887664318,0.009970683604478836,-0.021582571789622307,0.013850413262844086,-0.01718292199075222,-0.000936584547162056,-0.0018030405044555664,-0.0016189180314540863,1.7229467630386353e-06,0.0022505454360472587,-0.7103430032730103,0.10912678390741348,0.23896758258342743,-0.5986089706420898,0.8404817014332548,53.52620549900001,True,-9.899958968162537e-05,2.7613714337348938e-05,-0.00016009435057640076,-2.3050233721733093e-05,0.0001883026747049433,0.08747819066047668,0.04612654075026512,0.005691311787813902,-0.034419819712638855,0.0995821920800787,ROA_1003_model40000_std01,2676,2026-10-03_22-59-50,0.005297122523188591,-0.006958608515560627
-0.0001914333552122116,-0.0012358184903860092,-0.001267576590180397,0.0004115048795938492,0.0013986655422011042,-0.43619516491889954,0.35153189301490784,0.40791136026382446,-0.4607830047607422,0.8292947322349072,-0.0009770970791578293,-0.0018039252609014511,-0.0018204562366008759,6.16069883108139e-05,0.0023429620579421043,-0.616081953048706,0.15124957263469696,0.24437996745109558,-0.6300755739212036,0.8227548152705383,0.006716568022966385,-0.00846239272505045,0.011077683418989182,-0.021679721772670746,0.01489007193595171,-0.017368635162711143,-0.0008765608072280884,-0.0018357299268245697,-0.0016602687537670135,7.2503462433815e-05,0.0022227550475152754,-0.7022644281387329,0.11137406527996063,0.2362830489873886,-0.5961665511131287,0.8339557381858291,53.54621796,True,-0.00010039657354354858,3.157183527946472e-05,-0.00015604309737682343,-1.1455267667770386e-05,0.00018570457958649037,0.08615431934595108,0.03989459574222565,0.008104369044303894,-0.033919233828783035,0.09523011623421049,ROA_1003_model40000_std01,2677,2026-10-03_22-59-50,0.005839390680193901,-0.008240609429776669
-0.00020619481801986694,-0.001213839277625084,-0.0013076234608888626,0.0004668254405260086,0.0014433641275370542,-0.43643102049827576,0.352576345205307,0.4070829451084137,-0.4604644775390625,0.8292947968148767,-0.0009810086339712143,-0.001756567507982254,-0.0018527265638113022,0.0001417938619852066,0.0023123059172264196,-0.6146752238273621,0.15361140668392181,0.24593433737754822,-0.6270021796226501,0.8224203957615125,0.00765095092356205,-0.00821375846862793,0.01204277016222477,-0.021369196474552155,0.015798883512616158,-0.017099086195230484,-0.0008838716894388199,-0.001803738996386528,-0.0017038080841302872,0.00013238750398159027,0.002204951471440701,-0.701275646686554,0.1183757483959198,0.2355724424123764,-0.5947397947311401,0.8354687486820858,53.566207861,True,-9.685754776000977e-05,5.252659320831299e-05,-0.00015012919902801514,1.0710209608078003e-05,0.00018272724715297746,0.08657993376255035,0.03521796315908432,0.010384711436927319,-0.032314565032720566,0.09350887889781864,ROA_1003_model40000_std01,2678,2026-10-03_22-59-50,0.006357244215905666,-0.008426602929830551
-0.00021872110664844513,-0.0011713244020938873,-0.0013575423508882523,0.0005200039595365524,0.001494371200085611,-0.43537837266921997,0.3578415811061859,0.40139394998550415,-0.45739951729774475,0.8266971922805489,-0.0009708572179079056,-0.0017006881535053253,-0.0018978025764226913,0.00021033920347690582,0.0022865211467925045,-0.6122302412986755,0.15878815948963165,0.24480324983596802,-0.6192917823791504,0.8190876965438763,0.008431040681898594,-0.007864773273468018,0.012943707406520844,-0.020676182582974434,0.016464335843920708,-0.016645638272166252,-0.0008714385330677032,-0.0017493031919002533,-0.001756800338625908,0.0001755543053150177,0.0021775084225744397,-0.693993866443634,0.130999356508255,0.22825178503990173,-0.5941073894500732,0.832323135140439,53.586209698000005,True,-9.648501873016357e-05,4.754401743412018e-05,-0.00014104880392551422,3.511086106300354e-05,0.00017988056648390714,0.08176429569721222,0.02780742757022381,0.01656915992498398,-0.025210900232195854,0.0867368054780262,ROA_1003_model40000_std01,2679,2026-10-03_22-59-50,0.007281403988599777,-0.0075027309358119965
-0.0001830514520406723,-0.0011461786925792694,-0.0013996846973896027,0.0005752779543399811,0.0015617117527642244,-0.433128297328949,0.362058162689209,0.39674943685531616,-0.4553259015083313,0.8241317192491976,-0.0009159091860055923,-0.0017025042325258255,-0.0019400380551815033,0.00026244670152664185,0.0022618470134800183,-0.608429491519928,0.16335023939609528,0.24503003060817719,-0.6122416257858276,0.8158994408553947,0.0077645182609558105,-0.008027473464608192,0.01294654980301857,-0.02078205905854702,0.016163194552063942,-0.017082160338759422,-0.0008142553269863129,-0.0017274171113967896,-0.001807883381843567,0.00021299347281455994,0.002144071170644708,-0.6829444169998169,0.1392308622598648,0.22260470688343048,-0.5964757800102234,0.8270788955446943,53.606209552,True,-0.00010104849934577942,3.175809979438782e-05,-0.0001285690814256668,5.192123353481293e-05,0.00017435788834872578,0.07453560829162598,0.024177132174372673,0.02238340489566326,-0.01579010859131813,0.08019642509994475,ROA_1003_model40000_std01,2680,2026-10-03_22-59-50,0.006846393458545208,-0.007093760184943676
-0.00016922131180763245,-0.0011135824024677277,-0.0014143530279397964,0.000589294359087944,0.0015779640423639997,-0.43255507946014404,0.36733829975128174,0.3941459357738495,-0.4553734064102173,0.8250795561776154,-0.0008770264685153961,-0.0016959849745035172,-0.001952657476067543,0.0002668239176273346,0.0022428637892228176,-0.6066001653671265,0.1687127947807312,0.24597671627998352,-0.6083729267120361,0.8160603200933154,0.006137357093393803,-0.008410822600126266,0.011895516887307167,-0.020867444574832916,0.014721391722559929,-0.017635956406593323,-0.0007750466465950012,-0.001696636900305748,-0.0018266495317220688,0.0002114567905664444,0.0021185902425771156,-0.6751720309257507,0.14810588955879211,0.21911272406578064,-0.6004022359848022,0.8261511934125754,53.626209021,True,-0.00010314397513866425,2.561137080192566e-06,-0.00012521632015705109,5.8673322200775146e-05,0.00016917225366511537,0.06855791062116623,0.020522622391581535,0.02693338133394718,-0.007990282028913498,0.07548546091153498,ROA_1003_model40000_std01,2681,2026-10-03_22-59-50,0.005473027937114239,-0.007142169401049614
-8.98260623216629e-05,-0.0011920928955078125,-0.001363549381494522,0.0005826354026794434,0.0015822086736531008,-0.4243282377719879,0.35991889238357544,0.3944854140281677,-0.45537248253822327,0.8177111801111444,-0.0007724389433860779,-0.0017833895981311798,-0.0019022263586521149,0.00025960616767406464,0.0021769036689846355,-0.5980827808380127,0.16140657663345337,0.2477797567844391,-0.6072320938110352,0.8088471415264485,0.005161013454198837,-0.00885081198066473,0.010558653622865677,-0.0203599464148283,0.013169628567993641,-0.017315898090600967,-0.0006705988198518753,-0.0017435289919376373,-0.001777568832039833,0.0002207234501838684,0.002041660604171088,-0.6589497923851013,0.14660413563251495,0.21949130296707153,-0.5988576412200928,0.815456006492202,53.646210442000005,True,-9.862706065177917e-05,-3.450550138950348e-05,-0.00012568198144435883,3.962777554988861e-05,0.00016010009006454408,0.06083305552601814,0.014809890650212765,0.02831406705081463,-0.008375849574804306,0.06785614587212012,ROA_1003_model40000_std01,2682,2026-10-03_22-59-50,0.0038594945799559355,-0.00815570168197155
-0.00017248094081878662,-0.0011397060006856918,-0.0013707205653190613,0.0005844049155712128,0.001547162652632008,-0.4286593496799469,0.3632251024246216,0.39671778678894043,-0.4568914771080017,0.8233255468433713,-0.0008613336831331253,-0.00173165462911129,-0.001905299723148346,0.00026850029826164246,0.0022130739022789016,-0.6031021475791931,0.16382335126399994,0.24972762167453766,-0.6086686253547668,0.8142001665646265,0.005592829547822475,-0.008528091944754124,0.010898052714765072,-0.020156707614660263,0.01352977566421032,-0.01702832244336605,-0.000766851007938385,-0.0016906298696994781,-0.0017848797142505646,0.00022957101464271545,0.0020805046997872984,-0.6688413619995117,0.15008169412612915,0.2203862965106964,-0.5980026721954346,0.8229866043725076,53.666212951000006,True,-9.178183972835541e-05,-4.605390131473541e-05,-0.00012493692338466644,3.9441511034965515e-05,0.00015510395738420698,0.06575509905815125,0.013748648576438427,0.029359010979533195,-0.010675749741494656,0.07249903470912003,ROA_1003_model40000_std01,2683,2026-10-03_22-59-50,0.0035011805593967438,-0.009314125403761864
-0.00019827857613563538,-0.0011386815458536148,-0.0013054348528385162,0.0005507376044988632,0.0014731136268956344,-0.4268845021724701,0.35908234119415283,0.401385098695755,-0.45987775921821594,0.8244767633421904,-0.0008919741958379745,-0.001751445233821869,-0.0018415506929159164,0.00023040920495986938,0.0022159472967721735,-0.6011489033699036,0.15888361632823944,0.25414812564849854,-0.6123245358467102,0.8151950014755788,0.005893081426620483,-0.00795302726328373,0.011273517273366451,-0.01961444690823555,0.013929987326264381,-0.01641307771205902,-0.0008046627044677734,-0.0016866717487573624,-0.001720339059829712,0.00020330771803855896,0.002077642578773079,-0.6693145036697388,0.1470402330160141,0.22406502068042755,-0.5992920994758606,0.8242981895351843,53.686212868000005,True,-8.773058652877808e-05,-6.272457540035248e-05,-0.00011869706213474274,2.5890767574310303e-05,0.00014873682815253622,0.06814021617174149,0.011886934749782085,0.030079388990998268,-0.013031995855271816,0.0747061667874051,ROA_1003_model40000_std01,2684,2026-10-03_22-59-50,0.002837301231920719,-0.010035713203251362
-0.00033013056963682175,-0.0010297168046236038,-0.0012692995369434357,0.0005081761628389359,0.001372791667214999,-0.4344482123851776,0.36822444200515747,0.4041525423526764,-0.46254318952560425,0.8352992171563354,-0.0010312534868717194,-0.0016706762835383415,-0.0017979182302951813,0.00018114224076271057,0.002266979380827311,-0.610873281955719,0.1649940311908722,0.25693604350090027,-0.6145569086074829,0.8254103166826615,0.006816479377448559,-0.006772223860025406,0.012473724782466888,-0.018667837604880333,0.01508762501180172,-0.01549752987921238,-0.0009496929123997688,-0.001594889909029007,-0.0016870908439159393,0.00015525147318840027,0.002131381926784086,-0.6804661750793457,0.15307776629924774,0.22694653272628784,-0.6037014126777649,0.8369952032754,53.706215122,True,-8.207280188798904e-05,-7.466878741979599e-05,-0.00010980293154716492,2.6309862732887268e-05,0.00013993153989102936,0.06959540396928787,0.011918599717319012,0.029981134459376335,-0.010915099643170834,0.07607908646693276,ROA_1003_model40000_std01,2685,2026-10-03_22-59-50,0.003912686370313168,-0.009019803255796432
-0.000360049307346344,-0.0009855953976511955,-0.0012353528290987015,0.0004695262759923935,0.0013217608249888443,-0.4367702305316925,0.3740749955177307,0.40469595789909363,-0.4638689458370209,0.8402009269993367,-0.0010458054021000862,-0.0016522128134965897,-0.0017580576241016388,0.00012745149433612823,0.002265441302095452,-0.6150193214416504,0.16824550926685333,0.2578417658805847,-0.6152898669242859,0.8298273111748456,0.006770428270101547,-0.006647774949669838,0.012481516227126122,-0.018669480457901955,0.015097611583769321,-0.015482138842344284,-0.0009635463356971741,-0.0015537487342953682,-0.001653376966714859,0.00010477378964424133,0.002122455713773794,-0.6798205375671387,0.15857093036174774,0.22780615091323853,-0.6078900694847107,0.8412930463136669,53.726217599,True,-8.239876478910446e-05,-9.830109775066376e-05,-0.00010416842997074127,2.123415470123291e-05,0.00014444789950305147,0.06475788354873657,0.009618699550628662,0.030100343748927116,-0.007431953679770231,0.07163509509085982,ROA_1003_model40000_std01,2686,2026-10-03_22-59-50,0.004595496691763401,-0.008027704432606697
-0.00036675482988357544,-0.0009686220437288284,-0.0012422911822795868,0.00045783817768096924,0.0013240543566022719,-0.43859052658081055,0.37749040126800537,0.40477606654167175,-0.4634610116481781,0.8425629191567832,-0.001056375913321972,-0.0016631325706839561,-0.0017682090401649475,9.713694453239441e-05,0.002292508984186346,-0.6190714836120605,0.16953888535499573,0.25659239292144775,-0.6163543462753296,0.8323145291929039,0.0063446033746004105,-0.00724480114877224,0.011751710437238216,-0.01938491128385067,0.014479473233222961,-0.016036372631788254,-0.0009642215445637703,-0.0015415018424391747,-0.0016559846699237823,9.015202522277832e-05,0.0021241883614299562,-0.6816596388816833,0.15939119458198547,0.2287197709083557,-0.6086727976799011,0.8435538743036711,53.746212588000006,True,-8.55419784784317e-05,-0.00012204982340335846,-0.00010668300092220306,5.774199962615967e-06,0.00016376079466077036,0.06257066875696182,0.010128132067620754,0.027890780940651894,-0.00770622817799449,0.06878493281451326,ROA_1003_model40000_std01,2687,2026-10-03_22-59-50,0.005111224949359894,-0.007706410717219114
-0.0003601890057325363,-0.0009671784937381744,-0.0012461096048355103,0.000438932329416275,0.0013214833667367799,-0.4382310211658478,0.37864920496940613,0.4031229615211487,-0.46185821294784546,0.8412755102477628,-0.0010570045560598373,-0.001701386645436287,-0.0017805024981498718,5.1781535148620605e-05,0.002331250820775407,-0.6200787425041199,0.16789881885051727,0.2536894679069519,-0.6164298057556152,0.8305425944860599,0.005346689373254776,-0.00828826054930687,0.010693402960896492,-0.020540183410048485,0.013475140556693077,-0.01711783930659294,-0.0009638257324695587,-0.0015511177480220795,-0.0016612466424703598,6.565824151039124e-05,0.002139094745415706,-0.6816670894622803,0.15977582335472107,0.22651439905166626,-0.6078597903251648,0.8422654079568742,53.766214297000005,True,-9.150244295597076e-05,-0.00015469267964363098,-0.000118231400847435,-1.2293457984924316e-05,0.00019709979165980225,0.06159161776304245,0.008099712431430817,0.02714618854224682,-0.008556060492992401,0.0674282525493709,ROA_1003_model40000_std01,2688,2026-10-03_22-59-50,0.004533822648227215,-0.00841168686747551
-0.0004012603312730789,-0.0009501352906227112,-0.0012431293725967407,0.0004081055521965027,0.001315455642695162,-0.44104501605033875,0.3775097131729126,0.4055550992488861,-0.4622535705566406,0.8435429105738438,-0.0011255033314228058,-0.0017229001969099045,-0.0017914921045303345,-3.725290298461914e-07,0.002409034012913818,-0.624476432800293,0.1651388555765152,0.2531541883945465,-0.620000958442688,0.8329514625256083,0.004924196749925613,-0.008722692728042603,0.010036742314696312,-0.021061813458800316,0.01294070016592741,-0.017486875876784325,-0.0010295771062374115,-0.001551024615764618,-0.001666136085987091,3.585591912269592e-05,0.002194679354181279,-0.6899232864379883,0.15489895641803741,0.2290566861629486,-0.6067356467247009,0.8458208946246009,53.786214406000006,True,-9.685754776000977e-05,-0.0001741107553243637,-0.00012908130884170532,-3.888271749019623e-05,0.0002258496805660319,0.0654216855764389,0.010257120244204998,0.02408120594918728,-0.013287178240716457,0.0699046914726825,ROA_1003_model40000_std01,2689,2026-10-03_22-59-50,0.004063275642693043,-0.009376650676131248
-0.0004675239324569702,-0.000911857932806015,-0.0012028729543089867,0.0003473833203315735,0.0012905743805128368,-0.4443814754486084,0.376648485660553,0.40889668464660645,-0.4631572961807251,0.8469405321768215,-0.0012170523405075073,-0.0017139129340648651,-0.0017594080418348312,-7.720664143562317e-05,0.002475315184313948,-0.6282278299331665,0.1626484990119934,0.25531205534935,-0.6226766705513,0.8361646760211053,0.004097536206245422,-0.008037250488996506,0.00926151406019926,-0.020483464002609253,0.012203908525407314,-0.016861123964190483,-0.0011116266250610352,-0.0015134923160076141,-0.0016220146790146828,-1.802109181880951e-05,0.0022277989841046233,-0.6977840662002563,0.15094131231307983,0.23319606482982635,-0.6057584881782532,0.8505708870848421,53.806213587,True,-0.00010700896382331848,-0.00020135194063186646,-0.0001366017386317253,-5.764886736869812e-05,0.0002592354595047154,0.0695670023560524,0.011700204573571682,0.02211308851838112,-0.016933539882302284,0.07326407991260177,ROA_1003_model40000_std01,2690,2026-10-03_22-59-50,0.0030939443968236446,-0.009089779108762741
-0.0005514826625585556,-0.0008456874638795853,-0.0011657364666461945,0.0002738204784691334,0.0012989311951195378,-0.448604553937912,0.3761432468891144,0.4134918451309204,-0.46436917781829834,0.851764898307092,-0.0013273674994707108,-0.0016798963770270348,-0.001728883944451809,-0.0001623411662876606,0.002546441952158183,-0.6324375867843628,0.16209529340267181,0.25862616300582886,-0.6256088018417358,0.841260634874265,0.0038530973251909018,-0.007367008365690708,0.008858484216034412,-0.019863415509462357,0.011886985041201115,-0.016147756949067116,-0.0012157252058386803,-0.0014612684026360512,-0.001581746619194746,-8.295755833387375e-05,0.0022756368083581995,-0.7086053490638733,0.14574918150901794,0.23920145630836487,-0.6039760708808899,0.8574101858802621,53.826214753,True,-0.00011255033314228058,-0.0002171611413359642,-0.0001439359039068222,-8.118804544210434e-05,0.0002847855637130156,0.07613492012023926,0.016328413039445877,0.019469764083623886,-0.02162100188434124,0.079354385326117,ROA_1003_model40000_std01,2691,2026-10-03_22-59-50,0.0028287835884839296,-0.008676882833242416
-0.0005427282303571701,-0.0008781207725405693,-0.001182465348392725,0.00026419293135404587,0.0013127548608776946,-0.4507596492767334,0.37272343039512634,0.41656216979026794,-0.4643677771091461,0.852789881166631,-0.0013398705050349236,-0.0017162179574370384,-0.0017530866898596287,-0.00017727725207805634,0.0025882579885823874,-0.6348299384117126,0.15726731717586517,0.25983548164367676,-0.6289333701133728,0.8425316076926732,0.0033182508777827024,-0.007590049412101507,0.00835278071463108,-0.020124759525060654,0.011410398408770561,-0.01639874465763569,-0.001225573942065239,-0.0014984747394919395,-0.0016033300198614597,-8.342321962118149e-05,0.002309297453505879,-0.7148727178573608,0.1374012678861618,0.243089959025383,-0.6020823121070862,0.8590229080527471,53.846214702000005,True,-0.00011560041457414627,-0.00022007152438163757,-0.00015351688489317894,-9.539071470499039e-05,0.00029768691393349623,0.08001015335321426,0.019876284524798393,0.016730627045035362,-0.026869237422943115,0.08310429068656423,ROA_1003_model40000_std01,2692,2026-10-03_22-59-50,0.002316539641469717,-0.008966643363237381
-0.0006592599675059319,-0.0007942086085677147,-0.001163780689239502,0.00019362196326255798,0.0013650783072583436,-0.4591760039329529,0.3774603605270386,0.41986721754074097,-0.4656498432159424,0.8615757278616288,-0.001496518962085247,-0.0016596168279647827,-0.001750001683831215,-0.00025836052373051643,0.002692337519522894,-0.6442102193832397,0.15928222239017487,0.26243656873703003,-0.6313187479972839,0.8508045466576051,0.0036972861271351576,-0.007669058628380299,0.009033987298607826,-0.02041705884039402,0.012043872848153114,-0.016780095174908638,-0.0013727229088544846,-0.0014357035979628563,-0.0015873345546424389,-0.0001621665433049202,0.002399385542837277,-0.7324735522270203,0.1356617957353592,0.24421477317810059,-0.6042168140411377,0.8710174075475118,53.866216059,True,-0.00012363307178020477,-0.0002232147380709648,-0.0001651817001402378,-9.606592357158661e-05,0.00030830397225580576,0.08826842159032822,0.023611586540937424,0.018238555639982224,-0.027157016098499298,0.09206263576247872,ROA_1003_model40000_std01,2693,2026-10-03_22-59-50,0.002797655761241913,-0.009185366332530975
-0.0006919261068105698,-0.0007859896868467331,-0.0011453637853264809,0.00014209654182195663,0.0013802987124433965,-0.4639660120010376,0.37797749042510986,0.42528122663497925,-0.469414621591568,0.8689278689378401,-0.0015537720173597336,-0.0016686506569385529,-0.0017429236322641373,-0.0003162538632750511,0.0027502948663937913,-0.6493765115737915,0.15688826143741608,0.2670961916446686,-0.6366851329803467,0.8574747265682523,0.004151592962443829,-0.007981947623193264,0.009627535939216614,-0.02077823504805565,0.012624048627912998,-0.01717752404510975,-0.0014248769730329514,-0.0014447607100009918,-0.0015750527381896973,-0.00022023450583219528,0.0024507418764174,-0.7417644262313843,0.13229995965957642,0.24806055426597595,-0.6091341972351074,0.8793352889510571,53.88621604,True,-0.00013131648302078247,-0.00022565945982933044,-0.000170036219060421,-9.667128324508667e-05,0.00031594224474035964,0.09241560101509094,0.0246120598167181,0.019059283658862114,-0.02757878787815571,0.09638423802824345,ROA_1003_model40000_std01,2694,2026-10-03_22-59-50,0.0030471375212073326,-0.009755594655871391
-0.0007498543709516525,-0.0007076654583215714,-0.0011161435395479202,8.051283657550812e-05,0.0013940406856380522,-0.4715765714645386,0.38327646255493164,0.43469852209091187,-0.4743877649307251,0.8826703785445839,-0.0016258563846349716,-0.001584785059094429,-0.0017153099179267883,-0.0003655441105365753,0.00276411913124889,-0.654205858707428,0.16400077939033508,0.27671781182289124,-0.6415010094642639,0.8707510423936348,0.005177776329219341,-0.007178902626037598,0.010787175968289375,-0.02010181173682213,0.013799211010336876,-0.016541270539164543,-0.0014885561540722847,-0.0013694632798433304,-0.0015387777239084244,-0.00026901252567768097,0.002459649411564667,-0.7501807808876038,0.13810116052627563,0.25970208644866943,-0.6104218363761902,0.8938326798390137,53.906217479000006,True,-0.00013690441846847534,-0.00021634623408317566,-0.00017508864402770996,-9.937211871147156e-05,0.00031654086715788253,0.09595276415348053,0.025936633348464966,0.017011072486639023,-0.03105914033949375,0.09979057257582163,ROA_1003_model40000_std01,2695,2026-10-03_22-59-50,0.003843296319246292,-0.009169338271021843
-0.0007721595466136932,-0.000658188946545124,-0.001089833676815033,1.6530975699424744e-05,0.0013939680918065227,-0.4773831367492676,0.39004671573638916,0.4436485171318054,-0.4805959463119507,0.8965894626832698,-0.0016372650861740112,-0.001517031341791153,-0.001683225855231285,-0.00041816383600234985,0.0027433661834273715,-0.6558271050453186,0.17480061948299408,0.28680217266082764,-0.6460235118865967,0.884183255482674,0.006379281170666218,-0.007065456826239824,0.012161397375166416,-0.01999501697719097,0.015167236328125,-0.016525067389011383,-0.0015012454241514206,-0.0013098586350679398,-0.0015020836144685745,-0.00032689422369003296,0.0024427657274415453,-0.7515474557876587,0.1480747014284134,0.2708379030227661,-0.6149629950523376,0.9063152091510144,53.926217862,True,-0.00013352837413549423,-0.0002055428922176361,-0.00017816200852394104,-8.87550413608551e-05,0.0003051358776670886,0.09572877734899521,0.02677319385111332,0.015931203961372375,-0.031060537323355675,0.09967933903033119,ROA_1003_model40000_std01,2696,2026-10-03_22-59-50,0.0051374612376093864,-0.008532990701496601
-0.0007308553904294968,-0.0006572343409061432,-0.0010971445590257645,1.6996636986732483e-05,0.0013728226499177122,-0.47944343090057373,0.3939135670661926,0.4472341239452362,-0.48388537764549255,0.9029813772242125,-0.0015792902559041977,-0.001504458487033844,-0.001693936064839363,-0.0004106201231479645,0.0027020650698754535,-0.6528843641281128,0.18446263670921326,0.2922629714012146,-0.6464095711708069,0.8902639259241975,0.007366417907178402,-0.007389279082417488,0.013521982356905937,-0.02032158337533474,0.01642789877951145,-0.01706283539533615,-0.0014429911971092224,-0.0013055512681603432,-0.0015142373740673065,-0.00033574178814888,0.0024101619391542796,-0.745608925819397,0.15220907330513,0.2746167480945587,-0.6227916479110718,0.9090045351939966,53.946237350000004,True,-0.00013438984751701355,-0.00019758008420467377,-0.00017797574400901794,-7.539056241512299e-05,0.0002954281909445883,0.0927201434969902,0.03221910446882248,0.017630867660045624,-0.023676546290516853,0.09859512733567741,ROA_1003_model40000_std01,2697,2026-10-03_22-59-50,0.0064444150775671005,-0.007915589958429337
-0.0006630551069974899,-0.0007034745067358017,-0.0011343974620103836,4.745088517665863e-05,0.0013609350735224906,-0.47636961936950684,0.3924790918827057,0.4458129107952118,-0.4836958646774292,0.8999348830911285,-0.0014774501323699951,-0.0015227589756250381,-0.0017325859516859055,-0.00038212165236473083,0.002653025343378759,-0.644985556602478,0.18885870277881622,0.2921717166900635,-0.6448458433151245,0.8874964056676589,0.0084838243201375,-0.008116429671645164,0.014460600912570953,-0.02092181332409382,0.017396820709109306,-0.017682211473584175,-0.001355726271867752,-0.0013457611203193665,-0.0015573110431432724,-0.00031776726245880127,0.002384930045509096,-0.7344602942466736,0.1524612307548523,0.27195921540260315,-0.6262971758842468,0.9019903291568123,53.966221957,True,-0.00012004747986793518,-0.00017490237951278687,-0.0001742970198392868,-6.188638508319855e-05,0.00026797233247636144,0.08947215229272842,0.03642309457063675,0.020236240699887276,-0.01856032758951187,0.09736237631221849,ROA_1003_model40000_std01,2698,2026-10-03_22-59-50,0.00789831206202507,-0.007940095849335194
-0.0005953013896942139,-0.0007401220500469208,-0.0011701136827468872,8.326023817062378e-05,0.0013479082926451062,-0.47409623861312866,0.3928523361682892,0.44372954964637756,-0.48284322023391724,0.897459300338284,-0.0013801269233226776,-0.0015493948012590408,-0.0017694197595119476,-0.00035027042031288147,0.0026096295403181275,-0.6386828422546387,0.19458773732185364,0.2911090850830078,-0.6424090266227722,0.8852169722085168,0.009179850108921528,-0.008497115224599838,0.015415981411933899,-0.02131436951458454,0.018286144360899925,-0.01822010613977909,-0.001273537054657936,-0.0013785436749458313,-0.0015961937606334686,-0.00029425136744976044,0.00235730342538893,-0.7252711653709412,0.15456601977348328,0.267965704202652,-0.6291940212249756,0.8962606305560143,53.986220484,True,-0.00010845251381397247,-0.00016349367797374725,-0.00017224811017513275,-5.559995770454407e-05,0.00025208112542792464,0.08661112934350967,0.04003429412841797,0.023140104487538338,-0.013237818144261837,0.09672451889854683,ROA_1003_model40000_std01,2699,2026-10-03_22-59-50,0.00858534686267376,-0.008144067600369453
-0.0005035195499658585,-0.0008221715688705444,-0.0011931173503398895,0.0001296401023864746,0.0013195430680408723,-0.47119563817977905,0.3910418450832367,0.4438031315803528,-0.482937753200531,0.8952593066530803,-0.0012558884918689728,-0.001605181023478508,-0.0017845537513494492,-0.0003048218786716461,0.0025458066830170182,-0.633228063583374,0.1966198831796646,0.290902316570282,-0.643031656742096,0.8836791265501287,0.00945256371051073,-0.008603338152170181,0.015986621379852295,-0.021374477073550224,0.018780112266540527,-0.01843268610537052,-0.001162523403763771,-0.0014458782970905304,-0.0016180798411369324,-0.0002503395080566406,0.002310089546043696,-0.7137320637702942,0.1543448269367218,0.2688504755496979,-0.6312615871429443,0.8905076121622587,54.006230659,True,-9.76957380771637e-05,-0.00015632249414920807,-0.00016712583601474762,-5.471520125865936e-05,0.00023954242755899245,0.08049699664115906,0.04229321703314781,0.022048594430088997,-0.011737457476556301,0.09206852295295924,ROA_1003_model40000_std01,2700,2026-10-03_22-59-50,0.008819553069770336,-0.008182625286281109
-0.00046514905989170074,-0.0008605420589447021,-0.0012462027370929718,0.00018277205526828766,0.0013410566166574928,-0.47184431552886963,0.3925156593322754,0.4432434141635895,-0.4827519655227661,0.8958867150814817,-0.00119013711810112,-0.0016153790056705475,-0.0018311664462089539,-0.0002448912709951401,0.0025124892340135313,-0.6325556635856628,0.2007288783788681,0.2900073230266571,-0.6430484056472778,0.8847864391736525,0.010296535678207874,-0.008295312523841858,0.01680775359272957,-0.021037865430116653,0.019600629806518555,-0.018131554126739502,-0.0011113006621599197,-0.0014728400856256485,-0.001667393371462822,-0.00020167790353298187,0.002298319257416046,-0.7104908227920532,0.15584193170070648,0.267617404460907,-0.6332103610038757,0.8893977594735557,54.02622301,True,-8.10716301202774e-05,-0.0001389533281326294,-0.0001641456037759781,-4.451721906661987e-05,0.00021669293879643628,0.07790280133485794,0.04489905759692192,0.022378748282790184,-0.009843147359788418,0.09112923001286775,ROA_1003_model40000_std01,2701,2026-10-03_22-59-50,0.009749911725521088,-0.007980788126587868
-0.0004194676876068115,-0.0009037554264068604,-0.001272326335310936,0.00022063031792640686,0.001343528399693414,-0.47268855571746826,0.39322414994239807,0.4435740113258362,-0.4825363755226135,0.8967035431535909,-0.0011199619621038437,-0.0016241800040006638,-0.0018497463315725327,-0.00019916333258152008,0.002466080188800036,-0.6322115063667297,0.20405323803424835,0.2894834578037262,-0.6437073349952698,0.886223115827969,0.01065849419683218,-0.008066054433584213,0.01770286075770855,-0.020853890106081963,0.02038629539310932,-0.01816161908209324,-0.0010580290108919144,-0.0015060417354106903,-0.0016886740922927856,-0.000161072239279747,0.0022754744721840345,-0.7085534334182739,0.15527941286563873,0.2688038945198059,-0.6339871287345886,0.8889603391383675,54.046246306,True,-6.249174475669861e-05,-0.00011711381375789642,-0.00016111880540847778,-3.91155481338501e-05,0.00019496997284097794,0.07636658847332001,0.048750076442956924,0.020672565326094627,-0.009716954082250595,0.0914555611562069,ROA_1003_model40000_std01,2702,2026-10-03_22-59-50,0.010222626850008965,-0.00781321618705988
-0.00041672028601169586,-0.000904453918337822,-0.0013528857380151749,0.0002666842192411423,0.0014156936123587245,-0.4716922640800476,0.3932879567146301,0.4401029944419861,-0.47937220335006714,0.8928211574738727,-0.0011331401765346527,-0.0016204779967665672,-0.0019255094230175018,-0.00015664845705032349,0.002501675493267761,-0.6320047974586487,0.20451144874095917,0.28477001190185547,-0.6410856246948242,0.8824917387352937,0.010783545672893524,-0.006728977896273136,0.018981050699949265,-0.019762519747018814,0.021357597783207893,-0.017550338059663773,-0.001069321297109127,-0.0015294644981622696,-0.0017616432160139084,-0.00012870877981185913,0.0023216029467509267,-0.7117809653282166,0.151072159409523,0.26365089416503906,-0.6319740414619446,0.8853973422053382,54.066227296,True,-6.789341568946838e-05,-9.150244295597076e-05,-0.00016582198441028595,-2.705492079257965e-05,0.0001905604675213783,0.07975799590349197,0.05347607284784317,0.02115638740360737,-0.009138602763414383,0.0968676686944414,ROA_1003_model40000_std01,2703,2026-10-03_22-59-50,0.010262980125844479,-0.0071442509070038795
-0.0003804219886660576,-0.0009223818778991699,-0.00139712356030941,0.0003193039447069168,0.0014507052787524311,-0.469178169965744,0.39149028062820435,0.4362710416316986,-0.4749656319618225,0.8864933678483459,-0.0010960269719362259,-0.0016357051208615303,-0.001969374716281891,-0.0001094769686460495,0.002494230127953931,-0.6307241916656494,0.20271608233451843,0.2801651060581207,-0.6370763182640076,0.8765434630694976,0.009474745020270348,-0.004564777482300997,0.01904122903943062,-0.017455516383051872,0.020928585901856422,-0.015941916033625603,-0.0010280637070536613,-0.0015525612980127335,-0.0018058810383081436,-7.981434464454651e-05,0.0023131070328943765,-0.7085849642753601,0.14917947351932526,0.2605551779270172,-0.6277034878730774,0.8792815942143957,54.086226591000006,True,-6.698537617921829e-05,-8.277129381895065e-05,-0.00016177073121070862,-3.166496753692627e-05,0.00018673157902185603,0.07788464426994324,0.05359644815325737,0.019661149010062218,-0.009410083293914795,0.09519151530560785,ROA_1003_model40000_std01,2704,2026-10-03_22-59-50,0.008859086781740189,-0.005385927390307188
-0.00038440339267253876,-0.000909843947738409,-0.0013764947652816772,0.0003039836883544922,0.001430626354656671,-0.4682409167289734,0.3914789855480194,0.4363800287246704,-0.4757190942764282,0.8864600468717154,-0.0010824063792824745,-0.0015863683074712753,-0.0019446946680545807,-0.00010780058801174164,0.0024530355243771802,-0.631689190864563,0.20193563401699066,0.28002214431762695,-0.6373207569122314,0.8767004107835233,0.008656783029437065,-0.002924572676420212,0.018666105344891548,-0.014907021075487137,0.020061958581209183,-0.014007749035954475,-0.001012545544654131,-0.0015190336853265762,-0.0017837155610322952,-8.870847523212433e-05,0.0022810690023863972,-0.7047752737998962,0.15187612175941467,0.261022686958313,-0.6284732222557068,0.8787992334821307,54.106229471000006,True,-6.896443665027618e-05,-7.027992978692055e-05,-0.00016279518604278564,-2.0815059542655945e-05,0.00018345647528344173,0.0731019526720047,0.050021566450595856,0.019006896764039993,-0.008826609700918198,0.08924932209201435,ROA_1003_model40000_std01,2705,2026-10-03_22-59-50,0.008129287511110306,-0.0036953098606318235
-0.000433844979852438,-0.000857282429933548,-0.001303432509303093,0.00022817403078079224,0.0013755661516452373,-0.46865972876548767,0.3920254409313202,0.4386640787124634,-0.47895076870918274,0.8897553876011602,-0.0011000549420714378,-0.0014859368093311787,-0.0018579419702291489,-0.00014710240066051483,0.002389236556147385,-0.6314554810523987,0.2045498639345169,0.28270062804222107,-0.639114499092102,0.8801409301553146,0.008341874927282333,-0.0023780949413776398,0.018408356234431267,-0.012957088649272919,0.019246939569711685,-0.012743012979626656,-0.0010397285223007202,-0.0014465302228927612,-0.0016984064131975174,-0.00014649704098701477,0.0022409985873658015,-0.7044353485107422,0.15578605234622955,0.26362061500549316,-0.6297449469566345,0.8822682262410011,54.126229406,True,-5.735782906413078e-05,-4.011671990156174e-05,-0.00016060657799243927,2.3283064365386963e-07,0.0001710837205706914,0.07297156751155853,0.04880886897444725,0.019053928554058075,-0.009383540600538254,0.08845932146036965,ROA_1003_model40000_std01,2706,2026-10-03_22-59-50,0.00795928854495287,-0.0031135452445596457
-0.0004094908945262432,-0.0008881441317498684,-0.0012714415788650513,0.00020032748579978943,0.0013403437756858122,-0.4685361385345459,0.39099958539009094,0.44104501605033875,-0.482276052236557,0.8921431878901847,-0.0010304385796189308,-0.0014526420272886753,-0.0018017832189798355,-0.00013313256204128265,0.0022953428216834462,-0.6315896511077881,0.20435230433940887,0.2848096191883087,-0.6424253582954407,0.8829174735205901,0.008771517314016819,-0.003848315216600895,0.01816295087337494,-0.012632708996534348,0.018501516431570053,-0.012966552749276161,-0.0009961193427443504,-0.001450756099075079,-0.0016570556908845901,-0.00015543773770332336,0.002194699747342516,-0.7017901539802551,0.15613190829753876,0.2666972577571869,-0.6324802041053772,0.8836578501415417,54.146227549,True,-3.3655669540166855e-05,-4.249159246683121e-06,-0.00014500692486763,2.2351741790771484e-05,0.0001503146386595622,0.07017899304628372,0.04820048063993454,0.01810304820537567,-0.00998470839112997,0.08566501994176597,ROA_1003_model40000_std01,2707,2026-10-03_22-59-50,0.008600028231739998,-0.004411966074258089
-0.00037495046854019165,-0.0009370967745780945,-0.0013168435543775558,0.0002477318048477173,0.0013694306157253221,-0.46818748116493225,0.38964906334877014,0.43951067328453064,-0.48118409514427185,0.889970822156669,-0.000987853854894638,-0.0014745164662599564,-0.001834006980061531,-7.064081728458405e-05,0.0022755917166215503,-0.6310303807258606,0.2033514827489853,0.2829483449459076,-0.6421524882316589,0.881047779292328,0.01031829509884119,-0.005194708704948425,0.01959691010415554,-0.013657620176672935,0.019747288897633553,-0.014124244451522827,-0.0009696930646896362,-0.0015015248209238052,-0.0016993843019008636,-0.00010984949767589569,0.002205955030900091,-0.7027838826179504,0.1526181548833847,0.26504087448120117,-0.6313505172729492,0.8812932350493073,54.1662279,True,-1.7881393432617188e-05,2.889428287744522e-05,-0.00013737007975578308,3.6135315895080566e-05,0.0001442221337776692,0.07171881943941116,0.05075567960739136,0.017914455384016037,-0.010806134901940823,0.08828044494229965,ROA_1003_model40000_std01,2708,2026-10-03_22-59-50,0.010126166976988316,-0.006039975211024284
-0.000377558171749115,-0.0009435461834073067,-0.0013583805412054062,0.000286102294921875,0.0014102410941493645,-0.46838584542274475,0.38948747515678406,0.43769970536231995,-0.47951096296310425,0.8881920496100202,-0.0009988434612751007,-0.0014869961887598038,-0.001875218003988266,-4.21423465013504e-05,0.002303349251019446,-0.6305742859840393,0.2030029296875,0.28186801075935364,-0.6409468650817871,0.8794732251595098,0.011052489280700684,-0.005285266321152449,0.02085251361131668,-0.014258712530136108,0.02099119871854782,-0.014671549201011658,-0.0009864801540970802,-0.0015288358554244041,-0.0017515849322080612,-8.405186235904694e-05,0.002247872339030649,-0.7047916054725647,0.14866934716701508,0.26293516159057617,-0.6315493583679199,0.8796437541483674,54.186228475,True,-1.1897645890712738e-05,4.16068360209465e-05,-0.00012242235243320465,4.302710294723511e-05,0.00013233508297763447,0.07419613748788834,0.05435151606798172,0.018956605345010757,-0.009393319487571716,0.09251016587558845,ROA_1003_model40000_std01,2709,2026-10-03_22-59-50,0.010708892717957497,-0.006471755914390087
-0.00036975834518671036,-0.0009387033060193062,-0.0013574492186307907,0.00028708018362522125,0.0014075415735854164,-0.46778038144111633,0.3894460201263428,0.43685778975486755,-0.4781409800052643,0.8867387852082017,-0.0010230811312794685,-0.0015355879440903664,-0.0018848571926355362,-7.865019142627716e-05,0.002352102036044228,-0.629993736743927,0.2009221315383911,0.2819746732711792,-0.6400281190872192,0.8778033273634975,0.008938988670706749,-0.004305188078433275,0.020219197496771812,-0.013643918558955193,0.0200174730271101,-0.014516210183501244,-0.0009914161637425423,-0.0015514902770519257,-0.0017558690160512924,-9.94652509689331e-05,0.0022676919052396854,-0.7026230096817017,0.1432616263628006,0.26325881481170654,-0.6340034008026123,0.8771366083987198,54.206229178,True,-2.9173679649829865e-05,2.039596438407898e-05,-0.0001287553459405899,2.2724270820617676e-05,0.00013471853229160013,0.07262592762708664,0.057683322578668594,0.01874379813671112,-0.00599864823743701,0.09341043939689057,ROA_1003_model40000_std01,2710,2026-10-03_22-59-50,0.0086305420845747,-0.005300022661685944
-0.0003959052264690399,-0.0008995877578854561,-0.001331418752670288,0.0002621673047542572,0.0013890517432317499,-0.4685552418231964,0.3908333480358124,0.43621379137039185,-0.47763293981552124,0.8871863831024084,-0.0010611722245812416,-0.0015294761396944523,-0.0018625985831022263,-0.00012186355888843536,0.002374384039019933,-0.630980372428894,0.20121432840824127,0.28248316049575806,-0.6390949487686157,0.8782191530143573,0.0070191556587815285,-0.002528029726818204,0.018898380920290947,-0.011910678818821907,0.018443062901496887,-0.013095719739794731,-0.001016224268823862,-0.001533282920718193,-0.0017290469259023666,-0.0001344829797744751,0.0022733143563892803,-0.702560305595398,0.14049233496189117,0.2634138762950897,-0.6357086300849915,0.8766517799166922,54.226229881,True,-4.145549610257149e-05,6.472691893577576e-06,-0.0001344829797744751,1.3224780559539795e-05,0.00014147732383764934,0.0716160237789154,0.06073351949453354,0.019099097698926926,-0.003381166374310851,0.09473421893397721,ROA_1003_model40000_std01,2711,2026-10-03_22-59-50,0.006990542635321617,-0.003228462301194668
-0.00042066676542162895,-0.0008723698556423187,-0.0013166572898626328,0.00023846514523029327,0.0013831528288793912,-0.4674980640411377,0.3896597623825073,0.4366803765296936,-0.4777400493621826,0.8864052563671033,-0.001084897667169571,-0.001509848516434431,-0.0018536113202571869,-0.00015525147318840027,0.0023882414326323576,-0.6301471590995789,0.19918975234031677,0.28316953778266907,-0.6397729516029358,0.8775745985350105,0.005925983190536499,-0.001545201987028122,0.017676211893558502,-0.010831993073225021,0.017194204032421112,-0.01194702461361885,-0.0010364572517573833,-0.0014929450117051601,-0.0017152633517980576,-0.00015441328287124634,0.0022693480556714783,-0.7005106806755066,0.14040979743003845,0.2629076838493347,-0.6361719965934753,0.8753505021729213,54.246230648,True,-4.814937710762024e-05,-1.919688656926155e-05,-0.00013746321201324463,-3.864988684654236e-06,0.0001459990383728322,0.07035082578659058,0.05883653461933136,0.020248347893357277,-0.0036326234694570303,0.09268476197522452,ROA_1003_model40000_std01,2712,2026-10-03_22-59-50,0.005992411635816097,-0.0023713100235909224
-0.00048798974603414536,-0.0008178292773663998,-0.001268601045012474,0.00017937272787094116,0.0013684294122564675,-0.4676893353462219,0.38878095149993896,0.4388997256755829,-0.4798266887664795,0.888305138758261,-0.0011453288607299328,-0.001447263639420271,-0.0018028542399406433,-0.00021262094378471375,0.00239251909356111,-0.6296852231025696,0.19910942018032074,0.28626200556755066,-0.6407941579818726,0.8794818322064075,0.005510715767741203,-0.0006199891213327646,0.016849881038069725,-0.009854806587100029,0.016462186351418495,-0.010735128074884415,-0.001105177216231823,-0.001437496393918991,-0.001668417826294899,-0.0002123415470123291,0.0022846492130056298,-0.7028573751449585,0.14090664684772491,0.2635158598423004,-0.6372122764587402,0.8776912845598643,54.266236376,True,-4.617031663656235e-05,-1.5227124094963074e-05,-0.00013522803783416748,-1.257285475730896e-06,0.00014302451786733062,0.073140949010849,0.05821732059121132,0.02275639958679676,-0.0036018898244947195,0.09481062468181511,ROA_1003_model40000_std01,2713,2026-10-03_22-59-50,0.0056696077808737755,-0.001724114641547203
-0.0005233800038695335,-0.0007887138053774834,-0.0012372853234410286,0.00014514662325382233,0.0013600995630374977,-0.4693543016910553,0.3914390504360199,0.43977096676826477,-0.4818192422389984,0.8918520852241139,-0.0011588563211262226,-0.0014010583981871605,-0.0017708633095026016,-0.00023264437913894653,0.002372093183629842,-0.6311498284339905,0.20214518904685974,0.2884617745876312,-0.640857458114624,0.8828177895441368,0.0046747662127017975,-0.0014056377112865448,0.01599959470331669,-0.009669759310781956,0.015283116139471531,-0.010910924524068832,-0.0011248397640883923,-0.0013883458450436592,-0.0016431789845228195,-0.0002419808879494667,0.0022739190688154136,-0.7025477886199951,0.1458064615726471,0.2615698575973511,-0.6414907574653625,0.8804706125123983,54.286237239,True,-3.605382516980171e-05,-1.3737007975578308e-05,-0.00013005919754505157,6.798654794692993e-06,0.0001349951230423555,0.07138761878013611,0.056390181183815,0.026869120076298714,0.0005944166332483292,0.09354403464743662,ROA_1003_model40000_std01,2714,2026-10-03_22-59-50,0.005005205050110817,-0.0024348306469619274
-0.0005354639142751694,-0.0007872702553868294,-0.0012517906725406647,0.0001553911715745926,0.001376556034056296,-0.4718398451805115,0.3937288224697113,0.44127365946769714,-0.4843352138996124,0.8962261793797389,-0.001158192753791809,-0.0013894401490688324,-0.0017774756997823715,-0.00021387822926044464,0.002365296225254325,-0.6331136226654053,0.20502401888370514,0.2915761172771454,-0.6409510374069214,0.8868315809261603,0.005398904904723167,-0.0022991090081632137,0.016369035467505455,-0.010316249914467335,0.015569666400551796,-0.011600164696574211,-0.0011286232620477676,-0.0013810815289616585,-0.0016557518392801285,-0.00023124739527702332,0.002276988827379007,-0.7040616869926453,0.14814279973506927,0.2621859312057495,-0.6453180313110352,0.8843513395895573,54.30623663,True,-2.66125425696373e-05,-8.218921720981598e-06,-0.00012218952178955078,1.923181116580963e-05,0.00012622063476719776,0.07095210999250412,0.05688983574509621,0.02935156039893627,0.004343688488006592,0.09457136374364995,ROA_1003_model40000_std01,2715,2026-10-03_22-59-50,0.00586780346930027,-0.0033336281776428223
-0.0005398527719080448,-0.0007819617167115211,-0.0012588221579790115,0.00016544945538043976,0.001382751498276014,-0.4741971790790558,0.39640113711357117,0.44371092319488525,-0.4871492087841034,0.9013608419768693,-0.0011670636013150215,-0.0014043878763914108,-0.0017913524061441422,-0.00021927990019321442,0.002386330376225782,-0.6346696615219116,0.20752298831939697,0.29587650299072266,-0.6419501304626465,0.8915628511770527,0.005336318165063858,-0.002372823655605316,0.01645399071276188,-0.011153023689985275,0.01587648130953312,-0.012126732617616653,-0.0011440366506576538,-0.0013878801837563515,-0.0016726553440093994,-0.00023799948394298553,0.0023014505754317877,-0.7046628594398499,0.14918972551822662,0.26440897583961487,-0.650890588760376,0.8887604377127255,54.32625864600001,True,-2.4703331291675568e-05,-2.180458977818489e-05,-0.00012069940567016602,1.685693860054016e-05,0.00012382315414937727,0.06994558125734329,0.05830835923552513,0.03145914524793625,0.008886680006980896,0.09592212235809902,ROA_1003_model40000_std01,2716,2026-10-03_22-59-50,0.005897735245525837,-0.0033975394908338785
-0.0005795853212475777,-0.0007401802577078342,-0.0012232689186930656,0.00012994278222322464,0.0013738407849406642,-0.4788210988044739,0.401763916015625,0.44778430461883545,-0.49283307790756226,0.9112035810621062,-0.0012112082913517952,-0.001374492421746254,-0.0017641810700297356,-0.00027331989258527756,0.0024053144987884996,-0.6383557915687561,0.2124820500612259,0.30196458101272583,-0.6463087201118469,0.9011426334799693,0.00460325600579381,-0.0026528560556471348,0.015775220468640327,-0.011609630659222603,0.015275979414582253,-0.012476464733481407,-0.0011799274943768978,-0.0013481942005455494,-0.0016454141587018967,-0.00029047951102256775,0.0023115471019210525,-0.7056379914283752,0.15317019820213318,0.26814404129981995,-0.6615919470787048,0.8978330049846018,54.34623902800001,True,-2.6705674827098846e-05,-2.8510112315416336e-05,-0.00011753290891647339,1.5739351511001587e-05,0.00012089083825184106,0.06725393980741501,0.05929870158433914,0.03383168950676918,0.015251570381224155,0.09650599871691089,ROA_1003_model40000_std01,2717,2026-10-03_22-59-50,0.0056486958637833595,-0.0033513838425278664
-0.0006600283086299896,-0.0006665242835879326,-0.0011847005225718021,8.300412446260452e-05,0.001385158295603214,-0.48465394973754883,0.40926432609558105,0.4517970085144043,-0.4991839826107025,0.9229703982753962,-0.0012880656868219376,-0.0013033743016421795,-0.001728732604533434,-0.0003269873559474945,0.00242545239238128,-0.6436617970466614,0.21968688070774078,0.3083336353302002,-0.6504368185997009,0.9125976135888684,0.003894797759130597,-0.0021822014823555946,0.014876154251396656,-0.011262744665145874,0.014470468275249004,-0.011993465945124626,-0.0012561678886413574,-0.0012737233191728592,-0.0016120844520628452,-0.0003487570211291313,0.0023326566783409427,-0.7106963992118835,0.1629026234149933,0.2686818838119507,-0.6710282564163208,0.9095857176094219,54.366240275,True,-3.324821591377258e-05,-3.463355824351311e-05,-0.00011831289157271385,2.350425347685814e-05,0.00012369052885516715,0.06702588498592377,0.056792862713336945,0.039671894162893295,0.020535893738269806,0.09815145522626194,ROA_1003_model40000_std01,2718,2026-10-03_22-59-50,0.005098998546600342,-0.0029985590372234583
-0.0006889342330396175,-0.0006405869498848915,-0.0011509633623063564,6.012851372361183e-05,0.001375852949023653,-0.4871205687522888,0.41311943531036377,0.4561750590801239,-0.5057345628738403,0.9316410083667015,-0.0013018609024584293,-0.0012586591765284538,-0.0016900710761547089,-0.0003437395207583904,0.0024008476784192004,-0.6460115313529968,0.2236507087945938,0.31534114480018616,-0.6547056436538696,0.9215034348345471,0.0026239538565278053,-0.002064681379124522,0.013744008727371693,-0.011221682652831078,0.013346591964364052,-0.011928563937544823,-0.0012668897397816181,-0.0012219185009598732,-0.0015861820429563522,-0.0003763358108699322,0.002314523769732455,-0.7086524963378906,0.1730394959449768,0.26892879605293274,-0.6799904108047485,0.917423184238184,54.386236178000004,True,-3.478489816188812e-05,-3.742752596735954e-05,-0.00010348157957196236,3.1082890927791595e-05,0.00011085086519828824,0.06258953362703323,0.05062901973724365,0.04641280695796013,0.025262007489800453,0.09596300987757855,ROA_1003_model40000_std01,2719,2026-10-03_22-59-50,0.003590806620195508,-0.0030484236776828766
-0.0007422990165650845,-0.0005977344699203968,-0.001062941737473011,8.62637534737587e-06,0.001345646738396736,-0.49016833305358887,0.4165797531604767,0.46256840229034424,-0.5128694176673889,0.9417663346244493,-0.0013496726751327515,-0.0011826399713754654,-0.0015991856344044209,-0.0003745430149137974,0.0023608010516716184,-0.6486556529998779,0.22688500583171844,0.32434356212615967,-0.6595267653465271,0.9315717216334457,0.0014731455594301224,-0.001650045858696103,0.012751542031764984,-0.010883701965212822,0.01236750278621912,-0.011591048911213875,-0.0013115117326378822,-0.0011562719009816647,-0.0015049474313855171,-0.0004238507244735956,0.002287700966138971,-0.7097882628440857,0.1823118031024933,0.2711368501186371,-0.687298059463501,0.9269566076499397,54.406238706,True,-3.881286829710007e-05,-2.377200871706009e-05,-9.528594091534615e-05,4.8975925892591476e-05,0.00011007850378003101,0.06109452620148659,0.044575076550245285,0.05318852886557579,0.027749162167310715,0.09627709051189093,ROA_1003_model40000_std01,2720,2026-10-03_22-59-50,0.001867512590251863,-0.0030017890967428684
-0.0007851165719330311,-0.0005431240424513817,-0.0010280637070536613,-2.5297049432992935e-05,0.0013448454705551397,-0.49394553899765015,0.42165419459342957,0.4652140736579895,-0.5168930888175964,0.9494709258424512,-0.001387670636177063,-0.0010972260497510433,-0.001551915192976594,-0.00038772705011069775,0.0023321378416535908,-0.6516678929328918,0.23198918998241425,0.3285074234008789,-0.6619272232055664,0.9388633739746923,0.001007873099297285,-0.0006781499832868576,0.012385338544845581,-0.009968053549528122,0.0120001882314682,-0.010694917291402817,-0.0013534794561564922,-0.001095607876777649,-0.0014706049114465714,-0.000462937168776989,0.002285531768594054,-0.7147706151008606,0.1900036484003067,0.27095115184783936,-0.6923794150352478,0.9354873540069403,54.426241969,True,-3.373716026544571e-05,5.471520125865936e-07,-8.359784260392189e-05,7.473863661289215e-05,0.0001151103316059817,0.0631256252527237,0.04201743006706238,0.05757118761539459,0.030408058315515518,0.09982166517006882,ROA_1003_model40000_std01,2721,2026-10-03_22-59-50,0.001417477848008275,-0.001982178306207061
-0.0007898313924670219,-0.0005092006176710129,-0.0009919458534568548,-6.100162863731384e-05,0.0013234826745118923,-0.4947689473628998,0.42383137345314026,0.4673728346824646,-0.5198364853858948,0.9535479857516906,-0.0013755983673036098,-0.001043151132762432,-0.001493882155045867,-0.00041146413423120975,0.0022785411465083213,-0.6515845656394958,0.23409584164619446,0.33162033557891846,-0.6642868518829346,0.9426695989469619,-0.0002371214795857668,-0.0003615028690546751,0.011156280525028706,-0.009759803302586079,0.01081592682749033,-0.01043668668717146,-0.0013406272046267986,-0.0010601128451526165,-0.0014267221558839083,-0.000508094672113657,0.0022536061985984368,-0.7144685983657837,0.1957850605249405,0.27221089601516724,-0.6965599656105042,0.9407176326422768,54.446240336,True,-3.523891791701317e-05,1.955777406692505e-05,-6.621121428906918e-05,9.541399776935577e-05,0.00012175273606560438,0.06287812441587448,0.03829481825232506,0.059410110116004944,0.03225431963801384,0.09991968191629269,ROA_1003_model40000_std01,2722,2026-10-03_22-59-50,0.0006364144501276314,-0.001298161456361413
-0.0008061877451837063,-0.00047123758122324944,-0.0009797979146242142,-7.657217793166637e-05,0.0013214584357130945,-0.4971466064453125,0.4276658594608307,0.4666677415370941,-0.5217022895812988,0.957132887553962,-0.001371221151202917,-0.0009792507626116276,-0.0014590041246265173,-0.0004080065991729498,0.00223219469598881,-0.6539217233657837,0.23750680685043335,0.3313276469707489,-0.6651557683944702,0.9456776063883792,-0.001093657105229795,-0.0006732859183102846,0.010202663019299507,-0.009869486093521118,0.009811274707317352,-0.010609060525894165,-0.001339474692940712,-0.00102226622402668,-0.001412734854966402,-0.0005350506398826838,0.002239598308806579,-0.7165665626525879,0.20185169577598572,0.2689369022846222,-0.7027770280838013,0.9459593001601917,54.466244527,True,-3.083841875195503e-05,4.3050386011600494e-05,-4.473840817809105e-05,0.00012755626812577248,0.00014451113319941138,0.06262782961130142,0.03563309833407402,0.062395233660936356,0.03759719803929329,0.10245503891164101,ROA_1003_model40000_std01,2723,2026-10-03_22-59-50,0.0005236321594566107,-0.0010080065112560987
-0.0007774215191602707,-0.0004985486157238483,-0.0009351526387035847,-8.367933332920074e-05,0.0012790944464115914,-0.49772825837135315,0.42746829986572266,0.467418909072876,-0.5234704613685608,0.9586186306666504,-0.0013111741282045841,-0.0009828712791204453,-0.0013879034668207169,-0.0003941473551094532,0.0021473558046810766,-0.653506338596344,0.23783858120441437,0.33161553740501404,-0.6678624749183655,0.9471636699103596,-0.0021845237351953983,-0.002280798275023699,0.008544815704226494,-0.011373495683073997,0.008298535831272602,-0.011936062946915627,-0.0012962264008820057,-0.0010417308658361435,-0.0013692071661353111,-0.0005409121513366699,0.0021962906439832123,-0.7156280875205994,0.20474624633789062,0.26941928267478943,-0.7062888145446777,0.948822199079905,54.486249934,True,-1.6833655536174774e-05,6.291083991527557e-05,-1.8777791410684586e-05,0.0001495005562901497,0.00016394458797967226,0.06208859384059906,0.0330805778503418,0.06222258880734444,0.03837130218744278,0.10140568563549537,ROA_1003_model40000_std01,2724,2026-10-03_22-59-50,-0.0001414705184288323,-0.002298010978847742
-0.000801600981503725,-0.0004750676453113556,-0.0009518931619822979,-7.345806807279587e-05,0.0012992705535453694,-0.5010233521461487,0.4304073452949524,0.46631377935409546,-0.5240536332130432,0.9613612375529385,-0.0013126758858561516,-0.000917632132768631,-0.0013751559890806675,-0.0003532157279551029,0.0021065115294500135,-0.6561665534973145,0.24162337183952332,0.33032503724098206,-0.6680036783218384,0.9496043527432941,-0.0013129627332091331,-0.0027334289625287056,0.008069632574915886,-0.011788580566644669,0.008294886909425259,-0.011808160692453384,-0.001312966924160719,-0.0010160612873733044,-0.0013758777640759945,-0.0005345791578292847,0.002198831163624832,-0.7214116454124451,0.20947585999965668,0.2663978934288025,-0.7070183753967285,0.9528275487095446,54.506242989,True,6.51925802230835e-07,9.548384696245193e-05,1.57160684466362e-06,0.00018123537302017212,0.0002048567698533867,0.06522773206233978,0.03219453990459442,0.06392505019903183,0.039016593247652054,0.10429791993150439,ROA_1003_model40000_std01,2725,2026-10-03_22-59-50,0.0009067598730325699,-0.002787431236356497
-0.0007596099749207497,-0.000538630411028862,-0.0010010087862610817,-1.8105492927134037e-05,0.001306839144211353,-0.4987250864505768,0.42662766575813293,0.46301034092903137,-0.5214011669158936,0.9553508976366526,-0.0012510456144809723,-0.000945734791457653,-0.0013990997103974223,-0.0002724205842241645,0.0020651753062981932,-0.6530739665031433,0.2391403466463089,0.3252447545528412,-0.6666290760040283,0.9435284352678017,0.0005927733145654202,-0.004441671539098024,0.008755027316510677,-0.01317770965397358,0.009313787333667278,-0.012798529118299484,-0.0012726057320833206,-0.0010714400559663773,-0.0014273158740252256,-0.0004770874511450529,0.002203925418903181,-0.7226932644844055,0.20776967704296112,0.26130613684654236,-0.702431857585907,0.9478217727706575,54.526243468000004,True,2.260785549879074e-05,0.0001301756128668785,2.8137583285570145e-05,0.00020718143787235022,0.00024729663974919344,0.0696093738079071,0.03132317215204239,0.06398284435272217,0.03577611595392227,0.10573171079737084,ROA_1003_model40000_std01,2726,2026-10-03_22-59-50,0.002656509168446064,-0.004890090320259333
-0.0006777234375476837,-0.0006224494427442551,-0.001082330709323287,7.479102350771427e-05,0.0013108892165016911,-0.4963672161102295,0.4232369661331177,0.45793449878692627,-0.5167103409767151,0.9475389153682996,-0.0011620111763477325,-0.001014024019241333,-0.001463247463107109,-0.00016933190636336803,0.002036925259544889,-0.6495718359947205,0.23729749023914337,0.318759560585022,-0.6631106734275818,0.935714801485076,0.0018395023653283715,-0.006040569860488176,0.009997445158660412,-0.014606568962335587,0.01048609334975481,-0.014309834688901901,-0.0011920463293790817,-0.0011641299352049828,-0.0015032885130494833,-0.0003885652404278517,0.0022011966492795623,-0.7224296927452087,0.20383110642433167,0.25641724467277527,-0.6971145272254944,0.9407309651680101,54.546250188,True,3.366731107234955e-05,0.00015068799257278442,4.319590516388416e-05,0.00021749874576926231,0.0002701904597927788,0.07286155223846436,0.033511314541101456,0.06235023960471153,0.03399496152997017,0.107060376481209,ROA_1003_model40000_std01,2727,2026-10-03_22-59-50,0.003964544273912907,-0.006543474271893501
-0.0006005167961120605,-0.0006881076842546463,-0.0011695316061377525,0.0001591164618730545,0.001330051615747757,-0.49120277166366577,0.4168609082698822,0.4507651627063751,-0.510438084602356,0.9350268842014182,-0.0010914169251918793,-0.0010682502761483192,-0.0015444937162101269,-7.974449545145035e-05,0.0020330292868628473,-0.6429040431976318,0.23362505435943604,0.31038138270378113,-0.657817542552948,0.9235975772974485,0.0023310594260692596,-0.006355690769851208,0.010786480270326138,-0.0147137101739645,0.011070224456489086,-0.014644725248217583,-0.0011269701644778252,-0.0012436183169484138,-0.0015938770957291126,-0.00030472874641418457,0.002214074316249596,-0.7204683423042297,0.19479146599769592,0.24933448433876038,-0.6905396580696106,0.9285975097201175,54.566246091000004,True,3.662426024675369e-05,0.0001719687134027481,4.969770088791847e-05,0.0002237735316157341,0.0002888902115025138,0.0775570496916771,0.03881589323282242,0.0610380619764328,0.032704439014196396,0.11097172793111666,ROA_1003_model40000_std01,2728,2026-10-03_22-59-50,0.004551255144178867,-0.006714176386594772
-0.0005540903657674789,-0.0007362104952335358,-0.0012026750482618809,0.00019653234630823135,0.0013334259972556655,-0.48724791407585144,0.4111686646938324,0.44777241349220276,-0.5083444714546204,0.9277325790064758,-0.0010464806109666824,-0.00109146349132061,-0.0015739817172288895,-2.8405338525772095e-05,0.0020157387626942845,-0.6368259787559509,0.2317097932100296,0.3065841495990753,-0.6563745737075806,0.9170075413051543,0.002976255491375923,-0.006483091972768307,0.011028491891920567,-0.014363657683134079,0.011260182596743107,-0.014333955943584442,-0.0010862713679671288,-0.0012888573110103607,-0.001626147422939539,-0.0002584652975201607,0.0022083290223142617,-0.7191838026046753,0.1881290078163147,0.24705366790294647,-0.6866345405578613,0.9217254704658777,54.586246282000005,True,3.9604492485523224e-05,0.0001980457454919815,5.1641836762428284e-05,0.00023016473278403282,0.000310516496710757,0.08236756175756454,0.04357890784740448,0.059531182050704956,0.030239809304475784,0.11463476168218086,ROA_1003_model40000_std01,2729,2026-10-03_22-59-50,0.00519049447029829,-0.006742028519511223
-0.0005324603989720345,-0.0007425202056765556,-0.0012168195098638535,0.00019584549590945244,0.0013359651352121541,-0.4858267307281494,0.40956562757492065,0.4463558793067932,-0.5085569620132446,0.9256436572069814,-0.0010229647159576416,-0.001067877747118473,-0.001588207669556141,-1.0058283805847168e-05,0.00199966844676511,-0.6340352892875671,0.2329128235578537,0.304656445980072,-0.6567003130912781,0.9153874027204761,0.0036262129433453083,-0.00576444435864687,0.011627869680523872,-0.013653483241796494,0.011871696449816227,-0.013584958389401436,-0.0010670162737369537,-0.0012945383787155151,-0.0016329227946698666,-0.000248919241130352,0.0021991847301997625,-0.7200948596000671,0.18497182428836823,0.24698370695114136,-0.685263991355896,0.9200419435009312,54.606249353,True,4.377216100692749e-05,0.0002241227775812149,4.6368222683668137e-05,0.00024008331820368767,0.0003345697407257624,0.08601298928260803,0.04792864993214607,0.057686351239681244,0.028525128960609436,0.11760008867800653,ROA_1003_model40000_std01,2730,2026-10-03_22-59-50,0.006139763630926609,-0.005719604901969433
-0.0004915054887533188,-0.0007751863449811935,-0.001253071241080761,0.00021744053810834885,0.001349741961231481,-0.48252564668655396,0.405722975730896,0.4432191848754883,-0.5070759057998657,0.9198043669312804,-0.000989832915365696,-0.0010719290003180504,-0.0016269274055957794,2.8917565941810608e-05,0.0019972041374721173,-0.6295675039291382,0.23183411359786987,0.3006502389907837,-0.6559621095657349,0.9102541655992408,0.004086724482476711,-0.005443536676466465,0.012032128870487213,-0.013275627046823502,0.012275944463908672,-0.01318189688026905,-0.0010396121069788933,-0.0013331184163689613,-0.0016659731045365334,-0.0002210726961493492,0.0022063364539716586,-0.7205865979194641,0.1785384863615036,0.24472501873970032,-0.6817246079444885,0.9144580494518433,54.626252904000005,True,5.026813596487045e-05,0.0002585817128419876,4.256144165992737e-05,0.0002503395080566406,0.00036586079155525415,0.09102863073348999,0.053310297429561615,0.055925916880369186,0.02571847103536129,0.12202381715687724,ROA_1003_model40000_std01,2731,2026-10-03_22-59-50,0.006674221716821194,-0.005220131482928991
-0.0004662666469812393,-0.0007953029125928879,-0.0012543518096208572,0.00020866282284259796,0.0013421540980026849,-0.4795393645763397,0.40279000997543335,0.4416871666908264,-0.5071638822555542,0.9161992601085686,-0.0009702285751700401,-0.0010806601494550705,-0.001628464087843895,2.9150396585464478e-05,0.001988242731688144,-0.6263425946235657,0.23030976951122284,0.2984183132648468,-0.656924307346344,0.9073424043529451,0.004249087069183588,-0.005035300739109516,0.012181416153907776,-0.012830615043640137,0.012421725317835808,-0.012727085500955582,-0.001023896038532257,-0.0013582408428192139,-0.0016689533367753029,-0.00022742897272109985,0.0022097710040369796,-0.7201423645019531,0.1737610399723053,0.24366959929466248,-0.6804516911506653,0.9108255070757044,54.646252423,True,5.0105154514312744e-05,0.00027797650545835495,4.0279701352119446e-05,0.00025401823222637177,0.0003819857596761463,0.09377603232860565,0.05656526982784271,0.0547533817589283,0.023511236533522606,0.1244704305774765,ROA_1003_model40000_std01,2732,2026-10-03_22-59-50,0.00678503792732954,-0.004794018343091011
-0.00044333282858133316,-0.000819377601146698,-0.0012719538062810898,0.00020978040993213654,0.0013501135347817677,-0.4771798551082611,0.4002072215080261,0.43987107276916504,-0.5066764950752258,0.9126257588672086,-0.000953976996243,-0.0010782154276967049,-0.0016465317457914352,4.353933036327362e-05,0.0019874286999273837,-0.6242731809616089,0.22867204248905182,0.29541224241256714,-0.6576552391052246,0.9044054650677142,0.004789520986378193,-0.005211083218455315,0.012637970969080925,-0.012639526277780533,0.012780449353158474,-0.012655569240450859,-0.0010078074410557747,-0.0013837823644280434,-0.0016816891729831696,-0.00021527521312236786,0.00221255193162017,-0.7211514115333557,0.16933701932430267,0.24310289323329926,-0.6774523854255676,0.9076481030930498,54.666258343,True,5.152542144060135e-05,0.0003050779923796654,3.4691765904426575e-05,0.0002579297870397568,0.00040424488475693124,0.09683030098676682,0.0593622662127018,0.052305400371551514,0.019793862476944923,0.12624992464822823,ROA_1003_model40000_std01,2733,2026-10-03_22-59-50,0.007246117107570171,-0.00503828190267086
-0.0004363013431429863,-0.0008375383913516998,-0.0012550968676805496,0.00019827857613563538,0.00133368541806827,-0.4751700758934021,0.39814504981040955,0.43938493728637695,-0.5067423582077026,0.9104514727085881,-0.0009509967640042305,-0.001089111901819706,-0.0016322359442710876,3.324821591377258e-05,0.0019801427362464335,-0.6231414079666138,0.22671067714691162,0.2940131723880768,-0.6586061716079712,0.9027217408079378,0.0048956722021102905,-0.004937590099871159,0.012776329182088375,-0.012285798788070679,0.012888582423329353,-0.012339673936367035,-0.0010055722668766975,-0.0014030374586582184,-0.0016643665730953217,-0.00021890737116336823,0.0022093636231427247,-0.7199591398239136,0.16597215831279755,0.24432501196861267,-0.6755152344703674,0.9051847874509364,54.686254214,True,5.3155235946178436e-05,0.0003137858584523201,3.1152740120887756e-05,0.00025173649191856384,0.0004068786806923685,0.09681330621242523,0.060765769332647324,0.04966603219509125,0.016878359019756317,0.12527910796281264,ROA_1003_model40000_std01,2734,2026-10-03_22-59-50,0.007264991290867329,-0.004910435061901808
-0.0004373956471681595,-0.0008458737283945084,-0.0012215692549943924,0.00016121193766593933,0.001309323801269784,-0.4736282527446747,0.39627888798713684,0.4395972788333893,-0.5081859230995178,0.9096797765227173,-0.0009378185495734215,-0.0010656891390681267,-0.0015896279364824295,1.578591763973236e-05,0.001940928829978523,-0.6216354370117188,0.22675073146820068,0.29417404532432556,-0.6590676307678223,0.9023722699133959,0.005474441684782505,-0.005542329978197813,0.01286817342042923,-0.011984707787632942,0.012819354422390461,-0.012225670740008354,-0.0010035233572125435,-0.0014043180271983147,-0.0016237609088420868,-0.00024493783712387085,0.00219462637851807,-0.7190505862236023,0.1632675975561142,0.24605076014995575,-0.6751217842102051,0.9041484129766044,54.706253733000004,True,6.85686245560646e-05,0.0003381166607141495,3.441236913204193e-05,0.0002605840563774109,0.0004334813419816657,0.09737652540206909,0.0634840652346611,0.048123762011528015,0.016059260815382004,0.12628043585221535,ROA_1003_model40000_std01,2735,2026-10-03_22-59-50,0.00777728296816349,-0.005627852864563465
-0.0004346482455730438,-0.0008547678589820862,-0.001200847327709198,0.00014076940715312958,0.0012943275300933588,-0.4741761088371277,0.39671429991722107,0.440217524766922,-0.509388267993927,0.9110991103024467,-0.0009251758456230164,-0.0010618939995765686,-0.0015554018318653107,3.3061951398849487e-06,0.001911380198676031,-0.6225383281707764,0.22770929336547852,0.29469186067581177,-0.6596613526344299,0.9038333009851047,0.00597414281219244,-0.0063005480915308,0.013328580185770988,-0.011985326185822487,0.012976834550499916,-0.012599758803844452,-0.0010006129741668701,-0.0014107907190918922,-0.001592189073562622,-0.00025387853384017944,0.0021809845773544207,-0.7205707430839539,0.16221356391906738,0.24818859994411469,-0.6745275855064392,0.9053609373739904,54.726259012,True,7.60890543460846e-05,0.0003489665687084198,3.720633685588837e-05,0.0002600252628326416,0.00044309033554065054,0.09803566336631775,0.06552668660879135,0.04653725400567055,0.014857388101518154,0.1270194219734561,ROA_1003_model40000_std01,2736,2026-10-03_22-59-50,0.008332237601280212,-0.006588895805180073
-0.0004270114004611969,-0.0008817994967103004,-0.0011869240552186966,0.0001569744199514389,0.0012785139794862842,-0.47338542342185974,0.39499717950820923,0.4405840039253235,-0.5084857940673828,0.9096235018005407,-0.0009171664714813232,-0.001092604361474514,-0.0015382654964923859,1.5506520867347717e-05,0.0018985427093567955,-0.6225143671035767,0.22602824866771698,0.29419034719467163,-0.6596269011497498,0.9027462777447613,0.0066184112802147865,-0.006842808332294226,0.014025849290192127,-0.012834172695875168,0.01374483946710825,-0.013334235176444054,-0.000997958704829216,-0.0014485092833638191,-0.0015794765204191208,-0.00023976899683475494,0.0021830516783892654,-0.7203428149223328,0.15806591510772705,0.25016069412231445,-0.6730788946151733,0.9037076796818055,54.746275684000004,True,8.379574865102768e-05,0.00035727862268686295,3.986060619354248e-05,0.000256858766078949,0.00044941346582829555,0.09782890975475311,0.06798049062490463,0.04403199627995491,0.01346180122345686,0.12703441057289927,ROA_1003_model40000_std01,2737,2026-10-03_22-59-50,0.00894882157444954,-0.007282428443431854
-0.0004353700205683708,-0.0008700648322701454,-0.0011840369552373886,0.0001505482941865921,0.0012799725115561118,-0.47276726365089417,0.3943105638027191,0.438435435295105,-0.5076927542686462,0.9074652432881932,-0.0009395647794008255,-0.0010995659977197647,-0.001540686935186386,-2.0954757928848267e-06,0.0019208040176558242,-0.622285008430481,0.22495093941688538,0.29229557514190674,-0.6579211354255676,0.900224443964705,0.006915716454386711,-0.006804743781685829,0.014267726801335812,-0.012846523895859718,0.014056101441383362,-0.013267342001199722,-0.001021730713546276,-0.0014476943761110306,-0.0015826430171728134,-0.00025224871933460236,0.0022038070179402898,-0.7216063737869263,0.15409965813159943,0.24816346168518066,-0.6738085746765137,0.9018373124815526,54.76625395400001,True,8.30506905913353e-05,0.0003512948751449585,4.130415618419647e-05,0.00024922192096710205,0.0004403698953002692,0.09932088851928711,0.07084337621927261,0.044158656150102615,0.015861354768276215,0.1301639112593722,ROA_1003_model40000_std01,2738,2026-10-03_22-59-50,0.009177123196423054,-0.0070841945707798
-0.0004364410415291786,-0.0008702510967850685,-0.0011894386261701584,0.0001548323780298233,0.0012842676259837854,-0.47181451320648193,0.3930569887161255,0.43758514523506165,-0.506824791431427,0.9055157095137506,-0.0009546754881739616,-0.0011081341654062271,-0.0015506520867347717,-1.1874362826347351e-05,0.0019420148562968717,-0.6220912933349609,0.22377166152000427,0.29076263308525085,-0.6572301387786865,0.8984034816906245,0.006833398714661598,-0.0066321543417871,0.014070432633161545,-0.012745752930641174,0.013915441930294037,-0.01308850385248661,-0.0010373536497354507,-0.0014581717550754547,-0.001588929444551468,-0.000251084566116333,0.0022209832876290123,-0.7236257195472717,0.15011289715766907,0.24744634330272675,-0.672349214553833,0.9001082272843879,54.786254177,True,8.19796696305275e-05,0.00035031698644161224,3.650784492492676e-05,0.00023995526134967804,0.0004337075158530791,0.1014682874083519,0.07363012433052063,0.04335399344563484,0.015072989277541637,0.13291910649264477,ROA_1003_model40000_std01,2739,2026-10-03_22-59-50,0.008908728137612343,-0.007037595845758915
-0.00043248292058706284,-0.0008773058652877808,-0.001126062124967575,9.895302355289459e-05,0.0012443681324956243,-0.4662659168243408,0.3871431052684784,0.4330579936504364,-0.5080923438072205,0.8983531859488267,-0.0009575393050909042,-0.00112846028059721,-0.0015020370483398438,-7.096678018569946e-05,0.0019350668533743263,-0.6183201670646667,0.21726194024085999,0.2867653965950012,-0.6556305885314941,0.8906258529655476,0.007238513790071011,-0.007371409796178341,0.014089117757976055,-0.013122674077749252,0.013940809294581413,-0.013449065387248993,-0.0010329531505703926,-0.0014635734260082245,-0.0015391036868095398,-0.00031744129955768585,0.002219627660664141,-0.7167700529098511,0.14448420703411102,0.23965023458003998,-0.6775808930397034,0.8918615306313213,54.80625984,True,7.373746484518051e-05,0.0003338092938065529,3.348104655742645e-05,0.0002457760274410248,0.000422044762585348,0.09840912371873856,0.07279356569051743,0.047130972146987915,0.021968966349959373,0.13264885762465428,ROA_1003_model40000_std01,2740,2026-10-03_22-59-50,0.008606687188148499,-0.007808186113834381
-0.0004929490387439728,-0.0008246162906289101,-0.0010402873158454895,3.152526915073395e-05,0.001223294492378438,-0.46876513957977295,0.3877561390399933,0.4361681342124939,-0.5101710557937622,0.9025482871494231,-0.001031113788485527,-0.0010883435606956482,-0.0014229677617549896,-0.00015189871191978455,0.0019450993717474874,-0.6212673187255859,0.2189110815525055,0.2899584174156189,-0.6569353342056274,0.8951468351558872,0.00570202711969614,-0.005776639096438885,0.012848771177232265,-0.011621754616498947,0.012638150714337826,-0.01201864704489708,-0.0010952819138765335,-0.0014200108125805855,-0.0014494638890028,-0.0003861263394355774,0.0022187533028043436,-0.7211111783981323,0.14212051033973694,0.24293221533298492,-0.6787143349647522,0.8954153469034449,54.826257823000006,True,7.078051567077637e-05,0.00033027026802301407,2.752058207988739e-05,0.00023660250008106232,0.0004128952617645115,0.09983381628990173,0.07677217572927475,0.04703877121210098,0.021751968190073967,0.13577228650578346,ROA_1003_model40000_std01,2741,2026-10-03_22-59-50,0.007223073393106461,-0.006092040799558163
-0.000573345459997654,-0.0007396331056952477,-0.0009447336196899414,-6.901100277900696e-05,0.0012162780073148444,-0.47446203231811523,0.3925636112689972,0.4390033185482025,-0.5140355825424194,0.9110479586015098,-0.0011076685041189194,-0.001006084494292736,-0.0013249926269054413,-0.00025546178221702576,0.0019409542078606718,-0.6281691193580627,0.22378702461719513,0.2923705577850342,-0.6603877544403076,0.9037714578218909,0.005089128389954567,-0.005140676628798246,0.01193211693316698,-0.010745598934590816,0.011721750721335411,-0.011132773011922836,-0.0011723954230546951,-0.0013395212590694427,-0.0013488344848155975,-0.000491458922624588,0.002218566607912017,-0.7262052893638611,0.14532309770584106,0.2452409714460373,-0.6831008791923523,0.9028896085227465,54.846269375000006,True,6.731133908033371e-05,0.00033294782042503357,2.551823854446411e-05,0.0002357177436351776,0.00041386225080129003,0.09804590791463852,0.07851468026638031,0.047137025743722916,0.02266978658735752,0.13562659522157677,ROA_1003_model40000_std01,2742,2026-10-03_22-59-50,0.007213359698653221,-0.005155403167009354
-0.0006053829565644264,-0.0007066875696182251,-0.0008946401067078114,-0.00013118842616677284,0.0012151182400817963,-0.47668638825416565,0.3949042558670044,0.4411180019378662,-0.516333818435669,0.9155284167857537,-0.0011400319635868073,-0.0010087620466947556,-0.001273234374821186,-0.00034725526347756386,0.001963200347374826,-0.634031355381012,0.22301729023456573,0.2916274666786194,-0.665342390537262,0.9083901198208075,0.003745764261111617,-0.004362908191978931,0.01066682394593954,-0.010354477912187576,0.010569008067250252,-0.01058485358953476,-0.0011945376172661781,-0.0013175886124372482,-0.0012926873750984669,-0.0005634617991745472,0.002221827378647136,-0.7266438007354736,0.1446159929037094,0.24752433598041534,-0.6877226829528809,0.9060862136223321,54.86625814200001,True,5.902256816625595e-05,0.00030547380447387695,2.0011793822050095e-05,0.00021756859496235847,0.0003797638378307133,0.09260722249746323,0.07842829823493958,0.04408007860183716,0.022371415048837662,0.13060672489365,ROA_1003_model40000_std01,2743,2026-10-03_22-59-50,0.006638530641794205,-0.004087442997843027
-0.0006078509613871574,-0.0007219146937131882,-0.0008851406164467335,-0.00013652024790644646,0.00121840239078015,-0.47698941826820374,0.3941822648048401,0.44021740555763245,-0.516900897026062,0.9151547670850597,-0.0011358875781297684,-0.0010246876627206802,-0.0012628966942429543,-0.0003607943654060364,0.0019654241608432106,-0.6362388134002686,0.22159911692142487,0.28789135813713074,-0.6678793430328369,0.9081369953110164,0.0027366504073143005,-0.005146538373082876,0.00919029489159584,-0.010959366336464882,0.009177877567708492,-0.011065080761909485,-0.00119674950838089,-0.0013359356671571732,-0.0012880656868219376,-0.0005769310519099236,0.0022352691086086705,-0.7276702523231506,0.14084669947624207,0.24514760076999664,-0.6912371516227722,0.9052228073699282,54.886260669,True,6.225891411304474e-05,0.00031013041734695435,2.5297049432992935e-05,0.00021405285224318504,0.00038250524506667886,0.09144376218318939,0.08077173680067062,0.04272034764289856,0.02335617132484913,0.13098017462054634,ROA_1003_model40000_std01,2744,2026-10-03_22-59-50,0.006250754930078983,-0.004517632536590099
-0.000649760477244854,-0.0006961869075894356,-0.00088508240878582,-0.00015434343367815018,0.0012415269832660623,-0.48017454147338867,0.39641672372817993,0.4401061236858368,-0.5186975002288818,0.9186182191944657,-0.0011874595656991005,-0.0009877141565084457,-0.0012657605111598969,-0.0003732857294380665,0.0019906814202423424,-0.6407489776611328,0.22299633920192719,0.2862206697463989,-0.6704490780830383,0.9114019365718341,0.0026536588557064533,-0.00564922671765089,0.008318141102790833,-0.01133145671337843,0.008519824594259262,-0.011145717464387417,-0.0012431759387254715,-0.0013016629964113235,-0.0012911856174468994,-0.0005887355655431747,0.0022530530169835934,-0.734519898891449,0.14385999739170074,0.24316750466823578,-0.6938297152519226,0.9104791445610544,54.906262507,True,5.797483026981354e-05,0.00031155068427324295,2.618180587887764e-05,0.00021401792764663696,0.000383133111145212,0.0937667191028595,0.07914914190769196,0.04305736720561981,0.023369327187538147,0.13180148395373995,ROA_1003_model40000_std01,2745,2026-10-03_22-59-50,0.006284436210989952,-0.005107445642352104
-0.0006391433998942375,-0.0007248017936944962,-0.0008464674465358257,-0.00017576385289430618,0.0012310557884107174,-0.4806513786315918,0.39484256505966187,0.44365736842155457,-0.5240225791931152,0.9227400124624139,-0.001165643334388733,-0.0009605428203940392,-0.0012217788025736809,-0.00035600969567894936,0.0019357908501129067,-0.6409047245979309,0.22304987907409668,0.28952616453170776,-0.6745783090591431,0.9154212765762093,0.0036257437895983458,-0.007262584753334522,0.00759141705930233,-0.01230948232114315,0.00814011599868536,-0.011647922918200493,-0.0012295786291360855,-0.0013052253052592278,-0.0012554461136460304,-0.0005998183041810989,0.0022335244440157016,-0.7365380525588989,0.1486886739730835,0.24447262287139893,-0.6970854997634888,0.9159777911311913,54.926264182000004,True,6.488990038633347e-05,0.0003420049324631691,3.7974677979946136e-05,0.00024166656658053398,0.00042542069953698685,0.09560747444629669,0.0743381679058075,0.04507484659552574,0.022479098290205002,0.13084213441454873,ROA_1003_model40000_std01,2746,2026-10-03_22-59-50,0.006815490312874317,-0.007220085710287094
-0.0006471294909715652,-0.0007360707968473434,-0.0008658971637487411,-0.00018044374883174896,0.0012531280003073837,-0.4851100742816925,0.39822372794151306,0.4455917179584503,-0.5287155508995056,0.9299364856935473,-0.001170579344034195,-0.0009455252438783646,-0.001238333061337471,-0.00033676624298095703,0.0019365724000873956,-0.6457306146621704,0.22675421833992004,0.2914685606956482,-0.677868664264679,0.9221993608644897,0.005913021974265575,-0.009462839923799038,0.008775712922215462,-0.013916632160544395,0.009503297507762909,-0.013038115575909615,-0.0012385658919811249,-0.0013066921383142471,-0.001280754804611206,-0.0005980022251605988,0.0022511550095448145,-0.7431809306144714,0.1547471582889557,0.24533922970294952,-0.7016965746879578,0.9249730448105825,54.94626205,True,6.780028343200684e-05,0.0003618653863668442,4.391185939311981e-05,0.00026319175958633423,0.00045466813691553813,0.09746848791837692,0.07200287282466888,0.04614796116948128,0.02380460314452648,0.13161605817886424,ROA_1003_model40000_std01,2747,2026-10-03_22-59-50,0.009022600017488003,-0.009458080865442753
-0.0005826354026794434,-0.0008055940270423889,-0.0008929520845413208,-0.00015534460544586182,0.0012472997057750182,-0.48469704389572144,0.39715132117271423,0.44522663950920105,-0.5301856398582458,0.9298129905270122,-0.0011130236089229584,-0.0010085292160511017,-0.0012650620192289352,-0.0003041699528694153,0.0019267047084419529,-0.6442516446113586,0.2266978770494461,0.292515367269516,-0.6773816347122192,0.9217701373130234,0.007006408646702766,-0.011637290939688683,0.010171151719987392,-0.01602780632674694,0.010773270390927792,-0.015356812626123428,-0.0011809170246124268,-0.0013890676200389862,-0.001313118264079094,-0.0005865469574928284,0.002267938669085317,-0.7441765069961548,0.1523112803697586,0.24404841661453247,-0.705236554145813,0.9252906061950188,54.966289358000004,True,6.780028343200684e-05,0.0003795139491558075,4.7963112592697144e-05,0.0002828892320394516,0.0004805729478707222,0.09993463009595871,0.07440615445375443,0.04847906157374382,0.027834435924887657,0.13642421171354083,ROA_1003_model40000_std01,2748,2026-10-03_22-59-50,0.010312817059457302,-0.011310657486319542
-0.0005523674190044403,-0.0008226372301578522,-0.000925455242395401,-0.0001323409378528595,0.00124511543461575,-0.485211580991745,0.3967042863368988,0.44247132539749146,-0.5297371745109558,0.928168067154019,-0.0010935589671134949,-0.001036468893289566,-0.001301988959312439,-0.00029136426746845245,0.0019411862782421582,-0.6421915888786316,0.22876541316509247,0.2919616997241974,-0.6746272444725037,0.9200353687546478,0.007398261688649654,-0.012840740382671356,0.01063667144626379,-0.017078004777431488,0.011157698929309845,-0.01655477099120617,-0.001161079853773117,-0.0014287419617176056,-0.001353258267045021,-0.0005804933607578278,0.002292572634952869,-0.7465108633041382,0.14891475439071655,0.2408376783132553,-0.707894504070282,0.92448408928454,54.98626757700001,True,6.7148357629776e-05,0.00039106234908103943,5.243346095085144e-05,0.00028978101909160614,0.00049412193306527,0.10431184619665146,0.07985904067754745,0.05111563578248024,0.03325240686535835,0.14477225130462493,ROA_1003_model40000_std01,2749,2026-10-03_22-59-50,0.010929089970886707,-0.011838952079415321
-0.0005359761416912079,-0.0008245930075645447,-0.0009226612746715546,-0.00014211982488632202,0.0012381227298171307,-0.48483720421791077,0.39662885665893555,0.44020262360572815,-0.5298331379890442,0.9268229158212625,-0.0010818243026733398,-0.0010524876415729523,-0.001302827149629593,-0.0003043096512556076,0.0019444442672333626,-0.6397701501846313,0.22974608838558197,0.2917987108230591,-0.6729052066802979,0.9183687631496819,0.0075863562524318695,-0.013822546228766441,0.010812847875058651,-0.018047265708446503,0.011331978254020214,-0.01754436269402504,-0.0011414289474487305,-0.0014307908713817596,-0.0013525132089853287,-0.0005927402526140213,0.002286403319473002,-0.7445420622825623,0.15123094618320465,0.23819831013679504,-0.7090340256690979,0.923610050617795,55.006271557000005,True,5.8300793170928955e-05,0.00037979334592819214,4.8335641622543335e-05,0.0002917833626270294,0.00048487949339942143,0.10478495806455612,0.07852073013782501,0.05363067239522934,0.03609899431467056,0.14600056725420235,ROA_1003_model40000_std01,2750,2026-10-03_22-59-50,0.011177396401762962,-0.012531766667962074
-0.000560469925403595,-0.0007954426109790802,-0.0009093433618545532,-0.0001676846295595169,0.0012432295864454788,-0.48769354820251465,0.399374395608902,0.4402599036693573,-0.5312496423721313,0.9302632062946452,-0.0011038966476917267,-0.001024734228849411,-0.0012840144336223602,-0.0003262888640165329,0.0019448412480949288,-0.6412435173988342,0.23323576152324677,0.29364925622940063,-0.6729848384857178,0.9217282222851381,0.00819592084735632,-0.014060018584132195,0.011443918570876122,-0.01827114075422287,0.011952483095228672,-0.017786992713809013,-0.0011575408279895782,-0.001397542655467987,-0.0013304408639669418,-0.0006170943379402161,0.0022784530554648646,-0.7475623488426208,0.15546008944511414,0.23888422548770905,-0.7090321183204651,0.9276018427893234,55.026271856,True,5.41098415851593e-05,0.000374671071767807,4.898756742477417e-05,0.00028801150619983673,0.00047814551747980035,0.1063058078289032,0.0778399407863617,0.05476409196853638,0.03605661913752556,0.14714154500060037,ROA_1003_model40000_std01,2751,2026-10-03_22-59-50,0.011637412942945957,-0.013020548969507217
-0.0005608424544334412,-0.0008013099431991577,-0.0008518341928720474,-0.00019883736968040466,0.001226837009293391,-0.48694849014282227,0.39789730310440063,0.44280800223350525,-0.5333958864212036,0.9316598347410572,-0.001095794141292572,-0.0010348856449127197,-0.0012145843356847763,-0.00036172568798065186,0.0019173851370753753,-0.638822078704834,0.2321014106273651,0.2969731390476227,-0.675742506980896,0.9232627335263273,0.00875231996178627,-0.01469762809574604,0.012028433382511139,-0.01889793761074543,0.01252232026308775,-0.01841891184449196,-0.0011521391570568085,-0.0014009885489940643,-0.0012664124369621277,-0.000642240047454834,0.0022575591964881423,-0.7453253269195557,0.15553365647792816,0.24274270236492157,-0.7091774344444275,0.9285141278748141,55.04626729100001,True,5.373731255531311e-05,0.0003664754331111908,5.187466740608215e-05,0.0002787914127111435,0.0004664042683820902,0.10642501711845398,0.0765947625041008,0.05422159656882286,0.033418647944927216,0.1457157213613927,ROA_1003_model40000_std01,2752,2026-10-03_22-59-50,0.011986581608653069,-0.01405712217092514
-0.000570341944694519,-0.0008100643754005432,-0.0008719507604837418,-0.00018705613911151886,0.001242527474062962,-0.48794782161712646,0.39808544516563416,0.4408904016017914,-0.531528115272522,0.9302405685722593,-0.001099705696105957,-0.0010501593351364136,-0.001222267746925354,-0.0003532040864229202,0.001927484435089158,-0.6397244930267334,0.2312399297952652,0.29483065009117126,-0.6753052473068237,0.9219194123638669,0.010245398618280888,-0.01559038832783699,0.013403038494288921,-0.019515780732035637,0.013821786269545555,-0.019129645079374313,-0.001161079853773117,-0.001414027065038681,-0.0012792181223630905,-0.000624312087893486,0.002268343909066108,-0.7479721307754517,0.15450827777385712,0.2419808804988861,-0.705513596534729,0.9274357472604948,55.066271847,True,6.360933184623718e-05,0.00036172568798065186,5.7835131883621216e-05,0.0002705957740545273,0.00045977554687495466,0.10824016481637955,0.07675029337406158,0.05283951386809349,0.03019207902252674,0.14588001522775748,ROA_1003_model40000_std01,2753,2026-10-03_22-59-50,0.013576499186456203,-0.015141109004616737
-0.0005515292286872864,-0.0008431263267993927,-0.0008658040314912796,-0.00017578713595867157,0.0012387099158266627,-0.48557665944099426,0.3946581780910492,0.43910133838653564,-0.5286763906478882,0.9250495287914816,-0.0010760501027107239,-0.0010914169251918793,-0.0012014992535114288,-0.0003543216735124588,0.0019192113801113039,-0.6367712616920471,0.22723804414272308,0.2924562394618988,-0.6743678450584412,0.9169062901629311,0.011427389457821846,-0.016864299774169922,0.014602185226976871,-0.020724870264530182,0.015003102831542492,-0.020370841026306152,-0.0011439435184001923,-0.0014504417777061462,-0.0012652482837438583,-0.000609084963798523,0.0022653214721482626,-0.7468014359474182,0.15035457909107208,0.24137644469738007,-0.7000183463096619,0.922097414582191,55.086268594,True,6.882473826408386e-05,0.0003559514880180359,6.30505383014679e-05,0.0002532266080379486,0.0004465549077578782,0.10998918861150742,0.07686112076044083,0.051089558750391006,0.02563372068107128,0.1456526054534596,ROA_1003_model40000_std01,2754,2026-10-03_22-59-50,0.01492640282958746,-0.01660987176001072
-0.0005236826837062836,-0.0008790753781795502,-0.0008977949619293213,-0.00013611279428005219,0.0012393542249780206,-0.48356592655181885,0.3916555941104889,0.43546777963638306,-0.523972749710083,0.9183002831915754,-0.0010443851351737976,-0.001136772334575653,-0.0012205913662910461,-0.0003284309059381485,0.0019195297947361912,-0.6347512602806091,0.22411717474460602,0.28737494349479675,-0.6718598008155823,0.9104889448941761,0.012397686019539833,-0.018030721694231033,0.015562325716018677,-0.02184980921447277,0.015965476632118225,-0.021502668038010597,-0.001124013215303421,-0.0014952383935451508,-0.0012930948287248611,-0.0005657318979501724,0.0022727335261356085,-0.7471888661384583,0.14507398009300232,0.2393331229686737,-0.6928024291992188,0.9156541926348034,55.106271134,True,8.363276720046997e-05,0.0003575347363948822,7.003545761108398e-05,0.00023632310330867767,0.0004420822147424561,0.1124190092086792,0.07901712507009506,0.048043668270111084,0.020931938663125038,0.14673566481643094,ROA_1003_model40000_std01,2755,2026-10-03_22-59-50,0.016022413969039917,-0.01784178614616394
-0.0004969537258148193,-0.0009194016456604004,-0.0009251758456230164,-9.490177035331726e-05,0.0012398846123001398,-0.48226675391197205,0.3895852565765381,0.4322877824306488,-0.5196770429611206,0.9127886967253857,-0.0010163523256778717,-0.0011854805052280426,-0.001242244616150856,-0.0002958811819553375,0.0019229183103337422,-0.6336522698402405,0.2216370701789856,0.28296932578086853,-0.6696903109550476,0.9053382514335773,0.013070140033960342,-0.01909775845706463,0.016162095591425896,-0.02294936217367649,0.01659223437309265,-0.022571498528122902,-0.001107528805732727,-0.001542549580335617,-0.001316005364060402,-0.0005166046321392059,0.0022794257627985854,-0.7486138343811035,0.14029815793037415,0.2375030815601349,-0.685995876789093,0.91042721504796,55.126276970000006,True,8.959323167800903e-05,0.00035706907510757446,7.217749953269958e-05,0.00021941959857940674,0.0004343750876735284,0.11494661867618561,0.08135288208723068,0.04548811912536621,0.016310252249240875,0.14837381839588779,ROA_1003_model40000_std01,2756,2026-10-03_22-59-50,0.01694580353796482,-0.01902925781905651
-0.00046957284212112427,-0.0009627081453800201,-0.0009647570550441742,-4.842877388000488e-05,0.0012454718433406217,-0.4811975955963135,0.387545645236969,0.4270244240760803,-0.5144970417022705,0.9058637043855383,-0.0009836629033088684,-0.0012275762856006622,-0.0012722797691822052,-0.00025229528546333313,0.001920706001159171,-0.633194088935852,0.21953228116035461,0.27633270621299744,-0.6664320230484009,0.8989222343260153,0.013834577053785324,-0.020098522305488586,0.016870904713869095,-0.023977333679795265,0.017315926030278206,-0.023574944585561752,-0.001085922122001648,-0.0015931203961372375,-0.0013514887541532516,-0.00046407803893089294,0.0022891374432281934,-0.7498804330825806,0.13371743261814117,0.23400084674358368,-0.6796242594718933,0.9036938159790969,55.146276693000004,True,0.00010291114449501038,0.0003661029040813446,7.753260433673859e-05,0.00021206215023994446,0.0004420218969077585,0.11670029908418655,0.08583533763885498,0.042300667613744736,0.013159121386706829,0.15085179017870481,ROA_1003_model40000_std01,2757,2026-10-03_22-59-50,0.01808931864798069,-0.019764697179198265
-0.0004493631422519684,-0.0009916722774505615,-0.0010307878255844116,4.1909515857696533e-07,0.0012612578648137193,-0.4806192219257355,0.3867810368537903,0.4200069010257721,-0.5072359442710876,0.8978203238536816,-0.0009603798389434814,-0.0012530013918876648,-0.0013305339962244034,-0.00021331943571567535,0.0019328176917813333,-0.6336513757705688,0.21844728291034698,0.2678157687187195,-0.6610978841781616,0.8913635750213563,0.014937791973352432,-0.020969443023204803,0.017919396981596947,-0.024835169315338135,0.01836598664522171,-0.024430889636278152,-0.0010763294994831085,-0.0016300007700920105,-0.001406017690896988,-0.00041048042476177216,0.0023058816232982217,-0.752983570098877,0.1282971352338791,0.22975261509418488,-0.6701871156692505,0.8971402653931654,55.166273888000006,True,0.00010952353477478027,0.00037243589758872986,7.60890543460846e-05,0.0001971609890460968,0.0004417383681884892,0.11930893361568451,0.09020230919122696,0.038057565689086914,0.009085983037948608,0.15384706291552733,ROA_1003_model40000_std01,2758,2026-10-03_22-59-50,0.019469618797302246,-0.020312009379267693
-0.0004041939973831177,-0.0010336749255657196,-0.0010789372026920319,4.991888999938965e-05,0.0012590111512468056,-0.4776660203933716,0.38354283571243286,0.4138890504837036,-0.5007758736610413,0.8883395270412918,-0.0009036622941493988,-0.0012944452464580536,-0.001370580866932869,-0.00016367994248867035,0.001917953191961502,-0.6312764883041382,0.21588894724845886,0.2608844041824341,-0.655573308467865,0.882514123593384,0.015198164619505405,-0.021973995491862297,0.01813739351928234,-0.025801224634051323,0.018579475581645966,-0.02540007419884205,-0.0010303221642971039,-0.0016772188246250153,-0.0014489050954580307,-0.0003541819751262665,0.002300805739761986,-0.75057053565979,0.12146028876304626,0.22636400163173676,-0.6626681089401245,0.8879432660178513,55.18627540400001,True,0.000127498060464859,0.00038277357816696167,8.014030754566193e-05,0.00019208528101444244,0.00045376734144741363,0.11925864219665527,0.09441188722848892,0.034532975405454636,0.007065012585371733,0.1553592004965733,ROA_1003_model40000_std01,2759,2026-10-03_22-59-50,0.01983158104121685,-0.021003378555178642
-0.0003750436007976532,-0.0010623596608638763,-0.0010758638381958008,6.761401891708374e-05,0.0012456443012352388,-0.4741223156452179,0.37973278760910034,0.41165900230407715,-0.49721959233283997,0.8817976083948589,-0.0008771196007728577,-0.0013376586139202118,-0.0013690907508134842,-0.00015264376997947693,0.001916135167804192,-0.628796398639679,0.21151824295520782,0.2579716742038727,-0.6535304188728333,0.8766544719648902,0.015108233317732811,-0.022543391212821007,0.018034476786851883,-0.02637430652976036,0.01848139800131321,-0.02596123144030571,-0.0010021030902862549,-0.0017078593373298645,-0.0014411751180887222,-0.00032670795917510986,0.0022879781446790187,-0.7451632618904114,0.11570844054222107,0.22778938710689545,-0.6568343043327332,0.880571635276565,55.206274935,True,0.0001230277121067047,0.00037048012018203735,7.236376404762268e-05,0.00017015263438224792,0.0004317343422399724,0.11635570973157883,0.09578465670347214,0.030142253264784813,0.0032768582459539175,0.1528524686477632,ROA_1003_model40000_std01,2760,2026-10-03_22-59-50,0.019447600468993187,-0.021908139809966087
-0.00036563724279403687,-0.0010834075510501862,-0.001080753281712532,9.741634130477905e-05,0.0012406895104467225,-0.47133487462997437,0.3770692050457001,0.41092604398727417,-0.4947841763496399,0.8775280936964117,-0.0008730217814445496,-0.0013657845556735992,-0.0013758894056081772,-0.00012759119272232056,0.0019209342356288138,-0.6274980902671814,0.20783300697803497,0.2566245198249817,-0.6524999141693115,0.8730287804641387,0.015428246930241585,-0.022352978587150574,0.018324347212910652,-0.026178214699029922,0.01878237910568714,-0.025742648169398308,-0.0010005198419094086,-0.0017294660210609436,-0.001440802589058876,-0.0002861488610506058,0.0022842051141366243,-0.7419753670692444,0.11314637213945389,0.23002409934997559,-0.6507895588874817,0.8763694991692628,55.226274179,True,0.00012721866369247437,0.0003637745976448059,6.700865924358368e-05,0.00015809200704097748,0.000421779084469872,0.11452193558216095,0.09470339119434357,0.02662464790046215,-0.0017145647434517741,0.14989012698717516,ROA_1003_model40000_std01,2761,2026-10-03_22-59-50,0.0191276166588068,-0.022483592852950096
-0.00037280842661857605,-0.0010867603123188019,-0.0011139549314975739,0.0001368112862110138,0.0012482549387439691,-0.4681432545185089,0.3750361204147339,0.411205917596817,-0.49303656816482544,0.8742480712600256,-0.0008907169103622437,-0.0013748183846473694,-0.0014159828424453735,-9.313225746154785e-05,0.0019436227658479075,-0.6269440054893494,0.20304787158966064,0.2558249831199646,-0.6524366140365601,0.8700245838484085,0.016246523708105087,-0.022111618891358376,0.01911873370409012,-0.02594228833913803,0.019586231559515,-0.025486929342150688,-0.0010130926966667175,-0.0017222948372364044,-0.001470278948545456,-0.0002384185791015625,0.002280924873665655,-0.7404806017875671,0.11294520646333694,0.23192259669303894,-0.6452327966690063,0.8742954533493229,55.246281135000004,True,0.00012014061212539673,0.0003480352461338043,5.41098415851593e-05,0.0001426786184310913,0.00039853402192300625,0.11351517587900162,0.09011849015951157,0.023888422176241875,-0.007210298907011747,0.1456485927730375,ROA_1003_model40000_std01,2762,2026-10-03_22-59-50,0.01900717057287693,-0.023107988759875298
-0.00037206336855888367,-0.0010874122381210327,-0.0011237338185310364,0.00015683472156524658,0.0012458967130258888,-0.4653129577636719,0.3732489347457886,0.4123058021068573,-0.4931734502315521,0.8726652319231912,-0.000891461968421936,-0.0013780780136585236,-0.0014341436326503754,-7.003545761108398e-05,0.0019464315403617222,-0.6257528066635132,0.19942408800125122,0.2572042644023895,-0.6525217890739441,0.8684960652254106,0.016245277598500252,-0.02179383859038353,0.019142813980579376,-0.02559720352292061,0.019605031237006187,-0.02514287270605564,-0.001014024019241333,-0.001714564859867096,-0.0014839693903923035,-0.00020619481801986694,0.0022703937404089103,-0.7371017336845398,0.11293403059244156,0.23376847803592682,-0.6436230540275574,0.8725427681707556,55.266279482,True,0.00012135133147239685,0.00033639371395111084,5.075708031654358e-05,0.00013923272490501404,0.0003871029542670074,0.11135916411876678,0.08649285137653351,0.023460013791918755,-0.008945353329181671,0.14161896570818314,ROA_1003_model40000_std01,2763,2026-10-03_22-59-50,0.018323399126529694,-0.02312297187745571
-0.0003824010491371155,-0.001080334186553955,-0.0011548399925231934,0.0001841224730014801,0.0012588332980072552,-0.4649161994457245,0.3747120201587677,0.41096654534339905,-0.492204874753952,0.8719798959616469,-0.0009104609489440918,-0.0013651326298713684,-0.0014721415936946869,-3.557652235031128e-05,0.0019605845473467413,-0.6268927454948425,0.19924713671207428,0.25644245743751526,-0.6510112285614014,0.867755347795865,0.01644154079258442,-0.02146177925169468,0.0193483904004097,-0.025254549458622932,0.019801978021860123,-0.024806702509522438,-0.001031532883644104,-0.0017049722373485565,-0.001516193151473999,-0.0001782551407814026,0.0022783465892286464,-0.7379231452941895,0.11429096758365631,0.2328706830739975,-0.6422139406204224,0.8726674791994808,55.286277445,True,0.00011958181858062744,0.0003400258719921112,4.498288035392761e-05,0.00014230608940124512,0.0003900928145760643,0.11099501699209213,0.08496175706386566,0.02358667366206646,-0.0088568776845932,0.14043052777356396,ROA_1003_model40000_std01,2764,2026-10-03_22-59-50,0.018196891993284225,-0.022328365594148636
-0.0003621913492679596,-0.001102592796087265,-0.0012142583727836609,0.00022612512111663818,0.0012832001563888669,-0.46389827132225037,0.3752596378326416,0.4085153043270111,-0.49114784598350525,0.8699367165519793,-0.0008970499038696289,-0.0013719312846660614,-0.0015418045222759247,1.5925616025924683e-05,0.0019753855430690724,-0.6274338364601135,0.19812582433223724,0.25459006428718567,-0.6489660143852234,0.8654379031967543,0.016780944541096687,-0.022473879158496857,0.019335225224494934,-0.025937046855688095,0.0197758786380291,-0.02549203298985958,-0.0010161660611629486,-0.0017168931663036346,-0.001580454409122467,-0.0001364387571811676,0.002286668737577234,-0.7378551959991455,0.11456011980772018,0.22934655845165253,-0.6422874927520752,0.8709231051646175,55.306282225000004,True,0.00011660158634185791,0.00034403055906295776,4.190951585769653e-05,0.0001521781086921692,0.0003959759915504367,0.11043249815702438,0.08358433097600937,0.02527143619954586,-0.006655230652540922,0.13945523651276942,ROA_1003_model40000_std01,2765,2026-10-03_22-59-50,0.018381966277956963,-0.02272338792681694
-0.00034766271710395813,-0.001112092286348343,-0.0012496951967477798,0.0002547167241573334,0.0013017245684899044,-0.4624910354614258,0.3754747807979584,0.40797746181488037,-0.4903189539909363,0.8686552532594022,-0.0008959323167800903,-0.00138748437166214,-0.0015925150364637375,4.4889748096466064e-05,0.0020001893742907302,-0.6266859769821167,0.19742454588413239,0.2549113631248474,-0.6472435593605042,0.8640143771601398,0.015600474551320076,-0.02305879443883896,0.018139133229851723,-0.026521479710936546,0.01857563480734825,-0.0260713379830122,-0.0010038726031780243,-0.0017290003597736359,-0.0016255304217338562,-0.00011171214282512665,0.002295757451047927,-0.7363119721412659,0.11490657180547714,0.22879008948802948,-0.6420570015907288,0.8697260953597862,55.326278717,True,0.00010514631867408752,0.00034011900424957275,3.2084062695503235e-05,0.00015362165868282318,0.000388823925445789,0.10964273661375046,0.08253659307956696,0.02609938196837902,-0.005208886694163084,0.13839934855187927,ROA_1003_model40000_std01,2766,2026-10-03_22-59-50,0.0167103111743927,-0.023184554651379585
-0.00035939738154411316,-0.0011067837476730347,-0.0012202654033899307,0.00023297034204006195,0.0012855747263366118,-0.4621725380420685,0.3757420778274536,0.4121260643005371,-0.49374017119407654,0.8725525920451428,-0.0009237788617610931,-0.0013902783393859863,-0.0015803612768650055,2.644956111907959e-05,0.002018078335100356,-0.6273155808448792,0.19622965157032013,0.2600480616092682,-0.6494903564453125,0.8676080451442377,0.01531035453081131,-0.022818077355623245,0.017350004985928535,-0.026288919150829315,0.017924772575497627,-0.025604508817195892,-0.0010163523256778717,-0.0017200596630573273,-0.0016023870557546616,-0.0001346692442893982,0.002297232188201467,-0.735406756401062,0.1176176518201828,0.23265507817268372,-0.6452327966690063,0.8735587613967214,55.346283304,True,8.866190910339355e-05,0.00032819807529449463,2.2351741790771484e-05,0.0001577194780111313,0.000375014259931909,0.10808929055929184,0.07863807678222656,0.027427913621068,-0.004256144165992737,0.1351394054813813,ROA_1003_model40000_std01,2767,2026-10-03_22-59-50,0.015872899442911148,-0.023312628269195557
-0.0003880821168422699,-0.0010844320058822632,-0.001169741153717041,0.0001901760697364807,0.001271335467790553,-0.4624500572681427,0.37600937485694885,0.4197060763835907,-0.4997476637363434,0.8798892581991961,-0.0009787268936634064,-0.0013793818652629852,-0.0015430152416229248,-1.4621764421463013e-05,0.002042028435921544,-0.6288792490959167,0.1948205679655075,0.2676136791706085,-0.6554368734359741,0.8747867964485138,0.016132548451423645,-0.022166695445775986,0.017252326011657715,-0.025784747675061226,0.018164150416851044,-0.024564510211348534,-0.0010528601706027985,-0.0016922131180763245,-0.0015594996511936188,-0.0001707114279270172,0.002299997212039628,-0.736152708530426,0.12143141776323318,0.2397056519985199,-0.6504002809524536,0.881383386918033,55.366284372,True,7.59027898311615e-05,0.0003146938979625702,1.4342367649078369e-05,0.00015869736671447754,0.00036020380737280644,0.10728183388710022,0.07338076829910278,0.027925705537199974,-0.005082226824015379,0.13157114988735932,ROA_1003_model40000_std01,2768,2026-10-03_22-59-50,0.01608988642692566,-0.023245027288794518
-0.00041639432311058044,-0.00105956569314003,-0.0011818483471870422,0.0001880340278148651,0.0012902598819538088,-0.46713927388191223,0.38100776076316833,0.4239799380302429,-0.5020918250083923,0.8879647035885523,-0.001024920493364334,-0.0013843178749084473,-0.0015628524124622345,-3.4924596548080444e-05,0.0020918905346133812,-0.6347335577011108,0.19786691665649414,0.2718735337257385,-0.6575891375541687,0.8823680775504857,0.016876867040991783,-0.02245662361383438,0.018192313611507416,-0.025750000029802322,0.01897834800183773,-0.02475731074810028,-0.0010941177606582642,-0.0016909092664718628,-0.0015703029930591583,-0.00018794089555740356,0.0023362440632170227,-0.7446808218955994,0.12496299296617508,0.24395620822906494,-0.6529120206832886,0.8914054956949107,55.386283199000005,True,6.649643182754517e-05,0.00030817463994026184,1.0151416063308716e-05,0.00015441328287124634,0.00035060694845591846,0.10993237793445587,0.07296260446310043,0.027948057278990746,-0.004696659743785858,0.1335884912009729,ROA_1003_model40000_std01,2769,2026-10-03_22-59-50,0.01709436997771263,-0.023259731009602547
-0.00040223821997642517,-0.0010658055543899536,-0.0011933967471122742,0.00018812716007232666,0.0012921547492845836,-0.46884918212890625,0.382550984621048,0.42355337738990784,-0.5027847290039062,0.8896585118191013,-0.0010252930223941803,-0.0014311634004116058,-0.0015820376574993134,-5.4389238357543945e-05,0.002127966294350397,-0.6367079615592957,0.198857843875885,0.27217620611190796,-0.6567602753639221,0.8835026106973098,0.017791133373975754,-0.023095186799764633,0.01890471950173378,-0.026248225942254066,0.019685987383127213,-0.025290731340646744,-0.0010812655091285706,-0.001711677759885788,-0.0015900470316410065,-0.00020405277609825134,0.0023536643599060855,-0.7455944418907166,0.12472643703222275,0.24193431437015533,-0.6578871607780457,0.8926860584555798,55.40628353100001,True,6.034970283508301e-05,0.00027902424335479736,8.847564458847046e-06,0.000147894024848938,0.00032100305526608965,0.10884552448987961,0.07410719990730286,0.030191613361239433,0.001084059476852417,0.1341730783730299,ROA_1003_model40000_std01,2770,2026-10-03_22-59-50,0.018588585779070854,-0.022862181067466736
-0.0003900378942489624,-0.001066736876964569,-0.0012024305760860443,0.0001887790858745575,0.0012922781441340857,-0.47165989875793457,0.38436147570610046,0.42455363273620605,-0.5028368830680847,0.892420482714682,-0.001032371073961258,-0.001479964703321457,-0.0016060657799243927,-7.878988981246948e-05,0.0021741468033376326,-0.6392951607704163,0.20124202966690063,0.2738330364227295,-0.6554480195045471,0.8860630580486021,0.017309533432126045,-0.02354101464152336,0.018445104360580444,-0.026711424812674522,0.019225986674427986,-0.025771286338567734,-0.0010784715414047241,-0.001726485788822174,-0.0016051344573497772,-0.0002142973244190216,0.002370162536443505,-0.748485267162323,0.12400931864976883,0.24226492643356323,-0.6605740189552307,0.8953447125967307,55.426287222000006,True,4.582107067108154e-05,0.00024652108550071716,1.1175870895385742e-06,0.00013578683137893677,0.0002843840935705098,0.10917521268129349,0.07725413888692856,0.03159884363412857,0.0051027159206569195,0.13682967344473074,ROA_1003_model40000_std01,2771,2026-10-03_22-59-50,0.018722569569945335,-0.02268935553729534
-0.0003805384039878845,-0.0010511837899684906,-0.001189112663269043,0.00016968697309494019,0.0012794167897457493,-0.47335678339004517,0.38535985350608826,0.4257950782775879,-0.5034859776496887,0.8946967891953536,-0.0010370276868343353,-0.001504644751548767,-0.0016030855476856232,-0.00012274831533432007,0.0022016871923448765,-0.639133095741272,0.20418314635753632,0.2761017382144928,-0.6544077396392822,0.8880331407370592,0.016421454027295113,-0.023542217910289764,0.017522238194942474,-0.026716629043221474,0.018328018486499786,-0.025773733854293823,-0.0010740011930465698,-0.001711677759885788,-0.0016002915799617767,-0.00023869797587394714,0.002366548387182956,-0.7473416328430176,0.12558326125144958,0.24242977797985077,-0.6623267531394958,0.8961039211410665,55.446288002,True,3.8836151361465454e-05,0.00020917505025863647,-5.3085386753082275e-06,0.00011445954442024231,0.0002405372430007947,0.10824668407440186,0.07858219742774963,0.033688731491565704,0.007869675755500793,0.13754625906323228,ROA_1003_model40000_std01,2772,2026-10-03_22-59-50,0.017595618963241577,-0.023157630115747452
-0.0003837980329990387,-0.0010475516319274902,-0.0011392869055271149,0.00013541430234909058,0.0012562067148728644,-0.4746764600276947,0.3857407569885254,0.435127854347229,-0.5095106959342957,0.9035164512447739,-0.0010532326996326447,-0.0015453435480594635,-0.0015709549188613892,-0.00018961727619171143,0.0022384325875201335,-0.6405301094055176,0.20425765216350555,0.2842741012573242,-0.6614643931388855,0.8967155217121522,0.01629856787621975,-0.022832022979855537,0.017722638323903084,-0.026014557108283043,0.018456870689988136,-0.02520097978413105,-0.0010718591511249542,-0.0017140991985797882,-0.001553911715745926,-0.0002794899046421051,0.0023617545662925244,-0.744321346282959,0.1261969953775406,0.2515120208263397,-0.6699635982513428,0.9023923142771709,55.466288269,True,1.816079020500183e-05,0.00016391277313232422,-1.8719583749771118e-05,8.89413058757782e-05,0.00018662354906243524,0.10375770926475525,0.07805321365594864,0.03275275230407715,0.008476898074150085,0.13358512422300886,ROA_1003_model40000_std01,2773,2026-10-03_22-59-50,0.01727179065346718,-0.023149261251091957
-0.0003807246685028076,-0.0010455027222633362,-0.0010734423995018005,9.080395102500916e-05,0.0012310198510178485,-0.4773372411727905,0.3869756758213043,0.4447614550590515,-0.5171782970428467,0.9144418634245566,-0.0010501593351364136,-0.0015575438737869263,-0.0015111640095710754,-0.00024512410163879395,0.0022343298954767164,-0.6415666937828064,0.20662228763103485,0.2935994267463684,-0.6691747903823853,0.907303549251375,0.01646435260772705,-0.02232086844742298,0.01792771928012371,-0.025504399091005325,0.018658973276615143,-0.024707717821002007,-0.0010645948350429535,-0.0016901642084121704,-0.0014936551451683044,-0.0003244727849960327,0.0023358059587351094,-0.7418467998504639,0.12862960994243622,0.2602282762527466,-0.6804177165031433,0.9110099252750837,55.486293017,True,1.5366822481155396e-05,0.000134296715259552,-1.5366822481155396e-05,7.897615432739258e-05,0.0001558947263419421,0.10026245564222336,0.07801409810781479,0.03337021917104721,0.01122895535081625,0.1313464211924943,ROA_1003_model40000_std01,2774,2026-10-03_22-59-50,0.017525143921375275,-0.02284875698387623
-0.000410713255405426,-0.0010266900062561035,-0.001077447086572647,7.18049705028534e-05,0.0012507207883323864,-0.4814890921115875,0.3899819850921631,0.44942739605903625,-0.5214763283729553,0.9225434074068789,-0.0010836869478225708,-0.001545436680316925,-0.0015244819223880768,-0.0002785585820674896,0.002268073842608725,-0.6453170776367188,0.20978692173957825,0.296620637178421,-0.67487633228302,0.9151577626273012,0.017041658982634544,-0.021842163056135178,0.01851639524102211,-0.025066331028938293,0.019269080832600594,-0.024255936965346336,-0.0010950490832328796,-0.00167088583111763,-0.0015011988580226898,-0.0003509223461151123,0.002357045309936417,-0.7467148303985596,0.13106967508792877,0.2622436583042145,-0.6869006752967834,0.9187198282242401,55.506292164,True,1.1175870895385742e-05,0.00012656673789024353,-2.076849341392517e-05,7.329508662223816e-05,0.00014625958406014442,0.10138563066720963,0.0787367969751358,0.03438442945480347,0.01200754102319479,0.13296404117529517,ROA_1003_model40000_std01,2775,2026-10-03_22-59-50,0.018453821539878845,-0.022398076951503754
-0.000409688800573349,-0.001021847128868103,-0.0010896474123001099,6.789341568946838e-05,0.0012566431371477448,-0.48399993777275085,0.39267444610595703,0.4509985148906708,-0.5240598320960999,0.9271845559643377,-0.001083873212337494,-0.001529604196548462,-0.0015391968190670013,-0.0002841465175151825,0.002269673430447194,-0.646606981754303,0.21359136700630188,0.298232764005661,-0.6768451929092407,0.9194363062171637,0.017103975638747215,-0.021626384928822517,0.018698131665587425,-0.02511459030210972,0.019512979313731194,-0.024228300899267197,-0.0010934658348560333,-0.0016605481505393982,-0.0015174038708209991,-0.0003604218363761902,0.002361158898097272,-0.7489286065101624,0.1343991607427597,0.26081034541130066,-0.6916718482971191,0.9227358024398213,55.5262924,True,8.66129994392395e-06,0.00012880191206932068,-2.1513551473617554e-05,7.553026080131531e-05,0.00014935417590483877,0.1023169532418251,0.07918662577867508,0.037408433854579926,0.014793126843869686,0.1350646808973494,ROA_1003_model40000_std01,2776,2026-10-03_22-59-50,0.01886569708585739,-0.021881546825170517
-0.00039599835872650146,-0.0010301358997821808,-0.001104455441236496,7.320195436477661e-05,0.001258395773218106,-0.48653870820999146,0.3948919177055359,0.4513505697250366,-0.5259820818901062,0.9306274331076964,-0.001062639057636261,-0.0015120021998882294,-0.0015593133866786957,-0.00027082860469818115,0.002253024024940373,-0.6484305262565613,0.21710804104804993,0.29851680994033813,-0.6781052350997925,0.9227547343090131,0.017475221306085587,-0.02236880734562874,0.018946001306176186,-0.025623496621847153,0.019711941480636597,-0.02480803243815899,-0.0010742805898189545,-0.0016597099602222443,-0.001538638025522232,-0.00036014243960380554,0.002358314692727192,-0.7500806450843811,0.1363661140203476,0.25864318013191223,-0.6966003775596619,0.9252263021473998,55.546291707,True,1.2759119272232056e-05,0.0001436099410057068,-1.7136335372924805e-05,9.061768651008606e-05,0.00016981793893475517,0.1015830710530281,0.08068232983350754,0.03986246511340141,0.018497928977012634,0.1366168198016796,ROA_1003_model40000_std01,2777,2026-10-03_22-59-50,0.019773710519075394,-0.022109255194664
-0.000395067036151886,-0.0010222196578979492,-0.0011188909411430359,8.083879947662354e-05,0.0012610626717863207,-0.4884730875492096,0.39732825756073,0.451120525598526,-0.5264477729797363,0.9328217919865011,-0.0010611489415168762,-0.0014816410839557648,-0.0015788711607456207,-0.0002530403435230255,0.0022415919618077114,-0.6488989591598511,0.22094975411891937,0.29912683367729187,-0.6773881316184998,0.9247227223396247,0.017366433516144753,-0.022419190034270287,0.018880564719438553,-0.02562187984585762,0.019613517448306084,-0.02485058642923832,-0.0010672956705093384,-0.0016470439732074738,-0.0015575438737869263,-0.0003567896783351898,0.0023546514827076518,-0.7515298128128052,0.1403009444475174,0.2558957636356354,-0.6981333494186401,0.9270216391514758,55.566294311,True,8.847564458847046e-06,0.0001669861376285553,-2.030283212661743e-05,0.00010384246706962585,0.00019666735995530274,0.10258889943361282,0.08062831312417984,0.04321429505944252,0.020712612196803093,0.13865703660130904,ROA_1003_model40000_std01,2778,2026-10-03_22-59-50,0.019752802327275276,-0.02232605777680874
-0.0003912486135959625,-0.001016724854707718,-0.0010856427252292633,5.559995770454407e-05,0.0012459909124071602,-0.4890076518058777,0.3981478214263916,0.4552555978298187,-0.5304617285728455,0.9377386386404962,-0.0010485760867595673,-0.0014528632164001465,-0.001547485589981079,-0.0002654269337654114,0.0022091394420586715,-0.6484798789024353,0.2226419597864151,0.3037387430667877,-0.6810407638549805,0.9296892474222245,0.017084719613194466,-0.02212148904800415,0.01866600103676319,-0.025285329669713974,0.019379235804080963,-0.024543678387999535,-0.0010552816092967987,-0.001634843647480011,-0.0015271827578544617,-0.0003851950168609619,0.002338371141070023,-0.7488112449645996,0.1442665159702301,0.2588275671005249,-0.7028998732566833,0.9309623088054864,55.586291794000005,True,1.1175870895385742e-05,0.0001816079020500183,-1.8812716007232666e-05,0.0001191161572933197,0.0002171889614463953,0.1003369614481926,0.07837731391191483,0.044918615370988846,0.021882353350520134,0.1364283905786295,ROA_1003_model40000_std01,2779,2026-10-03_22-59-50,0.019236991181969643,-0.02246376872062683
-0.0004036352038383484,-0.0010097399353981018,-0.0010685063898563385,4.6193599700927734e-05,0.001244305636578046,-0.49098578095436096,0.4000439941883087,0.45921093225479126,-0.5344124436378479,0.9437277153442479,-0.0010543502867221832,-0.0014298595488071442,-0.0015327706933021545,-0.0002616085112094879,0.002193417264770992,-0.6493646502494812,0.22498424351215363,0.3083571791648865,-0.6847297549247742,0.9356048316217377,0.017262456938624382,-0.022189905866980553,0.018824314698576927,-0.025391483679413795,0.019550377503037453,-0.024631382897496223,-0.0010581687092781067,-0.0016234815120697021,-0.0015103258192539215,-0.000396091490983963,0.002330819007346482,-0.7485607266426086,0.1475512981414795,0.2622278332710266,-0.7075778841972351,0.9362353307348692,55.606292734,True,6.705522537231445e-06,0.00019166618585586548,-1.9744038581848145e-05,0.0001278705894947052,0.0002304690346453609,0.09914952516555786,0.0774487853050232,0.04612747207283974,0.022827645763754845,0.13558968215489428,ROA_1003_model40000_std01,2780,2026-10-03_22-59-50,0.0192423053085804,-0.02270917408168316
-0.00043688341975212097,-0.0009804032742977142,-0.0010528601706027985,3.119930624961853e-05,0.0012492755070819433,-0.49420908093452454,0.40272247791290283,0.46129894256591797,-0.5371849536895752,0.9490728163984168,-0.0010693445801734924,-0.0013723969459533691,-0.0015090219676494598,-0.00025890767574310303,0.002164241638548217,-0.6508771181106567,0.22922548651695251,0.3108810484409332,-0.6870664358139038,0.9408752881314671,0.01766945794224739,-0.022269748151302338,0.01922960765659809,-0.025512393563985825,0.019968094304203987,-0.024737857282161713,-0.0010834075510501862,-0.0015888363122940063,-0.001493748277425766,-0.00040903687477111816,0.0023254791879683844,-0.7522143125534058,0.15175342559814453,0.26341432332992554,-0.7111578583717346,0.9424094683486564,55.626296938,True,1.7601996660232544e-05,0.00021783635020256042,-1.4621764421463013e-05,0.00015245750546455383,0.0002659561324890714,0.10128877311944962,0.07748883217573166,0.04748161509633064,0.024059785529971123,0.13789906733710844,ROA_1003_model40000_std01,2781,2026-10-03_22-59-50,0.019748270511627197,-0.022563129663467407
-0.00045178458094596863,-0.0009631738066673279,-0.0010299496352672577,9.592622518539429e-06,0.0012465164667756704,-0.496895968914032,0.40492507815361023,0.4628645181655884,-0.5394583344459534,0.9534026970765318,-0.0010758638381958008,-0.0013298355042934418,-0.0014789402484893799,-0.0002619810402393341,0.0021352223049949425,-0.6519220471382141,0.2323118895292282,0.3133704662322998,-0.6887195110321045,0.9450057358769807,0.017751524224877357,-0.022759785875678062,0.019337911158800125,-0.02599336951971054,0.020068269222974777,-0.02523348107933998,-0.0010979361832141876,-0.0015647150576114655,-0.001469254493713379,-0.0004314817488193512,0.002319349752012075,-0.7559107542037964,0.15511922538280487,0.2634739279747009,-0.7141883969306946,0.9473771148346162,55.646296053,True,1.8067657947540283e-05,0.00023739412426948547,-8.288770914077759e-06,0.00016754493117332458,0.00029073572980151515,0.10402034223079681,0.07718801498413086,0.04993285611271858,0.025431623682379723,0.14087102466797782,ROA_1003_model40000_std01,2782,2026-10-03_22-59-50,0.01999826170504093,-0.022815581411123276
-0.0004655681550502777,-0.0009495764970779419,-0.0010261312127113342,6.51925802230835e-06,0.0012483575474412072,-0.49929505586624146,0.4069376587867737,0.4626549482345581,-0.5398848652839661,0.95560596395712,-0.0010784715414047241,-0.001297052949666977,-0.0014633871614933014,-0.00025015324354171753,0.002110516919363415,-0.6531197428703308,0.23486557602882385,0.31370481848716736,-0.6890119910240173,0.9470943258412823,0.017936963587999344,-0.023152196779847145,0.019504742696881294,-0.02640257216989994,0.020236313343048096,-0.025641657412052155,-0.0011065974831581116,-0.0015538185834884644,-0.001465342938899994,-0.0004361383616924286,0.002318990121149079,-0.7602124810218811,0.1575155109167099,0.2620098888874054,-0.7145851254463196,0.9502470850983971,55.666298689,True,3.073364496231079e-05,0.0002547167241573334,2.8870999813079834e-06,0.00018328428268432617,0.00031493617394718617,0.1071002259850502,0.07731560617685318,0.05169026181101799,0.02554990164935589,0.14386147585566553,ROA_1003_model40000_std01,2783,2026-10-03_22-59-50,0.02021888643503189,-0.023124178871512413
-0.00046249479055404663,-0.0009464100003242493,-0.0010499730706214905,1.6205012798309326e-05,0.0012555607444796441,-0.49991345405578613,0.407691091299057,0.458991140127182,-0.5379654169082642,0.9533315462099171,-0.0010633841156959534,-0.0012772157788276672,-0.0014756806194782257,-0.00022873282432556152,0.002091956985569401,-0.6524947881698608,0.23626628518104553,0.3101322650909424,-0.6873812079429626,0.9447108297709617,0.01837676763534546,-0.023669106885790825,0.01992998644709587,-0.026902735233306885,0.0206565260887146,-0.026158077642321587,-0.0011050142347812653,-0.0015537254512310028,-0.0014876946806907654,-0.00042719766497612,0.0023248343274049283,-0.761243462562561,0.1583518385887146,0.25787481665611267,-0.7130186557769775,0.9483142990597457,55.686299628,True,4.079192876815796e-05,0.00027241185307502747,1.0710209608078003e-05,0.0001969747245311737,0.000338463219416892,0.10868440568447113,0.07787719368934631,0.052280720323324203,0.025657935068011284,0.14557163018943778,ROA_1003_model40000_std01,2784,2026-10-03_22-59-50,0.02073829062283039,-0.023487180471420288
-0.0004472211003303528,-0.0009606592357158661,-0.0010862946510314941,3.7997961044311523e-05,0.0012658758825658846,-0.49747803807258606,0.40529200434684753,0.45398154854774475,-0.5345250964164734,0.9466114433220837,-0.0010300427675247192,-0.00128159299492836,-0.0014999881386756897,-0.00020619481801986694,0.0020782003446242307,-0.6488282084465027,0.23491773009300232,0.3045089542865753,-0.6851385831832886,0.9382140896337096,0.019066443666815758,-0.024109605699777603,0.020605744794011116,-0.027319053187966347,0.02133353054523468,-0.026581037789583206,-0.0010835938155651093,-0.001570582389831543,-0.0015183351933956146,-0.0004075467586517334,0.002327044213853263,-0.7583349347114563,0.15515553951263428,0.2534128725528717,-0.7097553014755249,0.9414105320708593,55.706298072,True,4.991888999938965e-05,0.00028992071747779846,1.7601996660232544e-05,0.00020079314708709717,0.0003563467336370394,0.10952445864677429,0.07976404577493668,0.051108185201883316,0.02457760088145733,0.14657682168698521,ROA_1003_model40000_std01,2785,2026-10-03_22-59-50,0.021436115726828575,-0.023860231041908264
-0.0004275701940059662,-0.0009814277291297913,-0.0011106021702289581,6.26780092716217e-05,0.001267893324406788,-0.4953872263431549,0.4029385447502136,0.4497561454772949,-0.5308789610862732,0.9403832670366945,-0.0009982846677303314,-0.0012945383787155151,-0.0015136785805225372,-0.00017993152141571045,0.0020617247304368647,-0.6454530954360962,0.2336474061012268,0.30002743005752563,-0.6823083162307739,0.9321827981421597,0.019777990877628326,-0.024704843759536743,0.021275341510772705,-0.02791358344256878,0.0220115315169096,-0.02717253379523754,-0.001058727502822876,-0.0015910714864730835,-0.001534540206193924,-0.0003807246685028076,0.0023194319548197153,-0.755271852016449,0.15232153236865997,0.2503311038017273,-0.705353856086731,0.9348226825738055,55.72630361900001,True,5.8766454458236694e-05,0.0003000721335411072,2.1327286958694458e-05,0.00020153820514678955,0.00036653606550118904,0.10983552038669586,0.0813295990228653,0.04970002546906471,0.022999940440058708,0.14687038047615905,ROA_1003_model40000_std01,2786,2026-10-03_22-59-50,0.02196766808629036,-0.024646123871207237
-0.000416487455368042,-0.0009994953870773315,-0.0011237338185310364,8.23289155960083e-05,0.0012687716424401782,-0.49342119693756104,0.4004640281200409,0.4461146593093872,-0.5272384285926819,0.9344669299588594,-0.0009736046195030212,-0.0013041310012340546,-0.0015118159353733063,-0.00015664845705032349,0.0020406177936868933,-0.6428155899047852,0.2319440096616745,0.29579082131385803,-0.6796819567680359,0.9265293974232257,0.02085145190358162,-0.025314277037978172,0.02232724241912365,-0.028513971716165543,0.023067573085427284,-0.02777285873889923,-0.001042056828737259,-0.001610349863767624,-0.0015400350093841553,-0.0003523193299770355,0.0023105768863414867,-0.7531549334526062,0.1495201140642166,0.24851876497268677,-0.6998525857925415,0.9289840630664434,55.746306575000006,True,6.94766640663147e-05,0.00030314549803733826,2.9150396585464478e-05,0.0001996755599975586,0.00037048550200917293,0.11032073944807053,0.08246022462844849,0.04728603735566139,0.020172445103526115,0.14657026683920601,ROA_1003_model40000_std01,2787,2026-10-03_22-59-50,0.022853335365653038,-0.025520935654640198
-0.00039869919419288635,-0.0010269694030284882,-0.0011431984603404999,0.0001085922122001648,0.0012705973575191402,-0.49120092391967773,0.3973115086555481,0.44248250126838684,-0.5228798389434814,0.9277388025799289,-0.0009434297680854797,-0.0013233162462711334,-0.0015148892998695374,-0.00012759119272232056,0.0020205769252048937,-0.6401557326316833,0.22928601503372192,0.2911332845687866,-0.677172064781189,0.9202564594214463,0.021972637623548508,-0.02610839530825615,0.023427188396453857,-0.029295001178979874,0.024172184988856316,-0.028557131066918373,-0.0010279007256031036,-0.0016420148313045502,-0.0015508383512496948,-0.0003187917172908783,0.0023102123746646954,-0.7523540258407593,0.1443270593881607,0.24732853472232819,-0.6930222511291504,0.9225829451682673,55.76630249,True,8.4657222032547e-05,0.0003141351044178009,3.641471266746521e-05,0.00019185245037078857,0.00037923704064252915,0.11214613169431686,0.0849822461605072,0.04380754753947258,0.015849247574806213,0.14763261772290656,ROA_1003_model40000_std01,2788,2026-10-03_22-59-50,0.02392609603703022,-0.026480045169591904
-0.00037495046854019165,-0.001058913767337799,-0.001173652708530426,0.00014584511518478394,0.001274368174043819,-0.4890700578689575,0.39428192377090454,0.43818819522857666,-0.5179019570350647,0.9204490103295879,-0.0009083189070224762,-0.0013547949492931366,-0.0015346333384513855,-8.987262845039368e-05,0.0020086845670992766,-0.6381245255470276,0.22632627189159393,0.2856338322162628,-0.6743389964103699,0.913521094125446,0.02320016175508499,-0.027029549703001976,0.024628877639770508,-0.030205724760890007,0.025378957390785217,-0.029467983171343803,-0.0010094605386257172,-0.0016793608665466309,-0.0015756115317344666,-0.0002739951014518738,0.0023123349884745506,-0.7524294257164001,0.13848114013671875,0.2456139624118805,-0.6855567693710327,0.915922266332113,55.786302086000006,True,9.899958968162537e-05,0.0003223307430744171,4.172325134277344e-05,0.00018337741494178772,0.00038589822705073387,0.1142779290676117,0.08782371133565903,0.04004872962832451,0.011192633770406246,0.14925399947697027,ROA_1003_model40000_std01,2789,2026-10-03_22-59-50,0.025210943073034286,-0.027485216036438942
-0.00034766271710395813,-0.001094583421945572,-0.0012247823178768158,0.00019641593098640442,0.0012909471382156123,-0.48708075284957886,0.3917170464992523,0.4329420328140259,-0.5121082067489624,0.9125389032964996,-0.0008835457265377045,-0.0013863667845726013,-0.001574493944644928,-4.116445779800415e-05,0.0020110066150336543,-0.6370320320129395,0.22314022481441498,0.2789841890335083,-0.6708949208259583,0.9061917722290126,0.024260496720671654,-0.028028743341565132,0.02566029503941536,-0.031178783625364304,0.026412220671772957,-0.030444083735346794,-0.000993441790342331,-0.0017172656953334808,-0.00161733478307724,-0.0002123415470123291,0.0023173894728804167,-0.7534399032592773,0.1325039118528366,0.24312081933021545,-0.6770099997520447,0.909021082451103,55.806302833000004,True,0.00010868534445762634,0.0003310851752758026,4.218891263008118e-05,0.0001755543053150177,0.00039224898346303756,0.11638830602169037,0.09063909947872162,0.035898759961128235,0.006113200914114714,0.15101108212354397,ROA_1003_model40000_std01,2790,2026-10-03_22-59-50,0.026254873722791672,-0.028561599552631378
-0.000317208468914032,-0.0011303462088108063,-0.0012557022273540497,0.00024316832423210144,0.0012982788839225423,-0.48365160822868347,0.38813331723213196,0.43064913153648376,-0.5083596110343933,0.9060385207833975,-0.000858306884765625,-0.00141998752951622,-0.0016042031347751617,4.004687070846558e-06,0.0020093327018678797,-0.6346776485443115,0.2188458889722824,0.27582794427871704,-0.6685526967048645,0.9001539172636042,0.02492273971438408,-0.028626633808016777,0.02632695995271206,-0.03174886852502823,0.027077458798885345,-0.03101898729801178,-0.0009755603969097137,-0.0017589889466762543,-0.0016441568732261658,-0.00015748664736747742,0.0023194717415001057,-0.7526073455810547,0.1270463615655899,0.24344584345817566,-0.6697708368301392,0.9033863774325948,55.826307805000006,True,0.00011632218956947327,0.00033993273973464966,3.818422555923462e-05,0.00016512349247932434,0.00039694179708131495,0.11788959801197052,0.09182560443878174,0.03239233046770096,0.0011781230568885803,0.15176114598531332,ROA_1003_model40000_std01,2791,2026-10-03_22-59-50,0.026663456112146378,-0.02949744276702404
-0.00031087547540664673,-0.0011496245861053467,-0.0012967735528945923,0.0002884306013584137,0.0013337935092231855,-0.47997942566871643,0.3854147791862488,0.4256525933742523,-0.5036294460296631,0.8979218326179744,-0.0008619390428066254,-0.0014396384358406067,-0.0016526319086551666,5.066394805908203e-05,0.0020314468705606666,-0.6326808929443359,0.21472851932048798,0.2703489661216736,-0.6648283004760742,0.8924211780971233,0.02595670334994793,-0.02872041054069996,0.02731194533407688,-0.031865086406469345,0.02807423658668995,-0.03111153654754162,-0.0009760260581970215,-0.0017766840755939484,-0.0016822479665279388,-0.00010225921869277954,0.002325000030092408,-0.7511730790138245,0.12322607636451721,0.24079065024852753,-0.6620771884918213,0.89644668913713,55.846308552,True,0.00011548399925231934,0.00034011900424957275,3.0454248189926147e-05,0.00015236437320709229,0.0003909182461848814,0.11844652891159058,0.09152571856975555,0.029529443010687828,-0.0027660278137773275,0.1512775989367381,ROA_1003_model40000_std01,2792,2026-10-03_22-59-50,0.027140270918607712,-0.029675334692001343
-0.00030156224966049194,-0.0011601485311985016,-0.0013253651559352875,0.00031422823667526245,0.0013631803753366134,-0.47667041420936584,0.3834664523601532,0.42333918809890747,-0.5005346536636353,0.8925883447156275,-0.0008604489266872406,-0.0014408491551876068,-0.0016884878277778625,8.065253496170044e-05,0.0020429793192815304,-0.6310995221138,0.2113552689552307,0.2680336833000183,-0.6625381708145142,0.8876487295990957,0.026211703196167946,-0.028151459991931915,0.02755281701683998,-0.03127212077379227,0.028314484283328056,-0.03051130659878254,-0.000974070280790329,-0.00178581103682518,-0.0017123296856880188,-6.807968020439148e-05,0.002329148075276012,-0.7492275834083557,0.12035108357667923,0.24058575928211212,-0.6561800241470337,0.8916394346202122,55.866306324,True,0.00011473894119262695,0.0003419816493988037,1.955777406692505e-05,0.00014826655387878418,0.0003895892424825431,0.11815409362316132,0.09097437560558319,0.027447005733847618,-0.006393529009073973,0.1502068552268327,ROA_1003_model40000_std01,2793,2026-10-03_22-59-50,0.027098584920167923,-0.02893931046128273
-0.00028815120458602905,-0.0011688098311424255,-0.0013697892427444458,0.00034207478165626526,0.0014118731455451056,-0.47226712107658386,0.3816373348236084,0.4193885028362274,-0.4970524311065674,0.885731801023395,-0.0008543021976947784,-0.0014563091099262238,-0.0017430633306503296,0.00010831281542778015,0.002070127090258213,-0.6290711164474487,0.207124263048172,0.26464182138442993,-0.6587737798690796,0.8809144426163207,0.026204559952020645,-0.027625449001789093,0.02754811942577362,-0.030766557902097702,0.02831103466451168,-0.029988247901201248,-0.0009617768228054047,-0.0017952173948287964,-0.0017542392015457153,-3.827735781669617e-05,0.0023342605749621273,-0.7450384497642517,0.1184903010725975,0.2374490648508072,-0.6514033079147339,0.8847744435918314,55.886311551000006,True,0.00010579824447631836,0.00034105032682418823,1.0523945093154907e-05,0.00014808028936386108,0.0003854416925275277,0.11592264473438263,0.08860788494348526,0.027163883671164513,-0.007398426067084074,0.14692978715719984,ROA_1003_model40000_std01,2794,2026-10-03_22-59-50,0.026862824335694313,-0.028051305562257767
-0.0002698041498661041,-0.0011889263987541199,-0.0013990327715873718,0.0003612600266933441,0.0014464688300154407,-0.46827176213264465,0.3797858655452728,0.4155374765396118,-0.4947474002838135,0.8797232300916501,-0.0008364208042621613,-0.0014862976968288422,-0.0017813406884670258,0.00013373792171478271,0.002085364045064126,-0.6272708773612976,0.20323505997657776,0.2617323696613312,-0.6549479365348816,0.8746714683081015,0.025522952899336815,-0.027862591668963432,0.02676182985305786,-0.03071189671754837,0.02745118923485279,-0.030025266110897064,-0.000939052551984787,-0.0018149614334106445,-0.001787487417459488,-2.030283212661743e-05,0.0023387543084450384,-0.7389504313468933,0.11727399379014969,0.23349466919898987,-0.650313675403595,0.8779556226840758,55.906308790000004,True,0.00010002404451370239,0.00033136457204818726,4.842877388000488e-06,0.00015301629900932312,0.0003767255475805771,0.11168326437473297,0.08592753857374191,0.028259119018912315,-0.004649162292480469,0.1422948471131691,ROA_1003_model40000_std01,2795,2026-10-03_22-59-50,0.02598404511809349,-0.02784835733473301
-0.0002670101821422577,-0.001193024218082428,-0.0014224089682102203,0.0003793276846408844,0.0014747597163909272,-0.4674382209777832,0.38042476773262024,0.41325855255126953,-0.49306541681289673,0.8775808089048105,-0.0008459202945232391,-0.0015181489288806915,-0.0018155202269554138,0.00014211982488632202,0.0021205256956651807,-0.6285747289657593,0.2017086297273636,0.26046016812324524,-0.6515383124351501,0.8720997436909638,0.024887025356292725,-0.02789103239774704,0.02609182707965374,-0.030706794932484627,0.026760146021842957,-0.030026497319340706,-0.0009311363101005554,-0.0018299557268619537,-0.0018134713172912598,-9.12696123123169e-06,0.0023493434348158472,-0.7363510727882385,0.11687911301851273,0.23204553127288818,-0.6503201723098755,0.8754097617224398,55.926317833000006,True,8.773058652877808e-05,0.0003086403012275696,-2.7008354663848877e-06,0.0001519918441772461,0.0003527766827647957,0.10774004459381104,0.08480529487133026,0.028409993276000023,-0.0012377275852486491,0.13882745995511597,ROA_1003_model40000_std01,2796,2026-10-03_22-59-50,0.025341326370835304,-0.027501551434397697
-0.0002730637788772583,-0.001187063753604889,-0.0013723038136959076,0.00034458935260772705,0.0014157057461242112,-0.466426819562912,0.38044804334640503,0.41715893149375916,-0.4957057237625122,0.8804884198176736,-0.0008650124073028564,-0.0015448778867721558,-0.0017776153981685638,9.573996067047119e-05,0.0021311607989469464,-0.6284946203231812,0.20075774192810059,0.26510560512542725,-0.6531429886817932,0.8748834588804828,0.02377115748822689,-0.026855001226067543,0.025018183514475822,-0.029693810269236565,0.025684772059321404,-0.029001975432038307,-0.0009365379810333252,-0.001824554055929184,-0.001767091453075409,-4.7497451305389404e-05,0.002342876863645809,-0.7337052226066589,0.11775548756122589,0.2370169311761856,-0.6529027223587036,0.8777925613088693,55.9463135,True,6.994232535362244e-05,0.0002791173756122589,-1.1827796697616577e-05,0.00014081597328186035,0.0003178934311494994,0.10513327270746231,0.08297152072191238,0.028086824342608452,-0.00027101486921310425,0.1357357926124702,ROA_1003_model40000_std01,2797,2026-10-03_22-59-50,0.024083582684397697,-0.026668354868888855
-0.00031674280762672424,-0.0011478550732135773,-0.0013113021850585938,0.00029169023036956787,0.0013493315562459415,-0.4693623483181,0.38355493545532227,0.4224618673324585,-0.4991581439971924,0.8879344967866879,-0.0009216368198394775,-0.0015631318092346191,-0.001727323979139328,1.816079020500183e-05,0.002170154392461528,-0.6330944299697876,0.20194704830646515,0.2706553637981415,-0.655588686466217,0.8818254502740812,0.02314731664955616,-0.02537037804722786,0.02445061132311821,-0.028224920853972435,0.025116948410868645,-0.027525467798113823,-0.0009805895388126373,-0.0017964281141757965,-0.0017068348824977875,-0.00010384246706962585,0.0023497167688397978,-0.7354384064674377,0.1203436329960823,0.2433042824268341,-0.6571961045265198,0.8850111332327704,55.966310702,True,5.764886736869812e-05,0.0002357177436351776,-1.7881393432617188e-05,0.0001232139766216278,0.00026948802597910474,0.10234023630619049,0.08159223198890686,0.02733710967004299,0.001564621808938682,0.13280644823878998,ROA_1003_model40000_std01,2798,2026-10-03_22-59-50,0.023502888157963753,-0.02542024292051792
-0.00033974647521972656,-0.0011251308023929596,-0.0012908130884170532,0.0002619810402393341,0.0013363879921157633,-0.47161614894866943,0.3855423927307129,0.4268418848514557,-0.5021476745605469,0.8937985170753779,-0.0009567476809024811,-0.0015741214156150818,-0.0017132610082626343,-3.157183527946472e-05,0.0022065774366879787,-0.6367815136909485,0.2027805745601654,0.2738805413246155,-0.6588063836097717,0.8873535264784366,0.02313309721648693,-0.024858979508280754,0.024359742179512978,-0.027426496148109436,0.024956000968813896,-0.02682853303849697,-0.0010089017450809479,-0.001780875027179718,-0.0016897916793823242,-0.00014137476682662964,0.0023656622596160645,-0.7370002269744873,0.12191198021173477,0.24715717136859894,-0.6617251634597778,0.8904945146203808,55.986314817,True,5.168840289115906e-05,0.00020777806639671326,-2.1141022443771362e-05,0.00011129304766654968,0.00023846710583731894,0.10022985935211182,0.08089374005794525,0.026726162061095238,0.002885237103328109,0.13079531670940212,ROA_1003_model40000_std01,2799,2026-10-03_22-59-50,0.02365543507039547,-0.025073489174246788
-0.0003662891685962677,-0.0011000782251358032,-0.0012477859854698181,0.00021476298570632935,0.0013151515421001773,-0.4751020669937134,0.38800013065338135,0.4333648681640625,-0.5069831013679504,0.9025579261682714,-0.0009939074516296387,-0.0015904195606708527,-0.0016761012375354767,-9.844079613685608e-05,0.002241370151019484,-0.6407890319824219,0.2055540531873703,0.27947404980659485,-0.6630699634552002,0.895746147002613,0.0232908483594656,-0.024788303300738335,0.024425216019153595,-0.026748353615403175,0.024853317067027092,-0.026390934363007545,-0.00103851780295372,-0.0017639249563217163,-0.0016507692635059357,-0.0001991167664527893,0.0023795742821791847,-0.7396014332771301,0.12489593774080276,0.25231391191482544,-0.6687724590301514,0.8989640284167003,56.006316371000004,True,4.805624485015869e-05,0.0001737847924232483,-2.253800630569458e-05,9.806826710700989e-05,0.00020201776465614719,0.09876395761966705,0.08070468157529831,0.02714153192937374,0.005670822691172361,0.129918835573373,ROA_1003_model40000_std01,2800,2026-10-03_22-59-50,0.024155838415026665,-0.02505641058087349
-0.0003498978912830353,-0.0011162832379341125,-0.0012054108083248138,0.0001776963472366333,0.0012873929343676616,-0.47699546813964844,0.38808953762054443,0.44004058837890625,-0.5132620930671692,0.9102716109173403,-0.000966247171163559,-0.0016169622540473938,-0.0016402453184127808,-0.00014938414096832275,0.002236974522713905,-0.6421478390693665,0.20669306814670563,0.28524547815322876,-0.6693322062492371,0.9032597501544871,0.02280217409133911,-0.026105044409632683,0.02359573356807232,-0.026919176802039146,0.02371315471827984,-0.026981912553310394,-0.0010175630450248718,-0.0017618760466575623,-0.0016200356185436249,-0.00023674219846725464,0.0023665897946519915,-0.7390044331550598,0.12702681124210358,0.25606992840766907,-0.677654504776001,0.9052510231126193,56.026319558000004,True,4.9639493227005005e-05,0.00014435499906539917,-2.216547727584839e-05,8.87550413608551e-05,0.00017241025304062067,0.09681376814842224,0.07969140261411667,0.029156913980841637,0.00833161175251007,0.12846687189663367,ROA_1003_model40000_std01,2801,2026-10-03_22-59-50,0.02367410436272621,-0.026673099026083946
-0.00036638230085372925,-0.0011081807315349579,-0.0011992640793323517,0.00016260892152786255,0.0012952542418939487,-0.48105135560035706,0.3907344937324524,0.4467414617538452,-0.5190958976745605,0.9200269159085347,-0.0009920448064804077,-0.0016191042959690094,-0.0016435980796813965,-0.00017210841178894043,0.002264281714891121,-0.6455061435699463,0.21002347767353058,0.29094237089157104,-0.6756819486618042,0.9127688221916844,0.02405617944896221,-0.026822591200470924,0.024809695780277252,-0.027701299637556076,0.024910511448979378,-0.027743620797991753,-0.0010380521416664124,-0.0017439015209674835,-0.0016197562217712402,-0.00025229528546333313,0.002375260796417218,-0.743045449256897,0.13171787559986115,0.2601686716079712,-0.6844726800918579,0.9147626101377201,56.046319992,True,4.5355409383773804e-05,0.00012470409274101257,-2.2258609533309937e-05,8.046627044677734e-05,0.0001508806471419329,0.09752436727285385,0.0783400610089302,0.03075226955115795,0.008804723620414734,0.12855321381410995,ROA_1003_model40000_std01,2802,2026-10-03_22-59-50,0.024573907256126404,-0.02817062847316265
-0.00037010759115219116,-0.001109205186367035,-0.001155957579612732,0.000112876296043396,0.0012887637228231744,-0.4805735945701599,0.3886241316795349,0.454345703125,-0.5256421566009521,0.9262667684541551,-0.001016072928905487,-0.0016462989151477814,-0.0016207806766033173,-0.0002450309693813324,0.002309096555077493,-0.6433128714561462,0.20827072858810425,0.29791519045829773,-0.6829090118408203,0.9184901948021832,0.024835804477334023,-0.026675602421164513,0.025925995782017708,-0.027952156960964203,0.02607906609773636,-0.027902936562895775,-0.0010528601706027985,-0.0017496757209300995,-0.0015906989574432373,-0.00031581148505210876,0.0023992981574841514,-0.7417154908180237,0.13164523243904114,0.2652834951877594,-0.6930995583534241,0.9204600078616516,56.066317227000006,True,3.371387720108032e-05,0.00010523945093154907,-2.7660280466079712e-05,7.3947012424469e-05,0.00012921347434960708,0.09840632975101471,0.07660500705242157,0.03263913094997406,0.010195187292993069,0.12878767884257547,ROA_1003_model40000_std01,2803,2026-10-03_22-59-50,0.025059647858142853,-0.028482889756560326
-0.0003693625330924988,-0.001109577715396881,-0.0011133961379528046,7.972121238708496e-05,0.0012787742663781707,-0.4834429919719696,0.3894725739955902,0.4587210416793823,-0.5299709439277649,0.9326229648080241,-0.0010252930223941803,-0.0016517937183380127,-0.0015937723219394684,-0.000285077840089798,0.002320280564699342,-0.6447182893753052,0.20993313193321228,0.3027682900428772,-0.6865803003311157,0.9244695442997223,0.02528427168726921,-0.02748422883450985,0.02633131854236126,-0.028898226097226143,0.02654198184609413,-0.02875848114490509,-0.0010553747415542603,-0.0017482787370681763,-0.001568533480167389,-0.00035725533962249756,0.0024067527492423225,-0.7412740588188171,0.13032928109169006,0.2674367129802704,-0.7034260630607605,0.9253770616658722,56.086319197,True,2.644956111907959e-05,9.397044777870178e-05,-2.682209014892578e-05,7.227063179016113e-05,0.0001186470790674336,0.09656231105327606,0.07959175109863281,0.035363249480724335,0.01683644950389862,0.1308072986467966,ROA_1003_model40000_std01,2804,2026-10-03_22-59-50,0.026039713993668556,-0.028454266488552094
-0.00037299469113349915,-0.0010974705219268799,-0.0011358410120010376,9.611248970031738e-05,0.0012807880072022106,-0.48892661929130554,0.39374080300331116,0.45733150839805603,-0.5290210247039795,0.9359740856904394,-0.001031532883644104,-0.0016331672668457031,-0.0016195699572563171,-0.00027408823370933533,0.0023227278303802282,-0.6483001112937927,0.21596717834472656,0.30307844281196594,-0.6834138035774231,0.9273959841712782,0.02529934234917164,-0.028718220070004463,0.0263155959546566,-0.030185814946889877,0.0265399981290102,-0.030011218041181564,-0.0010522082448005676,-0.0017364509403705597,-0.0015912577509880066,-0.00035120174288749695,0.0024058219960078737,-0.7453234791755676,0.13054348528385162,0.2647107243537903,-0.70729660987854,0.9279410884287839,56.106325648,True,2.3283064365386963e-05,0.00010114163160324097,-3.2316893339157104e-05,7.925555109977722e-05,0.00012850652146838054,0.0970521867275238,0.0854032039642334,0.03836676478385925,0.023866070434451103,0.13676667048255836,ROA_1003_model40000_std01,2805,2026-10-03_22-59-50,0.027046451345086098,-0.02840130776166916
-0.0003875233232975006,-0.0010763294994831085,-0.001153070479631424,0.00010477378964424133,0.0012880431582204543,-0.49416065216064453,0.3986470103263855,0.455128937959671,-0.5278605818748474,0.9390107819770226,-0.001054815948009491,-0.0016196630895137787,-0.0016541220247745514,-0.0002777203917503357,0.0023488661976546338,-0.6520086526870728,0.22214557230472565,0.3031724989414215,-0.6792824268341064,0.9298900954134304,0.024956319481134415,-0.02964039333164692,0.026087719947099686,-0.03139530494809151,0.026379603892564774,-0.03112049587070942,-0.0010708346962928772,-0.0017282553017139435,-0.001614447683095932,-0.0003602355718612671,0.0024264936259621697,-0.7502240538597107,0.13372394442558289,0.2593975365161896,-0.7095457911491394,0.9301950171036025,56.126328291,True,1.7508864402770996e-05,0.00010617077350616455,-4.079192876815796e-05,8.093193173408508e-05,0.00013398655869002252,0.09819678217172623,0.08845049142837524,0.043789852410554886,0.030297784134745598,0.14234393992213853,ROA_1003_model40000_std01,2806,2026-10-03_22-59-50,0.027095375582575798,-0.029096413403749466
-0.0004075467586517334,-0.0010316260159015656,-0.0011354684829711914,8.810311555862427e-05,0.001279475830659628,-0.4954701066017151,0.4008682370185852,0.45730265974998474,-0.5295453071594238,0.942707467928284,-0.0010802410542964935,-0.0015934929251670837,-0.0016390345990657806,-0.00030957162380218506,0.002356842255105165,-0.6518475413322449,0.2252645641565323,0.30667707324028015,-0.6793802380561829,0.9331842887320482,0.02488342486321926,-0.02941889688372612,0.02597576007246971,-0.031245365738868713,0.026300646364688873,-0.030921727418899536,-0.0010896474123001099,-0.0016906298696994781,-0.0016021542251110077,-0.00038919970393180847,0.0024239757798428948,-0.7486240863800049,0.13933981955051422,0.2591460943222046,-0.7125325202941895,0.9330885493564934,56.146337878000004,True,1.1175870895385742e-05,9.760260581970215e-05,-3.69735062122345e-05,7.729977369308472e-05,0.00012538347524254127,0.09676999598741531,0.08596199750900269,0.04756636545062065,0.03309641033411026,0.14167818059305998,ROA_1003_model40000_std01,2807,2026-10-03_22-59-50,0.026766356080770493,-0.02956734225153923
-0.0004262663424015045,-0.0010058283805847168,-0.001115165650844574,8.42846930027008e-05,0.0012703059503382326,-0.4965178370475769,0.4032132923603058,0.4591401517391205,-0.5311760902404785,0.9461320957736528,-0.001093745231628418,-0.0015713274478912354,-0.0016224570572376251,-0.0003337860107421875,0.002355701100113421,-0.6521381139755249,0.2274075448513031,0.31052061915397644,-0.6789453029632568,0.9361356982034836,0.02509170211851597,-0.028921037912368774,0.026485852897167206,-0.030760962516069412,0.02673248015344143,-0.030542021617293358,-0.0010960735380649567,-0.0016477890312671661,-0.0015846453607082367,-0.00040046870708465576,0.002402153306369077,-0.7431460022926331,0.14600716531276703,0.2606641352176666,-0.7161059975624084,0.9356593877919915,56.166321671000006,True,-2.514570951461792e-06,7.487833499908447e-05,-3.995373845100403e-05,6.780028343200684e-05,0.00010530190415732726,0.09098834544420242,0.08137709647417068,0.04983227327466011,0.03714766353368759,0.13689407481312518,ROA_1003_model40000_std01,2808,2026-10-03_22-59-50,0.026846885681152344,-0.029362330213189125
-0.0004336237907409668,-0.0009920448064804077,-0.0010967254638671875,8.866190910339355e-05,0.0012567864171648515,-0.49864497780799866,0.4048077166080475,0.46154388785362244,-0.533719539642334,0.9504918490216209,-0.0010851770639419556,-0.001551210880279541,-0.001600664108991623,-0.0003330409526824951,0.0023297270641116767,-0.6519975066184998,0.23091118037700653,0.31482893228530884,-0.679800271987915,0.9404434429285371,0.02525126002728939,-0.029387369751930237,0.026930782943964005,-0.03128819167613983,0.027107061818242073,-0.031158410012722015,-0.0010848045349121094,-0.0016139820218086243,-0.0015675090253353119,-0.0003964640200138092,0.0023685503810782316,-0.7380200028419495,0.15087798237800598,0.2637328505516052,-0.7210308313369751,0.9391838226976752,56.186323642000005,True,-1.4901161193847656e-06,6.156042218208313e-05,-3.548339009284973e-05,6.416812539100647e-05,9.308608141050736e-05,0.08600204437971115,0.08005368709564209,0.051058825105428696,0.04122405871748924,0.13451814393061015,ROA_1003_model40000_std01,2809,2026-10-03_22-59-50,0.02707759104669094,-0.0296179186552763
-0.00042980536818504333,-0.000982731580734253,-0.0011066906154155731,0.00011436641216278076,0.0012490216246786277,-0.5003464818000793,0.4062838554382324,0.46019068360328674,-0.531516969203949,0.9501528087994026,-0.0010691583156585693,-0.0015470199286937714,-0.001608487218618393,-0.00031618401408195496,0.002315403487460162,-0.6513046026229858,0.23328791558742523,0.3145001530647278,-0.6779078245162964,0.9400623738218227,0.02306532673537731,-0.028933988884091377,0.025882737711071968,-0.031027471646666527,0.02575301006436348,-0.03130289912223816,-0.001065712422132492,-0.0016002915799617767,-0.001568906009197235,-0.0003730878233909607,0.002341571738673386,-0.7360949516296387,0.15105772018432617,0.2642851173877716,-0.7201041579246521,0.9381225235296037,56.206348046,True,-4.563480615615845e-06,5.206093192100525e-05,-4.0046870708465576e-05,5.6624412536621094e-05,8.407939576252665e-05,0.08474662154912949,0.0822562649846077,0.05022808536887169,0.04217866435647011,0.13502948879028148,ROA_1003_model40000_std01,2810,2026-10-03_22-59-50,0.02520277164876461,-0.028733063489198685
-0.000491458922624588,-0.0009190291166305542,-0.0010310672223567963,3.5390257835388184e-05,0.0012448200427961275,-0.5045914649963379,0.4110103249549866,0.46586430072784424,-0.5383733510971069,0.9609657179984082,-0.0011032447218894958,-0.0014525838196277618,-0.0015257857739925385,-0.00037569552659988403,0.002273347428728004,-0.6548566222190857,0.23810844123363495,0.3212718069553375,-0.683863639831543,0.9507163624360779,0.02209382876753807,-0.027431922033429146,0.02464575506746769,-0.02959066815674305,0.024603204801678658,-0.02974504418671131,-0.001109391450881958,-0.0015314668416976929,-0.001490674912929535,-0.00045439228415489197,0.0023283115114387347,-0.7396516799926758,0.15889573097229004,0.26653799414634705,-0.7279338240623474,0.9485614348181475,56.226326751,True,5.587935447692871e-06,7.515773177146912e-05,-2.905726432800293e-05,7.57165253162384e-05,0.00010805139966731952,0.08473265171051025,0.07916241139173508,0.05473848059773445,0.04409625753760338,0.13552747797417736,ROA_1003_model40000_std01,2811,2026-10-03_22-59-50,0.02418101206421852,-0.02754734642803669
-0.000502169132232666,-0.0009042210876941681,-0.0010259449481964111,1.7881393432617188e-05,0.0012491745043602736,-0.5040438771247864,0.4116147458553314,0.4676803648471832,-0.5413610339164734,0.9634969338915439,-0.0010829418897628784,-0.001402106136083603,-0.0014951452612876892,-0.000370759516954422,0.002220087604268713,-0.6537129878997803,0.23913754522800446,0.3229435384273529,-0.6871893405914307,0.9532978960052212,0.02144365757703781,-0.026671310886740685,0.023843545466661453,-0.028628619387745857,0.02378304861485958,-0.028780827298760414,-0.0011058524250984192,-0.0015018507838249207,-0.0014841556549072266,-0.0004698522388935089,0.0023143955967672844,-0.7395548224449158,0.16284453868865967,0.26588141918182373,-0.7302258014678955,0.9511076347132558,56.246326865,True,2.4121254682540894e-05,9.73232090473175e-05,-1.4808028936386108e-05,9.648501873016357e-05,0.00013721514515113243,0.0858120545744896,0.07627718150615692,0.057044435292482376,0.04302244260907173,0.13514107919956775,ROA_1003_model40000_std01,2812,2026-10-03_22-59-50,0.023602483794093132,-0.02691454067826271
-0.0005179084837436676,-0.000873953104019165,-0.0009966082870960236,-2.216547727584839e-05,0.0012444826780444657,-0.50693279504776,0.4155198037624359,0.4706456959247589,-0.5459775924682617,0.9706888626256186,-0.0010621733963489532,-0.0013315118849277496,-0.0014361925423145294,-0.0003742985427379608,0.002146092833555547,-0.6553195118904114,0.24451500177383423,0.32655519247055054,-0.6905440092086792,0.960258595084464,0.021102424710989,-0.026383135467767715,0.02348671481013298,-0.028412949293851852,0.023448120802640915,-0.02851567231118679,-0.0011035241186618805,-0.0014600344002246857,-0.0014427118003368378,-0.0004999339580535889,0.0022841941662281426,-0.7412079572677612,0.1685144305229187,0.26874521374702454,-0.7357503771781921,0.9588245545253541,56.26633034,True,4.377216100692749e-05,0.0001317821443080902,6.891787052154541e-06,0.00012656673789024353,0.00018636375748521276,0.08580553531646729,0.0759987160563469,0.057821158319711685,0.045200806111097336,0.13605299685957375,ROA_1003_model40000_std01,2813,2026-10-03_22-59-50,0.023537950590252876,-0.026403013616800308
-0.0005247071385383606,-0.0008651986718177795,-0.0009697861969470978,-5.559995770454407e-05,0.0012418276295608562,-0.510937511920929,0.4195272624492645,0.47325804829597473,-0.5509815812110901,0.9784802307885619,-0.00103730708360672,-0.0012893229722976685,-0.0013836659491062164,-0.00038640573620796204,0.002088966811756331,-0.6583462953567505,0.24986079335212708,0.3294488191604614,-0.6945831179618835,0.9678550880018574,0.021333210170269012,-0.02674386091530323,0.023457426577806473,-0.0287085622549057,0.02347949706017971,-0.028733039274811745,-0.0010992400348186493,-0.0014564953744411469,-0.0014089979231357574,-0.0005380250513553619,0.00227894390865284,-0.7449434995651245,0.17094051837921143,0.2716081142425537,-0.7422305345535278,0.9665671048770843,56.286330742000004,True,6.146728992462158e-05,0.00016707926988601685,2.738088369369507e-05,0.00015329569578170776,0.00023562615044531166,0.0865226536989212,0.07887742668390274,0.057802531868219376,0.047611068934202194,0.1389451043818095,ROA_1003_model40000_std01,2814,2026-10-03_22-59-50,0.023928416892886162,-0.026589257642626762
-0.000523589551448822,-0.0008660368621349335,-0.0009628944098949432,-7.841736078262329e-05,0.001246039663122296,-0.5134716629981995,0.4219384789466858,0.47302988171577454,-0.5535091757774353,0.9820334238715712,-0.0010003335773944855,-0.001266971230506897,-0.0013476237654685974,-0.0003968365490436554,0.002041418220644281,-0.6595225930213928,0.2539483606815338,0.32875683903694153,-0.6973752379417419,0.9714458997798842,0.021725952625274658,-0.027195654809474945,0.02383892424404621,-0.029191477224230766,0.023885950446128845,-0.029188847169280052,-0.001088809221982956,-0.001465342938899994,-0.0013875775039196014,-0.0005589798092842102,0.002275662496586002,-0.7479730844497681,0.17022712528705597,0.2731596827507019,-0.744120180606842,0.969521508815431,56.306334185000004,True,8.456408977508545e-05,0.00020191073417663574,3.930181264877319e-05,0.00016419216990470886,0.0002756025262985852,0.0883936807513237,0.08370260894298553,0.05555804446339607,0.04671327397227287,0.14168579409490376,ROA_1003_model40000_std01,2815,2026-10-03_22-59-50,0.024186620488762856,-0.027244064956903458
-0.0005256384611129761,-0.0008712522685527802,-0.0009601004421710968,-8.987262845039368e-05,0.0012521871066528477,-0.5143843293190002,0.4230402112007141,0.47135815024375916,-0.5536684393882751,0.9822029080831235,-0.0009772367775440216,-0.0012511387467384338,-0.0013204291462898254,-0.0003959052264690399,0.002005673282467,-0.659858763217926,0.25519633293151855,0.3262404203414917,-0.6988439559936523,0.9716505478810815,0.02219163440167904,-0.027477780357003212,0.0243068877607584,-0.029471173882484436,0.02435673028230667,-0.02947763353586197,-0.0010891817510128021,-0.0014708377420902252,-0.0013728626072406769,-0.0005636364221572876,0.00227378761221505,-0.7500145435333252,0.16863177716732025,0.27340462803840637,-0.7426701188087463,0.9692273042654551,56.326335900000004,True,0.00010915100574493408,0.00022221356630325317,5.1409006118774414e-05,0.00016726553440093994,0.0003023285909654883,0.09013991057872772,0.0864984393119812,0.052780840545892715,0.04377029463648796,0.14244259653157576,ROA_1003_model40000_std01,2816,2026-10-03_22-59-50,0.024361563846468925,-0.027905672788619995
-0.0005288980901241302,-0.0008905306458473206,-0.001003127545118332,-4.1350722312927246e-05,0.0012683363734183383,-0.5121752619743347,0.4207417070865631,0.46463215351104736,-0.5473084449768066,0.9732315426097293,-0.0009588897228240967,-0.0012604519724845886,-0.0013414770364761353,-0.0003466382622718811,0.001990515967614788,-0.6578052043914795,0.2522505819797516,0.31808483600616455,-0.6946054697036743,0.9627667690548639,0.023452486842870712,-0.027796993032097816,0.025250859558582306,-0.02969956025481224,0.025359677150845528,-0.029616527259349823,-0.0010912306606769562,-0.0014979392290115356,-0.0014068558812141418,-0.0005162321031093597,0.002285599714820601,-0.7502240538597107,0.16431044042110443,0.2672215700149536,-0.7341634035110474,0.9598906612931117,56.346332686000004,True,0.00013289973139762878,0.00023506581783294678,6.966292858123779e-05,0.00017005950212478638,0.00032607810424505355,0.09243655204772949,0.08790287375450134,0.050880011171102524,0.03950483724474907,0.14278583089562014,ROA_1003_model40000_std01,2817,2026-10-03_22-59-50,0.025146428495645523,-0.02870742417871952
-0.0005355104804039001,-0.0008882023394107819,-0.001113303005695343,1.6577541828155518e-05,0.001320952084278362,-0.5099754333496094,0.4188949167728424,0.45538970828056335,-0.5398020148277283,0.9626024324925051,-0.0009551644325256348,-0.0012481585144996643,-0.001430325210094452,-0.00027650967240333557,0.0020040976816517735,-0.6570889949798584,0.24921631813049316,0.3066370189189911,-0.6895269751548767,0.9523193351451246,0.025617018342018127,-0.027931788936257362,0.027363112196326256,-0.029859010130167007,0.027492105960845947,-0.02974233217537403,-0.0011064112186431885,-0.0014991499483585358,-0.0015101395547389984,-0.00044852495193481445,0.0023176691194749504,-0.7535731196403503,0.16090179979801178,0.2578096389770508,-0.7240939736366272,0.9502946295208914,56.366334849000005,True,0.0001521781086921692,0.00025276094675064087,8.055940270423889e-05,0.00017406418919563293,0.00035146918737507133,0.0964440330862999,0.08832476288080215,0.04884320870041847,0.03454647958278656,0.1436491428294583,ROA_1003_model40000_std01,2818,2026-10-03_22-59-50,0.02690863236784935,-0.02915216237306595
-0.0004919245839118958,-0.0009367242455482483,-0.0011797063052654266,8.67992639541626e-05,0.0013332668856388063,-0.5053439736366272,0.413900226354599,0.4472648501396179,-0.5320822596549988,0.9497713441886729,-0.0009052455425262451,-0.001293141394853592,-0.001484900712966919,-0.000197533518075943,0.0019930489317238546,-0.6532547473907471,0.24401208758354187,0.29772984981536865,-0.6829304099082947,0.9399093148681842,0.02686072327196598,-0.028954654932022095,0.028792915865778923,-0.03058462403714657,0.02875194139778614,-0.03069279156625271,-0.0010708346962928772,-0.0015513040125370026,-0.0015759840607643127,-0.0003696419298648834,0.002322811021180569,-0.7515735626220703,0.15481653809547424,0.2507278621196747,-0.7136696577072144,0.9378454034670383,56.386335315000004,True,0.00016242265701293945,0.000256858766078949,9.173527359962463e-05,0.0001714564859867096,0.00036059533633924553,0.098303884267807,0.08920858800411224,0.046992670744657516,0.03072339855134487,0.14390184592569602,ROA_1003_model40000_std01,2819,2026-10-03_22-59-50,0.02778172865509987,-0.03026583418250084
-0.0004881061613559723,-0.0009453855454921722,-0.0012456439435482025,0.00014156103134155273,0.0013691208446605994,-0.5038212537765503,0.4116063714027405,0.4389360249042511,-0.5239788293838501,0.9394722997052439,-0.0009163282811641693,-0.0013084150850772858,-0.0015428289771080017,-0.00014621764421463013,0.0020207559346349935,-0.6534913182258606,0.24043208360671997,0.28807389736175537,-0.6769131422042847,0.9301409668836244,0.028258007019758224,-0.02919718436896801,0.030460404232144356,-0.030837910249829292,0.030321268364787102,-0.031084738671779633,-0.0010816380381584167,-0.0015730969607830048,-0.0016325153410434723,-0.00030873343348503113,0.0023445570372967496,-0.7558017373085022,0.14903023838996887,0.24450290203094482,-0.7019760012626648,0.9290489226231312,56.406336678,True,0.00016689300537109375,0.0002654269337654114,8.735805749893188e-05,0.00016493722796440125,0.0003646900736942017,0.10228249430656433,0.09141302853822708,0.043571922928094864,0.024984588846564293,0.1457561921717689,ROA_1003_model40000_std01,2820,2026-10-03_22-59-50,0.028944890946149826,-0.030597638338804245
-0.00045010820031166077,-0.0009937211871147156,-0.001270044595003128,0.0001751817762851715,0.001369165056896359,-0.49819982051849365,0.4046819806098938,0.4308670461177826,-0.5170087814331055,0.9256534710166836,-0.0008796341717243195,-0.0013537704944610596,-0.0015602447092533112,-0.00010794028639793396,0.0020116960389908877,-0.648714542388916,0.23389233648777008,0.27893856167793274,-0.6714304685592651,0.9171235397369806,0.029770852997899055,-0.030633103102445602,0.031814832240343094,-0.03198962286114693,0.03162185475230217,-0.03230845183134079,-0.0010543502867221832,-0.0016266480088233948,-0.0016482546925544739,-0.00026067718863487244,0.002342454457833368,-0.7525970935821533,0.13891513645648956,0.24054570496082306,-0.6912490129470825,0.9159032452013848,56.426340344,True,0.00016810372471809387,0.0002757646143436432,8.614733815193176e-05,0.00015497207641601562,0.0003683800763291975,0.10383966565132141,0.09499489516019821,0.03838632255792618,0.019807366654276848,0.14681725235523296,ROA_1003_model40000_std01,2821,2026-10-03_22-59-50,0.030291493982076645,-0.031818900257349014
-0.00041332095861434937,-0.001039355993270874,-0.0012240372598171234,0.00015674158930778503,0.0013251055779833797,-0.4957485795021057,0.40054506063461304,0.42895132303237915,-0.5149440765380859,0.9204051117776777,-0.00084657222032547,-0.0013971701264381409,-0.0015139579772949219,-0.0001253560185432434,0.0019890281235128804,-0.6473771929740906,0.22959335148334503,0.2764221131801605,-0.6707664132118225,0.9127654493336778,0.029948929324746132,-0.03198600187897682,0.031887952238321304,-0.0330796055495739,0.03164001181721687,-0.03346214443445206,-0.0010188668966293335,-0.0016806647181510925,-0.0015915371477603912,-0.00026421621441841125,0.002322135023585255,-0.750579833984375,0.1299399882555008,0.24363769590854645,-0.6854785084724426,0.909879958462267,56.446339307,True,0.00017154961824417114,0.00028312206268310547,7.664784789085388e-05,0.00013783574104309082,0.00036665081231085155,0.10323337465524673,0.09966827183961868,0.032753683626651764,0.014708376489579678,0.14744419079227125,ROA_1003_model40000_std01,2822,2026-10-03_22-59-50,0.030263010412454605,-0.032850611954927444
-0.000352226197719574,-0.0011257827281951904,-0.0012357719242572784,0.0002086162567138672,0.0013040643740440127,-0.4847719967365265,0.39047372341156006,0.42020899057388306,-0.5059791207313538,0.9010786442287075,-0.0007886439561843872,-0.0014815479516983032,-0.0015285797417163849,-7.012858986854553e-05,0.00197737690045829,-0.6387922763824463,0.21790897846221924,0.2667577862739563,-0.6643654704093933,0.8947069735520725,0.02990458719432354,-0.03302069008350372,0.03179873153567314,-0.03411291912198067,0.03155119717121124,-0.03446688503026962,-0.0009585171937942505,-0.0017605721950531006,-0.0015963800251483917,-0.00019799917936325073,0.00230506778862421,-0.7385666966438293,0.11857970803976059,0.23692844808101654,-0.6726905107498169,0.888885513285541,56.466340317000004,True,0.0001685693860054016,0.0002807006239891052,6.826594471931458e-05,0.00012712553143501282,0.00035775614291824514,0.09971856325864792,0.09934975951910019,0.029861925169825554,0.0083092600107193,0.14336142339342275,ROA_1003_model40000_std01,2823,2026-10-03_22-59-50,0.029697978869080544,-0.03420230746269226
-0.0002812594175338745,-0.001231953501701355,-0.0012741424143314362,0.0002827495336532593,0.001305496845890938,-0.4689972698688507,0.37696024775505066,0.4087742269039154,-0.49702727794647217,0.8763912754309927,-0.0007238239049911499,-0.0015892088413238525,-0.00157942995429039,8.940696716308594e-06,0.0019836066328910943,-0.6268620491027832,0.20094028115272522,0.2545975148677826,-0.6571989059448242,0.8708641938834808,0.03037637285888195,-0.033565837889909744,0.03222621604800224,-0.0346425399184227,0.031989686191082,-0.03496282547712326,-0.0008860602974891663,-0.0018499791622161865,-0.0016400590538978577,-0.00011557713150978088,0.0022987365549523285,-0.7203667759895325,0.10838731378316879,0.22465455532073975,-0.6623277068138123,0.8628177232729761,56.486345488000005,True,0.00016409903764724731,0.0002592802047729492,6.323680281639099e-05,0.0001230277121067047,0.000336396071438687,0.09349546581506729,0.09257159382104874,0.029921529814600945,0.005093402694910765,0.1339360761420366,ROA_1003_model40000_std01,2824,2026-10-03_22-59-50,0.029260899871587753,-0.03544139117002487
-0.00026654452085494995,-0.001284480094909668,-0.0012997537851333618,0.0003351829946041107,0.0013618406826751382,-0.45942139625549316,0.3690067529678345,0.400012344121933,-0.4906980097293854,0.8601400181426178,-0.0007040798664093018,-0.001638568937778473,-0.0016140751540660858,7.757917046546936e-05,0.001986113679079806,-0.6219781637191772,0.1887250542640686,0.24665984511375427,-0.6502000093460083,0.8548976386819414,0.030586617067456245,-0.03265329822897911,0.03234042599797249,-0.03346119076013565,0.032040730118751526,-0.033858317881822586,-0.000875815749168396,-0.0018991529941558838,-0.001673586666584015,-5.811452865600586e-05,0.0023129519657172967,-0.7123126983642578,0.10308995097875595,0.2122931033372879,-0.6549339294433594,0.846080447298552,56.506341378,True,0.00016633421182632446,0.0002609565854072571,5.9977173805236816e-05,0.00013727694749832153,0.0003431757527564672,0.09026936441659927,0.08563137799501419,0.034341588616371155,0.00471062958240509,0.1276498809594279,ROA_1003_model40000_std01,2825,2026-10-03_22-59-50,0.028914138674736023,-0.034878671169281006
-0.00021010637283325195,-0.0013537704944610596,-0.0013090670108795166,0.0003709457814693451,0.001446215833821549,-0.44612863659858704,0.35831329226493835,0.38806813955307007,-0.485115647315979,0.8395592487017843,-0.0006340444087982178,-0.0017158687114715576,-0.001636054366827011,0.00012563541531562805,0.001975783926902738,-0.6117103099822998,0.1763775795698166,0.2378411442041397,-0.639962911605835,0.8341812593489688,0.030603263527154922,-0.031565580517053604,0.03222064673900604,-0.03179589658975601,0.03175397589802742,-0.03239661455154419,-0.0008039176464080811,-0.0019690021872520447,-0.0016988255083560944,-3.3993273973464966e-05,0.0023140785911538687,-0.6962809562683105,0.0965706929564476,0.19509437680244446,-0.6513688564300537,0.8231745737337683,56.52634830900001,True,0.00017229467630386353,0.00025350600481033325,6.537884473800659e-05,0.0001603737473487854,0.0003506428518790769,0.08453428000211716,0.07980502396821976,0.042745839804410934,0.011363065801560879,0.12277103958401725,ROA_1003_model40000_std01,2826,2026-10-03_22-59-50,0.029020844027400017,-0.03329819068312645
-0.00023311004042625427,-0.0013303011655807495,-0.0012557022273540497,0.00035855919122695923,0.0013993898872964891,-0.4441588819026947,0.35587137937545776,0.3857239782810211,-0.4818550944328308,0.8345239268889313,-0.0006658956408500671,-0.0017062760889530182,-0.0015915371477603912,0.00011241063475608826,0.00197683215014563,-0.6100469827651978,0.17568188905715942,0.23740063607692719,-0.6342343688011169,0.8298005707612638,0.02979920245707035,-0.029399652034044266,0.031403884291648865,-0.02961021661758423,0.030921369791030884,-0.030210938304662704,-0.0008410774171352386,-0.001964624971151352,-0.001646578311920166,-4.6193599700927734e-05,0.0023201017448943573,-0.696835994720459,0.09142979234457016,0.1934412717819214,-0.6448822021484375,0.8175802435460946,56.546348007000006,True,0.0001773238182067871,0.0002562999725341797,5.513429641723633e-05,0.00015953555703163147,0.0003521480633296355,0.08676386624574661,0.08424650132656097,0.043975185602903366,0.010604037903249264,0.12725098259663112,ROA_1003_model40000_std01,2827,2026-10-03_22-59-50,0.028915999457240105,-0.03057231195271015
-0.00025974586606025696,-0.0013165175914764404,-0.0011952593922615051,0.0003242865204811096,0.0013580734063168463,-0.44194886088371277,0.35373398661613464,0.3861216604709625,-0.48033517599105835,0.8318516619845135,-0.0007173046469688416,-0.0017394311726093292,-0.0015459954738616943,5.709007382392883e-05,0.0020317131536705998,-0.6110221147537231,0.17082597315311432,0.23637618124485016,-0.6329379677772522,0.8267387260622027,0.028696322813630104,-0.028363490477204323,0.030268274247646332,-0.028607342392206192,0.02981412224471569,-0.02916957624256611,-0.0008754432201385498,-0.00196630135178566,-0.0015871599316596985,-8.540228009223938e-05,0.002336585197139816,-0.6962790489196777,0.08842534571886063,0.19445641338825226,-0.6422819495201111,0.8153715656755655,56.566349146,True,0.0001603737473487854,0.0002259388566017151,4.3120235204696655e-05,0.00014193356037139893,0.00031148909067635653,0.08524581044912338,0.08238758146762848,0.041928138583898544,0.009335577487945557,0.1242657688900315,ROA_1003_model40000_std01,2828,2026-10-03_22-59-50,0.02855697087943554,-0.0294452216476202
-0.00025797635316848755,-0.001333281397819519,-0.0010998919606208801,0.0002489425241947174,0.0013594907728573832,-0.43915489315986633,0.3499937951564789,0.3931959867477417,-0.4840697944164276,0.8343903616654658,-0.0007523223757743835,-0.0017919577658176422,-0.001470465213060379,-3.930181264877319e-05,0.002096923583278807,-0.6123063564300537,0.16342847049236298,0.24017038941383362,-0.6382967829704285,0.8286951812099816,0.027662742882966995,-0.027911532670259476,0.028941035270690918,-0.028209690004587173,0.028594423085451126,-0.028611401095986366,-0.0008840113878250122,-0.0019771046936511993,-0.0014959834516048431,-0.00015106052160263062,0.002345505425890696,-0.6944723129272461,0.08641368895769119,0.20256637036800385,-0.6447322368621826,0.8187308705967394,56.586351149,True,0.00013280659914016724,0.0001846812665462494,2.7101486921310425e-05,0.00011222437024116516,0.0002520538972499396,0.08216313272714615,0.07704459130764008,0.03760494291782379,0.0064224000088870525,0.11718862329396665,ROA_1003_model40000_std01,2829,2026-10-03_22-59-50,0.027661453932523727,-0.02952740341424942
-0.0002741813659667969,-0.0013437122106552124,-0.0010395422577857971,0.00021392479538917542,0.0013714028423635462,-0.4395255744457245,0.34857261180877686,0.40326637029647827,-0.4890821576118469,0.8418437381587012,-0.0008059665560722351,-0.0018229708075523376,-0.0014211982488632202,-9.424984455108643e-05,0.002153562839066371,-0.6149643659591675,0.1605721116065979,0.246077761054039,-0.6455667018890381,0.8356137629868198,0.027572887018322945,-0.027488261461257935,0.028587572276592255,-0.027792122215032578,0.02832575887441635,-0.028052618727087975,-0.0009159557521343231,-0.001984555274248123,-0.0014357268810272217,-0.00017657876014709473,0.002360962537775684,-0.6996821165084839,0.08478014916181564,0.21455994248390198,-0.6466954350471497,0.8283057480353943,56.606350367000005,True,0.00011008232831954956,0.00016102567315101624,1.5273690223693848e-05,8.204951882362366e-05,0.00020983722486388445,0.08467863500118256,0.07579941302537918,0.03154482692480087,0.001101754605770111,0.11628347630592041,ROA_1003_model40000_std01,2830,2026-10-03_22-59-50,0.027542894706130028,-0.02976878732442856
-0.0003282912075519562,-0.0013140030205249786,-0.0009698793292045593,0.00015422701835632324,0.001359969302319677,-0.4421565532684326,0.34827831387519836,0.41433700919151306,-0.4980880618095398,0.853612963685643,-0.0008814036846160889,-0.0017678365111351013,-0.0013649463653564453,-0.00014528632164001465,0.002160507845602906,-0.6177341341972351,0.16077420115470886,0.25518983602523804,-0.65472811460495,0.846783029057916,0.028937464579939842,-0.026980340480804443,0.028889043256640434,-0.026935866102576256,0.028801634907722473,-0.026888543739914894,-0.0009825453162193298,-0.0019237399101257324,-0.0013762153685092926,-0.00022277235984802246,0.0023550690429183264,-0.7081804275512695,0.09118392318487167,0.22275744378566742,-0.6527872681617737,0.8430518748272426,56.626348529000005,True,9.955838322639465e-05,0.00015934929251670837,1.1082738637924194e-05,7.944181561470032e-05,0.00020202292878657545,0.09045656025409698,0.06960984319448471,0.03247428685426712,-0.0019613653421401978,0.11683727169361048,ROA_1003_model40000_std01,2831,2026-10-03_22-59-50,0.02878803201019764,-0.029584204778075218
-0.00031189993023872375,-0.001335330307483673,-0.0010018236935138702,0.00016158446669578552,0.001375224720966994,-0.4436410665512085,0.34644079208374023,0.41962507367134094,-0.49985477328300476,0.8572277507140942,-0.0008944422006607056,-0.0017807818949222565,-0.0014008954167366028,-0.00014193356037139893,0.002186630962551572,-0.618668258190155,0.15842634439468384,0.25765225291252136,-0.6595067381858826,0.8500493352443195,0.028643693774938583,-0.028422972187399864,0.02859526500105858,-0.02823212556540966,0.02847965434193611,-0.02822120301425457,-0.0009882263839244843,-0.0019463710486888885,-0.0014052726328372955,-0.0002101995050907135,0.002377840383240847,-0.7174359560012817,0.08756573498249054,0.2282624989748001,-0.652432382106781,0.8497615453175122,56.646353508000004,True,9.397044777870178e-05,0.0001667998731136322,5.774199962615967e-06,6.826594471931458e-05,0.00020153014320106592,0.09874160587787628,0.07087923586368561,0.029387881979346275,-0.007057562004774809,0.12319941429968091,ROA_1003_model40000_std01,2832,2026-10-03_22-59-50,0.02889757975935936,-0.030338531360030174
-0.0003241002559661865,-0.0013150274753570557,-0.0010443851351737976,0.00017061829566955566,0.0013609270485927315,-0.4496760368347168,0.3500235974788666,0.42052844166755676,-0.49901193380355835,0.8617170463933657,-0.000931229442358017,-0.0017558224499225616,-0.001447182148694992,-0.00013941898941993713,0.0022068358840854558,-0.6225034594535828,0.16353371739387512,0.258086234331131,-0.6596567034721375,0.8544477857665448,0.028002198785543442,-0.03011215291917324,0.027954423800110817,-0.029912307858467102,0.027828997001051903,-0.02994457446038723,-0.001016911119222641,-0.0019456259906291962,-0.0014443881809711456,-0.0002062879502773285,0.002403749481233479,-0.7289330959320068,0.08535663783550262,0.23141874372959137,-0.652286171913147,0.8574184852124029,56.666351158000005,True,8.884817361831665e-05,0.0001880340278148651,-8.381903171539307e-07,6.69620931148529e-05,0.00021665844266697623,0.10641942918300629,0.07819198071956635,0.02665351890027523,-0.0073993573896586895,0.13318941274188792,ROA_1003_model40000_std01,2833,2026-10-03_22-59-50,0.029040956869721413,-0.030485497787594795
-0.00026207417249679565,-0.0013481825590133667,-0.001061800867319107,0.00017881393432617188,0.0013741097453891097,-0.45164671540260315,0.3500133454799652,0.41820666193962097,-0.49612855911254883,0.859866064175373,-0.0008987262845039368,-0.0018058344721794128,-0.0014724209904670715,-0.00014659017324447632,0.0022303161946980793,-0.6217435002326965,0.16448086500167847,0.25627201795578003,-0.6571346521377563,0.8522033834104801,0.026431556791067123,-0.031957391649484634,0.026382463052868843,-0.031759534031152725,0.02627425640821457,-0.03180165961384773,-0.0009695068001747131,-0.0019973143935203552,-0.0014635734260082245,-0.000208243727684021,0.002418336142920302,-0.7309373021125793,0.08038989454507828,0.2311374843120575,-0.6516640782356262,0.8561253049533766,56.686350121000004,True,6.91041350364685e-05,0.00019073486328125,-6.239861249923706e-06,6.156042218208313e-05,0.00021051115919989858,0.10919756442308426,0.08409469574689865,0.02516247145831585,-0.005486420821398497,0.13884110170851602,ROA_1003_model40000_std01,2834,2026-10-03_22-59-50,0.027773519977927208,-0.031478844583034515
-0.0002812594175338745,-0.0013055279850959778,-0.0010372139513492584,0.00014379620552062988,0.0013412335059073861,-0.4565361738204956,0.3539770543575287,0.42208561301231384,-0.49747151136398315,0.8667886674431791,-0.000941939651966095,-0.0017764046788215637,-0.0014520250260829926,-0.00019147992134094238,0.0022467149215168033,-0.6234133243560791,0.1707095503807068,0.26056355237960815,-0.65843665599823,0.8588441243418615,0.025184519588947296,-0.03181322664022446,0.025181688368320465,-0.031913239508867264,0.025173600763082504,-0.03183260187506676,-0.0009922310709953308,-0.0019630417227745056,-0.001430697739124298,-0.0002430751919746399,0.002410285793200594,-0.7358919382095337,0.08427537232637405,0.2377442866563797,-0.6512775421142578,0.8642919885913674,56.706354491000006,True,5.1409006118774414e-05,0.00018887221813201904,-2.0954757928848267e-05,4.991888999938965e-05,0.00020046815420581365,0.11245905607938766,0.08642672747373581,0.02281833253800869,-0.0071581448428332806,0.14250887450338676,ROA_1003_model40000_std01,2835,2026-10-03_22-59-50,0.026035694405436516,-0.03202925994992256
-0.0002723187208175659,-0.0013086944818496704,-0.0009563751518726349,8.707866072654724e-05,0.0013457269109862936,-0.4585767090320587,0.3543942868709564,0.43306031823158264,-0.5055069923400879,0.8780698242796344,-0.0009456649422645569,-0.0017872080206871033,-0.001379009336233139,-0.0002548098564147949,0.0022543444565244364,-0.6227986812591553,0.17231887578964233,0.27221718430519104,-0.6660688519477844,0.8696851160509029,0.024335620924830437,-0.031063469126820564,0.024323884397745132,-0.03115975856781006,0.024336697533726692,-0.03107944317162037,-0.0009738840162754059,-0.0019494444131851196,-0.001351628452539444,-0.0002962537109851837,0.002386849203496688,-0.7311030626296997,0.08704046905040741,0.2506626546382904,-0.6603374481201172,0.8730328673833606,56.726353806000006,True,3.1013041734695435e-05,0.00016400590538978577,-2.5797635316848755e-05,4.163011908531189e-05,0.00017092270987461005,0.1082736924290657,0.08529703319072723,0.021527519449591637,-0.005734152626246214,0.13849305320940952,ROA_1003_model40000_std01,2836,2026-10-03_22-59-50,0.02458975464105606,-0.032080911099910736
-0.0003612600266933441,-0.001230090856552124,-0.0009009614586830139,2.2724270820617676e-05,0.0013187637821546196,-0.46484822034835815,0.3597559332847595,0.440507173538208,-0.5120681524276733,0.8909515634904759,-0.0010394491255283356,-0.0017083249986171722,-0.0013259239494800568,-0.00032261013984680176,0.0022662483973142087,-0.6274338364601135,0.1783342957496643,0.2803029417991638,-0.6717685461044312,0.8819864307467616,0.025257190689444542,-0.0297993216663599,0.02525247074663639,-0.029851723462343216,0.025257190689444542,-0.0297993216663599,-0.001058913767337799,-0.0018711201846599579,-0.0012958422303199768,-0.00036712735891342163,0.0023896719086512657,-0.7356265187263489,0.09351129829883575,0.25762709975242615,-0.6680572032928467,0.8854128297789375,56.746354144,True,1.6298145055770874e-05,0.00016279518604278564,-3.203749656677246e-05,4.3958425521850586e-05,0.00016879454242437272,0.10817962884902954,0.08481647074222565,0.02268422208726406,-0.003738328581675887,0.1383545825143111,ROA_1003_model40000_std01,2837,2026-10-03_22-59-50,0.025161439552903175,-0.031223123893141747
-0.0003787688910961151,-0.001206807792186737,-0.000874791294336319,-1.8440186977386475e-05,0.001315126258059348,-0.46662890911102295,0.36073845624923706,0.44390371441841125,-0.5161342620849609,0.8962197055224974,-0.0010478310286998749,-0.0016786158084869385,-0.001294165849685669,-0.00036153942346572876,0.002255918288909953,-0.6274524927139282,0.18083861470222473,0.2839649021625519,-0.6756167411804199,0.8872179687019173,0.02609819360077381,-0.029930343851447105,0.026109633967280388,-0.029947202652692795,0.026108913123607635,-0.02992572821676731,-0.0010700896382331848,-0.0018435530364513397,-0.0012707896530628204,-0.0004108063876628876,0.0023855806360080904,-0.7351394295692444,0.09374040365219116,0.26008298993110657,-0.675077497959137,0.8894392577910671,56.766355635000004,True,2.4121254682540894e-05,0.00016624107956886292,-2.2724270820617676e-05,4.852190613746643e-05,0.00017401184075962865,0.10766181349754333,0.08711031824350357,0.023893078789114952,-0.0005699694156646729,0.13969687738468511,ROA_1003_model40000_std01,2838,2026-10-03_22-59-50,0.02634747326374054,-0.03058835119009018
-0.0003839842975139618,-0.0011980533599853516,-0.0009258277714252472,-1.210719347000122e-06,0.0013148889379865816,-0.4714866876602173,0.36498624086380005,0.44478288292884827,-0.5166930556297302,0.9012131680576531,-0.001055002212524414,-0.0016705133020877838,-0.001340080052614212,-0.00035241246223449707,0.0022685865328273282,-0.6317263245582581,0.18560419976711273,0.2836845815181732,-0.6775725483894348,0.8922451275649808,0.026511846110224724,-0.031219756230711937,0.02650526352226734,-0.031240615993738174,0.026511846110224724,-0.031219756230711937,-0.0010875985026359558,-0.001851748675107956,-0.0013191252946853638,-0.00040009617805480957,0.002412357497610532,-0.7440149188041687,0.09420140832662582,0.26067158579826355,-0.6769205927848816,0.8959068186617525,56.786356037000004,True,2.8032809495925903e-05,0.00018225982785224915,-2.169981598854065e-05,5.1781535148620605e-05,0.0001906635544221381,0.11231283843517303,0.09142792969942093,0.02303067408502102,-0.0006798654212616384,0.1458779634621681,ROA_1003_model40000_std01,2839,2026-10-03_22-59-50,0.02731451950967312,-0.0311618410050869
-0.00036209821701049805,-0.0012114644050598145,-0.000952649861574173,7.543712854385376e-06,0.0013172123946028145,-0.4749055802822113,0.36800092458724976,0.44505763053894043,-0.5169855356216431,0.9045132530959432,-0.0010361894965171814,-0.001689419150352478,-0.0013663433492183685,-0.00034477561712265015,0.002275630563023411,-0.6345603466033936,0.1890919953584671,0.28349924087524414,-0.6782989501953125,0.8954301266296701,0.026253558695316315,-0.03266136720776558,0.02624022774398327,-0.03268570080399513,0.026253558695316315,-0.03266136720776558,-0.0010740011930465698,-0.001868419349193573,-0.0013523735105991364,-0.0003959052264690399,0.0024246305842460583,-0.7495283484458923,0.09643471986055374,0.26000940799713135,-0.6783967614173889,0.9003679789045845,56.80636165600001,True,3.6694109439849854e-05,0.00018123537302017212,-1.648440957069397e-05,5.029141902923584e-05,0.00019065972091563302,0.11495313793420792,0.09269639104604721,0.023478640243411064,9.220092761097476e-05,0.14881632253045887,ROA_1003_model40000_std01,2840,2026-10-03_22-59-50,0.02726871147751808,-0.03225060924887657
-0.00033210963010787964,-0.001235678791999817,-0.0009412877261638641,-3.5390257835388184e-06,0.0013240410456332155,-0.4746839106082916,0.3674626052379608,0.4476979076862335,-0.5188705325126648,0.9065730687061818,-0.0010112300515174866,-0.0017156824469566345,-0.0013638287782669067,-0.0003648921847343445,0.0022835000058387014,-0.6338133811950684,0.18891318142414093,0.28565990924835205,-0.6806626319885254,0.8974557324553988,0.025750890374183655,-0.03324420750141144,0.02572295255959034,-0.03327600657939911,0.02573942206799984,-0.033248282968997955,-0.0010386109352111816,-0.0018866732716560364,-0.001340918242931366,-0.00040745362639427185,0.00241717370584968,-0.7467008829116821,0.09793228656053543,0.26263296604156494,-0.6805704832077026,0.9016611496905956,56.826361771,True,3.166496753692627e-05,0.0001734122633934021,-1.8719583749771118e-05,4.2747706174850464e-05,0.0001805638729929697,0.11287256330251694,0.09090825170278549,0.02302601747214794,-0.00015739350055810064,0.14603348915613237,ROA_1003_model40000_std01,2841,2026-10-03_22-59-50,0.02626294270157814,-0.033465441316366196
-0.0003634020686149597,-0.0012073665857315063,-0.0009191222488880157,-3.604218363761902e-05,0.0013220621728645488,-0.4778783619403839,0.370962530374527,0.45316290855407715,-0.5239676237106323,0.9153128801474046,-0.0010421499609947205,-0.0016901642084121704,-0.0013480894267559052,-0.00040177255868911743,0.0022944481325032824,-0.6360113024711609,0.1929178684949875,0.2913493514060974,-0.6854245066642761,0.905939207538729,0.02594001591205597,-0.03261507675051689,0.026205657050013542,-0.0326610766351223,0.026151219382882118,-0.03275211900472641,-0.0010695308446884155,-0.0018524006009101868,-0.0013221055269241333,-0.00044154003262519836,0.002418723114038066,-0.7483549118041992,0.1035202220082283,0.26788654923439026,-0.6858864426612854,0.9101262518595278,56.846364637,True,2.7194619178771973e-05,0.00016111880540847778,-2.4400651454925537e-05,4.1443854570388794e-05,0.000167634240086362,0.11227837949991226,0.08942931145429611,0.02343207411468029,0.0004218890971969813,0.1447517594253967,ROA_1003_model40000_std01,2842,2026-10-03_22-59-50,0.02596750482916832,-0.033376120030879974
-0.00036675482988357544,-0.0012001022696495056,-0.0009223818778991699,-4.349276423454285e-05,0.0013211853302269288,-0.4782564640045166,0.3714933693408966,0.4555014669895172,-0.5268501043319702,0.9185162404926385,-0.0010421499609947205,-0.0016860663890838623,-0.0013538636267185211,-0.00041192397475242615,0.0022980550390474994,-0.6357542872428894,0.19335559010505676,0.2938508987426758,-0.6886590123176575,0.9091455260049371,0.026537803933024406,-0.03211968019604683,0.026776965707540512,-0.03217291459441185,0.02671666629612446,-0.03227047249674797,-0.0010693445801734924,-0.00183936208486557,-0.0013327226042747498,-0.0004497356712818146,0.002416686213184552,-0.7462426424026489,0.10378658026456833,0.26960575580596924,-0.6908028721809387,0.912033182852859,56.866364432000005,True,2.775341272354126e-05,0.00015534460544586182,-2.5331974029541016e-05,3.8929283618927e-05,0.0001615406537380513,0.1104157343506813,0.08953734487295151,0.02422928623855114,0.002107582986354828,0.14359021581479642,ROA_1003_model40000_std01,2843,2026-10-03_22-59-50,0.02654576674103737,-0.032668910920619965
-0.0003771856427192688,-0.0011902302503585815,-0.000941939651966095,-3.781169652938843e-05,0.0013213059439966413,-0.48083624243736267,0.3737918734550476,0.45590659976005554,-0.5281837582588196,0.9217020513910711,-0.0010441988706588745,-0.001673586666584015,-0.0013765878975391388,-0.0004087574779987335,0.0022993313145413716,-0.6377919912338257,0.1958068311214447,0.29470211267471313,-0.6898342967033386,0.9122832936616768,0.02707495726644993,-0.032717857509851456,0.027323942631483078,-0.032778870314359665,0.027265243232250214,-0.032865073531866074,-0.0010810792446136475,-0.0018363818526268005,-0.001352839171886444,-0.00045318156480789185,0.0024295493239782184,-0.7494910955429077,0.10484642535448074,0.268497496843338,-0.6942534446716309,0.9151990607921232,56.886369218000006,True,3.073364496231079e-05,0.00016242265701293945,-2.691522240638733e-05,4.3958425521850586e-05,0.00016984464430280818,0.11165066808462143,0.09094922989606857,0.0261943768709898,0.004387460649013519,0.14585843070472065,ROA_1003_model40000_std01,2844,2026-10-03_22-59-50,0.027476908639073372,-0.03260840103030205
-0.00034458935260772705,-0.0012166798114776611,-0.000977981835603714,-3.91155481338501e-06,0.0013216776406127376,-0.4814509153366089,0.3740265667438507,0.45392754673957825,-0.5270568132400513,0.9204385705395569,-0.0010145828127861023,-0.0016864389181137085,-0.0014174729585647583,-0.0003673136234283447,0.0022892552942000662,-0.6381868720054626,0.19627994298934937,0.293191522359848,-0.6883795857429504,0.9110699461741578,0.02704583667218685,-0.03397256135940552,0.02729293890297413,-0.034025996923446655,0.02723544090986252,-0.034104667603969574,-0.0010499730706214905,-0.0018524006009101868,-0.0013947486877441406,-0.0004191882908344269,0.0024233206503500256,-0.7509644627571106,0.10496563464403152,0.264343798160553,-0.6945663690567017,0.913940715154437,56.906367934,True,3.8929283618927e-05,0.000169314444065094,-1.9185245037078857e-05,4.8801302909851074e-05,0.0001791843826150861,0.1126900240778923,0.09130685776472092,0.028830019757151604,0.0061634923331439495,0.14741897052925676,ROA_1003_model40000_std01,2845,2026-10-03_22-59-50,0.02762787789106369,-0.033434417098760605
-0.00037085264921188354,-0.0011919066309928894,-0.0009695068001747131,-2.0116567611694336e-05,0.0013197420974915336,-0.4862602651119232,0.3782510459423065,0.45546793937683105,-0.5287564992904663,0.926375492460543,-0.0010421499609947205,-0.0016527250409126282,-0.0014151446521282196,-0.00038407742977142334,0.002291767905628821,-0.6425585150718689,0.2005174607038498,0.29540154337882996,-0.6892168521881104,0.9166301213472988,0.02702156826853752,-0.034568920731544495,0.027307800948619843,-0.03459697961807251,0.027235569432377815,-0.034694086760282516,-0.0010777264833450317,-0.0018268823623657227,-0.001392606645822525,-0.0004409812390804291,0.002430715407440301,-0.7565207481384277,0.10927393287420273,0.26413702964782715,-0.6974404454231262,0.9201205566485252,56.926366994000006,True,3.725290298461914e-05,0.00017471611499786377,-2.2631138563156128e-05,5.364418029785156e-05,0.0001851201255176915,0.11388770490884781,0.09117647260427475,0.031274743378162384,0.00816304236650467,0.14886786433379984,ROA_1003_model40000_std01,2846,2026-10-03_22-59-50,0.027513395994901657,-0.03409922868013382
-0.00036973506212234497,-0.0011863186955451965,-0.000979006290435791,-1.1827796697616577e-05,0.0013144749438714755,-0.48776528239250183,0.3796592056751251,0.45562905073165894,-0.5292417407035828,0.9280789562893208,-0.0010387971997261047,-0.0016450881958007812,-0.0014295801520347595,-0.00037690624594688416,0.0022885587484533522,-0.6436370015144348,0.20201875269412994,0.2959594130516052,-0.6895660758018494,0.9183001728233915,0.027396351099014282,-0.034729935228824615,0.027640823274850845,-0.03482915461063385,0.027586279436945915,-0.034893736243247986,-0.0010771676898002625,-0.0018220394849777222,-0.001406203955411911,-0.00043818727135658264,0.002431124572569772,-0.7557980418205261,0.11022388190031052,0.26381388306617737,-0.6996690630912781,0.9208871500291929,56.946367846,True,3.7066638469696045e-05,0.00017546117305755615,-2.421438694000244e-05,5.764886736869812e-05,0.0001868208106485703,0.11209956556558609,0.09181349724531174,0.032170675694942474,0.010102986358106136,0.14826387088039586,ROA_1003_model40000_std01,2847,2026-10-03_22-59-50,0.027777930721640587,-0.03436708450317383
-0.00037495046854019165,-0.0011740252375602722,-0.0010076910257339478,7.82310962677002e-06,0.0013090450814262414,-0.48875248432159424,0.381432443857193,0.45532265305519104,-0.5292221903800964,0.9291930080006706,-0.0010477378964424133,-0.001644715666770935,-0.0014649704098701477,-0.0003682449460029602,0.0023052018483166697,-0.6444025635719299,0.2035330832004547,0.2959323823451996,-0.689679741859436,0.9193958873631505,0.02771887741982937,-0.03450971841812134,0.028061918914318085,-0.03488780930638313,0.02808285318315029,-0.03484649956226349,-0.0010747462511062622,-0.0018170103430747986,-0.0014339573681354523,-0.00042440369725227356,0.002431346317970443,-0.7542855739593506,0.11076591163873672,0.2639284133911133,-0.7016919255256653,0.9211894008815102,56.966372411,True,2.7939677238464355e-05,0.000173225998878479,-2.9802322387695312e-05,5.6624412536621094e-05,0.00018309971744986906,0.10979174822568893,0.09274854511022568,0.03197789192199707,0.011961906217038631,0.14729670010457496,ROA_1003_model40000_std01,2848,2026-10-03_22-59-50,0.028051583096385002,-0.034267276525497437
-0.0003803521394729614,-0.0011593103408813477,-0.001023709774017334,1.4156103134155273e-05,0.0013044383745566262,-0.49012523889541626,0.3832746148109436,0.45580601692199707,-0.5306628942489624,0.9317105059413723,-0.0010475516319274902,-0.001630932092666626,-0.001482013612985611,-0.0003647059202194214,0.0023035233022380306,-0.6455238461494446,0.2053622007369995,0.2969335615634918,-0.6906687617301941,0.9218235632158054,0.027988890185952187,-0.034774232655763626,0.02830224484205246,-0.035179294645786285,0.02834109403192997,-0.03511722385883331,-0.0010807067155838013,-0.001798383891582489,-0.0014533288776874542,-0.00042244791984558105,0.002429960763273641,-0.753566563129425,0.11283531039953232,0.26381388306617737,-0.7050670385360718,0.923092669423542,56.986375535,True,3.0174851417541504e-05,0.00016763806343078613,-2.8870999813079834e-05,5.9977173805236816e-05,0.00017906649741530244,0.10794400423765182,0.09248218685388565,0.033107586205005646,0.014396383427083492,0.14629421111621238,ROA_1003_model40000_std01,2849,2026-10-03_22-59-50,0.028212670236825943,-0.034610096365213394
-0.00042188912630081177,-0.0011142343282699585,-0.0010151416063308716,-1.2014061212539673e-05,0.0013067696514284602,-0.4932395815849304,0.3867354094982147,0.4575038254261017,-0.533633828163147,0.9372570629414718,-0.00108424574136734,-0.0015856698155403137,-0.001473166048526764,-0.0003916211426258087,0.002308210635653305,-0.6485338807106018,0.20863300561904907,0.2991473078727722,-0.6930827498435974,0.9271986352494135,0.028177345171570778,-0.03460894897580147,0.028547395020723343,-0.03497009351849556,0.028568241745233536,-0.03493964672088623,-0.001115165650844574,-0.0017480924725532532,-0.0014446675777435303,-0.00045122578740119934,0.0024282860502051226,-0.7563102841377258,0.11555849760770798,0.2649267911911011,-0.709244966506958,0.9282662609347555,57.006372099000004,True,2.7008354663848877e-05,0.00016167759895324707,-2.9243528842926025e-05,5.895271897315979e-05,0.0001728063612843494,0.10777077823877335,0.09305960685014725,0.03425963222980499,0.01612771302461624,0.14700733510800518,ROA_1003_model40000_std01,2850,2026-10-03_22-59-50,0.02823144942522049,-0.0344565249979496
-0.0004241243004798889,-0.0010930001735687256,-0.0010360963642597198,-9.778887033462524e-06,0.0013033292505764504,-0.49342212080955505,0.38801130652427673,0.45505258440971375,-0.5333116054534912,0.9364635990496318,-0.0010795891284942627,-0.0015536323189735413,-0.0014942139387130737,-0.00038193538784980774,0.002294702703546764,-0.6477515697479248,0.211084246635437,0.2974551022052765,-0.6921477317810059,0.9265768856646684,0.028634971007704735,-0.034782104194164276,0.028999652713537216,-0.03513554111123085,0.02901238575577736,-0.03511855751276016,-0.0011119991540908813,-0.0017289072275161743,-0.0014658086001873016,-0.0004452653229236603,0.0024214404506316756,-0.7556452751159668,0.11544860154390335,0.2623097896575928,-0.7097553014755249,0.9266384371155584,57.02637570300001,True,3.5390257835388184e-05,0.00017192214727401733,-2.4586915969848633e-05,6.565824151039124e-05,0.00018568980738625898,0.10787322372198105,0.09563378244638443,0.035147182643413544,0.017576850950717926,0.14909779553034955,ROA_1003_model40000_std01,2851,2026-10-03_22-59-50,0.028636794537305832,-0.034525059163570404
-0.0004462897777557373,-0.0010564923286437988,-0.0010844320058822632,7.82310962677002e-06,0.001313955760789316,-0.4964023530483246,0.39188188314437866,0.450627863407135,-0.5310829281806946,0.936193263766854,-0.0010993331670761108,-0.0015173107385635376,-0.0015362165868282318,-0.00036116689443588257,0.00230105296057244,-0.6503536701202393,0.21555645763874054,0.29332467913627625,-0.6901053190231323,0.9265721950494997,0.028950655832886696,-0.03497748076915741,0.029311368241906166,-0.03533235192298889,0.029325515031814575,-0.035316552966833115,-0.0011401250958442688,-0.0017004087567329407,-0.0015109777450561523,-0.0004285946488380432,0.0024346914787309734,-0.7601156234741211,0.11508352309465408,0.2585490942001343,-0.7084915041923523,0.9263900478392126,57.046375436000005,True,3.7997961044311523e-05,0.0001866370439529419,-2.4493783712387085e-05,6.882473826408386e-05,0.00020083201983199162,0.10976939648389816,0.10048411041498184,0.034769997000694275,0.018374063074588776,0.15362457412505834,ROA_1003_model40000_std01,2852,2026-10-03_22-59-50,0.029168633744120598,-0.034407999366521835
-0.0004421919584274292,-0.0010436400771141052,-0.0011166557669639587,2.7194619178771973e-05,0.001316036671171133,-0.4977993369102478,0.3939345180988312,0.446031779050827,-0.5286624431610107,0.9341580595534198,-0.0010926276445388794,-0.0015053898096084595,-0.0015597790479660034,-0.0003403984010219574,0.0022950901391776417,-0.6507187485694885,0.21931900084018707,0.28956958651542664,-0.6871055364608765,0.9249276417027504,0.02879987098276615,-0.035476844757795334,0.029140064492821693,-0.0358467735350132,0.029158582910895348,-0.03582277521491051,-0.0011369585990905762,-0.0017013400793075562,-0.0015352852642536163,-0.0004128552973270416,0.002437659852896591,-0.7614995837211609,0.11233053356409073,0.2556033432483673,-0.7074083685874939,0.9238836494840559,57.06637318400001,True,4.3958425521850586e-05,0.00019874423742294312,-2.291053533554077e-05,7.12461769580841e-05,0.00021387215435853804,0.11078453809022903,0.10700709372758865,0.033993273973464966,0.020255332812666893,0.1587845376426066,ROA_1003_model40000_std01,2853,2026-10-03_22-59-50,0.029250312596559525,-0.034466855227947235
-0.0004757195711135864,-0.0010011717677116394,-0.0010979361832141876,-5.122274160385132e-06,0.001320847157753666,-0.5018077492713928,0.39796343445777893,0.4453500509262085,-0.529954195022583,0.9383163083709122,-0.0011214986443519592,-0.0014601275324821472,-0.001535564661026001,-0.00036926940083503723,0.0022906839308039747,-0.6535760760307312,0.22554396092891693,0.2895183861255646,-0.6874911189079285,0.9293849909800072,0.028950531035661697,-0.03535252809524536,0.0290332343429327,-0.03568733483552933,0.02912036143243313,-0.03555627539753914,-0.001169741153717041,-0.0016687437891960144,-0.0015135854482650757,-0.0004441477358341217,0.0024426657789117707,-0.7662493586540222,0.11302530020475388,0.25611183047294617,-0.708724319934845,0.9277451498752817,57.08637506,True,5.1409006118774414e-05,0.0002076849341392517,-2.030283212661743e-05,7.12461769580841e-05,0.00022365833137831488,0.11267884820699692,0.11253169924020767,0.033425167202949524,0.02121552638709545,0.1638818952105675,ROA_1003_model40000_std01,2854,2026-10-03_22-59-50,0.029235098510980606,-0.03442217782139778
-0.0004814937710762024,-0.000994466245174408,-0.0010647810995578766,-3.8836151361465454e-05,0.0013156732715363937,-0.5007367134094238,0.3979448080062866,0.4480043351650238,-0.5333460569381714,0.9409355792384865,-0.0011241063475608826,-0.0014582648873329163,-0.0014988705515861511,-0.00040587037801742554,0.002286812277715822,-0.6520952582359314,0.22612324357032776,0.29186809062957764,-0.6913244128227234,0.9322510596181769,0.02929116226732731,-0.035103727132081985,0.029379136860370636,-0.0354057215154171,0.029462652280926704,-0.03528275713324547,-0.0011714175343513489,-0.0016646459698677063,-0.0014787539839744568,-0.00047637149691581726,0.0024387831046430004,-0.7653217315673828,0.11484324187040329,0.2585192918777466,-0.710570216178894,0.9301122356099966,57.106383081000004,True,5.1409006118774414e-05,0.00020489096641540527,-1.94646418094635e-05,7.282942533493042e-05,0.0002215586559749297,0.11322274059057236,0.11130421608686447,0.033360905945301056,0.019233673810958862,0.16310202139380856,ROA_1003_model40000_std01,2855,2026-10-03_22-59-50,0.028872955590486526,-0.035067856311798096
-0.0005077570676803589,-0.0009799376130104065,-0.001053791493177414,-4.0512531995773315e-05,0.0013199672611360592,-0.5005429983139038,0.3993827700614929,0.4476960599422455,-0.5338815450668335,0.941643403182677,-0.0011416152119636536,-0.0014534220099449158,-0.0014818273484706879,-0.0004128552973270416,0.002289547191031705,-0.6526186466217041,0.22643989324569702,0.29142385721206665,-0.6925761103630066,0.9330832295720455,0.030093587934970856,-0.03380031883716583,0.030465122312307358,-0.03413330391049385,0.030468501150608063,-0.034143876284360886,-0.0012017786502838135,-0.001650489866733551,-0.0014631077647209167,-0.00047888606786727905,0.0024437462816421693,-0.7659196257591248,0.11683999747037888,0.2581179141998291,-0.7096556425094604,0.9307394257808055,57.12638041300001,True,5.513429641723633e-05,0.00019185245037078857,-1.8067657947540283e-05,6.48200511932373e-05,0.0002079151070541289,0.11333822458982468,0.10958313196897507,0.0333273783326149,0.01711677759885788,0.16169599827901845,ROA_1003_model40000_std01,2856,2026-10-03_22-59-50,0.029374996200203896,-0.03416692465543747
-0.0005200505256652832,-0.0009717419743537903,-0.0010601244866847992,-3.91155481338501e-05,0.0013270582379284357,-0.498605877161026,0.398883581161499,0.44664645195007324,-0.5337567925453186,0.9398636718517022,-0.0011526048183441162,-0.0014513731002807617,-0.001482851803302765,-0.0004114583134651184,0.002295379773428696,-0.651244044303894,0.2251081019639969,0.29016563296318054,-0.6930874586105347,0.9314373467183221,0.031164681538939476,-0.03296136111021042,0.03154529631137848,-0.033251892775297165,0.03152687847614288,-0.03329852595925331,-0.0012118369340896606,-0.0016439706087112427,-0.0014672987163066864,-0.0004780478775501251,0.0024478624599285925,-0.7664337158203125,0.11789797991514206,0.25650671124458313,-0.7081301808357239,0.9299906374674023,57.146400786,True,6.034970283508301e-05,0.00019818544387817383,-1.2665987014770508e-05,6.658956408500671e-05,0.0002158689815933328,0.11520832031965256,0.10723433643579483,0.03360584378242493,0.015036202035844326,0.16122302817096887,ROA_1003_model40000_std01,2857,2026-10-03_22-59-50,0.030449312180280685,-0.033299997448921204
-0.00047031790018081665,-0.0010356307029724121,-0.0010481104254722595,-2.384185791015625e-05,0.0013126770707227113,-0.491024911403656,0.3916378915309906,0.44273582100868225,-0.5298563838005066,0.9287180585855699,-0.001097843050956726,-0.001504644751548767,-0.0014677643775939941,-0.00039301812648773193,0.0022730742816857155,-0.6445757746696472,0.21751409769058228,0.2859868109226227,-0.6899190545082092,0.9208944196985,0.031743377447128296,-0.03335193917155266,0.032138943672180176,-0.03364617004990578,0.03212747350335121,-0.03368300572037697,-0.001163966953754425,-0.0016998499631881714,-0.001457706093788147,-0.0004559755325317383,0.0024369480473014466,-0.759629487991333,0.11225789040327072,0.252358615398407,-0.7027489542961121,0.9190503586312956,57.166385542,True,6.631016731262207e-05,0.00019595026969909668,-7.078051567077637e-06,6.165355443954468e-05,0.00021445982048031988,0.11504068225622177,0.1052226796746254,0.03363564610481262,0.012779607437551022,0.15947576019883167,ROA_1003_model40000_std01,2858,2026-10-03_22-59-50,0.031148824840784073,-0.03334464132785797
-0.0004325062036514282,-0.0010943040251731873,-0.0010680407285690308,1.0058283805847168e-05,0.0013152166175304885,-0.48561951518058777,0.38501060009002686,0.43667104840278625,-0.5235243439674377,0.916510388858817,-0.0010624527931213379,-0.001547299325466156,-0.001483224332332611,-0.0003516674041748047,0.0022641667296278917,-0.6399769186973572,0.2103559523820877,0.2788044512271881,-0.6855446696281433,0.9092829831909612,0.0319497287273407,-0.03457432612776756,0.032227564603090286,-0.034578997641801834,0.0321495495736599,-0.034707847982645035,-0.0011352822184562683,-0.001759268343448639,-0.0014750286936759949,-0.00041332095861434937,0.0024441842025398177,-0.7580257654190063,0.10549090057611465,0.24621932208538055,-0.6932951211929321,0.9078725737914671,57.186385562000005,True,6.835907697677612e-05,0.00021178275346755981,-1.1548399925231934e-05,6.239861249923706e-05,0.00022955856543007566,0.11801905184984207,0.10488181561231613,0.03260001540184021,0.007718801032751799,0.1606463968662921,ROA_1003_model40000_std01,2859,2026-10-03_22-59-50,0.03133850917220116,-0.03443630784749985
-0.00040009617805480957,-0.0011472031474113464,-0.00107642263174057,4.7869980335235596e-05,0.001313783820789008,-0.4796273708343506,0.37861984968185425,0.4306025505065918,-0.5174465179443359,0.9042668476002255,-0.001027807593345642,-0.0015871599316596985,-0.0014936551451683044,-0.00030547380447387695,0.002250459152683063,-0.6345640420913696,0.20338407158851624,0.2726539969444275,-0.6803665161132812,0.8974951526243404,0.032166000455617905,-0.03539348021149635,0.032468486577272415,-0.03541268780827522,0.0323772057890892,-0.03554701805114746,-0.0010985881090164185,-0.0018019229173660278,-0.001483224332332611,-0.00036600977182388306,0.0024323545982041666,-0.7528979182243347,0.10067223757505417,0.24049727618694305,-0.6848256587982178,0.8962006082572045,57.206385774000005,True,7.152557373046875e-05,0.0002164393663406372,-1.0058283805847168e-05,6.128102540969849e-05,0.00023459857098043823,0.11827423423528671,0.10271928459405899,0.032180920243263245,0.0044442713260650635,0.15902774912980944,ROA_1003_model40000_std01,2860,2026-10-03_22-59-50,0.03133644163608551,-0.03545045107603073
-0.0003593042492866516,-0.0012114644050598145,-0.0010967254638671875,9.685754776000977e-05,0.001319632603329594,-0.4710797071456909,0.37041863799095154,0.4249773621559143,-0.5115400552749634,0.8902788282611108,-0.0009858980774879456,-0.0016333535313606262,-0.0015135854482650757,-0.00024177134037017822,0.0022336092017241982,-0.6272867321968079,0.19302403926849365,0.26700273156166077,-0.6755515336990356,0.8837443402593557,0.032474104315042496,-0.03573451563715935,0.03275813162326813,-0.035735491663217545,0.03266829624772072,-0.03586103767156601,-0.0010600313544273376,-0.0018542632460594177,-0.0015022233128547668,-0.0003086403012275696,0.0024263918847800678,-0.7438137531280518,0.09534134715795517,0.23438221216201782,-0.6768628358840942,0.8819582270907156,57.22638576200001,True,6.891787052154541e-05,0.0002210959792137146,-1.2852251529693604e-05,6.705522537231445e-05,0.00023942242340140523,0.1165047213435173,0.09767896682024002,0.03260374069213867,0.001311302068643272,0.15424945990682842,ROA_1003_model40000_std01,2861,2026-10-03_22-59-50,0.03131252899765968,-0.036169152706861496
-0.00033117830753326416,-0.0012636184692382812,-0.0011084601283073425,0.0001385807991027832,0.0013327337792968076,-0.46326589584350586,0.36238691210746765,0.42010655999183655,-0.5062762498855591,0.8774666820381161,-0.0009560957551002502,-0.0016713514924049377,-0.0015288591384887695,-0.0001903623342514038,0.0022229128523544475,-0.6212666630744934,0.18279439210891724,0.2623535692691803,-0.6706658601760864,0.8711302221087394,0.03273231163620949,-0.035577304661273956,0.03300414979457855,-0.035609640181064606,0.03292558714747429,-0.03571555018424988,-0.0010279938578605652,-0.0019017606973648071,-0.0015152618288993835,-0.0002639368176460266,0.0024249543186654387,-0.7363054752349854,0.09001045674085617,0.22811441123485565,-0.6700753569602966,0.8690456363242997,57.246400056000006,True,7.171183824539185e-05,0.00022724270820617676,-1.3597309589385986e-05,7.37607479095459e-05,0.00024751004428833027,0.11503323167562485,0.09277834743261337,0.03423541784286499,-0.0006314366473816335,0.15014899443526816,ROA_1003_model40000_std01,2862,2026-10-03_22-59-50,0.031339723616838455,-0.0362066924571991
-0.0003067776560783386,-0.0013072043657302856,-0.001130625605583191,0.00018142163753509521,0.0013513917301599227,-0.4582870602607727,0.3576669692993164,0.41463783383369446,-0.5008112192153931,0.8671317366091357,-0.0009328126907348633,-0.0017197802662849426,-0.0015499070286750793,-0.00013746321201324463,0.0022243522197358144,-0.6194300651550293,0.17427092790603638,0.2580452561378479,-0.6643645167350769,0.8605850820337725,0.032946377992630005,-0.0357111431658268,0.03323141112923622,-0.03575917333364487,0.0331534780561924,-0.03585972636938095,-0.001004151999950409,-0.0019565224647521973,-0.0015411525964736938,-0.00022351741790771484,0.002439882071072619,-0.7332562804222107,0.08514150232076645,0.22176837921142578,-0.6642956137657166,0.8593882189165996,57.266388491,True,7.245689630508423e-05,0.00023636966943740845,-8.009374141693115e-06,8.67992639541626e-05,0.00026025062398673436,0.11380388587713242,0.08913128823041916,0.03628060221672058,-8.754431473789737e-05,0.14740337276051735,ROA_1003_model40000_std01,2863,2026-10-03_22-59-50,0.031579747796058655,-0.03611293435096741
-0.0002643093466758728,-0.0013638287782669067,-0.0011529773473739624,0.0002300366759300232,0.0013892573000783071,-0.45238620042800903,0.3521591126918793,0.4091765582561493,-0.4953145682811737,0.855979699426715,-0.000893324613571167,-0.0017909333109855652,-0.0015769153833389282,-8.67992639541626e-05,0.002233146497932301,-0.6162877678871155,0.16553698480129242,0.2540815472602844,-0.6576738953590393,0.8493447671893923,0.03258697688579559,-0.036039166152477264,0.03286834433674812,-0.03609178587794304,0.032792869955301285,-0.0361868180334568,-0.0009609386324882507,-0.002018548548221588,-0.001568719744682312,-0.0001782551407814026,0.0024482245701497006,-0.7287933826446533,0.07917358726263046,0.21588055789470673,-0.6587206721305847,0.8487466281755849,57.286390239000006,True,6.94766640663147e-05,0.0002255663275718689,-7.636845111846924e-06,9.071081876754761e-05,0.0002509407819398157,0.11247209459543228,0.08634104579687119,0.038197264075279236,0.0010337680578231812,0.14520578664634673,ROA_1003_model40000_std01,2864,2026-10-03_22-59-50,0.03132203221321106,-0.03609265387058258
-0.0002693384885787964,-0.001352839171886444,-0.0011531636118888855,0.0002462416887283325,0.0013797486469067882,-0.4504285454750061,0.3526843786239624,0.4083476662635803,-0.4933457672595978,0.8538277960255831,-0.0009117648005485535,-0.0018110498785972595,-0.0015893951058387756,-7.543712854385376e-05,0.002256780423007781,-0.6169434189796448,0.16254371404647827,0.2546328902244568,-0.6546042561531067,0.846875538750118,0.032504603266716,-0.035808030515909195,0.0325147844851017,-0.03584430739283562,0.03250763192772865,-0.03582455962896347,-0.0009698793292045593,-0.0020217150449752808,-0.0015776604413986206,-0.0001644715666770935,0.0024532772621860092,-0.7278676629066467,0.08254683762788773,0.21449288725852966,-0.6555150747299194,0.8476927461816615,57.30639234,True,5.9604644775390625e-05,0.00020992010831832886,-1.1548399925231934e-05,9.033828973770142e-05,0.00023409575459867356,0.11082365363836288,0.07996334880590439,0.04014372453093529,0.0008996575488708913,0.14071158344384158,ROA_1003_model40000_std01,2865,2026-10-03_22-59-50,0.031187284737825394,-0.0359884575009346
-0.0002125278115272522,-0.0013843178749084473,-0.0011557713150978088,0.0002857297658920288,0.0014142399339060997,-0.4428475797176361,0.3480221927165985,0.4064459204673767,-0.49067845940589905,0.8456676006850031,-0.0008482486009597778,-0.0018676742911338806,-0.0016003847122192383,-4.32133674621582e-05,0.0022454698796607795,-0.609675407409668,0.15739908814430237,0.25452858209609985,-0.6500630974769592,0.8386901456600083,0.03178779035806656,-0.03539760783314705,0.03178457170724869,-0.035499464720487595,0.031798385083675385,-0.035448335111141205,-0.000901147723197937,-0.002037733793258667,-0.0015856698155403137,-0.00012721866369247437,0.002414238579942858,-0.7150899171829224,0.08462182432413101,0.2127196490764618,-0.6523690819740295,0.8386651678713358,57.32639204,True,5.2712857723236084e-05,0.00017620623111724854,-1.30385160446167e-05,8.530914783477783e-05,0.00020031083781856248,0.10538845509290695,0.07277354598045349,0.041795890778303146,0.0022873282432556152,0.133086528819851,ROA_1003_model40000_std01,2866,2026-10-03_22-59-50,0.030313843861222267,-0.035716425627470016
-0.000229664146900177,-0.001360476016998291,-0.0011568889021873474,0.000283215194940567,0.0013897960823199453,-0.44161078333854675,0.3485698103904724,0.40825268626213074,-0.4903813600540161,0.8461467298952382,-0.0008877366781234741,-0.0018833205103874207,-0.0016139820218086243,-5.820766091346741e-05,0.002288938209377265,-0.6102714538574219,0.15509501099586487,0.25612208247184753,-0.6501162052154541,0.8387865364560128,0.030846526846289635,-0.03520689532160759,0.030825097113847733,-0.03524336963891983,0.030832406133413315,-0.03520969673991203,-0.0009229406714439392,-0.002015940845012665,-0.001589301973581314,-0.00012349337339401245,0.0024114401834685645,-0.7129479050636292,0.08753872662782669,0.2159094363451004,-0.650469183921814,0.8396302489729128,57.346393468,True,3.4458935260772705e-05,0.00013075768947601318,-2.5704503059387207e-05,6.612390279769897e-05,0.00014786260970100278,0.10261683911085129,0.06748735904693604,0.04022754356265068,0.0003352760977577418,0.1275197755570357,ROA_1003_model40000_std01,2867,2026-10-03_22-59-50,0.02923245169222355,-0.03578408434987068
-0.00023208558559417725,-0.0013519078493118286,-0.0011739321053028107,0.0002971850335597992,0.0013851023209625057,-0.43977048993110657,0.34836864471435547,0.4088031053543091,-0.49029940366744995,0.8454435810698375,-0.0008882954716682434,-0.0019028782844543457,-0.0016369856894016266,-5.1409006118774414e-05,0.0023070221016500466,-0.6095096468925476,0.15378929674625397,0.25681406259536743,-0.6498256325721741,0.8380601444115215,0.02983613684773445,-0.03495044633746147,0.02982117235660553,-0.03499147295951843,0.029825445264577866,-0.03496979922056198,-0.0009151175618171692,-0.0019975006580352783,-0.0016067177057266235,-0.00010579824447631836,0.00239355899560354,-0.7088798880577087,0.08984281867742538,0.21701863408088684,-0.6501339077949524,0.838692704167685,57.366396177000006,True,2.7939677238464355e-05,9.872019290924072e-05,-2.9616057872772217e-05,5.21540641784668e-05,0.00011225115317038045,0.09938514977693558,0.06400048732757568,0.03981310501694679,0.0002905726432800293,0.12304247576865511,ROA_1003_model40000_std01,2868,2026-10-03_22-59-50,0.028205299749970436,-0.035601817071437836
-0.00026673078536987305,-0.0013101845979690552,-0.00119796022772789,0.00031283125281333923,0.00134777928980921,-0.44181010127067566,0.3520101010799408,0.40564778447151184,-0.4879319667816162,0.8451741957146935,-0.0009208917617797852,-0.0018911436200141907,-0.0016624107956886292,-4.842877388000488e-05,0.0023275162050127173,-0.6125028729438782,0.1553669571876526,0.25461333990097046,-0.6466079354286194,0.8372062910808031,0.02926105074584484,-0.034652385860681534,0.029262753203511238,-0.0346585251390934,0.02926105074584484,-0.034652385860681534,-0.0009411945939064026,-0.001958198845386505,-0.0016260892152786255,-9.359791874885559e-05,0.0023849617735063416,-0.708965539932251,0.09562074393033981,0.21366773545742035,-0.6482088565826416,0.8387490530249617,57.386398789000005,True,1.6763806343078613e-05,6.463378667831421e-05,-3.548339009284973e-05,4.945322871208191e-05,8.191641776449804e-05,0.09648687392473221,0.05974433943629265,0.04095863178372383,0.001564621808938682,0.119111579801719,ROA_1003_model40000_std01,2869,2026-10-03_22-59-50,0.02777259051799774,-0.035045355558395386
-0.00025872141122817993,-0.001306086778640747,-0.0012547709047794342,0.0003552064299583435,0.0013713511440934594,-0.44043174386024475,0.352179616689682,0.3986777663230896,-0.48232635855674744,0.8379770671739647,-0.0009015202522277832,-0.001914985477924347,-0.0017148442566394806,-1.8905848264694214e-05,0.0023387649193624353,-0.6104353666305542,0.15584006905555725,0.24820956587791443,-0.6406642198562622,0.829841820382717,0.028584958985447884,-0.03484232723712921,0.028586793690919876,-0.034867189824581146,0.028589308261871338,-0.03485829383134842,-0.0009201467037200928,-0.0019585713744163513,-0.0016811303794384003,-5.671754479408264e-05,0.002378106100889824,-0.7050130367279053,0.09568779915571213,0.20728817582130432,-0.6436630487442017,0.8312052812457741,57.406400601,True,2.030283212661743e-05,4.6566128730773926e-05,-3.46451997756958e-05,4.0046870708465576e-05,6.212180065233435e-05,0.09455717355012894,0.060187648981809616,0.04094093665480614,0.0030165535863488913,0.11793006967746124,ROA_1003_model40000_std01,2870,2026-10-03_22-59-50,0.027401108294725418,-0.03464319184422493
-0.00023916363716125488,-0.0013101845979690552,-0.0013280659914016724,0.0004166737198829651,0.0014484768973239074,-0.4388875961303711,0.3522168695926666,0.3903088867664337,-0.47572606801986694,0.8294227847233829,-0.0008732080459594727,-0.0019505620002746582,-0.0017863698303699493,2.5704503059387207e-05,0.0023533947387434657,-0.6078816652297974,0.15688686072826385,0.2406202107667923,-0.6332369446754456,0.8211274423708254,0.02812289074063301,-0.03530557453632355,0.027858391404151917,-0.03530813008546829,0.02793044224381447,-0.03519010543823242,-0.0008916482329368591,-0.0019768252968788147,-0.0017499551177024841,-9.872019290924072e-06,0.0023796523824858307,-0.7010232210159302,0.09529664367437363,0.19878427684307098,-0.6386665105819702,0.8221500689121446,57.426401294,True,2.0116567611694336e-05,2.421438694000244e-05,-3.241002559661865e-05,3.436580300331116e-05,4.750850017417864e-05,0.09313411265611649,0.06161629781126976,0.04181917384266853,0.005393288563936949,0.11806673445348356,ROA_1003_model40000_std01,2871,2026-10-03_22-59-50,0.027102986350655556,-0.03481637313961983
-0.00020191073417663574,-0.0013405457139015198,-0.001339241862297058,0.0004394911229610443,0.0014965308732605884,-0.4359651207923889,0.35089996457099915,0.3870967626571655,-0.4741092920303345,0.8248878977771185,-0.0008217990398406982,-0.0020148232579231262,-0.0017987564206123352,2.6356428861618042e-05,0.002365511787972988,-0.6050373911857605,0.1548565924167633,0.23814010620117188,-0.6310585737228394,0.8163778350577677,0.027804303914308548,-0.036027345806360245,0.027571143582463264,-0.03602654114365578,0.027645442634820938,-0.03590749204158783,-0.000842660665512085,-0.001998990774154663,-0.001769326627254486,8.475035429000854e-06,0.002364233228686533,-0.6928834915161133,0.09660608321428299,0.1952834278345108,-0.6385203003883362,0.8159821728357302,57.44640573,True,1.8998980522155762e-05,-1.5273690223693848e-05,-3.0081719160079956e-05,1.648440957069397e-05,4.1937180982805716e-05,0.08780694752931595,0.05825236067175865,0.04285573586821556,0.007430091034621,0.11281868273478783,ROA_1003_model40000_std01,2872,2026-10-03_22-59-50,0.026480402797460556,-0.035793237388134
-0.00018533319234848022,-0.0013599172234535217,-0.0013235025107860565,0.00043353065848350525,0.0015023562879140433,-0.4325806796550751,0.3493316173553467,0.389833927154541,-0.4771686792373657,0.8255798218353676,-0.0008111819624900818,-0.0020602717995643616,-0.0017949379980564117,1.0617077350616455e-05,0.002392608098403471,-0.6022453308105469,0.1517757773399353,0.24073663353919983,-0.6346050500869751,0.8169447917447047,0.028012249618768692,-0.03591321408748627,0.02778809703886509,-0.03586641326546669,0.02784661203622818,-0.03577776625752449,-0.0008204951882362366,-0.0020075589418411255,-0.0017624348402023315,3.632158041000366e-06,0.0023559346239244825,-0.686271071434021,0.09858421236276627,0.19725877046585083,-0.6418246626853943,0.8154597141085529,57.46640175,True,1.3597309589385986e-05,-4.898756742477417e-05,-3.194436430931091e-05,5.681067705154419e-06,5.352499445776458e-05,0.08399411290884018,0.053215768188238144,0.04348065331578255,0.0072028483264148235,0.10759711269326197,ROA_1003_model40000_std01,2873,2026-10-03_22-59-50,0.025945277884602547,-0.03666157275438309
-0.0002123415470123291,-0.0013263896107673645,-0.0013410113751888275,0.000416487455368042,0.0014725948075950278,-0.4278756380081177,0.3458503484725952,0.3888522982597351,-0.47569626569747925,0.8204259327591735,-0.0008383765816688538,-0.002055056393146515,-0.001811143010854721,-3.0454248189926147e-05,0.002426066417657289,-0.594804048538208,0.15145167708396912,0.23751890659332275,-0.6354208588600159,0.8121586763035755,0.027678873389959335,-0.034421078860759735,0.02746531553566456,-0.03435513749718666,0.027514010667800903,-0.03428662195801735,-0.0008566305041313171,-0.0019906088709831238,-0.0017737969756126404,-1.8533319234848022e-05,0.002379096828424804,-0.6836037635803223,0.09565799683332443,0.1961495578289032,-0.6388416290283203,0.8107393969654162,57.486405003,True,1.7136335372924805e-05,-6.575137376785278e-05,-3.557652235031128e-05,-1.2200325727462769e-05,6.803257737219296e-05,0.0887606218457222,0.055823471397161484,0.04136468842625618,0.0033825633581727743,0.1113171685347374,ROA_1003_model40000_std01,2874,2026-10-03_22-59-50,0.024902518838644028,-0.03599667176604271
-0.00025015324354171753,-0.0012852251529693604,-0.0013169832527637482,0.0003894791007041931,0.0014112835272709272,-0.4292353689670563,0.34868714213371277,0.39017850160598755,-0.47780942916870117,0.8242269334074519,-0.0008713454008102417,-0.002049468457698822,-0.0017810612916946411,-7.562339305877686e-05,0.002448288817679886,-0.5963556170463562,0.15393272042274475,0.2390677034854889,-0.6370860934257507,0.8157408803770627,0.028891069814562798,-0.03418610990047455,0.028598319739103317,-0.03381229564547539,0.028566807508468628,-0.03385520353913307,-0.0008892267942428589,-0.0019604340195655823,-0.0017532147467136383,-5.718320608139038e-05,0.0023872736566504047,-0.6850342750549316,0.10089389234781265,0.19612348079681396,-0.6416392922401428,0.8151288463308176,57.506406751,True,1.8998980522155762e-05,-8.754432201385498e-05,-2.9336661100387573e-05,-2.0675361156463623e-05,9.083140972476223e-05,0.08866748958826065,0.053042542189359665,0.04296283796429634,0.004542991518974304,0.11070085778650446,ROA_1003_model40000_std01,2875,2026-10-03_22-59-50,0.025960838422179222,-0.03590570017695427
-0.0001952052116394043,-0.0013263896107673645,-0.0013451091945171356,0.00041229650378227234,0.0014787991819902328,-0.42364931106567383,0.3446172773838043,0.38651469349861145,-0.47423315048217773,0.815869584157921,-0.0008095055818557739,-0.0021416693925857544,-0.001812819391489029,-8.847564458847046e-05,0.002487993151340397,-0.5892440676689148,0.1516249030828476,0.2339119017124176,-0.6361454129219055,0.8082641895457189,0.028398727998137474,-0.035027410835027695,0.02839963138103485,-0.03499847650527954,0.028382305055856705,-0.03502976894378662,-0.0008355826139450073,-0.0020172446966171265,-0.0017844140529632568,-3.995373845100403e-05,0.0023949943880943554,-0.6784815192222595,0.0957883819937706,0.19305384159088135,-0.6386227607727051,0.8061351159082512,57.526404435,True,2.5331974029541016e-05,-0.00012386590242385864,-2.598389983177185e-05,-4.898756742477417e-05,0.00013398362081293723,0.0892002061009407,0.0558365099132061,0.040879469364881516,0.002463347977027297,0.11139417678128934,ROA_1003_model40000_std01,2876,2026-10-03_22-59-50,0.025753000751137733,-0.036262378096580505
-0.00013280659914016724,-0.0013794749975204468,-0.0013473443686962128,0.0004128552973270416,0.0015313826882691105,-0.42172518372535706,0.34261491894721985,0.38422176241874695,-0.47347038984298706,0.8124191183400653,-0.0007465481758117676,-0.002232380211353302,-0.001819618046283722,-0.00011958181858062744,0.00252983579952494,-0.5857422947883606,0.1503191888332367,0.23098474740982056,-0.6378143429756165,0.8055279252048455,0.02759850025177002,-0.036345742642879486,0.027624206617474556,-0.036317549645900726,0.027614975348114967,-0.03634412959218025,-0.0007743015885353088,-0.0020738691091537476,-0.0017883256077766418,-3.958120942115784e-05,0.002396988873340955,-0.6749964952468872,0.09267590194940567,0.1909155249595642,-0.6382884383201599,0.8014557465793348,57.546405223,True,2.4586915969848633e-05,-0.00015664845705032349,-3.110617399215698e-05,-7.748603820800781e-05,0.00017496955320339943,0.08922628313302994,0.0576116107404232,0.0400841198861599,0.00044144687126390636,0.11168843321240725,ROA_1003_model40000_std01,2877,2026-10-03_22-59-50,0.0250481478869915,-0.03719295561313629
-8.940696716308594e-05,-0.0014243647456169128,-0.0013500452041625977,0.00040084123611450195,0.0015687852446233913,-0.4205479919910431,0.3411676585674286,0.3853635787963867,-0.47480127215385437,0.812496739537696,-0.0006988644599914551,-0.002308003604412079,-0.0018227845430374146,-0.0001539476215839386,0.0025738803753880195,-0.5834903120994568,0.1493021845817566,0.22914445400238037,-0.6440439820289612,0.8066943143608613,0.027118369936943054,-0.03740895166993141,0.026844484731554985,-0.03740235045552254,0.02692580595612526,-0.037297263741493225,-0.0007299706339836121,-0.0021144747734069824,-0.0017890706658363342,-4.209578037261963e-05,0.002400764582008769,-0.673562228679657,0.09034014493227005,0.19396840035915375,-0.6375517249107361,0.8008914475921375,57.56640646,True,3.3155083656311035e-05,-0.00018849968910217285,-3.2689422369003296e-05,-0.00011147931218147278,0.00021933432415603511,0.09004584699869156,0.05898438021540642,0.03518536686897278,-0.006536952685564756,0.11086356221509233,ROA_1003_model40000_std01,2878,2026-10-03_22-59-50,0.024377930909395218,-0.03875986486673355
-6.50063157081604e-05,-0.0014584511518478394,-0.001284666359424591,0.00034384429454803467,0.0015509895349389478,-0.4173349440097809,0.33770686388015747,0.39321181178092957,-0.4802439212799072,0.8164571583226667,-0.0006886199116706848,-0.0023614615201950073,-0.001763366162776947,-0.00022407621145248413,0.002621055412403622,-0.580325722694397,0.1438576728105545,0.23371818661689758,-0.6546191573143005,0.8115127511827478,0.027216898277401924,-0.03679737448692322,0.02710961177945137,-0.03726724535226822,0.02732943929731846,-0.03696926683187485,-0.0007137656211853027,-0.002139247953891754,-0.001720339059829712,-8.326023817062378e-05,0.002405578025921565,-0.6709377765655518,0.08923373371362686,0.20428280532360077,-0.6384449005126953,0.8048684678512357,57.586408208,True,2.6263296604156494e-05,-0.0002214685082435608,-4.284083843231201e-05,-0.0001407228410243988,0.0002623964499912969,0.09057111293077469,0.05464255437254906,0.029439104720950127,-0.016206875443458557,0.10721407929232256,ROA_1003_model40000_std01,2879,2026-10-03_22-59-50,0.023635918274521828,-0.039661966264247894
-0.00017862766981124878,-0.0013826414942741394,-0.0012366101145744324,0.0002816319465637207,0.0014190433920935816,-0.4206616282463074,0.3408603072166443,0.39983537793159485,-0.48526281118392944,0.8256747670917307,-0.0008188188076019287,-0.0023193657398223877,-0.0017160549759864807,-0.00029997900128364563,0.0026698684455430314,-0.5851760506629944,0.14397501945495605,0.2371072620153427,-0.6636678576469421,0.8206967896331611,0.027287116274237633,-0.03488234058022499,0.027199897915124893,-0.035377975553274155,0.02743714675307274,-0.035068973898887634,-0.0008527189493179321,-0.002080574631690979,-0.0016697682440280914,-0.00014407560229301453,0.0024474174536845404,-0.6827954053878784,0.09210220724344254,0.20965932309627533,-0.6401696801185608,0.8164675232378235,57.606411076,True,3.129243850708008e-05,-0.00024214386940002441,-4.5355409383773804e-05,-0.00015487894415855408,0.0002874456099429132,0.09758397191762924,0.05184299871325493,0.02747773937880993,-0.023496335372328758,0.11137006179381836,ROA_1003_model40000_std01,2880,2026-10-03_22-59-50,0.023167461156845093,-0.039172299206256866
-0.0002302229404449463,-0.0013614073395729065,-0.0012164004147052765,0.00025387853384017944,0.001384896888751872,-0.42063555121421814,0.340156227350235,0.4008253812789917,-0.4857638478279114,0.8261329335499159,-0.000860169529914856,-0.0023147091269493103,-0.0016828998923301697,-0.0003363005816936493,0.002692415309949426,-0.5853027105331421,0.14223530888557434,0.235584557056427,-0.667488157749176,0.8214595966700543,0.027929900214076042,-0.033833086490631104,0.02775832638144493,-0.03401823341846466,0.027909226715564728,-0.03384430706501007,-0.0009013339877128601,-0.002065114676952362,-0.0016425736248493195,-0.00017033889889717102,0.002465513363007676,-0.6866026520729065,0.09136646240949631,0.21055060625076294,-0.6390483975410461,0.8183185816101483,57.626409112000005,True,4.0978193283081055e-05,-0.0002516433596611023,-4.0978193283081055e-05,-0.00016959384083747864,0.00030366704947099824,0.10125710815191269,0.050824131816625595,0.025022773072123528,-0.028456559404730797,0.11374927944331228,ROA_1003_model40000_std01,2881,2026-10-03_22-59-50,0.024111375212669373,-0.037639643996953964
-0.00018496066331863403,-0.0013887882232666016,-0.0012534670531749725,0.00028638169169425964,0.0014265380673423175,-0.42118316888809204,0.3427807092666626,0.3944709599018097,-0.4818774461746216,0.8221422667099182,-0.0008091330528259277,-0.0023813918232917786,-0.0017099082469940186,-0.0003304332494735718,0.0027209485466662834,-0.5870535969734192,0.14210864901542664,0.22802594304084778,-0.666656494140625,0.8176241712179668,0.028263438493013382,-0.03491998463869095,0.02815900556743145,-0.03536591678857803,0.028365183621644974,-0.03511299192905426,-0.0008553266525268555,-0.0021068379282951355,-0.001678522676229477,-0.00014547258615493774,0.0024699725259793802,-0.6868466138839722,0.0923890545964241,0.20419618487358093,-0.6359172463417053,0.8142034827888759,57.646424174,True,4.470348358154297e-05,-0.0002728775143623352,-3.380700945854187e-05,-0.00018319115042686462,0.000329186705312025,0.09976699203252792,0.04964694008231163,0.023810191079974174,-0.03078579716384411,0.11173040108473986,ROA_1003_model40000_std01,2882,2026-10-03_22-59-50,0.025380168110132217,-0.037593308836221695
-0.000147894024848938,-0.0014161691069602966,-0.001224968582391739,0.0002621673047542572,0.0014477638016480116,-0.42364558577537537,0.34481656551361084,0.393117755651474,-0.48099082708358765,0.823042048564873,-0.0007793307304382324,-0.0024529173970222473,-0.0016823410987854004,-0.00037979334592819214,0.00277320214705271,-0.5885381102561951,0.14226697385311127,0.22610275447368622,-0.6686336994171143,0.8184704577458052,0.02746279165148735,-0.03651465103030205,0.027340637519955635,-0.03704122453927994,0.027585599571466446,-0.036741115152835846,-0.000825151801109314,-0.002156570553779602,-0.0016493722796440125,-0.00017099082469940186,0.0024897923419111164,-0.6904675960540771,0.092178575694561,0.20413565635681152,-0.6344746351242065,0.8156110806703387,57.666412353000005,True,4.451721906661987e-05,-0.0003043562173843384,-3.371387720108032e-05,-0.00020870938897132874,0.0003694729894483498,0.10186246782541275,0.04999339208006859,0.02191588096320629,-0.034203752875328064,0.11357625195163366,ROA_1003_model40000_std01,2883,2026-10-03_22-59-50,0.025021525099873543,-0.038536589592695236
-0.00010021030902862549,-0.001451745629310608,-0.0011700205504894257,0.000233575701713562,0.00147731300816092,-0.4223100543022156,0.3426372706890106,0.3959583044052124,-0.4819733798503876,0.8234277737901988,-0.0007480382919311523,-0.002532266080379486,-0.001632142812013626,-0.00043278560042381287,0.0028305514223809555,-0.5858391523361206,0.13966672122478485,0.22777168452739716,-0.6718384027481079,0.8190640714418534,0.027110915631055832,-0.037034954875707626,0.026807427406311035,-0.03774237632751465,0.027181824669241905,-0.03725827485322952,-0.0007828697562217712,-0.00220276415348053,-0.0015923753380775452,-0.00019846484065055847,0.0024977748312955852,-0.6892345547676086,0.09015946835279465,0.20922812819480896,-0.6326557993888855,0.81596445885216,57.686415605,True,3.986060619354248e-05,-0.00032819807529449463,-3.948807716369629e-05,-0.0002318061888217926,0.0004019272612551548,0.10335630923509598,0.049518417567014694,0.018524937331676483,-0.03921892121434212,0.11460657486135974,ROA_1003_model40000_std01,2884,2026-10-03_22-59-50,0.02409643866121769,-0.040109142661094666
-9.238719940185547e-05,-0.0014601275324821472,-0.0011113472282886505,0.00019799917936325073,0.0014761192163692497,-0.42106395959854126,0.34019535779953003,0.4046047031879425,-0.48774293065071106,0.8294326547544366,-0.0007545575499534607,-0.002569146454334259,-0.0015754252672195435,-0.00048549845814704895,0.0028711951442071987,-0.5844626426696777,0.13525784015655518,0.23418943583965302,-0.6810091137886047,0.8255935144805272,0.027671871706843376,-0.035745590925216675,0.027634289115667343,-0.03675903379917145,0.02804730273783207,-0.036246392875909805,-0.000784359872341156,-0.002195499837398529,-0.001529604196548462,-0.00022007152438163757,0.0024863577066772825,-0.6870142817497253,0.08937529474496841,0.22149643301963806,-0.6347065567970276,0.8217748173450192,57.706418698,True,2.7939677238464355e-05,-0.00037048012018203735,-4.507601261138916e-05,-0.000264681875705719,0.0004553286910669964,0.10249576717615128,0.04586949571967125,0.012692994438111782,-0.0463416762650013,0.11258330692495128,ROA_1003_model40000_std01,2885,2026-10-03_22-59-50,0.02404388226568699,-0.04027167707681656
-0.0001609325408935547,-0.0014107674360275269,-0.000999588519334793,9.369105100631714e-05,0.001420204139414664,-0.421481192111969,0.33791548013687134,0.42028722167015076,-0.5004740953445435,0.8439671097518416,-0.0008482486009597778,-0.0025253742933273315,-0.0014740042388439178,-0.0005908310413360596,0.0028949400729925976,-0.5853269100189209,0.1314561814069748,0.24791713058948517,-0.6958003640174866,0.8407704054870028,0.028718743473291397,-0.03270089253783226,0.028768615797162056,-0.03447055071592331,0.029447758570313454,-0.03358966484665871,-0.0008618459105491638,-0.0021280720829963684,-0.0014223158359527588,-0.00030994415283203125,0.0024804700886695385,-0.6900559663772583,0.09080766886472702,0.2373894602060318,-0.6449529528617859,0.8371569202356636,57.726421854,True,1.2293457984924316e-05,-0.00039674341678619385,-5.0943344831466675e-05,-0.0002808868885040283,0.0004865008380372907,0.10471045225858688,0.04051811620593071,0.010527669452130795,-0.050937753170728683,0.11268770058444359,ROA_1003_model40000_std01,2886,2026-10-03_22-59-50,0.024665281176567078,-0.03802294656634331
-0.00024475157260894775,-0.001356564462184906,-0.0009616836905479431,5.0570815801620483e-05,0.0013885125448297633,-0.4240097403526306,0.3392491340637207,0.4289010465145111,-0.5084164142608643,0.8547499552097972,-0.000947900116443634,-0.0024588778614997864,-0.0014402903616428375,-0.0006255693733692169,0.0028934277752310504,-0.588498055934906,0.13072043657302856,0.25589391589164734,-0.7046507596969604,0.8514392906062411,0.030504640191793442,-0.03135262802243233,0.030586933717131615,-0.03306611627340317,0.031284332275390625,-0.032205041497945786,-0.00096149742603302,-0.0020675361156463623,-0.001391768455505371,-0.0003505498170852661,0.002494344453421598,-0.7004160284996033,0.09585171192884445,0.24162976443767548,-0.6517497301101685,0.8504868234027455,57.746435123000005,True,1.0617077350616455e-05,-0.0003896653652191162,-4.861503839492798e-05,-0.00027604401111602783,0.000477933855058815,0.11188815534114838,0.03479979932308197,0.014272517524659634,-0.05296337977051735,0.11719912794262252,ROA_1003_model40000_std01,2887,2026-10-03_22-59-50,0.02690783515572548,-0.03599096089601517
-0.0001773238182067871,-0.0014113262295722961,-0.0009741634130477905,7.431954145431519e-05,0.0014239297957858016,-0.4198383390903473,0.3341287076473236,0.4281960129737854,-0.507512092590332,0.8497294627248397,-0.0008704140782356262,-0.0024711713194847107,-0.0014567747712135315,-0.0005805864930152893,0.0028545243604552453,-0.5825906991958618,0.12760236859321594,0.2567395567893982,-0.7022274136543274,0.8469115814507765,0.03168461099267006,-0.033560458570718765,0.03166468068957329,-0.034967225044965744,0.03227687254548073,-0.03426777198910713,-0.0008882954716682434,-0.002103857696056366,-0.0014113262295722961,-0.0003207474946975708,0.0024770210200927944,-0.6985012292861938,0.0948682352900505,0.2372320592403412,-0.6508296132087708,0.8461623128774314,57.766424743,True,1.9185245037078857e-05,-0.0003643333911895752,-4.377216100692749e-05,-0.00026170164346694946,0.0004486944947049236,0.11588632315397263,0.03279745578765869,0.01950003206729889,-0.05140341445803642,0.120556722847416,ROA_1003_model40000_std01,2888,2026-10-03_22-59-50,0.029334357008337975,-0.0359441377222538
-7.729977369308472e-05,-0.0015014782547950745,-0.0010650604963302612,0.00018561258912086487,0.0015148137843320809,-0.4201940894126892,0.33444535732269287,0.4180166721343994,-0.49605777859687805,0.8381659576974825,-0.0007789582014083862,-0.0025218352675437927,-0.0015586614608764648,-0.0004523433744907379,0.002828407811313738,-0.5826409459114075,0.12595579028129578,0.24847126007080078,-0.6906119585037231,0.8344086758647924,0.031159786507487297,-0.03697880357503891,0.031383171677589417,-0.03834551200270653,0.03189989924430847,-0.03779904916882515,-0.0007942318916320801,-0.002183765172958374,-0.0015066936612129211,-0.00020451843738555908,0.002471948319719251,-0.7015652656555176,0.09609758108854294,0.22608785331249237,-0.6381133198738098,0.8371722661807923,57.786421179,True,1.5273690223693848e-05,-0.000338628888130188,-4.7497451305389404e-05,-0.00024586915969848633,0.0004187672578037631,0.1188870444893837,0.02987496368587017,0.022375022992491722,-0.05252193287014961,0.12299162580318775,ROA_1003_model40000_std01,2889,2026-10-03_22-59-50,0.030042236670851707,-0.03755413368344307
-7.636845111846924e-05,-0.001508370041847229,-0.0010209158062934875,0.00020898878574371338,0.001525252577583723,-0.4252549111843109,0.3385208249092102,0.4185698628425598,-0.4943329691886902,0.8416504697954852,-0.0008059665560722351,-0.0025063753128051758,-0.0015327706933021545,-0.0004118308424949646,0.002808738097112269,-0.5880594253540039,0.12582913041114807,0.2531372010707855,-0.6860727071762085,0.8359562067120926,0.030845513567328453,-0.037702806293964386,0.030958039686083794,-0.039317574352025986,0.03158797323703766,-0.03860108554363251,-0.0008009374141693115,-0.0021826475858688354,-0.0014786608517169952,-0.00018710270524024963,0.002462797025104374,-0.7076486349105835,0.10528228431940079,0.2237008810043335,-0.6357160806655884,0.8426646914138027,57.806424591,True,-2.9802322387695312e-06,-0.00032223761081695557,-5.587935447692871e-05,-0.00022603198885917664,0.00039513893303353136,0.119591124355793,0.020576639100909233,0.029447486624121666,-0.050385478883981705,0.12347834074987568,ROA_1003_model40000_std01,2890,2026-10-03_22-59-50,0.02954087406396866,-0.038725294172763824
-7.934868335723877e-05,-0.0015331432223320007,-0.0008886680006980896,0.00017620623111724854,0.0015434850760375379,-0.4247910976409912,0.3342441916465759,0.4317462146282196,-0.5021998286247253,0.8509981660352346,-0.0008326023817062378,-0.0024879351258277893,-0.0014217570424079895,-0.0004071742296218872,0.0027839702586372416,-0.5882531404495239,0.11816992610692978,0.27019158005714417,-0.6900503635406494,0.8443963715897373,0.03157038614153862,-0.0366545133292675,0.03143888711929321,-0.03829610347747803,0.03215261176228523,-0.0374457873404026,-0.0008016824722290039,-0.0021712854504585266,-0.0013513490557670593,-0.00020004808902740479,0.0024340767540559968,-0.7037631869316101,0.10989046841859818,0.23736989498138428,-0.639894962310791,0.8513883743943367,57.826427492,True,-3.1851232051849365e-05,-0.00031348317861557007,-6.984919309616089e-05,-0.00020973384380340576,0.00038284951688563536,0.11547095328569412,0.00823289155960083,0.032821670174598694,-0.05017779394984245,0.12021504537612727,ROA_1003_model40000_std01,2891,2026-10-03_22-59-50,0.029237300157546997,-0.0390092097222805
-0.00014193356037139893,-0.0015156343579292297,-0.0007813796401023865,7.115304470062256e-05,0.0015222674378147154,-0.41606834530830383,0.3191288411617279,0.4467759132385254,-0.5154237151145935,0.8562598225364628,-0.0009197741746902466,-0.002384372055530548,-0.0013444572687149048,-0.00046193599700927734,0.0027430755423325814,-0.5763377547264099,0.10653025656938553,0.2859830856323242,-0.7010548710823059,0.8508934695381792,0.0348597876727581,-0.035579122602939606,0.033667679876089096,-0.036833710968494415,0.034513361752033234,-0.03577050939202309,-0.0008817762136459351,-0.0021249055862426758,-0.0012641772627830505,-0.0002913177013397217,0.0024475632840000477,-0.7008667588233948,0.10158679634332657,0.24577787518501282,-0.6509143710136414,0.855193796907047,57.846429304000004,True,-3.7997961044311523e-05,-0.0002590939402580261,-8.046627044677734e-05,-0.00017099082469940186,0.0003198006274362178,0.12451409548521042,0.00495836092159152,0.040216367691755295,-0.05015916749835014,0.13135559809439484,ROA_1003_model40000_std01,2892,2026-10-03_22-59-50,0.03169086202979088,-0.03872193396091461
-0.00011213123798370361,-0.0015836209058761597,-0.0007983297109603882,0.0001125037670135498,0.0015889053988104047,-0.4067867696285248,0.3056917190551758,0.44775378704071045,-0.518325686454773,0.8488066747461153,-0.0008916482329368591,-0.002368912100791931,-0.0013794749975204468,-0.00037550926208496094,0.0026957237746322886,-0.5638375878334045,0.09620188921689987,0.28850510716438293,-0.7029305696487427,0.8451806422320804,0.03936900943517685,-0.037121761590242386,0.03874996304512024,-0.038159675896167755,0.03941825032234192,-0.037389032542705536,-0.0008612871170043945,-0.00216849148273468,-0.0012978911399841309,-0.0002466142177581787,0.0024647488751913626,-0.6953123807907104,0.09002722054719925,0.2404637485742569,-0.6545464992523193,0.845605748517932,57.86643105300001,True,-3.091990947723389e-05,-0.00019576400518417358,-8.083879947662354e-05,-0.00012740492820739746,0.00024429337033694755,0.1314934343099594,0.0061187888495624065,0.04800781235098839,-0.04841386899352074,0.1404578270188368,ROA_1003_model40000_std01,2893,2026-10-03_22-59-50,0.03715423867106438,-0.03822129964828491
-1.2479722499847412e-05,-0.0016707926988601685,-0.001010298728942871,0.00038333237171173096,0.0017338181487795764,-0.4004295766353607,0.3046039342880249,0.41770002245903015,-0.4903618097305298,0.8129115725828447,-0.0007821246981620789,-0.0024121254682540894,-0.0015813857316970825,-8.530914783477783e-05,0.0026274591758032105,-0.5547795295715332,0.09565427154302597,0.26445648074150085,-0.6703715324401855,0.8074666009108882,0.04003594443202019,-0.04029940813779831,0.041684698313474655,-0.041100554168224335,0.04170256480574608,-0.04131971299648285,-0.0007504597306251526,-0.002277456223964691,-0.00150240957736969,-1.4901161193847656e-06,0.00246661379542859,-0.6876848340034485,0.08388235419988632,0.20971892774105072,-0.6306264400482178,0.8116988203208706,57.886429345,True,-3.222376108169556e-05,-0.00013634562492370605,-8.102506399154663e-05,-8.67992639541626e-05,0.0001776841185641532,0.13290159404277802,0.01174397673457861,0.054735686630010605,-0.03977492079138756,0.14380147491728362,ROA_1003_model40000_std01,2894,2026-10-03_22-59-50,0.04064125940203667,-0.036591190844774246
8.866190910339355e-05,-0.0016689300537109375,-0.0013366341590881348,0.0006919726729393005,0.0019569673143151355,-0.41703692078590393,0.3288220465183258,0.37723031640052795,-0.4464704394340515,0.7857643908170757,-0.0007186084985733032,-0.0025374814867973328,-0.0018802471458911896,0.00016195699572563171,0.0026829609368686333,-0.575056254863739,0.10957568138837814,0.2263123095035553,-0.6263824105262756,0.773441756556815,0.029225928708910942,-0.04306265711784363,0.03351777046918869,-0.044370755553245544,0.03279987350106239,-0.045822978019714355,-0.000650063157081604,-0.00237245112657547,-0.001789536327123642,0.0002691522240638733,0.0024793114854570557,-0.6990376710891724,0.0858604833483696,0.18420349061489105,-0.5941316485404968,0.7933135139545066,57.906429467,True,-6.835907697677612e-05,-0.00017061829566955566,-9.10833477973938e-05,-0.00010710209608078003,0.00022859989034537166,0.12390687316656113,0.023713333532214165,0.04212092235684395,-0.03227032721042633,0.13147648761881509,ROA_1003_model40000_std01,2895,2026-10-03_22-59-50,0.0321483351290226,-0.035844724625349045
7.953494787216187e-05,-0.0015817582607269287,-0.0012038275599479675,0.0005214475095272064,0.0017651793874722253,-0.41296330094337463,0.32739338278770447,0.38190463185310364,-0.4473766088485718,0.7860987231807061,-0.000731833279132843,-0.0024765729904174805,-0.0017463229596614838,-8.102506399154663e-06,0.0026620327327594798,-0.5728639364242554,0.10706483572721481,0.23090092837810516,-0.623380720615387,0.7721788669192203,0.022066643461585045,-0.040366820991039276,0.024082086980342865,-0.04234196990728378,0.024107230827212334,-0.04253120720386505,-0.0006381422281265259,-0.002263113856315613,-0.0016497448086738586,0.00010943040251731873,0.0023967106059058782,-0.6857625842094421,0.0945553109049797,0.1937551349401474,-0.5936473608016968,0.7929591436883281,57.926431084,True,-9.182840585708618e-05,-0.00021345913410186768,-9.508803486824036e-05,-0.00011809170246124268,0.0002753285169596725,0.1129060909152031,0.012518837116658688,0.0371541827917099,-0.029783694073557854,0.11889243659311309,ROA_1003_model40000_std01,2896,2026-10-03_22-59-50,0.02287673018872738,-0.03623960539698601
4.76837158203125e-05,-0.0015951693058013916,-0.0009357929229736328,0.0002234242856502533,0.0016249957956333111,-0.3920420706272125,0.3049783408641815,0.4133414328098297,-0.4761917293071747,0.7991009752281099,-0.0007048249244689941,-0.0024147331714630127,-0.0014836899936199188,-0.0002755783498287201,0.0026370154922603834,-0.5551166534423828,0.08801556378602982,0.25760194659233093,-0.6500575542449951,0.7877339462147113,0.0241018645465374,-0.03655224293470383,0.02107231318950653,-0.03822488710284233,0.022468164563179016,-0.03625033423304558,-0.000622868537902832,-0.0021647661924362183,-0.0013957731425762177,-0.0001578591763973236,0.0023433128620760344,-0.6526782512664795,0.10142102092504501,0.2190433293581009,-0.6170440316200256,0.798799068523489,57.946432765000004,True,-8.326023817062378e-05,-0.0002508983016014099,-8.717179298400879e-05,-0.0001191161572933197,0.0003001393420159032,0.09755416959524155,-0.013412906788289547,0.03856699913740158,-0.03302283585071564,0.10792015576208899,ROA_1003_model40000_std01,2897,2026-10-03_22-59-50,0.020343251526355743,-0.03920596092939377
-0.00010952353477478027,-0.0015405938029289246,-0.0008759088814258575,9.648501873016357e-05,0.0015450403829580521,-0.3988109230995178,0.30416062474250793,0.4406217336654663,-0.5037756562232971,0.8324932551640025,-0.0007987022399902344,-0.0023053959012031555,-0.0013933517038822174,-0.0003791414201259613,0.0026060727663907825,-0.5615837574005127,0.09194201976060867,0.28159189224243164,-0.6776349544525146,0.8223965311288597,0.030789097771048546,-0.036971770226955414,0.026234343647956848,-0.037655092775821686,0.027855070307850838,-0.035340238362550735,-0.0007560476660728455,-0.0020721927285194397,-0.0013265758752822876,-0.00027259811758995056,0.002351717630247522,-0.6551872491836548,0.10198912769556046,0.24544259905815125,-0.6465408802032471,0.8285740137318316,57.966433806000005,True,-4.582107067108154e-05,-0.00023562461137771606,-6.770715117454529e-05,-0.00010598450899124146,0.00026780294351918204,0.09357928484678268,-0.010007991455495358,0.03613810986280441,-0.031103378161787987,0.10253089616799123,ROA_1003_model40000_std01,2898,2026-10-03_22-59-50,0.0248434878885746,-0.042864952236413956
-0.00023320317268371582,-0.0014541670680046082,-0.0009018927812576294,0.00010132789611816406,0.0014737459786785308,-0.4070661664009094,0.3108680248260498,0.4481244683265686,-0.5163289308547974,0.8501786266613652,-0.0008873641490936279,-0.002224370837211609,-0.0013828277587890625,-0.0003807246685028076,0.0025822626717833565,-0.566631555557251,0.10437703877687454,0.28914397954940796,-0.6898119449615479,0.8411529720141482,0.03773634508252144,-0.03967864066362381,0.03595013916492462,-0.03923843055963516,0.03648867458105087,-0.038586102426052094,-0.0008789822459220886,-0.0020256265997886658,-0.0013345852494239807,-0.0002807006239891052,0.0023815109204892394,-0.66515052318573,0.09313411265611649,0.25352463126182556,-0.6670429706573486,0.844238919848997,57.986439135000005,True,-1.1548399925231934e-05,-0.00020228326320648193,-4.8801302909851074e-05,-9.573996067047119e-05,0.00022604352917727943,0.09852833300828934,0.011213122867047787,0.03563985228538513,-0.022782010957598686,0.1048156717944544,ROA_1003_model40000_std01,2899,2026-10-03_22-59-50,0.03360337018966675,-0.04270255193114281
-4.563480615615845e-05,-0.0015638768672943115,-0.0012079253792762756,0.0005016103386878967,0.001701883612927461,-0.40752625465393066,0.31989437341690063,0.40366870164871216,-0.4742722809314728,0.8062020664571286,-0.0006783753633499146,-0.0024667009711265564,-0.001630932092666626,-7.189810276031494e-05,0.0026327003962636143,-0.5675162672996521,0.11081806570291519,0.2473648488521576,-0.6491820812225342,0.7958556981697781,0.036433782428503036,-0.045862890779972076,0.042203184217214584,-0.04413571581244469,0.04002390801906586,-0.04732425510883331,-0.0006826594471931458,-0.0022465363144874573,-0.0015962868928909302,6.351619958877563e-05,0.0024062312222242204,-0.6616412997245789,0.07172487676143646,0.21874716877937317,-0.6353221535682678,0.7984659829616861,58.006435536000005,True,6.705522537231445e-06,-0.0002216547727584839,-3.110617399215698e-05,-0.00013727694749832153,0.0002609431579772378,0.09414366632699966,0.039091333746910095,0.028623266145586967,-0.013861804269254208,0.10421935333244975,ROA_1003_model40000_std01,2900,2026-10-03_22-59-50,0.03830711171030998,-0.04026636853814125
-4.600733518600464e-05,-0.001352652907371521,-0.00151805579662323,0.0005989335477352142,0.0017596997845896064,-0.4726051986217499,0.3953016996383667,0.36841723322868347,-0.4481179416179657,0.84261348101105,-0.0007582828402519226,-0.0026442110538482666,-0.0019677914679050446,-0.00017508864402770996,0.0029007164183101693,-0.6437934637069702,0.1660957783460617,0.2154395878314972,-0.6236461400985718,0.8252333542937589,0.014055469073355198,-0.050980325788259506,0.02579563856124878,-0.05057854950428009,0.02186274714767933,-0.057493966072797775,-0.0007066875696182251,-0.002232566475868225,-0.0019155442714691162,6.146728992462158e-05,0.002468765989468381,-0.7189195156097412,0.09301862865686417,0.19595259428024292,-0.6372919082641602,0.8301954956350571,58.026441825000006,True,-4.861503839492798e-05,-0.0004149973392486572,-4.689209163188934e-05,-0.00023595057427883148,0.00048185355046365374,0.07509998977184296,0.07313117384910583,0.019459053874015808,0.013625248335301876,0.10741799709819665,ROA_1003_model40000_std01,2901,2026-10-03_22-59-50,0.020931685343384743,-0.03814484924077988
7.580965757369995e-05,-0.0014925375580787659,-0.0009807758033275604,0.0002503860741853714,0.0015431736007198533,-0.43004003167152405,0.3475807309150696,0.3915298581123352,-0.4514036476612091,0.8109789681787741,-0.0006455928087234497,-0.0026892870664596558,-0.0014550983905792236,-0.0004399102181196213,0.0028965610049461092,-0.5950629711151123,0.12745894491672516,0.23839156329631805,-0.6239742040634155,0.7955326474246674,0.005162552930414677,-0.040737032890319824,0.009947780519723892,-0.0426446758210659,0.008781449869275093,-0.044656578451395035,-0.0005835667252540588,-0.002240389585494995,-0.0013929791748523712,-0.00018076971173286438,0.0023984088518925217,-0.6748698353767395,0.08290446549654007,0.22252415120601654,-0.6131464242935181,0.8035822305078133,58.046532729000006,True,-5.9977173805236816e-05,-0.00044796615839004517,-6.26780092716217e-05,-0.000260351225733757,0.0005248031195824995,0.07977894693613052,0.044574957340955734,0.01583574339747429,-0.010822898708283901,0.0918002005740147,ROA_1003_model40000_std01,2902,2026-10-03_22-59-50,0.00559565145522356,-0.03607942909002304
-0.0005051493644714355,-0.0011280179023742676,-0.00047245994210243225,-0.0003732740879058838,0.0013509891932692807,-0.4402976334095001,0.34441983699798584,0.4557110071182251,-0.5203112959861755,0.8855779267339039,-0.0011106953024864197,-0.002043880522251129,-0.0009444542229175568,-0.0009437091648578644,0.0026615429466398566,-0.6111878752708435,0.13221800327301025,0.292852520942688,-0.6900075674057007,0.8716948319408699,0.018797803670167923,-0.03407370299100876,0.01120810117572546,-0.03469405695796013,0.013238480314612389,-0.03128281235694885,-0.0011323019862174988,-0.0016545876860618591,-0.0009384006261825562,-0.000743381679058075,0.002314878115783995,-0.692130982875824,0.13626553118228912,0.25958380103111267,-0.6719967126846313,0.8830257206222951,58.066443459000006,True,2.086162567138672e-05,-0.0003868713974952698,-7.916241884231567e-06,-0.00019688159227371216,0.00043434689737461245,0.0809207484126091,-0.0040512531995773315,0.03325566649436951,-0.018066726624965668,0.08814883248888468,ROA_1003_model40000_std01,2903,2026-10-03_22-59-50,0.012603799812495708,-0.04136935621500015
-0.0007210299372673035,-0.0011779367923736572,-0.00032670795917510986,-0.0006064772605895996,0.0015429895215331238,-0.4602130353450775,0.3392416834831238,0.5182958841323853,-0.593636155128479,0.9684035648842764,-0.0012217089533805847,-0.0018831342458724976,-0.0007627531886100769,-0.0010512769222259521,0.002592740920306862,-0.6293579339981079,0.1345425844192505,0.348122775554657,-0.7678642272949219,0.9577985691343129,0.03971090167760849,-0.03819280490279198,0.028546100482344627,-0.0376569926738739,0.03126989305019379,-0.033146291971206665,-0.0013276934623718262,-0.0016260892152786255,-0.0007957220077514648,-0.0009424984455108643,0.0024347704739017513,-0.717475950717926,0.13007037341594696,0.3073960542678833,-0.7496401071548462,0.958220424101628,58.08644546,True,0.00010784715414047241,-0.0002555549144744873,3.371387720108032e-05,-0.00010747462511062622,0.00029921209697611207,0.08807889372110367,0.0044424086809158325,0.04072673246264458,-0.018240883946418762,0.09710909955328764,ROA_1003_model40000_std01,2904,2026-10-03_22-59-50,0.029720909893512726,-0.05099323019385338
-0.0010980293154716492,-0.0010931864380836487,0.0003382563591003418,-0.0008668750524520874,0.001610275127429621,-0.4602707624435425,0.2938080430030823,0.569656491279602,-0.6226189136505127,0.9980328638640112,-0.001650303602218628,-0.0017255544662475586,-5.811452865600586e-05,-0.0013276934623718262,0.002612823203598476,-0.6156582236289978,0.1082252636551857,0.39156150817871094,-0.8156597018241882,0.9987056948111684,0.06516031920909882,-0.04138646647334099,0.06600920855998993,-0.0393642894923687,0.06541354209184647,-0.039956461638212204,-0.0018596649169921875,-0.0017061829566955566,-4.433095455169678e-05,-0.0012099742889404297,0.002678905422502097,-0.7698572874069214,0.032534822821617126,0.36457177996635437,-0.758450448513031,0.9806155503880146,58.106448742000005,True,0.00020675361156463623,-1.993030309677124e-05,-1.4156103134155273e-05,-0.00011846423149108887,0.0002077386382357798,0.1541823148727417,0.07571838796138763,0.027019528672099113,-0.05728005990386009,0.17177488279233466,ROA_1003_model40000_std01,2905,2026-10-03_22-59-50,0.06103355437517166,-0.045217301696538925
-0.0007227063179016113,-0.0009391456842422485,-0.0009758397936820984,0.0003902241587638855,0.001274700626268746,-0.484177827835083,0.417174756526947,0.3836527168750763,-0.4876255691051483,0.8866081429781648,-0.0013269484043121338,-0.0021476298570632935,-0.0013463199138641357,-0.0005898997187614441,0.0028242198278615863,-0.6763208508491516,0.1724976897239685,0.22353975474834442,-0.6683133244514465,0.8708604944961823,0.042854826897382736,-0.056027933955192566,0.07193489372730255,-0.052386507391929626,0.061023563146591187,-0.06750202178955078,-0.001346692442893982,-0.001813843846321106,-0.00136643648147583,-0.0003943219780921936,0.0025587005579095295,-0.7164664268493652,0.11682509630918503,0.17915105819702148,-0.7304418683052063,0.8722779723624642,58.126446134000005,True,1.955777406692505e-05,-0.00033117830753326416,2.2351741790771484e-05,-0.00019613653421401978,0.00038593434973371984,0.040100883692502975,0.055728476494550705,0.04441290721297264,0.062076371163129807,0.10266307453423722,ROA_1003_model40000_std01,2906,2026-10-03_22-59-50,0.05607946962118149,-0.03057018853724003
-0.0052304938435554504,0.007392466068267822,0.0018319115042686462,-0.005691498517990112,0.010745948099398854,-0.9744781255722046,1.4843130111694336,0.6132349371910095,-1.1843181848526,2.2179654979007717,-0.004621781408786774,0.008213520050048828,-9.834766387939453e-05,-0.009550154209136963,0.01296201994682583,-1.2551898956298828,1.138714075088501,0.5236212015151978,-1.2977290153503418,2.144426238709343,-0.06095100939273834,-0.02439703233540058,0.017660154029726982,-0.06607284396886826,-0.005826924927532673,-0.09203231334686279,-0.004466529935598373,0.008704513311386108,0.0001432374119758606,-0.008885376155376434,0.01287537989236901,-0.869716465473175,1.860002875328064,0.1899041086435318,-2.1313576698303223,2.9207632944251514,58.146450344,True,-0.0001630745828151703,-0.0004811212420463562,-0.00024028122425079346,-0.0006692484021186829,0.0008738676634365308,-0.3853989541530609,-0.7213000059127808,0.3337673544883728,0.8335877060890198,1.212710567238903,ROA_1003_model40000_std01,2907,2026-10-03_22-59-50,0.0030500602442771196,-0.02588411420583725
-0.0012835487723350525,0.0001685693860054016,0.0008976086974143982,-0.0015618279576301575,0.00201959258158175,-0.46057066321372986,0.4137968420982361,0.4386119246482849,-0.48946401476860046,0.9016285112327901,-0.0021705403923988342,-0.0013146549463272095,0.00023469328880310059,-0.002475827932357788,0.0030100806659949797,-0.6317915320396423,0.17757433652877808,0.2825036644935608,-0.6501972079277039,0.8733608819503736,-0.05206674709916115,-0.016627075150609016,-0.04475168511271477,-0.016446048393845558,-0.048625603318214417,-0.021838393062353134,-0.0019964762032032013,-0.00045243650674819946,0.00038817524909973145,-0.002156198024749756,0.002204532759609965,-0.6934692859649658,0.20684394240379333,0.25868600606918335,-0.6663929224014282,0.9135833676484355,58.16644856800001,True,-0.00017257407307624817,-0.000861193984746933,-0.0001514330506324768,-0.0003207474946975708,0.00094388767800375,0.06164330616593361,-0.029250046238303185,0.0238176416605711,0.01621432602405548,0.06998785977402834,ROA_1003_model40000_std01,2908,2026-10-03_22-59-50,-0.047340527176856995,-0.011631358414888382
-0.015150383114814758,0.01364387571811676,0.016710348427295685,-0.01791995018720627,0.03184625582587556,-1.1205412149429321,0.8865631818771362,1.301726222038269,-1.2881252765655518,2.319440418565557,-0.01656748354434967,0.013149529695510864,0.017712824046611786,-0.018369220197200775,0.033074182301252975,-1.1730492115020752,0.6523131728172302,1.0287891626358032,-1.4220792055130005,2.160870617198575,0.05842234939336777,-0.08467651903629303,-0.01016481127589941,-0.029122918844223022,-0.013535749167203903,-0.03183922544121742,-0.01643262803554535,0.013983622193336487,0.017130188643932343,-0.018555112183094025,0.03315753365894622,-1.4305970668792725,0.9303986430168152,1.1244453191757202,-1.618841528892517,2.559527396991809,58.186455146,True,-0.0001348555088043213,-0.0008314847946166992,0.000581890344619751,0.00018700957298278809,0.000910819287184115,0.25753676891326904,-0.2781189978122711,-0.0956803485751152,0.19677726924419403,0.434140854040056,ROA_1003_model40000_std01,2909,2026-10-03_22-59-50,0.0489659458398819,-0.09807565063238144
-0.0030368566513061523,-0.0007905066013336182,0.0031515955924987793,-0.0025719404220581055,0.004630995835611014,-0.5285665392875671,0.1655965894460678,0.7327272891998291,-0.69624924659729,1.1317923119132736,-0.002031773328781128,0.00030621886253356934,0.0024318695068359375,-0.003124028444290161,0.004262352244857585,-0.6059631705284119,0.1371428370475769,0.5099847912788391,-1.0022743940353394,1.204864752500869,0.19037482142448425,-0.1371246576309204,0.16642524302005768,-0.1184627115726471,0.1604447066783905,-0.11732408404350281,-0.0034555792808532715,-0.0005111098289489746,0.0029675662517547607,-0.0026285648345947266,0.004800179527236406,-0.8613317608833313,-0.11835991591215134,0.6076842546463013,-0.6700232028961182,1.1100728107201627,58.20645033,True,0.0014141201972961426,0.0008173286914825439,-0.0005401670932769775,-0.0004909932613372803,0.001783400905281682,0.2552717924118042,0.2554655075073242,-0.0977441594004631,-0.3322511613368988,0.4849129190241055,ROA_1003_model40000_std01,2910,2026-10-03_22-59-50,0.1877361387014389,-0.17079073190689087
-0.0063439831137657166,0.004212372004985809,0.0037746503949165344,-0.0035878270864486694,0.00919532394325727,-0.910064160823822,0.8934195637702942,0.7562860250473022,-0.8093137145042419,1.688808579984666,-0.007101520895957947,0.0031173229217529297,0.00368654727935791,-0.004696287214756012,0.009514013547727043,-1.1324975490570068,0.6004050374031067,0.6023123860359192,-0.9871199131011963,1.6655450468499544,0.04513704031705856,-0.036729153245687485,0.13171148300170898,-0.05758504942059517,0.1109512448310852,-0.08858343213796616,-0.007041916251182556,0.003656744956970215,0.0037830322980880737,-0.004434771835803986,0.009680375335254484,-1.0824724435806274,0.6589255928993225,0.606460452079773,-0.9703486561775208,1.6619176582465656,58.226459180000006,True,-6.0535967350006104e-05,-0.0005412846803665161,-8.847564458847046e-05,-0.0002594664692878723,0.0006074516439867003,-0.05009397491812706,-0.05844607576727867,-0.00410713255405426,-0.01679547131061554,0.07852174306490972,ROA_1003_model40000_std01,2911,2026-10-03_22-59-50,0.026979509741067886,0.011817805469036102
-0.0059157609939575195,0.008340179920196533,0.0033095479011535645,-0.007259845733642578,0.012915168302243296,-0.8726566433906555,1.4161317348480225,0.5811899900436401,-1.1159628629684448,2.0844373288547966,-0.0026442110538482666,0.010836869478225708,-0.003499537706375122,-0.013811886310577393,0.017593752172112613,-1.0957121849060059,1.2435764074325562,0.4127025306224823,-1.4277323484420776,2.1729713751362882,-0.23669029772281647,0.12761572003364563,-0.020846828818321228,-0.03449023514986038,-0.0747343972325325,-0.07020419836044312,-0.0036463141441345215,0.010614842176437378,-0.0011518597602844238,-0.01199766993522644,0.016098183599315155,-0.5268454551696777,1.816205620765686,-0.3159865438938141,-1.966759443283081,2.6801629545169625,58.246455485000006,True,0.0010021030902862549,0.0002250075340270996,-0.0023439526557922363,-0.001811981201171875,0.003108118407078829,-0.5690902471542358,-0.5727037787437439,0.7287486791610718,0.5389600992202759,1.2103926795033617,ROA_1003_model40000_std01,2912,2026-10-03_22-59-50,-0.10201229900121689,0.06150703877210617
-0.016946345567703247,0.01637861132621765,0.0185452401638031,-0.01942366361618042,0.03572304620220428,-0.9742825627326965,0.8655115365982056,1.0047293901443481,-0.9350441098213196,1.8925239774668403,-0.017493218183517456,0.01582801342010498,0.017374753952026367,-0.021907687187194824,0.03646309891611099,-0.98548823595047,0.7563530802726746,0.7248073220252991,-1.1590272188186646,1.818019744925281,0.087887704372406,-0.129965141415596,-0.10334072262048721,0.06913468986749649,-0.10504022240638733,0.04277845099568367,-0.018037855625152588,0.017759203910827637,0.018562376499176025,-0.022120028734207153,0.03835808658500005,-1.0455175638198853,0.6863548755645752,0.7648094892501831,-1.1386871337890625,1.8198827194342813,58.26645687800001,True,0.0005364418029785156,-0.0019378960132598877,-0.0011816620826721191,0.00022016465663909912,0.0021026448771362546,0.06000697240233421,0.06990879774093628,-0.04010647162795067,-0.02043694071471691,0.10135104139910535,ROA_1003_model40000_std01,2913,2026-10-03_22-59-50,0.10451432317495346,-0.12875458598136902
-0.006696581840515137,0.0026732683181762695,0.0074863433837890625,-0.00740736722946167,0.012543515668130965,-0.3801285922527313,0.11385976523160934,0.4119127690792084,-0.6492509841918945,0.8311540319092178,-0.006413459777832031,0.0021830201148986816,0.006765872240066528,-0.007222592830657959,0.011685481039506786,-0.5433112382888794,-0.02817809395492077,0.36521998047828674,-0.8642598390579224,0.9634605197650464,0.22798489034175873,-0.2755547761917114,0.18714295327663422,-0.19827213883399963,0.16190722584724426,-0.22299626469612122,-0.006225705146789551,0.002618134021759033,0.007434189319610596,-0.006710737943649292,0.011933928165597765,-0.5478411912918091,-0.1776665300130844,0.07079541683197021,-0.7105394601821899,0.7386670545136781,58.286460159,True,-0.00020116567611694336,-0.0004202127456665039,-0.000667572021484375,-0.000511854887008667,0.0009429962541855145,0.00451505184173584,0.14972686767578125,0.2943649888038635,-0.1538693904876709,0.33970061054474904,ROA_1003_model40000_std01,2914,2026-10-03_22-59-50,0.2578418254852295,-0.27450767159461975
-0.011258572340011597,0.008440017700195312,0.008945167064666748,-0.0077530741691589355,0.018376719650900698,-1.1588037014007568,1.0185762643814087,0.8958055973052979,-0.9265541434288025,2.0086935514961786,-0.011238455772399902,0.007843226194381714,0.008720159530639648,-0.00807046890258789,0.018096226984002404,-1.3200639486312866,0.8381977081298828,0.7201134562492371,-1.1038333177566528,2.0000067873181733,0.15765783190727234,-0.14874137938022614,0.29241910576820374,-0.2693578004837036,0.26188698410987854,-0.25064414739608765,-0.01170337200164795,0.008672475814819336,0.009165704250335693,-0.007983297109603882,0.01895740064100212,-1.2615917921066284,0.7289870977401733,0.8322670459747314,-0.8689462542533875,1.8714554977250466,58.306475057,True,0.0004589557647705078,-0.0008337199687957764,-0.00043511390686035156,-8.493661880493164e-05,0.0009635485705278802,-0.058218833059072495,0.10906904190778732,-0.11238455027341843,-0.23490189015865326,0.27204258145326937,ROA_1003_model40000_std01,2915,2026-10-03_22-59-50,0.1392219513654709,-0.1526229828596115
-0.00681951642036438,0.00597834587097168,0.00438690185546875,-0.00521242618560791,0.01131291466484907,-0.8120238184928894,0.9531229138374329,0.6514489054679871,-0.7876678705215454,1.6163225395270828,-0.007751584053039551,0.004688650369644165,0.0023089349269866943,-0.007227063179016113,0.01109186129676605,-1.0434612035751343,0.7258280515670776,0.43360885977745056,-1.0305345058441162,1.6269949370501984,-0.22025451064109802,0.16234803199768066,-0.07969885319471359,0.07192065566778183,-0.07447334378957748,0.016714876517653465,-0.0073499977588653564,0.005391985177993774,0.003429502248764038,-0.006406009197235107,0.011383570597128875,-0.9711905717849731,0.8384510278701782,0.4086717665195465,-1.0357052087783813,1.6505945943874414,58.326460129000004,True,-0.00040009617805480957,-0.0007137656211853027,-0.0011213123798370361,-0.0008270144462585449,0.0015885505930876534,-0.0722929835319519,-0.11247395724058151,0.024922190234065056,0.005185603629797697,0.1349100324911347,ROA_1003_model40000_std01,2916,2026-10-03_22-59-50,-0.24197867512702942,0.20683553814888
-0.016210973262786865,0.015340745449066162,0.016939640045166016,-0.01717507839202881,0.032859547843356166,-0.5887001752853394,0.5103498697280884,0.4653632342815399,-0.4048794209957123,0.9937376071389988,-0.016148388385772705,0.015941262245178223,0.015461444854736328,-0.019879639148712158,0.033827412567560076,-0.6574540734291077,0.42109188437461853,0.25281310081481934,-0.5899667739868164,0.9679979790970837,0.29616859555244446,-0.31354960799217224,-0.010084696114063263,0.02623382955789566,-0.020325923338532448,-0.004267721436917782,-0.01640021800994873,0.016422569751739502,0.01607835292816162,-0.01897960901260376,0.03399230918930318,-0.5776286125183105,0.4773288667201996,0.1999288648366928,-0.7365941405296326,1.0194218254519756,58.346478451,True,0.0002741813659667969,-0.00048726797103881836,-0.000616908073425293,-0.0008925795555114746,0.0011191227390085028,-0.07946788519620895,-0.055983658879995346,0.053003426641225815,0.1465529203414917,0.17700965279430703,ROA_1003_model40000_std01,2917,2026-10-03_22-59-50,0.27429017424583435,-0.26634901762008667
-0.002276897430419922,-0.002415478229522705,0.0012516975402832031,-0.000546872615814209,0.0033567050620752965,-0.3265291154384613,-0.06256997585296631,0.2132803052663803,-0.32745298743247986,0.43024598884552673,-0.0030115246772766113,-0.0032722949981689453,0.0014543533325195312,-0.0003024935722351074,0.004517582670985967,-0.598520040512085,-0.21380184590816498,0.09012221544981003,-0.5743950605392456,0.6688311031172687,0.4656429886817932,-0.44732165336608887,0.42408716678619385,-0.39508506655693054,0.40998512506484985,-0.3857733905315399,-0.0020191073417663574,-0.0020265579223632812,0.0017017126083374023,-6.854534149169922e-05,0.0031251996825659854,-0.564277172088623,-0.4424750506877899,0.031754374504089355,-0.27829408645629883,0.7336692028089992,58.366466019,True,-0.000992417335510254,-0.0012516975402832031,-0.000260770320892334,-0.00022649765014648438,0.0016331163266267426,-0.03419816493988037,0.22876261174678802,0.05809962376952171,-0.2961307764053345,0.3801336290560665,ROA_1003_model40000_std01,2918,2026-10-03_22-59-50,0.5095738172531128,-0.5363076329231262
-0.012355204671621323,0.011407863348722458,0.010341499000787735,-0.010428112000226974,0.022321414222096953,-1.5043922662734985,1.5229488611221313,1.3617424964904785,-1.3751405477523804,2.8858136352856665,-0.01229308545589447,0.010805390775203705,0.010266806930303574,-0.010553747415542603,0.021998520062774383,-1.6872434616088867,1.3403416872024536,1.184378743171692,-1.5236306190490723,2.872337979238547,0.029077719897031784,0.016867661848664284,0.3574206233024597,-0.3341495990753174,0.33672621846199036,-0.32103919982910156,-0.012227799743413925,0.011197756975889206,0.010189786553382874,-0.010441429913043976,0.022076822012849728,-1.6447155475616455,1.4405314922332764,1.3469717502593994,-1.403489112854004,2.9237808097620155,58.386469332000004,True,-6.277114152908325e-05,-0.00040410086512565613,7.14324414730072e-05,-0.00010300427675247192,0.00041934647714434554,-0.04253256693482399,-0.10021030157804489,-0.16257724165916443,-0.12010707706212997,0.22409293208812214,ROA_1003_model40000_std01,2919,2026-10-03_22-59-50,0.006345291621983051,0.0401051864027977
-0.019362568855285645,0.0171758234500885,0.019171833992004395,-0.01856088638305664,0.03716622192062861,-1.0172202587127686,0.8972733616828918,0.9061768054962158,-0.8048414587974548,1.8189978548408177,-0.02082139253616333,0.015492737293243408,0.017011910676956177,-0.020579248666763306,0.03696702716032957,-1.1722966432571411,0.8129923939704895,0.6034299731254578,-1.1839866638183594,1.8910272788968152,-0.2190249115228653,0.16217102110385895,-0.13812905550003052,0.10879167914390564,-0.12333656847476959,0.060824669897556305,-0.021367520093917847,0.016254931688308716,0.019371509552001953,-0.019808858633041382,0.038477337792981826,-1.37723970413208,0.6356685757637024,0.7904320359230042,-0.9529739022254944,1.911609892648886,58.406468933000006,True,0.0005453824996948242,-0.0007659196853637695,-0.0023633241653442383,-0.0007554888725280762,0.0025000159523716407,0.20486114919185638,0.17742811143398285,-0.18690524995326996,-0.23099778592586517,0.40061580650501694,ROA_1003_model40000_std01,2920,2026-10-03_22-59-50,-0.26542413234710693,0.238204225897789
-0.012686848640441895,0.012111663818359375,0.014144182205200195,-0.014013051986694336,0.02653323481835893,-0.2257525771856308,0.1189410611987114,0.16587971150875092,-0.12701749801635742,0.3286640611268671,-0.013117492198944092,0.01252293586730957,0.014278292655944824,-0.014454126358032227,0.02723098898418429,-0.2665221691131592,0.029221175238490105,0.08228420466184616,-0.1577138751745224,0.29166933359677627,0.503469705581665,-0.4809049069881439,0.09019472450017929,-0.03467678651213646,0.07927034795284271,-0.051209572702646255,-0.0129014253616333,0.012819468975067139,0.014126300811767578,-0.014707446098327637,0.02732300418769232,-0.20059941709041595,0.13552606105804443,0.013560055755078793,-0.2810060977935791,0.3330981236121091,58.426467766,True,-0.0002086162567138672,-0.0002741813659667969,0.00015497207641601562,0.0002384185791015625,0.00044642172987569755,-0.06586313247680664,-0.10605155676603317,0.06836652755737305,0.12341140955686569,0.18832820754134846,ROA_1003_model40000_std01,2921,2026-10-03_22-59-50,0.4992070496082306,-0.47760719060897827
-0.0023171305656433105,-0.0025972723960876465,0.0021189451217651367,-0.0007361173629760742,0.0036350316537567227,-0.3460943400859833,-0.06213783845305443,0.2547800540924072,-0.3129243850708008,0.46336900824611016,-0.003807246685028076,-0.0027671456336975098,0.0032693147659301758,-0.0007092952728271484,0.005338743029086166,-0.599890947341919,-0.09036063402891159,0.3197788894176483,-0.574946403503418,0.7375702947404554,0.5243932604789734,-0.4653991758823395,0.46284252405166626,-0.41099900007247925,0.41091591119766235,-0.344526082277298,-0.0030979514122009277,-0.001506507396697998,0.0035762786865234375,-0.0007033348083496094,0.0047560756626839765,-0.5050003528594971,-0.31253695487976074,0.1824796050786972,-0.22861360013484955,0.5952306144813125,58.446470215000005,True,-0.000718235969543457,-0.001259148120880127,-0.0003069639205932617,0.0,0.0014578236290831873,-0.09480118006467819,0.22257862985134125,0.13718008995056152,-0.3465711772441864,0.4443322619346321,ROA_1003_model40000_std01,2922,2026-10-03_22-59-50,0.6377223134040833,-0.6464683413505554
-0.010722270235419273,0.009428849443793297,0.009052082896232605,-0.008542835712432861,0.018938893742740673,-1.3071978092193604,1.339165449142456,1.1189243793487549,-1.1566951274871826,2.4682048570477937,-0.01043449155986309,0.008866330608725548,0.00911615788936615,-0.008712336421012878,0.018606611064024958,-1.4754747152328491,1.174924373626709,0.9316317439079285,-1.3014934062957764,2.4506668949502535,0.08283723890781403,-0.011008333414793015,0.30590879917144775,-0.25173336267471313,0.27829214930534363,-0.23726524412631989,-0.010941736400127411,0.00928584486246109,0.009204819798469543,-0.00863298773765564,0.019104567251090766,-1.3633397817611694,1.1729713678359985,1.0610743761062622,-1.1211744546890259,2.3670826232961404,58.466474424000005,True,0.0005037989467382431,-0.0004198402166366577,-8.307397365570068e-05,-8.381903171539307e-05,0.0006558855138906897,-0.11209304630756378,0.0020526349544525146,-0.1294650137424469,-0.18040834367275238,0.23263996785272426,ROA_1003_model40000_std01,2923,2026-10-03_22-59-50,0.04867115989327431,0.008889846503734589
-0.01401752233505249,0.012251734733581543,0.016279518604278564,-0.016033649444580078,0.02946114609168914,-0.4197656810283661,0.2209693044424057,0.48066672682762146,-0.36537644267082214,0.7653589536417776,-0.014238059520721436,0.01207888126373291,0.012508034706115723,-0.01880824565887451,0.02902857555647049,-0.6170272827148438,0.06826221942901611,0.21092592179775238,-0.559881329536438,0.7352502417902987,0.4097670018672943,-0.4101954400539398,0.015993893146514893,0.021992718800902367,0.05446683615446091,-0.08028051257133484,-0.01420825719833374,0.01261681318283081,0.014361739158630371,-0.01804530620574951,0.02977538975327386,-0.5056262016296387,0.17851589620113373,0.1264810562133789,-0.6916224360466003,0.7778075631818625,58.486475689,True,-2.5331974029541016e-05,-0.0005453824996948242,-0.0018164515495300293,-0.0007733702659606934,0.0019893214106593156,-0.11146067827939987,-0.1103430911898613,0.08459388464689255,0.13171136379241943,0.22025876273338865,ROA_1003_model40000_std01,2924,2026-10-03_22-59-50,0.270460307598114,-0.2868366241455078
-0.01207590103149414,0.00797361135482788,0.013574957847595215,-0.012454390525817871,0.023356787916774254,-0.7843970656394958,0.37278231978416443,0.8414983153343201,-0.7865130305290222,1.4268139201807049,-0.010848045349121094,0.009284913539886475,0.013777613639831543,-0.012749433517456055,0.023581063284057204,-0.8179395794868469,0.3726780116558075,0.6337165236473083,-0.959366500377655,1.4063283834967828,0.5612735152244568,-0.44921985268592834,0.3574826419353485,-0.2780141830444336,0.3270542025566101,-0.27463477849960327,-0.01192539930343628,0.007912516593933105,0.013682246208190918,-0.012472271919250488,0.023336154672926587,-0.9498297572135925,0.11706351488828659,0.8004009127616882,-0.8558630347251892,1.4264656357560948,58.506476474,True,0.0010848045349121094,0.0013560056686401367,8.940696716308594e-05,-0.0002741813659667969,0.0017438699872962043,0.13174116611480713,0.2558976411819458,-0.1665651649236679,-0.10350345820188522,0.33752038458746936,ROA_1003_model40000_std01,2925,2026-10-03_22-59-50,0.5458393692970276,-0.5774112939834595
-0.010120123624801636,0.006700307130813599,0.009103119373321533,-0.006887316703796387,0.01665351585016522,-0.8076428771018982,0.5609616637229919,0.7434188723564148,-0.6599574685096741,1.3958066461031238,-0.011618435382843018,0.006410479545593262,0.010441243648529053,-0.007350742816925049,0.018388210349623995,-1.0554119348526,0.4798993170261383,0.6322413086891174,-0.862538754940033,1.5263663337054667,0.32612571120262146,-0.19629418849945068,0.4856422245502472,-0.2759656012058258,0.42272305488586426,-0.24062442779541016,-0.010310113430023193,0.006796419620513916,0.009359419345855713,-0.00715106725692749,0.017055037828701904,-0.9103118777275085,0.4223584830760956,0.7489174008369446,-0.6180703639984131,1.3850316687866224,58.526473579000005,True,-0.0013053417205810547,-0.0003822147846221924,0.0010833144187927246,-0.00021010637283325195,0.001704290276498174,-0.14507770538330078,0.05752592906355858,-0.1166909858584404,-0.2445429414510727,0.27126443335770334,ROA_1003_model40000_std01,2926,2026-10-03_22-59-50,0.34719911217689514,-0.2933477759361267
