actor_direct_dq.dtarget0_dinput0,actor_direct_dq.dtarget0_dinput1,actor_direct_dq.dtarget1_dinput0,actor_direct_dq.dtarget1_dinput1,actor_direct_dq.spectral_norm,actor_direct_q.dtarget0_dinput0,actor_direct_q.dtarget0_dinput1,actor_direct_q.dtarget1_dinput0,actor_direct_q.dtarget1_dinput1,actor_direct_q.spectral_norm,all_history_coherent_bias_dq.dtarget0_dinput0,all_history_coherent_bias_dq.dtarget0_dinput1,all_history_coherent_bias_dq.dtarget1_dinput0,all_history_coherent_bias_dq.dtarget1_dinput1,all_history_coherent_bias_dq.spectral_norm,all_history_coherent_bias_q.dtarget0_dinput0,all_history_coherent_bias_q.dtarget0_dinput1,all_history_coherent_bias_q.dtarget1_dinput0,all_history_coherent_bias_q.dtarget1_dinput1,all_history_coherent_bias_q.spectral_norm,baseline.left_hip_target_rad,baseline.right_hip_target_rad,freeze_all_history_hip.left_hip_target_rad,freeze_all_history_hip.right_hip_target_rad,freeze_current_hip_actor_path.left_hip_target_rad,freeze_current_hip_actor_path.right_hip_target_rad,full_current_dq.dtarget0_dinput0,full_current_dq.dtarget0_dinput1,full_current_dq.dtarget1_dinput0,full_current_dq.dtarget1_dinput1,full_current_dq.spectral_norm,full_current_q.dtarget0_dinput0,full_current_q.dtarget0_dinput1,full_current_q.dtarget1_dinput0,full_current_q.dtarget1_dinput1,full_current_q.spectral_norm,header_time_s,history_filled,history_only_coherent_bias_dq.dtarget0_dinput0,history_only_coherent_bias_dq.dtarget0_dinput1,history_only_coherent_bias_dq.dtarget1_dinput0,history_only_coherent_bias_dq.dtarget1_dinput1,history_only_coherent_bias_dq.spectral_norm,history_only_coherent_bias_q.dtarget0_dinput0,history_only_coherent_bias_q.dtarget0_dinput1,history_only_coherent_bias_q.dtarget1_dinput0,history_only_coherent_bias_q.dtarget1_dinput1,history_only_coherent_bias_q.spectral_norm,model,row_index,run,zero_velocity_code.left_hip_target_rad,zero_velocity_code.right_hip_target_rad
-0.001817755401134491,0.0010054558515548706,0.0013092532753944397,-0.0006427988409996033,0.002537540435004455,-0.5859453082084656,0.7118340134620667,0.7387231588363647,-0.5886647701263428,1.312738766167475,-0.002097897231578827,0.0006351619958877563,0.0006914138793945312,-0.0012978911399841309,0.0024726936655903773,-0.6665903925895691,0.6150007247924805,0.6575453877449036,-0.6662457585334778,1.303030579388862,-0.04449203982949257,0.04960139840841293,-0.0005509676411747932,0.008625207468867302,0.0018595680594444275,0.005869071464985609,-0.0019146129488945007,0.0008586794137954712,0.000916793942451477,-0.0010261312127113342,0.0024633456005145335,-0.6431638598442078,0.6455610990524292,0.5993731021881104,-0.719126284122467,1.3051612348048944,48.446163203000005,False,-0.0001817941665649414,-0.0002205371856689453,-0.0002251937985420227,-0.0002734363079071045,0.00045515428224047474,-0.023594124242663383,-0.031011177226901054,0.058334317058324814,0.053236257284879684,0.08783928364664732,ROA_1002_model21000_delay30,2422,2026-10-02_14-30-02,-0.042749300599098206,0.04700400307774544
-0.0021051615476608276,0.00133514404296875,0.0016637146472930908,-0.0008910894393920898,0.0031247531731306032,-0.5692504048347473,0.7062963843345642,0.7367878556251526,-0.5679838061332703,1.2903638506503001,-0.0024396926164627075,0.0009294599294662476,0.001103430986404419,-0.0014677643775939941,0.003082306091770143,-0.6580948233604431,0.5992985963821411,0.6568394303321838,-0.6497278213500977,1.2826268746772949,-0.06561043858528137,0.0680842250585556,-0.01855521835386753,0.022590044885873795,-0.018144328147172928,0.02209886536002159,-0.002219155430793762,0.0011790543794631958,0.0013180077075958252,-0.0012278556823730469,0.0030682215900651975,-0.6334408521652222,0.6322972178459167,0.6158500909805298,-0.6849802732467651,1.2838673334100703,48.466167388,False,-0.0002209097146987915,-0.0002503395080566406,-0.00021569430828094482,-0.00023692846298217773,0.00046272808355286003,-0.02465769462287426,-0.033020973205566406,0.04103779420256615,0.03525987267494202,0.06763266029391353,ROA_1002_model21000_delay30,2423,2026-10-02_14-30-02,-0.06490657478570938,0.06551982462406158
-0.002438575029373169,0.001675635576248169,0.0020112842321395874,-0.001294165849685669,0.0038041240792517934,-0.5698129534721375,0.7110796570777893,0.7369033694267273,-0.5746260285377502,1.2963606602525064,-0.0027842819690704346,0.0012733042240142822,0.0013902783393859863,-0.0019166618585586548,0.003751863307442946,-0.6607844829559326,0.6055086851119995,0.6617866158485413,-0.6569958925247192,1.2931412558900865,-0.06760212033987045,0.06968297064304352,-0.029068246483802795,0.03273773565888405,-0.028576437383890152,0.03251854330301285,-0.0025548040866851807,0.0015228986740112305,0.0016279518604278564,-0.0016693025827407837,0.0037491638544551254,-0.6344131827354431,0.640589714050293,0.6042420864105225,-0.7062889337539673,1.2940499184543461,48.486163766000004,False,-0.0002298504114151001,-0.0002503395080566406,-0.00023581087589263916,-0.0002473592758178711,0.00048194818667815075,-0.026356426998972893,-0.03506988286972046,0.05752965435385704,0.04922225698828697,0.08711310350517011,ROA_1002_model21000_delay30,2424,2026-10-02_14-30-02,-0.06800904124975204,0.06842288374900818
-0.002195313572883606,0.0014942139387130737,0.00169314444065094,-0.0010874122381210327,0.0033315830459698277,-0.582976222038269,0.7193945050239563,0.7380433082580566,-0.586777925491333,1.3136727819775667,-0.002514384686946869,0.0011105090379714966,0.0009801238775253296,-0.0018123537302017212,0.0032670290812136,-0.6706192493438721,0.615149736404419,0.6659775376319885,-0.6673782467842102,1.3100469720081747,-0.056917473673820496,0.06020869314670563,-0.02697709947824478,0.031186670064926147,-0.026136793196201324,0.031118243932724,-0.002294592559337616,0.0013493001461029053,0.001249462366104126,-0.0015292316675186157,0.0032671248520594804,-0.6421301364898682,0.650759756565094,0.5828626155853271,-0.7392092943191528,1.3102216856465505,48.506163503,False,-0.0002205371856689453,-0.00023618340492248535,-0.0002689659595489502,-0.00028051435947418213,0.0005054101678524059,-0.028500331565737724,-0.03562122583389282,0.08309631794691086,0.07185712456703186,0.11870362782294924,ROA_1002_model21000_delay30,2425,2026-10-02_14-30-02,-0.056860364973545074,0.05959974229335785
-0.0015625730156898499,0.0009382143616676331,0.001050904393196106,-0.0004759058356285095,0.0021540916196378253,-0.5965642333030701,0.731255829334259,0.7430109977722168,-0.5971770286560059,1.3340330467763242,-0.0018622726202011108,0.0005630776286125183,0.0002894550561904907,-0.001249648630619049,0.002086873309931366,-0.6804633736610413,0.6263218522071838,0.670414388179779,-0.6762183904647827,1.3270706367089091,-0.04838689789175987,0.050890520215034485,-0.017716336995363235,0.020522546023130417,-0.01664433442056179,0.020413804799318314,-0.0016357749700546265,0.0007933005690574646,0.000581890344619751,-0.0009449198842048645,0.0020641552100038926,-0.6512160897254944,0.6588883399963379,0.5780495405197144,-0.7544960379600525,1.32463838471479,48.526162185000004,False,-0.00022314488887786865,-0.00023096799850463867,-0.00029355287551879883,-0.00030510127544403076,0.0005314128886419444,-0.029243526980280876,-0.03254227340221405,0.09236856549978256,0.07827766239643097,0.12861753739755863,ROA_1002_model21000_delay30,2426,2026-10-02_14-30-02,-0.04762043431401253,0.05095842853188515
-0.0014252960681915283,0.000809691846370697,0.0009760260581970215,-0.0003121793270111084,0.0019248285184725194,-0.6114746928215027,0.7417536973953247,0.7595270276069641,-0.6037279963493347,1.358316684258564,-0.0017451122403144836,0.00040009617805480957,0.00026747584342956543,-0.0010499730706214905,0.0018810046387241813,-0.6969608068466187,0.6393380165100098,0.6834622025489807,-0.685092031955719,1.3528052450420256,-0.0502014122903347,0.05194322019815445,-0.012067751958966255,0.013180546462535858,-0.010305635631084442,0.013275502249598503,-0.0015078112483024597,0.0006405636668205261,0.0005370005965232849,-0.0007431954145431519,0.0018287079309112614,-0.6731618046760559,0.6578825116157532,0.6047468185424805,-0.748582124710083,1.3438081875097847,48.546161571000006,False,-0.00023748725652694702,-0.00023711472749710083,-0.000268593430519104,-0.0003080815076828003,0.0005285439170352206,-0.023808328434824944,-0.018512830138206482,0.07869861274957657,0.06346777081489563,0.10550321204754416,ROA_1002_model21000_delay30,2427,2026-10-02_14-30-02,-0.05000115931034088,0.05233372375369072
-0.001553073525428772,0.0008802860975265503,0.0012855976819992065,-0.0004917383193969727,0.002248270249142694,-0.612119197845459,0.738013505935669,0.7747485637664795,-0.6059706211090088,1.3657090922865076,-0.001917220652103424,0.00043511390686035156,0.0006463378667831421,-0.0011432915925979614,0.0021988218287408053,-0.7012150883674622,0.6403121948242188,0.6967596411705017,-0.6915814876556396,1.3655232510625432,-0.057387664914131165,0.05889095366001129,-0.013784829527139664,0.014497427269816399,-0.011284731328487396,0.015073567628860474,-0.00166427344083786,0.0006824731826782227,0.0009026378393173218,-0.0008638948202133179,0.002156728510734627,-0.6857625842094421,0.6446372270584106,0.6400793194770813,-0.7334761023521423,1.3524241354105615,48.566160796000005,False,-0.0002522021532058716,-0.00024400651454925537,-0.0002600252628326416,-0.00028051435947418213,0.0005188918099249938,-0.015471129678189754,-0.004310160875320435,0.05667656287550926,0.04187598451972008,0.07205827702269227,ROA_1002_model21000_delay30,2428,2026-10-02_14-30-02,-0.058599986135959625,0.05874062329530716
-0.0017523765563964844,0.001015886664390564,0.0015702098608016968,-0.0007290393114089966,0.0026618922873262313,-0.6146207451820374,0.7355175614356995,0.7820613384246826,-0.6056725978851318,1.3693929623357057,-0.0021297484636306763,0.0005505979061126709,0.0009573996067047119,-0.001356750726699829,0.0026023629394679518,-0.7045231461524963,0.6393938660621643,0.7029734253883362,-0.6938390135765076,1.3711083068876155,-0.062017105519771576,0.06482962518930435,-0.01990334689617157,0.02259429171681404,-0.017926596105098724,0.023330435156822205,-0.001886114478111267,0.0008020550012588501,0.0012043863534927368,-0.0010833144187927246,0.00257882380364358,-0.6934105753898621,0.6390399932861328,0.6539560556411743,-0.7278620600700378,1.3574029232305507,48.586160182,False,-0.0002466142177581787,-0.00024996697902679443,-0.0002469867467880249,-0.00027529895305633545,0.0005098512874154743,-0.0111237158998847,0.0004060566134285182,0.049050893634557724,0.033974647521972656,0.06033816438380982,ROA_1002_model21000_delay30,2429,2026-10-02_14-30-02,-0.06394608318805695,0.06444095075130463
-0.0018429011106491089,0.001117214560508728,0.0016067177057266235,-0.000860169529914856,0.0028214100577433113,-0.620435893535614,0.7401872277259827,0.7765851616859436,-0.6064921617507935,1.3721521530206418,-0.0022076070308685303,0.0006612390279769897,0.0009544193744659424,-0.0015329569578170776,0.002751447119375438,-0.7137115597724915,0.6416942477226257,0.6990544199943542,-0.6960629820823669,1.3759028992519946,-0.05793185532093048,0.06260528415441513,-0.021521853283047676,0.02649366855621338,-0.020760050043463707,0.02721848338842392,-0.0019669532775878906,0.0009123235940933228,0.0012073665857315063,-0.0012464821338653564,0.002732869133364524,-0.6969403028488159,0.6469003558158875,0.6391479969024658,-0.7388181686401367,1.3612547058512625,48.606159535,False,-0.00023916363716125488,-0.0002462416887283325,-0.0002555549144744873,-0.00028759241104125977,0.0005154832539437732,-0.016767531633377075,-0.005181878339499235,0.059876587241888046,0.04275142773985863,0.07544436310998326,ROA_1002_model21000_delay30,2430,2026-10-02_14-30-02,-0.05953415483236313,0.062433697283267975
-0.0017447397112846375,0.0010332092642784119,0.0013595446944236755,-0.0006632879376411438,0.002527918208083451,-0.6312205791473389,0.7504205703735352,0.7755141258239746,-0.609571099281311,1.3835668314030503,-0.0020891427993774414,0.0005932524800300598,0.0006804242730140686,-0.0013846904039382935,0.0024652177467379592,-0.7264725565910339,0.6498991847038269,0.6984360218048096,-0.7019601464271545,1.3889075433854774,-0.050416745245456696,0.05723700299859047,-0.015396086499094963,0.022493477910757065,-0.015440983697772026,0.023126065731048584,-0.0018574297428131104,0.0008301809430122375,0.0009367242455482483,-0.0010835006833076477,0.0024359141883840097,-0.7034074068069458,0.6589833498001099,0.6265491247177124,-0.7526371479034424,1.3714402581352236,48.626159945000005,False,-0.00023506581783294678,-0.00023972243070602417,-0.0002553686499595642,-0.0003030523657798767,0.0005190414393006885,-0.02306327037513256,-0.009115785360336304,0.07190555334091187,0.05066021904349327,0.09121545365831871,ROA_1002_model21000_delay30,2431,2026-10-02_14-30-02,-0.051118120551109314,0.057349029928445816
-0.0016765668988227844,0.001014210283756256,0.001218542456626892,-0.000533275306224823,0.002363857336031143,-0.6438009142875671,0.7666181325912476,0.7820929884910583,-0.6187874674797058,1.4057981586785677,-0.001996941864490509,0.0006077811121940613,0.0005310401320457458,-0.001278892159461975,0.002311513701705756,-0.741142749786377,0.6651244759559631,0.7047205567359924,-0.7136855125427246,1.4127435941196995,-0.04708174988627434,0.054832588881254196,-0.008463179692626,0.015973037108778954,-0.00853062979876995,0.016589369624853134,-0.001769326627254486,0.0008348375558853149,0.0007873401045799255,-0.0009752810001373291,0.0022755553631456952,-0.7085837125778198,0.6813518404960632,0.6251539587974548,-0.7703210711479187,1.39396789850526,48.646159458,True,-0.00022724270820617676,-0.00022687017917633057,-0.00025406479835510254,-0.0003043562173843384,0.0005096860128714262,-0.03252364695072174,-0.01621060073375702,0.0796150341629982,0.056641172617673874,0.10411186280809483,ROA_1002_model21000_delay30,2432,2026-10-02_14-30-02,-0.047004301100969315,0.0546841099858284
-0.0017117708921432495,0.0010892748832702637,0.0013226643204689026,-0.0006031244993209839,0.0024905821431436192,-0.6503499746322632,0.7765795588493347,0.7935463786125183,-0.6276964545249939,1.424224198030807,-0.0020228326320648193,0.0006943941116333008,0.0006537884473800659,-0.001331418752670288,0.0024348186021744653,-0.7471441626548767,0.676006019115448,0.7131397128105164,-0.7240157127380371,1.4304833522305964,-0.050380103290081024,0.05820401385426521,-0.007035259157419205,0.01445784606039524,-0.006633074954152107,0.015050058253109455,-0.0017970800399780273,0.0009208917617797852,0.0009041279554367065,-0.0010395422577857971,0.0024063339501207677,-0.7128919959068298,0.6958748698234558,0.6383284330368042,-0.7799565196037292,1.4149225073055556,48.666164924,True,-0.00022649765014648438,-0.00022612512111663818,-0.00024940818548202515,-0.00029187649488449097,0.0004994516748861615,-0.034244731068611145,-0.019803641363978386,0.07470324635505676,0.0558905266225338,0.10124618309445003,ROA_1002_model21000_delay30,2433,2026-10-02_14-30-02,-0.05025915801525116,0.05753983557224274
-0.001710839569568634,0.0011198222637176514,0.0014614313840866089,-0.0007368624210357666,0.0026151600533541436,-0.6504319310188293,0.7783211469650269,0.7959380149841309,-0.6289481520652771,1.4269535584436424,-0.0020211562514305115,0.0007294118404388428,0.0007878988981246948,-0.0014554709196090698,0.0025482248768209123,-0.7448214888572693,0.6784833669662476,0.7150508165359497,-0.7236711382865906,1.4313212624493197,-0.05455432087182999,0.06048319861292839,-0.011501746252179146,0.017500581219792366,-0.011111598461866379,0.018104907125234604,-0.0017995014786720276,0.0009534880518913269,0.0010423362255096436,-0.0011730939149856567,0.0025328702596012147,-0.7131341695785522,0.7004402279853821,0.6422474384307861,-0.7827355861663818,1.4207458393252301,48.686158965000004,True,-0.00022742897272109985,-0.0002251937985420227,-0.00025331974029541016,-0.00028386712074279785,0.0004969497176330308,-0.03172643482685089,-0.022007150575518608,0.07281079888343811,0.0590793751180172,0.1013679694667145,ROA_1002_model21000_delay30,2434,2026-10-02_14-30-02,-0.05481626093387604,0.059527765959501266
-0.0016780570149421692,0.0010823830962181091,0.0014651566743850708,-0.0007536262273788452,0.0025858524130488118,-0.6483383178710938,0.7751993536949158,0.7896981835365295,-0.6250850558280945,1.4192881009550102,-0.0019960105419158936,0.0006835907697677612,0.0007849186658859253,-0.0014774501323699951,0.0025161579445226708,-0.7398649454116821,0.6763617992401123,0.709854006767273,-0.717464804649353,1.422055667470168,-0.05633360892534256,0.06212694197893143,-0.014464829117059708,0.020585477352142334,-0.014503128826618195,0.02110765129327774,-0.0017758458852767944,0.0009126961231231689,0.0010408461093902588,-0.0011920928955078125,0.0025047998083320075,-0.7143039107322693,0.6967912912368774,0.6380267143249512,-0.778518557548523,1.4151701800969267,48.706158415000004,True,-0.00021923333406448364,-0.00022891908884048462,-0.00025779008865356445,-0.0002849847078323364,0.0004980871619751392,-0.02557039074599743,-0.020429490134119987,0.07181242108345032,0.06104632839560509,0.09976974203697957,ROA_1002_model21000_delay30,2435,2026-10-02_14-30-02,-0.056506313383579254,0.06141597032546997
-0.0017110258340835571,0.001080147922039032,0.001459568738937378,-0.0007525086402893066,0.0026035780844693977,-0.6529558300971985,0.7740985155105591,0.7901526689529419,-0.6248429417610168,1.4212017036759128,-0.0020369887351989746,0.0006606802344322205,0.0007838010787963867,-0.001471489667892456,0.0025309341724947193,-0.7433797717094421,0.6754863858222961,0.7101967334747314,-0.7172487378120422,1.4234851822792336,-0.05436010658740997,0.06194779649376869,-0.013746501877903938,0.021486256271600723,-0.013810722157359123,0.021965205669403076,-0.0018209218978881836,0.000891461968421936,0.0010468065738677979,-0.0011857599020004272,0.0025251886876520723,-0.7237083911895752,0.6907079219818115,0.6393342614173889,-0.7774196267127991,1.4165665527225872,48.726162120000005,True,-0.0002169981598854065,-0.00023078173398971558,-0.0002592802047729492,-0.0002857297658920288,0.000499196667071713,-0.01967698149383068,-0.015234573744237423,0.07084384560585022,0.06011128053069115,0.09617865445367385,ROA_1002_model21000_delay30,2436,2026-10-02_14-30-02,-0.05436486005783081,0.0613715685904026
-0.001720711588859558,0.0010825693607330322,0.0014709308743476868,-0.0007767230272293091,0.002624926559563389,-0.657210111618042,0.7746200561523438,0.7901675701141357,-0.6256904006004333,1.4240498829863086,-0.002050958573818207,0.0006435438990592957,0.0008005648851394653,-0.0014973804354667664,0.0025491940375720295,-0.7474198341369629,0.6754342317581177,0.7099620699882507,-0.717667818069458,1.4256050949292671,-0.052397456020116806,0.06088442727923393,-0.012025706470012665,0.020080965012311935,-0.01162678562104702,0.020682256668806076,-0.0018382444977760315,0.0008802860975265503,0.0010633841156959534,-0.0012090429663658142,0.002547879339072922,-0.732134997844696,0.6870142817497253,0.6402488350868225,-0.7782056331634521,1.4195634619380393,48.746159298,True,-0.00021550804376602173,-0.00023767352104187012,-0.0002635642886161804,-0.00028889626264572144,0.0005058250998747966,-0.015318392775952816,-0.011572613380849361,0.06971322000026703,0.06054527685046196,0.09430060482861513,ROA_1002_model21000_delay30,2437,2026-10-02_14-30-02,-0.052419185638427734,0.060184575617313385
-0.00178460031747818,0.001144595444202423,0.0015132129192352295,-0.0008393079042434692,0.0027352911816031205,-0.6648823022842407,0.778121829032898,0.7928870320320129,-0.6271004676818848,1.4317651243962857,-0.0021249055862426758,0.0006988644599914551,0.0008566305041313171,-0.0015690922737121582,0.0026745901947467683,-0.7556397318840027,0.6784256100654602,0.7117353081703186,-0.7198731899261475,1.4332549030906718,-0.051162805408239365,0.06081860885024071,-0.010773727670311928,0.019386431202292442,-0.010081635788083076,0.020116031169891357,-0.001913309097290039,0.000934302806854248,0.0011123716831207275,-0.0012744218111038208,0.0026683872936466508,-0.7416605353355408,0.6883758902549744,0.6410441994667053,-0.781338632106781,1.4268732766939496,48.766160443000004,True,-0.00020656734704971313,-0.00023562461137771606,-0.00025704503059387207,-0.0002937391400337219,0.0005005435121076088,-0.014033167622983456,-0.009978189133107662,0.07066316902637482,0.061411406844854355,0.09517577141839499,ROA_1002_model21000_delay30,2438,2026-10-02_14-30-02,-0.05108501389622688,0.05978737771511078
-0.0018350780010223389,0.0011947005987167358,0.0015476718544960022,-0.0008849427103996277,0.002822565219461386,-0.6704925894737244,0.7806196212768555,0.7941145300865173,-0.6275288462638855,1.4367058599216032,-0.002177990972995758,0.0007428228855133057,0.0009037554264068604,-0.0016048550605773926,0.002764871346283181,-0.7608681321144104,0.6809048056602478,0.7124747633934021,-0.7203556299209595,1.4377642754385682,-0.050590354949235916,0.06069713085889816,-0.010404149070382118,0.019407927989959717,-0.00984158180654049,0.02010917291045189,-0.0019723549485206604,0.00097714364528656,0.0011537224054336548,-0.001309998333454132,0.0027592677266737513,-0.7495805025100708,0.6894264221191406,0.6433650255203247,-0.7810108065605164,1.432223115260915,48.786161941,True,-0.000208243727684021,-0.00023934990167617798,-0.0002473592758178711,-0.00029224902391433716,0.0004972312028006106,-0.01127831544727087,-0.008556991815567017,0.06909109652042389,0.06066448614001274,0.09302248594493599,ROA_1002_model21000_delay30,2439,2026-10-02_14-30-02,-0.05062436684966087,0.059405166655778885
-0.0018985942006111145,0.0012723729014396667,0.001578405499458313,-0.0009240582585334778,0.002925971629488934,-0.6789918541908264,0.7865614891052246,0.7975865006446838,-0.6300825476646423,1.447011827570129,-0.0022428110241889954,0.0008173286914825439,0.0009499490261077881,-0.0016333535313606262,0.0028739233598368136,-0.769508957862854,0.6863642334938049,0.7151066660881042,-0.7231775522232056,1.4475998689239404,-0.050225481390953064,0.0604361817240715,-0.009861048310995102,0.01878131553530693,-0.009334169328212738,0.01947314292192459,-0.0020371749997138977,0.0010542571544647217,0.0011917203664779663,-0.00134296715259552,0.002866876475904979,-0.7589403390884399,0.6952192187309265,0.6491504311561584,-0.7812864780426025,1.4427354934465173,48.806161838,True,-0.00020600855350494385,-0.00023748725652694702,-0.00024214386940002441,-0.0002903863787651062,0.000491706658905991,-0.010566785000264645,-0.008890405297279358,0.06594881415367126,0.05806795880198479,0.08894794048798536,ROA_1002_model21000_delay30,2440,2026-10-02_14-30-02,-0.050262682139873505,0.05894157290458679
-0.0019451603293418884,0.0013127923011779785,0.0016346573829650879,-0.0009648501873016357,0.00301697739709078,-0.6832014322280884,0.7882304191589355,0.7997210621833801,-0.6305798292160034,1.4513273204947326,-0.0022992491722106934,0.0008432194590568542,0.0010250136256217957,-0.0016618520021438599,0.002969621921007105,-0.7725469470024109,0.6887297630310059,0.7166191339492798,-0.7232706546783447,1.451145052419024,-0.05011342093348503,0.06004676967859268,-0.009384026750922203,0.018076827749609947,-0.008879408240318298,0.01869717612862587,-0.0020971521735191345,0.0010851770639419556,0.0012597069144248962,-0.0013763085007667542,0.002965511785607986,-0.7666293382644653,0.6946771740913391,0.6551350951194763,-0.778606116771698,1.447803354730785,48.826156392,True,-0.0001998618245124817,-0.00024065375328063965,-0.00023618340492248535,-0.00028405338525772095,0.00048407425582093955,-0.005919485818594694,-0.0059455628506839275,0.06150081381201744,0.05533173307776451,0.08315125151845226,ROA_1002_model21000_delay30,2441,2026-10-02_14-30-02,-0.05042959749698639,0.05844903737306595
-0.0019941478967666626,0.001342780888080597,0.0016983598470687866,-0.0010089948773384094,0.0031104235890549127,-0.684890866279602,0.787103533744812,0.8001718521118164,-0.6292573809623718,1.4512316389113074,-0.002356618642807007,0.0008597970008850098,0.0010974705219268799,-0.0016849488019943237,0.003058929051531428,-0.7737166881561279,0.6881132125854492,0.7166582942008972,-0.721473217010498,1.4506025000748064,-0.05045141652226448,0.06012985110282898,-0.009915918111801147,0.018321312963962555,-0.009309275075793266,0.018965352326631546,-0.002162531018257141,0.0011011958122253418,0.0013295561075210571,-0.0014137476682662964,0.0030635152640206397,-0.7721893191337585,0.6904918551445007,0.6590391993522644,-0.7743574380874634,1.4481996760183373,48.846156033,True,-0.00019837170839309692,-0.0002427026629447937,-0.00022836029529571533,-0.00027492642402648926,0.00047537922389849713,-0.0015310941962525249,-0.0023655593395233154,0.05763209983706474,0.052846964448690414,0.07824128712878589,ROA_1002_model21000_delay30,2442,2026-10-02_14-30-02,-0.050857674330472946,0.05851014703512192
-0.0020680949091911316,0.001393631100654602,0.0017872080206871033,-0.0010659918189048767,0.0032468305676295077,-0.6875767707824707,0.7871295809745789,0.8030980229377747,-0.6295181512832642,1.454239409694845,-0.002436339855194092,0.0008959323167800903,0.0011973083019256592,-0.0017266720533370972,0.0031920872649243482,-0.7765926122665405,0.6880312561988831,0.7188971638679504,-0.721581220626831,1.4532476229774438,-0.05097376927733421,0.06019434705376625,-0.010703636333346367,0.01860741153359413,-0.009988337755203247,0.01932225003838539,-0.0022450461983680725,0.0011440366506576538,0.0014210119843482971,-0.0014569610357284546,0.0031978693279722556,-0.7787197232246399,0.6870105266571045,0.6652827858924866,-0.7713212966918945,1.451253423950474,48.866154939000005,True,-0.00019203871488571167,-0.0002479180693626404,-0.00022631138563156128,-0.00026635825634002686,0.0004694617922861018,0.002169981598854065,0.001041218638420105,0.05358084663748741,0.04970840737223625,0.07312399507364477,ROA_1002_model21000_delay30,2443,2026-10-02_14-30-02,-0.05155908316373825,0.05841292440891266
-0.002117268741130829,0.0014178454875946045,0.0018360093235969543,-0.001080334186553955,0.0033199571788867185,-0.68852299451828,0.7857102751731873,0.8056461215019226,-0.6289332509040833,1.4550393866200144,-0.0024955719709396362,0.0009085983037948608,0.0012608245015144348,-0.0017251819372177124,0.0032687877749289765,-0.777833104133606,0.6867218613624573,0.7199104428291321,-0.7217600345611572,1.4538549223055317,-0.051338985562324524,0.06051918864250183,-0.010955022647976875,0.01882965862751007,-0.010211532935500145,0.019583461806178093,-0.002305954694747925,0.0011537224054336548,0.001483038067817688,-0.001461803913116455,0.003275356975713304,-0.7832552790641785,0.6817318201065063,0.6701852679252625,-0.7681306004524231,1.4517152687642438,48.886155029,True,-0.0001903623342514038,-0.0002469867467880249,-0.00022482126951217651,-0.0002592802047729492,0.0004635017346705357,0.005403533112257719,0.00495836092159152,0.0497773252427578,0.04637986049056053,0.06842992031965603,ROA_1002_model21000_delay30,2444,2026-10-02_14-30-02,-0.0519978404045105,0.05858578905463219
-0.0020677223801612854,0.001360476016998291,0.0018259510397911072,-0.00106077641248703,0.0032523409417102678,-0.6818454265594482,0.7797013521194458,0.8000563383102417,-0.6248596906661987,1.4438244049008264,-0.0024529173970222473,0.0008454546332359314,0.0012518838047981262,-0.0017056241631507874,0.0032024246430185773,-0.7708426117897034,0.6813797950744629,0.7145981788635254,-0.7172952890396118,1.4427565975727517,-0.05190923064947128,0.0608159601688385,-0.011513208970427513,0.019170083105564117,-0.010775245726108551,0.019923552870750427,-0.002263672649860382,0.0010935589671134949,0.001473352313041687,-0.001448020339012146,0.003212229089906004,-0.7780678272247314,0.6744078993797302,0.6640254855155945,-0.7658600211143494,1.4412259071798812,48.906155667,True,-0.0001866370439529419,-0.0002481043338775635,-0.00022388994693756104,-0.0002566725015640259,0.0004605661810509122,0.007199123036116362,0.007003545295447111,0.05058571323752403,0.048546116799116135,0.07082734137151399,ROA_1002_model21000_delay30,2445,2026-10-02_14-30-02,-0.052544966340065,0.05899367481470108
-0.0020559877157211304,0.001339055597782135,0.0017950311303138733,-0.0010423362255096436,0.003212814478212085,-0.676978349685669,0.775571882724762,0.7950718998908997,-0.6224326491355896,1.4355739712738231,-0.002427399158477783,0.0008353963494300842,0.001210719347000122,-0.001704879105091095,0.0031596122851845336,-0.7664058208465576,0.677550196647644,0.7097198963165283,-0.7154289484024048,1.4351951498370854,-0.05153016746044159,0.060945168137550354,-0.011917149648070335,0.020133711397647858,-0.011191867291927338,0.020900040864944458,-0.002243742346763611,0.001076236367225647,0.0014297664165496826,-0.0014444813132286072,0.003167751327461712,-0.7710028290748596,0.6719417572021484,0.6556603908538818,-0.7666404843330383,1.4326694119440941,48.926156061,True,-0.0001819804310798645,-0.00024400651454925537,-0.00021886080503463745,-0.0002596527338027954,0.000455843753507485,0.004613772034645081,0.005625187885016203,0.05408003553748131,0.05117803439497948,0.07480603358676269,ROA_1002_model21000_delay30,2446,2026-10-02_14-30-02,-0.051863230764865875,0.05926501005887985
-0.0019844621419906616,0.0012584030628204346,0.0017423182725906372,-0.0009996816515922546,0.0030906543784160263,-0.6688050627708435,0.7695685625076294,0.7885153889656067,-0.6197038888931274,1.423752843875405,-0.0023446977138519287,0.0007653608918190002,0.0011535361409187317,-0.0016694888472557068,0.0030335683460175926,-0.7583721876144409,0.6719939112663269,0.7036178708076477,-0.7128901481628418,1.4239828161522783,-0.05128227546811104,0.06032375618815422,-0.012176979333162308,0.020118925720453262,-0.011392075568437576,0.020930767059326172,-0.002164393663406372,0.0010009855031967163,0.0013709068298339844,-0.0014122575521469116,0.003042009584492737,-0.760795533657074,0.6671063303947449,0.6466023325920105,-0.7663462162017822,1.4204998901399333,48.946155655000005,True,-0.0001782551407814026,-0.00023748725652694702,-0.0002171844244003296,-0.0002596527338027954,0.00045013929726933817,0.0024456530809402466,0.004880130290985107,0.05700438842177391,0.05347467586398125,0.07832813335648094,ROA_1002_model21000_delay30,2447,2026-10-02_14-30-02,-0.05150021240115166,0.0586659237742424
-0.001878105103969574,0.0011371448636054993,0.0016830861568450928,-0.0009223818778991699,0.0029154871809665664,-0.6569977402687073,0.7594599723815918,0.7834191918373108,-0.6170756816864014,1.408847125669679,-0.002236105501651764,0.0006485730409622192,0.0010961666703224182,-0.0015845522284507751,0.0028546072327420013,-0.7464512586593628,0.6627346873283386,0.6993505954742432,-0.7096640467643738,1.4095787884228075,-0.051150597631931305,0.05994615703821182,-0.012198446318507195,0.020172398537397385,-0.011437756940722466,0.020991738885641098,-0.002058781683444977,0.000879727303981781,0.001309998333454132,-0.0013355165719985962,0.0028637710165576144,-0.7484182119369507,0.655949056148529,0.6414781808853149,-0.7631405591964722,1.4045694009666703,48.966158513,True,-0.00017601996660232544,-0.0002302229404449463,-0.00021345913410186768,-0.0002522021532058716,0.00043936255008047515,0.0020209699869155884,0.0067688520066440105,0.05784071609377861,0.05347840115427971,0.07900962130309501,ROA_1002_model21000_delay30,2448,2026-10-02_14-30-02,-0.05149707943201065,0.058138731867074966
-0.0018073245882987976,0.0010149553418159485,0.0016715377569198608,-0.0008633360266685486,0.0027988525762764997,-0.6403214931488037,0.7467381358146667,0.7791034579277039,-0.6149820685386658,1.3908863555005966,-0.0021651387214660645,0.0005289912223815918,0.0010825693607330322,-0.0015225261449813843,0.0027319708308177135,-0.7298774719238281,0.650770902633667,0.6955731511116028,-0.7069687843322754,1.3920417579697255,-0.05076408013701439,0.05983489379286766,-0.0119525957852602,0.020780988037586212,-0.011226341128349304,0.021602384746074677,-0.001989491283893585,0.0007584691047668457,0.0012960284948349,-0.001274608075618744,0.0027416942108036122,-0.731073260307312,0.6448756456375122,0.6373356580734253,-0.760795533657074,1.3872217966635787,48.986156475,True,-0.00017434358596801758,-0.00023059546947479248,-0.00021383166313171387,-0.0002469867467880249,0.00043599429331689057,0.0011902302503585815,0.005876644980162382,0.05824863538146019,0.05380808934569359,0.07944745617758217,ROA_1002_model21000_delay30,2449,2026-10-02_14-30-02,-0.051291242241859436,0.05784093588590622
-0.0017611309885978699,0.0009221956133842468,0.0015888363122940063,-0.0007504597306251526,0.0026526757969495976,-0.6255842447280884,0.7380936145782471,0.7719676494598389,-0.6116349101066589,1.3739042406390627,-0.002115219831466675,0.00044927000999450684,0.0009991228580474854,-0.001397356390953064,0.002585941232135913,-0.7155965566635132,0.6411950588226318,0.6897411942481995,-0.7031522393226624,1.3752867738360255,-0.05013221129775047,0.059131722897291183,-0.011871283873915672,0.021092910319566727,-0.011257916688919067,0.021875467151403427,-0.0019382685422897339,0.0006752088665962219,0.00121239572763443,-0.0011563301086425781,0.002592015742854054,-0.713853120803833,0.640496551990509,0.6318054795265198,-0.7548518180847168,1.3708465425653829,49.006156773,True,-0.00017713755369186401,-0.00022668391466140747,-0.00021457672119140625,-0.0002386048436164856,0.00043071994665243096,-0.001741573098115623,0.0007208436145447195,0.05790218338370323,0.05170516297221184,0.07763219459983049,ROA_1002_model21000_delay30,2450,2026-10-02_14-30-02,-0.050662022083997726,0.05721846967935562
-0.0017704442143440247,0.0008819624781608582,0.0015150755643844604,-0.0006549060344696045,0.002575262122854426,-0.6165187358856201,0.7340330481529236,0.7688514590263367,-0.6103292107582092,1.3651195898747182,-0.0021249055862426758,0.0004149973392486572,0.0009126961231231689,-0.0012900680303573608,0.0025097005125122155,-0.706512451171875,0.6363279819488525,0.6873924136161804,-0.703180193901062,1.367170902830241,-0.048812977969646454,0.058627404272556305,-0.010710738599300385,0.02115679904818535,-0.01013532467186451,0.021907072514295578,-0.001942366361618042,0.0006411224603652954,0.0011341646313667297,-0.0010536983609199524,0.002510825852171865,-0.7030274271965027,0.6387140154838562,0.6296969652175903,-0.7493216395378113,1.360816288057525,49.026156527000005,True,-0.0001825392246246338,-0.00022761523723602295,-0.0002205371856689453,-0.0002345070242881775,0.0004341308827104943,-0.0035092232283204794,-0.0024456530809402466,0.05771033093333244,0.04612281545996666,0.07400009392545426,ROA_1002_model21000_delay30,2451,2026-10-02_14-30-02,-0.04921673238277435,0.05677108094096184
-0.0017179176211357117,0.0008130446076393127,0.0014143064618110657,-0.0005517154932022095,0.0024310542396794588,-0.6047859787940979,0.7294900417327881,0.7662568092346191,-0.6097461581230164,1.355421796741075,-0.0020656734704971313,0.00036712735891342163,0.0008054077625274658,-0.0011747702956199646,0.002371273802360167,-0.6967614889144897,0.6294603943824768,0.6845835447311401,-0.7045753002166748,1.3582438531663503,-0.04729785770177841,0.05767957121133804,-0.00915473885834217,0.020484894514083862,-0.008591905236244202,0.02121720463037491,-0.001876242458820343,0.000589713454246521,0.0010348856449127197,-0.0009413808584213257,0.0023634754962055613,-0.6866250038146973,0.6379503607749939,0.6277821660041809,-0.7448065876960754,1.3492683678617228,49.046163161,True,-0.00018961727619171143,-0.00022482126951217651,-0.0002298504114151001,-0.0002337619662284851,0.000440109399467229,-0.010114162229001522,-0.008471310138702393,0.05679018422961235,0.040253620594739914,0.07084100862900304,ROA_1002_model21000_delay30,2452,2026-10-02_14-30-02,-0.04774238169193268,0.05577192083001137
-0.0016646459698677063,0.0007655471563339233,0.0013688579201698303,-0.0004902482032775879,0.0023369601073186287,-0.5955547094345093,0.7262881398200989,0.7648076415061951,-0.6101745963096619,1.348755946631196,-0.0020051375031471252,0.00033676624298095703,0.000737607479095459,-0.0011127442121505737,0.0022700987097022934,-0.689005434513092,0.6247199773788452,0.684611439704895,-0.7053110599517822,1.3525175669115095,-0.045799970626831055,0.05647042393684387,-0.007772551849484444,0.01970430091023445,-0.007204856723546982,0.020423877984285355,-0.0018024817109107971,0.0005599111318588257,0.0009767711162567139,-0.0008840113878250122,0.0022544441901471276,-0.6714220643043518,0.6390772461891174,0.624356746673584,-0.7453728318214417,1.3412338682494664,49.066158628000004,True,-0.00019874423742294312,-0.00022314488887786865,-0.00023934990167617798,-0.0002294778823852539,0.0004460217246944057,-0.01757219433784485,-0.014381482265889645,0.06025097891688347,0.040059905499219894,0.07580228663042786,ROA_1002_model21000_delay30,2453,2026-10-02_14-30-02,-0.04631499573588371,0.05464237183332443
-0.0015592202544212341,0.0006919726729393005,0.0012323260307312012,-0.0003779307007789612,0.0021345301141640813,-0.5893762707710266,0.7273871302604675,0.7608830332756042,-0.6106998324394226,1.3444831936873294,-0.0018863007426261902,0.0002859160304069519,0.0005720183253288269,-0.0010283663868904114,0.002070988849576871,-0.6838980913162231,0.6247032284736633,0.6829760670661926,-0.705731987953186,1.349356455352602,-0.04464105889201164,0.05472699552774429,-0.006989439949393272,0.018522677943110466,-0.006544634699821472,0.019200757145881653,-0.001683458685874939,0.0005045905709266663,0.0008217990398406982,-0.0007875263690948486,0.0020459442827327583,-0.6580091714859009,0.645872175693512,0.6149858236312866,-0.7506031394004822,1.3366021206320216,49.086158158,True,-0.00020638108253479004,-0.00022016465663909912,-0.0002469867467880249,-0.00023692846298217773,0.00045613466246919264,-0.025907529518008232,-0.021142883226275444,0.06800703704357147,0.0448618046939373,0.0880111012570134,ROA_1002_model21000_delay30,2454,2026-10-02_14-30-02,-0.045121315866708755,0.053158294409513474
-0.0014789402484893799,0.0006571412086486816,0.0011924654245376587,-0.0003520399332046509,0.0020367460177104276,-0.5852169990539551,0.7305442690849304,0.7591582536697388,-0.6121490001678467,1.3438269013203443,-0.0018028542399406433,0.0002739951014518738,0.0005170702934265137,-0.0009978190064430237,0.0019699293583746256,-0.6810985207557678,0.6266440749168396,0.6829052567481995,-0.7060467600822449,1.3490363572278075,-0.045126643031835556,0.05297223478555679,-0.007526826113462448,0.016995644196867943,-0.007117806002497673,0.017669739201664925,-0.0015828758478164673,0.0004930421710014343,0.0007739290595054626,-0.0007646158337593079,0.001936234589151371,-0.6470679640769958,0.6555765271186829,0.6132572889328003,-0.7525104880332947,1.336712814027842,49.106157912,True,-0.0002164393663406372,-0.0002166256308555603,-0.000256858766078949,-0.00023525208234786987,0.00046366886126898216,-0.03400444984436035,-0.029021872207522392,0.06963126361370087,0.04649906978011131,0.09480369938870412,ROA_1002_model21000_delay30,2455,2026-10-02_14-30-02,-0.04562586173415184,0.051671821624040604
-0.001504644751548767,0.000644288957118988,0.0013129785656929016,-0.00040903687477111816,0.002135095990157519,-0.5806125402450562,0.7251351475715637,0.7641892433166504,-0.6126518845558167,1.3417861636302704,-0.001854822039604187,0.000233575701713562,0.0006563961505889893,-0.001010112464427948,0.0020614949104302044,-0.6764959096908569,0.6203148365020752,0.6871334910392761,-0.7058083415031433,1.3458475707087536,-0.045424312353134155,0.050995517522096634,-0.008159013465046883,0.015534596517682076,-0.007509190589189529,0.01631023734807968,-0.0016206875443458557,0.0004649162292480469,0.0009171664714813232,-0.0007880851626396179,0.002032179698249254,-0.6481893062591553,0.6450284123420715,0.6298925280570984,-0.742988646030426,1.3348504346618122,49.126157378,True,-0.0002343207597732544,-0.00022761523723602295,-0.000260770320892334,-0.00021979212760925293,0.00047196161367189045,-0.028351319953799248,-0.02477317862212658,0.05724094435572624,0.03721937537193298,0.07783048224004008,ROA_1002_model21000_delay30,2456,2026-10-02_14-30-02,-0.04654701054096222,0.049790993332862854
-0.0016044825315475464,0.0007145106792449951,0.0013925135135650635,-0.0004498288035392761,0.002282981965723254,-0.5857776403427124,0.7264278531074524,0.7708500623703003,-0.6116777658462524,1.3478905014053573,-0.0019805505871772766,0.00028833746910095215,0.0007640570402145386,-0.0009980052709579468,0.0022280367690194784,-0.6819273829460144,0.6211400032043457,0.6926078200340271,-0.7046665549278259,1.3511895568065697,-0.04413050785660744,0.04968012124300003,-0.008127644658088684,0.015086738392710686,-0.007054349407553673,0.016093384474515915,-0.0017292797565460205,0.0005250796675682068,0.0010214745998382568,-0.0007957220077514648,0.0021899050547721363,-0.6556007862091064,0.6415433883666992,0.6477478742599487,-0.7303599119186401,1.3387157355685178,49.146155532,True,-0.0002562999725341797,-0.00023581087589263916,-0.00025890767574310303,-0.00020153820514678955,0.0004780802926807229,-0.026337800547480583,-0.02041458897292614,0.044867392629384995,0.02571008913218975,0.061395423134090694,ROA_1002_model21000_delay30,2457,2026-10-02_14-30-02,-0.0457884781062603,0.04862576723098755
-0.00163298100233078,0.0007398426532745361,0.0013805925846099854,-0.00043660402297973633,0.0023005817544402506,-0.5942434072494507,0.7322523593902588,0.7763709425926208,-0.6109606027603149,1.3573635899165999,-0.002023763954639435,0.0003119930624961853,0.0007675960659980774,-0.0009560957551002502,0.00226642581504407,-0.6923190951347351,0.6253514289855957,0.6965119242668152,-0.7045436501502991,1.3602970082756547,-0.04293375834822655,0.04840819537639618,-0.00683903694152832,0.013480527326464653,-0.005809457041323185,0.014545855112373829,-0.0017508864402770996,0.0005554407835006714,0.0010253861546516418,-0.0007661059498786926,0.0022114806535532892,-0.6640441417694092,0.6436966061592102,0.6596966981887817,-0.7222331762313843,1.3455306053424643,49.166156502,True,-0.00027529895305633545,-0.00024028122425079346,-0.00025760382413864136,-0.00018924474716186523,0.00048506683444170045,-0.028273088857531548,-0.01840852200984955,0.036854296922683716,0.0177137553691864,0.052905455645841044,ROA_1002_model21000_delay30,2458,2026-10-02_14-30-02,-0.044874075800180435,0.04761074483394623
-0.001629069447517395,0.0007886439561843872,0.0013200566172599792,-0.0004345551133155823,0.002277238193520244,-0.6017554402351379,0.7423832416534424,0.7776375412940979,-0.6108134984970093,1.366564547600948,-0.001996941864490509,0.00039320439100265503,0.0006956979632377625,-0.0009596347808837891,0.0022379552210433314,-0.7033179998397827,0.6331298351287842,0.6976891160011292,-0.7045193910598755,1.370068178136233,-0.042128220200538635,0.04803716763854027,-0.006007718853652477,0.012744441628456116,-0.005068505182862282,0.013827222399413586,-0.001716427505016327,0.0006206333637237549,0.0009616836905479431,-0.0007690861821174622,0.0021765164151223058,-0.6627570390701294,0.6604846119880676,0.6576384902000427,-0.7257013916969299,1.3540432427576754,49.186157856,True,-0.0002767890691757202,-0.00022761523723602295,-0.0002639368176460266,-0.00018868595361709595,0.00048313759216129674,-0.04059448465704918,-0.02739950828254223,0.04007666930556297,0.021204350516200066,0.06664631436220567,ROA_1002_model21000_delay30,2459,2026-10-02_14-30-02,-0.04389684274792671,0.0476982481777668
-0.0015594065189361572,0.0008046627044677734,0.001268833875656128,-0.00045336782932281494,0.0022078237666931064,-0.6014220118522644,0.7498226761817932,0.7747206687927246,-0.6126258373260498,1.3694438210699826,-0.001866370439529419,0.0004725530743598938,0.0005906447768211365,-0.0010283663868904114,0.0021254475682205972,-0.7068235278129578,0.6382278800010681,0.6974562406539917,-0.7049403786659241,1.374345612668616,-0.04316163435578346,0.047749001532793045,-0.006863433867692947,0.012057596817612648,-0.005971143953502178,0.013214394450187683,-0.0016011297702789307,0.000688992440700531,0.0008683651685714722,-0.0008301809430122375,0.002087826995601696,-0.6455368995666504,0.6851944923400879,0.64206862449646,-0.741820752620697,1.3593893366671514,49.206155818000006,True,-0.0002693384885787964,-0.00021811574697494507,-0.0002779066562652588,-0.00019613653421401978,0.00048534711474446557,-0.061312686651945114,-0.046929340809583664,0.05537457391619682,0.03686174750328064,0.10186113395100788,ROA_1002_model21000_delay30,2460,2026-10-02_14-30-02,-0.04458397254347801,0.04792528599500656
-0.0014917925000190735,0.000825151801109314,0.0012323260307312012,-0.00047907233238220215,0.0021528484451349243,-0.6022285223007202,0.7567833662033081,0.7743779420852661,-0.616824209690094,1.3752052847187874,-0.0017624348402023315,0.0005394220352172852,0.0005204230546951294,-0.0010922551155090332,0.0020543559500580716,-0.7096081376075745,0.6446372270584106,0.6987414956092834,-0.7085352540016174,1.3812771231832681,-0.045646730810403824,0.04705959931015968,-0.009241335093975067,0.011107691563665867,-0.008415799587965012,0.012363744899630547,-0.0015009194612503052,0.0007497146725654602,0.0008080154657363892,-0.0008866190910339355,0.002031365857084706,-0.6348900198936462,0.7040835618972778,0.6326808929443359,-0.7562581300735474,1.3676210836969735,49.22615522,True,-0.00026226043701171875,-0.00020526349544525146,-0.0002870336174964905,-0.0002076849341392517,0.0004861596294224947,-0.07476471364498138,-0.05940161272883415,0.0661071389913559,0.047691162675619125,0.1255174539170134,ROA_1002_model21000_delay30,2461,2026-10-02_14-30-02,-0.046565305441617966,0.04738524556159973
-0.001430697739124298,0.0008074566721916199,0.0012135133147239685,-0.0004919245839118958,0.0020966999623254416,-0.5969777703285217,0.7546245455741882,0.7697455286979675,-0.6151105761528015,1.3683302894568818,-0.001683458685874939,0.0005379319190979004,0.00048726797103881836,-0.001119263470172882,0.0019866863900648703,-0.7045417428016663,0.6421003341674805,0.6944834589958191,-0.7064751982688904,1.3742870716542546,-0.0480269230902195,0.04634653776884079,-0.012018783017992973,0.010774161666631699,-0.01120741292834282,0.012131929397583008,-0.0014234334230422974,0.0007420778274536133,0.0007754191756248474,-0.0009087845683097839,0.001967424225743816,-0.6269216537475586,0.7060467600822449,0.6265509724617004,-0.7570329904556274,1.3625852272897105,49.246156126,True,-0.0002600252628326416,-0.0002076849341392517,-0.0002913177013397217,-0.00020917505025863647,0.0004890912321051403,-0.07763318717479706,-0.0639352947473526,0.06792321801185608,0.05056149885058403,0.13143277715034093,ROA_1002_model21000_delay30,2462,2026-10-02_14-30-02,-0.048884764313697815,0.04705272614955902
-0.0014347955584526062,0.0008063390851020813,0.0012336298823356628,-0.0005044043064117432,0.0021139186016084595,-0.5968995094299316,0.7510762214660645,0.7717385292053223,-0.6150007247924805,1.3674993455639826,-0.0017002224922180176,0.0005181878805160522,0.0005073845386505127,-0.0011298805475234985,0.002001808947489768,-0.7037110328674316,0.6387158632278442,0.6961281895637512,-0.7063373327255249,1.3730316671697393,-0.047964081168174744,0.045138053596019745,-0.012897131964564323,0.01039242371916771,-0.01175016537308693,0.011924820020794868,-0.0014379620552062988,0.0007325783371925354,0.0008028000593185425,-0.0009143725037574768,0.0019877912260549495,-0.6317048668861389,0.6977300643920898,0.6319991946220398,-0.7531865835189819,1.3608586826552154,49.266155337,True,-0.00026151537895202637,-0.00021383166313171387,-0.00029280781745910645,-0.00021532177925109863,0.0004960370651876322,-0.07198192179203033,-0.0590253584086895,0.06416626274585724,0.04680268093943596,0.12231714754767493,ROA_1002_model21000_delay30,2463,2026-10-02_14-30-02,-0.04890734329819679,0.04588840901851654
-0.0015482306480407715,0.0008210539817810059,0.0013452023267745972,-0.0005245208740234375,0.0022669808856742384,-0.5990080237388611,0.7443912029266357,0.7823370099067688,-0.6168465614318848,1.3716394964939196,-0.001856870949268341,0.0004773959517478943,0.0006439164280891418,-0.0011106953024864197,0.0021595635772985672,-0.704465389251709,0.6326380968093872,0.7045789957046509,-0.7095857858657837,1.376553455759863,-0.04739736393094063,0.04455433413386345,-0.012759769335389137,0.01004432886838913,-0.010799393057823181,0.011875998228788376,-0.0015873461961746216,0.0007079914212226868,0.00093802809715271,-0.0009076669812202454,0.002143211031858228,-0.6462558507919312,0.6770156025886536,0.6508696675300598,-0.7456112504005432,1.3618548667408235,49.286154899,True,-0.000272504985332489,-0.00022910535335540771,-0.00029336661100387573,-0.0002080574631690979,0.0005056358728858901,-0.05819089338183403,-0.0443682037293911,0.05370936915278435,0.03599934279918671,0.09760456309144777,ROA_1002_model21000_delay30,2464,2026-10-02_14-30-02,-0.049012940376996994,0.045384183526039124
-0.001551210880279541,0.0008285045623779297,0.0013316050171852112,-0.0005185604095458984,0.0022621449269361596,-0.6002951264381409,0.7448885440826416,0.7832757830619812,-0.6176996827125549,1.3734315076875807,-0.0018473714590072632,0.0004854053258895874,0.0006087124347686768,-0.0011261552572250366,0.002143259901292159,-0.706417441368103,0.6325914859771729,0.7060654163360596,-0.7105134129524231,1.378748856521262,-0.04690561071038246,0.044251974672079086,-0.012658942490816116,0.009879074990749359,-0.01040690764784813,0.011917195282876492,-0.0015811994671821594,0.0007130205631256104,0.0009149312973022461,-0.0009100884199142456,0.0021301567876625444,-0.6472784876823425,0.6768349409103394,0.648604691028595,-0.7489826083183289,1.3629411785451562,49.306154205000006,True,-0.0002637505531311035,-0.000225752592086792,-0.0003028661012649536,-0.00021550804376602173,0.0005081191353922738,-0.05917809531092644,-0.04423409327864647,0.057499852031469345,0.03846175968647003,0.10117934293223797,ROA_1002_model21000_delay30,2465,2026-10-02_14-30-02,-0.04855296015739441,0.04536238685250282
-0.0014699995517730713,0.0007912516593933105,0.0012522563338279724,-0.00047013163566589355,0.0021345789445638315,-0.5990210771560669,0.7472615242004395,0.7795541882514954,-0.6177965402603149,1.3720885968647933,-0.0017406418919563293,0.00047516077756881714,0.0004950910806655884,-0.0011222437024116516,0.0020067611068938485,-0.7064025402069092,0.6349067687988281,0.7042586207389832,-0.7100496292114258,1.37865964993284,-0.04702581837773323,0.04430434852838516,-0.012351999059319496,0.009337914176285267,-0.009975671768188477,0.011500319465994835,-0.0014863908290863037,0.0006940215826034546,0.000805780291557312,-0.0008909031748771667,0.0019968071927555986,-0.6397832036018372,0.6853621006011963,0.635201096534729,-0.7588211297988892,1.3627105228980543,49.326153511,True,-0.0002477318048477173,-0.0002207234501838684,-0.0003162771463394165,-0.00022724270820617676,0.0005109410462112465,-0.06668269634246826,-0.05042366310954094,0.06902962923049927,0.04874541983008385,0.11885529258744296,ROA_1002_model21000_delay30,2466,2026-10-02_14-30-02,-0.04828668385744095,0.045915476977825165
-0.0014005228877067566,0.0007702037692070007,0.0012053176760673523,-0.00046584755182266235,0.0020509473508801726,-0.5985758900642395,0.7502697110176086,0.7761939764022827,-0.6183981895446777,1.3719212782612114,-0.0016437843441963196,0.00047106295824050903,0.0004155561327934265,-0.0011507421731948853,0.0019047823903050299,-0.7058306932449341,0.6383377909660339,0.7021389603614807,-0.710029125213623,1.3788899564363475,-0.04729517549276352,0.04393358156085014,-0.0128168985247612,0.009021238423883915,-0.010194068774580956,0.01133187860250473,-0.00140313059091568,0.0006856396794319153,0.0007402151823043823,-0.0009078532457351685,0.0019105262360745734,-0.6340294480323792,0.6939600706100464,0.6244685053825378,-0.7667000889778137,1.3637695969558747,49.346157105,True,-0.00023934990167617798,-0.00021606683731079102,-0.0003246590495109558,-0.00024065375328063965,0.0005164306803145773,-0.0718049705028534,-0.05556828901171684,0.07766857743263245,0.05660764500498772,0.13220064824265396,ROA_1002_model21000_delay30,2467,2026-10-02_14-30-02,-0.048567503690719604,0.04586197808384895
-0.001356564462184906,0.0007672235369682312,0.001158006489276886,-0.0004544854164123535,0.001989410442607945,-0.5989651679992676,0.7538701891899109,0.7741227149963379,-0.6194989681243896,1.3733816527608793,-0.0015800818800926208,0.00048764050006866455,0.00035334378480911255,-0.0011611729860305786,0.0018420422943896072,-0.7060821652412415,0.6424933075904846,0.7012038826942444,-0.7103308439254761,1.3806665881137077,-0.047876980155706406,0.043538227677345276,-0.013170814141631126,0.008400330320000648,-0.010885199531912804,0.010854668915271759,-0.0013517215847969055,0.0006956979632377625,0.0006770715117454529,-0.000910833477973938,0.0018522316647465286,-0.6298478245735168,0.7022376656532288,0.6160567998886108,-0.7741823196411133,1.3664224047335327,49.366156731000004,True,-0.00023227185010910034,-0.0002123415470123291,-0.0003252178430557251,-0.0002477318048477173,0.0005154392845070566,-0.07627718150615692,-0.059774141758680344,0.08512287586927414,0.06382912397384644,0.14390584492301764,ROA_1002_model21000_delay30,2468,2026-10-02_14-30-02,-0.048861466348171234,0.04555518552660942
-0.0013049691915512085,0.000735744833946228,0.0011375173926353455,-0.00044070184230804443,0.0019271667548366894,-0.5961507558822632,0.7531102299690247,0.7717236280441284,-0.6188973784446716,1.3700971025836433,-0.0015128403902053833,0.00045709311962127686,0.0003302469849586487,-0.0011539086699485779,0.0017675298473277133,-0.7022116184234619,0.6422362923622131,0.6988867521286011,-0.7088146805763245,1.37665117678915,-0.04834156855940819,0.04288795217871666,-0.013413498178124428,0.007750307209789753,-0.011445106938481331,0.010325271636247635,-0.0012854114174842834,0.0006727874279022217,0.0006485730409622192,-0.0009054318070411682,0.0017829436060270757,-0.6254873871803284,0.7034018039703369,0.6131585240364075,-0.7741562724113464,1.3637388237427424,49.386154853,True,-0.00022612512111663818,-0.00021364539861679077,-0.00031869858503341675,-0.000243261456489563,0.000506809306743143,-0.0766851007938385,-0.06116926297545433,0.08571519702672958,0.06528384983539581,0.14570077972524587,ROA_1002_model21000_delay30,2469,2026-10-02_14-30-02,-0.04944394528865814,0.04513300582766533
-0.0013122335076332092,0.0007107853889465332,0.0011783093214035034,-0.0004414469003677368,0.0019475312514867385,-0.5938596725463867,0.7492061257362366,0.773914098739624,-0.61887127161026,1.3681540940238375,-0.0015301629900932312,0.0004127621650695801,0.00039711594581604004,-0.001122988760471344,0.0017798354721748303,-0.6985496282577515,0.639026939868927,0.7002576589584351,-0.7084905505180359,1.3738466705416752,-0.04802573472261429,0.04236343502998352,-0.012820610776543617,0.0072518037632107735,-0.01108541153371334,0.009939889423549175,-0.001305900514125824,0.000636465847492218,0.0007076188921928406,-0.0008920207619667053,0.0018027184398364193,-0.6273109316825867,0.6950255036354065,0.6209835410118103,-0.7680709958076477,1.3604302151040313,49.406155855,True,-0.00022687017917633057,-0.00022202730178833008,-0.0003088265657424927,-0.0002341344952583313,0.0005000042421342005,-0.07127225399017334,-0.05600973591208458,0.07928534597158432,0.05960464105010033,0.13436386960307056,ROA_1002_model21000_delay30,2470,2026-10-02_14-30-02,-0.04957496002316475,0.04491064324975014
-0.0013260170817375183,0.0007020309567451477,0.0012172386050224304,-0.00045727938413619995,0.001981478138880441,-0.5921292901039124,0.7465835213661194,0.7750614881515503,-0.6177778840065002,1.3660517167597839,-0.0015497207641601562,0.000395067036151886,0.0004548579454421997,-0.00111311674118042,0.001809508346548591,-0.6963237524032593,0.6360355615615845,0.7002055048942566,-0.7068514227867126,1.3704621272915964,-0.04712849482893944,0.04216973856091499,-0.011865802109241486,0.007057459093630314,-0.010205501690506935,0.009843219071626663,-0.0013230368494987488,0.0006143003702163696,0.0007562339305877686,-0.0008886680006980896,0.0018269874977934772,-0.6282534003257751,0.6896517872810364,0.6282757520675659,-0.7609594464302063,1.3575799842189602,49.426143929000006,True,-0.00022705644369125366,-0.00022202730178833008,-0.0003045424818992615,-0.00022221356630325317,0.0004916883956066856,-0.06810575723648071,-0.053608786314725876,0.07195025682449341,0.05412473902106285,0.12496700141285949,ROA_1002_model21000_delay30,2471,2026-10-02_14-30-02,-0.04901636391878128,0.04479243978857994
-0.0013863667845726013,0.0007208436727523804,0.0012742355465888977,-0.00047516077756881714,0.0020676793126084766,-0.5935765504837036,0.7463861107826233,0.7797293066978455,-0.6185415983200073,1.3694481338741007,-0.001617148518562317,0.00040475279092788696,0.0005230307579040527,-0.0011103227734565735,0.0018936132723154258,-0.6983596682548523,0.6351563930511475,0.7039941549301147,-0.7077063918113708,1.3734666432906901,-0.04633891209959984,0.041781287640333176,-0.010858813300728798,0.006624322384595871,-0.009285831823945045,0.00946277379989624,-0.0013967975974082947,0.0006301328539848328,0.0008229166269302368,-0.0008961185812950134,0.0019189483985527214,-0.631397545337677,0.6865783929824829,0.6350315809249878,-0.7586739659309387,1.3593756819672314,49.446157635000006,True,-0.00022295862436294556,-0.00022202730178833008,-0.0003034248948097229,-0.00021141022443771362,0.0004837543963359621,-0.06699003279209137,-0.05142204090952873,0.06899610161781311,0.05098618194460869,0.1203774675113509,ROA_1002_model21000_delay30,2472,2026-10-02_14-30-02,-0.04861903935670853,0.04437389597296715
-0.0013517215847969055,0.000702589750289917,0.0012954697012901306,-0.000492483377456665,0.002056070548808701,-0.5916971564292908,0.7478631734848022,0.7799714207649231,-0.6189215779304504,1.3695607901377735,-0.0015700235962867737,0.0003982335329055786,0.0005481764674186707,-0.001109205186367035,0.0018680293387732083,-0.6967577934265137,0.6359405517578125,0.7035508155822754,-0.7078181505203247,1.3728696332649766,-0.04595083370804787,0.041321560740470886,-0.010450584813952446,0.0062296949326992035,-0.008936084806919098,0.009081946685910225,-0.00135079026222229,0.000616908073425293,0.0008506700396537781,-0.0009065493941307068,0.0019013762141644013,-0.6262603998184204,0.6917659044265747,0.6378813982009888,-0.7569063305854797,1.3601330977120065,49.466155949000004,True,-0.00021886080503463745,-0.00022239983081817627,-0.000303611159324646,-0.00020563602447509766,0.0004791862902870678,-0.07049553096294403,-0.0558607243001461,0.06558001041412354,0.04907883331179619,0.12164173243739271,ROA_1002_model21000_delay30,2473,2026-10-02_14-30-02,-0.04860683158040047,0.04428819939494133
-0.0013094395399093628,0.0006979331374168396,0.0012403354048728943,-0.0004630535840988159,0.0019843168134722738,-0.5907211303710938,0.7525812387466431,0.7778629064559937,-0.6193891167640686,1.370543467177887,-0.0014891847968101501,0.0004341825842857361,0.0004764646291732788,-0.0010980293154716492,0.0017893302361374867,-0.6984788775444031,0.6392542123794556,0.7024872899055481,-0.7075685858726501,1.374620451252709,-0.045348186045885086,0.0403527095913887,-0.009894393384456635,0.005182141438126564,-0.008408667519688606,0.008102281019091606,-0.0012794509530067444,0.0006433576345443726,0.0007847324013710022,-0.0008903443813323975,0.001827273252790732,-0.6161499619483948,0.7052980065345764,0.6315093040466309,-0.7617380023002625,1.3622870285303474,49.486173719,True,-0.00021010637283325195,-0.00021029263734817505,-0.0003069639205932617,-0.0002074986696243286,0.000472955682563846,-0.0823344960808754,-0.06601773202419281,0.07088668644428253,0.054033469408750534,0.13812694326014216,ROA_1002_model21000_delay30,2474,2026-10-02_14-30-02,-0.04779336601495743,0.04336974397301674
-0.001263245940208435,0.0006983056664466858,0.0012155622243881226,-0.0004775822162628174,0.0019424520302681679,-0.5861334204673767,0.754645049571991,0.7717553377151489,-0.6167571544647217,1.364859906890681,-0.001409091055393219,0.0004641711711883545,0.00045280903577804565,-0.0011079013347625732,0.0017410978560667078,-0.6952266693115234,0.640600860118866,0.697426438331604,-0.7035545706748962,1.3689941251046782,-0.045274242758750916,0.040246814489364624,-0.009987026453018188,0.005160062108188868,-0.00854799896478653,0.008078772574663162,-0.0012082979083061218,0.0006690621376037598,0.0007564201951026917,-0.0009078532457351685,0.0017873768720072262,-0.6034038662910461,0.7168389558792114,0.6256363987922668,-0.7598697543144226,1.358941797875933,49.506163810000004,True,-0.00020116567611694336,-0.00020470470190048218,-0.0003028661012649536,-0.00020135194063186646,0.0004609424195897914,-0.09180418401956558,-0.07625855505466461,0.0717993825674057,0.056311484426259995,0.15021773853389908,ROA_1002_model21000_delay30,2475,2026-10-02_14-30-02,-0.04769367352128029,0.04360714927315712
-0.0012520700693130493,0.0007092952728271484,0.0012205913662910461,-0.0004898756742477417,0.001945189953718708,-0.5868077278137207,0.7587298154830933,0.7727611660957336,-0.6176791787147522,1.3681853654323461,-0.001383945345878601,0.0004919245839118958,0.0004688277840614319,-0.001109391450881958,0.0017463279692974943,-0.6968601942062378,0.6442050933837891,0.698506772518158,-0.7041468620300293,1.3723953195557557,-0.04497510939836502,0.039565544575452805,-0.009627025574445724,0.0043825069442391396,-0.008191840723156929,0.0073348768055438995,-0.0011855736374855042,0.0006943941116333008,0.0007713213562965393,-0.0009119510650634766,0.0017949859138446569,-0.5994588136672974,0.725595235824585,0.629242479801178,-0.7584764957427979,1.3627435799687622,49.526154764000005,True,-0.00019576400518417358,-0.0001996755599975586,-0.00030081719160079956,-0.00019799917936325073,0.0004535215177602042,-0.09742378443479538,-0.08136778324842453,0.0692661851644516,0.05430355295538902,0.15444670174067376,ROA_1002_model21000_delay30,2476,2026-10-02_14-30-02,-0.047524020075798035,0.04289598390460014
-0.0013226643204689026,0.0007491558790206909,0.0013418495655059814,-0.0005744397640228271,0.0021041883018071074,-0.5882568359375,0.7615647912025452,0.7776989936828613,-0.6181094646453857,1.3730137134704687,-0.0014530494809150696,0.0005284324288368225,0.000644288957118988,-0.001127086579799652,0.0018999579819737311,-0.6985626816749573,0.6468053460121155,0.7013752460479736,-0.7050036787986755,1.3764113810134442,-0.044496603310108185,0.03864295780658722,-0.009032288566231728,0.00341859832406044,-0.007508048787713051,0.006377699319273233,-0.0012550503015518188,0.0007292255759239197,0.0009298324584960938,-0.0009529292583465576,0.0019517081697689256,-0.6014816164970398,0.7284860610961914,0.648327112197876,-0.7454119324684143,1.3667963031003212,49.546173846,True,-0.00020004808902740479,-0.00020172446966171265,-0.0002868473529815674,-0.00017564743757247925,0.00043719946294062235,-0.09708664566278458,-0.08174217492341995,0.05310773476958275,0.04042684659361839,0.14336642644616163,ROA_1002_model21000_delay30,2477,2026-10-02_14-30-02,-0.04776427522301674,0.042099229991436005
-0.001362338662147522,0.0007625669240951538,0.0013805925846099854,-0.0005984678864479065,0.0021655597471638,-0.5890950560569763,0.7598455548286438,0.7804557085037231,-0.618291974067688,1.3740704412710871,-0.001506321132183075,0.0005310401320457458,0.0006955116987228394,-0.0011378899216651917,0.001965006411644513,-0.6987787485122681,0.6453543305397034,0.7034335136413574,-0.7052793502807617,1.3770311619514002,-0.04346946254372597,0.03903349116444588,-0.007940521463751793,0.0038317753933370113,-0.006399320438504219,0.006784673780202866,-0.0013062730431556702,0.0007383525371551514,0.0009778887033462524,-0.0009663403034210205,0.0020173922449209193,-0.6060041189193726,0.7230266332626343,0.654777467250824,-0.7418785095214844,1.3670485128035466,49.566158272,True,-0.00020507723093032837,-0.00020582228899002075,-0.00028423964977264404,-0.00016782432794570923,0.00043626668461721967,-0.09280814975500107,-0.07763132452964783,0.048663463443517685,0.03659538924694061,0.13542302636413467,ROA_1002_model21000_delay30,2478,2026-10-02_14-30-02,-0.047200582921504974,0.04258142039179802
-0.0014185905456542969,0.0008109956979751587,0.0014612451195716858,-0.0006660819053649902,0.0022886685624157648,-0.5924608111381531,0.7642041444778442,0.7866564989089966,-0.6213057637214661,1.3825515441441778,-0.0015612691640853882,0.0005844980478286743,0.0007910653948783875,-0.0011781230568885803,0.002087548245067391,-0.7036886811256409,0.6489753127098083,0.7092021107673645,-0.7087103724479675,1.3859346287686045,-0.042322833091020584,0.039228979498147964,-0.006615307182073593,0.003897840389981866,-0.005090638063848019,0.006893462501466274,-0.001358427107334137,0.0007865950465202332,0.0010728836059570312,-0.0010171905159950256,0.002141667912048482,-0.6070770025253296,0.7289964556694031,0.6655324101448059,-0.7405094504356384,1.374988974936728,49.586179594,True,-0.0002037733793258667,-0.0002032145857810974,-0.0002816319465637207,-0.00015944242477416992,0.000429226709302926,-0.0966191217303276,-0.08004903048276901,0.04364549741148949,0.03181584179401398,0.13656804872916212,ROA_1002_model21000_delay30,2479,2026-10-02_14-30-02,-0.04657871276140213,0.04301745072007179
-0.0014061108231544495,0.0008469447493553162,0.0014808028936386108,-0.0007372349500656128,0.0023285250420261062,-0.5962308049201965,0.7749069333076477,0.7890369296073914,-0.62590092420578,1.3932193444307677,-0.0015087425708770752,0.0006668269634246826,0.0008031725883483887,-0.0012619420886039734,0.002132305427058966,-0.7100123763084412,0.6587802767753601,0.7128100395202637,-0.712867796421051,1.3977494519092097,-0.04164249449968338,0.03935174271464348,-0.006127973087131977,0.0040247514843940735,-0.004698479548096657,0.007077776361256838,-0.0013150274753570557,0.0008555129170417786,0.0010853633284568787,-0.001099705696105957,0.0021892157618194634,-0.6008017659187317,0.7502268552780151,0.6641335487365723,-0.749846875667572,1.38779082351496,49.606155572000006,True,-0.00019446015357971191,-0.00019371509552001953,-0.0002855435013771057,-0.00016279518604278564,0.0004245859183040001,-0.10922177881002426,-0.0915042981505394,0.04867277666926384,0.03698281943798065,0.1550227549841097,ROA_1002_model21000_delay30,2480,2026-10-02_14-30-02,-0.045710571110248566,0.04319360852241516
-0.0013902783393859863,0.0008746981620788574,0.001486949622631073,-0.0008005648851394653,0.0023544731508303458,-0.597055971622467,0.7798298597335815,0.7887147068977356,-0.6283838152885437,1.3971646897647652,-0.0014800578355789185,0.000720098614692688,0.0008014962077140808,-0.001340918242931366,0.002175046720850531,-0.7110610008239746,0.66455078125,0.7137171626091003,-0.715021014213562,1.4026014697939166,-0.04245194420218468,0.03993735834956169,-0.006798090413212776,0.004256125073879957,-0.005343310534954071,0.007357179187238216,-0.0012908130884170532,0.0009018927812576294,0.0010868534445762634,-0.0011745840311050415,0.002232232622732392,-0.5959961414337158,0.7621570825576782,0.6607062816619873,-0.756690263748169,1.3941971149357442,49.626155262000005,True,-0.000186823308467865,-0.00018123537302017212,-0.00028312206268310547,-0.00016577541828155518,0.00041592920190143307,-0.11502764374017715,-0.09755603224039078,0.052982937544584274,0.0416245274245739,0.1651757103255647,ROA_1002_model21000_delay30,2481,2026-10-02_14-30-02,-0.04608825221657753,0.043741896748542786
-0.0013807788491249084,0.0009216368198394775,0.0014806166291236877,-0.0008724629878997803,0.0023884931377646107,-0.5971938371658325,0.7853116393089294,0.7871407866477966,-0.6316452622413635,1.4008351228828442,-0.0014366582036018372,0.0008007511496543884,0.0007832422852516174,-0.0014396384358406067,0.0022301730841317318,-0.7120500802993774,0.6706006526947021,0.7138829231262207,-0.7178969383239746,1.4075489169647997,-0.04335678741335869,0.039681222289800644,-0.008062846958637238,0.004184118006378412,-0.00669778510928154,0.007336162030696869,-0.0012528151273727417,0.0009786337614059448,0.0010635703802108765,-0.0012621283531188965,0.0022793013609012356,-0.5890074968338013,0.7759872674942017,0.6548817753791809,-0.7652043700218201,1.4006464438433117,49.646152392000005,True,-0.0001817941665649414,-0.00017024576663970947,-0.0002849847078323364,-0.00017043203115463257,0.000412907827626835,-0.12302770465612411,-0.1053977683186531,0.05901045724749565,0.04728696867823601,0.178767282441591,ROA_1002_model21000_delay30,2482,2026-10-02_14-30-02,-0.046702880412340164,0.043489281088113785
-0.0013869255781173706,0.0009253621101379395,0.0015527009963989258,-0.000926479697227478,0.0024587167817853753,-0.5949251055717468,0.7808319926261902,0.7888041138648987,-0.6297398209571838,1.39735651516583,-0.0014508143067359924,0.0007946044206619263,0.0008806586265563965,-0.0014722347259521484,0.0022998577282911993,-0.7091071009635925,0.666810154914856,0.7151383757591248,-0.7160845994949341,1.4039885074387897,-0.0446493923664093,0.039859529584646225,-0.008969521149992943,0.004122865851968527,-0.007538465782999992,0.007220002356916666,-0.0012658536434173584,0.0009760260581970215,0.001154094934463501,-0.0013083219528198242,0.0023554357547904705,-0.589329719543457,0.7689743638038635,0.6633698344230652,-0.7569305300712585,1.396256168170657,49.666155858,True,-0.00018328428268432617,-0.0001816079020500183,-0.00027157366275787354,-0.0001644715666770935,0.000406388256094922,-0.11978483945131302,-0.10218843072652817,0.051798295229673386,0.04087388142943382,0.1707021052609743,ROA_1002_model21000_delay30,2483,2026-10-02_14-30-02,-0.04835844039916992,0.0437610037624836
-0.0014357268810272217,0.0009290874004364014,0.0016320496797561646,-0.0009579584002494812,0.0025500451678080235,-0.5959309339523315,0.7774158716201782,0.7942746877670288,-0.629041314125061,1.398563768830252,-0.0015115365386009216,0.0007797032594680786,0.0009858980774879456,-0.0014742836356163025,0.0023794628531266446,-0.7095932364463806,0.6639062762260437,0.7191970348358154,-0.7166545391082764,1.4052202132770688,-0.04470224305987358,0.03952982276678085,-0.00931546837091446,0.004221944138407707,-0.007851092144846916,0.007288591004908085,-0.0013209879398345947,0.0009622424840927124,0.00125151127576828,-0.0013126060366630554,0.002431601167278694,-0.594513475894928,0.7603708505630493,0.6760302782058716,-0.7489304542541504,1.395383078250951,49.68615254,True,-0.00018756836652755737,-0.00018365681171417236,-0.0002641230821609497,-0.00016167759895324707,0.00040346179854415076,-0.11515430361032486,-0.09628012031316757,0.04324130341410637,0.03212876617908478,0.15944902859225474,ROA_1002_model21000_delay30,2484,2026-10-02_14-30-02,-0.049073584377765656,0.04370371997356415
-0.0014489516615867615,0.0009268522262573242,0.0016819685697555542,-0.000990554690361023,0.0026012444162610607,-0.5975589156150818,0.7765143513679504,0.7991715669631958,-0.6301812529563904,1.4019863976087847,-0.0015314668416976929,0.0007756054401397705,0.0010535120964050293,-0.0014953315258026123,0.002434502042432283,-0.7111765146255493,0.662988007068634,0.7234755754470825,-0.7185004353523254,1.4087194376151955,-0.04454442486166954,0.0398469939827919,-0.009004563093185425,0.004461118020117283,-0.0075277481228113174,0.007517861668020487,-0.0013431534171104431,0.0009573996067047119,0.0013126060366630554,-0.0013366341590881348,0.0024866207108467458,-0.5984976887702942,0.7573328614234924,0.6850640773773193,-0.7465462684631348,1.3984794910236267,49.706153703000005,True,-0.00018775463104248047,-0.0001816079020500183,-0.00025760382413864136,-0.00015832483768463135,0.00039726092591634986,-0.11268629878759384,-0.0943206176161766,0.038392841815948486,0.02804212085902691,0.1544215946101291,ROA_1002_model21000_delay30,2485,2026-10-02_14-30-02,-0.04921823740005493,0.04413168877363205
-0.0014586374163627625,0.000955536961555481,0.0016743317246437073,-0.0010136514902114868,0.0026209553378271928,-0.5997251272201538,0.7790196537971497,0.799830973148346,-0.6304774284362793,1.4047643326503179,-0.0015243887901306152,0.0008203089237213135,0.001039355993270874,-0.0015377998352050781,0.0024648632161981274,-0.7144566178321838,0.6652622818946838,0.7246713638305664,-0.7193349003791809,1.4124820015039568,-0.04392416030168533,0.04020579904317856,-0.008655380457639694,0.004980160854756832,-0.007132751867175102,0.008052513003349304,-0.0013412907719612122,0.0009959563612937927,0.001300312578678131,-0.0013705343008041382,0.002512653085965695,-0.5980934500694275,0.7626991271972656,0.6826798915863037,-0.7507036924362183,1.4022910212851625,49.726154065,True,-0.00018421560525894165,-0.000173225998878479,-0.0002611428499221802,-0.0001650303602218628,0.0003974670658105827,-0.11632218211889267,-0.0975634828209877,0.04202313348650932,0.03135949373245239,0.16059551402688302,ROA_1002_model21000_delay30,2486,2026-10-02_14-30-02,-0.04863355681300163,0.04455791041254997
-0.001479126513004303,0.001000240445137024,0.0016726553440093994,-0.001058727502822876,0.0026655886254127108,-0.6029810309410095,0.7829312086105347,0.8000377416610718,-0.6319824457168579,1.4091582717759086,-0.0015327706933021545,0.0008789822459220886,0.0010073184967041016,-0.0016197562217712402,0.0025217216862699864,-0.7186345458030701,0.6689056158065796,0.7258727550506592,-0.7213242053985596,1.4179330658694382,-0.04335036128759384,0.03946315124630928,-0.009096965193748474,0.005078901536762714,-0.007365599274635315,0.00816840585321188,-0.001354515552520752,0.0010538846254348755,0.001276843249797821,-0.001440197229385376,0.0025679473007019765,-0.5975048542022705,0.7708389163017273,0.6751324534416199,-0.7598809599876404,1.4079077626956182,49.746151739000005,True,-0.0001817941665649414,-0.00017173588275909424,-0.0002682209014892578,-0.00017564743757247925,0.0004051172955528927,-0.1211855486035347,-0.10188481956720352,0.05073099955916405,0.038545578718185425,0.1706380600480956,ROA_1002_model21000_delay30,2487,2026-10-02_14-30-02,-0.04827706143260002,0.044055599719285965
-0.0014571473002433777,0.0010145828127861023,0.0015925616025924683,-0.001048855483531952,0.002605356062975989,-0.6070900559425354,0.7879845499992371,0.7977019548416138,-0.6357766389846802,1.4144253248832128,-0.001491047441959381,0.000914745032787323,0.0008944422006607056,-0.001658312976360321,0.002483164387939288,-0.7233991622924805,0.6739906668663025,0.725595235824585,-0.7250550985336304,1.4244800591569504,-0.04235580936074257,0.03843783214688301,-0.009261250495910645,0.004947043489664793,-0.007297130301594734,0.008087647147476673,-0.0013159587979316711,0.0010848045349121094,0.0011671334505081177,-0.0014619901776313782,0.0025179182734581416,-0.5975402593612671,0.7799621224403381,0.6630904674530029,-0.7730926871299744,1.4146491536394101,49.766152773,True,-0.00017676502466201782,-0.00016577541828155518,-0.00027064234018325806,-0.0001955777406692505,0.00041182572254301294,-0.12585148215293884,-0.1059994027018547,0.06255693733692169,0.04802830144762993,0.18243963411010453,ROA_1002_model21000_delay30,2488,2026-10-02_14-30-02,-0.047199547290802,0.04317307844758034
-0.0014452263712882996,0.0010460615158081055,0.0015212222933769226,-0.0010455027222633362,0.0025669317240903837,-0.6111804246902466,0.7939152121543884,0.7956959009170532,-0.6394795775413513,1.4202621308760037,-0.0014668330550193787,0.0009657815098762512,0.0007890164852142334,-0.0017015263438224792,0.0024718546529474083,-0.7282457947731018,0.6803106069564819,0.725680947303772,-0.7284898161888123,1.431716774795435,-0.042374782264232635,0.03731999173760414,-0.009259028360247612,0.003580089658498764,-0.0073271580040454865,0.006776992231607437,-0.0012977048754692078,0.0011261552572250366,0.0010659918189048767,-0.00148676335811615,0.002492701317333291,-0.5966275930404663,0.7904823422431946,0.6493497490882874,-0.7879528999328613,1.422121497545637,49.786151407000006,True,-0.0001691281795501709,-0.0001603737473487854,-0.0002773478627204895,-0.00021047890186309814,0.0004184456897765608,-0.1315474510192871,-0.11038965731859207,0.07633864879608154,0.05949288234114647,0.1970997393631807,ROA_1002_model21000_delay30,2489,2026-10-02_14-30-02,-0.04677847400307655,0.04217200726270676
-0.0014586374163627625,0.001058727502822876,0.0015271827578544617,-0.0010617077350616455,0.0025898539708062904,-0.6147585511207581,0.796394407749176,0.7978509664535522,-0.6432067155838013,1.4262326412476873,-0.0014729797840118408,0.0009708106517791748,0.0007729977369308472,-0.0017426908016204834,0.0024931460119420007,-0.7309373021125793,0.6835553646087646,0.7281992435455322,-0.7322970628738403,1.4378352605314273,-0.04264514893293381,0.03641330823302269,-0.009709475561976433,0.0029009468853473663,-0.007796669378876686,0.0061359829269349575,-0.0013088807463645935,0.0011358410120010376,0.001055002212524414,-0.001522153615951538,0.0025166939044376233,-0.6018485426902771,0.7916558384895325,0.646656334400177,-0.7963477969169617,1.4285491045190144,49.806156153,True,-0.00016689300537109375,-0.0001600012183189392,-0.00027604401111602783,-0.00022370368242263794,0.00042360017954605277,-0.12914277613162994,-0.10810977965593338,0.0815465971827507,0.06400607526302338,0.19774849891369184,ROA_1002_model21000_delay30,2490,2026-10-02_14-30-02,-0.04702991619706154,0.041497427970170975
-0.0014932826161384583,0.0010501593351364136,0.0016015022993087769,-0.0010687857866287231,0.0026530724817073947,-0.616706907749176,0.7931720018386841,0.8068401217460632,-0.6469599604606628,1.4320194477330677,-0.001543387770652771,0.0009160488843917847,0.0008596107363700867,-0.0017365440726280212,0.0025332759371463312,-0.7300041317939758,0.6819366812705994,0.7351822853088379,-0.7369722723960876,1.4425392447859422,-0.04290685057640076,0.034906014800071716,-0.010069269686937332,0.0018233598675578833,-0.008093863725662231,0.005075296852737665,-0.0013712793588638306,0.001091696321964264,0.0011358410120010376,-0.001516006886959076,0.00255992884889735,-0.6139389872550964,0.7777865529060364,0.658988893032074,-0.7967967391014099,1.4320468323182507,49.826152227,True,-0.0001734122633934021,-0.00018049031496047974,-0.00027567148208618164,-0.00021792948246002197,0.0004305396008166711,-0.11609493941068649,-0.09583867341279984,0.07624551653862,0.05982070788741112,0.17902760897892317,ROA_1002_model21000_delay30,2491,2026-10-02_14-30-02,-0.0476815365254879,0.04034505411982536
-0.0015232712030410767,0.0010235235095024109,0.001652352511882782,-0.0010358169674873352,0.0026775637675675304,-0.6183720827102661,0.7887109518051147,0.8161812424659729,-0.6512086391448975,1.4375529801358504,-0.0016128644347190857,0.000829063355922699,0.0009249895811080933,-0.0016734004020690918,0.002521380910303254,-0.72871333360672,0.6786994338035583,0.7420070171356201,-0.74202561378479,1.4464348325290013,-0.042030129581689835,0.03296791389584541,-0.009898068383336067,0.0008533732034265995,-0.007699556648731232,0.0041479491628706455,-0.0014390796422958374,0.0010270625352859497,0.001204945147037506,-0.0014638528227806091,0.0025702612804589797,-0.6281937956809998,0.7600392699241638,0.6755608916282654,-0.7938854098320007,1.4348582453479832,49.846151853,True,-0.0001782551407814026,-0.00019371509552001953,-0.0002767890691757202,-0.0002123415470123291,0.00043553526827010445,-0.10056047886610031,-0.0813417062163353,0.06649084389209747,0.0518653504550457,0.15439679222864547,ROA_1002_model21000_delay30,2492,2026-10-02_14-30-02,-0.04737198352813721,0.03868509829044342
-0.001520104706287384,0.0009957700967788696,0.001617148518562317,-0.0009598210453987122,0.002614451005820071,-0.6188209652900696,0.7854140996932983,0.8186716437339783,-0.6523839831352234,1.438038375889728,-0.0016285106539726257,0.0007694587111473083,0.0008799135684967041,-0.0015987083315849304,0.0024393750762037925,-0.7279552221298218,0.6757210493087769,0.7441602349281311,-0.7430426478385925,1.446275269799532,-0.04073077440261841,0.03200768306851387,-0.008412651717662811,-0.00015426427125930786,-0.006254943087697029,0.003198277670890093,-0.0014508143067359924,0.0009782612323760986,0.0011632218956947327,-0.001389533281326294,0.0024943616043500935,-0.6344113349914551,0.7495097517967224,0.6776936054229736,-0.794645369052887,1.4335150667284788,49.866154999,True,-0.00017844140529632568,-0.0002078711986541748,-0.00028423964977264404,-0.00020917505025863647,0.00044406876408114595,-0.09357369691133499,-0.07382221519947052,0.06647035479545593,0.05159899219870567,0.14589801042698203,ROA_1002_model21000_delay30,2493,2026-10-02_14-30-02,-0.04618535190820694,0.037956591695547104
-0.0014964491128921509,0.0009624287486076355,0.00156499445438385,-0.0008905306458473206,0.002530449964201719,-0.6177629828453064,0.7829479575157166,0.8176434636116028,-0.6514079570770264,1.4352950428982656,-0.00160951167345047,0.0007286667823791504,0.0008052214980125427,-0.0015417113900184631,0.00234376940604378,-0.7261819839477539,0.6731896996498108,0.7435492873191833,-0.7415599822998047,1.443124933821208,-0.040049389004707336,0.03164246305823326,-0.0074009038507938385,-0.000719534233212471,-0.005240144208073616,0.0026764394715428352,-0.001430511474609375,0.000934302806854248,0.0011002644896507263,-0.0013304874300956726,0.0024015034231836567,-0.6358660459518433,0.7434673309326172,0.6727277636528015,-0.7970463037490845,1.4299975666812736,49.886151137000006,True,-0.0001778826117515564,-0.00020936131477355957,-0.00029783695936203003,-0.00021569430828094482,0.00045600236398861285,-0.09024887531995773,-0.07019937038421631,0.07084384560585022,0.05554221197962761,0.14552156354898704,ROA_1002_model21000_delay30,2494,2026-10-02_14-30-02,-0.04559106379747391,0.03791741281747818
-0.0014834105968475342,0.0009391456842422485,0.0015281140804290771,-0.0008538365364074707,0.0024783153052042543,-0.6186384558677673,0.7822587490081787,0.8173007369041443,-0.6508175134658813,1.4349113295897684,-0.0016046687960624695,0.0006880611181259155,0.0007508322596549988,-0.001522153615951538,0.0022843549103690316,-0.7259305119514465,0.6727631688117981,0.743105947971344,-0.7408298254013062,1.4421968116944628,-0.03911667689681053,0.031050246208906174,-0.006585966795682907,-0.0010746405459940434,-0.004539581015706062,0.0023111850023269653,-0.0014312565326690674,0.0008966773748397827,0.0010522082448005676,-0.0013012439012527466,0.0023450703177233688,-0.6398856043815613,0.7393657565116882,0.6688441634178162,-0.7992777824401855,1.4290460148204813,49.906150028000006,True,-0.00017620623111724854,-0.0002166256308555603,-0.0003030523657798767,-0.00021886080503463745,0.00046291784776016743,-0.08600576967000961,-0.06658397614955902,0.07426738739013672,0.058414410799741745,0.14407639007364734,ROA_1002_model21000_delay30,2495,2026-10-02_14-30-02,-0.044897887855768204,0.03747109696269035
-0.001498498022556305,0.0009372830390930176,0.0015184283256530762,-0.0008409842848777771,0.0024763972552879106,-0.6199348568916321,0.7809568047523499,0.8183121085166931,-0.6507988572120667,1.4354246803446713,-0.001642480492591858,0.0006629154086112976,0.0007322058081626892,-0.0015139579772949219,0.0022791137756396334,-0.7256213426589966,0.6719492077827454,0.7435027360916138,-0.7408186197280884,1.4418590715851773,-0.0383954755961895,0.03101177141070366,-0.005703939124941826,-0.0011091413907706738,-0.003713180311024189,0.00225193053483963,-0.0014631077647209167,0.0008834525942802429,0.0010425224900245667,-0.0012913718819618225,0.002346342775298273,-0.6455965042114258,0.733302891254425,0.6678793430328369,-0.8004419207572937,1.4286149763297054,49.926155552000004,True,-0.00017564743757247925,-0.00021550804376602173,-0.0003084540367126465,-0.00021904706954956055,0.0004656235512283844,-0.08007138222455978,-0.0613480769097805,0.07564015686511993,0.059599053114652634,0.1394546521851664,ROA_1002_model21000_delay30,2496,2026-10-02_14-30-02,-0.044388797134160995,0.03754149377346039
-0.0014435499906539917,0.0008961185812950134,0.001461617648601532,-0.0007990747690200806,0.002378527849930272,-0.6187967658042908,0.7813684344291687,0.8143726587295532,-0.6497986316680908,1.4325334323066066,-0.0015810132026672363,0.0006234273314476013,0.0006608664989471436,-0.0014824792742729187,0.002175894699553169,-0.7235779762268066,0.6725080013275146,0.7398425936698914,-0.7389653325080872,1.4382634619123973,-0.03796479478478432,0.0314260870218277,-0.004959468729794025,-0.0009179268963634968,-0.0030770273879170418,0.0024027652107179165,-0.0014055520296096802,0.0008400529623031616,0.0009676441550254822,-0.0012625008821487427,0.002242225206961164,-0.6438288688659668,0.7345117330551147,0.6608794927597046,-0.8021984100341797,1.4261251396499304,49.946152596000005,True,-0.00017657876014709473,-0.00022333115339279175,-0.00031068921089172363,-0.00021979212760925293,0.0004708246565058377,-0.07972493022680283,-0.061977650970220566,0.07897614687681198,0.06325356662273407,0.1429491706352108,ROA_1002_model21000_delay30,2497,2026-10-02_14-30-02,-0.043932948261499405,0.038186412304639816
-0.001463480293750763,0.000903010368347168,0.001471303403377533,-0.0008035451173782349,0.0024007454777176303,-0.6198621988296509,0.7799248695373535,0.8154455423355103,-0.6500407457351685,1.4330277224033878,-0.0016190111637115479,0.0006096437573432922,0.00067148357629776,-0.0014787539839744568,0.002193582219769295,-0.7233824133872986,0.6715692281723022,0.7406193614006042,-0.7385741472244263,1.437928308461958,-0.03734627738595009,0.03163298964500427,-0.00426116120070219,-0.0007167314179241657,-0.002355830743908882,0.0025676351506263018,-0.001438148319721222,0.0008333474397659302,0.0009818002581596375,-0.0012615695595741272,0.00226375635133272,-0.6485506296157837,0.7289554476737976,0.6622690558433533,-0.8017457723617554,1.4257312045592607,49.966162857,True,-0.0001819804310798645,-0.00022482126951217651,-0.00030975788831710815,-0.00021848827600479126,0.00047260058916787664,-0.07478520274162292,-0.05741417035460472,0.07835030555725098,0.0631231814622879,0.13787647101088957,ROA_1002_model21000_delay30,2498,2026-10-02_14-30-02,-0.04314418509602547,0.038176532834768295
-0.0014338642358779907,0.0008895993232727051,0.0014470890164375305,-0.0007938593626022339,0.0023595853689606064,-0.6190240383148193,0.7802452445030212,0.8123628497123718,-0.6490498185157776,1.4306858185583509,-0.001578405499458313,0.0006023794412612915,0.0006342306733131409,-0.00146571546792984,0.002143010856601037,-0.7219146490097046,0.6718505024909973,0.7375497221946716,-0.7362719178199768,1.4345696098743246,-0.0368819385766983,0.03224964067339897,-0.0038776490837335587,-7.677776739001274e-05,-0.001961205154657364,0.0031855099368840456,-0.0013999640941619873,0.0008180737495422363,0.0009475275874137878,-0.0012524425983428955,0.002213658722914113,-0.6460304856300354,0.7308441996574402,0.6579905152320862,-0.8017457723617554,1.4235724703017394,49.986158973,True,-0.00017527490854263306,-0.00022202730178833008,-0.0003116205334663391,-0.00021345913410186768,0.00046696856379789135,-0.0758729875087738,-0.05901231989264488,0.07957964390516281,0.06546825170516968,0.14090590601310135,ROA_1002_model21000_delay30,2499,2026-10-02_14-30-02,-0.0425168015062809,0.038705214858055115
-0.0014068558812141418,0.0008733943104743958,0.0014107674360275269,-0.0007679685950279236,0.002306029502465924,-0.6187986135482788,0.7814913392066956,0.8098333477973938,-0.6489678621292114,1.429846942685746,-0.0015344470739364624,0.0006042420864105225,0.0005820766091346741,-0.0014601275324821472,0.0020916505048857513,-0.7219854593276978,0.6726067066192627,0.7358863353729248,-0.7348116040229797,1.4333611051593025,-0.03596081957221031,0.03244119882583618,-0.003032132051885128,0.00011938624083995819,-0.0011392617598176003,0.003385606687515974,-0.0013640150427818298,0.0008197501301765442,0.0008959323167800903,-0.001243874430656433,0.0021644428425807724,-0.6421394348144531,0.7352251410484314,0.6509907245635986,-0.805597722530365,1.4230027289408476,50.006153841,True,-0.00017452985048294067,-0.00021588057279586792,-0.000317208468914032,-0.00021755695343017578,0.00046989552039531637,-0.07985717803239822,-0.06258860230445862,0.08486955612897873,0.07079727947711945,0.15001468905559118,ROA_1002_model21000_delay30,2500,2026-10-02_14-30-02,-0.041257716715335846,0.03883308172225952
-0.0013977289199829102,0.0008877366781234741,0.0014146789908409119,-0.0007964670658111572,0.002318105663717132,-0.6194170117378235,0.78260338306427,0.8099209070205688,-0.6503183245658875,1.4314266138768983,-0.0015171244740486145,0.0006351619958877563,0.0005783513188362122,-0.0014897435903549194,0.002110613436939952,-0.722544252872467,0.6735976338386536,0.7360707521438599,-0.7348228096961975,1.4342136643413217,-0.0354614295065403,0.03211517632007599,-0.0027834009379148483,2.4144072085618973e-05,-0.0009508533403277397,0.003263002261519432,-0.001348741352558136,0.0008421018719673157,0.0008996576070785522,-0.0012759119272232056,0.0021842828594816534,-0.6402860879898071,0.7385108470916748,0.6493087410926819,-0.8088703751564026,1.4249603380886957,50.026158757000005,True,-0.00016726553440093994,-0.0002035871148109436,-0.0003218650817871094,-0.0002125278115272522,0.0004625913634191332,-0.08230841904878616,-0.06490759551525116,0.08678808063268661,0.07402151823043823,0.15488780158736637,ROA_1002_model21000_delay30,2501,2026-10-02_14-30-02,-0.040287792682647705,0.03807137906551361
-0.0013997778296470642,0.0008808448910713196,0.0014312565326690674,-0.0007977709174156189,0.002327309672174218,-0.6195269227027893,0.7818620204925537,0.8114110231399536,-0.6507448554039001,1.4320971326482645,-0.0015174970030784607,0.0006170943379402161,0.0005979090929031372,-0.0014744699001312256,0.002103896733859708,-0.7218960523605347,0.6731320023536682,0.7370858788490295,-0.7346160411834717,1.4340953683623392,-0.03561731055378914,0.031563129276037216,-0.0028526848182082176,-0.0004987618885934353,-0.0009947866201400757,0.002711222507059574,-0.0013520941138267517,0.000829063355922699,0.0009210780262947083,-0.0012701377272605896,0.002187952513841195,-0.641383171081543,0.7363482713699341,0.6522852778434753,-0.807056188583374,1.424679125918536,50.046152985000006,True,-0.0001646578311920166,-0.0002084299921989441,-0.00032354146242141724,-0.00020936131477355957,0.00046258937595051807,-0.08049234002828598,-0.06319954991340637,0.08478759974241257,0.07244385778903961,0.15132909458815613,ROA_1002_model21000_delay30,2502,2026-10-02_14-30-02,-0.04062275588512421,0.03747561201453209
-0.001411139965057373,0.0008678063750267029,0.0014716759324073792,-0.0008113682270050049,0.002359112810800385,-0.6188023686408997,0.7788296341896057,0.8136554956436157,-0.6508156061172485,1.431451199192173,-0.0015387311577796936,0.0005900859832763672,0.0006454065442085266,-0.0014645978808403015,0.002120776565015461,-0.7198489904403687,0.6705857515335083,0.7388181686401367,-0.7340255975723267,1.4324750232719454,-0.03569053113460541,0.03148621693253517,-0.0028331968933343887,-0.0005047572776675224,-0.0009303195402026176,0.0026619352865964174,-0.0013764947652816772,0.0008007511496543884,0.0009715557098388672,-0.0012625008821487427,0.0022102432400338697,-0.644408106803894,0.7290672063827515,0.6595476865768433,-0.8016284108161926,1.422596763858506,50.066156813000006,True,-0.00016205012798309326,-0.00021383166313171387,-0.00032652169466018677,-0.00019818544387817383,0.0004595052663976314,-0.0754278153181076,-0.05848332867026329,0.0792778953909874,0.06757117807865143,0.14124405449196203,ROA_1002_model21000_delay30,2503,2026-10-02_14-30-02,-0.041149698197841644,0.03743797168135643
-0.001430697739124298,0.0008614733815193176,0.0014996156096458435,-0.0008180737495422363,0.0023884174312769077,-0.6175767183303833,0.7756966948509216,0.8141807913780212,-0.6493721008300781,1.4288642781045362,-0.0015612691640853882,0.0005813315510749817,0.0006791204214096069,-0.0014554709196090698,0.0021416044802567064,-0.7181633114814758,0.6678122878074646,0.7390118837356567,-0.732153594493866,1.4294786343956882,-0.03490310162305832,0.031186796724796295,-0.002321014180779457,-0.0004380163736641407,-0.0004554297775030136,0.002696499228477478,-0.001397542655467987,0.0007953494787216187,0.0010104849934577942,-0.0012606382369995117,0.002238944528710031,-0.6453692317008972,0.7232557535171509,0.6641838550567627,-0.7957778573036194,1.4189628694656318,50.086152577,True,-0.0001607462763786316,-0.0002119690179824829,-0.00033173710107803345,-0.00019390136003494263,0.00045952062758329966,-0.07277540862560272,-0.05542859062552452,0.07483363151550293,0.06360374391078949,0.1341687448119175,ROA_1002_model21000_delay30,2504,2026-10-02_14-30-02,-0.04048881307244301,0.03698617219924927
-0.0014102086424827576,0.0008521601557731628,0.0014645978808403015,-0.0007929280400276184,0.0023421298314072183,-0.6176568269729614,0.7772706151008606,0.8132587671279907,-0.6498749852180481,1.4294491304344907,-0.0015234574675559998,0.0005781650543212891,0.0006290152668952942,-0.0014433637261390686,0.002088545681666314,-0.7188077569007874,0.6690844297409058,0.7388386726379395,-0.7323827147483826,1.4304272422590776,-0.033763572573661804,0.030264079570770264,-0.0018774205818772316,-0.0006200466305017471,-0.00028493907302618027,0.002497633220627904,-0.0013727694749832153,0.0007854774594306946,0.0009683892130851746,-0.0012440606951713562,0.002190899004070924,-0.6423647999763489,0.7275398373603821,0.6596221923828125,-0.7995198965072632,1.419759640470089,50.106153526,True,-0.00015385448932647705,-0.00020563602447509766,-0.00033676624298095703,-0.00020228326320648193,0.00046203590482698956,-0.07644481956958771,-0.05842931196093559,0.07923691719770432,0.06710737943649292,0.14151745013591652,ROA_1002_model21000_delay30,2505,2026-10-02_14-30-02,-0.0393570177257061,0.03611607477068901
-0.001376122236251831,0.0008413568139076233,0.0014301389455795288,-0.00077858567237854,0.002291239051508205,-0.6172433495521545,0.7790345549583435,0.811278760433197,-0.6497446298599243,1.4290218039603921,-0.0014845281839370728,0.0005815178155899048,0.0005887821316719055,-0.0014431774616241455,0.002049372454394995,-0.7191523313522339,0.6704348921775818,0.7375962734222412,-0.7320548892021179,1.4304253866465884,-0.033007897436618805,0.029401209205389023,-0.001521177589893341,-0.0010378388687968254,-0.0002535320818424225,0.002036930061876774,-0.0013321638107299805,0.0007873401045799255,0.0009292736649513245,-0.0012401491403579712,0.002147651921896329,-0.638447642326355,0.7328633069992065,0.6553455591201782,-0.8019934892654419,1.4201674183479078,50.126155370000006,True,-0.0001514330506324768,-0.00020116567611694336,-0.00033993273973464966,-0.00020600855350494385,0.0004636383113135299,-0.08076056092977524,-0.062402334064245224,0.08224508911371231,0.06994232535362244,0.14852750523890443,ROA_1002_model21000_delay30,2506,2026-10-02_14-30-02,-0.038409922271966934,0.035179175436496735
-0.0013479962944984436,0.0008277595043182373,0.0014027580618858337,-0.0007579103112220764,0.00224512317757906,-0.6165392398834229,0.7806215286254883,0.809714138507843,-0.649379551410675,1.428463873931872,-0.0014360994100570679,0.0005846843123435974,0.0005569308996200562,-0.0014236196875572205,0.0020007685944588025,-0.7189474701881409,0.6719510555267334,0.7363222241401672,-0.7318965792655945,1.4303020860707047,-0.0326264314353466,0.028923489153385162,-0.0011975578963756561,-0.001524061430245638,0.00012151151895523071,0.0015268269926309586,-0.001282431185245514,0.0007873401045799255,0.0008957460522651672,-0.0012172386050224304,0.0020931838166042267,-0.6347894072532654,0.7374677658081055,0.6541683673858643,-0.8014365434646606,1.4201090463332557,50.146155646000004,True,-0.00014901161193847656,-0.00020097941160202026,-0.0003432855010032654,-0.0002084299921989441,0.0004661132838830241,-0.08414684981107712,-0.06550364196300507,0.08214636892080307,0.06952881813049316,0.15147304916922405,ROA_1002_model21000_delay30,2507,2026-10-02_14-30-02,-0.03797667473554611,0.03470951318740845
-0.0013686716556549072,0.0008298084139823914,0.0014316290616989136,-0.000766851007938385,0.002279425194464295,-0.6169844269752502,0.780373752117157,0.811371922492981,-0.6494019031524658,1.4294207009962674,-0.001463666558265686,0.0005824491381645203,0.000597536563873291,-0.0014282763004302979,0.0020362492556722602,-0.7193199992179871,0.6718728542327881,0.7379762530326843,-0.7321908473968506,1.4314615671204176,-0.032483868300914764,0.029199082404375076,-0.0008907085284590721,-0.0014185733161866665,0.0005931025370955467,0.0015919425059109926,-0.001309812068939209,0.0007836148142814636,0.0009346753358840942,-0.0012211501598358154,0.002128021152430776,-0.6365365982055664,0.735968291759491,0.658690869808197,-0.7985699772834778,1.4206129602498507,50.166152114000006,True,-0.00014957040548324585,-0.00020172446966171265,-0.0003416091203689575,-0.00020656734704971313,0.00046446993281184585,-0.08283927291631699,-0.06407313048839569,0.07934867590665817,0.06633065640926361,0.147159410173598,ROA_1002_model21000_delay30,2508,2026-10-02_14-30-02,-0.03805485740303993,0.03497539088129997
-0.0013707205653190613,0.0008380040526390076,0.001447834074497223,-0.0007834285497665405,0.0022994418285749076,-0.616513192653656,0.7800273299217224,0.8117388486862183,-0.6490349173545837,1.4290218635697627,-0.0014627352356910706,0.0005872920155525208,0.0006236135959625244,-0.001434609293937683,0.0020544021990709285,-0.7189083695411682,0.6717144846916199,0.7383860349655151,-0.7320418357849121,1.4313214326544186,-0.03274247795343399,0.0292980894446373,-0.0012237709015607834,-0.0012706853449344635,0.0003408268094062805,0.0017046397551894188,-0.0013144686818122864,0.0007893890142440796,0.0009592622518539429,-0.0012293457984924316,0.0021501010219918274,-0.6357747912406921,0.7358937859535217,0.6611998677253723,-0.7962416410446167,1.4201210022510182,50.186152806,True,-0.0001477077603340149,-0.00020042061805725098,-0.0003335997462272644,-0.00020507723093032837,0.00045708960579157835,-0.08314474672079086,-0.06417185068130493,0.07721222937107086,0.06417743861675262,0.14527444098662193,ROA_1002_model21000_delay30,2509,2026-10-02_14-30-02,-0.038336653262376785,0.03499996289610863
-0.0013772398233413696,0.0008484348654747009,0.0014429911971092224,-0.0007800757884979248,0.0023028534735251966,-0.616997480392456,0.7816627025604248,0.8117779493331909,-0.6492491364479065,1.4301858461779575,-0.0014610588550567627,0.0006113201379776001,0.0006258487701416016,-0.0014297664165496826,0.0020642131870101193,-0.7198079824447632,0.6734877228736877,0.738786518573761,-0.7325168251991272,1.433061728641635,-0.032989274710416794,0.02977587655186653,-0.0014773635193705559,-0.0008225957863032818,0.0001150667667388916,0.002127966843545437,-0.0013129785656929016,0.0008044764399528503,0.0009577721357345581,-0.0012237578630447388,0.002152934880940113,-0.6345472931861877,0.7393322587013245,0.661605954170227,-0.7963590025901794,1.4216339223306582,50.206154522000006,True,-0.00014994293451309204,-0.00019576400518417358,-0.00033229589462280273,-0.00020433217287063599,0.00045526339996223523,-0.08519365638494492,-0.06587058305740356,0.07717311382293701,0.0638570636510849,0.1470524410746661,ROA_1002_model21000_delay30,2510,2026-10-02_14-30-02,-0.03852812945842743,0.03549492731690407
-0.0013766810297966003,0.0008536502718925476,0.0014377757906913757,-0.000786222517490387,0.0023033351094366677,-0.6169471740722656,0.7823426127433777,0.8110459446907043,-0.6490405201911926,1.4300123865024,-0.001455657184123993,0.0006319954991340637,0.0006157904863357544,-0.0014457851648330688,0.002074656319556603,-0.7204599380493164,0.6740502715110779,0.7387269139289856,-0.732636034488678,1.4336821395021666,-0.03259768337011337,0.029689766466617584,-0.0017162831500172615,-0.0003615007735788822,-0.00010361894965171814,0.00258619524538517,-0.0013085082173347473,0.0008117407560348511,0.0009464100003242493,-0.0012345612049102783,0.002153168907646898,-0.6323754191398621,0.7420479655265808,0.6594750881195068,-0.797679603099823,1.4218374184936546,50.226154446,True,-0.00014621764421463013,-0.000194646418094635,-0.00033099204301834106,-0.00021029263734817505,0.00045561131267877667,-0.08804164081811905,-0.06795302033424377,0.07925740629434586,0.06499700248241425,0.15122940995410744,ROA_1002_model21000_delay30,2511,2026-10-02_14-30-02,-0.038205016404390335,0.03538871183991432
-0.0013753771781921387,0.0008748844265937805,0.00142659991979599,-0.0007905066013336182,0.00230484313815987,-0.6167963147163391,0.7839705348014832,0.8102077841758728,-0.6489529609680176,1.430261892125831,-0.001448020339012146,0.0006601214408874512,0.0006027519702911377,-0.0014605000615119934,0.0020860106065664816,-0.7212329506874084,0.6756036877632141,0.738209068775177,-0.7330011129379272,1.4347213833549637,-0.03261525556445122,0.029967959970235825,-0.0018109409138560295,-9.661540389060974e-05,-0.00016709323972463608,0.0028517090249806643,-0.0013018026947975159,0.0008519738912582397,0.0009309500455856323,-0.001243501901626587,0.002165203215672319,-0.629149317741394,0.7467362880706787,0.6568058729171753,-0.7998030185699463,1.422829105451846,50.246166211,True,-0.00014919787645339966,-0.00018943101167678833,-0.0003255903720855713,-0.00021364539861679077,0.00045329377972540264,-0.09213759750127792,-0.07113255560398102,0.08144228905439377,0.06679072976112366,0.1569641472494812,ROA_1002_model21000_delay30,2512,2026-10-02_14-30-02,-0.03815484791994095,0.03557523712515831
-0.0013884156942367554,0.0008996576070785522,0.0014234334230422974,-0.0007947906851768494,0.0023214471245924383,-0.6182752251625061,0.7864366769790649,0.8109025359153748,-0.6498265862464905,1.432994296881655,-0.001455657184123993,0.0006878748536109924,0.0006046146154403687,-0.0014709308743476868,0.002110175945685765,-0.7232669591903687,0.6782635450363159,0.7391105890274048,-0.734288215637207,1.4381208321462002,-0.03225059062242508,0.029982075095176697,-0.0014283005148172379,-0.0001523536629974842,0.00019863806664943695,0.0027956212870776653,-0.0013081356883049011,0.0008763745427131653,0.0009251758456230164,-0.0012544915080070496,0.002182720355598069,-0.6286892890930176,0.7511768341064453,0.6557683944702148,-0.8025858402252197,1.4260513712107639,50.266154615000005,True,-0.00014919787645339966,-0.0001866370439529419,-0.0003205612301826477,-0.00021848827600479126,0.0004516130794482389,-0.09462236613035202,-0.0729188323020935,0.08335522562265396,0.06828270852565765,0.16085864589555482,ROA_1002_model21000_delay30,2513,2026-10-02_14-30-02,-0.037635814398527145,0.03543490171432495
-0.001378171145915985,0.000914745032787323,0.001413002610206604,-0.0007987022399902344,0.002315978875173024,-0.6190836429595947,0.7895845770835876,0.8103250861167908,-0.6507112979888916,1.4350932807523349,-0.0014377757906913757,0.0007180497050285339,0.0005900859832763672,-0.0014899298548698425,0.002119837880799808,-0.7243863940238953,0.6818454265594482,0.7391031384468079,-0.7352996468544006,1.4408995393701463,-0.03241630643606186,0.030387375503778458,-0.0016131727024912834,0.00016376841813325882,1.5608035027980804e-05,0.0031263045966625214,-0.0012895092368125916,0.000901147723197937,0.0009071081876754761,-0.00126715749502182,0.0021825338648128402,-0.6261001825332642,0.7581095695495605,0.65280681848526,-0.8064358830451965,1.4293978057130334,50.286153931,True,-0.000147894024848938,-0.00018030405044555664,-0.00031795352697372437,-0.00021960586309432983,0.0004479122765125952,-0.09829363971948624,-0.07625482976436615,0.08629820495843887,0.07116049528121948,0.16727674829915118,ROA_1002_model21000_delay30,2514,2026-10-02_14-30-02,-0.03760819137096405,0.03580643609166145
-0.0013709068298339844,0.000920519232749939,0.0014036893844604492,-0.0008068978786468506,0.0023112111034423997,-0.6194673180580139,0.7912050485610962,0.8099004030227661,-0.6512719988822937,1.4361490709965108,-0.0014260411262512207,0.0007390975952148438,0.0005863606929779053,-0.0015035271644592285,0.0021306342121956935,-0.7248241305351257,0.6839762926101685,0.7391366958618164,-0.7359757423400879,1.442498810925128,-0.032590340822935104,0.030586957931518555,-0.0018013855442404747,0.00033253803849220276,-0.00019421614706516266,0.003307742765173316,-0.001276843249797821,0.000916607677936554,0.000895373523235321,-0.0012781471014022827,0.002183530128474015,-0.6246529221534729,0.7616932988166809,0.6510838270187378,-0.8085723519325256,1.4310927521098171,50.306156767000004,True,-0.00015292316675186157,-0.0001773238182067871,-0.00031441450119018555,-0.00022407621145248413,0.00044900539690438847,-0.10019540041685104,-0.07772818207740784,0.08799879997968674,0.07257610559463501,0.17054459193271027,ROA_1002_model21000_delay30,2515,2026-10-02_14-30-02,-0.037684716284275055,0.03595726191997528
-0.0013904646039009094,0.0009367242455482483,0.0014115124940872192,-0.0008126720786094666,0.002335996045436988,-0.6205141544342041,0.7916856408119202,0.8108093738555908,-0.6517618298530579,1.437609671376682,-0.001452118158340454,0.0007459893822669983,0.0005960464477539062,-0.0015053898096084595,0.0021521996134179788,-0.725479781627655,0.6850808262825012,0.7399339079856873,-0.7367785573005676,1.444173172212472,-0.0325751006603241,0.0308358334004879,-0.001780870370566845,0.0005680047906935215,-0.00017957575619220734,0.003530325600877404,-0.0013006851077079773,0.0009240582585334778,0.0009045004844665527,-0.0012818723917007446,0.0022056435348750836,-0.626886248588562,0.7612537145614624,0.6519723534584045,-0.8093397617340088,1.4326663685036343,50.326159539,True,-0.0001514330506324768,-0.00018291175365447998,-0.00030938535928726196,-0.00022295862436294556,0.0004463213642580288,-0.09859166294336319,-0.07617659866809845,0.08793360739946365,0.07253885269165039,0.1688496052119004,ROA_1002_model21000_delay30,2516,2026-10-02_14-30-02,-0.03768235817551613,0.036093130707740784
-0.0014118850231170654,0.0009534880518913269,0.0014180317521095276,-0.0008223578333854675,0.002362860757196147,-0.6222184300422668,0.7921307682991028,0.8123255968093872,-0.6534512639045715,1.4402949319780571,-0.0014860183000564575,0.0007513910531997681,0.0006059184670448303,-0.0015204772353172302,0.002183879884578741,-0.7264911532402039,0.6861313581466675,0.7414165735244751,-0.7387585639953613,1.446946483485651,-0.03246620297431946,0.030706726014614105,-0.0018365662544965744,0.0006221227813512087,-0.00031076930463314056,0.0035577677190303802,-0.001331046223640442,0.0009357929229736328,0.0009099021553993225,-0.0012936070561408997,0.0022354278670979983,-0.6308313012123108,0.7596834897994995,0.6532668471336365,-0.8113924264907837,1.4352925186480865,50.346160359,True,-0.00015273690223693848,-0.00018570572137832642,-0.00030547380447387695,-0.0002250075340270996,0.00044637231639450695,-0.09568966180086136,-0.07337518036365509,0.08816271275281906,0.0725872814655304,0.16605347848364027,ROA_1002_model21000_delay30,2517,2026-10-02_14-30-02,-0.03751690313220024,0.03584932163357735
-0.0014331191778182983,0.0009605661034584045,0.0014254823327064514,-0.0008357688784599304,0.002387858485023929,-0.6233304738998413,0.791616678237915,0.8130408525466919,-0.6539635062217712,1.4412117699699654,-0.001512095332145691,0.0007541850209236145,0.0006193295121192932,-0.0015398487448692322,0.0022143584684145004,-0.7268990874290466,0.686172366142273,0.7422621846199036,-0.7393918633460999,1.4479262678904425,-0.03195487707853317,0.030427321791648865,-0.0015256032347679138,0.000607677036896348,-0.00010543409734964371,0.003511749906465411,-0.001360476016998291,0.000940077006816864,0.000918656587600708,-0.0013086944818496704,0.002264355590376589,-0.6342585682868958,0.7567610144615173,0.6534568667411804,-0.8123330473899841,1.4358460262436732,50.366154811,True,-0.00015720725059509277,-0.0001858919858932495,-0.0002995133399963379,-0.00022836029529571533,0.0004462764817959697,-0.09269825369119644,-0.07060542702674866,0.08882767707109451,0.07294304668903351,0.16364648511747043,ROA_1002_model21000_delay30,2518,2026-10-02_14-30-02,-0.036962974816560745,0.035435765981674194
-0.0014485791325569153,0.0009588897228240967,0.0014221295714378357,-0.0008324161171913147,0.0023935060250916147,-0.6238035559654236,0.7897316813468933,0.8129663467407227,-0.6536989808082581,1.4403453183222867,-0.00153370201587677,0.0007368624210357666,0.0006081536412239075,-0.0015500932931900024,0.0022157980221720183,-0.7267966270446777,0.6846226453781128,0.7423292398452759,-0.7392931580543518,1.4471158201482714,-0.0307866632938385,0.02928794175386429,-0.001047641970217228,0.000248835189267993,0.00013268738985061646,0.0031071542762219906,-0.0013770535588264465,0.0009274110198020935,0.0009104609489440918,-0.001313723623752594,0.0022648966674361933,-0.6376150846481323,0.7517151236534119,0.6518214344978333,-0.813141405582428,1.434330608036027,50.386155280000004,True,-0.00015720725059509277,-0.00018738210201263428,-0.0002985820174217224,-0.0002386048436164856,0.0004519348419927392,-0.08919275552034378,-0.06710365414619446,0.09056179970502853,0.07384270429611206,0.1615626782318089,ROA_1002_model21000_delay30,2519,2026-10-02_14-30-02,-0.0356687530875206,0.03416548669338226
-0.0014664605259895325,0.0009624287486076355,0.0014184042811393738,-0.0008255243301391602,0.0024012488629827126,-0.6256941556930542,0.7892324924468994,0.8145495653152466,-0.6546117067337036,1.442299445719631,-0.001568533480167389,0.0007290393114089966,0.0006025657057762146,-0.0015445053577423096,0.002223714345444857,-0.727847158908844,0.6846356987953186,0.7439348697662354,-0.7402896285057068,1.4489793108569708,-0.030176769942045212,0.029004398733377457,-0.00030872225761413574,-0.00011714361608028412,0.0008826907724142075,0.002686137333512306,-0.001411139965057373,0.0009192153811454773,0.0009037554264068604,-0.0013044103980064392,0.002270843427958694,-0.6433371305465698,0.7469020485877991,0.6529111266136169,-0.8140243291854858,1.4352852225409292,50.406154436,True,-0.00015534460544586182,-0.00019297003746032715,-0.00030193477869033813,-0.0002387911081314087,0.00045540569444259954,-0.08447281271219254,-0.06225704774260521,0.09098648279905319,0.07372163236141205,0.1572011204143993,ROA_1002_model21000_delay30,2520,2026-10-02_14-30-02,-0.03496227413415909,0.03381095826625824
-0.0014944002032279968,0.0009641051292419434,0.0014211982488632202,-0.0008139759302139282,0.002416825060103282,-0.6277225613594055,0.7883179783821106,0.8171312212944031,-0.6557087898254395,1.4447239254438324,-0.0016137957572937012,0.0007079914212226868,0.0006055459380149841,-0.0015348196029663086,0.002233095483451054,-0.7288380861282349,0.6842184662818909,0.746222198009491,-0.7415990829467773,1.4511207119345635,-0.029584746807813644,0.028549648821353912,0.00033691711723804474,-0.0005966052412986755,0.001619306392967701,0.0021393762435764074,-0.0014567747712135315,0.0009018927812576294,0.0009078532457351685,-0.0012928619980812073,0.00228339853497302,-0.650770902633667,0.7403492331504822,0.6553176641464233,-0.8147991895675659,1.4366537320998392,50.426154136,True,-0.0001559033989906311,-0.0001993030309677124,-0.0003037974238395691,-0.00024456530809402466,0.00046236516059089324,-0.07802434265613556,-0.05601159855723381,0.09091383963823318,0.07311254739761353,0.15106103739499022,ROA_1002_model21000_delay30,2521,2026-10-02_14-30-02,-0.03433257341384888,0.03327309712767601
-0.0015091150999069214,0.0009670853614807129,0.001420825719833374,-0.0008117407560348511,0.00242622696656864,-0.6301253437995911,0.7888897657394409,0.8190702199935913,-0.6572510600090027,1.447959445610098,-0.001644715666770935,0.0006860122084617615,0.0005960464477539062,-0.0015422701835632324,0.002237200311881197,-0.730095386505127,0.6852596402168274,0.7479786276817322,-0.7433350682258606,1.4540320685025385,-0.029366977512836456,0.028187435120344162,0.0005733175203204155,-0.0009306971915066242,0.001917208544909954,0.0017363778315484524,-0.001483038067817688,0.0008920207619667053,0.0009015202522277832,-0.0012909993529319763,0.002288923211368961,-0.6577391028404236,0.7367096543312073,0.6556640863418579,-0.8177607655525208,1.4396315039166785,50.446151660000005,True,-0.00015832483768463135,-0.00020544975996017456,-0.0003078952431678772,-0.0002512708306312561,0.00047195218745226897,-0.07236376404762268,-0.05144066736102104,0.09232199937105179,0.07442012429237366,0.14807397569403657,ROA_1002_model21000_delay30,2522,2026-10-02_14-30-02,-0.034043360501527786,0.03286467492580414
-0.001524016261100769,0.0009644776582717896,0.0013986602425575256,-0.0007929280400276184,0.002415459102941453,-0.6326417922973633,0.7896329760551453,0.8197612762451172,-0.6582755446434021,1.4504336237651703,-0.0016763806343078613,0.000659748911857605,0.0005690380930900574,-0.0015284866094589233,0.002221902914858624,-0.7315426468849182,0.6862580180168152,0.7485337257385254,-0.7442943453788757,1.4559993679684509,-0.029024623334407806,0.02814025804400444,0.0009850990027189255,-0.0010354644618928432,0.002368038520216942,0.0015692466404289007,-0.001512281596660614,0.0008711591362953186,0.0008773058652877808,-0.0012738630175590515,0.002275398382123432,-0.6650127172470093,0.7329601645469666,0.6553400158882141,-0.8194465041160583,1.44167524749104,50.466164032,True,-0.00015944242477416992,-0.00021122395992279053,-0.0003073364496231079,-0.000254996120929718,0.0004763639776756212,-0.06650388240814209,-0.04675238952040672,0.09321793168783188,0.07520243525505066,0.14468512477391718,ROA_1002_model21000_delay30,2523,2026-10-02_14-30-02,-0.03355104848742485,0.032788701355457306
-0.001547299325466156,0.0009629875421524048,0.0013729557394981384,-0.0007662922143936157,0.0024063407426939618,-0.6364695429801941,0.7918252944946289,0.821158230304718,-0.660253643989563,1.4551068902067403,-0.0017082318663597107,0.0006427988409996033,0.0005302950739860535,-0.0015264376997947693,0.002211861048850628,-0.7345098853111267,0.6885527968406677,0.7499381303787231,-0.7462314963340759,1.4602759541394608,-0.028374455869197845,0.027819324284791946,0.0017068772576749325,-0.0014653103426098824,0.003141001332551241,0.0010879721958190203,-0.0015502795577049255,0.0008631497621536255,0.0008471310138702393,-0.0012584030628204346,0.0022718680723328483,-0.6735659837722778,0.7307882905006409,0.6534866690635681,-0.8241701722145081,1.4460865727002292,50.486150708000004,True,-0.00016242265701293945,-0.00021867454051971436,-0.00031329691410064697,-0.00026617199182510376,0.0004904547480570014,-0.06095878407359123,-0.04224851354956627,0.09644775837659836,0.07795542478561401,0.1444234604040179,ROA_1002_model21000_delay30,2524,2026-10-02_14-30-02,-0.0325893796980381,0.03235882520675659
-0.0015486031770706177,0.0009628012776374817,0.0013327226042747498,-0.0007554888725280762,0.0023811365378130197,-0.641575038433075,0.7967315316200256,0.8212327361106873,-0.6629936099052429,1.4614523691713657,-0.0017143785953521729,0.0006332993507385254,0.0004816800355911255,-0.0015361234545707703,0.0021915874196533664,-0.7389336228370667,0.6934739351272583,0.7504857778549194,-0.7486249804496765,1.4663214745890978,-0.02741626277565956,0.027668774127960205,0.0024654176086187363,-0.0015408741310238838,0.003843456506729126,0.000956428237259388,-0.0015560537576675415,0.000860355794429779,0.0007975846529006958,-0.0012589618563652039,0.002250031979866219,-0.6801671981811523,0.7344372272491455,0.6483755707740784,-0.8317511081695557,1.452731016632641,50.506154184,True,-0.0001564621925354004,-0.0002212822437286377,-0.00031888484954833984,-0.0002779066562652588,0.0004994251507295412,-0.058745961636304855,-0.04096142575144768,0.10212323814630508,0.08310563117265701,0.14980940156143155,ROA_1002_model21000_delay30,2525,2026-10-02_14-30-02,-0.0312524139881134,0.03211867809295654
-0.0015653669834136963,0.0009549781680107117,0.0013457611203193665,-0.0007456168532371521,0.00239310319766073,-0.6468333005905151,0.7996875643730164,0.824391782283783,-0.6645842790603638,1.4679132986232473,-0.0017490237951278687,0.0005966052412986755,0.0004973262548446655,-0.0015273690223693848,0.002197029160553892,-0.7424671053886414,0.6969999074935913,0.7531456351280212,-0.7500014901161194,1.4718447104483656,-0.026913538575172424,0.02773156389594078,0.0031169611029326916,-0.00164814293384552,0.004531001206487417,0.0007899117190390825,-0.0015925616025924683,0.000827200710773468,0.0008130446076393127,-0.0012446194887161255,0.0022569799019689584,-0.6904973983764648,0.7323529124259949,0.6514340043067932,-0.8327289819717407,1.4582257541210475,50.526150044000005,True,-0.00015478581190109253,-0.00023283064365386963,-0.0003173947334289551,-0.00028032809495925903,0.0005038105469153758,-0.052031125873327255,-0.03530457615852356,0.1016966924071312,0.08267722278833389,0.14528390358983173,ROA_1002_model21000_delay30,2526,2026-10-02_14-30-02,-0.030742812901735306,0.032065700739622116
-0.00154152512550354,0.0009052455425262451,0.0013513490557670593,-0.0007288530468940735,0.00235612979346171,-0.6491783857345581,0.799832820892334,0.8250828385353088,-0.6642881631851196,1.4693475692122802,-0.001741759479045868,0.0005180016160011292,0.0005161389708518982,-0.0014994293451309204,0.0021516715684732407,-0.7427259683609009,0.6979200839996338,0.7533355951309204,-0.7491055727005005,1.472065059279437,-0.02621370553970337,0.027806758880615234,0.003830207511782646,-0.0015887515619397163,0.005302321631461382,0.0007897296454757452,-0.0015811994671821594,0.0007633119821548462,0.0008296221494674683,-0.0012170523405075073,0.0022165318869388187,-0.6978865265846252,0.7276124954223633,0.6549898386001587,-0.829078197479248,1.4587516657449369,50.546154641,True,-0.00015888363122940063,-0.00024344772100448608,-0.00031497329473495483,-0.0002823770046234131,0.000509466558523842,-0.04484131559729576,-0.029694287106394768,0.0983513817191124,0.07997079938650131,0.13761333058835115,ROA_1002_model21000_delay30,2527,2026-10-02_14-30-02,-0.03013673424720764,0.032154012471437454
-0.0015245750546455383,0.0008732080459594727,0.0013424083590507507,-0.0007066875696182251,0.0023209093879771278,-0.6524007320404053,0.80197674036026,0.8244327902793884,-0.6642751097679138,1.47166010020604,-0.0017249956727027893,0.0004813075065612793,0.0005083158612251282,-0.0014755874872207642,0.0021106325105033417,-0.7446482181549072,0.7005799412727356,0.7529705166816711,-0.7480848431587219,1.4736033385438911,-0.025342881679534912,0.02824440225958824,0.005010934546589851,-0.0015186774544417858,0.006438819225877523,0.000797157408669591,-0.0015661120414733887,0.0007281079888343811,0.0008240342140197754,-0.0011915341019630432,0.002178007525902442,-0.7026605010032654,0.7281973361968994,0.6559341549873352,-0.8268020749092102,1.460428082784283,50.56615149300001,True,-0.00015292316675186157,-0.00024903565645217896,-0.00031366944313049316,-0.0002827495336532593,0.0005089642679130045,-0.042010094970464706,-0.027626750990748405,0.09706056863069534,0.07869861274957657,0.13461343628442496,ROA_1002_model21000_delay30,2528,2026-10-02_14-30-02,-0.028958436101675034,0.03252600505948067
-0.0015204772353172302,0.0008413568139076233,0.0013530254364013672,-0.0006800517439842224,0.002304523649451796,-0.6548128724098206,0.8029117584228516,0.8254907727241516,-0.6648618578910828,1.474150705837011,-0.0017218291759490967,0.00044051557779312134,0.0005220994353294373,-0.0014448538422584534,0.0020847019394811556,-0.7460843324661255,0.7018614411354065,0.7541980147361755,-0.7477197647094727,1.4753905081701912,-0.024000253528356552,0.028263580054044724,0.006022534798830748,-0.001242665108293295,0.007534783333539963,0.0010534953325986862,-0.001564808189868927,0.0006910413503646851,0.0008383765816688538,-0.0011634081602096558,0.0021567034586907115,-0.7068775296211243,0.7270816564559937,0.6578340530395508,-0.8258949518203735,1.4621781514184307,50.586155545000004,True,-0.00015441328287124634,-0.0002525746822357178,-0.0003127381205558777,-0.00028386712074279785,0.0005111680320085605,-0.03925338014960289,-0.025207174941897392,0.0963415876030922,0.07814168930053711,0.13244164345584022,ROA_1002_model21000_delay30,2529,2026-10-02_14-30-02,-0.027388785034418106,0.03248004987835884
-0.0015262514352798462,0.000842660665512085,0.0013848766684532166,-0.0007076188921928406,0.0023359670319405934,-0.6581171751022339,0.8047837615013123,0.8268430233001709,-0.6665568351745605,1.4782531407234247,-0.0017287209630012512,0.00043604522943496704,0.0005589798092842102,-0.0014612451195716858,0.0021113412917062348,-0.7485784292221069,0.7038413882255554,0.7559079527854919,-0.7485225200653076,1.4788777049970578,-0.023383215069770813,0.028321892023086548,0.0066013215109705925,-0.0012147100642323494,0.00815341155976057,0.0010674218647181988,-0.0015815719962120056,0.0006852671504020691,0.000873953104019165,-0.001179240643978119,0.00218877215753303,-0.7107816338539124,0.7277204990386963,0.6601884365081787,-0.8259676098823547,1.4654564424423353,50.606150957000004,True,-0.00015292316675186157,-0.00024978071451187134,-0.0003121793270111084,-0.0002814456820487976,0.0005076486936605401,-0.037765130400657654,-0.023875383660197258,0.0957399532198906,0.07745064795017242,0.13090892247325017,ROA_1002_model21000_delay30,2530,2026-10-02_14-30-02,-0.026572681963443756,0.03228427842259407
-0.0015329569578170776,0.0008333474397659302,0.0014122575521469116,-0.0007146969437599182,0.0023555247401207337,-0.6571709513664246,0.8017345666885376,0.8252300024032593,-0.6643440127372742,1.4743520968872783,-0.0017503276467323303,0.0004172325134277344,0.0006049871444702148,-0.0014448538422584534,0.0021337899280727134,-0.7465015649795532,0.7008872628211975,0.7538236379623413,-0.7457490563392639,1.4739501794595287,-0.023260097950696945,0.028538454324007034,0.006744091864675283,-0.0009658550843596458,0.008204983547329903,0.0012633088044822216,-0.0015962868928909302,0.0006673857569694519,0.0009151175618171692,-0.0011725351214408875,0.0022090691596415198,-0.7139369249343872,0.720903217792511,0.6644483208656311,-0.8178650736808777,1.4610431768907588,50.626152545000004,True,-0.0001555308699607849,-0.00025443732738494873,-0.0003118067979812622,-0.00027120113372802734,0.0005042544072955909,-0.032572075724601746,-0.019995493814349174,0.08936970680952072,0.07213279604911804,0.12095128962885701,ROA_1002_model21000_delay30,2531,2026-10-02_14-30-02,-0.02644442766904831,0.03228132426738739
-0.0015776604413986206,0.0008428469300270081,0.0014584511518478394,-0.0007156282663345337,0.002415964769960287,-0.6573740243911743,0.7989946603775024,0.8268095254898071,-0.6638429760932922,1.4736634046189838,-0.0018145889043807983,0.00040177255868911743,0.00067148357629776,-0.0014139339327812195,0.002192685368325152,-0.7468498945236206,0.6978492736816406,0.7550827860832214,-0.7449723482131958,1.4729264945197733,-0.023273486644029617,0.029262147843837738,0.007083036936819553,-0.0005229543894529343,0.008595199324190617,0.0017059240490198135,-0.001654215157032013,0.0006593763828277588,0.0009760260581970215,-0.00115223228931427,0.0022674822101401574,-0.71805340051651,0.7132570743560791,0.6708837747573853,-0.8116997480392456,1.4588225130182904,50.646152021000006,True,-0.0001598149538040161,-0.00025369226932525635,-0.00030919909477233887,-0.0002633780241012573,0.000499578352748055,-0.028777865692973137,-0.015418975614011288,0.0841878280043602,0.06674043834209442,0.11214709272051768,ROA_1002_model21000_delay30,2532,2026-10-02_14-30-02,-0.026540443301200867,0.03261090815067291
-0.001588091254234314,0.0008435919880867004,0.0015072524547576904,-0.000745430588722229,0.0024616841696639556,-0.6536431312561035,0.7919799089431763,0.827306866645813,-0.6623938083648682,1.467910711322233,-0.0018311664462089539,0.00040065497159957886,0.0007342547178268433,-0.0014107674360275269,0.0022346617020515985,-0.7427148222923279,0.6909947395324707,0.7545314431190491,-0.7435231804847717,1.466560944586593,-0.022797737270593643,0.028684601187705994,0.007265721447765827,-0.0006572762504220009,0.00877382792532444,0.0015432920772582293,-0.001667812466621399,0.0006522983312606812,0.0010425224900245667,-0.0011650845408439636,0.0023137285575496485,-0.7170848250389099,0.7025338411331177,0.6785653233528137,-0.8027552962303162,1.4518914084929733,50.666150985,True,-0.00015925616025924683,-0.00025387853384017944,-0.0003121793270111084,-0.0002479180693626404,0.0004921431437661899,-0.025646759197115898,-0.01155026163905859,0.07596984505653381,0.05922838672995567,0.10014762733346697,ROA_1002_model21000_delay30,2533,2026-10-02_14-30-02,-0.026285305619239807,0.031753260642290115
-0.0016164034605026245,0.0008499249815940857,0.0015409663319587708,-0.0007361173629760742,0.0024998560728731584,-0.6527621150016785,0.7902551293373108,0.830642819404602,-0.6637535691261292,1.4690351273745572,-0.0018633902072906494,0.0004038214683532715,0.0007759779691696167,-0.001379847526550293,0.0022697826432281224,-0.7432736158370972,0.6881598234176636,0.7573198080062866,-0.7451735138893127,1.4677669431340363,-0.023128509521484375,0.028632864356040955,0.007413068786263466,-0.0010265498422086239,0.008866952732205391,0.0011668549850583076,-0.0017005950212478638,0.0006543472409248352,0.0010903924703598022,-0.0011401250958442688,0.0023532711743604914,-0.716401219367981,0.6985812783241272,0.6856377720832825,-0.7994733452796936,1.4513196834775777,50.686152542,True,-0.00016409903764724731,-0.00024866312742233276,-0.00031404197216033936,-0.00024009495973587036,0.0004886305595779587,-0.026863066479563713,-0.010408460162580013,0.071721151471138,0.0542961023747921,0.09415283161511524,ROA_1002_model21000_delay30,2534,2026-10-02_14-30-02,-0.02679736539721489,0.0316087044775486
-0.0016001984477043152,0.000831112265586853,0.0015309080481529236,-0.0007119029760360718,0.002469607296992681,-0.6493478417396545,0.7888320684432983,0.8296816945075989,-0.6632487773895264,1.4659027840162737,-0.0018365681171417236,0.0004084780812263489,0.0007603317499160767,-0.0013498589396476746,0.0022359458759408,-0.7416512370109558,0.6855372190475464,0.7565710544586182,-0.7447823286056519,1.465120778150719,-0.023507095873355865,0.028468076139688492,0.007157371379435062,-0.0010468368418514729,0.008316626772284508,0.001037796726450324,-0.001673772931098938,0.000644288957118988,0.0010777264833450317,-0.001115165650844574,0.002316385955408981,-0.7093045711517334,0.700050950050354,0.6853415966033936,-0.7979906797409058,1.4477976467253044,50.706152402,True,-0.00016372650861740112,-0.0002425163984298706,-0.00031851232051849365,-0.0002337619662284851,0.0004850356673672164,-0.03232993185520172,-0.01448951568454504,0.07122009992599487,0.05321018025279045,0.09542938968882685,ROA_1002_model21000_delay30,2535,2026-10-02_14-30-02,-0.027196019887924194,0.031547777354717255
-0.0015385448932647705,0.0008206814527511597,0.0014806166291236877,-0.0006860122084617615,0.0023872587167534398,-0.6429850459098816,0.7876660227775574,0.8243340849876404,-0.6600431799888611,1.457817207460027,-0.0017561018466949463,0.00042673200368881226,0.000698678195476532,-0.001331232488155365,0.0021511136237564784,-0.7379799485206604,0.6827525496482849,0.7513388395309448,-0.7421578764915466,1.457911757899827,-0.023813970386981964,0.028309572488069534,0.006591485813260078,-0.0007294123061001301,0.00730352196842432,0.0012072783429175615,-0.0015927478671073914,0.0006563961505889893,0.0010192394256591797,-0.0010987743735313416,0.0022313997526983956,-0.6947200298309326,0.7072575092315674,0.6772558689117432,-0.7975343465805054,1.4404407871968026,50.72615363800001,True,-0.00016260892152786255,-0.00022742897272109985,-0.00032298266887664795,-0.00023134052753448486,0.00048002933792914065,-0.04326179251074791,-0.024454666301608086,0.0740978866815567,0.05534663423895836,0.1048451639009944,ROA_1002_model21000_delay30,2536,2026-10-02_14-30-02,-0.027420487254858017,0.03156674653291702
-0.001465342938899994,0.0008059665560722351,0.0013938173651695251,-0.0006219372153282166,0.002262202663929027,-0.63492351770401,0.7884464859962463,0.8194912075996399,-0.6560738682746887,1.4497236949663193,-0.0016441568732261658,0.0004725530743598938,0.000591576099395752,-0.0012755393981933594,0.0020241436157071237,-0.7341392040252686,0.6814747452735901,0.7462053894996643,-0.7395129203796387,1.451381672226316,-0.023799095302820206,0.027199964970350266,0.006140919402241707,-0.0015011318027973175,0.006922886706888676,0.000563598470762372,-0.0014863908290863037,0.000685080885887146,0.000926479697227478,-0.0010445713996887207,0.002106737736132621,-0.6733704209327698,0.7214788198471069,0.6696991324424744,-0.7965191602706909,1.4337096355405547,50.746154074,True,-0.0001605600118637085,-0.0002078711986541748,-0.0003296881914138794,-0.00023134052753448486,0.00047629792944533784,-0.06075761839747429,-0.04001520201563835,0.07652118802070618,0.0570397786796093,0.1199600523125178,ROA_1002_model21000_delay30,2537,2026-10-02_14-30-02,-0.027650367468595505,0.030624277889728546
-0.001467578113079071,0.0007996335625648499,0.0013979151844978333,-0.000618956983089447,0.002263163439556777,-0.6335489153862,0.7864366769790649,0.8188634514808655,-0.6550959944725037,1.4472487798535858,-0.0016482546925544739,0.0004686415195465088,0.0006021931767463684,-0.0012667849659919739,0.002027424902221805,-0.7322337031364441,0.6803367137908936,0.7457639575004578,-0.7389634251594543,1.4493839017008805,-0.02382121980190277,0.02742169052362442,0.005982080940157175,-0.0012216116301715374,0.0068842945620417595,0.0008262598421424627,-0.001484900712966919,0.0006759539246559143,0.0009294599294662476,-0.0010376796126365662,0.002100913884477859,-0.6726030111312866,0.7191411852836609,0.670315682888031,-0.794548511505127,1.4313808004490658,50.766150958000004,True,-0.00016596168279647827,-0.00020992010831832886,-0.00032335519790649414,-0.0002294778823852539,0.000474216208919865,-0.059621404856443405,-0.03873556852340698,0.07545016705989838,0.0555477999150753,0.11756904954456406,ROA_1002_model21000_delay30,2538,2026-10-02_14-30-02,-0.027696050703525543,0.030752182006835938
-0.0014493241906166077,0.0007893890142440796,0.0013770535588264465,-0.0005997717380523682,0.0022293803539974928,-0.6308369040489197,0.7869004607200623,0.8175819516181946,-0.6531513929367065,1.4444961970474508,-0.0016121193766593933,0.00048242509365081787,0.0005841255187988281,-0.0012446194887161255,0.001993319135684435,-0.7309242486953735,0.6807036399841309,0.7449071407318115,-0.7375087141990662,1.447730923347529,-0.023765169084072113,0.026908468455076218,0.005862885154783726,-0.0016391281969845295,0.006854402832686901,0.0004206665325909853,-0.0014489516615867615,0.0006828457117080688,0.0009074807167053223,-0.0010186806321144104,0.0020626701617879255,-0.6641111969947815,0.7252506613731384,0.6689931750297546,-0.7929168343544006,1.4291473429504398,50.786154690000004,True,-0.00016372650861740112,-0.0001993030309677124,-0.00032354146242141724,-0.00022891908884048462,0.0004693626916801619,-0.06683915853500366,-0.04455260559916496,0.07597915828227997,0.055378299206495285,0.1236343328616049,ROA_1002_model21000_delay30,2539,2026-10-02_14-30-02,-0.027913670986890793,0.030192434787750244
-0.0014124438166618347,0.0007733702659606934,0.0013757497072219849,-0.0005986541509628296,0.0021987056651446664,-0.6255451440811157,0.7848925590515137,0.8136405944824219,-0.6488915085792542,1.4367322411336894,-0.0015622004866600037,0.0004850327968597412,0.0006038695573806763,-0.0012256205081939697,0.0019650435213302503,-0.7266942262649536,0.6789042949676514,0.740749716758728,-0.7336251139640808,1.4406496398066042,-0.024627119302749634,0.027097415179014206,0.005117673426866531,-0.0015580621547996998,0.006087863352149725,0.0004694056697189808,-0.0013964250683784485,0.0006841495633125305,0.0009212642908096313,-0.0010065734386444092,0.002033369781027519,-0.6538684964179993,0.7290392518043518,0.6694718599319458,-0.7849782109260559,1.422361304341048,50.806150710000004,True,-0.00016279518604278564,-0.00020023435354232788,-0.0003164634108543396,-0.00021737068891525269,0.0004585542619435007,-0.07277540862560272,-0.05017220601439476,0.07128529250621796,0.051366161555051804,0.1246270571929597,ROA_1002_model21000_delay30,2540,2026-10-02_14-30-02,-0.028809696435928345,0.030315205454826355
-0.0014184042811393738,0.0007674098014831543,0.0013969838619232178,-0.0005997717380523682,0.0022140651607995016,-0.6213392615318298,0.7817130088806152,0.8118040561676025,-0.6447452902793884,1.4300655207168782,-0.001570768654346466,0.0004800036549568176,0.0006545335054397583,-0.0011913478374481201,0.001981962720035241,-0.7232744097709656,0.6755198836326599,0.7376633286476135,-0.7305424213409424,1.4341731442940164,-0.02471579983830452,0.0268578939139843,0.004840733017772436,-0.0016305423341691494,0.005889831110835075,0.000378279248252511,-0.00140313059091568,0.0006796792149543762,0.0009642913937568665,-0.0009860843420028687,0.0020510758724437343,-0.6492454409599304,0.7262359857559204,0.6745941638946533,-0.7737483382225037,1.4151412917621684,50.826151211,True,-0.00016558915376663208,-0.00019669532775878906,-0.00030938535928726196,-0.00020675361156463623,0.0004483870794209703,-0.07401779294013977,-0.05071051046252251,0.06305798888206482,0.04318542405962944,0.11786212390007143,ROA_1002_model21000_delay30,2541,2026-10-02_14-30-02,-0.029049981385469437,0.030009228736162186
-0.0014340505003929138,0.0007735565304756165,0.0014234334230422974,-0.0006109476089477539,0.0022459466162981327,-0.6169955730438232,0.7789190411567688,0.8098613023757935,-0.6406642198562622,1.423498503140672,-0.0015877187252044678,0.0004934147000312805,0.0007076188921928406,-0.001169554889202118,0.002018664709525898,-0.7200259566307068,0.6725042462348938,0.7345228791236877,-0.7275584936141968,1.4279798282089793,-0.02439076080918312,0.026975851505994797,0.0049960738979279995,-0.0014107776805758476,0.0061307502910494804,0.0005960459820926189,-0.001415051519870758,0.0006901100277900696,0.0010145828127861023,-0.0009704381227493286,0.0020845880973977345,-0.6441659927368164,0.7244459986686707,0.6804391145706177,-0.7622520923614502,1.4084727917573916,50.846152127,True,-0.00017452985048294067,-0.00019576400518417358,-0.0003043562173843384,-0.00019669532775878906,0.0004436966415154335,-0.07584318518638611,-0.05196407064795494,0.054130326956510544,0.03466010093688965,0.11216583414614036,ROA_1002_model21000_delay30,2542,2026-10-02_14-30-02,-0.028764385730028152,0.030062519013881683
-0.0014271587133407593,0.0007690861821174622,0.0014396384358406067,-0.0006239861249923706,0.0022540968756682607,-0.6140861511230469,0.7789246439933777,0.8089653849601746,-0.6389487385749817,1.4207398018408708,-0.0015700235962867737,0.0005075708031654358,0.000739656388759613,-0.0011645257472991943,0.0020279348527593626,-0.7195360660552979,0.6716940402984619,0.7335655093193054,-0.7265992164611816,1.4263677661076466,-0.02385074272751808,0.02625032514333725,0.0054072909988462925,-0.0020377347245812416,0.00656946562230587,-6.485730409622192e-06,-0.001393631100654602,0.0006992369890213013,0.0010402873158454895,-0.000973045825958252,0.0020903856616369103,-0.6361435651779175,0.7289517521858215,0.6819832921028137,-0.7577351927757263,1.405417240359833,50.866151603000006,True,-0.0001778826117515564,-0.00018887221813201904,-0.000299699604511261,-0.00019259750843048096,0.0004377475483734227,-0.08336453884840012,-0.05715712532401085,0.05159899219870567,0.031094996258616447,0.11762961204052406,ROA_1002_model21000_delay30,2543,2026-10-02_14-30-02,-0.02828981727361679,0.029421381652355194
-0.0013912096619606018,0.0007636845111846924,0.001428462564945221,-0.0006390735507011414,0.002226968016060023,-0.6105303764343262,0.7801781892776489,0.8056815266609192,-0.6371233463287354,1.4169985096483997,-0.0015210360288619995,0.0005241483449935913,0.0007394701242446899,-0.0011712312698364258,0.002006003347246497,-0.7176324129104614,0.6729866862297058,0.7307305335998535,-0.7250587940216064,1.4237916051160042,-0.023621413856744766,0.025569111108779907,0.005450003314763308,-0.002644842490553856,0.006634851917624474,-0.0005705538205802441,-0.0013461336493492126,0.0007119029760360718,0.0010365620255470276,-0.0009831041097640991,0.0020687549629389416,-0.627079963684082,0.7365047335624695,0.6809811592102051,-0.7544625401496887,1.402927898960554,50.886152839000005,True,-0.0001778826117515564,-0.0001782551407814026,-0.00029671937227249146,-0.00018943101167678833,0.00043052963726447906,-0.0905357226729393,-0.06340071558952332,0.04972703382372856,0.0294074397534132,0.12465340735673842,ROA_1002_model21000_delay30,2544,2026-10-02_14-30-02,-0.027977515012025833,0.028842393308877945
-0.00138748437166214,0.0007694587111473083,0.0014530494809150696,-0.0006826594471931458,0.0022558408823092797,-0.609271228313446,0.7828734517097473,0.8051692843437195,-0.636979877948761,1.4173674911074585,-0.0015033408999443054,0.0005519017577171326,0.0007858499884605408,-0.001201033592224121,0.002042979571964202,-0.7174815535545349,0.6754099726676941,0.7300618886947632,-0.7253996729850769,1.424705022362898,-0.02343585714697838,0.025158707052469254,0.005183587782084942,-0.002729840576648712,0.006439680233597755,-0.0005994783714413643,-0.001331046223640442,0.0007309019565582275,0.0010715797543525696,-0.0010225921869277954,0.002103425037465252,-0.621719241142273,0.7444843053817749,0.6841756105422974,-0.7517840266227722,1.4046974481943253,50.906151384000005,True,-0.00017415732145309448,-0.00017527490854263306,-0.00028908252716064453,-0.00018347054719924927,0.0004198752611505595,-0.0957585796713829,-0.0690557062625885,0.04591233655810356,0.026360152289271355,0.12929117769169135,ROA_1002_model21000_delay30,2545,2026-10-02_14-30-02,-0.02784869447350502,0.028471510857343674
-0.0013966113328933716,0.0007951632142066956,0.0014796853065490723,-0.000737607479095459,0.002304843669117519,-0.6097499132156372,0.7872245907783508,0.8062719702720642,-0.6389468312263489,1.421303014049171,-0.001504644751548767,0.0006031244993209839,0.0008229166269302368,-0.0012509524822235107,0.002106390057460468,-0.7188636660575867,0.6800349354743958,0.7315426468849182,-0.7277540564537048,1.4295699963420878,-0.023933328688144684,0.02564666047692299,0.0046485411003232,-0.002301966305822134,0.005891936365514994,-0.0001324736513197422,-0.0013263896107673645,0.0007743015885353088,0.0011026859283447266,-0.0010721385478973389,0.002157516375722732,-0.6176698803901672,0.755233645439148,0.6866343021392822,-0.7541756629943848,1.4109374316473873,50.926158768,True,-0.00017434358596801758,-0.000169314444065094,-0.0002808868885040283,-0.00018067657947540283,0.0004111926335512786,-0.1011192724108696,-0.0752527266740799,0.04491395875811577,0.026401130482554436,0.13629089196733749,ROA_1002_model21000_delay30,2546,2026-10-02_14-30-02,-0.028466656804084778,0.029040027409791946
-0.0014159828424453735,0.0008374452590942383,0.0015068799257278442,-0.0008065253496170044,0.0023716948188008216,-0.6118751764297485,0.7929596900939941,0.8076801300048828,-0.641761302947998,1.4273208523259913,-0.0015094876289367676,0.0006727874279022217,0.0008556991815567017,-0.001331046223640442,0.00219264212309383,-0.7222592234611511,0.6855595707893372,0.7340274453163147,-0.7306728363037109,1.4366760977980584,-0.02523449808359146,0.026642926037311554,0.003360362257808447,-0.0014314479194581509,0.004554577171802521,0.0007813258562237024,-0.0013299286365509033,0.0008309260010719299,0.0011278316378593445,-0.001148134469985962,0.0022314810935912368,-0.6147753000259399,0.7681249976158142,0.6866492033004761,-0.760111927986145,1.419657607179302,50.946157352,True,-0.00017695128917694092,-0.00016186386346817017,-0.0002719461917877197,-0.0001866370439529419,0.00040690288897434206,-0.10746530443429947,-0.08257291465997696,0.04740431532263756,0.029454005882143974,0.14647742636723968,ROA_1002_model21000_delay30,2547,2026-10-02_14-30-02,-0.02963976189494133,0.029947441071271896
-0.0014727935194969177,0.0009080395102500916,0.0015858560800552368,-0.0009100884199142456,0.0025170001163920238,-0.6164647340774536,0.7992963790893555,0.8115544319152832,-0.6456393599510193,1.4366393024520827,-0.0015579164028167725,0.0007558614015579224,0.0009465962648391724,-0.0014400109648704529,0.0023552621714637316,-0.7274001240730286,0.6921086311340332,0.7380433082580566,-0.7350872755050659,1.4466905961625456,-0.02639574185013771,0.027489978820085526,0.0019915583543479443,-0.000493892002850771,0.00323050981387496,0.001746501075103879,-0.0013815239071846008,0.0009216368198394775,0.0012075528502464294,-0.0012539327144622803,0.002391964848092879,-0.6169695258140564,0.7790513038635254,0.6908364295959473,-0.7657166123390198,1.4314461016968505,50.966157887,True,-0.0001817941665649414,-0.0001642853021621704,-0.0002639368176460266,-0.00018496066331863403,0.0004041429181598557,-0.11039897054433823,-0.08694640547037125,0.04717707261443138,0.03061257116496563,0.151286556931435,ROA_1002_model21000_delay30,2548,2026-10-02_14-30-02,-0.030639775097370148,0.03065863996744156
-0.0014645978808403015,0.0009173527359962463,0.0016419216990470886,-0.0009700655937194824,0.0025734051656181012,-0.6156023144721985,0.7971785664558411,0.8127949833869934,-0.6439908742904663,1.434956904152368,-0.0015523284673690796,0.0007739290595054626,0.0010242685675621033,-0.0014971941709518433,0.0024294117017223606,-0.7271207571029663,0.6899367570877075,0.7388088703155518,-0.7339342832565308,1.4453170343715753,-0.028334684669971466,0.02824888378381729,0.00043044891208410263,-0.00014031026512384415,0.0017500021494925022,0.0020954629871994257,-0.0013653188943862915,0.0009357929229736328,0.0012751668691635132,-0.0013122335076332092,0.0024552855789209257,-0.6159077882766724,0.7779709696769714,0.6956867575645447,-0.7616113424301147,1.4304088614916228,50.986158487000004,True,-0.0001864507794380188,-0.00016167759895324707,-0.00025276094675064087,-0.00018700957298278809,0.0003994230063614064,-0.11106579750776291,-0.08825584501028061,0.043136995285749435,0.02769194357097149,0.15076076908291924,ROA_1002_model21000_delay30,2549,2026-10-02_14-30-02,-0.03236619755625725,0.031267791986465454
-0.0015242025256156921,0.0009259209036827087,0.0017335638403892517,-0.0010348856449127197,0.0026938167146680707,-0.6172786951065063,0.7920227646827698,0.8187088966369629,-0.644404411315918,1.43646267448622,-0.001640617847442627,0.0007517635822296143,0.0011431053280830383,-0.001541338860988617,0.0025516997153497024,-0.7269214391708374,0.6854682564735413,0.7426403164863586,-0.736152708530426,1.4461645881902974,-0.02896929904818535,0.02795245870947838,-0.0006648991256952286,8.117826655507088e-05,0.0007062880322337151,0.002302052453160286,-0.0014483928680419922,0.0009238719940185547,0.0013854354619979858,-0.0013614073395729065,0.002579201652625697,-0.6263647079467773,0.7655266523361206,0.7081087231636047,-0.7562562227249146,1.4315807520601453,51.006154511000005,True,-0.00019595026969909668,-0.0001775100827217102,-0.00024493783712387085,-0.00018551945686340332,0.00040497988021866605,-0.1005958691239357,-0.08003971725702286,0.034555792808532715,0.020129604265093803,0.1345171147917107,ROA_1002_model21000_delay30,2550,2026-10-02_14-30-02,-0.0332711786031723,0.031003691256046295
-0.0015949830412864685,0.0009503215551376343,0.0018244609236717224,-0.0010944902896881104,0.0028237618435820963,-0.6227846741676331,0.7901396155357361,0.8275731801986694,-0.6479825377464294,1.4446137343761278,-0.0017466023564338684,0.0007389113306999207,0.0012548640370368958,-0.0015897676348686218,0.0026879816756115,-0.7307137846946716,0.6840471029281616,0.7495768070220947,-0.7413718700408936,1.4536034917760758,-0.02847958356142044,0.02720068022608757,-0.001224784180521965,0.0004039923660457134,0.00041556451469659805,0.0026510441675782204,-0.0015456229448318481,0.0009231269359588623,0.0014925375580787659,-0.0014044344425201416,0.002712147395367349,-0.6413925290107727,0.7550082802772522,0.7226373553276062,-0.7547978162765503,1.4392782889089104,51.026161511000005,True,-0.0001994892954826355,-0.0001858919858932495,-0.0002382323145866394,-0.00018365681171417236,0.00040556215591076714,-0.08934735506772995,-0.07092207670211792,0.026939434930682182,0.013396142981946468,0.1178192992815959,ROA_1002_model21000_delay30,2551,2026-10-02_14-30-02,-0.03293802961707115,0.03021201118826866
-0.001636892557144165,0.000988878309726715,0.001850910484790802,-0.0011168420314788818,0.0028862610299993582,-0.6266757845878601,0.7907598614692688,0.8322130441665649,-0.6512775421142578,1.4508924095096667,-0.0018026679754257202,0.0007642433047294617,0.001270882785320282,-0.0016313046216964722,0.0027567367629657336,-0.7349680662155151,0.6842929720878601,0.7540806531906128,-0.7456187009811401,1.4603218189545117,-0.02856355533003807,0.026802603155374527,-0.0012557562440633774,-8.306559175252914e-05,0.0004869140684604645,0.0022218709345906973,-0.0016013160347938538,0.0009510666131973267,0.001512095332145691,-0.0014357268810272217,0.002778574446519048,-0.6488524079322815,0.7519553899765015,0.7250587940216064,-0.7606111168861389,1.4454782053046162,51.046158335,True,-0.00019799917936325073,-0.00019203871488571167,-0.00024568289518356323,-0.00019650906324386597,0.0004179314402485897,-0.08612870424985886,-0.06775744259357452,0.029029322788119316,0.01503340806812048,0.11420723627151809,ROA_1002_model21000_delay30,2552,2026-10-02_14-30-02,-0.03297050669789314,0.029916319996118546
-0.0016946345567703247,0.0010602176189422607,0.0018492341041564941,-0.0011440366506576538,0.0029536891346665,-0.634236216545105,0.7969159483909607,0.8362456560134888,-0.6566010117530823,1.4623754881348994,-0.0018602237105369568,0.0008318573236465454,0.0012364238500595093,-0.0017058104276657104,0.0028314735200667077,-0.7435604333877563,0.6895865797996521,0.7590520977973938,-0.7516443133354187,1.4727393771616757,-0.02815471589565277,0.026229243725538254,-0.0011296411976218224,-0.0004987488500773907,0.0006322283297777176,0.0018602116033434868,-0.0016573816537857056,0.0010207295417785645,0.0014873221516609192,-0.001491047441959381,0.002848188390140309,-0.6567742228507996,0.7573291063308716,0.7199290990829468,-0.7750223875045776,1.4571341338432795,51.066157495000006,True,-0.00020433217287063599,-0.00019241124391555786,-0.0002520158886909485,-0.0002171844244003296,0.0004351614358941621,-0.086775042116642,-0.06778165698051453,0.03915838897228241,0.02335198037326336,0.11905942347788966,ROA_1002_model21000_delay30,2553,2026-10-02_14-30-02,-0.03232733532786369,0.02947404608130455
-0.0016819685697555542,0.0010965391993522644,0.0018104910850524902,-0.0011550262570381165,0.0029399269671215836,-0.6380844712257385,0.8001550436019897,0.8361618518829346,-0.6597675085067749,1.4674059552640586,-0.001841224730014801,0.0008769333362579346,0.0011514872312545776,-0.0017754733562469482,0.002828295078281457,-0.7479339241981506,0.6926394701004028,0.760700523853302,-0.7546897530555725,1.4787599948829178,-0.029218114912509918,0.025660786777734756,-0.0021818215027451515,-0.0011392184533178806,-0.00048632826656103134,0.0012523992918431759,-0.0016361474990844727,0.001062639057636261,0.0014156103134155273,-0.0015389174222946167,0.0028373902555861997,-0.658687174320221,0.7619149684906006,0.7074325680732727,-0.7904655933380127,1.462710770857944,51.086154671,True,-0.00020246952772140503,-0.000186823308467865,-0.0002639368176460266,-0.00023581087589263916,0.0004485020565902712,-0.08922814577817917,-0.06928853690624237,0.05317292734980583,0.03573857247829437,0.12981759136839413,ROA_1002_model21000_delay30,2554,2026-10-02_14-30-02,-0.0331173874437809,0.029131002724170685
-0.00166427344083786,0.0011006370186805725,0.0017622485756874084,-0.001150183379650116,0.002899926414146497,-0.6373841166496277,0.7940902709960938,0.8337087631225586,-0.6597675085067749,1.4628547161344594,-0.0018307939171791077,0.000873953104019165,0.0010631978511810303,-0.001817755401134491,0.002795324387900848,-0.7459148168563843,0.6869006752967834,0.7591657042503357,-0.7542632222175598,1.4740040232670293,-0.028966229408979416,0.02422851324081421,-0.0025771912187337875,-0.0019711204804480076,-0.0007853778079152107,0.00046202680096030235,-0.0016255304217338562,0.001058913767337799,0.0013364478945732117,-0.001562945544719696,0.0027983554877293393,-0.6607602834701538,0.751998245716095,0.6957687139511108,-0.799041211605072,1.4576199163204075,51.106156071,True,-0.00020451843738555908,-0.00018570572137832642,-0.0002738088369369507,-0.0002564862370491028,0.00046589586658349585,-0.0850725844502449,-0.0650063157081604,0.06331503391265869,0.044751908630132675,0.13217124085749743,ROA_1002_model21000_delay30,2555,2026-10-02_14-30-02,-0.0326089970767498,0.027720369398593903
-0.0016804784536361694,0.0011028721928596497,0.0017412006855010986,-0.0011377036571502686,0.0028924861003708597,-0.63834148645401,0.7867067456245422,0.8356924653053284,-0.6614513397216797,1.461639681451134,-0.0018700957298278809,0.0008435919880867004,0.001006200909614563,-0.001841038465499878,0.00278235803460947,-0.7444247007369995,0.6801690459251404,0.7611345052719116,-0.7556862831115723,1.4718209574963816,-0.0269409641623497,0.02145371586084366,-0.0024256277829408646,-0.003062549512833357,-0.00016795564442873,-0.0005326718091964722,-0.0016653910279273987,0.0010360032320022583,0.001292303204536438,-0.001568533480167389,0.00278719257634869,-0.669445812702179,0.7355119585990906,0.6917788982391357,-0.805608868598938,1.4547369737338969,51.126160702,True,-0.00020638108253479004,-0.00018943101167678833,-0.000286102294921875,-0.00027138739824295044,0.000483703277116807,-0.0750422477722168,-0.05538947507739067,0.06936676800251007,0.04990025982260704,0.1264931716186744,ROA_1002_model21000_delay30,2556,2026-10-02_14-30-02,-0.03041340783238411,0.02470594272017479
-0.0017567537724971771,0.0011185184121131897,0.0017624348402023315,-0.0011317431926727295,0.0029536847871886778,-0.6453645825386047,0.7828324437141418,0.8456780910491943,-0.6679277420043945,1.4717309958228848,-0.0019963830709457397,0.0007987022399902344,0.0010047107934951782,-0.001843273639678955,0.0028275400287664427,-0.7478119730949402,0.6772074699401855,0.7692984938621521,-0.7624253034591675,1.4798111026382506,-0.023911312222480774,0.017936334013938904,-0.00037288200110197067,-0.005804978311061859,0.0023301062174141407,-0.003093563951551914,-0.0017838552594184875,0.001000240445137024,0.0013075768947601318,-0.0015642493963241577,0.002840211632294408,-0.6915842890739441,0.7149968147277832,0.699665367603302,-0.8131656646728516,1.4623526027276141,51.146154998,True,-0.00020954757928848267,-0.00020498409867286682,-0.0003028661012649536,-0.0002777203917503357,0.0005047037181543039,-0.05627330020070076,-0.03778468817472458,0.06967782974243164,0.05073845013976097,0.10963411774268324,ROA_1002_model21000_delay30,2557,2026-10-02_14-30-02,-0.027171242982149124,0.02067386358976364
-0.0018239952623844147,0.0011612195521593094,0.0017590820789337158,-0.0010855495929718018,0.0029912770983781495,-0.6576175689697266,0.7893242239952087,0.8553508520126343,-0.6769718527793884,1.4905053272208757,-0.002095196396112442,0.0008032657206058502,0.0009657815098762512,-0.0018240883946418762,0.002856176596763233,-0.7583777904510498,0.6839507222175598,0.778306245803833,-0.7711825370788574,1.4973904487547531,-0.02164420671761036,0.015321522951126099,0.0026877368800342083,-0.00923331268131733,0.0052489545196294785,-0.006449175998568535,-0.001884298399090767,0.0010121148079633713,0.0012879259884357452,-0.0015312805771827698,0.0028768355775425553,-0.7118759155273438,0.7116016745567322,0.7013957500457764,-0.828525960445404,1.479119978839204,51.166154862000006,True,-0.0002157408744096756,-0.00021457672119140625,-0.00031776726245880127,-0.00028796494007110596,0.0005256940777623944,-0.04648370295763016,-0.027719883248209953,0.07687043398618698,0.05736108496785164,0.11002178427943607,ROA_1002_model21000_delay30,2558,2026-10-02_14-30-02,-0.02429906651377678,0.01787036657333374
-0.0018610619008541107,0.0011936761438846588,0.0017373822629451752,-0.0010804273188114166,0.003012274097525365,-0.6716470122337341,0.7976861000061035,0.8600847125053406,-0.6832703351974487,1.5070824909679095,-0.002143578603863716,0.0008079688996076584,0.0009404495358467102,-0.0018182210624217987,0.0028712236326862463,-0.7696407437324524,0.6939125657081604,0.782360315322876,-0.7758288979530334,1.5121421852502435,-0.019751423969864845,0.013577797450125217,0.005517799872905016,-0.011997154913842678,0.008097127079963684,-0.009188379161059856,-0.0019360333681106567,0.0010218936949968338,0.0012695789337158203,-0.0015237368643283844,0.0028984467607000414,-0.7339031100273132,0.7102945446968079,0.7057571411132812,-0.8326665759086609,1.4930339631150882,51.186154758,True,-0.00021192245185375214,-0.00021648593246936798,-0.0003293156623840332,-0.000293925404548645,0.0005351029538166074,-0.0358005054295063,-0.016381964087486267,0.07660873234272003,0.05686841532588005,0.10293397554666545,ROA_1002_model21000_delay30,2559,2026-10-02_14-30-02,-0.02182832732796669,0.016139376908540726
-0.0018992926925420761,0.0011770054697990417,0.0017673708498477936,-0.001034606248140335,0.003030712781908909,-0.688388466835022,0.8110962510108948,0.8720503449440002,-0.6921961307525635,1.5325402176531726,-0.002220598980784416,0.0007266178727149963,0.0009686686098575592,-0.0017627142369747162,0.002873347244021538,-0.7834787964820862,0.7086735963821411,0.7926085591316223,-0.7841251492500305,1.5355658584682619,-0.01908780448138714,0.013042373582720757,0.007567110471427441,-0.014051794074475765,0.010414720512926579,-0.011164683848619461,-0.0020052772015333176,0.0009689014405012131,0.0013045035302639008,-0.0014630146324634552,0.002910836372128443,-0.7620206475257874,0.7138708233833313,0.7188459634780884,-0.8395742177963257,1.5182084240238605,51.20615651000001,True,-0.00020801089704036713,-0.00024046748876571655,-0.0003349967300891876,-0.00030174851417541504,0.0005507493747784223,-0.02148793824017048,-0.0052098180167376995,0.07380358874797821,0.055446285754442215,0.09453718355598711,ROA_1002_model21000_delay30,2560,2026-10-02_14-30-02,-0.021322712302207947,0.015724657103419304
-0.001838942989706993,0.001109810546040535,0.0017452053725719452,-0.0009882263839244843,0.002938378544580829,-0.6920620203018188,0.8141705393791199,0.8669122457504272,-0.6860401034355164,1.530102285553677,-0.002167047932744026,0.000637490302324295,0.0009467825293540955,-0.001713726669549942,0.0027704667453747676,-0.7835556268692017,0.7133194804191589,0.7862057089805603,-0.7771449089050293,1.5309702151858064,-0.01796513795852661,0.01299681980162859,0.008829038590192795,-0.014344141818583012,0.011676081456243992,-0.011488713324069977,-0.0019638333469629288,0.0008940696716308594,0.0012900680303573608,-0.001418963074684143,0.002828485682657443,-0.7706134915351868,0.7144477963447571,0.7138447761535645,-0.8338261246681213,1.5170652168561252,51.226158870000006,True,-0.0002025160938501358,-0.0002530869096517563,-0.0003430992364883423,-0.00029420480132102966,0.0005540030822620877,-0.012955627404153347,-0.001112464815378189,0.0723646953701973,0.05666818097233772,0.09255886313073707,ROA_1002_model21000_delay30,2561,2026-10-02_14-30-02,-0.020486963912844658,0.015899769961833954
-0.001714751124382019,0.0009967945516109467,0.0016410835087299347,-0.0008736737072467804,0.0027180628118029905,-0.6895213723182678,0.8120666742324829,0.8549177646636963,-0.6781070828437805,1.517661560579476,-0.0020398758351802826,0.0005103647708892822,0.0008271075785160065,-0.0016133300960063934,0.0025353769372660423,-0.7778834104537964,0.7130563855171204,0.7743695378303528,-0.7680402994155884,1.517298799788664,-0.016804896295070648,0.013213388621807098,0.010002268478274345,-0.014122036285698414,0.01256118156015873,-0.011381654068827629,-0.0018456019461154938,0.0007695984095335007,0.0011735595762729645,-0.0013114884495735168,0.002599028350192993,-0.770523190498352,0.7112672924995422,0.6993440389633179,-0.8286647200584412,1.5055206994566823,51.246179022,True,-0.00019525177776813507,-0.0002623070031404495,-0.0003479421138763428,-0.0002985820174217224,0.0005600696081529386,-0.007333699148148298,0.001802109065465629,0.07505714893341064,0.06060115620493889,0.09657679725141603,ROA_1002_model21000_delay30,2562,2026-10-02_14-30-02,-0.0192169938236475,0.01650712639093399
-0.0015828292816877365,0.0008538365364074707,0.0015234574675559998,-0.0007500872015953064,0.0024730207389982465,-0.6853388547897339,0.8067087531089783,0.8459780216217041,-0.6714248657226562,1.5050386190380636,-0.0019085127860307693,0.00034491531550884247,0.0007128342986106873,-0.0014783814549446106,0.0022743402394084814,-0.7715033888816833,0.7087787985801697,0.7646940350532532,-0.7614120244979858,1.5037211286143561,-0.016278665512800217,0.013735370710492134,0.01052584033459425,-0.013585525564849377,0.013000302948057652,-0.010883457027375698,-0.0017202924937009811,0.0006141606718301773,0.0010609626770019531,-0.001183338463306427,0.002348442406073268,-0.7696612477302551,0.7026847004890442,0.6918124556541443,-0.8198618292808533,1.4924803548503394,51.266156742,True,-0.00019073486328125,-0.00026957131922245026,-0.0003456138074398041,-0.0002932734787464142,0.0005568087782854404,-0.0019068828551098704,0.006151385139673948,0.07293093949556351,0.05842838063836098,0.09347930386950501,ROA_1002_model21000_delay30,2563,2026-10-02_14-30-02,-0.0188130009919405,0.017299076542258263
-0.001525459811091423,0.0007793307304382324,0.0014446675777435303,-0.0006564892828464508,0.0023344347711775604,-0.6844731569290161,0.8049919009208679,0.8430629372596741,-0.6691440343856812,1.5011392972754174,-0.0018480699509382248,0.0002489425241947174,0.000645127147436142,-0.0013762153685092926,0.0021297392688246395,-0.7697650790214539,0.7073525190353394,0.760170578956604,-0.76041179895401,1.4993205438612607,-0.0150956641882658,0.014581013470888138,0.012034540995955467,-0.013054310344159603,0.014449376612901688,-0.010408169589936733,-0.0016697682440280914,0.0005259178578853607,0.0009884126484394073,-0.001083221286535263,0.0022077622528406996,-0.771425187587738,0.6972001791000366,0.6890883445739746,-0.8159735798835754,1.4872118070479858,51.286157597000006,True,-0.0001805368810892105,-0.0002752523869276047,-0.00034244731068611145,-0.00029224902391433716,0.0005526285917961618,0.0016270204214379191,0.010162591002881527,0.07112603634595871,0.0555599071085453,0.0905703225019913,ROA_1002_model21000_delay30,2564,2026-10-02_14-30-02,-0.017593007534742355,0.017992042005062103
-0.0014423392713069916,0.0006867572665214539,0.0013336539268493652,-0.0005548819899559021,0.002153049873203246,-0.6788409948348999,0.80125492811203,0.8355126976966858,-0.6650788187980652,1.4905909279670775,-0.0017574988305568695,0.00014547258615493774,0.0005411915481090546,-0.0012707896530628204,0.0019478476435884852,-0.7639382481575012,0.7033408284187317,0.7521956562995911,-0.7568029165267944,1.4885398416814937,-0.014894239604473114,0.016212735325098038,0.012735700234770775,-0.01175036933273077,0.014959625899791718,-0.009227452799677849,-0.0015856698155403137,0.0004252418875694275,0.0008761882781982422,-0.0009797513484954834,0.0020201608997522653,-0.7658991813659668,0.6923800706863403,0.6805993318557739,-0.8120219707489014,1.4758595096829568,51.306157557000006,True,-0.00017639249563217163,-0.00028172507882118225,-0.0003327615559101105,-0.00028908252716064453,0.0005464994097795939,0.001993030309677124,0.010970978997647762,0.07158052176237106,0.05518551543354988,0.09076446176583376,ROA_1002_model21000_delay30,2565,2026-10-02_14-30-02,-0.01722216047346592,0.019442234188318253
-0.0014124438166618347,0.0006394460797309875,0.0012364238500595093,-0.00045867636799812317,0.0020342298004965495,-0.6738239526748657,0.7987459897994995,0.8285687565803528,-0.660449206829071,1.4809880576656416,-0.001715589314699173,9.499490261077881e-05,0.0004650093615055084,-0.0011618249118328094,0.0018443364981030187,-0.7594506740570068,0.7004243731498718,0.7450430989265442,-0.752771258354187,1.4791814703263102,-0.015881313011050224,0.019259627908468246,0.012941418215632439,-0.00960015133023262,0.014804894104599953,-0.007288509048521519,-0.001547113060951233,0.000380445271730423,0.0007889233529567719,-0.0008823350071907043,0.0019043352904865628,-0.759823203086853,0.6898995041847229,0.6742300391197205,-0.8057252764701843,1.465264253590733,51.326159597,True,-0.00016745179891586304,-0.00028386712074279785,-0.00032046809792518616,-0.00027958303689956665,0.0005315902812230388,0.000327825517160818,0.010561197064816952,0.0708121806383133,0.05294102802872658,0.08866159436034818,ROA_1002_model21000_delay30,2566,2026-10-02_14-30-02,-0.017961759120225906,0.022212348878383636
-0.0014113262295722961,0.0006327405571937561,0.0012267380952835083,-0.0004627741873264313,0.0020267117568635563,-0.666810154914856,0.7927883267402649,0.8234828114509583,-0.6565125584602356,1.4699912934369281,-0.0017063692212104797,9.12696123123169e-05,0.00046584755182266235,-0.0011653639376163483,0.0018363163949767743,-0.7532778978347778,0.6937440037727356,0.7404293417930603,-0.7488736510276794,1.468528474113484,-0.01702652871608734,0.02150312438607216,0.011972513049840927,-0.007258194498717785,0.013645194470882416,-0.005078905262053013,-0.001543387770652771,0.00037495046854019165,0.0007731840014457703,-0.0008827075362205505,0.0018916086797277278,-0.7512010335922241,0.6839408874511719,0.6682071685791016,-0.8020614981651306,1.453223240955868,51.346157573000006,True,-0.0001650303602218628,-0.0002851709723472595,-0.00030836090445518494,-0.0002784654498100281,0.0005241880663414865,-0.0020582228899002075,0.009821726940572262,0.07222965359687805,0.05319621041417122,0.08980259549543007,ROA_1002_model21000_delay30,2567,2026-10-02_14-30-02,-0.01901695318520069,0.024033039808273315
-0.0014239922165870667,0.0006407499313354492,0.0012317672371864319,-0.00046696513891220093,0.0020420372288354497,-0.660747230052948,0.788003146648407,0.8203517198562622,-0.6546443104743958,1.4620778447158873,-0.0017141923308372498,0.00010021030902862549,0.0004895031452178955,-0.00116787850856781,0.001856061117787116,-0.7484145164489746,0.6883833408355713,0.7382705211639404,-0.7469886541366577,1.4614448203728407,-0.01773044839501381,0.022846389561891556,0.011018648743629456,-0.005272155627608299,0.01237303577363491,-0.0032867267727851868,-0.00154934823513031,0.0003812834620475769,0.0007801689207553864,-0.0008874572813510895,0.0019030253619309232,-0.7432624101638794,0.678941547870636,0.6649708151817322,-0.7995468974113464,1.4439815176983675,51.36615839700001,True,-0.00016409903764724731,-0.00028423964977264404,-0.00029141083359718323,-0.0002808868885040283,0.000516210838681947,-0.0052116806618869305,0.009469687938690186,0.07334072142839432,0.052537765353918076,0.09022601991674187,ROA_1002_model21000_delay30,2568,2026-10-02_14-30-02,-0.019492464140057564,0.024941351264715195
-0.0014297664165496826,0.0006426125764846802,0.001179240643978119,-0.00044563785195350647,0.0020106677282965067,-0.6558205485343933,0.7857866287231445,0.8144592642784119,-0.6513269543647766,1.4538570691233088,-0.0017216429114341736,0.00010970979928970337,0.0004509463906288147,-0.0011488795280456543,0.0018461140588807198,-0.7443352937698364,0.6851180791854858,0.7337722778320312,-0.7435092329978943,1.4537652176718738,-0.017517801374197006,0.023460980504751205,0.01022826787084341,-0.003203079104423523,0.010893601924180984,-0.00155199458822608,-0.001556985080242157,0.00038929283618927,0.0007283873856067657,-0.000866129994392395,0.0018803431734030374,-0.7360092997550964,0.679219126701355,0.659313976764679,-0.7960851788520813,1.4360521812582776,51.386160149000006,True,-0.0001644715666770935,-0.00027939677238464355,-0.0002794899046421051,-0.0002808868885040283,0.0005081204895133698,-0.008344650268554688,0.005848705302923918,0.07446855306625366,0.05255080386996269,0.09120942080257352,ROA_1002_model21000_delay30,2569,2026-10-02_14-30-02,-0.018832547590136528,0.025611158460378647
-0.0014450401067733765,0.0006455928087234497,0.001169554889202118,-0.000424310564994812,0.002011927920117693,-0.6519462466239929,0.7812305688858032,0.8149034976959229,-0.6516612768173218,1.4500882192300653,-0.001741945743560791,0.00011082738637924194,0.0004412606358528137,-0.001131836324930191,0.0018577689034898744,-0.7414389252662659,0.6801708936691284,0.7354458570480347,-0.7441062331199646,1.4510962082875691,-0.016159377992153168,0.022976547479629517,0.010600514709949493,-0.0024371398612856865,0.011038297787308693,-0.0009136022999882698,-0.001568906009197235,0.000391155481338501,0.0007150694727897644,-0.000848621129989624,0.0018795925289162763,-0.7311608195304871,0.672863781452179,0.6587709784507751,-0.796297550201416,1.4303751329215166,51.406167341,True,-0.00017043203115463257,-0.00027455389499664307,-0.00027278438210487366,-0.0002849847078323364,0.0005073086869202772,-0.010311602614820004,0.007310881745070219,0.07668044418096542,0.05220993980765343,0.09287371984830134,ROA_1002_model21000_delay30,2570,2026-10-02_14-30-02,-0.017355140298604965,0.02503315359354019
-0.0014569610357284546,0.0006478279829025269,0.0011648982763290405,-0.0004123896360397339,0.0020158490533774393,-0.6497557759284973,0.780750036239624,0.8160490393638611,-0.653404712677002,1.450220860891548,-0.001769140362739563,0.00011436641216278076,0.0004421919584274292,-0.00111432746052742,0.001880712655698809,-0.739771842956543,0.6791203618049622,0.7372572422027588,-0.7457053065299988,1.4515021965961759,-0.01576826721429825,0.023234479129314423,0.01113282423466444,-0.0024892212823033333,0.011813182383775711,-0.0008685719221830368,-0.001589953899383545,0.0003900378942489624,0.0007091090083122253,-0.0008335337042808533,0.0018893392929315192,-0.729499340057373,0.6718356013298035,0.6618769764900208,-0.7967585325241089,1.430848902357998,51.426164101000005,True,-0.00018067657947540283,-0.0002719461917877197,-0.00027138739824295044,-0.0002823770046234131,0.0005079118220705972,-0.010261311195790768,0.007297843229025602,0.07536821067333221,0.051087696105241776,0.09115921222408013,ROA_1002_model21000_delay30,2571,2026-10-02_14-30-02,-0.017150407657027245,0.025088191032409668
-0.00150240957736969,0.0006904825568199158,0.00118352472782135,-0.0004110857844352722,0.002072304842620432,-0.650480329990387,0.782709538936615,0.82173752784729,-0.6576310396194458,1.4565782243751997,-0.0018084421753883362,0.0001735985279083252,0.0004583969712257385,-0.001118052750825882,0.001938149366357705,-0.7421150207519531,0.6805564761161804,0.7437252998352051,-0.7502157092094421,1.458985939811078,-0.015644676983356476,0.023777443915605545,0.011568252928555012,-0.0023182248696684837,0.012358039617538452,-0.0006337473168969154,-0.0016266480088233948,0.00043548643589019775,0.0007261522114276886,-0.0008353032171726227,0.0019423108481703348,-0.7255132794380188,0.6760209202766418,0.665186882019043,-0.8023418188095093,1.4356499992157201,51.446161372000006,True,-0.00018291175365447998,-0.0002648681402206421,-0.00026850029826164246,-0.0002873130142688751,0.0005068644595989556,-0.016616657376289368,0.004503875970840454,0.07858126610517502,0.05212146416306496,0.0949900258570671,ROA_1002_model21000_delay30,2572,2026-10-02_14-30-02,-0.017299700528383255,0.02526971697807312
-0.0014649704098701477,0.0006960704922676086,0.0011499971151351929,-0.0003933906555175781,0.002023766767786761,-0.643614649772644,0.7814838886260986,0.8167791962623596,-0.65521240234375,1.448805849006577,-0.0017566606402397156,0.00020973384380340576,0.00042105093598365784,-0.0011038966476917267,0.001888045523709947,-0.7359813451766968,0.6794407367706299,0.7402970790863037,-0.7470715641975403,1.4520410598636575,-0.01806078478693962,0.02583438530564308,0.010371223092079163,-0.0012918724678456783,0.010948159731924534,0.00025939568877220154,-0.0015700235962867737,0.00046622008085250854,0.0006892718374729156,-0.0008184462785720825,0.0018886390454018328,-0.7124989628791809,0.6817150712013245,0.6598802208900452,-0.8011729717254639,1.4291760029541198,51.46616162,True,-0.0001858919858932495,-0.0002553686499595642,-0.0002658925950527191,-0.00028694048523902893,0.000501957406184889,-0.023458151146769524,-0.0023245811462402344,0.08041690289974213,0.05411915108561516,0.09915769000304878,ROA_1002_model21000_delay30,2573,2026-10-02_14-30-02,-0.019680529832839966,0.027399428188800812
-0.0014455989003181458,0.0007169321179389954,0.001142546534538269,-0.00040652230381965637,0.0020152491881787657,-0.6372108459472656,0.7775835394859314,0.8140010237693787,-0.6525068879127502,1.440944925606012,-0.0017153099179267883,0.00027492642402648926,0.00040670856833457947,-0.0011249445378780365,0.0018725312559497295,-0.7312353253364563,0.6750746965408325,0.7381960153579712,-0.7438659071922302,1.4448891419928434,-0.019324949011206627,0.026388321071863174,0.008692897856235504,-0.00024369684979319572,0.00927007757127285,0.001315457047894597,-0.0015303492546081543,0.000513903796672821,0.00067148357629776,-0.0008417293429374695,0.0018740986886580876,-0.6992965340614319,0.6847567558288574,0.6563960909843445,-0.7999445796012878,1.4222167456502004,51.486159660000006,True,-0.00018849968910217285,-0.00024214386940002441,-0.00026579946279525757,-0.00028219074010849,0.0004938981443429815,-0.031927600502967834,-0.009659677743911743,0.0818176120519638,0.056080516427755356,0.10420993007251277,ROA_1002_model21000_delay30,2574,2026-10-02_14-30-02,-0.02107013761997223,0.027904246002435684
-0.0014610588550567627,0.000743381679058075,0.0011859461665153503,-0.00043744221329689026,0.002066728771736444,-0.6325616836547852,0.772735059261322,0.8139079213142395,-0.6507681608200073,1.4353687905365715,-0.0017251819372177124,0.0003155320882797241,0.00044945627450942993,-0.0011486001312732697,0.0019174217085817338,-0.7277987599372864,0.6704311370849609,0.7388302683830261,-0.7418598532676697,1.440290490162503,-0.021055525168776512,0.02699088305234909,0.006730894558131695,0.0005790065042674541,0.007453810889273882,0.0021484217140823603,-0.0015353783965110779,0.0005487352609634399,0.0007181428372859955,-0.0008683651685714722,0.0019207241818357409,-0.6907339692115784,0.6831641793251038,0.6578694581985474,-0.7968348860740662,1.416504136109739,51.506159748,True,-0.00018924474716186523,-0.00023301690816879272,-0.00026654452085494995,-0.00028014183044433594,0.0004891730480620766,-0.03713369369506836,-0.012695788405835629,0.08097942173480988,0.05495734140276909,0.10500026017893524,ROA_1002_model21000_delay30,2575,2026-10-02_14-30-02,-0.023040905594825745,0.02818949520587921
-0.001475214958190918,0.0007508322596549988,0.001216307282447815,-0.00044964253902435303,0.002099385179087921,-0.6287153363227844,0.7675215005874634,0.8130175471305847,-0.6485711336135864,1.4293801227273377,-0.0017389655113220215,0.00033080577850341797,0.0004850327968597412,-0.0011492520570755005,0.0019494937606967448,-0.7243640422821045,0.6655845642089844,0.7378458380699158,-0.7397438883781433,1.434702375459561,-0.021947871893644333,0.02693447843194008,0.005151774734258652,0.0012267897836863995,0.005851986352354288,0.00275327917188406,-0.0015499070286750793,0.0005589798092842102,0.0007564201951026917,-0.0008737668395042419,0.0019553516114870547,-0.6870105266571045,0.6777904629707336,0.6603049039840698,-0.7911994457244873,1.4102294427666529,51.526163260000004,True,-0.0001903623342514038,-0.00023301690816879272,-0.0002695247530937195,-0.0002777203917503357,0.0004897911286973108,-0.03740750253200531,-0.012164934538304806,0.07755681872367859,0.05145556852221489,0.10057251586363097,ROA_1002_model21000_delay30,2576,2026-10-02_14-30-02,-0.02401433140039444,0.027856621891260147
-0.0014817342162132263,0.0007467344403266907,0.0012099742889404297,-0.00043213367462158203,0.0020947879435400467,-0.6275697946548462,0.7658265233039856,0.8133425712585449,-0.6483606696128845,1.4280604329194135,-0.0017423182725906372,0.0003259629011154175,0.0004777684807777405,-0.0011290423572063446,0.0019431780628882448,-0.7240101099014282,0.6639956831932068,0.7387632131576538,-0.7399804592132568,1.4343741790297837,-0.021821215748786926,0.02603994309902191,0.00449816370382905,0.001165688270702958,0.005029554944485426,0.0026247911155223846,-0.0015513971447944641,0.0005537644028663635,0.0007543712854385376,-0.0008516944944858551,0.0019474802944198539,-0.6845574378967285,0.676486611366272,0.6605507731437683,-0.7903957366943359,1.4081295599775023,51.546165812000005,True,-0.0001905485987663269,-0.000225752592086792,-0.00027492642402648926,-0.000278279185295105,0.0004898533485325347,-0.039478760212659836,-0.012537463568150997,0.07823295891284943,0.050368715077638626,0.1013624131911317,ROA_1002_model21000_delay30,2577,2026-10-02_14-30-02,-0.02395423874258995,0.026876285672187805
-0.001487135887145996,0.0007364898920059204,0.0012141652405261993,-0.00041481107473373413,0.0020934912806476096,-0.6263144016265869,0.7630642056465149,0.8133993744850159,-0.6466740369796753,1.4252891222650694,-0.001761317253112793,0.00030938535928726196,0.0004887580871582031,-0.0010982155799865723,0.0019514062193600739,-0.7231141924858093,0.6610825061798096,0.738548994064331,-0.7385983467102051,1.4317404984148816,-0.02124118246138096,0.025289788842201233,0.004731526132673025,0.0006342281121760607,0.005378901492804289,0.0021594201680272818,-0.0015681609511375427,0.0005375593900680542,0.0007664784789085388,-0.0008236616849899292,0.0019521748008475492,-0.6858501434326172,0.6708930730819702,0.6645181775093079,-0.7844669222831726,1.4046892431922573,51.566162860000006,True,-0.0001953914761543274,-0.00022798776626586914,-0.0002773478627204895,-0.0002755783498287201,0.000492603740294596,-0.037258490920066833,-0.009663403034210205,0.07406063377857208,0.045810822397470474,0.09463343254467017,ROA_1002_model21000_delay30,2578,2026-10-02_14-30-02,-0.023539353162050247,0.02592843770980835
-0.001512095332145691,0.0007417052984237671,0.0012312084436416626,-0.00040605664253234863,0.002120709946978886,-0.6279330253601074,0.7645319700241089,0.815777063369751,-0.6470977663993835,1.4282427075983444,-0.0017927959561347961,0.0003071501851081848,0.0005096197128295898,-0.0010784715414047241,0.001981732614678208,-0.7254276275634766,0.6624329686164856,0.7409750819206238,-0.7395269274711609,1.435268698267106,-0.02109403908252716,0.025058753788471222,0.0051374537870287895,9.070662781596184e-05,0.0058247679844498634,0.0015800422988831997,-0.001597963273525238,0.0005412846803665161,0.0007923692464828491,-0.0008055940270423889,0.001983960128564365,-0.6877034306526184,0.6715841293334961,0.6677405834197998,-0.7833102345466614,1.4068757385881119,51.586165764,True,-0.00019781291484832764,-0.00023134052753448486,-0.00027762725949287415,-0.0002732500433921814,0.0004939297376626257,-0.03771483898162842,-0.009115785360336304,0.07323827594518661,0.04373304173350334,0.09311696636260516,ROA_1002_model21000_delay30,2579,2026-10-02_14-30-02,-0.023450400680303574,0.025583364069461823
-0.001465342938899994,0.0007048249244689941,0.0012108124792575836,-0.0003993511199951172,0.002062192691549468,-0.624347448348999,0.7618721127510071,0.8122315406799316,-0.6450526118278503,1.4223192071744153,-0.0017391517758369446,0.0002812594175338745,0.000491458922624588,-0.0010685995221138,0.0019193543313363187,-0.7216706275939941,0.6597582101821899,0.7375031113624573,-0.737088680267334,1.4290879693857144,-0.021180639043450356,0.024470407515764236,0.004566187039017677,-6.427289918065071e-05,0.005350152030587196,0.0014362738002091646,-0.0015441328287124634,0.0005152076482772827,0.0007731840014457703,-0.0007970258593559265,0.0019223326415846302,-0.6837118268013,0.6706286072731018,0.6670541763305664,-0.7792887687683105,1.4020489338488413,51.606166651,True,-0.00019855797290802002,-0.00023320317268371582,-0.00028098002076148987,-0.0002728775143623352,0.0004966883517093897,-0.0379662960767746,-0.010758637450635433,0.07046665996313095,0.04216841980814934,0.09063350115185174,ROA_1002_model21000_delay30,2580,2026-10-02_14-30-02,-0.023509744554758072,0.02520081028342247
-0.0014882534742355347,0.0007048249244689941,0.001219380646944046,-0.0003873370587825775,0.0020808893835950935,-0.6262640953063965,0.76402348279953,0.814789891242981,-0.6463303565979004,1.4262737623221156,-0.0017669051885604858,0.0002864748239517212,0.0004980713129043579,-0.0010624527931213379,0.001945831121988553,-0.7247961759567261,0.6614084839820862,0.7406333088874817,-0.7388628721237183,1.4339569871222306,-0.021416256204247475,0.0237179733812809,0.004335721489042044,-0.0008539040572941303,0.005153628531843424,0.0006551402620971203,-0.0015636906027793884,0.0005135312676429749,0.0007781200110912323,-0.0007844530045986176,0.001935752089824835,-0.6838831901550293,0.6735547780990601,0.6681475639343262,-0.7808431386947632,1.4049687803555575,51.626163155,True,-0.00020172446966171265,-0.0002298504114151001,-0.00028405338525772095,-0.0002767890691757202,0.0005004653735508459,-0.04087015613913536,-0.012082978151738644,0.07252208888530731,0.04192255064845085,0.09355889962479488,ROA_1002_model21000_delay30,2581,2026-10-02_14-30-02,-0.023827262222766876,0.024539295583963394
-0.0014513731002807617,0.0006774440407752991,0.001206807792186737,-0.0003738328814506531,0.0020355101340237057,-0.6239954233169556,0.7627326846122742,0.8124317526817322,-0.6444751620292664,1.422370695629084,-0.001730211079120636,0.0002475455403327942,0.0004893168807029724,-0.0010306015610694885,0.0018937296226773023,-0.7222406268119812,0.6599984765052795,0.7380405068397522,-0.73703932762146,1.4297413035113926,-0.022065646946430206,0.02327575907111168,0.0035956455394625664,-0.0012612869031727314,0.00446133129298687,0.0002490333281457424,-0.0015269964933395386,0.0004844740033149719,0.0007739290595054626,-0.0007603317499160767,0.001889560776941959,-0.6820484399795532,0.6725023984909058,0.6697205305099487,-0.775285005569458,1.4013967193183874,51.646166507000004,True,-0.00020209699869155884,-0.0002337619662284851,-0.0002807006239891052,-0.0002680346369743347,0.0004955699820154724,-0.04014744982123375,-0.012511386536061764,0.06833299994468689,0.03822147846221924,0.08854224118049162,ROA_1002_model21000_delay30,2582,2026-10-02_14-30-02,-0.024723343551158905,0.024345561861991882
-0.0014638528227806091,0.0006478279829025269,0.001295190304517746,-0.0004182569682598114,0.0020984093832203394,-0.6213262677192688,0.7582287788391113,0.8208052515983582,-0.6459774374961853,1.4240370721530369,-0.0017538666725158691,0.0002292916178703308,0.0005911104381084442,-0.001049879938364029,0.0019540203032897404,-0.7222387790679932,0.6525497436523438,0.7450403571128845,-0.7401853203773499,1.4315256373710825,-0.02064925618469715,0.021705299615859985,0.005359997041523457,-0.0029230453073978424,0.006329973228275776,-0.001373492181301117,-0.0015405938029289246,0.0004552304744720459,0.0008719973266124725,-0.000794045627117157,0.0019471650331359357,-0.6782635450363159,0.6681214570999146,0.682299017906189,-0.7715299129486084,1.4017500637166784,51.666169955,True,-0.00021141022443771362,-0.00022817403078079224,-0.00028368085622787476,-0.0002545304596424103,0.0004914516131091205,-0.04396587237715721,-0.01554191019386053,0.06269384175539017,0.03133341670036316,0.08404661259802845,ROA_1002_model21000_delay30,2583,2026-10-02_14-30-02,-0.023485399782657623,0.022655192762613297
-0.0014222227036952972,0.0006062909960746765,0.0012991949915885925,-0.00041462481021881104,0.002059340457010679,-0.6198156476020813,0.760565459728241,0.8219321966171265,-0.6456607580184937,1.4248360758566818,-0.001705065369606018,0.00020470470190048218,0.0006075017154216766,-0.0010224059224128723,0.0019090226503589798,-0.7216306328773499,0.6535611748695374,0.743789553642273,-0.7411781549453735,1.4315381540218284,-0.018950190395116806,0.019395507872104645,0.006939142942428589,-0.005148216150701046,0.007985373958945274,-0.003601080272346735,-0.0014895573258399963,0.00043138861656188965,0.0008898787200450897,-0.000780448317527771,0.0019076863685542204,-0.6742262840270996,0.6749750971794128,0.6893696188926697,-0.766620934009552,1.4041943904239338,51.686161467000005,True,-0.00021494925022125244,-0.00022212043404579163,-0.0002784654498100281,-0.00024493783712387085,0.0004824046233968894,-0.047427598387002945,-0.02139061503112316,0.05443207547068596,0.02544652484357357,0.07947971818404034,ROA_1002_model21000_delay30,2584,2026-10-02_14-30-02,-0.0219869464635849,0.02062215283513069
-0.0013764947652816772,0.0005582347512245178,0.001310836523771286,-0.0004069879651069641,0.0020206654532007196,-0.6199637055397034,0.7658088207244873,0.8230292797088623,-0.6459271311759949,1.428116815503381,-0.0016577541828155518,0.00017508864402770996,0.0006498768925666809,-0.0009809620678424835,0.001874075035163118,-0.7225954532623291,0.6578564047813416,0.7429327368736267,-0.7420638203620911,1.4340262454683221,-0.0178045816719532,0.017179198563098907,0.00801894348114729,-0.0073952628299593925,0.009119394235312939,-0.005853948183357716,-0.0014481134712696075,0.0003956258296966553,0.0009276904165744781,-0.0007457099854946136,0.0018777998704168632,-0.6716288328170776,0.6865448951721191,0.6978232264518738,-0.7619466185569763,1.4104655137119133,51.706163027,True,-0.0002129003405570984,-0.00022184103727340698,-0.00027492642402648926,-0.00023255124688148499,0.00047287978183818506,-0.05094054713845253,-0.028613952919840813,0.04513747617602348,0.019869765266776085,0.07637089809979618,ROA_1002_model21000_delay30,2585,2026-10-02_14-30-02,-0.02116895467042923,0.018651284277439117
-0.0013622455298900604,0.0005386769771575928,0.0013660639524459839,-0.00043762847781181335,0.0020491184949392905,-0.6202123761177063,0.7700733542442322,0.8243200778961182,-0.6464579701423645,1.4312204199217873,-0.001630932092666626,0.00017620623111724854,0.000727921724319458,-0.0009671784937381744,0.0018888285006509794,-0.7232203483581543,0.6616907119750977,0.7430510520935059,-0.7419474124908447,1.4361457834660023,-0.01739613153040409,0.01685885712504387,0.008413132280111313,-0.007738626562058926,0.009513388387858868,-0.006194956600666046,-0.00141216441988945,0.00039171427488327026,0.0009997747838497162,-0.0007555820047855377,0.0018950151822640568,-0.6682388186454773,0.6972746849060059,0.707682192325592,-0.7564825415611267,1.4162423828067416,51.726163499,True,-0.00021923333406448364,-0.00021457672119140625,-0.00027297064661979675,-0.0002119690179824829,0.000461369879287236,-0.05497969314455986,-0.03559142351150513,0.035395845770835876,0.014505348168313503,0.07560023101990306,ROA_1002_model21000_delay30,2586,2026-10-02_14-30-02,-0.021204879507422447,0.018636882305145264
-0.0013918615877628326,0.0005640089511871338,0.001432560384273529,-0.00048279762268066406,0.002129936894870123,-0.6223739981651306,0.7758401036262512,0.8278852105140686,-0.6493739485740662,1.4383825153179983,-0.0016414560377597809,0.00022063031792640686,0.0008151866495609283,-0.0009894371032714844,0.001960592630544518,-0.7262834906578064,0.666755199432373,0.7454091310501099,-0.7444927096366882,1.4425797726507148,-0.016340695321559906,0.01715824566781521,0.009531253948807716,-0.007554762996733189,0.010639320127665997,-0.00598230492323637,-0.0014319084584712982,0.00044088810682296753,0.001088809221982956,-0.0007926486432552338,0.001987445635539877,-0.6657456755638123,0.7094805836677551,0.716883659362793,-0.7561575174331665,1.4255746339724082,51.746166851000005,True,-0.0002100132405757904,-0.0002100132405757904,-0.0002718530595302582,-0.0001989305019378662,0.00044779335306670065,-0.0605117492377758,-0.042754221707582474,0.028535721823573112,0.01165736373513937,0.07998991749664378,ROA_1002_model21000_delay30,2587,2026-10-02_14-30-02,-0.020206769928336143,0.01909637823700905
-0.0014123506844043732,0.000607222318649292,0.0015187077224254608,-0.0005912967026233673,0.002240099859836792,-0.6234757304191589,0.7813460826873779,0.829712450504303,-0.6518940925598145,1.4437978797825006,-0.0016374513506889343,0.0003050081431865692,0.0009012408554553986,-0.0010893680155277252,0.00205808506553878,-0.7290253043174744,0.6715822815895081,0.7470566630363464,-0.7465304732322693,1.4481158543208532,-0.01593681052327156,0.018112003803253174,0.010296382009983063,-0.0069781942293047905,0.011347729712724686,-0.005384685471653938,-0.0014288350939750671,0.0005039386451244354,0.0011793337762355804,-0.0008977018296718597,0.0020938341698134317,-0.6599891781806946,0.723035991191864,0.7196366190910339,-0.7598809599876404,1.4330004876244204,51.766164890000006,True,-0.00020880252122879028,-0.00020023435354232788,-0.0002784654498100281,-0.00018784776329994202,0.0004417248222100455,-0.06903707981109619,-0.05144253000617027,0.02741813473403454,0.013375653885304928,0.091184346911062,ROA_1002_model21000_delay30,2588,2026-10-02_14-30-02,-0.01947270706295967,0.02004752680659294
-0.0014108605682849884,0.000640377402305603,0.0016049481928348541,-0.0007020309567451477,0.0023386026744033573,-0.6208587288856506,0.7809633016586304,0.8318293690681458,-0.653693437576294,1.4443468222447904,-0.0016167759895324707,0.0003631226718425751,0.000987667590379715,-0.0011987052857875824,0.0021489634969976976,-0.7281684875488281,0.6702262759208679,0.7466878294944763,-0.749835729598999,1.4485302246360525,-0.015600921586155891,0.01783204823732376,0.010672317817807198,-0.007262644357979298,0.011764869093894958,-0.005626847967505455,-0.0014068558812141418,0.0005563721060752869,0.0012714415788650513,-0.0010097399353981018,0.0021953130558896106,-0.651262640953064,0.7296427488327026,0.722321629524231,-0.763529896736145,1.4355548477166975,51.786167122,True,-0.00020433217287063599,-0.00019315630197525024,-0.00028265640139579773,-0.00018738210201263428,0.0004389616768132033,-0.07694587111473083,-0.059425827115774155,0.02442300133407116,0.013704410754144192,0.1010988658052496,ROA_1002_model21000_delay30,2589,2026-10-02_14-30-02,-0.018742572516202927,0.019742179661989212
-0.0013823620975017548,0.0006852671504020691,0.0016417354345321655,-0.0007820315659046173,0.002384752520227961,-0.6194198131561279,0.7834872007369995,0.832011878490448,-0.6559118032455444,1.4460828059803665,-0.0015581026673316956,0.0004348345100879669,0.00101504847407341,-0.0012978911399841309,0.002193691582836759,-0.7280967831611633,0.6726979613304138,0.7464829683303833,-0.7527833580970764,1.451056399446935,-0.01628010906279087,0.017589807510375977,0.009993281215429306,-0.007559933699667454,0.011104501783847809,-0.005889671854674816,-0.0013599172234535217,0.0006260350346565247,0.001299940049648285,-0.0011032447218894958,0.002248344767864321,-0.6424337029457092,0.7403818368911743,0.7200091481208801,-0.769856333732605,1.43918819035352,51.806165130000004,True,-0.00019874423742294312,-0.00018710270524024963,-0.00028992071747779846,-0.00019650906324386597,0.0004427180975851345,-0.08568818867206573,-0.06760656833648682,0.026458872482180595,0.017025507986545563,0.11355444907232369,ROA_1002_model21000_delay30,2590,2026-10-02_14-30-02,-0.018810823559761047,0.019474711269140244
-0.001379847526550293,0.0007288530468940735,0.0017076730728149414,-0.0008977018296718597,0.0024813738346479916,-0.620637059211731,0.7887212038040161,0.8344826698303223,-0.6595970988273621,1.4523615621560975,-0.0015193596482276917,0.0005263835191726685,0.0010729767382144928,-0.0014279037714004517,0.0022997464588971686,-0.7298029661178589,0.6785010695457458,0.7490822672843933,-0.7568336725234985,1.4580752062179403,-0.018244357779622078,0.017962779849767685,0.0077661192044615746,-0.006984624080359936,0.00892005953937769,-0.0052789608016610146,-0.0013279728591442108,0.0007035210728645325,0.0013628974556922913,-0.001229904592037201,0.002355121387616798,-0.6379335522651672,0.7529789209365845,0.7219500541687012,-0.7757339477539062,1.4476801094019194,51.826165154,True,-0.00018980354070663452,-0.00018011778593063354,-0.0002898275852203369,-0.00019958242774009705,0.0004372966787425344,-0.09193270653486252,-0.07442664355039597,0.027181578800082207,0.018887221813201904,0.12280498193397972,ROA_1002_model21000_delay30,2591,2026-10-02_14-30-02,-0.020560547709465027,0.019853509962558746
-0.0014386139810085297,0.0007845461368560791,0.0017843209207057953,-0.0009674578905105591,0.00260861824391846,-0.6263721585273743,0.7928944826126099,0.842876672744751,-0.6641623973846436,1.463854856965423,-0.001586228609085083,0.0005659647285938263,0.0011646188795566559,-0.0014897435903549194,0.002433478894592899,-0.7350137233734131,0.6832489371299744,0.756103515625,-0.7630614042282104,1.4697356588743862,-0.01961343362927437,0.017893120646476746,0.005911770276725292,-0.00662774033844471,0.00721975602209568,-0.004899080842733383,-0.0013986602425575256,0.0007513910531997681,0.0014562159776687622,-0.0012835487723350525,0.0024919377828365556,-0.6464067697525024,0.7560243606567383,0.735070526599884,-0.7760980725288391,1.4596917585218059,51.846163674,True,-0.00018812716007232666,-0.0001843087375164032,-0.00028526410460472107,-0.00020684674382209778,0.00043880885728587223,-0.08857342600822449,-0.07274653762578964,0.021033918485045433,0.012995674274861813,0.11720991486393595,ROA_1002_model21000_delay30,2592,2026-10-02_14-30-02,-0.021914463490247726,0.019546110183000565
-0.0015259720385074615,0.0008377246558666229,0.0018851831555366516,-0.0010400079190731049,0.0027687357061654786,-0.6372965574264526,0.7986146807670593,0.8578253388404846,-0.6721364259719849,1.4837886909879738,-0.0016998499631881714,0.0005920417606830597,0.0012963078916072845,-0.0015378929674625397,0.002604367527599071,-0.7445420622825623,0.6898799538612366,0.7689464688301086,-0.773118793964386,1.4894126688282547,-0.019578024744987488,0.017088623717427254,0.0046279351226985455,-0.00618437584489584,0.0063624936155974865,-0.004365619271993637,-0.0015043653547763824,0.0007770024240016937,0.0015810132026672363,-0.0013313256204128265,0.0026559128873935227,-0.6651840806007385,0.7550958395004272,0.7568932771682739,-0.7768850326538086,1.4790898956815814,51.866165426,True,-0.00019315630197525024,-0.0001934356987476349,-0.0002816319465637207,-0.00020619481801986694,0.0004421103676156526,-0.07935519516468048,-0.06524566560983658,0.012051313184201717,0.003781169420108199,0.10340049222970289,ROA_1002_model21000_delay30,2593,2026-10-02_14-30-02,-0.0220450721681118,0.01835682988166809
-0.001640617847442627,0.0009112991392612457,0.0019718892872333527,-0.001096818596124649,0.0029348680929331627,-0.6460086107254028,0.8015772104263306,0.8692014813423157,-0.6782729029655457,1.4985485957783986,-0.001841224730014801,0.0006387010216712952,0.001384969800710678,-0.0016083940863609314,0.0027832190877557345,-0.752964973449707,0.6929346919059753,0.7795337438583374,-0.7811709642410278,1.5046583658112513,-0.018499786034226418,0.01570926234126091,0.005045196041464806,-0.0070487987250089645,0.0068670399487018585,-0.005136383697390556,-0.001639779657125473,0.000835023820400238,0.0016668811440467834,-0.0013942830264568329,0.002829976773594958,-0.6800963878631592,0.7521686553955078,0.7679685354232788,-0.7832441329956055,1.4935292463297307,51.886166954000004,True,-0.00019846484065055847,-0.00019818544387817383,-0.0002806074917316437,-0.00021923333406448364,0.00045249781066858565,-0.07289275527000427,-0.059232112020254135,0.011532566510140896,0.0020796433091163635,0.0944853321453394,ROA_1002_model21000_delay30,2594,2026-10-02_14-30-02,-0.021113118156790733,0.016773812472820282
-0.0017452053725719452,0.0010254327207803726,0.0019925646483898163,-0.001182500272989273,0.0030766589974457565,-0.6560394167900085,0.8073946833610535,0.8746646046638489,-0.6861444115638733,1.5130986092393643,-0.0019510742276906967,0.0007534399628639221,0.0013835728168487549,-0.0017344020307064056,0.00294346317281106,-0.7630199790000916,0.6990148425102234,0.7860613465309143,-0.7894951701164246,1.5201328309292272,-0.01792910322546959,0.0151669941842556,0.005466395057737827,-0.007650542072951794,0.007417650893330574,-0.0056640030816197395,-0.0017557293176651,0.0009476207196712494,0.0016702339053153992,-0.0014993362128734589,0.002982344993848674,-0.6913891434669495,0.7573966383934021,0.7661823034286499,-0.7980139255523682,1.5083671662305862,51.906169338000005,True,-0.00019427388906478882,-0.00019506551325321198,-0.00028423964977264404,-0.0002386048436164856,0.0004616596174490278,-0.07162289321422577,-0.05836039409041405,0.019867902621626854,0.008512288331985474,0.09470618952413076,ROA_1002_model21000_delay30,2595,2026-10-02_14-30-02,-0.020369306206703186,0.016085444018244743
-0.0018374528735876083,0.0011333730071783066,0.0019820407032966614,-0.0012320466339588165,0.003179176247721587,-0.6653875708580017,0.8133766055107117,0.8808252811431885,-0.6947367787361145,1.5281258978990797,-0.0020390376448631287,0.0008658971637487411,0.001322384923696518,-0.0018628314137458801,0.003061922976217725,-0.7727490663528442,0.7049771547317505,0.7942290306091309,-0.7985829710960388,1.536646752932882,-0.017270881682634354,0.013993291184306145,0.006393169052898884,-0.009196951985359192,0.008294789120554924,-0.0071543436497449875,-0.0018491409718990326,0.0010567251592874527,0.0016174279153347015,-0.0015933066606521606,0.0030870875242473158,-0.7005459070205688,0.7626488208770752,0.7558939456939697,-0.8222991228103638,1.523137951430892,51.926166096,True,-0.00019674189388751984,-0.00019106082618236542,-0.0002915970981121063,-0.00026905909180641174,0.00048228633211917673,-0.07219379395246506,-0.057638153433799744,0.03835093230009079,0.023688187822699547,0.10267560018757416,ROA_1002_model21000_delay30,2596,2026-10-02_14-30-02,-0.019358977675437927,0.01484631933271885
-0.0019239261746406555,0.0012689735740423203,0.0019508413970470428,-0.001315586268901825,0.0032936379653602252,-0.677320122718811,0.8221948146820068,0.8847498893737793,-0.705353856086731,1.5456316046118463,-0.0021303538233041763,0.0009943265467882156,0.0012320466339588165,-0.0020431354641914368,0.0032041674696139063,-0.7834517955780029,0.714295506477356,0.8005471229553223,-0.8081672191619873,1.5544992878216886,-0.01658400148153305,0.012340026907622814,0.0073320092633366585,-0.011230088770389557,0.009168222546577454,-0.009146127849817276,-0.0019344966858625412,0.0011818017810583115,0.0015315599739551544,-0.0017325393855571747,0.0032022726907342995,-0.7136300802230835,0.7695029377937317,0.7408093214035034,-0.8515063524246216,1.5409959941128466,51.946182278,True,-0.00019669532775878906,-0.0001877080649137497,-0.00029979273676872253,-0.00030780211091041565,0.0005084001001110553,-0.06976351141929626,-0.05517154559493065,0.05978252366185188,0.04332512244582176,0.11556889257872392,ROA_1002_model21000_delay30,2597,2026-10-02_14-30-02,-0.01793982833623886,0.012957412749528885
-0.0020361971110105515,0.0013871584087610245,0.001999456435441971,-0.0014062970876693726,0.003470609911563987,-0.6900759935379028,0.8280625939369202,0.8938871026039124,-0.7171313762664795,1.5654541432010323,-0.002275872975587845,0.0010710209608078003,0.001254584640264511,-0.002180878072977066,0.0033940373379448083,-0.7923017144203186,0.7215882539749146,0.8091609477996826,-0.8188327550888062,1.5722459051516968,-0.01553647592663765,0.010241867043077946,0.008565783500671387,-0.013499113731086254,0.010343530215322971,-0.011421699076890945,-0.002077454701066017,0.0012614764273166656,0.0015543773770332336,-0.0018475577235221863,0.00338057452511726,-0.7367156744003296,0.7638907432556152,0.7425658106803894,-0.8696075081825256,1.5593857191275706,51.966168251000006,True,-0.00019925646483898163,-0.0001943204551935196,-0.0003003515303134918,-0.0003325752913951874,0.0005273104437108673,-0.055586449801921844,-0.042298804968595505,0.06648339331150055,0.050729136914014816,0.10896111346605057,ROA_1002_model21000_delay30,2598,2026-10-02_14-30-02,-0.016375668346881866,0.010776183567941189
-0.002177082933485508,0.001481897197663784,0.0021292828023433685,-0.0014860183000564575,0.0036982887087876454,-0.7064290642738342,0.8314153552055359,0.907909095287323,-0.7274476289749146,1.5876835310239783,-0.0024661188945174217,0.001100660301744938,0.0014083459973335266,-0.002239551395177841,0.003617466998276269,-0.8048386573791504,0.7262005805969238,0.8213873505592346,-0.8274465203285217,1.5914056437176352,-0.012751566246151924,0.007570020854473114,0.011365008540451527,-0.01619001477956772,0.013278715312480927,-0.014082933776080608,-0.0022645341232419014,0.0013114884495735168,0.0017034821212291718,-0.0018998980522155762,0.0036098904352596405,-0.7682395577430725,0.7492755055427551,0.761687695980072,-0.8713593482971191,1.577061922939919,51.986167184,True,-0.0002039596438407898,-0.00020819716155529022,-0.000295788049697876,-0.000338628888130188,0.000535640223850449,-0.03662821650505066,-0.023055586963891983,0.059670764952898026,0.04392955079674721,0.08576824498458256,ROA_1002_model21000_delay30,2599,2026-10-02_14-30-02,-0.013579914346337318,0.007869638502597809
-0.002254592254757881,0.0014777295291423798,0.002213474363088608,-0.0014711171388626099,0.0037855486357289674,-0.7072675228118896,0.8152811527252197,0.8994778394699097,-0.7086982727050781,1.5666132215841684,-0.0026501016691327095,0.0009740004315972328,0.00154031440615654,-0.0021513551473617554,0.003699021370878606,-0.8000090718269348,0.7121795415878296,0.8105728626251221,-0.8089486360549927,1.5673710453040592,-0.00916498526930809,0.004159566946327686,0.014714280143380165,-0.019390873610973358,0.01668199896812439,-0.017374660819768906,-0.0024309149011969566,0.001214863732457161,0.0018297694623470306,-0.0018357299268245697,0.0037064950511441802,-0.7958840131759644,0.7045911550521851,0.7685655355453491,-0.8355444073677063,1.5531863694483534,52.006170054,True,-0.00021865125745534897,-0.00024007167667150497,-0.0002882443368434906,-0.0003121793270111084,0.0005347713685570869,-0.00416790135204792,0.00762683292850852,0.042018476873636246,0.026520339772105217,0.04969092957973718,ROA_1002_model21000_delay30,2600,2026-10-02_14-30-02,-0.010381260886788368,0.004108525812625885
-0.002270250115543604,0.0014282064512372017,0.002280343323945999,-0.0013986136764287949,0.0037880642994184404,-0.7143564820289612,0.8130784630775452,0.8947699666023254,-0.6957705616950989,1.560220448593101,-0.0027366681024432182,0.000847026240080595,0.0016472768038511276,-0.0020141247659921646,0.0037072841195322425,-0.8023129105567932,0.712237536907196,0.804179310798645,-0.7961666584014893,1.5587754274045433,-0.005933940410614014,0.0014940607361495495,0.018267018720507622,-0.022430848330259323,0.020173702389001846,-0.02058687061071396,-0.002502230927348137,0.0011045951396226883,0.001934543251991272,-0.001727743074297905,0.0037234481755288313,-0.8223114609718323,0.6849794387817383,0.7761563062667847,-0.8094445466995239,1.547746871853871,52.026172475,True,-0.00023255124688148499,-0.0002600369043648243,-0.0002902001142501831,-0.0002828426659107208,0.0005344031740550009,0.019973374903202057,0.027299508452415466,0.028057953342795372,0.013287643902003765,0.04451469789500605,ROA_1002_model21000_delay30,2601,2026-10-02_14-30-02,-0.007302869111299515,0.001246047904714942
-0.0021747779101133347,0.001345318742096424,0.0021945685148239136,-0.001274794340133667,0.0036025375201689937,-0.7208185195922852,0.8179540634155273,0.8893068432807922,-0.689673662185669,1.5599203799948465,-0.0026572030037641525,0.000750785693526268,0.0015431549400091171,-0.0018775928765535355,0.003513150127935463,-0.8071702718734741,0.718560516834259,0.7974845170974731,-0.7906323075294495,1.5579429326021774,-0.0021162908524274826,-0.000987841747701168,0.02204611524939537,-0.02516825497150421,0.02391095831990242,-0.023380443453788757,-0.002422090619802475,0.0010163988918066025,0.0018437393009662628,-0.0016049481928348541,0.0035428625767239975,-0.8337990641593933,0.6872934699058533,0.7703341245651245,-0.802977442741394,1.5484175385059482,52.046169265,True,-0.0002364395186305046,-0.00026586931198835373,-0.0003003515303134918,-0.00027511268854141235,0.0005401265331302816,0.026699619367718697,0.03127637133002281,0.027186235412955284,0.012327450327575207,0.04972204928390673,ROA_1002_model21000_delay30,2602,2026-10-02_14-30-02,-0.0033258218318223953,-0.001137835904955864
-0.0020975712686777115,0.0013230135664343834,0.002084113657474518,-0.0011863186955451965,0.0034489088246919685,-0.7272166609764099,0.827511727809906,0.8848974704742432,-0.6875391006469727,1.5643939726150273,-0.0025688204914331436,0.0007521593943238258,0.0013953540474176407,-0.0017964746803045273,0.003347301411116381,-0.8132627606391907,0.7285445332527161,0.7926257848739624,-0.7883924841880798,1.5621551351010974,-0.0011232197284698486,-0.0014364575035870075,0.02451784536242485,-0.027627702802419662,0.026602480560541153,-0.025706183165311813,-0.0023345928639173508,0.0010114628821611404,0.0017127953469753265,-0.0015288125723600388,0.0033837367106199904,-0.8364794254302979,0.7042607665061951,0.7610325217247009,-0.8047394752502441,1.5539187595393915,52.066171654,True,-0.00023082830011844635,-0.0002541812136769295,-0.0003189314156770706,-0.00026868656277656555,0.0005390278581032229,0.023185040801763535,0.02431706339120865,0.031583476811647415,0.01629069447517395,0.04823151145428957,ROA_1002_model21000_delay30,2603,2026-10-02_14-30-02,-0.0020797448232769966,-0.0014705141074955463
-0.002049352042376995,0.001339241862297058,0.0020044390112161636,-0.0011242926120758057,0.0033559464560450735,-0.7328798174858093,0.8368030786514282,0.8858409523963928,-0.6908993124961853,1.5738894228610392,-0.002483837306499481,0.0007922761142253876,0.00127376988530159,-0.001755962148308754,0.0032287827970242165,-0.8187151551246643,0.7385708689689636,0.7932758331298828,-0.7914490699768066,1.5715912977516275,-0.0008078832179307938,-0.0006378996185958385,0.02569105289876461,-0.027965229004621506,0.027991706505417824,-0.025936130434274673,-0.0022651394829154015,0.0010459218174219131,0.0016131438314914703,-0.0014862511307001114,0.003282412375315746,-0.8349171280860901,0.7227032780647278,0.7533630728721619,-0.8160709142684937,1.563729680889252,52.086170396,True,-0.00021874438971281052,-0.0002519693225622177,-0.00034030526876449585,-0.0002719461917877197,0.0005466188575611155,0.01615588553249836,0.01589534804224968,0.039942093193531036,0.024600418284535408,0.05189693007213626,ROA_1002_model21000_delay30,2604,2026-10-02_14-30-02,-0.0014987289905548096,-0.0006590327247977257
-0.002029840834438801,0.001357821747660637,0.001954473555088043,-0.0010896939784288406,0.0033096078541088488,-0.7438359260559082,0.850084662437439,0.8903452754020691,-0.6961342692375183,1.5908082166807724,-0.002415745984762907,0.0008447444997727871,0.0011896248906850815,-0.0017353333532810211,0.0031552600612506547,-0.8301581144332886,0.7521511912345886,0.797616720199585,-0.7955459356307983,1.588247029602226,-0.003413659520447254,0.003305238438770175,0.024612102657556534,-0.026060476899147034,0.027272570878267288,-0.02383880689740181,-0.002220761962234974,0.0010916264727711678,0.0015445519238710403,-0.0014711171388626099,0.0032301260975329442,-0.8388922810554504,0.744101345539093,0.7521118521690369,-0.8271974325180054,1.5811839364076452,52.106171153000005,True,-0.00019380822777748108,-0.0002487911842763424,-0.0003519933670759201,-0.00026440247893333435,0.0005373034256576031,0.008772010914981365,0.008030678145587444,0.04548392817378044,0.03163842484354973,0.056646436997222396,ROA_1002_model21000_delay30,2605,2026-10-02_14-30-02,-0.0038842670619487762,0.0029345578514039516
-0.0020679086446762085,0.0014158664271235466,0.0019222497940063477,-0.0010926742106676102,0.003339274663338264,-0.7487607002258301,0.8548767566680908,0.8908728361129761,-0.6980062127113342,1.596850937694141,-0.0024217646569013596,0.0009081093594431877,0.001161312684416771,-0.001738220453262329,0.0031735368298856995,-0.8353487849235535,0.7566224932670593,0.7962411642074585,-0.7985993027687073,1.5938633921747214,-0.0039336830377578735,0.005184412468224764,0.02367505058646202,-0.023897651582956314,0.02623719349503517,-0.021670076996088028,-0.0022431369870901108,0.0011568889021873474,0.001514330506324768,-0.001474982127547264,0.0032573674044333403,-0.8415125608444214,0.7520073056221008,0.7504075169563293,-0.8314400315284729,1.5877009718715638,52.126171239,True,-0.00017925631254911423,-0.00025043264031410217,-0.00035497359931468964,-0.0002632848918437958,0.0005329656278280877,0.006134155672043562,0.004542060196399689,0.045839227735996246,0.032852403819561005,0.05691010124515131,ROA_1002_model21000_delay30,2606,2026-10-02_14-30-02,-0.004117355681955814,0.0043103997595608234
-0.002121366560459137,0.001473166048526764,0.001894356682896614,-0.0011039432138204575,0.003385278960756017,-0.7493926286697388,0.8527393937110901,0.8862358331680298,-0.6949426531791687,1.59227556082053,-0.002470053732395172,0.0009566545486450195,0.0011525582522153854,-0.0017432495951652527,0.0032243897536619053,-0.836107611656189,0.7535837888717651,0.7899924516677856,-0.7962756156921387,1.5884396468061002,-0.004864801652729511,0.00815306231379509,0.022610018029808998,-0.02092120051383972,0.025119375437498093,-0.018684890121221542,-0.002297293394804001,0.0012080185115337372,0.001500127837061882,-0.001483224332332611,0.0033098206753474414,-0.8439525961875916,0.7482850551605225,0.7464796900749207,-0.8282051086425781,1.5835031864944802,52.1461751,True,-0.00017029233276844025,-0.0002553686499595642,-0.0003509223461151123,-0.0002579297870397568,0.0005256728394545198,0.007854774594306946,0.005293637048453093,0.04350533336400986,0.03191456198692322,0.05477987734655819,ROA_1002_model21000_delay30,2607,2026-10-02_14-30-02,-0.004637895151972771,0.006750852335244417
-0.0021478161215782166,0.0014899298548698425,0.0018627848476171494,-0.0010943971574306488,0.0033889469219709227,-0.7477542161941528,0.8480473756790161,0.8816812038421631,-0.6908364295959473,1.584824275109596,-0.0025031622499227524,0.0009501352906227112,0.0011496245861053467,-0.0017194077372550964,0.003234271644031361,-0.8351956009864807,0.7478128671646118,0.7837325930595398,-0.7933400869369507,1.5805245287881409,-0.0057902587577700615,0.010679925791919231,0.021937068551778793,-0.018632564693689346,0.024322956800460815,-0.016430046409368515,-0.0023354776203632355,0.0012137927114963531,0.001485925167798996,-0.0014643184840679169,0.003323160722322741,-0.845802903175354,0.7397276163101196,0.7440787553787231,-0.822519838809967,1.576158724477667,52.166175602,True,-0.00016763806343078613,-0.00026137568056583405,-0.00033243559300899506,-0.00025704503059387207,0.0005155457030313303,0.010657123290002346,0.00801868736743927,0.039623115211725235,0.029210930690169334,0.05100125003203745,ROA_1002_model21000_delay30,2608,2026-10-02_14-30-02,-0.005094473250210285,0.008852657862007618
-0.0021819956600666046,0.0014925375580787659,0.001841643825173378,-0.0010746531188488007,0.003394281914591716,-0.7473332285881042,0.844175398349762,0.879314661026001,-0.6888447999954224,1.5805450253458915,-0.002543581649661064,0.0009356532245874405,0.001162756234407425,-0.001697847619652748,0.0032549673263628388,-0.8352048993110657,0.7432721853256226,0.7798736691474915,-0.7924637198448181,1.5759127581054344,-0.005801157094538212,0.0127636743709445,0.02127975970506668,-0.015978526324033737,0.023674651980400085,-0.013754128478467464,-0.0023791566491127014,0.001201685518026352,0.0014767982065677643,-0.00144164077937603,0.003334253621240746,-0.8497554659843445,0.7307841181755066,0.743669867515564,-0.8190688490867615,1.5718236708305784,52.186171143,True,-0.0001627020537853241,-0.0002637971192598343,-0.000315345823764801,-0.00025811605155467987,0.0005054568401907881,0.01456774678081274,0.012464354746043682,0.03618048503994942,0.026611609384417534,0.0488170412541862,ROA_1002_model21000_delay30,2609,2026-10-02_14-30-02,-0.004772464744746685,0.01047474704682827
-0.0021789222955703735,0.001465342938899994,0.001813005656003952,-0.001061614602804184,0.0033613247745424165,-0.7450510263442993,0.8403639793395996,0.8739437460899353,-0.6868494153022766,1.5737947790734794,-0.0025521032512187958,0.0008949078619480133,0.0011572614312171936,-0.0017003156244754791,0.003241213484017182,-0.8342275023460388,0.7382663488388062,0.7757618427276611,-0.7895156145095825,1.5694321199781358,-0.007417984306812286,0.015700874850153923,0.01964704506099224,-0.01310164388269186,0.021992405876517296,-0.010860275477170944,-0.002386234700679779,0.0011595897376537323,0.0014493241906166077,-0.0014360062777996063,0.003304890503967149,-0.8503598570823669,0.7237968444824219,0.7370514273643494,-0.8195815086364746,1.565583217166917,52.206172349000006,True,-0.0001652166247367859,-0.0002664513885974884,-0.0002937391400337219,-0.00026011839509010315,0.0004971908832850855,0.01616496592760086,0.0144811337813735,0.03870483487844467,0.030072404071688652,0.05358635017765807,ROA_1002_model21000_delay30,2610,2026-10-02_14-30-02,-0.006139527074992657,0.013343578204512596
-0.002187490463256836,0.0014475546777248383,0.0017805956304073334,-0.0010443851351737976,0.003336777420508894,-0.7425714135169983,0.8360333442687988,0.8676815629005432,-0.6844708323478699,1.5660492212749688,-0.0025607645511627197,0.0008773989975452423,0.001149345189332962,-0.0017002224922180176,0.0032357623939420657,-0.8327792882919312,0.7334537506103516,0.7704477310180664,-0.7870485782623291,1.5624234307880374,-0.007489122450351715,0.01790953241288662,0.018936611711978912,-0.010207796469330788,0.021128404885530472,-0.008038901723921299,-0.00240132212638855,0.0011410564184188843,0.0014166347682476044,-0.0014292076230049133,0.0032883149692724393,-0.8482811450958252,0.718207061290741,0.7286900281906128,-0.8197910785675049,1.5576413584334716,52.226174962,True,-0.00016512349247932434,-0.0002625398337841034,-0.0002671964466571808,-0.0002757646143436432,0.000491039970122299,0.01549068745225668,0.015282071195542812,0.04176422581076622,0.032699666917324066,0.057286440876849865,ROA_1002_model21000_delay30,2611,2026-10-02_14-30-02,-0.005725609138607979,0.015531254932284355
-0.002169795334339142,0.0014195218682289124,0.0017338432371616364,-0.0010303221642971039,0.0032842213655957402,-0.7392261028289795,0.8331443667411804,0.8577620387077332,-0.6813220381736755,1.5563294965830048,-0.0025500543415546417,0.0008469447493553162,0.0011269934475421906,-0.001705717295408249,0.0032059562877708283,-0.8313776254653931,0.7288651466369629,0.7635895013809204,-0.781832218170166,1.553430164424403,-0.007898427546024323,0.018304478377103806,0.01706813834607601,-0.008266330696642399,0.01903565227985382,-0.006169893778860569,-0.002384185791015625,0.0011065974831581116,0.001370161771774292,-0.001421663910150528,0.0032360893708608955,-0.8446853160858154,0.7155649065971375,0.7160100936889648,-0.8202166557312012,1.5483430635334587,52.24617197600001,True,-0.00016326084733009338,-0.00026132911443710327,-0.00024428591132164,-0.00028312206268310547,0.00048316807932252584,0.013293697498738766,0.013293697498738766,0.04757660999894142,0.03837421536445618,0.06392101588179536,ROA_1002_model21000_delay30,2612,2026-10-02_14-30-02,-0.005790781229734421,0.01620265655219555
-0.002155173569917679,0.0013690441846847534,0.001701992005109787,-0.000976957380771637,0.003219535894684976,-0.7369368672370911,0.8300905823707581,0.8537023663520813,-0.6794519424438477,1.5506797698480577,-0.002537015825510025,0.0007907859981060028,0.0011171214282512665,-0.001667160540819168,0.0031568338540729625,-0.8297459483146667,0.7255300283432007,0.7609473466873169,-0.7792208194732666,1.5483461647250916,-0.007799083366990089,0.018462108448147774,0.016090361401438713,-0.006783466786146164,0.017767664045095444,-0.0048718536272645,-0.002371426671743393,0.0010523945093154907,0.0013346783816814423,-0.0013747252523899078,0.0031717858290634536,-0.8438014984130859,0.7106773257255554,0.7110731601715088,-0.8193263411521912,1.5425445122455832,52.266173917,True,-0.00015888363122940063,-0.00026226043701171875,-0.00022118911147117615,-0.00029299408197402954,0.0004777232679144232,0.014075077138841152,0.014880671165883541,0.04986952617764473,0.040092501789331436,0.06713350304549741,ROA_1002_model21000_delay30,2613,2026-10-02_14-30-02,-0.005640956573188305,0.016461849212646484
-0.0021051615476608276,0.0013004988431930542,0.0016764737665653229,-0.000920519232749939,0.003126485363944928,-0.732829749584198,0.8244420886039734,0.8500115275382996,-0.6757946610450745,1.5421405785679845,-0.0025012530386447906,0.0007043592631816864,0.001109391450881958,-0.0015947036445140839,0.003071811567195897,-0.825018584728241,0.7200846076011658,0.7582706809043884,-0.7745101451873779,1.5396011669782648,-0.00817866437137127,0.017816398292779922,0.015322483144700527,-0.006912875920534134,0.016938483342528343,-0.0050876205787062645,-0.002339109778404236,0.0009680166840553284,0.0013165175914764404,-0.0013054348528385162,0.0030843369388081584,-0.8438210487365723,0.7009915709495544,0.7111876606941223,-0.8123898506164551,1.5343856290306481,52.286176467000004,True,-0.00016083940863609314,-0.00026617199182510376,-0.0002074986696243286,-0.0002886168658733368,0.00047193622648501754,0.018775463104248047,0.019066035747528076,0.047040168195962906,0.037867575883865356,0.06599111847144491,ROA_1002_model21000_delay30,2614,2026-10-02_14-30-02,-0.006654033437371254,0.01572992280125618
-0.002109445631504059,0.0012524425983428955,0.0017134472727775574,-0.0008909963071346283,0.0031210349088825248,-0.7321210503578186,0.8208323121070862,0.852708637714386,-0.6746062636375427,1.5408086960690828,-0.002529192715883255,0.0006387010216712952,0.0011557713150978088,-0.0015513971447944641,0.0030783992912393346,-0.8231512904167175,0.7172636389732361,0.7606195211410522,-0.773456871509552,1.5379575696569552,-0.00747130811214447,0.017020516097545624,0.014980915002524853,-0.006336698308587074,0.016423502936959267,-0.004724607802927494,-0.0023630447685718536,0.0009090639650821686,0.001358427107334137,-0.0012635253369808197,0.003087157844155319,-0.8477335572242737,0.6931423544883728,0.7168119549751282,-0.8082817792892456,1.5333453166675926,52.306176616,True,-0.00016335397958755493,-0.00026710331439971924,-0.00020712614059448242,-0.00028954818844795227,0.00047379446158114596,0.024556180462241173,0.024106351658701897,0.043808478862047195,0.034846365451812744,0.06563730194342646,ROA_1002_model21000_delay30,2615,2026-10-02_14-30-02,-0.006561631336808205,0.01475128810852766
-0.0020879320800304413,0.0011943280696868896,0.0017364509403705597,-0.0008644536137580872,0.003088824870666681,-0.7334285974502563,0.8193849921226501,0.8572385907173157,-0.6770398020744324,1.5442739084438333,-0.0025301240384578705,0.000570341944694519,0.0011875294148921967,-0.0015128403902053833,0.0030604031425488943,-0.8226744532585144,0.7172449827194214,0.7651205658912659,-0.7759695649147034,1.5412309344528947,-0.007217809557914734,0.017256179824471474,0.015417873859405518,-0.0061995480209589005,0.016903217881917953,-0.00462053157389164,-0.002360716462135315,0.0008365139365196228,0.001392420381307602,-0.0012283213436603546,0.003065964111755306,-0.8530318140983582,0.6876503825187683,0.7245363593101501,-0.8078832030296326,1.5371164133751671,52.326177278,True,-0.00016558915376663208,-0.00026794150471687317,-0.0002084299921989441,-0.0002827495336532593,0.0004714192698329276,0.030353663489222527,0.029622575268149376,0.04058610275387764,0.03190990537405014,0.06672368369211952,ROA_1002_model21000_delay30,2616,2026-10-02_14-30-02,-0.006891923025250435,0.014715859666466713
-0.002078525722026825,0.0011693686246871948,0.0017517246305942535,-0.0008655712008476257,0.0030820288673536534,-0.7360427975654602,0.8214022517204285,0.860938310623169,-0.6811138987541199,1.5504725631065537,-0.0025231391191482544,0.0005500391125679016,0.0011960044503211975,-0.0015134923160076141,0.003052466112083053,-0.8242064714431763,0.7202494740486145,0.7689790725708008,-0.7803537249565125,1.547587017761189,-0.006401659920811653,0.01681479811668396,0.016024677082896233,-0.006360999308526516,0.017499150708317757,-0.004821624606847763,-0.002355966717004776,0.0008100643754005432,0.0014067627489566803,-0.0012299977242946625,0.0030608294745100902,-0.85489821434021,0.6904685497283936,0.7278029322624207,-0.8123167157173157,1.543271729089847,52.346177683,True,-0.0001685693860054016,-0.00026263296604156494,-0.0002100132405757904,-0.00028209760785102844,0.00046990905995465416,0.03066845051944256,0.02977810613811016,0.04118680581450462,0.031964853405952454,0.06732031454722434,ROA_1002_model21000_delay30,2617,2026-10-02_14-30-02,-0.006201999261975288,0.0144122913479805
-0.0020347535610198975,0.0011354684829711914,0.0017367769032716751,-0.0008671078830957413,0.0030320105601226153,-0.7371333837509155,0.8240369558334351,0.86176997423172,-0.6851409077644348,1.5546916151488526,-0.002470053732395172,0.0005341134965419769,0.0011620111763477325,-0.0015304889529943466,0.002994246167936761,-0.8240295052528381,0.724418044090271,0.771039605140686,-0.7842746376991272,1.5524828535616915,-0.005299821496009827,0.016051802784204483,0.01656080037355423,-0.006440388038754463,0.017932210117578506,-0.00497988797724247,-0.002302788197994232,0.0007878057658672333,0.00138087198138237,-0.0012462027370929718,0.0030052871802828092,-0.8515961766242981,0.6978734731674194,0.7244138717651367,-0.8207908272743225,1.5476092491557325,52.366178825000006,True,-0.00016530975699424744,-0.0002545304596424103,-0.00021746382117271423,-0.00028586946427822113,0.0004699236690229125,0.027600673958659172,0.026567837223410606,0.04661548510193825,0.0364622101187706,0.07042216760983325,ROA_1002_model21000_delay30,2618,2026-10-02_14-30-02,-0.005016247741878033,0.013989737257361412
-0.0019505154341459274,0.001055235043168068,0.0016693957149982452,-0.000819377601146698,0.002893631728656716,-0.7353410720825195,0.8253026604652405,0.8590872883796692,-0.6873565316200256,1.5540859918965766,-0.0023760367184877396,0.0004791654646396637,0.0010882969945669174,-0.0014962628483772278,0.002858699109055671,-0.8213174939155579,0.7267491817474365,0.7694847583770752,-0.7862932682037354,1.5524112499100378,-0.003854726441204548,0.01413076650351286,0.017329733818769455,-0.00739345233887434,0.01838940568268299,-0.0061590056866407394,-0.002208724617958069,0.0007195398211479187,0.0013071577996015549,-0.0012082047760486603,0.0028636484881180086,-0.8453768491744995,0.7034614086151123,0.7185213565826416,-0.8264015913009644,1.5469778181395872,52.386176382,True,-0.0001669861376285553,-0.00024670735001564026,-0.0002187676727771759,-0.00028796494007110596,0.00046837388011893185,0.02408120594918728,0.023257451131939888,0.05097314342856407,0.04011392220854759,0.07293245220564987,ROA_1002_model21000_delay30,2619,2026-10-02_14-30-02,-0.003346572630107403,0.012434158474206924
-0.001874612644314766,0.0009702984243631363,0.0016301870346069336,-0.0007602851837873459,0.002772725739465706,-0.7314351201057434,0.8221398591995239,0.8564330339431763,-0.686502993106842,1.5487634525763794,-0.0023058615624904633,0.0003866851329803467,0.001048017293214798,-0.0014233868569135666,0.0027359063541251088,-0.8158515691757202,0.7251268029212952,0.7676057815551758,-0.7848562002182007,1.547162831130613,-0.0033611729741096497,0.012210112065076828,0.017585251480340958,-0.009007780812680721,0.018625635653734207,-0.0078273955732584,-0.002140272408723831,0.0006328802555799484,0.001270277425646782,-0.0011374708265066147,0.0027451666962354307,-0.8424804210662842,0.6986734867095947,0.7190201282501221,-0.822253942489624,1.541348296879315,52.40618242,True,-0.00016549602150917053,-0.00024563632905483246,-0.00022077001631259918,-0.00028354115784168243,0.0004654189849193175,0.026652587577700615,0.0264290701597929,0.04856707155704498,0.037373509258031845,0.07175195409172166,ROA_1002_model21000_delay30,2620,2026-10-02_14-30-02,-0.0031116949394345284,0.010498139075934887
-0.0018394086509943008,0.0008663162589073181,0.0016464851796627045,-0.0007164664566516876,0.002712298908963324,-0.7267072200775146,0.815443217754364,0.8579370975494385,-0.6861253380775452,1.5436718935709375,-0.0022930558770895004,0.0002590008080005646,0.0010774005204439163,-0.0013521406799554825,0.0026851732825597537,-0.8082687258720398,0.7208235859870911,0.7693390250205994,-0.7845130562782288,1.5419362209147351,-0.003028140403330326,0.011861843056976795,0.01826135255396366,-0.009717208333313465,0.019449349492788315,-0.008493101224303246,-0.002126535400748253,0.0005093403160572052,0.0013029202818870544,-0.001073535531759262,0.002696486901757899,-0.8435006737709045,0.6857178807258606,0.7267654538154602,-0.8151153922080994,1.5359462169458822,52.426182601,True,-0.00016614794731140137,-0.00024782493710517883,-0.00022584572434425354,-0.000276416540145874,0.00046472314728158645,0.03525707870721817,0.03512110561132431,0.04258006438612938,0.030557623133063316,0.07203958988516222,ROA_1002_model21000_delay30,2621,2026-10-02_14-30-02,-0.0032730037346482277,0.00978122465312481
-0.0018118415027856827,0.0007814262062311172,0.0016696285456418991,-0.0006822869181632996,0.002673184414474442,-0.7218401432037354,0.8080624341964722,0.8602761030197144,-0.6868755221366882,1.5391939314674306,-0.002283230423927307,0.00015245750546455383,0.0011123716831207275,-0.00128881074488163,0.002653852120070234,-0.8005951046943665,0.7162159085273743,0.7719406485557556,-0.7849931120872498,1.5374027327982593,-0.002437450923025608,0.011307936161756516,0.018597610294818878,-0.009900961071252823,0.01982036978006363,-0.008710762485861778,-0.002118479460477829,0.0004042871296405792,0.0013402663171291351,-0.0010190065950155258,0.0026681172409532238,-0.8435630798339844,0.6718267202377319,0.7351594567298889,-0.8091208934783936,1.5306523477416152,52.446184031,True,-0.00016381964087486267,-0.00024903565645217896,-0.000231107696890831,-0.0002693384885787964,0.0004625651548549633,0.04298984631896019,0.0443924181163311,0.03680167719721794,0.024115199223160744,0.07544603306320724,ROA_1002_model21000_delay30,2622,2026-10-02_14-30-02,-0.003138486295938492,0.00892055407166481
-0.0017902813851833344,0.0007087364792823792,0.0016804784536361694,-0.0006458722054958344,0.002635981800043034,-0.7157730460166931,0.8007669448852539,0.8606300354003906,-0.6870929598808289,1.532893586237967,-0.00227196142077446,6.542541086673737e-05,0.0011221971362829208,-0.0012358184903860092,0.0026197954898328863,-0.7925126552581787,0.7109231948852539,0.7730247378349304,-0.7848389744758606,1.5312707112079256,-0.0020413361489772797,0.011260672472417355,0.018765822052955627,-0.009467989206314087,0.019931960850954056,-0.008341108448803425,-0.0021117739379405975,0.00031725503504276276,0.0013549812138080597,-0.0009727198630571365,0.0026388484248355505,-0.8408394455909729,0.6594191789627075,0.7385601997375488,-0.8058696389198303,1.523513218891953,52.466183124000004,True,-0.00016437843441963196,-0.0002543441951274872,-0.00023622997105121613,-0.00025979243218898773,0.000462162131825773,0.048315614461898804,0.051497943699359894,0.034461263567209244,0.021017154678702354,0.0807924992806084,ROA_1002_model21000_delay30,2623,2026-10-02_14-30-02,-0.0028736088424921036,0.008772270753979683
-0.0017856713384389877,0.0006786547601222992,0.001662224531173706,-0.0006055459380149841,0.002603564475928209,-0.7137804627418518,0.7988507747650146,0.8632074594497681,-0.6903693675994873,1.5339234994364146,-0.0022718682885169983,3.6694109439849854e-05,0.001097237691283226,-0.0011937227100133896,0.002594453228152496,-0.7892618775367737,0.7107676863670349,0.7766573429107666,-0.7880814075469971,1.5330721862837842,-0.0010998593643307686,0.011236239224672318,0.019459716975688934,-0.009011481888592243,0.02054712176322937,-0.00795512180775404,-0.0021058600395917892,0.00028386712074279785,0.0013373326510190964,-0.0009321607649326324,0.0026084758311323715,-0.839126706123352,0.656112551689148,0.7402091026306152,-0.8086817860603333,1.5233032835211973,52.486177994,True,-0.00016847625374794006,-0.0002476852387189865,-0.0002409331500530243,-0.0002612825483083725,0.00046358288874185976,0.04985928162932396,0.05460343882441521,0.03645848482847214,0.02059805952012539,0.08420201755076456,ROA_1002_model21000_delay30,2624,2026-10-02_14-30-02,-0.0022032558917999268,0.008684588596224785
-0.0017758458852767944,0.0006407499313354492,0.0016333535313606262,-0.0005584675818681717,0.002558018691970934,-0.7101427316665649,0.7960595488548279,0.8644344806671143,-0.6925328373908997,1.5324642451774613,-0.0022637657821178436,-1.4901161193847656e-06,0.0010565854609012604,-0.0011492520570755005,0.0025539921886194223,-0.785216212272644,0.7090936303138733,0.7787774801254272,-0.790494441986084,1.5325656076151912,-9.310804307460785e-05,0.010975142009556293,0.020005403086543083,-0.008524598553776741,0.020872386172413826,-0.007639761082828045,-0.002094777300953865,0.00024293549358844757,0.0013012904673814774,-0.0008905772119760513,0.002562826234134414,-0.8353055119514465,0.6521841883659363,0.7394393682479858,-0.8114636540412903,1.5204534795067237,52.506178527,True,-0.00016670674085617065,-0.00024246983230113983,-0.00024507753551006317,-0.00025937333703041077,0.00046118186044519276,0.050134021788835526,0.0568712092936039,0.03931717574596405,0.02098083309829235,0.08687930913836855,ROA_1002_model21000_delay30,2625,2026-10-02_14-30-02,-0.001247689127922058,0.008372796699404716
-0.0017606653273105621,0.0006057322025299072,0.0015999656170606613,-0.0005084555596113205,0.0025068707978464695,-0.7055741548538208,0.7933452129364014,0.865180492401123,-0.6937128305435181,1.5298488986927072,-0.002251099795103073,-3.604218363761902e-05,0.001012580469250679,-0.0010997522622346878,0.0025104053413006256,-0.7801414132118225,0.706884503364563,0.7800054550170898,-0.79217129945755,1.5304753371759832,-0.00034626852720975876,0.0118112713098526,0.020416148006916046,-0.008227825164794922,0.02126958966255188,-0.007349890656769276,-0.002080574631690979,0.0002054031938314438,0.0012635253369808197,-0.0008377712219953537,0.0025141943114697835,-0.8308156132698059,0.6480668187141418,0.739884078502655,-0.8118762373924255,1.5166679974696877,52.526183029,True,-0.00017113052308559418,-0.00023865140974521637,-0.0002522021532058716,-0.0002612825483083725,0.00046584453689999965,0.050683967769145966,0.05883955955505371,0.040136273950338364,0.01969188265502453,0.08826670099314629,ROA_1002_model21000_delay30,2626,2026-10-02_14-30-02,-0.0015744715929031372,0.0089715039357543
-0.0017369166016578674,0.0005918089300394058,0.0015543773770332336,-0.0004684552550315857,0.0024496481389776337,-0.7000243663787842,0.7922113537788391,0.8647255301475525,-0.6946627497673035,1.5267582613539425,-0.002213241532444954,-2.9569491744041443e-05,0.0009564682841300964,-0.0010614283382892609,0.0024491763628111674,-0.7749576568603516,0.7051792740821838,0.7802042961120605,-0.7934592962265015,1.5278545629844384,-0.0011531366035342216,0.013021218590438366,0.020521588623523712,-0.007659274153411388,0.02121972292661667,-0.006927094422280788,-0.002040620893239975,0.00020302832126617432,0.0012139789760112762,-0.0008044298738241196,0.0024498865644034928,-0.8203540444374084,0.6506665945053101,0.7382332682609558,-0.8132936954498291,1.5124553679778658,52.546183914000004,True,-0.00017276033759117126,-0.00023655593395233154,-0.00025620684027671814,-0.00026212073862552643,0.0004680623121839777,0.045382414013147354,0.054508909583091736,0.041971445083618164,0.019851604476571083,0.08311455119745022,ROA_1002_model21000_delay30,2627,2026-10-02_14-30-02,-0.0022807884961366653,0.010243793949484825
-0.0017430633306503296,0.0006302725523710251,0.0015397556126117706,-0.0004880595952272415,0.0024580865688676483,-0.6970008611679077,0.7945364117622375,0.8642905950546265,-0.6965291500091553,1.5270508958439697,-0.002201320603489876,3.3387914299964905e-05,0.000925455242395401,-0.0010989606380462646,0.002439869258699907,-0.7726335525512695,0.7063447833061218,0.7803109288215637,-0.7955729365348816,1.5283912737891534,-0.0020519113168120384,0.013735437765717506,0.019180024042725563,-0.0065350718796253204,0.019871428608894348,-0.0057952143251895905,-0.0020259059965610504,0.0002665910869836807,0.0011911150068044662,-0.0008330214768648148,0.002444139976731927,-0.8102771639823914,0.6600450277328491,0.7351142764091492,-0.8178907036781311,1.5125388099712496,52.566184928000006,True,-0.0001757405698299408,-0.00023082830011844635,-0.00026389025151729584,-0.0002680812031030655,0.0004741570585419177,0.03760354593396187,0.046280208975076675,0.04521617293357849,0.022312624379992485,0.07634545688519662,ROA_1002_model21000_delay30,2628,2026-10-02_14-30-02,-0.0030488213524222374,0.011265555396676064
-0.0017336104065179825,0.0006369315087795258,0.001501990482211113,-0.0004680827260017395,0.002425403070217624,-0.6940667033195496,0.7961136102676392,0.8643022179603577,-0.6977836489677429,1.5269698326213685,-0.0021791085600852966,5.9232115745544434e-05,0.0008793547749519348,-0.0010841526091098785,0.002403458346636293,-0.7707033753395081,0.7066083550453186,0.7807877659797668,-0.7972595691680908,1.528674913673295,-0.0030597085133194923,0.014395428821444511,0.018099555745720863,-0.005864582024514675,0.01882067695260048,-0.0050815921276807785,-0.0020007602870464325,0.00028763897716999054,0.0011498574167490005,-0.0008158385753631592,0.0024042629000098894,-0.8016274571418762,0.6673186421394348,0.7339017391204834,-0.8199610114097595,1.5121475859281994,52.586185045,True,-0.00018016435205936432,-0.00023045577108860016,-0.00026854686439037323,-0.00027208589017391205,0.00048062499701065435,0.030932480469346046,0.039271075278520584,0.04687625542283058,0.022665129974484444,0.07033880331522338,ROA_1002_model21000_delay30,2629,2026-10-02_14-30-02,-0.003943104296922684,0.01215462014079094
-0.0017405953258275986,0.000645732507109642,0.0014773104339838028,-0.00045439228415489197,0.0024147469022708476,-0.6930767297744751,0.7975110411643982,0.8657988905906677,-0.6992393136024475,1.5286555080658712,-0.002180924639105797,7.925555109977722e-05,0.0008450355380773544,-0.0010800082236528397,0.00239355795240171,-0.7703844308853149,0.7070018649101257,0.7822494506835938,-0.7993001341819763,1.5305095736198062,-0.00336526520550251,0.014779937453567982,0.01767669804394245,-0.005539165809750557,0.018570419400930405,-0.004620552994310856,-0.001998990774154663,0.0003095250576734543,0.0011201947927474976,-0.00080144964158535,0.002390205260991445,-0.7972577214241028,0.6716893911361694,0.7344279289245605,-0.8218721151351929,1.5133388152120464,52.606184075,True,-0.00018668361008167267,-0.00023175962269306183,-0.0002764631062746048,-0.0002750195562839508,0.0004898524371785111,0.026838386431336403,0.035303179174661636,0.04782620444893837,0.0225361417979002,0.06708927141467022,ROA_1002_model21000_delay30,2630,2026-10-02_14-30-02,-0.004225487820804119,0.012514905072748661
-0.001754285767674446,0.0006629154086112976,0.001482618972659111,-0.00047232024371623993,0.0024360235023422757,-0.693019449710846,0.7975971698760986,0.8690594434738159,-0.7003787755966187,1.5309512009135628,-0.002203136682510376,9.85804945230484e-05,0.0008493196219205856,-0.0010932330042123795,0.0024201838118300704,-0.7710852026939392,0.7061553001403809,0.7850271463394165,-0.8008558750152588,1.5326990593416319,-0.004556150175631046,0.015240861102938652,0.016552867367863655,-0.005141094326972961,0.017506439238786697,-0.004194346256554127,-0.002011610195040703,0.0003276858478784561,0.0011280644685029984,-0.0008131843060255051,0.0024107906500244396,-0.7966528534889221,0.6713312864303589,0.7380395531654358,-0.821880042552948,1.5147518061094554,52.626179296000004,True,-0.00019334256649017334,-0.00023264437913894653,-0.0002811197191476822,-0.00027865171432495117,0.0004976378275274828,0.025567596778273582,0.034829601645469666,0.04698428884148598,0.02102646790444851,0.06504657679115014,ROA_1002_model21000_delay30,2631,2026-10-02_14-30-02,-0.005569714121520519,0.01255292259156704
-0.0017832964658737183,0.0006843358278274536,0.001506926491856575,-0.0004989095032215118,0.0024829318057953374,-0.6901691555976868,0.7928525805473328,0.8694016933441162,-0.6970213651657104,1.525784705538866,-0.0022438354790210724,0.0001171603798866272,0.0008720438927412033,-0.0011083204299211502,0.0024710317656792564,-0.768969714641571,0.7002776861190796,0.785029947757721,-0.7974668145179749,1.527154300640217,-0.005313393659889698,0.015760943293571472,0.015555839985609055,-0.004270921461284161,0.016480054706335068,-0.0033659632317721844,-0.0020403414964675903,0.0003511086106300354,0.0011560972779989243,-0.000830506905913353,0.00245714165792345,-0.7950262427330017,0.6643878221511841,0.7396582365036011,-0.8167312145233154,1.5088639556628298,52.646185814000006,True,-0.00020097941160202026,-0.00023487955331802368,-0.0002816319465637207,-0.0002769753336906433,0.0005011541138298523,0.026055609807372093,0.035927630960941315,0.04535261169075966,0.019218306988477707,0.06390592826776359,ROA_1002_model21000_delay30,2632,2026-10-02_14-30-02,-0.006492456421256065,0.012821916490793228
-0.0018035061657428741,0.0007081776857376099,0.0015284866094589233,-0.0005253590643405914,0.0025226100905297003,-0.6902008056640625,0.7915468215942383,0.8706040382385254,-0.6963172554969788,1.5254661044064368,-0.0022705644369125366,0.00014202669262886047,0.000890437513589859,-0.0011411495506763458,0.0025115264441390255,-0.7696570754051208,0.6986362338066101,0.7866499423980713,-0.7964423298835754,1.5270491430716793,-0.0050106290727853775,0.01570114493370056,0.015211476944386959,-0.0037859883159399033,0.01624557562172413,-0.002775052096694708,-0.0020589679479599,0.0003760680556297302,0.0011735130101442337,-0.0008638948202133179,0.00249328975846951,-0.7945196032524109,0.6629866361618042,0.7399758100509644,-0.8170003890991211,1.5082502715004644,52.666184395,True,-0.0002103857696056366,-0.00023525208234786987,-0.0002834480255842209,-0.00027837231755256653,0.0005071326412681563,0.02487189881503582,0.035628676414489746,0.04668300598859787,0.02054031752049923,0.06458193239407199,ROA_1002_model21000_delay30,2633,2026-10-02_14-30-02,-0.006214631721377373,0.012756741605699062
-0.0018028542399406433,0.0007379334419965744,0.0015197787433862686,-0.0005445443093776703,0.0025294331566381905,-0.692842960357666,0.7939426898956299,0.8705532550811768,-0.6970269083976746,1.528240441944385,-0.0022641848772764206,0.0001866370439529419,0.000863661989569664,-0.001184968277812004,0.0025104523248167007,-0.7730708122253418,0.7007503509521484,0.7877219319343567,-0.7963151931762695,1.5302239012481889,-0.0035911165177822113,0.014501994475722313,0.015261025168001652,-0.004005280323326588,0.016542622819542885,-0.002767430152744055,-0.002046208828687668,0.0004170462489128113,0.0011501368135213852,-0.0008985865861177444,0.0024885600302888785,-0.794248640537262,0.6679621934890747,0.7365396618843079,-0.8217822313308716,1.511128498186438,52.686181728,True,-0.0002110842615365982,-0.00022994354367256165,-0.00028670765459537506,-0.00028545036911964417,0.0005108722956463519,0.02114986814558506,0.03276485949754715,0.05122320353984833,0.025495419278740883,0.06713253471781823,ROA_1002_model21000_delay30,2634,2026-10-02_14-30-02,-0.004583199508488178,0.011857282370328903
-0.0017764046788215637,0.0007582362741231918,0.0015204306691884995,-0.0005744397640228271,0.0025237816465938988,-0.6962367296218872,0.7977098822593689,0.8686599135398865,-0.6966497302055359,1.5305310708420676,-0.002222321927547455,0.0002285931259393692,0.0008484348654747009,-0.0012418720871210098,0.0024878345695542397,-0.7770517468452454,0.7041370868682861,0.7880036234855652,-0.7941587567329407,1.532842977701259,-0.0037817880511283875,0.013643857091665268,0.015283135697245598,-0.005157509818673134,0.016501495614647865,-0.003935518674552441,-0.002008490264415741,0.0004518777132034302,0.0011359341442584991,-0.0009459443390369415,0.0024715645610579877,-0.7931990027427673,0.6763678789138794,0.7289247512817383,-0.8280150890350342,1.5138948079892436,52.706186134000006,True,-0.00021639280021190643,-0.0002244953066110611,-0.00028619542717933655,-0.0002962537109851837,0.0005166217132019297,0.01613795757293701,0.027739906683564186,0.0590854287147522,0.03388337790966034,0.0738256681945515,ROA_1002_model21000_delay30,2635,2026-10-02_14-30-02,-0.00442899763584137,0.011251061223447323
-0.0017599668353796005,0.0007948372513055801,0.0015271827578544617,-0.000611552968621254,0.0025362556074835212,-0.7001091241836548,0.8016558885574341,0.8659199476242065,-0.6953528523445129,1.5322617808720898,-0.0022036023437976837,0.00027674250304698944,0.0008522067219018936,-0.0012951437383890152,0.0024974161996067,-0.7803356051445007,0.7083415389060974,0.7865391373634338,-0.7912311553955078,1.5342157038596227,-0.004448810592293739,0.012620669789612293,0.014568265527486801,-0.006190096959471703,0.015717897564172745,-0.005009613931179047,-0.0019831582903862,0.000495370477437973,0.0011333730071783066,-0.0009945128113031387,0.0024752845369220007,-0.7951720356941223,0.6831134557723999,0.7239817380905151,-0.8302116394042969,1.5167143956075453,52.726186604000006,True,-0.0002176966518163681,-0.00021816231310367584,-0.000280747190117836,-0.0002983957529067993,0.0005126336160577121,0.014797317795455456,0.025257466360926628,0.06258580833673477,0.03895442932844162,0.0782731872252785,ROA_1002_model21000_delay30,2636,2026-10-02_14-30-02,-0.004873950965702534,0.010567639023065567
-0.0017473474144935608,0.0008338131010532379,0.001512281596660614,-0.000630086287856102,0.002535446770739037,-0.7072439789772034,0.8081071376800537,0.8629620671272278,-0.6942893266677856,1.5368629014571467,-0.002187257632613182,0.00031138770282268524,0.0008415430784225464,-0.0013167504221200943,0.002494271861340818,-0.7856548428535461,0.7163975238800049,0.7837908267974854,-0.7887398600578308,1.5380139896413532,-0.005440539680421352,0.0119487838819623,0.013482616282999516,-0.006927499547600746,0.014604128897190094,-0.005787603557109833,-0.0019700266420841217,0.0005316920578479767,0.001126062124967575,-0.001010298728942871,0.0024772690100733265,-0.8038715124130249,0.6894888281822205,0.7221348881721497,-0.8288812637329102,1.5224621810898518,52.746189217,True,-0.0002148561179637909,-0.00022635795176029205,-0.00028223730623722076,-0.0003045424818992615,0.0005194191306641201,0.018200837075710297,0.02688448689877987,0.06161396950483322,0.04013906791806221,0.07953586534492472,ROA_1002_model21000_delay30,2637,2026-10-02_14-30-02,-0.005933561362326145,0.010121297091245651
-0.0017901882529258728,0.000879727303981781,0.0015371479094028473,-0.0006618909537792206,0.002602975880254684,-0.7141786217689514,0.8113742470741272,0.8595953583717346,-0.6892098784446716,1.5376864255486915,-0.0022409483790397644,0.0003313180059194565,0.0008773058652877808,-0.0013438984751701355,0.002565667279750265,-0.7913293838500977,0.7205535173416138,0.7802308201789856,-0.7829269766807556,1.5380974720073821,-0.00575641356408596,0.011295046657323837,0.01300974190235138,-0.0076324837282299995,0.0141226127743721,-0.006509662605822086,-0.0020232051610946655,0.000567268580198288,0.0011544674634933472,-0.0010356307029724121,0.002549774987770878,-0.8154222369194031,0.6888219714164734,0.7194550633430481,-0.8226423263549805,1.5233232563088088,52.766183574,True,-0.00021345913410186768,-0.00023213215172290802,-0.00027655623853206635,-0.0003098510205745697,0.000521466454750113,0.024106817319989204,0.03171619027853012,0.06079487130045891,0.03970274329185486,0.08196971404266302,ROA_1002_model21000_delay30,2638,2026-10-02_14-30-02,-0.006180315278470516,0.009439876303076744
-0.0017780810594558716,0.0008777715265750885,0.0015366822481155396,-0.0006787478923797607,0.0025982994312470074,-0.7154717445373535,0.8086152076721191,0.8518383502960205,-0.6807799935340881,1.5288682611756208,-0.002244347706437111,0.00031976960599422455,0.0008856877684593201,-0.0013636425137519836,0.002572504665207184,-0.791877031326294,0.7179500460624695,0.7724146842956543,-0.773772120475769,1.528535449160084,-0.0062728505581617355,0.010516524314880371,0.011997854337096214,-0.008116203360259533,0.01315426267683506,-0.00696323998272419,-0.002026837319135666,0.0005589332431554794,0.001155119389295578,-0.001053139567375183,0.0025542289170447023,-0.8212848901748657,0.682564914226532,0.711962103843689,-0.8144829869270325,1.5152878089047888,52.786184492000004,True,-0.0002164393663406372,-0.0002393033355474472,-0.00026943162083625793,-0.0003078952431678772,0.0005210448191386192,0.029406508430838585,0.035367440432310104,0.0604754276573658,0.040683891624212265,0.08547794866223708,ROA_1002_model21000_delay30,2639,2026-10-02_14-30-02,-0.006588341668248177,0.008672473952174187
-0.0017952639609575272,0.0009132549166679382,0.0015497207641601562,-0.0006936490535736084,0.0026335571865151405,-0.719363272190094,0.8089746832847595,0.8499109745025635,-0.6762565970420837,1.5278328725015238,-0.002265535295009613,0.0003320164978504181,0.0009160954505205154,-0.0013747252523899078,0.002610111924908022,-0.7967236042022705,0.7171975374221802,0.7690837979316711,-0.7696011662483215,1.5268563584971633,-0.006145043298602104,0.009548693895339966,0.012393372133374214,-0.009431065060198307,0.013508133590221405,-0.008305094204843044,-0.00205235555768013,0.0005796551704406738,0.0011793803423643112,-0.0010687392204999924,0.0025967797410066666,-0.8282731175422668,0.6807706952095032,0.7111895680427551,-0.8096606135368347,1.5151504321356029,52.806188418000005,True,-0.00021499581634998322,-0.00024954788386821747,-0.00026263296604156494,-0.0003068242222070694,0.0005211658623777539,0.03152526915073395,0.0364203006029129,0.057909633964300156,0.040038950741291046,0.08471718068081996,ROA_1002_model21000_delay30,2640,2026-10-02_14-30-02,-0.006097790785133839,0.0076395366340875626
-0.0018212944269180298,0.0009380746632814407,0.0016372185200452805,-0.0007511582225561142,0.002727276521461905,-0.7206601500511169,0.8066496253013611,0.8533400893211365,-0.675512433052063,1.5287783130805133,-0.002294778823852539,0.00034659169614315033,0.0010198913514614105,-0.0014204997569322586,0.0026990139499318113,-0.7983496785163879,0.7146391868591309,0.7702856659889221,-0.7695406079292297,1.5270408741215966,-0.005891329608857632,0.009007465094327927,0.012931391596794128,-0.010308317840099335,0.014141131192445755,-0.009148338809609413,-0.0020820647478103638,0.0006023794412612915,0.0012764707207679749,-0.0011150725185871124,0.002690259303624962,-0.8327951431274414,0.6762039661407471,0.7181888818740845,-0.8069123029708862,1.5174389598172908,52.826184279,True,-0.00021462328732013702,-0.00025280751287937164,-0.00025564804673194885,-0.0003028661012649536,0.0005167766189631697,0.034440308809280396,0.03840867429971695,0.052140090614557266,0.03736792132258415,0.08185270363485495,ROA_1002_model21000_delay30,2641,2026-10-02_14-30-02,-0.006095191463828087,0.006832047365605831
-0.0018623657524585724,0.0009832438081502914,0.0016971025615930557,-0.0007941387593746185,0.0028180591142615515,-0.7236485481262207,0.8068410158157349,0.8570923805236816,-0.6760256290435791,1.5325953554139142,-0.0023332424461841583,0.00038552097976207733,0.001096213236451149,-0.001455238088965416,0.0027884483606151313,-0.8015860319137573,0.7146475315093994,0.771929919719696,-0.771206796169281,1.5303617235075637,-0.004830645397305489,0.008069677278399467,0.013777116313576698,-0.010981808416545391,0.01494787260890007,-0.009875800460577011,-0.002124672755599022,0.0006385147571563721,0.0013453420251607895,-0.0011531170457601547,0.0027810589989611255,-0.8374528884887695,0.6761259436607361,0.7235272526741028,-0.8067525625228882,1.522439216295869,52.846184332,True,-0.00020600855350494385,-0.00025583431124687195,-0.0002501998096704483,-0.00030156224966049194,0.0005112894069897714,0.035853590816259384,0.038504600524902344,0.048414334654808044,0.03552669659256935,0.07949221956336118,ROA_1002_model21000_delay30,2642,2026-10-02_14-30-02,-0.0051274532452225685,0.005657598841935396
-0.0019223429262638092,0.0010516727343201637,0.001775100827217102,-0.0008573755621910095,0.002946521143291281,-0.7298181056976318,0.811383068561554,0.8643073439598083,-0.6806109547615051,1.5439172060820447,-0.0023940112441778183,0.00045392662286758423,0.0011916272342205048,-0.0015016179531812668,0.0029184080972526048,-0.8082915544509888,0.7187318801879883,0.7774931788444519,-0.776329517364502,1.541138300492625,-0.00437936931848526,0.007133535575121641,0.014380187727510929,-0.012050713412463665,0.015566496178507805,-0.010953457094728947,-0.0021860934793949127,0.0007115770131349564,0.0014336314052343369,-0.001207226887345314,0.0029136390091878527,-0.844654381275177,0.6814892292022705,0.7336111664772034,-0.80915766954422,1.5350893601566997,52.866189986,True,-0.0002071727067232132,-0.0002580229192972183,-0.00024475157260894775,-0.0002919696271419525,0.0005045969610300971,0.03637000918388367,0.037245918065309525,0.043800096958875656,0.032804906368255615,0.07530455415894327,ROA_1002_model21000_delay30,2643,2026-10-02_14-30-02,-0.004775814712047577,0.004663912579417229
-0.0019875122234225273,0.0011312775313854218,0.0018250197172164917,-0.0009121838957071304,0.0030636619135982223,-0.7366051077842712,0.8178609013557434,0.8694189190864563,-0.6863744854927063,1.5559703326966612,-0.002451101318001747,0.0005403067916631699,0.0012517906725406647,-0.001556379720568657,0.0030365909009007833,-0.815549373626709,0.725080668926239,0.7814913392066956,-0.7825638055801392,1.5530207674234304,-0.004262055270373821,0.0068311793729662895,0.01465536281466484,-0.012542667798697948,0.015866201370954514,-0.011439451016485691,-0.002252543345093727,0.0007956288754940033,0.0014886725693941116,-0.0012665055692195892,0.003037338010448759,-0.8506814241409302,0.690626859664917,0.7382802963256836,-0.8158925771713257,1.5482928705421106,52.886189752,True,-0.00019925646483898163,-0.00025527551770210266,-0.00023939646780490875,-0.0002895016223192215,0.0004959262393946731,0.035176750272512436,0.03444170579314232,0.04320544749498367,0.033324118703603745,0.07336422263732423,ROA_1002_model21000_delay30,2644,2026-10-02_14-30-02,-0.004671783186495304,0.0045672315172851086
-0.0020333798602223396,0.001185084693133831,0.0018659979104995728,-0.0009703915566205978,0.003155466582136165,-0.7413201332092285,0.822827160358429,0.8730515241622925,-0.6916806697845459,1.5652428464154855,-0.0024908455088734627,0.0005947193130850792,0.0012936070561408997,-0.0016151461750268936,0.0031232712405574077,-0.8209512829780579,0.7297754883766174,0.7845991849899292,-0.7880963087081909,1.562356166795398,-0.00456228107213974,0.006664474494755268,0.014407034032046795,-0.012828509323298931,0.015650035813450813,-0.011696469970047474,-0.002297782339155674,0.0008524861186742783,0.0015271827578544617,-0.0013263896107673645,0.0031283684742010372,-0.8541901707649231,0.6980863213539124,0.7404526472091675,-0.8228728175163269,1.5582389290185823,52.90619101,True,-0.0001943204551935196,-0.0002532266080379486,-0.00023399479687213898,-0.00028740614652633667,0.0004890721274873563,0.033253803849220276,0.031754374504089355,0.044129785150289536,0.03480864688754082,0.0725392325776335,ROA_1002_model21000_delay30,2645,2026-10-02_14-30-02,-0.005048821680247784,0.004584774374961853
-0.0020519131794571877,0.0011899275705218315,0.0018665101379156113,-0.0009844079613685608,0.0031741425323758674,-0.7427094578742981,0.8244511485099792,0.8720899224281311,-0.6932434439659119,1.567002483701012,-0.002504209987819195,0.000601145438849926,0.0012985430657863617,-0.0016333069652318954,0.0031428429851686123,-0.8232134580612183,0.7308818697929382,0.7835565805435181,-0.7895990014076233,1.564241934918356,-0.004809659905731678,0.006836083251982927,0.014174905605614185,-0.012740218080580235,0.015432187356054783,-0.011585772968828678,-0.0023153144866228104,0.0008557923138141632,0.0015268102288246155,-0.0013422686606645584,0.0031461320616466577,-0.8556761145591736,0.700305163860321,0.7383105754852295,-0.8258311748504639,1.5604310075539898,52.926190351,True,-0.00018808059394359589,-0.00025401823222637177,-0.000228220596909523,-0.0002881046384572983,0.00048469320657768813,0.03241025656461716,0.030577879399061203,0.04523666203022003,0.036238692700862885,0.0730538553915077,ROA_1002_model21000_delay30,2646,2026-10-02_14-30-02,-0.0052909934893250465,0.004922708496451378
-0.002054148353636265,0.0011729774996638298,0.0018635764718055725,-0.000989297404885292,0.0031693334159231894,-0.7440317273139954,0.8259745836257935,0.8704517483711243,-0.6948625445365906,1.5683601292686642,-0.0025068875402212143,0.0005790963768959045,0.0012925360351800919,-0.0016433652490377426,0.003136179877360952,-0.8249682784080505,0.7320669889450073,0.7824445962905884,-0.7909159064292908,1.5657818237177834,-0.005183525383472443,0.0072161052376031876,0.01380380243062973,-0.01242127362638712,0.01505705900490284,-0.011251434683799744,-0.0023222994059324265,0.0008316477760672569,0.001519918441772461,-0.0013581477105617523,0.0031428975777696216,-0.8577271103858948,0.7011662125587463,0.7347128987312317,-0.8294377326965332,1.5618280410845258,52.946190685000005,True,-0.00018533319234848022,-0.0002531101927161217,-0.00022617168724536896,-0.0002823770046234131,0.00047874656541384546,0.03271084278821945,0.030819324776530266,0.04777218773961067,0.0386224128305912,0.076066800834265,ROA_1002_model21000_delay30,2647,2026-10-02_14-30-02,-0.0054767439141869545,0.005437656305730343
-0.0019868602976202965,0.0010509509593248367,0.001777568832039833,-0.0009007751941680908,0.003003760479604305,-0.736748993396759,0.8190839886665344,0.8610966205596924,-0.6890287399291992,1.5536273627561055,-0.0024334993213415146,0.00044279731810092926,0.0012081116437911987,-0.0015554949641227722,0.0029658051428272138,-0.8183467984199524,0.7251551747322083,0.7732203006744385,-0.7852473855018616,1.5515276881513964,-0.004712685942649841,0.007410533260554075,0.013932759873569012,-0.011998462490737438,0.015248512849211693,-0.010756531730294228,-0.002255896106362343,0.0006981659680604935,0.0014279969036579132,-0.0012758653610944748,0.00297377093648214,-0.8536521196365356,0.6902608871459961,0.7249428629875183,-0.8238544464111328,1.546691232020477,52.966193258000004,True,-0.00017713755369186401,-0.00025853514671325684,-0.00021988525986671448,-0.00028260983526706696,0.0004756388918568255,0.03531551733613014,0.034936003386974335,0.04831608012318611,0.03856373950839043,0.0791982616686994,ROA_1002_model21000_delay30,2648,2026-10-02_14-30-02,-0.004739896394312382,0.005616107024252415
-0.001911865547299385,0.0009338371455669403,0.0017076730728149414,-0.0008151866495609283,0.002847419358135702,-0.7291049361228943,0.8120483160018921,0.8526216149330139,-0.683863639831543,1.539417786080535,-0.002373103052377701,0.0003077322617173195,0.0011390075087547302,-0.0014654826372861862,0.002817718565725617,-0.8116694688796997,0.7185674905776978,0.7649473547935486,-0.7798545360565186,1.5380278048848437,-0.004421391524374485,0.007595509756356478,0.014133268967270851,-0.011757359839975834,0.0154566690325737,-0.010485897772014141,-0.002197548747062683,0.0005666865035891533,0.0013582874089479446,-0.0011926516890525818,0.002826438040977417,-0.849843442440033,0.6785029172897339,0.7162326574325562,-0.8186385631561279,1.5319965779963727,52.986189335000006,True,-0.00017425045371055603,-0.0002579065039753914,-0.00021927990019321442,-0.00027348287403583527,0.00046839573921107725,0.03816280514001846,0.04001683369278908,0.04872586205601692,0.03877701237797737,0.08308798467233633,ROA_1002_model21000_delay30,2649,2026-10-02_14-30-02,-0.004225363954901695,0.005731226876378059
-0.0018633436411619186,0.0008163042366504669,0.0016611535102128983,-0.0007296912372112274,0.0027258541076611077,-0.7235831022262573,0.8058677911758423,0.8494872450828552,-0.6821425557136536,1.5311379594152887,-0.0023277942091226578,0.00016416888684034348,0.0010936986654996872,-0.0013702549040317535,0.002696969947461922,-0.8067697882652283,0.7127066850662231,0.7616351246833801,-0.7786005139350891,1.5303680198673386,-0.0036173881962895393,0.007618696428835392,0.014585623517632484,-0.011317597702145576,0.015938984230160713,-0.010001731105148792,-0.002162531018257141,0.0004272209480404854,0.0013112090528011322,-0.0011017080396413803,0.0027091775578390437,-0.8498052954673767,0.6650797724723816,0.7143690586090088,-0.8149868249893188,1.522704898267753,53.006196068,True,-0.000169314444065094,-0.0002630287781357765,-0.00021648593246936798,-0.0002701766788959503,0.0004659782181326417,0.043016623705625534,0.047617122530937195,0.04725716635584831,0.03635324537754059,0.08723934170527338,ROA_1002_model21000_delay30,2650,2026-10-02_14-30-02,-0.0035010576248168945,0.005416940897703171
-0.0017891637980937958,0.000688689760863781,0.0016055069863796234,-0.0006308313459157944,0.002578938204325512,-0.7168694734573364,0.7991562485694885,0.8485898971557617,-0.682674765586853,1.5242589574322323,-0.0022627878934144974,1.885928213596344e-05,0.0010411255061626434,-0.0012613367289304733,0.002563820482608662,-0.7993180155754089,0.7065078020095825,0.7608346343040466,-0.7797139286994934,1.5237198088474062,-0.0024017170071601868,0.007690157741308212,0.015830442309379578,-0.01115394290536642,0.017162669450044632,-0.009838891215622425,-0.0020989682525396347,0.000281771644949913,0.0012563075870275497,-0.0010007061064243317,0.002569600078565836,-0.8469139933586121,0.6521784067153931,0.7141269445419312,-0.8143242001533508,1.5145434053413214,53.02619944200001,True,-0.00016477424651384354,-0.00026246998459100723,-0.00021923333406448364,-0.00026314519345760345,0.00046087165941757535,0.04760012775659561,0.05432916432619095,0.04675052687525749,0.034603290259838104,0.09223193169656943,ROA_1002_model21000_delay30,2651,2026-10-02_14-30-02,-0.0022855857387185097,0.005296519957482815
-0.0017500249668955803,0.0006193062290549278,0.0015548896044492722,-0.0005411915481090546,0.0024812611184150714,-0.7100296020507812,0.7931571006774902,0.8513610363006592,-0.6852009892463684,1.5205748233415846,-0.0022163614630699158,-4.605390131473541e-05,0.00097714364528656,-0.0011702068150043488,0.002469126450885636,-0.7914513945579529,0.7010465264320374,0.7638819217681885,-0.7834857702255249,1.520570122788769,-0.0011683041229844093,0.007553531788289547,0.016817057505249977,-0.010787212289869785,0.018046872690320015,-0.009542458690702915,-0.0020551029592752457,0.00021648593246936798,0.0012025702744722366,-0.000911438837647438,0.0024743434520619577,-0.838329017162323,0.645496129989624,0.7165139317512512,-0.815055787563324,1.5085591009092458,53.04619395100001,True,-0.00016100239008665085,-0.0002591405063867569,-0.0002239365130662918,-0.00026063062250614166,0.0004581718349277079,0.04686647653579712,0.05556735768914223,0.047359611839056015,0.03156810998916626,0.09146027317492136,ROA_1002_model21000_delay30,2652,2026-10-02_14-30-02,-0.001177893951535225,0.004968469496816397
-0.0016926787793636322,0.0005480367690324783,0.0014872755855321884,-0.0004644971340894699,0.0023649742756068778,-0.6999133229255676,0.7875414490699768,0.8492180705070496,-0.6863344311714172,1.5122174860755642,-0.0021538464352488518,-0.00010759104043245316,0.0008952803909778595,-0.0010934192687273026,0.002359784997301071,-0.779578447341919,0.6962944269180298,0.7635224461555481,-0.7846755385398865,1.512761871672472,9.244494140148163e-05,0.007281105034053326,0.017751390114426613,-0.0102713443338871,0.018720177933573723,-0.009227883070707321,-0.001995428465306759,0.00014528632164001465,0.001125875860452652,-0.0008370727300643921,0.0023586074078152026,-0.8256239295005798,0.6409229040145874,0.7120677828788757,-0.8164876699447632,1.4983367974210364,53.066193708,True,-0.0001593027263879776,-0.00025210902094841003,-0.00022780150175094604,-0.0002562999725341797,0.00045296382766955347,0.04603131487965584,0.055388543754816055,0.051425300538539886,0.031787436455488205,0.09283949745659405,ROA_1002_model21000_delay30,2653,2026-10-02_14-30-02,7.925927639007568e-05,0.004809658043086529
-0.0016220379620790482,0.0004769768565893173,0.001381058245897293,-0.000367872416973114,0.0022136803931301725,-0.688667356967926,0.7827884554862976,0.8470795154571533,-0.6883726119995117,1.5042039779283143,-0.00207582488656044,-0.00016638077795505524,0.0007755355909466743,-0.0009950948879122734,0.002226354747013762,-0.7691704034805298,0.690743088722229,0.7625410556793213,-0.7873256206512451,1.5057743165138202,0.002657671459019184,0.00551405968144536,0.01923719048500061,-0.010457220487296581,0.019924979656934738,-0.009627300314605236,-0.0019090715795755386,8.633360266685486e-05,0.0010141637176275253,-0.0007374444976449013,0.0022059337109037935,-0.8096615672111511,0.6385172605514526,0.7091913819313049,-0.8162052631378174,1.4875633429290842,53.086193145,True,-0.00016649719327688217,-0.0002531101927161217,-0.00024063047021627426,-0.0002577202394604683,0.0004632490236338981,0.04045548662543297,0.052222512662410736,0.05336664244532585,0.028896842151880264,0.08779084410152913,ROA_1002_model21000_delay30,2654,2026-10-02_14-30-02,0.0025056470185518265,0.0030810507014393806
-0.0015721889212727547,0.0004105968400835991,0.0012712320312857628,-0.00024407636374235153,0.002076424864669251,-0.6815893054008484,0.7825209498405457,0.852828323841095,-0.6929298043251038,1.5058523294004749,-0.0020259758457541466,-0.000215042382478714,0.0006660353392362595,-0.0008450588211417198,0.002133646134244366,-0.7636781930923462,0.6887211799621582,0.7668786644935608,-0.7937957644462585,1.5076725860145606,0.0030706957913935184,0.004703754559159279,0.020368505269289017,-0.011861489154398441,0.021128345280885696,-0.010988499037921429,-0.001847115345299244,3.480818122625351e-05,0.0009162584319710732,-0.0005898997187614441,0.002083975015576198,-0.7978591322898865,0.6416355967521667,0.7202308177947998,-0.8132774233818054,1.4875030707136492,53.106195046,True,-0.00017688143998384476,-0.0002505956217646599,-0.0002516433596611023,-0.0002532266080379486,0.00046905888406605274,0.034188151359558105,0.04709092527627945,0.046618279069662094,0.01948513090610504,0.07426550519920216,ROA_1002_model21000_delay30,2655,2026-10-02_14-30-02,0.002634940203279257,0.0023080287501215935
-0.0015500932931900024,0.00036759302020072937,0.0012083211913704872,-0.0001626787707209587,0.002003805629351706,-0.6753487586975098,0.7825749516487122,0.8561121821403503,-0.6955451965332031,1.5058382303570936,-0.002011447213590145,-0.00025157351046800613,0.0005993759259581566,-0.0007431022822856903,0.0020990810184812877,-0.7578245997428894,0.6873091459274292,0.769739031791687,-0.7970984578132629,1.507341901264694,0.0027228286489844322,0.003953197039663792,0.020303793251514435,-0.012889164499938488,0.02119508944451809,-0.01193473394960165,-0.0018197111785411835,3.934837877750397e-06,0.0008616596460342407,-0.000497116707265377,0.0020255851021855993,-0.7888648509979248,0.6442026495933533,0.7278141379356384,-0.8106114864349365,1.486924666111745,53.126197811000004,True,-0.00018908176571130753,-0.0002553919330239296,-0.00026461202651262283,-0.0002479180693626404,0.00048020950331815207,0.031130852177739143,0.04315049946308136,0.041809629648923874,0.013472744263708591,0.0656997526214885,ROA_1002_model21000_delay30,2656,2026-10-02_14-30-02,0.002107501495629549,0.0019332885276526213
-0.001505180262029171,0.00033405376598238945,0.0011465279385447502,-0.0001187669113278389,0.0019221084792923238,-0.666072428226471,0.779314398765564,0.8511161208152771,-0.6913742423057556,1.4949855698865973,-0.001950003206729889,-0.0002539367415010929,0.000519072636961937,-0.0007013557478785515,0.0020191168169643122,-0.7497844696044922,0.6817260980606079,0.7653980851173401,-0.7928772568702698,1.4963474224285949,0.0031493445858359337,0.0030184234492480755,0.020253239199519157,-0.013395053334534168,0.021231070160865784,-0.012362227775156498,-0.0017502694390714169,-5.9837475419044495e-06,0.0007894588634371758,-0.0004469649866223335,0.00192872767479877,-0.7699325084686279,0.6494931578636169,0.7217954397201538,-0.8055576682090759,1.4744498140337645,53.146199041,True,-0.0002014683559536934,-0.0002484186552464962,-0.0002737622708082199,-0.0002544838935136795,0.000490760669736733,0.020139500498771667,0.03226438909769058,0.043625008314847946,0.012685543857514858,0.05549498792238918,ROA_1002_model21000_delay30,2657,2026-10-02_14-30-02,0.0021476191468536854,0.0013608620502054691
-0.0014946097508072853,0.0003520399332046509,0.0011405907571315765,-0.0001146458089351654,0.0019124315715895745,-0.6588259339332581,0.7776757478713989,0.84855055809021,-0.6871733069419861,1.487168646037502,-0.001929944846779108,-0.00019650906324386597,0.0005212146788835526,-0.0006756745278835297,0.001999140138469968,-0.7451825737953186,0.6765546202659607,0.7622029781341553,-0.7890180945396423,1.4880073693301274,0.0015848586335778236,0.00263594975695014,0.018607061356306076,-0.013701903633773327,0.019615277647972107,-0.01262593362480402,-0.0017129001207649708,5.12576662003994e-05,0.0007962808012962341,-0.0004313420504331589,0.0019032232492031777,-0.7527316808700562,0.6576327085494995,0.7224271297454834,-0.7976386547088623,1.4662569979080893,53.166195310000006,True,-0.0002205721102654934,-0.0002441462129354477,-0.0002785585820674896,-0.0002451706677675247,0.0004951478213929763,0.007583992090076208,0.018939143046736717,0.03978237137198448,0.00862637534737587,0.042567808478771646,ROA_1002_model21000_delay30,2658,2026-10-02_14-30-02,7.171183824539185e-05,0.0010820869356393814
-0.001476239413022995,0.00036943238228559494,0.0011188443750143051,-0.00010933727025985718,0.0018872495397074258,-0.6518296003341675,0.7744762897491455,0.8402843475341797,-0.676497757434845,1.4724527707976334,-0.0019000843167304993,-0.00013924436643719673,0.0004956964403390884,-0.0006674323230981827,0.001964008612692087,-0.7415784001350403,0.6697196364402771,0.7553048729896545,-0.7766526937484741,1.473048780081869,0.00041228532791137695,0.0028098560869693756,0.017261352390050888,-0.013449975289404392,0.01826949417591095,-0.012332060374319553,-0.0016633537597954273,9.66130755841732e-05,0.0007725786417722702,-0.0004268251359462738,0.0018541102664497715,-0.7357534170150757,0.6641057133674622,0.7149348855018616,-0.7877666354179382,1.452194431745382,53.18619909900001,True,-0.00023266766220331192,-0.00023739412426948547,-0.0002761371433734894,-0.00024032779037952423,0.0004940839573688927,-0.005844980012625456,0.00559340650215745,0.040381211787462234,0.011124647222459316,0.04209631636740443,ROA_1002_model21000_delay30,2659,2026-10-02_14-30-02,-0.0012711063027381897,0.00138588878326118
-0.0014400226064026356,0.00038995640352368355,0.0010808929800987244,-0.00011511147022247314,0.0018406540783283626,-0.6465553045272827,0.7751520872116089,0.8322167992591858,-0.6671440601348877,1.4612194578902638,-0.00182656804099679,-5.777692422270775e-05,0.00044154003262519836,-0.0006981659680604935,0.001882755069392706,-0.740826427936554,0.6685336828231812,0.7500647902488708,-0.7652183771133423,1.4635291154561298,-0.0006183963268995285,0.0030800611712038517,0.016032075509428978,-0.013135061599314213,0.017023397609591484,-0.011959402821958065,-0.0015816651284694672,0.00016726553440093994,0.0007095746695995331,-0.0004566274583339691,0.001767791085084472,-0.7153365015983582,0.6807505488395691,0.7008574604988098,-0.7863500714302063,1.442626502385854,53.206198376,True,-0.00024603214114904404,-0.0002285931259393692,-0.00027278438210487366,-0.00023962929844856262,0.0004945431042327269,-0.025590647011995316,-0.012184026651084423,0.04922505095601082,0.021150799468159676,0.060604141925993865,ROA_1002_model21000_delay30,2660,2026-10-02_14-30-02,-0.00221151951700449,0.0020225823391228914
-0.0013914192095398903,0.0004075118340551853,0.0010475516319274902,-0.0001355540007352829,0.0017888853288319604,-0.6427915692329407,0.7781996130943298,0.8262227773666382,-0.6629214286804199,1.4555722463849408,-0.0017349258996546268,2.0558945834636688e-05,0.00037583522498607635,-0.0007532071322202682,0.0017860476897276418,-0.7410106062889099,0.6707112193107605,0.7465457916259766,-0.7596872448921204,1.4599963825181925,-0.0015836050733923912,0.0034700073301792145,0.014720775187015533,-0.01246799435466528,0.015607789158821106,-0.01126711443066597,-0.0014880788512527943,0.00023363390937447548,0.0006480608135461807,-0.000507943332195282,0.001678471469447771,-0.6988085508346558,0.6979396343231201,0.687235951423645,-0.7924320697784424,1.4398075022140255,53.226197205000005,True,-0.0002480694092810154,-0.0002108979970216751,-0.0002732034772634506,-0.00024335458874702454,0.0004897412017931339,-0.04219915345311165,-0.027254339307546616,0.059312205761671066,0.03271503373980522,0.08428487825164102,ROA_1002_model21000_delay30,2661,2026-10-02_14-30-02,-0.002906269393861294,0.0028350718785077333
-0.0013546552509069443,0.00041353050619363785,0.001055654138326645,-0.0001857522875070572,0.0017731702004876693,-0.6415344476699829,0.7789596915245056,0.8255378007888794,-0.6624189615249634,1.4547092251971627,-0.0016796519048511982,4.9837399274110794e-05,0.0003616325557231903,-0.0008284579962491989,0.0017364231734887019,-0.7411993145942688,0.6711465120315552,0.7466142773628235,-0.7590842247009277,1.4600270177991257,-0.002513658255338669,0.0027283448725938797,0.013172113336622715,-0.01270133163779974,0.014179084450006485,-0.011392162181437016,-0.0014333520084619522,0.0002560904249548912,0.0006441492587327957,-0.0005727168172597885,0.0016443495490704176,-0.6936350464820862,0.7032098770141602,0.6827590465545654,-0.7969503998756409,1.4402700397594206,53.246198178,True,-0.0002522021532058716,-0.00020998995751142502,-0.00028205104172229767,-0.0002532731741666794,0.0005013141035122538,-0.04754576086997986,-0.03212108090519905,0.06386544555425644,0.03789132460951805,0.0938073378326894,ROA_1002_model21000_delay30,2662,2026-10-02_14-30-02,-0.0037065185606479645,0.0022003687918186188
-0.0013753888197243214,0.00044035259634256363,0.0010854564607143402,-0.00023706816136837006,0.001820180025734868,-0.6433510780334473,0.7792640924453735,0.828109622001648,-0.6635063290596008,1.457634998516708,-0.0016978243365883827,7.777707651257515e-05,0.0003683846443891525,-0.0009059440344572067,0.0017644275543871792,-0.7439042329788208,0.6714104413986206,0.7495488524436951,-0.7606846690177917,1.463837452336072,-0.0015459489077329636,0.0013140838127583265,0.012156684882938862,-0.012527779676020145,0.013707762584090233,-0.010951103642582893,-0.0014475896023213863,0.00028687063604593277,0.0006575603038072586,-0.0006404239684343338,0.0016815130609443634,-0.6947414875030518,0.7039857506752014,0.6815316081047058,-0.8015478849411011,1.4430429176234894,53.266204272,True,-0.00025100307539105415,-0.00020944280549883842,-0.0002898275852203369,-0.0002655200660228729,0.0005111110624231292,-0.04923180490732193,-0.03254285454750061,0.06808154284954071,0.04081101715564728,0.09888927457067552,ROA_1002_model21000_delay30,2663,2026-10-02_14-30-02,-0.002832702361047268,0.000985998660326004
-0.0013486947864294052,0.0004152068868279457,0.0010653398931026459,-0.00022049061954021454,0.0017799738865112457,-0.6454835534095764,0.7794066071510315,0.8319979310035706,-0.6673578023910522,1.4627236573170745,-0.0016725622117519379,4.6868808567523956e-05,0.00032908283174037933,-0.0009100418537855148,0.0017240703298336234,-0.7459155321121216,0.6719741225242615,0.7537896633148193,-0.7649846076965332,1.4695024916558146,0.00021598488092422485,-0.0015083085745573044,0.012296540662646294,-0.014147917740046978,0.01434716023504734,-0.01230622548609972,-0.0014214543625712395,0.00025944318622350693,0.0006283633410930634,-0.0006308313459157944,0.0016369987270121668,-0.6985166072845459,0.7018923759460449,0.6833802461624146,-0.806790292263031,1.4474591354065331,53.286199485000004,True,-0.00024817418307065964,-0.00020826701074838638,-0.0003027264028787613,-0.00028191134333610535,0.0005252709168129888,-0.04737730696797371,-0.029870539903640747,0.07039401680231094,0.04178005829453468,0.09917763922507516,ROA_1002_model21000_delay30,2664,2026-10-02_14-30-02,-0.0011005839332938194,-0.0015210388228297234
-0.0013731885701417923,0.00043706968426704407,0.0010704388841986656,-0.0002287793904542923,0.001807657776210213,-0.6538212299346924,0.7850059270858765,0.8402212858200073,-0.6745040416717529,1.4774155880169393,-0.0016949605196714401,7.129274308681488e-05,0.00030759256333112717,-0.000948621891438961,0.001745563104937903,-0.7543079257011414,0.677705705165863,0.7619982957839966,-0.7729052901268005,1.4846808848262372,0.0027146507054567337,-0.003846227191388607,0.014169519767165184,-0.016177278012037277,0.016605626791715622,-0.014109604991972446,-0.001453189179301262,0.0002750195562839508,0.0006198650225996971,-0.0006503891199827194,0.001666932794993654,-0.7089844346046448,0.7045911550521851,0.6875979900360107,-0.8171847462654114,1.4613256189240924,53.306202698,True,-0.00024354085326194763,-0.00021313317120075226,-0.00031066592782735825,-0.0002996763214468956,0.0005393510420511538,-0.045384276658296585,-0.0268802959471941,0.07439380884170532,0.04426971822977066,0.10137317685872882,ROA_1002_model21000_delay30,2665,2026-10-02_14-30-02,0.0016494602896273136,-0.0036793434992432594
-0.0013618497177958488,0.0004451954737305641,0.001100730150938034,-0.00023851171135902405,0.0018201892026808236,-0.6579190492630005,0.7896742224693298,0.8481177091598511,-0.6820493936538696,1.4896060220328784,-0.0016843900084495544,6.195623427629471e-05,0.0003305729478597641,-0.0009758863598108292,0.0017418883611011772,-0.7571877837181091,0.6831944584846497,0.7692130208015442,-0.7807460427284241,1.4964680184184356,0.0015499778091907501,-0.0035155583173036575,0.015002524480223656,-0.01796979457139969,0.01788588985800743,-0.01574644073843956,-0.0014449702575802803,0.0002834014594554901,0.0006488990038633347,-0.0006650108844041824,0.0016784683036534063,-0.71535724401474,0.7072570323944092,0.6936555504798889,-0.8267890214920044,1.4737718047541426,53.326199831000004,True,-0.00023702159523963928,-0.00021457672119140625,-0.00031730160117149353,-0.0003110617399215698,0.0005473169309241892,-0.041813354939222336,-0.024093080312013626,0.07555168122053146,0.04601291939616203,0.10076219363758986,ROA_1002_model21000_delay30,2666,2026-10-02_14-30-02,0.0005574263632297516,-0.0029493127949535847
-0.0013958429917693138,0.00047977082431316376,0.0011793803423643112,-0.0003010965883731842,0.0019116374701089824,-0.6630476117134094,0.7932896018028259,0.8557522296905518,-0.6890049576759338,1.5013703753038328,-0.0017221085727214813,8.379574865102768e-05,0.0003994908183813095,-0.0010530930012464523,0.0018092083349984017,-0.7602748870849609,0.6881372332572937,0.7764878273010254,-0.7877074480056763,1.5076917606138114,-0.00043456070125102997,-0.00220033572986722,0.014210165478289127,-0.017879903316497803,0.01731770858168602,-0.015526414848864079,-0.0014917459338903427,0.0003059161826968193,0.0007241498678922653,-0.0007356982678174973,0.0017720591701989741,-0.7234797477722168,0.7078672647476196,0.6994511485099792,-0.8354745507240295,1.485372342571118,53.346206884000004,True,-0.00023620668798685074,-0.0002153916284441948,-0.00032372772693634033,-0.0003205612301826477,0.0005564444250397252,-0.03686407580971718,-0.019714467227458954,0.07700780034065247,0.04776706546545029,0.09976770693492272,ROA_1002_model21000_delay30,2667,2026-10-02_14-30-02,-0.0016702739521861076,-0.0013137664645910263
-0.0014239223673939705,0.0005451962351799011,0.0011766795068979263,-0.0003332272171974182,0.00195271403643321,-0.6683629155158997,0.7984192967414856,0.8560763001441956,-0.6913896203041077,1.5078151087368634,-0.0017404090613126755,0.00015131663531064987,0.00037401914596557617,-0.0011217780411243439,0.0018412151897736738,-0.764492392539978,0.6944522857666016,0.778042197227478,-0.7892981767654419,1.514370406873917,-0.0011546919122338295,-0.0012022126466035843,0.013625071384012699,-0.016935423016548157,0.016535203903913498,-0.01452574972063303,-0.0015135854482650757,0.00036747660487890244,0.0007008202373981476,-0.0007863622158765793,0.0018081533974330204,-0.7278229594230652,0.713811457157135,0.6924373507499695,-0.8455626368522644,1.4923499553991346,53.366201329000006,True,-0.0002216547727584839,-0.00021569430828094482,-0.00032689422369003296,-0.0003351829946041107,0.0005610853974228366,-0.0367148295044899,-0.019363360479474068,0.08565699309110641,0.05626445263624191,0.1105086169516809,ROA_1002_model21000_delay30,2668,2026-10-02_14-30-02,-0.0023327097296714783,-7.879640907049179e-05
-0.001440313644707203,0.000552646815776825,0.001181289553642273,-0.00034673139452934265,0.0019721908946257086,-0.6719822883605957,0.7987837195396423,0.8556651473045349,-0.6915633082389832,1.5096481229116474,-0.0017609912902116776,0.000136462040245533,0.0003797002136707306,-0.0011474359780550003,0.0018601874005744075,-0.7658076286315918,0.6968553066253662,0.7785307168960571,-0.7881284356117249,1.5158179424280072,-0.0012449361383914948,-0.0011001192033290863,0.013561230152845383,-0.016699738800525665,0.01611969992518425,-0.014242415316402912,-0.001543504185974598,0.000361795537173748,0.0006983056664466858,-0.0008064322173595428,0.001832533231927161,-0.7362591028213501,0.7085092067718506,0.691071093082428,-0.8469847440719604,1.4936466446230254,53.386205503000006,True,-0.00022477470338344574,-0.00022281892597675323,-0.0003210734575986862,-0.00033779069781303406,0.0005632957013264504,-0.029581131413578987,-0.011686467565596104,0.0875154435634613,0.05882745236158371,0.10994844503473522,ROA_1002_model21000_delay30,2669,2026-10-02_14-30-02,-0.002298870123922825,9.572552517056465e-05
-0.0014684861525893211,0.0005785143002867699,0.0012208241969347,-0.0003791879862546921,0.002029755064073018,-0.6773709058761597,0.8009299039840698,0.8577927350997925,-0.6927717328071594,1.5150581042127949,-0.0018052756786346436,0.0001430744305253029,0.00043688341975212097,-0.001164386048913002,0.0019242523227376593,-0.7692542672157288,0.7005731463432312,0.7807602882385254,-0.7886192202568054,1.5206979153119526,-0.00023616012185811996,-0.0010268501937389374,0.014800557866692543,-0.01677338033914566,0.01717103272676468,-0.014289581216871738,-0.0015855766832828522,0.0003666849806904793,0.0007490161806344986,-0.0008306931704282761,0.001896708220526821,-0.7450754642486572,0.7064011693000793,0.6951456665992737,-0.8462229371070862,1.498265065627418,53.406201452000005,True,-0.00021881423890590668,-0.00022675376385450363,-0.0003121327608823776,-0.00033294782042503357,0.0005545845593618621,-0.024120554327964783,-0.005814944859594107,0.08549540489912033,0.057576220482587814,0.10568311994331474,ROA_1002_model21000_delay30,2670,2026-10-02_14-30-02,-0.0012179603800177574,2.7203001081943512e-05
-0.0015292316675186157,0.0006037531420588493,0.0012767501175403595,-0.00041215680539608,0.002120999700867269,-0.6823588013648987,0.8012542724609375,0.86124587059021,-0.6938003897666931,1.5200028531926701,-0.0018785707652568817,0.00014388933777809143,0.000516790896654129,-0.0011774245649576187,0.002021022136900065,-0.772718071937561,0.7018046379089355,0.7837277054786682,-0.7892175912857056,1.5248532885845831,0.0011637555435299873,-0.0014082598499953747,0.016385303810238838,-0.01725076511502266,0.018647801131010056,-0.014760973863303661,-0.00166336540132761,0.00037334393709897995,0.0008184928447008133,-0.000851089134812355,0.0019979337596115004,-0.756000816822052,0.7000986337661743,0.7030921578407288,-0.8427749276161194,1.5023249291286394,53.426203513000004,True,-0.0002121785655617714,-0.0002282438799738884,-0.000302167609333992,-0.00032586976885795593,0.0005427810601463965,-0.0167179387062788,0.0017082783160731196,0.08064740896224976,0.05355290696024895,0.09768565684343841,ROA_1002_model21000_delay30,2671,2026-10-02_14-30-02,0.00023212097585201263,-0.000704718753695488
-0.0015437137335538864,0.0006209826096892357,0.0012970762327313423,-0.00042743049561977386,0.002151556088664629,-0.6850943565368652,0.8031315803527832,0.8610833287239075,-0.6941500902175903,1.5223504684728693,-0.0018954044207930565,0.00015087425708770752,0.0005458947271108627,-0.0011876923963427544,0.00205072395539752,-0.7746379971504211,0.7044416666030884,0.7838576436042786,-0.7890176177024841,1.5270199032874059,0.002317258156836033,-0.0014255340211093426,0.01772056519985199,-0.01728016510605812,0.019738370552659035,-0.014871847815811634,-0.0016879057511687279,0.0003835884854197502,0.0008394243195652962,-0.0008688773959875107,0.0020345130784133556,-0.7600905299186707,0.7002304196357727,0.7029401063919067,-0.843277633190155,1.504502346856931,53.446202534,True,-0.00021194573491811752,-0.000230385921895504,-0.0002933898940682411,-0.00031937379390001297,0.0005348606218734998,-0.014507443644106388,0.00425754114985466,0.08089211583137512,0.05427933856844902,0.0979015476800709,ROA_1002_model21000_delay30,2672,2026-10-02_14-30-02,0.001569325104355812,-0.0008323369547724724
-0.0015126308426260948,0.000601145438849926,0.0012678327038884163,-0.0004109693691134453,0.002102678816263688,-0.6839937567710876,0.8035174012184143,0.8587638735771179,-0.6936525106430054,1.5205314536588292,-0.0018535181879997253,0.00014065299183130264,0.000517209991812706,-0.0011703930795192719,0.0019978283724661323,-0.7740051746368408,0.7048206925392151,0.7817476987838745,-0.7880334258079529,1.5252831385191796,0.002953489776700735,-0.0018641343340277672,0.01870725490152836,-0.017978806048631668,0.02066713199019432,-0.01555540505796671,-0.0016478588804602623,0.00036391429603099823,0.0008065719157457352,-0.0008490867912769318,0.0019764723974129545,-0.7580520510673523,0.701263964176178,0.7000199556350708,-0.8433724045753479,1.5026519587279568,53.466208243000004,True,-0.00020265579223632812,-0.00022726599127054214,-0.00028996728360652924,-0.0003162538632750511,0.0005261225236106893,-0.0159416813403368,0.003578141098842025,0.08173728734254837,0.05530961602926254,0.09933454090818536,ROA_1002_model21000_delay30,2673,2026-10-02_14-30-02,0.002486666664481163,-0.0014278753660619259
-0.0014892779290676117,0.0005805399268865585,0.0012323027476668358,-0.00038277357816696167,0.002053058500654122,-0.6818733811378479,0.8048365712165833,0.856462836265564,-0.6931910514831543,1.5186855967729034,-0.0018149614334106445,0.00013383105397224426,0.00047015491873025894,-0.0011496711522340775,0.001941104434563186,-0.7726242542266846,0.7060861587524414,0.7797688841819763,-0.7875056266784668,1.5238992196672985,0.00411501619964838,-0.0024643526412546635,0.01958789862692356,-0.01824820041656494,0.02144927904009819,-0.015837039798498154,-0.0016180099919438362,0.00035834964364767075,0.0007619382813572884,-0.0008331146091222763,0.0019260062165296827,-0.7524625062942505,0.7061634063720703,0.6932571530342102,-0.8469363451004028,1.501028393580273,53.486207745,True,-0.00019671861082315445,-0.00021776650100946426,-0.00029176007956266403,-0.0003176974132657051,0.0005217011482954067,-0.020195262506604195,-0.00010314396786270663,0.08652102947235107,0.05942023918032646,0.10629653888473826,ROA_1002_model21000_delay30,2674,2026-10-02_14-30-02,0.0038363728672266006,-0.0019401293247938156
-0.0014372169971466064,0.0005418434739112854,0.001231348142027855,-0.00039695296436548233,0.0020076497375131164,-0.6774048805236816,0.801291286945343,0.8558902740478516,-0.6926634311676025,1.5142038031868656,-0.0017545884475111961,0.00010039657354354858,0.0004773959517478943,-0.0011555850505828857,0.0018833733422970083,-0.7674928903579712,0.7028891444206238,0.7792936563491821,-0.786199688911438,1.5189354642444821,0.004365035332739353,-0.0031143282540142536,0.01989281177520752,-0.01882975921034813,0.021745726466178894,-0.016445837914943695,-0.0015611760318279266,0.00031618401408195496,0.0007637077942490578,-0.0008454080671072006,0.0018717031731586018,-0.7474799156188965,0.7030276656150818,0.6946462392807007,-0.8446049690246582,1.496575710522863,53.506209422000005,True,-0.00019706785678863525,-0.00021776650100946426,-0.00028405338525772095,-0.0003098743036389351,0.0005128001747759838,-0.02002296783030033,-0.00011525116133270785,0.0846029669046402,0.05841301381587982,0.10414725046268149,ROA_1002_model21000_delay30,2675,2026-10-02_14-30-02,0.003922353032976389,-0.002505373675376177
-0.0014506280422210693,0.0005040550604462624,0.001331348903477192,-0.0004356261342763901,0.002078532807336979,-0.67221999168396,0.7929014563560486,0.8611138463020325,-0.6911277174949646,1.5095882241448226,-0.0017847167328000069,4.842877388000488e-05,0.0005931360647082329,-0.0011543277651071548,0.0019442684119849844,-0.7615724802017212,0.6943156123161316,0.7825810313224792,-0.7851518988609314,1.5131628354855455,0.004465116187930107,-0.003339029848575592,0.020657818764448166,-0.01947188749909401,0.02257111296057701,-0.01712064817547798,-0.0015892786905169487,0.0002682674676179886,0.000878400169312954,-0.0008632661774754524,0.0019422399082812361,-0.7472880482673645,0.6898660063743591,0.7083026766777039,-0.8342840671539307,1.491276073669468,53.52620549900001,True,-0.00019944272935390472,-0.00022766180336475372,-0.00028386712074279785,-0.0002939486876130104,0.0005083841000748318,-0.014336778782308102,0.004377914592623711,0.07430440187454224,0.04908023029565811,0.08956983547066859,ROA_1002_model21000_delay30,2676,2026-10-02_14-30-02,0.00359089532867074,-0.0027652601711452007
-0.0014569144695997238,0.0004626810550689697,0.0013528158888220787,-0.0004160916432738304,0.002083225162518148,-0.6698471903800964,0.7900707125663757,0.8642579913139343,-0.6909481883049011,1.5086397021027997,-0.0018023885786533356,-1.8719583749771118e-05,0.0006375368684530258,-0.0010874820873141289,0.0019544888532299514,-0.7581086754798889,0.6914217472076416,0.7836403846740723,-0.7853116393089294,1.5107429091410844,0.006280574481934309,-0.004687123000621796,0.02221153862774372,-0.020447608083486557,0.02413489669561386,-0.018155205994844437,-0.0016116071492433548,0.00020973384380340576,0.0009224284440279007,-0.0008039874956011772,0.00195461774855708,-0.7506715655326843,0.6823520660400391,0.7218769192695618,-0.8233636021614075,1.4903202837678773,53.54621796,True,-0.00019776634871959686,-0.0002280808985233307,-0.0002848217263817787,-0.00028153881430625916,0.000501175445335578,-0.007459427695721388,0.00903196632862091,0.06173364445567131,0.038081079721450806,0.07255247196230229,ROA_1002_model21000_delay30,2677,2026-10-02_14-30-02,0.00469799991697073,-0.004054468125104904
-0.0014884863048791885,0.00046142376959323883,0.0013852491974830627,-0.0004055909812450409,0.0021240630623412015,-0.670437216758728,0.7908990979194641,0.8701071739196777,-0.6932741403579712,1.5135864929963578,-0.001847604289650917,-2.812594175338745e-05,0.00068682711571455,-0.0010434072464704514,0.002008816578526401,-0.7582930326461792,0.6921137571334839,0.7879514694213867,-0.7878546118736267,1.5147377278686907,0.007572074420750141,-0.0053130853921175,0.023553159087896347,-0.021028652787208557,0.02551473118364811,-0.018760785460472107,-0.0016501639038324356,0.00020060688257217407,0.000976957380771637,-0.0007734633982181549,0.002006507455587809,-0.7546413540840149,0.6807246208190918,0.7357480525970459,-0.8174028992652893,1.4954346615205885,53.566207861,True,-0.00020046718418598175,-0.0002285931259393692,-0.00029101502150297165,-0.00027066562324762344,0.0004997893120126827,-0.0036554408725351095,0.011393333785235882,0.05220877751708031,0.029553890228271484,0.06004444074400313,ROA_1002_model21000_delay30,2678,2026-10-02_14-30-02,0.005395682528614998,-0.0046033188700675964
-0.0014647375792264938,0.0004568137228488922,0.001369742676615715,-0.00038226135075092316,0.0020917609867791755,-0.6685782670974731,0.7952954173088074,0.8709344267845154,-0.6956862807273865,1.5164050544189278,-0.0018088147044181824,-4.144385457038879e-06,0.0006620306521654129,-0.0010202638804912567,0.001966702104047575,-0.7576122283935547,0.69563227891922,0.7886816263198853,-0.7905382513999939,1.5178116554446706,0.008632367476820946,-0.005791830830276012,0.024657491594552994,-0.021425604820251465,0.02649182640016079,-0.019211646169424057,-0.001616496592760086,0.00021615996956825256,0.0009591225534677505,-0.0007530674338340759,0.0019708322851881197,-0.7460750341415405,0.6935679912567139,0.7342835664749146,-0.822276771068573,1.499381851340696,53.586209698000005,True,-0.00019255094230175018,-0.00022202730178833008,-0.0003003980964422226,-0.0002707354724407196,0.0004990558973247423,-0.011560971848666668,0.0020926818251609802,0.05436781421303749,0.03173435106873512,0.06359113551701569,ROA_1002_model21000_delay30,2679,2026-10-02_14-30-02,0.006284032482653856,-0.004612542688846588
-0.0013884156942367554,0.00045872293412685394,0.0013154931366443634,-0.0003703869879245758,0.0020009613997768396,-0.666954517364502,0.8038086295127869,0.8678380250930786,-0.6972420811653137,1.5188097071808526,-0.0016825273633003235,5.871988832950592e-05,0.0005842419341206551,-0.0010306015610694885,0.0018396008992251963,-0.7578953504562378,0.7036346793174744,0.787137508392334,-0.7913915514945984,1.5213420122064882,0.007341839373111725,-0.005271751433610916,0.024351052939891815,-0.021719343960285187,0.02595618925988674,-0.019579924643039703,-0.0014999881386756897,0.0002578366547822952,0.0008916715160012245,-0.0007557449862360954,0.0018562477587768464,-0.7309038043022156,0.7165791392326355,0.7256348133087158,-0.8297706842422485,1.503149755147852,53.606209552,True,-0.0001782551407814026,-0.00020302832126617432,-0.0003085704520344734,-0.00027639325708150864,0.0004938322099229103,-0.026986466720700264,-0.012916511856019497,0.06152782216668129,0.038373980671167374,0.07838302762301153,ROA_1002_model21000_delay30,2680,2026-10-02_14-30-02,0.005125780589878559,-0.0036564148031175137
-0.0013043638318777084,0.0004482921212911606,0.0012702308595180511,-0.0003809109330177307,0.0019129742745260738,-0.6636082530021667,0.8090026378631592,0.8620316982269287,-0.6955608129501343,1.515771477725358,-0.0015561003237962723,9.816139936447144e-05,0.0005155103281140327,-0.0010619871318340302,0.001719507307497813,-0.7568327188491821,0.7079042792320251,0.783073902130127,-0.788931667804718,1.5194573509534837,0.005779781378805637,-0.005387810990214348,0.023124419152736664,-0.022042308002710342,0.02438792958855629,-0.019998423755168915,-0.0013854354619979858,0.00029099173843860626,0.0008284579962491989,-0.000783032737672329,0.001752662319684727,-0.7153418660163879,0.7350612282752991,0.7131595015525818,-0.8352000117301941,1.5019343447225673,53.626209021,True,-0.00017154961824417114,-0.00018980354070663452,-0.00031408853828907013,-0.0002789776772260666,0.0004912862230370701,-0.041491348296403885,-0.027139203622937202,0.06992672383785248,0.046212222427129745,0.09738246167401303,ROA_1002_model21000_delay30,2681,2026-10-02_14-30-02,0.003882801625877619,-0.0036436347290873528
-0.0012332573533058167,0.00040261074900627136,0.0012587523087859154,-0.00038458965718746185,0.001847992589129589,-0.6587072014808655,0.8067060112953186,0.8576111197471619,-0.691310703754425,1.5078068752950375,-0.0014637596905231476,5.820766091346741e-05,0.0005087582394480705,-0.00105265062302351,0.0016283778767513617,-0.7507227659225464,0.7067005634307861,0.7780703902244568,-0.7844702005386353,1.5110027301647804,0.004938572645187378,-0.006021332927048206,0.020972486585378647,-0.02136082574725151,0.022160690277814865,-0.019413884729146957,-0.0013010576367378235,0.00025336630642414093,0.0008227070793509483,-0.0007788417860865593,0.0016762555810307799,-0.7078106999397278,0.7359399199485779,0.7140463590621948,-0.8263622522354126,1.4945768914907716,53.646210442000005,True,-0.00016945414245128632,-0.0001911073923110962,-0.0003153923898935318,-0.00027222558856010437,0.0004878270386795695,-0.042926982045173645,-0.02921605296432972,0.06405496597290039,0.04186178371310234,0.09247217545940416,ROA_1002_model21000_delay30,2682,2026-10-02_14-30-02,0.002533211838454008,-0.004076182842254639
-0.0013581477105617523,0.00042906031012535095,0.0013649463653564453,-0.0004070112481713295,0.0020142314908741738,-0.6607179045677185,0.8012060523033142,0.8660021424293518,-0.6906715631484985,1.510209620758899,-0.0016409438103437424,2.3329630494117737e-05,0.0006651971489191055,-0.0010164687409996986,0.0018316841006922294,-0.7503442168235779,0.7024095058441162,0.7834692597389221,-0.7854976654052734,1.512137026535722,0.005381234921514988,-0.0070906709879636765,0.02149900794029236,-0.022460639476776123,0.022839058190584183,-0.020606275647878647,-0.0014631077647209167,0.00023632310330867767,0.0009719748049974442,-0.0007580500096082687,0.0018693867567288105,-0.7239654064178467,0.7156422138214111,0.7361308336257935,-0.8120895028114319,1.4953183729093193,53.666212951000006,True,-0.00017774291336536407,-0.00021061860024929047,-0.00030852388590574265,-0.0002592802047729492,0.00048668113739488213,-0.02640439011156559,-0.01325178798288107,0.047345176339149475,0.02658972330391407,0.06180550877659529,ROA_1002_model21000_delay30,2683,2026-10-02_14-30-02,0.002418490592390299,-0.005696423351764679
-0.001444946974515915,0.00043441541492938995,0.0014661811292171478,-0.00042710453271865845,0.0021467670882546635,-0.6594005823135376,0.7928344011306763,0.8717763423919678,-0.6881498098373413,1.5073598396499353,-0.0017725396901369095,-2.835877239704132e-05,0.0008134404197335243,-0.0009680166840553284,0.0019955160557797186,-0.746404230594635,0.6953501105308533,0.7860304117202759,-0.7845898866653442,1.5077749233885345,0.005444431211799383,-0.007514596916735172,0.021485090255737305,-0.022772785276174545,0.02301575429737568,-0.0210123173892498,-0.0015874393284320831,0.00019604340195655823,0.0011196359992027283,-0.0007303431630134583,0.0020326270353527814,-0.735174834728241,0.6940634846687317,0.7571237683296204,-0.794427216053009,1.4916488871045903,53.686212868000005,True,-0.00018686987459659576,-0.00022738240659236908,-0.00030212104320526123,-0.0002346700057387352,0.00047988538762296193,-0.011282972060143948,0.0012996605364605784,0.028927110135555267,0.00980775710195303,0.03226216193454002,ROA_1002_model21000_delay30,2684,2026-10-02_14-30-02,0.0017549567855894566,-0.006523584946990013
-0.0015156809240579605,0.00047814100980758667,0.001485506072640419,-0.00042011961340904236,0.002215408574765234,-0.6588906645774841,0.7913563847541809,0.8734040260314941,-0.6863083243370056,1.5063425008486828,-0.001849047839641571,9.499490261077881e-06,0.0008407048881053925,-0.0009517883881926537,0.0020788319718525595,-0.7470417618751526,0.6929929256439209,0.7864660024642944,-0.7840241193771362,1.5069188115097738,0.006263733841478825,-0.007029345259070396,0.022570449858903885,-0.022530410438776016,0.02410184219479561,-0.020799122750759125,-0.0016601290553808212,0.00023944303393363953,0.0011451542377471924,-0.0007194001227617264,0.0021100057532889584,-0.7356013655662537,0.690978467464447,0.7607298493385315,-0.7910606861114502,1.490510965607157,53.706215122,True,-0.00018798746168613434,-0.00022910535335540771,-0.00030300579965114594,-0.0002348329871892929,0.00048169963131702403,-0.011450144462287426,0.0020028091967105865,0.025784827768802643,0.006980262231081724,0.028771294877741008,ROA_1002_model21000_delay30,2685,2026-10-02_14-30-02,0.0027129724621772766,-0.006282355636358261
-0.0014509540051221848,0.0005000736564397812,0.0013889279216527939,-0.0004125293344259262,0.002110111933587847,-0.6554922461509705,0.795274019241333,0.8648684620857239,-0.6832424402236938,1.5004584013761828,-0.0017372425645589828,8.791685104370117e-05,0.0007085502147674561,-0.0009927432984113693,0.0019449457807680197,-0.7465830445289612,0.6957221627235413,0.7804436087608337,-0.7802373170852661,1.502859227626987,0.006178062409162521,-0.006272540427744389,0.02233707159757614,-0.021721981465816498,0.023806797340512276,-0.019930139183998108,-0.001558847725391388,0.00030118972063064575,0.001019379124045372,-0.0007431022822856903,0.0019817945721528744,-0.7185907959938049,0.708559513092041,0.7412561178207397,-0.7999199032783508,1.4854788177296872,53.726217599,True,-0.00017583370208740234,-0.00020908191800117493,-0.0003091525286436081,-0.0002497108653187752,0.00048031312846316665,-0.028020700439810753,-0.012801493518054485,0.03923847898840904,0.019645316526293755,0.053608090479529066,ROA_1002_model21000_delay30,2686,2026-10-02_14-30-02,0.003081144765019417,-0.005274433642625809
-0.001381291076540947,0.0005240552127361298,0.0012876931577920914,-0.0004023546352982521,0.0019997743860394176,-0.6536492109298706,0.8008186221122742,0.8568001985549927,-0.6823974847793579,1.4975435575969656,-0.001614447683095932,0.00018076971173286438,0.0005653826519846916,-0.001049228012561798,0.0018136821834672065,-0.7486152052879333,0.6997365951538086,0.7750580310821533,-0.7788959741592407,1.5022362786543872,0.006143304519355297,-0.005854712799191475,0.021878551691770554,-0.021098539233207703,0.023384403437376022,-0.01920640468597412,-0.0014443416148424149,0.0003743451088666916,0.0008820090442895889,-0.0007807742804288864,0.0018515598762966741,-0.702722430229187,0.7277987599372864,0.7198559641838074,-0.8131267428398132,1.483864277093595,53.746212588000006,True,-0.0001700129359960556,-0.00018873251974582672,-0.0003123655915260315,-0.0002694781869649887,0.0004837120257148731,-0.04593142867088318,-0.028110573068261147,0.05519343167543411,0.03429083153605461,0.08439193617886447,ROA_1002_model21000_delay30,2687,2026-10-02_14-30-02,0.003932088613510132,-0.004798877984285355
-0.0013401731848716736,0.0005504116415977478,0.0012408476322889328,-0.00041909515857696533,0.0019520497708729178,-0.6529767513275146,0.804864764213562,0.8522970080375671,-0.6821872591972351,1.4967127331526926,-0.0015512574464082718,0.0002398621290922165,0.0004906905815005302,-0.0011132797226309776,0.0017640493092332132,-0.7494324445724487,0.7035084962844849,0.7724354267120361,-0.7785264849662781,1.502871725256453,0.005197422578930855,-0.005796615034341812,0.020836811512708664,-0.021063830703496933,0.022356098517775536,-0.01914064958691597,-0.0013821292668581009,0.00042049214243888855,0.000800727866590023,-0.0008244067430496216,0.0017908025115256146,-0.6937612295150757,0.7401480674743652,0.7061066031455994,-0.8225261569023132,1.4843225031500489,53.766214297000005,True,-0.00016558915376663208,-0.0001826789230108261,-0.00031227245926856995,-0.0002856133505702019,0.0004893704035969008,-0.05567585676908493,-0.03662239760160446,0.06633833795785904,0.043972160667181015,0.10380411606400103,ROA_1002_model21000_delay30,2688,2026-10-02_14-30-02,0.0033749048598110676,-0.0047601982951164246
-0.001380452886223793,0.0005922280251979828,0.0012770527973771095,-0.000470038503408432,0.0020261718722204385,-0.6564226746559143,0.8058505654335022,0.8558770418167114,-0.6844396591186523,1.5018795042526436,-0.0015970785170793533,0.0002641230821609497,0.0005315523594617844,-0.0011721858754754066,0.0018420817420002624,-0.7523870468139648,0.7050567865371704,0.775226354598999,-0.7816340923309326,1.508098598965801,0.005072285886853933,-0.006304033100605011,0.020413890480995178,-0.021351583302021027,0.022043362259864807,-0.019410159438848495,-0.0014280900359153748,0.0004550907760858536,0.0008376780897378922,-0.0008814269676804543,0.00187229562068599,-0.7000285983085632,0.737823486328125,0.7092114090919495,-0.8251410722732544,1.48893577185714,53.786214406000006,True,-0.000171782448887825,-0.00018924474716186523,-0.00030812807381153107,-0.0002953456714749336,0.0004972550746842022,-0.05233334004878998,-0.03278953954577446,0.06598024070262909,0.043533507734537125,0.10030543919588125,ROA_1002_model21000_delay30,2689,2026-10-02_14-30-02,0.0034144422970712185,-0.00561223179101944
-0.0014566350728273392,0.0006424728780984879,0.0013356329873204231,-0.0005131121724843979,0.0021398787275557335,-0.6594517827033997,0.8037639260292053,0.8616071939468384,-0.6862766742706299,1.5062790822117686,-0.0016988720744848251,0.0002878718078136444,0.0006024492904543877,-0.0012094387784600258,0.0019706275666747193,-0.7533784508705139,0.7041524648666382,0.779656171798706,-0.784306526184082,1.5118342447439639,0.0046919710002839565,-0.006297445856034756,0.020112905651330948,-0.021379593759775162,0.021765461191534996,-0.019451715052127838,-0.0015241093933582306,0.00048475340008735657,0.0009006587788462639,-0.0009105773642659187,0.0019925703918701704,-0.7102884650230408,0.7283594012260437,0.7170878648757935,-0.8245207667350769,1.4924023471465484,53.806213587,True,-0.00017522834241390228,-0.0001911073923110962,-0.0003002118319272995,-0.00029851216822862625,0.0004963461861481153,-0.04307692497968674,-0.02410961128771305,0.06257300078868866,0.04022405296564102,0.089240924817471,ROA_1002_model21000_delay30,2690,2026-10-02_14-30-02,0.002970311790704727,-0.005809103138744831
-0.0015307683497667313,0.0006887130439281464,0.0014027580618858337,-0.0005616107955574989,0.0022579844416488184,-0.6619225740432739,0.8002873063087463,0.8685846924781799,-0.6899402737617493,1.511347070504767,-0.0017998740077018738,0.000296812504529953,0.0006777234375476837,-0.0012580770999193192,0.0020983006385522345,-0.7543004751205444,0.701117753982544,0.7845814824104309,-0.7893677949905396,1.5160180150303726,0.005545047111809254,-0.006963832303881645,0.02072962373495102,-0.021793629974126816,0.022479306906461716,-0.019848179072141647,-0.001622270792722702,0.0004973262548446655,0.0009773299098014832,-0.000957166776061058,0.002120712752317212,-0.721322774887085,0.716116726398468,0.7253777980804443,-0.8270465135574341,1.4968816822285,53.826214753,True,-0.00017290003597736359,-0.00020470470190048218,-0.00029799994081258774,-0.000303913839161396,0.0005026759329517016,-0.03297301009297371,-0.014872289262712002,0.05923257768154144,0.037599120289087296,0.07880267536472714,ROA_1002_model21000_delay30,2691,2026-10-02_14-30-02,0.0038731498643755913,-0.006667419336736202
-0.0015587080270051956,0.0006999820470809937,0.0014426186680793762,-0.0005922513082623482,0.0023130179608547596,-0.6636464595794678,0.7966118454933167,0.8732131123542786,-0.6921188831329346,1.5139976514681102,-0.0018528662621974945,0.0002789776772260666,0.0007234979420900345,-0.0012855743989348412,0.002160811458332862,-0.7549417018890381,0.6976029276847839,0.787120521068573,-0.7925822734832764,1.5176557094476242,0.006484963931143284,-0.00756616797298193,0.021752525120973587,-0.022461198270320892,0.023536186665296555,-0.020523056387901306,-0.001671072095632553,0.0004876870661973953,0.0010262709110975266,-0.000975397415459156,0.002183430031559301,-0.7315790057182312,0.7034525871276855,0.7332533001899719,-0.8256893754005432,1.4986691998169315,53.846214702000005,True,-0.00017881393432617188,-0.00021103769540786743,-0.00030172523111104965,-0.00031155068427324295,0.0005141724027303692,-0.023339873179793358,-0.005789100658148527,0.05388352647423744,0.033045653253793716,0.06728376836725636,ROA_1002_model21000_delay30,2692,2026-10-02_14-30-02,0.004932692274451256,-0.007397495210170746
-0.0016718637198209763,0.000780029222369194,0.0015469733625650406,-0.0006638001650571823,0.0024971634597847335,-0.6720963716506958,0.8002007007598877,0.8840737342834473,-0.699595034122467,1.5293760763221118,-0.002004764974117279,0.00031245872378349304,0.0008421484380960464,-0.0013671815395355225,0.002366123592431124,-0.7629272937774658,0.7003960013389587,0.7962896227836609,-0.8009541630744934,1.5319936573952533,0.007925503887236118,-0.008328337222337723,0.023704882711172104,-0.02364834025502205,0.025448361411690712,-0.021760225296020508,-0.001816079020500183,0.0005355104804039001,0.0011431984603404999,-0.0010417308658361435,0.0023852009174645246,-0.7502105832099915,0.6964271664619446,0.744488537311554,-0.8320766091346741,1.5131281987577134,53.866216059,True,-0.000181468203663826,-0.00021993182599544525,-0.0003041233867406845,-0.00032261013984680176,0.0005268949930717913,-0.012676696293056011,0.003966037184000015,0.05181599035859108,0.031091736629605293,0.061087343544344204,ROA_1002_model21000_delay30,2693,2026-10-02_14-30-02,0.006382999010384083,-0.008400261402130127
-0.001753494143486023,0.0008196104317903519,0.0016437843441963196,-0.0007345341145992279,0.0026434007850006406,-0.6816405653953552,0.8036479949951172,0.8932719230651855,-0.7052160501480103,1.543416597844375,-0.002132682129740715,0.00029527582228183746,0.0009537208825349808,-0.0014226417988538742,0.0025262484160736287,-0.7700752019882202,0.7042903304100037,0.803719699382782,-0.806947648525238,1.5443074698301364,0.009728426113724709,-0.00953580904752016,0.025627341121435165,-0.024932626634836197,0.027386406436562538,-0.023111242800951004,-0.0019434839487075806,0.0005398411303758621,0.001256261020898819,-0.0011012889444828033,0.0025558376952780834,-0.7725646495819092,0.6881076693534851,0.7574502229690552,-0.8345139026641846,1.5277292790842223,53.88621604,True,-0.0001932494342327118,-0.00023934990167617798,-0.0003012362867593765,-0.0003237742930650711,0.0005384175068295894,0.0024489127099514008,0.016157981008291245,0.04630628600716591,0.02761790342628956,0.05496145945352979,ROA_1002_model21000_delay30,2694,2026-10-02_14-30-02,0.007909273728728294,-0.009794752113521099
-0.0018292572349309921,0.0008383765816688538,0.001728581264615059,-0.0007885042577981949,0.0027674507033212657,-0.6867730617523193,0.8016605377197266,0.8964473009109497,-0.7049715518951416,1.5465870126260095,-0.002255011349916458,0.0002511311322450638,0.0010569114238023758,-0.001453189179301262,0.002664489057208092,-0.773393988609314,0.7027201056480408,0.8053667545318604,-0.8070021271705627,1.5460936760481625,0.01213909313082695,-0.010389285162091255,0.028074178844690323,-0.025866631418466568,0.029861385002732277,-0.024069029837846756,-0.0020504463464021683,0.0005120877176523209,0.0013551674783229828,-0.0011340714991092682,0.0026871121213968246,-0.7914057374000549,0.6721442937850952,0.7654432654380798,-0.8291303515434265,1.5306510324406577,53.906217479000006,True,-0.0002025160938501358,-0.00026472844183444977,-0.00030030496418476105,-0.00032228417694568634,0.0005517960562747506,0.017926562577486038,0.03055715747177601,0.03993324562907219,0.022112390026450157,0.055868347078089006,ROA_1002_model21000_delay30,2695,2026-10-02_14-30-02,0.010109782218933105,-0.010824511758983135
-0.0018256716430187225,0.0008162576705217361,0.0017739832401275635,-0.0008341856300830841,0.0028002713971267278,-0.6907456517219543,0.8038067817687988,0.8963401913642883,-0.7068467736244202,1.550437784294653,-0.002268422394990921,0.00021131709218025208,0.001095794141292572,-0.0015208031982183456,0.002698448454773359,-0.7771691083908081,0.7045888304710388,0.8058179616928101,-0.8085080981254578,1.5498185089041752,0.014902258291840553,-0.011433043517172337,0.03079698421061039,-0.02695605531334877,0.03258565068244934,-0.025160051882267,-0.0020646024495363235,0.00048074871301651,0.0013957731425762177,-0.0011911150068044662,0.002725858467793439,-0.799534797668457,0.6707440614700317,0.761627197265625,-0.8345776796340942,1.5347188346297904,53.926217862,True,-0.00019883736968040466,-0.0002757646143436432,-0.0003018416464328766,-0.0003300607204437256,0.0005609326326596287,0.02233870141208172,0.03385590389370918,0.04417216032743454,0.02607889287173748,0.06381104187646017,ROA_1002_model21000_delay30,2696,2026-10-02_14-30-02,0.012876066379249096,-0.011704173870384693
-0.0017792917788028717,0.0008067116141319275,0.0017710961401462555,-0.0008774921298027039,0.002778697773013202,-0.6957943439483643,0.8108000755310059,0.8935732245445251,-0.7098195552825928,1.55623997461748,-0.002200249582529068,0.00021522864699363708,0.0010618939995765686,-0.0016033649444580078,0.002653214056120609,-0.7822736501693726,0.7113841772079468,0.8051134347915649,-0.8098962306976318,1.555837761446516,0.01638149470090866,-0.011552843265235424,0.032595597207546234,-0.027436625212430954,0.034278981387615204,-0.02569800242781639,-0.0020019710063934326,0.0004859641194343567,0.0013634562492370605,-0.0012646429240703583,0.002686700437061587,-0.8002831339836121,0.6831302046775818,0.75027996301651,-0.8458783626556396,1.5408328281374315,53.946237350000004,True,-0.0001989305019378662,-0.0002711080014705658,-0.000303611159324646,-0.0003402121365070343,0.0005659756953970128,0.01794472336769104,0.0283243115991354,0.05493685230612755,0.03598164767026901,0.07266398085569073,ROA_1002_model21000_delay30,2697,2026-10-02_14-30-02,0.014516161754727364,-0.0113481804728508
-0.0017637386918067932,0.000840798020362854,0.0017756596207618713,-0.0009175390005111694,0.0027947360126232166,-0.7037184834480286,0.8191652297973633,0.8918055891990662,-0.712721586227417,1.564647993779582,-0.002171378582715988,0.0002779066562652588,0.0010456889867782593,-0.0016731210052967072,0.0026673444626149393,-0.7899342775344849,0.7198131084442139,0.8051776885986328,-0.81141197681427,1.5643809908335595,0.01781141385436058,-0.012132727541029453,0.033633314073085785,-0.02783328667283058,0.03533332049846649,-0.026060376316308975,-0.0019788742065429688,0.000538211315870285,0.001353677362203598,-0.0013250857591629028,0.0027023883464709544,-0.8026952743530273,0.6977878212928772,0.7426896691322327,-0.8539212346076965,1.5493064827807066,53.966221957,True,-0.00019241124391555786,-0.00025620684027671814,-0.0003032386302947998,-0.0003452412784099579,0.0005598253633630226,0.012727453373372555,0.022015532478690147,0.0625215470790863,0.04252791032195091,0.07907391723119182,ROA_1002_model21000_delay30,2698,2026-10-02_14-30-02,0.01619722694158554,-0.01168432179838419
-0.0017237849533557892,0.0008281320333480835,0.001766253262758255,-0.0009084120392799377,0.002756936451137948,-0.7090409994125366,0.8247447609901428,0.8922107219696045,-0.7143523097038269,1.5709774925869016,-0.0021189451217651367,0.00026868656277656555,0.0010171905159950256,-0.0016711652278900146,0.0026124628722563104,-0.7950783967971802,0.7255263328552246,0.8062421679496765,-0.812503457069397,1.5707372687478363,0.018359322100877762,-0.012406579218804836,0.034533578902482986,-0.028500918298959732,0.03617779538035393,-0.026765022426843643,-0.0019293278455734253,0.0005253590643405914,0.0013267621397972107,-0.0013239681720733643,0.0026495454054355867,-0.8053798079490662,0.706039309501648,0.738603949546814,-0.8591282963752747,1.555234701324354,53.986220484,True,-0.00018579885363578796,-0.0002530403435230255,-0.0003045424818992615,-0.0003491528332233429,0.0005592220904936824,0.010221264325082302,0.01945067197084427,0.0677015632390976,0.04669744148850441,0.08454795729397616,ROA_1002_model21000_delay30,2699,2026-10-02_14-30-02,0.01682654395699501,-0.011946490965783596
-0.0016512349247932434,0.0007713213562965393,0.001709815114736557,-0.0008592382073402405,0.0026423170729027506,-0.7110480070114136,0.826343834400177,0.8892369866371155,-0.7119150757789612,1.5699666716660519,-0.002029258757829666,0.0002230517566204071,0.0009463168680667877,-0.0016308389604091644,0.0024831269724540942,-0.7970067262649536,0.7274513840675354,0.8042500615119934,-0.8092550039291382,1.5699235250512886,0.018016718327999115,-0.012044246308505535,0.034577444195747375,-0.02850586175918579,0.03612940013408661,-0.026831716299057007,-0.0018470920622348785,0.0004782341420650482,0.0012520700693130493,-0.0012869946658611298,0.0025234525045658884,-0.8053686022758484,0.7097087502479553,0.732772946357727,-0.8587967157363892,1.5538979787027987,54.006230659,True,-0.00017974525690078735,-0.00025443732738494873,-0.0003080815076828003,-0.00034533441066741943,0.0005570988332125274,0.008351169526576996,0.0177137553691864,0.07147714495658875,0.049565915018320084,0.08863886128759421,ROA_1002_model21000_delay30,2700,2026-10-02_14-30-02,0.01670265570282936,-0.011658756993710995
-0.0016230158507823944,0.0007373280823230743,0.0016896985471248627,-0.0008143484592437744,0.002587512069297309,-0.7140994668006897,0.8280029892921448,0.8893617987632751,-0.7111197113990784,1.571953377728157,-0.001994706690311432,0.00018533319234848022,0.0009210780262947083,-0.0015868805348873138,0.002417778667713202,-0.800096869468689,0.7292762994766235,0.8048796653747559,-0.807935357093811,1.5719922608274801,0.018543854355812073,-0.011830856092274189,0.03519820049405098,-0.028425972908735275,0.036739349365234375,-0.02676260471343994,-0.001818779855966568,0.00044247135519981384,0.0012287870049476624,-0.0012446194887161255,0.002464920181014021,-0.8086049556732178,0.7103862762451172,0.7323389649391174,-0.8575934767723083,1.5549498802496318,54.02622301,True,-0.0001757405698299408,-0.0002571381628513336,-0.000306498259305954,-0.000342540442943573,0.000554212827627562,0.008495524525642395,0.018926337361335754,0.07251929491758347,0.049633901566267014,0.08966886488048054,ROA_1002_model21000_delay30,2701,2026-10-02_14-30-02,0.017497114837169647,-0.011698269285261631
-0.0016135163605213165,0.0007241498678922653,0.0016848556697368622,-0.0007906928658485413,0.002567350985844681,-0.7144524455070496,0.8275978565216064,0.8884220719337463,-0.7089599370956421,1.5703700281315998,-0.0019801780581474304,0.00016959384083747864,0.0009112991392612457,-0.0015567988157272339,0.0023873805625921505,-0.8003315329551697,0.7291296124458313,0.804439127445221,-0.8049979209899902,1.5703353947610803,0.018473422154784203,-0.01099386066198349,0.035850927233695984,-0.028170574456453323,0.03724849969148636,-0.026612304151058197,-0.0018129590898752213,0.00042496249079704285,0.0012194737792015076,-0.001222081482410431,0.0024423411586954407,-0.8099851608276367,0.7081087231636047,0.7313787341117859,-0.8549289107322693,1.5526327935140758,54.046246306,True,-0.00016675330698490143,-0.00025443732738494873,-0.00030584633350372314,-0.0003351829946041107,0.0005448072745365929,0.009678304195404053,0.021012963727116585,0.07305759936571121,0.04995148256421089,0.09073828113869963,ROA_1002_model21000_delay30,2702,2026-10-02_14-30-02,0.017665833234786987,-0.01110838819295168
-0.0016775913536548615,0.0007637776434421539,0.0017622485756874084,-0.0008139759302139282,0.0026768811221649542,-0.7158792018890381,0.8257701396942139,0.894021213054657,-0.7097375988960266,1.5735259684090936,-0.0020646490156650543,0.00018249265849590302,0.0010198913514614105,-0.0015401281416416168,0.0025062878082899595,-0.8014411926269531,0.7273573279380798,0.8088079690933228,-0.8063241243362427,1.57300011442589,0.018404293805360794,-0.009641863405704498,0.037615422159433365,-0.028204672038555145,0.0387335866689682,-0.02694152295589447,-0.0018992926925420761,0.00043869949877262115,0.0013245269656181335,-0.0012200325727462769,0.002566102878148134,-0.817487895488739,0.698664665222168,0.7418999075889587,-0.8502779006958008,1.554631912218868,54.066227296,True,-0.00016433186829090118,-0.00025494955480098724,-0.0003000721335411072,-0.0003242865204811096,0.0005341542620631279,0.016020145267248154,0.028719192370772362,0.06690807640552521,0.0439472459256649,0.08535831519873643,ROA_1002_model21000_delay30,2703,2026-10-02_14-30-02,0.01751578599214554,-0.010425273329019547
-0.001681176945567131,0.0007752794772386551,0.001763366162776947,-0.0008099712431430817,0.0026819626731134708,-0.7141837477684021,0.8234725594520569,0.8920943140983582,-0.7063192129135132,1.5688721934253342,-0.002069259062409401,0.00019408762454986572,0.0010319054126739502,-0.0015179626643657684,0.0025140017380782804,-0.7993685603141785,0.7254485487937927,0.8065411448478699,-0.8025434613227844,1.5679781209229913,0.016308236867189407,-0.006585854105651379,0.037274353206157684,-0.02631380409002304,0.0379389263689518,-0.025503288954496384,-0.0019045080989599228,0.00044871121644973755,0.0013319775462150574,-0.001208484172821045,0.0025738791566294766,-0.816261351108551,0.6957915425300598,0.7425183057785034,-0.8447039723396301,1.550106753313425,54.086226591000006,True,-0.00016517005860805511,-0.0002556946128606796,-0.00029727816581726074,-0.0003089196979999542,0.0005236308679340229,0.016903970390558243,0.029668210074305534,0.06404053419828415,0.042144205421209335,0.08268612379713786,ROA_1002_model21000_delay30,2704,2026-10-02_14-30-02,0.015504227951169014,-0.007836299948394299
-0.0016851350665092468,0.0007926486432552338,0.0017754733562469482,-0.000837910920381546,0.0027059877012478597,-0.7141534686088562,0.8238097429275513,0.8916109204292297,-0.7071992754936218,1.5692018528739606,-0.0020627863705158234,0.00023292377591133118,0.0010324176400899887,-0.0015567988157272339,0.002534794452023322,-0.7993331551551819,0.726125180721283,0.8066174983978271,-0.8029453158378601,1.5685229724586633,0.015520409680902958,-0.004827022552490234,0.036251507699489594,-0.02388954535126686,0.03647857531905174,-0.023457083851099014,-0.0018990598618984222,0.0004791188985109329,0.0013316981494426727,-0.0012472271919250488,0.0025921600302692754,-0.8133872747421265,0.6985859870910645,0.7398295998573303,-0.8480567336082458,1.5503945907466157,54.106229471000006,True,-0.00016177073121070862,-0.0002468470484018326,-0.0003005843609571457,-0.00031301751732826233,0.0005228801988250015,0.014090909622609615,0.02752058021724224,0.06676092743873596,0.04512210935354233,0.08514601836211927,ROA_1002_model21000_delay30,2705,2026-10-02_14-30-02,0.014884631149470806,-0.006120868027210236
-0.0016983598470687866,0.0008187256753444672,0.0018075108528137207,-0.0008880160748958588,0.0027586773248159725,-0.7149553298950195,0.8241273164749146,0.8928649425506592,-0.7093818783760071,1.5714980830221954,-0.0020722392946481705,0.00026277266442775726,0.001053791493177414,-0.0016227364540100098,0.0025849410583953167,-0.7999166250228882,0.7265880107879639,0.8084843754768372,-0.8051776885986328,1.571131823590233,0.016236383467912674,-0.004791962914168835,0.03575214371085167,-0.022274058312177658,0.035510383546352386,-0.022196948528289795,-0.001906510442495346,0.0005027279257774353,0.0013550743460655212,-0.0013029202818870544,0.00263703911907583,-0.8122925162315369,0.700400173664093,0.7375497221946716,-0.8541666269302368,1.5527163191917763,54.126229406,True,-0.0001653563231229782,-0.00023869797587394714,-0.0003002583980560303,-0.0003178603947162628,0.0005236198062243457,0.01238658931106329,0.026225576177239418,0.07095932960510254,0.048933546990156174,0.08986630837462133,ROA_1002_model21000_delay30,2706,2026-10-02_14-30-02,0.0157039612531662,-0.006084042601287365
-0.0016645994037389755,0.0008023809641599655,0.001773238182067871,-0.0008901581168174744,0.0027112707103654097,-0.7161614298820496,0.825404167175293,0.8928970694541931,-0.7122065424919128,1.5741337252547993,-0.0020306557416915894,0.0002605374902486801,0.0010008923709392548,-0.0016557052731513977,0.0025379736238761216,-0.8011143207550049,0.7277447581291199,0.8091349005699158,-0.8081458210945129,1.574106385080654,0.01814020425081253,-0.00657599326223135,0.03571610152721405,-0.02195248007774353,0.03507564961910248,-0.022103197872638702,-0.0018678605556488037,0.0004967674612998962,0.0013073906302452087,-0.0013270415365695953,0.0025898043995872416,-0.8111944794654846,0.703719437122345,0.7329471111297607,-0.861939013004303,1.5554756014481088,54.146227549,True,-0.00016512349247932434,-0.0002368353307247162,-0.00030258670449256897,-0.0003295019268989563,0.0005314440989453576,0.010080168955028057,0.024018341675400734,0.07618777453899384,0.05380715802311897,0.09590648776976661,ROA_1002_model21000_delay30,2707,2026-10-02_14-30-02,0.017747383564710617,-0.007811477407813072
-0.001685507595539093,0.0008095987141132355,0.001780688762664795,-0.0008772127330303192,0.002727005212802884,-0.7208073139190674,0.8283718228340149,0.8974289298057556,-0.7158955335617065,1.5820846474496235,-0.0020650681108236313,0.0002573709934949875,0.0010128132998943329,-0.0016464851796627045,0.002562515853738397,-0.8058342933654785,0.7302867770195007,0.8135605454444885,-0.8123395442962646,1.5820880741344616,0.02019692398607731,-0.007996276952326298,0.03764675185084343,-0.02333744615316391,0.03697381913661957,-0.023529168218374252,-0.0018973834812641144,0.0004946719855070114,0.0013177283108234406,-0.001314561814069748,0.0026097639662495064,-0.8180308938026428,0.7042074203491211,0.7383767366409302,-0.8646379709243774,1.5631763065346858,54.1662279,True,-0.00016991980373859406,-0.00023888424038887024,-0.00030510127544403076,-0.00033099204301834106,0.0005363003220583366,0.012195668183267117,0.025995539501309395,0.07517915219068527,0.052286308258771896,0.09496330914603608,ROA_1002_model21000_delay30,2708,2026-10-02_14-30-02,0.019764330238103867,-0.009458962827920914
-0.0017162878066301346,0.000824732705950737,0.0018013641238212585,-0.0008825212717056274,0.0027657683028480037,-0.7250145673751831,0.8311923146247864,0.9020110368728638,-0.7192752957344055,1.5896189614309868,-0.002099340781569481,0.00026617199182510376,0.0010463409125804901,-0.00164080411195755,0.002605475895197241,-0.8099250793457031,0.7329424619674683,0.8173714876174927,-0.8166208267211914,1.589532033624378,0.021290376782417297,-0.008354570716619492,0.039549387991428375,-0.02467091754078865,0.03901131451129913,-0.02484702318906784,-0.0019334722310304642,0.0005109235644340515,0.0013491138815879822,-0.0013093464076519012,0.0026556747960680537,-0.824253499507904,0.7054428458213806,0.7452815175056458,-0.865660548210144,1.570849369107572,54.186228475,True,-0.00016740523278713226,-0.00024186447262763977,-0.00030370429158210754,-0.00033332034945487976,0.0005373846332301614,0.014306510798633099,0.027526168152689934,0.07209740579128265,0.0490192286670208,0.09146832796007562,ROA_1002_model21000_delay30,2709,2026-10-02_14-30-02,0.020767763257026672,-0.010033149272203445
-0.0017033889889717102,0.0008363276720046997,0.0017997808754444122,-0.0008910894393920898,0.002763007165942048,-0.7250937223434448,0.8326321244239807,0.9018266201019287,-0.7194056510925293,1.5903118873202062,-0.002081645652651787,0.00028708018362522125,0.0010410323739051819,-0.0016547739505767822,0.0026033782022406925,-0.8096517324447632,0.7343822717666626,0.816840648651123,-0.8171219229698181,1.5900515296117923,0.019123313948512077,-0.006128053180873394,0.03921591490507126,-0.024050302803516388,0.0384669154882431,-0.024499181658029556,-0.001910235732793808,0.000526895746588707,0.001345854252576828,-0.0013204291462898254,0.0026481408522683056,-0.822358250617981,0.7103150486946106,0.7446407675743103,-0.8672456741333008,1.5728003190766642,54.206229178,True,-0.0001716427505016327,-0.00023525208234786987,-0.0003055669367313385,-0.0003363005816936493,0.0005390582851815506,0.012623145245015621,0.024038365110754967,0.07222965359687805,0.05015171691775322,0.09123200734538436,ROA_1002_model21000_delay30,2710,2026-10-02_14-30-02,0.018727296963334084,-0.0077491095289587975
-0.0016916077584028244,0.0008469913154840469,0.0017737038433551788,-0.0008908100426197052,0.0027419876278510576,-0.7246550917625427,0.8334903717041016,0.8982056379318237,-0.7174219489097595,1.587619760487953,-0.0020585954189300537,0.00031087547540664673,0.0010123476386070251,-0.0016689300537109375,0.002586180176748112,-0.8093230128288269,0.734876811504364,0.8132531642913818,-0.815815269947052,1.5875853607632016,0.017087535932660103,-0.0037373220548033714,0.03770732879638672,-0.022151149809360504,0.036813631653785706,-0.022758934646844864,-0.0018913298845291138,0.0005473382771015167,0.0013181008398532867,-0.0013236887753009796,0.0026280053702048244,-0.8188206553459167,0.7151728272438049,0.738592803478241,-0.8682124018669128,1.5709000217597324,54.226229881,True,-0.00016563571989536285,-0.00023762695491313934,-0.00030566006898880005,-0.00034207478165626526,0.0005417338862605568,0.009473878890275955,0.019717494025826454,0.07467344403266907,0.052410174161195755,0.09323049405362356,ROA_1002_model21000_delay30,2711,2026-10-02_14-30-02,0.0169698353856802,-0.00526981707662344
-0.0016955425962805748,0.0008657807484269142,0.0017780810594558716,-0.0009247101843357086,0.0027642351920445464,-0.7269442677497864,0.8340975642204285,0.8974140286445618,-0.717475950717926,1.588672388955653,-0.0020704464986920357,0.00033087562769651413,0.0010157003998756409,-0.0017111189663410187,0.002618384352222893,-0.8120063543319702,0.7351587414741516,0.8118934631347656,-0.8166934847831726,1.5887828927911374,0.01686488464474678,-0.003000797238200903,0.03691208362579346,-0.02110102027654648,0.03612854331731796,-0.02167610079050064,-0.001898687332868576,0.0005687819793820381,0.0013194046914577484,-0.0013653188943862915,0.0026556388172695807,-0.8214821219444275,0.7155898213386536,0.7369266748428345,-0.8693122863769531,1.5721164095155038,54.246230648,True,-0.00017527490854263306,-0.00023650936782360077,-0.00030491501092910767,-0.000346451997756958,0.0005470159938004888,0.009370734915137291,0.01944298855960369,0.07509719580411911,0.05275383219122887,0.09371334388986777,ROA_1002_model21000_delay30,2712,2026-10-02_14-30-02,0.016882915049791336,-0.0046719759702682495
-0.0017233192920684814,0.0008739763870835304,0.001776125282049179,-0.0009187497198581696,0.002780694486595455,-0.7257298231124878,0.8292628526687622,0.8923410773277283,-0.7111243605613708,1.5799519870033045,-0.002117641270160675,0.0003166496753692627,0.0010363757610321045,-0.0016920268535614014,0.0026477230450069277,-0.810257613658905,0.7301054000854492,0.8053788542747498,-0.8117817044258118,1.5796349924570827,0.01751469075679779,-0.0029397066682577133,0.03658407926559448,-0.020453449338674545,0.03600045666098595,-0.020920176059007645,-0.0019425060600042343,0.0005632871761918068,0.0013364478945732117,-0.0013422220945358276,0.0026834069001832393,-0.8252672553062439,0.706128716468811,0.7353200912475586,-0.8593201041221619,1.5633456232163911,54.266236376,True,-0.00017401762306690216,-0.0002444954589009285,-0.00029848888516426086,-0.0003468245267868042,0.0005467263841039877,0.014995689503848553,0.02403184585273266,0.07006339728832245,0.04753376916050911,0.08860391714690745,ROA_1002_model21000_delay30,2713,2026-10-02_14-30-02,0.017574599012732506,-0.004821399226784706
-0.0017056241631507874,0.0008723698556423187,0.0017074868083000183,-0.0008861534297466278,0.0027149396080684,-0.7256681323051453,0.8293343186378479,0.885022759437561,-0.7063056826591492,1.5737613324541788,-0.0020969193428754807,0.00031222589313983917,0.0009680166840553284,-0.0016646459698677063,0.0025847772086047046,-0.8109251260757446,0.7291321754455566,0.7978025674819946,-0.807895302772522,1.5736070113701692,0.01865973323583603,-0.003963172435760498,0.03663800656795502,-0.020360011607408524,0.035804592072963715,-0.020997852087020874,-0.0019214581698179245,0.0005601905286312103,0.0012614764273166656,-0.0013154000043869019,0.0026158968920817474,-0.8248854279518127,0.7074705362319946,0.7260348200798035,-0.8561517596244812,1.557492991374026,54.286237239,True,-0.00017783604562282562,-0.00025029294192790985,-0.00029532238841056824,-0.0003499910235404968,0.0005509374708364736,0.01389626320451498,0.02165650762617588,0.07175840437412262,0.048214565962553024,0.08965938574875498,ROA_1002_model21000_delay30,2714,2026-10-02_14-30-02,0.019016193225979805,-0.005873090587556362
-0.001715170219540596,0.0008595641702413559,0.001658126711845398,-0.0008320435881614685,0.0026687711965741076,-0.7270169258117676,0.8293581008911133,0.8798856139183044,-0.7017198801040649,1.5695304440570954,-0.0021089334040880203,0.0002804212272167206,0.0009238719940185547,-0.0016101635992527008,0.002538920968849755,-0.8128918409347534,0.7277055978775024,0.7920516133308411,-0.803938090801239,1.568946710852106,0.020323820412158966,-0.0054940711706876755,0.037758469581604004,-0.021475888788700104,0.03687308356165886,-0.022141121327877045,-0.0019308645278215408,0.0005413778126239777,0.0012151896953582764,-0.0012592412531375885,0.002570538646126602,-0.8289967179298401,0.7059136033058167,0.7219239473342896,-0.8503673076629639,1.5537189056753935,54.30623663,True,-0.0001751817762851715,-0.0002584420144557953,-0.00029243528842926025,-0.00035604462027549744,0.0005560603888576563,0.01606205478310585,0.021807847544550896,0.07012113928794861,0.04642549529671669,0.08790006313866024,ROA_1002_model21000_delay30,2715,2026-10-02_14-30-02,0.02108403481543064,-0.00747951865196228
-0.0017195474356412888,0.000878702849149704,0.0016293488442897797,-0.0008149072527885437,0.0026547470834547616,-0.7282075881958008,0.8303308486938477,0.8767284154891968,-0.699027419090271,1.5676488084584508,-0.002116244286298752,0.00029741786420345306,0.0009093433618545532,-0.0015854835510253906,0.002535144803172643,-0.8147973418235779,0.7276269197463989,0.78823322057724,-0.8017215728759766,1.5667855860496376,0.020838746801018715,-0.005514239892363548,0.03871479257941246,-0.022275447845458984,0.03805519640445709,-0.02278730645775795,-0.0019368715584278107,0.0005589798092842102,0.0011927448213100433,-0.001239776611328125,0.0025622923618298875,-0.8304710388183594,0.7075424790382385,0.7196608781814575,-0.8468329310417175,1.5523224447754764,54.32625864600001,True,-0.00017648562788963318,-0.00026440247893333435,-0.0002855435013771057,-0.00034729018807411194,0.0005500311656402701,0.015778467059135437,0.02013006992638111,0.0685565173625946,0.04512164369225502,0.08561096956071043,ROA_1002_model21000_delay30,2716,2026-10-02_14-30-02,0.021828358992934227,-0.007648192346096039
-0.0017111655324697495,0.0008992850780487061,0.0015957280993461609,-0.0008178874850273132,0.0026366471559042784,-0.7266387939453125,0.8296998739242554,0.8703283667564392,-0.6947712898254395,1.5611587545499106,-0.0020857900381088257,0.0003394670784473419,0.0008801929652690887,-0.0016023404896259308,0.002519769665743002,-0.8143056035041809,0.725980818271637,0.7813116312026978,-0.7978807687759399,1.5602587581542051,0.021249182522296906,-0.0056869881227612495,0.038848862051963806,-0.022427428513765335,0.03829757869243622,-0.022881489247083664,-0.0019130297005176544,0.0006014946848154068,0.0011556781828403473,-0.001246389001607895,0.0025435167499913715,-0.8249785304069519,0.7116742730140686,0.7118563652038574,-0.8440753221511841,1.5463562937686692,54.34623902800001,True,-0.00017317943274974823,-0.0002650544047355652,-0.00028098002076148987,-0.0003521330654621124,0.0005500825083782435,0.010644550435245037,0.014281830750405788,0.06947293877601624,0.04617869481444359,0.0850977430075451,ROA_1002_model21000_delay30,2717,2026-10-02_14-30-02,0.022827066481113434,-0.007849348708987236
-0.0017450656741857529,0.0009341631084680557,0.0016017816960811615,-0.0008215196430683136,0.002675437250844289,-0.7262648940086365,0.8275401592254639,0.8678482174873352,-0.6904079914093018,1.5565068597547531,-0.002116663381457329,0.0003703869879245758,0.0009119510650634766,-0.0015903264284133911,0.00256624685377622,-0.8145188689231873,0.7230713367462158,0.7772594094276428,-0.7945820093154907,1.5552381211160267,0.021528109908103943,-0.0055682603269815445,0.03868573158979416,-0.022042013704776764,0.03824493661522865,-0.02243143692612648,-0.0019461382180452347,0.0006356742233037949,0.0011849217116832733,-0.001239776611328125,0.0025928677938763436,-0.8254022598266602,0.7089101076126099,0.7118638157844543,-0.8368715047836304,1.5415483022085203,54.366240275,True,-0.0001748558133840561,-0.0002665910869836807,-0.0002734363079071045,-0.0003518536686897278,0.0005475238739160923,0.01087877806276083,0.014138872735202312,0.06537511944770813,0.04227738454937935,0.07965896829767516,ROA_1002_model21000_delay30,2718,2026-10-02_14-30-02,0.023434728384017944,-0.008099398575723171
-0.0017778947949409485,0.0009628944098949432,0.001612398773431778,-0.0008286908268928528,0.0027154709002522354,-0.7267161011695862,0.826368510723114,0.8660070300102234,-0.6865783929824829,1.553350848033106,-0.0021579675376415253,0.00038244761526584625,0.0009462237358093262,-0.001579243689775467,0.002614366750411371,-0.8161672949790955,0.7202098965644836,0.7743211388587952,-0.7907990217208862,1.5513117107969423,0.02082863077521324,-0.0053620487451553345,0.03786729648709297,-0.02182183414697647,0.037471700459718704,-0.02219870686531067,-0.0019832514226436615,0.0006581190973520279,0.0012094154953956604,-0.0012354925274848938,0.0026386439937386725,-0.8285841345787048,0.7064099907875061,0.7138149738311768,-0.8295382857322693,1.539182120130226,54.386236178000004,True,-0.00017248094081878662,-0.0002793502062559128,-0.00026067718863487244,-0.0003416091203689575,0.0005401606134948667,0.012412666343152523,0.013814306817948818,0.06051081791520119,0.03875605762004852,0.07406447174154335,ROA_1002_model21000_delay30,2719,2026-10-02_14-30-02,0.02296275459229946,-0.008258539251983166
-0.0018383841961622238,0.0009854789823293686,0.0016499310731887817,-0.0008230097591876984,0.0027836659391207363,-0.7279049158096313,0.8234586119651794,0.8671423196792603,-0.6832871437072754,1.5515288069927777,-0.0022374559193849564,0.0003741588443517685,0.0010086223483085632,-0.0015550293028354645,0.0026935993289052833,-0.8179330825805664,0.7159211039543152,0.7741832733154297,-0.7874928116798401,1.5484490012193146,0.01950821839272976,-0.004523544572293758,0.03645922243595123,-0.020968414843082428,0.03612272068858147,-0.021337106823921204,-0.0020594336092472076,0.0006606802344322205,0.0012634322047233582,-0.0012177042663097382,0.002716139264716616,-0.8366373181343079,0.697918176651001,0.7214974164962769,-0.8203824758529663,1.5383481071413396,54.406238706,True,-0.00017881393432617188,-0.0002916436642408371,-0.00025229528546333313,-0.00033099204301834106,0.0005380738293972478,0.0187004916369915,0.017968937754631042,0.05270354077219963,0.03289803862571716,0.06714247571604991,ROA_1002_model21000_delay30,2720,2026-10-02_14-30-02,0.02149267867207527,-0.0077967569231987
-0.0019114930182695389,0.001043151132762432,0.0016767531633377075,-0.0008385628461837769,0.0028729895754660076,-0.7316171526908875,0.8244009017944336,0.8693811893463135,-0.6837043762207031,1.555247863909658,-0.0023204833269119263,0.00040889717638492584,0.0010591931641101837,-0.001546461135149002,0.002790440549396074,-0.8222883939743042,0.7158908843994141,0.7751127481460571,-0.7884092330932617,1.5515872398860104,0.018742188811302185,-0.003214783500880003,0.035708069801330566,-0.019682705402374268,0.03537313640117645,-0.020075540989637375,-0.0021475600078701973,0.000711856409907341,0.0013032928109169006,-0.0012228265404701233,0.002819540935301517,-0.84404456615448,0.6964574456214905,0.7272027134895325,-0.8182329535484314,1.5432279768503694,54.426241969,True,-0.00018051359802484512,-0.0003001652657985687,-0.00024223700165748596,-0.0003275461494922638,0.0005366645525383694,0.021692829206585884,0.019393395632505417,0.04789884760975838,0.029761342331767082,0.0632983931406757,ROA_1002_model21000_delay30,2721,2026-10-02_14-30-02,0.02085087262094021,-0.006676970049738884
-0.0019412720575928688,0.0010705087333917618,0.00168532133102417,-0.0008621253073215485,0.0029148050942096482,-0.7333175539970398,0.8253263831138611,0.8687944412231445,-0.6847977042198181,1.5567983912765173,-0.002355314791202545,0.0004360917955636978,0.001070648431777954,-0.00158604234457016,0.002841935157969774,-0.8247398734092712,0.716031014919281,0.7743276357650757,-0.7892082929611206,1.5528914094214143,0.01749415136873722,-0.0021243588998913765,0.03447219729423523,-0.01864781230688095,0.03414967283606529,-0.019038982689380646,-0.0021774088963866234,0.0007332535460591316,0.001308787614107132,-0.00125933438539505,0.002861763845435724,-0.8464184999465942,0.6981444954872131,0.7250783443450928,-0.8221110105514526,1.5460886419035758,54.446240336,True,-0.00017669517546892166,-0.00029387883841991425,-0.0002386048436164856,-0.00032801181077957153,0.0005306454690324034,0.021650686860084534,0.017852988094091415,0.04925950989127159,0.03293715417385101,0.06551635337719583,ROA_1002_model21000_delay30,2722,2026-10-02_14-30-02,0.020014286041259766,-0.005471045151352882
-0.00195398461073637,0.0010897405445575714,0.0016558915376663208,-0.0008605420589447021,0.0029131283530026693,-0.7342807650566101,0.8263794779777527,0.8656903505325317,-0.6855306625366211,1.5565637408783581,-0.0023600179702043533,0.00047015491873025894,0.0010503455996513367,-0.001600012183189392,0.00285108439115431,-0.8263471126556396,0.7168580293655396,0.7710838317871094,-0.7897745370864868,1.5527111858776426,0.01659955270588398,-0.0014370712451636791,0.03325352072715759,-0.017655186355113983,0.0328831821680069,-0.018077924847602844,-0.002188165672123432,0.0007551396265625954,0.0012760050594806671,-0.0012647360563278198,0.0028615852958931904,-0.8456944227218628,0.7025235891342163,0.7196720242500305,-0.8267582654953003,1.547431137049109,54.466244527,True,-0.00017478596419095993,-0.00029224902391433716,-0.00022351741790771484,-0.0003305263817310333,0.0005243662487926902,0.019348924979567528,0.014326767064630985,0.05143694207072258,0.03698095679283142,0.06777084750757155,ROA_1002_model21000_delay30,2723,2026-10-02_14-30-02,0.019633067771792412,-0.004487811587750912
-0.001947535201907158,0.0010962830856442451,0.0016107689589262009,-0.0008320435881614685,0.002877333609596213,-0.7329161167144775,0.825236976146698,0.8593871593475342,-0.6835805177688599,1.5511273169217972,-0.0023559434339404106,0.0004800036549568176,0.001017935574054718,-0.0015702098608016968,0.0028271707995061253,-0.8257587552070618,0.7149853706359863,0.7654833197593689,-0.7866508960723877,1.5470926735011237,0.015172738581895828,-0.0021213479340076447,0.031078718602657318,-0.017796754837036133,0.030851436778903008,-0.018110323697328568,-0.002181064337491989,0.0007727649062871933,0.001231534406542778,-0.001241406425833702,0.002833357708717555,-0.8436031341552734,0.7035212516784668,0.7144035696983337,-0.8254432678222656,1.5435614924667211,54.486249934,True,-0.0001714332029223442,-0.0002881046384572983,-0.0002169981598854065,-0.0003294553607702255,0.0005175775714873589,0.017860205844044685,0.011477618478238583,0.051097940653562546,0.038794707506895065,0.06755939062157104,ROA_1002_model21000_delay30,2724,2026-10-02_14-30-02,0.018421949818730354,-0.004753725603222847
-0.0019925879314541817,0.001113605685532093,0.0016306526958942413,-0.0008255243301391602,0.0029236318165959587,-0.7338024973869324,0.824247419834137,0.860011637210846,-0.683962345123291,1.551606092431867,-0.0024151289835572243,0.0004907837137579918,0.0010483432561159134,-0.0015547964721918106,0.002886073581950227,-0.8264411687850952,0.7143974900245667,0.7660160660743713,-0.7872152924537659,1.5477074965074213,0.015170445665717125,-0.002773309126496315,0.029780376702547073,-0.017515651881694794,0.029921574518084526,-0.017525505274534225,-0.002238643355667591,0.0007785391062498093,0.001260777935385704,-0.0012289732694625854,0.0028882823393263104,-0.8467309474945068,0.7008718848228455,0.7166368365287781,-0.8243894577026367,1.544439769266752,54.506242989,True,-0.0001760665327310562,-0.00028763897716999054,-0.00020936131477355957,-0.0003241002559661865,0.0005124166047511316,0.020298639312386513,0.013530951924622059,0.0493624210357666,0.03720354288816452,0.06643905947933113,ROA_1002_model21000_delay30,2725,2026-10-02_14-30-02,0.01853339560329914,-0.005456523038446903
-0.0020090024918317795,0.0011018011718988419,0.001661013811826706,-0.0008231028914451599,0.0029466819796604773,-0.7348712086677551,0.8226809501647949,0.8624773025512695,-0.6849448680877686,1.5531356872450974,-0.002447003498673439,0.0004626810550689697,0.0010875053703784943,-0.0015371479094028473,0.002915161631404491,-0.827027440071106,0.7131062150001526,0.7678791284561157,-0.788823664188385,1.5491285903944023,0.01668183133006096,-0.004990343935787678,0.030001584440469742,-0.018721088767051697,0.030410703271627426,-0.01847812905907631,-0.002275407314300537,0.0007505528628826141,0.001298077404499054,-0.0012149102985858917,0.002919923944311381,-0.8515323996543884,0.6953794360160828,0.7218419909477234,-0.822625994682312,1.5459418563865175,54.526243468000004,True,-0.00017527490854263306,-0.0002840068191289902,-0.00021047890186309814,-0.0003225170075893402,0.0005095675806919392,0.024545004591345787,0.01772027462720871,0.046057622879743576,0.03380328416824341,0.06465592101185394,ROA_1002_model21000_delay30,2726,2026-10-02_14-30-02,0.01987878419458866,-0.007875749841332436
-0.0019964296370744705,0.001071067526936531,0.0016624107956886292,-0.0007897615432739258,0.0029181106681809388,-0.736173689365387,0.8235843181610107,0.8647590279579163,-0.6876503825187683,1.5567298937315508,-0.0024384818971157074,0.00043963082134723663,0.0010815449059009552,-0.0015003606677055359,0.002888997971285127,-0.8277390003204346,0.7148966789245605,0.7704719305038452,-0.7913987636566162,1.5529521742397214,0.017082788050174713,-0.006261028349399567,0.03054962493479252,-0.020090777426958084,0.03092018887400627,-0.019848715513944626,-0.002261251211166382,0.0007169321179389954,0.0012895092368125916,-0.001179426908493042,0.0028837509405300658,-0.8534872531890869,0.6952970027923584,0.7239477634429932,-0.8253827095031738,1.5493187116448166,54.546250188,True,-0.00017480924725532532,-0.0002752523869276047,-0.00021010637283325195,-0.0003193505108356476,0.000502429728050343,0.02579437382519245,0.01956569030880928,0.04652049019932747,0.034013763070106506,0.0660984960019597,ROA_1002_model21000_delay30,2727,2026-10-02_14-30-02,0.020237810909748077,-0.009127557277679443
-0.0019731465727090836,0.0010458752512931824,0.0016695819795131683,-0.0007762573659420013,0.002893396926586438,-0.7375892996788025,0.8255214691162109,0.8682617545127869,-0.6900047659873962,1.5613426097104148,-0.0024200882762670517,0.0004166271537542343,0.0010846182703971863,-0.0014779157936573029,0.0028636164809933496,-0.8284263014793396,0.7175626158714294,0.7739253044128418,-0.7939757108688354,1.557633242081,0.01727309823036194,-0.0069922106340527534,0.031180448830127716,-0.021008703857660294,0.0313994437456131,-0.02088318020105362,-0.0022438354790210724,0.0006906688213348389,0.0012998469173908234,-0.0011634081602096558,0.002863053575850899,-0.8543054461479187,0.698005735874176,0.7273889780044556,-0.8275182247161865,1.5538633625882803,54.566246091000004,True,-0.0001730397343635559,-0.0002730637788772583,-0.00021578744053840637,-0.00031869858503341675,0.0005025764904155852,0.025866085663437843,0.019550323486328125,0.04653818532824516,0.033513642847537994,0.06587724211702813,ROA_1002_model21000_delay30,2728,2026-10-02_14-30-02,0.020397014915943146,-0.00972955022007227
-0.0019419938325881958,0.0010066665709018707,0.0016738660633563995,-0.0007539056241512299,0.0028546327883562967,-0.7381964921951294,0.8258865475654602,0.8715931177139282,-0.6919335126876831,1.5644850877005583,-0.0023973174393177032,0.0003866851329803467,0.0010876916348934174,-0.0014475546777248383,0.002831030248167926,-0.8281208276748657,0.719192385673523,0.777244508266449,-0.7960553765296936,1.5609968693884106,0.017895160242915154,-0.008119828067719936,0.03131180256605148,-0.02153034508228302,0.03148423507809639,-0.021436750888824463,-0.002216733992099762,0.0006511341780424118,0.0013085082173347473,-0.0011399388313293457,0.0028282176748898294,-0.8544642329216003,0.6985663771629333,0.7313517332077026,-0.8284468054771423,1.556692572161268,54.586246282000005,True,-0.00017238780856132507,-0.00026407651603221893,-0.0002230517566204071,-0.0003102235496044159,0.0004953027146831747,0.02638343535363674,0.020653938874602318,0.04585086926817894,0.03239978104829788,0.06536612295961781,ROA_1002_model21000_delay30,2729,2026-10-02_14-30-02,0.02085356041789055,-0.01067864429205656
-0.0019051600247621536,0.0009593088179826736,0.0016666948795318604,-0.0007395632565021515,0.002805379150788901,-0.738666832447052,0.8282074332237244,0.8736205697059631,-0.6955265402793884,1.568643445835283,-0.0023559201508760452,0.0003572087734937668,0.001060590147972107,-0.0014483928680419922,0.002776084153859902,-0.8275615572929382,0.7226299047470093,0.7805889248847961,-0.7992209196090698,1.5656502974432016,0.017947079613804817,-0.007730351760983467,0.031431011855602264,-0.02114991843700409,0.0315864160656929,-0.021063365042209625,-0.0021775253117084503,0.0006155110895633698,0.0012909062206745148,-0.001134723424911499,0.0027766957869647607,-0.8523021340370178,0.704043984413147,0.7302425503730774,-0.8351914286613464,1.5610427565565288,54.606249353,True,-0.00017406418919563293,-0.0002621673047542572,-0.00023059546947479248,-0.00031115487217903137,0.0004988612003582688,0.02476665936410427,0.018619932234287262,0.050307247787714005,0.03590621054172516,0.06913532785431821,ROA_1002_model21000_delay30,2730,2026-10-02_14-30-02,0.02089749649167061,-0.009941556490957737
-0.0018698163330554962,0.0009177718311548233,0.0016543082892894745,-0.0007242895662784576,0.0027561402993476554,-0.7392144203186035,0.8293720483779907,0.8748601675033569,-0.6976881623268127,1.571180239567787,-0.0023266300559043884,0.0003232620656490326,0.0010428950190544128,-0.001427624374628067,0.002729011442614007,-0.8274251222610474,0.7244794964790344,0.7828902006149292,-0.8011729717254639,1.5686217537918579,0.018037419766187668,-0.0076496899127960205,0.03159111738204956,-0.021086085587739944,0.031718090176582336,-0.02100682258605957,-0.0021480023860931396,0.0005760230123996735,0.0012769363820552826,-0.0011201947927474976,0.002730719389509842,-0.8514504432678223,0.7065771818161011,0.7308069467544556,-0.8378596305847168,1.5634661039721431,54.626252904000005,True,-0.00018212012946605682,-0.0002522021532058716,-0.00023497268557548523,-0.0003078952431678772,0.0004967334851415303,0.02404581569135189,0.017926562577486038,0.05210656300187111,0.03666244447231293,0.07041473899826532,ROA_1002_model21000_delay30,2731,2026-10-02_14-30-02,0.02085157483816147,-0.00966375507414341
-0.0018388498574495316,0.0008705537766218185,0.0016481615602970123,-0.0007063150405883789,0.0027114634710487047,-0.7387562394142151,0.8300220966339111,0.8754366636276245,-0.6996756196022034,1.5725275345634682,-0.002290261909365654,0.0002853572368621826,0.001019984483718872,-0.0014157965779304504,0.0026746735593985867,-0.8262297511100769,0.7259021401405334,0.7843570113182068,-0.8030198216438293,1.5703676786335403,0.017907023429870605,-0.007352930493652821,0.03149285912513733,-0.020774859935045242,0.03160526230931282,-0.02069709450006485,-0.002112099900841713,0.0005321111530065536,0.0012618489563465118,-0.001109205186367035,0.0026790929067055332,-0.8498238921165466,0.7084179520606995,0.729989230632782,-0.8412590026855469,1.5648265758370967,54.646252423,True,-0.0001794658601284027,-0.000248197466135025,-0.00024186447262763977,-0.0003105960786342621,0.0004987026842759886,0.023602506145834923,0.017486046999692917,0.0543985478579998,0.03824103623628616,0.07269093077817526,ROA_1002_model21000_delay30,2732,2026-10-02_14-30-02,0.020454732701182365,-0.009271078743040562
-0.001807045191526413,0.0008207745850086212,0.0016394071280956268,-0.0006843358278274536,0.002663340168126981,-0.7386267781257629,0.8296546936035156,0.8773393630981445,-0.7018241882324219,1.5743153834606136,-0.002263439819216728,0.00023399479687213898,0.0010122545063495636,-0.001392606645822525,0.0026291601524542647,-0.8249515295028687,0.7265442609786987,0.7865903377532959,-0.8053220510482788,1.5723204643335706,0.018751338124275208,-0.007939252071082592,0.032109688967466354,-0.020995423197746277,0.032138675451278687,-0.0209842249751091,-0.002081785351037979,0.00048154033720493317,0.0012580305337905884,-0.0010852701961994171,0.0026328184949137683,-0.8505828976631165,0.7069091796875,0.732336163520813,-0.8429158329963684,1.5664776855328233,54.666258343,True,-0.00018104910850524902,-0.0002451706677675247,-0.0002469867467880249,-0.0003096647560596466,0.0004997013466252842,0.02561928518116474,0.019628552719950676,0.054297033697366714,0.03760121762752533,0.07349628546227999,ROA_1002_model21000_delay30,2733,2026-10-02_14-30-02,0.021010655909776688,-0.009845654480159283
-0.001782923936843872,0.0007820315659046173,0.0016342848539352417,-0.0006644055247306824,0.002627060466229143,-0.7379454970359802,0.8288435339927673,0.8782557845115662,-0.7032341957092285,1.5747393503342983,-0.0022460706532001495,0.00019134022295475006,0.0010037794709205627,-0.001368299126625061,0.0025936939502434466,-0.8228718638420105,0.7271137833595276,0.7882695198059082,-0.8064154386520386,1.5729536512339752,0.01858186349272728,-0.0076799653470516205,0.031982410699129105,-0.020669352263212204,0.03197012096643448,-0.020691096782684326,-0.0020656734704971313,0.0004377681761980057,0.0012526288628578186,-0.0010659918189048767,0.0025999089390945237,-0.8502760529518127,0.7053301334381104,0.7334416508674622,-0.8443146347999573,1.5668039884226184,54.686254214,True,-0.00018398277461528778,-0.0002480577677488327,-0.0002477318048477173,-0.0003091059625148773,0.0005022117416443944,0.02739112637937069,0.02174731157720089,0.054832544177770615,0.037913210690021515,0.07525325461180249,ROA_1002_model21000_delay30,2734,2026-10-02_14-30-02,0.020562075078487396,-0.009595123119652271
-0.001765834167599678,0.0007472001016139984,0.0016393139958381653,-0.0006590038537979126,0.002607213778158056,-0.7370784282684326,0.827259361743927,0.8792420625686646,-0.7044728398323059,1.5746505532546802,-0.0022269785404205322,0.00015175901353359222,0.0010039657354354858,-0.0013726763427257538,0.0025681770426329376,-0.8209202885627747,0.7264735102653503,0.7900250554084778,-0.8074557185173035,1.573087002362689,0.01988181844353676,-0.008960803039371967,0.03209447115659714,-0.020605169236660004,0.0319465771317482,-0.020725496113300323,-0.002052122727036476,0.00039637088775634766,0.0012570060789585114,-0.001056864857673645,0.0025778636047088955,-0.8499025702476501,0.7024732828140259,0.7339827418327332,-0.8457525968551636,1.5662049614736404,54.706253733000004,True,-0.0001780688762664795,-0.00024740584194660187,-0.0002516433596611023,-0.0003139488399028778,0.0005046265036305874,0.02896878682076931,0.023982951417565346,0.056080516427755356,0.0383276492357254,0.07758386786557235,ROA_1002_model21000_delay30,2735,2026-10-02_14-30-02,0.021689366549253464,-0.010839455761015415
-0.001741107553243637,0.0007020775228738785,0.001634005457162857,-0.0006332062184810638,0.002568071083360118,-0.7368894219398499,0.8268728256225586,0.8806101679801941,-0.7069501876831055,1.5762923620633715,-0.0022008083760738373,0.00010463409125804901,0.0009970739483833313,-0.0013549812138080597,0.002527511689756793,-0.8195740580558777,0.7270429730415344,0.7926616668701172,-0.8092708587646484,1.5749528425792014,0.020365791395306587,-0.00934159941971302,0.03218311071395874,-0.020343635231256485,0.031797610223293304,-0.02065368741750717,-0.0020248815417289734,0.0003502238541841507,0.001249462366104126,-0.0010413117706775665,0.002536604235123637,-0.8504785895347595,0.7007349729537964,0.7345107793807983,-0.8491677641868591,1.567614136125559,54.726259012,True,-0.00017862766981124878,-0.00024889595806598663,-0.0002514570951461792,-0.0003127381205558777,0.0005046933708495404,0.03086821921169758,0.026331746950745583,0.05814805254340172,0.039874572306871414,0.08126334366211496,ROA_1002_model21000_delay30,2736,2026-10-02_14-30-02,0.022001825273036957,-0.011293996125459671
-0.0017369631677865982,0.0006879214197397232,0.0016147270798683167,-0.0006079673767089844,0.0025429865545531973,-0.7371305823326111,0.8267322182655334,0.8802618384361267,-0.7063112854957581,1.5758531714302622,-0.0022086314857006073,7.664784789085388e-05,0.000982731580734253,-0.001317635178565979,0.0025125352280716117,-0.8192411065101624,0.7270779013633728,0.7925405502319336,-0.8083376884460449,1.5742761566228434,0.020715557038784027,-0.009921705350279808,0.0328371524810791,-0.021291330456733704,0.03251802921295166,-0.021556101739406586,-0.0020310282707214355,0.0003268476575613022,0.0012351199984550476,-0.0010037794709205627,0.0025186484108539655,-0.8520325422286987,0.6985873579978943,0.7365578413009644,-0.8462629914283752,1.5669383745754129,54.746275684000004,True,-0.00017676502466201782,-0.0002507120370864868,-0.00024978071451187134,-0.00031795352697372437,0.0005073727847551793,0.032774172723293304,0.028520355001091957,0.05600694194436073,0.037901103496551514,0.08025736864343586,ROA_1002_model21000_delay30,2737,2026-10-02_14-30-02,0.02221256121993065,-0.01188442949205637
-0.0017318874597549438,0.0006844289600849152,0.0016078352928161621,-0.0006074085831642151,0.0025340857528092014,-0.7373103499412537,0.8274572491645813,0.8806809186935425,-0.7069743871688843,1.5768363040719717,-0.0021976418793201447,7.813796401023865e-05,0.0009749084711074829,-0.0013235025107860565,0.0025010656844484816,-0.8184955716133118,0.7287989854812622,0.793265163898468,-0.8088573217391968,1.575361972125148,0.020813744515180588,-0.009599746204912663,0.03284749761223793,-0.02095453068614006,0.032575540244579315,-0.021191179752349854,-0.0020201317965984344,0.00032526440918445587,0.0012267380952835083,-0.0010062940418720245,0.0025058169969393493,-0.8512083292007446,0.7003410458564758,0.7361806631088257,-0.8476729989051819,1.5678926908794613,54.76625395400001,True,-0.0001760665327310562,-0.00025066547095775604,-0.00025192275643348694,-0.00031674280762672424,0.0005073579297514795,0.032695941627025604,0.02840626798570156,0.057093795388936996,0.038819387555122375,0.08138684725083004,ROA_1002_model21000_delay30,2738,2026-10-02_14-30-02,0.022247232496738434,-0.011471813544631004
-0.0017252285033464432,0.000664079561829567,0.0015953555703163147,-0.0005850568413734436,0.0025108699772254076,-0.7367715835571289,0.826258659362793,0.8810245990753174,-0.7066996693611145,1.576028940529298,-0.0021896790713071823,5.043111741542816e-05,0.000966247171163559,-0.001295190304517746,0.0024786780322099107,-0.8173472881317139,0.7280944585800171,0.7935072779655457,-0.8086859583854675,1.5744874153960302,0.020496554672718048,-0.009108793921768665,0.03255265951156616,-0.02054009586572647,0.03232130408287048,-0.020754411816596985,-0.002012774348258972,0.0003007706254720688,0.0012168660759925842,-0.0009805895388126373,0.0024828952575763276,-0.851804792881012,0.6972662806510925,0.7372404932975769,-0.8464315533638,1.5666117940245585,54.786254177,True,-0.00017755664885044098,-0.0002493150532245636,-0.0002503395080566406,-0.0003178603947162628,0.0005071988497035019,0.03453576937317848,0.0308635625988245,0.056262124329805374,0.037727877497673035,0.08189064090214297,ROA_1002_model21000_delay30,2739,2026-10-02_14-30-02,0.021805591881275177,-0.011131714098155499
-0.0017162412405014038,0.0006653834134340286,0.0015635043382644653,-0.0005841255187988281,0.002484700327906956,-0.7383292317390442,0.8278693556785583,0.8772685527801514,-0.7066707611083984,1.5756379554762445,-0.00216667540371418,5.927868187427521e-05,0.0009470619261264801,-0.0012860633432865143,0.0024511415631539558,-0.8170660138130188,0.732442319393158,0.7904087901115417,-0.8076764345169067,1.5743281101112125,0.020015500485897064,-0.008571180514991283,0.0313996747136116,-0.01943378522992134,0.03118242882192135,-0.019636210054159164,-0.0019986648112535477,0.00030766241252422333,0.0011935830116271973,-0.0009708106517791748,0.0024591070990140243,-0.8526588678359985,0.7000504732131958,0.73453688621521,-0.8459370136260986,1.566774519791938,54.80625984,True,-0.00016978010535240173,-0.0002485699951648712,-0.00024829059839248657,-0.0003175809979438782,0.0005028694963929108,0.035590026527643204,0.032407697290182114,0.055905427783727646,0.03824569284915924,0.0829188018909545,ROA_1002_model21000_delay30,2740,2026-10-02_14-30-02,0.02005055546760559,-0.010419723577797413
-0.0017381273210048676,0.0006884336471557617,0.0015676021575927734,-0.0005892477929592133,0.002509808098322984,-0.7368912696838379,0.8250386118888855,0.8740071058273315,-0.703193187713623,1.570148318877861,-0.0021908432245254517,7.427297532558441e-05,0.0009561888873577118,-0.0012919306755065918,0.002480070348605172,-0.8158199191093445,0.7292329668998718,0.7872767448425293,-0.803753674030304,1.5685855433775007,0.018286194652318954,-0.0067619988694787025,0.029937662184238434,-0.0178772434592247,0.029687955975532532,-0.018115725368261337,-0.0020203646272420883,0.00032265670597553253,0.0012052245438098907,-0.0009747222065925598,0.002486921634420371,-0.8523938655853271,0.6956057548522949,0.7312316298484802,-0.8426289558410645,1.561133984892157,54.826257823000006,True,-0.00016782432794570923,-0.0002518296241760254,-0.0002485699951648712,-0.00031348317861557007,0.0005012433659559425,0.03662426024675369,0.03364169970154762,0.05604885146021843,0.038905069231987,0.0842512700816915,ROA_1002_model21000_delay30,2741,2026-10-02_14-30-02,0.018289485946297646,-0.008737700991332531
-0.001746462658047676,0.00070999376475811,0.0015581026673316956,-0.0006044283509254456,0.0025192928776678943,-0.7346728444099426,0.8223140239715576,0.8698477745056152,-0.7022749185562134,1.5651028308644483,-0.002186466008424759,9.802170097827911e-05,0.0009395182132720947,-0.0013279728591442108,0.0024802205696740406,-0.8147316575050354,0.7260534763336182,0.7834610939025879,-0.8023343682289124,1.5638250994752743,0.01830010488629341,-0.006424572318792343,0.029269466176629066,-0.01689106971025467,0.029035275802016258,-0.017106827348470688,-0.00202227383852005,0.0003478489816188812,0.0011863186955451965,-0.001008063554763794,0.002491649175909749,-0.8483579754829407,0.6939898729324341,0.7223933339118958,-0.8472297191619873,1.5561046164924393,54.846269375000006,True,-0.00016316771507263184,-0.00024978071451187134,-0.0002466142177581787,-0.00032084062695503235,0.0005024266477271088,0.03359699621796608,0.032032839953899384,0.06110965833067894,0.0448618046939373,0.0887473296009894,ROA_1002_model21000_delay30,2742,2026-10-02_14-30-02,0.01883835718035698,-0.008423453196883202
-0.0017443206161260605,0.0007261056452989578,0.0015174970030784607,-0.000595487654209137,0.002495324874090002,-0.7319934368133545,0.8197547197341919,0.8638826608657837,-0.6997063159942627,1.5581632928722124,-0.002167932689189911,0.00011776573956012726,0.0008994713425636292,-0.0013407319784164429,0.0024529040262598186,-0.8142827749252319,0.7228883504867554,0.7774643301963806,-0.7991203665733337,1.5573776158656212,0.01699049025774002,-0.004871560260653496,0.028170909732580185,-0.01566832885146141,0.028019867837429047,-0.015820730477571487,-0.002010306343436241,0.00037103891372680664,0.0011369585990905762,-0.0010151416063308716,0.0024638299375858304,-0.8439369797706604,0.6930082440376282,0.7129124999046326,-0.8490495085716248,1.5495167649769908,54.86625814200001,True,-0.0001618172973394394,-0.0002516433596611023,-0.0002380460500717163,-0.00032726675271987915,0.0005030785960762092,0.029659828171133995,0.029899178072810173,0.06454717367887497,0.04994403198361397,0.09170869787068718,ROA_1002_model21000_delay30,2743,2026-10-02_14-30-02,0.018264956772327423,-0.006906986236572266
-0.0017365440726280212,0.0007341150194406509,0.0014514662325382233,-0.0005663372576236725,0.0024455829619330163,-0.729280948638916,0.8169729113578796,0.8564348816871643,-0.6942161917686462,1.5489095713415042,-0.0021587125957012177,0.00012479722499847412,0.000844709575176239,-0.0013070181012153625,0.002415093878855038,-0.8134278059005737,0.718869686126709,0.7690805792808533,-0.7930956482887268,1.5476985457673662,0.01718001998960972,-0.005538223311305046,0.027601096779108047,-0.015749242156744003,0.027512982487678528,-0.015850268304347992,-0.0020030420273542404,0.0003802590072154999,0.0010761432349681854,-0.000981707125902176,0.0024218131203279088,-0.8406941294670105,0.6909216642379761,0.7055019736289978,-0.8435956835746765,1.540389786270771,54.886260669,True,-0.00015939585864543915,-0.0002562999725341797,-0.00023078173398971558,-0.00032633543014526367,0.0005006483343951152,0.02728169597685337,0.02794945426285267,0.06363727152347565,0.050523314625024796,0.09004449356397767,ROA_1002_model21000_delay30,2744,2026-10-02_14-30-02,0.018942711874842644,-0.007502030581235886
-0.0017520971596240997,0.0007339287549257278,0.0014333054423332214,-0.0005610287189483643,0.0024447531095674207,-0.7269638180732727,0.813154935836792,0.8520455360412598,-0.6902915835380554,1.5416965647475531,-0.002169935032725334,0.0001159030944108963,0.0008376315236091614,-0.0012964941561222076,0.002416936749945651,-0.8113197684288025,0.7135471701622009,0.7636108994483948,-0.789991557598114,1.5397028867331515,0.018235232681035995,-0.006765749305486679,0.02752280980348587,-0.016075801104307175,0.027638576924800873,-0.01601746678352356,-0.002017337828874588,0.00037709251046180725,0.001063477247953415,-0.0009709037840366364,0.0024232909846046307,-0.8403146266937256,0.6855851411819458,0.7024630308151245,-0.8383588194847107,1.533403920814569,54.906262507,True,-0.00015245750546455383,-0.00026547349989414215,-0.00022696331143379211,-0.00032586976885795593,0.0005009766860564104,0.029026063159108162,0.02792849950492382,0.06114039197564125,0.048352401703596115,0.08767317944365696,ROA_1002_model21000_delay30,2745,2026-10-02_14-30-02,0.020121494308114052,-0.008853829465806484
-0.0017375685274600983,0.0006898771971464157,0.0014061108231544495,-0.0005150213837623596,0.0023950960072339172,-0.7261791825294495,0.8097556233406067,0.8504641652107239,-0.6880992650985718,1.537760323690302,-0.0021690968424081802,5.51808625459671e-05,0.0008221715688705444,-0.0012386590242385864,0.0023859277255267237,-0.8095200061798096,0.7094116806983948,0.7615452408790588,-0.7879891991615295,1.5347370694423095,0.02008664794266224,-0.009302058257162571,0.0271852295845747,-0.01678583398461342,0.027605168521404266,-0.016463134437799454,-0.0020164065062999725,0.00032298266887664795,0.0010443851351737976,-0.0009145587682723999,0.002387252249442683,-0.8434233665466309,0.6785271167755127,0.7040835618972778,-0.8330084085464478,1.5296382335640675,54.926264182000004,True,-0.0001457519829273224,-0.00026854686439037323,-0.00022258609533309937,-0.0003218650817871094,0.0004958122387791476,0.03390014171600342,0.030873341485857964,0.057472843676805496,0.045042481273412704,0.08617477259403512,ROA_1002_model21000_delay30,2746,2026-10-02_14-30-02,0.021462397649884224,-0.011496960185468197
-0.0017181970179080963,0.0006345100700855255,0.0013850629329681396,-0.0004775822162628174,0.002345350965180453,-0.7269354462623596,0.8089942336082458,0.8517112135887146,-0.6890138387680054,1.538865922326407,-0.0021552667021751404,-1.2665987014770508e-05,0.0008070841431617737,-0.0011926516890525818,0.002347453373124978,-0.8097681999206543,0.7079392075538635,0.761978268623352,-0.789991557598114,1.5353613566371411,0.023318082094192505,-0.012559006921947002,0.028832416981458664,-0.018660832196474075,0.029430251568555832,-0.018169112503528595,-0.0020060688257217407,0.00026514753699302673,0.0010246410965919495,-0.0008732080459594727,0.0023472119135754042,-0.8464632034301758,0.6763217449188232,0.7063056826591492,-0.833179771900177,1.5313009084474316,54.94626205,True,-0.00014677643775939941,-0.0002728775143623352,-0.0002166256308555603,-0.000321120023727417,0.0004954448154487481,0.03670249134302139,0.03157369792461395,0.055680979043245316,0.04317890480160713,0.08546724485340382,ROA_1002_model21000_delay30,2747,2026-10-02_14-30-02,0.02461867965757847,-0.014815662987530231
-0.0016774050891399384,0.000577978789806366,0.0013432465493679047,-0.0004209578037261963,0.0022645753964183413,-0.7294322848320007,0.8116335868835449,0.8525372743606567,-0.690412700176239,1.5425311463761355,-0.0021216459572315216,-6.547197699546814e-05,0.0007648952305316925,-0.001132674515247345,0.0022849458614956127,-0.8122007846832275,0.7104994654655457,0.7632057666778564,-0.7911100387573242,1.539016525373636,0.02445465326309204,-0.014097821898758411,0.030429475009441376,-0.02056290954351425,0.030926259234547615,-0.020148564130067825,-0.0019674189388751984,0.00021103769540786743,0.0009813345968723297,-0.0008148141205310822,0.0022726426491217187,-0.8492730259895325,0.6797341108322144,0.7073180675506592,-0.834360659122467,1.5354959852061796,54.966289358000004,True,-0.00015133991837501526,-0.0002773478627204895,-0.00021848827600479126,-0.0003145076334476471,0.0004957723671340408,0.03707781434059143,0.030743887647986412,0.055874694138765335,0.043252479285001755,0.0855039688289955,ROA_1002_model21000_delay30,2748,2026-10-02_14-30-02,0.025625957176089287,-0.016229137778282166
-0.0016363337635993958,0.0005485489964485168,0.0013031065464019775,-0.0003878958523273468,0.0021967509675269144,-0.73026442527771,0.8145388960838318,0.8521759510040283,-0.691447377204895,1.5446883504267235,-0.0020693056285381317,-8.130446076393127e-05,0.0007187947630882263,-0.0011060386896133423,0.0022148518995744695,-0.8138254880905151,0.7131122350692749,0.7629040479660034,-0.7921401262283325,1.5414564408894997,0.025208761915564537,-0.015585376881062984,0.03123851679265499,-0.021973993629217148,0.031658805906772614,-0.021627526730298996,-0.0019155442714691162,0.0001905485987663269,0.0009362585842609406,-0.0007888302206993103,0.0021993915607011103,-0.8472180366516113,0.6863702535629272,0.7048844695091248,-0.837334394454956,1.5379719994937868,54.98626757700001,True,-0.0001537613570690155,-0.0002721324563026428,-0.00021615996956825256,-0.00031944364309310913,0.0004960697304276252,0.03342796117067337,0.02674013189971447,0.05797203257679939,0.0451747290790081,0.08505147777505148,ROA_1002_model21000_delay30,2749,2026-10-02_14-30-02,0.02637317404150963,-0.017434563487768173
-0.0016147270798683167,0.0005288049578666687,0.0012950040400028229,-0.00037867575883865356,0.002169392984956164,-0.7323580384254456,0.818042516708374,0.8530206680297852,-0.6945691704750061,1.5494231277000563,-0.002049654722213745,-8.810311555862427e-05,0.0007042661309242249,-0.0010990537703037262,0.0021898527490497393,-0.8163698315620422,0.7172063589096069,0.7643317580223083,-0.7947049736976624,1.5467302008403152,0.025326818227767944,-0.016329318284988403,0.03139986842870712,-0.02270468696951866,0.031785331666469574,-0.02238588035106659,-0.0018885359168052673,0.00017993152141571045,0.0009222887456417084,-0.0007871538400650024,0.0021674723813055615,-0.8476632237434387,0.692538857460022,0.7037063837051392,-0.8425348997116089,1.543244837699762,55.006271557000005,True,-0.0001598149538040161,-0.00026598572731018066,-0.00021951273083686829,-0.0003121793270111084,0.000491561031759187,0.03129802644252777,0.024665145203471184,0.06062909588217735,0.047808509320020676,0.08688772395391854,ROA_1002_model21000_delay30,2750,2026-10-02_14-30-02,0.02628452144563198,-0.017941832542419434
-0.001623108983039856,0.0005109235644340515,0.0013297423720359802,-0.0003803521394729614,0.00219262570697527,-0.7355138063430786,0.8207224011421204,0.8581606149673462,-0.6999503374099731,1.557605956599997,-0.0020636245608329773,-0.00011455267667770386,0.000736583024263382,-0.0011002644896507263,0.002211550789649602,-0.8199046850204468,0.7205306887626648,0.7695918679237366,-0.799830973148346,1.5553681344739474,0.0256065484136343,-0.016581356525421143,0.0317622572183609,-0.022979091852903366,0.03211275860667229,-0.022673282772302628,-0.0019038096070289612,0.0001555308699607849,0.0009553506970405579,-0.000789295881986618,0.002191479352161224,-0.8524134159088135,0.6937905550003052,0.7085911631584167,-0.8479682207107544,1.5514174064880564,55.026271856,True,-0.00015869736671447754,-0.00027064234018325806,-0.0002216547727584839,-0.00031283125281333923,0.0004949642845660031,0.03246590495109558,0.026749445125460625,0.060984861105680466,0.048140060156583786,0.08834923360498832,ROA_1002_model21000_delay30,2751,2026-10-02_14-30-02,0.026346545666456223,-0.01815984398126602
-0.0016342848539352417,0.0005006790161132812,0.0013599172234535217,-0.0003873370587825775,0.002218221300646988,-0.737810492515564,0.822123110294342,0.8611529469490051,-0.7031745910644531,1.5625729602617753,-0.002078898251056671,-0.00013131648302078247,0.0007613562047481537,-0.0010972842574119568,0.002232826971086678,-0.822614848613739,0.7225684523582458,0.7730768918991089,-0.8021583557128906,1.5606716560700744,0.025646742433309555,-0.017086178064346313,0.03184628486633301,-0.023482684046030045,0.03217173367738724,-0.023182887583971024,-0.001918897032737732,0.00013615936040878296,0.000986829400062561,-0.0007937662303447723,0.0022162895439494126,-0.8562747240066528,0.6933994293212891,0.7125725746154785,-0.8496446013450623,1.556007351932451,55.04626729100001,True,-0.0001601874828338623,-0.0002678483724594116,-0.0002253800630569458,-0.0003005377948284149,0.0004877434416949615,0.03363378345966339,0.029169021174311638,0.0604996420443058,0.04745367541909218,0.08882857479559464,ROA_1002_model21000_delay30,2752,2026-10-02_14-30-02,0.026080897077918053,-0.01864500343799591
-0.0016499310731887817,0.0004803761839866638,0.0014009885489940643,-0.00039152801036834717,0.002251433549373341,-0.7403790354728699,0.8228327631950378,0.8662938475608826,-0.7081320285797119,1.569298657709374,-0.002107396721839905,-0.00016558915376663208,0.0007974915206432343,-0.00109206885099411,0.002268589457199224,-0.8247308135032654,0.7239728569984436,0.7782438397407532,-0.8071818947792053,1.567567037490513,0.02697359398007393,-0.017807424068450928,0.032963864505290985,-0.02390981838107109,0.033224765211343765,-0.023657724261283875,-0.0019477680325508118,0.00010784715414047241,0.0010266900062561035,-0.0007960014045238495,0.0022551207458433166,-0.8621215224266052,0.690473198890686,0.7185805439949036,-0.8532357811927795,1.5623346638406528,55.066271847,True,-0.00015888363122940063,-0.0002643093466758728,-0.00023012980818748474,-0.00029709190130233765,0.00048532351201993824,0.037377700209617615,0.033484771847724915,0.05965679511427879,0.0460529662668705,0.09049205864214334,ROA_1002_model21000_delay30,2753,2026-10-02_14-30-02,0.027306945994496346,-0.01933792605996132
-0.00165645033121109,0.00046547502279281616,0.001428648829460144,-0.0003933906555175781,0.002270738585438179,-0.7419641613960266,0.823291003704071,0.8698580265045166,-0.7126861810684204,1.574398832291665,-0.002119503915309906,-0.0001858919858932495,0.0008156523108482361,-0.0010897405445575714,0.0022844812066707388,-0.8257403373718262,0.724909782409668,0.7825093269348145,-0.8113206624984741,1.5727810371175288,0.02770659141242504,-0.018577419221401215,0.033737972378730774,-0.02464231103658676,0.03397013247013092,-0.024417448788881302,-0.0019583851099014282,7.990747690200806e-05,0.0010523945093154907,-0.00080084428191185,0.002272425952844046,-0.8659883737564087,0.6879194974899292,0.7221465706825256,-0.8572283983230591,1.5668249657007314,55.086268594,True,-0.00015906989574432373,-0.0002633780241012573,-0.0002360902726650238,-0.0002903863787651062,0.0004833630605649089,0.04030949994921684,0.03698468208312988,0.060387883335351944,0.04585925117135048,0.09341046194599706,ROA_1002_model21000_delay30,2754,2026-10-02_14-30-02,0.02792447619140148,-0.020136535167694092
-0.0016611069440841675,0.000455416738986969,0.0014279037714004517,-0.00038528814911842346,0.0022702458664653567,-0.7433425188064575,0.8243415355682373,0.8712447881698608,-0.7150787711143494,1.5774985889328579,-0.002132914960384369,-0.00020042061805725098,0.0008061528205871582,-0.0010808929800987244,0.0022908482067086865,-0.8270535469055176,0.7258392572402954,0.7841344475746155,-0.8138240575790405,1.5759722289709701,0.028454232960939407,-0.019509851932525635,0.03449375182390213,-0.02551914006471634,0.03469749540090561,-0.025319721549749374,-0.001968070864677429,6.556510925292969e-05,0.0010484829545021057,-0.0007918104529380798,0.002274889056871225,-0.8685774803161621,0.6870496869087219,0.723337709903717,-0.8592391014099121,1.5693079582485552,55.106271134,True,-0.00015944242477416992,-0.0002654269337654114,-0.0002427026629447937,-0.000287126749753952,0.00048553673743349405,0.0414922796189785,0.038817524909973145,0.06077158823609352,0.04542618617415428,0.09465749241859302,ROA_1002_model21000_delay30,2755,2026-10-02_14-30-02,0.028662454336881638,-0.021069757640361786
-0.0016752630472183228,0.0004461035132408142,0.0014445744454860687,-0.0003760680556297302,0.0022877275668535015,-0.7444824576377869,0.824382483959198,0.8740490078926086,-0.7176249623298645,1.5807972850567629,-0.0021571293473243713,-0.0002171844244003296,0.0008174218237400055,-0.0010555610060691833,0.002314829771802656,-0.8275899887084961,0.7260366678237915,0.7872785925865173,-0.8160331845283508,1.5790615561546808,0.028814636170864105,-0.02025841549038887,0.034893639385700226,-0.026317227631807327,0.035109225660562515,-0.026111949235200882,-0.001993030309677124,4.209578037261963e-05,0.0010653398931026459,-0.0007778406143188477,0.0022989400597341466,-0.872107207775116,0.6838570833206177,0.7278136610984802,-0.8596283793449402,1.5720096348038843,55.126276970000006,True,-0.00016391277313232422,-0.00026226043701171875,-0.0002481043338775635,-0.000278279185295105,0.00048272018129774506,0.04448927566409111,0.04219449684023857,0.05952361598610878,0.04361196979880333,0.09575562429136533,ROA_1002_model21000_delay30,2756,2026-10-02_14-30-02,0.02904939278960228,-0.021813001483678818
-0.001677870750427246,0.0004425644874572754,0.0014221295714378357,-0.0003620050847530365,0.0022725580697438344,-0.7457956075668335,0.826632559299469,0.8737165331840515,-0.7191774845123291,1.5831434792673094,-0.0021666288375854492,-0.00021513551473617554,0.0007839873433113098,-0.0010414980351924896,0.0023104331031429176,-0.8284150958061218,0.728415310382843,0.7877107262611389,-0.8172019720077515,1.581426249470994,0.029248809441924095,-0.02088203653693199,0.035309869796037674,-0.026949524879455566,0.03553425520658493,-0.026735905557870865,-0.002003088593482971,4.3585896492004395e-05,0.0010388903319835663,-0.000764802098274231,0.002293062007730438,-0.8725318908691406,0.6863623261451721,0.7265964150428772,-0.8616316914558411,1.5738155186885425,55.146276693000004,True,-0.00016540288925170898,-0.00025872141122817993,-0.0002547167241573334,-0.00027883797883987427,0.000485039252764713,0.044111158698797226,0.042103227227926254,0.061117108911275864,0.04442594572901726,0.09688829051886998,ROA_1002_model21000_delay30,2757,2026-10-02_14-30-02,0.029616793617606163,-0.022185172885656357
-0.0016676262021064758,0.00043585896492004395,0.0013719312846660614,-0.0003275461494922638,0.002227081565297526,-0.7461718916893005,0.8294339776039124,0.8736010193824768,-0.7209786772727966,1.585518274925289,-0.002148747444152832,-0.00020656734704971313,0.0007136724889278412,-0.0010174699127674103,0.002268486466203364,-0.8280947208404541,0.7312967777252197,0.7887109518051147,-0.8186930418014526,1.5839125588528702,0.029991811141371727,-0.021380893886089325,0.036056071519851685,-0.02745562046766281,0.036277271807193756,-0.027245227247476578,-0.0019837170839309692,4.544854164123535e-05,0.0009751878678798676,-0.0007379800081253052,0.0022432852162211914,-0.8701979517936707,0.6919037103652954,0.7235351800918579,-0.8654323816299438,1.5756827302966443,55.166273888000006,True,-0.0001642853021621704,-0.0002512708306312561,-0.00026263296604156494,-0.0002780929207801819,0.00048443941394915526,0.042121853679418564,0.03943405672907829,0.0651683658361435,0.04670209810137749,0.09858970067952662,ROA_1002_model21000_delay30,2758,2026-10-02_14-30-02,0.030382351949810982,-0.02238461747765541
-0.0016283243894577026,0.00043101608753204346,0.001303199678659439,-0.00029010698199272156,0.0021489484308770852,-0.7437299489974976,0.8306074738502502,0.8701784014701843,-0.7208864688873291,1.5830450791342476,-0.0020993873476982117,-0.00018775463104248047,0.0006285496056079865,-0.000994466245174408,0.00219466639307857,-0.8246991634368896,0.7331147193908691,0.7873474955558777,-0.8176397085189819,1.5818563298679016,0.029839536175131798,-0.02163349837064743,0.03590196371078491,-0.027698568999767303,0.03611020743846893,-0.027496252208948135,-0.0019343569874763489,5.606561899185181e-05,0.0008936971426010132,-0.0007146038115024567,0.002162076732523544,-0.862142026424408,0.6987433433532715,0.7167104482650757,-0.8685011267662048,1.5731022458709722,55.18627540400001,True,-0.00016596168279647827,-0.00024400651454925537,-0.0002662651240825653,-0.00028079375624656677,0.00048517130918834106,0.03740750253200531,0.03437325358390808,0.07063522934913635,0.05084927752614021,0.10064059238626144,ROA_1002_model21000_delay30,2759,2026-10-02_14-30-02,0.03024003468453884,-0.022350981831550598
-0.0016177073121070862,0.0004325062036514282,0.001268181949853897,-0.0002755783498287201,0.002117998262406774,-0.7408503293991089,0.8302814960479736,0.8680289387702942,-0.7202922701835632,1.5800324818172697,-0.0020779669284820557,-0.00017192214727401733,0.0005827285349369049,-0.0009794719517230988,0.0021609961439204056,-0.8210166692733765,0.7335692048072815,0.7867952585220337,-0.8163125514984131,1.5792829326935134,0.029355566948652267,-0.02176753059029579,0.035385698080062866,-0.027788985520601273,0.035593509674072266,-0.02758495882153511,-0.001913122832775116,6.835907697677612e-05,0.000855419784784317,-0.0007024966180324554,0.002127145524398358,-0.855969250202179,0.7012076377868652,0.7136287093162537,-0.8679916858673096,1.5694465540417617,55.206274935,True,-0.00016260892152786255,-0.00023543834686279297,-0.0002723187208175659,-0.00027958303689956665,0.00048239203238454757,0.03495253622531891,0.0323709100484848,0.07318053394556046,0.05169305577874184,0.10132295074188556,ROA_1002_model21000_delay30,2760,2026-10-02_14-30-02,0.02951432392001152,-0.022473536431789398
-0.0016404315829277039,0.000437907874584198,0.0012696720659732819,-0.0002629123628139496,0.0021355465186065257,-0.7393900156021118,0.828968346118927,0.870102047920227,-0.7203165292739868,1.5797317203177763,-0.002112053334712982,-0.00017508864402770996,0.0005844049155712128,-0.0009528361260890961,0.0021934749204568648,-0.8182376027107239,0.7336456179618835,0.7890443801879883,-0.8165435194969177,1.5792052290859984,0.029270928353071213,-0.021494489163160324,0.035325467586517334,-0.027528028935194016,0.03553655743598938,-0.02732367441058159,-0.001948326826095581,6.649643182754517e-05,0.0008627772331237793,-0.0006759539246559143,0.0021590088743175715,-0.8561778664588928,0.6973836421966553,0.7187612056732178,-0.8636656999588013,1.568070532938414,55.226274179,True,-0.00016707926988601685,-0.00024046748876571655,-0.00027799978852272034,-0.00027762725949287415,0.0004882046962608298,0.037902966141700745,0.036232173442840576,0.07030554115772247,0.047099772840738297,0.09925577490645401,ROA_1002_model21000_delay30,2761,2026-10-02_14-30-02,0.028857480734586716,-0.022438351064920425
-0.0016722828149795532,0.0004293397068977356,0.0012870877981185913,-0.0002598389983177185,0.0021684115659107114,-0.738218367099762,0.8272863626480103,0.8745248913764954,-0.7212953567504883,1.5810866887543238,-0.002160295844078064,-0.00020116567611694336,0.0006042420864105225,-0.0009329989552497864,0.002244110513381915,-0.8162800073623657,0.7322933077812195,0.793225109577179,-0.8182665109634399,1.5806007636590111,0.02991395816206932,-0.02125215157866478,0.03600184619426727,-0.027296919375658035,0.036219678819179535,-0.027089767158031464,-0.001989491283893585,4.3585896492004395e-05,0.0008860602974891663,-0.0006573274731636047,0.0022010665329991763,-0.8582174181938171,0.69105064868927,0.7253642678260803,-0.8605960607528687,1.5677864347224484,55.246281135000004,True,-0.00017024576663970947,-0.00024344772100448608,-0.00028368085622787476,-0.0002730637788772583,0.0004910969808855993,0.04191882535815239,0.04125572368502617,0.06786547601222992,0.04236586019396782,0.0987537808928235,ROA_1002_model21000_delay30,2762,2026-10-02_14-30-02,0.028835168108344078,-0.02272719144821167
-0.0016955658793449402,0.00043138861656188965,0.0013092532753944397,-0.00027334317564964294,0.0022017680555485833,-0.7365345358848572,0.8263177871704102,0.878619909286499,-0.7229204773902893,1.5826919659053662,-0.0021910294890403748,-0.00020172446966171265,0.0006234273314476013,-0.0009411945939064026,0.0022790751797066235,-0.8142161965370178,0.7315818071365356,0.797246515750885,-0.8204178214073181,1.5823966462191377,0.030018864199519157,-0.020678561180830002,0.036120299249887466,-0.026684608310461044,0.03633364289999008,-0.02648288756608963,-0.0020129606127738953,4.5262277126312256e-05,0.0009107403457164764,-0.0006669200956821442,0.0022335796629584497,-0.8572767972946167,0.6878058910369873,0.7307445406913757,-0.8599441051483154,1.5681552963440992,55.266279482,True,-0.0001739710569381714,-0.00024363398551940918,-0.00028852373361587524,-0.00027604401111602783,0.0004970535121519839,0.043040137737989426,0.04378519579768181,0.06649736315011978,0.039505768567323685,0.09797633345134273,ROA_1002_model21000_delay30,2763,2026-10-02_14-30-02,0.028461633250117302,-0.022544845938682556
-0.0016940757632255554,0.0004345551133155823,0.0012988224625587463,-0.0002741813659667969,0.0021951705867472643,-0.7335934638977051,0.8261594772338867,0.8795270323753357,-0.7233079075813293,1.5817980073517293,-0.002185627818107605,-0.00018011778593063354,0.0006011687219142914,-0.0009543262422084808,0.002268498452353356,-0.8124131560325623,0.7303729057312012,0.7989993095397949,-0.8211787343025208,1.5822150354342412,0.03014702908694744,-0.019895248115062714,0.03624861687421799,-0.025859814137220383,0.03645048290491104,-0.025660846382379532,-0.002002529799938202,5.8673322200775146e-05,0.0008965842425823212,-0.0006723217666149139,0.0022203465301069026,-0.8499975800514221,0.6908941864967346,0.7290271520614624,-0.8620703220367432,1.5662325896733749,55.286277445,True,-0.00018142163753509521,-0.00024009495973587036,-0.00029103830456733704,-0.00027883797883987427,0.0005015316916938303,0.0375453382730484,0.03950297459959984,0.06997399032115936,0.04088878259062767,0.09683654273461698,ROA_1002_model21000_delay30,2764,2026-10-02_14-30-02,0.028527386486530304,-0.021740026772022247
-0.0016579404473304749,0.0004198402166366577,0.0012135133147239685,-0.00023152679204940796,0.0021089578802324675,-0.7312036752700806,0.828100323677063,0.8771847486495972,-0.7226215600967407,1.5799801337665584,-0.0021286308765411377,-0.0001728534698486328,0.0004945322871208191,-0.0009401701390743256,0.00218587891414621,-0.8113532662391663,0.7311626672744751,0.797440230846405,-0.8212020397186279,1.581267363650173,0.03107469342648983,-0.02054343745112419,0.03657114505767822,-0.02591896802186966,0.03676058351993561,-0.02570962905883789,-0.0019419938325881958,6.668269634246826e-05,0.0007920898497104645,-0.00064801424741745,0.0021213484133373373,-0.8410699367523193,0.6986837387084961,0.7211165428161621,-0.8666608333587646,1.5639544972338766,55.306282225000004,True,-0.00018756836652755737,-0.00023711472749710083,-0.00029569491744041443,-0.0002903863787651062,0.0005120854077173407,0.029630957171320915,0.032512471079826355,0.07634703069925308,0.045421529561281204,0.0984572596182082,ROA_1002_model21000_delay30,2765,2026-10-02_14-30-02,0.029443655163049698,-0.022328440099954605
-0.0016197562217712402,0.00039692968130111694,0.001181289553642273,-0.00021345913410186768,0.0020539179442848115,-0.7300041317939758,0.8297767043113708,0.8790287971496582,-0.7240427136421204,1.5818483251465543,-0.0020794570446014404,-0.00017639249563217163,0.00045355409383773804,-0.0009328126907348633,0.002128550123497256,-0.8110552430152893,0.7324255704879761,0.7995515465736389,-0.8233059048652649,1.583882577010912,0.030169853940606117,-0.020818445831537247,0.03568870574235916,-0.026223931461572647,0.03587842732667923,-0.026002194732427597,-0.001893751323223114,6.0535967350006104e-05,0.0007511116564273834,-0.000631529837846756,0.0020593305866268914,-0.8357744216918945,0.7036886811256409,0.7209460735321045,-0.8696866631507874,1.5652933596666758,55.326278717,True,-0.00019073486328125,-0.0002341344952583313,-0.0003002583980560303,-0.0003002583980560303,0.0005204633363012928,0.02475827746093273,0.0287275742739439,0.07861386239528656,0.046377066522836685,0.09819055794231626,ROA_1002_model21000_delay30,2766,2026-10-02_14-30-02,0.028365787118673325,-0.022757526487112045
-0.0016227364540100098,0.00038370490074157715,0.0012030825018882751,-0.0002164393663406372,0.002066858296899172,-0.7293596267700195,0.828880786895752,0.8821794390678406,-0.7247114181518555,1.5830570408576559,-0.00209026038646698,-0.00019688159227371216,0.00047907233238220215,-0.0009346753358840942,0.002144540763623699,-0.8105858564376831,0.7318202257156372,0.8024377226829529,-0.8245640993118286,1.5854978767433685,0.030155427753925323,-0.02115277200937271,0.03500763699412346,-0.026047248393297195,0.035337939858436584,-0.025706641376018524,-0.0018963590264320374,4.190951585769653e-05,0.0007778406143188477,-0.0006292946636676788,0.0020699040377930825,-0.8362438082695007,0.7011666297912598,0.7253857254981995,-0.8687050342559814,1.5660212437444012,55.346283304,True,-0.00018812716007232666,-0.00023990869522094727,-0.0002985820174217224,-0.000304635614156723,0.0005235970562951304,0.025680286809802055,0.030636785551905632,0.07703900337219238,0.04418845847249031,0.0965643173332067,ROA_1002_model21000_delay30,2767,2026-10-02_14-30-02,0.027968265116214752,-0.02326102927327156
-0.0016354024410247803,0.000356137752532959,0.0012452714145183563,-0.00021765008568763733,0.002097070584117822,-0.7291678190231323,0.825848400592804,0.8860546946525574,-0.7242466807365417,1.5832855638189827,-0.0021226704120635986,-0.00024475157260894775,0.0005312263965606689,-0.0009255483746528625,0.002188179955316785,-0.8098240494728088,0.7292963266372681,0.8054086565971375,-0.8250018358230591,1.5856883672168527,0.0309115182608366,-0.02147982269525528,0.0347246490418911,-0.02569221332669258,0.035368457436561584,-0.025077342987060547,-0.0019213184714317322,4.842877388000488e-06,0.0008302740752696991,-0.0006165355443954468,0.002108934604464249,-0.8405353426933289,0.6931237578392029,0.7333913445472717,-0.8637839555740356,1.5657497327615555,55.366284372,True,-0.00020172446966171265,-0.0002466142177581787,-0.0002995133399963379,-0.0003069639205932617,0.0005338032673037795,0.030722467228770256,0.0361856073141098,0.07199123501777649,0.03882218152284622,0.09335024955329158,ROA_1002_model21000_delay30,2768,2026-10-02_14-30-02,0.02828538604080677,-0.023878689855337143
-0.0016102567315101624,0.0003341585397720337,0.0012431293725967407,-0.00020954757928848267,0.0020718235842464242,-0.7286499738693237,0.8246302008628845,0.8854530453681946,-0.7218979001045227,1.5809595348740364,-0.0021014362573623657,-0.0002609565854072571,0.0005256384611129761,-0.0009376555681228638,0.0021663686003086553,-0.8096936941146851,0.7273796796798706,0.8054347038269043,-0.8228718638420105,1.5836507393907535,0.03199887275695801,-0.021991640329360962,0.035864051431417465,-0.026145637035369873,0.03638041764497757,-0.025611482560634613,-0.0018907710909843445,-1.4901161193847656e-05,0.0008195638656616211,-0.0006221234798431396,0.002075069157598799,-0.8380059003829956,0.6931405067443848,0.7288194894790649,-0.8651585578918457,1.5628786730805901,55.386283199000005,True,-0.00020619481801986694,-0.00024549663066864014,-0.00029243528842926025,-0.00031944364309310913,0.0005387268405882958,0.028310341760516167,0.03410130739212036,0.07658638060092926,0.042358409613370895,0.09701598321496925,ROA_1002_model21000_delay30,2769,2026-10-02_14-30-02,0.029676787555217743,-0.02443213015794754
-0.0015720725059509277,0.00034011900424957275,0.001200847327709198,-0.00020079314708709717,0.0020167620482391705,-0.729709804058075,0.8284803032875061,0.8814557790756226,-0.7208808660507202,1.5807582768690964,-0.002043880522251129,-0.0002253800630569458,0.0004589557647705078,-0.0009723007678985596,0.0020947909618932964,-0.8108429312705994,0.7313750386238098,0.8028037548065186,-0.8213444948196411,1.5839821827772569,0.03275800496339798,-0.02276282012462616,0.036335572600364685,-0.026607368141412735,0.03685586899518967,-0.026084143668413162,-0.0018358230590820312,1.0617077350616455e-05,0.0007545575499534607,-0.0006381422281265259,0.0020023211090563525,-0.8337851166725159,0.7035936713218689,0.7180049419403076,-0.8716936707496643,1.5638218173902259,55.40628353100001,True,-0.00020712614059448242,-0.00024177134037017822,-0.00029671937227249146,-0.00033080577850341797,0.0005466212340291475,0.02294778637588024,0.02775527350604534,0.08480622619390488,0.05039944872260094,0.10439166349260905,ROA_1002_model21000_delay30,2770,2026-10-02_14-30-02,0.030757896602153778,-0.024693354964256287
-0.001527741551399231,0.000356137752532959,0.0011671334505081177,-0.0002214685082435608,0.001967366972152161,-0.7299091219902039,0.830544114112854,0.8752196431159973,-0.7166694402694702,1.5765417029649018,-0.0019779428839683533,-0.00019576400518417358,0.00041481107473373413,-0.0010225921869277954,0.002021084317969616,-0.8111167550086975,0.7333363890647888,0.7972456216812134,-0.8170138597488403,1.5799889109517673,0.03247274085879326,-0.023564603179693222,0.03601979836821556,-0.027366016060113907,0.03652636706829071,-0.026861507445573807,-0.0017685815691947937,4.712492227554321e-05,0.0007033348083496094,-0.0006794929504394531,0.001928555265722551,-0.8290279507637024,0.7113739252090454,0.7057748436927795,-0.8740164041519165,1.5604581220659555,55.426287222000006,True,-0.00021029263734817505,-0.0002339482307434082,-0.00029206275939941406,-0.00034477561712265015,0.0005505162144805071,0.017872080206871033,0.021984798833727837,0.09146704524755478,0.0570099763572216,0.11108263007591374,ROA_1002_model21000_delay30,2771,2026-10-02_14-30-02,0.03114752471446991,-0.02531379833817482
-0.0014912337064743042,0.00033527612686157227,0.001191161572933197,-0.0002423301339149475,0.001952792673767807,-0.7320325374603271,0.8309874534606934,0.8776485323905945,-0.7176864743232727,1.5795829760028461,-0.001942552626132965,-0.00022631138563156128,0.0004410743713378906,-0.0010484829545021057,0.0019920447783362397,-0.8120406270027161,0.7349159121513367,0.799196720123291,-0.8181892037391663,1.5828108025065073,0.03200741112232208,-0.02452453225851059,0.035574011504650116,-0.02835867553949356,0.03608891740441322,-0.027854762971401215,-0.0017326325178146362,1.6763806343078613e-05,0.0007281079888343811,-0.0006988644599914551,0.0019037923936433894,-0.8323900103569031,0.710433304309845,0.7082018852233887,-0.8754003643989563,1.5635394344497284,55.446288002,True,-0.00020731240510940552,-0.0002427026629447937,-0.0002864748239517212,-0.00034850090742111206,0.0005526115180208624,0.020345671102404594,0.024477018043398857,0.09098648279905319,0.05721300467848778,0.1116886222389282,ROA_1002_model21000_delay30,2772,2026-10-02_14-30-02,0.030559072270989418,-0.026347286999225616
-0.0014919787645339966,0.0003419816493988037,0.001216493546962738,-0.00025797635316848755,0.0019720830008845523,-0.7335953116416931,0.8292142152786255,0.8768429756164551,-0.7129777073860168,1.5767693341996831,-0.0019518658518791199,-0.00023711472749710083,0.000490434467792511,-0.0010555610060691833,0.0020127968662556886,-0.8127092719078064,0.7330029606819153,0.7967976331710815,-0.8137607574462891,1.5787608029433473,0.031622886657714844,-0.024655964225530624,0.03554628789424896,-0.02872432768344879,0.035962700843811035,-0.028297018259763718,-0.0017430633306503296,1.3783574104309082e-05,0.0007651746273040771,-0.0007081776857376099,0.0019295524918122484,-0.8379611968994141,0.705730140209198,0.7111420631408691,-0.8683632612228394,1.561765688733559,55.466288269,True,-0.00020470470190048218,-0.0002512708306312561,-0.0002736225724220276,-0.0003468245267868042,0.0005478876218481784,0.02518482320010662,0.02726353518664837,0.0856798067688942,0.05460530146956444,0.10780037748868361,ROA_1002_model21000_delay30,2773,2026-10-02_14-30-02,0.030471093952655792,-0.02695038914680481
-0.0014979392290115356,0.00035278499126434326,0.0012675300240516663,-0.00029206275939941406,0.002014991105379332,-0.7368605136871338,0.8299871683120728,0.8794460296630859,-0.712972104549408,1.5801380419879907,-0.0019613653421401978,-0.00024158507585525513,0.000562518835067749,-0.0010730698704719543,0.002041830930831806,-0.8154287338256836,0.7339212894439697,0.7981908917427063,-0.8133472204208374,1.5810785290193503,0.03197827190160751,-0.024988044053316116,0.03593993932008743,-0.029069583863019943,0.03634610027074814,-0.028662607073783875,-0.0017581507563591003,1.9185245037078857e-05,0.0008255243301391602,-0.0007309019565582275,0.00197317802402557,-0.8450429439544678,0.7036886811256409,0.7183570265769958,-0.8656717538833618,1.566486453917145,55.486293017,True,-0.0002034008502960205,-0.0002555549144744873,-0.00026617199182510376,-0.00034496188163757324,0.0005445281873076291,0.029636545106768608,0.030215827748179436,0.0798255130648613,0.05233846232295036,0.10408816844017722,ROA_1002_model21000_delay30,2774,2026-10-02_14-30-02,0.03121855854988098,-0.0273902527987957
-0.0014921650290489197,0.00035278499126434326,0.001307763159275055,-0.0003207474946975708,0.002040604250934759,-0.7369760274887085,0.8274204730987549,0.8809808492660522,-0.7107443809509277,1.5786567681742574,-0.0019546598196029663,-0.00024586915969848633,0.0006152316927909851,-0.0011019408702850342,0.0020524287216051964,-0.8159875273704529,0.7310043573379517,0.7975045442581177,-0.8121728301048279,1.5790157560382727,0.03333822637796402,-0.025653351098299026,0.03728565573692322,-0.0297359898686409,0.03771347180008888,-0.029325146228075027,-0.0017508864402770996,1.564621925354004e-05,0.000873953104019165,-0.0007584691047668457,0.0019924282146837786,-0.8468441367149353,0.6994400024414062,0.7214061617851257,-0.8629019856452942,1.5654120620069745,55.506292164,True,-0.0001993030309677124,-0.00026170164346694946,-0.000260770320892334,-0.00034365803003311157,0.0005425046000951259,0.030880792066454887,0.031540170311927795,0.07613934576511383,0.05073099955916405,0.10124847296450999,ROA_1002_model21000_delay30,2775,2026-10-02_14-30-02,0.03315058350563049,-0.02821888029575348
-0.0014709308743476868,0.00034533441066741943,0.0013368204236030579,-0.0003475695848464966,0.002046997756151753,-0.7367487549781799,0.8268057703971863,0.8816830515861511,-0.7107182741165161,1.5785970184135818,-0.0019293278455734253,-0.0002546235918998718,0.0006470829248428345,-0.0011302530765533447,0.0020399689714287635,-0.8163749575614929,0.7301568388938904,0.7972195148468018,-0.8124168515205383,1.57877665072363,0.033962979912757874,-0.025815237313508987,0.03820730373263359,-0.030211787670850754,0.038687076419591904,-0.02977173402905464,-0.0017348676919937134,9.313225746154785e-07,0.000905059278011322,-0.0007895752787590027,0.0019954078428141187,-0.8469502925872803,0.6989445090293884,0.721394956111908,-0.8645131587982178,1.5660293698728773,55.5262924,True,-0.00019241124391555786,-0.0002592802047729492,-0.00025816261768341064,-0.00034105032682418823,0.0005359156251961041,0.030625609681010246,0.031236557289958,0.0757947564125061,0.052087005227804184,0.10155644017446791,ROA_1002_model21000_delay30,2776,2026-10-02_14-30-02,0.03418191522359848,-0.028464294970035553
-0.0014463439583778381,0.00035762786865234375,0.0013055279850959778,-0.0003509223461151123,0.002011703211871716,-0.7356870770454407,0.826731264591217,0.8781179189682007,-0.7093399167060852,1.5754965727652577,-0.001890026032924652,-0.00022798776626586914,0.0006102025508880615,-0.0011466443538665771,0.001993056209675873,-0.8163526058197021,0.7296446561813354,0.7930024862289429,-0.8113421201705933,1.5757913718154761,0.03496572747826576,-0.02689240872859955,0.0389077253639698,-0.030967209488153458,0.039334267377853394,-0.030560284852981567,-0.0017005950212478638,2.9802322387695312e-05,0.0008676201105117798,-0.0008005648851394653,0.0019543724895562946,-0.8434150218963623,0.702217161655426,0.7152910828590393,-0.8663609027862549,1.5637599297890707,55.546291707,True,-0.00019427388906478882,-0.0002598389983177185,-0.0002564862370491028,-0.0003471970558166504,0.0005399883381826776,0.02705119363963604,0.02740509621798992,0.07769465446472168,0.05501322075724602,0.1025017384780846,ROA_1002_model21000_delay30,2777,2026-10-02_14-30-02,0.03572904318571091,-0.02944551780819893
-0.0014504417777061462,0.0003723427653312683,0.0012854114174842834,-0.00034868717193603516,0.0020040215513194536,-0.735564112663269,0.8261873722076416,0.875443160533905,-0.7076467871665955,1.5729553572030017,-0.0018833205103874207,-0.0002129003405570984,0.0005979090929031372,-0.0011447817087173462,0.0019838222137445443,-0.8167102336883545,0.7288939952850342,0.7897875905036926,-0.8099488615989685,1.573247550921598,0.03532286733388901,-0.027326378971338272,0.03925798833370209,-0.0313786156475544,0.03966578468680382,-0.03098098561167717,-0.0016957521438598633,4.3585896492004395e-05,0.0008482486009597778,-0.0008029863238334656,0.0019435040539569634,-0.8429307341575623,0.7028169631958008,0.7123704552650452,-0.8649601936340332,1.5616382579379486,55.566294311,True,-0.0001866370439529419,-0.00025834888219833374,-0.0002522021532058716,-0.0003432855010032654,0.000532000209170812,0.026261432096362114,0.026104969903826714,0.07745996117591858,0.05499273166060448,0.1017995659639162,ROA_1002_model21000_delay30,2778,2026-10-02_14-30-02,0.03620696812868118,-0.03010242059826851
-0.0014567747712135315,0.00037457793951034546,0.0012930482625961304,-0.00035241246223449707,0.002014562471526316,-0.7353480458259583,0.8248705267906189,0.8747130036354065,-0.7064658999443054,1.571252058666416,-0.001893751323223114,-0.00021755695343017578,0.0006193295121192932,-0.0011343508958816528,0.00200037715974583,-0.8167679905891418,0.7271989583969116,0.7882136702537537,-0.8088089227676392,1.5710775542780262,0.03514275699853897,-0.027262799441814423,0.039056647568941116,-0.031269192695617676,0.039450984448194504,-0.03088165819644928,-0.0017080456018447876,4.3585896492004395e-05,0.0008624047040939331,-0.0007975846529006958,0.0019602288901028175,-0.8450894951820374,0.6995443105697632,0.7141902446746826,-0.8616782426834106,1.5603312268857237,55.586291794000005,True,-0.00018551945686340332,-0.0002602115273475647,-0.00024549663066864014,-0.0003378838300704956,0.0005258863042448002,0.028343869373202324,0.027697531506419182,0.07405132055282593,0.05290284380316734,0.09910531116331932,ROA_1002_model21000_delay30,2779,2026-10-02_14-30-02,0.03599105775356293,-0.030261948704719543
-0.0014651566743850708,0.00037048012018203735,0.0012893229722976685,-0.0003373250365257263,0.002014947621465816,-0.7361210584640503,0.8243172764778137,0.8747800588607788,-0.7057487368583679,1.5710606760250192,-0.001911446452140808,-0.00023636966943740845,0.0006278976798057556,-0.0011006370186805725,0.0020170085416056924,-0.817922830581665,0.726262092590332,0.7875915169715881,-0.8078738451004028,1.5704199908793028,0.0356559082865715,-0.02759847417473793,0.03958116099238396,-0.03165420889854431,0.03999495506286621,-0.031256020069122314,-0.00172443687915802,2.8312206268310547e-05,0.000871904194355011,-0.0007709488272666931,0.001972714931937488,-0.8487849831581116,0.6961840987205505,0.7178522348403931,-0.8574463129043579,1.5602158682751086,55.606292734,True,-0.0001860782504081726,-0.00026747584342956543,-0.0002425163984298706,-0.00033155083656311035,0.0005242823456174623,0.030856577679514885,0.030061228200793266,0.06974861025810242,0.04955380782485008,0.095608584433606,ROA_1002_model21000_delay30,2780,2026-10-02_14-30-02,0.036494456231594086,-0.030700433999300003
-0.0014882534742355347,0.0003825873136520386,0.0013066455721855164,-0.00034458935260772705,0.002046288347458952,-0.7375403642654419,0.8251442909240723,0.8746291995048523,-0.7057338356971741,1.572096667076188,-0.0019323080778121948,-0.00023171305656433105,0.0006526708602905273,-0.0011084601283073425,0.0020459656172253184,-0.819968044757843,0.7262881398200989,0.7870364785194397,-0.8076708316802979,1.5710733586849333,0.03613721579313278,-0.027723882347345352,0.04004910960793495,-0.03179255127906799,0.04047323763370514,-0.03138379380106926,-0.001753680408000946,4.079192876815796e-05,0.0008944422006607056,-0.000776536762714386,0.0020114601733849367,-0.8514280915260315,0.6962995529174805,0.719318151473999,-0.8559673428535461,1.5615877871658852,55.626296938,True,-0.0001819804310798645,-0.000264681875705719,-0.00023916363716125488,-0.00032801181077957153,0.0005176057463269267,0.03144703805446625,0.029966233298182487,0.06774812936782837,0.048290934413671494,0.09369581949122745,ROA_1002_model21000_delay30,2781,2026-10-02_14-30-02,0.03714892268180847,-0.030676722526550293
-0.0015055760741233826,0.0003941357135772705,0.0013189390301704407,-0.0003593042492866516,0.0020714000185527047,-0.7389876842498779,0.8266679644584656,0.87446528673172,-0.7070023417472839,1.5741068536900278,-0.0019507482647895813,-0.00022239983081817627,0.0006640329957008362,-0.0011160969734191895,0.002068335745150648,-0.8221063613891602,0.7270089983940125,0.7870215773582458,-0.808728814125061,1.5730143342343386,0.036157988011837006,-0.027835633605718613,0.040055371820926666,-0.03189630061388016,0.0404776930809021,-0.031484559178352356,-0.0017680227756500244,4.4889748096466064e-05,0.0009024515748023987,-0.000792182981967926,0.0020300279468262934,-0.8533074855804443,0.6978474259376526,0.7191635370254517,-0.8574723601341248,1.5639648611471797,55.646296053,True,-0.00018291175365447998,-0.0002719461917877197,-0.0002384185791015625,-0.00032726675271987915,0.0005208330888218537,0.031186265870928764,0.029200686141848564,0.06787478923797607,0.04869699105620384,0.09369736563408504,ROA_1002_model21000_delay30,2782,2026-10-02_14-30-02,0.03719862923026085,-0.030614592134952545
-0.0015156343579292297,0.00039692968130111694,0.0013248994946479797,-0.00036135315895080566,0.002083392928241401,-0.7408298254013062,0.8285790085792542,0.8750631809234619,-0.7088258266448975,1.5771717521042208,-0.001964159309864044,-0.00022482126951217651,0.0006735324859619141,-0.0011183321475982666,0.0020841047806552278,-0.8247848153114319,0.7279812693595886,0.7877721786499023,-0.8105002045631409,1.5760992391547621,0.036101385951042175,-0.02803311124444008,0.04001353681087494,-0.03212859109044075,0.0404399037361145,-0.03170933574438095,-0.0017823651432991028,4.3958425521850586e-05,0.0009100884199142456,-0.0007910653948783875,0.002045548179782185,-0.8559226393699646,0.6991605758666992,0.7199234962463379,-0.8591673970222473,1.5671517458459308,55.666298689,True,-0.00018142163753509521,-0.00027175992727279663,-0.0002345070242881775,-0.00032633543014526367,0.0005178602758277636,0.031147150322794914,0.028830019757151604,0.06786733865737915,0.048663463443517685,0.09355862516908674,ROA_1002_model21000_delay30,2783,2026-10-02_14-30-02,0.03708186000585556,-0.030686110258102417
-0.0015227124094963074,0.00039320439100265503,0.0013289973139762878,-0.0003632158041000366,0.002090743758683943,-0.743009090423584,0.831413984298706,0.8758492469787598,-0.7119401693344116,1.5815867751793675,-0.0019760802388191223,-0.00022705644369125366,0.0006709247827529907,-0.001122802495956421,0.002094094653041009,-0.827500581741333,0.7303152084350586,0.7889959812164307,-0.8134375810623169,1.5806816637697416,0.03620755299925804,-0.028309691697359085,0.04012114554643631,-0.03241881728172302,0.040550071746110916,-0.031996794044971466,-0.0017961487174034119,3.762543201446533e-05,0.0009119510650634766,-0.0007987022399902344,0.0020576807243758294,-0.8580945134162903,0.7022525668144226,0.7196329236030579,-0.8633508682250977,1.5717141623985673,55.686299628,True,-0.00018384307622909546,-0.0002691522240638733,-0.0002380460500717163,-0.0003241002559661865,0.0005175644246569342,0.030566005036234856,0.028086824342608452,0.0693388283252716,0.04993751272559166,0.09489512827688575,ROA_1002_model21000_delay30,2784,2026-10-02_14-30-02,0.037139300256967545,-0.03076457977294922
-0.0015344470739364624,0.0003866851329803467,0.0013394281268119812,-0.0003673136234283447,0.0021053667926150808,-0.7452200651168823,0.8339434266090393,0.8775349259376526,-0.715233325958252,1.586422417331914,-0.001982972025871277,-0.00023096799850463867,0.0006807968020439148,-0.001128949224948883,0.002103993752792388,-0.8299890756607056,0.7326695919036865,0.7909051775932312,-0.816665530204773,1.58565854449379,0.03656977787613869,-0.028734475374221802,0.04048095643520355,-0.03283517435193062,0.040904656052589417,-0.03241414576768875,-0.00180024653673172,3.501772880554199e-05,0.000916607677936554,-0.0008059665560722351,0.0020637872478059026,-0.8606128096580505,0.704368531703949,0.7208566665649414,-0.8671972751617432,1.5765645812959903,55.706298072,True,-0.00018291175365447998,-0.0002693384885787964,-0.0002380460500717163,-0.0003252178430557251,0.0005180276601013683,0.030567867681384087,0.02827681414783001,0.07007643580436707,0.05055777356028557,0.0958125854971315,ROA_1002_model21000_delay30,2785,2026-10-02_14-30-02,0.03740617260336876,-0.03100530430674553
-0.00154152512550354,0.00037569552659988403,0.0013587996363639832,-0.00037457793951034546,0.0021220502459880297,-0.7478538751602173,0.8365362286567688,0.8801891803741455,-0.7189996242523193,1.5922353908069729,-0.0020038336515426636,-0.00024903565645217896,0.0006997957825660706,-0.0011302530765533447,0.0021287927102560766,-0.8324589133262634,0.7353480458259583,0.7940418720245361,-0.8200500011444092,1.5914955937880075,0.03675106167793274,-0.02901628240942955,0.04068898409605026,-0.03315111622214317,0.04111488536000252,-0.032727617770433426,-0.0018209218978881836,1.993030309677124e-05,0.0009428709745407104,-0.0008106231689453125,0.0020921484018262626,-0.8647553324699402,0.7054544687271118,0.7241535782814026,-0.8704661726951599,1.582470854238013,55.72630361900001,True,-0.00018291175365447998,-0.0002684071660041809,-0.00024028122425079346,-0.00032316893339157104,0.0005172659785202654,0.03230199217796326,0.02991221658885479,0.06991438567638397,0.050412487238645554,0.09666784465083811,ROA_1002_model21000_delay30,2786,2026-10-02_14-30-02,0.0372944250702858,-0.03118239715695381
-0.0015730038285255432,0.00036675482988357544,0.001391395926475525,-0.00037513673305511475,0.002164301550075653,-0.7514431476593018,0.8394457101821899,0.8841063380241394,-0.723734438419342,1.599814119693695,-0.0020479783415794373,-0.000272504985332489,0.0007333233952522278,-0.0011246651411056519,0.002180093694081695,-0.8355695605278015,0.7382686734199524,0.798560619354248,-0.8243284821510315,1.5989315338666008,0.0371147021651268,-0.02936190366744995,0.04107390716671944,-0.03351318836212158,0.04149811342358589,-0.03309072181582451,-0.0018669292330741882,-2.7939677238464355e-06,0.0009721145033836365,-0.0008059665560722351,0.002141114099218427,-0.8715055584907532,0.7051042914390564,0.7301140427589417,-0.8733569979667664,1.5901306562883037,55.746306575000006,True,-0.0001816079020500183,-0.0002648681402206421,-0.00024084001779556274,-0.0003209337592124939,0.0005138327547690478,0.03593042492866516,0.03316625952720642,0.06844475865364075,0.04900805279612541,0.09721129329346918,ROA_1002_model21000_delay30,2787,2026-10-02_14-30-02,0.03733588755130768,-0.03142479062080383
-0.0015912577509880066,0.00035315752029418945,0.0014230608940124512,-0.000385381281375885,0.0021972494917552546,-0.7551665902137756,0.843068540096283,0.8891224265098572,-0.7295663952827454,1.6089136001453839,-0.0020811334252357483,-0.00029336661100387573,0.0007631257176399231,-0.0011315569281578064,0.002220682372464505,-0.8390768766403198,0.7417834997177124,0.8043571710586548,-0.8297972083091736,1.6081076382806962,0.037642404437065125,-0.0298028402030468,0.04162948206067085,-0.033971913158893585,0.04205060750246048,-0.03355009853839874,-0.0019002705812454224,-2.2351741790771484e-05,0.0010073184967041016,-0.000813603401184082,0.002184636448215984,-0.8773095607757568,0.7061641216278076,0.7359068393707275,-0.8784215450286865,1.599027201818722,55.76630249,True,-0.000186823308467865,-0.0002693384885787964,-0.00024475157260894775,-0.00031478703022003174,0.0005159946043936946,0.03822892904281616,0.03560073673725128,0.06840750575065613,0.0486280731856823,0.09868652780413549,ROA_1002_model21000_delay30,2788,2026-10-02_14-30-02,0.037678055465221405,-0.0317869670689106
-0.0016162171959877014,0.00035427510738372803,0.0014426186680793762,-0.0003850087523460388,0.0022281291848767447,-0.7592644095420837,0.8477885127067566,0.8939597606658936,-0.7355268597602844,1.6187070952575542,-0.0021148473024368286,-0.00029727816581726074,0.0007688999176025391,-0.0011280179023742676,0.0022536861847554063,-0.8427779674530029,0.7465555667877197,0.8100308179855347,-0.8354614973068237,1.618021506217807,0.038379646837711334,-0.030304960906505585,0.04239385947585106,-0.03449003025889397,0.04281007498502731,-0.034070566296577454,-0.0019257888197898865,-2.7939677238464355e-05,0.0010222196578979492,-0.0008158385753631592,0.002213017842763189,-0.8820686340332031,0.7099602222442627,0.7407162189483643,-0.8841491937637329,1.608581762554628,55.786302086000006,True,-0.00018980354070663452,-0.0002680346369743347,-0.0002508983016014099,-0.0003123655915260315,0.0005178356914755076,0.03933161124587059,0.036630779504776,0.0692959874868393,0.04867463931441307,0.10010544006224349,ROA_1002_model21000_delay30,2789,2026-10-02_14-30-02,0.038294922560453415,-0.032190077006816864
-0.0016400590538978577,0.00035706907510757446,0.0014415010809898376,-0.0003686174750328064,0.0022426527799071293,-0.7615386843681335,0.8512548804283142,0.8978303074836731,-0.740364134311676,1.6259190863428552,-0.0021401792764663696,-0.00028014183044433594,0.0007633119821548462,-0.0011045485734939575,0.002275588394506559,-0.8444152474403381,0.7505695819854736,0.8149816989898682,-0.8398927450180054,1.6255484976196997,0.03924160450696945,-0.03083692118525505,0.04328545555472374,-0.035030439496040344,0.043691255152225494,-0.03461836278438568,-0.001950003206729889,-2.0116567611694336e-05,0.0010207295417785645,-0.0007934868335723877,0.0022317981095784168,-0.8832588195800781,0.7140915393829346,0.7447748780250549,-0.8880812525749207,1.6152400950697967,55.806302833000004,True,-0.0001901760697364807,-0.0002605840563774109,-0.0002603977918624878,-0.00030621886253356934,0.0005150719934230668,0.03884732723236084,0.03645941615104675,0.0702105462551117,0.04822946712374687,0.10023538913537164,ROA_1002_model21000_delay30,2790,2026-10-02_14-30-02,0.038946859538555145,-0.03267263248562813
-0.001654215157032013,0.0003648921847343445,0.0014413148164749146,-0.00036675482988357544,0.0022539271356640444,-0.7611978650093079,0.8524693250656128,0.901160717010498,-0.7437019944190979,1.629702340861457,-0.0021535903215408325,-0.00026635825634002686,0.0007502734661102295,-0.0010993331670761108,0.0022840499938978943,-0.8436403870582581,0.7524210810661316,0.8193086385726929,-0.8428915739059448,1.6297938560704697,0.03981982171535492,-0.031013283878564835,0.04387112334370613,-0.03517325967550278,0.044264305382966995,-0.03476853668689728,-0.00195968896150589,-1.4156103134155273e-05,0.0010155141353607178,-0.0007919967174530029,0.002238139467218758,-0.880608320236206,0.7166116833686829,0.747404932975769,-0.8910558819770813,1.6179928421612815,55.826307805000006,True,-0.00018905848264694214,-0.00025331974029541016,-0.00026654452085494995,-0.00030975788831710815,0.0005163418463976009,0.036930665373802185,0.03581494092941284,0.07190555334091187,0.0481530986726284,0.10036262270097997,ROA_1002_model21000_delay30,2791,2026-10-02_14-30-02,0.039172276854515076,-0.03301817178726196
-0.0016691163182258606,0.00036992132663726807,0.001444295048713684,-0.0003546476364135742,0.0022658125099392647,-0.7589142322540283,0.8519999384880066,0.904973566532135,-0.7467884421348572,1.6318247964807475,-0.002156570553779602,-0.00024177134037017822,0.0007459893822669983,-0.0010797753930091858,0.0022863639040855916,-0.8408482670783997,0.7532927989959717,0.8238329887390137,-0.8459277153015137,1.632692142238297,0.0405622236430645,-0.0307450033724308,0.04464152455329895,-0.034913938492536545,0.04503850266337395,-0.034505266696214676,-0.001961737871170044,5.587935447692871e-07,0.001017935574054718,-0.0007739290595054626,0.002241699753588995,-0.8754152655601501,0.7175877094268799,0.7514692544937134,-0.892551600933075,1.6187241993941366,55.846308552,True,-0.00019613653421401978,-0.00024586915969848633,-0.0002771615982055664,-0.0003043562173843384,0.0005177896418888019,0.034417957067489624,0.03558024764060974,0.07247366011142731,0.04675984010100365,0.0989623074225289,ROA_1002_model21000_delay30,2792,2026-10-02_14-30-02,0.03933727741241455,-0.03280496597290039
-0.0016529113054275513,0.00035706907510757446,0.0014413148164749146,-0.0003514811396598816,0.0022493715239957205,-0.7545351386070251,0.8503291606903076,0.9079537987709045,-0.7488000988960266,1.631365777644842,-0.002127699553966522,-0.00023599714040756226,0.0007303431630134583,-0.0010775402188301086,0.002254218374822105,-0.8368640542030334,0.7521714568138123,0.8277594447135925,-0.8481535911560059,1.6333417126879122,0.04078773781657219,-0.030090313404798508,0.044896841049194336,-0.034245818853378296,0.045286983251571655,-0.033836111426353455,-0.0019367784261703491,5.029141902923584e-06,0.0010108575224876404,-0.0007718801498413086,0.00221751218295143,-0.8670091032981873,0.7179937958717346,0.7520056962966919,-0.8954945802688599,1.6165536427891003,55.866306324,True,-0.00019278377294540405,-0.0002384185791015625,-0.00028442591428756714,-0.00030919909477233887,0.0005198674383799505,0.030092893168330193,0.034224241971969604,0.07578916847705841,0.047340985387563705,0.09962079319954469,ROA_1002_model21000_delay30,2793,2026-10-02_14-30-02,0.03928809240460396,-0.032155945897102356
-0.0016164034605026245,0.00034533441066741943,0.0014321878552436829,-0.00035259872674942017,0.0022150274197161213,-0.7500685453414917,0.8489116430282593,0.9104925990104675,-0.7509495615959167,1.6308426262261324,-0.002073124051094055,-0.00022910535335540771,0.0007042661309242249,-0.001097843050956726,0.0021951780751557877,-0.8335075974464417,0.7511376738548279,0.8310675024986267,-0.8507705926895142,1.6342365325096881,0.041249848902225494,-0.029646802693605423,0.04534950852394104,-0.03376411274075508,0.045739468187093735,-0.03334548696875572,-0.0018810853362083435,5.21540641784668e-06,0.0009890645742416382,-0.0007819384336471558,0.0021605427810201944,-0.856464684009552,0.720409631729126,0.7500461935997009,-0.9007006287574768,1.6142681375337118,55.886311551000006,True,-0.00019278377294540405,-0.00023115426301956177,-0.00028479844331741333,-0.00031366944313049316,0.0005196056776061189,0.022988764569163322,0.0307131540030241,0.08101388067007065,0.049985941499471664,0.1017867959990692,ROA_1002_model21000_delay30,2794,2026-10-02_14-30-02,0.0396030992269516,-0.031691040843725204
-0.001568906009197235,0.0003335997462272644,0.0013673678040504456,-0.0003159046173095703,0.0021311739192747302,-0.747105062007904,0.8499640822410583,0.9112097024917603,-0.7523428201675415,1.6309398683060246,-0.0020017847418785095,-0.0002129003405570984,0.0006206333637237549,-0.0010844320058822632,0.0021003403876887327,-0.8313450813293457,0.7524657845497131,0.8325595259666443,-0.852746844291687,1.6355826158046884,0.04087288677692413,-0.029427897185087204,0.04469715803861618,-0.033213939517736435,0.045020703226327896,-0.03282768279314041,-0.0018084421753883362,9.872019290924072e-06,0.0009123235940933228,-0.0007642433047294617,0.00205975058386367,-0.8466280698776245,0.7270871996879578,0.7452312707901001,-0.9070448279380798,1.6136621554667379,55.906308790000004,True,-0.00018812716007232666,-0.00022668391466140747,-0.00029280781745910645,-0.00032316893339157104,0.0005261555036043422,0.015292315743863583,0.025372950360178947,0.08733942359685898,0.05435198172926903,0.10625477607970667,ROA_1002_model21000_delay30,2795,2026-10-02_14-30-02,0.03910953551530838,-0.03133442625403404
-0.001519918441772461,0.0003291293978691101,0.0013068318367004395,-0.0002902001142501831,0.0020519442578342023,-0.74505615234375,0.8519943356513977,0.9117796421051025,-0.7530338764190674,1.6315372602309892,-0.0019360333681106567,-0.0001948326826095581,0.0005442649126052856,-0.0010864809155464172,0.002015088629539607,-0.829867959022522,0.7547475099563599,0.8336342573165894,-0.8539948463439941,1.6371373290521471,0.04030902311205864,-0.029003076255321503,0.0441831536591053,-0.03282203897833824,0.044494837522506714,-0.03243648260831833,-0.0017391517758369446,2.1979212760925293e-05,0.0008413568139076233,-0.0007499009370803833,0.001966724952644501,-0.8384231328964233,0.7344204783439636,0.7406398057937622,-0.912409245967865,1.6138790211523337,55.926317833000006,True,-0.00018998980522155762,-0.00022463500499725342,-0.0002950429916381836,-0.00033657997846603394,0.0005356066957319946,0.00852346420288086,0.0201836209744215,0.09305401891469955,0.05859695002436638,0.11144338389243046,ROA_1002_model21000_delay30,2796,2026-10-02_14-30-02,0.03853510320186615,-0.030781064182519913
-0.0015113502740859985,0.000342540442943573,0.0013023614883422852,-0.00030621886253356934,0.002047281750225189,-0.7418766021728516,0.849522590637207,0.9089484214782715,-0.7486529350280762,1.6250988788611722,-0.0019185245037078857,-0.00018104910850524902,0.0005401670932769775,-0.0011067837476730347,0.0019988591320217316,-0.8263512849807739,0.7522124648094177,0.8310302495956421,-0.849414587020874,1.6305145450125036,0.038818035274744034,-0.02804744616150856,0.04265180230140686,-0.03182952478528023,0.04297054558992386,-0.03144306316971779,-0.0017300248146057129,4.3958425521850586e-05,0.0008327886462211609,-0.0007603317499160767,0.0019597934230434462,-0.8342768549919128,0.7329229116439819,0.7373560070991516,-0.9085256457328796,1.6074803191860256,55.9463135,True,-0.00018998980522155762,-0.00022836029529571533,-0.00029243528842926025,-0.00034403055906295776,0.0005404748723660891,0.007886439561843872,0.019336119294166565,0.093670554459095,0.059098001569509506,0.1120658307207339,ROA_1002_model21000_delay30,2797,2026-10-02_14-30-02,0.036968573927879333,-0.029835719615221024
-0.0015202909708023071,0.00036656856536865234,0.0013148412108421326,-0.00033080577850341797,0.002069732989466657,-0.7396693825721741,0.8466466665267944,0.9057130217552185,-0.7441062331199646,1.6186580582447396,-0.0019215047359466553,-0.00016707926988601685,0.0005550682544708252,-0.0011458992958068848,0.0020092502596123756,-0.8234400153160095,0.7494966983795166,0.8281562328338623,-0.8442699313163757,1.623677193294549,0.03810347616672516,-0.02702624723315239,0.04189061373472214,-0.030756227672100067,0.04220924153923988,-0.03037521243095398,-0.0017344951629638672,6.94766640663147e-05,0.0008441507816314697,-0.000796094536781311,0.0019781033449055374,-0.8313636779785156,0.7300823330879211,0.7328017950057983,-0.905282735824585,1.60069951675735,55.966310702,True,-0.00018756836652755737,-0.0002298504114151001,-0.0002857297658920288,-0.00035278499126434326,0.0005423200307739057,0.007906928658485413,0.01946277916431427,0.09524821490049362,0.06099976226687431,0.1144151599232567,ROA_1002_model21000_delay30,2798,2026-10-02_14-30-02,0.03628041595220566,-0.028812453150749207
-0.0015193596482276917,0.00036582350730895996,0.0013262033462524414,-0.0003460794687271118,0.002078577443787911,-0.7392577528953552,0.8445568084716797,0.9042601585388184,-0.7416586875915527,1.6154690206929028,-0.0019202008843421936,-0.0001644715666770935,0.0005735084414482117,-0.001179426908493042,0.0020162350790596966,-0.8220784068107605,0.7476731538772583,0.8268709778785706,-0.8414797186851501,1.6200529602968932,0.038495246320962906,-0.0270734541118145,0.04201472923159599,-0.030475180596113205,0.04225534945726395,-0.030142780393362045,-0.0017318874597549438,7.152557373046875e-05,0.0008493661880493164,-0.0008182600140571594,0.0019816742262539094,-0.8317716121673584,0.7268953919410706,0.7298197150230408,-0.9044780731201172,1.5973902806204108,55.986314817,True,-0.00018998980522155762,-0.00023543834686279297,-0.0002741813659667969,-0.0003643333911895752,0.0005471460793436648,0.009670853614807129,0.020740551874041557,0.09698792546987534,0.06302259862422943,0.11730014855652811,ROA_1002_model21000_delay30,2799,2026-10-02_14-30-02,0.036833588033914566,-0.02891410142183304
-0.0015059486031532288,0.0003941357135772705,0.0013222917914390564,-0.0003766268491744995,0.00207678514201789,-0.7393322587013245,0.8435584306716919,0.8999146223068237,-0.7367841601371765,1.6103333724510047,-0.0019045546650886536,-0.00014491379261016846,0.0005748122930526733,-0.001228228211402893,0.002007893749277938,-0.8214581608772278,0.7467716336250305,0.8222143650054932,-0.8366815447807312,1.6144574657787916,0.039142757654190063,-0.0277114175260067,0.04207165166735649,-0.030407968908548355,0.04215326905250549,-0.03016340732574463,-0.0017140060663223267,9.611248970031738e-05,0.0008363276720046997,-0.0008566305041313171,0.0019708952419666796,-0.831123411655426,0.7264334559440613,0.7225368022918701,-0.9026750326156616,1.592269325716911,56.006316371000004,True,-0.00018700957298278809,-0.0002428889274597168,-0.0002644956111907959,-0.00037401914596557617,0.0005510978178521981,0.00963360071182251,0.020293517038226128,0.09966640919446945,0.06597116589546204,0.12107426694535196,ROA_1002_model21000_delay30,2800,2026-10-02_14-30-02,0.0378137081861496,-0.029602188616991043
-0.0014789402484893799,0.00037401914596557617,0.0013306736946105957,-0.0003909692168235779,0.0020613534561999595,-0.7422547340393066,0.8437819480895996,0.899016797542572,-0.7344297766685486,1.6102667407550981,-0.0018849968910217285,-0.00017937272787094116,0.0005872920155525208,-0.0012483447790145874,0.001990948171727652,-0.8237678408622742,0.7465313673019409,0.8202884197235107,-0.8343774676322937,1.6133203118428003,0.040429115295410156,-0.03008919581770897,0.042253557592630386,-0.03149474039673805,0.04206768423318863,-0.03141966834664345,-0.0016968697309494019,7.133930921554565e-05,0.0008428469300270081,-0.0008709728717803955,0.0019566228997407553,-0.8381269574165344,0.7232595086097717,0.722950279712677,-0.8994694352149963,1.5925532880216458,56.026319558000004,True,-0.00019073486328125,-0.00024922192096710205,-0.0002548098564147949,-0.00037923455238342285,0.0005540616698694673,0.0143125643953681,0.023249534890055656,0.09737163037061691,0.06509758532047272,0.11975214133956354,ROA_1002_model21000_delay30,2801,2026-10-02_14-30-02,0.03922971338033676,-0.032098203897476196
-0.0014815479516983032,0.0003544613718986511,0.0013377517461776733,-0.00037159770727157593,0.0020608053963614655,-0.7453932762145996,0.8414052128791809,0.9000561833381653,-0.7297564148902893,1.6089233951053863,-0.001911260187625885,-0.00023711472749710083,0.0006219372153282166,-0.0012075528502464294,0.0020185074514644046,-0.8263159394264221,0.7437299489974976,0.818798303604126,-0.8305292129516602,1.6105394061877025,0.04264740273356438,-0.032571978867053986,0.04449952393770218,-0.03405415639281273,0.04436340928077698,-0.03399370238184929,-0.0017216429114341736,2.60770320892334e-05,0.0008743256330490112,-0.0008288770914077759,0.0019779246015159415,-0.8501503467559814,0.7124487161636353,0.7299948334693909,-0.8886008858680725,1.5908978494044588,56.046319992,True,-0.0001901760697364807,-0.00026635825634002686,-0.0002507120370864868,-0.0003769993782043457,0.0005585886043786168,0.023787839338183403,0.031244007870554924,0.08882022649049759,0.05809962376952171,0.11248682194087439,ROA_1002_model21000_delay30,2802,2026-10-02_14-30-02,0.041303664445877075,-0.03496217727661133
-0.0015087425708770752,0.0003550201654434204,0.0013967975974082947,-0.0003984197974205017,0.0021235984201221883,-0.7476880550384521,0.8375756144523621,0.9006559252738953,-0.7235202789306641,1.6054797936661498,-0.0019565224647521973,-0.0002777203917503357,0.0006988644599914551,-0.0012051314115524292,0.0020852049183236777,-0.8275154829025269,0.7396153807640076,0.8166599869728088,-0.8251405954360962,1.6053640707334946,0.04367814213037491,-0.033434122800827026,0.046067770570516586,-0.03551757335662842,0.04602378234267235,-0.03547189384698868,-0.001772865653038025,8.940696716308594e-06,0.0009501352906227112,-0.0008400529623031616,0.0020575797108675245,-0.8616093397140503,0.7004327774047852,0.7372907996177673,-0.8762273788452148,1.5880127137852278,56.066317227000006,True,-0.00019334256649017334,-0.00028032809495925903,-0.00024884939193725586,-0.0003650784492492676,0.0005578272955406839,0.03409199416637421,0.03917515277862549,0.07936171442270279,0.05112401768565178,0.10698531720006028,ROA_1002_model21000_delay30,2803,2026-10-02_14-30-02,0.04224425181746483,-0.036025356501340866
-0.0014543533325195312,0.0003332272171974182,0.001374073326587677,-0.00041779130697250366,0.0020696803671312286,-0.7463730573654175,0.8372086882591248,0.8944738507270813,-0.7193143963813782,1.599349823727841,-0.0018863007426261902,-0.0002736225724220276,0.0006681308150291443,-0.0012381002306938171,0.0020110311417031877,-0.8271186947822571,0.7387660145759583,0.8102077841758728,-0.820375919342041,1.5990156787731256,0.04487543925642967,-0.034643642604351044,0.04715866222977638,-0.036753252148628235,0.04719021916389465,-0.03666623681783676,-0.0016987323760986328,-2.0489096641540527e-06,0.0009164214134216309,-0.0008702278137207031,0.001981053821304385,-0.8569284677505493,0.7041375637054443,0.730290949344635,-0.8738617897033691,1.582758150762772,56.086319197,True,-0.0001864507794380188,-0.00027511268854141235,-0.0002464279532432556,-0.0003725290298461914,0.0005567284593238572,0.029921529814600945,0.03432668745517731,0.07984413951635361,0.05361996218562126,0.10587063834762747,ROA_1002_model21000_delay30,2804,2026-10-02_14-30-02,0.04399798437952995,-0.03681373596191406
-0.0014171004295349121,0.00036545097827911377,0.0013204291462898254,-0.0004285946488380432,0.002016214914149007,-0.7449760437011719,0.8382573127746582,0.8866600394248962,-0.7170606255531311,1.5939904464397845,-0.0018181279301643372,-0.00021383166313171387,0.0006031244993209839,-0.0012684613466262817,0.0019332171976138232,-0.8272081017494202,0.7392354011535645,0.8028931617736816,-0.8176825642585754,1.5941399870013857,0.046025436371564865,-0.03613432124257088,0.04827972874045372,-0.03828423097729683,0.04833715036511421,-0.038170911371707916,-0.001638755202293396,5.606561899185181e-05,0.0008501112461090088,-0.0008918344974517822,0.0019132856469475314,-0.8481889367103577,0.7139667272567749,0.7187984585762024,-0.8758921027183533,1.5785603986642431,56.106325648,True,-0.00017676502466201782,-0.0002691522240638733,-0.0002522021532058716,-0.000371783971786499,0.0005527230192859839,0.021010635420680046,0.025311483070254326,0.08412822335958481,0.0582132451236248,0.10713023693925408,ROA_1002_model21000_delay30,2805,2026-10-02_14-30-02,0.04584731161594391,-0.03769684210419655
-0.0014225021004676819,0.00041462481021881104,0.0012928619980812073,-0.000447593629360199,0.0020161264590953,-0.7449741959571838,0.8400212526321411,0.8804835081100464,-0.7154456973075867,1.5908692219232987,-0.0017996877431869507,-0.0001389533281326294,0.0005757436156272888,-0.0012896955013275146,0.001921224540015112,-0.8275731801986694,0.7407106161117554,0.7966979742050171,-0.8160788416862488,1.5910284230319387,0.04620523750782013,-0.03693757578730583,0.04867389053106308,-0.039407260715961456,0.04882682487368584,-0.03924591466784477,-0.0016322359442710876,0.00012386590242385864,0.0008231028914451599,-0.0009106472134590149,0.0019139159242221912,-0.8434280157089233,0.7221717238426208,0.7105022072792053,-0.8767973184585571,1.5766637030513995,56.126328291,True,-0.0001734122633934021,-0.00026132911443710327,-0.00024829059839248657,-0.00037942081689834595,0.0005513350782048656,0.015858560800552368,0.0185500830411911,0.0862032100558281,0.06074085459113121,0.10808069836283583,ROA_1002_model21000_delay30,2806,2026-10-02_14-30-02,0.046059150248765945,-0.03851933032274246
-0.0014550983905792236,0.00046174973249435425,0.0013012439012527466,-0.00047441571950912476,0.002060811768340171,-0.74534672498703,0.8385832905769348,0.8777062892913818,-0.7126032710075378,1.5875383558939336,-0.0018341466784477234,-0.00010505318641662598,0.0006113201379776001,-0.001300126314163208,0.00197547719019506,-0.8282511830329895,0.7386170029640198,0.7924306988716125,-0.8140950798988342,1.5871704049708406,0.046477749943733215,-0.03759738802909851,0.048889677971601486,-0.04009594768285751,0.049100544303655624,-0.03991834819316864,-0.0016637146472930908,0.00016167759895324707,0.0008499249815940857,-0.0009274110198020935,0.0019660828206175974,-0.8456315398216248,0.7198377847671509,0.7110778093338013,-0.8707884550094604,1.573789533651732,56.146337878000004,True,-0.00017099082469940186,-0.00026654452085494995,-0.00024512410163879395,-0.00036992132663726807,0.0005451576403039703,0.01739896833896637,0.018805265426635742,0.0813361182808876,0.05667097494006157,0.1022510121652222,ROA_1002_model21000_delay30,2807,2026-10-02_14-30-02,0.04598691686987877,-0.03963245823979378
-0.0014990568161010742,0.000513903796672821,0.0013105571269989014,-0.0004937872290611267,0.002114629733609516,-0.7478091716766357,0.8397846817970276,0.8758864998817444,-0.7108803391456604,1.5876023823735084,-0.0018717721104621887,-6.0535967350006104e-05,0.000630691647529602,-0.0013004988431930542,0.002026909173104733,-0.8309017419815063,0.7394309639930725,0.7896925806999207,-0.8126552700996399,1.5867788813927317,0.04668766260147095,-0.03738460689783096,0.04943447560071945,-0.04015601426362991,0.049578405916690826,-0.04003268480300903,-0.0017093494534492493,0.00021066516637802124,0.0008706003427505493,-0.0009389594197273254,0.002028469280817327,-0.8490029573440552,0.7212478518486023,0.7126684784889221,-0.8663255572319031,1.574685465053723,56.166321671000006,True,-0.00016372650861740112,-0.00027604401111602783,-0.00023674219846725464,-0.0003594905138015747,0.0005367873352918216,0.018069520592689514,0.018108636140823364,0.07696636021137238,0.05368888005614281,0.09716861615723597,ROA_1002_model21000_delay30,2808,2026-10-02_14-30-02,0.046225033700466156,-0.03974283114075661
-0.0015385448932647705,0.0005679205060005188,0.0013004988431930542,-0.0005122274160385132,0.002154715851155733,-0.7510929703712463,0.8434354662895203,0.8744727373123169,-0.71073317527771,1.5902689169291369,-0.0018993392586708069,-2.0489096641540527e-06,0.000628642737865448,-0.001319684088230133,0.0020669092369753343,-0.8352528810501099,0.742312490940094,0.7877703309059143,-0.8123218417167664,1.5892281776316086,0.04716929793357849,-0.03751112520694733,0.05027357116341591,-0.040569063276052475,0.05033421143889427,-0.040500037372112274,-0.0017410144209861755,0.00027548521757125854,0.0008616596460342407,-0.0009637326002120972,0.002072474426117902,-0.8513945937156677,0.7274671792984009,0.7119141221046448,-0.8663143515586853,1.5786189903083934,56.186323642000005,True,-0.0001564621925354004,-0.0002820044755935669,-0.00023264437913894653,-0.00035800039768218994,0.0005347642657138521,0.016128644347190857,0.014817341230809689,0.07583014667034149,0.05397386476397514,0.09558276831467706,ROA_1002_model21000_delay30,2809,2026-10-02_14-30-02,0.04709136486053467,-0.03998908773064613
-0.0015923753380775452,0.0006388872861862183,0.0013193115592002869,-0.0005500391125679016,0.002233101905031655,-0.7549635767936707,0.8476897478103638,0.8750091791152954,-0.7115452885627747,1.595004649094052,-0.0019447878003120422,7.674098014831543e-05,0.000657886266708374,-0.001350603997707367,0.002145543476491411,-0.8406414985656738,0.7453616261482239,0.7878466844558716,-0.8125938177108765,1.5936229765779444,0.04538916423916817,-0.03570778667926788,0.049835607409477234,-0.039885442703962326,0.049640968441963196,-0.040000930428504944,-0.0017911195755004883,0.00035353004932403564,0.0008825212717056274,-0.0009974464774131775,0.0021536110825604413,-0.8541345000267029,0.7342900633811951,0.7130671143531799,-0.8671860694885254,1.5844337105942516,56.206348046,True,-0.00015459954738616943,-0.000278279185295105,-0.00022277235984802246,-0.0003505498170852661,0.0005230973048473305,0.013530253432691097,0.011073424480855465,0.07478706538677216,0.05459598824381828,0.094226399450992,ROA_1002_model21000_delay30,2810,2026-10-02_14-30-02,0.045775528997182846,-0.03824153169989586
-0.0016734004020690918,0.0006983056664466858,0.0013832002878189087,-0.0005953013896942139,0.00235698142453489,-0.7581244707107544,0.8479822278022766,0.8775014281272888,-0.7123797535896301,1.598445202875743,-0.002023950219154358,0.00011771917343139648,0.000731833279132843,-0.001385621726512909,0.002263537746544435,-0.8447002172470093,0.7447991371154785,0.7894430160522461,-0.8133519291877747,1.5966077236951723,0.04420473426580429,-0.03427291661500931,0.048262398689985275,-0.03811539709568024,0.04814572632312775,-0.03819870576262474,-0.0018788501620292664,0.0004040077328681946,0.0009484589099884033,-0.001041218638420105,0.002280619271481119,-0.8605215549468994,0.7318704724311829,0.717079222202301,-0.8666589260101318,1.588103253633577,56.226326751,True,-0.00014975666999816895,-0.00027939677238464355,-0.00021755695343017578,-0.00034458935260772705,0.000515990246859237,0.01580081880092621,0.0128746023401618,0.07235072553157806,0.05328654870390892,0.09213338718467531,ROA_1002_model21000_delay30,2811,2026-10-02_14-30-02,0.04469019174575806,-0.03709171339869499
-0.0016884878277778625,0.0006927177309989929,0.0013813376426696777,-0.0005912035703659058,0.0023639285479590795,-0.7597543001174927,0.8482057452201843,0.8784849047660828,-0.7132477760314941,1.600315045714286,-0.002043880522251129,0.0001126900315284729,0.0007428228855133057,-0.001379847526550293,0.002282105543679816,-0.8481461405754089,0.7437337040901184,0.7899850010871887,-0.8144378066062927,1.5986581188348798,0.04406151548027992,-0.03358856588602066,0.047814611345529556,-0.03714672103524208,0.047680024057626724,-0.03723708540201187,-0.0018954277038574219,0.0003978610038757324,0.000951811671257019,-0.00103730708360672,0.002291981899657839,-0.8640344738960266,0.7296074032783508,0.7177870273590088,-0.8675958514213562,1.5895347403982012,56.246326865,True,-0.00015404075384140015,-0.00027902424335479736,-0.00020973384380340576,-0.0003419816493988037,0.0005122428724674416,0.01589953899383545,0.01411884929984808,0.0721607357263565,0.05308910831809044,0.09205519806149301,ROA_1002_model21000_delay30,2812,2026-10-02_14-30-02,0.04484081640839577,-0.0366038978099823
-0.0016869977116584778,0.0006940215826034546,0.0013783574104309082,-0.0005893409252166748,0.0023610517592439467,-0.7612239122390747,0.850398063659668,0.8789449334144592,-0.7162634134292603,1.6038452168052095,-0.002041645348072052,0.0001082196831703186,0.0007422640919685364,-0.0013899058103561401,0.002280561858155667,-0.8508656024932861,0.7451679110527039,0.7908772230148315,-0.8169337511062622,1.602422742563486,0.04328567907214165,-0.0326380580663681,0.04704312980175018,-0.03625288978219032,0.04693107306957245,-0.03631753474473953,-0.0018928200006484985,0.0003896653652191162,0.0009436160326004028,-0.0010455027222633362,0.002284913122325189,-0.8655320405960083,0.7316153049468994,0.7158685326576233,-0.8735973238945007,1.5933534794271378,56.26633034,True,-0.00014510005712509155,-0.00027939677238464355,-0.00020638108253479004,-0.00034365803003311157,0.0005094863586380729,0.014698131941258907,0.013537704013288021,0.07502734661102295,0.05661695823073387,0.09607412660420679,ROA_1002_model21000_delay30,2813,2026-10-02_14-30-02,0.044486407190561295,-0.03556467965245247
-0.00165645033121109,0.0006536021828651428,0.0013574957847595215,-0.0005748122930526733,0.0023115881072738255,-0.760013222694397,0.850986659526825,0.8770357370376587,-0.7186270952224731,1.6036938382826127,-0.002008676528930664,7.711350917816162e-05,0.0007165595889091492,-0.0013984739780426025,0.002233883766071423,-0.8503831624984741,0.7454789876937866,0.7904152870178223,-0.8185263276100159,1.6028694835118709,0.042796891182661057,-0.03219108656048775,0.04621097072958946,-0.03553071618080139,0.04616938903927803,-0.035545870661735535,-0.0018661841750144958,0.0003499910235404968,0.0009138137102127075,-0.0010482966899871826,0.002236944213274666,-0.8637178540229797,0.7328986525535583,0.7098968625068665,-0.880915641784668,1.593841564415916,56.286330742000004,True,-0.00014510005712509155,-0.00027585774660110474,-0.00019446015357971191,-0.00035353004932403564,0.0005098319273192394,0.013319774530827999,0.012638046406209469,0.08053331822156906,0.06240792199969292,0.1035096782011251,ROA_1002_model21000_delay30,2814,2026-10-02_14-30-02,0.04424605518579483,-0.034956321120262146
-0.0016160309314727783,0.0005943700671195984,0.0013433396816253662,-0.0005373731255531311,0.0022488208063262804,-0.7590185403823853,0.8510779142379761,0.8779167532920837,-0.7215346693992615,1.6050986941708703,-0.0019766390323638916,-1.862645149230957e-06,0.0007033348083496094,-0.001373887062072754,0.0021743992530891608,-0.8501056432723999,0.7452983260154724,0.7922742366790771,-0.8211601376533508,1.6048854221872089,0.04240361601114273,-0.03199698030948639,0.04578370600938797,-0.035331547260284424,0.04576830938458443,-0.035331327468156815,-0.0018343329429626465,0.0002807006239891052,0.0008905306458473206,-0.0010181218385696411,0.002172247067550402,-0.8643250465393066,0.7304195165634155,0.7092766165733337,-0.8856616616249084,1.594984328120651,56.306334185000004,True,-0.0001436099410057068,-0.0002779066562652588,-0.00018905848264694214,-0.00035371631383895874,0.000508628072428676,0.014208256267011166,0.014910473488271236,0.082984559237957,0.06448477506637573,0.1070510240318427,ROA_1002_model21000_delay30,2815,2026-10-02_14-30-02,0.04382234439253807,-0.03470110520720482
-0.0015981495380401611,0.000531412661075592,0.0013437122106552124,-0.0004889443516731262,0.002209113222554925,-0.7581822276115417,0.8501577973365784,0.8802636861801147,-0.7234513163566589,1.6063546828638553,-0.001975707709789276,-8.307397365570068e-05,0.0007115304470062256,-0.0013163313269615173,0.0021487383778328838,-0.8497871160507202,0.7437839508056641,0.794829785823822,-0.8230842351913452,1.6062477046967794,0.042013201862573624,-0.031738076359033585,0.04536990821361542,-0.0350467748939991,0.0453660823404789,-0.035044413059949875,-0.0018322840332984924,0.00019725412130355835,0.0008959323167800903,-0.0009655952453613281,0.0021394304711279018,-0.8682831525802612,0.7236506342887878,0.7129795551300049,-0.8864085674285889,1.5957343465720044,56.326335900000004,True,-0.00014137476682662964,-0.0002859160304069519,-0.00018272548913955688,-0.00034887343645095825,0.0005067571676486997,0.01851096749305725,0.020075587555766106,0.08180736750364304,0.06330199539661407,0.10689197629727504,ROA_1002_model21000_delay30,2816,2026-10-02_14-30-02,0.04322681203484535,-0.03446188569068909
-0.0016083940863609314,0.00047404319047927856,0.0013574957847595215,-0.0004341825842857361,0.0022005310892487468,-0.7597188949584961,0.8504707217216492,0.8844379186630249,-0.7267016768455505,1.6110157068530508,-0.002006255090236664,-0.00017192214727401733,0.0007294118404388428,-0.0012421980500221252,0.002158500362539217,-0.8515827059745789,0.7433481216430664,0.7991175651550293,-0.8263494372367859,1.6107653806049065,0.04244218021631241,-0.03162720426917076,0.04552684351801872,-0.03471052274107933,0.04557742923498154,-0.03466414660215378,-0.0018650665879249573,0.00011753290891647339,0.0009138137102127075,-0.0009018927812576294,0.002145210310284768,-0.8760895133018494,0.7164608240127563,0.720206618309021,-0.8866376876831055,1.599718672814353,56.346332686000004,True,-0.00014435499906539917,-0.00029001384973526,-0.0001819804310798645,-0.00034384429454803467,0.0005062150428115885,0.02454221062362194,0.026870517060160637,0.0789109542965889,0.06027146801352501,0.10557960142169845,ROA_1002_model21000_delay30,2817,2026-10-02_14-30-02,0.04334989935159683,-0.03442111238837242
-0.0016130506992340088,0.0004166737198829651,0.0014018267393112183,-0.00042337924242019653,0.0022176410332158535,-0.7629282474517822,0.8522476553916931,0.8908714652061462,-0.7348302602767944,1.6208010011181413,-0.00203009694814682,-0.00024419277906417847,0.0007698312401771545,-0.0012293457984924316,0.002185697437268756,-0.8550509214401245,0.7447711825370789,0.8057411313056946,-0.8349232077598572,1.620858271070566,0.04414186254143715,-0.03175074979662895,0.04722980037331581,-0.0348714254796505,0.04730501025915146,-0.034798357635736465,-0.0018855556845664978,4.0046870708465576e-05,0.0009544193744659424,-0.0008877366781234741,0.0021644510579965537,-0.8828378915786743,0.7129572033882141,0.7269177436828613,-0.894108772277832,1.6084602810807642,56.366334849000005,True,-0.00014118850231170654,-0.0002864748239517212,-0.00018440186977386475,-0.00033956021070480347,0.0005012107655868428,0.027799976989626884,0.03185495734214783,0.07885134965181351,0.05916319414973259,0.10695642205005818,ROA_1002_model21000_delay30,2818,2026-10-02_14-30-02,0.04472295194864273,-0.034684453159570694
-0.0016005709767341614,0.00036228448152542114,0.0014008954167366028,-0.0003905966877937317,0.0021920927223040964,-0.7655694484710693,0.8558406829833984,0.8959248065948486,-0.7411762475967407,1.6296070505224391,-0.0020382925868034363,-0.000303611159324646,0.0007580965757369995,-0.0011947005987167358,0.002180545809517325,-0.8575413227081299,0.7481779456138611,0.8119065165519714,-0.8408780694007874,1.629894020975789,0.04468351975083351,-0.03218979761004448,0.04786084219813347,-0.03522850573062897,0.047795843333005905,-0.03526663780212402,-0.001889653503894806,-2.253800630569458e-05,0.0009512528777122498,-0.0008592382073402405,0.002151728494261523,-0.8873640894889832,0.7139835357666016,0.7310695648193359,-0.9011830687522888,1.616873971099903,56.386335315000004,True,-0.00014808028936386108,-0.0002825632691383362,-0.00019334256649017334,-0.00033602118492126465,0.0005019632453745676,0.02983212284743786,0.03421120345592499,0.0808667317032814,0.0603068582713604,0.11027117827630976,ROA_1002_model21000_delay30,2819,2026-10-02_14-30-02,0.044867537915706635,-0.03502432629466057
-0.001566670835018158,0.000295788049697876,0.001399405300617218,-0.0003650784492492676,0.002151318094695862,-0.7624942660331726,0.8556097149848938,0.898620069026947,-0.7466338276863098,1.6320211757166052,-0.0020034611225128174,-0.00036098062992095947,0.0007413327693939209,-0.0011738389730453491,0.0021378696715404428,-0.8545554876327515,0.748284101486206,0.8163098096847534,-0.845707893371582,1.63312129079162,0.04539141058921814,-0.031943660229444504,0.04896985739469528,-0.03522025793790817,0.04880336672067642,-0.0353415347635746,-0.0018440186977386475,-8.307397365570068e-05,0.0009382143616676331,-0.0008400529623031616,0.002095299061972769,-0.8807014226913452,0.7156263589859009,0.7314830422401428,-0.9084417819976807,1.6182943655940316,56.406336678,True,-0.0001603737473487854,-0.00027436763048171997,-0.00020023435354232788,-0.0003343448042869568,0.0005028625195248977,0.02613477222621441,0.0326596200466156,0.08487514406442642,0.06273575127124786,0.11308833855442925,ROA_1002_model21000_delay30,2820,2026-10-02_14-30-02,0.04518242925405502,-0.034682292491197586
-0.0015350058674812317,0.0002590939402580261,0.001341104507446289,-0.0003119930624961853,0.002077322829962448,-0.7611103057861328,0.8584074378013611,0.9001902937889099,-0.7518324851989746,1.6360709216460128,-0.001967884600162506,-0.00037029385566711426,0.0006616115570068359,-0.0011254101991653442,0.002076147033311585,-0.8522346019744873,0.7525588870048523,0.8204113245010376,-0.8499268293380737,1.638242591680356,0.04651559889316559,-0.03248519450426102,0.04983892664313316,-0.03545334190130234,0.04961486533284187,-0.03561423346400261,-0.0017978250980377197,-0.0001082196831703186,0.0008754432201385498,-0.000790134072303772,0.002017558190256241,-0.8740443587303162,0.7229037284851074,0.7310248613357544,-0.9144488573074341,1.6215007767761613,56.426340344,True,-0.00016260892152786255,-0.0002603977918624878,-0.00021345913410186768,-0.0003349035978317261,0.0005019650002672536,0.021792946383357048,0.029634682461619377,0.08941813558340073,0.06449781358242035,0.11572864210044863,ROA_1002_model21000_delay30,2821,2026-10-02_14-30-02,0.04585648700594902,-0.03499043360352516
-0.0014672055840492249,0.00021029263734817505,0.0012608245015144348,-0.00024568289518356323,0.001960762651164679,-0.7467586398124695,0.848436713218689,0.8928700685501099,-0.7458664178848267,1.6172966404698679,-0.001899711787700653,-0.00040065497159957886,0.000570155680179596,-0.001056864857673645,0.0019858025996056044,-0.8372254371643066,0.7435138821601868,0.8149407505989075,-0.8433293104171753,1.6202692698031333,0.04655054211616516,-0.03261776641011238,0.04954228550195694,-0.03521204739809036,0.0492682009935379,-0.03539916127920151,-0.001736171543598175,-0.0001430511474609375,0.0007946044206619263,-0.000720098614692688,0.0019180938997220079,-0.8555054068565369,0.7162168025970459,0.7239393591880798,-0.9074788093566895,1.6020474068135488,56.446339307,True,-0.000169314444065094,-0.0002548098564147949,-0.00021904706954956055,-0.0003335997462272644,0.0005028559327365735,0.01827813684940338,0.027313826605677605,0.09100883454084396,0.06414391100406647,0.11553335531506292,ROA_1002_model21000_delay30,2822,2026-10-02_14-30-02,0.04561201110482216,-0.03504388406872749
-0.0014709308743476868,0.00019408762454986572,0.0012520700693130493,-0.0002171844244003296,0.0019531062285246367,-0.7362719178199768,0.8401833176612854,0.8922982811927795,-0.742601215839386,1.6061421327102465,-0.0019144266843795776,-0.0004258006811141968,0.0005597248673439026,-0.0009940937161445618,0.002000489461489515,-0.8257235884666443,0.7361341118812561,0.8145626187324524,-0.8403807282447815,1.6093576128966884,0.046581853181123734,-0.032961081713438034,0.04956123232841492,-0.035546254366636276,0.049305930733680725,-0.035728681832551956,-0.001737847924232483,-0.00017099082469940186,0.0007925555109977722,-0.000667572021484375,0.001914450636266886,-0.8462387919425964,0.7054563164710999,0.72890704870224,-0.8970479965209961,1.5893537485430351,56.466340317000004,True,-0.0001782551407814026,-0.00025443732738494873,-0.0002339482307434082,-0.0003257766366004944,0.0005073137374867828,0.020582227036356926,0.030644236132502556,0.08563324064016342,0.05665048584342003,0.10827585782131076,ROA_1002_model21000_delay30,2823,2026-10-02_14-30-02,0.0451347716152668,-0.03562130033969879
-0.0014921650290489197,0.00018458813428878784,0.0012159347534179688,-0.00017546117305755615,0.0019415310271127199,-0.7333885431289673,0.8387733101844788,0.8941311240196228,-0.7409490346908569,1.6041487074120322,-0.0019498169422149658,-0.0004466623067855835,0.0005263835191726685,-0.0009234994649887085,0.0020315075349223587,-0.8210967779159546,0.7366183996200562,0.8154529929161072,-0.8399896025657654,1.6075712179368953,0.04643505811691284,-0.03246026113629341,0.049373872578144073,-0.03505173325538635,0.04915658384561539,-0.03522007539868355,-0.0017626211047172546,-0.0001860782504081726,0.0007770955562591553,-0.0006040558218955994,0.0019278848465350221,-0.8461381793022156,0.7002316117286682,0.7366202473640442,-0.8877366185188293,1.5858552455529011,56.486345488000005,True,-0.00018384307622909546,-0.00026132911443710327,-0.0002525746822357178,-0.00032242387533187866,0.00051930180830295,0.02502463571727276,0.03639981150627136,0.07881223410367966,0.047767531126737595,0.10084103060329569,ROA_1002_model21000_delay30,2824,2026-10-02_14-30-02,0.04392854869365692,-0.03535977378487587
-0.0015292316675186157,0.00017713755369186401,0.001189112663269043,-0.00015478581190109253,0.0019513319374228353,-0.7326639890670776,0.8387211561203003,0.8985809683799744,-0.7420070171356201,1.60660633373173,-0.002001039683818817,-0.0004680827260017395,0.0004939734935760498,-0.0008884817361831665,0.002079164474037597,-0.8192415833473206,0.7375776171684265,0.8195973634719849,-0.8424017429351807,1.6105067857045139,0.046215806156396866,-0.031027901917696,0.048839021474123,-0.03328339383006096,0.048584889620542526,-0.0334855318069458,-0.0018130987882614136,-0.00020582228899002075,0.000760890543460846,-0.0005645677447319031,0.001966516931466278,-0.8473731279373169,0.6963033080101013,0.7422230839729309,-0.8856076598167419,1.5863117407334093,56.506341378,True,-0.0001911073923110962,-0.00026691704988479614,-0.00026244670152664185,-0.0003252178430557251,0.0005312160603597175,0.028135253116488457,0.041231509298086166,0.07733702659606934,0.04320963844656944,0.09974178706102974,ROA_1002_model21000_delay30,2825,2026-10-02_14-30-02,0.04291369020938873,-0.03407600149512291
-0.0015703961253166199,0.00023767352104187012,0.001138634979724884,-0.00014975666999816895,0.0019599036405630837,-0.7352251410484314,0.8449907898902893,0.9028761982917786,-0.7459763288497925,1.6151160868231733,-0.002035684883594513,-0.00038351863622665405,0.000424310564994812,-0.0009007751941680908,0.0020905971746059183,-0.8218716382980347,0.7449741959571838,0.8242092728614807,-0.8481274843215942,1.620640439425612,0.044862039387226105,-0.02818266674876213,0.046924468129873276,-0.029786869883537292,0.04653983935713768,-0.0300736241042614,-0.0018330290913581848,-0.00012703239917755127,0.0007027760148048401,-0.0005651265382766724,0.0019650816357036026,-0.843059241771698,0.7083061933517456,0.7423180937767029,-0.8920877575874329,1.5934664512207852,56.52634830900001,True,-0.00019650906324386597,-0.00025797635316848755,-0.0002851709723472595,-0.00033173710107803345,0.0005443369435981439,0.021303070709109306,0.03637373447418213,0.08184648305177689,0.044127922505140305,0.10004199253256349,ROA_1002_model21000_delay30,2826,2026-10-02_14-30-02,0.04101935401558876,-0.030974172055721283
-0.001582130789756775,0.00030621886253356934,0.001043081283569336,-0.00013932585716247559,0.0019239780345989869,-0.7355268597602844,0.8481945395469666,0.8974223732948303,-0.7448177337646484,1.6134022618294148,-0.00201202929019928,-0.00027474015951156616,0.0002909451723098755,-0.00093802809715271,0.0020389637212470235,-0.8241068124771118,0.7478817701339722,0.8213315010070801,-0.847175657749176,1.6211392544914738,0.04256186634302139,-0.025583304464817047,0.04466203972697258,-0.02724195271730423,0.04425428435206413,-0.027504581958055496,-0.001816079020500183,-2.8498470783233643e-05,0.0005781650543212891,-0.0005844980478286743,0.0019123613632050528,-0.8318964242935181,0.7209665775299072,0.7251612544059753,-0.9006727337837219,1.590168304158804,56.546348007000006,True,-0.0001952052116394043,-0.00024568289518356323,-0.00028833746910095215,-0.0003518536686897278,0.0005526205208762507,0.007774680387228727,0.02697296254336834,0.09620561450719833,0.05347653850913048,0.11191098363465421,ROA_1002_model21000_delay30,2827,2026-10-02_14-30-02,0.03926849365234375,-0.02805997058749199
-0.0016044825315475464,0.00039208680391311646,0.0009872019290924072,-0.00016987323760986328,0.0019308038481002292,-0.73371821641922,0.8469391465187073,0.8904821872711182,-0.7409844398498535,1.6063909422667082,-0.002016499638557434,-0.00016391277313232422,0.00021848827600479126,-0.0010091811418533325,0.0020292728923091224,-0.8247531652450562,0.7473229765892029,0.8155442476272583,-0.8433237075805664,1.616224451652082,0.04027022421360016,-0.023829035460948944,0.04232829064130783,-0.025512035936117172,0.04195588454604149,-0.025748401880264282,-0.0018151476979255676,7.599592208862305e-05,0.0005027279257774353,-0.0006405636668205261,0.0019009639921470215,-0.8227806091308594,0.7252767086029053,0.7101855874061584,-0.9037702679634094,1.5821810261679832,56.566349146,True,-0.00020228326320648193,-0.00023711472749710083,-0.0002894550561904907,-0.0003686174750328064,0.0005627556367890434,-0.0019501893548294902,0.022063029929995537,0.10532698780298233,0.060457732528448105,0.12180998339229342,ROA_1002_model21000_delay30,2828,2026-10-02_14-30-02,0.037749066948890686,-0.02653079479932785
-0.0016396865248680115,0.0004552304744720459,0.0010073184967041016,-0.0002207234501838684,0.0019891846481338614,-0.7330383658409119,0.8441563248634338,0.8894000053405762,-0.7399394512176514,1.6036212836728638,-0.002055056393146515,-9.592622518539429e-05,0.000243261456489563,-0.001064501702785492,0.0020696979156362852,-0.8249803781509399,0.7451828122138977,0.8138287663459778,-0.842278778553009,1.613889640494213,0.03861364722251892,-0.022913899272680283,0.040273018181324005,-0.0243414044380188,0.040020652115345,-0.02451280876994133,-0.0018458813428878784,0.00014007091522216797,0.0005241483449935913,-0.0006906688213348389,0.001949009244688923,-0.8214190006256104,0.7225721478462219,0.709446132183075,-0.9024049639701843,1.5790902092207904,56.586351149,True,-0.0002119690179824829,-0.00023636966943740845,-0.00027958303689956665,-0.0003760680556297302,0.0005655214119637743,-0.0035557893570512533,0.02267211489379406,0.10443664342164993,0.06014108285307884,0.12080538306434285,ROA_1002_model21000_delay30,2829,2026-10-02_14-30-02,0.036428771913051605,-0.02592787891626358
-0.0017141923308372498,0.0005422160029411316,0.0010574236512184143,-0.0002859160304069519,0.0021049424222125634,-0.7340162396430969,0.8400901556015015,0.8886660933494568,-0.7358192801475525,1.5996975860916218,-0.0021316111087799072,-1.4342367649078369e-05,0.0003118067979812622,-0.0011233612895011902,0.002161243308940178,-0.8253212571144104,0.7397438883781433,0.8111987113952637,-0.8377469778060913,1.6077974767998193,0.03797737509012222,-0.02225777506828308,0.03925178200006485,-0.02341257408261299,0.03909335285425186,-0.02352585271000862,-0.001919083297252655,0.00022631138563156128,0.0005902722477912903,-0.0007428228855133057,0.0020592969575508433,-0.8243005275726318,0.7163863182067871,0.7125045657157898,-0.8946843147277832,1.574806264156113,56.606350367000005,True,-0.00021904706954956055,-0.0002477318048477173,-0.00027455389499664307,-0.00037904828786849976,0.0005724703498370439,-0.0010039657354354858,0.02331472747027874,0.09866989403963089,0.05697086080908775,0.11446288081428267,ROA_1002_model21000_delay30,2830,2026-10-02_14-30-02,0.03596506267786026,-0.025762826204299927
-0.0018149614334106445,0.0005941838026046753,0.001122802495956421,-0.00032205134630203247,0.0022383428696911394,-0.7319654822349548,0.8298847675323486,0.8848457932472229,-0.7265880107879639,1.5871638178054135,-0.00226534903049469,-8.754432201385498e-06,0.00040456652641296387,-0.0011239200830459595,0.002311243641288954,-0.8202455639839172,0.7275677919387817,0.8049327731132507,-0.8285380601882935,1.591560352180551,0.03991931676864624,-0.023121364414691925,0.039507001638412476,-0.022853557020425797,0.039548397064208984,-0.022783830761909485,-0.0020444393157958984,0.00025294721126556396,0.0006727874279022217,-0.0007553026080131531,0.002209068465188246,-0.8323378562927246,0.6957184076309204,0.7172896862030029,-0.8768252730369568,1.5615037472794027,56.626348529000005,True,-0.0002162531018257141,-0.00026673078536987305,-0.00026747584342956543,-0.00036973506212234497,0.0005709032222162355,0.01211464311927557,0.03185868263244629,0.0876597985625267,0.048290934413671494,0.10355426025229346,ROA_1002_model21000_delay30,2831,2026-10-02_14-30-02,0.03776101395487785,-0.026901233941316605
-0.0017622485756874084,0.0005492940545082092,0.001101568341255188,-0.00030584633350372314,0.002171016255594261,-0.7327477931976318,0.8276886940002441,0.882878839969635,-0.7257480025291443,1.5850607440614572,-0.0022130087018013,-5.606561899185181e-05,0.0003771856427192688,-0.0011282041668891907,0.0022502602020618126,-0.8194073438644409,0.7230080366134644,0.8037238717079163,-0.8259080052375793,1.5870198923626953,0.04110560938715935,-0.02444082498550415,0.04073052108287811,-0.024256795644760132,0.04077637195587158,-0.024174802005290985,-0.00199098140001297,0.00020954757928848267,0.0006360933184623718,-0.0007519498467445374,0.0021380005894846344,-0.8327681422233582,0.6924476027488708,0.7106884717941284,-0.8809323906898499,1.558880043475516,56.646353508000004,True,-0.00022314488887786865,-0.00026617199182510376,-0.00026300549507141113,-0.00037550926208496094,0.0005746691073206877,0.013258307240903378,0.030558554455637932,0.09302607923746109,0.0550243966281414,0.11149858461796497,ROA_1002_model21000_delay30,2832,2026-10-02_14-30-02,0.03933484107255936,-0.02812705934047699
-0.0016363337635993958,0.0004921108484268188,0.0010078772902488708,-0.00027175992727279663,0.002002192535047372,-0.7308162450790405,0.828197181224823,0.874550998210907,-0.7235556244850159,1.5789370184699116,-0.0020606443285942078,-7.636845111846924e-05,0.00024512410163879395,-0.0011529773473739624,0.0020764421126391484,-0.8187814950942993,0.722641110420227,0.7986872792243958,-0.8216779232025146,1.5817761206309957,0.04171958938241005,-0.026730842888355255,0.04134391248226166,-0.026520859450101852,0.041398290544748306,-0.026472043246030807,-0.001841038465499878,0.00017434358596801758,0.0005051493644714355,-0.0007601454854011536,0.001949432511190672,-0.8225477933883667,0.7010772228240967,0.6887521147727966,-0.893240749835968,1.5537294335740057,56.666351158000005,True,-0.00021830201148986816,-0.00025387853384017944,-0.0002611428499221802,-0.000395067036151886,0.0005789618393128239,0.003749504452571273,0.021550802513957024,0.1099221333861351,0.07160380482673645,0.13204332280008999,ROA_1002_model21000_delay30,2833,2026-10-02_14-30-02,0.04067320376634598,-0.029866904020309448
-0.0015109777450561523,0.00042729079723358154,0.0009348616003990173,-0.00024586915969848633,0.0018438598559320546,-0.730782687664032,0.8325408697128296,0.8678566217422485,-0.7235519289970398,1.577588103413513,-0.0019103288650512695,-9.704381227493286e-05,0.00014491379261016846,-0.0011783093214035034,0.0019158420056260236,-0.8198376297950745,0.7271710634231567,0.794252336025238,-0.8197053670883179,1.5811690652573847,0.04070509225130081,-0.02873232588171959,0.04032158851623535,-0.02846665307879448,0.040370941162109375,-0.028448212891817093,-0.0016920268535614014,0.0001391395926475525,0.0003995373845100403,-0.0007720664143562317,0.0017719408352350767,-0.8155815005302429,0.7141120433807373,0.6726272106170654,-0.9040813446044922,1.5548617569543177,56.686350121000004,True,-0.00021550804376602173,-0.00024363398551940918,-0.0002546235918998718,-0.0004040077328681946,0.0005761676286723456,-0.004274770617485046,0.013021751306951046,0.12158229202032089,0.08438340574502945,0.14804811588206399,ROA_1002_model21000_delay30,2834,2026-10-02_14-30-02,0.039930425584316254,-0.031314391642808914
-0.0015001744031906128,0.00041779130697250366,0.0009577721357345581,-0.00024214386940002441,0.001844080728592315,-0.7310043573379517,0.8307210803031921,0.8672065734863281,-0.7209926247596741,1.5752062401135472,-0.0019082799553871155,-0.00012386590242385864,0.00017583370208740234,-0.0011669471859931946,0.001916474213263968,-0.8192602396011353,0.7264446020126343,0.7932111024856567,-0.8168890476226807,1.578584274250001,0.03946949541568756,-0.029945265501737595,0.039365194737911224,-0.030009213835000992,0.03947821259498596,-0.029958538711071014,-0.001691468060016632,0.00011939555406570435,0.0004284083843231201,-0.000764802098274231,0.001776053444285477,-0.8189957141876221,0.7098261117935181,0.6739534139633179,-0.8997656106948853,1.5526351953251194,56.706354491000006,True,-0.00021401792764663696,-0.00024531036615371704,-0.00025387853384017944,-0.00040177255868911743,0.000574590266828577,-0.000206753597012721,0.016575679183006287,0.11925771087408066,0.08283927291631699,0.14550519416453994,ROA_1002_model21000_delay30,2835,2026-10-02_14-30-02,0.03817257285118103,-0.03253510221838951
-0.0015147030353546143,0.00041872262954711914,0.001025758683681488,-0.0002777203917503357,0.0018970876847352206,-0.7327831983566284,0.8299704194068909,0.8690543174743652,-0.7193647027015686,1.5758757462950377,-0.0019282102584838867,-0.00014640390872955322,0.00026151537895202637,-0.0011771917343139648,0.001945934114701112,-0.8202437162399292,0.727051854133606,0.7940344214439392,-0.8152350187301636,1.57897217459947,0.03884828835725784,-0.030324701219797134,0.038746245205402374,-0.03036714717745781,0.03884492069482803,-0.03031957522034645,-0.001710839569568634,0.00011082738637924194,0.0005081295967102051,-0.0007821246981620789,0.0018202488586507469,-0.8264090418815613,0.704945981502533,0.6831623315811157,-0.8916351795196533,1.5539111239575978,56.726353806000006,True,-0.00021345913410186768,-0.000256858766078949,-0.00025331974029541016,-0.0003933906555175781,0.0005739191766185529,0.006170942913740873,0.022090969607234,0.11090561002492905,0.07639080286026001,0.13582895675198056,ROA_1002_model21000_delay30,2836,2026-10-02_14-30-02,0.036933235824108124,-0.032884977757930756
-0.001578591763973236,0.0004129484295845032,0.0011283904314041138,-0.00031907111406326294,0.002009277819808667,-0.7377638816833496,0.8304342031478882,0.8753239512443542,-0.7216892838478088,1.5829886270266247,-0.002008862793445587,-0.00018775463104248047,0.00037066638469696045,-0.0012023374438285828,0.0020431996466907304,-0.8239428997039795,0.7286704778671265,0.8001942038536072,-0.8179638385772705,1.5861701045973444,0.04025331884622574,-0.030479159206151962,0.04018682241439819,-0.030516237020492554,0.04025331884622574,-0.030479159206151962,-0.0018006190657615662,8.344650268554688e-05,0.0006195157766342163,-0.0008150935173034668,0.0019403115252243205,-0.839158833026886,0.6976928114891052,0.6932951211929321,-0.8900426030158997,1.5605626699932926,56.746354144,True,-0.00020880252122879028,-0.0002698972821235657,-0.0002523884177207947,-0.0003896653652191162,0.0005757194081800668,0.015374272130429745,0.030679626390337944,0.10682827979326248,0.07227063179016113,0.13245925460828878,ROA_1002_model21000_delay30,2837,2026-10-02_14-30-02,0.03791140019893646,-0.03298346698284149
-0.0015573576092720032,0.0004023313522338867,0.001132860779762268,-0.0003373250365257263,0.001995790707743825,-0.7404293417930603,0.8339192271232605,0.8753910064697266,-0.7238219976425171,1.5871147149768967,-0.001979060471057892,-0.0001858919858932495,0.0003647059202194214,-0.0012498348951339722,0.0020131663210794237,-0.8277426958084106,0.7319859862327576,0.8017215728759766,-0.8197705745697021,1.5913583823133806,0.041393764317035675,-0.030690982937812805,0.04133462533354759,-0.03069240227341652,0.04137992858886719,-0.030671995133161545,-0.0017745420336723328,7.860362529754639e-05,0.0006115064024925232,-0.0008506700396537781,0.001915959964400342,-0.8399858474731445,0.7039065957069397,0.6884578466415405,-0.898117184638977,1.5658745476914884,56.766355635000004,True,-0.00020731240510940552,-0.0002680346369743347,-0.0002469867467880249,-0.00039711594581604004,0.0005768387937815996,0.012239440344274044,0.02808123640716076,0.11328234523534775,0.07833912968635559,0.14020354409092775,ROA_1002_model21000_delay30,2838,2026-10-02_14-30-02,0.039407096803188324,-0.0327475368976593
-0.0015234574675559998,0.0003982335329055786,0.0011000782251358032,-0.0003291293978691101,0.001948577605991111,-0.7427371740341187,0.8370242714881897,0.8737276792526245,-0.7237530946731567,1.58890339213885,-0.001940503716468811,-0.00018291175365447998,0.000328943133354187,-0.0012703239917755127,0.0019686378705015095,-0.8318610191345215,0.7339193820953369,0.8003189563751221,-0.8203293681144714,1.5939028920155343,0.04245416447520256,-0.032095372676849365,0.04242216423153877,-0.032105349004268646,0.04245416447520256,-0.032095372676849365,-0.001733936369419098,8.437782526016235e-05,0.0005688518285751343,-0.0008614733815193176,0.0018650742346648004,-0.8401702642440796,0.7094908356666565,0.6803814172744751,-0.9050257205963135,1.568411669200248,56.786356037000004,True,-0.00020619481801986694,-0.00026654452085494995,-0.00024139881134033203,-0.000410713255405426,0.0005824957710179606,0.008326023817062378,0.024437902495265007,0.1199580654501915,0.08470936864614487,0.14834736897571965,ROA_1002_model21000_delay30,2839,2026-10-02_14-30-02,0.041066523641347885,-0.03398296609520912
-0.0014895573258399963,0.000391155481338501,0.0010754913091659546,-0.000321120023727417,0.0019054312119122134,-0.7446147203445435,0.8407458066940308,0.8734203577041626,-0.7248837351799011,1.5920706952960824,-0.0018926337361335754,-0.0001776963472366333,0.000295788049697876,-0.001274794340133667,0.0019158230234016121,-0.8341763019561768,0.7371939420700073,0.7995609045028687,-0.8220522999763489,1.5971025512862194,0.042834069579839706,-0.033551175147295,0.04281454533338547,-0.03355417400598526,0.042834069579839706,-0.033551175147295,-0.0016888603568077087,8.437782526016235e-05,0.0005323439836502075,-0.0008653849363327026,0.0018110219158665852,-0.8397958874702454,0.7164440751075745,0.6766952276229858,-0.9102411270141602,1.572703796764237,56.80636165600001,True,-0.00020246952772140503,-0.00026579946279525757,-0.0002343207597732544,-0.0004071742296218872,0.0005754242972129514,0.005587934982031584,0.020677221938967705,0.12285075336694717,0.08820182830095291,0.15214984568853088,ROA_1002_model21000_delay30,2840,2026-10-02_14-30-02,0.04162747785449028,-0.03531545028090477
-0.0014727935194969177,0.0003809109330177307,0.0011006370186805725,-0.0003296881914138794,0.0019060691183917298,-0.745143711566925,0.8406732082366943,0.8755009174346924,-0.7247198224067688,1.5932858704618553,-0.0018788501620292664,-0.00019427388906478882,0.0003326684236526489,-0.0012699514627456665,0.0019085082744211594,-0.8342321515083313,0.7373597025871277,0.8004642724990845,-0.8225384950637817,1.5979202183470342,0.04262787848711014,-0.03468562290072441,0.04262545332312584,-0.034707486629486084,0.0426412858068943,-0.034703578799963,-0.0016745179891586304,7.208436727523804e-05,0.0005641952157020569,-0.0008638948202133179,0.001808094868296324,-0.8422918319702148,0.7152445316314697,0.6826649904251099,-0.9069479703903198,1.57447356714486,56.826361771,True,-0.00020172446966171265,-0.0002719461917877197,-0.0002302229404449463,-0.00040065497159957886,0.000571979467922833,0.008083879947662354,0.02208910696208477,0.11775455623865128,0.0844169333577156,0.14619642085362872,ROA_1002_model21000_delay30,2841,2026-10-02_14-30-02,0.04099667817354202,-0.036506760865449905
-0.0015038996934890747,0.00037979334592819214,0.0011567026376724243,-0.0003509223461151123,0.001965970723706242,-0.7468889951705933,0.8394513130187988,0.8791908025741577,-0.7238965034484863,1.5950590873321024,-0.0019194558262825012,-0.00021867454051971436,0.0004040077328681946,-0.0012647360563278198,0.001962475238507433,-0.8350759148597717,0.7362309694290161,0.8024833798408508,-0.8221789598464966,1.5986735180611833,0.04313481226563454,-0.03492001071572304,0.04346458613872528,-0.035173483192920685,0.043396856635808945,-0.0352218858897686,-0.0017181038856506348,5.7928264141082764e-05,0.0006340444087982178,-0.0008717179298400879,0.0018731888292176195,-0.8493847846984863,0.7093883752822876,0.6916652917861938,-0.9011942744255066,1.576340021100966,56.846364637,True,-0.00019688159227371216,-0.0002769753336906433,-0.00023096799850463867,-0.00039171427488327026,0.0005672094799621406,0.014279036782681942,0.0268202256411314,0.11085159331560135,0.07901153713464737,0.1388436604148507,ROA_1002_model21000_delay30,2842,2026-10-02_14-30-02,0.041074082255363464,-0.03684021905064583
-0.0014901161193847656,0.0003594905138015747,0.0011667609214782715,-0.0003477558493614197,0.001956884715626985,-0.7481593489646912,0.8401497602462769,0.8804071545600891,-0.7236003279685974,1.5965211705877644,-0.0019060447812080383,-0.00024568289518356323,0.00041406601667404175,-0.0012539327144622803,0.0019508077828730467,-0.8363611698150635,0.73702073097229,0.8030552268028259,-0.8219610452651978,1.5998898610222112,0.043868288397789,-0.034877363592386246,0.044233258813619614,-0.0351782850921154,0.044172756373882294,-0.035234153270721436,-0.0017080456018447876,3.427267074584961e-05,0.0006450340151786804,-0.0008698552846908569,0.0018640811783658762,-0.8524935245513916,0.7088053822517395,0.694198489189148,-0.9000189304351807,1.5781909531362648,56.866364432000005,True,-0.00019613653421401978,-0.00027623027563095093,-0.00022761523723602295,-0.00038817524909973145,0.0005627665192221488,0.01615285873413086,0.028252599760890007,0.108856700360775,0.07799267768859863,0.13717347226517948,ROA_1002_model21000_delay30,2843,2026-10-02_14-30-02,0.0418117381632328,-0.03662509843707085
-0.0014672055840492249,0.00034458935260772705,0.0011488795280456543,-0.0003416091203689575,0.0019248535613228443,-0.7481966018676758,0.8407011032104492,0.8790827989578247,-0.7230061888694763,1.5958358742865628,-0.0018713995814323425,-0.00025331974029541016,0.00039134174585342407,-0.0012580305337905884,0.0019119233000081985,-0.8369367122650146,0.7371771931648254,0.801293134689331,-0.8216015696525574,1.5991619371011894,0.04495973512530327,-0.03537513315677643,0.045304831117391586,-0.03566060587763786,0.045249540358781815,-0.03571366146206856,-0.0016810372471809387,2.0675361156463623e-05,0.0006211921572685242,-0.0008674338459968567,0.0018272902554147508,-0.8508898019790649,0.7115397453308105,0.6900466680526733,-0.9025223255157471,1.5780404893784858,56.886369218000006,True,-0.00019595026969909668,-0.0002734363079071045,-0.00023245811462402344,-0.00038854777812957764,0.0005636243511774851,0.013940035365521908,0.025702638551592827,0.11124088615179062,0.08092261105775833,0.14009016345543895,ROA_1002_model21000_delay30,2844,2026-10-02_14-30-02,0.04324480518698692,-0.03688058257102966
-0.0014290213584899902,0.0003196299076080322,0.0011226162314414978,-0.0003241002559661865,0.001872556978820967,-0.7487926483154297,0.8429102301597595,0.8785929083824158,-0.7239170074462891,1.597412365015739,-0.0018266960978507996,-0.0002637505531311035,0.0003598630428314209,-0.0012472271919250488,0.001861963998206491,-0.8383839726448059,0.7388088703155518,0.8003320097923279,-0.8226222991943359,1.60068343110262,0.04550091177225113,-0.036515749990940094,0.045846085995435715,-0.03680838271975517,0.04579471796751022,-0.03685848414897919,-0.0016303732991218567,6.332993507385254e-06,0.0005900859832763672,-0.0008566305041313171,0.0017657628144710686,-0.8499249219894409,0.7159653902053833,0.6882361769676208,-0.9052566885948181,1.5803459697464508,56.906367934,True,-0.0001911073923110962,-0.0002678483724594116,-0.00023152679204940796,-0.00039134174585342407,0.0005608020539625521,0.011553986929357052,0.022852791473269463,0.11205486208200455,0.08259154111146927,0.1410805884942235,ROA_1002_model21000_delay30,2845,2026-10-02_14-30-02,0.04395253211259842,-0.03782263398170471
-0.0014171004295349121,0.0003080815076828003,0.0011311843991279602,-0.00032726675271987915,0.0018670719584808245,-0.7496606111526489,0.8435882329940796,0.8800010681152344,-0.7249153852462769,1.5993962179918046,-0.0018212944269180298,-0.00027623027563095093,0.00036265701055526733,-0.0012520700693130493,0.0018574079538116106,-0.8392407894134521,0.7391701936721802,0.8009876608848572,-0.8242409229278564,1.6024304133974625,0.04587371274828911,-0.0374174639582634,0.04620734974741936,-0.03766963258385658,0.04614042490720749,-0.03772565722465515,-0.0016281381249427795,-4.842877388000488e-06,0.0006001442670822144,-0.000860169529914856,0.001766238160963939,-0.8513666391372681,0.7165148258209229,0.6885434985160828,-0.9076483249664307,1.5827112207085952,56.926366994000006,True,-0.0001950189471244812,-0.0002736225724220276,-0.0002341344952583313,-0.00039208680391311646,0.0005665454024199027,0.01211464311927557,0.022660939022898674,0.11244415491819382,0.08344649523496628,0.14195078017352936,ROA_1002_model21000_delay30,2846,2026-10-02_14-30-02,0.04421130195260048,-0.03868916630744934
-0.0013995915651321411,0.0002980232238769531,0.0011237338185310364,-0.00031795352697372437,0.0018460739923597098,-0.7502753138542175,0.8443630933761597,0.8808318376541138,-0.7257274985313416,1.600911421069704,-0.001806207001209259,-0.0002946704626083374,0.00035427510738372803,-0.001245737075805664,0.001841902788104436,-0.8396599292755127,0.7401145696640015,0.8009597063064575,-0.8255391716957092,1.603724658290386,0.04642406105995178,-0.03805798292160034,0.04675250127911568,-0.03835063427686691,0.04671068862080574,-0.038393549621105194,-0.0016100704669952393,-1.6763806343078613e-05,0.0005887821316719055,-0.000850483775138855,0.0017424269843699673,-0.8522122502326965,0.7176119685173035,0.6896461844444275,-0.9087063074111938,1.5847661389848589,56.946367846,True,-0.00019073486328125,-0.00027585774660110474,-0.0002384185791015625,-0.0003907829523086548,0.0005672681959704233,0.012518837116658688,0.022571532055735588,0.11134146898984909,0.08316896110773087,0.14096509178541075,ROA_1002_model21000_delay30,2847,2026-10-02_14-30-02,0.044687237590551376,-0.03928791359066963
-0.0013902783393859863,0.0002857297658920288,0.0011255964636802673,-0.00031851232051849365,0.0018380926895937243,-0.7511768341064453,0.8450447916984558,0.8825733661651611,-0.7270015478134155,1.6032209986678163,-0.001790747046470642,-0.0003069639205932617,0.0003606081008911133,-0.0012371689081192017,0.0018284023183369011,-0.8402503728866577,0.7410942912101746,0.8016843199729919,-0.8274931311607361,1.605837565287815,0.047100260853767395,-0.03825479745864868,0.04768843203783035,-0.03888121247291565,0.04772777110338211,-0.03888051211833954,-0.0015968456864356995,-3.1851232051849365e-05,0.0005953013896942139,-0.0008463859558105469,0.0017304387755591672,-0.8538346290588379,0.7179006338119507,0.6922576427459717,-0.9094234108924866,1.5873490027336985,56.966372411,True,-0.00018775463104248047,-0.0002810731530189514,-0.00023469328880310059,-0.0003896653652191162,0.0005665797989611009,0.013532116077840328,0.023243946954607964,0.10943412035703659,0.0819377526640892,0.13894739036134007,ROA_1002_model21000_delay30,2848,2026-10-02_14-30-02,0.04531854763627052,-0.03952161595225334
-0.0013716518878936768,0.00026132911443710327,0.001132860779762268,-0.0003110617399215698,0.0018233823279950093,-0.7527340054512024,0.8465051054954529,0.8850041627883911,-0.7297638654708862,1.6073296503488708,-0.0017739832401275635,-0.0003334134817123413,0.00037420541048049927,-0.0012274831533432007,0.0018158860725004783,-0.8416641354560852,0.7427576780319214,0.8032284379005432,-0.8305683135986328,1.6096756941088015,0.04794822260737419,-0.038651417940855026,0.04853730648756027,-0.03930085897445679,0.04859162122011185,-0.0392947793006897,-0.0015845522284507751,-5.7928264141082764e-05,0.000607222318649292,-0.0008400529623031616,0.0017196956182681706,-0.8565186858177185,0.7184836864471436,0.6961803436279297,-0.9114034175872803,1.5918955469549285,56.986375535,True,-0.0001866370439529419,-0.0002808868885040283,-0.0002339482307434082,-0.000385381281375885,0.000562902740419303,0.01487694587558508,0.024314967915415764,0.10702944546937943,0.0808127149939537,0.13672477570463284,ROA_1002_model21000_delay30,2849,2026-10-02_14-30-02,0.04604968801140785,-0.03994569554924965
-0.0013718381524085999,0.00024046748876571655,0.0011479482054710388,-0.0003080815076828003,0.0018292187935390293,-0.7542967200279236,0.8476524949073792,0.887755274772644,-0.7331855297088623,1.6117794569832276,-0.0017793849110603333,-0.0003688037395477295,0.0003995373845100403,-0.0012153759598731995,0.0018282996802785252,-0.8432399034500122,0.7436368465423584,0.8053053021430969,-0.8342861533164978,1.6138136076663208,0.048500146716833115,-0.03854495286941528,0.049075011163949966,-0.03913980722427368,0.049104418605566025,-0.039139244705438614,-0.0015914440155029297,-8.791685104370117e-05,0.0006292015314102173,-0.0008307397365570068,0.0017298688113940102,-0.8603017330169678,0.7175132036209106,0.7006562948226929,-0.9136665463447571,1.596610776541601,57.006372099000004,True,-0.0001866370439529419,-0.00028870999813079834,-0.00023096799850463867,-0.00038407742977142334,0.0005647744246726993,0.017095357179641724,0.026151536032557487,0.10460800677537918,0.07943249493837357,0.1346245813313565,ROA_1002_model21000_delay30,2850,2026-10-02_14-30-02,0.04646463692188263,-0.03977244719862938
-0.001350603997707367,0.000212155282497406,0.0011276453733444214,-0.0002903863787651062,0.0017938166474157097,-0.755513072013855,0.8497666120529175,0.8888691067695618,-0.7364637851715088,1.61561462518798,-0.001759454607963562,-0.0004030764102935791,0.0003781169652938843,-0.0012015923857688904,0.0018103912624750698,-0.8448790311813354,0.745432436466217,0.8061434626579285,-0.8379332423210144,1.6177492513980674,0.04911137744784355,-0.03835425153374672,0.04971352592110634,-0.03896380960941315,0.04973125457763672,-0.03896651789546013,-0.0015703961253166199,-0.00012218952178955078,0.0006128102540969849,-0.000819377601146698,0.0016986601270554452,-0.8616912961006165,0.7193572521209717,0.7012020349502563,-0.9178518652915955,1.6006523767522158,57.02637570300001,True,-0.0001864507794380188,-0.0002855435013771057,-0.00023189932107925415,-0.00038389116525650024,0.0005633455396047577,0.016788020730018616,0.0260621290653944,0.10490789264440536,0.07990001887083054,0.1350719415543241,ROA_1002_model21000_delay30,2851,2026-10-02_14-30-02,0.047060009092092514,-0.03945617750287056
-0.0013440847396850586,0.00019297003746032715,0.001099705696105957,-0.00027064234018325806,0.0017660795324933461,-0.755611777305603,0.851375937461853,0.8877347707748413,-0.738296627998352,1.6167738476321294,-0.0017501413822174072,-0.0004207715392112732,0.00035781413316726685,-0.0011885538697242737,0.0018025959341363613,-0.8458383083343506,0.7463861107826233,0.8048843145370483,-0.8403826355934143,1.6192576822383897,0.04990937560796738,-0.03832625225186348,0.0505133755505085,-0.038939397782087326,0.050529591739177704,-0.03893925994634628,-0.0015618279576301575,-0.00013522803783416748,0.0005872920155525208,-0.0007996335625648499,0.001677847052149249,-0.8617098927497864,0.7209423780441284,0.6991978287696838,-0.9206514358520508,1.6019284000861167,57.046375436000005,True,-0.000186823308467865,-0.0002857297658920288,-0.0002294778823852539,-0.00038389116525650024,0.0005625454733462506,0.01584179699420929,0.02537667565047741,0.1056082472205162,0.08033401519060135,0.13562416875160635,ROA_1002_model21000_delay30,2852,2026-10-02_14-30-02,0.048105452209711075,-0.03926082327961922
-0.0013170763850212097,0.00017043203115463257,0.001029670238494873,-0.0002250075340270996,0.001693958589183424,-0.7550529837608337,0.8537787795066833,0.8848979473114014,-0.739088237285614,1.6166076364773458,-0.001712888479232788,-0.00043474137783050537,0.00028833746910095215,-0.0011546537280082703,0.0017672083399851782,-0.8459910154342651,0.7482115030288696,0.8023567199707031,-0.8414219617843628,1.6194282032531468,0.04993336647748947,-0.03799271211028099,0.05054784566164017,-0.03862373158335686,0.05056532472372055,-0.03862246498465538,-0.0015264376997947693,-0.00015497207641601562,0.0005150213837623596,-0.000762939453125,0.0016147684594097981,-0.8587892651557922,0.7257200479507446,0.6941258311271667,-0.9237322807312012,1.6020659260092007,57.06637318400001,True,-0.00018440186977386475,-0.0002769753336906433,-0.00022016465663909912,-0.00039190053939819336,0.0005589007559077546,0.012882052920758724,0.022532416507601738,0.10825879126787186,0.08231400698423386,0.1380923715991735,ROA_1002_model21000_delay30,2853,2026-10-02_14-30-02,0.04840990900993347,-0.03870106860995293
-0.001296401023864746,0.00014528632164001465,0.0009909272193908691,-0.00019613653421401978,0.0016485427266340132,-0.7518827319145203,0.8522420525550842,0.8829329013824463,-0.7390472888946533,1.6132341499782687,-0.0016869977116584778,-0.0004583969712257385,0.00026673078536987305,-0.0011339783668518066,0.0017489868164580983,-0.8427500128746033,0.7469653487205505,0.800624430179596,-0.8416808843612671,1.6164377540911887,0.05010098218917847,-0.03755266219377518,0.050355833023786545,-0.037887848913669586,0.05043536424636841,-0.037837762385606766,-0.001504644751548767,-0.00017695128917694092,0.0004759058356285095,-0.000735744833946228,0.0015792736702599924,-0.8540171980857849,0.7254611253738403,0.6921868324279785,-0.9234510064125061,1.5985634676406228,57.08637506,True,-0.00017955899238586426,-0.00028461217880249023,-0.0002125278115272522,-0.00039674341678619385,0.0005616516154580195,0.011201946996152401,0.021517274901270866,0.10843946784734726,0.0817868784070015,0.1375885177781714,ROA_1002_model21000_delay30,2854,2026-10-02_14-30-02,0.04844043403863907,-0.03817876800894737
-0.001292489469051361,9.313225746154785e-05,0.0010032206773757935,-0.0001652166247367859,0.0016454856311366698,-0.7490124106407166,0.8486844301223755,0.8863173127174377,-0.7400270104408264,1.6122699539676668,-0.0016940757632255554,-0.000519677996635437,0.0002911314368247986,-0.001076236367225647,0.0017726416111151725,-0.8395015597343445,0.7435958385467529,0.8032004833221436,-0.8431933522224426,1.6152754852044717,0.050106845796108246,-0.036887090653181076,0.05037805438041687,-0.03723093867301941,0.05044689401984215,-0.03717396780848503,-0.0015111640095710754,-0.00023283064365386963,0.000498257577419281,-0.0006865710020065308,0.0015912022868290918,-0.8537899255752563,0.7182284593582153,0.7004644274711609,-0.9193233847618103,1.5967039808824137,57.106383081000004,True,-0.00017955899238586426,-0.00028740614652633667,-0.00021010637283325195,-0.0003900378942489624,0.0005575109261609826,0.014264135621488094,0.02532079629600048,0.1026596799492836,0.07612630724906921,0.13055431581582583,ROA_1002_model21000_delay30,2855,2026-10-02_14-30-02,0.0478154793381691,-0.03777208924293518
-0.0013172626495361328,8.791685104370117e-05,0.000996515154838562,-0.00014025717973709106,0.0016589743315104522,-0.7483437061309814,0.8476226925849915,0.8866246342658997,-0.7391292452812195,1.6111279951194148,-0.0017253682017326355,-0.0005433335900306702,0.0002983957529067993,-0.0010371208190917969,0.001809206942880651,-0.839244544506073,0.7419381141662598,0.8033811450004578,-0.8422843813896179,1.6139866819949584,0.050203949213027954,-0.035161834210157394,0.050831977277994156,-0.03577514365315437,0.05082407966256142,-0.03577069565653801,-0.001541338860988617,-0.00025350600481033325,0.0005023553967475891,-0.0006504356861114502,0.0016217266713019238,-0.854417622089386,0.7152556777000427,0.7046236991882324,-0.9136516451835632,1.594607812751568,57.12638041300001,True,-0.0001862645149230957,-0.00028815120458602905,-0.0002034008502960205,-0.00038780272006988525,0.0005557765381543482,0.015137716196477413,0.02668238990008831,0.09877979010343552,0.07135607302188873,0.12504193140896142,ROA_1002_model21000_delay30,2856,2026-10-02_14-30-02,0.04768050089478493,-0.03619600087404251
-0.001350603997707367,8.773058652877808e-05,0.0010291114449501038,-0.00014062970876693726,0.0017050686881506414,-0.7469485998153687,0.846091628074646,0.8894689083099365,-0.7403995394706726,1.6117767143782007,-0.0017641112208366394,-0.0005519017577171326,0.0003434717655181885,-0.0010211020708084106,0.0018486426273270923,-0.838374674320221,0.739782989025116,0.80647873878479,-0.8432566523551941,1.6146114314954472,0.05057911202311516,-0.03369513526558876,0.05123980715870857,-0.03430257365107536,0.05121515691280365,-0.03432033210992813,-0.0015761703252792358,-0.00026170164346694946,0.0005463138222694397,-0.0006439164280891418,0.0016686440831288878,-0.8539780378341675,0.7115732431411743,0.7096789479255676,-0.9121372699737549,1.5942789937449895,57.146400786,True,-0.00018924474716186523,-0.00029262155294418335,-0.00020470470190048218,-0.00037997961044311523,0.0005543105383002448,0.015633180737495422,0.02822093479335308,0.09679979830980301,0.06884895265102386,0.12234421057846807,ROA_1002_model21000_delay30,2857,2026-10-02_14-30-02,0.04803679510951042,-0.034783367067575455
-0.0013697892427444458,9.723007678985596e-05,0.0010402873158454895,-0.00015441328287124634,0.0017285081742056496,-0.7463060021400452,0.8476450443267822,0.8905548453330994,-0.7421839833259583,1.61365656524379,-0.001780688762664795,-0.0005267560482025146,0.00034552067518234253,-0.0010482966899871826,0.0018574462690208106,-0.8386708498001099,0.7405261993408203,0.8087660670280457,-0.8443798422813416,1.6168681566470293,0.05034397915005684,-0.032950952649116516,0.05098158121109009,-0.033524010330438614,0.05095420777797699,-0.03354247286915779,-0.0015877187252044678,-0.00023767352104187012,0.0005492940545082092,-0.0006623566150665283,0.0016800754041001087,-0.8514001369476318,0.7147471904754639,0.7090791463851929,-0.915450930595398,1.5960632147487894,57.166385542,True,-0.00019185245037078857,-0.0002864748239517212,-0.00020563602447509766,-0.00038407742977142334,0.0005549484960496297,0.012665986083447933,0.025795770809054375,0.09970366209745407,0.07111579179763794,0.12508244660142498,ROA_1002_model21000_delay30,2858,2026-10-02_14-30-02,0.04794395714998245,-0.03390887752175331
-0.0013919547200202942,0.0001126900315284729,0.0010615214705467224,-0.0001646578311920166,0.00176076812590373,-0.7463767528533936,0.8491836190223694,0.8945520520210266,-0.7453690767288208,1.6180857634527637,-0.0018151476979255676,-0.0005101785063743591,0.0003634020686149597,-0.0010505318641662598,0.001887225147354922,-0.8398033380508423,0.7409993410110474,0.8136387467384338,-0.8470285534858704,1.6215250330681708,0.0502663291990757,-0.0335603728890419,0.050645798444747925,-0.0338292121887207,0.05055266618728638,-0.03388556092977524,-0.0016177073121070862,-0.00022761523723602295,0.0005669891834259033,-0.0006681308150291443,0.00171420529573544,-0.851083517074585,0.7160379886627197,0.7132552266120911,-0.917689859867096,1.5998099485813668,57.186385562000005,True,-0.00020302832126617432,-0.0002851709723472595,-0.00020526349544525146,-0.0003846362233161926,0.0005580258524511015,0.011265276931226254,0.02500600926578045,0.10034627467393875,0.07062219083309174,0.12498431674826693,ROA_1002_model21000_delay30,2859,2026-10-02_14-30-02,0.04783562198281288,-0.034444279968738556
-0.0014351680874824524,0.00013709068298339844,0.0010835006833076477,-0.0001782551407814026,0.001811281682556672,-0.7470343112945557,0.8510257601737976,0.8992571234703064,-0.7481909990310669,1.623143135770218,-0.0018658116459846497,-0.0004895031452178955,0.000377558171749115,-0.0010535120964050293,0.0019326708595551125,-0.8408147692680359,0.7424130439758301,0.8183717131614685,-0.8499957323074341,1.626663800130905,0.05000681430101395,-0.03425390645861626,0.05037426948547363,-0.03450373187661171,0.050276968628168106,-0.034559398889541626,-0.001660175621509552,-0.00020228326320648193,0.0005934387445449829,-0.000667572021484375,0.0017634456327451583,-0.8524693250656128,0.716490626335144,0.7200725078582764,-0.9167808890342712,1.6036278962630999,57.206385774000005,True,-0.00020675361156463623,-0.00028423964977264404,-0.00021569430828094482,-0.00038351863622665405,0.0005622513818012275,0.011660157702863216,0.02590194158256054,0.09828060120344162,0.06677024066448212,0.12129285974102108,ROA_1002_model21000_delay30,2860,2026-10-02_14-30-02,0.04732217639684677,-0.03518178313970566
-0.0014672055840492249,0.00015068799257278442,0.001103430986404419,-0.00018086284399032593,0.0018500815664765392,-0.7470305562019348,0.8512474298477173,0.9039453864097595,-0.750618040561676,1.6268859687125405,-0.0019049271941184998,-0.0004848465323448181,0.0003902241587638855,-0.0010363757610321045,0.001971202723187482,-0.8409320712089539,0.7423012852668762,0.8229631781578064,-0.8527300953865051,1.6304453976564406,0.049605414271354675,-0.03442677855491638,0.04998036101460457,-0.034699078649282455,0.049893926829099655,-0.03475325182080269,-0.0016987323760986328,-0.00019818544387817383,0.0006167218089103699,-0.0006567686796188354,0.0018076805938268999,-0.853827178478241,0.7148905992507935,0.7277894616127014,-0.9147245287895203,1.606281755629577,57.22638576200001,True,-0.00021047890186309814,-0.00028740614652633667,-0.00022705644369125366,-0.00037886202335357666,0.0005668701647741232,0.012852250598371029,0.02739950828254223,0.09516067057847977,0.06202235445380211,0.1165198615472648,ROA_1002_model21000_delay30,2861,2026-10-02_14-30-02,0.04659689962863922,-0.03541266918182373
-0.0014951452612876892,0.00014938414096832275,0.0011088326573371887,-0.0001735985279083252,0.0018748098770112877,-0.7443203926086426,0.8483100533485413,0.9054298996925354,-0.7501169443130493,1.6246390390941534,-0.001952052116394043,-0.0004891306161880493,0.00039245933294296265,-0.001019984483718872,0.002018550047564177,-0.8383448719978333,0.738799512386322,0.8247345089912415,-0.8523035645484924,1.628213689045209,0.04927818477153778,-0.03421824797987938,0.04963316023349762,-0.03449219837784767,0.04956440627574921,-0.03454183042049408,-0.0017348676919937134,-0.00019874423742294312,0.000632554292678833,-0.0006468966603279114,0.001846969205571593,-0.8531938791275024,0.7091089487075806,0.7314924001693726,-0.9111239910125732,1.603112742650678,57.246400056000006,True,-0.0002207234501838684,-0.0002868473529815674,-0.00023562461137771606,-0.00037532299757003784,0.0005715542364337106,0.014778225682675838,0.029643995687365532,0.09328126162290573,0.05883164331316948,0.1139424744947673,ROA_1002_model21000_delay30,2862,2026-10-02_14-30-02,0.046058688312768936,-0.03524958714842796
-0.0014930963516235352,0.00015739351511001587,0.0010779127478599548,-0.00013969838619232178,0.0018533968392921677,-0.7397848963737488,0.8455272316932678,0.9036827683448792,-0.7480531334877014,1.619101854049297,-0.0019589439034461975,-0.00047869980335235596,0.000342540442943573,-0.0009752810001373291,0.0020200129017738234,-0.8339415788650513,0.7353200912475586,0.8233915567398071,-0.8506737351417542,1.622858688656881,0.04890334978699684,-0.034071583300828934,0.04924112930893898,-0.034323763102293015,0.04917396977543831,-0.03437400236725807,-0.001738034188747406,-0.00019650906324386597,0.0005973502993583679,-0.0006049871444702148,0.0018378581957733963,-0.8471514582633972,0.7073636651039124,0.7292795777320862,-0.9090080261230469,1.5971352563173438,57.266388491,True,-0.00022687017917633057,-0.00028032809495925903,-0.0002508983016014099,-0.0003730878233909607,0.000575830653511021,0.013256444595754147,0.027880070731043816,0.09399092942476273,0.05832872912287712,0.11369068015970421,ROA_1002_model21000_delay30,2863,2026-10-02_14-30-02,0.045626234263181686,-0.03486734256148338
-0.0014549121260643005,0.00014845281839370728,0.0010052695870399475,-8.177012205123901e-05,0.001776448857434908,-0.7347016930580139,0.8442680835723877,0.8997712135314941,-0.7457118034362793,1.6127638164780917,-0.001911073923110962,-0.0004595145583152771,0.0002555549144744873,-0.000922568142414093,0.001965900830119899,-0.8294265270233154,0.7335487604141235,0.8199009895324707,-0.8486266732215881,1.6169209817038095,0.04775805398821831,-0.03404471278190613,0.048087820410728455,-0.03430259972810745,0.048029422760009766,-0.03434723988175392,-0.0016773119568824768,-0.00018291175365447998,0.0005185604095458984,-0.0005494803190231323,0.001755691964094118,-0.8362792134284973,0.7119699716567993,0.7239971160888672,-0.9075384140014648,1.590796602800939,57.286390239000006,True,-0.0002292916178703308,-0.0002730637788772583,-0.00026300549507141113,-0.0003732740879058838,0.0005788591546317822,0.006837769877165556,0.021589918062090874,0.09593553096055984,0.05894340202212334,0.11391388134937579,ROA_1002_model21000_delay30,2864,2026-10-02_14-30-02,0.044515516608953476,-0.034486327320337296
-0.0014506280422210693,0.0001903623342514038,0.0009657815098762512,-7.115304470062256e-05,0.0017539221088940554,-0.7315892577171326,0.843755841255188,0.899199366569519,-0.7455422878265381,1.610591380455649,-0.0018982216715812683,-0.00038929283618927,0.0001989305019378662,-0.0009287148714065552,0.0019377525575318662,-0.8268057703971863,0.7326974868774414,0.8195694088935852,-0.8492786288261414,1.6153818746505844,0.04686368629336357,-0.03394484147429466,0.046842459589242935,-0.03395124524831772,0.046862777322530746,-0.03394250571727753,-0.0016627833247184753,-0.00012721866369247437,0.0004678964614868164,-0.0005487352609634399,0.0017275826865263022,-0.8266158103942871,0.7181316018104553,0.7190554738044739,-0.9113307595252991,1.5888142430846803,57.30639234,True,-0.0002341344952583313,-0.0002643093466758728,-0.00027436763048171997,-0.0003766268491744995,0.000584024376143732,-0.00019557772611733526,0.014640389941632748,0.10049156099557877,0.06204843148589134,0.11834625372995973,ROA_1002_model21000_delay30,2865,2026-10-02_14-30-02,0.043461307883262634,-0.0341961532831192
-0.0014590099453926086,0.0002380460500717163,0.0009356066584587097,-6.873160600662231e-05,0.001749446113648915,-0.7281768918037415,0.8438117504119873,0.8950009346008301,-0.7417573928833008,1.6048455207872985,-0.001882016658782959,-0.00031366944313049316,0.00015888363122940063,-0.0009238719940185547,0.0019079848218863501,-0.8240174055099487,0.7323622107505798,0.815961480140686,-0.8447020649909973,1.6096370411425887,0.0449792817234993,-0.03356321156024933,0.044930510222911835,-0.03357909247279167,0.04497698321938515,-0.03355460986495018,-0.0016391277313232422,-5.420297384262085e-05,0.00043194741010665894,-0.0005509704351425171,0.0016976322556368874,-0.8165817260742188,0.7257480025291443,0.7147620916366577,-0.9078755378723145,1.5839461860502868,57.32639204,True,-0.00023767352104187012,-0.0002590939402580261,-0.0002769753336906433,-0.00037401914596557617,0.0005825454202231018,-0.007474794518202543,0.006584450136870146,0.10118073970079422,0.06315857172012329,0.119309456734108,ROA_1002_model21000_delay30,2866,2026-10-02_14-30-02,0.04139889404177666,-0.033663082867860794
-0.0014761462807655334,0.0002771615982055664,0.0009397044777870178,-6.761401891708374e-05,0.0017706528733368232,-0.7233526110649109,0.8381269574165344,0.8940547108650208,-0.738903820514679,1.5977885329187944,-0.0019079074263572693,-0.00027101486921310425,0.00015925616025924683,-0.0009203329682350159,0.001927330242740893,-0.8187218904495239,0.7269977927207947,0.8144657611846924,-0.8419342041015625,1.6022981583680065,0.044108014553785324,-0.03390882909297943,0.04408344253897667,-0.03394536301493645,0.044119492173194885,-0.03392693027853966,-0.0016655772924423218,-1.173466444015503e-05,0.0004386529326438904,-0.000548921525478363,0.0017276589136915187,-0.8113439679145813,0.7207374572753906,0.7147881984710693,-0.9046662449836731,1.577288191671545,57.346393468,True,-0.00024158507585525513,-0.00025704503059387207,-0.00027567148208618164,-0.00037141144275665283,0.000580793770167984,-0.007372349034994841,0.0062491740100085735,0.09967013448476791,0.06268732249736786,0.1177810568326312,ROA_1002_model21000_delay30,2867,2026-10-02_14-30-02,0.04035253822803497,-0.033873870968818665
-0.001498498022556305,0.0003032386302947998,0.0009460374712944031,-7.655471563339233e-05,0.0017969749688867543,-0.7218568921089172,0.8367244005203247,0.8948538303375244,-0.7381457686424255,1.5964071230941825,-0.0019280239939689636,-0.00023730099201202393,0.00016372650861740112,-0.0009218230843544006,0.001943406046590045,-0.8172541260719299,0.7256157398223877,0.8147954344749451,-0.841300904750824,1.6007748650891718,0.04318922385573387,-0.03435724228620529,0.04316938295960426,-0.03438560292124748,0.04319990053772926,-0.03437184542417526,-0.0016838312149047852,1.5459954738616943e-05,0.0004462897777557373,-0.0005561858415603638,0.0017497973535045958,-0.8094254732131958,0.7202643752098083,0.716874361038208,-0.9026638865470886,1.576126414103891,57.366396177000006,True,-0.0002462416887283325,-0.0002557411789894104,-0.0002810731530189514,-0.0003674998879432678,0.0005823016432962745,-0.007802620064467192,0.005355104338377714,0.09793601185083389,0.06139836832880974,0.11565244627584384,ROA_1002_model21000_delay30,2868,2026-10-02_14-30-02,0.039400309324264526,-0.03424091637134552
-0.0014774501323699951,0.00029746443033218384,0.0009132549166679382,-4.805624485015869e-05,0.0017591694173242757,-0.7179267406463623,0.8349716067314148,0.8914544582366943,-0.735649824142456,1.5905952924210145,-0.001901388168334961,-0.0002382323145866394,0.00012833625078201294,-0.0008985400199890137,0.0019163367727889813,-0.8139982223510742,0.7237735986709595,0.8118208050727844,-0.8387286067008972,1.5954320028889777,0.0426805205643177,-0.03454984351992607,0.04266148805618286,-0.03455788269639015,0.0426805205643177,-0.03454984351992607,-0.001658126711845398,1.564621925354004e-05,0.0004163011908531189,-0.0005325302481651306,0.0017163124753768683,-0.8024274706840515,0.7218140959739685,0.7110666036605835,-0.9024198651313782,1.5706233087870984,57.386398789000005,True,-0.00024214386940002441,-0.00025313347578048706,-0.0002807006239891052,-0.0003725290298461914,0.000582408522260699,-0.011514871381223202,0.0019706785678863525,0.10074115544557571,0.06365776062011719,0.11948550181050685,ROA_1002_model21000_delay30,2869,2026-10-02_14-30-02,0.03903752565383911,-0.03422735258936882
-0.0013764947652816772,0.000256858766078949,0.0008409842848777771,-1.5459954738616943e-05,0.0016290853540461654,-0.7129534482955933,0.8366442918777466,0.8866898417472839,-0.7348805069923401,1.586086126667859,-0.001773238182067871,-0.000247173011302948,3.427267074584961e-05,-0.000889413058757782,0.0017932951682887825,-0.8106231093406677,0.7250252962112427,0.8078832030296326,-0.8379257917404175,1.5918907387730692,0.04229653999209404,-0.03537016361951828,0.0422784648835659,-0.03537428006529808,0.042296409606933594,-0.03536705672740936,-0.001535750925540924,-4.656612873077393e-06,0.0003257766366004944,-0.0005092471837997437,0.001573540695378789,-0.7893480062484741,0.7319449782371521,0.7011834383010864,-0.906549334526062,1.5670445513863365,57.406400601,True,-0.00023711472749710083,-0.00024568289518356323,-0.0002902001142501831,-0.0003779307007789612,0.0005853649904952869,-0.021256504580378532,-0.006880610715597868,0.10664760321378708,0.06862729787826538,0.12865007964424754,ROA_1002_model21000_delay30,2870,2026-10-02_14-30-02,0.03896033763885498,-0.03466020151972771
-0.0013014301657676697,0.0002292916178703308,0.0007878988981246948,2.421438694000244e-06,0.0015338595928641274,-0.7106307744979858,0.8398610949516296,0.8833370804786682,-0.735282838344574,1.5849707947655016,-0.0016761943697929382,-0.00024884939193725586,-2.775341272354126e-05,-0.0008899718523025513,0.0017045664237095607,-0.8091460466384888,0.7284953594207764,0.8054226040840149,-0.8380431532859802,1.5915873433681698,0.04196085035800934,-0.03655516728758812,0.04160159453749657,-0.036295462399721146,0.0416901633143425,-0.03624797239899635,-0.0014435499906539917,-1.4528632164001465e-05,0.00026561319828033447,-0.0005008652806282043,0.0014700212054794518,-0.7802210450172424,0.7419883608818054,0.6933901309967041,-0.9109619855880737,1.5666007953785512,57.426401294,True,-0.0002339482307434082,-0.0002386048436164856,-0.0002944841980934143,-0.0003900378942489624,0.0005909770395489007,-0.028865410014986992,-0.01361220981925726,0.11204368621110916,0.07304921746253967,0.13744257183467073,ROA_1002_model21000_delay30,2871,2026-10-02_14-30-02,0.03886737301945686,-0.03566313907504082
-0.0012390315532684326,0.0001905485987663269,0.0007444992661476135,3.371387720108032e-05,0.0014529104842952731,-0.7084868550300598,0.8425395488739014,0.8809752464294434,-0.7341112494468689,1.5834076563000454,-0.0015949830412864685,-0.0002644956111907959,-7.227063179016113e-05,-0.0008536502718925476,0.0016352031128188237,-0.8071269392967224,0.731553852558136,0.8025690317153931,-0.8370559215545654,1.590065289371414,0.04136662557721138,-0.037652548402547836,0.040992509573698044,-0.03736938536167145,0.04107797518372536,-0.03731369599699974,-0.0013617798686027527,-2.4400651454925537e-05,0.00022426247596740723,-0.00046677887439727783,0.0013812169809226797,-0.7737148404121399,0.7501188516616821,0.6926562190055847,-0.9083114266395569,1.566023626828896,57.44640573,True,-0.00023227185010910034,-0.00023655593395233154,-0.00029653310775756836,-0.0003857538104057312,0.0005878364422345449,-0.033427029848098755,-0.018544495105743408,0.10990350693464279,0.0711735337972641,0.1363798554919749,ROA_1002_model21000_delay30,2872,2026-10-02_14-30-02,0.03812937065958977,-0.036616209894418716
-0.0012706965208053589,0.00019427388906478882,0.0007899478077888489,2.738088369369507e-05,0.0015038309864602568,-0.7086917161941528,0.8417143821716309,0.8848364949226379,-0.7333922982215881,1.5847280789921763,-0.0016422942280769348,-0.0002823770046234131,7.450580596923828e-06,-0.0008150935173034668,0.0016730556244497572,-0.805886447429657,0.731363832950592,0.8043925762176514,-0.8366982936859131,1.5901364113135077,0.041194189339876175,-0.03824457898736,0.040844690054655075,-0.037959158420562744,0.04090486839413643,-0.037908028811216354,-0.0014077872037887573,-3.7997961044311523e-05,0.00029765069484710693,-0.00044405460357666016,0.0014400562989712424,-0.7786489725112915,0.7452331185340881,0.706510603427887,-0.8977483510971069,1.5667327000094136,57.46640175,True,-0.00023171305656433105,-0.0002464279532432556,-0.00029318034648895264,-0.0003732740879058838,0.0005823294362960771,-0.027293337509036064,-0.013889743946492672,0.09792669862508774,0.061040740460157394,0.11936036416601013,ROA_1002_model21000_delay30,2873,2026-10-02_14-30-02,0.03744622319936752,-0.03734484687447548
-0.0013431534171104431,0.00021085143089294434,0.0009246170520782471,-7.413327693939209e-05,0.0016448614219621025,-0.7045119404792786,0.8300728797912598,0.8832160234451294,-0.726079523563385,1.5725014222271305,-0.0017719343304634094,-0.00034086406230926514,0.00018309801816940308,-0.000850483775138855,0.0018045544659571172,-0.7973666787147522,0.7219947576522827,0.8000097870826721,-0.8294246792793274,1.5755015346653631,0.04175466671586037,-0.039761755615472794,0.041423480957746506,-0.039475005120038986,0.0414663627743721,-0.03942875191569328,-0.0015290454030036926,-7.413327693939209e-05,0.0004721805453300476,-0.0004984438419342041,0.0016023009410601927,-0.7899850010871887,0.7179993987083435,0.7191933393478394,-0.8763744831085205,1.5530733697604908,57.486405003,True,-0.00024084001779556274,-0.0002693384885787964,-0.0002915039658546448,-0.00034943222999572754,0.000580973496997523,-0.007404014002531767,0.004032626748085022,0.0807940885424614,0.04696473106741905,0.09355544523390331,ROA_1002_model21000_delay30,2874,2026-10-02_14-30-02,0.03726945444941521,-0.03891264274716377
-0.0013729557394981384,0.00023934990167617798,0.0009501352906227112,-0.000112876296043396,0.0016899575521639018,-0.7048919200897217,0.8317008018493652,0.8819345235824585,-0.7241889238357544,1.5718537141589426,-0.0018028542399406433,-0.00032391399145126343,0.00021606683731079102,-0.0008774921298027039,0.001832911491217313,-0.7972661256790161,0.7233097553253174,0.7983334064483643,-0.8270646929740906,1.573998689408711,0.04283760488033295,-0.040489841252565384,0.04224672541022301,-0.03989864140748978,0.04221624508500099,-0.039892978966236115,-0.0015618279576301575,-5.3085386753082275e-05,0.0005016103386878967,-0.000531412661075592,0.0016446454807329486,-0.7902998328208923,0.7200669050216675,0.7189903259277344,-0.874068558216095,1.5529310160318208,57.506406751,True,-0.00023655593395233154,-0.00027492642402648926,-0.000286102294921875,-0.0003462657332420349,0.0005772919149999655,-0.006940215360373259,0.0032763925846666098,0.0793021097779274,0.04699639603495598,0.09228252954128366,ROA_1002_model21000_delay30,2875,2026-10-02_14-30-02,0.03821275010704994,-0.039484601467847824
-0.001276656985282898,0.00021494925022125244,0.0009121373295783997,-0.0001348555088043213,0.0015893428333783283,-0.7036886811256409,0.8393227458000183,0.8778311014175415,-0.7254648804664612,1.5734820942893604,-0.0016760081052780151,-0.0003043562173843384,0.000155717134475708,-0.0009259209036827087,0.0017034818970089597,-0.7977802157402039,0.72999107837677,0.7953196167945862,-0.8274335265159607,1.5760625624100468,0.04204755276441574,-0.04121054336428642,0.04208338260650635,-0.041227251291275024,0.04205863177776337,-0.04122615233063698,-0.0014360994100570679,-3.5390257835388184e-05,0.0004461035132408142,-0.0005789101123809814,0.0015111214225180913,-0.7788519859313965,0.7388908267021179,0.7095857858657837,-0.8820909857749939,1.5566762825303941,57.526404435,True,-0.00023674219846725464,-0.00026691704988479614,-0.00029262155294418335,-0.00034496188163757324,0.0005760897818045642,-0.01895427703857422,-0.00883452594280243,0.08580087870359421,0.05467421934008598,0.1038325123084882,ROA_1002_model21000_delay30,2876,2026-10-02_14-30-02,0.03775708004832268,-0.03983444347977638
-0.0011855736374855042,0.00016558915376663208,0.0008499249815940857,-0.00011511147022247314,0.0014726232898507646,-0.7025598883628845,0.8466001152992249,0.8733309507369995,-0.7261093258857727,1.5745057711471055,-0.0015458092093467712,-0.0003086403012275696,7.711350917816162e-05,-0.0009203329682350159,0.0015815409062338505,-0.7983203530311584,0.7362924218177795,0.7923040390014648,-0.8270050883293152,1.5775779313286835,0.041290320456027985,-0.04235093295574188,0.04130394011735916,-0.04233219474554062,0.04127996787428856,-0.042336396872997284,-0.0013105571269989014,-4.7497451305389404e-05,0.00036694109439849854,-0.0005695968866348267,0.0013660879929253108,-0.7681026458740234,0.7570553421974182,0.7015894651412964,-0.8865352272987366,1.55950607609956,57.546405223,True,-0.00023636966943740845,-0.00026244670152664185,-0.0002902001142501831,-0.00034812837839126587,0.0005744951699712962,-0.030180437490344048,-0.020753590390086174,0.09072012454271317,0.05953944846987724,0.11452552304598566,ROA_1002_model21000_delay30,2877,2026-10-02_14-30-02,0.03711405768990517,-0.0406239852309227
-0.0012014061212539673,0.00018849968910217285,0.0008665025234222412,-0.0001296401023864746,0.0014988383403150554,-0.7060765624046326,0.8511859774589539,0.875828742980957,-0.7281675338745117,1.5808058925954334,-0.0015586614608764648,-0.0002942979335784912,9.94652509689331e-05,-0.0009138137102127075,0.0015886360604922705,-0.8012726306915283,0.7410868406295776,0.7939990162849426,-0.8291043043136597,1.5832867245528317,0.0408824160695076,-0.04393744841217995,0.040549136698246,-0.04366273060441017,0.040613606572151184,-0.04362509772181511,-0.001323409378528595,-2.291053533554077e-05,0.00039748847484588623,-0.0005738809704780579,0.0013906114778515055,-0.7721483111381531,0.7611885070800781,0.7094684839248657,-0.8831601142883301,1.5654785488404865,57.56640646,True,-0.00023655593395233154,-0.0002676621079444885,-0.0002944841980934143,-0.00034030526876449585,0.0005745622626893668,-0.02911500446498394,-0.02012401632964611,0.08458643406629562,0.05408189818263054,0.10644688152112157,ROA_1002_model21000_delay30,2878,2026-10-02_14-30-02,0.03660465031862259,-0.04227897524833679
-0.0013574957847595215,0.00023189932107925415,0.001009926199913025,-0.0001782551407814026,0.0017170548617641875,-0.7105022072792053,0.8464734554290771,0.8835717439651489,-0.7268283367156982,1.5839657294648661,-0.0017737969756126404,-0.00032242387533187866,0.0003039836883544922,-0.0008806586265563965,0.0018103469499243048,-0.8015483021736145,0.7378942966461182,0.7981191873550415,-0.8285119533538818,1.5837112765189718,0.04023483768105507,-0.044063299894332886,0.0404692068696022,-0.04439285397529602,0.040633734315633774,-0.04428530111908913,-0.0015249475836753845,-3.203749656677246e-05,0.0005844980478286743,-0.0005660578608512878,0.0016433290693911203,-0.7942858934402466,0.7387045621871948,0.7361769080162048,-0.8623562455177307,1.5665477653676458,57.586408208,True,-0.0002477318048477173,-0.00029597431421279907,-0.00028852373361587524,-0.00031441450119018555,0.0005752425950712515,-0.007236375939100981,-0.0007655470981262624,0.06197020038962364,0.033874064683914185,0.07094324867844776,ROA_1002_model21000_delay30,2879,2026-10-02_14-30-02,0.035303160548210144,-0.04284428805112839
-0.0015800818800926208,0.0003596767783164978,0.0012114644050598145,-0.00032801181077957153,0.0020493026252745433,-0.7136203050613403,0.8362680077552795,0.8880905508995056,-0.7216911315917969,1.5803120579518393,-0.00208485871553421,-0.0003034248948097229,0.00056438148021698,-0.000947900116443634,0.0021604985381713177,-0.800499677658081,0.7290970087051392,0.797679603099823,-0.8257310390472412,1.5773306575393355,0.040512263774871826,-0.04380076751112938,0.04072892665863037,-0.04411840811371803,0.04088494926691055,-0.04398762807250023,-0.0018278136849403381,2.5704503059387207e-05,0.0008493661880493164,-0.0006515532732009888,0.0020393309428537593,-0.8197351694107056,0.7052589058876038,0.7577500939369202,-0.8398517370223999,1.5617820593197285,57.606411076,True,-0.000260770320892334,-0.0003287568688392639,-0.0002868473529815674,-0.00029336661100387573,0.000586093045755202,0.01919083297252655,0.023825092241168022,0.03991834446787834,0.01419894304126501,0.05050217604664083,ROA_1002_model21000_delay30,2880,2026-10-02_14-30-02,0.03533468395471573,-0.04341991990804672
-0.0016633421182632446,0.0004258006811141968,0.0013200566172599792,-0.0004470348358154297,0.0022099000235459476,-0.7129366993904114,0.8329246044158936,0.8852555751800537,-0.7181633114814758,1.5751223062521758,-0.0021982938051223755,-0.0002689659595489502,0.0006962567567825317,-0.0010350719094276428,0.0023067895193113167,-0.7991213202476501,0.725403368473053,0.7932111024856567,-0.822517991065979,1.5709255254083663,0.04181536287069321,-0.04389578849077225,0.04178023338317871,-0.04391699656844139,0.0418684147298336,-0.04383481666445732,-0.0019339844584465027,6.314367055892944e-05,0.0009765848517417908,-0.0007539987564086914,0.0022058268490325913,-0.8252654075622559,0.6949938535690308,0.7605235576629639,-0.8311643600463867,1.5566274149162884,57.626409112000005,True,-0.0002648681402206421,-0.000338628888130188,-0.0002814456820487976,-0.0002851709723472595,0.0005867052154551041,0.026145948097109795,0.030510125681757927,0.03269314765930176,0.008568167686462402,0.050192381298234466,ROA_1002_model21000_delay30,2881,2026-10-02_14-30-02,0.036952417343854904,-0.043473873287439346
-0.001553073525428772,0.00042635947465896606,0.0011954456567764282,-0.00042282044887542725,0.0020485456472805995,-0.7159336805343628,0.849230170249939,0.8822474479675293,-0.7245559096336365,1.5861835094997596,-0.0020042061805725098,-0.00017713755369186401,0.0005038455128669739,-0.0010943040251731873,0.0020696191604525076,-0.8067544102668762,0.7394533157348633,0.7936804890632629,-0.8280817270278931,1.5845086905451038,0.04194187372922897,-0.04364098981022835,0.04222102090716362,-0.04398726671934128,0.04235291853547096,-0.043882083147764206,-0.0017484650015830994,0.00013578683137893677,0.0008003786206245422,-0.0007851049304008484,0.0019812954817141908,-0.8066836595535278,0.7333866953849792,0.740161120891571,-0.8561499118804932,1.5686126159772533,57.646424174,True,-0.00025276094675064087,-0.0003129243850708008,-0.0002982094883918762,-0.00031068921089172363,0.0005887577305954336,-5.215406054048799e-05,0.006062909495085478,0.053489577025175095,0.028137115761637688,0.060502911571514634,ROA_1002_model21000_delay30,2882,2026-10-02_14-30-02,0.03761263191699982,-0.042537152767181396
-0.0014690682291984558,0.0004213303327560425,0.0011101365089416504,-0.0003999099135398865,0.0019298084043494518,-0.717464804649353,0.8587948679924011,0.880027174949646,-0.7280688285827637,1.5922719667797476,-0.0018849968910217285,-0.00013578683137893677,0.00039152801036834717,-0.001113303005695343,0.0019286416669213892,-0.8105039000511169,0.7478985786437988,0.7933955192565918,-0.8315704464912415,1.592071289104692,0.041041500866413116,-0.044249527156353,0.04126964882016182,-0.04457459971308708,0.041425276547670364,-0.044459082186222076,-0.0016339123249053955,0.0001687556505203247,0.000690855085849762,-0.0007925555109977722,0.001842418477948268,-0.7965694665908813,0.7549225687980652,0.7293428778648376,-0.8686370849609375,1.5757085124706125,57.666412353000005,True,-0.0002507120370864868,-0.0003037974238395691,-0.00029671937227249146,-0.0003173947334289551,0.000586179305479614,-0.0138673922047019,-0.007057562004774809,0.06399862468242645,0.03709085285663605,0.07558426688025478,ROA_1002_model21000_delay30,2883,2026-10-02_14-30-02,0.03685740381479263,-0.04270908609032631
-0.001500733196735382,0.0004377216100692749,0.0011412426829338074,-0.00040959566831588745,0.0019775270721778372,-0.720411479473114,0.8597894906997681,0.8836630582809448,-0.7291882634162903,1.5966354789869606,-0.0019397586584091187,-0.00015683472156524658,0.0004414469003677368,-0.0010974705219268799,0.0019923342127423473,-0.8121262788772583,0.7492880821228027,0.7959734201431274,-0.8332989811897278,1.5957469851783477,0.03985792398452759,-0.044742777943611145,0.040066804736852646,-0.04512414336204529,0.04032634571194649,-0.04492931440472603,-0.0016812235116958618,0.0001646578311920166,0.0007351860404014587,-0.0007839873433113098,0.0019005488826546197,-0.8050929307937622,0.750638484954834,0.7380395531654358,-0.8641946911811829,1.5795929686286851,57.686415605,True,-0.00025779008865356445,-0.000317208468914032,-0.0002942979335784912,-0.0003162771463394165,0.0005944106164294854,-0.007037072908133268,-0.0013317911652848125,0.05790404602885246,0.030931083485484123,0.06600280352333542,ROA_1002_model21000_delay30,2884,2026-10-02_14-30-02,0.03494971990585327,-0.04331354796886444
-0.0016417354345321655,0.00048782676458358765,0.001280754804611206,-0.00044889748096466064,0.0021845994914716097,-0.7257591485977173,0.8577871918678284,0.8927974700927734,-0.7296129465103149,1.6031910199447421,-0.0021321699023246765,-0.0001600012183189392,0.0006269663572311401,-0.001066550612449646,0.0022287745175692546,-0.8143503069877625,0.7487199902534485,0.8029155135154724,-0.8338819742202759,1.600440735583274,0.03931163623929024,-0.04383785277605057,0.040209151804447174,-0.04491911455988884,0.04046305641531944,-0.044704508036375046,-0.0018648803234100342,0.00018067657947540283,0.0009145587682723999,-0.0007778406143188477,0.002142920199302594,-0.8257589936256409,0.7358435392379761,0.7630307078361511,-0.8490495085716248,1.5870421701601043,57.706418698,True,-0.0002736225724220276,-0.00034552067518234253,-0.00028423964977264404,-0.00028759241104125977,0.0005972330325017603,0.011418013833463192,0.0129528334364295,0.039849426597356796,0.015188007615506649,0.045384647068747896,ROA_1002_model21000_delay30,2885,2026-10-02_14-30-02,0.03397008776664734,-0.042957715690135956
-0.0018112361431121826,0.0005407258868217468,0.001452118158340454,-0.0005219131708145142,0.0024391991895828208,-0.7278769612312317,0.8500497341156006,0.8993874788284302,-0.7256473898887634,1.6019000461570205,-0.002366863191127777,-0.0001819804310798645,0.000860355794429779,-0.0010604038834571838,0.002527174249437154,-0.8135567903518677,0.7418729066848755,0.8056480288505554,-0.8307545781135559,1.596582082848287,0.03929755091667175,-0.041259244084358215,0.040748968720436096,-0.04297195002436638,0.04115564376115799,-0.04257092997431755,-0.0020798295736312866,0.00018477439880371094,0.0011337921023368835,-0.0007973983883857727,0.002434529736253193,-0.846587061882019,0.7117874622344971,0.7903128266334534,-0.8253361582756042,1.5880084313303027,57.726421854,True,-0.00028461217880249023,-0.0003723427653312683,-0.0002721324563026428,-0.00025779008865356445,0.0005983073929978261,0.032979995012283325,0.030133871361613274,0.015335156582295895,-0.005438923370093107,0.04539602351065392,ROA_1002_model21000_delay30,2886,2026-10-02_14-30-02,0.033797457814216614,-0.040879830718040466
-0.001890026032924652,0.0005651265382766724,0.0015445053577423096,-0.0005830079317092896,0.002570801936354852,-0.7282178401947021,0.8459202647209167,0.8998661637306213,-0.7235705256462097,1.5992914507369285,-0.0024674460291862488,-0.00016335397958755493,0.0009592622518539429,-0.0011080875992774963,0.00266142464054823,-0.814696729183197,0.7365196347236633,0.8062868714332581,-0.8281431794166565,1.5935928808730375,0.04125916585326195,-0.03938545286655426,0.042682040482759476,-0.04104769602417946,0.04307884722948074,-0.040646813809871674,-0.0021774321794509888,0.00020526349544525146,0.0012394040822982788,-0.0008506700396537781,0.0025806448355926823,-0.8509065508842468,0.7041264176368713,0.7921997308731079,-0.8224602341651917,1.5861397272275577,57.746435123000005,True,-0.0002859160304069519,-0.00036656856536865234,-0.00027548521757125854,-0.00025816261768341064,0.0005971516818799657,0.03623589873313904,0.032413750886917114,0.014025717042386532,-0.005740671884268522,0.04910463328582453,ROA_1002_model21000_delay30,2887,2026-10-02_14-30-02,0.03629039600491524,-0.039082325994968414
-0.001753680408000946,0.0005180016160011292,0.0014552846550941467,-0.00058002769947052,0.002405414821729323,-0.7232837080955505,0.847957968711853,0.8919163942337036,-0.7241032719612122,1.5939644551715906,-0.002277269959449768,-0.0001436099410057068,0.000809691846370697,-0.0011701136827468872,0.002434419778540962,-0.8139498233795166,0.7361881136894226,0.801000714302063,-0.8276979923248291,1.5900885158287539,0.043079789727926254,-0.040155552327632904,0.04421454295516014,-0.04149666801095009,0.04456806927919388,-0.04116465523838997,-0.0019960105419158936,0.00019446015357971191,0.001099705696105957,-0.0008957460522651672,0.0023643983306538725,-0.8307154774665833,0.7200352549552917,0.7690861225128174,-0.838270366191864,1.5794235115772761,57.766424743,True,-0.0002818182110786438,-0.0003343448042869568,-0.00029001384973526,-0.00027604401111602783,0.0005920031005177719,0.016804784536361694,0.016145408153533936,0.03191828727722168,0.010622664354741573,0.04004950029281785,ROA_1002_model21000_delay30,2888,2026-10-02_14-30-02,0.03891420364379883,-0.038936734199523926
-0.001545436680316925,0.00045783817768096924,0.0012317672371864319,-0.00048298388719558716,0.0020834692163003996,-0.7152743339538574,0.8530895709991455,0.8789691925048828,-0.7226168513298035,1.5850991939107155,-0.001963600516319275,-7.413327693939209e-05,0.0005124136805534363,-0.0011565163731575012,0.00204658951823195,-0.8111371994018555,0.7394533157348633,0.7910876870155334,-0.8256341814994812,1.5840976385605978,0.04263310134410858,-0.04110032692551613,0.0441296212375164,-0.042719386518001556,0.044405464082956314,-0.04245692119002342,-0.0017015263438224792,0.00022035092115402222,0.0008219853043556213,-0.000856444239616394,0.0019848227254853374,-0.796306848526001,0.7506943941116333,0.7371697425842285,-0.8552818894386292,1.5703382994931223,57.786421179,True,-0.0002602115273475647,-0.0002941116690635681,-0.0003127381205558777,-0.00030100345611572266,0.0005848716218383393,-0.014863907359540462,-0.011272727511823177,0.053897496312856674,0.029645858332514763,0.06422673041571907,ROA_1002_model21000_delay30,2889,2026-10-02_14-30-02,0.039443545043468475,-0.039196569472551346
-0.0014357268810272217,0.0004241243004798889,0.001103617250919342,-0.00039134174585342407,0.0018999673013095277,-0.705346405506134,0.846788227558136,0.8693169355392456,-0.7137674689292908,1.567709255679242,-0.0018090009689331055,-5.122274160385132e-05,0.00034105032682418823,-0.001093931496143341,0.001850444574824941,-0.8045043349266052,0.7314141392707825,0.7821265459060669,-0.8170865178108215,1.5679883061481872,0.04129577800631523,-0.040538519620895386,0.042685408145189285,-0.04210274666547775,0.04306752607226372,-0.0417725071310997,-0.001560710370540619,0.0002259388566017151,0.0006685033440589905,-0.0007830560207366943,0.0017852077877849595,-0.7741395235061646,0.7567014098167419,0.7210634350776672,-0.8523314595222473,1.5533467143132569,57.806424591,True,-0.0002523884177207947,-0.0002741813659667969,-0.00032354146242141724,-0.00031068921089172363,0.0005828981733495923,-0.030454246327280998,-0.02532265894114971,0.06112455949187279,0.03525242209434509,0.08070384621162881,ROA_1002_model21000_delay30,2890,2026-10-02_14-30-02,0.03806328773498535,-0.038811568170785904
-0.001465342938899994,0.00037122517824172974,0.0011608004570007324,-0.0003693625330924988,0.0019405391625200476,-0.6903297901153564,0.8160117864608765,0.8642449378967285,-0.6957277059555054,1.533580932588539,-0.001903437077999115,-0.0001646578311920166,0.00047087669372558594,-0.0009756535291671753,0.0019627063277563228,-0.7872636914253235,0.7012821435928345,0.7745772004127502,-0.7987375855445862,1.531798968852547,0.04080604389309883,-0.039017580449581146,0.04188025742769241,-0.04032443091273308,0.04230772331357002,-0.03991890698671341,-0.001631118357181549,0.00011865049600601196,0.0007819384336471558,-0.000700727105140686,0.001859608061142775,-0.776642918586731,0.7074456214904785,0.7375906705856323,-0.8122361898422241,1.5173198141327247,57.826427492,True,-0.0002678483724594116,-0.0002864748239517212,-0.0003119930624961853,-0.00027976930141448975,0.0005733992553483817,-0.010646878741681576,-0.006195157300680876,0.036951154470443726,0.013493000529706478,0.04116911435696935,ROA_1002_model21000_delay30,2891,2026-10-02_14-30-02,0.036923713982105255,-0.03777645528316498
-0.0017004087567329407,0.0004034489393234253,0.001414865255355835,-0.00045709311962127686,0.0022927785249871706,-0.6855167150497437,0.7866843938827515,0.8734185099601746,-0.6864182353019714,1.5173885213221343,-0.0022660940885543823,-0.0002430751919746399,0.0007933005690574646,-0.0009773299098014832,0.002403142367953952,-0.7784738540649414,0.6736609935760498,0.7796827554702759,-0.7912348508834839,1.5133424399848923,0.04466259852051735,-0.03964924067258835,0.04428233578801155,-0.03970779478549957,0.04479948803782463,-0.03909020125865936,-0.0019665807485580444,5.848705768585205e-05,0.0010930001735687256,-0.0007243826985359192,0.002288386765584626,-0.8019301891326904,0.6470232605934143,0.7684826254844666,-0.7802284955978394,1.5012430876405416,57.846429304000004,True,-0.000299699604511261,-0.0003043562173843384,-0.0003041699528694153,-0.000254996120929718,0.0005824308594164639,0.02345442585647106,0.026615334674715996,0.011196359060704708,-0.011049210093915462,0.03548894184408985,ROA_1002_model21000_delay30,2892,2026-10-02_14-30-02,0.04044873267412186,-0.03919656202197075
-0.0017510727047920227,0.0004371628165245056,0.001510418951511383,-0.0005576759576797485,0.0024150754252693575,-0.6839520931243896,0.7809884548187256,0.8745025396347046,-0.6882026195526123,1.5154170120403865,-0.0022863969206809998,-0.00016707926988601685,0.0008298084139823914,-0.0011285766959190369,0.002445789437321202,-0.7800068259239197,0.6663668751716614,0.783204972743988,-0.7914956212043762,1.512728588763378,0.0501512847840786,-0.03989080339670181,0.050424542278051376,-0.04046041518449783,0.05082942545413971,-0.039944253861904144,-0.0019954517483711243,0.00010952353477478027,0.0011563301086425781,-0.0008614733815193176,0.0023710825668988153,-0.7938276529312134,0.6446912288665771,0.7591693997383118,-0.7916204333305359,1.4967190287011596,57.86643105300001,True,-0.00029746443033218384,-0.0002779066562652588,-0.00032298266887664795,-0.00026673078536987305,0.000583833894227214,0.013792886398732662,0.021692363545298576,0.02403743378818035,0.00011548399197636172,0.030918037761531666,ROA_1002_model21000_delay30,2893,2026-10-02_14-30-02,0.04656863585114479,-0.03870825096964836
-0.0014951452612876892,0.00044815242290496826,0.0012071803212165833,-0.0005189329385757446,0.0020370519774882516,-0.6831921339035034,0.8075032234191895,0.8555482625961304,-0.6947293281555176,1.5209251617737594,-0.0018388032913208008,4.023313522338867e-05,0.00036284327507019043,-0.0012602657079696655,0.0019104613869963764,-0.7897149324417114,0.686654806137085,0.7735937237739563,-0.793371319770813,1.52286239526393,0.051988329738378525,-0.03961646929383278,0.05532272532582283,-0.04260718822479248,0.05510967969894409,-0.042496275156736374,-0.0015947967767715454,0.00025369226932525635,0.0007303431630134583,-0.0009523704648017883,0.0018832783654571205,-0.743888258934021,0.7169935703277588,0.6966273784637451,-0.8396822810173035,1.5002822353349798,57.886429345,True,-0.00024475157260894775,-0.0002080574631690979,-0.00036582350730895996,-0.0003159046173095703,0.0005803529002907921,-0.04581734165549278,-0.030372289940714836,0.07692165672779083,0.046288590878248215,0.10524774842416638,ROA_1002_model21000_delay30,2894,2026-10-02_14-30-02,0.050675347447395325,-0.03662960231304169
-0.0012090429663658142,0.0006148591637611389,0.0008802860975265503,-0.0005204230546951294,0.0016979094781065366,-0.6780810356140137,0.846680223941803,0.8298698663711548,-0.696632981300354,1.525734762330688,-0.0013096258044242859,0.0004544854164123535,-9.872019290924072e-05,-0.0014238059520721436,0.0015812445475242047,-0.7962397933006287,0.7213298082351685,0.7566530108451843,-0.7931478023529053,1.5338830596147996,0.04060601443052292,-0.03710773587226868,0.04809902608394623,-0.04391070082783699,0.04681273177266121,-0.04387369006872177,-0.001127086579799652,0.0006079673767089844,0.0002991408109664917,-0.0010747462511062622,0.0015660010688777813,-0.6786081790924072,0.8192453384399414,0.6321370005607605,-0.8834301829338074,1.5194841736939624,57.906429467,True,-0.00018477439880371094,-0.00015422701835632324,-0.0003995373845100403,-0.000356137752532959,0.000586805668414502,-0.11759623140096664,-0.09793228656053543,0.12450850754976273,0.09028985351324081,0.2168442605085315,ROA_1002_model21000_delay30,2895,2026-10-02_14-30-02,0.04236878082156181,-0.03404967114329338
-0.0012073665857315063,0.0006837770342826843,0.0010658055543899536,-0.0007700175046920776,0.0019086834594731086,-0.6776302456855774,0.8452646136283875,0.8351690769195557,-0.6986632347106934,1.5284479104671245,-0.0013066455721855164,0.0005148351192474365,8.009374141693115e-05,-0.0016862526535987854,0.0018650144941787373,-0.7922686338424683,0.7238965034484863,0.7610134482383728,-0.7951464056968689,1.5363808273911232,0.03331876918673515,-0.03882225230336189,0.036956459283828735,-0.04221104830503464,0.03662623465061188,-0.04212813451886177,-0.0011252239346504211,0.0006722286343574524,0.00046510249376296997,-0.0013262033462524414,0.001807557139137487,-0.6799343824386597,0.8166264295578003,0.635415256023407,-0.8865091800689697,1.5217762682498703,57.926431084,True,-0.00018291175365447998,-0.00015869736671447754,-0.0003803521394729614,-0.00036191195249557495,0.0005780896318287159,-0.11235474795103073,-0.0927615836262703,0.12559257447719574,0.09131617099046707,0.21283271170273194,ROA_1002_model21000_delay30,2896,2026-10-02_14-30-02,0.03295112028717995,-0.035899341106414795
-0.0014705583453178406,0.0005712732672691345,0.0014904886484146118,-0.0008994713425636292,0.002340719495508231,-0.6829425096511841,0.809326708316803,0.8702855110168457,-0.7022954225540161,1.5331511353462768,-0.001833215355873108,0.00013727694749832153,0.0006765127182006836,-0.0016264617443084717,0.0021705457887009425,-0.7812678217887878,0.696837842464447,0.785054624080658,-0.8036028146743774,1.5346923318973205,0.03651948273181915,-0.044087182730436325,0.032930389046669006,-0.041495852172374725,0.03417995944619179,-0.04079157114028931,-0.0015925616025924683,0.0003676861524581909,0.0010231509804725647,-0.0013120472431182861,0.002198245559381268,-0.7497723698616028,0.7190126776695251,0.7185767889022827,-0.8429213762283325,1.5166489596102055,57.946432765000004,True,-0.00023953616619110107,-0.00023134052753448486,-0.0003477558493614197,-0.0003125518560409546,0.0005739548798280907,-0.03145262598991394,-0.022158024832606316,0.06647035479545593,0.039318572729825974,0.08623806320738822,ROA_1002_model21000_delay30,2897,2026-10-02_14-30-02,0.03153099864721298,-0.04232800751924515
-0.0018889084458351135,0.0006102025508880615,0.0018715858459472656,-0.0009270384907722473,0.002873610266579279,-0.6953216791152954,0.7841567993164062,0.9032319784164429,-0.7052868008613586,1.546539630801433,-0.0024801120162010193,-6.92903995513916e-05,0.0012228265404701233,-0.0014767050743103027,0.0028456631790395523,-0.7797423601150513,0.6802994608879089,0.8105281591415405,-0.8092801570892334,1.542735127657826,0.04404395818710327,-0.048342883586883545,0.03921854868531227,-0.0451255701482296,0.04037604108452797,-0.043646350502967834,-0.0021964311599731445,0.00023152679204940796,0.00153370201587677,-0.001208670437335968,0.0028341965214854345,-0.8187685012817383,0.6389375329017639,0.793673038482666,-0.8060168027877808,1.5324020344333336,57.966433806000005,True,-0.0002820044755935669,-0.00030156224966049194,-0.00030957162380218506,-0.00026281923055648804,0.0005781587572650321,0.038992613554000854,0.041270624846220016,0.01687183976173401,-0.003270804649218917,0.057569570878354376,ROA_1002_model21000_delay30,2898,2026-10-02_14-30-02,0.03789700195193291,-0.04873160272836685
-0.001956149935722351,0.0006327405571937561,0.0017803162336349487,-0.000823289155960083,0.0028363879141945917,-0.7025133371353149,0.788861870765686,0.9049419164657593,-0.7096584439277649,1.5553767385782633,-0.002535991370677948,-6.891787052154541e-05,0.0011205673217773438,-0.0014044344425201416,0.0028304196153216745,-0.7863286733627319,0.6851683855056763,0.8147712349891663,-0.8120741248130798,1.5519045111407206,0.05250070244073868,-0.04945952072739601,0.050905413925647736,-0.048311326652765274,0.051291324198246,-0.04766438528895378,-0.0022588297724723816,0.0002253800630569458,0.0014310702681541443,-0.0011354684829711914,0.0028017586377882373,-0.8260048627853394,0.6403810977935791,0.7859803438186646,-0.8202232122421265,1.5395136963970726,57.986439135000005,True,-0.0002678483724594116,-0.0002913177013397217,-0.000315345823764801,-0.0002693384885787964,0.0005721946655625587,0.0396873764693737,0.044832002371549606,0.028835607692599297,0.008149072527885437,0.06528746881826558,ROA_1002_model21000_delay30,2899,2026-10-02_14-30-02,0.04756584018468857,-0.04894976317882538
-0.0014100223779678345,0.0005807727575302124,0.000982917845249176,-0.000513903796672821,0.0018838850209704277,-0.6961356401443481,0.8352230787277222,0.8570905327796936,-0.7102433443069458,1.5494606969585705,-0.001652352511882782,0.0002507120370864868,0.000130385160446167,-0.0013910233974456787,0.0017539222795509186,-0.801192581653595,0.7201954126358032,0.783011257648468,-0.8083711862564087,1.557006428908662,0.0517251119017601,-0.04457619786262512,0.05966964364051819,-0.05037896707653999,0.0573907196521759,-0.05124320462346077,-0.0014610588550567627,0.00042691826820373535,0.0004682689905166626,-0.0010211020708084106,0.0017399816025242332,-0.7339678406715393,0.7685366868972778,0.6700940132141113,-0.8883159160614014,1.536077355208152,58.006435536000005,True,-0.00019688159227371216,-0.00018030405044555664,-0.00033620744943618774,-0.00036545097827911377,0.0005634335284285959,-0.06728433072566986,-0.048311423510313034,0.11287815123796463,0.07992237061262131,0.16121419352551122,ROA_1002_model21000_delay30,2900,2026-10-02_14-30-02,0.05231704190373421,-0.04101395606994629
-0.0009562820196151733,0.0009201467037200928,0.0004454515874385834,-0.000608246773481369,0.0015221040099818407,-0.688897430896759,0.912208080291748,0.8048787117004395,-0.7210187315940857,1.5656913381495983,-0.0007731840014457703,0.0011162832379341125,-0.0006684102118015289,-0.001864507794380188,0.002182194212262771,-0.8187516927719116,0.7917694449424744,0.7510538697242737,-0.8182376027107239,1.590159480551276,0.023420322686433792,-0.03148440644145012,0.04231398552656174,-0.048554372042417526,0.03651851788163185,-0.047996144741773605,-0.0006515532732009888,0.0011669471859931946,-0.00031441450119018555,-0.0013893470168113708,0.00182464971272635,-0.6140749454498291,0.9676533937454224,0.5371402502059937,-0.9849303960800171,1.6028826738300006,58.026441825000006,True,-0.00012461096048355103,-5.0105154514312744e-05,-0.0003511086106300354,-0.0004779547452926636,0.0006040947166456086,-0.20472703874111176,-0.17580574750900269,0.21391454339027405,0.1666555106639862,0.38245406573288654,ROA_1002_model21000_delay30,2901,2026-10-02_14-30-02,0.03194885328412056,-0.03074656054377556
-0.0009689480066299438,0.0007389113306999207,0.0008976086974143982,-0.0008342321962118149,0.0017261028260934063,-0.6583239436149597,0.8506215810775757,0.8113924264907837,-0.6956066489219666,1.5084654568955764,-0.0009428709745407104,0.000716187059879303,-0.00010454095900058746,-0.0018976163119077682,0.0020452729475456074,-0.7746685147285461,0.734500527381897,0.7454780340194702,-0.7892590761184692,1.5220082990548407,0.014899039641022682,-0.03285836800932884,0.021211639046669006,-0.03823235258460045,0.01971825212240219,-0.038642626255750656,-0.0007743015885353088,0.0008445233106613159,0.00020847655832767487,-0.0014915131032466888,0.0018137224335284326,-0.6319079399108887,0.8528847098350525,0.5903671979904175,-0.9064180254936218,1.51484546698496,58.046532729000006,True,-0.00016838312149047852,-0.00012442469596862793,-0.0003121327608823776,-0.00040726736187934875,0.0005515619971712334,-0.14277175068855286,-0.11838413029909134,0.15511363744735718,0.11716922372579575,0.2686082888337643,ROA_1002_model21000_delay30,2902,2026-10-02_14-30-02,0.014848437160253525,-0.02945910394191742
-0.0015914440155029297,0.0006159767508506775,0.0015305355191230774,-0.0009058043360710144,0.0024564027009312114,-0.6702858805656433,0.7843300104141235,0.8651409149169922,-0.6910673975944519,1.50667574889197,-0.0019865110516548157,9.387731552124023e-05,0.0007892027497291565,-0.0016123056411743164,0.002312233172257175,-0.7603968977928162,0.6794277429580688,0.7796417474746704,-0.7913447618484497,1.5071859752870447,0.032116323709487915,-0.04440905898809433,0.02186327427625656,-0.036352548748254776,0.02396312728524208,-0.03525169566273689,-0.0017609447240829468,0.00037010759115219116,0.0010753050446510315,-0.0012937933206558228,0.002327054447254847,-0.7552821040153503,0.6779320240020752,0.725673496723175,-0.8192508816719055,1.4901595228032314,58.066443459000006,True,-0.0002255663275718689,-0.00027082860469818115,-0.0002818182110786438,-0.00031907111406326294,0.0005526247753895682,-0.005086883436888456,0.0015087424544617534,0.0539831779897213,0.027921048924326897,0.0608970771559698,ROA_1002_model21000_delay30,2903,2026-10-02_14-30-02,0.025581853464245796,-0.044295959174633026
-0.0022882595658302307,0.0006770715117454529,0.002070888876914978,-0.0008547678589820862,0.0032688016696422657,-0.7183309197425842,0.778498113155365,0.9383484125137329,-0.7143374085426331,1.5792047914555984,-0.0030096620321273804,-0.00022649765014648438,0.0016121193766593933,-0.0012177973985671997,0.0034375458981998207,-0.7877070307731628,0.6842761635780334,0.8338000178337097,-0.8239298462867737,1.5685332627750825,0.05287003517150879,-0.053044144064188004,0.04120337590575218,-0.04497421532869339,0.042379770427942276,-0.04149632528424263,-0.002740323543548584,0.0001728534698486328,0.0018717721104621887,-0.0010076910257339478,0.0033975534890707463,-0.8899866938591003,0.5897376537322998,0.8768159747123718,-0.7675401568412781,1.5769300640823873,58.08644546,True,-0.000264681875705719,-0.00040065497159957886,-0.0002592802047729492,-0.00021550804376602173,0.0005811667741084906,0.10228528827428818,0.09455717355012894,-0.04297494515776634,-0.05635991320014,0.1559088322270488,ROA_1002_model21000_delay30,2904,2026-10-02_14-30-02,0.046302273869514465,-0.05825752019882202
-0.0024605542421340942,0.0005941838026046753,0.0020246952772140503,-0.000815466046333313,0.003333717424716541,-0.7371510863304138,0.7862597107887268,0.925127387046814,-0.7167308926582336,1.586003910545512,-0.003148987889289856,-0.0003110617399215698,0.0014774501323699951,-0.001306086778640747,0.003490835020682119,-0.8201096057891846,0.6806216835975647,0.8356086611747742,-0.816065788269043,1.5798676607288418,0.08143209666013718,-0.05009254440665245,0.08161786943674088,-0.04999971389770508,0.08143738657236099,-0.049736544489860535,-0.0028792768716812134,5.420297384262085e-05,0.0017475336790084839,-0.001050904393196106,0.0034231970191428065,-0.9005646705627441,0.5948226451873779,0.8244513869285583,-0.8064731359481812,1.5724013976085727,58.106448742000005,True,-0.00026728957891464233,-0.0003650784492492676,-0.00027082860469818115,-0.00025816261768341064,0.0005849052902012809,0.08041410893201828,0.08580087870359421,0.01117959525436163,-0.009588897228240967,0.11759526761644824,ROA_1002_model21000_delay30,2905,2026-10-02_14-30-02,0.07724849879741669,-0.05068248137831688
-0.0014334917068481445,0.0009372830390930176,5.1409006118774414e-05,-0.00033173710107803345,0.0017276875603420584,-0.7277987599372864,0.9072608947753906,0.7788054347038269,-0.7016341686248779,1.5607312268702207,-0.0014299526810646057,0.0009691342711448669,-0.0008597970008850098,-0.001570768654346466,0.0018462198571221312,-0.856948971748352,0.7841418981552124,0.7383580803871155,-0.7940362691879272,1.5877096009467944,0.05951469764113426,-0.02238117903470993,0.0967533141374588,-0.055632784962654114,0.08579081296920776,-0.0568540133535862,-0.001272745430469513,0.0010229647159576416,-0.0005843117833137512,-0.0010557472705841064,0.0016593705554712465,-0.6902999877929688,0.9190067052841187,0.5280337929725647,-0.9498744606971741,1.5781335465861717,58.126446134000005,True,-0.00015739351511001587,-5.327165126800537e-05,-0.00027492642402648926,-0.0005213543772697449,0.0006020533142646827,-0.1666974127292633,-0.1348201185464859,0.21035967767238617,0.15587173402309418,0.33832278720090464,ROA_1002_model21000_delay30,2906,2026-10-02_14-30-02,0.07727958261966705,-0.019864019006490707
-0.001979060471057892,0.002979487180709839,0.0006036832928657532,-0.0019922852516174316,0.0041054703270069,-0.7193199992179871,1.0512042045593262,0.7361154556274414,-0.7700304985046387,1.655177422619327,-0.0012477859854698181,0.004096142947673798,-0.0007450580596923828,-0.003982521593570709,0.005726141481182985,-0.8662025928497314,0.9482353329658508,0.7095131874084473,-0.8809845447540283,1.710617362073952,-0.03761465847492218,0.023650087416172028,0.027834037318825722,-0.03952038288116455,0.0037617054767906666,-0.03247760608792305,-0.0011572614312171936,0.003894791007041931,-0.0005077570676803589,-0.0032886862754821777,0.005129388768929293,-0.4872400164604187,1.318631649017334,0.3413613736629486,-1.1978726387023926,1.8768477847341658,58.146450344,True,-8.847564458847046e-05,0.00019855797290802002,-0.0002343207597732544,-0.0006910413503646851,0.0007476355065884372,-0.3789122998714447,-0.37036648392677307,0.3680381774902344,0.3168359100818634,0.7183807499372519,ROA_1002_model21000_delay30,2907,2026-10-02_14-30-02,0.0073475041426718235,0.00668723788112402
-0.0026621390134096146,0.0029012560844421387,0.003117881715297699,-0.003524497151374817,0.006135513178430293,-0.6247362494468689,0.873479962348938,0.7796286940574646,-0.6923172473907471,1.4874412939742645,-0.0025028828531503677,0.003060605376958847,0.002042017877101898,-0.00469554215669632,0.006411958917034333,-0.7488014698028564,0.7526399493217468,0.7302518486976624,-0.7724165320396423,1.5022312796715453,-0.05035606026649475,0.013396122492849827,-0.046495016664266586,0.009962222538888454,-0.05051223188638687,0.008506091311573982,-0.0023224391043186188,0.0031944364309310913,0.002277456223964691,-0.0043120235204696655,0.006259954156041996,-0.5530993938446045,0.9503718018531799,0.5257259607315063,-0.9561907052993774,1.5490183318143773,58.16644856800001,True,-0.00017648562788963318,-0.00014016404747962952,-0.0002386048436164856,-0.00038407742977142334,0.0005005336161277946,-0.19569368660449982,-0.19775329530239105,0.2045314610004425,0.18372943997383118,0.3909731477151516,ROA_1002_model21000_delay30,2908,2026-10-02_14-30-02,-0.045955948531627655,0.01603269949555397
-0.007526203989982605,0.006495416164398193,0.00797659158706665,-0.00764746218919754,0.014859151448198531,-0.6436519026756287,0.7326825857162476,0.8867028951644897,-0.7425136566162109,1.5085482386960705,-0.008141621947288513,0.005911663174629211,0.007477216422557831,-0.008220039308071136,0.014912749614895407,-0.7291845679283142,0.6239227652549744,0.7993839383125305,-0.8298940658569336,1.4978930664364916,0.058803483843803406,-0.07100696116685867,-0.005896775983273983,-0.018801063299179077,-0.006015244871377945,-0.015898562967777252,-0.00790618360042572,0.00622086226940155,0.007708556950092316,-0.007941015064716339,0.014923169374841009,-0.7361285090446472,0.6739087104797363,0.7640737891197205,-0.9054802060127258,1.5460017319582309,58.186455146,True,-0.00023618340492248535,-0.0003121793270111084,-0.00022836029529571533,-0.0002780929207801819,0.0005316120113006724,0.006932764779776335,-0.04999711737036705,0.03534555435180664,0.07563084363937378,0.09449351970903162,ROA_1002_model21000_delay30,2909,2026-10-02_14-30-02,0.05199820548295975,-0.07884388417005539
-0.002551823854446411,0.0003814697265625,0.0021398067474365234,-0.0005751848220825195,0.003395603377080129,-0.6928964853286743,0.608004629611969,0.7871984839439392,-0.5693137645721436,1.337766212190859,-0.0034697353839874268,-0.0008210539817810059,0.0020816922187805176,-0.0005170702934265137,0.004071053832903962,-0.7138847708702087,0.5788281559944153,0.6709619760513306,-0.6906985640525818,1.3288035229572195,0.20101992785930634,-0.1595887541770935,0.17229844629764557,-0.134317547082901,0.16818588972091675,-0.1277361512184143,-0.0032514333724975586,-0.00044852495193481445,0.0022843480110168457,-0.00031441450119018555,0.003978108517250981,-0.9610056281089783,0.29367953538894653,0.8469521403312683,-0.46622005105018616,1.3870184952604507,58.20645033,True,-0.00020712614059448242,-0.00037476420402526855,-0.0002078711986541748,-0.0002034008502960205,0.0005129007788821258,0.24725495278835297,0.28511136770248413,-0.17605720460414886,-0.2245306819677353,0.4729768863972509,ROA_1002_model21000_delay30,2910,2026-10-02_14-30-02,0.20297768712043762,-0.1755882352590561
-0.004081614315509796,0.0030603259801864624,0.003119930624961853,-0.0025115907192230225,0.00648501833786439,-0.7965904474258423,0.8357399702072144,0.9044147729873657,-0.6970539093017578,1.6191107216633192,-0.004446785897016525,0.002429680898785591,0.0027313828468322754,-0.0030472874641418457,0.006423794805172181,-0.8892388343811035,0.7376335263252258,0.8303745985031128,-0.7981694936752319,1.630302748473001,0.08801630139350891,-0.004757970571517944,0.17585603892803192,-0.08627478033304214,0.1692332625389099,-0.10077270120382309,-0.004349695518612862,0.0025435350835323334,0.0029675662517547607,-0.0026810914278030396,0.0064008641469472174,-0.8631935119628906,0.6873952150344849,0.7857568264007568,-0.7829628586769104,1.5622137992779999,58.226459180000006,True,-9.816139936447144e-05,-0.00011576339602470398,-0.00023618340492248535,-0.0003647059202194214,0.00045988208009425127,-0.026079824194312096,0.05026300996541977,0.04464760050177574,-0.01516938116401434,0.06858266552126688,ROA_1002_model21000_delay30,2911,2026-10-02_14-30-02,0.08629229664802551,0.009465619921684265
-0.0030063092708587646,0.004091858863830566,0.001529604196548462,-0.002332031726837158,0.0057915810613524635,-0.6557851433753967,1.0072141885757446,0.6385519504547119,-0.6011649966239929,1.4782856529725426,-0.0021949410438537598,0.004903227090835571,0.0004813075065612793,-0.0037826597690582275,0.006524566423730984,-0.8068680167198181,0.914476752281189,0.622481107711792,-0.6940811276435852,1.5350892650377077,-0.14437484741210938,0.1348905861377716,-0.007455205544829369,-0.010019856505095959,-0.0458691343665123,-0.0051973843947052956,-0.0021889805793762207,0.00499039888381958,0.000677257776260376,-0.0033371150493621826,0.006396419222913491,-0.48132237792015076,1.2688263654708862,0.3711804449558258,-0.9446739554405212,1.6946041402971872,58.246455485000006,True,-7.450580596923828e-07,-8.195638656616211e-05,-0.00019371509552001953,-0.00044777989387512207,0.0004937193022724612,-0.32551583647727966,-0.3544240891933441,0.251278281211853,0.25054067373275757,0.597771535363609,ROA_1002_model21000_delay30,2912,2026-10-02_14-30-02,-0.10534121841192245,0.12146448343992233
-0.018350407481193542,0.01710895448923111,0.019431672990322113,-0.018384680151939392,0.036674544692701365,-0.7859579920768738,1.078518033027649,0.9250454306602478,-0.8772220015525818,1.8379434561085184,-0.018861331045627594,0.016434304416179657,0.019143149256706238,-0.018719211220741272,0.0366278907509597,-0.872215211391449,0.9880847930908203,0.8650570511817932,-0.9459778070449829,1.8384799402341943,0.04536012187600136,-0.04783369600772858,-0.13125799596309662,0.11769059300422668,-0.14691545069217682,0.11964474618434906,-0.0190025195479393,0.01684483140707016,0.0196017324924469,-0.018569640815258026,0.03706115223888728,-0.9230188727378845,1.206828236579895,0.8805468082427979,-1.180887222290039,2.116149560692458,58.26645687800001,True,0.0001477077603340149,-0.00040549784898757935,-0.0004639849066734314,-0.0001555308699607849,0.0004899260396683179,0.0507943294942379,-0.21881049871444702,-0.015458091162145138,0.23500806093215942,0.32439233672362056,ROA_1002_model21000_delay30,2913,2026-10-02_14-30-02,0.09078563004732132,-0.08989731967449188
0.002874433994293213,-0.0030413269996643066,-0.0017389655113220215,0.0011369585990905762,0.004651885347270852,-0.06324052810668945,0.14109909534454346,0.21976231038570404,-0.26682019233703613,0.3768153302560271,0.003197789192199707,-0.0027060508728027344,-0.0027492642402648926,-7.152557373046875e-05,0.0047432529107822845,-0.1537799835205078,0.06563961505889893,0.19878147542476654,-0.324800580739975,0.40583140306400933,0.2730233073234558,-0.259588360786438,0.2093167006969452,-0.2055981606245041,0.1969941258430481,-0.20702092349529266,0.003294646739959717,-0.002746284008026123,-0.0025600194931030273,0.0004380941390991211,0.004881861650521324,0.018641352653503418,0.2007037252187729,-0.013098119758069515,-0.486090749502182,0.5262469480848649,58.286460159,True,-0.00010132789611816406,3.725290298461914e-05,-0.00018775463104248047,-0.0005066394805908203,0.0005403105089774902,-0.17251072824001312,-0.1350194215774536,0.21195410192012787,0.16130505502223969,0.34486054541660766,ROA_1002_model21000_delay30,2914,2026-10-02_14-30-02,0.27469485998153687,-0.2515393793582916
-0.005307048559188843,0.005868822336196899,0.0033073127269744873,-0.004662573337554932,0.009746084387075088,-0.6813927888870239,0.667400598526001,0.7223858833312988,-0.6176084280014038,1.3457069176398753,-0.005199015140533447,0.005799531936645508,0.002462416887283325,-0.00581890344619751,0.009898688104107808,-0.7176547646522522,0.670134961605072,0.6628259420394897,-0.7455348372459412,1.3982301485755406,0.2410818636417389,-0.19828881323337555,0.31090855598449707,-0.2729067802429199,0.2918253540992737,-0.26956382393836975,-0.0053025782108306885,0.005511939525604248,0.0027924776077270508,-0.0050224363803863525,0.009493142369390943,-0.635996401309967,0.5912035703659058,0.4947781264781952,-0.767953634262085,1.2506134109769822,58.306475057,True,0.00010803341865539551,0.00027567148208618164,-0.0003255903720855713,-0.0007927417755126953,0.0009066940041694876,-0.0817030593752861,0.07893144339323044,0.1680627316236496,0.022448597475886345,0.18754282604172337,ROA_1002_model21000_delay30,2915,2026-10-02_14-30-02,0.2527095675468445,-0.2126285880804062
-0.003961473703384399,0.0024691224098205566,0.005663186311721802,-0.003150850534439087,0.00798461235982133,-0.5372986197471619,0.6604045033454895,0.8134766817092896,-0.5190446972846985,1.2706852890842735,-0.004591792821884155,0.001582503318786621,0.006115436553955078,-0.002516806125640869,0.008201784731684307,-0.6133243441581726,0.5527287721633911,0.7134824395179749,-0.5865693092346191,1.2385539780213137,-0.23310329020023346,0.24572031199932098,-0.05603744089603424,0.09276935458183289,-0.0741775780916214,0.092263363301754,-0.004442781209945679,0.0020675361156463623,0.006273388862609863,-0.0027641654014587402,0.008426287774224777,-0.7060542106628418,0.5063936114311218,0.9582265615463257,-0.40956583619117737,1.348986702333962,58.326460129000004,True,-0.00014603137969970703,-0.0004895031452178955,-0.00016167759895324707,0.00024437904357910156,0.0005507536742959343,0.09268521517515182,0.04643946513533592,-0.24478881061077118,-0.17705558240413666,0.3190102741834938,ROA_1002_model21000_delay30,2916,2026-10-02_14-30-02,-0.24311691522598267,0.25172117352485657
-0.016714632511138916,0.015804171562194824,0.01719072461128235,-0.016992539167404175,0.033365872123770124,-0.35525110363960266,0.7043480277061462,0.5265176296234131,-0.5808994174003601,1.102134655703396,-0.01662224531173706,0.01671910285949707,0.016547739505767822,-0.018781423568725586,0.034370461429190355,-0.5234703421592712,0.616028904914856,0.5338191986083984,-0.6512030363082886,1.1672338192411638,0.24094577133655548,-0.1980004757642746,-0.07898487895727158,0.10432243347167969,-0.08953315019607544,0.09816978871822357,-0.016076862812042236,0.016929209232330322,0.016181915998458862,-0.018502026796340942,0.03389339171655934,-0.39185580611228943,0.9708254933357239,0.37951019406318665,-1.016594409942627,1.5076974063485038,58.346478451,True,-0.0005573034286499023,-0.00022649765014648438,0.00037401914596557617,-0.00027567148208618164,0.0006724011028086099,-0.13161450624465942,-0.35471466183662415,0.1542419195175171,0.3652721345424652,0.5479164658976202,ROA_1002_model21000_delay30,2917,2026-10-02_14-30-02,0.22403305768966675,-0.17928247153759003
-0.0011175870895385742,0.0007659196853637695,0.0012934207916259766,-0.001990795135498047,0.0026948231816471806,-0.460952490568161,0.4169940650463104,0.5021095275878906,-0.508725643157959,0.9468754440785797,-0.0010222196578979492,0.0007033348083496094,0.0005125999450683594,-0.002950429916381836,0.003128403644052605,-0.5132853984832764,0.3682374656200409,0.43916699290275574,-0.596165657043457,0.9616816152277777,0.5133340358734131,-0.5079404711723328,0.44350725412368774,-0.4311228096485138,0.43153631687164307,-0.43135276436805725,-0.0009626150131225586,0.0007301568984985352,0.0006854534149169922,-0.0025033950805664062,0.0027793274399226845,-0.46703216433525085,0.33873316645622253,0.33038851618766785,-0.6504654288291931,0.9056691121920533,58.366466019,True,-9.238719940185547e-05,-2.9802322387695312e-05,-0.0001609325408935547,-0.0004589557647705078,0.0004899720919121491,-0.04610418900847435,0.02944469265639782,0.1087784692645073,0.05429982766509056,0.12529843487201917,ROA_1002_model21000_delay30,2918,2026-10-02_14-30-02,0.5178073644638062,-0.5021568536758423
-0.0069200992584228516,0.0072799623012542725,0.006045401096343994,-0.006590783596038818,0.01344830092861887,-0.8814036250114441,0.9368806481361389,0.8968263268470764,-0.8002817034721375,1.758831376818452,-0.007227063179016113,0.00700727105140686,0.005741417407989502,-0.007280707359313965,0.013655846111977663,-0.966317892074585,0.8732452392578125,0.8529200553894043,-0.8870958685874939,1.7907537409787098,0.2162688821554184,-0.1249484121799469,0.3992162346839905,-0.31716784834861755,0.39253315329551697,-0.32295581698417664,-0.007133930921554565,0.0069141387939453125,0.005833059549331665,-0.006792694330215454,0.013360143742018812,-0.8489935994148254,0.8520930409431458,0.7373242974281311,-0.899508535861969,1.6712422852857152,58.386469332000004,True,-9.760260581970215e-05,9.462237358093262e-05,-9.08970832824707e-05,-0.0004887580871582031,0.0005030912163287083,-0.11736153811216354,0.021062789484858513,0.11557339876890182,0.012353061698377132,0.16483924068771,ROA_1002_model21000_delay30,2919,2026-10-02_14-30-02,0.22636352479457855,-0.1323723942041397
-0.02024024724960327,0.019444525241851807,0.02135336399078369,-0.019928812980651855,0.040506733339125245,-0.8254348635673523,1.1068135499954224,0.9704306125640869,-0.7970630526542664,1.8528288668462225,-0.02081245183944702,0.01798570156097412,0.021869689226150513,-0.019065290689468384,0.039980054595872526,-0.8729695677757263,1.0052621364593506,0.8379741907119751,-0.8898525834083557,1.8070278172909346,-0.2046702653169632,0.2521122694015503,-0.10794666409492493,0.13580439984798431,-0.13006336987018585,0.1344507485628128,-0.021229684352874756,0.01891106367111206,0.02245306968688965,-0.019484013319015503,0.04113421680504771,-0.9541212916374207,1.1171400547027588,1.0317862033843994,-0.874668300151825,1.9905874586151755,58.406468933000006,True,0.00041872262954711914,-0.0009149312973022461,-0.0005885958671569824,0.00042319297790527344,0.0012032413514864995,0.08119641989469528,-0.11198221892118454,-0.19390134513378143,-0.015094875358045101,0.2129720255175731,ROA_1002_model21000_delay30,2920,2026-10-02_14-30-02,-0.23833131790161133,0.2870960235595703
-0.015118718147277832,0.013996660709381104,0.015126168727874756,-0.01509636640548706,0.029679513487938722,-0.2077072709798813,0.49857792258262634,0.37764009833335876,-0.4761218726634979,0.8054247001000093,-0.014859437942504883,0.014990568161010742,0.01437067985534668,-0.01709163188934326,0.03070152988731481,-0.3833025395870209,0.41931864619255066,0.4209875762462616,-0.5287230014801025,0.8824117218245708,0.420813649892807,-0.34830668568611145,-0.07467338442802429,0.0930112823843956,-0.055882230401039124,0.057978399097919464,-0.014516711235046387,0.014980137348175049,0.014042854309082031,-0.016637146472930908,0.030134151258709583,-0.31669434905052185,0.7104128003120422,0.25594234466552734,-0.8912085890769958,1.2074038934218756,58.426467766,True,-0.00033974647521972656,1.1920928955078125e-05,0.00032633543014526367,-0.0004544854164123535,0.000605694303192626,-0.0664740800857544,-0.2910792827606201,0.1649707406759262,0.36244091391563416,0.49537034083003934,ROA_1002_model21000_delay30,2921,2026-10-02_14-30-02,0.4486013352870941,-0.37944555282592773
-2.086162567138672e-05,0.0007539987564086914,-0.00022649765014648438,-0.0013768672943115234,0.0015811686002589452,-0.05918740853667259,0.06812810897827148,0.042617317289114,-0.1259446144104004,0.1580957075935013,-0.0003606081008911133,0.0007420778274536133,-0.00014901161193847656,-0.0021696090698242188,0.0022931398897655763,-0.10919570177793503,0.07215142250061035,0.032842159271240234,-0.20390747487545013,0.22848057911256767,0.6126465797424316,-0.5941282510757446,0.5501216650009155,-0.5232579708099365,0.5230475664138794,-0.4998581111431122,-5.9604644775390625e-06,0.0005424022674560547,-0.0004649162292480469,-0.0014662742614746094,0.001623115333317503,-0.04875659570097923,0.004500150680541992,-0.05680322274565697,-0.16516445577144623,0.17507490038260443,58.446470215000005,True,-0.00033676624298095703,0.00022351741790771484,0.0003218650817871094,-0.0006794929504394531,0.0008325685122789607,-0.06008147820830345,0.06747245788574219,0.08958577364683151,-0.038743019104003906,0.1298847585153749,ROA_1002_model21000_delay30,2922,2026-10-02_14-30-02,0.6384521722793579,-0.6057021617889404
-0.006611272692680359,0.007037445902824402,0.005519390106201172,-0.006426870822906494,0.012842205508731632,-0.8318312168121338,0.8108503818511963,0.7783546447753906,-0.6523504257202148,1.541922654339358,-0.006763264536857605,0.006941705942153931,0.005425512790679932,-0.0070445239543914795,0.01313060000565673,-1.0107084512710571,0.8730701804161072,0.8080079555511475,-0.8287280201911926,1.7657430503995264,0.19617395102977753,-0.06078067421913147,0.34375715255737305,-0.23113425076007843,0.3375293016433716,-0.23507365584373474,-0.006843358278274536,0.00661313533782959,0.005514174699783325,-0.006358325481414795,0.012692175671984541,-0.8519216775894165,0.6877928376197815,0.7029771208763123,-0.651650071144104,1.4543819992965406,58.466474424000005,True,8.977949619293213e-05,0.0003252178430557251,-8.121132850646973e-05,-0.0006884336471557617,0.0007695763293074214,-0.15874578058719635,0.1853257268667221,0.10503082722425461,-0.1771002858877182,0.3181236709265922,ROA_1002_model21000_delay30,2923,2026-10-02_14-30-02,0.23083281517028809,-0.11745625734329224
-0.015738606452941895,0.01607835292816162,0.016991794109344482,-0.017443299293518066,0.03315426528141636,-0.22067128121852875,0.5349516868591309,0.4557966887950897,-0.5553066730499268,0.9128701978743137,-0.016674399375915527,0.016313791275024414,0.017668306827545166,-0.018046796321868896,0.03437870291688265,-0.3271251618862152,0.4082917869091034,0.425934761762619,-0.5895048379898071,0.8956575439682158,0.39443036913871765,-0.32392075657844543,-0.025472018867731094,0.04396892338991165,-0.013987569138407707,0.014821453019976616,-0.016117095947265625,0.016327202320098877,0.017383694648742676,-0.0177040696144104,0.033792946577609256,-0.026866791769862175,0.8126645684242249,0.24534760415554047,-0.844046413898468,1.188122447350977,58.486475689,True,-0.0005602836608886719,-1.4901161193847656e-05,0.000286102294921875,-0.00034421682357788086,0.0006500096810530501,-0.3002285957336426,-0.4044770896434784,0.1806318610906601,0.2546757459640503,0.5926159161584391,ROA_1002_model21000_delay30,2924,2026-10-02_14-30-02,0.22688572108745575,-0.1644342988729477
-0.007478892803192139,0.008180737495422363,0.0077784061431884766,-0.00928044319152832,0.016412335227156058,-0.1595616191625595,0.0922381803393364,0.1761317104101181,-0.18143652379512787,0.310213177210387,-0.006860494613647461,0.007957220077514648,0.0073015689849853516,-0.009864568710327148,0.016144800547143418,-0.1316070556640625,0.06420910358428955,0.0908970758318901,-0.2607107162475586,0.2975152591771162,0.5407123565673828,-0.4734644591808319,0.3845102787017822,-0.3405282497406006,0.36759546399116516,-0.3351083993911743,-0.007359683513641357,0.008063018321990967,0.007569789886474609,-0.009369850158691406,0.01624916065043546,-0.18294154107570648,0.004336237907409668,0.11116265505552292,-0.19729135930538177,0.255670629412383,58.506476474,True,0.0004857778549194336,-9.238719940185547e-05,-0.00028014183044433594,-0.00048279762268066406,0.0006127620383168704,0.05120038613677025,0.05991756543517113,-0.020205972716212273,-0.06365776062011719,0.10130780614117299,ROA_1002_model21000_delay30,2925,2026-10-02_14-30-02,0.5727664232254028,-0.519684374332428
-0.0055283308029174805,0.005035102367401123,0.004966557025909424,-0.005258619785308838,0.010396231850630506,-0.6350427269935608,0.4807710349559784,0.5740523338317871,-0.4387795627117157,1.0753964570249044,-0.005450844764709473,0.004205107688903809,0.004898011684417725,-0.005069375038146973,0.009827061258361658,-0.5731582641601562,0.5114078521728516,0.4560798108577728,-0.5575716495513916,1.0498479740333797,0.45607689023017883,-0.33275458216667175,0.559994101524353,-0.4240034818649292,0.5363456010818481,-0.4143100082874298,-0.006097555160522461,0.0041738152503967285,0.005380809307098389,-0.004655122756958008,0.010241549846251339,-0.6786286234855652,0.32381710410118103,0.5658715963363647,-0.3616660535335541,1.0062737281055771,58.526473579000005,True,0.000648200511932373,3.5762786865234375e-05,-0.00048279762268066406,-0.0004112720489501953,0.0008600227524334752,0.10541080683469772,0.1875758022069931,-0.10986625403165817,-0.19608436524868011,0.31115229905117403,ROA_1002_model21000_delay30,2926,2026-10-02_14-30-02,0.5101193189620972,-0.4045061767101288
